id,tvt
000d7d20_1442,11721.546
000d7d20_1443,11721.532
000d7d20_1444,11721.518
000d7d20_1445,11721.503
000d7d20_1446,11721.487
000d7d20_1447,11721.473
000d7d20_1448,11721.457
000d7d20_1449,11721.441
000d7d20_1450,11721.426
000d7d20_1451,11721.41
000d7d20_1452,11721.394
000d7d20_1453,11721.378
000d7d20_1454,11721.361
000d7d20_1455,11721.345
000d7d20_1456,11721.328
000d7d20_1457,11721.312
000d7d20_1458,11721.295
000d7d20_1459,11721.278
000d7d20_1460,11721.262
000d7d20_1461,11721.245
000d7d20_1462,11721.228
000d7d20_1463,11721.211
000d7d20_1464,11721.193
000d7d20_1465,11721.177
000d7d20_1466,11721.16
000d7d20_1467,11721.143
000d7d20_1468,11721.126
000d7d20_1469,11721.109
000d7d20_1470,11721.093
000d7d20_1471,11721.075
000d7d20_1472,11721.059
000d7d20_1473,11721.042
000d7d20_1474,11721.025
000d7d20_1475,11721.009
000d7d20_1476,11720.993
000d7d20_1477,11720.977
000d7d20_1478,11720.961
000d7d20_1479,11720.944
000d7d20_1480,11720.929
000d7d20_1481,11720.913
000d7d20_1482,11720.897
000d7d20_1483,11720.882
000d7d20_1484,11720.867
000d7d20_1485,11720.852
000d7d20_1486,11720.837
000d7d20_1487,11720.821
000d7d20_1488,11720.807
000d7d20_1489,11720.792
000d7d20_1490,11720.777
000d7d20_1491,11720.763
000d7d20_1492,11720.749
000d7d20_1493,11720.734
000d7d20_1494,11720.721
000d7d20_1495,11720.708
000d7d20_1496,11720.694
000d7d20_1497,11720.682
000d7d20_1498,11720.669
000d7d20_1499,11720.656
000d7d20_1500,11720.644
000d7d20_1501,11720.632
000d7d20_1502,11720.62
000d7d20_1503,11720.609
000d7d20_1504,11720.598
000d7d20_1505,11720.587
000d7d20_1506,11720.577
000d7d20_1507,11720.566
000d7d20_1508,11720.557
000d7d20_1509,11720.547
000d7d20_1510,11720.538
000d7d20_1511,11720.529
000d7d20_1512,11720.5205
000d7d20_1513,11720.513
000d7d20_1514,11720.504
000d7d20_1515,11720.497
000d7d20_1516,11720.489
000d7d20_1517,11720.482
000d7d20_1518,11720.476
000d7d20_1519,11720.47
000d7d20_1520,11720.464
000d7d20_1521,11720.458
000d7d20_1522,11720.453
000d7d20_1523,11720.447
000d7d20_1524,11720.442
000d7d20_1525,11720.4375
000d7d20_1526,11720.434
000d7d20_1527,11720.43
000d7d20_1528,11720.426
000d7d20_1529,11720.422
000d7d20_1530,11720.418
000d7d20_1531,11720.415
000d7d20_1532,11720.412
000d7d20_1533,11720.409
000d7d20_1534,11720.407
000d7d20_1535,11720.405
000d7d20_1536,11720.403
000d7d20_1537,11720.401
000d7d20_1538,11720.399
000d7d20_1539,11720.398
000d7d20_1540,11720.397
000d7d20_1541,11720.396
000d7d20_1542,11720.3955
000d7d20_1543,11720.3955
000d7d20_1544,11720.395
000d7d20_1545,11720.395
000d7d20_1546,11720.3955
000d7d20_1547,11720.3955
000d7d20_1548,11720.396
000d7d20_1549,11720.397
000d7d20_1550,11720.398
000d7d20_1551,11720.399
000d7d20_1552,11720.401
000d7d20_1553,11720.403
000d7d20_1554,11720.404
000d7d20_1555,11720.406
000d7d20_1556,11720.408
000d7d20_1557,11720.411
000d7d20_1558,11720.413
000d7d20_1559,11720.416
000d7d20_1560,11720.418
000d7d20_1561,11720.421
000d7d20_1562,11720.424
000d7d20_1563,11720.427
000d7d20_1564,11720.43
000d7d20_1565,11720.433
000d7d20_1566,11720.436
000d7d20_1567,11720.438
000d7d20_1568,11720.441
000d7d20_1569,11720.444
000d7d20_1570,11720.447
000d7d20_1571,11720.45
000d7d20_1572,11720.454
000d7d20_1573,11720.457
000d7d20_1574,11720.459
000d7d20_1575,11720.462
000d7d20_1576,11720.465
000d7d20_1577,11720.468
000d7d20_1578,11720.471
000d7d20_1579,11720.473
000d7d20_1580,11720.476
000d7d20_1581,11720.478
000d7d20_1582,11720.4795
000d7d20_1583,11720.482
000d7d20_1584,11720.484
000d7d20_1585,11720.486
000d7d20_1586,11720.487
000d7d20_1587,11720.489
000d7d20_1588,11720.491
000d7d20_1589,11720.492
000d7d20_1590,11720.493
000d7d20_1591,11720.495
000d7d20_1592,11720.496
000d7d20_1593,11720.497
000d7d20_1594,11720.498
000d7d20_1595,11720.499
000d7d20_1596,11720.5
000d7d20_1597,11720.501
000d7d20_1598,11720.502
000d7d20_1599,11720.502
000d7d20_1600,11720.503
000d7d20_1601,11720.503
000d7d20_1602,11720.504
000d7d20_1603,11720.504
000d7d20_1604,11720.504
000d7d20_1605,11720.504
000d7d20_1606,11720.504
000d7d20_1607,11720.505
000d7d20_1608,11720.504
000d7d20_1609,11720.504
000d7d20_1610,11720.504
000d7d20_1611,11720.504
000d7d20_1612,11720.504
000d7d20_1613,11720.503
000d7d20_1614,11720.502
000d7d20_1615,11720.502
000d7d20_1616,11720.501
000d7d20_1617,11720.5
000d7d20_1618,11720.499
000d7d20_1619,11720.498
000d7d20_1620,11720.497
000d7d20_1621,11720.495
000d7d20_1622,11720.494
000d7d20_1623,11720.493
000d7d20_1624,11720.491
000d7d20_1625,11720.49
000d7d20_1626,11720.488
000d7d20_1627,11720.487
000d7d20_1628,11720.485
000d7d20_1629,11720.483
000d7d20_1630,11720.481
000d7d20_1631,11720.48
000d7d20_1632,11720.479
000d7d20_1633,11720.477
000d7d20_1634,11720.475
000d7d20_1635,11720.472
000d7d20_1636,11720.47
000d7d20_1637,11720.468
000d7d20_1638,11720.466
000d7d20_1639,11720.464
000d7d20_1640,11720.462
000d7d20_1641,11720.459
000d7d20_1642,11720.457
000d7d20_1643,11720.455
000d7d20_1644,11720.453
000d7d20_1645,11720.45
000d7d20_1646,11720.448
000d7d20_1647,11720.446
000d7d20_1648,11720.444
000d7d20_1649,11720.442
000d7d20_1650,11720.44
000d7d20_1651,11720.438
000d7d20_1652,11720.436
000d7d20_1653,11720.434
000d7d20_1654,11720.432
000d7d20_1655,11720.43
000d7d20_1656,11720.428
000d7d20_1657,11720.426
000d7d20_1658,11720.424
000d7d20_1659,11720.422
000d7d20_1660,11720.421
000d7d20_1661,11720.419
000d7d20_1662,11720.417
000d7d20_1663,11720.415
000d7d20_1664,11720.413
000d7d20_1665,11720.411
000d7d20_1666,11720.409
000d7d20_1667,11720.408
000d7d20_1668,11720.406
000d7d20_1669,11720.404
000d7d20_1670,11720.403
000d7d20_1671,11720.401
000d7d20_1672,11720.399
000d7d20_1673,11720.398
000d7d20_1674,11720.396
000d7d20_1675,11720.3955
000d7d20_1676,11720.394
000d7d20_1677,11720.393
000d7d20_1678,11720.391
000d7d20_1679,11720.39
000d7d20_1680,11720.389
000d7d20_1681,11720.388
000d7d20_1682,11720.387
000d7d20_1683,11720.386
000d7d20_1684,11720.384
000d7d20_1685,11720.383
000d7d20_1686,11720.383
000d7d20_1687,11720.382
000d7d20_1688,11720.381
000d7d20_1689,11720.38
000d7d20_1690,11720.38
000d7d20_1691,11720.379
000d7d20_1692,11720.379
000d7d20_1693,11720.379
000d7d20_1694,11720.378
000d7d20_1695,11720.378
000d7d20_1696,11720.377
000d7d20_1697,11720.377
000d7d20_1698,11720.377
000d7d20_1699,11720.377
000d7d20_1700,11720.376
000d7d20_1701,11720.376
000d7d20_1702,11720.376
000d7d20_1703,11720.376
000d7d20_1704,11720.376
000d7d20_1705,11720.376
000d7d20_1706,11720.376
000d7d20_1707,11720.376
000d7d20_1708,11720.376
000d7d20_1709,11720.376
000d7d20_1710,11720.376
000d7d20_1711,11720.376
000d7d20_1712,11720.376
000d7d20_1713,11720.376
000d7d20_1714,11720.376
000d7d20_1715,11720.376
000d7d20_1716,11720.376
000d7d20_1717,11720.377
000d7d20_1718,11720.377
000d7d20_1719,11720.377
000d7d20_1720,11720.377
000d7d20_1721,11720.377
000d7d20_1722,11720.378
000d7d20_1723,11720.378
000d7d20_1724,11720.378
000d7d20_1725,11720.379
000d7d20_1726,11720.379
000d7d20_1727,11720.379
000d7d20_1728,11720.379
000d7d20_1729,11720.38
000d7d20_1730,11720.38
000d7d20_1731,11720.38
000d7d20_1732,11720.381
000d7d20_1733,11720.381
000d7d20_1734,11720.381
000d7d20_1735,11720.382
000d7d20_1736,11720.382
000d7d20_1737,11720.383
000d7d20_1738,11720.383
000d7d20_1739,11720.384
000d7d20_1740,11720.385
000d7d20_1741,11720.385
000d7d20_1742,11720.386
000d7d20_1743,11720.387
000d7d20_1744,11720.388
000d7d20_1745,11720.389
000d7d20_1746,11720.389
000d7d20_1747,11720.39
000d7d20_1748,11720.391
000d7d20_1749,11720.392
000d7d20_1750,11720.393
000d7d20_1751,11720.393
000d7d20_1752,11720.394
000d7d20_1753,11720.395
000d7d20_1754,11720.3955
000d7d20_1755,11720.396
000d7d20_1756,11720.396
000d7d20_1757,11720.397
000d7d20_1758,11720.398
000d7d20_1759,11720.398
000d7d20_1760,11720.398
000d7d20_1761,11720.399
000d7d20_1762,11720.399
000d7d20_1763,11720.399
000d7d20_1764,11720.399
000d7d20_1765,11720.399
000d7d20_1766,11720.398
000d7d20_1767,11720.398
000d7d20_1768,11720.398
000d7d20_1769,11720.397
000d7d20_1770,11720.397
000d7d20_1771,11720.396
000d7d20_1772,11720.3955
000d7d20_1773,11720.3955
000d7d20_1774,11720.395
000d7d20_1775,11720.394
000d7d20_1776,11720.393
000d7d20_1777,11720.393
000d7d20_1778,11720.392
000d7d20_1779,11720.39
000d7d20_1780,11720.389
000d7d20_1781,11720.388
000d7d20_1782,11720.387
000d7d20_1783,11720.385
000d7d20_1784,11720.384
000d7d20_1785,11720.382
000d7d20_1786,11720.381
000d7d20_1787,11720.379
000d7d20_1788,11720.377
000d7d20_1789,11720.375
000d7d20_1790,11720.373
000d7d20_1791,11720.371
000d7d20_1792,11720.369
000d7d20_1793,11720.367
000d7d20_1794,11720.365
000d7d20_1795,11720.362
000d7d20_1796,11720.36
000d7d20_1797,11720.357
000d7d20_1798,11720.3545
000d7d20_1799,11720.352
000d7d20_1800,11720.349
000d7d20_1801,11720.346
000d7d20_1802,11720.343
000d7d20_1803,11720.34
000d7d20_1804,11720.336
000d7d20_1805,11720.333
000d7d20_1806,11720.329
000d7d20_1807,11720.326
000d7d20_1808,11720.322
000d7d20_1809,11720.318
000d7d20_1810,11720.314
000d7d20_1811,11720.311
000d7d20_1812,11720.307
000d7d20_1813,11720.303
000d7d20_1814,11720.299
000d7d20_1815,11720.295
000d7d20_1816,11720.291
000d7d20_1817,11720.286
000d7d20_1818,11720.282
000d7d20_1819,11720.278
000d7d20_1820,11720.273
000d7d20_1821,11720.27
000d7d20_1822,11720.265
000d7d20_1823,11720.261
000d7d20_1824,11720.256
000d7d20_1825,11720.252
000d7d20_1826,11720.247
000d7d20_1827,11720.242
000d7d20_1828,11720.237
000d7d20_1829,11720.233
000d7d20_1830,11720.229
000d7d20_1831,11720.224
000d7d20_1832,11720.219
000d7d20_1833,11720.214
000d7d20_1834,11720.21
000d7d20_1835,11720.205
000d7d20_1836,11720.2
000d7d20_1837,11720.196
000d7d20_1838,11720.191
000d7d20_1839,11720.187
000d7d20_1840,11720.183
000d7d20_1841,11720.178
000d7d20_1842,11720.173
000d7d20_1843,11720.169
000d7d20_1844,11720.164
000d7d20_1845,11720.159
000d7d20_1846,11720.155
000d7d20_1847,11720.15
000d7d20_1848,11720.1455
000d7d20_1849,11720.142
000d7d20_1850,11720.137
000d7d20_1851,11720.132
000d7d20_1852,11720.127
000d7d20_1853,11720.122
000d7d20_1854,11720.118
000d7d20_1855,11720.113
000d7d20_1856,11720.108
000d7d20_1857,11720.1045
000d7d20_1858,11720.1
000d7d20_1859,11720.095
000d7d20_1860,11720.09
000d7d20_1861,11720.086
000d7d20_1862,11720.081
000d7d20_1863,11720.076
000d7d20_1864,11720.072
000d7d20_1865,11720.067
000d7d20_1866,11720.063
000d7d20_1867,11720.059
000d7d20_1868,11720.055
000d7d20_1869,11720.05
000d7d20_1870,11720.046
000d7d20_1871,11720.041
000d7d20_1872,11720.037
000d7d20_1873,11720.033
000d7d20_1874,11720.028
000d7d20_1875,11720.024
000d7d20_1876,11720.0205
000d7d20_1877,11720.016
000d7d20_1878,11720.012
000d7d20_1879,11720.007
000d7d20_1880,11720.003
000d7d20_1881,11719.998
000d7d20_1882,11719.994
000d7d20_1883,11719.99
000d7d20_1884,11719.985
000d7d20_1885,11719.981
000d7d20_1886,11719.977
000d7d20_1887,11719.973
000d7d20_1888,11719.969
000d7d20_1889,11719.964
000d7d20_1890,11719.96
000d7d20_1891,11719.956
000d7d20_1892,11719.951
000d7d20_1893,11719.947
000d7d20_1894,11719.943
000d7d20_1895,11719.939
000d7d20_1896,11719.936
000d7d20_1897,11719.932
000d7d20_1898,11719.929
000d7d20_1899,11719.925
000d7d20_1900,11719.921
000d7d20_1901,11719.917
000d7d20_1902,11719.914
000d7d20_1903,11719.91
000d7d20_1904,11719.907
000d7d20_1905,11719.904
000d7d20_1906,11719.901
000d7d20_1907,11719.898
000d7d20_1908,11719.8955
000d7d20_1909,11719.893
000d7d20_1910,11719.89
000d7d20_1911,11719.888
000d7d20_1912,11719.886
000d7d20_1913,11719.883
000d7d20_1914,11719.881
000d7d20_1915,11719.879
000d7d20_1916,11719.878
000d7d20_1917,11719.876
000d7d20_1918,11719.874
000d7d20_1919,11719.873
000d7d20_1920,11719.872
000d7d20_1921,11719.871
000d7d20_1922,11719.87
000d7d20_1923,11719.869
000d7d20_1924,11719.868
000d7d20_1925,11719.868
000d7d20_1926,11719.868
000d7d20_1927,11719.868
000d7d20_1928,11719.867
000d7d20_1929,11719.868
000d7d20_1930,11719.868
000d7d20_1931,11719.868
000d7d20_1932,11719.869
000d7d20_1933,11719.869
000d7d20_1934,11719.87
000d7d20_1935,11719.871
000d7d20_1936,11719.873
000d7d20_1937,11719.874
000d7d20_1938,11719.875
000d7d20_1939,11719.877
000d7d20_1940,11719.879
000d7d20_1941,11719.88
000d7d20_1942,11719.882
000d7d20_1943,11719.884
000d7d20_1944,11719.886
000d7d20_1945,11719.888
000d7d20_1946,11719.891
000d7d20_1947,11719.893
000d7d20_1948,11719.8955
000d7d20_1949,11719.897
000d7d20_1950,11719.9
000d7d20_1951,11719.903
000d7d20_1952,11719.906
000d7d20_1953,11719.909
000d7d20_1954,11719.912
000d7d20_1955,11719.915
000d7d20_1956,11719.918
000d7d20_1957,11719.921
000d7d20_1958,11719.925
000d7d20_1959,11719.928
000d7d20_1960,11719.932
000d7d20_1961,11719.936
000d7d20_1962,11719.939
000d7d20_1963,11719.943
000d7d20_1964,11719.947
000d7d20_1965,11719.951
000d7d20_1966,11719.956
000d7d20_1967,11719.961
000d7d20_1968,11719.965
000d7d20_1969,11719.97
000d7d20_1970,11719.975
000d7d20_1971,11719.9795
000d7d20_1972,11719.984
000d7d20_1973,11719.989
000d7d20_1974,11719.994
000d7d20_1975,11720.0
000d7d20_1976,11720.005
000d7d20_1977,11720.01
000d7d20_1978,11720.016
000d7d20_1979,11720.021
000d7d20_1980,11720.026
000d7d20_1981,11720.032
000d7d20_1982,11720.038
000d7d20_1983,11720.044
000d7d20_1984,11720.05
000d7d20_1985,11720.056
000d7d20_1986,11720.062
000d7d20_1987,11720.067
000d7d20_1988,11720.074
000d7d20_1989,11720.08
000d7d20_1990,11720.087
000d7d20_1991,11720.093
000d7d20_1992,11720.1
000d7d20_1993,11720.105
000d7d20_1994,11720.112
000d7d20_1995,11720.118
000d7d20_1996,11720.125
000d7d20_1997,11720.131
000d7d20_1998,11720.138
000d7d20_1999,11720.145
000d7d20_2000,11720.151
000d7d20_2001,11720.157
000d7d20_2002,11720.164
000d7d20_2003,11720.171
000d7d20_2004,11720.178
000d7d20_2005,11720.185
000d7d20_2006,11720.191
000d7d20_2007,11720.198
000d7d20_2008,11720.205
000d7d20_2009,11720.212
000d7d20_2010,11720.219
000d7d20_2011,11720.227
000d7d20_2012,11720.233
000d7d20_2013,11720.24
000d7d20_2014,11720.247
000d7d20_2015,11720.254
000d7d20_2016,11720.261
000d7d20_2017,11720.268
000d7d20_2018,11720.274
000d7d20_2019,11720.281
000d7d20_2020,11720.288
000d7d20_2021,11720.294
000d7d20_2022,11720.301
000d7d20_2023,11720.308
000d7d20_2024,11720.313
000d7d20_2025,11720.32
000d7d20_2026,11720.326
000d7d20_2027,11720.333
000d7d20_2028,11720.339
000d7d20_2029,11720.345
000d7d20_2030,11720.352
000d7d20_2031,11720.357
000d7d20_2032,11720.363
000d7d20_2033,11720.369
000d7d20_2034,11720.375
000d7d20_2035,11720.381
000d7d20_2036,11720.387
000d7d20_2037,11720.393
000d7d20_2038,11720.398
000d7d20_2039,11720.404
000d7d20_2040,11720.41
000d7d20_2041,11720.415
000d7d20_2042,11720.421
000d7d20_2043,11720.427
000d7d20_2044,11720.433
000d7d20_2045,11720.4375
000d7d20_2046,11720.443
000d7d20_2047,11720.449
000d7d20_2048,11720.454
000d7d20_2049,11720.46
000d7d20_2050,11720.466
000d7d20_2051,11720.471
000d7d20_2052,11720.477
000d7d20_2053,11720.482
000d7d20_2054,11720.488
000d7d20_2055,11720.493
000d7d20_2056,11720.499
000d7d20_2057,11720.505
000d7d20_2058,11720.51
000d7d20_2059,11720.516
000d7d20_2060,11720.521
000d7d20_2061,11720.526
000d7d20_2062,11720.532
000d7d20_2063,11720.537
000d7d20_2064,11720.543
000d7d20_2065,11720.549
000d7d20_2066,11720.554
000d7d20_2067,11720.56
000d7d20_2068,11720.564
000d7d20_2069,11720.57
000d7d20_2070,11720.575
000d7d20_2071,11720.581
000d7d20_2072,11720.586
000d7d20_2073,11720.591
000d7d20_2074,11720.597
000d7d20_2075,11720.602
000d7d20_2076,11720.607
000d7d20_2077,11720.612
000d7d20_2078,11720.617
000d7d20_2079,11720.623
000d7d20_2080,11720.629
000d7d20_2081,11720.634
000d7d20_2082,11720.64
000d7d20_2083,11720.645
000d7d20_2084,11720.65
000d7d20_2085,11720.655
000d7d20_2086,11720.661
000d7d20_2087,11720.666
000d7d20_2088,11720.671
000d7d20_2089,11720.677
000d7d20_2090,11720.682
000d7d20_2091,11720.6875
000d7d20_2092,11720.692
000d7d20_2093,11720.698
000d7d20_2094,11720.703
000d7d20_2095,11720.708
000d7d20_2096,11720.714
000d7d20_2097,11720.719
000d7d20_2098,11720.724
000d7d20_2099,11720.729
000d7d20_2100,11720.733
000d7d20_2101,11720.739
000d7d20_2102,11720.744
000d7d20_2103,11720.749
000d7d20_2104,11720.754
000d7d20_2105,11720.759
000d7d20_2106,11720.764
000d7d20_2107,11720.769
000d7d20_2108,11720.773
000d7d20_2109,11720.778
000d7d20_2110,11720.783
000d7d20_2111,11720.788
000d7d20_2112,11720.793
000d7d20_2113,11720.798
000d7d20_2114,11720.803
000d7d20_2115,11720.807
000d7d20_2116,11720.812
000d7d20_2117,11720.816
000d7d20_2118,11720.821
000d7d20_2119,11720.826
000d7d20_2120,11720.83
000d7d20_2121,11720.835
000d7d20_2122,11720.84
000d7d20_2123,11720.844
000d7d20_2124,11720.849
000d7d20_2125,11720.853
000d7d20_2126,11720.857
000d7d20_2127,11720.862
000d7d20_2128,11720.866
000d7d20_2129,11720.871
000d7d20_2130,11720.876
000d7d20_2131,11720.881
000d7d20_2132,11720.886
000d7d20_2133,11720.891
000d7d20_2134,11720.8955
000d7d20_2135,11720.9
000d7d20_2136,11720.905
000d7d20_2137,11720.91
000d7d20_2138,11720.915
000d7d20_2139,11720.92
000d7d20_2140,11720.926
000d7d20_2141,11720.931
000d7d20_2142,11720.936
000d7d20_2143,11720.941
000d7d20_2144,11720.946
000d7d20_2145,11720.952
000d7d20_2146,11720.958
000d7d20_2147,11720.963
000d7d20_2148,11720.969
000d7d20_2149,11720.975
000d7d20_2150,11720.98
000d7d20_2151,11720.986
000d7d20_2152,11720.992
000d7d20_2153,11720.998
000d7d20_2154,11721.004
000d7d20_2155,11721.01
000d7d20_2156,11721.017
000d7d20_2157,11721.022
000d7d20_2158,11721.028
000d7d20_2159,11721.035
000d7d20_2160,11721.041
000d7d20_2161,11721.047
000d7d20_2162,11721.054
000d7d20_2163,11721.06
000d7d20_2164,11721.066
000d7d20_2165,11721.072
000d7d20_2166,11721.078
000d7d20_2167,11721.085
000d7d20_2168,11721.091
000d7d20_2169,11721.098
000d7d20_2170,11721.104
000d7d20_2171,11721.109
000d7d20_2172,11721.116
000d7d20_2173,11721.122
000d7d20_2174,11721.129
000d7d20_2175,11721.135
000d7d20_2176,11721.142
000d7d20_2177,11721.147
000d7d20_2178,11721.153
000d7d20_2179,11721.16
000d7d20_2180,11721.166
000d7d20_2181,11721.173
000d7d20_2182,11721.179
000d7d20_2183,11721.186
000d7d20_2184,11721.191
000d7d20_2185,11721.197
000d7d20_2186,11721.204
000d7d20_2187,11721.21
000d7d20_2188,11721.216
000d7d20_2189,11721.223
000d7d20_2190,11721.229
000d7d20_2191,11721.234
000d7d20_2192,11721.24
000d7d20_2193,11721.246
000d7d20_2194,11721.253
000d7d20_2195,11721.259
000d7d20_2196,11721.265
000d7d20_2197,11721.2705
000d7d20_2198,11721.276
000d7d20_2199,11721.282
000d7d20_2200,11721.288
000d7d20_2201,11721.294
000d7d20_2202,11721.3
000d7d20_2203,11721.306
000d7d20_2204,11721.312
000d7d20_2205,11721.317
000d7d20_2206,11721.322
000d7d20_2207,11721.328
000d7d20_2208,11721.334
000d7d20_2209,11721.34
000d7d20_2210,11721.345
000d7d20_2211,11721.351
000d7d20_2212,11721.355
000d7d20_2213,11721.361
000d7d20_2214,11721.366
000d7d20_2215,11721.372
000d7d20_2216,11721.377
000d7d20_2217,11721.383
000d7d20_2218,11721.388
000d7d20_2219,11721.394
000d7d20_2220,11721.399
000d7d20_2221,11721.404
000d7d20_2222,11721.41
000d7d20_2223,11721.416
000d7d20_2224,11721.421
000d7d20_2225,11721.427
000d7d20_2226,11721.433
000d7d20_2227,11721.438
000d7d20_2228,11721.444
000d7d20_2229,11721.45
000d7d20_2230,11721.457
000d7d20_2231,11721.463
000d7d20_2232,11721.47
000d7d20_2233,11721.477
000d7d20_2234,11721.482
000d7d20_2235,11721.489
000d7d20_2236,11721.497
000d7d20_2237,11721.504
000d7d20_2238,11721.511
000d7d20_2239,11721.519
000d7d20_2240,11721.525
000d7d20_2241,11721.533
000d7d20_2242,11721.54
000d7d20_2243,11721.548
000d7d20_2244,11721.556
000d7d20_2245,11721.563
000d7d20_2246,11721.571
000d7d20_2247,11721.58
000d7d20_2248,11721.588
000d7d20_2249,11721.597
000d7d20_2250,11721.6045
000d7d20_2251,11721.613
000d7d20_2252,11721.622
000d7d20_2253,11721.631
000d7d20_2254,11721.64
000d7d20_2255,11721.648
000d7d20_2256,11721.657
000d7d20_2257,11721.666
000d7d20_2258,11721.675
000d7d20_2259,11721.685
000d7d20_2260,11721.693
000d7d20_2261,11721.703
000d7d20_2262,11721.712
000d7d20_2263,11721.722
000d7d20_2264,11721.731
000d7d20_2265,11721.741
000d7d20_2266,11721.751
000d7d20_2267,11721.761
000d7d20_2268,11721.7705
000d7d20_2269,11721.781
000d7d20_2270,11721.792
000d7d20_2271,11721.803
000d7d20_2272,11721.813
000d7d20_2273,11721.824
000d7d20_2274,11721.835
000d7d20_2275,11721.847
000d7d20_2276,11721.857
000d7d20_2277,11721.869
000d7d20_2278,11721.881
000d7d20_2279,11721.894
000d7d20_2280,11721.905
000d7d20_2281,11721.918
000d7d20_2282,11721.93
000d7d20_2283,11721.942
000d7d20_2284,11721.956
000d7d20_2285,11721.969
000d7d20_2286,11721.982
000d7d20_2287,11721.995
000d7d20_2288,11722.009
000d7d20_2289,11722.022
000d7d20_2290,11722.036
000d7d20_2291,11722.05
000d7d20_2292,11722.064
000d7d20_2293,11722.078
000d7d20_2294,11722.093
000d7d20_2295,11722.107
000d7d20_2296,11722.122
000d7d20_2297,11722.138
000d7d20_2298,11722.152
000d7d20_2299,11722.168
000d7d20_2300,11722.184
000d7d20_2301,11722.199
000d7d20_2302,11722.215
000d7d20_2303,11722.23
000d7d20_2304,11722.247
000d7d20_2305,11722.264
000d7d20_2306,11722.279
000d7d20_2307,11722.296
000d7d20_2308,11722.3125
000d7d20_2309,11722.33
000d7d20_2310,11722.347
000d7d20_2311,11722.363
000d7d20_2312,11722.381
000d7d20_2313,11722.398
000d7d20_2314,11722.415
000d7d20_2315,11722.433
000d7d20_2316,11722.45
000d7d20_2317,11722.468
000d7d20_2318,11722.486
000d7d20_2319,11722.504
000d7d20_2320,11722.521
000d7d20_2321,11722.539
000d7d20_2322,11722.558
000d7d20_2323,11722.575
000d7d20_2324,11722.594
000d7d20_2325,11722.612
000d7d20_2326,11722.63
000d7d20_2327,11722.648
000d7d20_2328,11722.666
000d7d20_2329,11722.685
000d7d20_2330,11722.703
000d7d20_2331,11722.722
000d7d20_2332,11722.739
000d7d20_2333,11722.758
000d7d20_2334,11722.775
000d7d20_2335,11722.794
000d7d20_2336,11722.8125
000d7d20_2337,11722.83
000d7d20_2338,11722.849
000d7d20_2339,11722.866
000d7d20_2340,11722.885
000d7d20_2341,11722.902
000d7d20_2342,11722.92
000d7d20_2343,11722.9375
000d7d20_2344,11722.956
000d7d20_2345,11722.974
000d7d20_2346,11722.991
000d7d20_2347,11723.009
000d7d20_2348,11723.026
000d7d20_2349,11723.043
000d7d20_2350,11723.061
000d7d20_2351,11723.078
000d7d20_2352,11723.095
000d7d20_2353,11723.111
000d7d20_2354,11723.128
000d7d20_2355,11723.145
000d7d20_2356,11723.161
000d7d20_2357,11723.178
000d7d20_2358,11723.194
000d7d20_2359,11723.21
000d7d20_2360,11723.227
000d7d20_2361,11723.242
000d7d20_2362,11723.258
000d7d20_2363,11723.273
000d7d20_2364,11723.289
000d7d20_2365,11723.305
000d7d20_2366,11723.32
000d7d20_2367,11723.336
000d7d20_2368,11723.351
000d7d20_2369,11723.365
000d7d20_2370,11723.38
000d7d20_2371,11723.395
000d7d20_2372,11723.408
000d7d20_2373,11723.423
000d7d20_2374,11723.437
000d7d20_2375,11723.45
000d7d20_2376,11723.463
000d7d20_2377,11723.477
000d7d20_2378,11723.489
000d7d20_2379,11723.502
000d7d20_2380,11723.514
000d7d20_2381,11723.525
000d7d20_2382,11723.537
000d7d20_2383,11723.549
000d7d20_2384,11723.56
000d7d20_2385,11723.57
000d7d20_2386,11723.58
000d7d20_2387,11723.591
000d7d20_2388,11723.601
000d7d20_2389,11723.609
000d7d20_2390,11723.619
000d7d20_2391,11723.628
000d7d20_2392,11723.636
000d7d20_2393,11723.645
000d7d20_2394,11723.652
000d7d20_2395,11723.659
000d7d20_2396,11723.667
000d7d20_2397,11723.674
000d7d20_2398,11723.68
000d7d20_2399,11723.687
000d7d20_2400,11723.691
000d7d20_2401,11723.697
000d7d20_2402,11723.702
000d7d20_2403,11723.707
000d7d20_2404,11723.712
000d7d20_2405,11723.716
000d7d20_2406,11723.72
000d7d20_2407,11723.723
000d7d20_2408,11723.726
000d7d20_2409,11723.729
000d7d20_2410,11723.731
000d7d20_2411,11723.733
000d7d20_2412,11723.735
000d7d20_2413,11723.737
000d7d20_2414,11723.738
000d7d20_2415,11723.739
000d7d20_2416,11723.74
000d7d20_2417,11723.741
000d7d20_2418,11723.741
000d7d20_2419,11723.741
000d7d20_2420,11723.741
000d7d20_2421,11723.741
000d7d20_2422,11723.74
000d7d20_2423,11723.739
000d7d20_2424,11723.738
000d7d20_2425,11723.737
000d7d20_2426,11723.735
000d7d20_2427,11723.733
000d7d20_2428,11723.731
000d7d20_2429,11723.729
000d7d20_2430,11723.726
000d7d20_2431,11723.723
000d7d20_2432,11723.72
000d7d20_2433,11723.717
000d7d20_2434,11723.713
000d7d20_2435,11723.709
000d7d20_2436,11723.704
000d7d20_2437,11723.7
000d7d20_2438,11723.695
000d7d20_2439,11723.689
000d7d20_2440,11723.685
000d7d20_2441,11723.679
000d7d20_2442,11723.674
000d7d20_2443,11723.667
000d7d20_2444,11723.661
000d7d20_2445,11723.655
000d7d20_2446,11723.648
000d7d20_2447,11723.642
000d7d20_2448,11723.635
000d7d20_2449,11723.627
000d7d20_2450,11723.62
000d7d20_2451,11723.612
000d7d20_2452,11723.6045
000d7d20_2453,11723.597
000d7d20_2454,11723.589
000d7d20_2455,11723.581
000d7d20_2456,11723.572
000d7d20_2457,11723.564
000d7d20_2458,11723.556
000d7d20_2459,11723.548
000d7d20_2460,11723.539
000d7d20_2461,11723.53
000d7d20_2462,11723.522
000d7d20_2463,11723.514
000d7d20_2464,11723.505
000d7d20_2465,11723.497
000d7d20_2466,11723.488
000d7d20_2467,11723.48
000d7d20_2468,11723.472
000d7d20_2469,11723.463
000d7d20_2470,11723.455
000d7d20_2471,11723.446
000d7d20_2472,11723.4375
000d7d20_2473,11723.43
000d7d20_2474,11723.421
000d7d20_2475,11723.413
000d7d20_2476,11723.405
000d7d20_2477,11723.396
000d7d20_2478,11723.389
000d7d20_2479,11723.38
000d7d20_2480,11723.372
000d7d20_2481,11723.364
000d7d20_2482,11723.356
000d7d20_2483,11723.348
000d7d20_2484,11723.34
000d7d20_2485,11723.332
000d7d20_2486,11723.323
000d7d20_2487,11723.315
000d7d20_2488,11723.308
000d7d20_2489,11723.3
000d7d20_2490,11723.292
000d7d20_2491,11723.284
000d7d20_2492,11723.276
000d7d20_2493,11723.269
000d7d20_2494,11723.261
000d7d20_2495,11723.253
000d7d20_2496,11723.245
000d7d20_2497,11723.237
000d7d20_2498,11723.2295
000d7d20_2499,11723.222
000d7d20_2500,11723.214
000d7d20_2501,11723.206
000d7d20_2502,11723.198
000d7d20_2503,11723.191
000d7d20_2504,11723.184
000d7d20_2505,11723.176
000d7d20_2506,11723.169
000d7d20_2507,11723.161
000d7d20_2508,11723.154
000d7d20_2509,11723.147
000d7d20_2510,11723.14
000d7d20_2511,11723.133
000d7d20_2512,11723.126
000d7d20_2513,11723.12
000d7d20_2514,11723.113
000d7d20_2515,11723.106
000d7d20_2516,11723.101
000d7d20_2517,11723.095
000d7d20_2518,11723.089
000d7d20_2519,11723.083
000d7d20_2520,11723.077
000d7d20_2521,11723.071
000d7d20_2522,11723.066
000d7d20_2523,11723.062
000d7d20_2524,11723.057
000d7d20_2525,11723.052
000d7d20_2526,11723.048
000d7d20_2527,11723.044
000d7d20_2528,11723.04
000d7d20_2529,11723.036
000d7d20_2530,11723.032
000d7d20_2531,11723.029
000d7d20_2532,11723.026
000d7d20_2533,11723.023
000d7d20_2534,11723.021
000d7d20_2535,11723.02
000d7d20_2536,11723.018
000d7d20_2537,11723.016
000d7d20_2538,11723.015
000d7d20_2539,11723.013
000d7d20_2540,11723.012
000d7d20_2541,11723.012
000d7d20_2542,11723.011
000d7d20_2543,11723.011
000d7d20_2544,11723.011
000d7d20_2545,11723.011
000d7d20_2546,11723.012
000d7d20_2547,11723.013
000d7d20_2548,11723.014
000d7d20_2549,11723.015
000d7d20_2550,11723.016
000d7d20_2551,11723.018
000d7d20_2552,11723.019
000d7d20_2553,11723.0205
000d7d20_2554,11723.022
000d7d20_2555,11723.024
000d7d20_2556,11723.026
000d7d20_2557,11723.029
000d7d20_2558,11723.031
000d7d20_2559,11723.034
000d7d20_2560,11723.037
000d7d20_2561,11723.039
000d7d20_2562,11723.042
000d7d20_2563,11723.045
000d7d20_2564,11723.048
000d7d20_2565,11723.051
000d7d20_2566,11723.055
000d7d20_2567,11723.058
000d7d20_2568,11723.061
000d7d20_2569,11723.064
000d7d20_2570,11723.067
000d7d20_2571,11723.071
000d7d20_2572,11723.075
000d7d20_2573,11723.079
000d7d20_2574,11723.083
000d7d20_2575,11723.087
000d7d20_2576,11723.091
000d7d20_2577,11723.095
000d7d20_2578,11723.1
000d7d20_2579,11723.104
000d7d20_2580,11723.107
000d7d20_2581,11723.112
000d7d20_2582,11723.116
000d7d20_2583,11723.121
000d7d20_2584,11723.125
000d7d20_2585,11723.13
000d7d20_2586,11723.135
000d7d20_2587,11723.14
000d7d20_2588,11723.145
000d7d20_2589,11723.149
000d7d20_2590,11723.154
000d7d20_2591,11723.159
000d7d20_2592,11723.164
000d7d20_2593,11723.169
000d7d20_2594,11723.174
000d7d20_2595,11723.179
000d7d20_2596,11723.185
000d7d20_2597,11723.189
000d7d20_2598,11723.195
000d7d20_2599,11723.2
000d7d20_2600,11723.206
000d7d20_2601,11723.212
000d7d20_2602,11723.218
000d7d20_2603,11723.224
000d7d20_2604,11723.2295
000d7d20_2605,11723.235
000d7d20_2606,11723.241
000d7d20_2607,11723.248
000d7d20_2608,11723.254
000d7d20_2609,11723.26
000d7d20_2610,11723.267
000d7d20_2611,11723.273
000d7d20_2612,11723.279
000d7d20_2613,11723.286
000d7d20_2614,11723.293
000d7d20_2615,11723.299
000d7d20_2616,11723.306
000d7d20_2617,11723.3125
000d7d20_2618,11723.318
000d7d20_2619,11723.325
000d7d20_2620,11723.332
000d7d20_2621,11723.338
000d7d20_2622,11723.345
000d7d20_2623,11723.352
000d7d20_2624,11723.357
000d7d20_2625,11723.364
000d7d20_2626,11723.371
000d7d20_2627,11723.378
000d7d20_2628,11723.385
000d7d20_2629,11723.391
000d7d20_2630,11723.397
000d7d20_2631,11723.404
000d7d20_2632,11723.411
000d7d20_2633,11723.418
000d7d20_2634,11723.425
000d7d20_2635,11723.432
000d7d20_2636,11723.438
000d7d20_2637,11723.445
000d7d20_2638,11723.453
000d7d20_2639,11723.46
000d7d20_2640,11723.467
000d7d20_2641,11723.474
000d7d20_2642,11723.48
000d7d20_2643,11723.488
000d7d20_2644,11723.495
000d7d20_2645,11723.503
000d7d20_2646,11723.51
000d7d20_2647,11723.517
000d7d20_2648,11723.524
000d7d20_2649,11723.531
000d7d20_2650,11723.539
000d7d20_2651,11723.546
000d7d20_2652,11723.553
000d7d20_2653,11723.561
000d7d20_2654,11723.567
000d7d20_2655,11723.575
000d7d20_2656,11723.582
000d7d20_2657,11723.589
000d7d20_2658,11723.596
000d7d20_2659,11723.603
000d7d20_2660,11723.609
000d7d20_2661,11723.616
000d7d20_2662,11723.623
000d7d20_2663,11723.63
000d7d20_2664,11723.636
000d7d20_2665,11723.642
000d7d20_2666,11723.647
000d7d20_2667,11723.653
000d7d20_2668,11723.659
000d7d20_2669,11723.664
000d7d20_2670,11723.67
000d7d20_2671,11723.675
000d7d20_2672,11723.68
000d7d20_2673,11723.685
000d7d20_2674,11723.688
000d7d20_2675,11723.693
000d7d20_2676,11723.697
000d7d20_2677,11723.701
000d7d20_2678,11723.704
000d7d20_2679,11723.708
000d7d20_2680,11723.711
000d7d20_2681,11723.713
000d7d20_2682,11723.716
000d7d20_2683,11723.718
000d7d20_2684,11723.72
000d7d20_2685,11723.722
000d7d20_2686,11723.723
000d7d20_2687,11723.724
000d7d20_2688,11723.725
000d7d20_2689,11723.726
000d7d20_2690,11723.726
000d7d20_2691,11723.726
000d7d20_2692,11723.726
000d7d20_2693,11723.726
000d7d20_2694,11723.725
000d7d20_2695,11723.724
000d7d20_2696,11723.723
000d7d20_2697,11723.722
000d7d20_2698,11723.72
000d7d20_2699,11723.719
000d7d20_2700,11723.717
000d7d20_2701,11723.714
000d7d20_2702,11723.712
000d7d20_2703,11723.709
000d7d20_2704,11723.706
000d7d20_2705,11723.702
000d7d20_2706,11723.699
000d7d20_2707,11723.695
000d7d20_2708,11723.69
000d7d20_2709,11723.687
000d7d20_2710,11723.682
000d7d20_2711,11723.677
000d7d20_2712,11723.671
000d7d20_2713,11723.665
000d7d20_2714,11723.659
000d7d20_2715,11723.653
000d7d20_2716,11723.646
000d7d20_2717,11723.639
000d7d20_2718,11723.632
000d7d20_2719,11723.623
000d7d20_2720,11723.615
000d7d20_2721,11723.606
000d7d20_2722,11723.597
000d7d20_2723,11723.587
000d7d20_2724,11723.577
000d7d20_2725,11723.566
000d7d20_2726,11723.556
000d7d20_2727,11723.544
000d7d20_2728,11723.532
000d7d20_2729,11723.52
000d7d20_2730,11723.507
000d7d20_2731,11723.494
000d7d20_2732,11723.48
000d7d20_2733,11723.467
000d7d20_2734,11723.452
000d7d20_2735,11723.4375
000d7d20_2736,11723.422
000d7d20_2737,11723.406
000d7d20_2738,11723.39
000d7d20_2739,11723.373
000d7d20_2740,11723.356
000d7d20_2741,11723.339
000d7d20_2742,11723.321
000d7d20_2743,11723.303
000d7d20_2744,11723.284
000d7d20_2745,11723.265
000d7d20_2746,11723.246
000d7d20_2747,11723.226
000d7d20_2748,11723.205
000d7d20_2749,11723.185
000d7d20_2750,11723.163
000d7d20_2751,11723.142
000d7d20_2752,11723.12
000d7d20_2753,11723.098
000d7d20_2754,11723.075
000d7d20_2755,11723.053
000d7d20_2756,11723.029
000d7d20_2757,11723.006
000d7d20_2758,11722.981
000d7d20_2759,11722.958
000d7d20_2760,11722.933
000d7d20_2761,11722.908
000d7d20_2762,11722.883
000d7d20_2763,11722.858
000d7d20_2764,11722.833
000d7d20_2765,11722.807
000d7d20_2766,11722.781
000d7d20_2767,11722.755
000d7d20_2768,11722.729
000d7d20_2769,11722.702
000d7d20_2770,11722.676
000d7d20_2771,11722.648
000d7d20_2772,11722.621
000d7d20_2773,11722.594
000d7d20_2774,11722.566
000d7d20_2775,11722.538
000d7d20_2776,11722.51
000d7d20_2777,11722.481
000d7d20_2778,11722.453
000d7d20_2779,11722.425
000d7d20_2780,11722.3955
000d7d20_2781,11722.366
000d7d20_2782,11722.337
000d7d20_2783,11722.308
000d7d20_2784,11722.278
000d7d20_2785,11722.248
000d7d20_2786,11722.218
000d7d20_2787,11722.1875
000d7d20_2788,11722.157
000d7d20_2789,11722.127
000d7d20_2790,11722.097
000d7d20_2791,11722.065
000d7d20_2792,11722.035
000d7d20_2793,11722.004
000d7d20_2794,11721.973
000d7d20_2795,11721.941
000d7d20_2796,11721.91
000d7d20_2797,11721.879
000d7d20_2798,11721.847
000d7d20_2799,11721.815
000d7d20_2800,11721.784
000d7d20_2801,11721.752
000d7d20_2802,11721.721
000d7d20_2803,11721.688
000d7d20_2804,11721.657
000d7d20_2805,11721.626
000d7d20_2806,11721.594
000d7d20_2807,11721.5625
000d7d20_2808,11721.53
000d7d20_2809,11721.498
000d7d20_2810,11721.467
000d7d20_2811,11721.435
000d7d20_2812,11721.403
000d7d20_2813,11721.371
000d7d20_2814,11721.34
000d7d20_2815,11721.309
000d7d20_2816,11721.277
000d7d20_2817,11721.246
000d7d20_2818,11721.215
000d7d20_2819,11721.185
000d7d20_2820,11721.154
000d7d20_2821,11721.123
000d7d20_2822,11721.093
000d7d20_2823,11721.063
000d7d20_2824,11721.033
000d7d20_2825,11721.004
000d7d20_2826,11720.975
000d7d20_2827,11720.946
000d7d20_2828,11720.918
000d7d20_2829,11720.89
000d7d20_2830,11720.861
000d7d20_2831,11720.834
000d7d20_2832,11720.807
000d7d20_2833,11720.779
000d7d20_2834,11720.753
000d7d20_2835,11720.727
000d7d20_2836,11720.701
000d7d20_2837,11720.676
000d7d20_2838,11720.65
000d7d20_2839,11720.626
000d7d20_2840,11720.602
000d7d20_2841,11720.578
000d7d20_2842,11720.555
000d7d20_2843,11720.531
000d7d20_2844,11720.509
000d7d20_2845,11720.486
000d7d20_2846,11720.465
000d7d20_2847,11720.443
000d7d20_2848,11720.422
000d7d20_2849,11720.401
000d7d20_2850,11720.381
000d7d20_2851,11720.36
000d7d20_2852,11720.341
000d7d20_2853,11720.322
000d7d20_2854,11720.303
000d7d20_2855,11720.284
000d7d20_2856,11720.267
000d7d20_2857,11720.249
000d7d20_2858,11720.231
000d7d20_2859,11720.215
000d7d20_2860,11720.198
000d7d20_2861,11720.183
000d7d20_2862,11720.167
000d7d20_2863,11720.151
000d7d20_2864,11720.137
000d7d20_2865,11720.123
000d7d20_2866,11720.109
000d7d20_2867,11720.096
000d7d20_2868,11720.083
000d7d20_2869,11720.071
000d7d20_2870,11720.06
000d7d20_2871,11720.048
000d7d20_2872,11720.037
000d7d20_2873,11720.026
000d7d20_2874,11720.017
000d7d20_2875,11720.007
000d7d20_2876,11719.998
000d7d20_2877,11719.989
000d7d20_2878,11719.98
000d7d20_2879,11719.973
000d7d20_2880,11719.966
000d7d20_2881,11719.959
000d7d20_2882,11719.952
000d7d20_2883,11719.946
000d7d20_2884,11719.94
000d7d20_2885,11719.936
000d7d20_2886,11719.932
000d7d20_2887,11719.927
000d7d20_2888,11719.923
000d7d20_2889,11719.92
000d7d20_2890,11719.916
000d7d20_2891,11719.913
000d7d20_2892,11719.911
000d7d20_2893,11719.909
000d7d20_2894,11719.907
000d7d20_2895,11719.905
000d7d20_2896,11719.904
000d7d20_2897,11719.903
000d7d20_2898,11719.903
000d7d20_2899,11719.902
000d7d20_2900,11719.902
000d7d20_2901,11719.902
000d7d20_2902,11719.902
000d7d20_2903,11719.903
000d7d20_2904,11719.904
000d7d20_2905,11719.905
000d7d20_2906,11719.906
000d7d20_2907,11719.907
000d7d20_2908,11719.909
000d7d20_2909,11719.911
000d7d20_2910,11719.913
000d7d20_2911,11719.915
000d7d20_2912,11719.917
000d7d20_2913,11719.92
000d7d20_2914,11719.923
000d7d20_2915,11719.926
000d7d20_2916,11719.929
000d7d20_2917,11719.932
000d7d20_2918,11719.936
000d7d20_2919,11719.938
000d7d20_2920,11719.942
000d7d20_2921,11719.947
000d7d20_2922,11719.951
000d7d20_2923,11719.956
000d7d20_2924,11719.961
000d7d20_2925,11719.966
000d7d20_2926,11719.971
000d7d20_2927,11719.976
000d7d20_2928,11719.981
000d7d20_2929,11719.987
000d7d20_2930,11719.992
000d7d20_2931,11719.999
000d7d20_2932,11720.005
000d7d20_2933,11720.011
000d7d20_2934,11720.018
000d7d20_2935,11720.024
000d7d20_2936,11720.03
000d7d20_2937,11720.037
000d7d20_2938,11720.045
000d7d20_2939,11720.052
000d7d20_2940,11720.059
000d7d20_2941,11720.066
000d7d20_2942,11720.073
000d7d20_2943,11720.081
000d7d20_2944,11720.088
000d7d20_2945,11720.096
000d7d20_2946,11720.104
000d7d20_2947,11720.11
000d7d20_2948,11720.118
000d7d20_2949,11720.126
000d7d20_2950,11720.133
000d7d20_2951,11720.141
000d7d20_2952,11720.147
000d7d20_2953,11720.155
000d7d20_2954,11720.162
000d7d20_2955,11720.169
000d7d20_2956,11720.176
000d7d20_2957,11720.183
000d7d20_2958,11720.189
000d7d20_2959,11720.196
000d7d20_2960,11720.203
000d7d20_2961,11720.209
000d7d20_2962,11720.215
000d7d20_2963,11720.222
000d7d20_2964,11720.227
000d7d20_2965,11720.232
000d7d20_2966,11720.238
000d7d20_2967,11720.243
000d7d20_2968,11720.248
000d7d20_2969,11720.252
000d7d20_2970,11720.257
000d7d20_2971,11720.261
000d7d20_2972,11720.265
000d7d20_2973,11720.269
000d7d20_2974,11720.271
000d7d20_2975,11720.274
000d7d20_2976,11720.277
000d7d20_2977,11720.28
000d7d20_2978,11720.282
000d7d20_2979,11720.284
000d7d20_2980,11720.286
000d7d20_2981,11720.288
000d7d20_2982,11720.289
000d7d20_2983,11720.29
000d7d20_2984,11720.29
000d7d20_2985,11720.29
000d7d20_2986,11720.29
000d7d20_2987,11720.29
000d7d20_2988,11720.289
000d7d20_2989,11720.288
000d7d20_2990,11720.287
000d7d20_2991,11720.286
000d7d20_2992,11720.284
000d7d20_2993,11720.282
000d7d20_2994,11720.279
000d7d20_2995,11720.277
000d7d20_2996,11720.274
000d7d20_2997,11720.271
000d7d20_2998,11720.268
000d7d20_2999,11720.264
000d7d20_3000,11720.26
000d7d20_3001,11720.256
000d7d20_3002,11720.251
000d7d20_3003,11720.247
000d7d20_3004,11720.241
000d7d20_3005,11720.236
000d7d20_3006,11720.23
000d7d20_3007,11720.226
000d7d20_3008,11720.22
000d7d20_3009,11720.213
000d7d20_3010,11720.207
000d7d20_3011,11720.2
000d7d20_3012,11720.194
000d7d20_3013,11720.187
000d7d20_3014,11720.18
000d7d20_3015,11720.173
000d7d20_3016,11720.165
000d7d20_3017,11720.157
000d7d20_3018,11720.149
000d7d20_3019,11720.142
000d7d20_3020,11720.133
000d7d20_3021,11720.124
000d7d20_3022,11720.116
000d7d20_3023,11720.107
000d7d20_3024,11720.098
000d7d20_3025,11720.089
000d7d20_3026,11720.08
000d7d20_3027,11720.07
000d7d20_3028,11720.061
000d7d20_3029,11720.051
000d7d20_3030,11720.041
000d7d20_3031,11720.031
000d7d20_3032,11720.021
000d7d20_3033,11720.012
000d7d20_3034,11720.001
000d7d20_3035,11719.99
000d7d20_3036,11719.9795
000d7d20_3037,11719.97
000d7d20_3038,11719.959
000d7d20_3039,11719.947
000d7d20_3040,11719.937
000d7d20_3041,11719.926
000d7d20_3042,11719.914
000d7d20_3043,11719.903
000d7d20_3044,11719.892
000d7d20_3045,11719.88
000d7d20_3046,11719.868
000d7d20_3047,11719.856
000d7d20_3048,11719.845
000d7d20_3049,11719.833
000d7d20_3050,11719.821
000d7d20_3051,11719.809
000d7d20_3052,11719.797
000d7d20_3053,11719.785
000d7d20_3054,11719.773
000d7d20_3055,11719.761
000d7d20_3056,11719.749
000d7d20_3057,11719.737
000d7d20_3058,11719.726
000d7d20_3059,11719.714
000d7d20_3060,11719.701
000d7d20_3061,11719.689
000d7d20_3062,11719.678
000d7d20_3063,11719.666
000d7d20_3064,11719.654
000d7d20_3065,11719.643
000d7d20_3066,11719.631
000d7d20_3067,11719.619
000d7d20_3068,11719.607
000d7d20_3069,11719.596
000d7d20_3070,11719.584
000d7d20_3071,11719.572
000d7d20_3072,11719.561
000d7d20_3073,11719.549
000d7d20_3074,11719.537
000d7d20_3075,11719.525
000d7d20_3076,11719.515
000d7d20_3077,11719.503
000d7d20_3078,11719.492
000d7d20_3079,11719.48
000d7d20_3080,11719.47
000d7d20_3081,11719.458
000d7d20_3082,11719.447
000d7d20_3083,11719.437
000d7d20_3084,11719.426
000d7d20_3085,11719.414
000d7d20_3086,11719.403
000d7d20_3087,11719.393
000d7d20_3088,11719.382
000d7d20_3089,11719.371
000d7d20_3090,11719.36
000d7d20_3091,11719.351
000d7d20_3092,11719.34
000d7d20_3093,11719.33
000d7d20_3094,11719.319
000d7d20_3095,11719.31
000d7d20_3096,11719.3
000d7d20_3097,11719.29
000d7d20_3098,11719.28
000d7d20_3099,11719.2705
000d7d20_3100,11719.262
000d7d20_3101,11719.252
000d7d20_3102,11719.243
000d7d20_3103,11719.234
000d7d20_3104,11719.226
000d7d20_3105,11719.217
000d7d20_3106,11719.209
000d7d20_3107,11719.2
000d7d20_3108,11719.192
000d7d20_3109,11719.185
000d7d20_3110,11719.177
000d7d20_3111,11719.17
000d7d20_3112,11719.162
000d7d20_3113,11719.155
000d7d20_3114,11719.148
000d7d20_3115,11719.142
000d7d20_3116,11719.136
000d7d20_3117,11719.129
000d7d20_3118,11719.123
000d7d20_3119,11719.117
000d7d20_3120,11719.111
000d7d20_3121,11719.105
000d7d20_3122,11719.1
000d7d20_3123,11719.095
000d7d20_3124,11719.09
000d7d20_3125,11719.085
000d7d20_3126,11719.08
000d7d20_3127,11719.076
000d7d20_3128,11719.072
000d7d20_3129,11719.067
000d7d20_3130,11719.064
000d7d20_3131,11719.061
000d7d20_3132,11719.057
000d7d20_3133,11719.054
000d7d20_3134,11719.051
000d7d20_3135,11719.047
000d7d20_3136,11719.044
000d7d20_3137,11719.042
000d7d20_3138,11719.039
000d7d20_3139,11719.036
000d7d20_3140,11719.034
000d7d20_3141,11719.031
000d7d20_3142,11719.029
000d7d20_3143,11719.027
000d7d20_3144,11719.025
000d7d20_3145,11719.023
000d7d20_3146,11719.022
000d7d20_3147,11719.0205
000d7d20_3148,11719.019
000d7d20_3149,11719.018
000d7d20_3150,11719.017
000d7d20_3151,11719.016
000d7d20_3152,11719.015
000d7d20_3153,11719.014
000d7d20_3154,11719.013
000d7d20_3155,11719.013
000d7d20_3156,11719.012
000d7d20_3157,11719.012
000d7d20_3158,11719.012
000d7d20_3159,11719.012
000d7d20_3160,11719.012
000d7d20_3161,11719.012
000d7d20_3162,11719.012
000d7d20_3163,11719.012
000d7d20_3164,11719.013
000d7d20_3165,11719.013
000d7d20_3166,11719.014
000d7d20_3167,11719.014
000d7d20_3168,11719.015
000d7d20_3169,11719.016
000d7d20_3170,11719.017
000d7d20_3171,11719.018
000d7d20_3172,11719.019
000d7d20_3173,11719.02
000d7d20_3174,11719.021
000d7d20_3175,11719.022
000d7d20_3176,11719.023
000d7d20_3177,11719.025
000d7d20_3178,11719.026
000d7d20_3179,11719.028
000d7d20_3180,11719.029
000d7d20_3181,11719.031
000d7d20_3182,11719.032
000d7d20_3183,11719.034
000d7d20_3184,11719.036
000d7d20_3185,11719.038
000d7d20_3186,11719.039
000d7d20_3187,11719.041
000d7d20_3188,11719.043
000d7d20_3189,11719.044
000d7d20_3190,11719.046
000d7d20_3191,11719.047
000d7d20_3192,11719.049
000d7d20_3193,11719.05
000d7d20_3194,11719.052
000d7d20_3195,11719.053
000d7d20_3196,11719.054
000d7d20_3197,11719.056
000d7d20_3198,11719.057
000d7d20_3199,11719.058
000d7d20_3200,11719.059
000d7d20_3201,11719.06
000d7d20_3202,11719.061
000d7d20_3203,11719.062
000d7d20_3204,11719.062
000d7d20_3205,11719.0625
000d7d20_3206,11719.0625
000d7d20_3207,11719.063
000d7d20_3208,11719.063
000d7d20_3209,11719.063
000d7d20_3210,11719.063
000d7d20_3211,11719.063
000d7d20_3212,11719.063
000d7d20_3213,11719.063
000d7d20_3214,11719.063
000d7d20_3215,11719.0625
000d7d20_3216,11719.0625
000d7d20_3217,11719.062
000d7d20_3218,11719.062
000d7d20_3219,11719.061
000d7d20_3220,11719.061
000d7d20_3221,11719.06
000d7d20_3222,11719.06
000d7d20_3223,11719.059
000d7d20_3224,11719.058
000d7d20_3225,11719.058
000d7d20_3226,11719.057
000d7d20_3227,11719.056
000d7d20_3228,11719.055
000d7d20_3229,11719.054
000d7d20_3230,11719.053
000d7d20_3231,11719.052
000d7d20_3232,11719.051
000d7d20_3233,11719.05
000d7d20_3234,11719.048
000d7d20_3235,11719.047
000d7d20_3236,11719.046
000d7d20_3237,11719.044
000d7d20_3238,11719.043
000d7d20_3239,11719.041
000d7d20_3240,11719.04
000d7d20_3241,11719.038
000d7d20_3242,11719.036
000d7d20_3243,11719.035
000d7d20_3244,11719.033
000d7d20_3245,11719.031
000d7d20_3246,11719.029
000d7d20_3247,11719.027
000d7d20_3248,11719.025
000d7d20_3249,11719.023
000d7d20_3250,11719.022
000d7d20_3251,11719.0205
000d7d20_3252,11719.019
000d7d20_3253,11719.017
000d7d20_3254,11719.014
000d7d20_3255,11719.012
000d7d20_3256,11719.01
000d7d20_3257,11719.008
000d7d20_3258,11719.006
000d7d20_3259,11719.004
000d7d20_3260,11719.002
000d7d20_3261,11718.999
000d7d20_3262,11718.997
000d7d20_3263,11718.995
000d7d20_3264,11718.993
000d7d20_3265,11718.99
000d7d20_3266,11718.988
000d7d20_3267,11718.986
000d7d20_3268,11718.984
000d7d20_3269,11718.981
000d7d20_3270,11718.9795
000d7d20_3271,11718.978
000d7d20_3272,11718.976
000d7d20_3273,11718.974
000d7d20_3274,11718.971
000d7d20_3275,11718.969
000d7d20_3276,11718.967
000d7d20_3277,11718.965
000d7d20_3278,11718.963
000d7d20_3279,11718.961
000d7d20_3280,11718.958
000d7d20_3281,11718.956
000d7d20_3282,11718.954
000d7d20_3283,11718.952
000d7d20_3284,11718.95
000d7d20_3285,11718.947
000d7d20_3286,11718.945
000d7d20_3287,11718.943
000d7d20_3288,11718.941
000d7d20_3289,11718.938
000d7d20_3290,11718.937
000d7d20_3291,11718.935
000d7d20_3292,11718.933
000d7d20_3293,11718.93
000d7d20_3294,11718.928
000d7d20_3295,11718.925
000d7d20_3296,11718.923
000d7d20_3297,11718.92
000d7d20_3298,11718.918
000d7d20_3299,11718.916
000d7d20_3300,11718.913
000d7d20_3301,11718.911
000d7d20_3302,11718.908
000d7d20_3303,11718.906
000d7d20_3304,11718.903
000d7d20_3305,11718.901
000d7d20_3306,11718.898
000d7d20_3307,11718.8955
000d7d20_3308,11718.894
000d7d20_3309,11718.891
000d7d20_3310,11718.889
000d7d20_3311,11718.886
000d7d20_3312,11718.884
000d7d20_3313,11718.881
000d7d20_3314,11718.879
000d7d20_3315,11718.876
000d7d20_3316,11718.874
000d7d20_3317,11718.871
000d7d20_3318,11718.869
000d7d20_3319,11718.866
000d7d20_3320,11718.864
000d7d20_3321,11718.862
000d7d20_3322,11718.859
000d7d20_3323,11718.857
000d7d20_3324,11718.8545
000d7d20_3325,11718.853
000d7d20_3326,11718.851
000d7d20_3327,11718.848
000d7d20_3328,11718.846
000d7d20_3329,11718.844
000d7d20_3330,11718.841
000d7d20_3331,11718.839
000d7d20_3332,11718.837
000d7d20_3333,11718.834
000d7d20_3334,11718.832
000d7d20_3335,11718.83
000d7d20_3336,11718.827
000d7d20_3337,11718.825
000d7d20_3338,11718.823
000d7d20_3339,11718.821
000d7d20_3340,11718.819
000d7d20_3341,11718.817
000d7d20_3342,11718.815
000d7d20_3343,11718.813
000d7d20_3344,11718.812
000d7d20_3345,11718.809
000d7d20_3346,11718.807
000d7d20_3347,11718.805
000d7d20_3348,11718.803
000d7d20_3349,11718.801
000d7d20_3350,11718.799
000d7d20_3351,11718.797
000d7d20_3352,11718.795
000d7d20_3353,11718.793
000d7d20_3354,11718.791
000d7d20_3355,11718.789
000d7d20_3356,11718.787
000d7d20_3357,11718.785
000d7d20_3358,11718.783
000d7d20_3359,11718.781
000d7d20_3360,11718.779
000d7d20_3361,11718.777
000d7d20_3362,11718.776
000d7d20_3363,11718.774
000d7d20_3364,11718.772
000d7d20_3365,11718.7705
000d7d20_3366,11718.769
000d7d20_3367,11718.767
000d7d20_3368,11718.766
000d7d20_3369,11718.764
000d7d20_3370,11718.762
000d7d20_3371,11718.76
000d7d20_3372,11718.758
000d7d20_3373,11718.756
000d7d20_3374,11718.754
000d7d20_3375,11718.752
000d7d20_3376,11718.75
000d7d20_3377,11718.748
000d7d20_3378,11718.746
000d7d20_3379,11718.744
000d7d20_3380,11718.741
000d7d20_3381,11718.739
000d7d20_3382,11718.736
000d7d20_3383,11718.734
000d7d20_3384,11718.731
000d7d20_3385,11718.729
000d7d20_3386,11718.726
000d7d20_3387,11718.723
000d7d20_3388,11718.72
000d7d20_3389,11718.717
000d7d20_3390,11718.714
000d7d20_3391,11718.711
000d7d20_3392,11718.707
000d7d20_3393,11718.704
000d7d20_3394,11718.701
000d7d20_3395,11718.697
000d7d20_3396,11718.694
000d7d20_3397,11718.69
000d7d20_3398,11718.6875
000d7d20_3399,11718.684
000d7d20_3400,11718.681
000d7d20_3401,11718.677
000d7d20_3402,11718.673
000d7d20_3403,11718.67
000d7d20_3404,11718.666
000d7d20_3405,11718.662
000d7d20_3406,11718.658
000d7d20_3407,11718.654
000d7d20_3408,11718.65
000d7d20_3409,11718.647
000d7d20_3410,11718.644
000d7d20_3411,11718.64
000d7d20_3412,11718.636
000d7d20_3413,11718.632
000d7d20_3414,11718.628
000d7d20_3415,11718.624
000d7d20_3416,11718.62
000d7d20_3417,11718.616
000d7d20_3418,11718.612
000d7d20_3419,11718.608
000d7d20_3420,11718.6045
000d7d20_3421,11718.601
000d7d20_3422,11718.597
000d7d20_3423,11718.593
000d7d20_3424,11718.589
000d7d20_3425,11718.585
000d7d20_3426,11718.58
000d7d20_3427,11718.576
000d7d20_3428,11718.572
000d7d20_3429,11718.568
000d7d20_3430,11718.564
000d7d20_3431,11718.561
000d7d20_3432,11718.557
000d7d20_3433,11718.552
000d7d20_3434,11718.548
000d7d20_3435,11718.544
000d7d20_3436,11718.54
000d7d20_3437,11718.536
000d7d20_3438,11718.532
000d7d20_3439,11718.528
000d7d20_3440,11718.524
000d7d20_3441,11718.5205
000d7d20_3442,11718.517
000d7d20_3443,11718.513
000d7d20_3444,11718.51
000d7d20_3445,11718.506
000d7d20_3446,11718.502
000d7d20_3447,11718.498
000d7d20_3448,11718.495
000d7d20_3449,11718.491
000d7d20_3450,11718.488
000d7d20_3451,11718.484
000d7d20_3452,11718.481
000d7d20_3453,11718.479
000d7d20_3454,11718.476
000d7d20_3455,11718.473
000d7d20_3456,11718.47
000d7d20_3457,11718.467
000d7d20_3458,11718.464
000d7d20_3459,11718.461
000d7d20_3460,11718.459
000d7d20_3461,11718.456
000d7d20_3462,11718.454
000d7d20_3463,11718.452
000d7d20_3464,11718.45
000d7d20_3465,11718.447
000d7d20_3466,11718.445
000d7d20_3467,11718.443
000d7d20_3468,11718.441
000d7d20_3469,11718.439
000d7d20_3470,11718.437
000d7d20_3471,11718.435
000d7d20_3472,11718.433
000d7d20_3473,11718.431
000d7d20_3474,11718.429
000d7d20_3475,11718.427
000d7d20_3476,11718.424
000d7d20_3477,11718.422
000d7d20_3478,11718.42
000d7d20_3479,11718.418
000d7d20_3480,11718.415
000d7d20_3481,11718.413
000d7d20_3482,11718.411
000d7d20_3483,11718.408
000d7d20_3484,11718.406
000d7d20_3485,11718.403
000d7d20_3486,11718.401
000d7d20_3487,11718.398
000d7d20_3488,11718.396
000d7d20_3489,11718.394
000d7d20_3490,11718.392
000d7d20_3491,11718.389
000d7d20_3492,11718.387
000d7d20_3493,11718.384
000d7d20_3494,11718.382
000d7d20_3495,11718.379
000d7d20_3496,11718.377
000d7d20_3497,11718.374
000d7d20_3498,11718.372
000d7d20_3499,11718.37
000d7d20_3500,11718.367
000d7d20_3501,11718.365
000d7d20_3502,11718.363
000d7d20_3503,11718.361
000d7d20_3504,11718.358
000d7d20_3505,11718.356
000d7d20_3506,11718.3545
000d7d20_3507,11718.353
000d7d20_3508,11718.351
000d7d20_3509,11718.349
000d7d20_3510,11718.347
000d7d20_3511,11718.345
000d7d20_3512,11718.344
000d7d20_3513,11718.342
000d7d20_3514,11718.34
000d7d20_3515,11718.339
000d7d20_3516,11718.337
000d7d20_3517,11718.335
000d7d20_3518,11718.334
000d7d20_3519,11718.332
000d7d20_3520,11718.331
000d7d20_3521,11718.329
000d7d20_3522,11718.328
000d7d20_3523,11718.327
000d7d20_3524,11718.325
000d7d20_3525,11718.324
000d7d20_3526,11718.323
000d7d20_3527,11718.322
000d7d20_3528,11718.321
000d7d20_3529,11718.32
000d7d20_3530,11718.319
000d7d20_3531,11718.318
000d7d20_3532,11718.317
000d7d20_3533,11718.317
000d7d20_3534,11718.316
000d7d20_3535,11718.316
000d7d20_3536,11718.316
000d7d20_3537,11718.315
000d7d20_3538,11718.315
000d7d20_3539,11718.315
000d7d20_3540,11718.315
000d7d20_3541,11718.315
000d7d20_3542,11718.315
000d7d20_3543,11718.315
000d7d20_3544,11718.315
000d7d20_3545,11718.315
000d7d20_3546,11718.315
000d7d20_3547,11718.315
000d7d20_3548,11718.315
000d7d20_3549,11718.315
000d7d20_3550,11718.316
000d7d20_3551,11718.316
000d7d20_3552,11718.316
000d7d20_3553,11718.316
000d7d20_3554,11718.316
000d7d20_3555,11718.317
000d7d20_3556,11718.317
000d7d20_3557,11718.317
000d7d20_3558,11718.317
000d7d20_3559,11718.317
000d7d20_3560,11718.317
000d7d20_3561,11718.317
000d7d20_3562,11718.317
000d7d20_3563,11718.317
000d7d20_3564,11718.316
000d7d20_3565,11718.316
000d7d20_3566,11718.316
000d7d20_3567,11718.316
000d7d20_3568,11718.315
000d7d20_3569,11718.315
000d7d20_3570,11718.314
000d7d20_3571,11718.314
000d7d20_3572,11718.313
000d7d20_3573,11718.313
000d7d20_3574,11718.3125
000d7d20_3575,11718.312
000d7d20_3576,11718.311
000d7d20_3577,11718.311
000d7d20_3578,11718.31
000d7d20_3579,11718.309
000d7d20_3580,11718.308
000d7d20_3581,11718.307
000d7d20_3582,11718.306
000d7d20_3583,11718.305
000d7d20_3584,11718.305
000d7d20_3585,11718.304
000d7d20_3586,11718.303
000d7d20_3587,11718.301
000d7d20_3588,11718.3
000d7d20_3589,11718.299
000d7d20_3590,11718.298
000d7d20_3591,11718.297
000d7d20_3592,11718.295
000d7d20_3593,11718.294
000d7d20_3594,11718.293
000d7d20_3595,11718.291
000d7d20_3596,11718.29
000d7d20_3597,11718.289
000d7d20_3598,11718.287
000d7d20_3599,11718.286
000d7d20_3600,11718.285
000d7d20_3601,11718.283
000d7d20_3602,11718.282
000d7d20_3603,11718.281
000d7d20_3604,11718.28
000d7d20_3605,11718.278
000d7d20_3606,11718.277
000d7d20_3607,11718.276
000d7d20_3608,11718.274
000d7d20_3609,11718.273
000d7d20_3610,11718.272
000d7d20_3611,11718.2705
000d7d20_3612,11718.27
000d7d20_3613,11718.269
000d7d20_3614,11718.268
000d7d20_3615,11718.266
000d7d20_3616,11718.265
000d7d20_3617,11718.264
000d7d20_3618,11718.263
000d7d20_3619,11718.262
000d7d20_3620,11718.262
000d7d20_3621,11718.261
000d7d20_3622,11718.26
000d7d20_3623,11718.26
000d7d20_3624,11718.259
000d7d20_3625,11718.259
000d7d20_3626,11718.259
000d7d20_3627,11718.259
000d7d20_3628,11718.259
000d7d20_3629,11718.259
000d7d20_3630,11718.259
000d7d20_3631,11718.26
000d7d20_3632,11718.26
000d7d20_3633,11718.261
000d7d20_3634,11718.262
000d7d20_3635,11718.263
000d7d20_3636,11718.264
000d7d20_3637,11718.266
000d7d20_3638,11718.267
000d7d20_3639,11718.269
000d7d20_3640,11718.27
000d7d20_3641,11718.271
000d7d20_3642,11718.273
000d7d20_3643,11718.275
000d7d20_3644,11718.277
000d7d20_3645,11718.279
000d7d20_3646,11718.282
000d7d20_3647,11718.284
000d7d20_3648,11718.287
000d7d20_3649,11718.29
000d7d20_3650,11718.293
000d7d20_3651,11718.296
000d7d20_3652,11718.299
000d7d20_3653,11718.302
000d7d20_3654,11718.305
000d7d20_3655,11718.308
000d7d20_3656,11718.312
000d7d20_3657,11718.314
000d7d20_3658,11718.318
000d7d20_3659,11718.321
000d7d20_3660,11718.325
000d7d20_3661,11718.328
000d7d20_3662,11718.332
000d7d20_3663,11718.336
000d7d20_3664,11718.339
000d7d20_3665,11718.343
000d7d20_3666,11718.347
000d7d20_3667,11718.351
000d7d20_3668,11718.3545
000d7d20_3669,11718.358
000d7d20_3670,11718.362
000d7d20_3671,11718.366
000d7d20_3672,11718.37
000d7d20_3673,11718.375
000d7d20_3674,11718.379
000d7d20_3675,11718.383
000d7d20_3676,11718.388
000d7d20_3677,11718.392
000d7d20_3678,11718.396
000d7d20_3679,11718.4
000d7d20_3680,11718.405
000d7d20_3681,11718.41
000d7d20_3682,11718.415
000d7d20_3683,11718.419
000d7d20_3684,11718.424
000d7d20_3685,11718.429
000d7d20_3686,11718.434
000d7d20_3687,11718.438
000d7d20_3688,11718.443
000d7d20_3689,11718.448
000d7d20_3690,11718.453
000d7d20_3691,11718.458
000d7d20_3692,11718.464
000d7d20_3693,11718.469
000d7d20_3694,11718.474
000d7d20_3695,11718.479
000d7d20_3696,11718.483
000d7d20_3697,11718.488
000d7d20_3698,11718.493
000d7d20_3699,11718.498
000d7d20_3700,11718.502
000d7d20_3701,11718.507
000d7d20_3702,11718.512
000d7d20_3703,11718.516
000d7d20_3704,11718.5205
000d7d20_3705,11718.524
000d7d20_3706,11718.529
000d7d20_3707,11718.533
000d7d20_3708,11718.537
000d7d20_3709,11718.541
000d7d20_3710,11718.545
000d7d20_3711,11718.549
000d7d20_3712,11718.552
000d7d20_3713,11718.556
000d7d20_3714,11718.559
000d7d20_3715,11718.5625
000d7d20_3716,11718.565
000d7d20_3717,11718.568
000d7d20_3718,11718.571
000d7d20_3719,11718.573
000d7d20_3720,11718.576
000d7d20_3721,11718.579
000d7d20_3722,11718.581
000d7d20_3723,11718.584
000d7d20_3724,11718.586
000d7d20_3725,11718.588
000d7d20_3726,11718.59
000d7d20_3727,11718.592
000d7d20_3728,11718.594
000d7d20_3729,11718.595
000d7d20_3730,11718.597
000d7d20_3731,11718.598
000d7d20_3732,11718.599
000d7d20_3733,11718.601
000d7d20_3734,11718.601
000d7d20_3735,11718.602
000d7d20_3736,11718.603
000d7d20_3737,11718.603
000d7d20_3738,11718.604
000d7d20_3739,11718.604
000d7d20_3740,11718.604
000d7d20_3741,11718.604
000d7d20_3742,11718.604
000d7d20_3743,11718.603
000d7d20_3744,11718.603
000d7d20_3745,11718.603
000d7d20_3746,11718.602
000d7d20_3747,11718.602
000d7d20_3748,11718.601
000d7d20_3749,11718.6
000d7d20_3750,11718.599
000d7d20_3751,11718.598
000d7d20_3752,11718.597
000d7d20_3753,11718.596
000d7d20_3754,11718.595
000d7d20_3755,11718.593
000d7d20_3756,11718.592
000d7d20_3757,11718.59
000d7d20_3758,11718.588
000d7d20_3759,11718.586
000d7d20_3760,11718.584
000d7d20_3761,11718.581
000d7d20_3762,11718.579
000d7d20_3763,11718.576
000d7d20_3764,11718.573
000d7d20_3765,11718.571
000d7d20_3766,11718.568
000d7d20_3767,11718.565
000d7d20_3768,11718.5625
000d7d20_3769,11718.56
000d7d20_3770,11718.556
000d7d20_3771,11718.553
000d7d20_3772,11718.549
000d7d20_3773,11718.546
000d7d20_3774,11718.542
000d7d20_3775,11718.538
000d7d20_3776,11718.534
000d7d20_3777,11718.529
000d7d20_3778,11718.525
000d7d20_3779,11718.5205
000d7d20_3780,11718.516
000d7d20_3781,11718.512
000d7d20_3782,11718.507
000d7d20_3783,11718.501
000d7d20_3784,11718.496
000d7d20_3785,11718.491
000d7d20_3786,11718.485
000d7d20_3787,11718.4795
000d7d20_3788,11718.475
000d7d20_3789,11718.469
000d7d20_3790,11718.463
000d7d20_3791,11718.456
000d7d20_3792,11718.45
000d7d20_3793,11718.444
000d7d20_3794,11718.438
000d7d20_3795,11718.432
000d7d20_3796,11718.426
000d7d20_3797,11718.419
000d7d20_3798,11718.413
000d7d20_3799,11718.406
000d7d20_3800,11718.399
000d7d20_3801,11718.393
000d7d20_3802,11718.386
000d7d20_3803,11718.379
000d7d20_3804,11718.372
000d7d20_3805,11718.366
000d7d20_3806,11718.359
000d7d20_3807,11718.353
000d7d20_3808,11718.346
000d7d20_3809,11718.34
000d7d20_3810,11718.333
000d7d20_3811,11718.327
000d7d20_3812,11718.32
000d7d20_3813,11718.314
000d7d20_3814,11718.308
000d7d20_3815,11718.302
000d7d20_3816,11718.296
000d7d20_3817,11718.29
000d7d20_3818,11718.284
000d7d20_3819,11718.278
000d7d20_3820,11718.272
000d7d20_3821,11718.267
000d7d20_3822,11718.261
000d7d20_3823,11718.256
000d7d20_3824,11718.25
000d7d20_3825,11718.245
000d7d20_3826,11718.24
000d7d20_3827,11718.234
000d7d20_3828,11718.2295
000d7d20_3829,11718.225
000d7d20_3830,11718.22
000d7d20_3831,11718.215
000d7d20_3832,11718.21
000d7d20_3833,11718.206
000d7d20_3834,11718.201
000d7d20_3835,11718.197
000d7d20_3836,11718.193
000d7d20_3837,11718.189
000d7d20_3838,11718.186
000d7d20_3839,11718.183
000d7d20_3840,11718.179
000d7d20_3841,11718.176
000d7d20_3842,11718.173
000d7d20_3843,11718.17
000d7d20_3844,11718.168
000d7d20_3845,11718.165
000d7d20_3846,11718.163
000d7d20_3847,11718.161
000d7d20_3848,11718.159
000d7d20_3849,11718.157
000d7d20_3850,11718.156
000d7d20_3851,11718.154
000d7d20_3852,11718.153
000d7d20_3853,11718.152
000d7d20_3854,11718.151
000d7d20_3855,11718.15
000d7d20_3856,11718.15
000d7d20_3857,11718.15
000d7d20_3858,11718.149
000d7d20_3859,11718.15
000d7d20_3860,11718.15
000d7d20_3861,11718.15
000d7d20_3862,11718.151
000d7d20_3863,11718.152
000d7d20_3864,11718.153
000d7d20_3865,11718.154
000d7d20_3866,11718.155
000d7d20_3867,11718.157
000d7d20_3868,11718.159
000d7d20_3869,11718.161
000d7d20_3870,11718.163
000d7d20_3871,11718.165
000d7d20_3872,11718.168
000d7d20_3873,11718.171
000d7d20_3874,11718.173
000d7d20_3875,11718.176
000d7d20_3876,11718.179
000d7d20_3877,11718.183
000d7d20_3878,11718.186
000d7d20_3879,11718.189
000d7d20_3880,11718.192
000d7d20_3881,11718.196
000d7d20_3882,11718.2
000d7d20_3883,11718.204
000d7d20_3884,11718.208
000d7d20_3885,11718.212
000d7d20_3886,11718.216
000d7d20_3887,11718.22
000d7d20_3888,11718.224
000d7d20_3889,11718.229
000d7d20_3890,11718.232
000d7d20_3891,11718.237
000d7d20_3892,11718.241
000d7d20_3893,11718.246
000d7d20_3894,11718.25
000d7d20_3895,11718.255
000d7d20_3896,11718.26
000d7d20_3897,11718.264
000d7d20_3898,11718.269
000d7d20_3899,11718.273
000d7d20_3900,11718.278
000d7d20_3901,11718.283
000d7d20_3902,11718.288
000d7d20_3903,11718.293
000d7d20_3904,11718.298
000d7d20_3905,11718.303
000d7d20_3906,11718.308
000d7d20_3907,11718.3125
000d7d20_3908,11718.318
000d7d20_3909,11718.323
000d7d20_3910,11718.328
000d7d20_3911,11718.334
000d7d20_3912,11718.339
000d7d20_3913,11718.345
000d7d20_3914,11718.351
000d7d20_3915,11718.356
000d7d20_3916,11718.361
000d7d20_3917,11718.367
000d7d20_3918,11718.373
000d7d20_3919,11718.38
000d7d20_3920,11718.386
000d7d20_3921,11718.392
000d7d20_3922,11718.398
000d7d20_3923,11718.404
000d7d20_3924,11718.411
000d7d20_3925,11718.418
000d7d20_3926,11718.424
000d7d20_3927,11718.431
000d7d20_3928,11718.4375
000d7d20_3929,11718.444
000d7d20_3930,11718.451
000d7d20_3931,11718.459
000d7d20_3932,11718.466
000d7d20_3933,11718.473
000d7d20_3934,11718.4795
000d7d20_3935,11718.487
000d7d20_3936,11718.494
000d7d20_3937,11718.501
000d7d20_3938,11718.509
000d7d20_3939,11718.516
000d7d20_3940,11718.523
000d7d20_3941,11718.53
000d7d20_3942,11718.537
000d7d20_3943,11718.544
000d7d20_3944,11718.551
000d7d20_3945,11718.558
000d7d20_3946,11718.564
000d7d20_3947,11718.57
000d7d20_3948,11718.577
000d7d20_3949,11718.583
000d7d20_3950,11718.589
000d7d20_3951,11718.595
000d7d20_3952,11718.601
000d7d20_3953,11718.605
000d7d20_3954,11718.611
000d7d20_3955,11718.616
000d7d20_3956,11718.621
000d7d20_3957,11718.625
000d7d20_3958,11718.63
000d7d20_3959,11718.634
000d7d20_3960,11718.638
000d7d20_3961,11718.642
000d7d20_3962,11718.6455
000d7d20_3963,11718.648
000d7d20_3964,11718.652
000d7d20_3965,11718.655
000d7d20_3966,11718.657
000d7d20_3967,11718.66
000d7d20_3968,11718.661
000d7d20_3969,11718.663
000d7d20_3970,11718.664
000d7d20_3971,11718.665
000d7d20_3972,11718.666
000d7d20_3973,11718.667
000d7d20_3974,11718.667
000d7d20_3975,11718.667
000d7d20_3976,11718.666
000d7d20_3977,11718.665
000d7d20_3978,11718.664
000d7d20_3979,11718.663
000d7d20_3980,11718.661
000d7d20_3981,11718.659
000d7d20_3982,11718.657
000d7d20_3983,11718.654
000d7d20_3984,11718.651
000d7d20_3985,11718.648
000d7d20_3986,11718.645
000d7d20_3987,11718.641
000d7d20_3988,11718.637
000d7d20_3989,11718.633
000d7d20_3990,11718.628
000d7d20_3991,11718.623
000d7d20_3992,11718.618
000d7d20_3993,11718.613
000d7d20_3994,11718.607
000d7d20_3995,11718.602
000d7d20_3996,11718.596
000d7d20_3997,11718.59
000d7d20_3998,11718.584
000d7d20_3999,11718.577
000d7d20_4000,11718.571
000d7d20_4001,11718.564
000d7d20_4002,11718.559
000d7d20_4003,11718.552
000d7d20_4004,11718.545
000d7d20_4005,11718.538
000d7d20_4006,11718.531
000d7d20_4007,11718.525
000d7d20_4008,11718.519
000d7d20_4009,11718.512
000d7d20_4010,11718.505
000d7d20_4011,11718.498
000d7d20_4012,11718.491
000d7d20_4013,11718.484
000d7d20_4014,11718.478
000d7d20_4015,11718.471
000d7d20_4016,11718.465
000d7d20_4017,11718.458
000d7d20_4018,11718.452
000d7d20_4019,11718.446
000d7d20_4020,11718.439
000d7d20_4021,11718.435
000d7d20_4022,11718.429
000d7d20_4023,11718.424
000d7d20_4024,11718.418
000d7d20_4025,11718.414
000d7d20_4026,11718.409
000d7d20_4027,11718.405
000d7d20_4028,11718.401
000d7d20_4029,11718.397
000d7d20_4030,11718.395
000d7d20_4031,11718.392
000d7d20_4032,11718.39
000d7d20_4033,11718.388
000d7d20_4034,11718.386
000d7d20_4035,11718.385
000d7d20_4036,11718.383
000d7d20_4037,11718.383
000d7d20_4038,11718.382
000d7d20_4039,11718.382
000d7d20_4040,11718.382
000d7d20_4041,11718.383
000d7d20_4042,11718.384
000d7d20_4043,11718.385
000d7d20_4044,11718.387
000d7d20_4045,11718.389
000d7d20_4046,11718.392
000d7d20_4047,11718.395
000d7d20_4048,11718.397
000d7d20_4049,11718.401
000d7d20_4050,11718.405
000d7d20_4051,11718.41
000d7d20_4052,11718.416
000d7d20_4053,11718.421
000d7d20_4054,11718.427
000d7d20_4055,11718.434
000d7d20_4056,11718.44
000d7d20_4057,11718.448
000d7d20_4058,11718.456
000d7d20_4059,11718.464
000d7d20_4060,11718.473
000d7d20_4061,11718.482
000d7d20_4062,11718.491
000d7d20_4063,11718.502
000d7d20_4064,11718.512
000d7d20_4065,11718.522
000d7d20_4066,11718.534
000d7d20_4067,11718.546
000d7d20_4068,11718.558
000d7d20_4069,11718.57
000d7d20_4070,11718.584
000d7d20_4071,11718.598
000d7d20_4072,11718.611
000d7d20_4073,11718.626
000d7d20_4074,11718.642
000d7d20_4075,11718.657
000d7d20_4076,11718.674
000d7d20_4077,11718.69
000d7d20_4078,11718.708
000d7d20_4079,11718.726
000d7d20_4080,11718.744
000d7d20_4081,11718.763
000d7d20_4082,11718.782
000d7d20_4083,11718.802
000d7d20_4084,11718.821
000d7d20_4085,11718.842
000d7d20_4086,11718.863
000d7d20_4087,11718.885
000d7d20_4088,11718.906
000d7d20_4089,11718.929
000d7d20_4090,11718.952
000d7d20_4091,11718.976
000d7d20_4092,11718.999
000d7d20_4093,11719.023
000d7d20_4094,11719.049
000d7d20_4095,11719.074
000d7d20_4096,11719.1
000d7d20_4097,11719.126
000d7d20_4098,11719.152
000d7d20_4099,11719.18
000d7d20_4100,11719.208
000d7d20_4101,11719.235
000d7d20_4102,11719.265
000d7d20_4103,11719.294
000d7d20_4104,11719.323
000d7d20_4105,11719.354
000d7d20_4106,11719.385
000d7d20_4107,11719.415
000d7d20_4108,11719.447
000d7d20_4109,11719.4795
000d7d20_4110,11719.513
000d7d20_4111,11719.546
000d7d20_4112,11719.579
000d7d20_4113,11719.613
000d7d20_4114,11719.648
000d7d20_4115,11719.684
000d7d20_4116,11719.719
000d7d20_4117,11719.755
000d7d20_4118,11719.791
000d7d20_4119,11719.828
000d7d20_4120,11719.865
000d7d20_4121,11719.902
000d7d20_4122,11719.94
000d7d20_4123,11719.979
000d7d20_4124,11720.017
000d7d20_4125,11720.056
000d7d20_4126,11720.094
000d7d20_4127,11720.134
000d7d20_4128,11720.173
000d7d20_4129,11720.212
000d7d20_4130,11720.252
000d7d20_4131,11720.291
000d7d20_4132,11720.331
000d7d20_4133,11720.371
000d7d20_4134,11720.41
000d7d20_4135,11720.451
000d7d20_4136,11720.491
000d7d20_4137,11720.531
000d7d20_4138,11720.571
000d7d20_4139,11720.612
000d7d20_4140,11720.652
000d7d20_4141,11720.693
000d7d20_4142,11720.733
000d7d20_4143,11720.774
000d7d20_4144,11720.814
000d7d20_4145,11720.8545
000d7d20_4146,11720.8955
000d7d20_4147,11720.936
000d7d20_4148,11720.976
000d7d20_4149,11721.016
000d7d20_4150,11721.056
000d7d20_4151,11721.095
000d7d20_4152,11721.135
000d7d20_4153,11721.174
000d7d20_4154,11721.213
000d7d20_4155,11721.252
000d7d20_4156,11721.29
000d7d20_4157,11721.328
000d7d20_4158,11721.366
000d7d20_4159,11721.403
000d7d20_4160,11721.44
000d7d20_4161,11721.477
000d7d20_4162,11721.513
000d7d20_4163,11721.548
000d7d20_4164,11721.583
000d7d20_4165,11721.618
000d7d20_4166,11721.652
000d7d20_4167,11721.686
000d7d20_4168,11721.719
000d7d20_4169,11721.751
000d7d20_4170,11721.783
000d7d20_4171,11721.814
000d7d20_4172,11721.846
000d7d20_4173,11721.876
000d7d20_4174,11721.905
000d7d20_4175,11721.935
000d7d20_4176,11721.963
000d7d20_4177,11721.991
000d7d20_4178,11722.019
000d7d20_4179,11722.045
000d7d20_4180,11722.07
000d7d20_4181,11722.096
000d7d20_4182,11722.12
000d7d20_4183,11722.145
000d7d20_4184,11722.168
000d7d20_4185,11722.19
000d7d20_4186,11722.213
000d7d20_4187,11722.234
000d7d20_4188,11722.255
000d7d20_4189,11722.275
000d7d20_4190,11722.295
000d7d20_4191,11722.314
000d7d20_4192,11722.333
000d7d20_4193,11722.351
000d7d20_4194,11722.368
000d7d20_4195,11722.385
000d7d20_4196,11722.4
000d7d20_4197,11722.416
000d7d20_4198,11722.432
000d7d20_4199,11722.445
000d7d20_4200,11722.459
000d7d20_4201,11722.473
000d7d20_4202,11722.485
000d7d20_4203,11722.497
000d7d20_4204,11722.508
000d7d20_4205,11722.519
000d7d20_4206,11722.528
000d7d20_4207,11722.538
000d7d20_4208,11722.547
000d7d20_4209,11722.555
000d7d20_4210,11722.5625
000d7d20_4211,11722.569
000d7d20_4212,11722.576
000d7d20_4213,11722.582
000d7d20_4214,11722.587
000d7d20_4215,11722.592
000d7d20_4216,11722.597
000d7d20_4217,11722.601
000d7d20_4218,11722.604
000d7d20_4219,11722.607
000d7d20_4220,11722.609
000d7d20_4221,11722.612
000d7d20_4222,11722.614
000d7d20_4223,11722.615
000d7d20_4224,11722.616
000d7d20_4225,11722.617
000d7d20_4226,11722.618
000d7d20_4227,11722.618
000d7d20_4228,11722.619
000d7d20_4229,11722.619
000d7d20_4230,11722.618
000d7d20_4231,11722.618
000d7d20_4232,11722.617
000d7d20_4233,11722.616
000d7d20_4234,11722.615
000d7d20_4235,11722.613
000d7d20_4236,11722.611
000d7d20_4237,11722.609
000d7d20_4238,11722.607
000d7d20_4239,11722.605
000d7d20_4240,11722.604
000d7d20_4241,11722.601
000d7d20_4242,11722.599
000d7d20_4243,11722.596
000d7d20_4244,11722.594
000d7d20_4245,11722.591
000d7d20_4246,11722.589
000d7d20_4247,11722.586
000d7d20_4248,11722.583
000d7d20_4249,11722.581
000d7d20_4250,11722.578
000d7d20_4251,11722.575
000d7d20_4252,11722.573
000d7d20_4253,11722.57
000d7d20_4254,11722.567
000d7d20_4255,11722.565
000d7d20_4256,11722.5625
000d7d20_4257,11722.56
000d7d20_4258,11722.558
000d7d20_4259,11722.555
000d7d20_4260,11722.553
000d7d20_4261,11722.551
000d7d20_4262,11722.548
000d7d20_4263,11722.546
000d7d20_4264,11722.544
000d7d20_4265,11722.542
000d7d20_4266,11722.541
000d7d20_4267,11722.539
000d7d20_4268,11722.537
000d7d20_4269,11722.535
000d7d20_4270,11722.534
000d7d20_4271,11722.532
000d7d20_4272,11722.53
000d7d20_4273,11722.529
000d7d20_4274,11722.527
000d7d20_4275,11722.525
000d7d20_4276,11722.523
000d7d20_4277,11722.521
000d7d20_4278,11722.52
000d7d20_4279,11722.517
000d7d20_4280,11722.515
000d7d20_4281,11722.513
000d7d20_4282,11722.51
000d7d20_4283,11722.508
000d7d20_4284,11722.506
000d7d20_4285,11722.503
000d7d20_4286,11722.501
000d7d20_4287,11722.499
000d7d20_4288,11722.497
000d7d20_4289,11722.494
000d7d20_4290,11722.492
000d7d20_4291,11722.49
000d7d20_4292,11722.488
000d7d20_4293,11722.485
000d7d20_4294,11722.483
000d7d20_4295,11722.481
000d7d20_4296,11722.4795
000d7d20_4297,11722.478
000d7d20_4298,11722.476
000d7d20_4299,11722.474
000d7d20_4300,11722.471
000d7d20_4301,11722.469
000d7d20_4302,11722.467
000d7d20_4303,11722.465
000d7d20_4304,11722.463
000d7d20_4305,11722.461
000d7d20_4306,11722.459
000d7d20_4307,11722.457
000d7d20_4308,11722.454
000d7d20_4309,11722.452
000d7d20_4310,11722.45
000d7d20_4311,11722.447
000d7d20_4312,11722.445
000d7d20_4313,11722.442
000d7d20_4314,11722.44
000d7d20_4315,11722.4375
000d7d20_4316,11722.435
000d7d20_4317,11722.432
000d7d20_4318,11722.429
000d7d20_4319,11722.426
000d7d20_4320,11722.422
000d7d20_4321,11722.419
000d7d20_4322,11722.415
000d7d20_4323,11722.411
000d7d20_4324,11722.407
000d7d20_4325,11722.402
000d7d20_4326,11722.397
000d7d20_4327,11722.393
000d7d20_4328,11722.388
000d7d20_4329,11722.383
000d7d20_4330,11722.377
000d7d20_4331,11722.371
000d7d20_4332,11722.365
000d7d20_4333,11722.359
000d7d20_4334,11722.353
000d7d20_4335,11722.347
000d7d20_4336,11722.34
000d7d20_4337,11722.332
000d7d20_4338,11722.324
000d7d20_4339,11722.316
000d7d20_4340,11722.308
000d7d20_4341,11722.299
000d7d20_4342,11722.289
000d7d20_4343,11722.279
000d7d20_4344,11722.27
000d7d20_4345,11722.259
000d7d20_4346,11722.247
000d7d20_4347,11722.235
000d7d20_4348,11722.223
000d7d20_4349,11722.21
000d7d20_4350,11722.197
000d7d20_4351,11722.183
000d7d20_4352,11722.169
000d7d20_4353,11722.153
000d7d20_4354,11722.138
000d7d20_4355,11722.122
000d7d20_4356,11722.1045
000d7d20_4357,11722.088
000d7d20_4358,11722.069
000d7d20_4359,11722.051
000d7d20_4360,11722.032
000d7d20_4361,11722.013
000d7d20_4362,11721.992
000d7d20_4363,11721.972
000d7d20_4364,11721.95
000d7d20_4365,11721.928
000d7d20_4366,11721.904
000d7d20_4367,11721.881
000d7d20_4368,11721.857
000d7d20_4369,11721.832
000d7d20_4370,11721.807
000d7d20_4371,11721.78
000d7d20_4372,11721.754
000d7d20_4373,11721.727
000d7d20_4374,11721.699
000d7d20_4375,11721.67
000d7d20_4376,11721.642
000d7d20_4377,11721.611
000d7d20_4378,11721.581
000d7d20_4379,11721.55
000d7d20_4380,11721.519
000d7d20_4381,11721.486
000d7d20_4382,11721.454
000d7d20_4383,11721.421
000d7d20_4384,11721.388
000d7d20_4385,11721.353
000d7d20_4386,11721.317
000d7d20_4387,11721.282
000d7d20_4388,11721.245
000d7d20_4389,11721.208
000d7d20_4390,11721.171
000d7d20_4391,11721.132
000d7d20_4392,11721.093
000d7d20_4393,11721.053
000d7d20_4394,11721.013
000d7d20_4395,11720.973
000d7d20_4396,11720.931
000d7d20_4397,11720.89
000d7d20_4398,11720.847
000d7d20_4399,11720.805
000d7d20_4400,11720.762
000d7d20_4401,11720.719
000d7d20_4402,11720.675
000d7d20_4403,11720.631
000d7d20_4404,11720.587
000d7d20_4405,11720.542
000d7d20_4406,11720.497
000d7d20_4407,11720.452
000d7d20_4408,11720.407
000d7d20_4409,11720.362
000d7d20_4410,11720.316
000d7d20_4411,11720.271
000d7d20_4412,11720.226
000d7d20_4413,11720.181
000d7d20_4414,11720.135
000d7d20_4415,11720.09
000d7d20_4416,11720.044
000d7d20_4417,11719.999
000d7d20_4418,11719.954
000d7d20_4419,11719.909
000d7d20_4420,11719.864
000d7d20_4421,11719.819
000d7d20_4422,11719.775
000d7d20_4423,11719.731
000d7d20_4424,11719.6875
000d7d20_4425,11719.645
000d7d20_4426,11719.601
000d7d20_4427,11719.558
000d7d20_4428,11719.516
000d7d20_4429,11719.473
000d7d20_4430,11719.431
000d7d20_4431,11719.389
000d7d20_4432,11719.347
000d7d20_4433,11719.306
000d7d20_4434,11719.265
000d7d20_4435,11719.224
000d7d20_4436,11719.184
000d7d20_4437,11719.144
000d7d20_4438,11719.1045
000d7d20_4439,11719.065
000d7d20_4440,11719.027
000d7d20_4441,11718.989
000d7d20_4442,11718.952
000d7d20_4443,11718.915
000d7d20_4444,11718.879
000d7d20_4445,11718.843
000d7d20_4446,11718.808
000d7d20_4447,11718.772
000d7d20_4448,11718.738
000d7d20_4449,11718.704
000d7d20_4450,11718.67
000d7d20_4451,11718.638
000d7d20_4452,11718.6045
000d7d20_4453,11718.573
000d7d20_4454,11718.542
000d7d20_4455,11718.512
000d7d20_4456,11718.481
000d7d20_4457,11718.452
000d7d20_4458,11718.424
000d7d20_4459,11718.3955
000d7d20_4460,11718.368
000d7d20_4461,11718.341
000d7d20_4462,11718.314
000d7d20_4463,11718.289
000d7d20_4464,11718.264
000d7d20_4465,11718.239
000d7d20_4466,11718.216
000d7d20_4467,11718.192
000d7d20_4468,11718.17
000d7d20_4469,11718.147
000d7d20_4470,11718.126
000d7d20_4471,11718.105
000d7d20_4472,11718.086
000d7d20_4473,11718.066
000d7d20_4474,11718.048
000d7d20_4475,11718.03
000d7d20_4476,11718.013
000d7d20_4477,11717.996
000d7d20_4478,11717.98
000d7d20_4479,11717.966
000d7d20_4480,11717.951
000d7d20_4481,11717.9375
000d7d20_4482,11717.925
000d7d20_4483,11717.912
000d7d20_4484,11717.9
000d7d20_4485,11717.89
000d7d20_4486,11717.879
000d7d20_4487,11717.869
000d7d20_4488,11717.859
000d7d20_4489,11717.851
000d7d20_4490,11717.843
000d7d20_4491,11717.835
000d7d20_4492,11717.828
000d7d20_4493,11717.821
000d7d20_4494,11717.815
000d7d20_4495,11717.81
000d7d20_4496,11717.805
000d7d20_4497,11717.8
000d7d20_4498,11717.796
000d7d20_4499,11717.792
000d7d20_4500,11717.789
000d7d20_4501,11717.786
000d7d20_4502,11717.784
000d7d20_4503,11717.782
000d7d20_4504,11717.78
000d7d20_4505,11717.779
000d7d20_4506,11717.778
000d7d20_4507,11717.778
000d7d20_4508,11717.778
000d7d20_4509,11717.778
000d7d20_4510,11717.779
000d7d20_4511,11717.78
000d7d20_4512,11717.781
000d7d20_4513,11717.782
000d7d20_4514,11717.784
000d7d20_4515,11717.787
000d7d20_4516,11717.789
000d7d20_4517,11717.792
000d7d20_4518,11717.795
000d7d20_4519,11717.798
000d7d20_4520,11717.802
000d7d20_4521,11717.806
000d7d20_4522,11717.811
000d7d20_4523,11717.815
000d7d20_4524,11717.82
000d7d20_4525,11717.825
000d7d20_4526,11717.831
000d7d20_4527,11717.837
000d7d20_4528,11717.843
000d7d20_4529,11717.85
000d7d20_4530,11717.855
000d7d20_4531,11717.862
000d7d20_4532,11717.87
000d7d20_4533,11717.877
000d7d20_4534,11717.884
000d7d20_4535,11717.892
000d7d20_4536,11717.899
000d7d20_4537,11717.906
000d7d20_4538,11717.914
000d7d20_4539,11717.922
000d7d20_4540,11717.93
000d7d20_4541,11717.9375
000d7d20_4542,11717.945
000d7d20_4543,11717.954
000d7d20_4544,11717.962
000d7d20_4545,11717.97
000d7d20_4546,11717.978
000d7d20_4547,11717.985
000d7d20_4548,11717.993
000d7d20_4549,11718.001
000d7d20_4550,11718.008
000d7d20_4551,11718.016
000d7d20_4552,11718.022
000d7d20_4553,11718.029
000d7d20_4554,11718.036
000d7d20_4555,11718.042
000d7d20_4556,11718.049
000d7d20_4557,11718.055
000d7d20_4558,11718.061
000d7d20_4559,11718.066
000d7d20_4560,11718.071
000d7d20_4561,11718.076
000d7d20_4562,11718.081
000d7d20_4563,11718.085
000d7d20_4564,11718.09
000d7d20_4565,11718.093
000d7d20_4566,11718.097
000d7d20_4567,11718.1
000d7d20_4568,11718.103
000d7d20_4569,11718.105
000d7d20_4570,11718.107
000d7d20_4571,11718.109
000d7d20_4572,11718.111
000d7d20_4573,11718.112
000d7d20_4574,11718.113
000d7d20_4575,11718.113
000d7d20_4576,11718.114
000d7d20_4577,11718.113
000d7d20_4578,11718.113
000d7d20_4579,11718.112
000d7d20_4580,11718.11
000d7d20_4581,11718.108
000d7d20_4582,11718.106
000d7d20_4583,11718.104
000d7d20_4584,11718.101
000d7d20_4585,11718.097
000d7d20_4586,11718.094
000d7d20_4587,11718.089
000d7d20_4588,11718.085
000d7d20_4589,11718.081
000d7d20_4590,11718.076
000d7d20_4591,11718.071
000d7d20_4592,11718.065
000d7d20_4593,11718.061
000d7d20_4594,11718.055
000d7d20_4595,11718.049
000d7d20_4596,11718.043
000d7d20_4597,11718.037
000d7d20_4598,11718.03
000d7d20_4599,11718.024
000d7d20_4600,11718.018
000d7d20_4601,11718.011
000d7d20_4602,11718.003
000d7d20_4603,11717.996
000d7d20_4604,11717.989
000d7d20_4605,11717.981
000d7d20_4606,11717.974
000d7d20_4607,11717.967
000d7d20_4608,11717.959
000d7d20_4609,11717.951
000d7d20_4610,11717.943
000d7d20_4611,11717.936
000d7d20_4612,11717.929
000d7d20_4613,11717.921
000d7d20_4614,11717.913
000d7d20_4615,11717.905
000d7d20_4616,11717.897
000d7d20_4617,11717.89
000d7d20_4618,11717.883
000d7d20_4619,11717.875
000d7d20_4620,11717.867
000d7d20_4621,11717.859
000d7d20_4622,11717.852
000d7d20_4623,11717.845
000d7d20_4624,11717.837
000d7d20_4625,11717.829
000d7d20_4626,11717.822
000d7d20_4627,11717.814
000d7d20_4628,11717.808
000d7d20_4629,11717.801
000d7d20_4630,11717.794
000d7d20_4631,11717.787
000d7d20_4632,11717.78
000d7d20_4633,11717.773
000d7d20_4634,11717.767
000d7d20_4635,11717.761
000d7d20_4636,11717.755
000d7d20_4637,11717.749
000d7d20_4638,11717.743
000d7d20_4639,11717.737
000d7d20_4640,11717.732
000d7d20_4641,11717.727
000d7d20_4642,11717.722
000d7d20_4643,11717.717
000d7d20_4644,11717.713
000d7d20_4645,11717.708
000d7d20_4646,11717.704
000d7d20_4647,11717.7
000d7d20_4648,11717.696
000d7d20_4649,11717.692
000d7d20_4650,11717.689
000d7d20_4651,11717.686
000d7d20_4652,11717.683
000d7d20_4653,11717.68
000d7d20_4654,11717.677
000d7d20_4655,11717.674
000d7d20_4656,11717.671
000d7d20_4657,11717.668
000d7d20_4658,11717.665
000d7d20_4659,11717.662
000d7d20_4660,11717.659
000d7d20_4661,11717.656
000d7d20_4662,11717.653
000d7d20_4663,11717.651
000d7d20_4664,11717.648
000d7d20_4665,11717.6455
000d7d20_4666,11717.643
000d7d20_4667,11717.641
000d7d20_4668,11717.638
000d7d20_4669,11717.635
000d7d20_4670,11717.632
000d7d20_4671,11717.629
000d7d20_4672,11717.626
000d7d20_4673,11717.622
000d7d20_4674,11717.618
000d7d20_4675,11717.615
000d7d20_4676,11717.611
000d7d20_4677,11717.606
000d7d20_4678,11717.603
000d7d20_4679,11717.598
000d7d20_4680,11717.593
000d7d20_4681,11717.588
000d7d20_4682,11717.583
000d7d20_4683,11717.577
000d7d20_4684,11717.571
000d7d20_4685,11717.565
000d7d20_4686,11717.559
000d7d20_4687,11717.552
000d7d20_4688,11717.545
000d7d20_4689,11717.537
000d7d20_4690,11717.53
000d7d20_4691,11717.522
000d7d20_4692,11717.514
000d7d20_4693,11717.506
000d7d20_4694,11717.497
000d7d20_4695,11717.488
000d7d20_4696,11717.479
000d7d20_4697,11717.47
000d7d20_4698,11717.46
000d7d20_4699,11717.449
000d7d20_4700,11717.439
000d7d20_4701,11717.429
000d7d20_4702,11717.417
000d7d20_4703,11717.406
000d7d20_4704,11717.395
000d7d20_4705,11717.383
000d7d20_4706,11717.371
000d7d20_4707,11717.358
000d7d20_4708,11717.347
000d7d20_4709,11717.334
000d7d20_4710,11717.321
000d7d20_4711,11717.308
000d7d20_4712,11717.295
000d7d20_4713,11717.281
000d7d20_4714,11717.268
000d7d20_4715,11717.254
000d7d20_4716,11717.24
000d7d20_4717,11717.226
000d7d20_4718,11717.211
000d7d20_4719,11717.196
000d7d20_4720,11717.182
000d7d20_4721,11717.166
000d7d20_4722,11717.151
000d7d20_4723,11717.136
000d7d20_4724,11717.119
000d7d20_4725,11717.104
000d7d20_4726,11717.087
000d7d20_4727,11717.07
000d7d20_4728,11717.054
000d7d20_4729,11717.036
000d7d20_4730,11717.019
000d7d20_4731,11717.001
000d7d20_4732,11716.983
000d7d20_4733,11716.965
000d7d20_4734,11716.946
000d7d20_4735,11716.928
000d7d20_4736,11716.909
000d7d20_4737,11716.89
000d7d20_4738,11716.87
000d7d20_4739,11716.851
000d7d20_4740,11716.83
000d7d20_4741,11716.81
000d7d20_4742,11716.789
000d7d20_4743,11716.769
000d7d20_4744,11716.747
000d7d20_4745,11716.726
000d7d20_4746,11716.704
000d7d20_4747,11716.683
000d7d20_4748,11716.66
000d7d20_4749,11716.638
000d7d20_4750,11716.616
000d7d20_4751,11716.594
000d7d20_4752,11716.571
000d7d20_4753,11716.549
000d7d20_4754,11716.526
000d7d20_4755,11716.504
000d7d20_4756,11716.481
000d7d20_4757,11716.46
000d7d20_4758,11716.4375
000d7d20_4759,11716.415
000d7d20_4760,11716.394
000d7d20_4761,11716.372
000d7d20_4762,11716.35
000d7d20_4763,11716.329
000d7d20_4764,11716.308
000d7d20_4765,11716.287
000d7d20_4766,11716.267
000d7d20_4767,11716.246
000d7d20_4768,11716.227
000d7d20_4769,11716.207
000d7d20_4770,11716.1875
000d7d20_4771,11716.168
000d7d20_4772,11716.149
000d7d20_4773,11716.131
000d7d20_4774,11716.112
000d7d20_4775,11716.095
000d7d20_4776,11716.077
000d7d20_4777,11716.06
000d7d20_4778,11716.043
000d7d20_4779,11716.026
000d7d20_4780,11716.011
000d7d20_4781,11715.995
000d7d20_4782,11715.98
000d7d20_4783,11715.966
000d7d20_4784,11715.951
000d7d20_4785,11715.9375
000d7d20_4786,11715.925
000d7d20_4787,11715.912
000d7d20_4788,11715.899
000d7d20_4789,11715.889
000d7d20_4790,11715.877
000d7d20_4791,11715.867
000d7d20_4792,11715.856
000d7d20_4793,11715.848
000d7d20_4794,11715.839
000d7d20_4795,11715.83
000d7d20_4796,11715.822
000d7d20_4797,11715.815
000d7d20_4798,11715.81
000d7d20_4799,11715.804
000d7d20_4800,11715.799
000d7d20_4801,11715.794
000d7d20_4802,11715.791
000d7d20_4803,11715.787
000d7d20_4804,11715.785
000d7d20_4805,11715.783
000d7d20_4806,11715.782
000d7d20_4807,11715.782
000d7d20_4808,11715.782
000d7d20_4809,11715.784
000d7d20_4810,11715.786
000d7d20_4811,11715.789
000d7d20_4812,11715.792
000d7d20_4813,11715.797
000d7d20_4814,11715.802
000d7d20_4815,11715.808
000d7d20_4816,11715.813
000d7d20_4817,11715.821
000d7d20_4818,11715.829
000d7d20_4819,11715.838
000d7d20_4820,11715.847
000d7d20_4821,11715.857
000d7d20_4822,11715.868
000d7d20_4823,11715.88
000d7d20_4824,11715.892
000d7d20_4825,11715.905
000d7d20_4826,11715.919
000d7d20_4827,11715.933
000d7d20_4828,11715.947
000d7d20_4829,11715.963
000d7d20_4830,11715.9795
000d7d20_4831,11715.996
000d7d20_4832,11716.013
000d7d20_4833,11716.031
000d7d20_4834,11716.05
000d7d20_4835,11716.068
000d7d20_4836,11716.088
000d7d20_4837,11716.107
000d7d20_4838,11716.128
000d7d20_4839,11716.149
000d7d20_4840,11716.171
000d7d20_4841,11716.193
000d7d20_4842,11716.216
000d7d20_4843,11716.238
000d7d20_4844,11716.263
000d7d20_4845,11716.286
000d7d20_4846,11716.311
000d7d20_4847,11716.336
000d7d20_4848,11716.361
000d7d20_4849,11716.387
000d7d20_4850,11716.413
000d7d20_4851,11716.439
000d7d20_4852,11716.466
000d7d20_4853,11716.493
000d7d20_4854,11716.5205
000d7d20_4855,11716.548
000d7d20_4856,11716.576
000d7d20_4857,11716.6045
000d7d20_4858,11716.633
000d7d20_4859,11716.662
000d7d20_4860,11716.69
000d7d20_4861,11716.72
000d7d20_4862,11716.749
000d7d20_4863,11716.778
000d7d20_4864,11716.808
000d7d20_4865,11716.837
000d7d20_4866,11716.866
000d7d20_4867,11716.8955
000d7d20_4868,11716.925
000d7d20_4869,11716.953
000d7d20_4870,11716.982
000d7d20_4871,11717.012
000d7d20_4872,11717.041
000d7d20_4873,11717.07
000d7d20_4874,11717.099
000d7d20_4875,11717.128
000d7d20_4876,11717.156
000d7d20_4877,11717.185
000d7d20_4878,11717.212
000d7d20_4879,11717.24
000d7d20_4880,11717.268
000d7d20_4881,11717.295
000d7d20_4882,11717.322
000d7d20_4883,11717.349
000d7d20_4884,11717.375
000d7d20_4885,11717.401
000d7d20_4886,11717.428
000d7d20_4887,11717.453
000d7d20_4888,11717.479
000d7d20_4889,11717.503
000d7d20_4890,11717.527
000d7d20_4891,11717.551
000d7d20_4892,11717.574
000d7d20_4893,11717.598
000d7d20_4894,11717.62
000d7d20_4895,11717.642
000d7d20_4896,11717.663
000d7d20_4897,11717.685
000d7d20_4898,11717.705
000d7d20_4899,11717.725
000d7d20_4900,11717.744
000d7d20_4901,11717.762
000d7d20_4902,11717.78
000d7d20_4903,11717.797
000d7d20_4904,11717.814
000d7d20_4905,11717.83
000d7d20_4906,11717.846
000d7d20_4907,11717.86
000d7d20_4908,11717.874
000d7d20_4909,11717.888
000d7d20_4910,11717.9
000d7d20_4911,11717.912
000d7d20_4912,11717.923
000d7d20_4913,11717.934
000d7d20_4914,11717.943
000d7d20_4915,11717.951
000d7d20_4916,11717.959
000d7d20_4917,11717.967
000d7d20_4918,11717.973
000d7d20_4919,11717.978
000d7d20_4920,11717.982
000d7d20_4921,11717.986
000d7d20_4922,11717.988
000d7d20_4923,11717.99
000d7d20_4924,11717.991
000d7d20_4925,11717.991
000d7d20_4926,11717.99
000d7d20_4927,11717.989
000d7d20_4928,11717.986
000d7d20_4929,11717.982
000d7d20_4930,11717.979
000d7d20_4931,11717.973
000d7d20_4932,11717.967
000d7d20_4933,11717.959
000d7d20_4934,11717.951
000d7d20_4935,11717.942
000d7d20_4936,11717.933
000d7d20_4937,11717.922
000d7d20_4938,11717.91
000d7d20_4939,11717.898
000d7d20_4940,11717.885
000d7d20_4941,11717.871
000d7d20_4942,11717.856
000d7d20_4943,11717.841
000d7d20_4944,11717.825
000d7d20_4945,11717.809
000d7d20_4946,11717.791
000d7d20_4947,11717.772
000d7d20_4948,11717.754
000d7d20_4949,11717.734
000d7d20_4950,11717.715
000d7d20_4951,11717.694
000d7d20_4952,11717.673
000d7d20_4953,11717.651
000d7d20_4954,11717.629
000d7d20_4955,11717.605
000d7d20_4956,11717.582
000d7d20_4957,11717.558
000d7d20_4958,11717.533
000d7d20_4959,11717.508
000d7d20_4960,11717.481
000d7d20_4961,11717.455
000d7d20_4962,11717.428
000d7d20_4963,11717.4
000d7d20_4964,11717.372
000d7d20_4965,11717.343
000d7d20_4966,11717.313
000d7d20_4967,11717.284
000d7d20_4968,11717.254
000d7d20_4969,11717.223
000d7d20_4970,11717.191
000d7d20_4971,11717.159
000d7d20_4972,11717.127
000d7d20_4973,11717.094
000d7d20_4974,11717.061
000d7d20_4975,11717.026
000d7d20_4976,11716.992
000d7d20_4977,11716.958
000d7d20_4978,11716.923
000d7d20_4979,11716.888
000d7d20_4980,11716.852
000d7d20_4981,11716.815
000d7d20_4982,11716.779
000d7d20_4983,11716.743
000d7d20_4984,11716.706
000d7d20_4985,11716.669
000d7d20_4986,11716.631
000d7d20_4987,11716.594
000d7d20_4988,11716.556
000d7d20_4989,11716.519
000d7d20_4990,11716.48
000d7d20_4991,11716.442
000d7d20_4992,11716.404
000d7d20_4993,11716.366
000d7d20_4994,11716.328
000d7d20_4995,11716.29
000d7d20_4996,11716.252
000d7d20_4997,11716.214
000d7d20_4998,11716.177
000d7d20_4999,11716.139
000d7d20_5000,11716.102
000d7d20_5001,11716.064
000d7d20_5002,11716.027
000d7d20_5003,11715.991
000d7d20_5004,11715.954
000d7d20_5005,11715.918
000d7d20_5006,11715.883
000d7d20_5007,11715.847
000d7d20_5008,11715.812
000d7d20_5009,11715.776
000d7d20_5010,11715.741
000d7d20_5011,11715.707
000d7d20_5012,11715.672
000d7d20_5013,11715.638
000d7d20_5014,11715.604
000d7d20_5015,11715.569
000d7d20_5016,11715.536
000d7d20_5017,11715.503
000d7d20_5018,11715.47
000d7d20_5019,11715.4375
000d7d20_5020,11715.404
000d7d20_5021,11715.373
000d7d20_5022,11715.341
000d7d20_5023,11715.31
000d7d20_5024,11715.278
000d7d20_5025,11715.248
000d7d20_5026,11715.217
000d7d20_5027,11715.1875
000d7d20_5028,11715.157
000d7d20_5029,11715.128
000d7d20_5030,11715.1
000d7d20_5031,11715.071
000d7d20_5032,11715.043
000d7d20_5033,11715.016
000d7d20_5034,11714.988
000d7d20_5035,11714.962
000d7d20_5036,11714.936
000d7d20_5037,11714.909
000d7d20_5038,11714.884
000d7d20_5039,11714.859
000d7d20_5040,11714.834
000d7d20_5041,11714.811
000d7d20_5042,11714.786
000d7d20_5043,11714.763
000d7d20_5044,11714.74
000d7d20_5045,11714.717
000d7d20_5046,11714.695
000d7d20_5047,11714.673
000d7d20_5048,11714.651
000d7d20_5049,11714.63
000d7d20_5050,11714.609
000d7d20_5051,11714.589
000d7d20_5052,11714.568
000d7d20_5053,11714.549
000d7d20_5054,11714.529
000d7d20_5055,11714.51
000d7d20_5056,11714.491
000d7d20_5057,11714.473
000d7d20_5058,11714.454
000d7d20_5059,11714.436
000d7d20_5060,11714.418
000d7d20_5061,11714.4
000d7d20_5062,11714.383
000d7d20_5063,11714.365
000d7d20_5064,11714.349
000d7d20_5065,11714.332
000d7d20_5066,11714.315
000d7d20_5067,11714.3
000d7d20_5068,11714.283
000d7d20_5069,11714.269
000d7d20_5070,11714.253
000d7d20_5071,11714.237
000d7d20_5072,11714.223
000d7d20_5073,11714.208
000d7d20_5074,11714.193
000d7d20_5075,11714.179
000d7d20_5076,11714.165
000d7d20_5077,11714.15
000d7d20_5078,11714.137
000d7d20_5079,11714.124
000d7d20_5080,11714.11
000d7d20_5081,11714.098
000d7d20_5082,11714.084
000d7d20_5083,11714.071
000d7d20_5084,11714.059
000d7d20_5085,11714.046
000d7d20_5086,11714.034
000d7d20_5087,11714.021
000d7d20_5088,11714.01
000d7d20_5089,11713.997
000d7d20_5090,11713.985
000d7d20_5091,11713.974
000d7d20_5092,11713.962
000d7d20_5093,11713.95
000d7d20_5094,11713.938
000d7d20_5095,11713.927
000d7d20_5096,11713.915
000d7d20_5097,11713.903
000d7d20_5098,11713.892
000d7d20_5099,11713.881
000d7d20_5100,11713.869
000d7d20_5101,11713.858
000d7d20_5102,11713.847
000d7d20_5103,11713.836
000d7d20_5104,11713.824
000d7d20_5105,11713.813
000d7d20_5106,11713.802
000d7d20_5107,11713.791
000d7d20_5108,11713.779
000d7d20_5109,11713.768
000d7d20_5110,11713.757
000d7d20_5111,11713.745
000d7d20_5112,11713.734
000d7d20_5113,11713.723
000d7d20_5114,11713.712
000d7d20_5115,11713.7
000d7d20_5116,11713.689
000d7d20_5117,11713.678
000d7d20_5118,11713.667
000d7d20_5119,11713.655
000d7d20_5120,11713.645
000d7d20_5121,11713.633
000d7d20_5122,11713.622
000d7d20_5123,11713.61
000d7d20_5124,11713.6
000d7d20_5125,11713.588
000d7d20_5126,11713.577
000d7d20_5127,11713.565
000d7d20_5128,11713.555
000d7d20_5129,11713.543
000d7d20_5130,11713.532
000d7d20_5131,11713.5205
000d7d20_5132,11713.51
000d7d20_5133,11713.498
000d7d20_5134,11713.487
000d7d20_5135,11713.476
000d7d20_5136,11713.464
000d7d20_5137,11713.453
000d7d20_5138,11713.441
000d7d20_5139,11713.431
000d7d20_5140,11713.419
000d7d20_5141,11713.408
000d7d20_5142,11713.396
000d7d20_5143,11713.386
000d7d20_5144,11713.374
000d7d20_5145,11713.362
000d7d20_5146,11713.352
000d7d20_5147,11713.34
000d7d20_5148,11713.329
000d7d20_5149,11713.317
000d7d20_5150,11713.306
000d7d20_5151,11713.294
000d7d20_5152,11713.283
000d7d20_5153,11713.271
000d7d20_5154,11713.26
000d7d20_5155,11713.248
000d7d20_5156,11713.236
000d7d20_5157,11713.225
000d7d20_5158,11713.213
000d7d20_5159,11713.202
000d7d20_5160,11713.19
000d7d20_5161,11713.179
000d7d20_5162,11713.167
000d7d20_5163,11713.155
000d7d20_5164,11713.144
000d7d20_5165,11713.132
000d7d20_5166,11713.12
000d7d20_5167,11713.108
000d7d20_5168,11713.097
000d7d20_5169,11713.085
000d7d20_5170,11713.073
000d7d20_5171,11713.062
000d7d20_5172,11713.05
000d7d20_5173,11713.038
000d7d20_5174,11713.027
000d7d20_5175,11713.016
000d7d20_5176,11713.005
000d7d20_5177,11712.993
000d7d20_5178,11712.981
000d7d20_5179,11712.972
000d7d20_5180,11712.961
000d7d20_5181,11712.951
000d7d20_5182,11712.94
000d7d20_5183,11712.931
000d7d20_5184,11712.921
000d7d20_5185,11712.911
000d7d20_5186,11712.901
000d7d20_5187,11712.892
000d7d20_5188,11712.882
000d7d20_5189,11712.872
000d7d20_5190,11712.863
000d7d20_5191,11712.854
000d7d20_5192,11712.845
000d7d20_5193,11712.836
000d7d20_5194,11712.826
000d7d20_5195,11712.817
000d7d20_5196,11712.809
000d7d20_5197,11712.801
000d7d20_5198,11712.792
000d7d20_5199,11712.783
000d7d20_5200,11712.775
000d7d20_5201,11712.768
000d7d20_5202,11712.759
000d7d20_5203,11712.751
000d7d20_5204,11712.743
000d7d20_5205,11712.736
000d7d20_5206,11712.729
000d7d20_5207,11712.721
000d7d20_5208,11712.714
000d7d20_5209,11712.707
000d7d20_5210,11712.699
000d7d20_5211,11712.692
000d7d20_5212,11712.687
000d7d20_5213,11712.68
000d7d20_5214,11712.673
000d7d20_5215,11712.667
000d7d20_5216,11712.661
000d7d20_5217,11712.654
000d7d20_5218,11712.648
000d7d20_5219,11712.644
000d7d20_5220,11712.638
000d7d20_5221,11712.632
000d7d20_5222,11712.627
000d7d20_5223,11712.622
000d7d20_5224,11712.617
000d7d20_5225,11712.612
000d7d20_5226,11712.607
000d7d20_5227,11712.603
000d7d20_5228,11712.599
000d7d20_5229,11712.595
000d7d20_5230,11712.59
000d7d20_5231,11712.586
000d7d20_5232,11712.583
000d7d20_5233,11712.579
000d7d20_5234,11712.576
000d7d20_5235,11712.572
000d7d20_5236,11712.569
000d7d20_5237,11712.566
000d7d20_5238,11712.564
000d7d20_5239,11712.562
000d7d20_5240,11712.56
000d7d20_5241,11712.557
000d7d20_5242,11712.555
000d7d20_5243,11712.554
000d7d20_5244,11712.552
000d7d20_5245,11712.551
000d7d20_5246,11712.549
000d7d20_5247,11712.548
000d7d20_5248,11712.547
000d7d20_5249,11712.547
000d7d20_5250,11712.546
000d7d20_5251,11712.546
000d7d20_5252,11712.546
000d7d20_5253,11712.546
000d7d20_5254,11712.546
000d7d20_5255,11712.547
000d7d20_5256,11712.547
000d7d20_5257,11712.548
000d7d20_5258,11712.549
000d7d20_5259,11712.551
000d7d20_5260,11712.552
000d7d20_5261,11712.554
000d7d20_5262,11712.556
000d7d20_5263,11712.558
000d7d20_5264,11712.56
000d7d20_5265,11712.5625
000d7d20_5266,11712.565
000d7d20_5267,11712.568
000d7d20_5268,11712.571
000d7d20_5269,11712.575
000d7d20_5270,11712.578
000d7d20_5271,11712.582
000d7d20_5272,11712.586
000d7d20_5273,11712.591
000d7d20_5274,11712.595
000d7d20_5275,11712.6
000d7d20_5276,11712.6045
000d7d20_5277,11712.61
00bbac68_1545,12190.638
00bbac68_1546,12190.654
00bbac68_1547,12190.672
00bbac68_1548,12190.688
00bbac68_1549,12190.706
00bbac68_1550,12190.723
00bbac68_1551,12190.739
00bbac68_1552,12190.756
00bbac68_1553,12190.772
00bbac68_1554,12190.789
00bbac68_1555,12190.805
00bbac68_1556,12190.82
00bbac68_1557,12190.836
00bbac68_1558,12190.852
00bbac68_1559,12190.866
00bbac68_1560,12190.882
00bbac68_1561,12190.896
00bbac68_1562,12190.911
00bbac68_1563,12190.925
00bbac68_1564,12190.939
00bbac68_1565,12190.953
00bbac68_1566,12190.967
00bbac68_1567,12190.98
00bbac68_1568,12190.993
00bbac68_1569,12191.007
00bbac68_1570,12191.02
00bbac68_1571,12191.032
00bbac68_1572,12191.045
00bbac68_1573,12191.057
00bbac68_1574,12191.069
00bbac68_1575,12191.081
00bbac68_1576,12191.093
00bbac68_1577,12191.104
00bbac68_1578,12191.115
00bbac68_1579,12191.126
00bbac68_1580,12191.137
00bbac68_1581,12191.147
00bbac68_1582,12191.157
00bbac68_1583,12191.168
00bbac68_1584,12191.178
00bbac68_1585,12191.1875
00bbac68_1586,12191.196
00bbac68_1587,12191.206
00bbac68_1588,12191.215
00bbac68_1589,12191.224
00bbac68_1590,12191.232
00bbac68_1591,12191.24
00bbac68_1592,12191.249
00bbac68_1593,12191.257
00bbac68_1594,12191.265
00bbac68_1595,12191.271
00bbac68_1596,12191.278
00bbac68_1597,12191.286
00bbac68_1598,12191.292
00bbac68_1599,12191.299
00bbac68_1600,12191.305
00bbac68_1601,12191.312
00bbac68_1602,12191.317
00bbac68_1603,12191.322
00bbac68_1604,12191.328
00bbac68_1605,12191.333
00bbac68_1606,12191.338
00bbac68_1607,12191.343
00bbac68_1608,12191.348
00bbac68_1609,12191.353
00bbac68_1610,12191.356
00bbac68_1611,12191.36
00bbac68_1612,12191.365
00bbac68_1613,12191.368
00bbac68_1614,12191.372
00bbac68_1615,12191.376
00bbac68_1616,12191.379
00bbac68_1617,12191.382
00bbac68_1618,12191.385
00bbac68_1619,12191.388
00bbac68_1620,12191.39
00bbac68_1621,12191.392
00bbac68_1622,12191.395
00bbac68_1623,12191.396
00bbac68_1624,12191.397
00bbac68_1625,12191.399
00bbac68_1626,12191.401
00bbac68_1627,12191.402
00bbac68_1628,12191.404
00bbac68_1629,12191.405
00bbac68_1630,12191.406
00bbac68_1631,12191.407
00bbac68_1632,12191.408
00bbac68_1633,12191.408
00bbac68_1634,12191.409
00bbac68_1635,12191.41
00bbac68_1636,12191.41
00bbac68_1637,12191.41
00bbac68_1638,12191.411
00bbac68_1639,12191.411
00bbac68_1640,12191.411
00bbac68_1641,12191.411
00bbac68_1642,12191.411
00bbac68_1643,12191.411
00bbac68_1644,12191.41
00bbac68_1645,12191.41
00bbac68_1646,12191.409
00bbac68_1647,12191.408
00bbac68_1648,12191.407
00bbac68_1649,12191.406
00bbac68_1650,12191.405
00bbac68_1651,12191.403
00bbac68_1652,12191.402
00bbac68_1653,12191.4
00bbac68_1654,12191.398
00bbac68_1655,12191.396
00bbac68_1656,12191.394
00bbac68_1657,12191.392
00bbac68_1658,12191.39
00bbac68_1659,12191.387
00bbac68_1660,12191.384
00bbac68_1661,12191.381
00bbac68_1662,12191.378
00bbac68_1663,12191.375
00bbac68_1664,12191.372
00bbac68_1665,12191.368
00bbac68_1666,12191.364
00bbac68_1667,12191.36
00bbac68_1668,12191.356
00bbac68_1669,12191.353
00bbac68_1670,12191.349
00bbac68_1671,12191.344
00bbac68_1672,12191.34
00bbac68_1673,12191.335
00bbac68_1674,12191.33
00bbac68_1675,12191.325
00bbac68_1676,12191.321
00bbac68_1677,12191.316
00bbac68_1678,12191.312
00bbac68_1679,12191.307
00bbac68_1680,12191.303
00bbac68_1681,12191.298
00bbac68_1682,12191.293
00bbac68_1683,12191.288
00bbac68_1684,12191.284
00bbac68_1685,12191.279
00bbac68_1686,12191.274
00bbac68_1687,12191.27
00bbac68_1688,12191.266
00bbac68_1689,12191.261
00bbac68_1690,12191.256
00bbac68_1691,12191.251
00bbac68_1692,12191.246
00bbac68_1693,12191.242
00bbac68_1694,12191.237
00bbac68_1695,12191.232
00bbac68_1696,12191.228
00bbac68_1697,12191.223
00bbac68_1698,12191.218
00bbac68_1699,12191.213
00bbac68_1700,12191.208
00bbac68_1701,12191.203
00bbac68_1702,12191.198
00bbac68_1703,12191.192
00bbac68_1704,12191.1875
00bbac68_1705,12191.182
00bbac68_1706,12191.177
00bbac68_1707,12191.171
00bbac68_1708,12191.166
00bbac68_1709,12191.16
00bbac68_1710,12191.154
00bbac68_1711,12191.148
00bbac68_1712,12191.143
00bbac68_1713,12191.137
00bbac68_1714,12191.131
00bbac68_1715,12191.125
00bbac68_1716,12191.119
00bbac68_1717,12191.113
00bbac68_1718,12191.107
00bbac68_1719,12191.102
00bbac68_1720,12191.096
00bbac68_1721,12191.089
00bbac68_1722,12191.083
00bbac68_1723,12191.077
00bbac68_1724,12191.07
00bbac68_1725,12191.064
00bbac68_1726,12191.058
00bbac68_1727,12191.052
00bbac68_1728,12191.046
00bbac68_1729,12191.039
00bbac68_1730,12191.033
00bbac68_1731,12191.026
00bbac68_1732,12191.0205
00bbac68_1733,12191.014
00bbac68_1734,12191.007
00bbac68_1735,12191.001
00bbac68_1736,12190.994
00bbac68_1737,12190.987
00bbac68_1738,12190.98
00bbac68_1739,12190.973
00bbac68_1740,12190.966
00bbac68_1741,12190.959
00bbac68_1742,12190.951
00bbac68_1743,12190.943
00bbac68_1744,12190.936
00bbac68_1745,12190.928
00bbac68_1746,12190.92
00bbac68_1747,12190.912
00bbac68_1748,12190.903
00bbac68_1749,12190.895
00bbac68_1750,12190.886
00bbac68_1751,12190.877
00bbac68_1752,12190.868
00bbac68_1753,12190.858
00bbac68_1754,12190.85
00bbac68_1755,12190.84
00bbac68_1756,12190.831
00bbac68_1757,12190.821
00bbac68_1758,12190.812
00bbac68_1759,12190.802
00bbac68_1760,12190.792
00bbac68_1761,12190.782
00bbac68_1762,12190.772
00bbac68_1763,12190.762
00bbac68_1764,12190.752
00bbac68_1765,12190.741
00bbac68_1766,12190.731
00bbac68_1767,12190.721
00bbac68_1768,12190.711
00bbac68_1769,12190.7
00bbac68_1770,12190.689
00bbac68_1771,12190.68
00bbac68_1772,12190.669
00bbac68_1773,12190.658
00bbac68_1774,12190.648
00bbac68_1775,12190.638
00bbac68_1776,12190.627
00bbac68_1777,12190.616
00bbac68_1778,12190.605
00bbac68_1779,12190.595
00bbac68_1780,12190.585
00bbac68_1781,12190.574
00bbac68_1782,12190.563
00bbac68_1783,12190.552
00bbac68_1784,12190.541
00bbac68_1785,12190.53
00bbac68_1786,12190.52
00bbac68_1787,12190.509
00bbac68_1788,12190.498
00bbac68_1789,12190.487
00bbac68_1790,12190.477
00bbac68_1791,12190.466
00bbac68_1792,12190.455
00bbac68_1793,12190.444
00bbac68_1794,12190.434
00bbac68_1795,12190.424
00bbac68_1796,12190.413
00bbac68_1797,12190.402
00bbac68_1798,12190.393
00bbac68_1799,12190.382
00bbac68_1800,12190.372
00bbac68_1801,12190.361
00bbac68_1802,12190.352
00bbac68_1803,12190.342
00bbac68_1804,12190.332
00bbac68_1805,12190.322
00bbac68_1806,12190.3125
00bbac68_1807,12190.303
00bbac68_1808,12190.293
00bbac68_1809,12190.283
00bbac68_1810,12190.273
00bbac68_1811,12190.265
00bbac68_1812,12190.256
00bbac68_1813,12190.246
00bbac68_1814,12190.237
00bbac68_1815,12190.229
00bbac68_1816,12190.22
00bbac68_1817,12190.212
00bbac68_1818,12190.203
00bbac68_1819,12190.195
00bbac68_1820,12190.1875
00bbac68_1821,12190.18
00bbac68_1822,12190.172
00bbac68_1823,12190.164
00bbac68_1824,12190.156
00bbac68_1825,12190.149
00bbac68_1826,12190.142
00bbac68_1827,12190.135
00bbac68_1828,12190.128
00bbac68_1829,12190.121
00bbac68_1830,12190.114
00bbac68_1831,12190.108
00bbac68_1832,12190.102
00bbac68_1833,12190.096
00bbac68_1834,12190.089
00bbac68_1835,12190.083
00bbac68_1836,12190.077
00bbac68_1837,12190.071
00bbac68_1838,12190.065
00bbac68_1839,12190.06
00bbac68_1840,12190.054
00bbac68_1841,12190.048
00bbac68_1842,12190.043
00bbac68_1843,12190.037
00bbac68_1844,12190.032
00bbac68_1845,12190.026
00bbac68_1846,12190.021
00bbac68_1847,12190.017
00bbac68_1848,12190.012
00bbac68_1849,12190.007
00bbac68_1850,12190.002
00bbac68_1851,12189.998
00bbac68_1852,12189.993
00bbac68_1853,12189.989
00bbac68_1854,12189.984
00bbac68_1855,12189.98
00bbac68_1856,12189.977
00bbac68_1857,12189.973
00bbac68_1858,12189.969
00bbac68_1859,12189.965
00bbac68_1860,12189.961
00bbac68_1861,12189.958
00bbac68_1862,12189.954
00bbac68_1863,12189.951
00bbac68_1864,12189.947
00bbac68_1865,12189.944
00bbac68_1866,12189.941
00bbac68_1867,12189.938
00bbac68_1868,12189.936
00bbac68_1869,12189.933
00bbac68_1870,12189.931
00bbac68_1871,12189.929
00bbac68_1872,12189.926
00bbac68_1873,12189.924
00bbac68_1874,12189.922
00bbac68_1875,12189.921
00bbac68_1876,12189.919
00bbac68_1877,12189.917
00bbac68_1878,12189.916
00bbac68_1879,12189.914
00bbac68_1880,12189.913
00bbac68_1881,12189.912
00bbac68_1882,12189.91
00bbac68_1883,12189.909
00bbac68_1884,12189.908
00bbac68_1885,12189.907
00bbac68_1886,12189.906
00bbac68_1887,12189.905
00bbac68_1888,12189.904
00bbac68_1889,12189.903
00bbac68_1890,12189.903
00bbac68_1891,12189.902
00bbac68_1892,12189.901
00bbac68_1893,12189.9
00bbac68_1894,12189.899
00bbac68_1895,12189.899
00bbac68_1896,12189.898
00bbac68_1897,12189.897
00bbac68_1898,12189.897
00bbac68_1899,12189.896
00bbac68_1900,12189.896
00bbac68_1901,12189.8955
00bbac68_1902,12189.8955
00bbac68_1903,12189.8955
00bbac68_1904,12189.8955
00bbac68_1905,12189.8955
00bbac68_1906,12189.8955
00bbac68_1907,12189.8955
00bbac68_1908,12189.8955
00bbac68_1909,12189.8955
00bbac68_1910,12189.896
00bbac68_1911,12189.896
00bbac68_1912,12189.897
00bbac68_1913,12189.898
00bbac68_1914,12189.898
00bbac68_1915,12189.899
00bbac68_1916,12189.9
00bbac68_1917,12189.901
00bbac68_1918,12189.903
00bbac68_1919,12189.904
00bbac68_1920,12189.905
00bbac68_1921,12189.907
00bbac68_1922,12189.908
00bbac68_1923,12189.91
00bbac68_1924,12189.911
00bbac68_1925,12189.913
00bbac68_1926,12189.915
00bbac68_1927,12189.917
00bbac68_1928,12189.918
00bbac68_1929,12189.92
00bbac68_1930,12189.922
00bbac68_1931,12189.923
00bbac68_1932,12189.925
00bbac68_1933,12189.926
00bbac68_1934,12189.928
00bbac68_1935,12189.929
00bbac68_1936,12189.931
00bbac68_1937,12189.932
00bbac68_1938,12189.934
00bbac68_1939,12189.935
00bbac68_1940,12189.936
00bbac68_1941,12189.9375
00bbac68_1942,12189.938
00bbac68_1943,12189.939
00bbac68_1944,12189.94
00bbac68_1945,12189.941
00bbac68_1946,12189.941
00bbac68_1947,12189.942
00bbac68_1948,12189.942
00bbac68_1949,12189.943
00bbac68_1950,12189.943
00bbac68_1951,12189.944
00bbac68_1952,12189.944
00bbac68_1953,12189.944
00bbac68_1954,12189.944
00bbac68_1955,12189.944
00bbac68_1956,12189.944
00bbac68_1957,12189.944
00bbac68_1958,12189.944
00bbac68_1959,12189.944
00bbac68_1960,12189.944
00bbac68_1961,12189.943
00bbac68_1962,12189.943
00bbac68_1963,12189.942
00bbac68_1964,12189.942
00bbac68_1965,12189.941
00bbac68_1966,12189.94
00bbac68_1967,12189.939
00bbac68_1968,12189.938
00bbac68_1969,12189.9375
00bbac68_1970,12189.937
00bbac68_1971,12189.936
00bbac68_1972,12189.934
00bbac68_1973,12189.933
00bbac68_1974,12189.931
00bbac68_1975,12189.93
00bbac68_1976,12189.928
00bbac68_1977,12189.926
00bbac68_1978,12189.924
00bbac68_1979,12189.922
00bbac68_1980,12189.921
00bbac68_1981,12189.919
00bbac68_1982,12189.917
00bbac68_1983,12189.915
00bbac68_1984,12189.913
00bbac68_1985,12189.911
00bbac68_1986,12189.909
00bbac68_1987,12189.907
00bbac68_1988,12189.905
00bbac68_1989,12189.903
00bbac68_1990,12189.901
00bbac68_1991,12189.898
00bbac68_1992,12189.896
00bbac68_1993,12189.895
00bbac68_1994,12189.893
00bbac68_1995,12189.891
00bbac68_1996,12189.889
00bbac68_1997,12189.887
00bbac68_1998,12189.885
00bbac68_1999,12189.883
00bbac68_2000,12189.88
00bbac68_2001,12189.878
00bbac68_2002,12189.876
00bbac68_2003,12189.874
00bbac68_2004,12189.872
00bbac68_2005,12189.87
00bbac68_2006,12189.868
00bbac68_2007,12189.866
00bbac68_2008,12189.864
00bbac68_2009,12189.862
00bbac68_2010,12189.86
00bbac68_2011,12189.858
00bbac68_2012,12189.857
00bbac68_2013,12189.855
00bbac68_2014,12189.854
00bbac68_2015,12189.853
00bbac68_2016,12189.851
00bbac68_2017,12189.85
00bbac68_2018,12189.848
00bbac68_2019,12189.846
00bbac68_2020,12189.845
00bbac68_2021,12189.843
00bbac68_2022,12189.842
00bbac68_2023,12189.84
00bbac68_2024,12189.838
00bbac68_2025,12189.837
00bbac68_2026,12189.835
00bbac68_2027,12189.833
00bbac68_2028,12189.832
00bbac68_2029,12189.83
00bbac68_2030,12189.828
00bbac68_2031,12189.826
00bbac68_2032,12189.825
00bbac68_2033,12189.823
00bbac68_2034,12189.821
00bbac68_2035,12189.82
00bbac68_2036,12189.818
00bbac68_2037,12189.816
00bbac68_2038,12189.814
00bbac68_2039,12189.813
00bbac68_2040,12189.812
00bbac68_2041,12189.81
00bbac68_2042,12189.809
00bbac68_2043,12189.807
00bbac68_2044,12189.805
00bbac68_2045,12189.803
00bbac68_2046,12189.802
00bbac68_2047,12189.8
00bbac68_2048,12189.798
00bbac68_2049,12189.796
00bbac68_2050,12189.795
00bbac68_2051,12189.793
00bbac68_2052,12189.791
00bbac68_2053,12189.79
00bbac68_2054,12189.788
00bbac68_2055,12189.787
00bbac68_2056,12189.785
00bbac68_2057,12189.784
00bbac68_2058,12189.782
00bbac68_2059,12189.781
00bbac68_2060,12189.779
00bbac68_2061,12189.778
00bbac68_2062,12189.776
00bbac68_2063,12189.775
00bbac68_2064,12189.774
00bbac68_2065,12189.772
00bbac68_2066,12189.771
00bbac68_2067,12189.77
00bbac68_2068,12189.769
00bbac68_2069,12189.767
00bbac68_2070,12189.766
00bbac68_2071,12189.764
00bbac68_2072,12189.763
00bbac68_2073,12189.761
00bbac68_2074,12189.76
00bbac68_2075,12189.758
00bbac68_2076,12189.757
00bbac68_2077,12189.755
00bbac68_2078,12189.754
00bbac68_2079,12189.752
00bbac68_2080,12189.75
00bbac68_2081,12189.749
00bbac68_2082,12189.747
00bbac68_2083,12189.745
00bbac68_2084,12189.744
00bbac68_2085,12189.742
00bbac68_2086,12189.74
00bbac68_2087,12189.738
00bbac68_2088,12189.736
00bbac68_2089,12189.735
00bbac68_2090,12189.733
00bbac68_2091,12189.731
00bbac68_2092,12189.73
00bbac68_2093,12189.729
00bbac68_2094,12189.727
00bbac68_2095,12189.726
00bbac68_2096,12189.725
00bbac68_2097,12189.723
00bbac68_2098,12189.722
00bbac68_2099,12189.721
00bbac68_2100,12189.719
00bbac68_2101,12189.718
00bbac68_2102,12189.717
00bbac68_2103,12189.716
00bbac68_2104,12189.715
00bbac68_2105,12189.714
00bbac68_2106,12189.713
00bbac68_2107,12189.712
00bbac68_2108,12189.711
00bbac68_2109,12189.71
00bbac68_2110,12189.71
00bbac68_2111,12189.709
00bbac68_2112,12189.708
00bbac68_2113,12189.708
00bbac68_2114,12189.708
00bbac68_2115,12189.707
00bbac68_2116,12189.707
00bbac68_2117,12189.706
00bbac68_2118,12189.706
00bbac68_2119,12189.706
00bbac68_2120,12189.706
00bbac68_2121,12189.705
00bbac68_2122,12189.705
00bbac68_2123,12189.705
00bbac68_2124,12189.705
00bbac68_2125,12189.704
00bbac68_2126,12189.704
00bbac68_2127,12189.704
00bbac68_2128,12189.703
00bbac68_2129,12189.703
00bbac68_2130,12189.703
00bbac68_2131,12189.702
00bbac68_2132,12189.702
00bbac68_2133,12189.701
00bbac68_2134,12189.701
00bbac68_2135,12189.7
00bbac68_2136,12189.7
00bbac68_2137,12189.699
00bbac68_2138,12189.698
00bbac68_2139,12189.698
00bbac68_2140,12189.697
00bbac68_2141,12189.696
00bbac68_2142,12189.695
00bbac68_2143,12189.695
00bbac68_2144,12189.694
00bbac68_2145,12189.693
00bbac68_2146,12189.693
00bbac68_2147,12189.692
00bbac68_2148,12189.691
00bbac68_2149,12189.691
00bbac68_2150,12189.69
00bbac68_2151,12189.69
00bbac68_2152,12189.689
00bbac68_2153,12189.689
00bbac68_2154,12189.688
00bbac68_2155,12189.688
00bbac68_2156,12189.688
00bbac68_2157,12189.688
00bbac68_2158,12189.6875
00bbac68_2159,12189.6875
00bbac68_2160,12189.6875
00bbac68_2161,12189.6875
00bbac68_2162,12189.6875
00bbac68_2163,12189.6875
00bbac68_2164,12189.688
00bbac68_2165,12189.688
00bbac68_2166,12189.688
00bbac68_2167,12189.689
00bbac68_2168,12189.689
00bbac68_2169,12189.689
00bbac68_2170,12189.69
00bbac68_2171,12189.69
00bbac68_2172,12189.691
00bbac68_2173,12189.691
00bbac68_2174,12189.692
00bbac68_2175,12189.693
00bbac68_2176,12189.693
00bbac68_2177,12189.694
00bbac68_2178,12189.695
00bbac68_2179,12189.696
00bbac68_2180,12189.697
00bbac68_2181,12189.698
00bbac68_2182,12189.699
00bbac68_2183,12189.7
00bbac68_2184,12189.701
00bbac68_2185,12189.702
00bbac68_2186,12189.703
00bbac68_2187,12189.705
00bbac68_2188,12189.706
00bbac68_2189,12189.707
00bbac68_2190,12189.709
00bbac68_2191,12189.71
00bbac68_2192,12189.712
00bbac68_2193,12189.714
00bbac68_2194,12189.715
00bbac68_2195,12189.717
00bbac68_2196,12189.719
00bbac68_2197,12189.721
00bbac68_2198,12189.724
00bbac68_2199,12189.726
00bbac68_2200,12189.728
00bbac68_2201,12189.73
00bbac68_2202,12189.732
00bbac68_2203,12189.735
00bbac68_2204,12189.737
00bbac68_2205,12189.74
00bbac68_2206,12189.743
00bbac68_2207,12189.746
00bbac68_2208,12189.749
00bbac68_2209,12189.752
00bbac68_2210,12189.756
00bbac68_2211,12189.759
00bbac68_2212,12189.763
00bbac68_2213,12189.767
00bbac68_2214,12189.7705
00bbac68_2215,12189.774
00bbac68_2216,12189.778
00bbac68_2217,12189.782
00bbac68_2218,12189.787
00bbac68_2219,12189.791
00bbac68_2220,12189.796
00bbac68_2221,12189.801
00bbac68_2222,12189.806
00bbac68_2223,12189.811
00bbac68_2224,12189.815
00bbac68_2225,12189.82
00bbac68_2226,12189.826
00bbac68_2227,12189.831
00bbac68_2228,12189.837
00bbac68_2229,12189.843
00bbac68_2230,12189.849
00bbac68_2231,12189.855
00bbac68_2232,12189.861
00bbac68_2233,12189.868
00bbac68_2234,12189.874
00bbac68_2235,12189.881
00bbac68_2236,12189.888
00bbac68_2237,12189.895
00bbac68_2238,12189.901
00bbac68_2239,12189.908
00bbac68_2240,12189.915
00bbac68_2241,12189.922
00bbac68_2242,12189.929
00bbac68_2243,12189.936
00bbac68_2244,12189.943
00bbac68_2245,12189.95
00bbac68_2246,12189.957
00bbac68_2247,12189.965
00bbac68_2248,12189.972
00bbac68_2249,12189.979
00bbac68_2250,12189.986
00bbac68_2251,12189.993
00bbac68_2252,12190.0
00bbac68_2253,12190.008
00bbac68_2254,12190.015
00bbac68_2255,12190.021
00bbac68_2256,12190.029
00bbac68_2257,12190.036
00bbac68_2258,12190.043
00bbac68_2259,12190.05
00bbac68_2260,12190.057
00bbac68_2261,12190.0625
00bbac68_2262,12190.069
00bbac68_2263,12190.076
00bbac68_2264,12190.082
00bbac68_2265,12190.089
00bbac68_2266,12190.095
00bbac68_2267,12190.101
00bbac68_2268,12190.106
00bbac68_2269,12190.112
00bbac68_2270,12190.118
00bbac68_2271,12190.124
00bbac68_2272,12190.129
00bbac68_2273,12190.135
00bbac68_2274,12190.14
00bbac68_2275,12190.1455
00bbac68_2276,12190.15
00bbac68_2277,12190.155
00bbac68_2278,12190.16
00bbac68_2279,12190.165
00bbac68_2280,12190.17
00bbac68_2281,12190.175
00bbac68_2282,12190.18
00bbac68_2283,12190.185
00bbac68_2284,12190.189
00bbac68_2285,12190.194
00bbac68_2286,12190.199
00bbac68_2287,12190.204
00bbac68_2288,12190.209
00bbac68_2289,12190.213
00bbac68_2290,12190.218
00bbac68_2291,12190.223
00bbac68_2292,12190.227
00bbac68_2293,12190.231
00bbac68_2294,12190.236
00bbac68_2295,12190.24
00bbac68_2296,12190.245
00bbac68_2297,12190.249
00bbac68_2298,12190.253
00bbac68_2299,12190.258
00bbac68_2300,12190.262
00bbac68_2301,12190.266
00bbac68_2302,12190.27
00bbac68_2303,12190.273
00bbac68_2304,12190.278
00bbac68_2305,12190.282
00bbac68_2306,12190.286
00bbac68_2307,12190.29
00bbac68_2308,12190.294
00bbac68_2309,12190.298
00bbac68_2310,12190.302
00bbac68_2311,12190.307
00bbac68_2312,12190.311
00bbac68_2313,12190.314
00bbac68_2314,12190.318
00bbac68_2315,12190.323
00bbac68_2316,12190.327
00bbac68_2317,12190.331
00bbac68_2318,12190.335
00bbac68_2319,12190.339
00bbac68_2320,12190.344
00bbac68_2321,12190.348
00bbac68_2322,12190.351
00bbac68_2323,12190.3545
00bbac68_2324,12190.358
00bbac68_2325,12190.362
00bbac68_2326,12190.367
00bbac68_2327,12190.371
00bbac68_2328,12190.375
00bbac68_2329,12190.379
00bbac68_2330,12190.384
00bbac68_2331,12190.388
00bbac68_2332,12190.393
00bbac68_2333,12190.396
00bbac68_2334,12190.401
00bbac68_2335,12190.406
00bbac68_2336,12190.411
00bbac68_2337,12190.416
00bbac68_2338,12190.421
00bbac68_2339,12190.427
00bbac68_2340,12190.432
00bbac68_2341,12190.437
00bbac68_2342,12190.442
00bbac68_2343,12190.448
00bbac68_2344,12190.454
00bbac68_2345,12190.459
00bbac68_2346,12190.465
00bbac68_2347,12190.471
00bbac68_2348,12190.477
00bbac68_2349,12190.483
00bbac68_2350,12190.489
00bbac68_2351,12190.496
00bbac68_2352,12190.502
00bbac68_2353,12190.509
00bbac68_2354,12190.516
00bbac68_2355,12190.522
00bbac68_2356,12190.529
00bbac68_2357,12190.536
00bbac68_2358,12190.544
00bbac68_2359,12190.551
00bbac68_2360,12190.559
00bbac68_2361,12190.565
00bbac68_2362,12190.573
00bbac68_2363,12190.581
00bbac68_2364,12190.589
00bbac68_2365,12190.596
00bbac68_2366,12190.604
00bbac68_2367,12190.611
00bbac68_2368,12190.619
00bbac68_2369,12190.628
00bbac68_2370,12190.636
00bbac68_2371,12190.645
00bbac68_2372,12190.652
00bbac68_2373,12190.661
00bbac68_2374,12190.67
00bbac68_2375,12190.68
00bbac68_2376,12190.688
00bbac68_2377,12190.698
00bbac68_2378,12190.708
00bbac68_2379,12190.719
00bbac68_2380,12190.729
00bbac68_2381,12190.739
00bbac68_2382,12190.75
00bbac68_2383,12190.761
00bbac68_2384,12190.772
00bbac68_2385,12190.784
00bbac68_2386,12190.796
00bbac68_2387,12190.808
00bbac68_2388,12190.82
00bbac68_2389,12190.833
00bbac68_2390,12190.846
00bbac68_2391,12190.858
00bbac68_2392,12190.872
00bbac68_2393,12190.886
00bbac68_2394,12190.899
00bbac68_2395,12190.914
00bbac68_2396,12190.929
00bbac68_2397,12190.943
00bbac68_2398,12190.958
00bbac68_2399,12190.974
00bbac68_2400,12190.989
00bbac68_2401,12191.005
00bbac68_2402,12191.021
00bbac68_2403,12191.038
00bbac68_2404,12191.055
00bbac68_2405,12191.071
00bbac68_2406,12191.089
00bbac68_2407,12191.106
00bbac68_2408,12191.124
00bbac68_2409,12191.142
00bbac68_2410,12191.16
00bbac68_2411,12191.179
00bbac68_2412,12191.197
00bbac68_2413,12191.216
00bbac68_2414,12191.234
00bbac68_2415,12191.253
00bbac68_2416,12191.272
00bbac68_2417,12191.292
00bbac68_2418,12191.312
00bbac68_2419,12191.331
00bbac68_2420,12191.352
00bbac68_2421,12191.371
00bbac68_2422,12191.392
00bbac68_2423,12191.412
00bbac68_2424,12191.433
00bbac68_2425,12191.453
00bbac68_2426,12191.474
00bbac68_2427,12191.494
00bbac68_2428,12191.516
00bbac68_2429,12191.536
00bbac68_2430,12191.558
00bbac68_2431,12191.578
00bbac68_2432,12191.599
00bbac68_2433,12191.62
00bbac68_2434,12191.641
00bbac68_2435,12191.662
00bbac68_2436,12191.683
00bbac68_2437,12191.704
00bbac68_2438,12191.726
00bbac68_2439,12191.746
00bbac68_2440,12191.768
00bbac68_2441,12191.788
00bbac68_2442,12191.81
00bbac68_2443,12191.83
00bbac68_2444,12191.851
00bbac68_2445,12191.872
00bbac68_2446,12191.893
00bbac68_2447,12191.913
00bbac68_2448,12191.934
00bbac68_2449,12191.954
00bbac68_2450,12191.975
00bbac68_2451,12191.995
00bbac68_2452,12192.016
00bbac68_2453,12192.035
00bbac68_2454,12192.056
00bbac68_2455,12192.075
00bbac68_2456,12192.095
00bbac68_2457,12192.115
00bbac68_2458,12192.135
00bbac68_2459,12192.154
00bbac68_2460,12192.173
00bbac68_2461,12192.192
00bbac68_2462,12192.211
00bbac68_2463,12192.23
00bbac68_2464,12192.249
00bbac68_2465,12192.268
00bbac68_2466,12192.285
00bbac68_2467,12192.304
00bbac68_2468,12192.321
00bbac68_2469,12192.34
00bbac68_2470,12192.357
00bbac68_2471,12192.374
00bbac68_2472,12192.392
00bbac68_2473,12192.409
00bbac68_2474,12192.426
00bbac68_2475,12192.442
00bbac68_2476,12192.459
00bbac68_2477,12192.475
00bbac68_2478,12192.491
00bbac68_2479,12192.507
00bbac68_2480,12192.522
00bbac68_2481,12192.538
00bbac68_2482,12192.553
00bbac68_2483,12192.567
00bbac68_2484,12192.582
00bbac68_2485,12192.597
00bbac68_2486,12192.611
00bbac68_2487,12192.625
00bbac68_2488,12192.638
00bbac68_2489,12192.651
00bbac68_2490,12192.664
00bbac68_2491,12192.677
00bbac68_2492,12192.689
00bbac68_2493,12192.701
00bbac68_2494,12192.714
00bbac68_2495,12192.726
00bbac68_2496,12192.736
00bbac68_2497,12192.748
00bbac68_2498,12192.759
00bbac68_2499,12192.77
00bbac68_2500,12192.78
00bbac68_2501,12192.79
00bbac68_2502,12192.801
00bbac68_2503,12192.811
00bbac68_2504,12192.819
00bbac68_2505,12192.829
00bbac68_2506,12192.838
00bbac68_2507,12192.848
00bbac68_2508,12192.855
00bbac68_2509,12192.864
00bbac68_2510,12192.872
00bbac68_2511,12192.88
00bbac68_2512,12192.888
00bbac68_2513,12192.895
00bbac68_2514,12192.901
00bbac68_2515,12192.908
00bbac68_2516,12192.914
00bbac68_2517,12192.92
00bbac68_2518,12192.926
00bbac68_2519,12192.931
00bbac68_2520,12192.937
00bbac68_2521,12192.941
00bbac68_2522,12192.946
00bbac68_2523,12192.951
00bbac68_2524,12192.956
00bbac68_2525,12192.961
00bbac68_2526,12192.966
00bbac68_2527,12192.97
00bbac68_2528,12192.974
00bbac68_2529,12192.978
00bbac68_2530,12192.981
00bbac68_2531,12192.984
00bbac68_2532,12192.988
00bbac68_2533,12192.991
00bbac68_2534,12192.993
00bbac68_2535,12192.996
00bbac68_2536,12192.998
00bbac68_2537,12193.001
00bbac68_2538,12193.002
00bbac68_2539,12193.004
00bbac68_2540,12193.006
00bbac68_2541,12193.007
00bbac68_2542,12193.009
00bbac68_2543,12193.01
00bbac68_2544,12193.012
00bbac68_2545,12193.013
00bbac68_2546,12193.014
00bbac68_2547,12193.015
00bbac68_2548,12193.017
00bbac68_2549,12193.018
00bbac68_2550,12193.019
00bbac68_2551,12193.02
00bbac68_2552,12193.0205
00bbac68_2553,12193.021
00bbac68_2554,12193.021
00bbac68_2555,12193.022
00bbac68_2556,12193.023
00bbac68_2557,12193.023
00bbac68_2558,12193.024
00bbac68_2559,12193.024
00bbac68_2560,12193.024
00bbac68_2561,12193.025
00bbac68_2562,12193.025
00bbac68_2563,12193.025
00bbac68_2564,12193.025
00bbac68_2565,12193.024
00bbac68_2566,12193.024
00bbac68_2567,12193.024
00bbac68_2568,12193.024
00bbac68_2569,12193.024
00bbac68_2570,12193.024
00bbac68_2571,12193.024
00bbac68_2572,12193.024
00bbac68_2573,12193.024
00bbac68_2574,12193.024
00bbac68_2575,12193.024
00bbac68_2576,12193.024
00bbac68_2577,12193.024
00bbac68_2578,12193.024
00bbac68_2579,12193.024
00bbac68_2580,12193.024
00bbac68_2581,12193.025
00bbac68_2582,12193.025
00bbac68_2583,12193.025
00bbac68_2584,12193.026
00bbac68_2585,12193.027
00bbac68_2586,12193.028
00bbac68_2587,12193.028
00bbac68_2588,12193.03
00bbac68_2589,12193.031
00bbac68_2590,12193.032
00bbac68_2591,12193.033
00bbac68_2592,12193.035
00bbac68_2593,12193.036
00bbac68_2594,12193.038
00bbac68_2595,12193.04
00bbac68_2596,12193.042
00bbac68_2597,12193.044
00bbac68_2598,12193.046
00bbac68_2599,12193.049
00bbac68_2600,12193.051
00bbac68_2601,12193.054
00bbac68_2602,12193.057
00bbac68_2603,12193.059
00bbac68_2604,12193.062
00bbac68_2605,12193.064
00bbac68_2606,12193.067
00bbac68_2607,12193.07
00bbac68_2608,12193.073
00bbac68_2609,12193.077
00bbac68_2610,12193.08
00bbac68_2611,12193.084
00bbac68_2612,12193.088
00bbac68_2613,12193.092
00bbac68_2614,12193.096
00bbac68_2615,12193.1
00bbac68_2616,12193.104
00bbac68_2617,12193.108
00bbac68_2618,12193.113
00bbac68_2619,12193.117
00bbac68_2620,12193.122
00bbac68_2621,12193.127
00bbac68_2622,12193.133
00bbac68_2623,12193.138
00bbac68_2624,12193.143
00bbac68_2625,12193.148
00bbac68_2626,12193.153
00bbac68_2627,12193.159
00bbac68_2628,12193.165
00bbac68_2629,12193.171
00bbac68_2630,12193.177
00bbac68_2631,12193.183
00bbac68_2632,12193.188
00bbac68_2633,12193.194
00bbac68_2634,12193.2
00bbac68_2635,12193.207
00bbac68_2636,12193.213
00bbac68_2637,12193.22
00bbac68_2638,12193.226
00bbac68_2639,12193.232
00bbac68_2640,12193.239
00bbac68_2641,12193.246
00bbac68_2642,12193.253
00bbac68_2643,12193.26
00bbac68_2644,12193.267
00bbac68_2645,12193.273
00bbac68_2646,12193.28
00bbac68_2647,12193.287
00bbac68_2648,12193.295
00bbac68_2649,12193.302
00bbac68_2650,12193.31
00bbac68_2651,12193.316
00bbac68_2652,12193.324
00bbac68_2653,12193.332
00bbac68_2654,12193.339
00bbac68_2655,12193.347
00bbac68_2656,12193.3545
00bbac68_2657,12193.361
00bbac68_2658,12193.369
00bbac68_2659,12193.377
00bbac68_2660,12193.385
00bbac68_2661,12193.392
00bbac68_2662,12193.399
00bbac68_2663,12193.407
00bbac68_2664,12193.415
00bbac68_2665,12193.422
00bbac68_2666,12193.43
00bbac68_2667,12193.437
00bbac68_2668,12193.444
00bbac68_2669,12193.452
00bbac68_2670,12193.459
00bbac68_2671,12193.467
00bbac68_2672,12193.474
00bbac68_2673,12193.481
00bbac68_2674,12193.488
00bbac68_2675,12193.496
00bbac68_2676,12193.503
00bbac68_2677,12193.51
00bbac68_2678,12193.517
00bbac68_2679,12193.523
00bbac68_2680,12193.53
00bbac68_2681,12193.537
00bbac68_2682,12193.544
00bbac68_2683,12193.55
00bbac68_2684,12193.557
00bbac68_2685,12193.563
00bbac68_2686,12193.569
00bbac68_2687,12193.575
00bbac68_2688,12193.581
00bbac68_2689,12193.587
00bbac68_2690,12193.593
00bbac68_2691,12193.599
00bbac68_2692,12193.6045
00bbac68_2693,12193.61
00bbac68_2694,12193.615
00bbac68_2695,12193.62
00bbac68_2696,12193.625
00bbac68_2697,12193.63
00bbac68_2698,12193.635
00bbac68_2699,12193.64
00bbac68_2700,12193.645
00bbac68_2701,12193.649
00bbac68_2702,12193.653
00bbac68_2703,12193.658
00bbac68_2704,12193.663
00bbac68_2705,12193.667
00bbac68_2706,12193.671
00bbac68_2707,12193.676
00bbac68_2708,12193.68
00bbac68_2709,12193.684
00bbac68_2710,12193.6875
00bbac68_2711,12193.691
00bbac68_2712,12193.695
00bbac68_2713,12193.699
00bbac68_2714,12193.703
00bbac68_2715,12193.707
00bbac68_2716,12193.711
00bbac68_2717,12193.715
00bbac68_2718,12193.719
00bbac68_2719,12193.723
00bbac68_2720,12193.727
00bbac68_2721,12193.73
00bbac68_2722,12193.735
00bbac68_2723,12193.739
00bbac68_2724,12193.743
00bbac68_2725,12193.747
00bbac68_2726,12193.751
00bbac68_2727,12193.756
00bbac68_2728,12193.76
00bbac68_2729,12193.764
00bbac68_2730,12193.768
00bbac68_2731,12193.771
00bbac68_2732,12193.776
00bbac68_2733,12193.78
00bbac68_2734,12193.785
00bbac68_2735,12193.789
00bbac68_2736,12193.793
00bbac68_2737,12193.798
00bbac68_2738,12193.802
00bbac68_2739,12193.807
00bbac68_2740,12193.812
00bbac68_2741,12193.815
00bbac68_2742,12193.82
00bbac68_2743,12193.824
00bbac68_2744,12193.829
00bbac68_2745,12193.833
00bbac68_2746,12193.838
00bbac68_2747,12193.843
00bbac68_2748,12193.847
00bbac68_2749,12193.851
00bbac68_2750,12193.855
00bbac68_2751,12193.859
00bbac68_2752,12193.863
00bbac68_2753,12193.867
00bbac68_2754,12193.871
00bbac68_2755,12193.875
00bbac68_2756,12193.879
00bbac68_2757,12193.883
00bbac68_2758,12193.886
00bbac68_2759,12193.89
00bbac68_2760,12193.893
00bbac68_2761,12193.896
00bbac68_2762,12193.899
00bbac68_2763,12193.902
00bbac68_2764,12193.905
00bbac68_2765,12193.909
00bbac68_2766,12193.912
00bbac68_2767,12193.915
00bbac68_2768,12193.918
00bbac68_2769,12193.921
00bbac68_2770,12193.924
00bbac68_2771,12193.927
00bbac68_2772,12193.929
00bbac68_2773,12193.932
00bbac68_2774,12193.935
00bbac68_2775,12193.937
00bbac68_2776,12193.938
00bbac68_2777,12193.94
00bbac68_2778,12193.942
00bbac68_2779,12193.944
00bbac68_2780,12193.946
00bbac68_2781,12193.947
00bbac68_2782,12193.949
00bbac68_2783,12193.95
00bbac68_2784,12193.951
00bbac68_2785,12193.952
00bbac68_2786,12193.953
00bbac68_2787,12193.953
00bbac68_2788,12193.953
00bbac68_2789,12193.954
00bbac68_2790,12193.954
00bbac68_2791,12193.953
00bbac68_2792,12193.953
00bbac68_2793,12193.952
00bbac68_2794,12193.951
00bbac68_2795,12193.95
00bbac68_2796,12193.949
00bbac68_2797,12193.947
00bbac68_2798,12193.945
00bbac68_2799,12193.943
00bbac68_2800,12193.941
00bbac68_2801,12193.938
00bbac68_2802,12193.936
00bbac68_2803,12193.933
00bbac68_2804,12193.929
00bbac68_2805,12193.926
00bbac68_2806,12193.922
00bbac68_2807,12193.917
00bbac68_2808,12193.913
00bbac68_2809,12193.908
00bbac68_2810,12193.903
00bbac68_2811,12193.898
00bbac68_2812,12193.894
00bbac68_2813,12193.888
00bbac68_2814,12193.883
00bbac68_2815,12193.877
00bbac68_2816,12193.871
00bbac68_2817,12193.864
00bbac68_2818,12193.857
00bbac68_2819,12193.851
00bbac68_2820,12193.844
00bbac68_2821,12193.836
00bbac68_2822,12193.828
00bbac68_2823,12193.82
00bbac68_2824,12193.8125
00bbac68_2825,12193.804
00bbac68_2826,12193.795
00bbac68_2827,12193.786
00bbac68_2828,12193.777
00bbac68_2829,12193.768
00bbac68_2830,12193.758
00bbac68_2831,12193.748
00bbac68_2832,12193.737
00bbac68_2833,12193.727
00bbac68_2834,12193.716
00bbac68_2835,12193.704
00bbac68_2836,12193.692
00bbac68_2837,12193.68
00bbac68_2838,12193.668
00bbac68_2839,12193.654
00bbac68_2840,12193.642
00bbac68_2841,12193.628
00bbac68_2842,12193.614
00bbac68_2843,12193.601
00bbac68_2844,12193.586
00bbac68_2845,12193.571
00bbac68_2846,12193.556
00bbac68_2847,12193.54
00bbac68_2848,12193.524
00bbac68_2849,12193.508
00bbac68_2850,12193.491
00bbac68_2851,12193.475
00bbac68_2852,12193.457
00bbac68_2853,12193.439
00bbac68_2854,12193.421
00bbac68_2855,12193.403
00bbac68_2856,12193.384
00bbac68_2857,12193.365
00bbac68_2858,12193.346
00bbac68_2859,12193.326
00bbac68_2860,12193.306
00bbac68_2861,12193.285
00bbac68_2862,12193.265
00bbac68_2863,12193.243
00bbac68_2864,12193.222
00bbac68_2865,12193.2
00bbac68_2866,12193.178
00bbac68_2867,12193.155
00bbac68_2868,12193.133
00bbac68_2869,12193.109
00bbac68_2870,12193.086
00bbac68_2871,12193.0625
00bbac68_2872,12193.038
00bbac68_2873,12193.014
00bbac68_2874,12192.989
00bbac68_2875,12192.965
00bbac68_2876,12192.94
00bbac68_2877,12192.915
00bbac68_2878,12192.89
00bbac68_2879,12192.863
00bbac68_2880,12192.838
00bbac68_2881,12192.812
00bbac68_2882,12192.785
00bbac68_2883,12192.759
00bbac68_2884,12192.731
00bbac68_2885,12192.705
00bbac68_2886,12192.678
00bbac68_2887,12192.65
00bbac68_2888,12192.623
00bbac68_2889,12192.596
00bbac68_2890,12192.568
00bbac68_2891,12192.541
00bbac68_2892,12192.513
00bbac68_2893,12192.485
00bbac68_2894,12192.457
00bbac68_2895,12192.43
00bbac68_2896,12192.401
00bbac68_2897,12192.373
00bbac68_2898,12192.346
00bbac68_2899,12192.317
00bbac68_2900,12192.289
00bbac68_2901,12192.261
00bbac68_2902,12192.232
00bbac68_2903,12192.204
00bbac68_2904,12192.176
00bbac68_2905,12192.147
00bbac68_2906,12192.118
00bbac68_2907,12192.09
00bbac68_2908,12192.062
00bbac68_2909,12192.033
00bbac68_2910,12192.004
00bbac68_2911,12191.976
00bbac68_2912,12191.947
00bbac68_2913,12191.919
00bbac68_2914,12191.891
00bbac68_2915,12191.862
00bbac68_2916,12191.834
00bbac68_2917,12191.806
00bbac68_2918,12191.777
00bbac68_2919,12191.749
00bbac68_2920,12191.722
00bbac68_2921,12191.693
00bbac68_2922,12191.665
00bbac68_2923,12191.638
00bbac68_2924,12191.61
00bbac68_2925,12191.583
00bbac68_2926,12191.556
00bbac68_2927,12191.528
00bbac68_2928,12191.501
00bbac68_2929,12191.475
00bbac68_2930,12191.448
00bbac68_2931,12191.422
00bbac68_2932,12191.3955
00bbac68_2933,12191.369
00bbac68_2934,12191.343
00bbac68_2935,12191.317
00bbac68_2936,12191.292
00bbac68_2937,12191.268
00bbac68_2938,12191.242
00bbac68_2939,12191.218
00bbac68_2940,12191.193
00bbac68_2941,12191.169
00bbac68_2942,12191.1455
00bbac68_2943,12191.122
00bbac68_2944,12191.1
00bbac68_2945,12191.076
00bbac68_2946,12191.055
00bbac68_2947,12191.032
00bbac68_2948,12191.011
00bbac68_2949,12190.988
00bbac68_2950,12190.968
00bbac68_2951,12190.946
00bbac68_2952,12190.926
00bbac68_2953,12190.905
00bbac68_2954,12190.885
00bbac68_2955,12190.865
00bbac68_2956,12190.846
00bbac68_2957,12190.826
00bbac68_2958,12190.808
00bbac68_2959,12190.789
00bbac68_2960,12190.7705
00bbac68_2961,12190.753
00bbac68_2962,12190.734
00bbac68_2963,12190.717
00bbac68_2964,12190.7
00bbac68_2965,12190.683
00bbac68_2966,12190.666
00bbac68_2967,12190.649
00bbac68_2968,12190.634
00bbac68_2969,12190.617
00bbac68_2970,12190.602
00bbac68_2971,12190.587
00bbac68_2972,12190.571
00bbac68_2973,12190.557
00bbac68_2974,12190.542
00bbac68_2975,12190.527
00bbac68_2976,12190.514
00bbac68_2977,12190.5
00bbac68_2978,12190.486
00bbac68_2979,12190.474
00bbac68_2980,12190.461
00bbac68_2981,12190.449
00bbac68_2982,12190.437
00bbac68_2983,12190.426
00bbac68_2984,12190.414
00bbac68_2985,12190.403
00bbac68_2986,12190.393
00bbac68_2987,12190.383
00bbac68_2988,12190.373
00bbac68_2989,12190.363
00bbac68_2990,12190.3545
00bbac68_2991,12190.346
00bbac68_2992,12190.337
00bbac68_2993,12190.329
00bbac68_2994,12190.32
00bbac68_2995,12190.3125
00bbac68_2996,12190.305
00bbac68_2997,12190.298
00bbac68_2998,12190.291
00bbac68_2999,12190.284
00bbac68_3000,12190.277
00bbac68_3001,12190.2705
00bbac68_3002,12190.264
00bbac68_3003,12190.258
00bbac68_3004,12190.251
00bbac68_3005,12190.244
00bbac68_3006,12190.238
00bbac68_3007,12190.231
00bbac68_3008,12190.226
00bbac68_3009,12190.219
00bbac68_3010,12190.213
00bbac68_3011,12190.206
00bbac68_3012,12190.2
00bbac68_3013,12190.193
00bbac68_3014,12190.1875
00bbac68_3015,12190.181
00bbac68_3016,12190.175
00bbac68_3017,12190.168
00bbac68_3018,12190.162
00bbac68_3019,12190.155
00bbac68_3020,12190.148
00bbac68_3021,12190.142
00bbac68_3022,12190.135
00bbac68_3023,12190.128
00bbac68_3024,12190.12
00bbac68_3025,12190.113
00bbac68_3026,12190.105
00bbac68_3027,12190.098
00bbac68_3028,12190.09
00bbac68_3029,12190.082
00bbac68_3030,12190.073
00bbac68_3031,12190.064
00bbac68_3032,12190.056
00bbac68_3033,12190.047
00bbac68_3034,12190.037
00bbac68_3035,12190.028
00bbac68_3036,12190.019
00bbac68_3037,12190.009
00bbac68_3038,12189.999
00bbac68_3039,12189.989
00bbac68_3040,12189.9795
00bbac68_3041,12189.97
00bbac68_3042,12189.96
00bbac68_3043,12189.95
00bbac68_3044,12189.939
00bbac68_3045,12189.93
00bbac68_3046,12189.92
00bbac68_3047,12189.91
00bbac68_3048,12189.9
00bbac68_3049,12189.89
00bbac68_3050,12189.88
00bbac68_3051,12189.87
00bbac68_3052,12189.86
00bbac68_3053,12189.852
00bbac68_3054,12189.842
00bbac68_3055,12189.832
00bbac68_3056,12189.823
00bbac68_3057,12189.813
00bbac68_3058,12189.805
00bbac68_3059,12189.796
00bbac68_3060,12189.787
00bbac68_3061,12189.779
00bbac68_3062,12189.7705
00bbac68_3063,12189.762
00bbac68_3064,12189.754
00bbac68_3065,12189.746
00bbac68_3066,12189.738
00bbac68_3067,12189.73
00bbac68_3068,12189.723
00bbac68_3069,12189.716
00bbac68_3070,12189.709
00bbac68_3071,12189.701
00bbac68_3072,12189.695
00bbac68_3073,12189.688
00bbac68_3074,12189.682
00bbac68_3075,12189.676
00bbac68_3076,12189.67
00bbac68_3077,12189.664
00bbac68_3078,12189.658
00bbac68_3079,12189.652
00bbac68_3080,12189.647
00bbac68_3081,12189.643
00bbac68_3082,12189.638
00bbac68_3083,12189.634
00bbac68_3084,12189.629
00bbac68_3085,12189.625
00bbac68_3086,12189.621
00bbac68_3087,12189.618
00bbac68_3088,12189.614
00bbac68_3089,12189.611
00bbac68_3090,12189.609
00bbac68_3091,12189.606
00bbac68_3092,12189.6045
00bbac68_3093,12189.603
00bbac68_3094,12189.602
00bbac68_3095,12189.601
00bbac68_3096,12189.6
00bbac68_3097,12189.599
00bbac68_3098,12189.599
00bbac68_3099,12189.599
00bbac68_3100,12189.6
00bbac68_3101,12189.601
00bbac68_3102,12189.602
00bbac68_3103,12189.604
00bbac68_3104,12189.605
00bbac68_3105,12189.607
00bbac68_3106,12189.61
00bbac68_3107,12189.614
00bbac68_3108,12189.618
00bbac68_3109,12189.622
00bbac68_3110,12189.627
00bbac68_3111,12189.632
00bbac68_3112,12189.638
00bbac68_3113,12189.644
00bbac68_3114,12189.65
00bbac68_3115,12189.657
00bbac68_3116,12189.665
00bbac68_3117,12189.673
00bbac68_3118,12189.681
00bbac68_3119,12189.689
00bbac68_3120,12189.699
00bbac68_3121,12189.709
00bbac68_3122,12189.719
00bbac68_3123,12189.7295
00bbac68_3124,12189.741
00bbac68_3125,12189.753
00bbac68_3126,12189.765
00bbac68_3127,12189.776
00bbac68_3128,12189.789
00bbac68_3129,12189.803
00bbac68_3130,12189.816
00bbac68_3131,12189.83
00bbac68_3132,12189.845
00bbac68_3133,12189.859
00bbac68_3134,12189.874
00bbac68_3135,12189.89
00bbac68_3136,12189.906
00bbac68_3137,12189.923
00bbac68_3138,12189.939
00bbac68_3139,12189.957
00bbac68_3140,12189.975
00bbac68_3141,12189.992
00bbac68_3142,12190.011
00bbac68_3143,12190.029
00bbac68_3144,12190.048
00bbac68_3145,12190.066
00bbac68_3146,12190.086
00bbac68_3147,12190.105
00bbac68_3148,12190.125
00bbac68_3149,12190.1455
00bbac68_3150,12190.166
00bbac68_3151,12190.187
00bbac68_3152,12190.207
00bbac68_3153,12190.229
00bbac68_3154,12190.25
00bbac68_3155,12190.271
00bbac68_3156,12190.294
00bbac68_3157,12190.315
00bbac68_3158,12190.338
00bbac68_3159,12190.36
00bbac68_3160,12190.384
00bbac68_3161,12190.406
00bbac68_3162,12190.43
00bbac68_3163,12190.453
00bbac68_3164,12190.477
00bbac68_3165,12190.501
00bbac68_3166,12190.524
00bbac68_3167,12190.549
00bbac68_3168,12190.572
00bbac68_3169,12190.597
00bbac68_3170,12190.621
00bbac68_3171,12190.6455
00bbac68_3172,12190.671
00bbac68_3173,12190.695
00bbac68_3174,12190.72
00bbac68_3175,12190.745
00bbac68_3176,12190.77
00bbac68_3177,12190.795
00bbac68_3178,12190.819
00bbac68_3179,12190.845
00bbac68_3180,12190.869
00bbac68_3181,12190.894
00bbac68_3182,12190.918
00bbac68_3183,12190.942
00bbac68_3184,12190.967
00bbac68_3185,12190.99
00bbac68_3186,12191.015
00bbac68_3187,12191.037
00bbac68_3188,12191.061
00bbac68_3189,12191.083
00bbac68_3190,12191.105
00bbac68_3191,12191.127
00bbac68_3192,12191.148
00bbac68_3193,12191.17
00bbac68_3194,12191.19
00bbac68_3195,12191.21
00bbac68_3196,12191.23
00bbac68_3197,12191.249
00bbac68_3198,12191.268
00bbac68_3199,12191.285
00bbac68_3200,12191.303
00bbac68_3201,12191.32
00bbac68_3202,12191.336
00bbac68_3203,12191.353
00bbac68_3204,12191.368
00bbac68_3205,12191.383
00bbac68_3206,12191.397
00bbac68_3207,12191.412
00bbac68_3208,12191.426
00bbac68_3209,12191.439
00bbac68_3210,12191.452
00bbac68_3211,12191.465
00bbac68_3212,12191.477
00bbac68_3213,12191.488
00bbac68_3214,12191.499
00bbac68_3215,12191.51
00bbac68_3216,12191.52
00bbac68_3217,12191.528
00bbac68_3218,12191.537
00bbac68_3219,12191.545
00bbac68_3220,12191.552
00bbac68_3221,12191.559
00bbac68_3222,12191.565
00bbac68_3223,12191.571
00bbac68_3224,12191.576
00bbac68_3225,12191.581
00bbac68_3226,12191.585
00bbac68_3227,12191.589
00bbac68_3228,12191.592
00bbac68_3229,12191.594
00bbac68_3230,12191.596
00bbac68_3231,12191.598
00bbac68_3232,12191.599
00bbac68_3233,12191.6
00bbac68_3234,12191.6
00bbac68_3235,12191.6
00bbac68_3236,12191.599
00bbac68_3237,12191.597
00bbac68_3238,12191.595
00bbac68_3239,12191.592
00bbac68_3240,12191.588
00bbac68_3241,12191.584
00bbac68_3242,12191.579
00bbac68_3243,12191.574
00bbac68_3244,12191.567
00bbac68_3245,12191.562
00bbac68_3246,12191.554
00bbac68_3247,12191.546
00bbac68_3248,12191.537
00bbac68_3249,12191.527
00bbac68_3250,12191.518
00bbac68_3251,12191.507
00bbac68_3252,12191.496
00bbac68_3253,12191.484
00bbac68_3254,12191.472
00bbac68_3255,12191.459
00bbac68_3256,12191.445
00bbac68_3257,12191.431
00bbac68_3258,12191.416
00bbac68_3259,12191.4
00bbac68_3260,12191.385
00bbac68_3261,12191.368
00bbac68_3262,12191.352
00bbac68_3263,12191.334
00bbac68_3264,12191.315
00bbac68_3265,12191.297
00bbac68_3266,12191.278
00bbac68_3267,12191.258
00bbac68_3268,12191.238
00bbac68_3269,12191.218
00bbac68_3270,12191.196
00bbac68_3271,12191.175
00bbac68_3272,12191.153
00bbac68_3273,12191.131
00bbac68_3274,12191.108
00bbac68_3275,12191.085
00bbac68_3276,12191.062
00bbac68_3277,12191.038
00bbac68_3278,12191.015
00bbac68_3279,12190.99
00bbac68_3280,12190.966
00bbac68_3281,12190.942
00bbac68_3282,12190.918
00bbac68_3283,12190.894
00bbac68_3284,12190.869
00bbac68_3285,12190.845
00bbac68_3286,12190.82
00bbac68_3287,12190.795
00bbac68_3288,12190.7705
00bbac68_3289,12190.746
00bbac68_3290,12190.722
00bbac68_3291,12190.697
00bbac68_3292,12190.672
00bbac68_3293,12190.647
00bbac68_3294,12190.623
00bbac68_3295,12190.599
00bbac68_3296,12190.574
00bbac68_3297,12190.549
00bbac68_3298,12190.524
00bbac68_3299,12190.5
00bbac68_3300,12190.476
00bbac68_3301,12190.452
00bbac68_3302,12190.428
00bbac68_3303,12190.403
00bbac68_3304,12190.379
00bbac68_3305,12190.355
00bbac68_3306,12190.331
00bbac68_3307,12190.308
00bbac68_3308,12190.284
00bbac68_3309,12190.26
00bbac68_3310,12190.236
00bbac68_3311,12190.214
00bbac68_3312,12190.19
00bbac68_3313,12190.168
00bbac68_3314,12190.145
00bbac68_3315,12190.122
00bbac68_3316,12190.1
00bbac68_3317,12190.078
00bbac68_3318,12190.056
00bbac68_3319,12190.034
00bbac68_3320,12190.013
00bbac68_3321,12189.991
00bbac68_3322,12189.97
00bbac68_3323,12189.949
00bbac68_3324,12189.928
00bbac68_3325,12189.907
00bbac68_3326,12189.888
00bbac68_3327,12189.867
00bbac68_3328,12189.848
00bbac68_3329,12189.829
00bbac68_3330,12189.81
00bbac68_3331,12189.791
00bbac68_3332,12189.772
00bbac68_3333,12189.755
00bbac68_3334,12189.737
00bbac68_3335,12189.72
00bbac68_3336,12189.703
00bbac68_3337,12189.687
00bbac68_3338,12189.67
00bbac68_3339,12189.654
00bbac68_3340,12189.639
00bbac68_3341,12189.624
00bbac68_3342,12189.609
00bbac68_3343,12189.595
00bbac68_3344,12189.581
00bbac68_3345,12189.567
00bbac68_3346,12189.555
00bbac68_3347,12189.542
00bbac68_3348,12189.529
00bbac68_3349,12189.518
00bbac68_3350,12189.507
00bbac68_3351,12189.496
00bbac68_3352,12189.485
00bbac68_3353,12189.476
00bbac68_3354,12189.466
00bbac68_3355,12189.456
00bbac68_3356,12189.447
00bbac68_3357,12189.439
00bbac68_3358,12189.432
00bbac68_3359,12189.424
00bbac68_3360,12189.417
00bbac68_3361,12189.41
00bbac68_3362,12189.404
00bbac68_3363,12189.398
00bbac68_3364,12189.393
00bbac68_3365,12189.388
00bbac68_3366,12189.384
00bbac68_3367,12189.379
00bbac68_3368,12189.375
00bbac68_3369,12189.372
00bbac68_3370,12189.369
00bbac68_3371,12189.366
00bbac68_3372,12189.364
00bbac68_3373,12189.362
00bbac68_3374,12189.361
00bbac68_3375,12189.359
00bbac68_3376,12189.358
00bbac68_3377,12189.358
00bbac68_3378,12189.358
00bbac68_3379,12189.358
00bbac68_3380,12189.359
00bbac68_3381,12189.36
00bbac68_3382,12189.361
00bbac68_3383,12189.363
00bbac68_3384,12189.365
00bbac68_3385,12189.367
00bbac68_3386,12189.37
00bbac68_3387,12189.373
00bbac68_3388,12189.377
00bbac68_3389,12189.38
00bbac68_3390,12189.384
00bbac68_3391,12189.388
00bbac68_3392,12189.393
00bbac68_3393,12189.396
00bbac68_3394,12189.401
00bbac68_3395,12189.407
00bbac68_3396,12189.412
00bbac68_3397,12189.418
00bbac68_3398,12189.424
00bbac68_3399,12189.43
00bbac68_3400,12189.437
00bbac68_3401,12189.442
00bbac68_3402,12189.449
00bbac68_3403,12189.456
00bbac68_3404,12189.463
00bbac68_3405,12189.471
00bbac68_3406,12189.478
00bbac68_3407,12189.485
00bbac68_3408,12189.492
00bbac68_3409,12189.5
00bbac68_3410,12189.508
00bbac68_3411,12189.516
00bbac68_3412,12189.523
00bbac68_3413,12189.531
00bbac68_3414,12189.538
00bbac68_3415,12189.546
00bbac68_3416,12189.554
00bbac68_3417,12189.561
00bbac68_3418,12189.568
00bbac68_3419,12189.576
00bbac68_3420,12189.583
00bbac68_3421,12189.59
00bbac68_3422,12189.597
00bbac68_3423,12189.604
00bbac68_3424,12189.61
00bbac68_3425,12189.616
00bbac68_3426,12189.622
00bbac68_3427,12189.628
00bbac68_3428,12189.633
00bbac68_3429,12189.638
00bbac68_3430,12189.643
00bbac68_3431,12189.646
00bbac68_3432,12189.65
00bbac68_3433,12189.654
00bbac68_3434,12189.657
00bbac68_3435,12189.66
00bbac68_3436,12189.662
00bbac68_3437,12189.664
00bbac68_3438,12189.666
00bbac68_3439,12189.667
00bbac68_3440,12189.668
00bbac68_3441,12189.669
00bbac68_3442,12189.669
00bbac68_3443,12189.669
00bbac68_3444,12189.669
00bbac68_3445,12189.669
00bbac68_3446,12189.668
00bbac68_3447,12189.668
00bbac68_3448,12189.667
00bbac68_3449,12189.666
00bbac68_3450,12189.665
00bbac68_3451,12189.663
00bbac68_3452,12189.662
00bbac68_3453,12189.66
00bbac68_3454,12189.658
00bbac68_3455,12189.656
00bbac68_3456,12189.653
00bbac68_3457,12189.651
00bbac68_3458,12189.648
00bbac68_3459,12189.6455
00bbac68_3460,12189.643
00bbac68_3461,12189.639
00bbac68_3462,12189.636
00bbac68_3463,12189.632
00bbac68_3464,12189.628
00bbac68_3465,12189.625
00bbac68_3466,12189.621
00bbac68_3467,12189.617
00bbac68_3468,12189.613
00bbac68_3469,12189.61
00bbac68_3470,12189.606
00bbac68_3471,12189.603
00bbac68_3472,12189.599
00bbac68_3473,12189.595
00bbac68_3474,12189.591
00bbac68_3475,12189.587
00bbac68_3476,12189.584
00bbac68_3477,12189.58
00bbac68_3478,12189.576
00bbac68_3479,12189.572
00bbac68_3480,12189.568
00bbac68_3481,12189.564
00bbac68_3482,12189.561
00bbac68_3483,12189.556
00bbac68_3484,12189.552
00bbac68_3485,12189.548
00bbac68_3486,12189.543
00bbac68_3487,12189.538
00bbac68_3488,12189.534
00bbac68_3489,12189.529
00bbac68_3490,12189.524
00bbac68_3491,12189.52
00bbac68_3492,12189.514
00bbac68_3493,12189.509
00bbac68_3494,12189.504
00bbac68_3495,12189.498
00bbac68_3496,12189.493
00bbac68_3497,12189.487
00bbac68_3498,12189.482
00bbac68_3499,12189.477
00bbac68_3500,12189.471
00bbac68_3501,12189.465
00bbac68_3502,12189.459
00bbac68_3503,12189.453
00bbac68_3504,12189.447
00bbac68_3505,12189.441
00bbac68_3506,12189.436
00bbac68_3507,12189.43
00bbac68_3508,12189.424
00bbac68_3509,12189.417
00bbac68_3510,12189.411
00bbac68_3511,12189.405
00bbac68_3512,12189.399
00bbac68_3513,12189.394
00bbac68_3514,12189.388
00bbac68_3515,12189.382
00bbac68_3516,12189.376
00bbac68_3517,12189.37
00bbac68_3518,12189.364
00bbac68_3519,12189.358
00bbac68_3520,12189.353
00bbac68_3521,12189.347
00bbac68_3522,12189.341
00bbac68_3523,12189.335
00bbac68_3524,12189.33
00bbac68_3525,12189.324
00bbac68_3526,12189.318
00bbac68_3527,12189.313
00bbac68_3528,12189.308
00bbac68_3529,12189.303
00bbac68_3530,12189.298
00bbac68_3531,12189.293
00bbac68_3532,12189.288
00bbac68_3533,12189.283
00bbac68_3534,12189.278
00bbac68_3535,12189.273
00bbac68_3536,12189.269
00bbac68_3537,12189.264
00bbac68_3538,12189.26
00bbac68_3539,12189.255
00bbac68_3540,12189.25
00bbac68_3541,12189.246
00bbac68_3542,12189.242
00bbac68_3543,12189.237
00bbac68_3544,12189.233
00bbac68_3545,12189.2295
00bbac68_3546,12189.226
00bbac68_3547,12189.222
00bbac68_3548,12189.219
00bbac68_3549,12189.215
00bbac68_3550,12189.211
00bbac68_3551,12189.208
00bbac68_3552,12189.204
00bbac68_3553,12189.201
00bbac68_3554,12189.198
00bbac68_3555,12189.195
00bbac68_3556,12189.192
00bbac68_3557,12189.189
00bbac68_3558,12189.1875
00bbac68_3559,12189.185
00bbac68_3560,12189.183
00bbac68_3561,12189.18
00bbac68_3562,12189.178
00bbac68_3563,12189.176
00bbac68_3564,12189.174
00bbac68_3565,12189.172
00bbac68_3566,12189.171
00bbac68_3567,12189.169
00bbac68_3568,12189.167
00bbac68_3569,12189.166
00bbac68_3570,12189.165
00bbac68_3571,12189.164
00bbac68_3572,12189.163
00bbac68_3573,12189.162
00bbac68_3574,12189.161
00bbac68_3575,12189.16
00bbac68_3576,12189.16
00bbac68_3577,12189.159
00bbac68_3578,12189.159
00bbac68_3579,12189.159
00bbac68_3580,12189.159
00bbac68_3581,12189.159
00bbac68_3582,12189.159
00bbac68_3583,12189.159
00bbac68_3584,12189.159
00bbac68_3585,12189.159
00bbac68_3586,12189.16
00bbac68_3587,12189.16
00bbac68_3588,12189.161
00bbac68_3589,12189.162
00bbac68_3590,12189.163
00bbac68_3591,12189.165
00bbac68_3592,12189.166
00bbac68_3593,12189.168
00bbac68_3594,12189.17
00bbac68_3595,12189.172
00bbac68_3596,12189.173
00bbac68_3597,12189.176
00bbac68_3598,12189.178
00bbac68_3599,12189.18
00bbac68_3600,12189.183
00bbac68_3601,12189.185
00bbac68_3602,12189.1875
00bbac68_3603,12189.19
00bbac68_3604,12189.193
00bbac68_3605,12189.196
00bbac68_3606,12189.199
00bbac68_3607,12189.202
00bbac68_3608,12189.205
00bbac68_3609,12189.208
00bbac68_3610,12189.211
00bbac68_3611,12189.213
00bbac68_3612,12189.216
00bbac68_3613,12189.219
00bbac68_3614,12189.222
00bbac68_3615,12189.224
00bbac68_3616,12189.227
00bbac68_3617,12189.229
00bbac68_3618,12189.231
00bbac68_3619,12189.233
00bbac68_3620,12189.235
00bbac68_3621,12189.236
00bbac68_3622,12189.238
00bbac68_3623,12189.24
00bbac68_3624,12189.241
00bbac68_3625,12189.242
00bbac68_3626,12189.243
00bbac68_3627,12189.244
00bbac68_3628,12189.244
00bbac68_3629,12189.245
00bbac68_3630,12189.245
00bbac68_3631,12189.246
00bbac68_3632,12189.246
00bbac68_3633,12189.245
00bbac68_3634,12189.245
00bbac68_3635,12189.245
00bbac68_3636,12189.244
00bbac68_3637,12189.243
00bbac68_3638,12189.242
00bbac68_3639,12189.24
00bbac68_3640,12189.239
00bbac68_3641,12189.237
00bbac68_3642,12189.235
00bbac68_3643,12189.233
00bbac68_3644,12189.23
00bbac68_3645,12189.229
00bbac68_3646,12189.226
00bbac68_3647,12189.222
00bbac68_3648,12189.219
00bbac68_3649,12189.215
00bbac68_3650,12189.211
00bbac68_3651,12189.206
00bbac68_3652,12189.202
00bbac68_3653,12189.197
00bbac68_3654,12189.191
00bbac68_3655,12189.187
00bbac68_3656,12189.181
00bbac68_3657,12189.175
00bbac68_3658,12189.168
00bbac68_3659,12189.161
00bbac68_3660,12189.154
00bbac68_3661,12189.147
00bbac68_3662,12189.14
00bbac68_3663,12189.132
00bbac68_3664,12189.124
00bbac68_3665,12189.115
00bbac68_3666,12189.106
00bbac68_3667,12189.097
00bbac68_3668,12189.087
00bbac68_3669,12189.077
00bbac68_3670,12189.067
00bbac68_3671,12189.057
00bbac68_3672,12189.046
00bbac68_3673,12189.034
00bbac68_3674,12189.023
00bbac68_3675,12189.012
00bbac68_3676,12188.999
00bbac68_3677,12188.987
00bbac68_3678,12188.975
00bbac68_3679,12188.962
00bbac68_3680,12188.948
00bbac68_3681,12188.936
00bbac68_3682,12188.922
00bbac68_3683,12188.908
00bbac68_3684,12188.895
00bbac68_3685,12188.88
00bbac68_3686,12188.865
00bbac68_3687,12188.851
00bbac68_3688,12188.836
00bbac68_3689,12188.82
00bbac68_3690,12188.806
00bbac68_3691,12188.79
00bbac68_3692,12188.774
00bbac68_3693,12188.759
00bbac68_3694,12188.743
00bbac68_3695,12188.728
00bbac68_3696,12188.711
00bbac68_3697,12188.695
00bbac68_3698,12188.679
00bbac68_3699,12188.662
00bbac68_3700,12188.6455
00bbac68_3701,12188.63
00bbac68_3702,12188.613
00bbac68_3703,12188.597
00bbac68_3704,12188.58
00bbac68_3705,12188.563
00bbac68_3706,12188.546
00bbac68_3707,12188.529
00bbac68_3708,12188.513
00bbac68_3709,12188.496
00bbac68_3710,12188.4795
00bbac68_3711,12188.463
00bbac68_3712,12188.445
00bbac68_3713,12188.429
00bbac68_3714,12188.412
00bbac68_3715,12188.395
00bbac68_3716,12188.378
00bbac68_3717,12188.361
00bbac68_3718,12188.344
00bbac68_3719,12188.327
00bbac68_3720,12188.311
00bbac68_3721,12188.294
00bbac68_3722,12188.276
00bbac68_3723,12188.26
00bbac68_3724,12188.243
00bbac68_3725,12188.227
00bbac68_3726,12188.21
00bbac68_3727,12188.194
00bbac68_3728,12188.178
00bbac68_3729,12188.161
00bbac68_3730,12188.1455
00bbac68_3731,12188.13
00bbac68_3732,12188.114
00bbac68_3733,12188.099
00bbac68_3734,12188.083
00bbac68_3735,12188.067
00bbac68_3736,12188.053
00bbac68_3737,12188.038
00bbac68_3738,12188.023
00bbac68_3739,12188.009
00bbac68_3740,12187.995
00bbac68_3741,12187.981
00bbac68_3742,12187.968
00bbac68_3743,12187.955
00bbac68_3744,12187.941
00bbac68_3745,12187.929
00bbac68_3746,12187.916
00bbac68_3747,12187.904
00bbac68_3748,12187.893
00bbac68_3749,12187.881
00bbac68_3750,12187.869
00bbac68_3751,12187.858
00bbac68_3752,12187.848
00bbac68_3753,12187.838
00bbac68_3754,12187.827
00bbac68_3755,12187.817
00bbac68_3756,12187.809
00bbac68_3757,12187.799
00bbac68_3758,12187.79
00bbac68_3759,12187.781
00bbac68_3760,12187.772
00bbac68_3761,12187.765
00bbac68_3762,12187.757
00bbac68_3763,12187.75
00bbac68_3764,12187.743
00bbac68_3765,12187.736
00bbac68_3766,12187.7295
00bbac68_3767,12187.724
00bbac68_3768,12187.718
00bbac68_3769,12187.712
00bbac68_3770,12187.707
00bbac68_3771,12187.702
00bbac68_3772,12187.698
00bbac68_3773,12187.694
00bbac68_3774,12187.69
00bbac68_3775,12187.687
00bbac68_3776,12187.684
00bbac68_3777,12187.681
00bbac68_3778,12187.679
00bbac68_3779,12187.676
00bbac68_3780,12187.674
00bbac68_3781,12187.673
00bbac68_3782,12187.671
00bbac68_3783,12187.67
00bbac68_3784,12187.669
00bbac68_3785,12187.669
00bbac68_3786,12187.669
00bbac68_3787,12187.669
00bbac68_3788,12187.67
00bbac68_3789,12187.671
00bbac68_3790,12187.672
00bbac68_3791,12187.674
00bbac68_3792,12187.675
00bbac68_3793,12187.678
00bbac68_3794,12187.68
00bbac68_3795,12187.682
00bbac68_3796,12187.685
00bbac68_3797,12187.6875
00bbac68_3798,12187.691
00bbac68_3799,12187.694
00bbac68_3800,12187.698
00bbac68_3801,12187.702
00bbac68_3802,12187.706
00bbac68_3803,12187.711
00bbac68_3804,12187.715
00bbac68_3805,12187.72
00bbac68_3806,12187.724
00bbac68_3807,12187.729
00bbac68_3808,12187.733
00bbac68_3809,12187.738
00bbac68_3810,12187.744
00bbac68_3811,12187.749
00bbac68_3812,12187.754
00bbac68_3813,12187.76
00bbac68_3814,12187.765
00bbac68_3815,12187.7705
00bbac68_3816,12187.776
00bbac68_3817,12187.782
00bbac68_3818,12187.787
00bbac68_3819,12187.793
00bbac68_3820,12187.799
00bbac68_3821,12187.805
00bbac68_3822,12187.811
00bbac68_3823,12187.817
00bbac68_3824,12187.823
00bbac68_3825,12187.829
00bbac68_3826,12187.835
00bbac68_3827,12187.842
00bbac68_3828,12187.848
00bbac68_3829,12187.854
00bbac68_3830,12187.859
00bbac68_3831,12187.866
00bbac68_3832,12187.872
00bbac68_3833,12187.878
00bbac68_3834,12187.884
00bbac68_3835,12187.891
00bbac68_3836,12187.896
00bbac68_3837,12187.902
00bbac68_3838,12187.909
00bbac68_3839,12187.915
00bbac68_3840,12187.921
00bbac68_3841,12187.927
00bbac68_3842,12187.933
00bbac68_3843,12187.938
00bbac68_3844,12187.944
00bbac68_3845,12187.949
00bbac68_3846,12187.955
00bbac68_3847,12187.961
00bbac68_3848,12187.966
00bbac68_3849,12187.972
00bbac68_3850,12187.977
00bbac68_3851,12187.982
00bbac68_3852,12187.987
00bbac68_3853,12187.992
00bbac68_3854,12187.997
00bbac68_3855,12188.002
00bbac68_3856,12188.007
00bbac68_3857,12188.012
00bbac68_3858,12188.017
00bbac68_3859,12188.0205
00bbac68_3860,12188.025
00bbac68_3861,12188.029
00bbac68_3862,12188.033
00bbac68_3863,12188.037
00bbac68_3864,12188.041
00bbac68_3865,12188.045
00bbac68_3866,12188.049
00bbac68_3867,12188.053
00bbac68_3868,12188.056
00bbac68_3869,12188.06
00bbac68_3870,12188.0625
00bbac68_3871,12188.066
00bbac68_3872,12188.069
00bbac68_3873,12188.072
00bbac68_3874,12188.075
00bbac68_3875,12188.078
00bbac68_3876,12188.08
00bbac68_3877,12188.083
00bbac68_3878,12188.086
00bbac68_3879,12188.088
00bbac68_3880,12188.09
00bbac68_3881,12188.093
00bbac68_3882,12188.095
00bbac68_3883,12188.097
00bbac68_3884,12188.099
00bbac68_3885,12188.1
00bbac68_3886,12188.102
00bbac68_3887,12188.104
00bbac68_3888,12188.1045
00bbac68_3889,12188.105
00bbac68_3890,12188.107
00bbac68_3891,12188.108
00bbac68_3892,12188.109
00bbac68_3893,12188.11
00bbac68_3894,12188.111
00bbac68_3895,12188.112
00bbac68_3896,12188.112
00bbac68_3897,12188.113
00bbac68_3898,12188.113
00bbac68_3899,12188.114
00bbac68_3900,12188.114
00bbac68_3901,12188.114
00bbac68_3902,12188.114
00bbac68_3903,12188.114
00bbac68_3904,12188.114
00bbac68_3905,12188.114
00bbac68_3906,12188.113
00bbac68_3907,12188.113
00bbac68_3908,12188.113
00bbac68_3909,12188.112
00bbac68_3910,12188.112
00bbac68_3911,12188.112
00bbac68_3912,12188.111
00bbac68_3913,12188.111
00bbac68_3914,12188.11
00bbac68_3915,12188.11
00bbac68_3916,12188.109
00bbac68_3917,12188.109
00bbac68_3918,12188.108
00bbac68_3919,12188.108
00bbac68_3920,12188.107
00bbac68_3921,12188.107
00bbac68_3922,12188.107
00bbac68_3923,12188.107
00bbac68_3924,12188.106
00bbac68_3925,12188.106
00bbac68_3926,12188.106
00bbac68_3927,12188.106
00bbac68_3928,12188.106
00bbac68_3929,12188.106
00bbac68_3930,12188.107
00bbac68_3931,12188.107
00bbac68_3932,12188.107
00bbac68_3933,12188.108
00bbac68_3934,12188.108
00bbac68_3935,12188.109
00bbac68_3936,12188.11
00bbac68_3937,12188.111
00bbac68_3938,12188.112
00bbac68_3939,12188.113
00bbac68_3940,12188.114
00bbac68_3941,12188.115
00bbac68_3942,12188.116
00bbac68_3943,12188.117
00bbac68_3944,12188.119
00bbac68_3945,12188.12
00bbac68_3946,12188.122
00bbac68_3947,12188.123
00bbac68_3948,12188.125
00bbac68_3949,12188.127
00bbac68_3950,12188.128
00bbac68_3951,12188.13
00bbac68_3952,12188.132
00bbac68_3953,12188.134
00bbac68_3954,12188.136
00bbac68_3955,12188.138
00bbac68_3956,12188.141
00bbac68_3957,12188.143
00bbac68_3958,12188.1455
00bbac68_3959,12188.147
00bbac68_3960,12188.15
00bbac68_3961,12188.153
00bbac68_3962,12188.156
00bbac68_3963,12188.159
00bbac68_3964,12188.162
00bbac68_3965,12188.166
00bbac68_3966,12188.169
00bbac68_3967,12188.172
00bbac68_3968,12188.176
00bbac68_3969,12188.18
00bbac68_3970,12188.183
00bbac68_3971,12188.187
00bbac68_3972,12188.19
00bbac68_3973,12188.194
00bbac68_3974,12188.199
00bbac68_3975,12188.203
00bbac68_3976,12188.207
00bbac68_3977,12188.212
00bbac68_3978,12188.216
00bbac68_3979,12188.221
00bbac68_3980,12188.226
00bbac68_3981,12188.23
00bbac68_3982,12188.235
00bbac68_3983,12188.24
00bbac68_3984,12188.246
00bbac68_3985,12188.251
00bbac68_3986,12188.257
00bbac68_3987,12188.263
00bbac68_3988,12188.268
00bbac68_3989,12188.273
00bbac68_3990,12188.279
00bbac68_3991,12188.285
00bbac68_3992,12188.291
00bbac68_3993,12188.297
00bbac68_3994,12188.303
00bbac68_3995,12188.309
00bbac68_3996,12188.315
00bbac68_3997,12188.321
00bbac68_3998,12188.327
00bbac68_3999,12188.334
00bbac68_4000,12188.34
00bbac68_4001,12188.347
00bbac68_4002,12188.353
00bbac68_4003,12188.359
00bbac68_4004,12188.365
00bbac68_4005,12188.372
00bbac68_4006,12188.379
00bbac68_4007,12188.386
00bbac68_4008,12188.392
00bbac68_4009,12188.399
00bbac68_4010,12188.406
00bbac68_4011,12188.413
00bbac68_4012,12188.42
00bbac68_4013,12188.428
00bbac68_4014,12188.435
00bbac68_4015,12188.442
00bbac68_4016,12188.449
00bbac68_4017,12188.457
00bbac68_4018,12188.464
00bbac68_4019,12188.472
00bbac68_4020,12188.479
00bbac68_4021,12188.486
00bbac68_4022,12188.493
00bbac68_4023,12188.5
00bbac68_4024,12188.508
00bbac68_4025,12188.515
00bbac68_4026,12188.522
00bbac68_4027,12188.529
00bbac68_4028,12188.536
00bbac68_4029,12188.544
00bbac68_4030,12188.551
00bbac68_4031,12188.558
00bbac68_4032,12188.565
00bbac68_4033,12188.572
00bbac68_4034,12188.579
00bbac68_4035,12188.586
00bbac68_4036,12188.592
00bbac68_4037,12188.599
00bbac68_4038,12188.6045
00bbac68_4039,12188.611
00bbac68_4040,12188.617
00bbac68_4041,12188.623
00bbac68_4042,12188.629
00bbac68_4043,12188.635
00bbac68_4044,12188.641
00bbac68_4045,12188.6455
00bbac68_4046,12188.651
00bbac68_4047,12188.656
00bbac68_4048,12188.661
00bbac68_4049,12188.666
00bbac68_4050,12188.67
00bbac68_4051,12188.675
00bbac68_4052,12188.68
00bbac68_4053,12188.684
00bbac68_4054,12188.6875
00bbac68_4055,12188.691
00bbac68_4056,12188.695
00bbac68_4057,12188.698
00bbac68_4058,12188.702
00bbac68_4059,12188.705
00bbac68_4060,12188.709
00bbac68_4061,12188.712
00bbac68_4062,12188.715
00bbac68_4063,12188.718
00bbac68_4064,12188.721
00bbac68_4065,12188.723
00bbac68_4066,12188.726
00bbac68_4067,12188.728
00bbac68_4068,12188.7295
00bbac68_4069,12188.731
00bbac68_4070,12188.733
00bbac68_4071,12188.734
00bbac68_4072,12188.736
00bbac68_4073,12188.737
00bbac68_4074,12188.738
00bbac68_4075,12188.739
00bbac68_4076,12188.74
00bbac68_4077,12188.74
00bbac68_4078,12188.74
00bbac68_4079,12188.74
00bbac68_4080,12188.74
00bbac68_4081,12188.74
00bbac68_4082,12188.74
00bbac68_4083,12188.739
00bbac68_4084,12188.738
00bbac68_4085,12188.738
00bbac68_4086,12188.737
00bbac68_4087,12188.735
00bbac68_4088,12188.734
00bbac68_4089,12188.733
00bbac68_4090,12188.731
00bbac68_4091,12188.7295
00bbac68_4092,12188.728
00bbac68_4093,12188.726
00bbac68_4094,12188.724
00bbac68_4095,12188.722
00bbac68_4096,12188.719
00bbac68_4097,12188.717
00bbac68_4098,12188.714
00bbac68_4099,12188.712
00bbac68_4100,12188.709
00bbac68_4101,12188.706
00bbac68_4102,12188.703
00bbac68_4103,12188.7
00bbac68_4104,12188.697
00bbac68_4105,12188.694
00bbac68_4106,12188.69
00bbac68_4107,12188.6875
00bbac68_4108,12188.684
00bbac68_4109,12188.68
00bbac68_4110,12188.677
00bbac68_4111,12188.673
00bbac68_4112,12188.669
00bbac68_4113,12188.665
00bbac68_4114,12188.661
00bbac68_4115,12188.656
00bbac68_4116,12188.652
00bbac68_4117,12188.648
00bbac68_4118,12188.644
00bbac68_4119,12188.639
00bbac68_4120,12188.635
00bbac68_4121,12188.63
00bbac68_4122,12188.625
00bbac68_4123,12188.62
00bbac68_4124,12188.615
00bbac68_4125,12188.61
00bbac68_4126,12188.605
00bbac68_4127,12188.601
00bbac68_4128,12188.595
00bbac68_4129,12188.59
00bbac68_4130,12188.585
00bbac68_4131,12188.579
00bbac68_4132,12188.574
00bbac68_4133,12188.569
00bbac68_4134,12188.563
00bbac68_4135,12188.559
00bbac68_4136,12188.553
00bbac68_4137,12188.547
00bbac68_4138,12188.542
00bbac68_4139,12188.536
00bbac68_4140,12188.53
00bbac68_4141,12188.524
00bbac68_4142,12188.52
00bbac68_4143,12188.514
00bbac68_4144,12188.508
00bbac68_4145,12188.502
00bbac68_4146,12188.496
00bbac68_4147,12188.491
00bbac68_4148,12188.485
00bbac68_4149,12188.4795
00bbac68_4150,12188.475
00bbac68_4151,12188.469
00bbac68_4152,12188.464
00bbac68_4153,12188.458
00bbac68_4154,12188.453
00bbac68_4155,12188.447
00bbac68_4156,12188.442
00bbac68_4157,12188.437
00bbac68_4158,12188.432
00bbac68_4159,12188.427
00bbac68_4160,12188.421
00bbac68_4161,12188.416
00bbac68_4162,12188.411
00bbac68_4163,12188.406
00bbac68_4164,12188.4
00bbac68_4165,12188.3955
00bbac68_4166,12188.391
00bbac68_4167,12188.386
00bbac68_4168,12188.381
00bbac68_4169,12188.376
00bbac68_4170,12188.371
00bbac68_4171,12188.366
00bbac68_4172,12188.361
00bbac68_4173,12188.356
00bbac68_4174,12188.352
00bbac68_4175,12188.347
00bbac68_4176,12188.342
00bbac68_4177,12188.337
00bbac68_4178,12188.332
00bbac68_4179,12188.327
00bbac68_4180,12188.323
00bbac68_4181,12188.318
00bbac68_4182,12188.314
00bbac68_4183,12188.31
00bbac68_4184,12188.306
00bbac68_4185,12188.301
00bbac68_4186,12188.297
00bbac68_4187,12188.293
00bbac68_4188,12188.289
00bbac68_4189,12188.284
00bbac68_4190,12188.28
00bbac68_4191,12188.277
00bbac68_4192,12188.273
00bbac68_4193,12188.27
00bbac68_4194,12188.266
00bbac68_4195,12188.263
00bbac68_4196,12188.259
00bbac68_4197,12188.256
00bbac68_4198,12188.252
00bbac68_4199,12188.249
00bbac68_4200,12188.246
00bbac68_4201,12188.242
00bbac68_4202,12188.239
00bbac68_4203,12188.236
00bbac68_4204,12188.233
00bbac68_4205,12188.23
00bbac68_4206,12188.228
00bbac68_4207,12188.226
00bbac68_4208,12188.223
00bbac68_4209,12188.22
00bbac68_4210,12188.217
00bbac68_4211,12188.214
00bbac68_4212,12188.211
00bbac68_4213,12188.208
00bbac68_4214,12188.205
00bbac68_4215,12188.202
00bbac68_4216,12188.199
00bbac68_4217,12188.196
00bbac68_4218,12188.193
00bbac68_4219,12188.191
00bbac68_4220,12188.188
00bbac68_4221,12188.186
00bbac68_4222,12188.183
00bbac68_4223,12188.181
00bbac68_4224,12188.178
00bbac68_4225,12188.176
00bbac68_4226,12188.173
00bbac68_4227,12188.171
00bbac68_4228,12188.168
00bbac68_4229,12188.166
00bbac68_4230,12188.164
00bbac68_4231,12188.162
00bbac68_4232,12188.16
00bbac68_4233,12188.158
00bbac68_4234,12188.156
00bbac68_4235,12188.155
00bbac68_4236,12188.153
00bbac68_4237,12188.152
00bbac68_4238,12188.151
00bbac68_4239,12188.15
00bbac68_4240,12188.149
00bbac68_4241,12188.148
00bbac68_4242,12188.147
00bbac68_4243,12188.147
00bbac68_4244,12188.147
00bbac68_4245,12188.147
00bbac68_4246,12188.147
00bbac68_4247,12188.147
00bbac68_4248,12188.147
00bbac68_4249,12188.148
00bbac68_4250,12188.148
00bbac68_4251,12188.149
00bbac68_4252,12188.15
00bbac68_4253,12188.151
00bbac68_4254,12188.152
00bbac68_4255,12188.154
00bbac68_4256,12188.155
00bbac68_4257,12188.157
00bbac68_4258,12188.159
00bbac68_4259,12188.16
00bbac68_4260,12188.162
00bbac68_4261,12188.164
00bbac68_4262,12188.166
00bbac68_4263,12188.168
00bbac68_4264,12188.17
00bbac68_4265,12188.172
00bbac68_4266,12188.174
00bbac68_4267,12188.176
00bbac68_4268,12188.179
00bbac68_4269,12188.181
00bbac68_4270,12188.183
00bbac68_4271,12188.186
00bbac68_4272,12188.1875
00bbac68_4273,12188.19
00bbac68_4274,12188.192
00bbac68_4275,12188.195
00bbac68_4276,12188.198
00bbac68_4277,12188.201
00bbac68_4278,12188.204
00bbac68_4279,12188.206
00bbac68_4280,12188.209
00bbac68_4281,12188.213
00bbac68_4282,12188.216
00bbac68_4283,12188.219
00bbac68_4284,12188.222
00bbac68_4285,12188.225
00bbac68_4286,12188.229
00bbac68_4287,12188.231
00bbac68_4288,12188.235
00bbac68_4289,12188.238
00bbac68_4290,12188.242
00bbac68_4291,12188.246
00bbac68_4292,12188.25
00bbac68_4293,12188.254
00bbac68_4294,12188.258
00bbac68_4295,12188.262
00bbac68_4296,12188.266
00bbac68_4297,12188.2705
00bbac68_4298,12188.274
00bbac68_4299,12188.278
00bbac68_4300,12188.283
00bbac68_4301,12188.287
00bbac68_4302,12188.291
00bbac68_4303,12188.295
00bbac68_4304,12188.299
00bbac68_4305,12188.303
00bbac68_4306,12188.307
00bbac68_4307,12188.311
00bbac68_4308,12188.314
00bbac68_4309,12188.318
00bbac68_4310,12188.321
00bbac68_4311,12188.325
00bbac68_4312,12188.329
00bbac68_4313,12188.332
00bbac68_4314,12188.336
00bbac68_4315,12188.339
00bbac68_4316,12188.342
00bbac68_4317,12188.345
00bbac68_4318,12188.348
00bbac68_4319,12188.351
00bbac68_4320,12188.354
00bbac68_4321,12188.356
00bbac68_4322,12188.359
00bbac68_4323,12188.361
00bbac68_4324,12188.364
00bbac68_4325,12188.367
00bbac68_4326,12188.369
00bbac68_4327,12188.371
00bbac68_4328,12188.374
00bbac68_4329,12188.376
00bbac68_4330,12188.378
00bbac68_4331,12188.38
00bbac68_4332,12188.382
00bbac68_4333,12188.384
00bbac68_4334,12188.386
00bbac68_4335,12188.388
00bbac68_4336,12188.389
00bbac68_4337,12188.391
00bbac68_4338,12188.392
00bbac68_4339,12188.394
00bbac68_4340,12188.395
00bbac68_4341,12188.396
00bbac68_4342,12188.397
00bbac68_4343,12188.398
00bbac68_4344,12188.399
00bbac68_4345,12188.4
00bbac68_4346,12188.401
00bbac68_4347,12188.402
00bbac68_4348,12188.403
00bbac68_4349,12188.403
00bbac68_4350,12188.404
00bbac68_4351,12188.404
00bbac68_4352,12188.405
00bbac68_4353,12188.405
00bbac68_4354,12188.405
00bbac68_4355,12188.405
00bbac68_4356,12188.404
00bbac68_4357,12188.404
00bbac68_4358,12188.403
00bbac68_4359,12188.402
00bbac68_4360,12188.401
00bbac68_4361,12188.399
00bbac68_4362,12188.397
00bbac68_4363,12188.396
00bbac68_4364,12188.394
00bbac68_4365,12188.392
00bbac68_4366,12188.39
00bbac68_4367,12188.387
00bbac68_4368,12188.384
00bbac68_4369,12188.381
00bbac68_4370,12188.378
00bbac68_4371,12188.375
00bbac68_4372,12188.371
00bbac68_4373,12188.368
00bbac68_4374,12188.364
00bbac68_4375,12188.36
00bbac68_4376,12188.356
00bbac68_4377,12188.353
00bbac68_4378,12188.348
00bbac68_4379,12188.343
00bbac68_4380,12188.339
00bbac68_4381,12188.333
00bbac68_4382,12188.328
00bbac68_4383,12188.323
00bbac68_4384,12188.317
00bbac68_4385,12188.312
00bbac68_4386,12188.307
00bbac68_4387,12188.301
00bbac68_4388,12188.294
00bbac68_4389,12188.288
00bbac68_4390,12188.282
00bbac68_4391,12188.275
00bbac68_4392,12188.27
00bbac68_4393,12188.263
00bbac68_4394,12188.256
00bbac68_4395,12188.249
00bbac68_4396,12188.242
00bbac68_4397,12188.235
00bbac68_4398,12188.229
00bbac68_4399,12188.221
00bbac68_4400,12188.213
00bbac68_4401,12188.205
00bbac68_4402,12188.197
00bbac68_4403,12188.189
00bbac68_4404,12188.181
00bbac68_4405,12188.173
00bbac68_4406,12188.164
00bbac68_4407,12188.155
00bbac68_4408,12188.146
00bbac68_4409,12188.137
00bbac68_4410,12188.128
00bbac68_4411,12188.119
00bbac68_4412,12188.109
00bbac68_4413,12188.101
00bbac68_4414,12188.091
00bbac68_4415,12188.081
00bbac68_4416,12188.071
00bbac68_4417,12188.0625
00bbac68_4418,12188.053
00bbac68_4419,12188.042
00bbac68_4420,12188.032
00bbac68_4421,12188.022
00bbac68_4422,12188.013
00bbac68_4423,12188.003
00bbac68_4424,12187.992
00bbac68_4425,12187.982
00bbac68_4426,12187.972
00bbac68_4427,12187.962
00bbac68_4428,12187.951
00bbac68_4429,12187.94
00bbac68_4430,12187.93
00bbac68_4431,12187.92
00bbac68_4432,12187.909
00bbac68_4433,12187.898
00bbac68_4434,12187.888
00bbac68_4435,12187.877
00bbac68_4436,12187.865
00bbac68_4437,12187.8545
00bbac68_4438,12187.844
00bbac68_4439,12187.832
00bbac68_4440,12187.821
00bbac68_4441,12187.81
00bbac68_4442,12187.799
00bbac68_4443,12187.788
00bbac68_4444,12187.776
00bbac68_4445,12187.765
00bbac68_4446,12187.754
00bbac68_4447,12187.742
00bbac68_4448,12187.73
00bbac68_4449,12187.72
00bbac68_4450,12187.708
00bbac68_4451,12187.696
00bbac68_4452,12187.685
00bbac68_4453,12187.673
00bbac68_4454,12187.662
00bbac68_4455,12187.65
00bbac68_4456,12187.639
00bbac68_4457,12187.627
00bbac68_4458,12187.615
00bbac68_4459,12187.6045
00bbac68_4460,12187.593
00bbac68_4461,12187.581
00bbac68_4462,12187.57
00bbac68_4463,12187.559
00bbac68_4464,12187.548
00bbac68_4465,12187.537
00bbac68_4466,12187.526
00bbac68_4467,12187.516
00bbac68_4468,12187.505
00bbac68_4469,12187.494
00bbac68_4470,12187.483
00bbac68_4471,12187.473
00bbac68_4472,12187.463
00bbac68_4473,12187.453
00bbac68_4474,12187.442
00bbac68_4475,12187.433
00bbac68_4476,12187.424
00bbac68_4477,12187.414
00bbac68_4478,12187.404
00bbac68_4479,12187.3955
00bbac68_4480,12187.387
00bbac68_4481,12187.378
00bbac68_4482,12187.369
00bbac68_4483,12187.361
00bbac68_4484,12187.353
00bbac68_4485,12187.345
00bbac68_4486,12187.337
00bbac68_4487,12187.33
00bbac68_4488,12187.322
00bbac68_4489,12187.315
00bbac68_4490,12187.308
00bbac68_4491,12187.301
00bbac68_4492,12187.294
00bbac68_4493,12187.287
00bbac68_4494,12187.28
00bbac68_4495,12187.273
00bbac68_4496,12187.267
00bbac68_4497,12187.26
00bbac68_4498,12187.253
00bbac68_4499,12187.246
00bbac68_4500,12187.24
00bbac68_4501,12187.233
00bbac68_4502,12187.227
00bbac68_4503,12187.221
00bbac68_4504,12187.215
00bbac68_4505,12187.208
00bbac68_4506,12187.202
00bbac68_4507,12187.196
00bbac68_4508,12187.19
00bbac68_4509,12187.185
00bbac68_4510,12187.18
00bbac68_4511,12187.174
00bbac68_4512,12187.168
00bbac68_4513,12187.163
00bbac68_4514,12187.157
00bbac68_4515,12187.152
00bbac68_4516,12187.147
00bbac68_4517,12187.143
00bbac68_4518,12187.138
00bbac68_4519,12187.133
00bbac68_4520,12187.129
00bbac68_4521,12187.125
00bbac68_4522,12187.121
00bbac68_4523,12187.117
00bbac68_4524,12187.114
00bbac68_4525,12187.11
00bbac68_4526,12187.107
00bbac68_4527,12187.1045
00bbac68_4528,12187.103
00bbac68_4529,12187.1
00bbac68_4530,12187.098
00bbac68_4531,12187.095
00bbac68_4532,12187.093
00bbac68_4533,12187.091
00bbac68_4534,12187.089
00bbac68_4535,12187.088
00bbac68_4536,12187.086
00bbac68_4537,12187.085
00bbac68_4538,12187.084
00bbac68_4539,12187.082
00bbac68_4540,12187.081
00bbac68_4541,12187.08
00bbac68_4542,12187.079
00bbac68_4543,12187.078
00bbac68_4544,12187.077
00bbac68_4545,12187.075
00bbac68_4546,12187.074
00bbac68_4547,12187.073
00bbac68_4548,12187.072
00bbac68_4549,12187.071
00bbac68_4550,12187.069
00bbac68_4551,12187.068
00bbac68_4552,12187.066
00bbac68_4553,12187.065
00bbac68_4554,12187.064
00bbac68_4555,12187.0625
00bbac68_4556,12187.062
00bbac68_4557,12187.06
00bbac68_4558,12187.059
00bbac68_4559,12187.058
00bbac68_4560,12187.056
00bbac68_4561,12187.055
00bbac68_4562,12187.054
00bbac68_4563,12187.053
00bbac68_4564,12187.051
00bbac68_4565,12187.05
00bbac68_4566,12187.049
00bbac68_4567,12187.048
00bbac68_4568,12187.046
00bbac68_4569,12187.045
00bbac68_4570,12187.044
00bbac68_4571,12187.042
00bbac68_4572,12187.041
00bbac68_4573,12187.039
00bbac68_4574,12187.038
00bbac68_4575,12187.036
00bbac68_4576,12187.034
00bbac68_4577,12187.032
00bbac68_4578,12187.03
00bbac68_4579,12187.029
00bbac68_4580,12187.027
00bbac68_4581,12187.024
00bbac68_4582,12187.022
00bbac68_4583,12187.0205
00bbac68_4584,12187.019
00bbac68_4585,12187.016
00bbac68_4586,12187.014
00bbac68_4587,12187.011
00bbac68_4588,12187.008
00bbac68_4589,12187.005
00bbac68_4590,12187.002
00bbac68_4591,12186.999
00bbac68_4592,12186.995
00bbac68_4593,12186.991
00bbac68_4594,12186.987
00bbac68_4595,12186.982
00bbac68_4596,12186.979
00bbac68_4597,12186.974
00bbac68_4598,12186.969
00bbac68_4599,12186.963
00bbac68_4600,12186.957
00bbac68_4601,12186.951
00bbac68_4602,12186.945
00bbac68_4603,12186.939
00bbac68_4604,12186.933
00bbac68_4605,12186.926
00bbac68_4606,12186.919
00bbac68_4607,12186.912
00bbac68_4608,12186.905
00bbac68_4609,12186.897
00bbac68_4610,12186.89
00bbac68_4611,12186.882
00bbac68_4612,12186.874
00bbac68_4613,12186.866
00bbac68_4614,12186.857
00bbac68_4615,12186.85
00bbac68_4616,12186.841
00bbac68_4617,12186.831
00bbac68_4618,12186.822
00bbac68_4619,12186.813
00bbac68_4620,12186.804
00bbac68_4621,12186.794
00bbac68_4622,12186.784
00bbac68_4623,12186.773
00bbac68_4624,12186.764
00bbac68_4625,12186.753
00bbac68_4626,12186.742
00bbac68_4627,12186.731
00bbac68_4628,12186.72
00bbac68_4629,12186.709
00bbac68_4630,12186.697
00bbac68_4631,12186.686
00bbac68_4632,12186.673
00bbac68_4633,12186.661
00bbac68_4634,12186.648
00bbac68_4635,12186.636
00bbac68_4636,12186.622
00bbac68_4637,12186.609
00bbac68_4638,12186.596
00bbac68_4639,12186.582
00bbac68_4640,12186.567
00bbac68_4641,12186.553
00bbac68_4642,12186.538
00bbac68_4643,12186.523
00bbac68_4644,12186.508
00bbac68_4645,12186.492
00bbac68_4646,12186.476
00bbac68_4647,12186.46
00bbac68_4648,12186.443
00bbac68_4649,12186.426
00bbac68_4650,12186.409
00bbac68_4651,12186.392
00bbac68_4652,12186.374
00bbac68_4653,12186.356
00bbac68_4654,12186.338
00bbac68_4655,12186.319
00bbac68_4656,12186.301
00bbac68_4657,12186.282
00bbac68_4658,12186.264
00bbac68_4659,12186.244
00bbac68_4660,12186.225
00bbac68_4661,12186.204
00bbac68_4662,12186.185
00bbac68_4663,12186.164
00bbac68_4664,12186.144
00bbac68_4665,12186.122
00bbac68_4666,12186.102
00bbac68_4667,12186.08
00bbac68_4668,12186.059
00bbac68_4669,12186.036
00bbac68_4670,12186.015
00bbac68_4671,12185.992
00bbac68_4672,12185.97
00bbac68_4673,12185.947
00bbac68_4674,12185.925
00bbac68_4675,12185.902
00bbac68_4676,12185.879
00bbac68_4677,12185.855
00bbac68_4678,12185.832
00bbac68_4679,12185.809
00bbac68_4680,12185.785
00bbac68_4681,12185.761
00bbac68_4682,12185.736
00bbac68_4683,12185.712
00bbac68_4684,12185.6875
00bbac68_4685,12185.663
00bbac68_4686,12185.638
00bbac68_4687,12185.612
00bbac68_4688,12185.587
00bbac68_4689,12185.562
00bbac68_4690,12185.535
00bbac68_4691,12185.51
00bbac68_4692,12185.483
00bbac68_4693,12185.457
00bbac68_4694,12185.431
00bbac68_4695,12185.404
00bbac68_4696,12185.377
00bbac68_4697,12185.351
00bbac68_4698,12185.323
00bbac68_4699,12185.297
00bbac68_4700,12185.27
00bbac68_4701,12185.242
00bbac68_4702,12185.215
00bbac68_4703,12185.188
00bbac68_4704,12185.161
00bbac68_4705,12185.134
00bbac68_4706,12185.106
00bbac68_4707,12185.08
00bbac68_4708,12185.053
00bbac68_4709,12185.025
00bbac68_4710,12184.999
00bbac68_4711,12184.972
00bbac68_4712,12184.945
00bbac68_4713,12184.918
00bbac68_4714,12184.892
00bbac68_4715,12184.865
00bbac68_4716,12184.839
00bbac68_4717,12184.8125
00bbac68_4718,12184.787
00bbac68_4719,12184.761
00bbac68_4720,12184.734
00bbac68_4721,12184.709
00bbac68_4722,12184.684
00bbac68_4723,12184.657
00bbac68_4724,12184.632
00bbac68_4725,12184.606
00bbac68_4726,12184.581
00bbac68_4727,12184.556
00bbac68_4728,12184.531
00bbac68_4729,12184.506
00bbac68_4730,12184.48
00bbac68_4731,12184.456
00bbac68_4732,12184.431
00bbac68_4733,12184.406
00bbac68_4734,12184.381
00bbac68_4735,12184.356
00bbac68_4736,12184.332
00bbac68_4737,12184.307
00bbac68_4738,12184.282
00bbac68_4739,12184.258
00bbac68_4740,12184.233
00bbac68_4741,12184.209
00bbac68_4742,12184.186
00bbac68_4743,12184.161
00bbac68_4744,12184.138
00bbac68_4745,12184.114
00bbac68_4746,12184.091
00bbac68_4747,12184.067
00bbac68_4748,12184.045
00bbac68_4749,12184.021
00bbac68_4750,12184.0
00bbac68_4751,12183.978
00bbac68_4752,12183.956
00bbac68_4753,12183.935
00bbac68_4754,12183.914
00bbac68_4755,12183.893
00bbac68_4756,12183.873
00bbac68_4757,12183.853
00bbac68_4758,12183.833
00bbac68_4759,12183.813
00bbac68_4760,12183.794
00bbac68_4761,12183.775
00bbac68_4762,12183.757
00bbac68_4763,12183.739
00bbac68_4764,12183.722
00bbac68_4765,12183.704
00bbac68_4766,12183.6875
00bbac68_4767,12183.671
00bbac68_4768,12183.654
00bbac68_4769,12183.639
00bbac68_4770,12183.623
00bbac68_4771,12183.607
00bbac68_4772,12183.593
00bbac68_4773,12183.578
00bbac68_4774,12183.563
00bbac68_4775,12183.55
00bbac68_4776,12183.536
00bbac68_4777,12183.522
00bbac68_4778,12183.509
00bbac68_4779,12183.496
00bbac68_4780,12183.483
00bbac68_4781,12183.472
00bbac68_4782,12183.46
00bbac68_4783,12183.448
00bbac68_4784,12183.437
00bbac68_4785,12183.426
00bbac68_4786,12183.415
00bbac68_4787,12183.405
00bbac68_4788,12183.3955
00bbac68_4789,12183.386
00bbac68_4790,12183.377
00bbac68_4791,12183.368
00bbac68_4792,12183.359
00bbac68_4793,12183.352
00bbac68_4794,12183.344
00bbac68_4795,12183.337
00bbac68_4796,12183.33
00bbac68_4797,12183.323
00bbac68_4798,12183.317
00bbac68_4799,12183.3125
00bbac68_4800,12183.308
00bbac68_4801,12183.303
00bbac68_4802,12183.299
00bbac68_4803,12183.295
00bbac68_4804,12183.292
00bbac68_4805,12183.289
00bbac68_4806,12183.286
00bbac68_4807,12183.285
00bbac68_4808,12183.283
00bbac68_4809,12183.282
00bbac68_4810,12183.281
00bbac68_4811,12183.28
00bbac68_4812,12183.28
00bbac68_4813,12183.28
00bbac68_4814,12183.281
00bbac68_4815,12183.281
00bbac68_4816,12183.282
00bbac68_4817,12183.283
00bbac68_4818,12183.284
00bbac68_4819,12183.286
00bbac68_4820,12183.288
00bbac68_4821,12183.29
00bbac68_4822,12183.292
00bbac68_4823,12183.295
00bbac68_4824,12183.298
00bbac68_4825,12183.301
00bbac68_4826,12183.304
00bbac68_4827,12183.307
00bbac68_4828,12183.311
00bbac68_4829,12183.313
00bbac68_4830,12183.317
00bbac68_4831,12183.321
00bbac68_4832,12183.326
00bbac68_4833,12183.33
00bbac68_4834,12183.335
00bbac68_4835,12183.339
00bbac68_4836,12183.344
00bbac68_4837,12183.349
00bbac68_4838,12183.354
00bbac68_4839,12183.359
00bbac68_4840,12183.364
00bbac68_4841,12183.37
00bbac68_4842,12183.376
00bbac68_4843,12183.382
00bbac68_4844,12183.388
00bbac68_4845,12183.395
00bbac68_4846,12183.4
00bbac68_4847,12183.407
00bbac68_4848,12183.414
00bbac68_4849,12183.421
00bbac68_4850,12183.428
00bbac68_4851,12183.435
00bbac68_4852,12183.441
00bbac68_4853,12183.448
00bbac68_4854,12183.455
00bbac68_4855,12183.463
00bbac68_4856,12183.47
00bbac68_4857,12183.477
00bbac68_4858,12183.484
00bbac68_4859,12183.491
00bbac68_4860,12183.499
00bbac68_4861,12183.506
00bbac68_4862,12183.514
00bbac68_4863,12183.521
00bbac68_4864,12183.528
00bbac68_4865,12183.535
00bbac68_4866,12183.543
00bbac68_4867,12183.55
00bbac68_4868,12183.557
00bbac68_4869,12183.563
00bbac68_4870,12183.57
00bbac68_4871,12183.577
00bbac68_4872,12183.583
00bbac68_4873,12183.59
00bbac68_4874,12183.596
00bbac68_4875,12183.602
00bbac68_4876,12183.607
00bbac68_4877,12183.613
00bbac68_4878,12183.618
00bbac68_4879,12183.624
00bbac68_4880,12183.629
00bbac68_4881,12183.634
00bbac68_4882,12183.639
00bbac68_4883,12183.644
00bbac68_4884,12183.647
00bbac68_4885,12183.651
00bbac68_4886,12183.655
00bbac68_4887,12183.659
00bbac68_4888,12183.663
00bbac68_4889,12183.666
00bbac68_4890,12183.669
00bbac68_4891,12183.672
00bbac68_4892,12183.675
00bbac68_4893,12183.678
00bbac68_4894,12183.68
00bbac68_4895,12183.682
00bbac68_4896,12183.685
00bbac68_4897,12183.687
00bbac68_4898,12183.688
00bbac68_4899,12183.689
00bbac68_4900,12183.691
00bbac68_4901,12183.692
00bbac68_4902,12183.694
00bbac68_4903,12183.695
00bbac68_4904,12183.696
00bbac68_4905,12183.697
00bbac68_4906,12183.698
00bbac68_4907,12183.698
00bbac68_4908,12183.698
00bbac68_4909,12183.698
00bbac68_4910,12183.698
00bbac68_4911,12183.698
00bbac68_4912,12183.697
00bbac68_4913,12183.696
00bbac68_4914,12183.695
00bbac68_4915,12183.694
00bbac68_4916,12183.693
00bbac68_4917,12183.691
00bbac68_4918,12183.689
00bbac68_4919,12183.6875
00bbac68_4920,12183.686
00bbac68_4921,12183.684
00bbac68_4922,12183.681
00bbac68_4923,12183.678
00bbac68_4924,12183.675
00bbac68_4925,12183.672
00bbac68_4926,12183.668
00bbac68_4927,12183.664
00bbac68_4928,12183.66
00bbac68_4929,12183.656
00bbac68_4930,12183.652
00bbac68_4931,12183.647
00bbac68_4932,12183.643
00bbac68_4933,12183.638
00bbac68_4934,12183.633
00bbac68_4935,12183.627
00bbac68_4936,12183.622
00bbac68_4937,12183.616
00bbac68_4938,12183.61
00bbac68_4939,12183.605
00bbac68_4940,12183.6
00bbac68_4941,12183.595
00bbac68_4942,12183.589
00bbac68_4943,12183.584
00bbac68_4944,12183.578
00bbac68_4945,12183.573
00bbac68_4946,12183.567
00bbac68_4947,12183.5625
00bbac68_4948,12183.558
00bbac68_4949,12183.552
00bbac68_4950,12183.547
00bbac68_4951,12183.541
00bbac68_4952,12183.536
00bbac68_4953,12183.531
00bbac68_4954,12183.525
00bbac68_4955,12183.5205
00bbac68_4956,12183.515
00bbac68_4957,12183.51
00bbac68_4958,12183.504
00bbac68_4959,12183.499
00bbac68_4960,12183.494
00bbac68_4961,12183.488
00bbac68_4962,12183.483
00bbac68_4963,12183.478
00bbac68_4964,12183.473
00bbac68_4965,12183.467
00bbac68_4966,12183.462
00bbac68_4967,12183.456
00bbac68_4968,12183.451
00bbac68_4969,12183.445
00bbac68_4970,12183.439
00bbac68_4971,12183.435
00bbac68_4972,12183.43
00bbac68_4973,12183.424
00bbac68_4974,12183.419
00bbac68_4975,12183.413
00bbac68_4976,12183.408
00bbac68_4977,12183.403
00bbac68_4978,12183.398
00bbac68_4979,12183.394
00bbac68_4980,12183.39
00bbac68_4981,12183.385
00bbac68_4982,12183.381
00bbac68_4983,12183.376
00bbac68_4984,12183.372
00bbac68_4985,12183.369
00bbac68_4986,12183.365
00bbac68_4987,12183.361
00bbac68_4988,12183.357
00bbac68_4989,12183.3545
00bbac68_4990,12183.352
00bbac68_4991,12183.349
00bbac68_4992,12183.346
00bbac68_4993,12183.343
00bbac68_4994,12183.34
00bbac68_4995,12183.337
00bbac68_4996,12183.334
00bbac68_4997,12183.332
00bbac68_4998,12183.329
00bbac68_4999,12183.327
00bbac68_5000,12183.325
00bbac68_5001,12183.323
00bbac68_5002,12183.321
00bbac68_5003,12183.319
00bbac68_5004,12183.317
00bbac68_5005,12183.315
00bbac68_5006,12183.313
00bbac68_5007,12183.3125
00bbac68_5008,12183.311
00bbac68_5009,12183.31
00bbac68_5010,12183.308
00bbac68_5011,12183.307
00bbac68_5012,12183.305
00bbac68_5013,12183.304
00bbac68_5014,12183.303
00bbac68_5015,12183.301
00bbac68_5016,12183.3
00bbac68_5017,12183.299
00bbac68_5018,12183.298
00bbac68_5019,12183.297
00bbac68_5020,12183.296
00bbac68_5021,12183.295
00bbac68_5022,12183.294
00bbac68_5023,12183.293
00bbac68_5024,12183.293
00bbac68_5025,12183.292
00bbac68_5026,12183.292
00bbac68_5027,12183.292
00bbac68_5028,12183.291
00bbac68_5029,12183.291
00bbac68_5030,12183.291
00bbac68_5031,12183.291
00bbac68_5032,12183.291
00bbac68_5033,12183.292
00bbac68_5034,12183.292
00bbac68_5035,12183.292
00bbac68_5036,12183.292
00bbac68_5037,12183.293
00bbac68_5038,12183.293
00bbac68_5039,12183.293
00bbac68_5040,12183.294
00bbac68_5041,12183.294
00bbac68_5042,12183.294
00bbac68_5043,12183.294
00bbac68_5044,12183.295
00bbac68_5045,12183.295
00bbac68_5046,12183.295
00bbac68_5047,12183.295
00bbac68_5048,12183.294
00bbac68_5049,12183.294
00bbac68_5050,12183.294
00bbac68_5051,12183.293
00bbac68_5052,12183.292
00bbac68_5053,12183.291
00bbac68_5054,12183.29
00bbac68_5055,12183.289
00bbac68_5056,12183.287
00bbac68_5057,12183.285
00bbac68_5058,12183.283
00bbac68_5059,12183.281
00bbac68_5060,12183.279
00bbac68_5061,12183.276
00bbac68_5062,12183.273
00bbac68_5063,12183.2705
00bbac68_5064,12183.268
00bbac68_5065,12183.264
00bbac68_5066,12183.261
00bbac68_5067,12183.257
00bbac68_5068,12183.253
00bbac68_5069,12183.248
00bbac68_5070,12183.244
00bbac68_5071,12183.24
00bbac68_5072,12183.235
00bbac68_5073,12183.23
00bbac68_5074,12183.226
00bbac68_5075,12183.221
00bbac68_5076,12183.215
00bbac68_5077,12183.21
00bbac68_5078,12183.204
00bbac68_5079,12183.198
00bbac68_5080,12183.191
00bbac68_5081,12183.186
00bbac68_5082,12183.179
00bbac68_5083,12183.172
00bbac68_5084,12183.165
00bbac68_5085,12183.158
00bbac68_5086,12183.15
00bbac68_5087,12183.143
00bbac68_5088,12183.135
00bbac68_5089,12183.127
00bbac68_5090,12183.118
00bbac68_5091,12183.109
00bbac68_5092,12183.101
00bbac68_5093,12183.091
00bbac68_5094,12183.082
00bbac68_5095,12183.072
00bbac68_5096,12183.0625
00bbac68_5097,12183.052
00bbac68_5098,12183.042
00bbac68_5099,12183.031
00bbac68_5100,12183.0205
00bbac68_5101,12183.009
00bbac68_5102,12182.997
00bbac68_5103,12182.985
00bbac68_5104,12182.974
00bbac68_5105,12182.961
00bbac68_5106,12182.948
00bbac68_5107,12182.936
00bbac68_5108,12182.922
00bbac68_5109,12182.909
00bbac68_5110,12182.8955
00bbac68_5111,12182.881
00bbac68_5112,12182.867
00bbac68_5113,12182.853
00bbac68_5114,12182.838
00bbac68_5115,12182.823
00bbac68_5116,12182.809
00bbac68_5117,12182.793
00bbac68_5118,12182.777
00bbac68_5119,12182.762
00bbac68_5120,12182.746
00bbac68_5121,12182.73
00bbac68_5122,12182.714
00bbac68_5123,12182.698
00bbac68_5124,12182.682
00bbac68_5125,12182.665
00bbac68_5126,12182.648
00bbac68_5127,12182.632
00bbac68_5128,12182.615
00bbac68_5129,12182.599
00bbac68_5130,12182.582
00bbac68_5131,12182.565
00bbac68_5132,12182.549
00bbac68_5133,12182.532
00bbac68_5134,12182.516
00bbac68_5135,12182.499
00bbac68_5136,12182.482
00bbac68_5137,12182.466
00bbac68_5138,12182.449
00bbac68_5139,12182.433
00bbac68_5140,12182.416
00bbac68_5141,12182.399
00bbac68_5142,12182.384
00bbac68_5143,12182.367
00bbac68_5144,12182.351
00bbac68_5145,12182.334
00bbac68_5146,12182.318
00bbac68_5147,12182.302
00bbac68_5148,12182.285
00bbac68_5149,12182.27
00bbac68_5150,12182.253
00bbac68_5151,12182.237
00bbac68_5152,12182.221
00bbac68_5153,12182.205
00bbac68_5154,12182.189
00bbac68_5155,12182.173
00bbac68_5156,12182.157
00bbac68_5157,12182.142
00bbac68_5158,12182.126
00bbac68_5159,12182.11
00bbac68_5160,12182.095
00bbac68_5161,12182.079
00bbac68_5162,12182.064
00bbac68_5163,12182.05
00bbac68_5164,12182.035
00bbac68_5165,12182.0205
00bbac68_5166,12182.006
00bbac68_5167,12181.992
00bbac68_5168,12181.978
00bbac68_5169,12181.964
00bbac68_5170,12181.95
00bbac68_5171,12181.937
00bbac68_5172,12181.924
00bbac68_5173,12181.91
00bbac68_5174,12181.897
00bbac68_5175,12181.885
00bbac68_5176,12181.873
00bbac68_5177,12181.86
00bbac68_5178,12181.849
00bbac68_5179,12181.838
00bbac68_5180,12181.826
00bbac68_5181,12181.815
00bbac68_5182,12181.805
00bbac68_5183,12181.794
00bbac68_5184,12181.784
00bbac68_5185,12181.773
00bbac68_5186,12181.764
00bbac68_5187,12181.755
00bbac68_5188,12181.745
00bbac68_5189,12181.736
00bbac68_5190,12181.728
00bbac68_5191,12181.719
00bbac68_5192,12181.711
00bbac68_5193,12181.703
00bbac68_5194,12181.695
00bbac68_5195,12181.6875
00bbac68_5196,12181.681
00bbac68_5197,12181.673
00bbac68_5198,12181.666
00bbac68_5199,12181.659
00bbac68_5200,12181.653
00bbac68_5201,12181.647
00bbac68_5202,12181.641
00bbac68_5203,12181.635
00bbac68_5204,12181.63
00bbac68_5205,12181.624
00bbac68_5206,12181.619
00bbac68_5207,12181.614
00bbac68_5208,12181.609
00bbac68_5209,12181.605
00bbac68_5210,12181.602
00bbac68_5211,12181.598
00bbac68_5212,12181.594
00bbac68_5213,12181.59
00bbac68_5214,12181.587
00bbac68_5215,12181.584
00bbac68_5216,12181.582
00bbac68_5217,12181.579
00bbac68_5218,12181.577
00bbac68_5219,12181.575
00bbac68_5220,12181.573
00bbac68_5221,12181.572
00bbac68_5222,12181.57
00bbac68_5223,12181.569
00bbac68_5224,12181.568
00bbac68_5225,12181.567
00bbac68_5226,12181.566
00bbac68_5227,12181.566
00bbac68_5228,12181.565
00bbac68_5229,12181.564
00bbac68_5230,12181.564
00bbac68_5231,12181.564
00bbac68_5232,12181.563
00bbac68_5233,12181.563
00bbac68_5234,12181.563
00bbac68_5235,12181.5625
00bbac68_5236,12181.5625
00bbac68_5237,12181.562
00bbac68_5238,12181.562
00bbac68_5239,12181.562
00bbac68_5240,12181.561
00bbac68_5241,12181.561
00bbac68_5242,12181.56
00bbac68_5243,12181.56
00bbac68_5244,12181.559
00bbac68_5245,12181.559
00bbac68_5246,12181.558
00bbac68_5247,12181.558
00bbac68_5248,12181.557
00bbac68_5249,12181.556
00bbac68_5250,12181.555
00bbac68_5251,12181.555
00bbac68_5252,12181.554
00bbac68_5253,12181.553
00bbac68_5254,12181.552
00bbac68_5255,12181.551
00bbac68_5256,12181.55
00bbac68_5257,12181.548
00bbac68_5258,12181.547
00bbac68_5259,12181.545
00bbac68_5260,12181.544
00bbac68_5261,12181.542
00bbac68_5262,12181.54
00bbac68_5263,12181.538
00bbac68_5264,12181.536
00bbac68_5265,12181.534
00bbac68_5266,12181.532
00bbac68_5267,12181.53
00bbac68_5268,12181.527
00bbac68_5269,12181.525
00bbac68_5270,12181.522
00bbac68_5271,12181.52
00bbac68_5272,12181.517
00bbac68_5273,12181.513
00bbac68_5274,12181.51
00bbac68_5275,12181.506
00bbac68_5276,12181.502
00bbac68_5277,12181.497
00bbac68_5278,12181.492
00bbac68_5279,12181.488
00bbac68_5280,12181.482
00bbac68_5281,12181.478
00bbac68_5282,12181.472
00bbac68_5283,12181.466
00bbac68_5284,12181.46
00bbac68_5285,12181.453
00bbac68_5286,12181.446
00bbac68_5287,12181.439
00bbac68_5288,12181.432
00bbac68_5289,12181.424
00bbac68_5290,12181.416
00bbac68_5291,12181.408
00bbac68_5292,12181.399
00bbac68_5293,12181.391
00bbac68_5294,12181.381
00bbac68_5295,12181.371
00bbac68_5296,12181.361
00bbac68_5297,12181.352
00bbac68_5298,12181.341
00bbac68_5299,12181.33
00bbac68_5300,12181.318
00bbac68_5301,12181.307
00bbac68_5302,12181.295
00bbac68_5303,12181.283
00bbac68_5304,12181.2705
00bbac68_5305,12181.258
00bbac68_5306,12181.244
00bbac68_5307,12181.23
00bbac68_5308,12181.217
00bbac68_5309,12181.203
00bbac68_5310,12181.188
00bbac68_5311,12181.174
00bbac68_5312,12181.159
00bbac68_5313,12181.144
00bbac68_5314,12181.128
00bbac68_5315,12181.112
00bbac68_5316,12181.097
00bbac68_5317,12181.08
00bbac68_5318,12181.063
00bbac68_5319,12181.046
00bbac68_5320,12181.029
00bbac68_5321,12181.012
00bbac68_5322,12180.994
00bbac68_5323,12180.976
00bbac68_5324,12180.957
00bbac68_5325,12180.938
00bbac68_5326,12180.92
00bbac68_5327,12180.9
00bbac68_5328,12180.881
00bbac68_5329,12180.861
00bbac68_5330,12180.841
00bbac68_5331,12180.82
00bbac68_5332,12180.801
00bbac68_5333,12180.779
00bbac68_5334,12180.759
00bbac68_5335,12180.738
00bbac68_5336,12180.717
00bbac68_5337,12180.695
00bbac68_5338,12180.675
00bbac68_5339,12180.652
00bbac68_5340,12180.631
00bbac68_5341,12180.609
00bbac68_5342,12180.587
00bbac68_5343,12180.565
00bbac68_5344,12180.543
00bbac68_5345,12180.5205
00bbac68_5346,12180.498
00bbac68_5347,12180.476
00bbac68_5348,12180.453
00bbac68_5349,12180.43
00bbac68_5350,12180.407
00bbac68_5351,12180.385
00bbac68_5352,12180.362
00bbac68_5353,12180.34
00bbac68_5354,12180.317
00bbac68_5355,12180.295
00bbac68_5356,12180.272
00bbac68_5357,12180.25
00bbac68_5358,12180.228
00bbac68_5359,12180.206
00bbac68_5360,12180.184
00bbac68_5361,12180.162
00bbac68_5362,12180.141
00bbac68_5363,12180.118
00bbac68_5364,12180.097
00bbac68_5365,12180.075
00bbac68_5366,12180.054
00bbac68_5367,12180.032
00bbac68_5368,12180.012
00bbac68_5369,12179.99
00bbac68_5370,12179.97
00bbac68_5371,12179.949
00bbac68_5372,12179.929
00bbac68_5373,12179.908
00bbac68_5374,12179.888
00bbac68_5375,12179.868
00bbac68_5376,12179.849
00bbac68_5377,12179.829
00bbac68_5378,12179.81
00bbac68_5379,12179.79
00bbac68_5380,12179.771
00bbac68_5381,12179.752
00bbac68_5382,12179.733
00bbac68_5383,12179.715
00bbac68_5384,12179.696
00bbac68_5385,12179.678
00bbac68_5386,12179.66
00bbac68_5387,12179.642
00bbac68_5388,12179.624
00bbac68_5389,12179.606
00bbac68_5390,12179.589
00bbac68_5391,12179.571
00bbac68_5392,12179.555
00bbac68_5393,12179.537
00bbac68_5394,12179.5205
00bbac68_5395,12179.504
00bbac68_5396,12179.487
00bbac68_5397,12179.472
00bbac68_5398,12179.456
00bbac68_5399,12179.439
00bbac68_5400,12179.425
00bbac68_5401,12179.409
00bbac68_5402,12179.395
00bbac68_5403,12179.379
00bbac68_5404,12179.364
00bbac68_5405,12179.351
00bbac68_5406,12179.336
00bbac68_5407,12179.322
00bbac68_5408,12179.309
00bbac68_5409,12179.295
00bbac68_5410,12179.281
00bbac68_5411,12179.268
00bbac68_5412,12179.255
00bbac68_5413,12179.242
00bbac68_5414,12179.2295
00bbac68_5415,12179.217
00bbac68_5416,12179.204
00bbac68_5417,12179.192
00bbac68_5418,12179.181
00bbac68_5419,12179.169
00bbac68_5420,12179.157
00bbac68_5421,12179.1455
00bbac68_5422,12179.134
00bbac68_5423,12179.123
00bbac68_5424,12179.112
00bbac68_5425,12179.102
00bbac68_5426,12179.091
00bbac68_5427,12179.08
00bbac68_5428,12179.069
00bbac68_5429,12179.06
00bbac68_5430,12179.05
00bbac68_5431,12179.04
00bbac68_5432,12179.03
00bbac68_5433,12179.0205
00bbac68_5434,12179.011
00bbac68_5435,12179.002
00bbac68_5436,12178.992
00bbac68_5437,12178.983
00bbac68_5438,12178.975
00bbac68_5439,12178.966
00bbac68_5440,12178.958
00bbac68_5441,12178.949
00bbac68_5442,12178.941
00bbac68_5443,12178.935
00bbac68_5444,12178.927
00bbac68_5445,12178.92
00bbac68_5446,12178.913
00bbac68_5447,12178.906
00bbac68_5448,12178.899
00bbac68_5449,12178.894
00bbac68_5450,12178.887
00bbac68_5451,12178.882
00bbac68_5452,12178.876
00bbac68_5453,12178.87
00bbac68_5454,12178.865
00bbac68_5455,12178.86
00bbac68_5456,12178.855
00bbac68_5457,12178.852
00bbac68_5458,12178.848
00bbac68_5459,12178.844
00bbac68_5460,12178.84
00bbac68_5461,12178.837
00bbac68_5462,12178.834
00bbac68_5463,12178.831
00bbac68_5464,12178.829
00bbac68_5465,12178.827
00bbac68_5466,12178.825
00bbac68_5467,12178.823
00bbac68_5468,12178.822
00bbac68_5469,12178.821
00bbac68_5470,12178.82
00bbac68_5471,12178.819
00bbac68_5472,12178.818
00bbac68_5473,12178.818
00bbac68_5474,12178.818
00bbac68_5475,12178.818
00bbac68_5476,12178.818
00bbac68_5477,12178.818
00bbac68_5478,12178.819
00bbac68_5479,12178.819
00bbac68_5480,12178.82
00bbac68_5481,12178.821
00bbac68_5482,12178.823
00bbac68_5483,12178.824
00bbac68_5484,12178.825
00bbac68_5485,12178.827
00bbac68_5486,12178.829
00bbac68_5487,12178.83
00bbac68_5488,12178.832
00bbac68_5489,12178.834
00bbac68_5490,12178.836
00bbac68_5491,12178.839
00bbac68_5492,12178.841
00bbac68_5493,12178.843
00bbac68_5494,12178.845
00bbac68_5495,12178.848
00bbac68_5496,12178.85
00bbac68_5497,12178.852
00bbac68_5498,12178.8545
00bbac68_5499,12178.856
00bbac68_5500,12178.858
00bbac68_5501,12178.86
00bbac68_5502,12178.862
00bbac68_5503,12178.864
00bbac68_5504,12178.865
00bbac68_5505,12178.867
00bbac68_5506,12178.868
00bbac68_5507,12178.87
00bbac68_5508,12178.871
00bbac68_5509,12178.872
00bbac68_5510,12178.873
00bbac68_5511,12178.874
00bbac68_5512,12178.874
00bbac68_5513,12178.875
00bbac68_5514,12178.875
00bbac68_5515,12178.875
00bbac68_5516,12178.875
00bbac68_5517,12178.875
00bbac68_5518,12178.875
00bbac68_5519,12178.874
00bbac68_5520,12178.873
00bbac68_5521,12178.872
00bbac68_5522,12178.871
00bbac68_5523,12178.869
00bbac68_5524,12178.868
00bbac68_5525,12178.866
00bbac68_5526,12178.864
00bbac68_5527,12178.861
00bbac68_5528,12178.859
00bbac68_5529,12178.856
00bbac68_5530,12178.854
00bbac68_5531,12178.851
00bbac68_5532,12178.847
00bbac68_5533,12178.843
00bbac68_5534,12178.839
00bbac68_5535,12178.834
00bbac68_5536,12178.83
00bbac68_5537,12178.824
00bbac68_5538,12178.819
00bbac68_5539,12178.8125
00bbac68_5540,12178.807
00bbac68_5541,12178.8
00bbac68_5542,12178.792
00bbac68_5543,12178.784
00bbac68_5544,12178.776
00bbac68_5545,12178.768
00bbac68_5546,12178.759
00bbac68_5547,12178.75
00bbac68_5548,12178.74
00bbac68_5549,12178.7295
00bbac68_5550,12178.719
00bbac68_5551,12178.708
00bbac68_5552,12178.696
00bbac68_5553,12178.684
00bbac68_5554,12178.671
00bbac68_5555,12178.658
00bbac68_5556,12178.645
00bbac68_5557,12178.63
00bbac68_5558,12178.615
00bbac68_5559,12178.6
00bbac68_5560,12178.584
00bbac68_5561,12178.567
00bbac68_5562,12178.551
00bbac68_5563,12178.533
00bbac68_5564,12178.515
00bbac68_5565,12178.496
00bbac68_5566,12178.477
00bbac68_5567,12178.457
00bbac68_5568,12178.437
00bbac68_5569,12178.415
00bbac68_5570,12178.394
00bbac68_5571,12178.371
00bbac68_5572,12178.348
00bbac68_5573,12178.323
00bbac68_5574,12178.299
00bbac68_5575,12178.273
00bbac68_5576,12178.248
00bbac68_5577,12178.222
00bbac68_5578,12178.194
00bbac68_5579,12178.166
00bbac68_5580,12178.138
00bbac68_5581,12178.107
00bbac68_5582,12178.078
00bbac68_5583,12178.047
00bbac68_5584,12178.015
00bbac68_5585,12177.982
00bbac68_5586,12177.949
00bbac68_5587,12177.915
00bbac68_5588,12177.881
00bbac68_5589,12177.845
00bbac68_5590,12177.809
00bbac68_5591,12177.771
00bbac68_5592,12177.733
00bbac68_5593,12177.694
00bbac68_5594,12177.655
00bbac68_5595,12177.615
00bbac68_5596,12177.574
00bbac68_5597,12177.532
00bbac68_5598,12177.489
00bbac68_5599,12177.445
00bbac68_5600,12177.401
00bbac68_5601,12177.355
00bbac68_5602,12177.31
00bbac68_5603,12177.263
00bbac68_5604,12177.214
00bbac68_5605,12177.165
00bbac68_5606,12177.115
00bbac68_5607,12177.063
00bbac68_5608,12177.012
00bbac68_5609,12176.959
00bbac68_5610,12176.905
00bbac68_5611,12176.851
00bbac68_5612,12176.796
00bbac68_5613,12176.739
00bbac68_5614,12176.682
00bbac68_5615,12176.623
00bbac68_5616,12176.564
00bbac68_5617,12176.504
00bbac68_5618,12176.443
00bbac68_5619,12176.381
00bbac68_5620,12176.318
00bbac68_5621,12176.255
00bbac68_5622,12176.19
00bbac68_5623,12176.125
00bbac68_5624,12176.059
00bbac68_5625,12175.991
00bbac68_5626,12175.924
00bbac68_5627,12175.8545
00bbac68_5628,12175.785
00bbac68_5629,12175.715
00bbac68_5630,12175.644
00bbac68_5631,12175.572
00bbac68_5632,12175.499
00bbac68_5633,12175.426
00bbac68_5634,12175.352
00bbac68_5635,12175.277
00bbac68_5636,12175.202
00bbac68_5637,12175.126
00bbac68_5638,12175.049
00bbac68_5639,12174.972
00bbac68_5640,12174.894
00bbac68_5641,12174.815
00bbac68_5642,12174.736
00bbac68_5643,12174.657
00bbac68_5644,12174.576
00bbac68_5645,12174.496
00bbac68_5646,12174.414
00bbac68_5647,12174.333
00bbac68_5648,12174.25
00bbac68_5649,12174.167
00bbac68_5650,12174.084
00bbac68_5651,12174.0
00bbac68_5652,12173.916
00bbac68_5653,12173.831
00bbac68_5654,12173.746
00bbac68_5655,12173.661
00bbac68_5656,12173.575
00bbac68_5657,12173.489
00bbac68_5658,12173.403
00bbac68_5659,12173.316
00bbac68_5660,12173.2295
00bbac68_5661,12173.143
00bbac68_5662,12173.055
00bbac68_5663,12172.967
00bbac68_5664,12172.879
00bbac68_5665,12172.791
00bbac68_5666,12172.702
00bbac68_5667,12172.613
00bbac68_5668,12172.523
00bbac68_5669,12172.434
00bbac68_5670,12172.344
00bbac68_5671,12172.254
00bbac68_5672,12172.164
00bbac68_5673,12172.073
00bbac68_5674,12171.982
00bbac68_5675,12171.892
00bbac68_5676,12171.801
00bbac68_5677,12171.71
00bbac68_5678,12171.619
00bbac68_5679,12171.528
00bbac68_5680,12171.4375
00bbac68_5681,12171.347
00bbac68_5682,12171.256
00bbac68_5683,12171.165
00bbac68_5684,12171.074
00bbac68_5685,12170.984
00bbac68_5686,12170.894
00bbac68_5687,12170.804
00bbac68_5688,12170.714
00bbac68_5689,12170.624
00bbac68_5690,12170.534
00bbac68_5691,12170.445
00bbac68_5692,12170.356
00bbac68_5693,12170.268
00bbac68_5694,12170.179
00bbac68_5695,12170.091
00bbac68_5696,12170.003
00bbac68_5697,12169.915
00bbac68_5698,12169.828
00bbac68_5699,12169.741
00bbac68_5700,12169.655
00bbac68_5701,12169.569
00bbac68_5702,12169.483
00bbac68_5703,12169.398
00bbac68_5704,12169.313
00bbac68_5705,12169.2295
00bbac68_5706,12169.146
00bbac68_5707,12169.063
00bbac68_5708,12168.98
00bbac68_5709,12168.898
00bbac68_5710,12168.817
00bbac68_5711,12168.736
00bbac68_5712,12168.655
00bbac68_5713,12168.575
00bbac68_5714,12168.496
00bbac68_5715,12168.417
00bbac68_5716,12168.338
00bbac68_5717,12168.261
00bbac68_5718,12168.184
00bbac68_5719,12168.106
00bbac68_5720,12168.03
00bbac68_5721,12167.955
00bbac68_5722,12167.88
00bbac68_5723,12167.806
00bbac68_5724,12167.731
00bbac68_5725,12167.658
00bbac68_5726,12167.586
00bbac68_5727,12167.514
00bbac68_5728,12167.442
00bbac68_5729,12167.372
00bbac68_5730,12167.302
00bbac68_5731,12167.231
00bbac68_5732,12167.162
00bbac68_5733,12167.094
00bbac68_5734,12167.025
00bbac68_5735,12166.958
00bbac68_5736,12166.892
00bbac68_5737,12166.825
00bbac68_5738,12166.76
00bbac68_5739,12166.695
00bbac68_5740,12166.632
00bbac68_5741,12166.568
00bbac68_5742,12166.507
00bbac68_5743,12166.445
00bbac68_5744,12166.384
00bbac68_5745,12166.324
00bbac68_5746,12166.265
00bbac68_5747,12166.206
00bbac68_5748,12166.148
00bbac68_5749,12166.091
00bbac68_5750,12166.034
00bbac68_5751,12165.9795
00bbac68_5752,12165.925
00bbac68_5753,12165.871
00bbac68_5754,12165.817
00bbac68_5755,12165.766
00bbac68_5756,12165.714
00bbac68_5757,12165.663
00bbac68_5758,12165.614
00bbac68_5759,12165.564
00bbac68_5760,12165.517
00bbac68_5761,12165.47
00bbac68_5762,12165.423
00bbac68_5763,12165.377
00bbac68_5764,12165.332
00bbac68_5765,12165.288
00bbac68_5766,12165.244
00bbac68_5767,12165.201
00bbac68_5768,12165.16
00bbac68_5769,12165.118
00bbac68_5770,12165.078
00bbac68_5771,12165.038
00bbac68_5772,12164.999
00bbac68_5773,12164.961
00bbac68_5774,12164.923
00bbac68_5775,12164.887
00bbac68_5776,12164.851
00bbac68_5777,12164.814
00bbac68_5778,12164.78
00bbac68_5779,12164.746
00bbac68_5780,12164.712
00bbac68_5781,12164.679
00bbac68_5782,12164.646
00bbac68_5783,12164.615
00bbac68_5784,12164.584
00bbac68_5785,12164.554
00bbac68_5786,12164.523
00bbac68_5787,12164.494
00bbac68_5788,12164.465
00bbac68_5789,12164.437
00bbac68_5790,12164.409
00bbac68_5791,12164.382
00bbac68_5792,12164.355
00bbac68_5793,12164.329
00bbac68_5794,12164.303
00bbac68_5795,12164.278
00bbac68_5796,12164.253
00bbac68_5797,12164.229
00bbac68_5798,12164.204
00bbac68_5799,12164.181
00bbac68_5800,12164.157
00bbac68_5801,12164.135
00bbac68_5802,12164.112
00bbac68_5803,12164.091
00bbac68_5804,12164.068
00bbac68_5805,12164.048
00bbac68_5806,12164.027
00bbac68_5807,12164.007
00bbac68_5808,12163.986
00bbac68_5809,12163.967
00bbac68_5810,12163.947
00bbac68_5811,12163.928
00bbac68_5812,12163.909
00bbac68_5813,12163.891
00bbac68_5814,12163.872
00bbac68_5815,12163.8545
00bbac68_5816,12163.837
00bbac68_5817,12163.819
00bbac68_5818,12163.802
00bbac68_5819,12163.784
00bbac68_5820,12163.768
00bbac68_5821,12163.751
00bbac68_5822,12163.733
00bbac68_5823,12163.718
00bbac68_5824,12163.701
00bbac68_5825,12163.685
00bbac68_5826,12163.669
00bbac68_5827,12163.653
00bbac68_5828,12163.638
00bbac68_5829,12163.622
00bbac68_5830,12163.606
00bbac68_5831,12163.591
00bbac68_5832,12163.575
00bbac68_5833,12163.56
00bbac68_5834,12163.544
00bbac68_5835,12163.529
00bbac68_5836,12163.514
00bbac68_5837,12163.498
00bbac68_5838,12163.483
00bbac68_5839,12163.469
00bbac68_5840,12163.453
00bbac68_5841,12163.438
00bbac68_5842,12163.423
00bbac68_5843,12163.408
00bbac68_5844,12163.393
00bbac68_5845,12163.378
00bbac68_5846,12163.362
00bbac68_5847,12163.348
00bbac68_5848,12163.332
00bbac68_5849,12163.316
00bbac68_5850,12163.302
00bbac68_5851,12163.286
00bbac68_5852,12163.2705
00bbac68_5853,12163.256
00bbac68_5854,12163.24
00bbac68_5855,12163.225
00bbac68_5856,12163.209
00bbac68_5857,12163.194
00bbac68_5858,12163.179
00bbac68_5859,12163.163
00bbac68_5860,12163.147
00bbac68_5861,12163.131
00bbac68_5862,12163.115
00bbac68_5863,12163.1
00bbac68_5864,12163.083
00bbac68_5865,12163.066
00bbac68_5866,12163.051
00bbac68_5867,12163.034
00bbac68_5868,12163.019
00bbac68_5869,12163.002
00bbac68_5870,12162.985
00bbac68_5871,12162.97
00bbac68_5872,12162.953
00bbac68_5873,12162.937
00bbac68_5874,12162.92
00bbac68_5875,12162.904
00bbac68_5876,12162.888
00bbac68_5877,12162.871
00bbac68_5878,12162.8545
00bbac68_5879,12162.838
00bbac68_5880,12162.821
00bbac68_5881,12162.805
00bbac68_5882,12162.787
00bbac68_5883,12162.7705
00bbac68_5884,12162.754
00bbac68_5885,12162.736
00bbac68_5886,12162.719
00bbac68_5887,12162.701
00bbac68_5888,12162.685
00bbac68_5889,12162.667
00bbac68_5890,12162.648
00bbac68_5891,12162.631
00bbac68_5892,12162.613
00bbac68_5893,12162.595
00bbac68_5894,12162.577
00bbac68_5895,12162.559
00bbac68_5896,12162.54
00bbac68_5897,12162.5205
00bbac68_5898,12162.502
00bbac68_5899,12162.483
00bbac68_5900,12162.464
00bbac68_5901,12162.444
00bbac68_5902,12162.425
00bbac68_5903,12162.405
00bbac68_5904,12162.386
00bbac68_5905,12162.365
00bbac68_5906,12162.345
00bbac68_5907,12162.324
00bbac68_5908,12162.304
00bbac68_5909,12162.283
00bbac68_5910,12162.262
00bbac68_5911,12162.241
00bbac68_5912,12162.22
00bbac68_5913,12162.198
00bbac68_5914,12162.177
00bbac68_5915,12162.154
00bbac68_5916,12162.133
00bbac68_5917,12162.11
00bbac68_5918,12162.088
00bbac68_5919,12162.065
00bbac68_5920,12162.043
00bbac68_5921,12162.0205
00bbac68_5922,12161.997
00bbac68_5923,12161.975
00bbac68_5924,12161.951
00bbac68_5925,12161.928
00bbac68_5926,12161.904
00bbac68_5927,12161.881
00bbac68_5928,12161.856
00bbac68_5929,12161.833
00bbac68_5930,12161.81
00bbac68_5931,12161.785
00bbac68_5932,12161.762
00bbac68_5933,12161.737
00bbac68_5934,12161.714
00bbac68_5935,12161.689
00bbac68_5936,12161.665
00bbac68_5937,12161.642
00bbac68_5938,12161.617
00bbac68_5939,12161.593
00bbac68_5940,12161.569
00bbac68_5941,12161.545
00bbac68_5942,12161.5205
00bbac68_5943,12161.496
00bbac68_5944,12161.472
00bbac68_5945,12161.448
00bbac68_5946,12161.424
00bbac68_5947,12161.399
00bbac68_5948,12161.375
00bbac68_5949,12161.352
00bbac68_5950,12161.327
00bbac68_5951,12161.303
00bbac68_5952,12161.279
00bbac68_5953,12161.255
00bbac68_5954,12161.231
00bbac68_5955,12161.208
00bbac68_5956,12161.184
00bbac68_5957,12161.16
00bbac68_5958,12161.137
00bbac68_5959,12161.112
00bbac68_5960,12161.089
00bbac68_5961,12161.065
00bbac68_5962,12161.042
00bbac68_5963,12161.019
00bbac68_5964,12160.995
00bbac68_5965,12160.973
00bbac68_5966,12160.949
00bbac68_5967,12160.927
00bbac68_5968,12160.904
00bbac68_5969,12160.881
00bbac68_5970,12160.858
00bbac68_5971,12160.836
00bbac68_5972,12160.813
00bbac68_5973,12160.792
00bbac68_5974,12160.77
00bbac68_5975,12160.748
00bbac68_5976,12160.727
00bbac68_5977,12160.705
00bbac68_5978,12160.684
00bbac68_5979,12160.662
00bbac68_5980,12160.642
00bbac68_5981,12160.621
00bbac68_5982,12160.601
00bbac68_5983,12160.58
00bbac68_5984,12160.561
00bbac68_5985,12160.541
00bbac68_5986,12160.521
00bbac68_5987,12160.503
00bbac68_5988,12160.483
00bbac68_5989,12160.465
00bbac68_5990,12160.446
00bbac68_5991,12160.429
00bbac68_5992,12160.411
00bbac68_5993,12160.393
00bbac68_5994,12160.376
00bbac68_5995,12160.358
00bbac68_5996,12160.342
00bbac68_5997,12160.325
00bbac68_5998,12160.309
00bbac68_5999,12160.293
00bbac68_6000,12160.277
00bbac68_6001,12160.262
00bbac68_6002,12160.246
00bbac68_6003,12160.231
00bbac68_6004,12160.217
00bbac68_6005,12160.202
00bbac68_6006,12160.188
00bbac68_6007,12160.175
00bbac68_6008,12160.161
00bbac68_6009,12160.147
00bbac68_6010,12160.135
00bbac68_6011,12160.123
00bbac68_6012,12160.11
00bbac68_6013,12160.099
00bbac68_6014,12160.087
00bbac68_6015,12160.076
00bbac68_6016,12160.065
00bbac68_6017,12160.055
00bbac68_6018,12160.044
00bbac68_6019,12160.034
00bbac68_6020,12160.024
00bbac68_6021,12160.015
00bbac68_6022,12160.006
00bbac68_6023,12159.997
00bbac68_6024,12159.988
00bbac68_6025,12159.98
00bbac68_6026,12159.973
00bbac68_6027,12159.965
00bbac68_6028,12159.957
00bbac68_6029,12159.95
00bbac68_6030,12159.943
00bbac68_6031,12159.937
00bbac68_6032,12159.93
00bbac68_6033,12159.924
00bbac68_6034,12159.918
00bbac68_6035,12159.912
00bbac68_6036,12159.907
00bbac68_6037,12159.901
00bbac68_6038,12159.896
00bbac68_6039,12159.892
00bbac68_6040,12159.888
00bbac68_6041,12159.884
00bbac68_6042,12159.88
00bbac68_6043,12159.876
00bbac68_6044,12159.872
00bbac68_6045,12159.869
00bbac68_6046,12159.866
00bbac68_6047,12159.863
00bbac68_6048,12159.861
00bbac68_6049,12159.858
00bbac68_6050,12159.856
00bbac68_6051,12159.8545
00bbac68_6052,12159.854
00bbac68_6053,12159.852
00bbac68_6054,12159.851
00bbac68_6055,12159.85
00bbac68_6056,12159.849
00bbac68_6057,12159.848
00bbac68_6058,12159.847
00bbac68_6059,12159.846
00bbac68_6060,12159.846
00bbac68_6061,12159.846
00bbac68_6062,12159.846
00bbac68_6063,12159.846
00bbac68_6064,12159.846
00bbac68_6065,12159.846
00bbac68_6066,12159.847
00bbac68_6067,12159.848
00bbac68_6068,12159.849
00bbac68_6069,12159.85
00bbac68_6070,12159.851
00bbac68_6071,12159.852
00bbac68_6072,12159.854
00bbac68_6073,12159.855
00bbac68_6074,12159.857
00bbac68_6075,12159.859
00bbac68_6076,12159.861
00bbac68_6077,12159.863
00bbac68_6078,12159.866
00bbac68_6079,12159.868
00bbac68_6080,12159.871
00bbac68_6081,12159.874
00bbac68_6082,12159.878
00bbac68_6083,12159.881
00bbac68_6084,12159.885
00bbac68_6085,12159.888
00bbac68_6086,12159.892
00bbac68_6087,12159.8955
00bbac68_6088,12159.899
00bbac68_6089,12159.904
00bbac68_6090,12159.908
00bbac68_6091,12159.913
00bbac68_6092,12159.917
00bbac68_6093,12159.922
00bbac68_6094,12159.927
00bbac68_6095,12159.931
00bbac68_6096,12159.936
00bbac68_6097,12159.94
00bbac68_6098,12159.945
00bbac68_6099,12159.95
00bbac68_6100,12159.955
00bbac68_6101,12159.961
00bbac68_6102,12159.966
00bbac68_6103,12159.971
00bbac68_6104,12159.976
00bbac68_6105,12159.98
00bbac68_6106,12159.985
00bbac68_6107,12159.99
00bbac68_6108,12159.995
00bbac68_6109,12160.001
00bbac68_6110,12160.006
00bbac68_6111,12160.011
00bbac68_6112,12160.016
00bbac68_6113,12160.0205
00bbac68_6114,12160.025
00bbac68_6115,12160.03
00bbac68_6116,12160.035
00bbac68_6117,12160.04
00bbac68_6118,12160.044
00bbac68_6119,12160.049
00bbac68_6120,12160.054
00bbac68_6121,12160.058
00bbac68_6122,12160.0625
00bbac68_6123,12160.066
00bbac68_6124,12160.071
00bbac68_6125,12160.075
00bbac68_6126,12160.079
00bbac68_6127,12160.084
00bbac68_6128,12160.088
00bbac68_6129,12160.092
00bbac68_6130,12160.096
00bbac68_6131,12160.101
00bbac68_6132,12160.1045
00bbac68_6133,12160.108
00bbac68_6134,12160.112
00bbac68_6135,12160.115
00bbac68_6136,12160.119
00bbac68_6137,12160.123
00bbac68_6138,12160.126
00bbac68_6139,12160.13
00bbac68_6140,12160.133
00bbac68_6141,12160.137
00bbac68_6142,12160.14
00bbac68_6143,12160.143
00bbac68_6144,12160.1455
00bbac68_6145,12160.148
00bbac68_6146,12160.15
00bbac68_6147,12160.153
00bbac68_6148,12160.155
00bbac68_6149,12160.158
00bbac68_6150,12160.16
00bbac68_6151,12160.162
00bbac68_6152,12160.164
00bbac68_6153,12160.166
00bbac68_6154,12160.168
00bbac68_6155,12160.17
00bbac68_6156,12160.172
00bbac68_6157,12160.173
00bbac68_6158,12160.174
00bbac68_6159,12160.175
00bbac68_6160,12160.176
00bbac68_6161,12160.177
00bbac68_6162,12160.178
00bbac68_6163,12160.178
00bbac68_6164,12160.179
00bbac68_6165,12160.179
00bbac68_6166,12160.179
00bbac68_6167,12160.179
00bbac68_6168,12160.179
00bbac68_6169,12160.179
00bbac68_6170,12160.179
00bbac68_6171,12160.178
00bbac68_6172,12160.178
00bbac68_6173,12160.177
00bbac68_6174,12160.176
00bbac68_6175,12160.175
00bbac68_6176,12160.174
00bbac68_6177,12160.173
00bbac68_6178,12160.172
00bbac68_6179,12160.171
00bbac68_6180,12160.17
00bbac68_6181,12160.169
00bbac68_6182,12160.167
00bbac68_6183,12160.166
00bbac68_6184,12160.164
00bbac68_6185,12160.163
00bbac68_6186,12160.161
00bbac68_6187,12160.159
00bbac68_6188,12160.158
00bbac68_6189,12160.156
00bbac68_6190,12160.154
00bbac68_6191,12160.152
00bbac68_6192,12160.15
00bbac68_6193,12160.148
00bbac68_6194,12160.146
00bbac68_6195,12160.145
00bbac68_6196,12160.143
00bbac68_6197,12160.141
00bbac68_6198,12160.139
00bbac68_6199,12160.137
00bbac68_6200,12160.135
00bbac68_6201,12160.133
00bbac68_6202,12160.131
00bbac68_6203,12160.129
00bbac68_6204,12160.127
00bbac68_6205,12160.125
00bbac68_6206,12160.123
00bbac68_6207,12160.121
00bbac68_6208,12160.119
00bbac68_6209,12160.117
00bbac68_6210,12160.115
00bbac68_6211,12160.112
00bbac68_6212,12160.11
00bbac68_6213,12160.108
00bbac68_6214,12160.105
00bbac68_6215,12160.104
00bbac68_6216,12160.101
00bbac68_6217,12160.098
00bbac68_6218,12160.096
00bbac68_6219,12160.093
00bbac68_6220,12160.09
00bbac68_6221,12160.087
00bbac68_6222,12160.084
00bbac68_6223,12160.081
00bbac68_6224,12160.079
00bbac68_6225,12160.075
00bbac68_6226,12160.072
00bbac68_6227,12160.069
00bbac68_6228,12160.066
00bbac68_6229,12160.063
00bbac68_6230,12160.061
00bbac68_6231,12160.057
00bbac68_6232,12160.054
00bbac68_6233,12160.051
00bbac68_6234,12160.047
00bbac68_6235,12160.044
00bbac68_6236,12160.041
00bbac68_6237,12160.037
00bbac68_6238,12160.034
00bbac68_6239,12160.03
00bbac68_6240,12160.027
00bbac68_6241,12160.023
00bbac68_6242,12160.0205
00bbac68_6243,12160.018
00bbac68_6244,12160.014
00bbac68_6245,12160.011
00bbac68_6246,12160.007
00bbac68_6247,12160.004
00bbac68_6248,12160.001
00bbac68_6249,12159.997
00bbac68_6250,12159.994
00bbac68_6251,12159.991
00bbac68_6252,12159.988
00bbac68_6253,12159.985
00bbac68_6254,12159.982
00bbac68_6255,12159.9795
00bbac68_6256,12159.977
00bbac68_6257,12159.974
00bbac68_6258,12159.971
00bbac68_6259,12159.968
00bbac68_6260,12159.966
00bbac68_6261,12159.963
00bbac68_6262,12159.96
00bbac68_6263,12159.958
00bbac68_6264,12159.955
00bbac68_6265,12159.953
00bbac68_6266,12159.95
00bbac68_6267,12159.948
00bbac68_6268,12159.946
00bbac68_6269,12159.943
00bbac68_6270,12159.941
00bbac68_6271,12159.938
00bbac68_6272,12159.937
00bbac68_6273,12159.935
00bbac68_6274,12159.932
00bbac68_6275,12159.93
00bbac68_6276,12159.928
00bbac68_6277,12159.925
00bbac68_6278,12159.923
00bbac68_6279,12159.921
00bbac68_6280,12159.919
00bbac68_6281,12159.917
00bbac68_6282,12159.915
00bbac68_6283,12159.913
00bbac68_6284,12159.911
00bbac68_6285,12159.91
00bbac68_6286,12159.908
00bbac68_6287,12159.906
00bbac68_6288,12159.905
00bbac68_6289,12159.903
00bbac68_6290,12159.902
00bbac68_6291,12159.9
00bbac68_6292,12159.898
00bbac68_6293,12159.897
00bbac68_6294,12159.8955
00bbac68_6295,12159.895
00bbac68_6296,12159.893
00bbac68_6297,12159.892
00bbac68_6298,12159.891
00bbac68_6299,12159.89
00bbac68_6300,12159.888
00bbac68_6301,12159.887
00bbac68_6302,12159.886
00bbac68_6303,12159.886
00bbac68_6304,12159.885
00bbac68_6305,12159.884
00bbac68_6306,12159.884
00bbac68_6307,12159.884
00bbac68_6308,12159.883
00bbac68_6309,12159.883
00bbac68_6310,12159.883
00bbac68_6311,12159.883
00bbac68_6312,12159.884
00bbac68_6313,12159.884
00bbac68_6314,12159.885
00bbac68_6315,12159.886
00bbac68_6316,12159.887
00bbac68_6317,12159.888
00bbac68_6318,12159.889
00bbac68_6319,12159.89
00bbac68_6320,12159.892
00bbac68_6321,12159.894
00bbac68_6322,12159.8955
00bbac68_6323,12159.896
00bbac68_6324,12159.898
00bbac68_6325,12159.9
00bbac68_6326,12159.902
00bbac68_6327,12159.905
00bbac68_6328,12159.907
00bbac68_6329,12159.909
00bbac68_6330,12159.912
00bbac68_6331,12159.914
00bbac68_6332,12159.917
00bbac68_6333,12159.919
00bbac68_6334,12159.922
00bbac68_6335,12159.925
00bbac68_6336,12159.927
00bbac68_6337,12159.93
00bbac68_6338,12159.933
00bbac68_6339,12159.936
00bbac68_6340,12159.938
00bbac68_6341,12159.941
00bbac68_6342,12159.944
00bbac68_6343,12159.947
00bbac68_6344,12159.95
00bbac68_6345,12159.953
00bbac68_6346,12159.956
00bbac68_6347,12159.96
00bbac68_6348,12159.963
00bbac68_6349,12159.966
00bbac68_6350,12159.97
00bbac68_6351,12159.973
00bbac68_6352,12159.977
00bbac68_6353,12159.9795
00bbac68_6354,12159.983
00bbac68_6355,12159.987
00bbac68_6356,12159.991
00bbac68_6357,12159.995
00bbac68_6358,12159.999
00bbac68_6359,12160.003
00bbac68_6360,12160.007
00bbac68_6361,12160.011
00bbac68_6362,12160.015
00bbac68_6363,12160.02
00bbac68_6364,12160.023
00bbac68_6365,12160.028
00bbac68_6366,12160.032
00bbac68_6367,12160.037
00bbac68_6368,12160.041
00bbac68_6369,12160.046
00bbac68_6370,12160.051
00bbac68_6371,12160.056
00bbac68_6372,12160.061
00bbac68_6373,12160.065
00bbac68_6374,12160.07
00bbac68_6375,12160.076
00bbac68_6376,12160.081
00bbac68_6377,12160.086
00bbac68_6378,12160.092
00bbac68_6379,12160.097
00bbac68_6380,12160.103
00bbac68_6381,12160.107
00bbac68_6382,12160.113
00bbac68_6383,12160.119
00bbac68_6384,12160.124
00bbac68_6385,12160.13
00bbac68_6386,12160.136
00bbac68_6387,12160.142
00bbac68_6388,12160.146
00bbac68_6389,12160.152
00bbac68_6390,12160.158
00bbac68_6391,12160.164
00bbac68_6392,12160.17
00bbac68_6393,12160.176
00bbac68_6394,12160.182
00bbac68_6395,12160.1875
00bbac68_6396,12160.193
00bbac68_6397,12160.199
00bbac68_6398,12160.205
00bbac68_6399,12160.211
00bbac68_6400,12160.216
00bbac68_6401,12160.222
00bbac68_6402,12160.228
00bbac68_6403,12160.233
00bbac68_6404,12160.238
00bbac68_6405,12160.244
00bbac68_6406,12160.249
00bbac68_6407,12160.255
00bbac68_6408,12160.26
00bbac68_6409,12160.266
00bbac68_6410,12160.2705
00bbac68_6411,12160.276
00bbac68_6412,12160.281
00bbac68_6413,12160.286
00bbac68_6414,12160.291
00bbac68_6415,12160.297
00bbac68_6416,12160.302
00bbac68_6417,12160.307
00bbac68_6418,12160.312
00bbac68_6419,12160.316
00bbac68_6420,12160.321
00bbac68_6421,12160.326
00bbac68_6422,12160.331
00bbac68_6423,12160.335
00bbac68_6424,12160.34
00bbac68_6425,12160.345
00bbac68_6426,12160.35
00bbac68_6427,12160.3545
00bbac68_6428,12160.358
00bbac68_6429,12160.363
00bbac68_6430,12160.368
00bbac68_6431,12160.372
00bbac68_6432,12160.377
00bbac68_6433,12160.381
00bbac68_6434,12160.386
00bbac68_6435,12160.39
00bbac68_6436,12160.394
00bbac68_6437,12160.397
00bbac68_6438,12160.401
00bbac68_6439,12160.405
00bbac68_6440,12160.409
00bbac68_6441,12160.413
00bbac68_6442,12160.416
00bbac68_6443,12160.419
00bbac68_6444,12160.423
00bbac68_6445,12160.426
00bbac68_6446,12160.429
00bbac68_6447,12160.431
00bbac68_6448,12160.434
00bbac68_6449,12160.436
00bbac68_6450,12160.4375
00bbac68_6451,12160.439
00bbac68_6452,12160.441
00bbac68_6453,12160.443
00bbac68_6454,12160.444
00bbac68_6455,12160.446
00bbac68_6456,12160.447
00bbac68_6457,12160.448
00bbac68_6458,12160.449
00bbac68_6459,12160.45
00bbac68_6460,12160.45
00bbac68_6461,12160.45
00bbac68_6462,12160.451
00bbac68_6463,12160.451
00bbac68_6464,12160.451
00bbac68_6465,12160.45
00bbac68_6466,12160.45
00bbac68_6467,12160.449
00bbac68_6468,12160.449
00bbac68_6469,12160.448
00bbac68_6470,12160.447
00bbac68_6471,12160.446
00bbac68_6472,12160.445
00bbac68_6473,12160.444
00bbac68_6474,12160.442
00bbac68_6475,12160.441
00bbac68_6476,12160.44
00bbac68_6477,12160.438
00bbac68_6478,12160.4375
00bbac68_6479,12160.437
00bbac68_6480,12160.435
00bbac68_6481,12160.434
00bbac68_6482,12160.432
00bbac68_6483,12160.43
00bbac68_6484,12160.428
00bbac68_6485,12160.426
00bbac68_6486,12160.424
00bbac68_6487,12160.422
00bbac68_6488,12160.42
00bbac68_6489,12160.418
00bbac68_6490,12160.416
00bbac68_6491,12160.414
00bbac68_6492,12160.412
00bbac68_6493,12160.41
00bbac68_6494,12160.408
00bbac68_6495,12160.405
00bbac68_6496,12160.403
00bbac68_6497,12160.401
00bbac68_6498,12160.399
00bbac68_6499,12160.396
00bbac68_6500,12160.395
00bbac68_6501,12160.392
00bbac68_6502,12160.39
00bbac68_6503,12160.387
00bbac68_6504,12160.385
00bbac68_6505,12160.382
00bbac68_6506,12160.38
00bbac68_6507,12160.377
00bbac68_6508,12160.374
00bbac68_6509,12160.371
00bbac68_6510,12160.369
00bbac68_6511,12160.366
00bbac68_6512,12160.363
00bbac68_6513,12160.36
00bbac68_6514,12160.357
00bbac68_6515,12160.354
00bbac68_6516,12160.351
00bbac68_6517,12160.347
00bbac68_6518,12160.344
00bbac68_6519,12160.34
00bbac68_6520,12160.336
00bbac68_6521,12160.332
00bbac68_6522,12160.329
00bbac68_6523,12160.325
00bbac68_6524,12160.321
00bbac68_6525,12160.317
00bbac68_6526,12160.313
00bbac68_6527,12160.31
00bbac68_6528,12160.307
00bbac68_6529,12160.303
00bbac68_6530,12160.299
00bbac68_6531,12160.295
00bbac68_6532,12160.291
00bbac68_6533,12160.287
00bbac68_6534,12160.283
00bbac68_6535,12160.279
00bbac68_6536,12160.275
00bbac68_6537,12160.271
00bbac68_6538,12160.267
00bbac68_6539,12160.263
00bbac68_6540,12160.259
00bbac68_6541,12160.255
00bbac68_6542,12160.251
00bbac68_6543,12160.248
00bbac68_6544,12160.244
00bbac68_6545,12160.24
00bbac68_6546,12160.237
00bbac68_6547,12160.233
00bbac68_6548,12160.23
00bbac68_6549,12160.228
00bbac68_6550,12160.225
00bbac68_6551,12160.221
00bbac68_6552,12160.218
00bbac68_6553,12160.215
00bbac68_6554,12160.212
00bbac68_6555,12160.21
00bbac68_6556,12160.207
00bbac68_6557,12160.204
00bbac68_6558,12160.201
00bbac68_6559,12160.198
00bbac68_6560,12160.195
00bbac68_6561,12160.193
00bbac68_6562,12160.19
00bbac68_6563,12160.188
00bbac68_6564,12160.186
00bbac68_6565,12160.184
00bbac68_6566,12160.181
00bbac68_6567,12160.179
00bbac68_6568,12160.177
00bbac68_6569,12160.174
00bbac68_6570,12160.172
00bbac68_6571,12160.17
00bbac68_6572,12160.168
00bbac68_6573,12160.166
00bbac68_6574,12160.164
00bbac68_6575,12160.162
00bbac68_6576,12160.16
00bbac68_6577,12160.158
00bbac68_6578,12160.156
00bbac68_6579,12160.154
00bbac68_6580,12160.153
00bbac68_6581,12160.151
00bbac68_6582,12160.15
00bbac68_6583,12160.149
00bbac68_6584,12160.148
00bbac68_6585,12160.147
00bbac68_6586,12160.146
00bbac68_6587,12160.146
00bbac68_6588,12160.1455
00bbac68_6589,12160.1455
00bbac68_6590,12160.1455
00bbac68_6591,12160.1455
00bbac68_6592,12160.1455
00bbac68_6593,12160.146
00bbac68_6594,12160.146
00bbac68_6595,12160.147
00bbac68_6596,12160.147
00bbac68_6597,12160.148
00bbac68_6598,12160.149
00bbac68_6599,12160.15
00bbac68_6600,12160.151
00bbac68_6601,12160.153
00bbac68_6602,12160.154
00bbac68_6603,12160.156
00bbac68_6604,12160.157
00bbac68_6605,12160.159
00bbac68_6606,12160.161
00bbac68_6607,12160.163
00bbac68_6608,12160.165
00bbac68_6609,12160.167
00bbac68_6610,12160.169
00bbac68_6611,12160.172
00bbac68_6612,12160.174
00bbac68_6613,12160.177
00bbac68_6614,12160.18
00bbac68_6615,12160.183
00bbac68_6616,12160.186
00bbac68_6617,12160.188
00bbac68_6618,12160.191
00bbac68_6619,12160.195
00bbac68_6620,12160.198
00bbac68_6621,12160.202
00bbac68_6622,12160.206
00bbac68_6623,12160.21
00bbac68_6624,12160.214
00bbac68_6625,12160.218
00bbac68_6626,12160.222
00bbac68_6627,12160.226
00bbac68_6628,12160.2295
00bbac68_6629,12160.234
00bbac68_6630,12160.238
00bbac68_6631,12160.242
00bbac68_6632,12160.247
00bbac68_6633,12160.251
00bbac68_6634,12160.256
00bbac68_6635,12160.26
00bbac68_6636,12160.265
00bbac68_6637,12160.269
00bbac68_6638,12160.273
00bbac68_6639,12160.278
00bbac68_6640,12160.282
00bbac68_6641,12160.287
00bbac68_6642,12160.292
00bbac68_6643,12160.297
00bbac68_6644,12160.302
00bbac68_6645,12160.307
00bbac68_6646,12160.312
00bbac68_6647,12160.316
00bbac68_6648,12160.321
00bbac68_6649,12160.326
00bbac68_6650,12160.331
00bbac68_6651,12160.336
00bbac68_6652,12160.342
00bbac68_6653,12160.347
00bbac68_6654,12160.353
00bbac68_6655,12160.357
00bbac68_6656,12160.363
00bbac68_6657,12160.368
00bbac68_6658,12160.374
00bbac68_6659,12160.38
00bbac68_6660,12160.385
00bbac68_6661,12160.391
00bbac68_6662,12160.396
00bbac68_6663,12160.402
00bbac68_6664,12160.408
00bbac68_6665,12160.414
00bbac68_6666,12160.421
00bbac68_6667,12160.427
00bbac68_6668,12160.433
00bbac68_6669,12160.438
00bbac68_6670,12160.445
00bbac68_6671,12160.451
00bbac68_6672,12160.457
00bbac68_6673,12160.463
00bbac68_6674,12160.47
00bbac68_6675,12160.476
00bbac68_6676,12160.481
00bbac68_6677,12160.487
00bbac68_6678,12160.493
00bbac68_6679,12160.499
00bbac68_6680,12160.505
00bbac68_6681,12160.511
00bbac68_6682,12160.517
00bbac68_6683,12160.521
00bbac68_6684,12160.527
00bbac68_6685,12160.532
00bbac68_6686,12160.538
00bbac68_6687,12160.543
00bbac68_6688,12160.548
00bbac68_6689,12160.554
00bbac68_6690,12160.558
00bbac68_6691,12160.5625
00bbac68_6692,12160.567
00bbac68_6693,12160.572
00bbac68_6694,12160.576
00bbac68_6695,12160.58
00bbac68_6696,12160.585
00bbac68_6697,12160.589
00bbac68_6698,12160.593
00bbac68_6699,12160.597
00bbac68_6700,12160.601
00bbac68_6701,12160.6045
00bbac68_6702,12160.607
00bbac68_6703,12160.611
00bbac68_6704,12160.614
00bbac68_6705,12160.618
00bbac68_6706,12160.621
00bbac68_6707,12160.624
00bbac68_6708,12160.627
00bbac68_6709,12160.63
00bbac68_6710,12160.633
00bbac68_6711,12160.635
00bbac68_6712,12160.638
00bbac68_6713,12160.641
00bbac68_6714,12160.643
00bbac68_6715,12160.645
00bbac68_6716,12160.647
00bbac68_6717,12160.649
00bbac68_6718,12160.652
00bbac68_6719,12160.654
00bbac68_6720,12160.656
00bbac68_6721,12160.659
00bbac68_6722,12160.661
00bbac68_6723,12160.663
00bbac68_6724,12160.665
00bbac68_6725,12160.667
00bbac68_6726,12160.669
00bbac68_6727,12160.67
00bbac68_6728,12160.672
00bbac68_6729,12160.673
00bbac68_6730,12160.675
00bbac68_6731,12160.676
00bbac68_6732,12160.677
00bbac68_6733,12160.678
00bbac68_6734,12160.679
00bbac68_6735,12160.68
00bbac68_6736,12160.681
00bbac68_6737,12160.681
00bbac68_6738,12160.682
00bbac68_6739,12160.682
00bbac68_6740,12160.683
00bbac68_6741,12160.683
00bbac68_6742,12160.683
00bbac68_6743,12160.683
00bbac68_6744,12160.682
00bbac68_6745,12160.682
00bbac68_6746,12160.681
00bbac68_6747,12160.681
00bbac68_6748,12160.68
00bbac68_6749,12160.679
00bbac68_6750,12160.677
00bbac68_6751,12160.676
00bbac68_6752,12160.674
00bbac68_6753,12160.673
00bbac68_6754,12160.671
00bbac68_6755,12160.668
00bbac68_6756,12160.666
00bbac68_6757,12160.664
00bbac68_6758,12160.661
00bbac68_6759,12160.659
00bbac68_6760,12160.656
00bbac68_6761,12160.653
00bbac68_6762,12160.65
00bbac68_6763,12160.646
00bbac68_6764,12160.644
00bbac68_6765,12160.64
00bbac68_6766,12160.637
00bbac68_6767,12160.633
00bbac68_6768,12160.629
00bbac68_6769,12160.625
00bbac68_6770,12160.621
00bbac68_6771,12160.617
00bbac68_6772,12160.613
00bbac68_6773,12160.609
00bbac68_6774,12160.6045
00bbac68_6775,12160.601
00bbac68_6776,12160.597
00bbac68_6777,12160.592
00bbac68_6778,12160.588
00bbac68_6779,12160.583
00bbac68_6780,12160.579
00bbac68_6781,12160.574
00bbac68_6782,12160.569
00bbac68_6783,12160.564
00bbac68_6784,12160.56
00bbac68_6785,12160.555
00bbac68_6786,12160.55
00bbac68_6787,12160.545
00bbac68_6788,12160.54
00bbac68_6789,12160.534
00bbac68_6790,12160.529
00bbac68_6791,12160.524
00bbac68_6792,12160.519
00bbac68_6793,12160.514
00bbac68_6794,12160.508
00bbac68_6795,12160.502
00bbac68_6796,12160.495
00bbac68_6797,12160.489
00bbac68_6798,12160.483
00bbac68_6799,12160.477
00bbac68_6800,12160.471
00bbac68_6801,12160.464
00bbac68_6802,12160.458
00bbac68_6803,12160.451
00bbac68_6804,12160.444
00bbac68_6805,12160.438
00bbac68_6806,12160.432
00bbac68_6807,12160.426
00bbac68_6808,12160.42
00bbac68_6809,12160.413
00bbac68_6810,12160.407
00bbac68_6811,12160.401
00bbac68_6812,12160.3955
00bbac68_6813,12160.39
00bbac68_6814,12160.384
00bbac68_6815,12160.378
00bbac68_6816,12160.372
00bbac68_6817,12160.366
00bbac68_6818,12160.36
00bbac68_6819,12160.355
00bbac68_6820,12160.35
00bbac68_6821,12160.345
00bbac68_6822,12160.339
00bbac68_6823,12160.334
00bbac68_6824,12160.328
00bbac68_6825,12160.323
00bbac68_6826,12160.318
00bbac68_6827,12160.313
00bbac68_6828,12160.31
00bbac68_6829,12160.305
00bbac68_6830,12160.301
00bbac68_6831,12160.296
00bbac68_6832,12160.292
00bbac68_6833,12160.288
00bbac68_6834,12160.284
00bbac68_6835,12160.28
00bbac68_6836,12160.277
00bbac68_6837,12160.273
00bbac68_6838,12160.2705
00bbac68_6839,12160.267
00bbac68_6840,12160.264
00bbac68_6841,12160.261
00bbac68_6842,12160.258
00bbac68_6843,12160.255
00bbac68_6844,12160.252
00bbac68_6845,12160.249
00bbac68_6846,12160.247
00bbac68_6847,12160.244
00bbac68_6848,12160.242
00bbac68_6849,12160.24
00bbac68_6850,12160.238
00bbac68_6851,12160.236
00bbac68_6852,12160.235
00bbac68_6853,12160.233
00bbac68_6854,12160.232
00bbac68_6855,12160.231
00bbac68_6856,12160.23
00bbac68_6857,12160.23
00bbac68_6858,12160.2295
00bbac68_6859,12160.2295
00bbac68_6860,12160.2295
00bbac68_6861,12160.2295
00bbac68_6862,12160.2295
00bbac68_6863,12160.2295
00bbac68_6864,12160.23
00bbac68_6865,12160.231
00bbac68_6866,12160.231
00bbac68_6867,12160.232
00bbac68_6868,12160.233
00bbac68_6869,12160.235
00bbac68_6870,12160.236
00bbac68_6871,12160.238
00bbac68_6872,12160.239
00bbac68_6873,12160.241
00bbac68_6874,12160.243
00bbac68_6875,12160.245
00bbac68_6876,12160.248
00bbac68_6877,12160.25
00bbac68_6878,12160.253
00bbac68_6879,12160.255
00bbac68_6880,12160.258
00bbac68_6881,12160.261
00bbac68_6882,12160.264
00bbac68_6883,12160.267
00bbac68_6884,12160.2705
00bbac68_6885,12160.273
00bbac68_6886,12160.277
00bbac68_6887,12160.281
00bbac68_6888,12160.285
00bbac68_6889,12160.289
00bbac68_6890,12160.293
00bbac68_6891,12160.298
00bbac68_6892,12160.303
00bbac68_6893,12160.307
00bbac68_6894,12160.312
00bbac68_6895,12160.316
00bbac68_6896,12160.322
00bbac68_6897,12160.327
00bbac68_6898,12160.332
00bbac68_6899,12160.338
00bbac68_6900,12160.344
00bbac68_6901,12160.35
00bbac68_6902,12160.355
00bbac68_6903,12160.361
00bbac68_6904,12160.367
00bbac68_6905,12160.373
00bbac68_6906,12160.38
00bbac68_6907,12160.386
00bbac68_6908,12160.393
00bbac68_6909,12160.399
00bbac68_6910,12160.406
00bbac68_6911,12160.413
00bbac68_6912,12160.42
00bbac68_6913,12160.427
00bbac68_6914,12160.434
00bbac68_6915,12160.441
00bbac68_6916,12160.448
00bbac68_6917,12160.456
00bbac68_6918,12160.463
00bbac68_6919,12160.471
00bbac68_6920,12160.478
00bbac68_6921,12160.485
00bbac68_6922,12160.492
00bbac68_6923,12160.5
00bbac68_6924,12160.507
00bbac68_6925,12160.515
00bbac68_6926,12160.521
00bbac68_6927,12160.529
00bbac68_6928,12160.536
00bbac68_6929,12160.543
00bbac68_6930,12160.551
00bbac68_6931,12160.558
00bbac68_6932,12160.564
00bbac68_6933,12160.571
00bbac68_6934,12160.578
00bbac68_6935,12160.585
00bbac68_6936,12160.592
00bbac68_6937,12160.599
00bbac68_6938,12160.6045
00bbac68_6939,12160.611
00bbac68_6940,12160.617
00bbac68_6941,12160.623
00bbac68_6942,12160.63
00bbac68_6943,12160.636
00bbac68_6944,12160.642
00bbac68_6945,12160.647
00bbac68_6946,12160.652
00bbac68_6947,12160.658
00bbac68_6948,12160.663
00bbac68_6949,12160.668
00bbac68_6950,12160.673
00bbac68_6951,12160.678
00bbac68_6952,12160.683
00bbac68_6953,12160.687
00bbac68_6954,12160.691
00bbac68_6955,12160.695
00bbac68_6956,12160.7
00bbac68_6957,12160.704
00bbac68_6958,12160.707
00bbac68_6959,12160.711
00bbac68_6960,12160.715
00bbac68_6961,12160.718
00bbac68_6962,12160.722
00bbac68_6963,12160.725
00bbac68_6964,12160.728
00bbac68_6965,12160.73
00bbac68_6966,12160.733
00bbac68_6967,12160.735
00bbac68_6968,12160.738
00bbac68_6969,12160.74
00bbac68_6970,12160.742
00bbac68_6971,12160.744
00bbac68_6972,12160.745
00bbac68_6973,12160.747
00bbac68_6974,12160.748
00bbac68_6975,12160.749
00bbac68_6976,12160.75
00bbac68_6977,12160.75
00bbac68_6978,12160.75
00bbac68_6979,12160.751
00bbac68_6980,12160.751
00bbac68_6981,12160.751
00bbac68_6982,12160.751
00bbac68_6983,12160.75
00bbac68_6984,12160.75
00bbac68_6985,12160.749
00bbac68_6986,12160.748
00bbac68_6987,12160.747
00bbac68_6988,12160.746
00bbac68_6989,12160.745
00bbac68_6990,12160.743
00bbac68_6991,12160.741
00bbac68_6992,12160.739
00bbac68_6993,12160.737
00bbac68_6994,12160.734
00bbac68_6995,12160.732
00bbac68_6996,12160.7295
00bbac68_6997,12160.727
00bbac68_6998,12160.725
00bbac68_6999,12160.722
00bbac68_7000,12160.719
00bbac68_7001,12160.716
00bbac68_7002,12160.713
00bbac68_7003,12160.709
00bbac68_7004,12160.706
00bbac68_7005,12160.702
00bbac68_7006,12160.698
00bbac68_7007,12160.694
00bbac68_7008,12160.69
00bbac68_7009,12160.687
00bbac68_7010,12160.682
00bbac68_7011,12160.678
00bbac68_7012,12160.673
00bbac68_7013,12160.668
00bbac68_7014,12160.663
00bbac68_7015,12160.658
00bbac68_7016,12160.653
00bbac68_7017,12160.648
00bbac68_7018,12160.644
00bbac68_7019,12160.638
00bbac68_7020,12160.633
00bbac68_7021,12160.627
00bbac68_7022,12160.621
00bbac68_7023,12160.615
00bbac68_7024,12160.609
00bbac68_7025,12160.604
00bbac68_7026,12160.598
00bbac68_7027,12160.591
00bbac68_7028,12160.585
00bbac68_7029,12160.579
00bbac68_7030,12160.572
00bbac68_7031,12160.565
00bbac68_7032,12160.56
00bbac68_7033,12160.553
00bbac68_7034,12160.546
00bbac68_7035,12160.538
00bbac68_7036,12160.531
00bbac68_7037,12160.524
00bbac68_7038,12160.517
00bbac68_7039,12160.51
00bbac68_7040,12160.502
00bbac68_7041,12160.495
00bbac68_7042,12160.487
00bbac68_7043,12160.48
00bbac68_7044,12160.473
00bbac68_7045,12160.466
00bbac68_7046,12160.459
00bbac68_7047,12160.452
00bbac68_7048,12160.445
00bbac68_7049,12160.438
00bbac68_7050,12160.432
00bbac68_7051,12160.425
00bbac68_7052,12160.418
00bbac68_7053,12160.412
00bbac68_7054,12160.405
00bbac68_7055,12160.398
00bbac68_7056,12160.393
00bbac68_7057,12160.387
00bbac68_7058,12160.38
00bbac68_7059,12160.374
00bbac68_7060,12160.368
00bbac68_7061,12160.362
00bbac68_7062,12160.355
00bbac68_7063,12160.35
00bbac68_7064,12160.345
00bbac68_7065,12160.339
00bbac68_7066,12160.333
00bbac68_7067,12160.327
00bbac68_7068,12160.321
00bbac68_7069,12160.316
00bbac68_7070,12160.311
00bbac68_7071,12160.306
00bbac68_7072,12160.301
00bbac68_7073,12160.296
00bbac68_7074,12160.291
00bbac68_7075,12160.286
00bbac68_7076,12160.281
00bbac68_7077,12160.276
00bbac68_7078,12160.271
00bbac68_7079,12160.268
00bbac68_7080,12160.264
00bbac68_7081,12160.259
00bbac68_7082,12160.255
00bbac68_7083,12160.251
00bbac68_7084,12160.247
00bbac68_7085,12160.243
00bbac68_7086,12160.24
00bbac68_7087,12160.236
00bbac68_7088,12160.232
00bbac68_7089,12160.2295
00bbac68_7090,12160.227
00bbac68_7091,12160.224
00bbac68_7092,12160.221
00bbac68_7093,12160.218
00bbac68_7094,12160.215
00bbac68_7095,12160.213
00bbac68_7096,12160.211
00bbac68_7097,12160.208
00bbac68_7098,12160.206
00bbac68_7099,12160.204
00bbac68_7100,12160.202
00bbac68_7101,12160.201
00bbac68_7102,12160.199
00bbac68_7103,12160.198
00bbac68_7104,12160.197
00bbac68_7105,12160.195
00bbac68_7106,12160.194
00bbac68_7107,12160.194
00bbac68_7108,12160.193
00bbac68_7109,12160.192
00bbac68_7110,12160.192
00bbac68_7111,12160.192
00bbac68_7112,12160.191
00bbac68_7113,12160.191
00bbac68_7114,12160.191
00bbac68_7115,12160.191
00bbac68_7116,12160.191
00bbac68_7117,12160.191
00bbac68_7118,12160.192
00bbac68_7119,12160.192
00bbac68_7120,12160.192
00bbac68_7121,12160.193
00bbac68_7122,12160.193
00bbac68_7123,12160.194
00bbac68_7124,12160.195
00bbac68_7125,12160.196
00bbac68_7126,12160.197
00bbac68_7127,12160.198
00bbac68_7128,12160.199
00bbac68_7129,12160.2
00bbac68_7130,12160.201
00bbac68_7131,12160.202
00bbac68_7132,12160.204
00bbac68_7133,12160.205
00bbac68_7134,12160.207
00bbac68_7135,12160.209
00bbac68_7136,12160.211
00bbac68_7137,12160.213
00bbac68_7138,12160.215
00bbac68_7139,12160.217
00bbac68_7140,12160.219
00bbac68_7141,12160.221
00bbac68_7142,12160.224
00bbac68_7143,12160.226
00bbac68_7144,12160.229
00bbac68_7145,12160.23
00bbac68_7146,12160.233
00bbac68_7147,12160.235
00bbac68_7148,12160.238
00bbac68_7149,12160.24
00bbac68_7150,12160.243
00bbac68_7151,12160.246
00bbac68_7152,12160.248
00bbac68_7153,12160.251
00bbac68_7154,12160.253
00bbac68_7155,12160.256
00bbac68_7156,12160.258
00bbac68_7157,12160.261
00bbac68_7158,12160.263
00bbac68_7159,12160.266
00bbac68_7160,12160.268
00bbac68_7161,12160.2705
00bbac68_7162,12160.272
00bbac68_7163,12160.274
00bbac68_7164,12160.276
00bbac68_7165,12160.278
00bbac68_7166,12160.28
00bbac68_7167,12160.282
00bbac68_7168,12160.284
00bbac68_7169,12160.286
00bbac68_7170,12160.287
00bbac68_7171,12160.289
00bbac68_7172,12160.291
00bbac68_7173,12160.292
00bbac68_7174,12160.294
00bbac68_7175,12160.295
00bbac68_7176,12160.297
00bbac68_7177,12160.298
00bbac68_7178,12160.299
00bbac68_7179,12160.3
00bbac68_7180,12160.301
00bbac68_7181,12160.302
00bbac68_7182,12160.303
00bbac68_7183,12160.303
00bbac68_7184,12160.304
00bbac68_7185,12160.304
00bbac68_7186,12160.304
00bbac68_7187,12160.304
00bbac68_7188,12160.304
00bbac68_7189,12160.304
00bbac68_7190,12160.304
00bbac68_7191,12160.304
00bbac68_7192,12160.303
00bbac68_7193,12160.303
00bbac68_7194,12160.302
00bbac68_7195,12160.301
00bbac68_7196,12160.3
00bbac68_7197,12160.299
00bbac68_7198,12160.298
00bbac68_7199,12160.296
00bbac68_7200,12160.295
00bbac68_7201,12160.293
00bbac68_7202,12160.291
00bbac68_7203,12160.289
00bbac68_7204,12160.286
00bbac68_7205,12160.284
00bbac68_7206,12160.281
00bbac68_7207,12160.278
00bbac68_7208,12160.275
00bbac68_7209,12160.272
00bbac68_7210,12160.27
00bbac68_7211,12160.266
00bbac68_7212,12160.263
00bbac68_7213,12160.259
00bbac68_7214,12160.255
00bbac68_7215,12160.251
00bbac68_7216,12160.246
00bbac68_7217,12160.242
00bbac68_7218,12160.237
00bbac68_7219,12160.232
00bbac68_7220,12160.228
00bbac68_7221,12160.223
00bbac68_7222,12160.218
00bbac68_7223,12160.213
00bbac68_7224,12160.208
00bbac68_7225,12160.203
00bbac68_7226,12160.198
00bbac68_7227,12160.192
00bbac68_7228,12160.1875
00bbac68_7229,12160.182
00bbac68_7230,12160.176
00bbac68_7231,12160.17
00bbac68_7232,12160.164
00bbac68_7233,12160.158
00bbac68_7234,12160.152
00bbac68_7235,12160.146
00bbac68_7236,12160.141
00bbac68_7237,12160.134
00bbac68_7238,12160.128
00bbac68_7239,12160.122
00bbac68_7240,12160.116
00bbac68_7241,12160.11
00bbac68_7242,12160.104
00bbac68_7243,12160.098
00bbac68_7244,12160.092
00bbac68_7245,12160.086
00bbac68_7246,12160.079
00bbac68_7247,12160.073
00bbac68_7248,12160.066
00bbac68_7249,12160.061
00bbac68_7250,12160.054
00bbac68_7251,12160.048
00bbac68_7252,12160.041
00bbac68_7253,12160.035
00bbac68_7254,12160.028
00bbac68_7255,12160.022
00bbac68_7256,12160.016
00bbac68_7257,12160.009
00bbac68_7258,12160.003
00bbac68_7259,12159.996
00bbac68_7260,12159.99
00bbac68_7261,12159.984
00bbac68_7262,12159.978
00bbac68_7263,12159.972
00bbac68_7264,12159.965
00bbac68_7265,12159.959
00bbac68_7266,12159.953
00bbac68_7267,12159.947
00bbac68_7268,12159.94
00bbac68_7269,12159.935
00bbac68_7270,12159.929
00bbac68_7271,12159.923
00bbac68_7272,12159.918
00bbac68_7273,12159.912
00bbac68_7274,12159.906
00bbac68_7275,12159.901
00bbac68_7276,12159.8955
00bbac68_7277,12159.891
00bbac68_7278,12159.886
00bbac68_7279,12159.88
00bbac68_7280,12159.875
00bbac68_7281,12159.87
00bbac68_7282,12159.866
00bbac68_7283,12159.861
00bbac68_7284,12159.857
00bbac68_7285,12159.854
00bbac68_7286,12159.85
00bbac68_7287,12159.847
00bbac68_7288,12159.844
00bbac68_7289,12159.841
00bbac68_7290,12159.838
00bbac68_7291,12159.835
00bbac68_7292,12159.833
00bbac68_7293,12159.831
00bbac68_7294,12159.829
00bbac68_7295,12159.827
00bbac68_7296,12159.825
00bbac68_7297,12159.824
00bbac68_7298,12159.823
00bbac68_7299,12159.822
00bbac68_7300,12159.822
00bbac68_7301,12159.821
00bbac68_7302,12159.821
00bbac68_7303,12159.821
00bbac68_7304,12159.821
00bbac68_7305,12159.822
00bbac68_7306,12159.822
00bbac68_7307,12159.823
00bbac68_7308,12159.824
00bbac68_7309,12159.826
00bbac68_7310,12159.827
00bbac68_7311,12159.829
00bbac68_7312,12159.831
00bbac68_7313,12159.833
00bbac68_7314,12159.835
00bbac68_7315,12159.838
00bbac68_7316,12159.84
00bbac68_7317,12159.843
00bbac68_7318,12159.846
00bbac68_7319,12159.85
00bbac68_7320,12159.853
00bbac68_7321,12159.856
00bbac68_7322,12159.86
00bbac68_7323,12159.864
00bbac68_7324,12159.868
00bbac68_7325,12159.873
00bbac68_7326,12159.877
00bbac68_7327,12159.882
00bbac68_7328,12159.887
00bbac68_7329,12159.892
00bbac68_7330,12159.896
00bbac68_7331,12159.901
00bbac68_7332,12159.907
00bbac68_7333,12159.912
00bbac68_7334,12159.918
00bbac68_7335,12159.924
00bbac68_7336,12159.929
00bbac68_7337,12159.935
00bbac68_7338,12159.94
00bbac68_7339,12159.946
00bbac68_7340,12159.952
00bbac68_7341,12159.959
00bbac68_7342,12159.965
00bbac68_7343,12159.971
00bbac68_7344,12159.977
00bbac68_7345,12159.983
00bbac68_7346,12159.989
00bbac68_7347,12159.996
00bbac68_7348,12160.002
00bbac68_7349,12160.009
00bbac68_7350,12160.015
00bbac68_7351,12160.021
00bbac68_7352,12160.028
00bbac68_7353,12160.035
00bbac68_7354,12160.042
00bbac68_7355,12160.049
00bbac68_7356,12160.056
00bbac68_7357,12160.0625
00bbac68_7358,12160.069
00bbac68_7359,12160.076
00bbac68_7360,12160.083
00bbac68_7361,12160.09
00bbac68_7362,12160.097
00bbac68_7363,12160.1045
00bbac68_7364,12160.111
00bbac68_7365,12160.118
00bbac68_7366,12160.125
00bbac68_7367,12160.133
00bbac68_7368,12160.14
00bbac68_7369,12160.147
00bbac68_7370,12160.154
00bbac68_7371,12160.161
00bbac68_7372,12160.169
00bbac68_7373,12160.176
00bbac68_7374,12160.183
00bbac68_7375,12160.19
00bbac68_7376,12160.197
00bbac68_7377,12160.204
00bbac68_7378,12160.211
00bbac68_7379,12160.219
00bbac68_7380,12160.226
00bbac68_7381,12160.232
00bbac68_7382,12160.239
00bbac68_7383,12160.247
00bbac68_7384,12160.254
00bbac68_7385,12160.261
00bbac68_7386,12160.268
00bbac68_7387,12160.274
00bbac68_7388,12160.28
00bbac68_7389,12160.287
00bbac68_7390,12160.294
00bbac68_7391,12160.3
00bbac68_7392,12160.306
00bbac68_7393,12160.3125
00bbac68_7394,12160.318
00bbac68_7395,12160.324
00bbac68_7396,12160.329
00bbac68_7397,12160.335
00bbac68_7398,12160.341
00bbac68_7399,12160.346
00bbac68_7400,12160.351
00bbac68_7401,12160.356
00bbac68_7402,12160.361
00bbac68_7403,12160.366
00bbac68_7404,12160.371
00bbac68_7405,12160.376
00bbac68_7406,12160.381
00bbac68_7407,12160.385
00bbac68_7408,12160.39
00bbac68_7409,12160.394
00bbac68_7410,12160.398
00bbac68_7411,12160.402
00bbac68_7412,12160.406
00bbac68_7413,12160.41
00bbac68_7414,12160.414
00bbac68_7415,12160.418
00bbac68_7416,12160.422
00bbac68_7417,12160.425
00bbac68_7418,12160.429
00bbac68_7419,12160.432
00bbac68_7420,12160.436
00bbac68_7421,12160.438
00bbac68_7422,12160.441
00bbac68_7423,12160.444
00bbac68_7424,12160.447
00bbac68_7425,12160.45
00bbac68_7426,12160.453
00bbac68_7427,12160.455
00bbac68_7428,12160.458
00bbac68_7429,12160.46
00bbac68_7430,12160.462
00bbac68_7431,12160.464
00bbac68_7432,12160.466
00bbac68_7433,12160.467
00bbac68_7434,12160.469
00bbac68_7435,12160.471
00bbac68_7436,12160.472
00bbac68_7437,12160.473
00bbac68_7438,12160.475
00bbac68_7439,12160.476
00bbac68_7440,12160.477
00bbac68_7441,12160.478
00bbac68_7442,12160.479
00bbac68_7443,12160.4795
00bbac68_7444,12160.48
00bbac68_7445,12160.481
00bbac68_7446,12160.481
00bbac68_7447,12160.482
00bbac68_7448,12160.482
00bbac68_7449,12160.483
00bbac68_7450,12160.483
00bbac68_7451,12160.484
00bbac68_7452,12160.484
00bbac68_7453,12160.484
00bbac68_7454,12160.485
00bbac68_7455,12160.485
00bbac68_7456,12160.485
00bbac68_7457,12160.485
00bbac68_7458,12160.485
00bbac68_7459,12160.488
00bbac68_7460,12160.488
00bbac68_7461,12160.489
00bbac68_7462,12160.489
00bbac68_7463,12160.489
00bbac68_7464,12160.49
00bbac68_7465,12160.49
00bbac68_7466,12160.49
00bbac68_7467,12160.49
00bbac68_7468,12160.49
00bbac68_7469,12160.49
00bbac68_7470,12160.49
00bbac68_7471,12160.49
00bbac68_7472,12160.49
00bbac68_7473,12160.49
00bbac68_7474,12160.49
00bbac68_7475,12160.49
00bbac68_7476,12160.49
00bbac68_7477,12160.489
00bbac68_7478,12160.489
00bbac68_7479,12160.488
00bbac68_7480,12160.488
00bbac68_7481,12160.488
00bbac68_7482,12160.487
00bbac68_7483,12160.486
00bbac68_7484,12160.486
00bbac68_7485,12160.485
00bbac68_7486,12160.484
00bbac68_7487,12160.484
00bbac68_7488,12160.483
00bbac68_7489,12160.482
00bbac68_7490,12160.481
00bbac68_7491,12160.48
00bbac68_7492,12160.4795
00bbac68_7493,12160.479
00bbac68_7494,12160.478
00bbac68_7495,12160.477
00bbac68_7496,12160.476
00bbac68_7497,12160.475
00bbac68_7498,12160.474
00bbac68_7499,12160.472
00bbac68_7500,12160.471
00bbac68_7501,12160.47
00bbac68_7502,12160.468
00bbac68_7503,12160.467
00bbac68_7504,12160.465
00bbac68_7505,12160.464
00bbac68_7506,12160.462
00bbac68_7507,12160.46
00bbac68_7508,12160.459
00bbac68_7509,12160.457
00bbac68_7510,12160.455
00bbac68_7511,12160.454
00bbac68_7512,12160.452
00bbac68_7513,12160.45
00bbac68_7514,12160.448
00bbac68_7515,12160.446
00bbac68_7516,12160.444
00bbac68_7517,12160.442
00bbac68_7518,12160.44
00bbac68_7519,12160.438
00bbac68_7520,12160.437
00bbac68_7521,12160.435
00bbac68_7522,12160.432
00bbac68_7523,12160.43
00bbac68_7524,12160.428
00bbac68_7525,12160.425
00bbac68_7526,12160.423
00bbac68_7527,12160.421
00bbac68_7528,12160.418
00bbac68_7529,12160.416
00bbac68_7530,12160.413
00bbac68_7531,12160.411
00bbac68_7532,12160.408
00bbac68_7533,12160.405
00bbac68_7534,12160.403
00bbac68_7535,12160.4
00bbac68_7536,12160.397
00bbac68_7537,12160.395
00bbac68_7538,12160.392
00bbac68_7539,12160.39
00bbac68_7540,12160.387
00bbac68_7541,12160.384
00bbac68_7542,12160.381
00bbac68_7543,12160.378
00bbac68_7544,12160.375
00bbac68_7545,12160.371
00bbac68_7546,12160.368
00bbac68_7547,12160.365
00bbac68_7548,12160.362
00bbac68_7549,12160.359
00bbac68_7550,12160.355
00bbac68_7551,12160.353
00bbac68_7552,12160.35
00bbac68_7553,12160.346
00bbac68_7554,12160.343
00bbac68_7555,12160.339
00bbac68_7556,12160.336
00bbac68_7557,12160.332
00bbac68_7558,12160.329
00e12e8b_2083,11579.818
00e12e8b_2084,11579.82
00e12e8b_2085,11579.822
00e12e8b_2086,11579.825
00e12e8b_2087,11579.827
00e12e8b_2088,11579.83
00e12e8b_2089,11579.832
00e12e8b_2090,11579.835
00e12e8b_2091,11579.838
00e12e8b_2092,11579.841
00e12e8b_2093,11579.844
00e12e8b_2094,11579.847
00e12e8b_2095,11579.85
00e12e8b_2096,11579.853
00e12e8b_2097,11579.856
00e12e8b_2098,11579.859
00e12e8b_2099,11579.863
00e12e8b_2100,11579.867
00e12e8b_2101,11579.87
00e12e8b_2102,11579.874
00e12e8b_2103,11579.878
00e12e8b_2104,11579.882
00e12e8b_2105,11579.887
00e12e8b_2106,11579.891
00e12e8b_2107,11579.895
00e12e8b_2108,11579.899
00e12e8b_2109,11579.903
00e12e8b_2110,11579.908
00e12e8b_2111,11579.912
00e12e8b_2112,11579.917
00e12e8b_2113,11579.922
00e12e8b_2114,11579.927
00e12e8b_2115,11579.932
00e12e8b_2116,11579.937
00e12e8b_2117,11579.941
00e12e8b_2118,11579.946
00e12e8b_2119,11579.951
00e12e8b_2120,11579.956
00e12e8b_2121,11579.961
00e12e8b_2122,11579.967
00e12e8b_2123,11579.972
00e12e8b_2124,11579.977
00e12e8b_2125,11579.982
00e12e8b_2126,11579.987
00e12e8b_2127,11579.992
00e12e8b_2128,11579.998
00e12e8b_2129,11580.003
00e12e8b_2130,11580.009
00e12e8b_2131,11580.014
00e12e8b_2132,11580.02
00e12e8b_2133,11580.024
00e12e8b_2134,11580.029
00e12e8b_2135,11580.035
00e12e8b_2136,11580.04
00e12e8b_2137,11580.045
00e12e8b_2138,11580.051
00e12e8b_2139,11580.056
00e12e8b_2140,11580.061
00e12e8b_2141,11580.065
00e12e8b_2142,11580.07
00e12e8b_2143,11580.075
00e12e8b_2144,11580.079
00e12e8b_2145,11580.084
00e12e8b_2146,11580.089
00e12e8b_2147,11580.093
00e12e8b_2148,11580.098
00e12e8b_2149,11580.102
00e12e8b_2150,11580.106
00e12e8b_2151,11580.11
00e12e8b_2152,11580.114
00e12e8b_2153,11580.119
00e12e8b_2154,11580.123
00e12e8b_2155,11580.127
00e12e8b_2156,11580.131
00e12e8b_2157,11580.135
00e12e8b_2158,11580.139
00e12e8b_2159,11580.143
00e12e8b_2160,11580.146
00e12e8b_2161,11580.15
00e12e8b_2162,11580.154
00e12e8b_2163,11580.158
00e12e8b_2164,11580.161
00e12e8b_2165,11580.165
00e12e8b_2166,11580.168
00e12e8b_2167,11580.172
00e12e8b_2168,11580.175
00e12e8b_2169,11580.179
00e12e8b_2170,11580.182
00e12e8b_2171,11580.186
00e12e8b_2172,11580.188
00e12e8b_2173,11580.191
00e12e8b_2174,11580.195
00e12e8b_2175,11580.198
00e12e8b_2176,11580.201
00e12e8b_2177,11580.204
00e12e8b_2178,11580.208
00e12e8b_2179,11580.211
00e12e8b_2180,11580.213
00e12e8b_2181,11580.216
00e12e8b_2182,11580.219
00e12e8b_2183,11580.221
00e12e8b_2184,11580.224
00e12e8b_2185,11580.226
00e12e8b_2186,11580.228
00e12e8b_2187,11580.23
00e12e8b_2188,11580.231
00e12e8b_2189,11580.233
00e12e8b_2190,11580.235
00e12e8b_2191,11580.236
00e12e8b_2192,11580.238
00e12e8b_2193,11580.239
00e12e8b_2194,11580.24
00e12e8b_2195,11580.241
00e12e8b_2196,11580.241
00e12e8b_2197,11580.242
00e12e8b_2198,11580.242
00e12e8b_2199,11580.242
00e12e8b_2200,11580.242
00e12e8b_2201,11580.242
00e12e8b_2202,11580.242
00e12e8b_2203,11580.241
00e12e8b_2204,11580.241
00e12e8b_2205,11580.24
00e12e8b_2206,11580.239
00e12e8b_2207,11580.238
00e12e8b_2208,11580.237
00e12e8b_2209,11580.235
00e12e8b_2210,11580.234
00e12e8b_2211,11580.232
00e12e8b_2212,11580.23
00e12e8b_2213,11580.229
00e12e8b_2214,11580.227
00e12e8b_2215,11580.224
00e12e8b_2216,11580.222
00e12e8b_2217,11580.219
00e12e8b_2218,11580.216
00e12e8b_2219,11580.214
00e12e8b_2220,11580.211
00e12e8b_2221,11580.208
00e12e8b_2222,11580.205
00e12e8b_2223,11580.202
00e12e8b_2224,11580.198
00e12e8b_2225,11580.195
00e12e8b_2226,11580.191
00e12e8b_2227,11580.1875
00e12e8b_2228,11580.184
00e12e8b_2229,11580.18
00e12e8b_2230,11580.176
00e12e8b_2231,11580.172
00e12e8b_2232,11580.167
00e12e8b_2233,11580.162
00e12e8b_2234,11580.158
00e12e8b_2235,11580.153
00e12e8b_2236,11580.148
00e12e8b_2237,11580.143
00e12e8b_2238,11580.138
00e12e8b_2239,11580.133
00e12e8b_2240,11580.127
00e12e8b_2241,11580.122
00e12e8b_2242,11580.116
00e12e8b_2243,11580.11
00e12e8b_2244,11580.1045
00e12e8b_2245,11580.099
00e12e8b_2246,11580.093
00e12e8b_2247,11580.086
00e12e8b_2248,11580.08
00e12e8b_2249,11580.073
00e12e8b_2250,11580.067
00e12e8b_2251,11580.061
00e12e8b_2252,11580.054
00e12e8b_2253,11580.047
00e12e8b_2254,11580.04
00e12e8b_2255,11580.032
00e12e8b_2256,11580.025
00e12e8b_2257,11580.019
00e12e8b_2258,11580.011
00e12e8b_2259,11580.004
00e12e8b_2260,11579.996
00e12e8b_2261,11579.989
00e12e8b_2262,11579.981
00e12e8b_2263,11579.975
00e12e8b_2264,11579.967
00e12e8b_2265,11579.96
00e12e8b_2266,11579.953
00e12e8b_2267,11579.945
00e12e8b_2268,11579.938
00e12e8b_2269,11579.932
00e12e8b_2270,11579.926
00e12e8b_2271,11579.919
00e12e8b_2272,11579.912
00e12e8b_2273,11579.906
00e12e8b_2274,11579.9
00e12e8b_2275,11579.895
00e12e8b_2276,11579.889
00e12e8b_2277,11579.884
00e12e8b_2278,11579.878
00e12e8b_2279,11579.873
00e12e8b_2280,11579.868
00e12e8b_2281,11579.863
00e12e8b_2282,11579.859
00e12e8b_2283,11579.855
00e12e8b_2284,11579.851
00e12e8b_2285,11579.848
00e12e8b_2286,11579.844
00e12e8b_2287,11579.841
00e12e8b_2288,11579.838
00e12e8b_2289,11579.835
00e12e8b_2290,11579.832
00e12e8b_2291,11579.83
00e12e8b_2292,11579.827
00e12e8b_2293,11579.825
00e12e8b_2294,11579.824
00e12e8b_2295,11579.822
00e12e8b_2296,11579.821
00e12e8b_2297,11579.819
00e12e8b_2298,11579.818
00e12e8b_2299,11579.818
00e12e8b_2300,11579.817
00e12e8b_2301,11579.817
00e12e8b_2302,11579.817
00e12e8b_2303,11579.817
00e12e8b_2304,11579.818
00e12e8b_2305,11579.819
00e12e8b_2306,11579.821
00e12e8b_2307,11579.822
00e12e8b_2308,11579.824
00e12e8b_2309,11579.827
00e12e8b_2310,11579.83
00e12e8b_2311,11579.833
00e12e8b_2312,11579.836
00e12e8b_2313,11579.84
00e12e8b_2314,11579.844
00e12e8b_2315,11579.848
00e12e8b_2316,11579.853
00e12e8b_2317,11579.857
00e12e8b_2318,11579.863
00e12e8b_2319,11579.869
00e12e8b_2320,11579.875
00e12e8b_2321,11579.881
00e12e8b_2322,11579.888
00e12e8b_2323,11579.8955
00e12e8b_2324,11579.902
00e12e8b_2325,11579.91
00e12e8b_2326,11579.919
00e12e8b_2327,11579.928
00e12e8b_2328,11579.937
00e12e8b_2329,11579.946
00e12e8b_2330,11579.956
00e12e8b_2331,11579.966
00e12e8b_2332,11579.977
00e12e8b_2333,11579.987
00e12e8b_2334,11579.998
00e12e8b_2335,11580.01
00e12e8b_2336,11580.021
00e12e8b_2337,11580.033
00e12e8b_2338,11580.046
00e12e8b_2339,11580.059
00e12e8b_2340,11580.072
00e12e8b_2341,11580.086
00e12e8b_2342,11580.1
00e12e8b_2343,11580.114
00e12e8b_2344,11580.129
00e12e8b_2345,11580.144
00e12e8b_2346,11580.159
00e12e8b_2347,11580.175
00e12e8b_2348,11580.191
00e12e8b_2349,11580.208
00e12e8b_2350,11580.225
00e12e8b_2351,11580.242
00e12e8b_2352,11580.26
00e12e8b_2353,11580.278
00e12e8b_2354,11580.296
00e12e8b_2355,11580.314
00e12e8b_2356,11580.334
00e12e8b_2357,11580.353
00e12e8b_2358,11580.372
00e12e8b_2359,11580.392
00e12e8b_2360,11580.411
00e12e8b_2361,11580.432
00e12e8b_2362,11580.451
00e12e8b_2363,11580.472
00e12e8b_2364,11580.492
00e12e8b_2365,11580.513
00e12e8b_2366,11580.533
00e12e8b_2367,11580.555
00e12e8b_2368,11580.575
00e12e8b_2369,11580.597
00e12e8b_2370,11580.618
00e12e8b_2371,11580.64
00e12e8b_2372,11580.661
00e12e8b_2373,11580.683
00e12e8b_2374,11580.705
00e12e8b_2375,11580.727
00e12e8b_2376,11580.749
00e12e8b_2377,11580.771
00e12e8b_2378,11580.794
00e12e8b_2379,11580.816
00e12e8b_2380,11580.839
00e12e8b_2381,11580.861
00e12e8b_2382,11580.885
00e12e8b_2383,11580.907
00e12e8b_2384,11580.931
00e12e8b_2385,11580.954
00e12e8b_2386,11580.978
00e12e8b_2387,11581.001
00e12e8b_2388,11581.024
00e12e8b_2389,11581.048
00e12e8b_2390,11581.072
00e12e8b_2391,11581.096
00e12e8b_2392,11581.119
00e12e8b_2393,11581.144
00e12e8b_2394,11581.167
00e12e8b_2395,11581.191
00e12e8b_2396,11581.216
00e12e8b_2397,11581.239
00e12e8b_2398,11581.264
00e12e8b_2399,11581.288
00e12e8b_2400,11581.3125
00e12e8b_2401,11581.337
00e12e8b_2402,11581.361
00e12e8b_2403,11581.386
00e12e8b_2404,11581.409
00e12e8b_2405,11581.434
00e12e8b_2406,11581.458
00e12e8b_2407,11581.482
00e12e8b_2408,11581.507
00e12e8b_2409,11581.53
00e12e8b_2410,11581.555
00e12e8b_2411,11581.578
00e12e8b_2412,11581.602
00e12e8b_2413,11581.626
00e12e8b_2414,11581.649
00e12e8b_2415,11581.672
00e12e8b_2416,11581.695
00e12e8b_2417,11581.718
00e12e8b_2418,11581.74
00e12e8b_2419,11581.763
00e12e8b_2420,11581.785
00e12e8b_2421,11581.807
00e12e8b_2422,11581.828
00e12e8b_2423,11581.85
00e12e8b_2424,11581.87
00e12e8b_2425,11581.891
00e12e8b_2426,11581.911
00e12e8b_2427,11581.932
00e12e8b_2428,11581.951
00e12e8b_2429,11581.971
00e12e8b_2430,11581.99
00e12e8b_2431,11582.01
00e12e8b_2432,11582.028
00e12e8b_2433,11582.047
00e12e8b_2434,11582.064
00e12e8b_2435,11582.082
00e12e8b_2436,11582.1
00e12e8b_2437,11582.117
00e12e8b_2438,11582.134
00e12e8b_2439,11582.15
00e12e8b_2440,11582.166
00e12e8b_2441,11582.182
00e12e8b_2442,11582.197
00e12e8b_2443,11582.212
00e12e8b_2444,11582.227
00e12e8b_2445,11582.241
00e12e8b_2446,11582.255
00e12e8b_2447,11582.269
00e12e8b_2448,11582.281
00e12e8b_2449,11582.295
00e12e8b_2450,11582.308
00e12e8b_2451,11582.319
00e12e8b_2452,11582.332
00e12e8b_2453,11582.344
00e12e8b_2454,11582.3545
00e12e8b_2455,11582.365
00e12e8b_2456,11582.376
00e12e8b_2457,11582.387
00e12e8b_2458,11582.396
00e12e8b_2459,11582.406
00e12e8b_2460,11582.415
00e12e8b_2461,11582.424
00e12e8b_2462,11582.432
00e12e8b_2463,11582.439
00e12e8b_2464,11582.447
00e12e8b_2465,11582.454
00e12e8b_2466,11582.461
00e12e8b_2467,11582.468
00e12e8b_2468,11582.474
00e12e8b_2469,11582.4795
00e12e8b_2470,11582.484
00e12e8b_2471,11582.489
00e12e8b_2472,11582.494
00e12e8b_2473,11582.498
00e12e8b_2474,11582.502
00e12e8b_2475,11582.505
00e12e8b_2476,11582.508
00e12e8b_2477,11582.511
00e12e8b_2478,11582.514
00e12e8b_2479,11582.516
00e12e8b_2480,11582.517
00e12e8b_2481,11582.519
00e12e8b_2482,11582.52
00e12e8b_2483,11582.5205
00e12e8b_2484,11582.5205
00e12e8b_2485,11582.5205
00e12e8b_2486,11582.5205
00e12e8b_2487,11582.5205
00e12e8b_2488,11582.52
00e12e8b_2489,11582.519
00e12e8b_2490,11582.517
00e12e8b_2491,11582.516
00e12e8b_2492,11582.514
00e12e8b_2493,11582.512
00e12e8b_2494,11582.509
00e12e8b_2495,11582.507
00e12e8b_2496,11582.504
00e12e8b_2497,11582.501
00e12e8b_2498,11582.498
00e12e8b_2499,11582.495
00e12e8b_2500,11582.492
00e12e8b_2501,11582.488
00e12e8b_2502,11582.484
00e12e8b_2503,11582.481
00e12e8b_2504,11582.478
00e12e8b_2505,11582.474
00e12e8b_2506,11582.47
00e12e8b_2507,11582.466
00e12e8b_2508,11582.462
00e12e8b_2509,11582.457
00e12e8b_2510,11582.453
00e12e8b_2511,11582.448
00e12e8b_2512,11582.444
00e12e8b_2513,11582.439
00e12e8b_2514,11582.435
00e12e8b_2515,11582.43
00e12e8b_2516,11582.425
00e12e8b_2517,11582.42
00e12e8b_2518,11582.415
00e12e8b_2519,11582.41
00e12e8b_2520,11582.405
00e12e8b_2521,11582.4
00e12e8b_2522,11582.395
00e12e8b_2523,11582.39
00e12e8b_2524,11582.384
00e12e8b_2525,11582.379
00e12e8b_2526,11582.373
00e12e8b_2527,11582.368
00e12e8b_2528,11582.362
00e12e8b_2529,11582.356
00e12e8b_2530,11582.352
00e12e8b_2531,11582.346
00e12e8b_2532,11582.34
00e12e8b_2533,11582.335
00e12e8b_2534,11582.329
00e12e8b_2535,11582.324
00e12e8b_2536,11582.318
00e12e8b_2537,11582.3125
00e12e8b_2538,11582.308
00e12e8b_2539,11582.303
00e12e8b_2540,11582.297
00e12e8b_2541,11582.292
00e12e8b_2542,11582.287
00e12e8b_2543,11582.282
00e12e8b_2544,11582.277
00e12e8b_2545,11582.271
00e12e8b_2546,11582.267
00e12e8b_2547,11582.262
00e12e8b_2548,11582.258
00e12e8b_2549,11582.253
00e12e8b_2550,11582.248
00e12e8b_2551,11582.243
00e12e8b_2552,11582.238
00e12e8b_2553,11582.233
00e12e8b_2554,11582.2295
00e12e8b_2555,11582.225
00e12e8b_2556,11582.221
00e12e8b_2557,11582.216
00e12e8b_2558,11582.212
00e12e8b_2559,11582.207
00e12e8b_2560,11582.203
00e12e8b_2561,11582.199
00e12e8b_2562,11582.195
00e12e8b_2563,11582.191
00e12e8b_2564,11582.1875
00e12e8b_2565,11582.185
00e12e8b_2566,11582.182
00e12e8b_2567,11582.178
00e12e8b_2568,11582.175
00e12e8b_2569,11582.172
00e12e8b_2570,11582.169
00e12e8b_2571,11582.166
00e12e8b_2572,11582.164
00e12e8b_2573,11582.161
00e12e8b_2574,11582.159
00e12e8b_2575,11582.157
00e12e8b_2576,11582.155
00e12e8b_2577,11582.153
00e12e8b_2578,11582.152
00e12e8b_2579,11582.15
00e12e8b_2580,11582.149
00e12e8b_2581,11582.148
00e12e8b_2582,11582.147
00e12e8b_2583,11582.146
00e12e8b_2584,11582.1455
00e12e8b_2585,11582.1455
00e12e8b_2586,11582.145
00e12e8b_2587,11582.145
00e12e8b_2588,11582.145
00e12e8b_2589,11582.145
00e12e8b_2590,11582.145
00e12e8b_2591,11582.1455
00e12e8b_2592,11582.1455
00e12e8b_2593,11582.146
00e12e8b_2594,11582.147
00e12e8b_2595,11582.148
00e12e8b_2596,11582.149
00e12e8b_2597,11582.151
00e12e8b_2598,11582.152
00e12e8b_2599,11582.154
00e12e8b_2600,11582.155
00e12e8b_2601,11582.157
00e12e8b_2602,11582.158
00e12e8b_2603,11582.16
00e12e8b_2604,11582.161
00e12e8b_2605,11582.163
00e12e8b_2606,11582.165
00e12e8b_2607,11582.166
00e12e8b_2608,11582.168
00e12e8b_2609,11582.17
00e12e8b_2610,11582.171
00e12e8b_2611,11582.173
00e12e8b_2612,11582.175
00e12e8b_2613,11582.177
00e12e8b_2614,11582.178
00e12e8b_2615,11582.18
00e12e8b_2616,11582.182
00e12e8b_2617,11582.184
00e12e8b_2618,11582.186
00e12e8b_2619,11582.1875
00e12e8b_2620,11582.189
00e12e8b_2621,11582.191
00e12e8b_2622,11582.194
00e12e8b_2623,11582.196
00e12e8b_2624,11582.198
00e12e8b_2625,11582.2
00e12e8b_2626,11582.203
00e12e8b_2627,11582.205
00e12e8b_2628,11582.207
00e12e8b_2629,11582.21
00e12e8b_2630,11582.212
00e12e8b_2631,11582.214
00e12e8b_2632,11582.217
00e12e8b_2633,11582.219
00e12e8b_2634,11582.222
00e12e8b_2635,11582.224
00e12e8b_2636,11582.227
00e12e8b_2637,11582.2295
00e12e8b_2638,11582.231
00e12e8b_2639,11582.234
00e12e8b_2640,11582.236
00e12e8b_2641,11582.238
00e12e8b_2642,11582.241
00e12e8b_2643,11582.243
00e12e8b_2644,11582.245
00e12e8b_2645,11582.248
00e12e8b_2646,11582.25
00e12e8b_2647,11582.252
00e12e8b_2648,11582.253
00e12e8b_2649,11582.255
00e12e8b_2650,11582.257
00e12e8b_2651,11582.258
00e12e8b_2652,11582.26
00e12e8b_2653,11582.261
00e12e8b_2654,11582.262
00e12e8b_2655,11582.263
00e12e8b_2656,11582.264
00e12e8b_2657,11582.264
00e12e8b_2658,11582.265
00e12e8b_2659,11582.265
00e12e8b_2660,11582.266
00e12e8b_2661,11582.266
00e12e8b_2662,11582.266
00e12e8b_2663,11582.266
00e12e8b_2664,11582.266
00e12e8b_2665,11582.266
00e12e8b_2666,11582.266
00e12e8b_2667,11582.265
00e12e8b_2668,11582.265
00e12e8b_2669,11582.265
00e12e8b_2670,11582.264
00e12e8b_2671,11582.264
00e12e8b_2672,11582.263
00e12e8b_2673,11582.263
00e12e8b_2674,11582.262
00e12e8b_2675,11582.261
00e12e8b_2676,11582.26
00e12e8b_2677,11582.26
00e12e8b_2678,11582.259
00e12e8b_2679,11582.258
00e12e8b_2680,11582.257
00e12e8b_2681,11582.256
00e12e8b_2682,11582.254
00e12e8b_2683,11582.253
00e12e8b_2684,11582.252
00e12e8b_2685,11582.251
00e12e8b_2686,11582.249
00e12e8b_2687,11582.248
00e12e8b_2688,11582.247
00e12e8b_2689,11582.245
00e12e8b_2690,11582.244
00e12e8b_2691,11582.242
00e12e8b_2692,11582.24
00e12e8b_2693,11582.238
00e12e8b_2694,11582.237
00e12e8b_2695,11582.235
00e12e8b_2696,11582.233
00e12e8b_2697,11582.231
00e12e8b_2698,11582.2295
00e12e8b_2699,11582.228
00e12e8b_2700,11582.226
00e12e8b_2701,11582.224
00e12e8b_2702,11582.222
00e12e8b_2703,11582.22
00e12e8b_2704,11582.217
00e12e8b_2705,11582.215
00e12e8b_2706,11582.213
00e12e8b_2707,11582.21
00e12e8b_2708,11582.208
00e12e8b_2709,11582.205
00e12e8b_2710,11582.203
00e12e8b_2711,11582.2
00e12e8b_2712,11582.198
00e12e8b_2713,11582.195
00e12e8b_2714,11582.193
00e12e8b_2715,11582.19
00e12e8b_2716,11582.188
00e12e8b_2717,11582.186
00e12e8b_2718,11582.184
00e12e8b_2719,11582.181
00e12e8b_2720,11582.179
00e12e8b_2721,11582.176
00e12e8b_2722,11582.174
00e12e8b_2723,11582.172
00e12e8b_2724,11582.17
00e12e8b_2725,11582.168
00e12e8b_2726,11582.166
00e12e8b_2727,11582.164
00e12e8b_2728,11582.162
00e12e8b_2729,11582.161
00e12e8b_2730,11582.159
00e12e8b_2731,11582.158
00e12e8b_2732,11582.157
00e12e8b_2733,11582.156
00e12e8b_2734,11582.155
00e12e8b_2735,11582.154
00e12e8b_2736,11582.153
00e12e8b_2737,11582.152
00e12e8b_2738,11582.152
00e12e8b_2739,11582.152
00e12e8b_2740,11582.151
00e12e8b_2741,11582.151
00e12e8b_2742,11582.152
00e12e8b_2743,11582.152
00e12e8b_2744,11582.152
00e12e8b_2745,11582.153
00e12e8b_2746,11582.154
00e12e8b_2747,11582.154
00e12e8b_2748,11582.155
00e12e8b_2749,11582.157
00e12e8b_2750,11582.158
00e12e8b_2751,11582.159
00e12e8b_2752,11582.161
00e12e8b_2753,11582.163
00e12e8b_2754,11582.164
00e12e8b_2755,11582.166
00e12e8b_2756,11582.169
00e12e8b_2757,11582.171
00e12e8b_2758,11582.173
00e12e8b_2759,11582.176
00e12e8b_2760,11582.178
00e12e8b_2761,11582.181
00e12e8b_2762,11582.184
00e12e8b_2763,11582.187
00e12e8b_2764,11582.189
00e12e8b_2765,11582.192
00e12e8b_2766,11582.195
00e12e8b_2767,11582.199
00e12e8b_2768,11582.202
00e12e8b_2769,11582.206
00e12e8b_2770,11582.21
00e12e8b_2771,11582.214
00e12e8b_2772,11582.218
00e12e8b_2773,11582.223
00e12e8b_2774,11582.227
00e12e8b_2775,11582.231
00e12e8b_2776,11582.235
00e12e8b_2777,11582.24
00e12e8b_2778,11582.245
00e12e8b_2779,11582.251
00e12e8b_2780,11582.256
00e12e8b_2781,11582.261
00e12e8b_2782,11582.267
00e12e8b_2783,11582.272
00e12e8b_2784,11582.277
00e12e8b_2785,11582.283
00e12e8b_2786,11582.289
00e12e8b_2787,11582.295
00e12e8b_2788,11582.302
00e12e8b_2789,11582.308
00e12e8b_2790,11582.313
00e12e8b_2791,11582.32
00e12e8b_2792,11582.326
00e12e8b_2793,11582.333
00e12e8b_2794,11582.339
00e12e8b_2795,11582.346
00e12e8b_2796,11582.353
00e12e8b_2797,11582.358
00e12e8b_2798,11582.365
00e12e8b_2799,11582.372
00e12e8b_2800,11582.378
00e12e8b_2801,11582.385
00e12e8b_2802,11582.392
00e12e8b_2803,11582.398
00e12e8b_2804,11582.405
00e12e8b_2805,11582.412
00e12e8b_2806,11582.418
00e12e8b_2807,11582.425
00e12e8b_2808,11582.432
00e12e8b_2809,11582.438
00e12e8b_2810,11582.445
00e12e8b_2811,11582.451
00e12e8b_2812,11582.458
00e12e8b_2813,11582.465
00e12e8b_2814,11582.471
00e12e8b_2815,11582.478
00e12e8b_2816,11582.484
00e12e8b_2817,11582.49
00e12e8b_2818,11582.497
00e12e8b_2819,11582.503
00e12e8b_2820,11582.51
00e12e8b_2821,11582.516
00e12e8b_2822,11582.521
00e12e8b_2823,11582.527
00e12e8b_2824,11582.534
00e12e8b_2825,11582.54
00e12e8b_2826,11582.546
00e12e8b_2827,11582.552
00e12e8b_2828,11582.557
00e12e8b_2829,11582.5625
00e12e8b_2830,11582.568
00e12e8b_2831,11582.573
00e12e8b_2832,11582.578
00e12e8b_2833,11582.583
00e12e8b_2834,11582.588
00e12e8b_2835,11582.593
00e12e8b_2836,11582.597
00e12e8b_2837,11582.601
00e12e8b_2838,11582.6045
00e12e8b_2839,11582.608
00e12e8b_2840,11582.611
00e12e8b_2841,11582.615
00e12e8b_2842,11582.618
00e12e8b_2843,11582.621
00e12e8b_2844,11582.624
00e12e8b_2845,11582.627
00e12e8b_2846,11582.629
00e12e8b_2847,11582.632
00e12e8b_2848,11582.634
00e12e8b_2849,11582.636
00e12e8b_2850,11582.638
00e12e8b_2851,11582.64
00e12e8b_2852,11582.642
00e12e8b_2853,11582.643
00e12e8b_2854,11582.645
00e12e8b_2855,11582.646
00e12e8b_2856,11582.647
00e12e8b_2857,11582.648
00e12e8b_2858,11582.65
00e12e8b_2859,11582.651
00e12e8b_2860,11582.653
00e12e8b_2861,11582.654
00e12e8b_2862,11582.655
00e12e8b_2863,11582.657
00e12e8b_2864,11582.658
00e12e8b_2865,11582.66
00e12e8b_2866,11582.661
00e12e8b_2867,11582.663
00e12e8b_2868,11582.664
00e12e8b_2869,11582.666
00e12e8b_2870,11582.667
00e12e8b_2871,11582.669
00e12e8b_2872,11582.671
00e12e8b_2873,11582.672
00e12e8b_2874,11582.674
00e12e8b_2875,11582.675
00e12e8b_2876,11582.677
00e12e8b_2877,11582.679
00e12e8b_2878,11582.681
00e12e8b_2879,11582.683
00e12e8b_2880,11582.684
00e12e8b_2881,11582.687
00e12e8b_2882,11582.688
00e12e8b_2883,11582.69
00e12e8b_2884,11582.692
00e12e8b_2885,11582.694
00e12e8b_2886,11582.696
00e12e8b_2887,11582.698
00e12e8b_2888,11582.7
00e12e8b_2889,11582.703
00e12e8b_2890,11582.705
00e12e8b_2891,11582.708
00e12e8b_2892,11582.711
00e12e8b_2893,11582.714
00e12e8b_2894,11582.717
00e12e8b_2895,11582.72
00e12e8b_2896,11582.724
00e12e8b_2897,11582.728
00e12e8b_2898,11582.731
00e12e8b_2899,11582.735
00e12e8b_2900,11582.739
00e12e8b_2901,11582.744
00e12e8b_2902,11582.749
00e12e8b_2903,11582.755
00e12e8b_2904,11582.761
00e12e8b_2905,11582.767
00e12e8b_2906,11582.772
00e12e8b_2907,11582.779
00e12e8b_2908,11582.787
00e12e8b_2909,11582.794
00e12e8b_2910,11582.802
00e12e8b_2911,11582.811
00e12e8b_2912,11582.819
00e12e8b_2913,11582.828
00e12e8b_2914,11582.838
00e12e8b_2915,11582.848
00e12e8b_2916,11582.858
00e12e8b_2917,11582.869
00e12e8b_2918,11582.881
00e12e8b_2919,11582.893
00e12e8b_2920,11582.905
00e12e8b_2921,11582.918
00e12e8b_2922,11582.932
00e12e8b_2923,11582.945
00e12e8b_2924,11582.96
00e12e8b_2925,11582.975
00e12e8b_2926,11582.99
00e12e8b_2927,11583.006
00e12e8b_2928,11583.021
00e12e8b_2929,11583.039
00e12e8b_2930,11583.056
00e12e8b_2931,11583.073
00e12e8b_2932,11583.092
00e12e8b_2933,11583.11
00e12e8b_2934,11583.13
00e12e8b_2935,11583.149
00e12e8b_2936,11583.169
00e12e8b_2937,11583.189
00e12e8b_2938,11583.211
00e12e8b_2939,11583.232
00e12e8b_2940,11583.254
00e12e8b_2941,11583.276
00e12e8b_2942,11583.3
00e12e8b_2943,11583.322
00e12e8b_2944,11583.347
00e12e8b_2945,11583.37
00e12e8b_2946,11583.395
00e12e8b_2947,11583.42
00e12e8b_2948,11583.445
00e12e8b_2949,11583.471
00e12e8b_2950,11583.497
00e12e8b_2951,11583.523
00e12e8b_2952,11583.551
00e12e8b_2953,11583.578
00e12e8b_2954,11583.605
00e12e8b_2955,11583.634
00e12e8b_2956,11583.663
00e12e8b_2957,11583.691
00e12e8b_2958,11583.722
00e12e8b_2959,11583.752
00e12e8b_2960,11583.782
00e12e8b_2961,11583.8125
00e12e8b_2962,11583.845
00e12e8b_2963,11583.876
00e12e8b_2964,11583.908
00e12e8b_2965,11583.941
00e12e8b_2966,11583.974
00e12e8b_2967,11584.008
00e12e8b_2968,11584.042
00e12e8b_2969,11584.076
00e12e8b_2970,11584.11
00e12e8b_2971,11584.1455
00e12e8b_2972,11584.182
00e12e8b_2973,11584.218
00e12e8b_2974,11584.254
00e12e8b_2975,11584.29
00e12e8b_2976,11584.327
00e12e8b_2977,11584.364
00e12e8b_2978,11584.402
00e12e8b_2979,11584.439
00e12e8b_2980,11584.478
00e12e8b_2981,11584.516
00e12e8b_2982,11584.554
00e12e8b_2983,11584.593
00e12e8b_2984,11584.632
00e12e8b_2985,11584.671
00e12e8b_2986,11584.71
00e12e8b_2987,11584.749
00e12e8b_2988,11584.788
00e12e8b_2989,11584.828
00e12e8b_2990,11584.867
00e12e8b_2991,11584.907
00e12e8b_2992,11584.946
00e12e8b_2993,11584.986
00e12e8b_2994,11585.026
00e12e8b_2995,11585.066
00e12e8b_2996,11585.106
00e12e8b_2997,11585.1455
00e12e8b_2998,11585.186
00e12e8b_2999,11585.225
00e12e8b_3000,11585.265
00e12e8b_3001,11585.304
00e12e8b_3002,11585.344
00e12e8b_3003,11585.383
00e12e8b_3004,11585.422
00e12e8b_3005,11585.46
00e12e8b_3006,11585.499
00e12e8b_3007,11585.537
00e12e8b_3008,11585.576
00e12e8b_3009,11585.614
00e12e8b_3010,11585.651
00e12e8b_3011,11585.689
00e12e8b_3012,11585.727
00e12e8b_3013,11585.765
00e12e8b_3014,11585.802
00e12e8b_3015,11585.839
00e12e8b_3016,11585.875
00e12e8b_3017,11585.911
00e12e8b_3018,11585.947
00e12e8b_3019,11585.982
00e12e8b_3020,11586.018
00e12e8b_3021,11586.053
00e12e8b_3022,11586.087
00e12e8b_3023,11586.121
00e12e8b_3024,11586.155
00e12e8b_3025,11586.188
00e12e8b_3026,11586.221
00e12e8b_3027,11586.253
00e12e8b_3028,11586.284
00e12e8b_3029,11586.315
00e12e8b_3030,11586.347
00e12e8b_3031,11586.377
00e12e8b_3032,11586.406
00e12e8b_3033,11586.436
00e12e8b_3034,11586.465
00e12e8b_3035,11586.492
00e12e8b_3036,11586.52
00e12e8b_3037,11586.547
00e12e8b_3038,11586.573
00e12e8b_3039,11586.599
00e12e8b_3040,11586.624
00e12e8b_3041,11586.648
00e12e8b_3042,11586.672
00e12e8b_3043,11586.695
00e12e8b_3044,11586.718
00e12e8b_3045,11586.739
00e12e8b_3046,11586.761
00e12e8b_3047,11586.782
00e12e8b_3048,11586.802
00e12e8b_3049,11586.821
00e12e8b_3050,11586.841
00e12e8b_3051,11586.858
00e12e8b_3052,11586.877
00e12e8b_3053,11586.894
00e12e8b_3054,11586.91
00e12e8b_3055,11586.926
00e12e8b_3056,11586.941
00e12e8b_3057,11586.956
00e12e8b_3058,11586.97
00e12e8b_3059,11586.983
00e12e8b_3060,11586.996
00e12e8b_3061,11587.008
00e12e8b_3062,11587.02
00e12e8b_3063,11587.03
00e12e8b_3064,11587.04
00e12e8b_3065,11587.049
00e12e8b_3066,11587.058
00e12e8b_3067,11587.065
00e12e8b_3068,11587.073
00e12e8b_3069,11587.08
00e12e8b_3070,11587.086
00e12e8b_3071,11587.092
00e12e8b_3072,11587.097
00e12e8b_3073,11587.101
00e12e8b_3074,11587.1045
00e12e8b_3075,11587.107
00e12e8b_3076,11587.11
00e12e8b_3077,11587.112
00e12e8b_3078,11587.113
00e12e8b_3079,11587.114
00e12e8b_3080,11587.114
00e12e8b_3081,11587.114
00e12e8b_3082,11587.113
00e12e8b_3083,11587.112
00e12e8b_3084,11587.11
00e12e8b_3085,11587.108
00e12e8b_3086,11587.105
00e12e8b_3087,11587.103
00e12e8b_3088,11587.099
00e12e8b_3089,11587.095
00e12e8b_3090,11587.091
00e12e8b_3091,11587.086
00e12e8b_3092,11587.081
00e12e8b_3093,11587.076
00e12e8b_3094,11587.07
00e12e8b_3095,11587.064
00e12e8b_3096,11587.059
00e12e8b_3097,11587.053
00e12e8b_3098,11587.046
00e12e8b_3099,11587.038
00e12e8b_3100,11587.031
00e12e8b_3101,11587.023
00e12e8b_3102,11587.016
00e12e8b_3103,11587.008
00e12e8b_3104,11586.999
00e12e8b_3105,11586.99
00e12e8b_3106,11586.981
00e12e8b_3107,11586.972
00e12e8b_3108,11586.963
00e12e8b_3109,11586.953
00e12e8b_3110,11586.942
00e12e8b_3111,11586.933
00e12e8b_3112,11586.922
00e12e8b_3113,11586.911
00e12e8b_3114,11586.9
00e12e8b_3115,11586.89
00e12e8b_3116,11586.878
00e12e8b_3117,11586.866
00e12e8b_3118,11586.8545
00e12e8b_3119,11586.843
00e12e8b_3120,11586.831
00e12e8b_3121,11586.819
00e12e8b_3122,11586.807
00e12e8b_3123,11586.794
00e12e8b_3124,11586.782
00e12e8b_3125,11586.77
00e12e8b_3126,11586.757
00e12e8b_3127,11586.743
00e12e8b_3128,11586.73
00e12e8b_3129,11586.718
00e12e8b_3130,11586.705
00e12e8b_3131,11586.691
00e12e8b_3132,11586.679
00e12e8b_3133,11586.666
00e12e8b_3134,11586.652
00e12e8b_3135,11586.64
00e12e8b_3136,11586.627
00e12e8b_3137,11586.614
00e12e8b_3138,11586.602
00e12e8b_3139,11586.589
00e12e8b_3140,11586.576
00e12e8b_3141,11586.563
00e12e8b_3142,11586.551
00e12e8b_3143,11586.538
00e12e8b_3144,11586.526
00e12e8b_3145,11586.514
00e12e8b_3146,11586.502
00e12e8b_3147,11586.49
00e12e8b_3148,11586.479
00e12e8b_3149,11586.468
00e12e8b_3150,11586.456
00e12e8b_3151,11586.445
00e12e8b_3152,11586.435
00e12e8b_3153,11586.424
00e12e8b_3154,11586.414
00e12e8b_3155,11586.403
00e12e8b_3156,11586.394
00e12e8b_3157,11586.384
00e12e8b_3158,11586.375
00e12e8b_3159,11586.365
00e12e8b_3160,11586.356
00e12e8b_3161,11586.348
00e12e8b_3162,11586.339
00e12e8b_3163,11586.331
00e12e8b_3164,11586.322
00e12e8b_3165,11586.314
00e12e8b_3166,11586.307
00e12e8b_3167,11586.299
00e12e8b_3168,11586.291
00e12e8b_3169,11586.284
00e12e8b_3170,11586.276
00e12e8b_3171,11586.27
00e12e8b_3172,11586.263
00e12e8b_3173,11586.256
00e12e8b_3174,11586.249
00e12e8b_3175,11586.242
00e12e8b_3176,11586.235
00e12e8b_3177,11586.2295
00e12e8b_3178,11586.224
00e12e8b_3179,11586.218
00e12e8b_3180,11586.212
00e12e8b_3181,11586.206
00e12e8b_3182,11586.201
00e12e8b_3183,11586.196
00e12e8b_3184,11586.191
00e12e8b_3185,11586.187
00e12e8b_3186,11586.183
00e12e8b_3187,11586.179
00e12e8b_3188,11586.175
00e12e8b_3189,11586.171
00e12e8b_3190,11586.168
00e12e8b_3191,11586.165
00e12e8b_3192,11586.162
00e12e8b_3193,11586.159
00e12e8b_3194,11586.156
00e12e8b_3195,11586.154
00e12e8b_3196,11586.152
00e12e8b_3197,11586.15
00e12e8b_3198,11586.148
00e12e8b_3199,11586.146
00e12e8b_3200,11586.1455
00e12e8b_3201,11586.145
00e12e8b_3202,11586.144
00e12e8b_3203,11586.144
00e12e8b_3204,11586.144
00e12e8b_3205,11586.143
00e12e8b_3206,11586.143
00e12e8b_3207,11586.144
00e12e8b_3208,11586.144
00e12e8b_3209,11586.145
00e12e8b_3210,11586.1455
00e12e8b_3211,11586.146
00e12e8b_3212,11586.147
00e12e8b_3213,11586.148
00e12e8b_3214,11586.149
00e12e8b_3215,11586.15
00e12e8b_3216,11586.151
00e12e8b_3217,11586.153
00e12e8b_3218,11586.154
00e12e8b_3219,11586.156
00e12e8b_3220,11586.157
00e12e8b_3221,11586.159
00e12e8b_3222,11586.161
00e12e8b_3223,11586.162
00e12e8b_3224,11586.164
00e12e8b_3225,11586.165
00e12e8b_3226,11586.167
00e12e8b_3227,11586.168
00e12e8b_3228,11586.17
00e12e8b_3229,11586.171
00e12e8b_3230,11586.172
00e12e8b_3231,11586.173
00e12e8b_3232,11586.175
00e12e8b_3233,11586.176
00e12e8b_3234,11586.177
00e12e8b_3235,11586.178
00e12e8b_3236,11586.178
00e12e8b_3237,11586.179
00e12e8b_3238,11586.18
00e12e8b_3239,11586.182
00e12e8b_3240,11586.183
00e12e8b_3241,11586.184
00e12e8b_3242,11586.185
00e12e8b_3243,11586.187
00e12e8b_3244,11586.1875
00e12e8b_3245,11586.188
00e12e8b_3246,11586.19
00e12e8b_3247,11586.191
00e12e8b_3248,11586.193
00e12e8b_3249,11586.195
00e12e8b_3250,11586.196
00e12e8b_3251,11586.198
00e12e8b_3252,11586.2
00e12e8b_3253,11586.202
00e12e8b_3254,11586.204
00e12e8b_3255,11586.206
00e12e8b_3256,11586.208
00e12e8b_3257,11586.211
00e12e8b_3258,11586.213
00e12e8b_3259,11586.216
00e12e8b_3260,11586.218
00e12e8b_3261,11586.221
00e12e8b_3262,11586.223
00e12e8b_3263,11586.226
00e12e8b_3264,11586.229
00e12e8b_3265,11586.231
00e12e8b_3266,11586.234
00e12e8b_3267,11586.237
00e12e8b_3268,11586.24
00e12e8b_3269,11586.243
00e12e8b_3270,11586.246
00e12e8b_3271,11586.25
00e12e8b_3272,11586.253
00e12e8b_3273,11586.256
00e12e8b_3274,11586.26
00e12e8b_3275,11586.263
00e12e8b_3276,11586.267
00e12e8b_3277,11586.2705
00e12e8b_3278,11586.273
00e12e8b_3279,11586.277
00e12e8b_3280,11586.281
00e12e8b_3281,11586.285
00e12e8b_3282,11586.289
00e12e8b_3283,11586.293
00e12e8b_3284,11586.298
00e12e8b_3285,11586.302
00e12e8b_3286,11586.306
00e12e8b_3287,11586.311
00e12e8b_3288,11586.314
00e12e8b_3289,11586.319
00e12e8b_3290,11586.323
00e12e8b_3291,11586.328
00e12e8b_3292,11586.333
00e12e8b_3293,11586.337
00e12e8b_3294,11586.342
00e12e8b_3295,11586.346
00e12e8b_3296,11586.351
00e12e8b_3297,11586.3545
00e12e8b_3298,11586.359
00e12e8b_3299,11586.363
00e12e8b_3300,11586.367
00e12e8b_3301,11586.372
00e12e8b_3302,11586.376
00e12e8b_3303,11586.38
00e12e8b_3304,11586.384
00e12e8b_3305,11586.387
00e12e8b_3306,11586.391
00e12e8b_3307,11586.395
00e12e8b_3308,11586.397
00e12e8b_3309,11586.4
00e12e8b_3310,11586.404
00e12e8b_3311,11586.407
00e12e8b_3312,11586.41
00e12e8b_3313,11586.413
00e12e8b_3314,11586.416
00e12e8b_3315,11586.418
00e12e8b_3316,11586.421
00e12e8b_3317,11586.424
00e12e8b_3318,11586.426
00e12e8b_3319,11586.429
00e12e8b_3320,11586.431
00e12e8b_3321,11586.433
00e12e8b_3322,11586.435
00e12e8b_3323,11586.437
00e12e8b_3324,11586.438
00e12e8b_3325,11586.439
00e12e8b_3326,11586.441
00e12e8b_3327,11586.442
00e12e8b_3328,11586.443
00e12e8b_3329,11586.444
00e12e8b_3330,11586.445
00e12e8b_3331,11586.445
00e12e8b_3332,11586.445
00e12e8b_3333,11586.445
00e12e8b_3334,11586.445
00e12e8b_3335,11586.444
00e12e8b_3336,11586.443
00e12e8b_3337,11586.442
00e12e8b_3338,11586.441
00e12e8b_3339,11586.439
00e12e8b_3340,11586.4375
00e12e8b_3341,11586.435
00e12e8b_3342,11586.432
00e12e8b_3343,11586.429
00e12e8b_3344,11586.426
00e12e8b_3345,11586.422
00e12e8b_3346,11586.417
00e12e8b_3347,11586.412
00e12e8b_3348,11586.407
00e12e8b_3349,11586.402
00e12e8b_3350,11586.396
00e12e8b_3351,11586.391
00e12e8b_3352,11586.384
00e12e8b_3353,11586.377
00e12e8b_3354,11586.369
00e12e8b_3355,11586.361
00e12e8b_3356,11586.354
00e12e8b_3357,11586.345
00e12e8b_3358,11586.335
00e12e8b_3359,11586.326
00e12e8b_3360,11586.315
00e12e8b_3361,11586.306
00e12e8b_3362,11586.294
00e12e8b_3363,11586.283
00e12e8b_3364,11586.271
00e12e8b_3365,11586.26
00e12e8b_3366,11586.247
00e12e8b_3367,11586.233
00e12e8b_3368,11586.221
00e12e8b_3369,11586.206
00e12e8b_3370,11586.192
00e12e8b_3371,11586.178
00e12e8b_3372,11586.162
00e12e8b_3373,11586.146
00e12e8b_3374,11586.131
00e12e8b_3375,11586.114
00e12e8b_3376,11586.097
00e12e8b_3377,11586.079
00e12e8b_3378,11586.062
00e12e8b_3379,11586.043
00e12e8b_3380,11586.024
00e12e8b_3381,11586.006
00e12e8b_3382,11585.985
00e12e8b_3383,11585.966
00e12e8b_3384,11585.945
00e12e8b_3385,11585.924
00e12e8b_3386,11585.902
00e12e8b_3387,11585.881
00e12e8b_3388,11585.858
00e12e8b_3389,11585.836
00e12e8b_3390,11585.8125
00e12e8b_3391,11585.789
00e12e8b_3392,11585.765
00e12e8b_3393,11585.74
00e12e8b_3394,11585.715
00e12e8b_3395,11585.689
00e12e8b_3396,11585.664
00e12e8b_3397,11585.637
00e12e8b_3398,11585.61
00e12e8b_3399,11585.583
00e12e8b_3400,11585.555
00e12e8b_3401,11585.526
00e12e8b_3402,11585.498
00e12e8b_3403,11585.469
00e12e8b_3404,11585.438
00e12e8b_3405,11585.408
00e12e8b_3406,11585.378
00e12e8b_3407,11585.347
00e12e8b_3408,11585.315
00e12e8b_3409,11585.284
00e12e8b_3410,11585.252
00e12e8b_3411,11585.22
00e12e8b_3412,11585.187
00e12e8b_3413,11585.154
00e12e8b_3414,11585.121
00e12e8b_3415,11585.088
00e12e8b_3416,11585.054
00e12e8b_3417,11585.02
00e12e8b_3418,11584.985
00e12e8b_3419,11584.951
00e12e8b_3420,11584.916
00e12e8b_3421,11584.882
00e12e8b_3422,11584.847
00e12e8b_3423,11584.812
00e12e8b_3424,11584.775
00e12e8b_3425,11584.74
00e12e8b_3426,11584.704
00e12e8b_3427,11584.668
00e12e8b_3428,11584.633
00e12e8b_3429,11584.597
00e12e8b_3430,11584.561
00e12e8b_3431,11584.524
00e12e8b_3432,11584.489
00e12e8b_3433,11584.453
00e12e8b_3434,11584.417
00e12e8b_3435,11584.382
00e12e8b_3436,11584.346
00e12e8b_3437,11584.311
00e12e8b_3438,11584.274
00e12e8b_3439,11584.239
00e12e8b_3440,11584.203
00e12e8b_3441,11584.168
00e12e8b_3442,11584.132
00e12e8b_3443,11584.097
00e12e8b_3444,11584.062
00e12e8b_3445,11584.026
00e12e8b_3446,11583.991
00e12e8b_3447,11583.957
00e12e8b_3448,11583.922
00e12e8b_3449,11583.887
00e12e8b_3450,11583.853
00e12e8b_3451,11583.818
00e12e8b_3452,11583.784
00e12e8b_3453,11583.75
00e12e8b_3454,11583.717
00e12e8b_3455,11583.683
00e12e8b_3456,11583.649
00e12e8b_3457,11583.616
00e12e8b_3458,11583.584
00e12e8b_3459,11583.551
00e12e8b_3460,11583.519
00e12e8b_3461,11583.487
00e12e8b_3462,11583.455
00e12e8b_3463,11583.424
00e12e8b_3464,11583.393
00e12e8b_3465,11583.362
00e12e8b_3466,11583.332
00e12e8b_3467,11583.303
00e12e8b_3468,11583.273
00e12e8b_3469,11583.245
00e12e8b_3470,11583.217
00e12e8b_3471,11583.189
00e12e8b_3472,11583.162
00e12e8b_3473,11583.136
00e12e8b_3474,11583.109
00e12e8b_3475,11583.084
00e12e8b_3476,11583.06
00e12e8b_3477,11583.035
00e12e8b_3478,11583.011
00e12e8b_3479,11582.987
00e12e8b_3480,11582.964
00e12e8b_3481,11582.941
00e12e8b_3482,11582.92
00e12e8b_3483,11582.898
00e12e8b_3484,11582.878
00e12e8b_3485,11582.857
00e12e8b_3486,11582.838
00e12e8b_3487,11582.818
00e12e8b_3488,11582.8
00e12e8b_3489,11582.781
00e12e8b_3490,11582.764
00e12e8b_3491,11582.746
00e12e8b_3492,11582.7295
00e12e8b_3493,11582.713
00e12e8b_3494,11582.696
00e12e8b_3495,11582.682
00e12e8b_3496,11582.666
00e12e8b_3497,11582.651
00e12e8b_3498,11582.638
00e12e8b_3499,11582.624
00e12e8b_3500,11582.611
00e12e8b_3501,11582.599
00e12e8b_3502,11582.587
00e12e8b_3503,11582.575
00e12e8b_3504,11582.564
00e12e8b_3505,11582.554
00e12e8b_3506,11582.544
00e12e8b_3507,11582.534
00e12e8b_3508,11582.525
00e12e8b_3509,11582.517
00e12e8b_3510,11582.509
00e12e8b_3511,11582.501
00e12e8b_3512,11582.494
00e12e8b_3513,11582.487
00e12e8b_3514,11582.48
00e12e8b_3515,11582.475
00e12e8b_3516,11582.47
00e12e8b_3517,11582.465
00e12e8b_3518,11582.461
00e12e8b_3519,11582.456
00e12e8b_3520,11582.453
00e12e8b_3521,11582.45
00e12e8b_3522,11582.447
00e12e8b_3523,11582.445
00e12e8b_3524,11582.443
00e12e8b_3525,11582.441
00e12e8b_3526,11582.44
00e12e8b_3527,11582.439
00e12e8b_3528,11582.439
00e12e8b_3529,11582.438
00e12e8b_3530,11582.439
00e12e8b_3531,11582.439
00e12e8b_3532,11582.44
00e12e8b_3533,11582.441
00e12e8b_3534,11582.442
00e12e8b_3535,11582.444
00e12e8b_3536,11582.446
00e12e8b_3537,11582.448
00e12e8b_3538,11582.451
00e12e8b_3539,11582.454
00e12e8b_3540,11582.457
00e12e8b_3541,11582.46
00e12e8b_3542,11582.463
00e12e8b_3543,11582.467
00e12e8b_3544,11582.471
00e12e8b_3545,11582.475
00e12e8b_3546,11582.479
00e12e8b_3547,11582.483
00e12e8b_3548,11582.487
00e12e8b_3549,11582.492
00e12e8b_3550,11582.497
00e12e8b_3551,11582.502
00e12e8b_3552,11582.507
00e12e8b_3553,11582.513
00e12e8b_3554,11582.518
00e12e8b_3555,11582.523
00e12e8b_3556,11582.529
00e12e8b_3557,11582.535
00e12e8b_3558,11582.541
00e12e8b_3559,11582.547
00e12e8b_3560,11582.553
00e12e8b_3561,11582.56
00e12e8b_3562,11582.565
00e12e8b_3563,11582.572
00e12e8b_3564,11582.578
00e12e8b_3565,11582.585
00e12e8b_3566,11582.591
00e12e8b_3567,11582.598
00e12e8b_3568,11582.6045
00e12e8b_3569,11582.61
00e12e8b_3570,11582.617
00e12e8b_3571,11582.623
00e12e8b_3572,11582.63
00e12e8b_3573,11582.637
00e12e8b_3574,11582.643
00e12e8b_3575,11582.649
00e12e8b_3576,11582.655
00e12e8b_3577,11582.662
00e12e8b_3578,11582.669
00e12e8b_3579,11582.675
00e12e8b_3580,11582.682
00e12e8b_3581,11582.6875
00e12e8b_3582,11582.694
00e12e8b_3583,11582.7
00e12e8b_3584,11582.707
00e12e8b_3585,11582.713
00e12e8b_3586,11582.719
00e12e8b_3587,11582.725
00e12e8b_3588,11582.731
00e12e8b_3589,11582.737
00e12e8b_3590,11582.743
00e12e8b_3591,11582.749
00e12e8b_3592,11582.755
00e12e8b_3593,11582.761
00e12e8b_3594,11582.767
00e12e8b_3595,11582.771
00e12e8b_3596,11582.777
00e12e8b_3597,11582.783
00e12e8b_3598,11582.789
00e12e8b_3599,11582.795
00e12e8b_3600,11582.801
00e12e8b_3601,11582.807
00e12e8b_3602,11582.812
00e12e8b_3603,11582.817
00e12e8b_3604,11582.823
00e12e8b_3605,11582.828
00e12e8b_3606,11582.834
00e12e8b_3607,11582.84
00e12e8b_3608,11582.845
00e12e8b_3609,11582.851
00e12e8b_3610,11582.855
00e12e8b_3611,11582.86
00e12e8b_3612,11582.866
00e12e8b_3613,11582.871
00e12e8b_3614,11582.876
00e12e8b_3615,11582.881
00e12e8b_3616,11582.886
00e12e8b_3617,11582.89
00e12e8b_3618,11582.895
00e12e8b_3619,11582.899
00e12e8b_3620,11582.903
00e12e8b_3621,11582.908
00e12e8b_3622,11582.912
00e12e8b_3623,11582.917
00e12e8b_3624,11582.921
00e12e8b_3625,11582.926
00e12e8b_3626,11582.931
00e12e8b_3627,11582.935
00e12e8b_3628,11582.939
00e12e8b_3629,11582.944
00e12e8b_3630,11582.948
00e12e8b_3631,11582.953
00e12e8b_3632,11582.958
00e12e8b_3633,11582.962
00e12e8b_3634,11582.967
00e12e8b_3635,11582.972
00e12e8b_3636,11582.976
00e12e8b_3637,11582.98
00e12e8b_3638,11582.985
00e12e8b_3639,11582.99
00e12e8b_3640,11582.994
00e12e8b_3641,11582.999
00e12e8b_3642,11583.004
00e12e8b_3643,11583.009
00e12e8b_3644,11583.014
00e12e8b_3645,11583.018
00e12e8b_3646,11583.022
00e12e8b_3647,11583.027
00e12e8b_3648,11583.032
00e12e8b_3649,11583.038
00e12e8b_3650,11583.043
00e12e8b_3651,11583.048
00e12e8b_3652,11583.054
00e12e8b_3653,11583.059
00e12e8b_3654,11583.064
00e12e8b_3655,11583.07
00e12e8b_3656,11583.076
00e12e8b_3657,11583.083
00e12e8b_3658,11583.089
00e12e8b_3659,11583.096
00e12e8b_3660,11583.102
00e12e8b_3661,11583.108
00e12e8b_3662,11583.115
00e12e8b_3663,11583.122
00e12e8b_3664,11583.129
00e12e8b_3665,11583.137
00e12e8b_3666,11583.144
00e12e8b_3667,11583.15
00e12e8b_3668,11583.157
00e12e8b_3669,11583.164
00e12e8b_3670,11583.171
00e12e8b_3671,11583.178
00e12e8b_3672,11583.185
00e12e8b_3673,11583.191
00e12e8b_3674,11583.198
00e12e8b_3675,11583.205
00e12e8b_3676,11583.212
00e12e8b_3677,11583.219
00e12e8b_3678,11583.226
00e12e8b_3679,11583.231
00e12e8b_3680,11583.238
00e12e8b_3681,11583.245
00e12e8b_3682,11583.252
00e12e8b_3683,11583.258
00e12e8b_3684,11583.265
00e12e8b_3685,11583.271
00e12e8b_3686,11583.277
00e12e8b_3687,11583.284
00e12e8b_3688,11583.29
00e12e8b_3689,11583.297
00e12e8b_3690,11583.303
00e12e8b_3691,11583.31
00e12e8b_3692,11583.315
00e12e8b_3693,11583.321
00e12e8b_3694,11583.328
00e12e8b_3695,11583.334
00e12e8b_3696,11583.34
00e12e8b_3697,11583.346
00e12e8b_3698,11583.352
00e12e8b_3699,11583.357
00e12e8b_3700,11583.362
00e12e8b_3701,11583.368
00e12e8b_3702,11583.374
00e12e8b_3703,11583.38
00e12e8b_3704,11583.385
00e12e8b_3705,11583.391
00e12e8b_3706,11583.3955
00e12e8b_3707,11583.4
00e12e8b_3708,11583.405
00e12e8b_3709,11583.41
00e12e8b_3710,11583.415
00e12e8b_3711,11583.42
00e12e8b_3712,11583.424
00e12e8b_3713,11583.428
00e12e8b_3714,11583.433
00e12e8b_3715,11583.436
00e12e8b_3716,11583.439
00e12e8b_3717,11583.442
00e12e8b_3718,11583.445
00e12e8b_3719,11583.448
00e12e8b_3720,11583.451
00e12e8b_3721,11583.453
00e12e8b_3722,11583.455
00e12e8b_3723,11583.457
00e12e8b_3724,11583.458
00e12e8b_3725,11583.459
00e12e8b_3726,11583.46
00e12e8b_3727,11583.46
00e12e8b_3728,11583.461
00e12e8b_3729,11583.46
00e12e8b_3730,11583.46
00e12e8b_3731,11583.459
00e12e8b_3732,11583.458
00e12e8b_3733,11583.457
00e12e8b_3734,11583.455
00e12e8b_3735,11583.453
00e12e8b_3736,11583.451
00e12e8b_3737,11583.449
00e12e8b_3738,11583.446
00e12e8b_3739,11583.443
00e12e8b_3740,11583.44
00e12e8b_3741,11583.437
00e12e8b_3742,11583.434
00e12e8b_3743,11583.43
00e12e8b_3744,11583.425
00e12e8b_3745,11583.421
00e12e8b_3746,11583.416
00e12e8b_3747,11583.411
00e12e8b_3748,11583.406
00e12e8b_3749,11583.401
00e12e8b_3750,11583.3955
00e12e8b_3751,11583.391
00e12e8b_3752,11583.385
00e12e8b_3753,11583.379
00e12e8b_3754,11583.372
00e12e8b_3755,11583.366
00e12e8b_3756,11583.359
00e12e8b_3757,11583.353
00e12e8b_3758,11583.345
00e12e8b_3759,11583.338
00e12e8b_3760,11583.33
00e12e8b_3761,11583.322
00e12e8b_3762,11583.314
00e12e8b_3763,11583.306
00e12e8b_3764,11583.298
00e12e8b_3765,11583.289
00e12e8b_3766,11583.28
00e12e8b_3767,11583.271
00e12e8b_3768,11583.262
00e12e8b_3769,11583.253
00e12e8b_3770,11583.243
00e12e8b_3771,11583.233
00e12e8b_3772,11583.224
00e12e8b_3773,11583.214
00e12e8b_3774,11583.203
00e12e8b_3775,11583.193
00e12e8b_3776,11583.183
00e12e8b_3777,11583.172
00e12e8b_3778,11583.161
00e12e8b_3779,11583.15
00e12e8b_3780,11583.14
00e12e8b_3781,11583.128
00e12e8b_3782,11583.117
00e12e8b_3783,11583.105
00e12e8b_3784,11583.095
00e12e8b_3785,11583.083
00e12e8b_3786,11583.072
00e12e8b_3787,11583.061
00e12e8b_3788,11583.049
00e12e8b_3789,11583.037
00e12e8b_3790,11583.025
00e12e8b_3791,11583.014
00e12e8b_3792,11583.001
00e12e8b_3793,11582.989
00e12e8b_3794,11582.977
00e12e8b_3795,11582.965
00e12e8b_3796,11582.952
00e12e8b_3797,11582.939
00e12e8b_3798,11582.927
00e12e8b_3799,11582.914
00e12e8b_3800,11582.902
00e12e8b_3801,11582.89
00e12e8b_3802,11582.877
00e12e8b_3803,11582.864
00e12e8b_3804,11582.852
00e12e8b_3805,11582.84
00e12e8b_3806,11582.827
00e12e8b_3807,11582.815
00e12e8b_3808,11582.803
00e12e8b_3809,11582.791
00e12e8b_3810,11582.779
00e12e8b_3811,11582.768
00e12e8b_3812,11582.756
00e12e8b_3813,11582.744
00e12e8b_3814,11582.732
00e12e8b_3815,11582.722
00e12e8b_3816,11582.711
00e12e8b_3817,11582.7
00e12e8b_3818,11582.689
00e12e8b_3819,11582.679
00e12e8b_3820,11582.668
00e12e8b_3821,11582.658
00e12e8b_3822,11582.648
00e12e8b_3823,11582.639
00e12e8b_3824,11582.629
00e12e8b_3825,11582.619
00e12e8b_3826,11582.61
00e12e8b_3827,11582.602
00e12e8b_3828,11582.593
00e12e8b_3829,11582.584
00e12e8b_3830,11582.576
00e12e8b_3831,11582.568
00e12e8b_3832,11582.561
00e12e8b_3833,11582.554
00e12e8b_3834,11582.547
00e12e8b_3835,11582.54
00e12e8b_3836,11582.533
00e12e8b_3837,11582.527
00e12e8b_3838,11582.522
00e12e8b_3839,11582.517
00e12e8b_3840,11582.512
00e12e8b_3841,11582.508
00e12e8b_3842,11582.503
00e12e8b_3843,11582.499
00e12e8b_3844,11582.495
00e12e8b_3845,11582.492
00e12e8b_3846,11582.489
00e12e8b_3847,11582.486
00e12e8b_3848,11582.484
00e12e8b_3849,11582.482
00e12e8b_3850,11582.481
00e12e8b_3851,11582.48
00e12e8b_3852,11582.4795
00e12e8b_3853,11582.4795
00e12e8b_3854,11582.4795
00e12e8b_3855,11582.48
00e12e8b_3856,11582.481
00e12e8b_3857,11582.482
00e12e8b_3858,11582.483
00e12e8b_3859,11582.485
00e12e8b_3860,11582.488
00e12e8b_3861,11582.49
00e12e8b_3862,11582.493
00e12e8b_3863,11582.497
00e12e8b_3864,11582.5
00e12e8b_3865,11582.504
00e12e8b_3866,11582.509
00e12e8b_3867,11582.514
00e12e8b_3868,11582.519
00e12e8b_3869,11582.524
00e12e8b_3870,11582.53
00e12e8b_3871,11582.537
00e12e8b_3872,11582.544
00e12e8b_3873,11582.552
00e12e8b_3874,11582.56
00e12e8b_3875,11582.567
00e12e8b_3876,11582.576
00e12e8b_3877,11582.585
00e12e8b_3878,11582.595
00e12e8b_3879,11582.604
00e12e8b_3880,11582.614
00e12e8b_3881,11582.624
00e12e8b_3882,11582.635
00e12e8b_3883,11582.6455
00e12e8b_3884,11582.657
00e12e8b_3885,11582.668
00e12e8b_3886,11582.68
00e12e8b_3887,11582.691
00e12e8b_3888,11582.704
00e12e8b_3889,11582.716
00e12e8b_3890,11582.729
00e12e8b_3891,11582.741
00e12e8b_3892,11582.754
00e12e8b_3893,11582.767
00e12e8b_3894,11582.779
00e12e8b_3895,11582.792
00e12e8b_3896,11582.805
00e12e8b_3897,11582.818
00e12e8b_3898,11582.831
00e12e8b_3899,11582.845
00e12e8b_3900,11582.857
00e12e8b_3901,11582.87
00e12e8b_3902,11582.883
00e12e8b_3903,11582.8955
00e12e8b_3904,11582.908
00e12e8b_3905,11582.921
00e12e8b_3906,11582.933
00e12e8b_3907,11582.944
00e12e8b_3908,11582.956
00e12e8b_3909,11582.968
00e12e8b_3910,11582.9795
00e12e8b_3911,11582.99
00e12e8b_3912,11583.001
00e12e8b_3913,11583.012
00e12e8b_3914,11583.022
00e12e8b_3915,11583.033
00e12e8b_3916,11583.044
00e12e8b_3917,11583.054
00e12e8b_3918,11583.063
00e12e8b_3919,11583.073
00e12e8b_3920,11583.083
00e12e8b_3921,11583.092
00e12e8b_3922,11583.102
00e12e8b_3923,11583.11
00e12e8b_3924,11583.119
00e12e8b_3925,11583.127
00e12e8b_3926,11583.136
00e12e8b_3927,11583.144
00e12e8b_3928,11583.151
00e12e8b_3929,11583.159
00e12e8b_3930,11583.167
00e12e8b_3931,11583.174
00e12e8b_3932,11583.181
00e12e8b_3933,11583.1875
00e12e8b_3934,11583.194
00e12e8b_3935,11583.2
00e12e8b_3936,11583.206
00e12e8b_3937,11583.212
00e12e8b_3938,11583.217
00e12e8b_3939,11583.222
00e12e8b_3940,11583.226
00e12e8b_3941,11583.2295
00e12e8b_3942,11583.233
00e12e8b_3943,11583.237
00e12e8b_3944,11583.24
00e12e8b_3945,11583.243
00e12e8b_3946,11583.245
00e12e8b_3947,11583.247
00e12e8b_3948,11583.248
00e12e8b_3949,11583.249
00e12e8b_3950,11583.25
00e12e8b_3951,11583.25
00e12e8b_3952,11583.249
00e12e8b_3953,11583.248
00e12e8b_3954,11583.247
00e12e8b_3955,11583.245
00e12e8b_3956,11583.243
00e12e8b_3957,11583.24
00e12e8b_3958,11583.237
00e12e8b_3959,11583.233
00e12e8b_3960,11583.2295
00e12e8b_3961,11583.225
00e12e8b_3962,11583.22
00e12e8b_3963,11583.214
00e12e8b_3964,11583.208
00e12e8b_3965,11583.201
00e12e8b_3966,11583.194
00e12e8b_3967,11583.1875
00e12e8b_3968,11583.179
00e12e8b_3969,11583.171
00e12e8b_3970,11583.161
00e12e8b_3971,11583.152
00e12e8b_3972,11583.142
00e12e8b_3973,11583.131
00e12e8b_3974,11583.119
00e12e8b_3975,11583.107
00e12e8b_3976,11583.095
00e12e8b_3977,11583.082
00e12e8b_3978,11583.067
00e12e8b_3979,11583.054
00e12e8b_3980,11583.038
00e12e8b_3981,11583.022
00e12e8b_3982,11583.007
00e12e8b_3983,11582.99
00e12e8b_3984,11582.973
00e12e8b_3985,11582.954
00e12e8b_3986,11582.936
00e12e8b_3987,11582.917
00e12e8b_3988,11582.896
00e12e8b_3989,11582.877
00e12e8b_3990,11582.855
00e12e8b_3991,11582.834
00e12e8b_3992,11582.8125
00e12e8b_3993,11582.79
00e12e8b_3994,11582.767
00e12e8b_3995,11582.743
00e12e8b_3996,11582.719
00e12e8b_3997,11582.694
00e12e8b_3998,11582.669
00e12e8b_3999,11582.643
00e12e8b_4000,11582.616
00e12e8b_4001,11582.59
00e12e8b_4002,11582.5625
00e12e8b_4003,11582.535
00e12e8b_4004,11582.507
00e12e8b_4005,11582.479
00e12e8b_4006,11582.449
00e12e8b_4007,11582.42
00e12e8b_4008,11582.39
00e12e8b_4009,11582.359
00e12e8b_4010,11582.329
00e12e8b_4011,11582.298
00e12e8b_4012,11582.267
00e12e8b_4013,11582.235
00e12e8b_4014,11582.203
00e12e8b_4015,11582.171
00e12e8b_4016,11582.139
00e12e8b_4017,11582.105
00e12e8b_4018,11582.072
00e12e8b_4019,11582.038
00e12e8b_4020,11582.005
00e12e8b_4021,11581.971
00e12e8b_4022,11581.937
00e12e8b_4023,11581.901
00e12e8b_4024,11581.867
00e12e8b_4025,11581.832
00e12e8b_4026,11581.797
00e12e8b_4027,11581.763
00e12e8b_4028,11581.727
00e12e8b_4029,11581.691
00e12e8b_4030,11581.655
00e12e8b_4031,11581.619
00e12e8b_4032,11581.583
00e12e8b_4033,11581.547
00e12e8b_4034,11581.511
00e12e8b_4035,11581.474
00e12e8b_4036,11581.437
00e12e8b_4037,11581.399
00e12e8b_4038,11581.362
00e12e8b_4039,11581.325
00e12e8b_4040,11581.288
00e12e8b_4041,11581.251
00e12e8b_4042,11581.213
00e12e8b_4043,11581.176
00e12e8b_4044,11581.139
00e12e8b_4045,11581.102
00e12e8b_4046,11581.064
00e12e8b_4047,11581.027
00e12e8b_4048,11580.99
00e12e8b_4049,11580.954
00e12e8b_4050,11580.917
00e12e8b_4051,11580.88
00e12e8b_4052,11580.844
00e12e8b_4053,11580.808
00e12e8b_4054,11580.771
00e12e8b_4055,11580.735
00e12e8b_4056,11580.699
00e12e8b_4057,11580.664
00e12e8b_4058,11580.628
00e12e8b_4059,11580.593
00e12e8b_4060,11580.558
00e12e8b_4061,11580.523
00e12e8b_4062,11580.489
00e12e8b_4063,11580.455
00e12e8b_4064,11580.421
00e12e8b_4065,11580.387
00e12e8b_4066,11580.354
00e12e8b_4067,11580.321
00e12e8b_4068,11580.288
00e12e8b_4069,11580.256
00e12e8b_4070,11580.224
00e12e8b_4071,11580.192
00e12e8b_4072,11580.16
00e12e8b_4073,11580.13
00e12e8b_4074,11580.099
00e12e8b_4075,11580.068
00e12e8b_4076,11580.038
00e12e8b_4077,11580.008
00e12e8b_4078,11579.979
00e12e8b_4079,11579.949
00e12e8b_4080,11579.92
00e12e8b_4081,11579.892
00e12e8b_4082,11579.863
00e12e8b_4083,11579.835
00e12e8b_4084,11579.807
00e12e8b_4085,11579.779
00e12e8b_4086,11579.753
00e12e8b_4087,11579.726
00e12e8b_4088,11579.699
00e12e8b_4089,11579.673
00e12e8b_4090,11579.647
00e12e8b_4091,11579.622
00e12e8b_4092,11579.598
00e12e8b_4093,11579.572
00e12e8b_4094,11579.548
00e12e8b_4095,11579.524
00e12e8b_4096,11579.501
00e12e8b_4097,11579.478
00e12e8b_4098,11579.455
00e12e8b_4099,11579.433
00e12e8b_4100,11579.411
00e12e8b_4101,11579.39
00e12e8b_4102,11579.368
00e12e8b_4103,11579.348
00e12e8b_4104,11579.327
00e12e8b_4105,11579.308
00e12e8b_4106,11579.289
00e12e8b_4107,11579.2705
00e12e8b_4108,11579.253
00e12e8b_4109,11579.235
00e12e8b_4110,11579.219
00e12e8b_4111,11579.202
00e12e8b_4112,11579.186
00e12e8b_4113,11579.171
00e12e8b_4114,11579.156
00e12e8b_4115,11579.142
00e12e8b_4116,11579.127
00e12e8b_4117,11579.114
00e12e8b_4118,11579.101
00e12e8b_4119,11579.088
00e12e8b_4120,11579.075
00e12e8b_4121,11579.063
00e12e8b_4122,11579.052
00e12e8b_4123,11579.04
00e12e8b_4124,11579.029
00e12e8b_4125,11579.019
00e12e8b_4126,11579.009
00e12e8b_4127,11578.999
00e12e8b_4128,11578.989
00e12e8b_4129,11578.98
00e12e8b_4130,11578.972
00e12e8b_4131,11578.963
00e12e8b_4132,11578.954
00e12e8b_4133,11578.946
00e12e8b_4134,11578.938
00e12e8b_4135,11578.931
00e12e8b_4136,11578.924
00e12e8b_4137,11578.917
00e12e8b_4138,11578.91
00e12e8b_4139,11578.903
00e12e8b_4140,11578.897
00e12e8b_4141,11578.892
00e12e8b_4142,11578.887
00e12e8b_4143,11578.881
00e12e8b_4144,11578.876
00e12e8b_4145,11578.871
00e12e8b_4146,11578.866
00e12e8b_4147,11578.862
00e12e8b_4148,11578.858
00e12e8b_4149,11578.8545
00e12e8b_4150,11578.851
00e12e8b_4151,11578.848
00e12e8b_4152,11578.845
00e12e8b_4153,11578.842
00e12e8b_4154,11578.84
00e12e8b_4155,11578.838
00e12e8b_4156,11578.836
00e12e8b_4157,11578.834
00e12e8b_4158,11578.832
00e12e8b_4159,11578.831
00e12e8b_4160,11578.83
00e12e8b_4161,11578.828
00e12e8b_4162,11578.827
00e12e8b_4163,11578.826
00e12e8b_4164,11578.826
00e12e8b_4165,11578.825
00e12e8b_4166,11578.824
00e12e8b_4167,11578.824
00e12e8b_4168,11578.823
00e12e8b_4169,11578.823
00e12e8b_4170,11578.823
00e12e8b_4171,11578.823
00e12e8b_4172,11578.823
00e12e8b_4173,11578.823
00e12e8b_4174,11578.823
00e12e8b_4175,11578.823
00e12e8b_4176,11578.823
00e12e8b_4177,11578.824
00e12e8b_4178,11578.824
00e12e8b_4179,11578.825
00e12e8b_4180,11578.826
00e12e8b_4181,11578.827
00e12e8b_4182,11578.827
00e12e8b_4183,11578.828
00e12e8b_4184,11578.829
00e12e8b_4185,11578.83
00e12e8b_4186,11578.831
00e12e8b_4187,11578.832
00e12e8b_4188,11578.833
00e12e8b_4189,11578.835
00e12e8b_4190,11578.836
00e12e8b_4191,11578.837
00e12e8b_4192,11578.838
00e12e8b_4193,11578.84
00e12e8b_4194,11578.841
00e12e8b_4195,11578.842
00e12e8b_4196,11578.844
00e12e8b_4197,11578.845
00e12e8b_4198,11578.847
00e12e8b_4199,11578.849
00e12e8b_4200,11578.85
00e12e8b_4201,11578.852
00e12e8b_4202,11578.853
00e12e8b_4203,11578.854
00e12e8b_4204,11578.855
00e12e8b_4205,11578.856
00e12e8b_4206,11578.858
00e12e8b_4207,11578.859
00e12e8b_4208,11578.86
00e12e8b_4209,11578.861
00e12e8b_4210,11578.862
00e12e8b_4211,11578.863
00e12e8b_4212,11578.864
00e12e8b_4213,11578.865
00e12e8b_4214,11578.865
00e12e8b_4215,11578.866
00e12e8b_4216,11578.866
00e12e8b_4217,11578.866
00e12e8b_4218,11578.866
00e12e8b_4219,11578.866
00e12e8b_4220,11578.866
00e12e8b_4221,11578.866
00e12e8b_4222,11578.866
00e12e8b_4223,11578.866
00e12e8b_4224,11578.865
00e12e8b_4225,11578.865
00e12e8b_4226,11578.864
00e12e8b_4227,11578.864
00e12e8b_4228,11578.863
00e12e8b_4229,11578.862
00e12e8b_4230,11578.862
00e12e8b_4231,11578.861
00e12e8b_4232,11578.86
00e12e8b_4233,11578.859
00e12e8b_4234,11578.859
00e12e8b_4235,11578.858
00e12e8b_4236,11578.857
00e12e8b_4237,11578.856
00e12e8b_4238,11578.855
00e12e8b_4239,11578.8545
00e12e8b_4240,11578.854
00e12e8b_4241,11578.854
00e12e8b_4242,11578.853
00e12e8b_4243,11578.852
00e12e8b_4244,11578.851
00e12e8b_4245,11578.851
00e12e8b_4246,11578.85
00e12e8b_4247,11578.849
00e12e8b_4248,11578.849
00e12e8b_4249,11578.848
00e12e8b_4250,11578.848
00e12e8b_4251,11578.848
00e12e8b_4252,11578.847
00e12e8b_4253,11578.847
00e12e8b_4254,11578.847
00e12e8b_4255,11578.846
00e12e8b_4256,11578.846
00e12e8b_4257,11578.846
00e12e8b_4258,11578.846
00e12e8b_4259,11578.846
00e12e8b_4260,11578.847
00e12e8b_4261,11578.847
00e12e8b_4262,11578.847
00e12e8b_4263,11578.847
00e12e8b_4264,11578.848
00e12e8b_4265,11578.848
00e12e8b_4266,11578.849
00e12e8b_4267,11578.85
00e12e8b_4268,11578.851
00e12e8b_4269,11578.852
00e12e8b_4270,11578.853
00e12e8b_4271,11578.854
00e12e8b_4272,11578.8545
00e12e8b_4273,11578.855
00e12e8b_4274,11578.857
00e12e8b_4275,11578.858
00e12e8b_4276,11578.86
00e12e8b_4277,11578.861
00e12e8b_4278,11578.863
00e12e8b_4279,11578.865
00e12e8b_4280,11578.867
00e12e8b_4281,11578.869
00e12e8b_4282,11578.872
00e12e8b_4283,11578.874
00e12e8b_4284,11578.877
00e12e8b_4285,11578.88
00e12e8b_4286,11578.883
00e12e8b_4287,11578.886
00e12e8b_4288,11578.889
00e12e8b_4289,11578.893
00e12e8b_4290,11578.8955
00e12e8b_4291,11578.899
00e12e8b_4292,11578.903
00e12e8b_4293,11578.907
00e12e8b_4294,11578.911
00e12e8b_4295,11578.915
00e12e8b_4296,11578.92
00e12e8b_4297,11578.924
00e12e8b_4298,11578.929
00e12e8b_4299,11578.934
00e12e8b_4300,11578.938
00e12e8b_4301,11578.944
00e12e8b_4302,11578.949
00e12e8b_4303,11578.954
00e12e8b_4304,11578.96
00e12e8b_4305,11578.965
00e12e8b_4306,11578.971
00e12e8b_4307,11578.976
00e12e8b_4308,11578.98
00e12e8b_4309,11578.985
00e12e8b_4310,11578.991
00e12e8b_4311,11578.996
00e12e8b_4312,11579.001
00e12e8b_4313,11579.006
00e12e8b_4314,11579.011
00e12e8b_4315,11579.016
00e12e8b_4316,11579.0205
00e12e8b_4317,11579.024
00e12e8b_4318,11579.029
00e12e8b_4319,11579.034
00e12e8b_4320,11579.04
00e12e8b_4321,11579.045
00e12e8b_4322,11579.05
00e12e8b_4323,11579.055
00e12e8b_4324,11579.06
00e12e8b_4325,11579.064
00e12e8b_4326,11579.07
00e12e8b_4327,11579.075
00e12e8b_4328,11579.08
00e12e8b_4329,11579.085
00e12e8b_4330,11579.09
00e12e8b_4331,11579.095
00e12e8b_4332,11579.1
00e12e8b_4333,11579.1045
00e12e8b_4334,11579.109
00e12e8b_4335,11579.114
00e12e8b_4336,11579.119
00e12e8b_4337,11579.124
00e12e8b_4338,11579.129
00e12e8b_4339,11579.134
00e12e8b_4340,11579.138
00e12e8b_4341,11579.143
00e12e8b_4342,11579.147
00e12e8b_4343,11579.152
00e12e8b_4344,11579.157
00e12e8b_4345,11579.162
00e12e8b_4346,11579.166
00e12e8b_4347,11579.171
00e12e8b_4348,11579.176
00e12e8b_4349,11579.18
00e12e8b_4350,11579.185
00e12e8b_4351,11579.188
00e12e8b_4352,11579.192
00e12e8b_4353,11579.196
00e12e8b_4354,11579.201
00e12e8b_4355,11579.205
00e12e8b_4356,11579.208
00e12e8b_4357,11579.212
00e12e8b_4358,11579.216
00e12e8b_4359,11579.219
00e12e8b_4360,11579.222
00e12e8b_4361,11579.225
00e12e8b_4362,11579.228
00e12e8b_4363,11579.23
00e12e8b_4364,11579.233
00e12e8b_4365,11579.235
00e12e8b_4366,11579.238
00e12e8b_4367,11579.24
00e12e8b_4368,11579.242
00e12e8b_4369,11579.244
00e12e8b_4370,11579.245
00e12e8b_4371,11579.247
00e12e8b_4372,11579.248
00e12e8b_4373,11579.249
00e12e8b_4374,11579.25
00e12e8b_4375,11579.251
00e12e8b_4376,11579.251
00e12e8b_4377,11579.252
00e12e8b_4378,11579.252
00e12e8b_4379,11579.252
00e12e8b_4380,11579.252
00e12e8b_4381,11579.251
00e12e8b_4382,11579.251
00e12e8b_4383,11579.25
00e12e8b_4384,11579.249
00e12e8b_4385,11579.248
00e12e8b_4386,11579.247
00e12e8b_4387,11579.245
00e12e8b_4388,11579.243
00e12e8b_4389,11579.241
00e12e8b_4390,11579.239
00e12e8b_4391,11579.236
00e12e8b_4392,11579.233
00e12e8b_4393,11579.23
00e12e8b_4394,11579.227
00e12e8b_4395,11579.224
00e12e8b_4396,11579.22
00e12e8b_4397,11579.215
00e12e8b_4398,11579.211
00e12e8b_4399,11579.206
00e12e8b_4400,11579.201
00e12e8b_4401,11579.196
00e12e8b_4402,11579.19
00e12e8b_4403,11579.185
00e12e8b_4404,11579.179
00e12e8b_4405,11579.173
00e12e8b_4406,11579.166
00e12e8b_4407,11579.159
00e12e8b_4408,11579.152
00e12e8b_4409,11579.1455
00e12e8b_4410,11579.139
00e12e8b_4411,11579.131
00e12e8b_4412,11579.123
00e12e8b_4413,11579.115
00e12e8b_4414,11579.107
00e12e8b_4415,11579.1
00e12e8b_4416,11579.092
00e12e8b_4417,11579.084
00e12e8b_4418,11579.076
00e12e8b_4419,11579.068
00e12e8b_4420,11579.06
00e12e8b_4421,11579.051
00e12e8b_4422,11579.043
00e12e8b_4423,11579.034
00e12e8b_4424,11579.025
00e12e8b_4425,11579.017
00e12e8b_4426,11579.007
00e12e8b_4427,11578.998
00e12e8b_4428,11578.988
00e12e8b_4429,11578.979
00e12e8b_4430,11578.969
00e12e8b_4431,11578.958
00e12e8b_4432,11578.948
00e12e8b_4433,11578.938
00e12e8b_4434,11578.928
00e12e8b_4435,11578.917
00e12e8b_4436,11578.906
00e12e8b_4437,11578.896
00e12e8b_4438,11578.886
00e12e8b_4439,11578.874
00e12e8b_4440,11578.863
00e12e8b_4441,11578.853
00e12e8b_4442,11578.841
00e12e8b_4443,11578.83
00e12e8b_4444,11578.818
00e12e8b_4445,11578.807
00e12e8b_4446,11578.795
00e12e8b_4447,11578.783
00e12e8b_4448,11578.771
00e12e8b_4449,11578.76
00e12e8b_4450,11578.747
00e12e8b_4451,11578.735
00e12e8b_4452,11578.724
00e12e8b_4453,11578.711
00e12e8b_4454,11578.699
00e12e8b_4455,11578.687
00e12e8b_4456,11578.674
00e12e8b_4457,11578.662
00e12e8b_4458,11578.649
00e12e8b_4459,11578.637
00e12e8b_4460,11578.624
00e12e8b_4461,11578.611
00e12e8b_4462,11578.6
00e12e8b_4463,11578.587
00e12e8b_4464,11578.574
00e12e8b_4465,11578.562
00e12e8b_4466,11578.549
00e12e8b_4467,11578.536
00e12e8b_4468,11578.523
00e12e8b_4469,11578.511
00e12e8b_4470,11578.498
00e12e8b_4471,11578.486
00e12e8b_4472,11578.474
00e12e8b_4473,11578.461
00e12e8b_4474,11578.449
00e12e8b_4475,11578.437
00e12e8b_4476,11578.425
00e12e8b_4477,11578.412
00e12e8b_4478,11578.4
00e12e8b_4479,11578.389
00e12e8b_4480,11578.376
00e12e8b_4481,11578.364
00e12e8b_4482,11578.353
00e12e8b_4483,11578.341
00e12e8b_4484,11578.329
00e12e8b_4485,11578.317
00e12e8b_4486,11578.306
00e12e8b_4487,11578.294
00e12e8b_4488,11578.283
00e12e8b_4489,11578.271
00e12e8b_4490,11578.261
00e12e8b_4491,11578.25
00e12e8b_4492,11578.239
00e12e8b_4493,11578.229
00e12e8b_4494,11578.218
00e12e8b_4495,11578.207
00e12e8b_4496,11578.197
00e12e8b_4497,11578.187
00e12e8b_4498,11578.177
00e12e8b_4499,11578.167
00e12e8b_4500,11578.157
00e12e8b_4501,11578.147
00e12e8b_4502,11578.138
00e12e8b_4503,11578.129
00e12e8b_4504,11578.12
00e12e8b_4505,11578.111
00e12e8b_4506,11578.104
00e12e8b_4507,11578.096
00e12e8b_4508,11578.088
00e12e8b_4509,11578.08
00e12e8b_4510,11578.073
00e12e8b_4511,11578.066
00e12e8b_4512,11578.06
00e12e8b_4513,11578.053
00e12e8b_4514,11578.047
00e12e8b_4515,11578.042
00e12e8b_4516,11578.036
00e12e8b_4517,11578.031
00e12e8b_4518,11578.027
00e12e8b_4519,11578.022
00e12e8b_4520,11578.019
00e12e8b_4521,11578.015
00e12e8b_4522,11578.011
00e12e8b_4523,11578.008
00e12e8b_4524,11578.005
00e12e8b_4525,11578.002
00e12e8b_4526,11578.0
00e12e8b_4527,11577.998
00e12e8b_4528,11577.996
00e12e8b_4529,11577.995
00e12e8b_4530,11577.993
00e12e8b_4531,11577.992
00e12e8b_4532,11577.992
00e12e8b_4533,11577.992
00e12e8b_4534,11577.992
00e12e8b_4535,11577.992
00e12e8b_4536,11577.993
00e12e8b_4537,11577.993
00e12e8b_4538,11577.994
00e12e8b_4539,11577.996
00e12e8b_4540,11577.997
00e12e8b_4541,11577.999
00e12e8b_4542,11578.001
00e12e8b_4543,11578.003
00e12e8b_4544,11578.006
00e12e8b_4545,11578.008
00e12e8b_4546,11578.011
00e12e8b_4547,11578.013
00e12e8b_4548,11578.016
00e12e8b_4549,11578.02
00e12e8b_4550,11578.022
00e12e8b_4551,11578.026
00e12e8b_4552,11578.029
00e12e8b_4553,11578.033
00e12e8b_4554,11578.037
00e12e8b_4555,11578.041
00e12e8b_4556,11578.046
00e12e8b_4557,11578.05
00e12e8b_4558,11578.055
00e12e8b_4559,11578.059
00e12e8b_4560,11578.063
00e12e8b_4561,11578.068
00e12e8b_4562,11578.074
00e12e8b_4563,11578.079
00e12e8b_4564,11578.085
00e12e8b_4565,11578.09
00e12e8b_4566,11578.096
00e12e8b_4567,11578.102
00e12e8b_4568,11578.108
00e12e8b_4569,11578.114
00e12e8b_4570,11578.121
00e12e8b_4571,11578.127
00e12e8b_4572,11578.134
00e12e8b_4573,11578.141
00e12e8b_4574,11578.147
00e12e8b_4575,11578.155
00e12e8b_4576,11578.162
00e12e8b_4577,11578.169
00e12e8b_4578,11578.177
00e12e8b_4579,11578.184
00e12e8b_4580,11578.191
00e12e8b_4581,11578.199
00e12e8b_4582,11578.206
00e12e8b_4583,11578.214
00e12e8b_4584,11578.222
00e12e8b_4585,11578.23
00e12e8b_4586,11578.238
00e12e8b_4587,11578.246
00e12e8b_4588,11578.255
00e12e8b_4589,11578.264
00e12e8b_4590,11578.271
00e12e8b_4591,11578.28
00e12e8b_4592,11578.289
00e12e8b_4593,11578.298
00e12e8b_4594,11578.307
00e12e8b_4595,11578.316
00e12e8b_4596,11578.325
00e12e8b_4597,11578.334
00e12e8b_4598,11578.344
00e12e8b_4599,11578.353
00e12e8b_4600,11578.362
00e12e8b_4601,11578.371
00e12e8b_4602,11578.381
00e12e8b_4603,11578.391
00e12e8b_4604,11578.399
00e12e8b_4605,11578.409
00e12e8b_4606,11578.419
00e12e8b_4607,11578.428
00e12e8b_4608,11578.4375
00e12e8b_4609,11578.447
00e12e8b_4610,11578.456
00e12e8b_4611,11578.466
00e12e8b_4612,11578.476
00e12e8b_4613,11578.484
00e12e8b_4614,11578.494
00e12e8b_4615,11578.503
00e12e8b_4616,11578.512
00e12e8b_4617,11578.5205
00e12e8b_4618,11578.528
00e12e8b_4619,11578.536
00e12e8b_4620,11578.544
00e12e8b_4621,11578.552
00e12e8b_4622,11578.559
00e12e8b_4623,11578.565
00e12e8b_4624,11578.572
00e12e8b_4625,11578.579
00e12e8b_4626,11578.585
00e12e8b_4627,11578.591
00e12e8b_4628,11578.597
00e12e8b_4629,11578.603
00e12e8b_4630,11578.607
00e12e8b_4631,11578.612
00e12e8b_4632,11578.617
00e12e8b_4633,11578.622
00e12e8b_4634,11578.626
00e12e8b_4635,11578.63
00e12e8b_4636,11578.634
00e12e8b_4637,11578.638
00e12e8b_4638,11578.641
00e12e8b_4639,11578.644
00e12e8b_4640,11578.646
00e12e8b_4641,11578.648
00e12e8b_4642,11578.651
00e12e8b_4643,11578.653
00e12e8b_4644,11578.655
00e12e8b_4645,11578.657
00e12e8b_4646,11578.658
00e12e8b_4647,11578.659
00e12e8b_4648,11578.66
00e12e8b_4649,11578.661
00e12e8b_4650,11578.662
00e12e8b_4651,11578.662
00e12e8b_4652,11578.662
00e12e8b_4653,11578.662
00e12e8b_4654,11578.661
00e12e8b_4655,11578.66
00e12e8b_4656,11578.659
00e12e8b_4657,11578.658
00e12e8b_4658,11578.657
00e12e8b_4659,11578.655
00e12e8b_4660,11578.653
00e12e8b_4661,11578.651
00e12e8b_4662,11578.648
00e12e8b_4663,11578.6455
00e12e8b_4664,11578.643
00e12e8b_4665,11578.64
00e12e8b_4666,11578.637
00e12e8b_4667,11578.633
00e12e8b_4668,11578.629
00e12e8b_4669,11578.624
00e12e8b_4670,11578.619
00e12e8b_4671,11578.614
00e12e8b_4672,11578.609
00e12e8b_4673,11578.6045
00e12e8b_4674,11578.599
00e12e8b_4675,11578.593
00e12e8b_4676,11578.586
00e12e8b_4677,11578.58
00e12e8b_4678,11578.573
00e12e8b_4679,11578.566
00e12e8b_4680,11578.559
00e12e8b_4681,11578.552
00e12e8b_4682,11578.544
00e12e8b_4683,11578.536
00e12e8b_4684,11578.528
00e12e8b_4685,11578.5205
00e12e8b_4686,11578.512
00e12e8b_4687,11578.503
00e12e8b_4688,11578.495
00e12e8b_4689,11578.486
00e12e8b_4690,11578.478
00e12e8b_4691,11578.468
00e12e8b_4692,11578.459
00e12e8b_4693,11578.45
00e12e8b_4694,11578.44
00e12e8b_4695,11578.431
00e12e8b_4696,11578.422
00e12e8b_4697,11578.412
00e12e8b_4698,11578.402
00e12e8b_4699,11578.393
00e12e8b_4700,11578.383
00e12e8b_4701,11578.373
00e12e8b_4702,11578.362
00e12e8b_4703,11578.353
00e12e8b_4704,11578.342
00e12e8b_4705,11578.332
00e12e8b_4706,11578.321
00e12e8b_4707,11578.311
00e12e8b_4708,11578.3
00e12e8b_4709,11578.289
00e12e8b_4710,11578.278
00e12e8b_4711,11578.268
00e12e8b_4712,11578.257
00e12e8b_4713,11578.245
00e12e8b_4714,11578.234
00e12e8b_4715,11578.224
00e12e8b_4716,11578.212
00e12e8b_4717,11578.201
00e12e8b_4718,11578.189
00e12e8b_4719,11578.178
00e12e8b_4720,11578.166
00e12e8b_4721,11578.154
00e12e8b_4722,11578.143
00e12e8b_4723,11578.131
00e12e8b_4724,11578.119
00e12e8b_4725,11578.106
00e12e8b_4726,11578.094
00e12e8b_4727,11578.082
00e12e8b_4728,11578.069
00e12e8b_4729,11578.057
00e12e8b_4730,11578.044
00e12e8b_4731,11578.031
00e12e8b_4732,11578.018
00e12e8b_4733,11578.005
00e12e8b_4734,11577.992
00e12e8b_4735,11577.9795
00e12e8b_4736,11577.967
00e12e8b_4737,11577.954
00e12e8b_4738,11577.941
00e12e8b_4739,11577.929
00e12e8b_4740,11577.917
00e12e8b_4741,11577.904
00e12e8b_4742,11577.893
00e12e8b_4743,11577.88
00e12e8b_4744,11577.868
00e12e8b_4745,11577.855
00e12e8b_4746,11577.844
00e12e8b_4747,11577.832
00e12e8b_4748,11577.82
00e12e8b_4749,11577.809
00e12e8b_4750,11577.797
00e12e8b_4751,11577.785
00e12e8b_4752,11577.773
00e12e8b_4753,11577.762
00e12e8b_4754,11577.75
00e12e8b_4755,11577.738
00e12e8b_4756,11577.727
00e12e8b_4757,11577.715
00e12e8b_4758,11577.703
00e12e8b_4759,11577.691
00e12e8b_4760,11577.68
00e12e8b_4761,11577.669
00e12e8b_4762,11577.657
00e12e8b_4763,11577.6455
00e12e8b_4764,11577.635
00e12e8b_4765,11577.623
00e12e8b_4766,11577.612
00e12e8b_4767,11577.601
00e12e8b_4768,11577.59
00e12e8b_4769,11577.578
00e12e8b_4770,11577.567
00e12e8b_4771,11577.556
00e12e8b_4772,11577.545
00e12e8b_4773,11577.534
00e12e8b_4774,11577.522
00e12e8b_4775,11577.512
00e12e8b_4776,11577.5
00e12e8b_4777,11577.489
00e12e8b_4778,11577.478
00e12e8b_4779,11577.467
00e12e8b_4780,11577.455
00e12e8b_4781,11577.443
00e12e8b_4782,11577.433
00e12e8b_4783,11577.421
00e12e8b_4784,11577.409
00e12e8b_4785,11577.398
00e12e8b_4786,11577.387
00e12e8b_4787,11577.375
00e12e8b_4788,11577.363
00e12e8b_4789,11577.352
00e12e8b_4790,11577.339
00e12e8b_4791,11577.327
00e12e8b_4792,11577.315
00e12e8b_4793,11577.304
00e12e8b_4794,11577.291
00e12e8b_4795,11577.279
00e12e8b_4796,11577.267
00e12e8b_4797,11577.254
00e12e8b_4798,11577.242
00e12e8b_4799,11577.2295
00e12e8b_4800,11577.217
00e12e8b_4801,11577.205
00e12e8b_4802,11577.192
00e12e8b_4803,11577.18
00e12e8b_4804,11577.167
00e12e8b_4805,11577.155
00e12e8b_4806,11577.143
00e12e8b_4807,11577.13
00e12e8b_4808,11577.117
00e12e8b_4809,11577.1045
00e12e8b_4810,11577.092
00e12e8b_4811,11577.078
00e12e8b_4812,11577.065
00e12e8b_4813,11577.052
00e12e8b_4814,11577.039
00e12e8b_4815,11577.025
00e12e8b_4816,11577.012
00e12e8b_4817,11576.998
00e12e8b_4818,11576.984
00e12e8b_4819,11576.971
00e12e8b_4820,11576.956
00e12e8b_4821,11576.942
00e12e8b_4822,11576.929
00e12e8b_4823,11576.914
00e12e8b_4824,11576.9
00e12e8b_4825,11576.886
00e12e8b_4826,11576.872
00e12e8b_4827,11576.857
00e12e8b_4828,11576.843
00e12e8b_4829,11576.829
00e12e8b_4830,11576.814
00e12e8b_4831,11576.8
00e12e8b_4832,11576.785
00e12e8b_4833,11576.7705
00e12e8b_4834,11576.755
00e12e8b_4835,11576.74
00e12e8b_4836,11576.725
00e12e8b_4837,11576.709
00e12e8b_4838,11576.693
00e12e8b_4839,11576.678
00e12e8b_4840,11576.662
00e12e8b_4841,11576.646
00e12e8b_4842,11576.63
00e12e8b_4843,11576.613
00e12e8b_4844,11576.597
00e12e8b_4845,11576.58
00e12e8b_4846,11576.5625
00e12e8b_4847,11576.545
00e12e8b_4848,11576.527
00e12e8b_4849,11576.51
00e12e8b_4850,11576.491
00e12e8b_4851,11576.473
00e12e8b_4852,11576.454
00e12e8b_4853,11576.436
00e12e8b_4854,11576.416
00e12e8b_4855,11576.396
00e12e8b_4856,11576.377
00e12e8b_4857,11576.357
00e12e8b_4858,11576.337
00e12e8b_4859,11576.316
00e12e8b_4860,11576.296
00e12e8b_4861,11576.274
00e12e8b_4862,11576.253
00e12e8b_4863,11576.231
00e12e8b_4864,11576.21
00e12e8b_4865,11576.1875
00e12e8b_4866,11576.165
00e12e8b_4867,11576.143
00e12e8b_4868,11576.121
00e12e8b_4869,11576.098
00e12e8b_4870,11576.075
00e12e8b_4871,11576.053
00e12e8b_4872,11576.03
00e12e8b_4873,11576.008
00e12e8b_4874,11575.984
00e12e8b_4875,11575.962
00e12e8b_4876,11575.939
00e12e8b_4877,11575.916
00e12e8b_4878,11575.894
00e12e8b_4879,11575.871
00e12e8b_4880,11575.848
00e12e8b_4881,11575.825
00e12e8b_4882,11575.802
00e12e8b_4883,11575.779
00e12e8b_4884,11575.756
00e12e8b_4885,11575.732
00e12e8b_4886,11575.71
00e12e8b_4887,11575.687
00e12e8b_4888,11575.663
00e12e8b_4889,11575.641
00e12e8b_4890,11575.617
00e12e8b_4891,11575.594
00e12e8b_4892,11575.571
00e12e8b_4893,11575.548
00e12e8b_4894,11575.524
00e12e8b_4895,11575.501
00e12e8b_4896,11575.479
00e12e8b_4897,11575.455
00e12e8b_4898,11575.432
00e12e8b_4899,11575.408
00e12e8b_4900,11575.385
00e12e8b_4901,11575.361
00e12e8b_4902,11575.338
00e12e8b_4903,11575.313
00e12e8b_4904,11575.29
00e12e8b_4905,11575.267
00e12e8b_4906,11575.243
00e12e8b_4907,11575.221
00e12e8b_4908,11575.197
00e12e8b_4909,11575.174
00e12e8b_4910,11575.15
00e12e8b_4911,11575.128
00e12e8b_4912,11575.1045
00e12e8b_4913,11575.082
00e12e8b_4914,11575.06
00e12e8b_4915,11575.037
00e12e8b_4916,11575.015
00e12e8b_4917,11574.992
00e12e8b_4918,11574.97
00e12e8b_4919,11574.947
00e12e8b_4920,11574.925
00e12e8b_4921,11574.903
00e12e8b_4922,11574.882
00e12e8b_4923,11574.86
00e12e8b_4924,11574.839
00e12e8b_4925,11574.817
00e12e8b_4926,11574.797
00e12e8b_4927,11574.776
00e12e8b_4928,11574.756
00e12e8b_4929,11574.736
00e12e8b_4930,11574.717
00e12e8b_4931,11574.697
00e12e8b_4932,11574.678
00e12e8b_4933,11574.658
00e12e8b_4934,11574.64
00e12e8b_4935,11574.621
00e12e8b_4936,11574.603
00e12e8b_4937,11574.584
00e12e8b_4938,11574.565
00e12e8b_4939,11574.548
00e12e8b_4940,11574.529
00e12e8b_4941,11574.511
00e12e8b_4942,11574.493
00e12e8b_4943,11574.475
00e12e8b_4944,11574.457
00e12e8b_4945,11574.438
00e12e8b_4946,11574.421
00e12e8b_4947,11574.402
00e12e8b_4948,11574.385
00e12e8b_4949,11574.367
00e12e8b_4950,11574.35
00e12e8b_4951,11574.332
00e12e8b_4952,11574.314
00e12e8b_4953,11574.298
00e12e8b_4954,11574.28
00e12e8b_4955,11574.264
00e12e8b_4956,11574.246
00e12e8b_4957,11574.2295
00e12e8b_4958,11574.213
00e12e8b_4959,11574.196
00e12e8b_4960,11574.181
00e12e8b_4961,11574.164
00e12e8b_4962,11574.148
00e12e8b_4963,11574.133
00e12e8b_4964,11574.116
00e12e8b_4965,11574.102
00e12e8b_4966,11574.086
00e12e8b_4967,11574.07
00e12e8b_4968,11574.056
00e12e8b_4969,11574.041
00e12e8b_4970,11574.026
00e12e8b_4971,11574.012
00e12e8b_4972,11573.998
00e12e8b_4973,11573.984
00e12e8b_4974,11573.971
00e12e8b_4975,11573.957
00e12e8b_4976,11573.944
00e12e8b_4977,11573.932
00e12e8b_4978,11573.919
00e12e8b_4979,11573.907
00e12e8b_4980,11573.8955
00e12e8b_4981,11573.884
00e12e8b_4982,11573.873
00e12e8b_4983,11573.862
00e12e8b_4984,11573.852
00e12e8b_4985,11573.841
00e12e8b_4986,11573.831
00e12e8b_4987,11573.821
00e12e8b_4988,11573.812
00e12e8b_4989,11573.802
00e12e8b_4990,11573.793
00e12e8b_4991,11573.783
00e12e8b_4992,11573.774
00e12e8b_4993,11573.766
00e12e8b_4994,11573.757
00e12e8b_4995,11573.748
00e12e8b_4996,11573.739
00e12e8b_4997,11573.73
00e12e8b_4998,11573.723
00e12e8b_4999,11573.714
00e12e8b_5000,11573.706
00e12e8b_5001,11573.697
00e12e8b_5002,11573.688
00e12e8b_5003,11573.681
00e12e8b_5004,11573.672
00e12e8b_5005,11573.663
00e12e8b_5006,11573.655
00e12e8b_5007,11573.646
00e12e8b_5008,11573.639
00e12e8b_5009,11573.63
00e12e8b_5010,11573.621
00e12e8b_5011,11573.613
00e12e8b_5012,11573.6045
00e12e8b_5013,11573.596
00e12e8b_5014,11573.587
00e12e8b_5015,11573.579
00e12e8b_5016,11573.57
00e12e8b_5017,11573.562
00e12e8b_5018,11573.553
00e12e8b_5019,11573.544
00e12e8b_5020,11573.535
00e12e8b_5021,11573.526
00e12e8b_5022,11573.518
00e12e8b_5023,11573.509
00e12e8b_5024,11573.5
00e12e8b_5025,11573.491
00e12e8b_5026,11573.481
00e12e8b_5027,11573.473
00e12e8b_5028,11573.463
00e12e8b_5029,11573.453
00e12e8b_5030,11573.444
00e12e8b_5031,11573.435
00e12e8b_5032,11573.425
00e12e8b_5033,11573.415
00e12e8b_5034,11573.405
00e12e8b_5035,11573.3955
00e12e8b_5036,11573.386
00e12e8b_5037,11573.376
00e12e8b_5038,11573.365
00e12e8b_5039,11573.355
00e12e8b_5040,11573.346
00e12e8b_5041,11573.335
00e12e8b_5042,11573.324
00e12e8b_5043,11573.313
00e12e8b_5044,11573.303
00e12e8b_5045,11573.292
00e12e8b_5046,11573.281
00e12e8b_5047,11573.2705
00e12e8b_5048,11573.26
00e12e8b_5049,11573.248
00e12e8b_5050,11573.237
00e12e8b_5051,11573.226
00e12e8b_5052,11573.215
00e12e8b_5053,11573.203
00e12e8b_5054,11573.191
00e12e8b_5055,11573.18
00e12e8b_5056,11573.168
00e12e8b_5057,11573.156
00e12e8b_5058,11573.145
00e12e8b_5059,11573.134
00e12e8b_5060,11573.122
00e12e8b_5061,11573.11
00e12e8b_5062,11573.099
00e12e8b_5063,11573.088
00e12e8b_5064,11573.076
00e12e8b_5065,11573.064
00e12e8b_5066,11573.054
00e12e8b_5067,11573.042
00e12e8b_5068,11573.031
00e12e8b_5069,11573.02
00e12e8b_5070,11573.009
00e12e8b_5071,11572.997
00e12e8b_5072,11572.986
00e12e8b_5073,11572.975
00e12e8b_5074,11572.964
00e12e8b_5075,11572.952
00e12e8b_5076,11572.94
00e12e8b_5077,11572.93
00e12e8b_5078,11572.918
00e12e8b_5079,11572.906
00e12e8b_5080,11572.895
00e12e8b_5081,11572.883
00e12e8b_5082,11572.871
00e12e8b_5083,11572.859
00e12e8b_5084,11572.848
00e12e8b_5085,11572.836
00e12e8b_5086,11572.824
00e12e8b_5087,11572.812
00e12e8b_5088,11572.8
00e12e8b_5089,11572.787
00e12e8b_5090,11572.775
00e12e8b_5091,11572.763
00e12e8b_5092,11572.751
00e12e8b_5093,11572.739
00e12e8b_5094,11572.727
00e12e8b_5095,11572.715
00e12e8b_5096,11572.702
00e12e8b_5097,11572.69
00e12e8b_5098,11572.679
00e12e8b_5099,11572.666
00e12e8b_5100,11572.654
00e12e8b_5101,11572.644
00e12e8b_5102,11572.632
00e12e8b_5103,11572.62
00e12e8b_5104,11572.608
00e12e8b_5105,11572.598
00e12e8b_5106,11572.587
00e12e8b_5107,11572.575
00e12e8b_5108,11572.564
00e12e8b_5109,11572.554
00e12e8b_5110,11572.543
00e12e8b_5111,11572.532
00e12e8b_5112,11572.522
00e12e8b_5113,11572.512
00e12e8b_5114,11572.501
00e12e8b_5115,11572.491
00e12e8b_5116,11572.48
00e12e8b_5117,11572.47
00e12e8b_5118,11572.46
00e12e8b_5119,11572.449
00e12e8b_5120,11572.439
00e12e8b_5121,11572.429
00e12e8b_5122,11572.419
00e12e8b_5123,11572.408
00e12e8b_5124,11572.398
00e12e8b_5125,11572.388
00e12e8b_5126,11572.378
00e12e8b_5127,11572.367
00e12e8b_5128,11572.356
00e12e8b_5129,11572.346
00e12e8b_5130,11572.335
00e12e8b_5131,11572.324
00e12e8b_5132,11572.313
00e12e8b_5133,11572.302
00e12e8b_5134,11572.291
00e12e8b_5135,11572.279
00e12e8b_5136,11572.269
00e12e8b_5137,11572.257
00e12e8b_5138,11572.245
00e12e8b_5139,11572.233
00e12e8b_5140,11572.222
00e12e8b_5141,11572.21
00e12e8b_5142,11572.198
00e12e8b_5143,11572.187
00e12e8b_5144,11572.175
00e12e8b_5145,11572.164
00e12e8b_5146,11572.152
00e12e8b_5147,11572.141
00e12e8b_5148,11572.129
00e12e8b_5149,11572.118
00e12e8b_5150,11572.107
00e12e8b_5151,11572.096
00e12e8b_5152,11572.085
00e12e8b_5153,11572.074
00e12e8b_5154,11572.063
00e12e8b_5155,11572.054
00e12e8b_5156,11572.043
00e12e8b_5157,11572.033
00e12e8b_5158,11572.023
00e12e8b_5159,11572.013
00e12e8b_5160,11572.003
00e12e8b_5161,11571.994
00e12e8b_5162,11571.984
00e12e8b_5163,11571.975
00e12e8b_5164,11571.965
00e12e8b_5165,11571.956
00e12e8b_5166,11571.947
00e12e8b_5167,11571.9375
00e12e8b_5168,11571.929
00e12e8b_5169,11571.92
00e12e8b_5170,11571.911
00e12e8b_5171,11571.902
00e12e8b_5172,11571.894
00e12e8b_5173,11571.885
00e12e8b_5174,11571.876
00e12e8b_5175,11571.866
00e12e8b_5176,11571.857
00e12e8b_5177,11571.849
00e12e8b_5178,11571.84
00e12e8b_5179,11571.831
00e12e8b_5180,11571.821
00e12e8b_5181,11571.8125
00e12e8b_5182,11571.803
00e12e8b_5183,11571.793
00e12e8b_5184,11571.783
00e12e8b_5185,11571.773
00e12e8b_5186,11571.763
00e12e8b_5187,11571.752
00e12e8b_5188,11571.742
00e12e8b_5189,11571.731
00e12e8b_5190,11571.721
00e12e8b_5191,11571.709
00e12e8b_5192,11571.698
00e12e8b_5193,11571.6875
00e12e8b_5194,11571.676
00e12e8b_5195,11571.665
00e12e8b_5196,11571.653
00e12e8b_5197,11571.642
00e12e8b_5198,11571.63
00e12e8b_5199,11571.618
00e12e8b_5200,11571.606
00e12e8b_5201,11571.595
00e12e8b_5202,11571.583
00e12e8b_5203,11571.571
00e12e8b_5204,11571.559
00e12e8b_5205,11571.547
00e12e8b_5206,11571.534
00e12e8b_5207,11571.522
00e12e8b_5208,11571.51
00e12e8b_5209,11571.497
00e12e8b_5210,11571.484
00e12e8b_5211,11571.472
00e12e8b_5212,11571.459
00e12e8b_5213,11571.446
00e12e8b_5214,11571.433
00e12e8b_5215,11571.42
00e12e8b_5216,11571.407
00e12e8b_5217,11571.394
00e12e8b_5218,11571.38
00e12e8b_5219,11571.366
00e12e8b_5220,11571.353
00e12e8b_5221,11571.338
00e12e8b_5222,11571.324
00e12e8b_5223,11571.31
00e12e8b_5224,11571.295
00e12e8b_5225,11571.279
00e12e8b_5226,11571.265
00e12e8b_5227,11571.249
00e12e8b_5228,11571.233
00e12e8b_5229,11571.217
00e12e8b_5230,11571.2
00e12e8b_5231,11571.184
00e12e8b_5232,11571.166
00e12e8b_5233,11571.148
00e12e8b_5234,11571.131
00e12e8b_5235,11571.112
00e12e8b_5236,11571.094
00e12e8b_5237,11571.074
00e12e8b_5238,11571.055
00e12e8b_5239,11571.035
00e12e8b_5240,11571.015
00e12e8b_5241,11570.994
00e12e8b_5242,11570.974
00e12e8b_5243,11570.952
00e12e8b_5244,11570.931
00e12e8b_5245,11570.908
00e12e8b_5246,11570.886
00e12e8b_5247,11570.863
00e12e8b_5248,11570.841
00e12e8b_5249,11570.817
00e12e8b_5250,11570.794
00e12e8b_5251,11570.77
00e12e8b_5252,11570.746
00e12e8b_5253,11570.722
00e12e8b_5254,11570.697
00e12e8b_5255,11570.673
00e12e8b_5256,11570.647
00e12e8b_5257,11570.623
00e12e8b_5258,11570.598
00e12e8b_5259,11570.572
00e12e8b_5260,11570.546
00e12e8b_5261,11570.5205
00e12e8b_5262,11570.494
00e12e8b_5263,11570.468
00e12e8b_5264,11570.44
00e12e8b_5265,11570.414
00e12e8b_5266,11570.387
00e12e8b_5267,11570.359
00e12e8b_5268,11570.332
00e12e8b_5269,11570.305
00e12e8b_5270,11570.276
00e12e8b_5271,11570.249
00e12e8b_5272,11570.22
00e12e8b_5273,11570.191
00e12e8b_5274,11570.162
00e12e8b_5275,11570.133
00e12e8b_5276,11570.104
00e12e8b_5277,11570.073
00e12e8b_5278,11570.044
00e12e8b_5279,11570.014
00e12e8b_5280,11569.982
00e12e8b_5281,11569.952
00e12e8b_5282,11569.921
00e12e8b_5283,11569.89
00e12e8b_5284,11569.857
00e12e8b_5285,11569.826
00e12e8b_5286,11569.794
00e12e8b_5287,11569.762
00e12e8b_5288,11569.7295
00e12e8b_5289,11569.696
00e12e8b_5290,11569.663
00e12e8b_5291,11569.631
00e12e8b_5292,11569.597
00e12e8b_5293,11569.563
00e12e8b_5294,11569.53
00e12e8b_5295,11569.496
00e12e8b_5296,11569.462
00e12e8b_5297,11569.428
00e12e8b_5298,11569.394
00e12e8b_5299,11569.358
00e12e8b_5300,11569.324
00e12e8b_5301,11569.289
00e12e8b_5302,11569.254
00e12e8b_5303,11569.219
00e12e8b_5304,11569.183
00e12e8b_5305,11569.146
00e12e8b_5306,11569.111
00e12e8b_5307,11569.074
00e12e8b_5308,11569.038
00e12e8b_5309,11569.001
00e12e8b_5310,11568.964
00e12e8b_5311,11568.927
00e12e8b_5312,11568.89
00e12e8b_5313,11568.852
00e12e8b_5314,11568.814
00e12e8b_5315,11568.776
00e12e8b_5316,11568.737
00e12e8b_5317,11568.699
00e12e8b_5318,11568.66
00e12e8b_5319,11568.622
00e12e8b_5320,11568.583
00e12e8b_5321,11568.544
00e12e8b_5322,11568.504
00e12e8b_5323,11568.465
00e12e8b_5324,11568.425
00e12e8b_5325,11568.386
00e12e8b_5326,11568.346
00e12e8b_5327,11568.306
00e12e8b_5328,11568.266
00e12e8b_5329,11568.226
00e12e8b_5330,11568.186
00e12e8b_5331,11568.1455
00e12e8b_5332,11568.106
00e12e8b_5333,11568.066
00e12e8b_5334,11568.026
00e12e8b_5335,11567.987
00e12e8b_5336,11567.948
00e12e8b_5337,11567.908
00e12e8b_5338,11567.869
00e12e8b_5339,11567.83
00e12e8b_5340,11567.791
00e12e8b_5341,11567.753
00e12e8b_5342,11567.714
00e12e8b_5343,11567.675
00e12e8b_5344,11567.637
00e12e8b_5345,11567.598
00e12e8b_5346,11567.56
00e12e8b_5347,11567.521
00e12e8b_5348,11567.483
00e12e8b_5349,11567.445
00e12e8b_5350,11567.407
00e12e8b_5351,11567.369
00e12e8b_5352,11567.332
00e12e8b_5353,11567.294
00e12e8b_5354,11567.257
00e12e8b_5355,11567.219
00e12e8b_5356,11567.182
00e12e8b_5357,11567.145
00e12e8b_5358,11567.107
00e12e8b_5359,11567.07
00e12e8b_5360,11567.033
00e12e8b_5361,11566.997
00e12e8b_5362,11566.96
00e12e8b_5363,11566.924
00e12e8b_5364,11566.888
00e12e8b_5365,11566.852
00e12e8b_5366,11566.815
00e12e8b_5367,11566.779
00e12e8b_5368,11566.744
00e12e8b_5369,11566.708
00e12e8b_5370,11566.673
00e12e8b_5371,11566.638
00e12e8b_5372,11566.603
00e12e8b_5373,11566.567
00e12e8b_5374,11566.532
00e12e8b_5375,11566.497
00e12e8b_5376,11566.463
00e12e8b_5377,11566.429
00e12e8b_5378,11566.395
00e12e8b_5379,11566.36
00e12e8b_5380,11566.326
00e12e8b_5381,11566.293
00e12e8b_5382,11566.26
00e12e8b_5383,11566.227
00e12e8b_5384,11566.193
00e12e8b_5385,11566.161
00e12e8b_5386,11566.13
00e12e8b_5387,11566.098
00e12e8b_5388,11566.066
00e12e8b_5389,11566.035
00e12e8b_5390,11566.005
00e12e8b_5391,11565.975
00e12e8b_5392,11565.944
00e12e8b_5393,11565.915
00e12e8b_5394,11565.886
00e12e8b_5395,11565.856
00e12e8b_5396,11565.827
00e12e8b_5397,11565.799
00e12e8b_5398,11565.7705
00e12e8b_5399,11565.742
00e12e8b_5400,11565.715
00e12e8b_5401,11565.6875
00e12e8b_5402,11565.66
00e12e8b_5403,11565.633
00e12e8b_5404,11565.606
00e12e8b_5405,11565.58
00e12e8b_5406,11565.553
00e12e8b_5407,11565.527
00e12e8b_5408,11565.501
00e12e8b_5409,11565.475
00e12e8b_5410,11565.449
00e12e8b_5411,11565.423
00e12e8b_5412,11565.397
00e12e8b_5413,11565.372
00e12e8b_5414,11565.346
00e12e8b_5415,11565.32
00e12e8b_5416,11565.295
00e12e8b_5417,11565.27
00e12e8b_5418,11565.244
00e12e8b_5419,11565.219
00e12e8b_5420,11565.193
00e12e8b_5421,11565.168
00e12e8b_5422,11565.142
00e12e8b_5423,11565.116
00e12e8b_5424,11565.091
00e12e8b_5425,11565.065
00e12e8b_5426,11565.039
00e12e8b_5427,11565.014
00e12e8b_5428,11564.988
00e12e8b_5429,11564.962
00e12e8b_5430,11564.936
00e12e8b_5431,11564.91
00e12e8b_5432,11564.884
00e12e8b_5433,11564.857
00e12e8b_5434,11564.831
00e12e8b_5435,11564.805
00e12e8b_5436,11564.779
00e12e8b_5437,11564.753
00e12e8b_5438,11564.727
00e12e8b_5439,11564.7
00e12e8b_5440,11564.675
00e12e8b_5441,11564.648
00e12e8b_5442,11564.622
00e12e8b_5443,11564.597
00e12e8b_5444,11564.57
00e12e8b_5445,11564.545
00e12e8b_5446,11564.52
00e12e8b_5447,11564.493
00e12e8b_5448,11564.468
00e12e8b_5449,11564.441
00e12e8b_5450,11564.416
00e12e8b_5451,11564.39
00e12e8b_5452,11564.364
00e12e8b_5453,11564.338
00e12e8b_5454,11564.312
00e12e8b_5455,11564.285
00e12e8b_5456,11564.259
00e12e8b_5457,11564.232
00e12e8b_5458,11564.206
00e12e8b_5459,11564.18
00e12e8b_5460,11564.152
00e12e8b_5461,11564.126
00e12e8b_5462,11564.099
00e12e8b_5463,11564.071
00e12e8b_5464,11564.044
00e12e8b_5465,11564.017
00e12e8b_5466,11563.988
00e12e8b_5467,11563.961
00e12e8b_5468,11563.933
00e12e8b_5469,11563.904
00e12e8b_5470,11563.875
00e12e8b_5471,11563.846
00e12e8b_5472,11563.817
00e12e8b_5473,11563.788
00e12e8b_5474,11563.758
00e12e8b_5475,11563.729
00e12e8b_5476,11563.699
00e12e8b_5477,11563.669
00e12e8b_5478,11563.639
00e12e8b_5479,11563.608
00e12e8b_5480,11563.578
00e12e8b_5481,11563.548
00e12e8b_5482,11563.518
00e12e8b_5483,11563.486
00e12e8b_5484,11563.456
00e12e8b_5485,11563.425
00e12e8b_5486,11563.394
00e12e8b_5487,11563.363
00e12e8b_5488,11563.332
00e12e8b_5489,11563.301
00e12e8b_5490,11563.27
00e12e8b_5491,11563.238
00e12e8b_5492,11563.207
00e12e8b_5493,11563.176
00e12e8b_5494,11563.145
00e12e8b_5495,11563.113
00e12e8b_5496,11563.081
00e12e8b_5497,11563.05
00e12e8b_5498,11563.019
00e12e8b_5499,11562.987
00e12e8b_5500,11562.955
00e12e8b_5501,11562.924
00e12e8b_5502,11562.892
00e12e8b_5503,11562.86
00e12e8b_5504,11562.828
00e12e8b_5505,11562.796
00e12e8b_5506,11562.765
00e12e8b_5507,11562.732
00e12e8b_5508,11562.7
00e12e8b_5509,11562.669
00e12e8b_5510,11562.637
00e12e8b_5511,11562.6045
00e12e8b_5512,11562.573
00e12e8b_5513,11562.541
00e12e8b_5514,11562.509
00e12e8b_5515,11562.478
00e12e8b_5516,11562.445
00e12e8b_5517,11562.413
00e12e8b_5518,11562.382
00e12e8b_5519,11562.35
00e12e8b_5520,11562.317
00e12e8b_5521,11562.286
00e12e8b_5522,11562.254
00e12e8b_5523,11562.223
00e12e8b_5524,11562.191
00e12e8b_5525,11562.159
00e12e8b_5526,11562.128
00e12e8b_5527,11562.097
00e12e8b_5528,11562.065
00e12e8b_5529,11562.035
00e12e8b_5530,11562.004
00e12e8b_5531,11561.973
00e12e8b_5532,11561.942
00e12e8b_5533,11561.912
00e12e8b_5534,11561.882
00e12e8b_5535,11561.851
00e12e8b_5536,11561.821
00e12e8b_5537,11561.791
00e12e8b_5538,11561.761
00e12e8b_5539,11561.731
00e12e8b_5540,11561.701
00e12e8b_5541,11561.672
00e12e8b_5542,11561.643
00e12e8b_5543,11561.614
00e12e8b_5544,11561.585
00e12e8b_5545,11561.557
00e12e8b_5546,11561.528
00e12e8b_5547,11561.501
00e12e8b_5548,11561.473
00e12e8b_5549,11561.445
00e12e8b_5550,11561.418
00e12e8b_5551,11561.392
00e12e8b_5552,11561.365
00e12e8b_5553,11561.339
00e12e8b_5554,11561.3125
00e12e8b_5555,11561.287
00e12e8b_5556,11561.262
00e12e8b_5557,11561.236
00e12e8b_5558,11561.212
00e12e8b_5559,11561.1875
00e12e8b_5560,11561.164
00e12e8b_5561,11561.14
00e12e8b_5562,11561.117
00e12e8b_5563,11561.094
00e12e8b_5564,11561.071
00e12e8b_5565,11561.05
00e12e8b_5566,11561.027
00e12e8b_5567,11561.006
00e12e8b_5568,11560.985
00e12e8b_5569,11560.965
00e12e8b_5570,11560.944
00e12e8b_5571,11560.925
00e12e8b_5572,11560.905
00e12e8b_5573,11560.886
00e12e8b_5574,11560.867
00e12e8b_5575,11560.849
00e12e8b_5576,11560.831
00e12e8b_5577,11560.813
00e12e8b_5578,11560.797
00e12e8b_5579,11560.779
00e12e8b_5580,11560.764
00e12e8b_5581,11560.747
00e12e8b_5582,11560.731
00e12e8b_5583,11560.716
00e12e8b_5584,11560.701
00e12e8b_5585,11560.686
00e12e8b_5586,11560.671
00e12e8b_5587,11560.656
00e12e8b_5588,11560.643
00e12e8b_5589,11560.628
00e12e8b_5590,11560.614
00e12e8b_5591,11560.602
00e12e8b_5592,11560.588
00e12e8b_5593,11560.575
00e12e8b_5594,11560.5625
00e12e8b_5595,11560.55
00e12e8b_5596,11560.538
00e12e8b_5597,11560.526
00e12e8b_5598,11560.515
00e12e8b_5599,11560.503
00e12e8b_5600,11560.491
00e12e8b_5601,11560.48
00e12e8b_5602,11560.47
00e12e8b_5603,11560.459
00e12e8b_5604,11560.447
00e12e8b_5605,11560.4375
00e12e8b_5606,11560.427
00e12e8b_5607,11560.416
00e12e8b_5608,11560.405
00e12e8b_5609,11560.3955
00e12e8b_5610,11560.385
00e12e8b_5611,11560.375
00e12e8b_5612,11560.365
00e12e8b_5613,11560.3545
00e12e8b_5614,11560.345
00e12e8b_5615,11560.335
00e12e8b_5616,11560.324
00e12e8b_5617,11560.314
00e12e8b_5618,11560.305
00e12e8b_5619,11560.295
00e12e8b_5620,11560.284
00e12e8b_5621,11560.274
00e12e8b_5622,11560.265
00e12e8b_5623,11560.255
00e12e8b_5624,11560.245
00e12e8b_5625,11560.235
00e12e8b_5626,11560.226
00e12e8b_5627,11560.215
00e12e8b_5628,11560.205
00e12e8b_5629,11560.195
00e12e8b_5630,11560.186
00e12e8b_5631,11560.176
00e12e8b_5632,11560.166
00e12e8b_5633,11560.155
00e12e8b_5634,11560.1455
00e12e8b_5635,11560.136
00e12e8b_5636,11560.126
00e12e8b_5637,11560.115
00e12e8b_5638,11560.105
00e12e8b_5639,11560.095
00e12e8b_5640,11560.084
00e12e8b_5641,11560.073
00e12e8b_5642,11560.0625
00e12e8b_5643,11560.052
00e12e8b_5644,11560.04
00e12e8b_5645,11560.028
00e12e8b_5646,11560.017
00e12e8b_5647,11560.005
00e12e8b_5648,11559.993
00e12e8b_5649,11559.98
00e12e8b_5650,11559.968
00e12e8b_5651,11559.955
00e12e8b_5652,11559.942
00e12e8b_5653,11559.929
00e12e8b_5654,11559.915
00e12e8b_5655,11559.901
00e12e8b_5656,11559.888
00e12e8b_5657,11559.873
00e12e8b_5658,11559.858
00e12e8b_5659,11559.843
00e12e8b_5660,11559.828
00e12e8b_5661,11559.8125
00e12e8b_5662,11559.796
00e12e8b_5663,11559.779
00e12e8b_5664,11559.763
00e12e8b_5665,11559.746
00e12e8b_5666,11559.729
00e12e8b_5667,11559.711
00e12e8b_5668,11559.693
00e12e8b_5669,11559.675
00e12e8b_5670,11559.656
00e12e8b_5671,11559.638
00e12e8b_5672,11559.618
00e12e8b_5673,11559.599
00e12e8b_5674,11559.579
00e12e8b_5675,11559.559
00e12e8b_5676,11559.538
00e12e8b_5677,11559.518
00e12e8b_5678,11559.496
00e12e8b_5679,11559.475
00e12e8b_5680,11559.453
00e12e8b_5681,11559.431
00e12e8b_5682,11559.408
00e12e8b_5683,11559.386
00e12e8b_5684,11559.362
00e12e8b_5685,11559.339
00e12e8b_5686,11559.315
00e12e8b_5687,11559.291
00e12e8b_5688,11559.267
00e12e8b_5689,11559.242
00e12e8b_5690,11559.218
00e12e8b_5691,11559.192
00e12e8b_5692,11559.166
00e12e8b_5693,11559.141
00e12e8b_5694,11559.114
00e12e8b_5695,11559.087
00e12e8b_5696,11559.061
00e12e8b_5697,11559.032
00e12e8b_5698,11559.005
00e12e8b_5699,11558.977
00e12e8b_5700,11558.948
00e12e8b_5701,11558.92
00e12e8b_5702,11558.891
00e12e8b_5703,11558.862
00e12e8b_5704,11558.833
00e12e8b_5705,11558.804
00e12e8b_5706,11558.773
00e12e8b_5707,11558.743
00e12e8b_5708,11558.714
00e12e8b_5709,11558.683
00e12e8b_5710,11558.652
00e12e8b_5711,11558.621
00e12e8b_5712,11558.591
00e12e8b_5713,11558.56
00e12e8b_5714,11558.528
00e12e8b_5715,11558.496
00e12e8b_5716,11558.465
00e12e8b_5717,11558.433
00e12e8b_5718,11558.4
00e12e8b_5719,11558.368
00e12e8b_5720,11558.337
00e12e8b_5721,11558.305
00e12e8b_5722,11558.272
00e12e8b_5723,11558.24
00e12e8b_5724,11558.208
00e12e8b_5725,11558.176
00e12e8b_5726,11558.145
00e12e8b_5727,11558.112
00e12e8b_5728,11558.08
00e12e8b_5729,11558.049
00e12e8b_5730,11558.017
00e12e8b_5731,11557.985
00e12e8b_5732,11557.954
00e12e8b_5733,11557.924
00e12e8b_5734,11557.893
00e12e8b_5735,11557.862
00e12e8b_5736,11557.832
00e12e8b_5737,11557.802
00e12e8b_5738,11557.771
00e12e8b_5739,11557.742
00e12e8b_5740,11557.713
00e12e8b_5741,11557.684
00e12e8b_5742,11557.655
00e12e8b_5743,11557.627
00e12e8b_5744,11557.599
00e12e8b_5745,11557.57
00e12e8b_5746,11557.543
00e12e8b_5747,11557.516
00e12e8b_5748,11557.489
00e12e8b_5749,11557.463
00e12e8b_5750,11557.437
00e12e8b_5751,11557.411
00e12e8b_5752,11557.386
00e12e8b_5753,11557.36
00e12e8b_5754,11557.336
00e12e8b_5755,11557.312
00e12e8b_5756,11557.288
00e12e8b_5757,11557.265
00e12e8b_5758,11557.242
00e12e8b_5759,11557.22
00e12e8b_5760,11557.197
00e12e8b_5761,11557.176
00e12e8b_5762,11557.154
00e12e8b_5763,11557.134
00e12e8b_5764,11557.113
00e12e8b_5765,11557.094
00e12e8b_5766,11557.074
00e12e8b_5767,11557.056
00e12e8b_5768,11557.037
00e12e8b_5769,11557.02
00e12e8b_5770,11557.002
00e12e8b_5771,11556.985
00e12e8b_5772,11556.969
00e12e8b_5773,11556.953
00e12e8b_5774,11556.938
00e12e8b_5775,11556.924
00e12e8b_5776,11556.909
00e12e8b_5777,11556.8955
00e12e8b_5778,11556.882
00e12e8b_5779,11556.87
00e12e8b_5780,11556.857
00e12e8b_5781,11556.846
00e12e8b_5782,11556.835
00e12e8b_5783,11556.824
00e12e8b_5784,11556.814
00e12e8b_5785,11556.805
00e12e8b_5786,11556.796
00e12e8b_5787,11556.788
00e12e8b_5788,11556.78
00e12e8b_5789,11556.773
00e12e8b_5790,11556.767
00e12e8b_5791,11556.761
00e12e8b_5792,11556.756
00e12e8b_5793,11556.751
00e12e8b_5794,11556.746
00e12e8b_5795,11556.742
00e12e8b_5796,11556.739
00e12e8b_5797,11556.735
00e12e8b_5798,11556.733
00e12e8b_5799,11556.731
00e12e8b_5800,11556.7295
00e12e8b_5801,11556.729
00e12e8b_5802,11556.728
00e12e8b_5803,11556.727
00e12e8b_5804,11556.728
00e12e8b_5805,11556.728
00e12e8b_5806,11556.729
00e12e8b_5807,11556.73
00e12e8b_5808,11556.732
00e12e8b_5809,11556.735
00e12e8b_5810,11556.738
00e12e8b_5811,11556.742
00e12e8b_5812,11556.746
00e12e8b_5813,11556.75
00e12e8b_5814,11556.756
00e12e8b_5815,11556.761
00e12e8b_5816,11556.768
00e12e8b_5817,11556.773
00e12e8b_5818,11556.78
00e12e8b_5819,11556.788
00e12e8b_5820,11556.796
00e12e8b_5821,11556.804
00e12e8b_5822,11556.8125
00e12e8b_5823,11556.821
00e12e8b_5824,11556.831
00e12e8b_5825,11556.841
00e12e8b_5826,11556.851
00e12e8b_5827,11556.861
00e12e8b_5828,11556.873
00e12e8b_5829,11556.884
00e12e8b_5830,11556.8955
00e12e8b_5831,11556.908
00e12e8b_5832,11556.92
00e12e8b_5833,11556.933
00e12e8b_5834,11556.945
00e12e8b_5835,11556.959
00e12e8b_5836,11556.973
00e12e8b_5837,11556.986
00e12e8b_5838,11557.0
00e12e8b_5839,11557.015
00e12e8b_5840,11557.028
00e12e8b_5841,11557.043
00e12e8b_5842,11557.058
00e12e8b_5843,11557.073
00e12e8b_5844,11557.088
00e12e8b_5845,11557.103
00e12e8b_5846,11557.118
00e12e8b_5847,11557.133
00e12e8b_5848,11557.148
00e12e8b_5849,11557.163
00e12e8b_5850,11557.179
00e12e8b_5851,11557.194
00e12e8b_5852,11557.209
00e12e8b_5853,11557.225
00e12e8b_5854,11557.24
00e12e8b_5855,11557.255
00e12e8b_5856,11557.2705
00e12e8b_5857,11557.285
00e12e8b_5858,11557.301
00e12e8b_5859,11557.315
00e12e8b_5860,11557.33
00e12e8b_5861,11557.345
00e12e8b_5862,11557.359
00e12e8b_5863,11557.373
00e12e8b_5864,11557.388
00e12e8b_5865,11557.402
00e12e8b_5866,11557.416
00e12e8b_5867,11557.43
00e12e8b_5868,11557.443
00e12e8b_5869,11557.457
00e12e8b_5870,11557.471
00e12e8b_5871,11557.483
00e12e8b_5872,11557.496
00e12e8b_5873,11557.509
00e12e8b_5874,11557.521
00e12e8b_5875,11557.534
00e12e8b_5876,11557.546
00e12e8b_5877,11557.558
00e12e8b_5878,11557.569
00e12e8b_5879,11557.581
00e12e8b_5880,11557.593
00e12e8b_5881,11557.604
00e12e8b_5882,11557.614
00e12e8b_5883,11557.625
00e12e8b_5884,11557.635
00e12e8b_5885,11557.645
00e12e8b_5886,11557.654
00e12e8b_5887,11557.663
00e12e8b_5888,11557.672
00e12e8b_5889,11557.68
00e12e8b_5890,11557.6875
00e12e8b_5891,11557.695
00e12e8b_5892,11557.702
00e12e8b_5893,11557.71
00e12e8b_5894,11557.716
00e12e8b_5895,11557.723
00e12e8b_5896,11557.729
00e12e8b_5897,11557.734
00e12e8b_5898,11557.739
00e12e8b_5899,11557.744
00e12e8b_5900,11557.749
00e12e8b_5901,11557.753
00e12e8b_5902,11557.757
00e12e8b_5903,11557.761
00e12e8b_5904,11557.764
00e12e8b_5905,11557.767
00e12e8b_5906,11557.769
00e12e8b_5907,11557.771
00e12e8b_5908,11557.772
00e12e8b_5909,11557.774
00e12e8b_5910,11557.775
00e12e8b_5911,11557.776
00e12e8b_5912,11557.777
00e12e8b_5913,11557.777
00e12e8b_5914,11557.777
00e12e8b_5915,11557.777
00e12e8b_5916,11557.776
00e12e8b_5917,11557.775
00e12e8b_5918,11557.774
00e12e8b_5919,11557.772
00e12e8b_5920,11557.771
00e12e8b_5921,11557.77
00e12e8b_5922,11557.768
00e12e8b_5923,11557.765
00e12e8b_5924,11557.763
00e12e8b_5925,11557.76
00e12e8b_5926,11557.757
00e12e8b_5927,11557.753
00e12e8b_5928,11557.75
00e12e8b_5929,11557.746
00e12e8b_5930,11557.742
00e12e8b_5931,11557.738
00e12e8b_5932,11557.733
00e12e8b_5933,11557.729
00e12e8b_5934,11557.724
00e12e8b_5935,11557.719
00e12e8b_5936,11557.714
00e12e8b_5937,11557.708
00e12e8b_5938,11557.702
00e12e8b_5939,11557.696
00e12e8b_5940,11557.689
00e12e8b_5941,11557.684
00e12e8b_5942,11557.677
00e12e8b_5943,11557.67
00e12e8b_5944,11557.663
00e12e8b_5945,11557.655
00e12e8b_5946,11557.648
00e12e8b_5947,11557.641
00e12e8b_5948,11557.634
00e12e8b_5949,11557.626
00e12e8b_5950,11557.618
00e12e8b_5951,11557.61
00e12e8b_5952,11557.603
00e12e8b_5953,11557.594
00e12e8b_5954,11557.586
00e12e8b_5955,11557.578
00e12e8b_5956,11557.569
00e12e8b_5957,11557.562
00e12e8b_5958,11557.553
00e12e8b_5959,11557.544
00e12e8b_5960,11557.535
00e12e8b_5961,11557.526
00e12e8b_5962,11557.518
00e12e8b_5963,11557.509
00e12e8b_5964,11557.5
00e12e8b_5965,11557.491
00e12e8b_5966,11557.482
00e12e8b_5967,11557.473
00e12e8b_5968,11557.464
00e12e8b_5969,11557.455
00e12e8b_5970,11557.446
00e12e8b_5971,11557.437
00e12e8b_5972,11557.428
00e12e8b_5973,11557.419
00e12e8b_5974,11557.409
00e12e8b_5975,11557.4
00e12e8b_5976,11557.392
00e12e8b_5977,11557.383
00e12e8b_5978,11557.373
00e12e8b_5979,11557.364
00e12e8b_5980,11557.355
00e12e8b_5981,11557.347
00e12e8b_5982,11557.338
00e12e8b_5983,11557.329
00e12e8b_5984,11557.321
00e12e8b_5985,11557.3125
00e12e8b_5986,11557.304
00e12e8b_5987,11557.295
00e12e8b_5988,11557.287
00e12e8b_5989,11557.278
00e12e8b_5990,11557.2705
00e12e8b_5991,11557.263
00e12e8b_5992,11557.255
00e12e8b_5993,11557.246
00e12e8b_5994,11557.238
00e12e8b_5995,11557.231
00e12e8b_5996,11557.224
00e12e8b_5997,11557.216
00e12e8b_5998,11557.209
00e12e8b_5999,11557.202
00e12e8b_6000,11557.195
00e12e8b_6001,11557.188
00e12e8b_6002,11557.182
00e12e8b_6003,11557.176
00e12e8b_6004,11557.17
00e12e8b_6005,11557.164
00e12e8b_6006,11557.159
00e12e8b_6007,11557.153
00e12e8b_6008,11557.149
00e12e8b_6009,11557.145
00e12e8b_6010,11557.14
00e12e8b_6011,11557.136
00e12e8b_6012,11557.132
00e12e8b_6013,11557.128
00e12e8b_6014,11557.124
00e12e8b_6015,11557.121
00e12e8b_6016,11557.118
00e12e8b_6017,11557.115
00e12e8b_6018,11557.112
00e12e8b_6019,11557.109
00e12e8b_6020,11557.107
00e12e8b_6021,11557.105
00e12e8b_6022,11557.104
00e12e8b_6023,11557.102
00e12e8b_6024,11557.101
00e12e8b_6025,11557.1
00e12e8b_6026,11557.099
00e12e8b_6027,11557.098
00e12e8b_6028,11557.097
00e12e8b_6029,11557.097
00e12e8b_6030,11557.097
00e12e8b_6031,11557.097
00e12e8b_6032,11557.097
00e12e8b_6033,11557.097
00e12e8b_6034,11557.097
00e12e8b_6035,11557.098
00e12e8b_6036,11557.099
00e12e8b_6037,11557.1
00e12e8b_6038,11557.101
00e12e8b_6039,11557.102
00e12e8b_6040,11557.103
00e12e8b_6041,11557.1045
00e12e8b_6042,11557.105
00e12e8b_6043,11557.107
00e12e8b_6044,11557.109
00e12e8b_6045,11557.111
00e12e8b_6046,11557.114
00e12e8b_6047,11557.116
00e12e8b_6048,11557.119
00e12e8b_6049,11557.122
00e12e8b_6050,11557.125
00e12e8b_6051,11557.129
00e12e8b_6052,11557.132
00e12e8b_6053,11557.136
00e12e8b_6054,11557.14
00e12e8b_6055,11557.144
00e12e8b_6056,11557.147
00e12e8b_6057,11557.152
00e12e8b_6058,11557.156
00e12e8b_6059,11557.161
00e12e8b_6060,11557.166
00e12e8b_6061,11557.17
00e12e8b_6062,11557.175
00e12e8b_6063,11557.18
00e12e8b_6064,11557.186
00e12e8b_6065,11557.19
00e12e8b_6066,11557.195
00e12e8b_6067,11557.2
00e12e8b_6068,11557.205
00e12e8b_6069,11557.21
00e12e8b_6070,11557.214
00e12e8b_6071,11557.219
00e12e8b_6072,11557.224
00e12e8b_6073,11557.229
00e12e8b_6074,11557.232
00e12e8b_6075,11557.236
00e12e8b_6076,11557.24
00e12e8b_6077,11557.244
00e12e8b_6078,11557.248
00e12e8b_6079,11557.251
00e12e8b_6080,11557.255
00e12e8b_6081,11557.258
00e12e8b_6082,11557.261
00e12e8b_6083,11557.263
00e12e8b_6084,11557.265
00e12e8b_6085,11557.267
00e12e8b_6086,11557.269
00e12e8b_6087,11557.2705
00e12e8b_6088,11557.271
00e12e8b_6089,11557.272
00e12e8b_6090,11557.273
00e12e8b_6091,11557.273
00e12e8b_6092,11557.273
00e12e8b_6093,11557.273
00e12e8b_6094,11557.273
00e12e8b_6095,11557.272
00e12e8b_6096,11557.271
00e12e8b_6097,11557.2705
00e12e8b_6098,11557.27
00e12e8b_6099,11557.268
00e12e8b_6100,11557.266
00e12e8b_6101,11557.264
00e12e8b_6102,11557.262
00e12e8b_6103,11557.259
00e12e8b_6104,11557.257
00e12e8b_6105,11557.253
00e12e8b_6106,11557.25
00e12e8b_6107,11557.246
00e12e8b_6108,11557.242
00e12e8b_6109,11557.238
00e12e8b_6110,11557.233
00e12e8b_6111,11557.229
00e12e8b_6112,11557.224
00e12e8b_6113,11557.219
00e12e8b_6114,11557.213
00e12e8b_6115,11557.208
00e12e8b_6116,11557.202
00e12e8b_6117,11557.195
00e12e8b_6118,11557.189
00e12e8b_6119,11557.183
00e12e8b_6120,11557.176
00e12e8b_6121,11557.169
00e12e8b_6122,11557.162
00e12e8b_6123,11557.154
00e12e8b_6124,11557.146
00e12e8b_6125,11557.139
00e12e8b_6126,11557.13
00e12e8b_6127,11557.121
00e12e8b_6128,11557.113
00e12e8b_6129,11557.104
00e12e8b_6130,11557.095
00e12e8b_6131,11557.085
00e12e8b_6132,11557.075
00e12e8b_6133,11557.065
00e12e8b_6134,11557.055
00e12e8b_6135,11557.045
00e12e8b_6136,11557.034
00e12e8b_6137,11557.023
00e12e8b_6138,11557.012
00e12e8b_6139,11557.001
00e12e8b_6140,11556.989
00e12e8b_6141,11556.978
00e12e8b_6142,11556.966
00e12e8b_6143,11556.954
00e12e8b_6144,11556.941
00e12e8b_6145,11556.93
00e12e8b_6146,11556.917
00e12e8b_6147,11556.904
00e12e8b_6148,11556.892
00e12e8b_6149,11556.879
00e12e8b_6150,11556.866
00e12e8b_6151,11556.853
00e12e8b_6152,11556.84
00e12e8b_6153,11556.826
00e12e8b_6154,11556.8125
00e12e8b_6155,11556.799
00e12e8b_6156,11556.785
00e12e8b_6157,11556.7705
00e12e8b_6158,11556.757
00e12e8b_6159,11556.742
00e12e8b_6160,11556.728
00e12e8b_6161,11556.713
00e12e8b_6162,11556.698
00e12e8b_6163,11556.684
00e12e8b_6164,11556.669
00e12e8b_6165,11556.654
00e12e8b_6166,11556.64
00e12e8b_6167,11556.624
00e12e8b_6168,11556.609
00e12e8b_6169,11556.594
00e12e8b_6170,11556.578
00e12e8b_6171,11556.5625
00e12e8b_6172,11556.548
00e12e8b_6173,11556.532
00e12e8b_6174,11556.516
00e12e8b_6175,11556.5
00e12e8b_6176,11556.484
00e12e8b_6177,11556.469
00e12e8b_6178,11556.453
00e12e8b_6179,11556.437
00e12e8b_6180,11556.421
00e12e8b_6181,11556.404
00e12e8b_6182,11556.389
00e12e8b_6183,11556.372
00e12e8b_6184,11556.355
00e12e8b_6185,11556.34
00e12e8b_6186,11556.323
00e12e8b_6187,11556.307
00e12e8b_6188,11556.291
00e12e8b_6189,11556.274
00e12e8b_6190,11556.258
00e12e8b_6191,11556.242
00e12e8b_6192,11556.226
00e12e8b_6193,11556.21
00e12e8b_6194,11556.193
00e12e8b_6195,11556.178
00e12e8b_6196,11556.161
00e12e8b_6197,11556.1455
00e12e8b_6198,11556.13
00e12e8b_6199,11556.114
00e12e8b_6200,11556.099
00e12e8b_6201,11556.083
00e12e8b_6202,11556.067
00e12e8b_6203,11556.053
00e12e8b_6204,11556.037
00e12e8b_6205,11556.021
00e12e8b_6206,11556.007
00e12e8b_6207,11555.992
00e12e8b_6208,11555.977
00e12e8b_6209,11555.962
00e12e8b_6210,11555.947
00e12e8b_6211,11555.933
00e12e8b_6212,11555.918
00e12e8b_6213,11555.904
00e12e8b_6214,11555.89
00e12e8b_6215,11555.876
00e12e8b_6216,11555.861
00e12e8b_6217,11555.848
00e12e8b_6218,11555.834
00e12e8b_6219,11555.82
00e12e8b_6220,11555.807
00e12e8b_6221,11555.794
00e12e8b_6222,11555.78
00e12e8b_6223,11555.768
00e12e8b_6224,11555.755
00e12e8b_6225,11555.742
00e12e8b_6226,11555.7295
00e12e8b_6227,11555.717
00e12e8b_6228,11555.705
00e12e8b_6229,11555.693
00e12e8b_6230,11555.681
00e12e8b_6231,11555.669
00e12e8b_6232,11555.657
00e12e8b_6233,11555.6455
00e12e8b_6234,11555.635
00e12e8b_6235,11555.623
00e12e8b_6236,11555.612
00e12e8b_6237,11555.602
00e12e8b_6238,11555.591
00e12e8b_6239,11555.581
00e12e8b_6240,11555.57
00e12e8b_6241,11555.561
00e12e8b_6242,11555.551
00e12e8b_6243,11555.541
00e12e8b_6244,11555.531
00e12e8b_6245,11555.521
00e12e8b_6246,11555.512
00e12e8b_6247,11555.503
00e12e8b_6248,11555.493
00e12e8b_6249,11555.484
00e12e8b_6250,11555.476
00e12e8b_6251,11555.466
00e12e8b_6252,11555.457
00e12e8b_6253,11555.448
00e12e8b_6254,11555.439
00e12e8b_6255,11555.431
00e12e8b_6256,11555.421
00e12e8b_6257,11555.412
00e12e8b_6258,11555.403
00e12e8b_6259,11555.395
00e12e8b_6260,11555.386
00e12e8b_6261,11555.376
00e12e8b_6262,11555.367
00e12e8b_6263,11555.358
00e12e8b_6264,11555.349
00e12e8b_6265,11555.34
00e12e8b_6266,11555.33
00e12e8b_6267,11555.321
00e12e8b_6268,11555.312
00e12e8b_6269,11555.303
00e12e8b_6270,11555.293
00e12e8b_6271,11555.283
00e12e8b_6272,11555.274
00e12e8b_6273,11555.265
00e12e8b_6274,11555.256
00e12e8b_6275,11555.246
00e12e8b_6276,11555.237
00e12e8b_6277,11555.228
00e12e8b_6278,11555.219
00e12e8b_6279,11555.209
00e12e8b_6280,11555.2
00e12e8b_6281,11555.19
00e12e8b_6282,11555.182
00e12e8b_6283,11555.173
00e12e8b_6284,11555.164
00e12e8b_6285,11555.155
00e12e8b_6286,11555.146
00e12e8b_6287,11555.138
00e12e8b_6288,11555.129
00e12e8b_6289,11555.12
00e12e8b_6290,11555.111
00e12e8b_6291,11555.103
00e12e8b_6292,11555.094
00e12e8b_6293,11555.085
00e12e8b_6294,11555.077
00e12e8b_6295,11555.068
00e12e8b_6296,11555.061
00e12e8b_6297,11555.052
00e12e8b_6298,11555.043
00e12e8b_6299,11555.035
00e12e8b_6300,11555.027
00e12e8b_6301,11555.019
00e12e8b_6302,11555.011
00e12e8b_6303,11555.003
00e12e8b_6304,11554.995
00e12e8b_6305,11554.986
00e12e8b_6306,11554.979
00e12e8b_6307,11554.971
00e12e8b_6308,11554.963
00e12e8b_6309,11554.955
00e12e8b_6310,11554.948
00e12e8b_6311,11554.94
00e12e8b_6312,11554.933
00e12e8b_6313,11554.925
00e12e8b_6314,11554.918
00e12e8b_6315,11554.91
00e12e8b_6316,11554.902
00e12e8b_6317,11554.8955
00e12e8b_6318,11554.888
00e12e8b_6319,11554.881
00e12e8b_6320,11554.874
00e12e8b_6321,11554.866
00e12e8b_6322,11554.859
00e12e8b_6323,11554.853
00e12e8b_6324,11554.846
00e12e8b_6325,11554.839
00e12e8b_6326,11554.832
00e12e8b_6327,11554.825
00e12e8b_6328,11554.818
00e12e8b_6329,11554.812
00e12e8b_6330,11554.806
00e12e8b_6331,11554.799
00e12e8b_6332,11554.792
00e12e8b_6333,11554.786
00e12e8b_6334,11554.779
00e12e8b_6335,11554.773
00e12e8b_6336,11554.767
00e12e8b_6337,11554.761
00e12e8b_6338,11554.755
00e12e8b_6339,11554.748
00e12e8b_6340,11554.742
00e12e8b_6341,11554.736
00e12e8b_6342,11554.73
00e12e8b_6343,11554.725
00e12e8b_6344,11554.719
00e12e8b_6345,11554.713
00e12e8b_6346,11554.708
00e12e8b_6347,11554.702
00e12e8b_6348,11554.696
00e12e8b_6349,11554.691
00e12e8b_6350,11554.686
00e12e8b_6351,11554.681
00e12e8b_6352,11554.675
00e12e8b_6353,11554.67
00e12e8b_6354,11554.665
00e12e8b_6355,11554.659
00e12e8b_6356,11554.654
00e12e8b_6357,11554.649
00e12e8b_6358,11554.645
00e12e8b_6359,11554.64
00e12e8b_6360,11554.635
00e12e8b_6361,11554.63
00e12e8b_6362,11554.626
00e12e8b_6363,11554.621
00e12e8b_6364,11554.616
00e12e8b_6365,11554.612
00e12e8b_6366,11554.607
00e12e8b_6367,11554.604
00e12e8b_6368,11554.599
00e12e8b_6369,11554.595
00e12e8b_6370,11554.591
00e12e8b_6371,11554.587
00e12e8b_6372,11554.583
00e12e8b_6373,11554.579
00e12e8b_6374,11554.575
00e12e8b_6375,11554.571
00e12e8b_6376,11554.567
00e12e8b_6377,11554.563
00e12e8b_6378,11554.56
00e12e8b_6379,11554.557
00e12e8b_6380,11554.553
00e12e8b_6381,11554.55
00e12e8b_6382,11554.546
00e12e8b_6383,11554.543
