id,tvt
000d7d20_1442,11682.927
000d7d20_1443,11682.91
000d7d20_1444,11682.894
000d7d20_1445,11682.877
000d7d20_1446,11682.86
000d7d20_1447,11682.844
000d7d20_1448,11682.826
000d7d20_1449,11682.81
000d7d20_1450,11682.792
000d7d20_1451,11682.775
000d7d20_1452,11682.758
000d7d20_1453,11682.74
000d7d20_1454,11682.724
000d7d20_1455,11682.706
000d7d20_1456,11682.688
000d7d20_1457,11682.671
000d7d20_1458,11682.653
000d7d20_1459,11682.636
000d7d20_1460,11682.618
000d7d20_1461,11682.601
000d7d20_1462,11682.583
000d7d20_1463,11682.565
000d7d20_1464,11682.548
000d7d20_1465,11682.529
000d7d20_1466,11682.512
000d7d20_1467,11682.494
000d7d20_1468,11682.477
000d7d20_1469,11682.459
000d7d20_1470,11682.441
000d7d20_1471,11682.425
000d7d20_1472,11682.407
000d7d20_1473,11682.391
000d7d20_1474,11682.373
000d7d20_1475,11682.356
000d7d20_1476,11682.34
000d7d20_1477,11682.323
000d7d20_1478,11682.307
000d7d20_1479,11682.29
000d7d20_1480,11682.273
000d7d20_1481,11682.257
000d7d20_1482,11682.241
000d7d20_1483,11682.225
000d7d20_1484,11682.209
000d7d20_1485,11682.193
000d7d20_1486,11682.177
000d7d20_1487,11682.161
000d7d20_1488,11682.146
000d7d20_1489,11682.131
000d7d20_1490,11682.116
000d7d20_1491,11682.101
000d7d20_1492,11682.086
000d7d20_1493,11682.071
000d7d20_1494,11682.057
000d7d20_1495,11682.043
000d7d20_1496,11682.028
000d7d20_1497,11682.015
000d7d20_1498,11682.001
000d7d20_1499,11681.987
000d7d20_1500,11681.974
000d7d20_1501,11681.96
000d7d20_1502,11681.946
000d7d20_1503,11681.934
000d7d20_1504,11681.921
000d7d20_1505,11681.908
000d7d20_1506,11681.8955
000d7d20_1507,11681.883
000d7d20_1508,11681.87
000d7d20_1509,11681.858
000d7d20_1510,11681.846
000d7d20_1511,11681.834
000d7d20_1512,11681.822
000d7d20_1513,11681.811
000d7d20_1514,11681.799
000d7d20_1515,11681.787
000d7d20_1516,11681.776
000d7d20_1517,11681.765
000d7d20_1518,11681.754
000d7d20_1519,11681.742
000d7d20_1520,11681.731
000d7d20_1521,11681.721
000d7d20_1522,11681.71
000d7d20_1523,11681.699
000d7d20_1524,11681.688
000d7d20_1525,11681.679
000d7d20_1526,11681.668
000d7d20_1527,11681.658
000d7d20_1528,11681.648
000d7d20_1529,11681.639
000d7d20_1530,11681.629
000d7d20_1531,11681.619
000d7d20_1532,11681.61
000d7d20_1533,11681.602
000d7d20_1534,11681.592
000d7d20_1535,11681.583
000d7d20_1536,11681.575
000d7d20_1537,11681.566
000d7d20_1538,11681.559
000d7d20_1539,11681.55
000d7d20_1540,11681.542
000d7d20_1541,11681.534
000d7d20_1542,11681.527
000d7d20_1543,11681.52
000d7d20_1544,11681.513
000d7d20_1545,11681.506
000d7d20_1546,11681.499
000d7d20_1547,11681.492
000d7d20_1548,11681.486
000d7d20_1549,11681.48
000d7d20_1550,11681.474
000d7d20_1551,11681.469
000d7d20_1552,11681.463
000d7d20_1553,11681.458
000d7d20_1554,11681.452
000d7d20_1555,11681.447
000d7d20_1556,11681.443
000d7d20_1557,11681.438
000d7d20_1558,11681.435
000d7d20_1559,11681.431
000d7d20_1560,11681.427
000d7d20_1561,11681.423
000d7d20_1562,11681.42
000d7d20_1563,11681.416
000d7d20_1564,11681.413
000d7d20_1565,11681.41
000d7d20_1566,11681.408
000d7d20_1567,11681.405
000d7d20_1568,11681.403
000d7d20_1569,11681.4
000d7d20_1570,11681.398
000d7d20_1571,11681.396
000d7d20_1572,11681.395
000d7d20_1573,11681.394
000d7d20_1574,11681.392
000d7d20_1575,11681.391
000d7d20_1576,11681.39
000d7d20_1577,11681.388
000d7d20_1578,11681.387
000d7d20_1579,11681.386
000d7d20_1580,11681.385
000d7d20_1581,11681.384
000d7d20_1582,11681.383
000d7d20_1583,11681.382
000d7d20_1584,11681.382
000d7d20_1585,11681.381
000d7d20_1586,11681.38
000d7d20_1587,11681.379
000d7d20_1588,11681.379
000d7d20_1589,11681.378
000d7d20_1590,11681.377
000d7d20_1591,11681.376
000d7d20_1592,11681.375
000d7d20_1593,11681.375
000d7d20_1594,11681.374
000d7d20_1595,11681.373
000d7d20_1596,11681.372
000d7d20_1597,11681.37
000d7d20_1598,11681.369
000d7d20_1599,11681.368
000d7d20_1600,11681.367
000d7d20_1601,11681.365
000d7d20_1602,11681.364
000d7d20_1603,11681.362
000d7d20_1604,11681.36
000d7d20_1605,11681.358
000d7d20_1606,11681.357
000d7d20_1607,11681.355
000d7d20_1608,11681.354
000d7d20_1609,11681.352
000d7d20_1610,11681.349
000d7d20_1611,11681.347
000d7d20_1612,11681.345
000d7d20_1613,11681.342
000d7d20_1614,11681.34
000d7d20_1615,11681.337
000d7d20_1616,11681.335
000d7d20_1617,11681.332
000d7d20_1618,11681.329
000d7d20_1619,11681.326
000d7d20_1620,11681.323
000d7d20_1621,11681.32
000d7d20_1622,11681.317
000d7d20_1623,11681.314
000d7d20_1624,11681.311
000d7d20_1625,11681.308
000d7d20_1626,11681.305
000d7d20_1627,11681.301
000d7d20_1628,11681.297
000d7d20_1629,11681.294
000d7d20_1630,11681.29
000d7d20_1631,11681.286
000d7d20_1632,11681.282
000d7d20_1633,11681.278
000d7d20_1634,11681.274
000d7d20_1635,11681.2705
000d7d20_1636,11681.267
000d7d20_1637,11681.263
000d7d20_1638,11681.259
000d7d20_1639,11681.255
000d7d20_1640,11681.251
000d7d20_1641,11681.247
000d7d20_1642,11681.243
000d7d20_1643,11681.239
000d7d20_1644,11681.236
000d7d20_1645,11681.232
000d7d20_1646,11681.229
000d7d20_1647,11681.226
000d7d20_1648,11681.222
000d7d20_1649,11681.219
000d7d20_1650,11681.215
000d7d20_1651,11681.212
000d7d20_1652,11681.209
000d7d20_1653,11681.205
000d7d20_1654,11681.202
000d7d20_1655,11681.199
000d7d20_1656,11681.196
000d7d20_1657,11681.193
000d7d20_1658,11681.19
000d7d20_1659,11681.1875
000d7d20_1660,11681.185
000d7d20_1661,11681.182
000d7d20_1662,11681.18
000d7d20_1663,11681.177
000d7d20_1664,11681.174
000d7d20_1665,11681.172
000d7d20_1666,11681.17
000d7d20_1667,11681.167
000d7d20_1668,11681.165
000d7d20_1669,11681.163
000d7d20_1670,11681.16
000d7d20_1671,11681.158
000d7d20_1672,11681.156
000d7d20_1673,11681.154
000d7d20_1674,11681.152
000d7d20_1675,11681.15
000d7d20_1676,11681.148
000d7d20_1677,11681.146
000d7d20_1678,11681.145
000d7d20_1679,11681.143
000d7d20_1680,11681.141
000d7d20_1681,11681.139
000d7d20_1682,11681.137
000d7d20_1683,11681.136
000d7d20_1684,11681.134
000d7d20_1685,11681.132
000d7d20_1686,11681.13
000d7d20_1687,11681.128
000d7d20_1688,11681.126
000d7d20_1689,11681.124
000d7d20_1690,11681.122
000d7d20_1691,11681.12
000d7d20_1692,11681.118
000d7d20_1693,11681.116
000d7d20_1694,11681.114
000d7d20_1695,11681.112
000d7d20_1696,11681.11
000d7d20_1697,11681.108
000d7d20_1698,11681.106
000d7d20_1699,11681.1045
000d7d20_1700,11681.103
000d7d20_1701,11681.101
000d7d20_1702,11681.098
000d7d20_1703,11681.096
000d7d20_1704,11681.094
000d7d20_1705,11681.092
000d7d20_1706,11681.09
000d7d20_1707,11681.088
000d7d20_1708,11681.086
000d7d20_1709,11681.083
000d7d20_1710,11681.081
000d7d20_1711,11681.079
000d7d20_1712,11681.077
000d7d20_1713,11681.075
000d7d20_1714,11681.073
000d7d20_1715,11681.07
000d7d20_1716,11681.068
000d7d20_1717,11681.066
000d7d20_1718,11681.064
000d7d20_1719,11681.0625
000d7d20_1720,11681.061
000d7d20_1721,11681.059
000d7d20_1722,11681.057
000d7d20_1723,11681.055
000d7d20_1724,11681.053
000d7d20_1725,11681.051
000d7d20_1726,11681.049
000d7d20_1727,11681.047
000d7d20_1728,11681.045
000d7d20_1729,11681.043
000d7d20_1730,11681.041
000d7d20_1731,11681.039
000d7d20_1732,11681.037
000d7d20_1733,11681.035
000d7d20_1734,11681.033
000d7d20_1735,11681.032
000d7d20_1736,11681.03
000d7d20_1737,11681.028
000d7d20_1738,11681.026
000d7d20_1739,11681.025
000d7d20_1740,11681.023
000d7d20_1741,11681.021
000d7d20_1742,11681.0205
000d7d20_1743,11681.019
000d7d20_1744,11681.018
000d7d20_1745,11681.016
000d7d20_1746,11681.015
000d7d20_1747,11681.013
000d7d20_1748,11681.012
000d7d20_1749,11681.011
000d7d20_1750,11681.009
000d7d20_1751,11681.008
000d7d20_1752,11681.006
000d7d20_1753,11681.005
000d7d20_1754,11681.004
000d7d20_1755,11681.002
000d7d20_1756,11681.001
000d7d20_1757,11681.0
000d7d20_1758,11680.999
000d7d20_1759,11680.997
000d7d20_1760,11680.996
000d7d20_1761,11680.995
000d7d20_1762,11680.994
000d7d20_1763,11680.992
000d7d20_1764,11680.991
000d7d20_1765,11680.99
000d7d20_1766,11680.989
000d7d20_1767,11680.987
000d7d20_1768,11680.986
000d7d20_1769,11680.985
000d7d20_1770,11680.983
000d7d20_1771,11680.981
000d7d20_1772,11680.9795
000d7d20_1773,11680.978
000d7d20_1774,11680.976
000d7d20_1775,11680.974
000d7d20_1776,11680.972
000d7d20_1777,11680.97
000d7d20_1778,11680.967
000d7d20_1779,11680.965
000d7d20_1780,11680.962
000d7d20_1781,11680.959
000d7d20_1782,11680.957
000d7d20_1783,11680.954
000d7d20_1784,11680.951
000d7d20_1785,11680.948
000d7d20_1786,11680.945
000d7d20_1787,11680.942
000d7d20_1788,11680.939
000d7d20_1789,11680.937
000d7d20_1790,11680.933
000d7d20_1791,11680.93
000d7d20_1792,11680.927
000d7d20_1793,11680.923
000d7d20_1794,11680.92
000d7d20_1795,11680.916
000d7d20_1796,11680.912
000d7d20_1797,11680.909
000d7d20_1798,11680.905
000d7d20_1799,11680.901
000d7d20_1800,11680.898
000d7d20_1801,11680.895
000d7d20_1802,11680.892
000d7d20_1803,11680.888
000d7d20_1804,11680.884
000d7d20_1805,11680.881
000d7d20_1806,11680.877
000d7d20_1807,11680.873
000d7d20_1808,11680.87
000d7d20_1809,11680.866
000d7d20_1810,11680.862
000d7d20_1811,11680.859
000d7d20_1812,11680.855
000d7d20_1813,11680.852
000d7d20_1814,11680.849
000d7d20_1815,11680.845
000d7d20_1816,11680.841
000d7d20_1817,11680.838
000d7d20_1818,11680.834
000d7d20_1819,11680.83
000d7d20_1820,11680.827
000d7d20_1821,11680.823
000d7d20_1822,11680.819
000d7d20_1823,11680.816
000d7d20_1824,11680.8125
000d7d20_1825,11680.81
000d7d20_1826,11680.806
000d7d20_1827,11680.802
000d7d20_1828,11680.799
000d7d20_1829,11680.795
000d7d20_1830,11680.791
000d7d20_1831,11680.788
000d7d20_1832,11680.784
000d7d20_1833,11680.781
000d7d20_1834,11680.777
000d7d20_1835,11680.773
000d7d20_1836,11680.7705
000d7d20_1837,11680.767
000d7d20_1838,11680.764
000d7d20_1839,11680.76
000d7d20_1840,11680.757
000d7d20_1841,11680.753
000d7d20_1842,11680.75
000d7d20_1843,11680.746
000d7d20_1844,11680.743
000d7d20_1845,11680.74
000d7d20_1846,11680.736
000d7d20_1847,11680.733
000d7d20_1848,11680.73
000d7d20_1849,11680.727
000d7d20_1850,11680.724
000d7d20_1851,11680.721
000d7d20_1852,11680.718
000d7d20_1853,11680.715
000d7d20_1854,11680.712
000d7d20_1855,11680.709
000d7d20_1856,11680.706
000d7d20_1857,11680.703
000d7d20_1858,11680.701
000d7d20_1859,11680.698
000d7d20_1860,11680.695
000d7d20_1861,11680.693
000d7d20_1862,11680.69
000d7d20_1863,11680.6875
000d7d20_1864,11680.686
000d7d20_1865,11680.683
000d7d20_1866,11680.681
000d7d20_1867,11680.678
000d7d20_1868,11680.676
000d7d20_1869,11680.673
000d7d20_1870,11680.67
000d7d20_1871,11680.668
000d7d20_1872,11680.665
000d7d20_1873,11680.662
000d7d20_1874,11680.66
000d7d20_1875,11680.657
000d7d20_1876,11680.655
000d7d20_1877,11680.652
000d7d20_1878,11680.65
000d7d20_1879,11680.647
000d7d20_1880,11680.645
000d7d20_1881,11680.643
000d7d20_1882,11680.641
000d7d20_1883,11680.638
000d7d20_1884,11680.636
000d7d20_1885,11680.633
000d7d20_1886,11680.631
000d7d20_1887,11680.629
000d7d20_1888,11680.627
000d7d20_1889,11680.625
000d7d20_1890,11680.623
000d7d20_1891,11680.621
000d7d20_1892,11680.619
000d7d20_1893,11680.618
000d7d20_1894,11680.616
000d7d20_1895,11680.614
000d7d20_1896,11680.613
000d7d20_1897,11680.612
000d7d20_1898,11680.61
000d7d20_1899,11680.609
000d7d20_1900,11680.608
000d7d20_1901,11680.607
000d7d20_1902,11680.606
000d7d20_1903,11680.605
000d7d20_1904,11680.6045
000d7d20_1905,11680.604
000d7d20_1906,11680.603
000d7d20_1907,11680.603
000d7d20_1908,11680.603
000d7d20_1909,11680.602
000d7d20_1910,11680.602
000d7d20_1911,11680.602
000d7d20_1912,11680.602
000d7d20_1913,11680.602
000d7d20_1914,11680.602
000d7d20_1915,11680.602
000d7d20_1916,11680.602
000d7d20_1917,11680.603
000d7d20_1918,11680.603
000d7d20_1919,11680.604
000d7d20_1920,11680.6045
000d7d20_1921,11680.605
000d7d20_1922,11680.606
000d7d20_1923,11680.607
000d7d20_1924,11680.608
000d7d20_1925,11680.609
000d7d20_1926,11680.611
000d7d20_1927,11680.612
000d7d20_1928,11680.614
000d7d20_1929,11680.615
000d7d20_1930,11680.617
000d7d20_1931,11680.619
000d7d20_1932,11680.621
000d7d20_1933,11680.623
000d7d20_1934,11680.626
000d7d20_1935,11680.628
000d7d20_1936,11680.631
000d7d20_1937,11680.633
000d7d20_1938,11680.636
000d7d20_1939,11680.639
000d7d20_1940,11680.642
000d7d20_1941,11680.645
000d7d20_1942,11680.647
000d7d20_1943,11680.65
000d7d20_1944,11680.653
000d7d20_1945,11680.656
000d7d20_1946,11680.659
000d7d20_1947,11680.662
000d7d20_1948,11680.666
000d7d20_1949,11680.669
000d7d20_1950,11680.672
000d7d20_1951,11680.676
000d7d20_1952,11680.679
000d7d20_1953,11680.683
000d7d20_1954,11680.686
000d7d20_1955,11680.689
000d7d20_1956,11680.693
000d7d20_1957,11680.696
000d7d20_1958,11680.7
000d7d20_1959,11680.704
000d7d20_1960,11680.707
000d7d20_1961,11680.711
000d7d20_1962,11680.715
000d7d20_1963,11680.719
000d7d20_1964,11680.722
000d7d20_1965,11680.726
000d7d20_1966,11680.7295
000d7d20_1967,11680.733
000d7d20_1968,11680.737
000d7d20_1969,11680.741
000d7d20_1970,11680.745
000d7d20_1971,11680.749
000d7d20_1972,11680.753
000d7d20_1973,11680.757
000d7d20_1974,11680.761
000d7d20_1975,11680.765
000d7d20_1976,11680.769
000d7d20_1977,11680.773
000d7d20_1978,11680.777
000d7d20_1979,11680.781
000d7d20_1980,11680.785
000d7d20_1981,11680.79
000d7d20_1982,11680.794
000d7d20_1983,11680.799
000d7d20_1984,11680.804
000d7d20_1985,11680.808
000d7d20_1986,11680.8125
000d7d20_1987,11680.817
000d7d20_1988,11680.822
000d7d20_1989,11680.828
000d7d20_1990,11680.833
000d7d20_1991,11680.838
000d7d20_1992,11680.844
000d7d20_1993,11680.849
000d7d20_1994,11680.8545
000d7d20_1995,11680.859
000d7d20_1996,11680.865
000d7d20_1997,11680.871
000d7d20_1998,11680.877
000d7d20_1999,11680.883
000d7d20_2000,11680.889
000d7d20_2001,11680.895
000d7d20_2002,11680.9
000d7d20_2003,11680.906
000d7d20_2004,11680.912
000d7d20_2005,11680.919
000d7d20_2006,11680.925
000d7d20_2007,11680.932
000d7d20_2008,11680.9375
000d7d20_2009,11680.944
000d7d20_2010,11680.95
000d7d20_2011,11680.957
000d7d20_2012,11680.964
000d7d20_2013,11680.971
000d7d20_2014,11680.978
000d7d20_2015,11680.984
000d7d20_2016,11680.991
000d7d20_2017,11680.998
000d7d20_2018,11681.006
000d7d20_2019,11681.013
000d7d20_2020,11681.02
000d7d20_2021,11681.027
000d7d20_2022,11681.034
000d7d20_2023,11681.042
000d7d20_2024,11681.049
000d7d20_2025,11681.057
000d7d20_2026,11681.064
000d7d20_2027,11681.071
000d7d20_2028,11681.079
000d7d20_2029,11681.087
000d7d20_2030,11681.095
000d7d20_2031,11681.103
000d7d20_2032,11681.11
000d7d20_2033,11681.119
000d7d20_2034,11681.127
000d7d20_2035,11681.135
000d7d20_2036,11681.143
000d7d20_2037,11681.151
000d7d20_2038,11681.159
000d7d20_2039,11681.167
000d7d20_2040,11681.176
000d7d20_2041,11681.184
000d7d20_2042,11681.192
000d7d20_2043,11681.2
000d7d20_2044,11681.209
000d7d20_2045,11681.217
000d7d20_2046,11681.226
000d7d20_2047,11681.233
000d7d20_2048,11681.242
000d7d20_2049,11681.25
000d7d20_2050,11681.259
000d7d20_2051,11681.267
000d7d20_2052,11681.275
000d7d20_2053,11681.284
000d7d20_2054,11681.292
000d7d20_2055,11681.301
000d7d20_2056,11681.31
000d7d20_2057,11681.318
000d7d20_2058,11681.326
000d7d20_2059,11681.335
000d7d20_2060,11681.344
000d7d20_2061,11681.353
000d7d20_2062,11681.361
000d7d20_2063,11681.37
000d7d20_2064,11681.379
000d7d20_2065,11681.387
000d7d20_2066,11681.3955
000d7d20_2067,11681.404
000d7d20_2068,11681.413
000d7d20_2069,11681.422
000d7d20_2070,11681.431
000d7d20_2071,11681.439
000d7d20_2072,11681.448
000d7d20_2073,11681.457
000d7d20_2074,11681.466
000d7d20_2075,11681.475
000d7d20_2076,11681.484
000d7d20_2077,11681.493
000d7d20_2078,11681.503
000d7d20_2079,11681.512
000d7d20_2080,11681.521
000d7d20_2081,11681.53
000d7d20_2082,11681.54
000d7d20_2083,11681.55
000d7d20_2084,11681.559
000d7d20_2085,11681.568
000d7d20_2086,11681.577
000d7d20_2087,11681.587
000d7d20_2088,11681.596
000d7d20_2089,11681.605
000d7d20_2090,11681.614
000d7d20_2091,11681.623
000d7d20_2092,11681.632
000d7d20_2093,11681.642
000d7d20_2094,11681.65
000d7d20_2095,11681.659
000d7d20_2096,11681.668
000d7d20_2097,11681.677
000d7d20_2098,11681.685
000d7d20_2099,11681.693
000d7d20_2100,11681.702
000d7d20_2101,11681.71
000d7d20_2102,11681.719
000d7d20_2103,11681.728
000d7d20_2104,11681.735
000d7d20_2105,11681.744
000d7d20_2106,11681.752
000d7d20_2107,11681.761
000d7d20_2108,11681.77
000d7d20_2109,11681.777
000d7d20_2110,11681.786
000d7d20_2111,11681.794
000d7d20_2112,11681.802
000d7d20_2113,11681.811
000d7d20_2114,11681.818
000d7d20_2115,11681.826
000d7d20_2116,11681.835
000d7d20_2117,11681.843
000d7d20_2118,11681.851
000d7d20_2119,11681.858
000d7d20_2120,11681.866
000d7d20_2121,11681.874
000d7d20_2122,11681.882
000d7d20_2123,11681.89
000d7d20_2124,11681.897
000d7d20_2125,11681.904
000d7d20_2126,11681.912
000d7d20_2127,11681.919
000d7d20_2128,11681.927
000d7d20_2129,11681.934
000d7d20_2130,11681.941
000d7d20_2131,11681.948
000d7d20_2132,11681.955
000d7d20_2133,11681.962
000d7d20_2134,11681.969
000d7d20_2135,11681.976
000d7d20_2136,11681.981
000d7d20_2137,11681.988
000d7d20_2138,11681.994
000d7d20_2139,11682.001
000d7d20_2140,11682.007
000d7d20_2141,11682.013
000d7d20_2142,11682.02
000d7d20_2143,11682.025
000d7d20_2144,11682.03
000d7d20_2145,11682.036
000d7d20_2146,11682.042
000d7d20_2147,11682.048
000d7d20_2148,11682.053
000d7d20_2149,11682.059
000d7d20_2150,11682.064
000d7d20_2151,11682.069
000d7d20_2152,11682.075
000d7d20_2153,11682.08
000d7d20_2154,11682.085
000d7d20_2155,11682.091
000d7d20_2156,11682.096
000d7d20_2157,11682.101
000d7d20_2158,11682.105
000d7d20_2159,11682.11
000d7d20_2160,11682.115
000d7d20_2161,11682.12
000d7d20_2162,11682.125
000d7d20_2163,11682.13
000d7d20_2164,11682.135
000d7d20_2165,11682.14
000d7d20_2166,11682.145
000d7d20_2167,11682.148
000d7d20_2168,11682.153
000d7d20_2169,11682.158
000d7d20_2170,11682.163
000d7d20_2171,11682.168
000d7d20_2172,11682.173
000d7d20_2173,11682.178
000d7d20_2174,11682.183
000d7d20_2175,11682.1875
000d7d20_2176,11682.193
000d7d20_2177,11682.198
000d7d20_2178,11682.203
000d7d20_2179,11682.208
000d7d20_2180,11682.214
000d7d20_2181,11682.219
000d7d20_2182,11682.224
000d7d20_2183,11682.2295
000d7d20_2184,11682.234
000d7d20_2185,11682.24
000d7d20_2186,11682.245
000d7d20_2187,11682.25
000d7d20_2188,11682.256
000d7d20_2189,11682.261
000d7d20_2190,11682.267
000d7d20_2191,11682.271
000d7d20_2192,11682.277
000d7d20_2193,11682.282
000d7d20_2194,11682.288
000d7d20_2195,11682.293
000d7d20_2196,11682.299
000d7d20_2197,11682.304
000d7d20_2198,11682.31
000d7d20_2199,11682.314
000d7d20_2200,11682.32
000d7d20_2201,11682.326
000d7d20_2202,11682.331
000d7d20_2203,11682.337
000d7d20_2204,11682.343
000d7d20_2205,11682.349
000d7d20_2206,11682.3545
000d7d20_2207,11682.36
000d7d20_2208,11682.366
000d7d20_2209,11682.372
000d7d20_2210,11682.379
000d7d20_2211,11682.385
000d7d20_2212,11682.391
000d7d20_2213,11682.397
000d7d20_2214,11682.404
000d7d20_2215,11682.41
000d7d20_2216,11682.417
000d7d20_2217,11682.424
000d7d20_2218,11682.431
000d7d20_2219,11682.4375
000d7d20_2220,11682.444
000d7d20_2221,11682.451
000d7d20_2222,11682.458
000d7d20_2223,11682.466
000d7d20_2224,11682.473
000d7d20_2225,11682.48
000d7d20_2226,11682.487
000d7d20_2227,11682.495
000d7d20_2228,11682.503
000d7d20_2229,11682.511
000d7d20_2230,11682.519
000d7d20_2231,11682.526
000d7d20_2232,11682.534
000d7d20_2233,11682.542
000d7d20_2234,11682.55
000d7d20_2235,11682.559
000d7d20_2236,11682.566
000d7d20_2237,11682.575
000d7d20_2238,11682.583
000d7d20_2239,11682.592
000d7d20_2240,11682.601
000d7d20_2241,11682.608
000d7d20_2242,11682.617
000d7d20_2243,11682.626
000d7d20_2244,11682.635
000d7d20_2245,11682.645
000d7d20_2246,11682.653
000d7d20_2247,11682.662
000d7d20_2248,11682.672
000d7d20_2249,11682.682
000d7d20_2250,11682.69
000d7d20_2251,11682.7
000d7d20_2252,11682.71
000d7d20_2253,11682.72
000d7d20_2254,11682.73
000d7d20_2255,11682.74
000d7d20_2256,11682.75
000d7d20_2257,11682.761
000d7d20_2258,11682.771
000d7d20_2259,11682.781
000d7d20_2260,11682.792
000d7d20_2261,11682.803
000d7d20_2262,11682.813
000d7d20_2263,11682.824
000d7d20_2264,11682.835
000d7d20_2265,11682.847
000d7d20_2266,11682.857
000d7d20_2267,11682.869
000d7d20_2268,11682.88
000d7d20_2269,11682.892
000d7d20_2270,11682.902
000d7d20_2271,11682.914
000d7d20_2272,11682.926
000d7d20_2273,11682.9375
000d7d20_2274,11682.949
000d7d20_2275,11682.961
000d7d20_2276,11682.973
000d7d20_2277,11682.984
000d7d20_2278,11682.997
000d7d20_2279,11683.009
000d7d20_2280,11683.0205
000d7d20_2281,11683.033
000d7d20_2282,11683.045
000d7d20_2283,11683.058
000d7d20_2284,11683.07
000d7d20_2285,11683.083
000d7d20_2286,11683.095
000d7d20_2287,11683.107
000d7d20_2288,11683.12
000d7d20_2289,11683.133
000d7d20_2290,11683.1455
000d7d20_2291,11683.158
000d7d20_2292,11683.17
000d7d20_2293,11683.183
000d7d20_2294,11683.195
000d7d20_2295,11683.208
000d7d20_2296,11683.221
000d7d20_2297,11683.234
000d7d20_2298,11683.247
000d7d20_2299,11683.26
000d7d20_2300,11683.272
000d7d20_2301,11683.285
000d7d20_2302,11683.299
000d7d20_2303,11683.312
000d7d20_2304,11683.324
000d7d20_2305,11683.337
000d7d20_2306,11683.351
000d7d20_2307,11683.363
000d7d20_2308,11683.376
000d7d20_2309,11683.389
000d7d20_2310,11683.402
000d7d20_2311,11683.415
000d7d20_2312,11683.428
000d7d20_2313,11683.44
000d7d20_2314,11683.453
000d7d20_2315,11683.467
000d7d20_2316,11683.4795
000d7d20_2317,11683.492
000d7d20_2318,11683.505
000d7d20_2319,11683.518
000d7d20_2320,11683.53
000d7d20_2321,11683.543
000d7d20_2322,11683.556
000d7d20_2323,11683.568
000d7d20_2324,11683.581
000d7d20_2325,11683.594
000d7d20_2326,11683.606
000d7d20_2327,11683.618
000d7d20_2328,11683.631
000d7d20_2329,11683.643
000d7d20_2330,11683.655
000d7d20_2331,11683.667
000d7d20_2332,11683.68
000d7d20_2333,11683.691
000d7d20_2334,11683.703
000d7d20_2335,11683.715
000d7d20_2336,11683.727
000d7d20_2337,11683.738
000d7d20_2338,11683.75
000d7d20_2339,11683.762
000d7d20_2340,11683.773
000d7d20_2341,11683.785
000d7d20_2342,11683.796
000d7d20_2343,11683.808
000d7d20_2344,11683.818
000d7d20_2345,11683.83
000d7d20_2346,11683.841
000d7d20_2347,11683.852
000d7d20_2348,11683.862
000d7d20_2349,11683.873
000d7d20_2350,11683.884
000d7d20_2351,11683.895
000d7d20_2352,11683.904
000d7d20_2353,11683.914
000d7d20_2354,11683.924
000d7d20_2355,11683.934
000d7d20_2356,11683.943
000d7d20_2357,11683.952
000d7d20_2358,11683.961
000d7d20_2359,11683.97
000d7d20_2360,11683.979
000d7d20_2361,11683.987
000d7d20_2362,11683.995
000d7d20_2363,11684.003
000d7d20_2364,11684.011
000d7d20_2365,11684.018
000d7d20_2366,11684.025
000d7d20_2367,11684.032
000d7d20_2368,11684.039
000d7d20_2369,11684.045
000d7d20_2370,11684.052
000d7d20_2371,11684.058
000d7d20_2372,11684.063
000d7d20_2373,11684.068
000d7d20_2374,11684.073
000d7d20_2375,11684.079
000d7d20_2376,11684.083
000d7d20_2377,11684.088
000d7d20_2378,11684.092
000d7d20_2379,11684.096
000d7d20_2380,11684.1
000d7d20_2381,11684.103
000d7d20_2382,11684.106
000d7d20_2383,11684.109
000d7d20_2384,11684.111
000d7d20_2385,11684.114
000d7d20_2386,11684.116
000d7d20_2387,11684.118
000d7d20_2388,11684.12
000d7d20_2389,11684.122
000d7d20_2390,11684.123
000d7d20_2391,11684.124
000d7d20_2392,11684.125
000d7d20_2393,11684.126
000d7d20_2394,11684.127
000d7d20_2395,11684.127
000d7d20_2396,11684.127
000d7d20_2397,11684.127
000d7d20_2398,11684.127
000d7d20_2399,11684.127
000d7d20_2400,11684.126
000d7d20_2401,11684.126
000d7d20_2402,11684.125
000d7d20_2403,11684.124
000d7d20_2404,11684.122
000d7d20_2405,11684.121
000d7d20_2406,11684.119
000d7d20_2407,11684.117
000d7d20_2408,11684.115
000d7d20_2409,11684.112
000d7d20_2410,11684.11
000d7d20_2411,11684.107
000d7d20_2412,11684.1045
000d7d20_2413,11684.101
000d7d20_2414,11684.098
000d7d20_2415,11684.094
000d7d20_2416,11684.09
000d7d20_2417,11684.085
000d7d20_2418,11684.081
000d7d20_2419,11684.076
000d7d20_2420,11684.071
000d7d20_2421,11684.066
000d7d20_2422,11684.061
000d7d20_2423,11684.056
000d7d20_2424,11684.05
000d7d20_2425,11684.044
000d7d20_2426,11684.038
000d7d20_2427,11684.032
000d7d20_2428,11684.025
000d7d20_2429,11684.019
000d7d20_2430,11684.013
000d7d20_2431,11684.006
000d7d20_2432,11683.999
000d7d20_2433,11683.992
000d7d20_2434,11683.984
000d7d20_2435,11683.978
000d7d20_2436,11683.971
000d7d20_2437,11683.963
000d7d20_2438,11683.956
000d7d20_2439,11683.949
000d7d20_2440,11683.941
000d7d20_2441,11683.934
000d7d20_2442,11683.927
000d7d20_2443,11683.919
000d7d20_2444,11683.912
000d7d20_2445,11683.904
000d7d20_2446,11683.896
000d7d20_2447,11683.889
000d7d20_2448,11683.881
000d7d20_2449,11683.873
000d7d20_2450,11683.865
000d7d20_2451,11683.857
000d7d20_2452,11683.85
000d7d20_2453,11683.842
000d7d20_2454,11683.834
000d7d20_2455,11683.826
000d7d20_2456,11683.817
000d7d20_2457,11683.81
000d7d20_2458,11683.802
000d7d20_2459,11683.793
000d7d20_2460,11683.785
000d7d20_2461,11683.776
000d7d20_2462,11683.769
000d7d20_2463,11683.76
000d7d20_2464,11683.751
000d7d20_2465,11683.743
000d7d20_2466,11683.734
000d7d20_2467,11683.726
000d7d20_2468,11683.718
000d7d20_2469,11683.709
000d7d20_2470,11683.7
000d7d20_2471,11683.692
000d7d20_2472,11683.684
000d7d20_2473,11683.675
000d7d20_2474,11683.666
000d7d20_2475,11683.658
000d7d20_2476,11683.649
000d7d20_2477,11683.641
000d7d20_2478,11683.632
000d7d20_2479,11683.623
000d7d20_2480,11683.614
000d7d20_2481,11683.605
000d7d20_2482,11683.597
000d7d20_2483,11683.588
000d7d20_2484,11683.579
000d7d20_2485,11683.569
000d7d20_2486,11683.561
000d7d20_2487,11683.553
000d7d20_2488,11683.544
000d7d20_2489,11683.535
000d7d20_2490,11683.526
000d7d20_2491,11683.519
000d7d20_2492,11683.511
000d7d20_2493,11683.502
000d7d20_2494,11683.494
000d7d20_2495,11683.486
000d7d20_2496,11683.479
000d7d20_2497,11683.472
000d7d20_2498,11683.464
000d7d20_2499,11683.457
000d7d20_2500,11683.449
000d7d20_2501,11683.442
000d7d20_2502,11683.436
000d7d20_2503,11683.429
000d7d20_2504,11683.422
000d7d20_2505,11683.416
000d7d20_2506,11683.409
000d7d20_2507,11683.403
000d7d20_2508,11683.396
000d7d20_2509,11683.391
000d7d20_2510,11683.385
000d7d20_2511,11683.379
000d7d20_2512,11683.373
000d7d20_2513,11683.367
000d7d20_2514,11683.361
000d7d20_2515,11683.355
000d7d20_2516,11683.351
000d7d20_2517,11683.345
000d7d20_2518,11683.34
000d7d20_2519,11683.334
000d7d20_2520,11683.329
000d7d20_2521,11683.324
000d7d20_2522,11683.319
000d7d20_2523,11683.314
000d7d20_2524,11683.31
000d7d20_2525,11683.306
000d7d20_2526,11683.301
000d7d20_2527,11683.297
000d7d20_2528,11683.293
000d7d20_2529,11683.288
000d7d20_2530,11683.284
000d7d20_2531,11683.28
000d7d20_2532,11683.276
000d7d20_2533,11683.273
000d7d20_2534,11683.27
000d7d20_2535,11683.267
000d7d20_2536,11683.263
000d7d20_2537,11683.26
000d7d20_2538,11683.257
000d7d20_2539,11683.254
000d7d20_2540,11683.251
000d7d20_2541,11683.248
000d7d20_2542,11683.245
000d7d20_2543,11683.243
000d7d20_2544,11683.24
000d7d20_2545,11683.238
000d7d20_2546,11683.236
000d7d20_2547,11683.234
000d7d20_2548,11683.232
000d7d20_2549,11683.23
000d7d20_2550,11683.2295
000d7d20_2551,11683.228
000d7d20_2552,11683.227
000d7d20_2553,11683.225
000d7d20_2554,11683.224
000d7d20_2555,11683.223
000d7d20_2556,11683.223
000d7d20_2557,11683.222
000d7d20_2558,11683.221
000d7d20_2559,11683.221
000d7d20_2560,11683.221
000d7d20_2561,11683.22
000d7d20_2562,11683.22
000d7d20_2563,11683.221
000d7d20_2564,11683.221
000d7d20_2565,11683.221
000d7d20_2566,11683.222
000d7d20_2567,11683.222
000d7d20_2568,11683.223
000d7d20_2569,11683.224
000d7d20_2570,11683.225
000d7d20_2571,11683.226
000d7d20_2572,11683.228
000d7d20_2573,11683.229
000d7d20_2574,11683.23
000d7d20_2575,11683.231
000d7d20_2576,11683.233
000d7d20_2577,11683.235
000d7d20_2578,11683.237
000d7d20_2579,11683.239
000d7d20_2580,11683.242
000d7d20_2581,11683.244
000d7d20_2582,11683.246
000d7d20_2583,11683.249
000d7d20_2584,11683.251
000d7d20_2585,11683.254
000d7d20_2586,11683.257
000d7d20_2587,11683.26
000d7d20_2588,11683.263
000d7d20_2589,11683.266
000d7d20_2590,11683.269
000d7d20_2591,11683.271
000d7d20_2592,11683.275
000d7d20_2593,11683.278
000d7d20_2594,11683.282
000d7d20_2595,11683.286
000d7d20_2596,11683.29
000d7d20_2597,11683.294
000d7d20_2598,11683.298
000d7d20_2599,11683.302
000d7d20_2600,11683.306
000d7d20_2601,11683.311
000d7d20_2602,11683.315
000d7d20_2603,11683.319
000d7d20_2604,11683.324
000d7d20_2605,11683.329
000d7d20_2606,11683.334
000d7d20_2607,11683.339
000d7d20_2608,11683.345
000d7d20_2609,11683.35
000d7d20_2610,11683.355
000d7d20_2611,11683.36
000d7d20_2612,11683.366
000d7d20_2613,11683.372
000d7d20_2614,11683.377
000d7d20_2615,11683.383
000d7d20_2616,11683.39
000d7d20_2617,11683.3955
000d7d20_2618,11683.401
000d7d20_2619,11683.407
000d7d20_2620,11683.414
000d7d20_2621,11683.42
000d7d20_2622,11683.426
000d7d20_2623,11683.433
000d7d20_2624,11683.438
000d7d20_2625,11683.445
000d7d20_2626,11683.452
000d7d20_2627,11683.458
000d7d20_2628,11683.465
000d7d20_2629,11683.472
000d7d20_2630,11683.479
000d7d20_2631,11683.484
000d7d20_2632,11683.491
000d7d20_2633,11683.498
000d7d20_2634,11683.505
000d7d20_2635,11683.511
000d7d20_2636,11683.518
000d7d20_2637,11683.523
000d7d20_2638,11683.53
000d7d20_2639,11683.536
000d7d20_2640,11683.542
000d7d20_2641,11683.548
000d7d20_2642,11683.554
000d7d20_2643,11683.56
000d7d20_2644,11683.564
000d7d20_2645,11683.57
000d7d20_2646,11683.575
000d7d20_2647,11683.58
000d7d20_2648,11683.585
000d7d20_2649,11683.59
000d7d20_2650,11683.594
000d7d20_2651,11683.599
000d7d20_2652,11683.603
000d7d20_2653,11683.606
000d7d20_2654,11683.61
000d7d20_2655,11683.613
000d7d20_2656,11683.617
000d7d20_2657,11683.62
000d7d20_2658,11683.623
000d7d20_2659,11683.626
000d7d20_2660,11683.629
000d7d20_2661,11683.632
000d7d20_2662,11683.634
000d7d20_2663,11683.637
000d7d20_2664,11683.639
000d7d20_2665,11683.641
000d7d20_2666,11683.643
000d7d20_2667,11683.645
000d7d20_2668,11683.6455
000d7d20_2669,11683.647
000d7d20_2670,11683.648
000d7d20_2671,11683.649
000d7d20_2672,11683.65
000d7d20_2673,11683.65
000d7d20_2674,11683.651
000d7d20_2675,11683.651
000d7d20_2676,11683.651
000d7d20_2677,11683.651
000d7d20_2678,11683.651
000d7d20_2679,11683.65
000d7d20_2680,11683.65
000d7d20_2681,11683.649
000d7d20_2682,11683.648
000d7d20_2683,11683.647
000d7d20_2684,11683.646
000d7d20_2685,11683.645
000d7d20_2686,11683.643
000d7d20_2687,11683.641
000d7d20_2688,11683.639
000d7d20_2689,11683.637
000d7d20_2690,11683.634
000d7d20_2691,11683.632
000d7d20_2692,11683.629
000d7d20_2693,11683.625
000d7d20_2694,11683.622
000d7d20_2695,11683.619
000d7d20_2696,11683.615
000d7d20_2697,11683.611
000d7d20_2698,11683.606
000d7d20_2699,11683.603
000d7d20_2700,11683.598
000d7d20_2701,11683.593
000d7d20_2702,11683.588
000d7d20_2703,11683.583
000d7d20_2704,11683.577
000d7d20_2705,11683.571
000d7d20_2706,11683.565
000d7d20_2707,11683.56
000d7d20_2708,11683.553
000d7d20_2709,11683.546
000d7d20_2710,11683.539
000d7d20_2711,11683.531
000d7d20_2712,11683.524
000d7d20_2713,11683.517
000d7d20_2714,11683.509
000d7d20_2715,11683.5
000d7d20_2716,11683.491
000d7d20_2717,11683.482
000d7d20_2718,11683.473
000d7d20_2719,11683.464
000d7d20_2720,11683.454
000d7d20_2721,11683.443
000d7d20_2722,11683.434
000d7d20_2723,11683.423
000d7d20_2724,11683.412
000d7d20_2725,11683.4
000d7d20_2726,11683.39
000d7d20_2727,11683.378
000d7d20_2728,11683.366
000d7d20_2729,11683.354
000d7d20_2730,11683.342
000d7d20_2731,11683.329
000d7d20_2732,11683.316
000d7d20_2733,11683.303
000d7d20_2734,11683.29
000d7d20_2735,11683.276
000d7d20_2736,11683.263
000d7d20_2737,11683.248
000d7d20_2738,11683.234
000d7d20_2739,11683.22
000d7d20_2740,11683.205
000d7d20_2741,11683.189
000d7d20_2742,11683.175
000d7d20_2743,11683.159
000d7d20_2744,11683.144
000d7d20_2745,11683.127
000d7d20_2746,11683.111
000d7d20_2747,11683.095
000d7d20_2748,11683.078
000d7d20_2749,11683.062
000d7d20_2750,11683.045
000d7d20_2751,11683.027
000d7d20_2752,11683.01
000d7d20_2753,11682.992
000d7d20_2754,11682.975
000d7d20_2755,11682.957
000d7d20_2756,11682.938
000d7d20_2757,11682.92
000d7d20_2758,11682.901
000d7d20_2759,11682.883
000d7d20_2760,11682.864
000d7d20_2761,11682.845
000d7d20_2762,11682.826
000d7d20_2763,11682.807
000d7d20_2764,11682.787
000d7d20_2765,11682.768
000d7d20_2766,11682.748
000d7d20_2767,11682.728
000d7d20_2768,11682.708
000d7d20_2769,11682.6875
000d7d20_2770,11682.667
000d7d20_2771,11682.646
000d7d20_2772,11682.626
000d7d20_2773,11682.605
000d7d20_2774,11682.584
000d7d20_2775,11682.563
000d7d20_2776,11682.542
000d7d20_2777,11682.5205
000d7d20_2778,11682.499
000d7d20_2779,11682.478
000d7d20_2780,11682.456
000d7d20_2781,11682.435
000d7d20_2782,11682.413
000d7d20_2783,11682.392
000d7d20_2784,11682.37
000d7d20_2785,11682.348
000d7d20_2786,11682.326
000d7d20_2787,11682.305
000d7d20_2788,11682.283
000d7d20_2789,11682.261
000d7d20_2790,11682.239
000d7d20_2791,11682.217
000d7d20_2792,11682.195
000d7d20_2793,11682.173
000d7d20_2794,11682.15
000d7d20_2795,11682.129
000d7d20_2796,11682.106
000d7d20_2797,11682.084
000d7d20_2798,11682.0625
000d7d20_2799,11682.04
000d7d20_2800,11682.018
000d7d20_2801,11681.996
000d7d20_2802,11681.974
000d7d20_2803,11681.951
000d7d20_2804,11681.93
000d7d20_2805,11681.907
000d7d20_2806,11681.885
000d7d20_2807,11681.863
000d7d20_2808,11681.841
000d7d20_2809,11681.819
000d7d20_2810,11681.797
000d7d20_2811,11681.775
000d7d20_2812,11681.754
000d7d20_2813,11681.732
000d7d20_2814,11681.711
000d7d20_2815,11681.689
000d7d20_2816,11681.668
000d7d20_2817,11681.646
000d7d20_2818,11681.625
000d7d20_2819,11681.6045
000d7d20_2820,11681.584
000d7d20_2821,11681.5625
000d7d20_2822,11681.542
000d7d20_2823,11681.521
000d7d20_2824,11681.501
000d7d20_2825,11681.481
000d7d20_2826,11681.461
000d7d20_2827,11681.441
000d7d20_2828,11681.422
000d7d20_2829,11681.402
000d7d20_2830,11681.383
000d7d20_2831,11681.363
000d7d20_2832,11681.344
000d7d20_2833,11681.325
000d7d20_2834,11681.307
000d7d20_2835,11681.288
000d7d20_2836,11681.27
000d7d20_2837,11681.251
000d7d20_2838,11681.232
000d7d20_2839,11681.215
000d7d20_2840,11681.197
000d7d20_2841,11681.18
000d7d20_2842,11681.162
000d7d20_2843,11681.145
000d7d20_2844,11681.128
000d7d20_2845,11681.111
000d7d20_2846,11681.094
000d7d20_2847,11681.078
000d7d20_2848,11681.062
000d7d20_2849,11681.045
000d7d20_2850,11681.029
000d7d20_2851,11681.014
000d7d20_2852,11680.998
000d7d20_2853,11680.982
000d7d20_2854,11680.968
000d7d20_2855,11680.953
000d7d20_2856,11680.938
000d7d20_2857,11680.924
000d7d20_2858,11680.909
000d7d20_2859,11680.8955
000d7d20_2860,11680.882
000d7d20_2861,11680.868
000d7d20_2862,11680.8545
000d7d20_2863,11680.842
000d7d20_2864,11680.829
000d7d20_2865,11680.816
000d7d20_2866,11680.804
000d7d20_2867,11680.792
000d7d20_2868,11680.78
000d7d20_2869,11680.769
000d7d20_2870,11680.757
000d7d20_2871,11680.746
000d7d20_2872,11680.735
000d7d20_2873,11680.726
000d7d20_2874,11680.716
000d7d20_2875,11680.706
000d7d20_2876,11680.696
000d7d20_2877,11680.6875
000d7d20_2878,11680.679
000d7d20_2879,11680.67
000d7d20_2880,11680.662
000d7d20_2881,11680.654
000d7d20_2882,11680.647
000d7d20_2883,11680.64
000d7d20_2884,11680.633
000d7d20_2885,11680.626
000d7d20_2886,11680.62
000d7d20_2887,11680.614
000d7d20_2888,11680.609
000d7d20_2889,11680.604
000d7d20_2890,11680.599
000d7d20_2891,11680.594
000d7d20_2892,11680.59
000d7d20_2893,11680.586
000d7d20_2894,11680.582
000d7d20_2895,11680.579
000d7d20_2896,11680.576
000d7d20_2897,11680.573
000d7d20_2898,11680.57
000d7d20_2899,11680.568
000d7d20_2900,11680.566
000d7d20_2901,11680.564
000d7d20_2902,11680.5625
000d7d20_2903,11680.562
000d7d20_2904,11680.561
000d7d20_2905,11680.56
000d7d20_2906,11680.56
000d7d20_2907,11680.56
000d7d20_2908,11680.56
000d7d20_2909,11680.56
000d7d20_2910,11680.56
000d7d20_2911,11680.561
000d7d20_2912,11680.562
000d7d20_2913,11680.5625
000d7d20_2914,11680.563
000d7d20_2915,11680.565
000d7d20_2916,11680.567
000d7d20_2917,11680.569
000d7d20_2918,11680.571
000d7d20_2919,11680.573
000d7d20_2920,11680.575
000d7d20_2921,11680.578
000d7d20_2922,11680.58
000d7d20_2923,11680.583
000d7d20_2924,11680.586
000d7d20_2925,11680.589
000d7d20_2926,11680.592
000d7d20_2927,11680.596
000d7d20_2928,11680.599
000d7d20_2929,11680.603
000d7d20_2930,11680.605
000d7d20_2931,11680.609
000d7d20_2932,11680.612
000d7d20_2933,11680.616
000d7d20_2934,11680.62
000d7d20_2935,11680.623
000d7d20_2936,11680.627
000d7d20_2937,11680.631
000d7d20_2938,11680.635
000d7d20_2939,11680.638
000d7d20_2940,11680.642
000d7d20_2941,11680.6455
000d7d20_2942,11680.648
000d7d20_2943,11680.652
000d7d20_2944,11680.655
000d7d20_2945,11680.659
000d7d20_2946,11680.662
000d7d20_2947,11680.666
000d7d20_2948,11680.669
000d7d20_2949,11680.673
000d7d20_2950,11680.676
000d7d20_2951,11680.679
000d7d20_2952,11680.683
000d7d20_2953,11680.686
000d7d20_2954,11680.688
000d7d20_2955,11680.691
000d7d20_2956,11680.694
000d7d20_2957,11680.697
000d7d20_2958,11680.699
000d7d20_2959,11680.702
000d7d20_2960,11680.704
000d7d20_2961,11680.706
000d7d20_2962,11680.709
000d7d20_2963,11680.711
000d7d20_2964,11680.712
000d7d20_2965,11680.714
000d7d20_2966,11680.716
000d7d20_2967,11680.717
000d7d20_2968,11680.718
000d7d20_2969,11680.72
000d7d20_2970,11680.721
000d7d20_2971,11680.722
000d7d20_2972,11680.722
000d7d20_2973,11680.723
000d7d20_2974,11680.723
000d7d20_2975,11680.724
000d7d20_2976,11680.724
000d7d20_2977,11680.724
000d7d20_2978,11680.724
000d7d20_2979,11680.723
000d7d20_2980,11680.723
000d7d20_2981,11680.722
000d7d20_2982,11680.721
000d7d20_2983,11680.72
000d7d20_2984,11680.719
000d7d20_2985,11680.717
000d7d20_2986,11680.716
000d7d20_2987,11680.714
000d7d20_2988,11680.712
000d7d20_2989,11680.71
000d7d20_2990,11680.708
000d7d20_2991,11680.705
000d7d20_2992,11680.702
000d7d20_2993,11680.699
000d7d20_2994,11680.696
000d7d20_2995,11680.693
000d7d20_2996,11680.689
000d7d20_2997,11680.686
000d7d20_2998,11680.683
000d7d20_2999,11680.678
000d7d20_3000,11680.674
000d7d20_3001,11680.669
000d7d20_3002,11680.665
000d7d20_3003,11680.66
000d7d20_3004,11680.654
000d7d20_3005,11680.649
000d7d20_3006,11680.644
000d7d20_3007,11680.638
000d7d20_3008,11680.632
000d7d20_3009,11680.625
000d7d20_3010,11680.618
000d7d20_3011,11680.611
000d7d20_3012,11680.6045
000d7d20_3013,11680.597
000d7d20_3014,11680.589
000d7d20_3015,11680.581
000d7d20_3016,11680.573
000d7d20_3017,11680.565
000d7d20_3018,11680.557
000d7d20_3019,11680.549
000d7d20_3020,11680.54
000d7d20_3021,11680.532
000d7d20_3022,11680.523
000d7d20_3023,11680.515
000d7d20_3024,11680.506
000d7d20_3025,11680.497
000d7d20_3026,11680.487
000d7d20_3027,11680.479
000d7d20_3028,11680.47
000d7d20_3029,11680.46
000d7d20_3030,11680.45
000d7d20_3031,11680.441
000d7d20_3032,11680.432
000d7d20_3033,11680.422
000d7d20_3034,11680.412
000d7d20_3035,11680.402
000d7d20_3036,11680.392
000d7d20_3037,11680.382
000d7d20_3038,11680.372
000d7d20_3039,11680.361
000d7d20_3040,11680.352
000d7d20_3041,11680.341
000d7d20_3042,11680.33
000d7d20_3043,11680.319
000d7d20_3044,11680.31
000d7d20_3045,11680.299
000d7d20_3046,11680.288
000d7d20_3047,11680.277
000d7d20_3048,11680.267
000d7d20_3049,11680.256
000d7d20_3050,11680.245
000d7d20_3051,11680.234
000d7d20_3052,11680.223
000d7d20_3053,11680.212
000d7d20_3054,11680.201
000d7d20_3055,11680.19
000d7d20_3056,11680.179
000d7d20_3057,11680.168
000d7d20_3058,11680.157
000d7d20_3059,11680.1455
000d7d20_3060,11680.135
000d7d20_3061,11680.123
000d7d20_3062,11680.112
000d7d20_3063,11680.102
000d7d20_3064,11680.09
000d7d20_3065,11680.079
000d7d20_3066,11680.067
000d7d20_3067,11680.057
000d7d20_3068,11680.045
000d7d20_3069,11680.034
000d7d20_3070,11680.022
000d7d20_3071,11680.012
000d7d20_3072,11680.0
000d7d20_3073,11679.989
000d7d20_3074,11679.978
000d7d20_3075,11679.967
000d7d20_3076,11679.955
000d7d20_3077,11679.944
000d7d20_3078,11679.934
000d7d20_3079,11679.922
000d7d20_3080,11679.911
000d7d20_3081,11679.9
000d7d20_3082,11679.89
000d7d20_3083,11679.879
000d7d20_3084,11679.868
000d7d20_3085,11679.858
000d7d20_3086,11679.848
000d7d20_3087,11679.838
000d7d20_3088,11679.827
000d7d20_3089,11679.817
000d7d20_3090,11679.808
000d7d20_3091,11679.798
000d7d20_3092,11679.788
000d7d20_3093,11679.778
000d7d20_3094,11679.769
000d7d20_3095,11679.759
000d7d20_3096,11679.75
000d7d20_3097,11679.74
000d7d20_3098,11679.731
000d7d20_3099,11679.722
000d7d20_3100,11679.713
000d7d20_3101,11679.704
000d7d20_3102,11679.695
000d7d20_3103,11679.687
000d7d20_3104,11679.678
000d7d20_3105,11679.67
000d7d20_3106,11679.661
000d7d20_3107,11679.653
000d7d20_3108,11679.646
000d7d20_3109,11679.639
000d7d20_3110,11679.631
000d7d20_3111,11679.624
000d7d20_3112,11679.617
000d7d20_3113,11679.61
000d7d20_3114,11679.604
000d7d20_3115,11679.597
000d7d20_3116,11679.591
000d7d20_3117,11679.584
000d7d20_3118,11679.578
000d7d20_3119,11679.572
000d7d20_3120,11679.566
000d7d20_3121,11679.561
000d7d20_3122,11679.556
000d7d20_3123,11679.55
000d7d20_3124,11679.545
000d7d20_3125,11679.539
000d7d20_3126,11679.534
000d7d20_3127,11679.529
000d7d20_3128,11679.524
000d7d20_3129,11679.52
000d7d20_3130,11679.515
000d7d20_3131,11679.511
000d7d20_3132,11679.506
000d7d20_3133,11679.502
000d7d20_3134,11679.497
000d7d20_3135,11679.493
000d7d20_3136,11679.489
000d7d20_3137,11679.485
000d7d20_3138,11679.481
000d7d20_3139,11679.478
000d7d20_3140,11679.474
000d7d20_3141,11679.471
000d7d20_3142,11679.467
000d7d20_3143,11679.464
000d7d20_3144,11679.461
000d7d20_3145,11679.458
000d7d20_3146,11679.455
000d7d20_3147,11679.452
000d7d20_3148,11679.449
000d7d20_3149,11679.446
000d7d20_3150,11679.444
000d7d20_3151,11679.441
000d7d20_3152,11679.439
000d7d20_3153,11679.437
000d7d20_3154,11679.435
000d7d20_3155,11679.433
000d7d20_3156,11679.431
000d7d20_3157,11679.429
000d7d20_3158,11679.428
000d7d20_3159,11679.426
000d7d20_3160,11679.425
000d7d20_3161,11679.423
000d7d20_3162,11679.422
000d7d20_3163,11679.421
000d7d20_3164,11679.42
000d7d20_3165,11679.419
000d7d20_3166,11679.419
000d7d20_3167,11679.418
000d7d20_3168,11679.417
000d7d20_3169,11679.417
000d7d20_3170,11679.417
000d7d20_3171,11679.416
000d7d20_3172,11679.416
000d7d20_3173,11679.416
000d7d20_3174,11679.416
000d7d20_3175,11679.416
000d7d20_3176,11679.416
000d7d20_3177,11679.417
000d7d20_3178,11679.417
000d7d20_3179,11679.417
000d7d20_3180,11679.418
000d7d20_3181,11679.419
000d7d20_3182,11679.419
000d7d20_3183,11679.42
000d7d20_3184,11679.421
000d7d20_3185,11679.422
000d7d20_3186,11679.423
000d7d20_3187,11679.424
000d7d20_3188,11679.425
000d7d20_3189,11679.426
000d7d20_3190,11679.427
000d7d20_3191,11679.429
000d7d20_3192,11679.43
000d7d20_3193,11679.431
000d7d20_3194,11679.433
000d7d20_3195,11679.434
000d7d20_3196,11679.436
000d7d20_3197,11679.4375
000d7d20_3198,11679.438
000d7d20_3199,11679.44
000d7d20_3200,11679.441
000d7d20_3201,11679.443
000d7d20_3202,11679.445
000d7d20_3203,11679.446
000d7d20_3204,11679.448
000d7d20_3205,11679.45
000d7d20_3206,11679.451
000d7d20_3207,11679.453
000d7d20_3208,11679.454
000d7d20_3209,11679.456
000d7d20_3210,11679.458
000d7d20_3211,11679.459
000d7d20_3212,11679.461
000d7d20_3213,11679.462
000d7d20_3214,11679.464
000d7d20_3215,11679.465
000d7d20_3216,11679.467
000d7d20_3217,11679.468
000d7d20_3218,11679.47
000d7d20_3219,11679.471
000d7d20_3220,11679.472
000d7d20_3221,11679.474
000d7d20_3222,11679.475
000d7d20_3223,11679.476
000d7d20_3224,11679.477
000d7d20_3225,11679.478
000d7d20_3226,11679.479
000d7d20_3227,11679.479
000d7d20_3228,11679.4795
000d7d20_3229,11679.48
000d7d20_3230,11679.48
000d7d20_3231,11679.48
000d7d20_3232,11679.481
000d7d20_3233,11679.481
000d7d20_3234,11679.481
000d7d20_3235,11679.481
000d7d20_3236,11679.481
000d7d20_3237,11679.481
000d7d20_3238,11679.481
000d7d20_3239,11679.48
000d7d20_3240,11679.48
000d7d20_3241,11679.4795
000d7d20_3242,11679.479
000d7d20_3243,11679.479
000d7d20_3244,11679.478
000d7d20_3245,11679.477
000d7d20_3246,11679.476
000d7d20_3247,11679.476
000d7d20_3248,11679.475
000d7d20_3249,11679.473
000d7d20_3250,11679.472
000d7d20_3251,11679.471
000d7d20_3252,11679.469
000d7d20_3253,11679.468
000d7d20_3254,11679.466
000d7d20_3255,11679.465
000d7d20_3256,11679.463
000d7d20_3257,11679.461
000d7d20_3258,11679.459
000d7d20_3259,11679.458
000d7d20_3260,11679.456
000d7d20_3261,11679.454
000d7d20_3262,11679.452
000d7d20_3263,11679.45
000d7d20_3264,11679.449
000d7d20_3265,11679.447
000d7d20_3266,11679.445
000d7d20_3267,11679.443
000d7d20_3268,11679.441
000d7d20_3269,11679.439
000d7d20_3270,11679.4375
000d7d20_3271,11679.436
000d7d20_3272,11679.434
000d7d20_3273,11679.432
000d7d20_3274,11679.43
000d7d20_3275,11679.427
000d7d20_3276,11679.425
000d7d20_3277,11679.423
000d7d20_3278,11679.421
000d7d20_3279,11679.419
000d7d20_3280,11679.417
000d7d20_3281,11679.414
000d7d20_3282,11679.412
000d7d20_3283,11679.41
000d7d20_3284,11679.407
000d7d20_3285,11679.405
000d7d20_3286,11679.402
000d7d20_3287,11679.4
000d7d20_3288,11679.398
000d7d20_3289,11679.3955
000d7d20_3290,11679.394
000d7d20_3291,11679.391
000d7d20_3292,11679.388
000d7d20_3293,11679.386
000d7d20_3294,11679.383
000d7d20_3295,11679.381
000d7d20_3296,11679.378
000d7d20_3297,11679.376
000d7d20_3298,11679.373
000d7d20_3299,11679.371
000d7d20_3300,11679.368
000d7d20_3301,11679.365
000d7d20_3302,11679.363
000d7d20_3303,11679.36
000d7d20_3304,11679.358
000d7d20_3305,11679.355
000d7d20_3306,11679.353
000d7d20_3307,11679.351
000d7d20_3308,11679.348
000d7d20_3309,11679.346
000d7d20_3310,11679.343
000d7d20_3311,11679.341
000d7d20_3312,11679.339
000d7d20_3313,11679.336
000d7d20_3314,11679.334
000d7d20_3315,11679.332
000d7d20_3316,11679.33
000d7d20_3317,11679.328
000d7d20_3318,11679.326
000d7d20_3319,11679.324
000d7d20_3320,11679.322
000d7d20_3321,11679.32
000d7d20_3322,11679.318
000d7d20_3323,11679.316
000d7d20_3324,11679.315
000d7d20_3325,11679.313
000d7d20_3326,11679.312
000d7d20_3327,11679.31
000d7d20_3328,11679.308
000d7d20_3329,11679.307
000d7d20_3330,11679.305
000d7d20_3331,11679.303
000d7d20_3332,11679.302
000d7d20_3333,11679.3
000d7d20_3334,11679.298
000d7d20_3335,11679.297
000d7d20_3336,11679.295
000d7d20_3337,11679.294
000d7d20_3338,11679.292
000d7d20_3339,11679.291
000d7d20_3340,11679.289
000d7d20_3341,11679.288
000d7d20_3342,11679.286
000d7d20_3343,11679.285
000d7d20_3344,11679.283
000d7d20_3345,11679.282
000d7d20_3346,11679.281
000d7d20_3347,11679.279
000d7d20_3348,11679.278
000d7d20_3349,11679.277
000d7d20_3350,11679.275
000d7d20_3351,11679.274
000d7d20_3352,11679.273
000d7d20_3353,11679.271
000d7d20_3354,11679.2705
000d7d20_3355,11679.27
000d7d20_3356,11679.269
000d7d20_3357,11679.268
000d7d20_3358,11679.267
000d7d20_3359,11679.265
000d7d20_3360,11679.264
000d7d20_3361,11679.263
000d7d20_3362,11679.262
000d7d20_3363,11679.261
000d7d20_3364,11679.26
000d7d20_3365,11679.259
000d7d20_3366,11679.258
000d7d20_3367,11679.257
000d7d20_3368,11679.256
000d7d20_3369,11679.255
000d7d20_3370,11679.254
000d7d20_3371,11679.253
000d7d20_3372,11679.252
000d7d20_3373,11679.251
000d7d20_3374,11679.25
000d7d20_3375,11679.25
000d7d20_3376,11679.249
000d7d20_3377,11679.248
000d7d20_3378,11679.247
000d7d20_3379,11679.247
000d7d20_3380,11679.246
000d7d20_3381,11679.245
000d7d20_3382,11679.245
000d7d20_3383,11679.244
000d7d20_3384,11679.243
000d7d20_3385,11679.243
000d7d20_3386,11679.242
000d7d20_3387,11679.242
000d7d20_3388,11679.242
000d7d20_3389,11679.241
000d7d20_3390,11679.241
000d7d20_3391,11679.24
000d7d20_3392,11679.24
000d7d20_3393,11679.24
000d7d20_3394,11679.24
000d7d20_3395,11679.239
000d7d20_3396,11679.239
000d7d20_3397,11679.239
000d7d20_3398,11679.239
000d7d20_3399,11679.239
000d7d20_3400,11679.239
000d7d20_3401,11679.239
000d7d20_3402,11679.239
000d7d20_3403,11679.239
000d7d20_3404,11679.239
000d7d20_3405,11679.239
000d7d20_3406,11679.239
000d7d20_3407,11679.239
000d7d20_3408,11679.239
000d7d20_3409,11679.239
000d7d20_3410,11679.239
000d7d20_3411,11679.238
000d7d20_3412,11679.238
000d7d20_3413,11679.238
000d7d20_3414,11679.237
000d7d20_3415,11679.237
000d7d20_3416,11679.236
000d7d20_3417,11679.235
000d7d20_3418,11679.235
000d7d20_3419,11679.234
000d7d20_3420,11679.233
000d7d20_3421,11679.232
000d7d20_3422,11679.231
000d7d20_3423,11679.231
000d7d20_3424,11679.23
000d7d20_3425,11679.2295
000d7d20_3426,11679.229
000d7d20_3427,11679.228
000d7d20_3428,11679.227
000d7d20_3429,11679.225
000d7d20_3430,11679.224
000d7d20_3431,11679.223
000d7d20_3432,11679.222
000d7d20_3433,11679.221
000d7d20_3434,11679.219
000d7d20_3435,11679.218
000d7d20_3436,11679.217
000d7d20_3437,11679.215
000d7d20_3438,11679.214
000d7d20_3439,11679.212
000d7d20_3440,11679.211
000d7d20_3441,11679.209
000d7d20_3442,11679.208
000d7d20_3443,11679.206
000d7d20_3444,11679.205
000d7d20_3445,11679.203
000d7d20_3446,11679.202
000d7d20_3447,11679.2
000d7d20_3448,11679.198
000d7d20_3449,11679.197
000d7d20_3450,11679.195
000d7d20_3451,11679.193
000d7d20_3452,11679.192
000d7d20_3453,11679.19
000d7d20_3454,11679.189
000d7d20_3455,11679.1875
000d7d20_3456,11679.186
000d7d20_3457,11679.185
000d7d20_3458,11679.183
000d7d20_3459,11679.182
000d7d20_3460,11679.18
000d7d20_3461,11679.179
000d7d20_3462,11679.177
000d7d20_3463,11679.176
000d7d20_3464,11679.174
000d7d20_3465,11679.173
000d7d20_3466,11679.171
000d7d20_3467,11679.17
000d7d20_3468,11679.168
000d7d20_3469,11679.167
000d7d20_3470,11679.165
000d7d20_3471,11679.164
000d7d20_3472,11679.162
000d7d20_3473,11679.161
000d7d20_3474,11679.16
000d7d20_3475,11679.158
000d7d20_3476,11679.157
000d7d20_3477,11679.155
000d7d20_3478,11679.154
000d7d20_3479,11679.152
000d7d20_3480,11679.151
000d7d20_3481,11679.149
000d7d20_3482,11679.148
000d7d20_3483,11679.146
000d7d20_3484,11679.1455
000d7d20_3485,11679.144
000d7d20_3486,11679.143
000d7d20_3487,11679.141
000d7d20_3488,11679.14
000d7d20_3489,11679.138
000d7d20_3490,11679.136
000d7d20_3491,11679.135
000d7d20_3492,11679.133
000d7d20_3493,11679.132
000d7d20_3494,11679.13
000d7d20_3495,11679.128
000d7d20_3496,11679.127
000d7d20_3497,11679.125
000d7d20_3498,11679.123
000d7d20_3499,11679.122
000d7d20_3500,11679.12
000d7d20_3501,11679.118
000d7d20_3502,11679.117
000d7d20_3503,11679.115
000d7d20_3504,11679.113
000d7d20_3505,11679.112
000d7d20_3506,11679.11
000d7d20_3507,11679.109
000d7d20_3508,11679.107
000d7d20_3509,11679.106
000d7d20_3510,11679.105
000d7d20_3511,11679.104
000d7d20_3512,11679.103
000d7d20_3513,11679.102
000d7d20_3514,11679.1
000d7d20_3515,11679.099
000d7d20_3516,11679.098
000d7d20_3517,11679.097
000d7d20_3518,11679.095
000d7d20_3519,11679.094
000d7d20_3520,11679.093
000d7d20_3521,11679.092
000d7d20_3522,11679.091
000d7d20_3523,11679.089
000d7d20_3524,11679.088
000d7d20_3525,11679.087
000d7d20_3526,11679.086
000d7d20_3527,11679.085
000d7d20_3528,11679.084
000d7d20_3529,11679.084
000d7d20_3530,11679.083
000d7d20_3531,11679.082
000d7d20_3532,11679.081
000d7d20_3533,11679.08
000d7d20_3534,11679.08
000d7d20_3535,11679.079
000d7d20_3536,11679.078
000d7d20_3537,11679.078
000d7d20_3538,11679.077
000d7d20_3539,11679.077
000d7d20_3540,11679.076
000d7d20_3541,11679.075
000d7d20_3542,11679.075
000d7d20_3543,11679.074
000d7d20_3544,11679.073
000d7d20_3545,11679.072
000d7d20_3546,11679.072
000d7d20_3547,11679.071
000d7d20_3548,11679.07
000d7d20_3549,11679.069
000d7d20_3550,11679.068
000d7d20_3551,11679.067
000d7d20_3552,11679.066
000d7d20_3553,11679.065
000d7d20_3554,11679.064
000d7d20_3555,11679.063
000d7d20_3556,11679.0625
000d7d20_3557,11679.062
000d7d20_3558,11679.061
000d7d20_3559,11679.06
000d7d20_3560,11679.058
000d7d20_3561,11679.057
000d7d20_3562,11679.056
000d7d20_3563,11679.055
000d7d20_3564,11679.054
000d7d20_3565,11679.053
000d7d20_3566,11679.052
000d7d20_3567,11679.051
000d7d20_3568,11679.05
000d7d20_3569,11679.049
000d7d20_3570,11679.048
000d7d20_3571,11679.047
000d7d20_3572,11679.046
000d7d20_3573,11679.045
000d7d20_3574,11679.044
000d7d20_3575,11679.043
000d7d20_3576,11679.042
000d7d20_3577,11679.041
000d7d20_3578,11679.041
000d7d20_3579,11679.04
000d7d20_3580,11679.039
000d7d20_3581,11679.039
000d7d20_3582,11679.039
000d7d20_3583,11679.038
000d7d20_3584,11679.038
000d7d20_3585,11679.038
000d7d20_3586,11679.039
000d7d20_3587,11679.039
000d7d20_3588,11679.04
000d7d20_3589,11679.04
000d7d20_3590,11679.041
000d7d20_3591,11679.042
000d7d20_3592,11679.043
000d7d20_3593,11679.044
000d7d20_3594,11679.045
000d7d20_3595,11679.047
000d7d20_3596,11679.048
000d7d20_3597,11679.05
000d7d20_3598,11679.051
000d7d20_3599,11679.053
000d7d20_3600,11679.055
000d7d20_3601,11679.056
000d7d20_3602,11679.058
000d7d20_3603,11679.06
000d7d20_3604,11679.062
000d7d20_3605,11679.064
000d7d20_3606,11679.066
000d7d20_3607,11679.068
000d7d20_3608,11679.071
000d7d20_3609,11679.073
000d7d20_3610,11679.076
000d7d20_3611,11679.078
000d7d20_3612,11679.081
000d7d20_3613,11679.084
000d7d20_3614,11679.087
000d7d20_3615,11679.09
000d7d20_3616,11679.093
000d7d20_3617,11679.096
000d7d20_3618,11679.099
000d7d20_3619,11679.102
000d7d20_3620,11679.1045
000d7d20_3621,11679.107
000d7d20_3622,11679.11
000d7d20_3623,11679.114
000d7d20_3624,11679.117
000d7d20_3625,11679.12
000d7d20_3626,11679.124
000d7d20_3627,11679.127
000d7d20_3628,11679.131
000d7d20_3629,11679.135
000d7d20_3630,11679.138
000d7d20_3631,11679.142
000d7d20_3632,11679.1455
000d7d20_3633,11679.149
000d7d20_3634,11679.153
000d7d20_3635,11679.158
000d7d20_3636,11679.162
000d7d20_3637,11679.166
000d7d20_3638,11679.171
000d7d20_3639,11679.176
000d7d20_3640,11679.181
000d7d20_3641,11679.186
000d7d20_3642,11679.19
000d7d20_3643,11679.195
000d7d20_3644,11679.2
000d7d20_3645,11679.205
000d7d20_3646,11679.211
000d7d20_3647,11679.216
000d7d20_3648,11679.222
000d7d20_3649,11679.228
000d7d20_3650,11679.232
000d7d20_3651,11679.238
000d7d20_3652,11679.244
000d7d20_3653,11679.25
000d7d20_3654,11679.256
000d7d20_3655,11679.263
000d7d20_3656,11679.269
000d7d20_3657,11679.274
000d7d20_3658,11679.281
000d7d20_3659,11679.287
000d7d20_3660,11679.294
000d7d20_3661,11679.301
000d7d20_3662,11679.307
000d7d20_3663,11679.313
000d7d20_3664,11679.32
000d7d20_3665,11679.327
000d7d20_3666,11679.334
000d7d20_3667,11679.341
000d7d20_3668,11679.348
000d7d20_3669,11679.3545
000d7d20_3670,11679.361
000d7d20_3671,11679.368
000d7d20_3672,11679.375
000d7d20_3673,11679.382
000d7d20_3674,11679.389
000d7d20_3675,11679.3955
000d7d20_3676,11679.402
000d7d20_3677,11679.409
000d7d20_3678,11679.416
000d7d20_3679,11679.423
000d7d20_3680,11679.43
000d7d20_3681,11679.437
000d7d20_3682,11679.443
000d7d20_3683,11679.449
000d7d20_3684,11679.456
000d7d20_3685,11679.463
000d7d20_3686,11679.469
000d7d20_3687,11679.475
000d7d20_3688,11679.481
000d7d20_3689,11679.487
000d7d20_3690,11679.493
000d7d20_3691,11679.498
000d7d20_3692,11679.504
000d7d20_3693,11679.51
000d7d20_3694,11679.515
000d7d20_3695,11679.5205
000d7d20_3696,11679.525
000d7d20_3697,11679.53
000d7d20_3698,11679.535
000d7d20_3699,11679.54
000d7d20_3700,11679.545
000d7d20_3701,11679.549
000d7d20_3702,11679.554
000d7d20_3703,11679.558
000d7d20_3704,11679.5625
000d7d20_3705,11679.566
000d7d20_3706,11679.57
000d7d20_3707,11679.574
000d7d20_3708,11679.578
000d7d20_3709,11679.582
000d7d20_3710,11679.585
000d7d20_3711,11679.589
000d7d20_3712,11679.592
000d7d20_3713,11679.596
000d7d20_3714,11679.599
000d7d20_3715,11679.602
000d7d20_3716,11679.6045
000d7d20_3717,11679.607
000d7d20_3718,11679.61
000d7d20_3719,11679.613
000d7d20_3720,11679.616
000d7d20_3721,11679.618
000d7d20_3722,11679.621
000d7d20_3723,11679.623
000d7d20_3724,11679.625
000d7d20_3725,11679.627
000d7d20_3726,11679.629
000d7d20_3727,11679.631
000d7d20_3728,11679.633
000d7d20_3729,11679.635
000d7d20_3730,11679.637
000d7d20_3731,11679.638
000d7d20_3732,11679.64
000d7d20_3733,11679.641
000d7d20_3734,11679.642
000d7d20_3735,11679.644
000d7d20_3736,11679.644
000d7d20_3737,11679.645
000d7d20_3738,11679.6455
000d7d20_3739,11679.6455
000d7d20_3740,11679.646
000d7d20_3741,11679.646
000d7d20_3742,11679.646
000d7d20_3743,11679.646
000d7d20_3744,11679.646
000d7d20_3745,11679.6455
000d7d20_3746,11679.6455
000d7d20_3747,11679.645
000d7d20_3748,11679.644
000d7d20_3749,11679.643
000d7d20_3750,11679.642
000d7d20_3751,11679.641
000d7d20_3752,11679.64
000d7d20_3753,11679.638
000d7d20_3754,11679.637
000d7d20_3755,11679.635
000d7d20_3756,11679.633
000d7d20_3757,11679.631
000d7d20_3758,11679.629
000d7d20_3759,11679.626
000d7d20_3760,11679.624
000d7d20_3761,11679.621
000d7d20_3762,11679.619
000d7d20_3763,11679.616
000d7d20_3764,11679.613
000d7d20_3765,11679.61
000d7d20_3766,11679.607
000d7d20_3767,11679.6045
000d7d20_3768,11679.601
000d7d20_3769,11679.598
000d7d20_3770,11679.594
000d7d20_3771,11679.591
000d7d20_3772,11679.587
000d7d20_3773,11679.584
000d7d20_3774,11679.58
000d7d20_3775,11679.577
000d7d20_3776,11679.573
000d7d20_3777,11679.569
000d7d20_3778,11679.565
000d7d20_3779,11679.5625
000d7d20_3780,11679.559
000d7d20_3781,11679.555
000d7d20_3782,11679.551
000d7d20_3783,11679.547
000d7d20_3784,11679.543
000d7d20_3785,11679.54
000d7d20_3786,11679.536
000d7d20_3787,11679.532
000d7d20_3788,11679.528
000d7d20_3789,11679.524
000d7d20_3790,11679.5205
000d7d20_3791,11679.517
000d7d20_3792,11679.513
000d7d20_3793,11679.509
000d7d20_3794,11679.505
000d7d20_3795,11679.5
000d7d20_3796,11679.496
000d7d20_3797,11679.492
000d7d20_3798,11679.488
000d7d20_3799,11679.484
000d7d20_3800,11679.48
000d7d20_3801,11679.477
000d7d20_3802,11679.473
000d7d20_3803,11679.468
000d7d20_3804,11679.464
000d7d20_3805,11679.46
000d7d20_3806,11679.456
000d7d20_3807,11679.451
000d7d20_3808,11679.447
000d7d20_3809,11679.443
000d7d20_3810,11679.439
000d7d20_3811,11679.435
000d7d20_3812,11679.431
000d7d20_3813,11679.427
000d7d20_3814,11679.422
000d7d20_3815,11679.418
000d7d20_3816,11679.413
000d7d20_3817,11679.409
000d7d20_3818,11679.404
000d7d20_3819,11679.4
000d7d20_3820,11679.3955
000d7d20_3821,11679.392
000d7d20_3822,11679.387
000d7d20_3823,11679.383
000d7d20_3824,11679.378
000d7d20_3825,11679.374
000d7d20_3826,11679.37
000d7d20_3827,11679.365
000d7d20_3828,11679.36
000d7d20_3829,11679.356
000d7d20_3830,11679.352
000d7d20_3831,11679.347
000d7d20_3832,11679.343
000d7d20_3833,11679.338
000d7d20_3834,11679.333
000d7d20_3835,11679.328
000d7d20_3836,11679.323
000d7d20_3837,11679.318
000d7d20_3838,11679.313
000d7d20_3839,11679.309
000d7d20_3840,11679.304
000d7d20_3841,11679.299
000d7d20_3842,11679.294
000d7d20_3843,11679.289
000d7d20_3844,11679.284
000d7d20_3845,11679.279
000d7d20_3846,11679.275
000d7d20_3847,11679.2705
000d7d20_3848,11679.266
000d7d20_3849,11679.262
000d7d20_3850,11679.257
000d7d20_3851,11679.253
000d7d20_3852,11679.249
000d7d20_3853,11679.244
000d7d20_3854,11679.24
000d7d20_3855,11679.236
000d7d20_3856,11679.232
000d7d20_3857,11679.229
000d7d20_3858,11679.225
000d7d20_3859,11679.222
000d7d20_3860,11679.218
000d7d20_3861,11679.215
000d7d20_3862,11679.211
000d7d20_3863,11679.208
000d7d20_3864,11679.205
000d7d20_3865,11679.202
000d7d20_3866,11679.199
000d7d20_3867,11679.197
000d7d20_3868,11679.194
000d7d20_3869,11679.192
000d7d20_3870,11679.19
000d7d20_3871,11679.188
000d7d20_3872,11679.187
000d7d20_3873,11679.185
000d7d20_3874,11679.183
000d7d20_3875,11679.182
000d7d20_3876,11679.181
000d7d20_3877,11679.18
000d7d20_3878,11679.179
000d7d20_3879,11679.178
000d7d20_3880,11679.177
000d7d20_3881,11679.177
000d7d20_3882,11679.177
000d7d20_3883,11679.176
000d7d20_3884,11679.176
000d7d20_3885,11679.176
000d7d20_3886,11679.176
000d7d20_3887,11679.176
000d7d20_3888,11679.176
000d7d20_3889,11679.176
000d7d20_3890,11679.176
000d7d20_3891,11679.177
000d7d20_3892,11679.177
000d7d20_3893,11679.178
000d7d20_3894,11679.178
000d7d20_3895,11679.179
000d7d20_3896,11679.18
000d7d20_3897,11679.18
000d7d20_3898,11679.181
000d7d20_3899,11679.182
000d7d20_3900,11679.183
000d7d20_3901,11679.184
000d7d20_3902,11679.185
000d7d20_3903,11679.186
000d7d20_3904,11679.1875
000d7d20_3905,11679.188
000d7d20_3906,11679.19
000d7d20_3907,11679.191
000d7d20_3908,11679.193
000d7d20_3909,11679.194
000d7d20_3910,11679.196
000d7d20_3911,11679.198
000d7d20_3912,11679.2
000d7d20_3913,11679.202
000d7d20_3914,11679.204
000d7d20_3915,11679.206
000d7d20_3916,11679.208
000d7d20_3917,11679.211
000d7d20_3918,11679.213
000d7d20_3919,11679.216
000d7d20_3920,11679.218
000d7d20_3921,11679.221
000d7d20_3922,11679.224
000d7d20_3923,11679.227
000d7d20_3924,11679.2295
000d7d20_3925,11679.232
000d7d20_3926,11679.235
000d7d20_3927,11679.239
000d7d20_3928,11679.242
000d7d20_3929,11679.246
000d7d20_3930,11679.25
000d7d20_3931,11679.253
000d7d20_3932,11679.257
000d7d20_3933,11679.261
000d7d20_3934,11679.265
000d7d20_3935,11679.268
000d7d20_3936,11679.271
000d7d20_3937,11679.275
000d7d20_3938,11679.279
000d7d20_3939,11679.283
000d7d20_3940,11679.287
000d7d20_3941,11679.291
000d7d20_3942,11679.295
000d7d20_3943,11679.299
000d7d20_3944,11679.303
000d7d20_3945,11679.307
000d7d20_3946,11679.312
000d7d20_3947,11679.315
000d7d20_3948,11679.319
000d7d20_3949,11679.323
000d7d20_3950,11679.327
000d7d20_3951,11679.33
000d7d20_3952,11679.334
000d7d20_3953,11679.337
000d7d20_3954,11679.34
000d7d20_3955,11679.343
000d7d20_3956,11679.345
000d7d20_3957,11679.348
000d7d20_3958,11679.35
000d7d20_3959,11679.352
000d7d20_3960,11679.354
000d7d20_3961,11679.3545
000d7d20_3962,11679.355
000d7d20_3963,11679.356
000d7d20_3964,11679.357
000d7d20_3965,11679.358
000d7d20_3966,11679.358
000d7d20_3967,11679.358
000d7d20_3968,11679.358
000d7d20_3969,11679.357
000d7d20_3970,11679.357
000d7d20_3971,11679.356
000d7d20_3972,11679.355
000d7d20_3973,11679.3545
000d7d20_3974,11679.354
000d7d20_3975,11679.352
000d7d20_3976,11679.351
000d7d20_3977,11679.349
000d7d20_3978,11679.347
000d7d20_3979,11679.345
000d7d20_3980,11679.343
000d7d20_3981,11679.341
000d7d20_3982,11679.339
000d7d20_3983,11679.336
000d7d20_3984,11679.333
000d7d20_3985,11679.331
000d7d20_3986,11679.328
000d7d20_3987,11679.325
000d7d20_3988,11679.322
000d7d20_3989,11679.319
000d7d20_3990,11679.317
000d7d20_3991,11679.314
000d7d20_3992,11679.312
000d7d20_3993,11679.309
000d7d20_3994,11679.306
000d7d20_3995,11679.304
000d7d20_3996,11679.301
000d7d20_3997,11679.299
000d7d20_3998,11679.297
000d7d20_3999,11679.295
000d7d20_4000,11679.293
000d7d20_4001,11679.291
000d7d20_4002,11679.289
000d7d20_4003,11679.288
000d7d20_4004,11679.286
000d7d20_4005,11679.285
000d7d20_4006,11679.284
000d7d20_4007,11679.283
000d7d20_4008,11679.282
000d7d20_4009,11679.281
000d7d20_4010,11679.281
000d7d20_4011,11679.28
000d7d20_4012,11679.28
000d7d20_4013,11679.28
000d7d20_4014,11679.28
000d7d20_4015,11679.28
000d7d20_4016,11679.28
000d7d20_4017,11679.281
000d7d20_4018,11679.281
000d7d20_4019,11679.282
000d7d20_4020,11679.283
000d7d20_4021,11679.284
000d7d20_4022,11679.285
000d7d20_4023,11679.287
000d7d20_4024,11679.289
000d7d20_4025,11679.29
000d7d20_4026,11679.292
000d7d20_4027,11679.295
000d7d20_4028,11679.297
000d7d20_4029,11679.3
000d7d20_4030,11679.303
000d7d20_4031,11679.306
000d7d20_4032,11679.309
000d7d20_4033,11679.312
000d7d20_4034,11679.315
000d7d20_4035,11679.319
000d7d20_4036,11679.323
000d7d20_4037,11679.328
000d7d20_4038,11679.333
000d7d20_4039,11679.338
000d7d20_4040,11679.343
000d7d20_4041,11679.348
000d7d20_4042,11679.354
000d7d20_4043,11679.36
000d7d20_4044,11679.366
000d7d20_4045,11679.373
000d7d20_4046,11679.38
000d7d20_4047,11679.388
000d7d20_4048,11679.3955
000d7d20_4049,11679.403
000d7d20_4050,11679.412
000d7d20_4051,11679.422
000d7d20_4052,11679.432
000d7d20_4053,11679.441
000d7d20_4054,11679.452
000d7d20_4055,11679.463
000d7d20_4056,11679.474
000d7d20_4057,11679.485
000d7d20_4058,11679.498
000d7d20_4059,11679.511
000d7d20_4060,11679.523
000d7d20_4061,11679.537
000d7d20_4062,11679.551
000d7d20_4063,11679.565
000d7d20_4064,11679.58
000d7d20_4065,11679.596
000d7d20_4066,11679.611
000d7d20_4067,11679.627
000d7d20_4068,11679.644
000d7d20_4069,11679.66
000d7d20_4070,11679.677
000d7d20_4071,11679.694
000d7d20_4072,11679.713
000d7d20_4073,11679.73
000d7d20_4074,11679.749
000d7d20_4075,11679.768
000d7d20_4076,11679.787
000d7d20_4077,11679.806
000d7d20_4078,11679.826
000d7d20_4079,11679.846
000d7d20_4080,11679.866
000d7d20_4081,11679.887
000d7d20_4082,11679.907
000d7d20_4083,11679.928
000d7d20_4084,11679.949
000d7d20_4085,11679.971
000d7d20_4086,11679.993
000d7d20_4087,11680.015
000d7d20_4088,11680.037
000d7d20_4089,11680.06
000d7d20_4090,11680.083
000d7d20_4091,11680.105
000d7d20_4092,11680.129
000d7d20_4093,11680.152
000d7d20_4094,11680.176
000d7d20_4095,11680.2
000d7d20_4096,11680.225
000d7d20_4097,11680.249
000d7d20_4098,11680.273
000d7d20_4099,11680.299
000d7d20_4100,11680.324
000d7d20_4101,11680.35
000d7d20_4102,11680.375
000d7d20_4103,11680.401
000d7d20_4104,11680.428
000d7d20_4105,11680.454
000d7d20_4106,11680.48
000d7d20_4107,11680.507
000d7d20_4108,11680.534
000d7d20_4109,11680.562
000d7d20_4110,11680.588
000d7d20_4111,11680.615
000d7d20_4112,11680.643
000d7d20_4113,11680.67
000d7d20_4114,11680.698
000d7d20_4115,11680.726
000d7d20_4116,11680.753
000d7d20_4117,11680.781
000d7d20_4118,11680.81
000d7d20_4119,11680.837
000d7d20_4120,11680.865
000d7d20_4121,11680.894
000d7d20_4122,11680.922
000d7d20_4123,11680.95
000d7d20_4124,11680.979
000d7d20_4125,11681.007
000d7d20_4126,11681.035
000d7d20_4127,11681.063
000d7d20_4128,11681.093
000d7d20_4129,11681.121
000d7d20_4130,11681.149
000d7d20_4131,11681.178
000d7d20_4132,11681.207
000d7d20_4133,11681.235
000d7d20_4134,11681.265
000d7d20_4135,11681.293
000d7d20_4136,11681.321
000d7d20_4137,11681.351
000d7d20_4138,11681.379
000d7d20_4139,11681.408
000d7d20_4140,11681.437
000d7d20_4141,11681.466
000d7d20_4142,11681.494
000d7d20_4143,11681.522
000d7d20_4144,11681.552
000d7d20_4145,11681.58
000d7d20_4146,11681.608
000d7d20_4147,11681.638
000d7d20_4148,11681.666
000d7d20_4149,11681.694
000d7d20_4150,11681.723
000d7d20_4151,11681.751
000d7d20_4152,11681.779
000d7d20_4153,11681.808
000d7d20_4154,11681.836
000d7d20_4155,11681.863
000d7d20_4156,11681.892
000d7d20_4157,11681.919
000d7d20_4158,11681.946
000d7d20_4159,11681.973
000d7d20_4160,11682.0
000d7d20_4161,11682.026
000d7d20_4162,11682.053
000d7d20_4163,11682.079
000d7d20_4164,11682.105
000d7d20_4165,11682.132
000d7d20_4166,11682.158
000d7d20_4167,11682.185
000d7d20_4168,11682.21
000d7d20_4169,11682.236
000d7d20_4170,11682.262
000d7d20_4171,11682.288
000d7d20_4172,11682.313
000d7d20_4173,11682.339
000d7d20_4174,11682.364
000d7d20_4175,11682.389
000d7d20_4176,11682.414
000d7d20_4177,11682.438
000d7d20_4178,11682.463
000d7d20_4179,11682.488
000d7d20_4180,11682.513
000d7d20_4181,11682.536
000d7d20_4182,11682.561
000d7d20_4183,11682.584
000d7d20_4184,11682.607
000d7d20_4185,11682.631
000d7d20_4186,11682.654
000d7d20_4187,11682.678
000d7d20_4188,11682.7
000d7d20_4189,11682.724
000d7d20_4190,11682.746
000d7d20_4191,11682.768
000d7d20_4192,11682.79
000d7d20_4193,11682.812
000d7d20_4194,11682.833
000d7d20_4195,11682.8545
000d7d20_4196,11682.876
000d7d20_4197,11682.896
000d7d20_4198,11682.918
000d7d20_4199,11682.938
000d7d20_4200,11682.958
000d7d20_4201,11682.979
000d7d20_4202,11682.998
000d7d20_4203,11683.018
000d7d20_4204,11683.037
000d7d20_4205,11683.057
000d7d20_4206,11683.075
000d7d20_4207,11683.094
000d7d20_4208,11683.111
000d7d20_4209,11683.13
000d7d20_4210,11683.147
000d7d20_4211,11683.165
000d7d20_4212,11683.183
000d7d20_4213,11683.2
000d7d20_4214,11683.217
000d7d20_4215,11683.234
000d7d20_4216,11683.251
000d7d20_4217,11683.268
000d7d20_4218,11683.285
000d7d20_4219,11683.301
000d7d20_4220,11683.317
000d7d20_4221,11683.334
000d7d20_4222,11683.35
000d7d20_4223,11683.366
000d7d20_4224,11683.382
000d7d20_4225,11683.397
000d7d20_4226,11683.412
000d7d20_4227,11683.428
000d7d20_4228,11683.442
000d7d20_4229,11683.457
000d7d20_4230,11683.472
000d7d20_4231,11683.485
000d7d20_4232,11683.5
000d7d20_4233,11683.514
000d7d20_4234,11683.526
000d7d20_4235,11683.54
000d7d20_4236,11683.553
000d7d20_4237,11683.565
000d7d20_4238,11683.577
000d7d20_4239,11683.59
000d7d20_4240,11683.602
000d7d20_4241,11683.612
000d7d20_4242,11683.623
000d7d20_4243,11683.634
000d7d20_4244,11683.645
000d7d20_4245,11683.654
000d7d20_4246,11683.663
000d7d20_4247,11683.672
000d7d20_4248,11683.681
000d7d20_4249,11683.688
000d7d20_4250,11683.696
000d7d20_4251,11683.704
000d7d20_4252,11683.711
000d7d20_4253,11683.718
000d7d20_4254,11683.725
000d7d20_4255,11683.73
000d7d20_4256,11683.736
000d7d20_4257,11683.742
000d7d20_4258,11683.748
000d7d20_4259,11683.753
000d7d20_4260,11683.758
000d7d20_4261,11683.763
000d7d20_4262,11683.767
000d7d20_4263,11683.771
000d7d20_4264,11683.775
000d7d20_4265,11683.779
000d7d20_4266,11683.782
000d7d20_4267,11683.786
000d7d20_4268,11683.789
000d7d20_4269,11683.792
000d7d20_4270,11683.795
000d7d20_4271,11683.797
000d7d20_4272,11683.8
000d7d20_4273,11683.802
000d7d20_4274,11683.804
000d7d20_4275,11683.806
000d7d20_4276,11683.807
000d7d20_4277,11683.808
000d7d20_4278,11683.81
000d7d20_4279,11683.811
000d7d20_4280,11683.811
000d7d20_4281,11683.812
000d7d20_4282,11683.812
000d7d20_4283,11683.812
000d7d20_4284,11683.812
000d7d20_4285,11683.812
000d7d20_4286,11683.812
000d7d20_4287,11683.811
000d7d20_4288,11683.81
000d7d20_4289,11683.809
000d7d20_4290,11683.807
000d7d20_4291,11683.805
000d7d20_4292,11683.803
000d7d20_4293,11683.801
000d7d20_4294,11683.798
000d7d20_4295,11683.796
000d7d20_4296,11683.792
000d7d20_4297,11683.789
000d7d20_4298,11683.785
000d7d20_4299,11683.781
000d7d20_4300,11683.776
000d7d20_4301,11683.771
000d7d20_4302,11683.766
000d7d20_4303,11683.76
000d7d20_4304,11683.754
000d7d20_4305,11683.748
000d7d20_4306,11683.741
000d7d20_4307,11683.733
000d7d20_4308,11683.726
000d7d20_4309,11683.718
000d7d20_4310,11683.709
000d7d20_4311,11683.7
000d7d20_4312,11683.689
000d7d20_4313,11683.68
000d7d20_4314,11683.669
000d7d20_4315,11683.657
000d7d20_4316,11683.645
000d7d20_4317,11683.633
000d7d20_4318,11683.619
000d7d20_4319,11683.605
000d7d20_4320,11683.592
000d7d20_4321,11683.577
000d7d20_4322,11683.5625
000d7d20_4323,11683.547
000d7d20_4324,11683.531
000d7d20_4325,11683.515
000d7d20_4326,11683.498
000d7d20_4327,11683.48
000d7d20_4328,11683.463
000d7d20_4329,11683.445
000d7d20_4330,11683.427
000d7d20_4331,11683.408
000d7d20_4332,11683.389
000d7d20_4333,11683.369
000d7d20_4334,11683.349
000d7d20_4335,11683.329
000d7d20_4336,11683.308
000d7d20_4337,11683.287
000d7d20_4338,11683.266
000d7d20_4339,11683.244
000d7d20_4340,11683.222
000d7d20_4341,11683.199
000d7d20_4342,11683.177
000d7d20_4343,11683.154
000d7d20_4344,11683.131
000d7d20_4345,11683.107
000d7d20_4346,11683.084
000d7d20_4347,11683.06
000d7d20_4348,11683.036
000d7d20_4349,11683.012
000d7d20_4350,11682.986
000d7d20_4351,11682.961
000d7d20_4352,11682.936
000d7d20_4353,11682.909
000d7d20_4354,11682.883
000d7d20_4355,11682.856
000d7d20_4356,11682.829
000d7d20_4357,11682.802
000d7d20_4358,11682.774
000d7d20_4359,11682.746
000d7d20_4360,11682.718
000d7d20_4361,11682.689
000d7d20_4362,11682.66
000d7d20_4363,11682.63
000d7d20_4364,11682.6
000d7d20_4365,11682.569
000d7d20_4366,11682.539
000d7d20_4367,11682.508
000d7d20_4368,11682.476
000d7d20_4369,11682.444
000d7d20_4370,11682.412
000d7d20_4371,11682.38
000d7d20_4372,11682.348
000d7d20_4373,11682.314
000d7d20_4374,11682.282
000d7d20_4375,11682.249
000d7d20_4376,11682.216
000d7d20_4377,11682.182
000d7d20_4378,11682.148
000d7d20_4379,11682.115
000d7d20_4380,11682.081
000d7d20_4381,11682.047
000d7d20_4382,11682.013
000d7d20_4383,11681.979
000d7d20_4384,11681.944
000d7d20_4385,11681.909
000d7d20_4386,11681.875
000d7d20_4387,11681.84
000d7d20_4388,11681.805
000d7d20_4389,11681.7705
000d7d20_4390,11681.735
000d7d20_4391,11681.7
000d7d20_4392,11681.665
000d7d20_4393,11681.63
000d7d20_4394,11681.594
000d7d20_4395,11681.559
000d7d20_4396,11681.523
000d7d20_4397,11681.487
000d7d20_4398,11681.452
000d7d20_4399,11681.416
000d7d20_4400,11681.38
000d7d20_4401,11681.344
000d7d20_4402,11681.308
000d7d20_4403,11681.271
000d7d20_4404,11681.234
000d7d20_4405,11681.198
000d7d20_4406,11681.161
000d7d20_4407,11681.125
000d7d20_4408,11681.088
000d7d20_4409,11681.052
000d7d20_4410,11681.015
000d7d20_4411,11680.979
000d7d20_4412,11680.941
000d7d20_4413,11680.905
000d7d20_4414,11680.868
000d7d20_4415,11680.832
000d7d20_4416,11680.796
000d7d20_4417,11680.759
000d7d20_4418,11680.723
000d7d20_4419,11680.686
000d7d20_4420,11680.649
000d7d20_4421,11680.613
000d7d20_4422,11680.577
000d7d20_4423,11680.541
000d7d20_4424,11680.505
000d7d20_4425,11680.469
000d7d20_4426,11680.433
000d7d20_4427,11680.396
000d7d20_4428,11680.36
000d7d20_4429,11680.325
000d7d20_4430,11680.289
000d7d20_4431,11680.254
000d7d20_4432,11680.219
000d7d20_4433,11680.183
000d7d20_4434,11680.147
000d7d20_4435,11680.113
000d7d20_4436,11680.078
000d7d20_4437,11680.043
000d7d20_4438,11680.009
000d7d20_4439,11679.975
000d7d20_4440,11679.94
000d7d20_4441,11679.906
000d7d20_4442,11679.872
000d7d20_4443,11679.839
000d7d20_4444,11679.806
000d7d20_4445,11679.772
000d7d20_4446,11679.739
000d7d20_4447,11679.706
000d7d20_4448,11679.674
000d7d20_4449,11679.642
000d7d20_4450,11679.609
000d7d20_4451,11679.578
000d7d20_4452,11679.547
000d7d20_4453,11679.516
000d7d20_4454,11679.484
000d7d20_4455,11679.454
000d7d20_4456,11679.424
000d7d20_4457,11679.395
000d7d20_4458,11679.365
000d7d20_4459,11679.336
000d7d20_4460,11679.309
000d7d20_4461,11679.28
000d7d20_4462,11679.253
000d7d20_4463,11679.226
000d7d20_4464,11679.199
000d7d20_4465,11679.173
000d7d20_4466,11679.147
000d7d20_4467,11679.121
000d7d20_4468,11679.096
000d7d20_4469,11679.071
000d7d20_4470,11679.047
000d7d20_4471,11679.022
000d7d20_4472,11678.998
000d7d20_4473,11678.975
000d7d20_4474,11678.951
000d7d20_4475,11678.929
000d7d20_4476,11678.906
000d7d20_4477,11678.884
000d7d20_4478,11678.862
000d7d20_4479,11678.841
000d7d20_4480,11678.819
000d7d20_4481,11678.799
000d7d20_4482,11678.778
000d7d20_4483,11678.759
000d7d20_4484,11678.739
000d7d20_4485,11678.72
000d7d20_4486,11678.701
000d7d20_4487,11678.683
000d7d20_4488,11678.665
000d7d20_4489,11678.647
000d7d20_4490,11678.631
000d7d20_4491,11678.614
000d7d20_4492,11678.598
000d7d20_4493,11678.583
000d7d20_4494,11678.567
000d7d20_4495,11678.553
000d7d20_4496,11678.538
000d7d20_4497,11678.524
000d7d20_4498,11678.512
000d7d20_4499,11678.499
000d7d20_4500,11678.486
000d7d20_4501,11678.475
000d7d20_4502,11678.463
000d7d20_4503,11678.452
000d7d20_4504,11678.442
000d7d20_4505,11678.433
000d7d20_4506,11678.423
000d7d20_4507,11678.414
000d7d20_4508,11678.405
000d7d20_4509,11678.397
000d7d20_4510,11678.39
000d7d20_4511,11678.383
000d7d20_4512,11678.376
000d7d20_4513,11678.37
000d7d20_4514,11678.364
000d7d20_4515,11678.358
000d7d20_4516,11678.354
000d7d20_4517,11678.348
000d7d20_4518,11678.343
000d7d20_4519,11678.339
000d7d20_4520,11678.334
000d7d20_4521,11678.33
000d7d20_4522,11678.326
000d7d20_4523,11678.322
000d7d20_4524,11678.318
000d7d20_4525,11678.315
000d7d20_4526,11678.3125
000d7d20_4527,11678.31
000d7d20_4528,11678.307
000d7d20_4529,11678.304
000d7d20_4530,11678.302
000d7d20_4531,11678.3
000d7d20_4532,11678.298
000d7d20_4533,11678.296
000d7d20_4534,11678.294
000d7d20_4535,11678.293
000d7d20_4536,11678.291
000d7d20_4537,11678.29
000d7d20_4538,11678.289
000d7d20_4539,11678.288
000d7d20_4540,11678.288
000d7d20_4541,11678.287
000d7d20_4542,11678.287
000d7d20_4543,11678.286
000d7d20_4544,11678.286
000d7d20_4545,11678.286
000d7d20_4546,11678.286
000d7d20_4547,11678.286
000d7d20_4548,11678.286
000d7d20_4549,11678.286
000d7d20_4550,11678.287
000d7d20_4551,11678.287
000d7d20_4552,11678.288
000d7d20_4553,11678.288
000d7d20_4554,11678.289
000d7d20_4555,11678.29
000d7d20_4556,11678.291
000d7d20_4557,11678.292
000d7d20_4558,11678.293
000d7d20_4559,11678.294
000d7d20_4560,11678.295
000d7d20_4561,11678.297
000d7d20_4562,11678.298
000d7d20_4563,11678.299
000d7d20_4564,11678.3
000d7d20_4565,11678.302
000d7d20_4566,11678.303
000d7d20_4567,11678.304
000d7d20_4568,11678.305
000d7d20_4569,11678.306
000d7d20_4570,11678.307
000d7d20_4571,11678.308
000d7d20_4572,11678.309
000d7d20_4573,11678.31
000d7d20_4574,11678.311
000d7d20_4575,11678.311
000d7d20_4576,11678.312
000d7d20_4577,11678.312
000d7d20_4578,11678.312
000d7d20_4579,11678.312
000d7d20_4580,11678.312
000d7d20_4581,11678.311
000d7d20_4582,11678.311
000d7d20_4583,11678.31
000d7d20_4584,11678.309
000d7d20_4585,11678.308
000d7d20_4586,11678.306
000d7d20_4587,11678.304
000d7d20_4588,11678.303
000d7d20_4589,11678.3
000d7d20_4590,11678.298
000d7d20_4591,11678.296
000d7d20_4592,11678.293
000d7d20_4593,11678.29
000d7d20_4594,11678.287
000d7d20_4595,11678.284
000d7d20_4596,11678.281
000d7d20_4597,11678.277
000d7d20_4598,11678.273
000d7d20_4599,11678.27
000d7d20_4600,11678.266
000d7d20_4601,11678.262
000d7d20_4602,11678.257
000d7d20_4603,11678.253
000d7d20_4604,11678.248
000d7d20_4605,11678.242
000d7d20_4606,11678.237
000d7d20_4607,11678.231
000d7d20_4608,11678.227
000d7d20_4609,11678.221
000d7d20_4610,11678.215
000d7d20_4611,11678.209
000d7d20_4612,11678.203
000d7d20_4613,11678.197
000d7d20_4614,11678.191
000d7d20_4615,11678.186
000d7d20_4616,11678.18
000d7d20_4617,11678.174
000d7d20_4618,11678.168
000d7d20_4619,11678.162
000d7d20_4620,11678.155
000d7d20_4621,11678.149
000d7d20_4622,11678.144
000d7d20_4623,11678.138
000d7d20_4624,11678.132
000d7d20_4625,11678.126
000d7d20_4626,11678.12
000d7d20_4627,11678.114
000d7d20_4628,11678.108
000d7d20_4629,11678.103
000d7d20_4630,11678.097
000d7d20_4631,11678.091
000d7d20_4632,11678.085
000d7d20_4633,11678.079
000d7d20_4634,11678.073
000d7d20_4635,11678.067
000d7d20_4636,11678.061
000d7d20_4637,11678.055
000d7d20_4638,11678.048
000d7d20_4639,11678.042
000d7d20_4640,11678.035
000d7d20_4641,11678.028
000d7d20_4642,11678.0205
000d7d20_4643,11678.014
000d7d20_4644,11678.006
000d7d20_4645,11677.999
000d7d20_4646,11677.991
000d7d20_4647,11677.982
000d7d20_4648,11677.975
000d7d20_4649,11677.967
000d7d20_4650,11677.958
000d7d20_4651,11677.949
000d7d20_4652,11677.94
000d7d20_4653,11677.932
000d7d20_4654,11677.923
000d7d20_4655,11677.913
000d7d20_4656,11677.903
000d7d20_4657,11677.895
000d7d20_4658,11677.885
000d7d20_4659,11677.875
000d7d20_4660,11677.864
000d7d20_4661,11677.8545
000d7d20_4662,11677.845
000d7d20_4663,11677.835
000d7d20_4664,11677.825
000d7d20_4665,11677.815
000d7d20_4666,11677.806
000d7d20_4667,11677.796
000d7d20_4668,11677.786
000d7d20_4669,11677.776
000d7d20_4670,11677.767
000d7d20_4671,11677.757
000d7d20_4672,11677.747
000d7d20_4673,11677.736
000d7d20_4674,11677.727
000d7d20_4675,11677.717
000d7d20_4676,11677.707
000d7d20_4677,11677.697
000d7d20_4678,11677.687
000d7d20_4679,11677.677
000d7d20_4680,11677.666
000d7d20_4681,11677.656
000d7d20_4682,11677.6455
000d7d20_4683,11677.636
000d7d20_4684,11677.625
000d7d20_4685,11677.615
000d7d20_4686,11677.6045
000d7d20_4687,11677.594
000d7d20_4688,11677.584
000d7d20_4689,11677.573
000d7d20_4690,11677.5625
000d7d20_4691,11677.552
000d7d20_4692,11677.54
000d7d20_4693,11677.529
000d7d20_4694,11677.518
000d7d20_4695,11677.507
000d7d20_4696,11677.495
000d7d20_4697,11677.483
000d7d20_4698,11677.472
000d7d20_4699,11677.46
000d7d20_4700,11677.448
000d7d20_4701,11677.437
000d7d20_4702,11677.425
000d7d20_4703,11677.412
000d7d20_4704,11677.399
000d7d20_4705,11677.388
000d7d20_4706,11677.375
000d7d20_4707,11677.362
000d7d20_4708,11677.35
000d7d20_4709,11677.336
000d7d20_4710,11677.323
000d7d20_4711,11677.311
000d7d20_4712,11677.297
000d7d20_4713,11677.283
000d7d20_4714,11677.27
000d7d20_4715,11677.256
000d7d20_4716,11677.242
000d7d20_4717,11677.229
000d7d20_4718,11677.215
000d7d20_4719,11677.2
000d7d20_4720,11677.187
000d7d20_4721,11677.172
000d7d20_4722,11677.157
000d7d20_4723,11677.144
000d7d20_4724,11677.129
000d7d20_4725,11677.114
000d7d20_4726,11677.1
000d7d20_4727,11677.085
000d7d20_4728,11677.07
000d7d20_4729,11677.056
000d7d20_4730,11677.042
000d7d20_4731,11677.027
000d7d20_4732,11677.013
000d7d20_4733,11676.998
000d7d20_4734,11676.984
000d7d20_4735,11676.971
000d7d20_4736,11676.957
000d7d20_4737,11676.943
000d7d20_4738,11676.931
000d7d20_4739,11676.917
000d7d20_4740,11676.904
000d7d20_4741,11676.893
000d7d20_4742,11676.88
000d7d20_4743,11676.868
000d7d20_4744,11676.857
000d7d20_4745,11676.847
000d7d20_4746,11676.836
000d7d20_4747,11676.826
000d7d20_4748,11676.816
000d7d20_4749,11676.808
000d7d20_4750,11676.798
000d7d20_4751,11676.79
000d7d20_4752,11676.781
000d7d20_4753,11676.773
000d7d20_4754,11676.767
000d7d20_4755,11676.76
000d7d20_4756,11676.753
000d7d20_4757,11676.746
000d7d20_4758,11676.74
000d7d20_4759,11676.734
000d7d20_4760,11676.7295
000d7d20_4761,11676.725
000d7d20_4762,11676.72
000d7d20_4763,11676.715
000d7d20_4764,11676.711
000d7d20_4765,11676.707
000d7d20_4766,11676.704
000d7d20_4767,11676.701
000d7d20_4768,11676.698
000d7d20_4769,11676.695
000d7d20_4770,11676.693
000d7d20_4771,11676.691
000d7d20_4772,11676.689
000d7d20_4773,11676.688
000d7d20_4774,11676.6875
000d7d20_4775,11676.687
000d7d20_4776,11676.686
000d7d20_4777,11676.686
000d7d20_4778,11676.686
000d7d20_4779,11676.687
000d7d20_4780,11676.6875
000d7d20_4781,11676.688
000d7d20_4782,11676.689
000d7d20_4783,11676.691
000d7d20_4784,11676.693
000d7d20_4785,11676.695
000d7d20_4786,11676.698
000d7d20_4787,11676.701
000d7d20_4788,11676.704
000d7d20_4789,11676.707
000d7d20_4790,11676.711
000d7d20_4791,11676.715
000d7d20_4792,11676.719
000d7d20_4793,11676.724
000d7d20_4794,11676.729
000d7d20_4795,11676.733
000d7d20_4796,11676.739
000d7d20_4797,11676.746
000d7d20_4798,11676.752
000d7d20_4799,11676.759
000d7d20_4800,11676.767
000d7d20_4801,11676.773
000d7d20_4802,11676.781
000d7d20_4803,11676.79
000d7d20_4804,11676.799
000d7d20_4805,11676.808
000d7d20_4806,11676.816
000d7d20_4807,11676.826
000d7d20_4808,11676.836
000d7d20_4809,11676.846
000d7d20_4810,11676.855
000d7d20_4811,11676.866
000d7d20_4812,11676.878
000d7d20_4813,11676.889
000d7d20_4814,11676.9
000d7d20_4815,11676.912
000d7d20_4816,11676.925
000d7d20_4817,11676.937
000d7d20_4818,11676.949
000d7d20_4819,11676.963
000d7d20_4820,11676.976
000d7d20_4821,11676.989
000d7d20_4822,11677.004
000d7d20_4823,11677.018
000d7d20_4824,11677.032
000d7d20_4825,11677.046
000d7d20_4826,11677.061
000d7d20_4827,11677.075
000d7d20_4828,11677.091
000d7d20_4829,11677.105
000d7d20_4830,11677.121
000d7d20_4831,11677.137
000d7d20_4832,11677.152
000d7d20_4833,11677.168
000d7d20_4834,11677.184
000d7d20_4835,11677.199
000d7d20_4836,11677.216
000d7d20_4837,11677.231
000d7d20_4838,11677.248
000d7d20_4839,11677.264
000d7d20_4840,11677.28
000d7d20_4841,11677.296
000d7d20_4842,11677.3125
000d7d20_4843,11677.328
000d7d20_4844,11677.345
000d7d20_4845,11677.36
000d7d20_4846,11677.377
000d7d20_4847,11677.393
000d7d20_4848,11677.409
000d7d20_4849,11677.425
000d7d20_4850,11677.441
000d7d20_4851,11677.457
000d7d20_4852,11677.473
000d7d20_4853,11677.488
000d7d20_4854,11677.505
000d7d20_4855,11677.5205
000d7d20_4856,11677.536
000d7d20_4857,11677.552
000d7d20_4858,11677.567
000d7d20_4859,11677.582
000d7d20_4860,11677.598
000d7d20_4861,11677.613
000d7d20_4862,11677.628
000d7d20_4863,11677.644
000d7d20_4864,11677.658
000d7d20_4865,11677.674
000d7d20_4866,11677.688
000d7d20_4867,11677.703
000d7d20_4868,11677.718
000d7d20_4869,11677.732
000d7d20_4870,11677.746
000d7d20_4871,11677.761
000d7d20_4872,11677.775
000d7d20_4873,11677.789
000d7d20_4874,11677.803
000d7d20_4875,11677.817
000d7d20_4876,11677.83
000d7d20_4877,11677.844
000d7d20_4878,11677.857
000d7d20_4879,11677.87
000d7d20_4880,11677.883
000d7d20_4881,11677.895
000d7d20_4882,11677.907
000d7d20_4883,11677.919
000d7d20_4884,11677.931
000d7d20_4885,11677.942
000d7d20_4886,11677.953
000d7d20_4887,11677.965
000d7d20_4888,11677.976
000d7d20_4889,11677.986
000d7d20_4890,11677.996
000d7d20_4891,11678.007
000d7d20_4892,11678.017
000d7d20_4893,11678.026
000d7d20_4894,11678.036
000d7d20_4895,11678.045
000d7d20_4896,11678.054
000d7d20_4897,11678.0625
000d7d20_4898,11678.071
000d7d20_4899,11678.079
000d7d20_4900,11678.087
000d7d20_4901,11678.094
000d7d20_4902,11678.102
000d7d20_4903,11678.108
000d7d20_4904,11678.115
000d7d20_4905,11678.121
000d7d20_4906,11678.127
000d7d20_4907,11678.133
000d7d20_4908,11678.138
000d7d20_4909,11678.143
000d7d20_4910,11678.146
000d7d20_4911,11678.151
000d7d20_4912,11678.155
000d7d20_4913,11678.158
000d7d20_4914,11678.161
000d7d20_4915,11678.164
000d7d20_4916,11678.166
000d7d20_4917,11678.168
000d7d20_4918,11678.17
000d7d20_4919,11678.171
000d7d20_4920,11678.172
000d7d20_4921,11678.172
000d7d20_4922,11678.172
000d7d20_4923,11678.171
000d7d20_4924,11678.17
000d7d20_4925,11678.169
000d7d20_4926,11678.167
000d7d20_4927,11678.164
000d7d20_4928,11678.161
000d7d20_4929,11678.158
000d7d20_4930,11678.154
000d7d20_4931,11678.149
000d7d20_4932,11678.1455
000d7d20_4933,11678.14
000d7d20_4934,11678.134
000d7d20_4935,11678.128
000d7d20_4936,11678.121
000d7d20_4937,11678.113
000d7d20_4938,11678.106
000d7d20_4939,11678.098
000d7d20_4940,11678.089
000d7d20_4941,11678.08
000d7d20_4942,11678.071
000d7d20_4943,11678.062
000d7d20_4944,11678.053
000d7d20_4945,11678.042
000d7d20_4946,11678.032
000d7d20_4947,11678.021
000d7d20_4948,11678.011
000d7d20_4949,11677.999
000d7d20_4950,11677.988
000d7d20_4951,11677.977
000d7d20_4952,11677.964
000d7d20_4953,11677.951
000d7d20_4954,11677.938
000d7d20_4955,11677.926
000d7d20_4956,11677.912
000d7d20_4957,11677.898
000d7d20_4958,11677.885
000d7d20_4959,11677.87
000d7d20_4960,11677.855
000d7d20_4961,11677.84
000d7d20_4962,11677.825
000d7d20_4963,11677.809
000d7d20_4964,11677.793
000d7d20_4965,11677.776
000d7d20_4966,11677.76
000d7d20_4967,11677.742
000d7d20_4968,11677.725
000d7d20_4969,11677.707
000d7d20_4970,11677.688
000d7d20_4971,11677.67
000d7d20_4972,11677.651
000d7d20_4973,11677.632
000d7d20_4974,11677.612
000d7d20_4975,11677.592
000d7d20_4976,11677.572
000d7d20_4977,11677.551
000d7d20_4978,11677.53
000d7d20_4979,11677.509
000d7d20_4980,11677.487
000d7d20_4981,11677.465
000d7d20_4982,11677.442
000d7d20_4983,11677.42
000d7d20_4984,11677.396
000d7d20_4985,11677.373
000d7d20_4986,11677.349
000d7d20_4987,11677.324
000d7d20_4988,11677.3
000d7d20_4989,11677.274
000d7d20_4990,11677.249
000d7d20_4991,11677.223
000d7d20_4992,11677.197
000d7d20_4993,11677.171
000d7d20_4994,11677.145
000d7d20_4995,11677.118
000d7d20_4996,11677.091
000d7d20_4997,11677.064
000d7d20_4998,11677.037
000d7d20_4999,11677.01
000d7d20_5000,11676.982
000d7d20_5001,11676.954
000d7d20_5002,11676.927
000d7d20_5003,11676.898
000d7d20_5004,11676.87
000d7d20_5005,11676.842
000d7d20_5006,11676.813
000d7d20_5007,11676.785
000d7d20_5008,11676.757
000d7d20_5009,11676.729
000d7d20_5010,11676.7
000d7d20_5011,11676.672
000d7d20_5012,11676.644
000d7d20_5013,11676.615
000d7d20_5014,11676.587
000d7d20_5015,11676.559
000d7d20_5016,11676.53
000d7d20_5017,11676.503
000d7d20_5018,11676.475
000d7d20_5019,11676.447
000d7d20_5020,11676.42
000d7d20_5021,11676.393
000d7d20_5022,11676.365
000d7d20_5023,11676.339
000d7d20_5024,11676.3125
000d7d20_5025,11676.286
000d7d20_5026,11676.26
000d7d20_5027,11676.234
000d7d20_5028,11676.209
000d7d20_5029,11676.185
000d7d20_5030,11676.159
000d7d20_5031,11676.135
000d7d20_5032,11676.111
000d7d20_5033,11676.088
000d7d20_5034,11676.064
000d7d20_5035,11676.041
000d7d20_5036,11676.019
000d7d20_5037,11675.996
000d7d20_5038,11675.974
000d7d20_5039,11675.952
000d7d20_5040,11675.931
000d7d20_5041,11675.909
000d7d20_5042,11675.889
000d7d20_5043,11675.867
000d7d20_5044,11675.847
000d7d20_5045,11675.826
000d7d20_5046,11675.806
000d7d20_5047,11675.785
000d7d20_5048,11675.766
000d7d20_5049,11675.745
000d7d20_5050,11675.726
000d7d20_5051,11675.706
000d7d20_5052,11675.687
000d7d20_5053,11675.667
000d7d20_5054,11675.648
000d7d20_5055,11675.629
000d7d20_5056,11675.61
000d7d20_5057,11675.592
000d7d20_5058,11675.574
000d7d20_5059,11675.556
000d7d20_5060,11675.538
000d7d20_5061,11675.52
000d7d20_5062,11675.503
000d7d20_5063,11675.485
000d7d20_5064,11675.468
000d7d20_5065,11675.451
000d7d20_5066,11675.435
000d7d20_5067,11675.418
000d7d20_5068,11675.402
000d7d20_5069,11675.386
000d7d20_5070,11675.37
000d7d20_5071,11675.355
000d7d20_5072,11675.34
000d7d20_5073,11675.325
000d7d20_5074,11675.311
000d7d20_5075,11675.296
000d7d20_5076,11675.282
000d7d20_5077,11675.268
000d7d20_5078,11675.254
000d7d20_5079,11675.241
000d7d20_5080,11675.229
000d7d20_5081,11675.216
000d7d20_5082,11675.203
000d7d20_5083,11675.19
000d7d20_5084,11675.179
000d7d20_5085,11675.168
000d7d20_5086,11675.156
000d7d20_5087,11675.1455
000d7d20_5088,11675.135
000d7d20_5089,11675.125
000d7d20_5090,11675.115
000d7d20_5091,11675.105
000d7d20_5092,11675.097
000d7d20_5093,11675.087
000d7d20_5094,11675.078
000d7d20_5095,11675.069
000d7d20_5096,11675.061
000d7d20_5097,11675.052
000d7d20_5098,11675.044
000d7d20_5099,11675.035
000d7d20_5100,11675.027
000d7d20_5101,11675.02
000d7d20_5102,11675.012
000d7d20_5103,11675.004
000d7d20_5104,11674.996
000d7d20_5105,11674.988
000d7d20_5106,11674.98
000d7d20_5107,11674.974
000d7d20_5108,11674.966
000d7d20_5109,11674.959
000d7d20_5110,11674.951
000d7d20_5111,11674.944
000d7d20_5112,11674.9375
000d7d20_5113,11674.93
000d7d20_5114,11674.923
000d7d20_5115,11674.916
000d7d20_5116,11674.909
000d7d20_5117,11674.902
000d7d20_5118,11674.8955
000d7d20_5119,11674.888
000d7d20_5120,11674.881
000d7d20_5121,11674.874
000d7d20_5122,11674.867
000d7d20_5123,11674.86
000d7d20_5124,11674.853
000d7d20_5125,11674.846
000d7d20_5126,11674.839
000d7d20_5127,11674.832
000d7d20_5128,11674.823
000d7d20_5129,11674.814
000d7d20_5130,11674.806
000d7d20_5131,11674.797
000d7d20_5132,11674.788
000d7d20_5133,11674.779
000d7d20_5134,11674.7705
000d7d20_5135,11674.762
000d7d20_5136,11674.754
000d7d20_5137,11674.745
000d7d20_5138,11674.736
000d7d20_5139,11674.729
000d7d20_5140,11674.72
000d7d20_5141,11674.712
000d7d20_5142,11674.704
000d7d20_5143,11674.695
000d7d20_5144,11674.6875
000d7d20_5145,11674.68
000d7d20_5146,11674.672
000d7d20_5147,11674.664
000d7d20_5148,11674.656
000d7d20_5149,11674.648
000d7d20_5150,11674.641
000d7d20_5151,11674.633
000d7d20_5152,11674.625
000d7d20_5153,11674.618
000d7d20_5154,11674.61
000d7d20_5155,11674.603
000d7d20_5156,11674.596
000d7d20_5157,11674.588
000d7d20_5158,11674.581
000d7d20_5159,11674.573
000d7d20_5160,11674.566
000d7d20_5161,11674.56
000d7d20_5162,11674.553
000d7d20_5163,11674.546
000d7d20_5164,11674.539
000d7d20_5165,11674.531
000d7d20_5166,11674.525
000d7d20_5167,11674.519
000d7d20_5168,11674.512
000d7d20_5169,11674.505
000d7d20_5170,11674.498
000d7d20_5171,11674.492
000d7d20_5172,11674.485
000d7d20_5173,11674.479
000d7d20_5174,11674.473
000d7d20_5175,11674.466
000d7d20_5176,11674.46
000d7d20_5177,11674.454
000d7d20_5178,11674.447
000d7d20_5179,11674.441
000d7d20_5180,11674.436
000d7d20_5181,11674.43
000d7d20_5182,11674.424
000d7d20_5183,11674.418
000d7d20_5184,11674.412
000d7d20_5185,11674.406
000d7d20_5186,11674.4
000d7d20_5187,11674.3955
000d7d20_5188,11674.39
000d7d20_5189,11674.384
000d7d20_5190,11674.379
000d7d20_5191,11674.373
000d7d20_5192,11674.368
000d7d20_5193,11674.362
000d7d20_5194,11674.357
000d7d20_5195,11674.353
000d7d20_5196,11674.347
000d7d20_5197,11674.342
000d7d20_5198,11674.337
000d7d20_5199,11674.332
000d7d20_5200,11674.327
000d7d20_5201,11674.322
000d7d20_5202,11674.317
000d7d20_5203,11674.3125
000d7d20_5204,11674.309
000d7d20_5205,11674.304
000d7d20_5206,11674.299
000d7d20_5207,11674.295
000d7d20_5208,11674.29
000d7d20_5209,11674.286
000d7d20_5210,11674.281
000d7d20_5211,11674.277
000d7d20_5212,11674.273
000d7d20_5213,11674.269
000d7d20_5214,11674.265
000d7d20_5215,11674.261
000d7d20_5216,11674.257
000d7d20_5217,11674.253
000d7d20_5218,11674.249
000d7d20_5219,11674.245
000d7d20_5220,11674.241
000d7d20_5221,11674.237
000d7d20_5222,11674.234
000d7d20_5223,11674.23
000d7d20_5224,11674.227
000d7d20_5225,11674.224
000d7d20_5226,11674.22
000d7d20_5227,11674.217
000d7d20_5228,11674.214
000d7d20_5229,11674.21
000d7d20_5230,11674.207
000d7d20_5231,11674.204
000d7d20_5232,11674.201
000d7d20_5233,11674.198
000d7d20_5234,11674.194
000d7d20_5235,11674.191
000d7d20_5236,11674.189
000d7d20_5237,11674.187
000d7d20_5238,11674.184
000d7d20_5239,11674.181
000d7d20_5240,11674.178
000d7d20_5241,11674.176
000d7d20_5242,11674.173
000d7d20_5243,11674.171
000d7d20_5244,11674.168
000d7d20_5245,11674.166
000d7d20_5246,11674.164
000d7d20_5247,11674.161
000d7d20_5248,11674.159
000d7d20_5249,11674.157
000d7d20_5250,11674.155
000d7d20_5251,11674.153
000d7d20_5252,11674.151
000d7d20_5253,11674.149
000d7d20_5254,11674.147
000d7d20_5255,11674.1455
000d7d20_5256,11674.144
000d7d20_5257,11674.143
000d7d20_5258,11674.141
000d7d20_5259,11674.139
000d7d20_5260,11674.138
000d7d20_5261,11674.136
000d7d20_5262,11674.135
000d7d20_5263,11674.133
000d7d20_5264,11674.132
000d7d20_5265,11674.131
000d7d20_5266,11674.13
000d7d20_5267,11674.129
000d7d20_5268,11674.128
000d7d20_5269,11674.127
000d7d20_5270,11674.126
000d7d20_5271,11674.125
000d7d20_5272,11674.124
000d7d20_5273,11674.123
000d7d20_5274,11674.122
000d7d20_5275,11674.122
000d7d20_5276,11674.121
000d7d20_5277,11674.12
00bbac68_1545,12142.725
00bbac68_1546,12142.734
00bbac68_1547,12142.744
00bbac68_1548,12142.755
00bbac68_1549,12142.766
00bbac68_1550,12142.775
00bbac68_1551,12142.786
00bbac68_1552,12142.797
00bbac68_1553,12142.808
00bbac68_1554,12142.818
00bbac68_1555,12142.829
00bbac68_1556,12142.84
00bbac68_1557,12142.852
00bbac68_1558,12142.862
00bbac68_1559,12142.873
00bbac68_1560,12142.885
00bbac68_1561,12142.8955
00bbac68_1562,12142.907
00bbac68_1563,12142.918
00bbac68_1564,12142.929
00bbac68_1565,12142.94
00bbac68_1566,12142.952
00bbac68_1567,12142.963
00bbac68_1568,12142.975
00bbac68_1569,12142.985
00bbac68_1570,12142.997
00bbac68_1571,12143.008
00bbac68_1572,12143.02
00bbac68_1573,12143.03
00bbac68_1574,12143.042
00bbac68_1575,12143.053
00bbac68_1576,12143.063
00bbac68_1577,12143.074
00bbac68_1578,12143.085
00bbac68_1579,12143.096
00bbac68_1580,12143.106
00bbac68_1581,12143.117
00bbac68_1582,12143.128
00bbac68_1583,12143.138
00bbac68_1584,12143.148
00bbac68_1585,12143.158
00bbac68_1586,12143.168
00bbac68_1587,12143.178
00bbac68_1588,12143.188
00bbac68_1589,12143.198
00bbac68_1590,12143.208
00bbac68_1591,12143.218
00bbac68_1592,12143.228
00bbac68_1593,12143.237
00bbac68_1594,12143.247
00bbac68_1595,12143.257
00bbac68_1596,12143.267
00bbac68_1597,12143.276
00bbac68_1598,12143.286
00bbac68_1599,12143.296
00bbac68_1600,12143.306
00bbac68_1601,12143.315
00bbac68_1602,12143.324
00bbac68_1603,12143.334
00bbac68_1604,12143.344
00bbac68_1605,12143.354
00bbac68_1606,12143.362
00bbac68_1607,12143.372
00bbac68_1608,12143.382
00bbac68_1609,12143.392
00bbac68_1610,12143.4
00bbac68_1611,12143.41
00bbac68_1612,12143.42
00bbac68_1613,12143.429
00bbac68_1614,12143.438
00bbac68_1615,12143.448
00bbac68_1616,12143.457
00bbac68_1617,12143.467
00bbac68_1618,12143.476
00bbac68_1619,12143.485
00bbac68_1620,12143.494
00bbac68_1621,12143.503
00bbac68_1622,12143.512
00bbac68_1623,12143.5205
00bbac68_1624,12143.529
00bbac68_1625,12143.538
00bbac68_1626,12143.546
00bbac68_1627,12143.555
00bbac68_1628,12143.5625
00bbac68_1629,12143.57
00bbac68_1630,12143.578
00bbac68_1631,12143.586
00bbac68_1632,12143.594
00bbac68_1633,12143.602
00bbac68_1634,12143.608
00bbac68_1635,12143.615
00bbac68_1636,12143.622
00bbac68_1637,12143.629
00bbac68_1638,12143.636
00bbac68_1639,12143.643
00bbac68_1640,12143.648
00bbac68_1641,12143.655
00bbac68_1642,12143.661
00bbac68_1643,12143.667
00bbac68_1644,12143.673
00bbac68_1645,12143.679
00bbac68_1646,12143.686
00bbac68_1647,12143.69
00bbac68_1648,12143.696
00bbac68_1649,12143.702
00bbac68_1650,12143.708
00bbac68_1651,12143.713
00bbac68_1652,12143.719
00bbac68_1653,12143.725
00bbac68_1654,12143.7295
00bbac68_1655,12143.735
00bbac68_1656,12143.74
00bbac68_1657,12143.746
00bbac68_1658,12143.751
00bbac68_1659,12143.756
00bbac68_1660,12143.761
00bbac68_1661,12143.767
00bbac68_1662,12143.771
00bbac68_1663,12143.776
00bbac68_1664,12143.781
00bbac68_1665,12143.785
00bbac68_1666,12143.79
00bbac68_1667,12143.795
00bbac68_1668,12143.799
00bbac68_1669,12143.803
00bbac68_1670,12143.808
00bbac68_1671,12143.812
00bbac68_1672,12143.815
00bbac68_1673,12143.819
00bbac68_1674,12143.822
00bbac68_1675,12143.826
00bbac68_1676,12143.829
00bbac68_1677,12143.832
00bbac68_1678,12143.835
00bbac68_1679,12143.838
00bbac68_1680,12143.84
00bbac68_1681,12143.843
00bbac68_1682,12143.845
00bbac68_1683,12143.847
00bbac68_1684,12143.849
00bbac68_1685,12143.851
00bbac68_1686,12143.853
00bbac68_1687,12143.854
00bbac68_1688,12143.855
00bbac68_1689,12143.856
00bbac68_1690,12143.857
00bbac68_1691,12143.857
00bbac68_1692,12143.858
00bbac68_1693,12143.858
00bbac68_1694,12143.859
00bbac68_1695,12143.859
00bbac68_1696,12143.859
00bbac68_1697,12143.858
00bbac68_1698,12143.858
00bbac68_1699,12143.858
00bbac68_1700,12143.857
00bbac68_1701,12143.856
00bbac68_1702,12143.855
00bbac68_1703,12143.8545
00bbac68_1704,12143.854
00bbac68_1705,12143.853
00bbac68_1706,12143.852
00bbac68_1707,12143.85
00bbac68_1708,12143.848
00bbac68_1709,12143.847
00bbac68_1710,12143.845
00bbac68_1711,12143.843
00bbac68_1712,12143.841
00bbac68_1713,12143.838
00bbac68_1714,12143.836
00bbac68_1715,12143.833
00bbac68_1716,12143.831
00bbac68_1717,12143.828
00bbac68_1718,12143.825
00bbac68_1719,12143.822
00bbac68_1720,12143.819
00bbac68_1721,12143.816
00bbac68_1722,12143.8125
00bbac68_1723,12143.81
00bbac68_1724,12143.806
00bbac68_1725,12143.802
00bbac68_1726,12143.799
00bbac68_1727,12143.795
00bbac68_1728,12143.79
00bbac68_1729,12143.786
00bbac68_1730,12143.782
00bbac68_1731,12143.777
00bbac68_1732,12143.773
00bbac68_1733,12143.769
00bbac68_1734,12143.764
00bbac68_1735,12143.759
00bbac68_1736,12143.754
00bbac68_1737,12143.748
00bbac68_1738,12143.743
00bbac68_1739,12143.738
00bbac68_1740,12143.732
00bbac68_1741,12143.727
00bbac68_1742,12143.721
00bbac68_1743,12143.715
00bbac68_1744,12143.709
00bbac68_1745,12143.703
00bbac68_1746,12143.697
00bbac68_1747,12143.69
00bbac68_1748,12143.685
00bbac68_1749,12143.678
00bbac68_1750,12143.672
00bbac68_1751,12143.665
00bbac68_1752,12143.658
00bbac68_1753,12143.651
00bbac68_1754,12143.645
00bbac68_1755,12143.638
00bbac68_1756,12143.631
00bbac68_1757,12143.624
00bbac68_1758,12143.616
00bbac68_1759,12143.609
00bbac68_1760,12143.602
00bbac68_1761,12143.594
00bbac68_1762,12143.586
00bbac68_1763,12143.579
00bbac68_1764,12143.571
00bbac68_1765,12143.563
00bbac68_1766,12143.555
00bbac68_1767,12143.547
00bbac68_1768,12143.539
00bbac68_1769,12143.53
00bbac68_1770,12143.522
00bbac68_1771,12143.514
00bbac68_1772,12143.505
00bbac68_1773,12143.497
00bbac68_1774,12143.488
00bbac68_1775,12143.4795
00bbac68_1776,12143.471
00bbac68_1777,12143.462
00bbac68_1778,12143.453
00bbac68_1779,12143.443
00bbac68_1780,12143.435
00bbac68_1781,12143.426
00bbac68_1782,12143.416
00bbac68_1783,12143.407
00bbac68_1784,12143.398
00bbac68_1785,12143.39
00bbac68_1786,12143.38
00bbac68_1787,12143.371
00bbac68_1788,12143.362
00bbac68_1789,12143.354
00bbac68_1790,12143.345
00bbac68_1791,12143.335
00bbac68_1792,12143.326
00bbac68_1793,12143.317
00bbac68_1794,12143.309
00bbac68_1795,12143.3
00bbac68_1796,12143.291
00bbac68_1797,12143.282
00bbac68_1798,12143.274
00bbac68_1799,12143.266
00bbac68_1800,12143.257
00bbac68_1801,12143.248
00bbac68_1802,12143.24
00bbac68_1803,12143.231
00bbac68_1804,12143.224
00bbac68_1805,12143.215
00bbac68_1806,12143.206
00bbac68_1807,12143.198
00bbac68_1808,12143.189
00bbac68_1809,12143.182
00bbac68_1810,12143.173
00bbac68_1811,12143.165
00bbac68_1812,12143.156
00bbac68_1813,12143.148
00bbac68_1814,12143.14
00bbac68_1815,12143.132
00bbac68_1816,12143.124
00bbac68_1817,12143.115
00bbac68_1818,12143.107
00bbac68_1819,12143.1
00bbac68_1820,12143.091
00bbac68_1821,12143.083
00bbac68_1822,12143.075
00bbac68_1823,12143.067
00bbac68_1824,12143.06
00bbac68_1825,12143.052
00bbac68_1826,12143.044
00bbac68_1827,12143.036
00bbac68_1828,12143.028
00bbac68_1829,12143.0205
00bbac68_1830,12143.014
00bbac68_1831,12143.007
00bbac68_1832,12143.0
00bbac68_1833,12142.993
00bbac68_1834,12142.986
00bbac68_1835,12142.9795
00bbac68_1836,12142.973
00bbac68_1837,12142.966
00bbac68_1838,12142.96
00bbac68_1839,12142.953
00bbac68_1840,12142.947
00bbac68_1841,12142.94
00bbac68_1842,12142.935
00bbac68_1843,12142.929
00bbac68_1844,12142.923
00bbac68_1845,12142.917
00bbac68_1846,12142.911
00bbac68_1847,12142.905
00bbac68_1848,12142.899
00bbac68_1849,12142.895
00bbac68_1850,12142.889
00bbac68_1851,12142.884
00bbac68_1852,12142.879
00bbac68_1853,12142.873
00bbac68_1854,12142.868
00bbac68_1855,12142.863
00bbac68_1856,12142.858
00bbac68_1857,12142.854
00bbac68_1858,12142.85
00bbac68_1859,12142.845
00bbac68_1860,12142.841
00bbac68_1861,12142.836
00bbac68_1862,12142.832
00bbac68_1863,12142.828
00bbac68_1864,12142.824
00bbac68_1865,12142.82
00bbac68_1866,12142.816
00bbac68_1867,12142.8125
00bbac68_1868,12142.81
00bbac68_1869,12142.806
00bbac68_1870,12142.803
00bbac68_1871,12142.8
00bbac68_1872,12142.796
00bbac68_1873,12142.793
00bbac68_1874,12142.791
00bbac68_1875,12142.788
00bbac68_1876,12142.785
00bbac68_1877,12142.783
00bbac68_1878,12142.781
00bbac68_1879,12142.779
00bbac68_1880,12142.777
00bbac68_1881,12142.775
00bbac68_1882,12142.774
00bbac68_1883,12142.773
00bbac68_1884,12142.772
00bbac68_1885,12142.771
00bbac68_1886,12142.7705
00bbac68_1887,12142.77
00bbac68_1888,12142.77
00bbac68_1889,12142.77
00bbac68_1890,12142.769
00bbac68_1891,12142.77
00bbac68_1892,12142.77
00bbac68_1893,12142.77
00bbac68_1894,12142.7705
00bbac68_1895,12142.771
00bbac68_1896,12142.772
00bbac68_1897,12142.773
00bbac68_1898,12142.774
00bbac68_1899,12142.776
00bbac68_1900,12142.778
00bbac68_1901,12142.779
00bbac68_1902,12142.781
00bbac68_1903,12142.783
00bbac68_1904,12142.785
00bbac68_1905,12142.787
00bbac68_1906,12142.789
00bbac68_1907,12142.791
00bbac68_1908,12142.794
00bbac68_1909,12142.796
00bbac68_1910,12142.799
00bbac68_1911,12142.801
00bbac68_1912,12142.804
00bbac68_1913,12142.806
00bbac68_1914,12142.808
00bbac68_1915,12142.811
00bbac68_1916,12142.8125
00bbac68_1917,12142.814
00bbac68_1918,12142.816
00bbac68_1919,12142.818
00bbac68_1920,12142.82
00bbac68_1921,12142.822
00bbac68_1922,12142.824
00bbac68_1923,12142.825
00bbac68_1924,12142.827
00bbac68_1925,12142.829
00bbac68_1926,12142.831
00bbac68_1927,12142.832
00bbac68_1928,12142.834
00bbac68_1929,12142.835
00bbac68_1930,12142.837
00bbac68_1931,12142.838
00bbac68_1932,12142.839
00bbac68_1933,12142.841
00bbac68_1934,12142.842
00bbac68_1935,12142.843
00bbac68_1936,12142.844
00bbac68_1937,12142.845
00bbac68_1938,12142.847
00bbac68_1939,12142.848
00bbac68_1940,12142.849
00bbac68_1941,12142.85
00bbac68_1942,12142.851
00bbac68_1943,12142.852
00bbac68_1944,12142.853
00bbac68_1945,12142.853
00bbac68_1946,12142.854
00bbac68_1947,12142.8545
00bbac68_1948,12142.855
00bbac68_1949,12142.856
00bbac68_1950,12142.856
00bbac68_1951,12142.857
00bbac68_1952,12142.857
00bbac68_1953,12142.858
00bbac68_1954,12142.858
00bbac68_1955,12142.858
00bbac68_1956,12142.858
00bbac68_1957,12142.858
00bbac68_1958,12142.858
00bbac68_1959,12142.858
00bbac68_1960,12142.858
00bbac68_1961,12142.857
00bbac68_1962,12142.856
00bbac68_1963,12142.856
00bbac68_1964,12142.855
00bbac68_1965,12142.8545
00bbac68_1966,12142.854
00bbac68_1967,12142.853
00bbac68_1968,12142.851
00bbac68_1969,12142.85
00bbac68_1970,12142.848
00bbac68_1971,12142.847
00bbac68_1972,12142.845
00bbac68_1973,12142.843
00bbac68_1974,12142.841
00bbac68_1975,12142.839
00bbac68_1976,12142.837
00bbac68_1977,12142.834
00bbac68_1978,12142.832
00bbac68_1979,12142.83
00bbac68_1980,12142.827
00bbac68_1981,12142.825
00bbac68_1982,12142.822
00bbac68_1983,12142.82
00bbac68_1984,12142.817
00bbac68_1985,12142.814
00bbac68_1986,12142.8125
00bbac68_1987,12142.81
00bbac68_1988,12142.807
00bbac68_1989,12142.804
00bbac68_1990,12142.8
00bbac68_1991,12142.797
00bbac68_1992,12142.794
00bbac68_1993,12142.79
00bbac68_1994,12142.786
00bbac68_1995,12142.783
00bbac68_1996,12142.779
00bbac68_1997,12142.775
00bbac68_1998,12142.7705
00bbac68_1999,12142.767
00bbac68_2000,12142.763
00bbac68_2001,12142.758
00bbac68_2002,12142.754
00bbac68_2003,12142.749
00bbac68_2004,12142.744
00bbac68_2005,12142.739
00bbac68_2006,12142.735
00bbac68_2007,12142.73
00bbac68_2008,12142.726
00bbac68_2009,12142.721
00bbac68_2010,12142.716
00bbac68_2011,12142.71
00bbac68_2012,12142.705
00bbac68_2013,12142.7
00bbac68_2014,12142.694
00bbac68_2015,12142.689
00bbac68_2016,12142.684
00bbac68_2017,12142.679
00bbac68_2018,12142.673
00bbac68_2019,12142.667
00bbac68_2020,12142.661
00bbac68_2021,12142.655
00bbac68_2022,12142.649
00bbac68_2023,12142.644
00bbac68_2024,12142.639
00bbac68_2025,12142.632
00bbac68_2026,12142.626
00bbac68_2027,12142.62
00bbac68_2028,12142.614
00bbac68_2029,12142.608
00bbac68_2030,12142.603
00bbac68_2031,12142.597
00bbac68_2032,12142.591
00bbac68_2033,12142.585
00bbac68_2034,12142.578
00bbac68_2035,12142.572
00bbac68_2036,12142.566
00bbac68_2037,12142.561
00bbac68_2038,12142.554
00bbac68_2039,12142.548
00bbac68_2040,12142.542
00bbac68_2041,12142.536
00bbac68_2042,12142.53
00bbac68_2043,12142.524
00bbac68_2044,12142.519
00bbac68_2045,12142.513
00bbac68_2046,12142.507
00bbac68_2047,12142.501
00bbac68_2048,12142.495
00bbac68_2049,12142.489
00bbac68_2050,12142.484
00bbac68_2051,12142.479
00bbac68_2052,12142.473
00bbac68_2053,12142.467
00bbac68_2054,12142.462
00bbac68_2055,12142.456
00bbac68_2056,12142.451
00bbac68_2057,12142.446
00bbac68_2058,12142.441
00bbac68_2059,12142.437
00bbac68_2060,12142.432
00bbac68_2061,12142.428
00bbac68_2062,12142.423
00bbac68_2063,12142.419
00bbac68_2064,12142.415
00bbac68_2065,12142.411
00bbac68_2066,12142.407
00bbac68_2067,12142.404
00bbac68_2068,12142.4
00bbac68_2069,12142.397
00bbac68_2070,12142.395
00bbac68_2071,12142.392
00bbac68_2072,12142.389
00bbac68_2073,12142.387
00bbac68_2074,12142.384
00bbac68_2075,12142.382
00bbac68_2076,12142.38
00bbac68_2077,12142.378
00bbac68_2078,12142.376
00bbac68_2079,12142.374
00bbac68_2080,12142.373
00bbac68_2081,12142.371
00bbac68_2082,12142.37
00bbac68_2083,12142.369
00bbac68_2084,12142.368
00bbac68_2085,12142.367
00bbac68_2086,12142.367
00bbac68_2087,12142.366
00bbac68_2088,12142.366
00bbac68_2089,12142.366
00bbac68_2090,12142.366
00bbac68_2091,12142.366
00bbac68_2092,12142.367
00bbac68_2093,12142.367
00bbac68_2094,12142.368
00bbac68_2095,12142.369
00bbac68_2096,12142.37
00bbac68_2097,12142.371
00bbac68_2098,12142.372
00bbac68_2099,12142.374
00bbac68_2100,12142.375
00bbac68_2101,12142.377
00bbac68_2102,12142.379
00bbac68_2103,12142.381
00bbac68_2104,12142.383
00bbac68_2105,12142.386
00bbac68_2106,12142.388
00bbac68_2107,12142.391
00bbac68_2108,12142.394
00bbac68_2109,12142.396
00bbac68_2110,12142.399
00bbac68_2111,12142.403
00bbac68_2112,12142.406
00bbac68_2113,12142.41
00bbac68_2114,12142.414
00bbac68_2115,12142.418
00bbac68_2116,12142.422
00bbac68_2117,12142.427
00bbac68_2118,12142.431
00bbac68_2119,12142.436
00bbac68_2120,12142.44
00bbac68_2121,12142.445
00bbac68_2122,12142.451
00bbac68_2123,12142.457
00bbac68_2124,12142.462
00bbac68_2125,12142.468
00bbac68_2126,12142.474
00bbac68_2127,12142.48
00bbac68_2128,12142.486
00bbac68_2129,12142.493
00bbac68_2130,12142.499
00bbac68_2131,12142.506
00bbac68_2132,12142.513
00bbac68_2133,12142.52
00bbac68_2134,12142.526
00bbac68_2135,12142.534
00bbac68_2136,12142.541
00bbac68_2137,12142.549
00bbac68_2138,12142.557
00bbac68_2139,12142.564
00bbac68_2140,12142.572
00bbac68_2141,12142.58
00bbac68_2142,12142.588
00bbac68_2143,12142.597
00bbac68_2144,12142.605
00bbac68_2145,12142.613
00bbac68_2146,12142.622
00bbac68_2147,12142.631
00bbac68_2148,12142.64
00bbac68_2149,12142.649
00bbac68_2150,12142.658
00bbac68_2151,12142.668
00bbac68_2152,12142.678
00bbac68_2153,12142.6875
00bbac68_2154,12142.697
00bbac68_2155,12142.708
00bbac68_2156,12142.718
00bbac68_2157,12142.729
00bbac68_2158,12142.739
00bbac68_2159,12142.751
00bbac68_2160,12142.762
00bbac68_2161,12142.773
00bbac68_2162,12142.784
00bbac68_2163,12142.796
00bbac68_2164,12142.809
00bbac68_2165,12142.82
00bbac68_2166,12142.832
00bbac68_2167,12142.844
00bbac68_2168,12142.856
00bbac68_2169,12142.868
00bbac68_2170,12142.881
00bbac68_2171,12142.893
00bbac68_2172,12142.905
00bbac68_2173,12142.917
00bbac68_2174,12142.93
00bbac68_2175,12142.942
00bbac68_2176,12142.954
00bbac68_2177,12142.967
00bbac68_2178,12142.9795
00bbac68_2179,12142.991
00bbac68_2180,12143.004
00bbac68_2181,12143.017
00bbac68_2182,12143.028
00bbac68_2183,12143.041
00bbac68_2184,12143.053
00bbac68_2185,12143.065
00bbac68_2186,12143.077
00bbac68_2187,12143.089
00bbac68_2188,12143.102
00bbac68_2189,12143.113
00bbac68_2190,12143.125
00bbac68_2191,12143.137
00bbac68_2192,12143.147
00bbac68_2193,12143.159
00bbac68_2194,12143.171
00bbac68_2195,12143.182
00bbac68_2196,12143.192
00bbac68_2197,12143.203
00bbac68_2198,12143.214
00bbac68_2199,12143.225
00bbac68_2200,12143.235
00bbac68_2201,12143.245
00bbac68_2202,12143.256
00bbac68_2203,12143.266
00bbac68_2204,12143.275
00bbac68_2205,12143.285
00bbac68_2206,12143.295
00bbac68_2207,12143.305
00bbac68_2208,12143.313
00bbac68_2209,12143.322
00bbac68_2210,12143.331
00bbac68_2211,12143.34
00bbac68_2212,12143.349
00bbac68_2213,12143.356
00bbac68_2214,12143.365
00bbac68_2215,12143.373
00bbac68_2216,12143.381
00bbac68_2217,12143.389
00bbac68_2218,12143.396
00bbac68_2219,12143.403
00bbac68_2220,12143.411
00bbac68_2221,12143.418
00bbac68_2222,12143.425
00bbac68_2223,12143.432
00bbac68_2224,12143.438
00bbac68_2225,12143.445
00bbac68_2226,12143.451
00bbac68_2227,12143.457
00bbac68_2228,12143.463
00bbac68_2229,12143.469
00bbac68_2230,12143.474
00bbac68_2231,12143.4795
00bbac68_2232,12143.484
00bbac68_2233,12143.489
00bbac68_2234,12143.494
00bbac68_2235,12143.499
00bbac68_2236,12143.503
00bbac68_2237,12143.508
00bbac68_2238,12143.512
00bbac68_2239,12143.516
00bbac68_2240,12143.52
00bbac68_2241,12143.523
00bbac68_2242,12143.526
00bbac68_2243,12143.53
00bbac68_2244,12143.533
00bbac68_2245,12143.536
00bbac68_2246,12143.539
00bbac68_2247,12143.541
00bbac68_2248,12143.544
00bbac68_2249,12143.546
00bbac68_2250,12143.548
00bbac68_2251,12143.55
00bbac68_2252,12143.552
00bbac68_2253,12143.554
00bbac68_2254,12143.555
00bbac68_2255,12143.557
00bbac68_2256,12143.558
00bbac68_2257,12143.559
00bbac68_2258,12143.561
00bbac68_2259,12143.562
00bbac68_2260,12143.562
00bbac68_2261,12143.5625
00bbac68_2262,12143.563
00bbac68_2263,12143.563
00bbac68_2264,12143.564
00bbac68_2265,12143.564
00bbac68_2266,12143.564
00bbac68_2267,12143.564
00bbac68_2268,12143.564
00bbac68_2269,12143.563
00bbac68_2270,12143.563
00bbac68_2271,12143.5625
00bbac68_2272,12143.562
00bbac68_2273,12143.561
00bbac68_2274,12143.56
00bbac68_2275,12143.559
00bbac68_2276,12143.557
00bbac68_2277,12143.556
00bbac68_2278,12143.554
00bbac68_2279,12143.553
00bbac68_2280,12143.551
00bbac68_2281,12143.549
00bbac68_2282,12143.547
00bbac68_2283,12143.545
00bbac68_2284,12143.543
00bbac68_2285,12143.54
00bbac68_2286,12143.538
00bbac68_2287,12143.535
00bbac68_2288,12143.533
00bbac68_2289,12143.53
00bbac68_2290,12143.528
00bbac68_2291,12143.525
00bbac68_2292,12143.522
00bbac68_2293,12143.52
00bbac68_2294,12143.517
00bbac68_2295,12143.514
00bbac68_2296,12143.511
00bbac68_2297,12143.508
00bbac68_2298,12143.505
00bbac68_2299,12143.502
00bbac68_2300,12143.499
00bbac68_2301,12143.496
00bbac68_2302,12143.492
00bbac68_2303,12143.489
00bbac68_2304,12143.486
00bbac68_2305,12143.483
00bbac68_2306,12143.48
00bbac68_2307,12143.478
00bbac68_2308,12143.475
00bbac68_2309,12143.472
00bbac68_2310,12143.469
00bbac68_2311,12143.466
00bbac68_2312,12143.463
00bbac68_2313,12143.461
00bbac68_2314,12143.458
00bbac68_2315,12143.456
00bbac68_2316,12143.454
00bbac68_2317,12143.452
00bbac68_2318,12143.45
00bbac68_2319,12143.448
00bbac68_2320,12143.446
00bbac68_2321,12143.444
00bbac68_2322,12143.443
00bbac68_2323,12143.441
00bbac68_2324,12143.44
00bbac68_2325,12143.439
00bbac68_2326,12143.438
00bbac68_2327,12143.438
00bbac68_2328,12143.4375
00bbac68_2329,12143.4375
00bbac68_2330,12143.4375
00bbac68_2331,12143.4375
00bbac68_2332,12143.4375
00bbac68_2333,12143.438
00bbac68_2334,12143.438
00bbac68_2335,12143.439
00bbac68_2336,12143.44
00bbac68_2337,12143.441
00bbac68_2338,12143.442
00bbac68_2339,12143.444
00bbac68_2340,12143.445
00bbac68_2341,12143.447
00bbac68_2342,12143.449
00bbac68_2343,12143.452
00bbac68_2344,12143.454
00bbac68_2345,12143.457
00bbac68_2346,12143.46
00bbac68_2347,12143.463
00bbac68_2348,12143.467
00bbac68_2349,12143.47
00bbac68_2350,12143.474
00bbac68_2351,12143.479
00bbac68_2352,12143.482
00bbac68_2353,12143.487
00bbac68_2354,12143.492
00bbac68_2355,12143.497
00bbac68_2356,12143.503
00bbac68_2357,12143.509
00bbac68_2358,12143.515
00bbac68_2359,12143.5205
00bbac68_2360,12143.527
00bbac68_2361,12143.533
00bbac68_2362,12143.54
00bbac68_2363,12143.547
00bbac68_2364,12143.554
00bbac68_2365,12143.562
00bbac68_2366,12143.568
00bbac68_2367,12143.576
00bbac68_2368,12143.584
00bbac68_2369,12143.592
00bbac68_2370,12143.6
00bbac68_2371,12143.607
00bbac68_2372,12143.616
00bbac68_2373,12143.624
00bbac68_2374,12143.633
00bbac68_2375,12143.642
00bbac68_2376,12143.65
00bbac68_2377,12143.66
00bbac68_2378,12143.669
00bbac68_2379,12143.679
00bbac68_2380,12143.688
00bbac68_2381,12143.697
00bbac68_2382,12143.707
00bbac68_2383,12143.718
00bbac68_2384,12143.728
00bbac68_2385,12143.737
00bbac68_2386,12143.748
00bbac68_2387,12143.759
00bbac68_2388,12143.77
00bbac68_2389,12143.78
00bbac68_2390,12143.791
00bbac68_2391,12143.802
00bbac68_2392,12143.813
00bbac68_2393,12143.824
00bbac68_2394,12143.836
00bbac68_2395,12143.848
00bbac68_2396,12143.859
00bbac68_2397,12143.872
00bbac68_2398,12143.884
00bbac68_2399,12143.8955
00bbac68_2400,12143.908
00bbac68_2401,12143.921
00bbac68_2402,12143.934
00bbac68_2403,12143.945
00bbac68_2404,12143.958
00bbac68_2405,12143.972
00bbac68_2406,12143.984
00bbac68_2407,12143.997
00bbac68_2408,12144.01
00bbac68_2409,12144.023
00bbac68_2410,12144.036
00bbac68_2411,12144.05
00bbac68_2412,12144.063
00bbac68_2413,12144.076
00bbac68_2414,12144.09
00bbac68_2415,12144.104
00bbac68_2416,12144.117
00bbac68_2417,12144.131
00bbac68_2418,12144.145
00bbac68_2419,12144.158
00bbac68_2420,12144.172
00bbac68_2421,12144.186
00bbac68_2422,12144.2
00bbac68_2423,12144.214
00bbac68_2424,12144.228
00bbac68_2425,12144.241
00bbac68_2426,12144.256
00bbac68_2427,12144.27
00bbac68_2428,12144.283
00bbac68_2429,12144.298
00bbac68_2430,12144.312
00bbac68_2431,12144.326
00bbac68_2432,12144.34
00bbac68_2433,12144.3545
00bbac68_2434,12144.368
00bbac68_2435,12144.383
00bbac68_2436,12144.396
00bbac68_2437,12144.411
00bbac68_2438,12144.425
00bbac68_2439,12144.439
00bbac68_2440,12144.454
00bbac68_2441,12144.468
00bbac68_2442,12144.482
00bbac68_2443,12144.496
00bbac68_2444,12144.511
00bbac68_2445,12144.524
00bbac68_2446,12144.539
00bbac68_2447,12144.553
00bbac68_2448,12144.567
00bbac68_2449,12144.581
00bbac68_2450,12144.595
00bbac68_2451,12144.609
00bbac68_2452,12144.623
00bbac68_2453,12144.637
00bbac68_2454,12144.65
00bbac68_2455,12144.663
00bbac68_2456,12144.677
00bbac68_2457,12144.689
00bbac68_2458,12144.702
00bbac68_2459,12144.716
00bbac68_2460,12144.728
00bbac68_2461,12144.74
00bbac68_2462,12144.753
00bbac68_2463,12144.765
00bbac68_2464,12144.776
00bbac68_2465,12144.788
00bbac68_2466,12144.8
00bbac68_2467,12144.811
00bbac68_2468,12144.822
00bbac68_2469,12144.833
00bbac68_2470,12144.845
00bbac68_2471,12144.855
00bbac68_2472,12144.866
00bbac68_2473,12144.877
00bbac68_2474,12144.888
00bbac68_2475,12144.898
00bbac68_2476,12144.908
00bbac68_2477,12144.919
00bbac68_2478,12144.929
00bbac68_2479,12144.939
00bbac68_2480,12144.949
00bbac68_2481,12144.959
00bbac68_2482,12144.969
00bbac68_2483,12144.978
00bbac68_2484,12144.987
00bbac68_2485,12144.996
00bbac68_2486,12145.006
00bbac68_2487,12145.015
00bbac68_2488,12145.023
00bbac68_2489,12145.032
00bbac68_2490,12145.04
00bbac68_2491,12145.049
00bbac68_2492,12145.057
00bbac68_2493,12145.064
00bbac68_2494,12145.072
00bbac68_2495,12145.08
00bbac68_2496,12145.087
00bbac68_2497,12145.094
00bbac68_2498,12145.101
00bbac68_2499,12145.107
00bbac68_2500,12145.114
00bbac68_2501,12145.12
00bbac68_2502,12145.127
00bbac68_2503,12145.133
00bbac68_2504,12145.139
00bbac68_2505,12145.144
00bbac68_2506,12145.149
00bbac68_2507,12145.154
00bbac68_2508,12145.159
00bbac68_2509,12145.164
00bbac68_2510,12145.168
00bbac68_2511,12145.172
00bbac68_2512,12145.177
00bbac68_2513,12145.181
00bbac68_2514,12145.184
00bbac68_2515,12145.1875
00bbac68_2516,12145.19
00bbac68_2517,12145.193
00bbac68_2518,12145.196
00bbac68_2519,12145.199
00bbac68_2520,12145.202
00bbac68_2521,12145.204
00bbac68_2522,12145.206
00bbac68_2523,12145.209
00bbac68_2524,12145.211
00bbac68_2525,12145.213
00bbac68_2526,12145.215
00bbac68_2527,12145.217
00bbac68_2528,12145.219
00bbac68_2529,12145.22
00bbac68_2530,12145.222
00bbac68_2531,12145.223
00bbac68_2532,12145.225
00bbac68_2533,12145.226
00bbac68_2534,12145.227
00bbac68_2535,12145.228
00bbac68_2536,12145.229
00bbac68_2537,12145.2295
00bbac68_2538,12145.2295
00bbac68_2539,12145.23
00bbac68_2540,12145.23
00bbac68_2541,12145.23
00bbac68_2542,12145.23
00bbac68_2543,12145.231
00bbac68_2544,12145.231
00bbac68_2545,12145.231
00bbac68_2546,12145.231
00bbac68_2547,12145.231
00bbac68_2548,12145.231
00bbac68_2549,12145.231
00bbac68_2550,12145.231
00bbac68_2551,12145.231
00bbac68_2552,12145.231
00bbac68_2553,12145.231
00bbac68_2554,12145.231
00bbac68_2555,12145.231
00bbac68_2556,12145.231
00bbac68_2557,12145.231
00bbac68_2558,12145.231
00bbac68_2559,12145.23
00bbac68_2560,12145.23
00bbac68_2561,12145.2295
00bbac68_2562,12145.2295
00bbac68_2563,12145.229
00bbac68_2564,12145.229
00bbac68_2565,12145.228
00bbac68_2566,12145.228
00bbac68_2567,12145.227
00bbac68_2568,12145.227
00bbac68_2569,12145.226
00bbac68_2570,12145.226
00bbac68_2571,12145.225
00bbac68_2572,12145.225
00bbac68_2573,12145.224
00bbac68_2574,12145.224
00bbac68_2575,12145.223
00bbac68_2576,12145.223
00bbac68_2577,12145.222
00bbac68_2578,12145.222
00bbac68_2579,12145.222
00bbac68_2580,12145.222
00bbac68_2581,12145.221
00bbac68_2582,12145.221
00bbac68_2583,12145.221
00bbac68_2584,12145.221
00bbac68_2585,12145.221
00bbac68_2586,12145.221
00bbac68_2587,12145.221
00bbac68_2588,12145.221
00bbac68_2589,12145.221
00bbac68_2590,12145.221
00bbac68_2591,12145.221
00bbac68_2592,12145.221
00bbac68_2593,12145.221
00bbac68_2594,12145.222
00bbac68_2595,12145.222
00bbac68_2596,12145.223
00bbac68_2597,12145.223
00bbac68_2598,12145.223
00bbac68_2599,12145.224
00bbac68_2600,12145.225
00bbac68_2601,12145.225
00bbac68_2602,12145.226
00bbac68_2603,12145.227
00bbac68_2604,12145.228
00bbac68_2605,12145.229
00bbac68_2606,12145.2295
00bbac68_2607,12145.23
00bbac68_2608,12145.232
00bbac68_2609,12145.233
00bbac68_2610,12145.235
00bbac68_2611,12145.237
00bbac68_2612,12145.238
00bbac68_2613,12145.24
00bbac68_2614,12145.242
00bbac68_2615,12145.244
00bbac68_2616,12145.246
00bbac68_2617,12145.248
00bbac68_2618,12145.25
00bbac68_2619,12145.252
00bbac68_2620,12145.255
00bbac68_2621,12145.257
00bbac68_2622,12145.259
00bbac68_2623,12145.262
00bbac68_2624,12145.265
00bbac68_2625,12145.267
00bbac68_2626,12145.27
00bbac68_2627,12145.272
00bbac68_2628,12145.275
00bbac68_2629,12145.278
00bbac68_2630,12145.281
00bbac68_2631,12145.284
00bbac68_2632,12145.287
00bbac68_2633,12145.29
00bbac68_2634,12145.293
00bbac68_2635,12145.296
00bbac68_2636,12145.3
00bbac68_2637,12145.303
00bbac68_2638,12145.307
00bbac68_2639,12145.31
00bbac68_2640,12145.313
00bbac68_2641,12145.317
00bbac68_2642,12145.321
00bbac68_2643,12145.325
00bbac68_2644,12145.329
00bbac68_2645,12145.333
00bbac68_2646,12145.338
00bbac68_2647,12145.342
00bbac68_2648,12145.346
00bbac68_2649,12145.351
00bbac68_2650,12145.3545
00bbac68_2651,12145.359
00bbac68_2652,12145.363
00bbac68_2653,12145.368
00bbac68_2654,12145.372
00bbac68_2655,12145.377
00bbac68_2656,12145.382
00bbac68_2657,12145.387
00bbac68_2658,12145.392
00bbac68_2659,12145.396
00bbac68_2660,12145.4
00bbac68_2661,12145.406
00bbac68_2662,12145.411
00bbac68_2663,12145.416
00bbac68_2664,12145.421
00bbac68_2665,12145.426
00bbac68_2666,12145.432
00bbac68_2667,12145.437
00bbac68_2668,12145.442
00bbac68_2669,12145.447
00bbac68_2670,12145.453
00bbac68_2671,12145.459
00bbac68_2672,12145.464
00bbac68_2673,12145.47
00bbac68_2674,12145.476
00bbac68_2675,12145.481
00bbac68_2676,12145.487
00bbac68_2677,12145.493
00bbac68_2678,12145.499
00bbac68_2679,12145.505
00bbac68_2680,12145.511
00bbac68_2681,12145.517
00bbac68_2682,12145.522
00bbac68_2683,12145.528
00bbac68_2684,12145.534
00bbac68_2685,12145.541
00bbac68_2686,12145.547
00bbac68_2687,12145.553
00bbac68_2688,12145.559
00bbac68_2689,12145.565
00bbac68_2690,12145.571
00bbac68_2691,12145.577
00bbac68_2692,12145.584
00bbac68_2693,12145.59
00bbac68_2694,12145.596
00bbac68_2695,12145.602
00bbac68_2696,12145.607
00bbac68_2697,12145.613
00bbac68_2698,12145.619
00bbac68_2699,12145.625
00bbac68_2700,12145.631
00bbac68_2701,12145.637
00bbac68_2702,12145.643
00bbac68_2703,12145.648
00bbac68_2704,12145.654
00bbac68_2705,12145.66
00bbac68_2706,12145.666
00bbac68_2707,12145.672
00bbac68_2708,12145.678
00bbac68_2709,12145.684
00bbac68_2710,12145.689
00bbac68_2711,12145.696
00bbac68_2712,12145.702
00bbac68_2713,12145.708
00bbac68_2714,12145.714
00bbac68_2715,12145.721
00bbac68_2716,12145.727
00bbac68_2717,12145.733
00bbac68_2718,12145.739
00bbac68_2719,12145.746
00bbac68_2720,12145.752
00bbac68_2721,12145.759
00bbac68_2722,12145.766
00bbac68_2723,12145.771
00bbac68_2724,12145.778
00bbac68_2725,12145.784
00bbac68_2726,12145.791
00bbac68_2727,12145.798
00bbac68_2728,12145.804
00bbac68_2729,12145.811
00bbac68_2730,12145.816
00bbac68_2731,12145.823
00bbac68_2732,12145.829
00bbac68_2733,12145.835
00bbac68_2734,12145.842
00bbac68_2735,12145.848
00bbac68_2736,12145.854
00bbac68_2737,12145.859
00bbac68_2738,12145.866
00bbac68_2739,12145.872
00bbac68_2740,12145.878
00bbac68_2741,12145.884
00bbac68_2742,12145.89
00bbac68_2743,12145.8955
00bbac68_2744,12145.901
00bbac68_2745,12145.907
00bbac68_2746,12145.913
00bbac68_2747,12145.919
00bbac68_2748,12145.924
00bbac68_2749,12145.93
00bbac68_2750,12145.936
00bbac68_2751,12145.94
00bbac68_2752,12145.946
00bbac68_2753,12145.951
00bbac68_2754,12145.956
00bbac68_2755,12145.961
00bbac68_2756,12145.966
00bbac68_2757,12145.971
00bbac68_2758,12145.976
00bbac68_2759,12145.98
00bbac68_2760,12145.985
00bbac68_2761,12145.989
00bbac68_2762,12145.993
00bbac68_2763,12145.998
00bbac68_2764,12146.002
00bbac68_2765,12146.005
00bbac68_2766,12146.009
00bbac68_2767,12146.013
00bbac68_2768,12146.016
00bbac68_2769,12146.019
00bbac68_2770,12146.022
00bbac68_2771,12146.025
00bbac68_2772,12146.027
00bbac68_2773,12146.03
00bbac68_2774,12146.032
00bbac68_2775,12146.034
00bbac68_2776,12146.036
00bbac68_2777,12146.038
00bbac68_2778,12146.039
00bbac68_2779,12146.041
00bbac68_2780,12146.042
00bbac68_2781,12146.043
00bbac68_2782,12146.043
00bbac68_2783,12146.044
00bbac68_2784,12146.044
00bbac68_2785,12146.044
00bbac68_2786,12146.044
00bbac68_2787,12146.044
00bbac68_2788,12146.043
00bbac68_2789,12146.042
00bbac68_2790,12146.041
00bbac68_2791,12146.04
00bbac68_2792,12146.039
00bbac68_2793,12146.037
00bbac68_2794,12146.036
00bbac68_2795,12146.034
00bbac68_2796,12146.032
00bbac68_2797,12146.03
00bbac68_2798,12146.027
00bbac68_2799,12146.025
00bbac68_2800,12146.022
00bbac68_2801,12146.02
00bbac68_2802,12146.017
00bbac68_2803,12146.014
00bbac68_2804,12146.01
00bbac68_2805,12146.007
00bbac68_2806,12146.003
00bbac68_2807,12145.999
00bbac68_2808,12145.994
00bbac68_2809,12145.99
00bbac68_2810,12145.985
00bbac68_2811,12145.981
00bbac68_2812,12145.977
00bbac68_2813,12145.971
00bbac68_2814,12145.966
00bbac68_2815,12145.96
00bbac68_2816,12145.955
00bbac68_2817,12145.948
00bbac68_2818,12145.942
00bbac68_2819,12145.936
00bbac68_2820,12145.929
00bbac68_2821,12145.921
00bbac68_2822,12145.914
00bbac68_2823,12145.905
00bbac68_2824,12145.897
00bbac68_2825,12145.889
00bbac68_2826,12145.88
00bbac68_2827,12145.871
00bbac68_2828,12145.861
00bbac68_2829,12145.852
00bbac68_2830,12145.842
00bbac68_2831,12145.831
00bbac68_2832,12145.821
00bbac68_2833,12145.811
00bbac68_2834,12145.8
00bbac68_2835,12145.788
00bbac68_2836,12145.777
00bbac68_2837,12145.766
00bbac68_2838,12145.754
00bbac68_2839,12145.742
00bbac68_2840,12145.7295
00bbac68_2841,12145.718
00bbac68_2842,12145.705
00bbac68_2843,12145.692
00bbac68_2844,12145.68
00bbac68_2845,12145.666
00bbac68_2846,12145.653
00bbac68_2847,12145.64
00bbac68_2848,12145.626
00bbac68_2849,12145.611
00bbac68_2850,12145.598
00bbac68_2851,12145.583
00bbac68_2852,12145.568
00bbac68_2853,12145.554
00bbac68_2854,12145.539
00bbac68_2855,12145.524
00bbac68_2856,12145.509
00bbac68_2857,12145.493
00bbac68_2858,12145.478
00bbac68_2859,12145.462
00bbac68_2860,12145.445
00bbac68_2861,12145.43
00bbac68_2862,12145.413
00bbac68_2863,12145.396
00bbac68_2864,12145.38
00bbac68_2865,12145.363
00bbac68_2866,12145.346
00bbac68_2867,12145.329
00bbac68_2868,12145.312
00bbac68_2869,12145.294
00bbac68_2870,12145.276
00bbac68_2871,12145.259
00bbac68_2872,12145.24
00bbac68_2873,12145.223
00bbac68_2874,12145.204
00bbac68_2875,12145.186
00bbac68_2876,12145.167
00bbac68_2877,12145.148
00bbac68_2878,12145.13
00bbac68_2879,12145.11
00bbac68_2880,12145.092
00bbac68_2881,12145.072
00bbac68_2882,12145.053
00bbac68_2883,12145.033
00bbac68_2884,12145.015
00bbac68_2885,12144.995
00bbac68_2886,12144.975
00bbac68_2887,12144.955
00bbac68_2888,12144.936
00bbac68_2889,12144.916
00bbac68_2890,12144.8955
00bbac68_2891,12144.876
00bbac68_2892,12144.855
00bbac68_2893,12144.836
00bbac68_2894,12144.815
00bbac68_2895,12144.795
00bbac68_2896,12144.775
00bbac68_2897,12144.755
00bbac68_2898,12144.735
00bbac68_2899,12144.715
00bbac68_2900,12144.695
00bbac68_2901,12144.675
00bbac68_2902,12144.655
00bbac68_2903,12144.635
00bbac68_2904,12144.615
00bbac68_2905,12144.595
00bbac68_2906,12144.574
00bbac68_2907,12144.555
00bbac68_2908,12144.534
00bbac68_2909,12144.515
00bbac68_2910,12144.494
00bbac68_2911,12144.474
00bbac68_2912,12144.454
00bbac68_2913,12144.434
00bbac68_2914,12144.414
00bbac68_2915,12144.394
00bbac68_2916,12144.374
00bbac68_2917,12144.354
00bbac68_2918,12144.334
00bbac68_2919,12144.314
00bbac68_2920,12144.294
00bbac68_2921,12144.274
00bbac68_2922,12144.255
00bbac68_2923,12144.235
00bbac68_2924,12144.216
00bbac68_2925,12144.196
00bbac68_2926,12144.177
00bbac68_2927,12144.157
00bbac68_2928,12144.138
00bbac68_2929,12144.119
00bbac68_2930,12144.1
00bbac68_2931,12144.081
00bbac68_2932,12144.062
00bbac68_2933,12144.043
00bbac68_2934,12144.024
00bbac68_2935,12144.006
00bbac68_2936,12143.988
00bbac68_2937,12143.97
00bbac68_2938,12143.951
00bbac68_2939,12143.934
00bbac68_2940,12143.916
00bbac68_2941,12143.898
00bbac68_2942,12143.881
00bbac68_2943,12143.863
00bbac68_2944,12143.847
00bbac68_2945,12143.829
00bbac68_2946,12143.8125
00bbac68_2947,12143.796
00bbac68_2948,12143.779
00bbac68_2949,12143.763
00bbac68_2950,12143.747
00bbac68_2951,12143.73
00bbac68_2952,12143.715
00bbac68_2953,12143.698
00bbac68_2954,12143.684
00bbac68_2955,12143.668
00bbac68_2956,12143.652
00bbac68_2957,12143.638
00bbac68_2958,12143.623
00bbac68_2959,12143.608
00bbac68_2960,12143.594
00bbac68_2961,12143.579
00bbac68_2962,12143.565
00bbac68_2963,12143.551
00bbac68_2964,12143.537
00bbac68_2965,12143.523
00bbac68_2966,12143.51
00bbac68_2967,12143.496
00bbac68_2968,12143.482
00bbac68_2969,12143.47
00bbac68_2970,12143.456
00bbac68_2971,12143.443
00bbac68_2972,12143.431
00bbac68_2973,12143.418
00bbac68_2974,12143.405
00bbac68_2975,12143.393
00bbac68_2976,12143.381
00bbac68_2977,12143.368
00bbac68_2978,12143.356
00bbac68_2979,12143.345
00bbac68_2980,12143.334
00bbac68_2981,12143.322
00bbac68_2982,12143.311
00bbac68_2983,12143.3
00bbac68_2984,12143.289
00bbac68_2985,12143.278
00bbac68_2986,12143.269
00bbac68_2987,12143.258
00bbac68_2988,12143.248
00bbac68_2989,12143.238
00bbac68_2990,12143.229
00bbac68_2991,12143.219
00bbac68_2992,12143.21
00bbac68_2993,12143.201
00bbac68_2994,12143.192
00bbac68_2995,12143.184
00bbac68_2996,12143.176
00bbac68_2997,12143.168
00bbac68_2998,12143.16
00bbac68_2999,12143.152
00bbac68_3000,12143.1455
00bbac68_3001,12143.139
00bbac68_3002,12143.132
00bbac68_3003,12143.125
00bbac68_3004,12143.119
00bbac68_3005,12143.112
00bbac68_3006,12143.106
00bbac68_3007,12143.101
00bbac68_3008,12143.096
00bbac68_3009,12143.09
00bbac68_3010,12143.084
00bbac68_3011,12143.078
00bbac68_3012,12143.073
00bbac68_3013,12143.067
00bbac68_3014,12143.062
00bbac68_3015,12143.056
00bbac68_3016,12143.05
00bbac68_3017,12143.045
00bbac68_3018,12143.039
00bbac68_3019,12143.033
00bbac68_3020,12143.027
00bbac68_3021,12143.021
00bbac68_3022,12143.016
00bbac68_3023,12143.011
00bbac68_3024,12143.005
00bbac68_3025,12143.0
00bbac68_3026,12142.994
00bbac68_3027,12142.988
00bbac68_3028,12142.983
00bbac68_3029,12142.979
00bbac68_3030,12142.974
00bbac68_3031,12142.969
00bbac68_3032,12142.964
00bbac68_3033,12142.959
00bbac68_3034,12142.955
00bbac68_3035,12142.95
00bbac68_3036,12142.946
00bbac68_3037,12142.942
00bbac68_3038,12142.938
00bbac68_3039,12142.935
00bbac68_3040,12142.931
00bbac68_3041,12142.927
00bbac68_3042,12142.923
00bbac68_3043,12142.92
00bbac68_3044,12142.916
00bbac68_3045,12142.913
00bbac68_3046,12142.91
00bbac68_3047,12142.907
00bbac68_3048,12142.905
00bbac68_3049,12142.902
00bbac68_3050,12142.9
00bbac68_3051,12142.898
00bbac68_3052,12142.896
00bbac68_3053,12142.895
00bbac68_3054,12142.893
00bbac68_3055,12142.892
00bbac68_3056,12142.89
00bbac68_3057,12142.889
00bbac68_3058,12142.888
00bbac68_3059,12142.887
00bbac68_3060,12142.887
00bbac68_3061,12142.887
00bbac68_3062,12142.887
00bbac68_3063,12142.887
00bbac68_3064,12142.887
00bbac68_3065,12142.888
00bbac68_3066,12142.889
00bbac68_3067,12142.891
00bbac68_3068,12142.892
00bbac68_3069,12142.894
00bbac68_3070,12142.895
00bbac68_3071,12142.896
00bbac68_3072,12142.899
00bbac68_3073,12142.901
00bbac68_3074,12142.904
00bbac68_3075,12142.907
00bbac68_3076,12142.91
00bbac68_3077,12142.913
00bbac68_3078,12142.917
00bbac68_3079,12142.92
00bbac68_3080,12142.924
00bbac68_3081,12142.928
00bbac68_3082,12142.933
00bbac68_3083,12142.937
00bbac68_3084,12142.94
00bbac68_3085,12142.945
00bbac68_3086,12142.95
00bbac68_3087,12142.955
00bbac68_3088,12142.96
00bbac68_3089,12142.965
00bbac68_3090,12142.971
00bbac68_3091,12142.976
00bbac68_3092,12142.981
00bbac68_3093,12142.986
00bbac68_3094,12142.992
00bbac68_3095,12142.998
00bbac68_3096,12143.004
00bbac68_3097,12143.01
00bbac68_3098,12143.016
00bbac68_3099,12143.022
00bbac68_3100,12143.028
00bbac68_3101,12143.034
00bbac68_3102,12143.04
00bbac68_3103,12143.047
00bbac68_3104,12143.053
00bbac68_3105,12143.06
00bbac68_3106,12143.065
00bbac68_3107,12143.072
00bbac68_3108,12143.078
00bbac68_3109,12143.085
00bbac68_3110,12143.092
00bbac68_3111,12143.099
00bbac68_3112,12143.105
00bbac68_3113,12143.112
00bbac68_3114,12143.12
00bbac68_3115,12143.127
00bbac68_3116,12143.135
00bbac68_3117,12143.143
00bbac68_3118,12143.15
00bbac68_3119,12143.158
00bbac68_3120,12143.167
00bbac68_3121,12143.176
00bbac68_3122,12143.184
00bbac68_3123,12143.192
00bbac68_3124,12143.202
00bbac68_3125,12143.211
00bbac68_3126,12143.22
00bbac68_3127,12143.2295
00bbac68_3128,12143.238
00bbac68_3129,12143.248
00bbac68_3130,12143.258
00bbac68_3131,12143.268
00bbac68_3132,12143.277
00bbac68_3133,12143.287
00bbac68_3134,12143.298
00bbac68_3135,12143.308
00bbac68_3136,12143.318
00bbac68_3137,12143.329
00bbac68_3138,12143.34
00bbac68_3139,12143.351
00bbac68_3140,12143.361
00bbac68_3141,12143.372
00bbac68_3142,12143.384
00bbac68_3143,12143.395
00bbac68_3144,12143.406
00bbac68_3145,12143.417
00bbac68_3146,12143.429
00bbac68_3147,12143.44
00bbac68_3148,12143.452
00bbac68_3149,12143.464
00bbac68_3150,12143.476
00bbac68_3151,12143.487
00bbac68_3152,12143.499
00bbac68_3153,12143.512
00bbac68_3154,12143.523
00bbac68_3155,12143.536
00bbac68_3156,12143.548
00bbac68_3157,12143.561
00bbac68_3158,12143.572
00bbac68_3159,12143.585
00bbac68_3160,12143.597
00bbac68_3161,12143.608
00bbac68_3162,12143.62
00bbac68_3163,12143.632
00bbac68_3164,12143.644
00bbac68_3165,12143.654
00bbac68_3166,12143.666
00bbac68_3167,12143.677
00bbac68_3168,12143.6875
00bbac68_3169,12143.698
00bbac68_3170,12143.709
00bbac68_3171,12143.719
00bbac68_3172,12143.7295
00bbac68_3173,12143.739
00bbac68_3174,12143.749
00bbac68_3175,12143.759
00bbac68_3176,12143.769
00bbac68_3177,12143.778
00bbac68_3178,12143.788
00bbac68_3179,12143.797
00bbac68_3180,12143.806
00bbac68_3181,12143.815
00bbac68_3182,12143.824
00bbac68_3183,12143.832
00bbac68_3184,12143.841
00bbac68_3185,12143.85
00bbac68_3186,12143.857
00bbac68_3187,12143.865
00bbac68_3188,12143.873
00bbac68_3189,12143.881
00bbac68_3190,12143.889
00bbac68_3191,12143.8955
00bbac68_3192,12143.903
00bbac68_3193,12143.91
00bbac68_3194,12143.917
00bbac68_3195,12143.924
00bbac68_3196,12143.93
00bbac68_3197,12143.937
00bbac68_3198,12143.942
00bbac68_3199,12143.948
00bbac68_3200,12143.954
00bbac68_3201,12143.96
00bbac68_3202,12143.966
00bbac68_3203,12143.971
00bbac68_3204,12143.976
00bbac68_3205,12143.98
00bbac68_3206,12143.985
00bbac68_3207,12143.99
00bbac68_3208,12143.994
00bbac68_3209,12143.999
00bbac68_3210,12144.003
00bbac68_3211,12144.007
00bbac68_3212,12144.011
00bbac68_3213,12144.014
00bbac68_3214,12144.018
00bbac68_3215,12144.0205
00bbac68_3216,12144.023
00bbac68_3217,12144.026
00bbac68_3218,12144.029
00bbac68_3219,12144.031
00bbac68_3220,12144.034
00bbac68_3221,12144.036
00bbac68_3222,12144.038
00bbac68_3223,12144.04
00bbac68_3224,12144.042
00bbac68_3225,12144.044
00bbac68_3226,12144.045
00bbac68_3227,12144.047
00bbac68_3228,12144.048
00bbac68_3229,12144.049
00bbac68_3230,12144.049
00bbac68_3231,12144.05
00bbac68_3232,12144.05
00bbac68_3233,12144.05
00bbac68_3234,12144.05
00bbac68_3235,12144.05
00bbac68_3236,12144.05
00bbac68_3237,12144.049
00bbac68_3238,12144.048
00bbac68_3239,12144.047
00bbac68_3240,12144.046
00bbac68_3241,12144.044
00bbac68_3242,12144.042
00bbac68_3243,12144.04
00bbac68_3244,12144.038
00bbac68_3245,12144.036
00bbac68_3246,12144.033
00bbac68_3247,12144.03
00bbac68_3248,12144.027
00bbac68_3249,12144.024
00bbac68_3250,12144.021
00bbac68_3251,12144.018
00bbac68_3252,12144.014
00bbac68_3253,12144.01
00bbac68_3254,12144.005
00bbac68_3255,12144.001
00bbac68_3256,12143.996
00bbac68_3257,12143.991
00bbac68_3258,12143.985
00bbac68_3259,12143.9795
00bbac68_3260,12143.974
00bbac68_3261,12143.968
00bbac68_3262,12143.962
00bbac68_3263,12143.955
00bbac68_3264,12143.948
00bbac68_3265,12143.941
00bbac68_3266,12143.935
00bbac68_3267,12143.927
00bbac68_3268,12143.92
00bbac68_3269,12143.912
00bbac68_3270,12143.904
00bbac68_3271,12143.8955
00bbac68_3272,12143.888
00bbac68_3273,12143.879
00bbac68_3274,12143.87
00bbac68_3275,12143.861
00bbac68_3276,12143.853
00bbac68_3277,12143.843
00bbac68_3278,12143.833
00bbac68_3279,12143.823
00bbac68_3280,12143.813
00bbac68_3281,12143.804
00bbac68_3282,12143.793
00bbac68_3283,12143.782
00bbac68_3284,12143.771
00bbac68_3285,12143.761
00bbac68_3286,12143.75
00bbac68_3287,12143.738
00bbac68_3288,12143.727
00bbac68_3289,12143.715
00bbac68_3290,12143.703
00bbac68_3291,12143.69
00bbac68_3292,12143.679
00bbac68_3293,12143.666
00bbac68_3294,12143.653
00bbac68_3295,12143.64
00bbac68_3296,12143.627
00bbac68_3297,12143.613
00bbac68_3298,12143.6
00bbac68_3299,12143.586
00bbac68_3300,12143.572
00bbac68_3301,12143.559
00bbac68_3302,12143.544
00bbac68_3303,12143.529
00bbac68_3304,12143.515
00bbac68_3305,12143.5
00bbac68_3306,12143.484
00bbac68_3307,12143.47
00bbac68_3308,12143.454
00bbac68_3309,12143.4375
00bbac68_3310,12143.422
00bbac68_3311,12143.406
00bbac68_3312,12143.391
00bbac68_3313,12143.375
00bbac68_3314,12143.358
00bbac68_3315,12143.343
00bbac68_3316,12143.327
00bbac68_3317,12143.312
00bbac68_3318,12143.296
00bbac68_3319,12143.28
00bbac68_3320,12143.265
00bbac68_3321,12143.249
00bbac68_3322,12143.233
00bbac68_3323,12143.218
00bbac68_3324,12143.203
00bbac68_3325,12143.188
00bbac68_3326,12143.174
00bbac68_3327,12143.159
00bbac68_3328,12143.145
00bbac68_3329,12143.13
00bbac68_3330,12143.116
00bbac68_3331,12143.103
00bbac68_3332,12143.088
00bbac68_3333,12143.074
00bbac68_3334,12143.061
00bbac68_3335,12143.048
00bbac68_3336,12143.034
00bbac68_3337,12143.021
00bbac68_3338,12143.009
00bbac68_3339,12142.996
00bbac68_3340,12142.983
00bbac68_3341,12142.972
00bbac68_3342,12142.96
00bbac68_3343,12142.948
00bbac68_3344,12142.937
00bbac68_3345,12142.926
00bbac68_3346,12142.915
00bbac68_3347,12142.903
00bbac68_3348,12142.893
00bbac68_3349,12142.883
00bbac68_3350,12142.872
00bbac68_3351,12142.862
00bbac68_3352,12142.853
00bbac68_3353,12142.843
00bbac68_3354,12142.833
00bbac68_3355,12142.824
00bbac68_3356,12142.815
00bbac68_3357,12142.807
00bbac68_3358,12142.798
00bbac68_3359,12142.79
00bbac68_3360,12142.781
00bbac68_3361,12142.773
00bbac68_3362,12142.766
00bbac68_3363,12142.758
00bbac68_3364,12142.751
00bbac68_3365,12142.743
00bbac68_3366,12142.736
00bbac68_3367,12142.7295
00bbac68_3368,12142.723
00bbac68_3369,12142.716
00bbac68_3370,12142.71
00bbac68_3371,12142.703
00bbac68_3372,12142.697
00bbac68_3373,12142.692
00bbac68_3374,12142.687
00bbac68_3375,12142.682
00bbac68_3376,12142.677
00bbac68_3377,12142.673
00bbac68_3378,12142.668
00bbac68_3379,12142.664
00bbac68_3380,12142.661
00bbac68_3381,12142.657
00bbac68_3382,12142.654
00bbac68_3383,12142.651
00bbac68_3384,12142.649
00bbac68_3385,12142.646
00bbac68_3386,12142.645
00bbac68_3387,12142.643
00bbac68_3388,12142.642
00bbac68_3389,12142.641
00bbac68_3390,12142.64
00bbac68_3391,12142.639
00bbac68_3392,12142.639
00bbac68_3393,12142.639
00bbac68_3394,12142.639
00bbac68_3395,12142.639
00bbac68_3396,12142.64
00bbac68_3397,12142.641
00bbac68_3398,12142.642
00bbac68_3399,12142.644
00bbac68_3400,12142.645
00bbac68_3401,12142.646
00bbac68_3402,12142.648
00bbac68_3403,12142.651
00bbac68_3404,12142.654
00bbac68_3405,12142.656
00bbac68_3406,12142.659
00bbac68_3407,12142.663
00bbac68_3408,12142.666
00bbac68_3409,12142.67
00bbac68_3410,12142.674
00bbac68_3411,12142.677
00bbac68_3412,12142.681
00bbac68_3413,12142.685
00bbac68_3414,12142.688
00bbac68_3415,12142.692
00bbac68_3416,12142.696
00bbac68_3417,12142.7
00bbac68_3418,12142.704
00bbac68_3419,12142.708
00bbac68_3420,12142.712
00bbac68_3421,12142.716
00bbac68_3422,12142.72
00bbac68_3423,12142.724
00bbac68_3424,12142.728
00bbac68_3425,12142.732
00bbac68_3426,12142.736
00bbac68_3427,12142.74
00bbac68_3428,12142.744
00bbac68_3429,12142.748
00bbac68_3430,12142.752
00bbac68_3431,12142.756
00bbac68_3432,12142.759
00bbac68_3433,12142.763
00bbac68_3434,12142.767
00bbac68_3435,12142.7705
00bbac68_3436,12142.773
00bbac68_3437,12142.777
00bbac68_3438,12142.78
00bbac68_3439,12142.784
00bbac68_3440,12142.787
00bbac68_3441,12142.79
00bbac68_3442,12142.793
00bbac68_3443,12142.797
00bbac68_3444,12142.8
00bbac68_3445,12142.802
00bbac68_3446,12142.805
00bbac68_3447,12142.808
00bbac68_3448,12142.81
00bbac68_3449,12142.812
00bbac68_3450,12142.813
00bbac68_3451,12142.814
00bbac68_3452,12142.815
00bbac68_3453,12142.816
00bbac68_3454,12142.817
00bbac68_3455,12142.817
00bbac68_3456,12142.817
00bbac68_3457,12142.817
00bbac68_3458,12142.816
00bbac68_3459,12142.815
00bbac68_3460,12142.814
00bbac68_3461,12142.813
00bbac68_3462,12142.812
00bbac68_3463,12142.811
00bbac68_3464,12142.809
00bbac68_3465,12142.807
00bbac68_3466,12142.805
00bbac68_3467,12142.802
00bbac68_3468,12142.8
00bbac68_3469,12142.797
00bbac68_3470,12142.794
00bbac68_3471,12142.791
00bbac68_3472,12142.788
00bbac68_3473,12142.784
00bbac68_3474,12142.781
00bbac68_3475,12142.777
00bbac68_3476,12142.773
00bbac68_3477,12142.769
00bbac68_3478,12142.765
00bbac68_3479,12142.76
00bbac68_3480,12142.755
00bbac68_3481,12142.75
00bbac68_3482,12142.745
00bbac68_3483,12142.739
00bbac68_3484,12142.733
00bbac68_3485,12142.728
00bbac68_3486,12142.722
00bbac68_3487,12142.715
00bbac68_3488,12142.709
00bbac68_3489,12142.702
00bbac68_3490,12142.695
00bbac68_3491,12142.688
00bbac68_3492,12142.681
00bbac68_3493,12142.673
00bbac68_3494,12142.666
00bbac68_3495,12142.658
00bbac68_3496,12142.649
00bbac68_3497,12142.642
00bbac68_3498,12142.634
00bbac68_3499,12142.625
00bbac68_3500,12142.616
00bbac68_3501,12142.607
00bbac68_3502,12142.599
00bbac68_3503,12142.589
00bbac68_3504,12142.58
00bbac68_3505,12142.57
00bbac68_3506,12142.562
00bbac68_3507,12142.552
00bbac68_3508,12142.541
00bbac68_3509,12142.531
00bbac68_3510,12142.521
00bbac68_3511,12142.511
00bbac68_3512,12142.501
00bbac68_3513,12142.49
00bbac68_3514,12142.4795
00bbac68_3515,12142.469
00bbac68_3516,12142.458
00bbac68_3517,12142.446
00bbac68_3518,12142.436
00bbac68_3519,12142.424
00bbac68_3520,12142.412
00bbac68_3521,12142.4
00bbac68_3522,12142.389
00bbac68_3523,12142.377
00bbac68_3524,12142.365
00bbac68_3525,12142.353
00bbac68_3526,12142.34
00bbac68_3527,12142.327
00bbac68_3528,12142.314
00bbac68_3529,12142.302
00bbac68_3530,12142.288
00bbac68_3531,12142.275
00bbac68_3532,12142.262
00bbac68_3533,12142.248
00bbac68_3534,12142.234
00bbac68_3535,12142.221
00bbac68_3536,12142.207
00bbac68_3537,12142.192
00bbac68_3538,12142.179
00bbac68_3539,12142.164
00bbac68_3540,12142.149
00bbac68_3541,12142.136
00bbac68_3542,12142.121
00bbac68_3543,12142.106
00bbac68_3544,12142.092
00bbac68_3545,12142.077
00bbac68_3546,12142.062
00bbac68_3547,12142.047
00bbac68_3548,12142.031
00bbac68_3549,12142.017
00bbac68_3550,12142.001
00bbac68_3551,12141.986
00bbac68_3552,12141.971
00bbac68_3553,12141.955
00bbac68_3554,12141.939
00bbac68_3555,12141.924
00bbac68_3556,12141.909
00bbac68_3557,12141.893
00bbac68_3558,12141.877
00bbac68_3559,12141.861
00bbac68_3560,12141.846
00bbac68_3561,12141.83
00bbac68_3562,12141.814
00bbac68_3563,12141.799
00bbac68_3564,12141.783
00bbac68_3565,12141.767
00bbac68_3566,12141.751
00bbac68_3567,12141.735
00bbac68_3568,12141.72
00bbac68_3569,12141.704
00bbac68_3570,12141.688
00bbac68_3571,12141.673
00bbac68_3572,12141.657
00bbac68_3573,12141.642
00bbac68_3574,12141.626
00bbac68_3575,12141.61
00bbac68_3576,12141.595
00bbac68_3577,12141.58
00bbac68_3578,12141.564
00bbac68_3579,12141.549
00bbac68_3580,12141.534
00bbac68_3581,12141.519
00bbac68_3582,12141.504
00bbac68_3583,12141.489
00bbac68_3584,12141.475
00bbac68_3585,12141.459
00bbac68_3586,12141.444
00bbac68_3587,12141.431
00bbac68_3588,12141.416
00bbac68_3589,12141.401
00bbac68_3590,12141.387
00bbac68_3591,12141.373
00bbac68_3592,12141.358
00bbac68_3593,12141.344
00bbac68_3594,12141.33
00bbac68_3595,12141.316
00bbac68_3596,12141.302
00bbac68_3597,12141.288
00bbac68_3598,12141.274
00bbac68_3599,12141.261
00bbac68_3600,12141.247
00bbac68_3601,12141.233
00bbac68_3602,12141.221
00bbac68_3603,12141.207
00bbac68_3604,12141.194
00bbac68_3605,12141.181
00bbac68_3606,12141.168
00bbac68_3607,12141.155
00bbac68_3608,12141.143
00bbac68_3609,12141.131
00bbac68_3610,12141.118
00bbac68_3611,12141.106
00bbac68_3612,12141.095
00bbac68_3613,12141.083
00bbac68_3614,12141.071
00bbac68_3615,12141.061
00bbac68_3616,12141.049
00bbac68_3617,12141.039
00bbac68_3618,12141.028
00bbac68_3619,12141.019
00bbac68_3620,12141.008
00bbac68_3621,12140.998
00bbac68_3622,12140.989
00bbac68_3623,12140.9795
00bbac68_3624,12140.971
00bbac68_3625,12140.962
00bbac68_3626,12140.953
00bbac68_3627,12140.944
00bbac68_3628,12140.937
00bbac68_3629,12140.928
00bbac68_3630,12140.92
00bbac68_3631,12140.913
00bbac68_3632,12140.905
00bbac68_3633,12140.898
00bbac68_3634,12140.891
00bbac68_3635,12140.884
00bbac68_3636,12140.878
00bbac68_3637,12140.871
00bbac68_3638,12140.865
00bbac68_3639,12140.859
00bbac68_3640,12140.854
00bbac68_3641,12140.849
00bbac68_3642,12140.843
00bbac68_3643,12140.838
00bbac68_3644,12140.833
00bbac68_3645,12140.829
00bbac68_3646,12140.824
00bbac68_3647,12140.82
00bbac68_3648,12140.816
00bbac68_3649,12140.8125
00bbac68_3650,12140.809
00bbac68_3651,12140.806
00bbac68_3652,12140.803
00bbac68_3653,12140.8
00bbac68_3654,12140.797
00bbac68_3655,12140.795
00bbac68_3656,12140.793
00bbac68_3657,12140.791
00bbac68_3658,12140.789
00bbac68_3659,12140.787
00bbac68_3660,12140.786
00bbac68_3661,12140.785
00bbac68_3662,12140.784
00bbac68_3663,12140.784
00bbac68_3664,12140.783
00bbac68_3665,12140.783
00bbac68_3666,12140.784
00bbac68_3667,12140.784
00bbac68_3668,12140.785
00bbac68_3669,12140.786
00bbac68_3670,12140.788
00bbac68_3671,12140.789
00bbac68_3672,12140.791
00bbac68_3673,12140.793
00bbac68_3674,12140.795
00bbac68_3675,12140.798
00bbac68_3676,12140.8
00bbac68_3677,12140.803
00bbac68_3678,12140.806
00bbac68_3679,12140.809
00bbac68_3680,12140.812
00bbac68_3681,12140.814
00bbac68_3682,12140.818
00bbac68_3683,12140.822
00bbac68_3684,12140.826
00bbac68_3685,12140.83
00bbac68_3686,12140.834
00bbac68_3687,12140.838
00bbac68_3688,12140.843
00bbac68_3689,12140.848
00bbac68_3690,12140.852
00bbac68_3691,12140.856
00bbac68_3692,12140.861
00bbac68_3693,12140.866
00bbac68_3694,12140.872
00bbac68_3695,12140.877
00bbac68_3696,12140.882
00bbac68_3697,12140.888
00bbac68_3698,12140.894
00bbac68_3699,12140.898
00bbac68_3700,12140.904
00bbac68_3701,12140.91
00bbac68_3702,12140.916
00bbac68_3703,12140.922
00bbac68_3704,12140.928
00bbac68_3705,12140.935
00bbac68_3706,12140.94
00bbac68_3707,12140.947
00bbac68_3708,12140.953
00bbac68_3709,12140.96
00bbac68_3710,12140.967
00bbac68_3711,12140.974
00bbac68_3712,12140.98
00bbac68_3713,12140.987
00bbac68_3714,12140.994
00bbac68_3715,12141.001
00bbac68_3716,12141.008
00bbac68_3717,12141.016
00bbac68_3718,12141.022
00bbac68_3719,12141.03
00bbac68_3720,12141.037
00bbac68_3721,12141.045
00bbac68_3722,12141.052
00bbac68_3723,12141.06
00bbac68_3724,12141.067
00bbac68_3725,12141.074
00bbac68_3726,12141.082
00bbac68_3727,12141.09
00bbac68_3728,12141.098
00bbac68_3729,12141.105
00bbac68_3730,12141.113
00bbac68_3731,12141.121
00bbac68_3732,12141.13
00bbac68_3733,12141.138
00bbac68_3734,12141.1455
00bbac68_3735,12141.153
00bbac68_3736,12141.161
00bbac68_3737,12141.17
00bbac68_3738,12141.178
00bbac68_3739,12141.186
00bbac68_3740,12141.193
00bbac68_3741,12141.201
00bbac68_3742,12141.209
00bbac68_3743,12141.217
00bbac68_3744,12141.225
00bbac68_3745,12141.231
00bbac68_3746,12141.239
00bbac68_3747,12141.247
00bbac68_3748,12141.255
00bbac68_3749,12141.263
00bbac68_3750,12141.2705
00bbac68_3751,12141.277
00bbac68_3752,12141.285
00bbac68_3753,12141.293
00bbac68_3754,12141.301
00bbac68_3755,12141.309
00bbac68_3756,12141.315
00bbac68_3757,12141.323
00bbac68_3758,12141.331
00bbac68_3759,12141.338
00bbac68_3760,12141.346
00bbac68_3761,12141.354
00bbac68_3762,12141.36
00bbac68_3763,12141.368
00bbac68_3764,12141.375
00bbac68_3765,12141.382
00bbac68_3766,12141.39
00bbac68_3767,12141.396
00bbac68_3768,12141.403
00bbac68_3769,12141.41
00bbac68_3770,12141.417
00bbac68_3771,12141.423
00bbac68_3772,12141.43
00bbac68_3773,12141.436
00bbac68_3774,12141.441
00bbac68_3775,12141.448
00bbac68_3776,12141.454
00bbac68_3777,12141.46
00bbac68_3778,12141.466
00bbac68_3779,12141.472
00bbac68_3780,12141.478
00bbac68_3781,12141.483
00bbac68_3782,12141.488
00bbac68_3783,12141.494
00bbac68_3784,12141.499
00bbac68_3785,12141.505
00bbac68_3786,12141.51
00bbac68_3787,12141.516
00bbac68_3788,12141.5205
00bbac68_3789,12141.525
00bbac68_3790,12141.53
00bbac68_3791,12141.535
00bbac68_3792,12141.54
00bbac68_3793,12141.544
00bbac68_3794,12141.549
00bbac68_3795,12141.553
00bbac68_3796,12141.558
00bbac68_3797,12141.562
00bbac68_3798,12141.565
00bbac68_3799,12141.57
00bbac68_3800,12141.574
00bbac68_3801,12141.578
00bbac68_3802,12141.581
00bbac68_3803,12141.585
00bbac68_3804,12141.589
00bbac68_3805,12141.592
00bbac68_3806,12141.596
00bbac68_3807,12141.599
00bbac68_3808,12141.602
00bbac68_3809,12141.6045
00bbac68_3810,12141.607
00bbac68_3811,12141.61
00bbac68_3812,12141.613
00bbac68_3813,12141.616
00bbac68_3814,12141.618
00bbac68_3815,12141.621
00bbac68_3816,12141.623
00bbac68_3817,12141.625
00bbac68_3818,12141.627
00bbac68_3819,12141.629
00bbac68_3820,12141.631
00bbac68_3821,12141.633
00bbac68_3822,12141.634
00bbac68_3823,12141.636
00bbac68_3824,12141.637
00bbac68_3825,12141.638
00bbac68_3826,12141.639
00bbac68_3827,12141.641
00bbac68_3828,12141.642
00bbac68_3829,12141.643
00bbac68_3830,12141.644
00bbac68_3831,12141.645
00bbac68_3832,12141.6455
00bbac68_3833,12141.6455
00bbac68_3834,12141.646
00bbac68_3835,12141.647
00bbac68_3836,12141.648
00bbac68_3837,12141.648
00bbac68_3838,12141.649
00bbac68_3839,12141.649
00bbac68_3840,12141.65
00bbac68_3841,12141.65
00bbac68_3842,12141.65
00bbac68_3843,12141.651
00bbac68_3844,12141.651
00bbac68_3845,12141.651
00bbac68_3846,12141.651
00bbac68_3847,12141.651
00bbac68_3848,12141.651
00bbac68_3849,12141.651
00bbac68_3850,12141.65
00bbac68_3851,12141.65
00bbac68_3852,12141.65
00bbac68_3853,12141.649
00bbac68_3854,12141.649
00bbac68_3855,12141.648
00bbac68_3856,12141.648
00bbac68_3857,12141.647
00bbac68_3858,12141.647
00bbac68_3859,12141.646
00bbac68_3860,12141.6455
00bbac68_3861,12141.6455
00bbac68_3862,12141.645
00bbac68_3863,12141.644
00bbac68_3864,12141.644
00bbac68_3865,12141.643
00bbac68_3866,12141.642
00bbac68_3867,12141.641
00bbac68_3868,12141.64
00bbac68_3869,12141.639
00bbac68_3870,12141.638
00bbac68_3871,12141.637
00bbac68_3872,12141.636
00bbac68_3873,12141.636
00bbac68_3874,12141.635
00bbac68_3875,12141.634
00bbac68_3876,12141.633
00bbac68_3877,12141.632
00bbac68_3878,12141.631
00bbac68_3879,12141.63
00bbac68_3880,12141.629
00bbac68_3881,12141.628
00bbac68_3882,12141.627
00bbac68_3883,12141.626
00bbac68_3884,12141.625
00bbac68_3885,12141.624
00bbac68_3886,12141.624
00bbac68_3887,12141.623
00bbac68_3888,12141.622
00bbac68_3889,12141.621
00bbac68_3890,12141.62
00bbac68_3891,12141.619
00bbac68_3892,12141.618
00bbac68_3893,12141.617
00bbac68_3894,12141.616
00bbac68_3895,12141.616
00bbac68_3896,12141.615
00bbac68_3897,12141.614
00bbac68_3898,12141.613
00bbac68_3899,12141.613
00bbac68_3900,12141.612
00bbac68_3901,12141.612
00bbac68_3902,12141.611
00bbac68_3903,12141.611
00bbac68_3904,12141.61
00bbac68_3905,12141.61
00bbac68_3906,12141.609
00bbac68_3907,12141.609
00bbac68_3908,12141.609
00bbac68_3909,12141.608
00bbac68_3910,12141.608
00bbac68_3911,12141.607
00bbac68_3912,12141.607
00bbac68_3913,12141.607
00bbac68_3914,12141.606
00bbac68_3915,12141.606
00bbac68_3916,12141.606
00bbac68_3917,12141.605
00bbac68_3918,12141.605
00bbac68_3919,12141.605
00bbac68_3920,12141.605
00bbac68_3921,12141.6045
00bbac68_3922,12141.6045
00bbac68_3923,12141.6045
00bbac68_3924,12141.6045
00bbac68_3925,12141.604
00bbac68_3926,12141.604
00bbac68_3927,12141.604
00bbac68_3928,12141.604
00bbac68_3929,12141.604
00bbac68_3930,12141.6045
00bbac68_3931,12141.6045
00bbac68_3932,12141.6045
00bbac68_3933,12141.6045
00bbac68_3934,12141.605
00bbac68_3935,12141.605
00bbac68_3936,12141.605
00bbac68_3937,12141.606
00bbac68_3938,12141.606
00bbac68_3939,12141.607
00bbac68_3940,12141.607
00bbac68_3941,12141.608
00bbac68_3942,12141.609
00bbac68_3943,12141.609
00bbac68_3944,12141.61
00bbac68_3945,12141.61
00bbac68_3946,12141.611
00bbac68_3947,12141.612
00bbac68_3948,12141.612
00bbac68_3949,12141.613
00bbac68_3950,12141.614
00bbac68_3951,12141.615
00bbac68_3952,12141.616
00bbac68_3953,12141.617
00bbac68_3954,12141.618
00bbac68_3955,12141.619
00bbac68_3956,12141.62
00bbac68_3957,12141.621
00bbac68_3958,12141.622
00bbac68_3959,12141.623
00bbac68_3960,12141.624
00bbac68_3961,12141.626
00bbac68_3962,12141.627
00bbac68_3963,12141.628
00bbac68_3964,12141.63
00bbac68_3965,12141.631
00bbac68_3966,12141.633
00bbac68_3967,12141.634
00bbac68_3968,12141.636
00bbac68_3969,12141.637
00bbac68_3970,12141.639
00bbac68_3971,12141.64
00bbac68_3972,12141.642
00bbac68_3973,12141.644
00bbac68_3974,12141.645
00bbac68_3975,12141.646
00bbac68_3976,12141.648
00bbac68_3977,12141.65
00bbac68_3978,12141.651
00bbac68_3979,12141.653
00bbac68_3980,12141.655
00bbac68_3981,12141.656
00bbac68_3982,12141.658
00bbac68_3983,12141.66
00bbac68_3984,12141.661
00bbac68_3985,12141.663
00bbac68_3986,12141.665
00bbac68_3987,12141.666
00bbac68_3988,12141.668
00bbac68_3989,12141.669
00bbac68_3990,12141.671
00bbac68_3991,12141.672
00bbac68_3992,12141.674
00bbac68_3993,12141.675
00bbac68_3994,12141.677
00bbac68_3995,12141.678
00bbac68_3996,12141.68
00bbac68_3997,12141.681
00bbac68_3998,12141.682
00bbac68_3999,12141.684
00bbac68_4000,12141.685
00bbac68_4001,12141.686
00bbac68_4002,12141.6875
00bbac68_4003,12141.688
00bbac68_4004,12141.689
00bbac68_4005,12141.691
00bbac68_4006,12141.692
00bbac68_4007,12141.693
00bbac68_4008,12141.694
00bbac68_4009,12141.696
00bbac68_4010,12141.697
00bbac68_4011,12141.698
00bbac68_4012,12141.699
00bbac68_4013,12141.7
00bbac68_4014,12141.701
00bbac68_4015,12141.702
00bbac68_4016,12141.703
00bbac68_4017,12141.704
00bbac68_4018,12141.704
00bbac68_4019,12141.705
00bbac68_4020,12141.706
00bbac68_4021,12141.707
00bbac68_4022,12141.708
00bbac68_4023,12141.708
00bbac68_4024,12141.709
00bbac68_4025,12141.71
00bbac68_4026,12141.71
00bbac68_4027,12141.711
00bbac68_4028,12141.711
00bbac68_4029,12141.712
00bbac68_4030,12141.712
00bbac68_4031,12141.713
00bbac68_4032,12141.713
00bbac68_4033,12141.714
00bbac68_4034,12141.714
00bbac68_4035,12141.715
00bbac68_4036,12141.715
00bbac68_4037,12141.715
00bbac68_4038,12141.716
00bbac68_4039,12141.716
00bbac68_4040,12141.716
00bbac68_4041,12141.717
00bbac68_4042,12141.717
00bbac68_4043,12141.717
00bbac68_4044,12141.717
00bbac68_4045,12141.718
00bbac68_4046,12141.718
00bbac68_4047,12141.718
00bbac68_4048,12141.718
00bbac68_4049,12141.717
00bbac68_4050,12141.717
00bbac68_4051,12141.717
00bbac68_4052,12141.716
00bbac68_4053,12141.716
00bbac68_4054,12141.715
00bbac68_4055,12141.715
00bbac68_4056,12141.714
00bbac68_4057,12141.713
00bbac68_4058,12141.711
00bbac68_4059,12141.71
00bbac68_4060,12141.708
00bbac68_4061,12141.707
00bbac68_4062,12141.705
00bbac68_4063,12141.703
00bbac68_4064,12141.701
00bbac68_4065,12141.699
00bbac68_4066,12141.697
00bbac68_4067,12141.694
00bbac68_4068,12141.692
00bbac68_4069,12141.689
00bbac68_4070,12141.687
00bbac68_4071,12141.685
00bbac68_4072,12141.682
00bbac68_4073,12141.679
00bbac68_4074,12141.677
00bbac68_4075,12141.674
00bbac68_4076,12141.671
00bbac68_4077,12141.668
00bbac68_4078,12141.665
00bbac68_4079,12141.662
00bbac68_4080,12141.659
00bbac68_4081,12141.656
00bbac68_4082,12141.653
00bbac68_4083,12141.65
00bbac68_4084,12141.647
00bbac68_4085,12141.645
00bbac68_4086,12141.642
00bbac68_4087,12141.638
00bbac68_4088,12141.635
00bbac68_4089,12141.632
00bbac68_4090,12141.629
00bbac68_4091,12141.625
00bbac68_4092,12141.622
00bbac68_4093,12141.618
00bbac68_4094,12141.615
00bbac68_4095,12141.611
00bbac68_4096,12141.608
00bbac68_4097,12141.6045
00bbac68_4098,12141.601
00bbac68_4099,12141.598
00bbac68_4100,12141.594
00bbac68_4101,12141.59
00bbac68_4102,12141.586
00bbac68_4103,12141.583
00bbac68_4104,12141.579
00bbac68_4105,12141.575
00bbac68_4106,12141.571
00bbac68_4107,12141.567
00bbac68_4108,12141.563
00bbac68_4109,12141.56
00bbac68_4110,12141.556
00bbac68_4111,12141.552
00bbac68_4112,12141.548
00bbac68_4113,12141.544
00bbac68_4114,12141.54
00bbac68_4115,12141.536
00bbac68_4116,12141.532
00bbac68_4117,12141.528
00bbac68_4118,12141.524
00bbac68_4119,12141.5205
00bbac68_4120,12141.517
00bbac68_4121,12141.513
00bbac68_4122,12141.509
00bbac68_4123,12141.505
00bbac68_4124,12141.501
00bbac68_4125,12141.497
00bbac68_4126,12141.493
00bbac68_4127,12141.489
00bbac68_4128,12141.485
00bbac68_4129,12141.481
00bbac68_4130,12141.478
00bbac68_4131,12141.474
00bbac68_4132,12141.47
00bbac68_4133,12141.466
00bbac68_4134,12141.462
00bbac68_4135,12141.458
00bbac68_4136,12141.454
00bbac68_4137,12141.45
00bbac68_4138,12141.446
00bbac68_4139,12141.442
00bbac68_4140,12141.438
00bbac68_4141,12141.435
00bbac68_4142,12141.431
00bbac68_4143,12141.427
00bbac68_4144,12141.423
00bbac68_4145,12141.419
00bbac68_4146,12141.416
00bbac68_4147,12141.412
00bbac68_4148,12141.408
00bbac68_4149,12141.405
00bbac68_4150,12141.401
00bbac68_4151,12141.398
00bbac68_4152,12141.395
00bbac68_4153,12141.392
00bbac68_4154,12141.389
00bbac68_4155,12141.386
00bbac68_4156,12141.383
00bbac68_4157,12141.38
00bbac68_4158,12141.377
00bbac68_4159,12141.374
00bbac68_4160,12141.371
00bbac68_4161,12141.369
00bbac68_4162,12141.366
00bbac68_4163,12141.364
00bbac68_4164,12141.361
00bbac68_4165,12141.359
00bbac68_4166,12141.357
00bbac68_4167,12141.355
00bbac68_4168,12141.354
00bbac68_4169,12141.352
00bbac68_4170,12141.35
00bbac68_4171,12141.348
00bbac68_4172,12141.347
00bbac68_4173,12141.345
00bbac68_4174,12141.344
00bbac68_4175,12141.342
00bbac68_4176,12141.341
00bbac68_4177,12141.34
00bbac68_4178,12141.339
00bbac68_4179,12141.338
00bbac68_4180,12141.337
00bbac68_4181,12141.336
00bbac68_4182,12141.335
00bbac68_4183,12141.334
00bbac68_4184,12141.333
00bbac68_4185,12141.332
00bbac68_4186,12141.331
00bbac68_4187,12141.331
00bbac68_4188,12141.33
00bbac68_4189,12141.33
00bbac68_4190,12141.329
00bbac68_4191,12141.329
00bbac68_4192,12141.329
00bbac68_4193,12141.328
00bbac68_4194,12141.328
00bbac68_4195,12141.328
00bbac68_4196,12141.328
00bbac68_4197,12141.328
00bbac68_4198,12141.328
00bbac68_4199,12141.328
00bbac68_4200,12141.329
00bbac68_4201,12141.329
00bbac68_4202,12141.329
00bbac68_4203,12141.33
00bbac68_4204,12141.33
00bbac68_4205,12141.331
00bbac68_4206,12141.332
00bbac68_4207,12141.333
00bbac68_4208,12141.333
00bbac68_4209,12141.334
00bbac68_4210,12141.335
00bbac68_4211,12141.337
00bbac68_4212,12141.338
00bbac68_4213,12141.339
00bbac68_4214,12141.34
00bbac68_4215,12141.342
00bbac68_4216,12141.343
00bbac68_4217,12141.345
00bbac68_4218,12141.346
00bbac68_4219,12141.348
00bbac68_4220,12141.35
00bbac68_4221,12141.352
00bbac68_4222,12141.354
00bbac68_4223,12141.355
00bbac68_4224,12141.357
00bbac68_4225,12141.359
00bbac68_4226,12141.361
00bbac68_4227,12141.364
00bbac68_4228,12141.366
00bbac68_4229,12141.368
00bbac68_4230,12141.37
00bbac68_4231,12141.373
00bbac68_4232,12141.375
00bbac68_4233,12141.377
00bbac68_4234,12141.379
00bbac68_4235,12141.382
00bbac68_4236,12141.384
00bbac68_4237,12141.386
00bbac68_4238,12141.388
00bbac68_4239,12141.39
00bbac68_4240,12141.392
00bbac68_4241,12141.395
00bbac68_4242,12141.396
00bbac68_4243,12141.398
00bbac68_4244,12141.4
00bbac68_4245,12141.402
00bbac68_4246,12141.405
00bbac68_4247,12141.407
00bbac68_4248,12141.409
00bbac68_4249,12141.411
00bbac68_4250,12141.414
00bbac68_4251,12141.416
00bbac68_4252,12141.418
00bbac68_4253,12141.421
00bbac68_4254,12141.423
00bbac68_4255,12141.426
00bbac68_4256,12141.429
00bbac68_4257,12141.431
00bbac68_4258,12141.434
00bbac68_4259,12141.437
00bbac68_4260,12141.439
00bbac68_4261,12141.442
00bbac68_4262,12141.445
00bbac68_4263,12141.448
00bbac68_4264,12141.451
00bbac68_4265,12141.454
00bbac68_4266,12141.457
00bbac68_4267,12141.46
00bbac68_4268,12141.464
00bbac68_4269,12141.467
00bbac68_4270,12141.471
00bbac68_4271,12141.474
00bbac68_4272,12141.478
00bbac68_4273,12141.48
00bbac68_4274,12141.484
00bbac68_4275,12141.488
00bbac68_4276,12141.491
00bbac68_4277,12141.495
00bbac68_4278,12141.498
00bbac68_4279,12141.502
00bbac68_4280,12141.505
00bbac68_4281,12141.509
00bbac68_4282,12141.512
00bbac68_4283,12141.516
00bbac68_4284,12141.519
00bbac68_4285,12141.521
00bbac68_4286,12141.525
00bbac68_4287,12141.528
00bbac68_4288,12141.531
00bbac68_4289,12141.534
00bbac68_4290,12141.537
00bbac68_4291,12141.54
00bbac68_4292,12141.543
00bbac68_4293,12141.546
00bbac68_4294,12141.548
00bbac68_4295,12141.551
00bbac68_4296,12141.554
00bbac68_4297,12141.557
00bbac68_4298,12141.559
00bbac68_4299,12141.562
00bbac68_4300,12141.563
00bbac68_4301,12141.566
00bbac68_4302,12141.568
00bbac68_4303,12141.57
00bbac68_4304,12141.572
00bbac68_4305,12141.574
00bbac68_4306,12141.576
00bbac68_4307,12141.578
00bbac68_4308,12141.579
00bbac68_4309,12141.581
00bbac68_4310,12141.582
00bbac68_4311,12141.584
00bbac68_4312,12141.585
00bbac68_4313,12141.586
00bbac68_4314,12141.587
00bbac68_4315,12141.588
00bbac68_4316,12141.589
00bbac68_4317,12141.59
00bbac68_4318,12141.59
00bbac68_4319,12141.591
00bbac68_4320,12141.592
00bbac68_4321,12141.592
00bbac68_4322,12141.592
00bbac68_4323,12141.593
00bbac68_4324,12141.593
00bbac68_4325,12141.593
00bbac68_4326,12141.592
00bbac68_4327,12141.592
00bbac68_4328,12141.592
00bbac68_4329,12141.591
00bbac68_4330,12141.59
00bbac68_4331,12141.589
00bbac68_4332,12141.588
00bbac68_4333,12141.586
00bbac68_4334,12141.585
00bbac68_4335,12141.583
00bbac68_4336,12141.581
00bbac68_4337,12141.578
00bbac68_4338,12141.576
00bbac68_4339,12141.573
00bbac68_4340,12141.57
00bbac68_4341,12141.567
00bbac68_4342,12141.564
00bbac68_4343,12141.561
00bbac68_4344,12141.557
00bbac68_4345,12141.553
00bbac68_4346,12141.549
00bbac68_4347,12141.545
00bbac68_4348,12141.54
00bbac68_4349,12141.535
00bbac68_4350,12141.53
00bbac68_4351,12141.525
00bbac68_4352,12141.5205
00bbac68_4353,12141.515
00bbac68_4354,12141.509
00bbac68_4355,12141.503
00bbac68_4356,12141.497
00bbac68_4357,12141.491
00bbac68_4358,12141.485
00bbac68_4359,12141.479
00bbac68_4360,12141.473
00bbac68_4361,12141.466
00bbac68_4362,12141.459
00bbac68_4363,12141.452
00bbac68_4364,12141.445
00bbac68_4365,12141.438
00bbac68_4366,12141.432
00bbac68_4367,12141.424
00bbac68_4368,12141.417
00bbac68_4369,12141.409
00bbac68_4370,12141.402
00bbac68_4371,12141.395
00bbac68_4372,12141.387
00bbac68_4373,12141.379
00bbac68_4374,12141.371
00bbac68_4375,12141.363
00bbac68_4376,12141.3545
00bbac68_4377,12141.347
00bbac68_4378,12141.338
00bbac68_4379,12141.329
00bbac68_4380,12141.32
00bbac68_4381,12141.312
00bbac68_4382,12141.303
00bbac68_4383,12141.294
00bbac68_4384,12141.285
00bbac68_4385,12141.275
00bbac68_4386,12141.266
00bbac68_4387,12141.257
00bbac68_4388,12141.247
00bbac68_4389,12141.237
00bbac68_4390,12141.228
00bbac68_4391,12141.218
00bbac68_4392,12141.207
00bbac68_4393,12141.197
00bbac68_4394,12141.1875
00bbac68_4395,12141.177
00bbac68_4396,12141.167
00bbac68_4397,12141.156
00bbac68_4398,12141.146
00bbac68_4399,12141.136
00bbac68_4400,12141.125
00bbac68_4401,12141.114
00bbac68_4402,12141.104
00bbac68_4403,12141.093
00bbac68_4404,12141.082
00bbac68_4405,12141.071
00bbac68_4406,12141.061
00bbac68_4407,12141.05
00bbac68_4408,12141.039
00bbac68_4409,12141.027
00bbac68_4410,12141.017
00bbac68_4411,12141.006
00bbac68_4412,12140.994
00bbac68_4413,12140.983
00bbac68_4414,12140.972
00bbac68_4415,12140.96
00bbac68_4416,12140.949
00bbac68_4417,12140.9375
00bbac68_4418,12140.926
00bbac68_4419,12140.915
00bbac68_4420,12140.903
00bbac68_4421,12140.892
00bbac68_4422,12140.88
00bbac68_4423,12140.869
00bbac68_4424,12140.857
00bbac68_4425,12140.846
00bbac68_4426,12140.834
00bbac68_4427,12140.822
00bbac68_4428,12140.811
00bbac68_4429,12140.799
00bbac68_4430,12140.788
00bbac68_4431,12140.776
00bbac68_4432,12140.765
00bbac68_4433,12140.753
00bbac68_4434,12140.741
00bbac68_4435,12140.7295
00bbac68_4436,12140.718
00bbac68_4437,12140.706
00bbac68_4438,12140.694
00bbac68_4439,12140.684
00bbac68_4440,12140.672
00bbac68_4441,12140.66
00bbac68_4442,12140.648
00bbac68_4443,12140.637
00bbac68_4444,12140.626
00bbac68_4445,12140.614
00bbac68_4446,12140.603
00bbac68_4447,12140.591
00bbac68_4448,12140.58
00bbac68_4449,12140.568
00bbac68_4450,12140.558
00bbac68_4451,12140.546
00bbac68_4452,12140.535
00bbac68_4453,12140.523
00bbac68_4454,12140.513
00bbac68_4455,12140.501
00bbac68_4456,12140.49
00bbac68_4457,12140.4795
00bbac68_4458,12140.468
00bbac68_4459,12140.457
00bbac68_4460,12140.446
00bbac68_4461,12140.436
00bbac68_4462,12140.425
00bbac68_4463,12140.414
00bbac68_4464,12140.404
00bbac68_4465,12140.394
00bbac68_4466,12140.384
00bbac68_4467,12140.374
00bbac68_4468,12140.364
00bbac68_4469,12140.3545
00bbac68_4470,12140.345
00bbac68_4471,12140.335
00bbac68_4472,12140.325
00bbac68_4473,12140.316
00bbac68_4474,12140.307
00bbac68_4475,12140.297
00bbac68_4476,12140.288
00bbac68_4477,12140.279
00bbac68_4478,12140.2705
00bbac68_4479,12140.261
00bbac68_4480,12140.252
00bbac68_4481,12140.243
00bbac68_4482,12140.234
00bbac68_4483,12140.227
00bbac68_4484,12140.218
00bbac68_4485,12140.209
00bbac68_4486,12140.201
00bbac68_4487,12140.193
00bbac68_4488,12140.185
00bbac68_4489,12140.177
00bbac68_4490,12140.169
00bbac68_4491,12140.161
00bbac68_4492,12140.153
00bbac68_4493,12140.146
00bbac68_4494,12140.139
00bbac68_4495,12140.132
00bbac68_4496,12140.124
00bbac68_4497,12140.117
00bbac68_4498,12140.11
00bbac68_4499,12140.104
00bbac68_4500,12140.098
00bbac68_4501,12140.091
00bbac68_4502,12140.085
00bbac68_4503,12140.079
00bbac68_4504,12140.073
00bbac68_4505,12140.067
00bbac68_4506,12140.062
00bbac68_4507,12140.057
00bbac68_4508,12140.051
00bbac68_4509,12140.046
00bbac68_4510,12140.041
00bbac68_4511,12140.036
00bbac68_4512,12140.031
00bbac68_4513,12140.027
00bbac68_4514,12140.022
00bbac68_4515,12140.019
00bbac68_4516,12140.015
00bbac68_4517,12140.011
00bbac68_4518,12140.007
00bbac68_4519,12140.003
00bbac68_4520,12140.0
00bbac68_4521,12139.996
00bbac68_4522,12139.993
00bbac68_4523,12139.99
00bbac68_4524,12139.987
00bbac68_4525,12139.984
00bbac68_4526,12139.981
00bbac68_4527,12139.979
00bbac68_4528,12139.976
00bbac68_4529,12139.974
00bbac68_4530,12139.972
00bbac68_4531,12139.969
00bbac68_4532,12139.967
00bbac68_4533,12139.965
00bbac68_4534,12139.964
00bbac68_4535,12139.962
00bbac68_4536,12139.961
00bbac68_4537,12139.959
00bbac68_4538,12139.958
00bbac68_4539,12139.957
00bbac68_4540,12139.956
00bbac68_4541,12139.955
00bbac68_4542,12139.954
00bbac68_4543,12139.953
00bbac68_4544,12139.953
00bbac68_4545,12139.952
00bbac68_4546,12139.952
00bbac68_4547,12139.952
00bbac68_4548,12139.951
00bbac68_4549,12139.951
00bbac68_4550,12139.951
00bbac68_4551,12139.951
00bbac68_4552,12139.951
00bbac68_4553,12139.951
00bbac68_4554,12139.951
00bbac68_4555,12139.951
00bbac68_4556,12139.951
00bbac68_4557,12139.951
00bbac68_4558,12139.951
00bbac68_4559,12139.951
00bbac68_4560,12139.951
00bbac68_4561,12139.95
00bbac68_4562,12139.95
00bbac68_4563,12139.949
00bbac68_4564,12139.949
00bbac68_4565,12139.948
00bbac68_4566,12139.947
00bbac68_4567,12139.946
00bbac68_4568,12139.945
00bbac68_4569,12139.943
00bbac68_4570,12139.942
00bbac68_4571,12139.94
00bbac68_4572,12139.938
00bbac68_4573,12139.937
00bbac68_4574,12139.934
00bbac68_4575,12139.932
00bbac68_4576,12139.929
00bbac68_4577,12139.926
00bbac68_4578,12139.923
00bbac68_4579,12139.92
00bbac68_4580,12139.917
00bbac68_4581,12139.914
00bbac68_4582,12139.91
00bbac68_4583,12139.907
00bbac68_4584,12139.903
00bbac68_4585,12139.899
00bbac68_4586,12139.8955
00bbac68_4587,12139.891
00bbac68_4588,12139.887
00bbac68_4589,12139.882
00bbac68_4590,12139.878
00bbac68_4591,12139.873
00bbac68_4592,12139.868
00bbac68_4593,12139.863
00bbac68_4594,12139.857
00bbac68_4595,12139.852
00bbac68_4596,12139.846
00bbac68_4597,12139.84
00bbac68_4598,12139.834
00bbac68_4599,12139.827
00bbac68_4600,12139.82
00bbac68_4601,12139.813
00bbac68_4602,12139.807
00bbac68_4603,12139.799
00bbac68_4604,12139.791
00bbac68_4605,12139.783
00bbac68_4606,12139.775
00bbac68_4607,12139.767
00bbac68_4608,12139.758
00bbac68_4609,12139.75
00bbac68_4610,12139.74
00bbac68_4611,12139.731
00bbac68_4612,12139.722
00bbac68_4613,12139.713
00bbac68_4614,12139.702
00bbac68_4615,12139.692
00bbac68_4616,12139.682
00bbac68_4617,12139.671
00bbac68_4618,12139.66
00bbac68_4619,12139.649
00bbac68_4620,12139.638
00bbac68_4621,12139.625
00bbac68_4622,12139.613
00bbac68_4623,12139.601
00bbac68_4624,12139.588
00bbac68_4625,12139.574
00bbac68_4626,12139.561
00bbac68_4627,12139.547
00bbac68_4628,12139.533
00bbac68_4629,12139.519
00bbac68_4630,12139.505
00bbac68_4631,12139.489
00bbac68_4632,12139.475
00bbac68_4633,12139.46
00bbac68_4634,12139.444
00bbac68_4635,12139.429
00bbac68_4636,12139.413
00bbac68_4637,12139.397
00bbac68_4638,12139.382
00bbac68_4639,12139.365
00bbac68_4640,12139.35
00bbac68_4641,12139.333
00bbac68_4642,12139.316
00bbac68_4643,12139.3
00bbac68_4644,12139.283
00bbac68_4645,12139.266
00bbac68_4646,12139.249
00bbac68_4647,12139.231
00bbac68_4648,12139.214
00bbac68_4649,12139.197
00bbac68_4650,12139.18
00bbac68_4651,12139.161
00bbac68_4652,12139.144
00bbac68_4653,12139.125
00bbac68_4654,12139.107
00bbac68_4655,12139.089
00bbac68_4656,12139.07
00bbac68_4657,12139.052
00bbac68_4658,12139.033
00bbac68_4659,12139.014
00bbac68_4660,12138.995
00bbac68_4661,12138.976
00bbac68_4662,12138.956
00bbac68_4663,12138.937
00bbac68_4664,12138.917
00bbac68_4665,12138.896
00bbac68_4666,12138.877
00bbac68_4667,12138.856
00bbac68_4668,12138.836
00bbac68_4669,12138.815
00bbac68_4670,12138.795
00bbac68_4671,12138.774
00bbac68_4672,12138.753
00bbac68_4673,12138.732
00bbac68_4674,12138.711
00bbac68_4675,12138.689
00bbac68_4676,12138.669
00bbac68_4677,12138.647
00bbac68_4678,12138.625
00bbac68_4679,12138.604
00bbac68_4680,12138.582
00bbac68_4681,12138.561
00bbac68_4682,12138.538
00bbac68_4683,12138.517
00bbac68_4684,12138.494
00bbac68_4685,12138.473
00bbac68_4686,12138.45
00bbac68_4687,12138.428
00bbac68_4688,12138.405
00bbac68_4689,12138.384
00bbac68_4690,12138.361
00bbac68_4691,12138.339
00bbac68_4692,12138.316
00bbac68_4693,12138.294
00bbac68_4694,12138.271
00bbac68_4695,12138.249
00bbac68_4696,12138.227
00bbac68_4697,12138.204
00bbac68_4698,12138.182
00bbac68_4699,12138.159
00bbac68_4700,12138.136
00bbac68_4701,12138.113
00bbac68_4702,12138.091
00bbac68_4703,12138.068
00bbac68_4704,12138.046
00bbac68_4705,12138.023
00bbac68_4706,12138.001
00bbac68_4707,12137.979
00bbac68_4708,12137.956
00bbac68_4709,12137.934
00bbac68_4710,12137.911
00bbac68_4711,12137.889
00bbac68_4712,12137.866
00bbac68_4713,12137.845
00bbac68_4714,12137.822
00bbac68_4715,12137.8
00bbac68_4716,12137.778
00bbac68_4717,12137.756
00bbac68_4718,12137.734
00bbac68_4719,12137.712
00bbac68_4720,12137.69
00bbac68_4721,12137.669
00bbac68_4722,12137.647
00bbac68_4723,12137.626
00bbac68_4724,12137.6045
00bbac68_4725,12137.583
00bbac68_4726,12137.562
00bbac68_4727,12137.54
00bbac68_4728,12137.52
00bbac68_4729,12137.498
00bbac68_4730,12137.478
00bbac68_4731,12137.457
00bbac68_4732,12137.436
00bbac68_4733,12137.415
00bbac68_4734,12137.3955
00bbac68_4735,12137.375
00bbac68_4736,12137.3545
00bbac68_4737,12137.335
00bbac68_4738,12137.314
00bbac68_4739,12137.295
00bbac68_4740,12137.275
00bbac68_4741,12137.256
00bbac68_4742,12137.236
00bbac68_4743,12137.218
00bbac68_4744,12137.198
00bbac68_4745,12137.18
00bbac68_4746,12137.161
00bbac68_4747,12137.143
00bbac68_4748,12137.124
00bbac68_4749,12137.105
00bbac68_4750,12137.087
00bbac68_4751,12137.069
00bbac68_4752,12137.051
00bbac68_4753,12137.033
00bbac68_4754,12137.016
00bbac68_4755,12136.999
00bbac68_4756,12136.981
00bbac68_4757,12136.965
00bbac68_4758,12136.948
00bbac68_4759,12136.933
00bbac68_4760,12136.917
00bbac68_4761,12136.9
00bbac68_4762,12136.886
00bbac68_4763,12136.87
00bbac68_4764,12136.8545
00bbac68_4765,12136.84
00bbac68_4766,12136.825
00bbac68_4767,12136.81
00bbac68_4768,12136.796
00bbac68_4769,12136.781
00bbac68_4770,12136.767
00bbac68_4771,12136.753
00bbac68_4772,12136.739
00bbac68_4773,12136.726
00bbac68_4774,12136.713
00bbac68_4775,12136.7
00bbac68_4776,12136.687
00bbac68_4777,12136.675
00bbac68_4778,12136.662
00bbac68_4779,12136.65
00bbac68_4780,12136.639
00bbac68_4781,12136.627
00bbac68_4782,12136.615
00bbac68_4783,12136.6045
00bbac68_4784,12136.594
00bbac68_4785,12136.583
00bbac68_4786,12136.573
00bbac68_4787,12136.5625
00bbac68_4788,12136.553
00bbac68_4789,12136.544
00bbac68_4790,12136.534
00bbac68_4791,12136.525
00bbac68_4792,12136.517
00bbac68_4793,12136.508
00bbac68_4794,12136.5
00bbac68_4795,12136.491
00bbac68_4796,12136.483
00bbac68_4797,12136.476
00bbac68_4798,12136.469
00bbac68_4799,12136.461
00bbac68_4800,12136.454
00bbac68_4801,12136.447
00bbac68_4802,12136.441
00bbac68_4803,12136.435
00bbac68_4804,12136.429
00bbac68_4805,12136.423
00bbac68_4806,12136.417
00bbac68_4807,12136.411
00bbac68_4808,12136.406
00bbac68_4809,12136.4
00bbac68_4810,12136.3955
00bbac68_4811,12136.391
00bbac68_4812,12136.387
00bbac68_4813,12136.382
00bbac68_4814,12136.378
00bbac68_4815,12136.374
00bbac68_4816,12136.37
00bbac68_4817,12136.366
00bbac68_4818,12136.363
00bbac68_4819,12136.36
00bbac68_4820,12136.356
00bbac68_4821,12136.354
00bbac68_4822,12136.351
00bbac68_4823,12136.349
00bbac68_4824,12136.346
00bbac68_4825,12136.344
00bbac68_4826,12136.342
00bbac68_4827,12136.34
00bbac68_4828,12136.338
00bbac68_4829,12136.336
00bbac68_4830,12136.335
00bbac68_4831,12136.333
00bbac68_4832,12136.332
00bbac68_4833,12136.331
00bbac68_4834,12136.33
00bbac68_4835,12136.329
00bbac68_4836,12136.328
00bbac68_4837,12136.327
00bbac68_4838,12136.327
00bbac68_4839,12136.326
00bbac68_4840,12136.326
00bbac68_4841,12136.326
00bbac68_4842,12136.325
00bbac68_4843,12136.325
00bbac68_4844,12136.325
00bbac68_4845,12136.325
00bbac68_4846,12136.325
00bbac68_4847,12136.325
00bbac68_4848,12136.325
00bbac68_4849,12136.324
00bbac68_4850,12136.324
00bbac68_4851,12136.324
00bbac68_4852,12136.324
00bbac68_4853,12136.324
00bbac68_4854,12136.324
00bbac68_4855,12136.324
00bbac68_4856,12136.324
00bbac68_4857,12136.323
00bbac68_4858,12136.323
00bbac68_4859,12136.323
00bbac68_4860,12136.323
00bbac68_4861,12136.323
00bbac68_4862,12136.323
00bbac68_4863,12136.323
00bbac68_4864,12136.323
00bbac68_4865,12136.323
00bbac68_4866,12136.323
00bbac68_4867,12136.322
00bbac68_4868,12136.322
00bbac68_4869,12136.323
00bbac68_4870,12136.323
00bbac68_4871,12136.323
00bbac68_4872,12136.323
00bbac68_4873,12136.323
00bbac68_4874,12136.323
00bbac68_4875,12136.323
00bbac68_4876,12136.323
00bbac68_4877,12136.323
00bbac68_4878,12136.324
00bbac68_4879,12136.324
00bbac68_4880,12136.324
00bbac68_4881,12136.324
00bbac68_4882,12136.324
00bbac68_4883,12136.324
00bbac68_4884,12136.324
00bbac68_4885,12136.324
00bbac68_4886,12136.324
00bbac68_4887,12136.324
00bbac68_4888,12136.324
00bbac68_4889,12136.324
00bbac68_4890,12136.324
00bbac68_4891,12136.324
00bbac68_4892,12136.323
00bbac68_4893,12136.323
00bbac68_4894,12136.323
00bbac68_4895,12136.322
00bbac68_4896,12136.322
00bbac68_4897,12136.322
00bbac68_4898,12136.321
00bbac68_4899,12136.321
00bbac68_4900,12136.32
00bbac68_4901,12136.319
00bbac68_4902,12136.319
00bbac68_4903,12136.318
00bbac68_4904,12136.317
00bbac68_4905,12136.316
00bbac68_4906,12136.316
00bbac68_4907,12136.315
00bbac68_4908,12136.314
00bbac68_4909,12136.313
00bbac68_4910,12136.3125
00bbac68_4911,12136.312
00bbac68_4912,12136.312
00bbac68_4913,12136.311
00bbac68_4914,12136.31
00bbac68_4915,12136.309
00bbac68_4916,12136.308
00bbac68_4917,12136.307
00bbac68_4918,12136.306
00bbac68_4919,12136.305
00bbac68_4920,12136.304
00bbac68_4921,12136.303
00bbac68_4922,12136.302
00bbac68_4923,12136.301
00bbac68_4924,12136.3
00bbac68_4925,12136.299
00bbac68_4926,12136.298
00bbac68_4927,12136.298
00bbac68_4928,12136.297
00bbac68_4929,12136.296
00bbac68_4930,12136.295
00bbac68_4931,12136.294
00bbac68_4932,12136.293
00bbac68_4933,12136.293
00bbac68_4934,12136.292
00bbac68_4935,12136.291
00bbac68_4936,12136.29
00bbac68_4937,12136.289
00bbac68_4938,12136.288
00bbac68_4939,12136.287
00bbac68_4940,12136.286
00bbac68_4941,12136.285
00bbac68_4942,12136.284
00bbac68_4943,12136.283
00bbac68_4944,12136.281
00bbac68_4945,12136.28
00bbac68_4946,12136.279
00bbac68_4947,12136.277
00bbac68_4948,12136.276
00bbac68_4949,12136.274
00bbac68_4950,12136.273
00bbac68_4951,12136.271
00bbac68_4952,12136.2705
00bbac68_4953,12136.269
00bbac68_4954,12136.267
00bbac68_4955,12136.265
00bbac68_4956,12136.263
00bbac68_4957,12136.262
00bbac68_4958,12136.26
00bbac68_4959,12136.258
00bbac68_4960,12136.256
00bbac68_4961,12136.255
00bbac68_4962,12136.253
00bbac68_4963,12136.252
00bbac68_4964,12136.25
00bbac68_4965,12136.248
00bbac68_4966,12136.247
00bbac68_4967,12136.245
00bbac68_4968,12136.243
00bbac68_4969,12136.242
00bbac68_4970,12136.24
00bbac68_4971,12136.239
00bbac68_4972,12136.238
00bbac68_4973,12136.236
00bbac68_4974,12136.235
00bbac68_4975,12136.234
00bbac68_4976,12136.232
00bbac68_4977,12136.231
00bbac68_4978,12136.23
00bbac68_4979,12136.229
00bbac68_4980,12136.228
00bbac68_4981,12136.227
00bbac68_4982,12136.226
00bbac68_4983,12136.225
00bbac68_4984,12136.223
00bbac68_4985,12136.222
00bbac68_4986,12136.221
00bbac68_4987,12136.219
00bbac68_4988,12136.218
00bbac68_4989,12136.217
00bbac68_4990,12136.216
00bbac68_4991,12136.215
00bbac68_4992,12136.214
00bbac68_4993,12136.213
00bbac68_4994,12136.212
00bbac68_4995,12136.211
00bbac68_4996,12136.209
00bbac68_4997,12136.208
00bbac68_4998,12136.207
00bbac68_4999,12136.206
00bbac68_5000,12136.205
00bbac68_5001,12136.204
00bbac68_5002,12136.203
00bbac68_5003,12136.202
00bbac68_5004,12136.201
00bbac68_5005,12136.2
00bbac68_5006,12136.199
00bbac68_5007,12136.198
00bbac68_5008,12136.197
00bbac68_5009,12136.195
00bbac68_5010,12136.194
00bbac68_5011,12136.193
00bbac68_5012,12136.192
00bbac68_5013,12136.191
00bbac68_5014,12136.189
00bbac68_5015,12136.188
00bbac68_5016,12136.1875
00bbac68_5017,12136.186
00bbac68_5018,12136.185
00bbac68_5019,12136.183
00bbac68_5020,12136.181
00bbac68_5021,12136.18
00bbac68_5022,12136.178
00bbac68_5023,12136.176
00bbac68_5024,12136.174
00bbac68_5025,12136.172
00bbac68_5026,12136.17
00bbac68_5027,12136.167
00bbac68_5028,12136.165
00bbac68_5029,12136.163
00bbac68_5030,12136.16
00bbac68_5031,12136.158
00bbac68_5032,12136.155
00bbac68_5033,12136.152
00bbac68_5034,12136.15
00bbac68_5035,12136.147
00bbac68_5036,12136.144
00bbac68_5037,12136.141
00bbac68_5038,12136.138
00bbac68_5039,12136.135
00bbac68_5040,12136.131
00bbac68_5041,12136.128
00bbac68_5042,12136.124
00bbac68_5043,12136.12
00bbac68_5044,12136.117
00bbac68_5045,12136.113
00bbac68_5046,12136.109
00bbac68_5047,12136.105
00bbac68_5048,12136.102
00bbac68_5049,12136.098
00bbac68_5050,12136.094
00bbac68_5051,12136.09
00bbac68_5052,12136.086
00bbac68_5053,12136.082
00bbac68_5054,12136.078
00bbac68_5055,12136.074
00bbac68_5056,12136.07
00bbac68_5057,12136.065
00bbac68_5058,12136.062
00bbac68_5059,12136.058
00bbac68_5060,12136.053
00bbac68_5061,12136.049
00bbac68_5062,12136.044
00bbac68_5063,12136.04
00bbac68_5064,12136.035
00bbac68_5065,12136.03
00bbac68_5066,12136.026
00bbac68_5067,12136.021
00bbac68_5068,12136.017
00bbac68_5069,12136.012
00bbac68_5070,12136.007
00bbac68_5071,12136.002
00bbac68_5072,12135.997
00bbac68_5073,12135.992
00bbac68_5074,12135.987
00bbac68_5075,12135.982
00bbac68_5076,12135.978
00bbac68_5077,12135.973
00bbac68_5078,12135.967
00bbac68_5079,12135.962
00bbac68_5080,12135.957
00bbac68_5081,12135.952
00bbac68_5082,12135.946
00bbac68_5083,12135.941
00bbac68_5084,12135.936
00bbac68_5085,12135.931
00bbac68_5086,12135.925
00bbac68_5087,12135.92
00bbac68_5088,12135.914
00bbac68_5089,12135.909
00bbac68_5090,12135.903
00bbac68_5091,12135.897
00bbac68_5092,12135.893
00bbac68_5093,12135.887
00bbac68_5094,12135.882
00bbac68_5095,12135.876
00bbac68_5096,12135.871
00bbac68_5097,12135.865
00bbac68_5098,12135.859
00bbac68_5099,12135.8545
00bbac68_5100,12135.849
00bbac68_5101,12135.844
00bbac68_5102,12135.838
00bbac68_5103,12135.833
00bbac68_5104,12135.827
00bbac68_5105,12135.822
00bbac68_5106,12135.816
00bbac68_5107,12135.811
00bbac68_5108,12135.806
00bbac68_5109,12135.8
00bbac68_5110,12135.794
00bbac68_5111,12135.789
00bbac68_5112,12135.783
00bbac68_5113,12135.777
00bbac68_5114,12135.771
00bbac68_5115,12135.766
00bbac68_5116,12135.76
00bbac68_5117,12135.754
00bbac68_5118,12135.748
00bbac68_5119,12135.742
00bbac68_5120,12135.736
00bbac68_5121,12135.73
00bbac68_5122,12135.725
00bbac68_5123,12135.719
00bbac68_5124,12135.712
00bbac68_5125,12135.706
00bbac68_5126,12135.7
00bbac68_5127,12135.693
00bbac68_5128,12135.6875
00bbac68_5129,12135.682
00bbac68_5130,12135.675
00bbac68_5131,12135.669
00bbac68_5132,12135.662
00bbac68_5133,12135.655
00bbac68_5134,12135.649
00bbac68_5135,12135.643
00bbac68_5136,12135.636
00bbac68_5137,12135.63
00bbac68_5138,12135.623
00bbac68_5139,12135.616
00bbac68_5140,12135.61
00bbac68_5141,12135.604
00bbac68_5142,12135.597
00bbac68_5143,12135.591
00bbac68_5144,12135.584
00bbac68_5145,12135.577
00bbac68_5146,12135.571
00bbac68_5147,12135.564
00bbac68_5148,12135.559
00bbac68_5149,12135.553
00bbac68_5150,12135.546
00bbac68_5151,12135.54
00bbac68_5152,12135.534
00bbac68_5153,12135.528
00bbac68_5154,12135.522
00bbac68_5155,12135.517
00bbac68_5156,12135.511
00bbac68_5157,12135.505
00bbac68_5158,12135.499
00bbac68_5159,12135.493
00bbac68_5160,12135.487
00bbac68_5161,12135.481
00bbac68_5162,12135.477
00bbac68_5163,12135.471
00bbac68_5164,12135.465
00bbac68_5165,12135.459
00bbac68_5166,12135.454
00bbac68_5167,12135.448
00bbac68_5168,12135.442
00bbac68_5169,12135.4375
00bbac68_5170,12135.432
00bbac68_5171,12135.427
00bbac68_5172,12135.421
00bbac68_5173,12135.416
00bbac68_5174,12135.41
00bbac68_5175,12135.405
00bbac68_5176,12135.399
00bbac68_5177,12135.395
00bbac68_5178,12135.39
00bbac68_5179,12135.384
00bbac68_5180,12135.379
00bbac68_5181,12135.374
00bbac68_5182,12135.369
00bbac68_5183,12135.364
00bbac68_5184,12135.359
00bbac68_5185,12135.3545
00bbac68_5186,12135.35
00bbac68_5187,12135.346
00bbac68_5188,12135.341
00bbac68_5189,12135.336
00bbac68_5190,12135.331
00bbac68_5191,12135.326
00bbac68_5192,12135.322
00bbac68_5193,12135.317
00bbac68_5194,12135.3125
00bbac68_5195,12135.308
00bbac68_5196,12135.304
00bbac68_5197,12135.299
00bbac68_5198,12135.295
00bbac68_5199,12135.29
00bbac68_5200,12135.286
00bbac68_5201,12135.281
00bbac68_5202,12135.277
00bbac68_5203,12135.273
00bbac68_5204,12135.269
00bbac68_5205,12135.265
00bbac68_5206,12135.261
00bbac68_5207,12135.257
00bbac68_5208,12135.252
00bbac68_5209,12135.248
00bbac68_5210,12135.243
00bbac68_5211,12135.239
00bbac68_5212,12135.234
00bbac68_5213,12135.2295
00bbac68_5214,12135.225
00bbac68_5215,12135.221
00bbac68_5216,12135.216
00bbac68_5217,12135.21
00bbac68_5218,12135.205
00bbac68_5219,12135.2
00bbac68_5220,12135.195
00bbac68_5221,12135.19
00bbac68_5222,12135.186
00bbac68_5223,12135.181
00bbac68_5224,12135.175
00bbac68_5225,12135.17
00bbac68_5226,12135.165
00bbac68_5227,12135.16
00bbac68_5228,12135.154
00bbac68_5229,12135.149
00bbac68_5230,12135.145
00bbac68_5231,12135.139
00bbac68_5232,12135.134
00bbac68_5233,12135.129
00bbac68_5234,12135.123
00bbac68_5235,12135.118
00bbac68_5236,12135.112
00bbac68_5237,12135.107
00bbac68_5238,12135.102
00bbac68_5239,12135.097
00bbac68_5240,12135.091
00bbac68_5241,12135.085
00bbac68_5242,12135.08
00bbac68_5243,12135.074
00bbac68_5244,12135.069
00bbac68_5245,12135.063
00bbac68_5246,12135.058
00bbac68_5247,12135.052
00bbac68_5248,12135.047
00bbac68_5249,12135.041
00bbac68_5250,12135.035
00bbac68_5251,12135.029
00bbac68_5252,12135.023
00bbac68_5253,12135.017
00bbac68_5254,12135.011
00bbac68_5255,12135.004
00bbac68_5256,12134.998
00bbac68_5257,12134.991
00bbac68_5258,12134.984
00bbac68_5259,12134.978
00bbac68_5260,12134.971
00bbac68_5261,12134.964
00bbac68_5262,12134.956
00bbac68_5263,12134.949
00bbac68_5264,12134.941
00bbac68_5265,12134.935
00bbac68_5266,12134.927
00bbac68_5267,12134.919
00bbac68_5268,12134.911
00bbac68_5269,12134.903
00bbac68_5270,12134.895
00bbac68_5271,12134.886
00bbac68_5272,12134.877
00bbac68_5273,12134.868
00bbac68_5274,12134.858
00bbac68_5275,12134.849
00bbac68_5276,12134.839
00bbac68_5277,12134.829
00bbac68_5278,12134.819
00bbac68_5279,12134.809
00bbac68_5280,12134.799
00bbac68_5281,12134.788
00bbac68_5282,12134.777
00bbac68_5283,12134.766
00bbac68_5284,12134.755
00bbac68_5285,12134.743
00bbac68_5286,12134.731
00bbac68_5287,12134.72
00bbac68_5288,12134.708
00bbac68_5289,12134.695
00bbac68_5290,12134.684
00bbac68_5291,12134.671
00bbac68_5292,12134.658
00bbac68_5293,12134.645
00bbac68_5294,12134.632
00bbac68_5295,12134.618
00bbac68_5296,12134.6045
00bbac68_5297,12134.591
00bbac68_5298,12134.577
00bbac68_5299,12134.5625
00bbac68_5300,12134.548
00bbac68_5301,12134.534
00bbac68_5302,12134.519
00bbac68_5303,12134.504
00bbac68_5304,12134.489
00bbac68_5305,12134.474
00bbac68_5306,12134.458
00bbac68_5307,12134.442
00bbac68_5308,12134.427
00bbac68_5309,12134.41
00bbac68_5310,12134.395
00bbac68_5311,12134.378
00bbac68_5312,12134.361
00bbac68_5313,12134.345
00bbac68_5314,12134.327
00bbac68_5315,12134.311
00bbac68_5316,12134.293
00bbac68_5317,12134.275
00bbac68_5318,12134.258
00bbac68_5319,12134.24
00bbac68_5320,12134.223
00bbac68_5321,12134.205
00bbac68_5322,12134.187
00bbac68_5323,12134.169
00bbac68_5324,12134.15
00bbac68_5325,12134.132
00bbac68_5326,12134.113
00bbac68_5327,12134.095
00bbac68_5328,12134.076
00bbac68_5329,12134.057
00bbac68_5330,12134.038
00bbac68_5331,12134.019
00bbac68_5332,12133.999
00bbac68_5333,12133.9795
00bbac68_5334,12133.961
00bbac68_5335,12133.941
00bbac68_5336,12133.921
00bbac68_5337,12133.901
00bbac68_5338,12133.882
00bbac68_5339,12133.862
00bbac68_5340,12133.843
00bbac68_5341,12133.822
00bbac68_5342,12133.803
00bbac68_5343,12133.783
00bbac68_5344,12133.763
00bbac68_5345,12133.743
00bbac68_5346,12133.723
00bbac68_5347,12133.703
00bbac68_5348,12133.683
00bbac68_5349,12133.663
00bbac68_5350,12133.643
00bbac68_5351,12133.623
00bbac68_5352,12133.603
00bbac68_5353,12133.583
00bbac68_5354,12133.5625
00bbac68_5355,12133.543
00bbac68_5356,12133.522
00bbac68_5357,12133.503
00bbac68_5358,12133.483
00bbac68_5359,12133.463
00bbac68_5360,12133.443
00bbac68_5361,12133.423
00bbac68_5362,12133.403
00bbac68_5363,12133.384
00bbac68_5364,12133.363
00bbac68_5365,12133.344
00bbac68_5366,12133.324
00bbac68_5367,12133.305
00bbac68_5368,12133.285
00bbac68_5369,12133.266
00bbac68_5370,12133.247
00bbac68_5371,12133.228
00bbac68_5372,12133.208
00bbac68_5373,12133.189
00bbac68_5374,12133.17
00bbac68_5375,12133.151
00bbac68_5376,12133.133
00bbac68_5377,12133.113
00bbac68_5378,12133.095
00bbac68_5379,12133.076
00bbac68_5380,12133.058
00bbac68_5381,12133.039
00bbac68_5382,12133.0205
00bbac68_5383,12133.002
00bbac68_5384,12132.983
00bbac68_5385,12132.966
00bbac68_5386,12132.947
00bbac68_5387,12132.93
00bbac68_5388,12132.911
00bbac68_5389,12132.894
00bbac68_5390,12132.876
00bbac68_5391,12132.858
00bbac68_5392,12132.841
00bbac68_5393,12132.823
00bbac68_5394,12132.806
00bbac68_5395,12132.788
00bbac68_5396,12132.7705
00bbac68_5397,12132.754
00bbac68_5398,12132.737
00bbac68_5399,12132.72
00bbac68_5400,12132.703
00bbac68_5401,12132.687
00bbac68_5402,12132.67
00bbac68_5403,12132.654
00bbac68_5404,12132.638
00bbac68_5405,12132.622
00bbac68_5406,12132.605
00bbac68_5407,12132.59
00bbac68_5408,12132.574
00bbac68_5409,12132.559
00bbac68_5410,12132.544
00bbac68_5411,12132.528
00bbac68_5412,12132.514
00bbac68_5413,12132.499
00bbac68_5414,12132.484
00bbac68_5415,12132.47
00bbac68_5416,12132.455
00bbac68_5417,12132.441
00bbac68_5418,12132.428
00bbac68_5419,12132.414
00bbac68_5420,12132.4
00bbac68_5421,12132.387
00bbac68_5422,12132.374
00bbac68_5423,12132.361
00bbac68_5424,12132.349
00bbac68_5425,12132.336
00bbac68_5426,12132.323
00bbac68_5427,12132.312
00bbac68_5428,12132.3
00bbac68_5429,12132.289
00bbac68_5430,12132.277
00bbac68_5431,12132.267
00bbac68_5432,12132.257
00bbac68_5433,12132.247
00bbac68_5434,12132.237
00bbac68_5435,12132.228
00bbac68_5436,12132.219
00bbac68_5437,12132.21
00bbac68_5438,12132.202
00bbac68_5439,12132.194
00bbac68_5440,12132.187
00bbac68_5441,12132.179
00bbac68_5442,12132.172
00bbac68_5443,12132.164
00bbac68_5444,12132.157
00bbac68_5445,12132.151
00bbac68_5446,12132.145
00bbac68_5447,12132.139
00bbac68_5448,12132.133
00bbac68_5449,12132.127
00bbac68_5450,12132.121
00bbac68_5451,12132.116
00bbac68_5452,12132.111
00bbac68_5453,12132.106
00bbac68_5454,12132.102
00bbac68_5455,12132.098
00bbac68_5456,12132.094
00bbac68_5457,12132.09
00bbac68_5458,12132.086
00bbac68_5459,12132.082
00bbac68_5460,12132.078
00bbac68_5461,12132.075
00bbac68_5462,12132.072
00bbac68_5463,12132.069
00bbac68_5464,12132.066
00bbac68_5465,12132.064
00bbac68_5466,12132.062
00bbac68_5467,12132.06
00bbac68_5468,12132.058
00bbac68_5469,12132.055
00bbac68_5470,12132.053
00bbac68_5471,12132.051
00bbac68_5472,12132.049
00bbac68_5473,12132.047
00bbac68_5474,12132.046
00bbac68_5475,12132.044
00bbac68_5476,12132.042
00bbac68_5477,12132.04
00bbac68_5478,12132.038
00bbac68_5479,12132.036
00bbac68_5480,12132.035
00bbac68_5481,12132.033
00bbac68_5482,12132.031
00bbac68_5483,12132.029
00bbac68_5484,12132.028
00bbac68_5485,12132.026
00bbac68_5486,12132.024
00bbac68_5487,12132.023
00bbac68_5488,12132.021
00bbac68_5489,12132.02
00bbac68_5490,12132.019
00bbac68_5491,12132.017
00bbac68_5492,12132.016
00bbac68_5493,12132.014
00bbac68_5494,12132.013
00bbac68_5495,12132.011
00bbac68_5496,12132.01
00bbac68_5497,12132.008
00bbac68_5498,12132.006
00bbac68_5499,12132.005
00bbac68_5500,12132.003
00bbac68_5501,12132.002
00bbac68_5502,12132.0
00bbac68_5503,12131.998
00bbac68_5504,12131.997
00bbac68_5505,12131.995
00bbac68_5506,12131.993
00bbac68_5507,12131.991
00bbac68_5508,12131.989
00bbac68_5509,12131.987
00bbac68_5510,12131.985
00bbac68_5511,12131.983
00bbac68_5512,12131.981
00bbac68_5513,12131.9795
00bbac68_5514,12131.977
00bbac68_5515,12131.975
00bbac68_5516,12131.973
00bbac68_5517,12131.97
00bbac68_5518,12131.968
00bbac68_5519,12131.965
00bbac68_5520,12131.962
00bbac68_5521,12131.96
00bbac68_5522,12131.957
00bbac68_5523,12131.954
00bbac68_5524,12131.951
00bbac68_5525,12131.947
00bbac68_5526,12131.944
00bbac68_5527,12131.94
00bbac68_5528,12131.937
00bbac68_5529,12131.933
00bbac68_5530,12131.928
00bbac68_5531,12131.924
00bbac68_5532,12131.919
00bbac68_5533,12131.914
00bbac68_5534,12131.909
00bbac68_5535,12131.904
00bbac68_5536,12131.898
00bbac68_5537,12131.893
00bbac68_5538,12131.887
00bbac68_5539,12131.881
00bbac68_5540,12131.874
00bbac68_5541,12131.867
00bbac68_5542,12131.86
00bbac68_5543,12131.853
00bbac68_5544,12131.845
00bbac68_5545,12131.837
00bbac68_5546,12131.828
00bbac68_5547,12131.819
00bbac68_5548,12131.81
00bbac68_5549,12131.8
00bbac68_5550,12131.79
00bbac68_5551,12131.779
00bbac68_5552,12131.769
00bbac68_5553,12131.758
00bbac68_5554,12131.746
00bbac68_5555,12131.734
00bbac68_5556,12131.723
00bbac68_5557,12131.71
00bbac68_5558,12131.697
00bbac68_5559,12131.685
00bbac68_5560,12131.671
00bbac68_5561,12131.657
00bbac68_5562,12131.644
00bbac68_5563,12131.629
00bbac68_5564,12131.613
00bbac68_5565,12131.599
00bbac68_5566,12131.582
00bbac68_5567,12131.566
00bbac68_5568,12131.55
00bbac68_5569,12131.532
00bbac68_5570,12131.516
00bbac68_5571,12131.498
00bbac68_5572,12131.4795
00bbac68_5573,12131.461
00bbac68_5574,12131.442
00bbac68_5575,12131.423
00bbac68_5576,12131.403
00bbac68_5577,12131.384
00bbac68_5578,12131.362
00bbac68_5579,12131.342
00bbac68_5580,12131.32
00bbac68_5581,12131.298
00bbac68_5582,12131.276
00bbac68_5583,12131.253
00bbac68_5584,12131.23
00bbac68_5585,12131.207
00bbac68_5586,12131.183
00bbac68_5587,12131.158
00bbac68_5588,12131.134
00bbac68_5589,12131.109
00bbac68_5590,12131.084
00bbac68_5591,12131.058
00bbac68_5592,12131.031
00bbac68_5593,12131.005
00bbac68_5594,12130.978
00bbac68_5595,12130.95
00bbac68_5596,12130.922
00bbac68_5597,12130.894
00bbac68_5598,12130.864
00bbac68_5599,12130.835
00bbac68_5600,12130.806
00bbac68_5601,12130.775
00bbac68_5602,12130.745
00bbac68_5603,12130.714
00bbac68_5604,12130.683
00bbac68_5605,12130.651
00bbac68_5606,12130.62
00bbac68_5607,12130.588
00bbac68_5608,12130.556
00bbac68_5609,12130.522
00bbac68_5610,12130.489
00bbac68_5611,12130.456
00bbac68_5612,12130.423
00bbac68_5613,12130.389
00bbac68_5614,12130.3545
00bbac68_5615,12130.32
00bbac68_5616,12130.285
00bbac68_5617,12130.25
00bbac68_5618,12130.215
00bbac68_5619,12130.179
00bbac68_5620,12130.143
00bbac68_5621,12130.106
00bbac68_5622,12130.07
00bbac68_5623,12130.033
00bbac68_5624,12129.997
00bbac68_5625,12129.959
00bbac68_5626,12129.922
00bbac68_5627,12129.885
00bbac68_5628,12129.847
00bbac68_5629,12129.809
00bbac68_5630,12129.7705
00bbac68_5631,12129.731
00bbac68_5632,12129.692
00bbac68_5633,12129.653
00bbac68_5634,12129.614
00bbac68_5635,12129.575
00bbac68_5636,12129.535
00bbac68_5637,12129.495
00bbac68_5638,12129.454
00bbac68_5639,12129.413
00bbac68_5640,12129.372
00bbac68_5641,12129.331
00bbac68_5642,12129.289
00bbac68_5643,12129.247
00bbac68_5644,12129.204
00bbac68_5645,12129.162
00bbac68_5646,12129.119
00bbac68_5647,12129.075
00bbac68_5648,12129.032
00bbac68_5649,12128.988
00bbac68_5650,12128.944
00bbac68_5651,12128.899
00bbac68_5652,12128.8545
00bbac68_5653,12128.81
00bbac68_5654,12128.765
00bbac68_5655,12128.719
00bbac68_5656,12128.673
00bbac68_5657,12128.627
00bbac68_5658,12128.581
00bbac68_5659,12128.534
00bbac68_5660,12128.487
00bbac68_5661,12128.44
00bbac68_5662,12128.394
00bbac68_5663,12128.346
00bbac68_5664,12128.298
00bbac68_5665,12128.25
00bbac68_5666,12128.202
00bbac68_5667,12128.153
00bbac68_5668,12128.1045
00bbac68_5669,12128.056
00bbac68_5670,12128.006
00bbac68_5671,12127.956
00bbac68_5672,12127.906
00bbac68_5673,12127.856
00bbac68_5674,12127.806
00bbac68_5675,12127.756
00bbac68_5676,12127.705
00bbac68_5677,12127.654
00bbac68_5678,12127.604
00bbac68_5679,12127.553
00bbac68_5680,12127.501
00bbac68_5681,12127.45
00bbac68_5682,12127.398
00bbac68_5683,12127.348
00bbac68_5684,12127.296
00bbac68_5685,12127.244
00bbac68_5686,12127.193
00bbac68_5687,12127.142
00bbac68_5688,12127.09
00bbac68_5689,12127.038
00bbac68_5690,12126.986
00bbac68_5691,12126.935
00bbac68_5692,12126.883
00bbac68_5693,12126.831
00bbac68_5694,12126.779
00bbac68_5695,12126.728
00bbac68_5696,12126.677
00bbac68_5697,12126.625
00bbac68_5698,12126.573
00bbac68_5699,12126.521
00bbac68_5700,12126.47
00bbac68_5701,12126.419
00bbac68_5702,12126.367
00bbac68_5703,12126.315
00bbac68_5704,12126.264
00bbac68_5705,12126.213
00bbac68_5706,12126.161
00bbac68_5707,12126.11
00bbac68_5708,12126.059
00bbac68_5709,12126.008
00bbac68_5710,12125.956
00bbac68_5711,12125.905
00bbac68_5712,12125.8545
00bbac68_5713,12125.804
00bbac68_5714,12125.753
00bbac68_5715,12125.703
00bbac68_5716,12125.652
00bbac68_5717,12125.603
00bbac68_5718,12125.553
00bbac68_5719,12125.503
00bbac68_5720,12125.453
00bbac68_5721,12125.404
00bbac68_5722,12125.3545
00bbac68_5723,12125.306
00bbac68_5724,12125.257
00bbac68_5725,12125.208
00bbac68_5726,12125.16
00bbac68_5727,12125.111
00bbac68_5728,12125.063
00bbac68_5729,12125.016
00bbac68_5730,12124.969
00bbac68_5731,12124.921
00bbac68_5732,12124.873
00bbac68_5733,12124.826
00bbac68_5734,12124.779
00bbac68_5735,12124.731
00bbac68_5736,12124.685
00bbac68_5737,12124.638
00bbac68_5738,12124.592
00bbac68_5739,12124.545
00bbac68_5740,12124.498
00bbac68_5741,12124.452
00bbac68_5742,12124.405
00bbac68_5743,12124.359
00bbac68_5744,12124.313
00bbac68_5745,12124.269
00bbac68_5746,12124.223
00bbac68_5747,12124.178
00bbac68_5748,12124.133
00bbac68_5749,12124.088
00bbac68_5750,12124.043
00bbac68_5751,12123.999
00bbac68_5752,12123.955
00bbac68_5753,12123.911
00bbac68_5754,12123.867
00bbac68_5755,12123.824
00bbac68_5756,12123.78
00bbac68_5757,12123.737
00bbac68_5758,12123.694
00bbac68_5759,12123.651
00bbac68_5760,12123.609
00bbac68_5761,12123.567
00bbac68_5762,12123.524
00bbac68_5763,12123.483
00bbac68_5764,12123.441
00bbac68_5765,12123.399
00bbac68_5766,12123.358
00bbac68_5767,12123.318
00bbac68_5768,12123.277
00bbac68_5769,12123.237
00bbac68_5770,12123.197
00bbac68_5771,12123.157
00bbac68_5772,12123.118
00bbac68_5773,12123.079
00bbac68_5774,12123.04
00bbac68_5775,12123.002
00bbac68_5776,12122.964
00bbac68_5777,12122.926
00bbac68_5778,12122.889
00bbac68_5779,12122.853
00bbac68_5780,12122.816
00bbac68_5781,12122.78
00bbac68_5782,12122.745
00bbac68_5783,12122.71
00bbac68_5784,12122.676
00bbac68_5785,12122.642
00bbac68_5786,12122.608
00bbac68_5787,12122.575
00bbac68_5788,12122.542
00bbac68_5789,12122.509
00bbac68_5790,12122.477
00bbac68_5791,12122.445
00bbac68_5792,12122.414
00bbac68_5793,12122.383
00bbac68_5794,12122.352
00bbac68_5795,12122.321
00bbac68_5796,12122.292
00bbac68_5797,12122.262
00bbac68_5798,12122.232
00bbac68_5799,12122.204
00bbac68_5800,12122.175
00bbac68_5801,12122.146
00bbac68_5802,12122.119
00bbac68_5803,12122.091
00bbac68_5804,12122.063
00bbac68_5805,12122.037
00bbac68_5806,12122.01
00bbac68_5807,12121.983
00bbac68_5808,12121.957
00bbac68_5809,12121.932
00bbac68_5810,12121.905
00bbac68_5811,12121.88
00bbac68_5812,12121.855
00bbac68_5813,12121.831
00bbac68_5814,12121.807
00bbac68_5815,12121.782
00bbac68_5816,12121.759
00bbac68_5817,12121.734
00bbac68_5818,12121.712
00bbac68_5819,12121.688
00bbac68_5820,12121.666
00bbac68_5821,12121.644
00bbac68_5822,12121.621
00bbac68_5823,12121.6
00bbac68_5824,12121.578
00bbac68_5825,12121.557
00bbac68_5826,12121.535
00bbac68_5827,12121.514
00bbac68_5828,12121.493
00bbac68_5829,12121.473
00bbac68_5830,12121.452
00bbac68_5831,12121.433
00bbac68_5832,12121.412
00bbac68_5833,12121.393
00bbac68_5834,12121.373
00bbac68_5835,12121.354
00bbac68_5836,12121.334
00bbac68_5837,12121.315
00bbac68_5838,12121.297
00bbac68_5839,12121.277
00bbac68_5840,12121.26
00bbac68_5841,12121.241
00bbac68_5842,12121.223
00bbac68_5843,12121.205
00bbac68_5844,12121.1875
00bbac68_5845,12121.17
00bbac68_5846,12121.152
00bbac68_5847,12121.135
00bbac68_5848,12121.118
00bbac68_5849,12121.102
00bbac68_5850,12121.085
00bbac68_5851,12121.068
00bbac68_5852,12121.053
00bbac68_5853,12121.036
00bbac68_5854,12121.0205
00bbac68_5855,12121.004
00bbac68_5856,12120.988
00bbac68_5857,12120.973
00bbac68_5858,12120.957
00bbac68_5859,12120.942
00bbac68_5860,12120.927
00bbac68_5861,12120.911
00bbac68_5862,12120.896
00bbac68_5863,12120.881
00bbac68_5864,12120.866
00bbac68_5865,12120.852
00bbac68_5866,12120.837
00bbac68_5867,12120.822
00bbac68_5868,12120.808
00bbac68_5869,12120.793
00bbac68_5870,12120.779
00bbac68_5871,12120.765
00bbac68_5872,12120.751
00bbac68_5873,12120.736
00bbac68_5874,12120.723
00bbac68_5875,12120.709
00bbac68_5876,12120.695
00bbac68_5877,12120.683
00bbac68_5878,12120.669
00bbac68_5879,12120.656
00bbac68_5880,12120.644
00bbac68_5881,12120.631
00bbac68_5882,12120.619
00bbac68_5883,12120.606
00bbac68_5884,12120.595
00bbac68_5885,12120.583
00bbac68_5886,12120.571
00bbac68_5887,12120.56
00bbac68_5888,12120.548
00bbac68_5889,12120.536
00bbac68_5890,12120.524
00bbac68_5891,12120.513
00bbac68_5892,12120.502
00bbac68_5893,12120.49
00bbac68_5894,12120.4795
00bbac68_5895,12120.469
00bbac68_5896,12120.457
00bbac68_5897,12120.446
00bbac68_5898,12120.437
00bbac68_5899,12120.426
00bbac68_5900,12120.415
00bbac68_5901,12120.405
00bbac68_5902,12120.3955
00bbac68_5903,12120.385
00bbac68_5904,12120.375
00bbac68_5905,12120.365
00bbac68_5906,12120.355
00bbac68_5907,12120.346
00bbac68_5908,12120.337
00bbac68_5909,12120.327
00bbac68_5910,12120.317
00bbac68_5911,12120.308
00bbac68_5912,12120.299
00bbac68_5913,12120.289
00bbac68_5914,12120.28
00bbac68_5915,12120.2705
00bbac68_5916,12120.262
00bbac68_5917,12120.252
00bbac68_5918,12120.243
00bbac68_5919,12120.234
00bbac68_5920,12120.225
00bbac68_5921,12120.216
00bbac68_5922,12120.206
00bbac68_5923,12120.197
00bbac68_5924,12120.1875
00bbac68_5925,12120.179
00bbac68_5926,12120.169
00bbac68_5927,12120.159
00bbac68_5928,12120.149
00bbac68_5929,12120.141
00bbac68_5930,12120.131
00bbac68_5931,12120.12
00bbac68_5932,12120.11
00bbac68_5933,12120.101
00bbac68_5934,12120.091
00bbac68_5935,12120.08
00bbac68_5936,12120.07
00bbac68_5937,12120.061
00bbac68_5938,12120.05
00bbac68_5939,12120.04
00bbac68_5940,12120.029
00bbac68_5941,12120.02
00bbac68_5942,12120.009
00bbac68_5943,12119.999
00bbac68_5944,12119.988
00bbac68_5945,12119.979
00bbac68_5946,12119.969
00bbac68_5947,12119.958
00bbac68_5948,12119.948
00bbac68_5949,12119.9375
00bbac68_5950,12119.928
00bbac68_5951,12119.917
00bbac68_5952,12119.907
00bbac68_5953,12119.897
00bbac68_5954,12119.887
00bbac68_5955,12119.877
00bbac68_5956,12119.866
00bbac68_5957,12119.856
00bbac68_5958,12119.846
00bbac68_5959,12119.836
00bbac68_5960,12119.825
00bbac68_5961,12119.815
00bbac68_5962,12119.805
00bbac68_5963,12119.795
00bbac68_5964,12119.785
00bbac68_5965,12119.774
00bbac68_5966,12119.765
00bbac68_5967,12119.755
00bbac68_5968,12119.745
00bbac68_5969,12119.735
00bbac68_5970,12119.726
00bbac68_5971,12119.716
00bbac68_5972,12119.706
00bbac68_5973,12119.697
00bbac68_5974,12119.6875
00bbac68_5975,12119.678
00bbac68_5976,12119.669
00bbac68_5977,12119.659
00bbac68_5978,12119.65
00bbac68_5979,12119.641
00bbac68_5980,12119.632
00bbac68_5981,12119.622
00bbac68_5982,12119.613
00bbac68_5983,12119.604
00bbac68_5984,12119.595
00bbac68_5985,12119.585
00bbac68_5986,12119.576
00bbac68_5987,12119.566
00bbac68_5988,12119.558
00bbac68_5989,12119.548
00bbac68_5990,12119.539
00bbac68_5991,12119.53
00bbac68_5992,12119.5205
00bbac68_5993,12119.512
00bbac68_5994,12119.503
00bbac68_5995,12119.493
00bbac68_5996,12119.484
00bbac68_5997,12119.476
00bbac68_5998,12119.466
00bbac68_5999,12119.457
00bbac68_6000,12119.448
00bbac68_6001,12119.438
00bbac68_6002,12119.43
00bbac68_6003,12119.42
00bbac68_6004,12119.411
00bbac68_6005,12119.402
00bbac68_6006,12119.393
00bbac68_6007,12119.384
00bbac68_6008,12119.374
00bbac68_6009,12119.365
00bbac68_6010,12119.355
00bbac68_6011,12119.347
00bbac68_6012,12119.338
00bbac68_6013,12119.328
00bbac68_6014,12119.319
00bbac68_6015,12119.311
00bbac68_6016,12119.301
00bbac68_6017,12119.292
00bbac68_6018,12119.283
00bbac68_6019,12119.273
00bbac68_6020,12119.265
00bbac68_6021,12119.256
00bbac68_6022,12119.246
00bbac68_6023,12119.237
00bbac68_6024,12119.228
00bbac68_6025,12119.219
00bbac68_6026,12119.21
00bbac68_6027,12119.2
00bbac68_6028,12119.191
00bbac68_6029,12119.182
00bbac68_6030,12119.173
00bbac68_6031,12119.164
00bbac68_6032,12119.154
00bbac68_6033,12119.1455
00bbac68_6034,12119.137
00bbac68_6035,12119.127
00bbac68_6036,12119.118
00bbac68_6037,12119.109
00bbac68_6038,12119.101
00bbac68_6039,12119.092
00bbac68_6040,12119.083
00bbac68_6041,12119.074
00bbac68_6042,12119.065
00bbac68_6043,12119.057
00bbac68_6044,12119.049
00bbac68_6045,12119.04
00bbac68_6046,12119.031
00bbac68_6047,12119.023
00bbac68_6048,12119.016
00bbac68_6049,12119.007
00bbac68_6050,12118.999
00bbac68_6051,12118.991
00bbac68_6052,12118.982
00bbac68_6053,12118.975
00bbac68_6054,12118.967
00bbac68_6055,12118.959
00bbac68_6056,12118.951
00bbac68_6057,12118.943
00bbac68_6058,12118.936
00bbac68_6059,12118.928
00bbac68_6060,12118.92
00bbac68_6061,12118.913
00bbac68_6062,12118.906
00bbac68_6063,12118.898
00bbac68_6064,12118.892
00bbac68_6065,12118.886
00bbac68_6066,12118.879
00bbac68_6067,12118.872
00bbac68_6068,12118.865
00bbac68_6069,12118.859
00bbac68_6070,12118.854
00bbac68_6071,12118.847
00bbac68_6072,12118.841
00bbac68_6073,12118.835
00bbac68_6074,12118.829
00bbac68_6075,12118.824
00bbac68_6076,12118.818
00bbac68_6077,12118.813
00bbac68_6078,12118.808
00bbac68_6079,12118.803
00bbac68_6080,12118.797
00bbac68_6081,12118.792
00bbac68_6082,12118.787
00bbac68_6083,12118.782
00bbac68_6084,12118.776
00bbac68_6085,12118.771
00bbac68_6086,12118.767
00bbac68_6087,12118.762
00bbac68_6088,12118.757
00bbac68_6089,12118.752
00bbac68_6090,12118.747
00bbac68_6091,12118.742
00bbac68_6092,12118.737
00bbac68_6093,12118.732
00bbac68_6094,12118.728
00bbac68_6095,12118.723
00bbac68_6096,12118.718
00bbac68_6097,12118.713
00bbac68_6098,12118.708
00bbac68_6099,12118.703
00bbac68_6100,12118.698
00bbac68_6101,12118.693
00bbac68_6102,12118.688
00bbac68_6103,12118.685
00bbac68_6104,12118.68
00bbac68_6105,12118.676
00bbac68_6106,12118.671
00bbac68_6107,12118.666
00bbac68_6108,12118.662
00bbac68_6109,12118.658
00bbac68_6110,12118.653
00bbac68_6111,12118.649
00bbac68_6112,12118.645
00bbac68_6113,12118.641
00bbac68_6114,12118.637
00bbac68_6115,12118.632
00bbac68_6116,12118.628
00bbac68_6117,12118.624
00bbac68_6118,12118.619
00bbac68_6119,12118.615
00bbac68_6120,12118.611
00bbac68_6121,12118.607
00bbac68_6122,12118.604
00bbac68_6123,12118.599
00bbac68_6124,12118.595
00bbac68_6125,12118.591
00bbac68_6126,12118.587
00bbac68_6127,12118.583
00bbac68_6128,12118.578
00bbac68_6129,12118.574
00bbac68_6130,12118.57
00bbac68_6131,12118.566
00bbac68_6132,12118.562
00bbac68_6133,12118.558
00bbac68_6134,12118.554
00bbac68_6135,12118.549
00bbac68_6136,12118.545
00bbac68_6137,12118.541
00bbac68_6138,12118.536
00bbac68_6139,12118.532
00bbac68_6140,12118.527
00bbac68_6141,12118.523
00bbac68_6142,12118.519
00bbac68_6143,12118.514
00bbac68_6144,12118.51
00bbac68_6145,12118.505
00bbac68_6146,12118.5
00bbac68_6147,12118.496
00bbac68_6148,12118.491
00bbac68_6149,12118.486
00bbac68_6150,12118.481
00bbac68_6151,12118.477
00bbac68_6152,12118.472
00bbac68_6153,12118.467
00bbac68_6154,12118.462
00bbac68_6155,12118.457
00bbac68_6156,12118.452
00bbac68_6157,12118.446
00bbac68_6158,12118.441
00bbac68_6159,12118.437
00bbac68_6160,12118.432
00bbac68_6161,12118.427
00bbac68_6162,12118.421
00bbac68_6163,12118.416
00bbac68_6164,12118.411
00bbac68_6165,12118.406
00bbac68_6166,12118.4
00bbac68_6167,12118.3955
00bbac68_6168,12118.39
00bbac68_6169,12118.385
00bbac68_6170,12118.379
00bbac68_6171,12118.374
00bbac68_6172,12118.368
00bbac68_6173,12118.362
00bbac68_6174,12118.357
00bbac68_6175,12118.352
00bbac68_6176,12118.346
00bbac68_6177,12118.34
00bbac68_6178,12118.334
00bbac68_6179,12118.328
00bbac68_6180,12118.322
00bbac68_6181,12118.316
00bbac68_6182,12118.31
00bbac68_6183,12118.304
00bbac68_6184,12118.297
00bbac68_6185,12118.291
00bbac68_6186,12118.284
00bbac68_6187,12118.277
00bbac68_6188,12118.2705
00bbac68_6189,12118.265
00bbac68_6190,12118.258
00bbac68_6191,12118.251
00bbac68_6192,12118.244
00bbac68_6193,12118.237
00bbac68_6194,12118.23
00bbac68_6195,12118.224
00bbac68_6196,12118.217
00bbac68_6197,12118.209
00bbac68_6198,12118.202
00bbac68_6199,12118.194
00bbac68_6200,12118.1875
00bbac68_6201,12118.18
00bbac68_6202,12118.172
00bbac68_6203,12118.165
00bbac68_6204,12118.157
00bbac68_6205,12118.149
00bbac68_6206,12118.143
00bbac68_6207,12118.135
00bbac68_6208,12118.127
00bbac68_6209,12118.12
00bbac68_6210,12118.112
00bbac68_6211,12118.105
00bbac68_6212,12118.098
00bbac68_6213,12118.091
00bbac68_6214,12118.083
00bbac68_6215,12118.075
00bbac68_6216,12118.068
00bbac68_6217,12118.061
00bbac68_6218,12118.054
00bbac68_6219,12118.046
00bbac68_6220,12118.039
00bbac68_6221,12118.031
00bbac68_6222,12118.024
00bbac68_6223,12118.018
00bbac68_6224,12118.01
00bbac68_6225,12118.003
00bbac68_6226,12117.996
00bbac68_6227,12117.989
00bbac68_6228,12117.982
00bbac68_6229,12117.976
00bbac68_6230,12117.969
00bbac68_6231,12117.962
00bbac68_6232,12117.956
00bbac68_6233,12117.949
00bbac68_6234,12117.942
00bbac68_6235,12117.937
00bbac68_6236,12117.931
00bbac68_6237,12117.925
00bbac68_6238,12117.919
00bbac68_6239,12117.913
00bbac68_6240,12117.907
00bbac68_6241,12117.902
00bbac68_6242,12117.896
00bbac68_6243,12117.892
00bbac68_6244,12117.886
00bbac68_6245,12117.881
00bbac68_6246,12117.876
00bbac68_6247,12117.871
00bbac68_6248,12117.866
00bbac68_6249,12117.861
00bbac68_6250,12117.857
00bbac68_6251,12117.853
00bbac68_6252,12117.849
00bbac68_6253,12117.845
00bbac68_6254,12117.841
00bbac68_6255,12117.837
00bbac68_6256,12117.834
00bbac68_6257,12117.83
00bbac68_6258,12117.827
00bbac68_6259,12117.824
00bbac68_6260,12117.821
00bbac68_6261,12117.818
00bbac68_6262,12117.815
00bbac68_6263,12117.813
00bbac68_6264,12117.811
00bbac68_6265,12117.809
00bbac68_6266,12117.807
00bbac68_6267,12117.805
00bbac68_6268,12117.803
00bbac68_6269,12117.801
00bbac68_6270,12117.8
00bbac68_6271,12117.798
00bbac68_6272,12117.797
00bbac68_6273,12117.796
00bbac68_6274,12117.795
00bbac68_6275,12117.794
00bbac68_6276,12117.793
00bbac68_6277,12117.792
00bbac68_6278,12117.792
00bbac68_6279,12117.791
00bbac68_6280,12117.791
00bbac68_6281,12117.791
00bbac68_6282,12117.791
00bbac68_6283,12117.791
00bbac68_6284,12117.791
00bbac68_6285,12117.791
00bbac68_6286,12117.792
00bbac68_6287,12117.792
00bbac68_6288,12117.793
00bbac68_6289,12117.793
00bbac68_6290,12117.794
00bbac68_6291,12117.795
00bbac68_6292,12117.796
00bbac68_6293,12117.797
00bbac68_6294,12117.798
00bbac68_6295,12117.799
00bbac68_6296,12117.801
00bbac68_6297,12117.802
00bbac68_6298,12117.803
00bbac68_6299,12117.804
00bbac68_6300,12117.806
00bbac68_6301,12117.807
00bbac68_6302,12117.809
00bbac68_6303,12117.811
00bbac68_6304,12117.8125
00bbac68_6305,12117.813
00bbac68_6306,12117.816
00bbac68_6307,12117.818
00bbac68_6308,12117.82
00bbac68_6309,12117.823
00bbac68_6310,12117.825
00bbac68_6311,12117.828
00bbac68_6312,12117.83
00bbac68_6313,12117.833
00bbac68_6314,12117.836
00bbac68_6315,12117.839
00bbac68_6316,12117.842
00bbac68_6317,12117.845
00bbac68_6318,12117.848
00bbac68_6319,12117.851
00bbac68_6320,12117.854
00bbac68_6321,12117.856
00bbac68_6322,12117.859
00bbac68_6323,12117.863
00bbac68_6324,12117.866
00bbac68_6325,12117.87
00bbac68_6326,12117.873
00bbac68_6327,12117.877
00bbac68_6328,12117.881
00bbac68_6329,12117.885
00bbac68_6330,12117.889
00bbac68_6331,12117.893
00bbac68_6332,12117.896
00bbac68_6333,12117.901
00bbac68_6334,12117.905
00bbac68_6335,12117.909
00bbac68_6336,12117.914
00bbac68_6337,12117.919
00bbac68_6338,12117.923
00bbac68_6339,12117.928
00bbac68_6340,12117.933
00bbac68_6341,12117.9375
00bbac68_6342,12117.942
00bbac68_6343,12117.947
00bbac68_6344,12117.953
00bbac68_6345,12117.958
00bbac68_6346,12117.963
00bbac68_6347,12117.969
00bbac68_6348,12117.975
00bbac68_6349,12117.9795
00bbac68_6350,12117.985
00bbac68_6351,12117.991
00bbac68_6352,12117.997
00bbac68_6353,12118.003
00bbac68_6354,12118.01
00bbac68_6355,12118.016
00bbac68_6356,12118.021
00bbac68_6357,12118.027
00bbac68_6358,12118.034
00bbac68_6359,12118.04
00bbac68_6360,12118.046
00bbac68_6361,12118.053
00bbac68_6362,12118.059
00bbac68_6363,12118.065
00bbac68_6364,12118.071
00bbac68_6365,12118.077
00bbac68_6366,12118.084
00bbac68_6367,12118.09
00bbac68_6368,12118.096
00bbac68_6369,12118.103
00bbac68_6370,12118.108
00bbac68_6371,12118.114
00bbac68_6372,12118.121
00bbac68_6373,12118.127
00bbac68_6374,12118.133
00bbac68_6375,12118.14
00bbac68_6376,12118.1455
00bbac68_6377,12118.151
00bbac68_6378,12118.158
00bbac68_6379,12118.164
00bbac68_6380,12118.17
00bbac68_6381,12118.176
00bbac68_6382,12118.182
00bbac68_6383,12118.188
00bbac68_6384,12118.194
00bbac68_6385,12118.2
00bbac68_6386,12118.206
00bbac68_6387,12118.212
00bbac68_6388,12118.219
00bbac68_6389,12118.225
00bbac68_6390,12118.23
00bbac68_6391,12118.236
00bbac68_6392,12118.242
00bbac68_6393,12118.248
00bbac68_6394,12118.254
00bbac68_6395,12118.26
00bbac68_6396,12118.266
00bbac68_6397,12118.271
00bbac68_6398,12118.277
00bbac68_6399,12118.283
00bbac68_6400,12118.289
00bbac68_6401,12118.295
00bbac68_6402,12118.3
00bbac68_6403,12118.306
00bbac68_6404,12118.311
00bbac68_6405,12118.316
00bbac68_6406,12118.321
00bbac68_6407,12118.326
00bbac68_6408,12118.331
00bbac68_6409,12118.336
00bbac68_6410,12118.341
00bbac68_6411,12118.346
00bbac68_6412,12118.35
00bbac68_6413,12118.3545
00bbac68_6414,12118.358
00bbac68_6415,12118.363
00bbac68_6416,12118.367
00bbac68_6417,12118.372
00bbac68_6418,12118.376
00bbac68_6419,12118.38
00bbac68_6420,12118.384
00bbac68_6421,12118.388
00bbac68_6422,12118.392
00bbac68_6423,12118.395
00bbac68_6424,12118.398
00bbac68_6425,12118.401
00bbac68_6426,12118.404
00bbac68_6427,12118.408
00bbac68_6428,12118.411
00bbac68_6429,12118.414
00bbac68_6430,12118.417
00bbac68_6431,12118.42
00bbac68_6432,12118.423
00bbac68_6433,12118.426
00bbac68_6434,12118.428
00bbac68_6435,12118.431
00bbac68_6436,12118.433
00bbac68_6437,12118.436
00bbac68_6438,12118.4375
00bbac68_6439,12118.439
00bbac68_6440,12118.441
00bbac68_6441,12118.443
00bbac68_6442,12118.445
00bbac68_6443,12118.447
00bbac68_6444,12118.449
00bbac68_6445,12118.45
00bbac68_6446,12118.452
00bbac68_6447,12118.453
00bbac68_6448,12118.455
00bbac68_6449,12118.456
00bbac68_6450,12118.457
00bbac68_6451,12118.458
00bbac68_6452,12118.459
00bbac68_6453,12118.46
00bbac68_6454,12118.461
00bbac68_6455,12118.462
00bbac68_6456,12118.462
00bbac68_6457,12118.463
00bbac68_6458,12118.463
00bbac68_6459,12118.463
00bbac68_6460,12118.463
00bbac68_6461,12118.463
00bbac68_6462,12118.463
00bbac68_6463,12118.463
00bbac68_6464,12118.463
00bbac68_6465,12118.462
00bbac68_6466,12118.462
00bbac68_6467,12118.461
00bbac68_6468,12118.46
00bbac68_6469,12118.46
00bbac68_6470,12118.459
00bbac68_6471,12118.457
00bbac68_6472,12118.456
00bbac68_6473,12118.455
00bbac68_6474,12118.453
00bbac68_6475,12118.452
00bbac68_6476,12118.45
00bbac68_6477,12118.448
00bbac68_6478,12118.446
00bbac68_6479,12118.444
00bbac68_6480,12118.442
00bbac68_6481,12118.44
00bbac68_6482,12118.438
00bbac68_6483,12118.436
00bbac68_6484,12118.434
00bbac68_6485,12118.431
00bbac68_6486,12118.428
00bbac68_6487,12118.425
00bbac68_6488,12118.422
00bbac68_6489,12118.419
00bbac68_6490,12118.416
00bbac68_6491,12118.412
00bbac68_6492,12118.409
00bbac68_6493,12118.405
00bbac68_6494,12118.402
00bbac68_6495,12118.398
00bbac68_6496,12118.3955
00bbac68_6497,12118.393
00bbac68_6498,12118.389
00bbac68_6499,12118.386
00bbac68_6500,12118.383
00bbac68_6501,12118.38
00bbac68_6502,12118.377
00bbac68_6503,12118.374
00bbac68_6504,12118.371
00bbac68_6505,12118.367
00bbac68_6506,12118.364
00bbac68_6507,12118.361
00bbac68_6508,12118.358
00bbac68_6509,12118.355
00bbac68_6510,12118.353
00bbac68_6511,12118.349
00bbac68_6512,12118.346
00bbac68_6513,12118.343
00bbac68_6514,12118.339
00bbac68_6515,12118.336
00bbac68_6516,12118.333
00bbac68_6517,12118.33
00bbac68_6518,12118.327
00bbac68_6519,12118.324
00bbac68_6520,12118.321
00bbac68_6521,12118.318
00bbac68_6522,12118.315
00bbac68_6523,12118.3125
00bbac68_6524,12118.31
00bbac68_6525,12118.307
00bbac68_6526,12118.304
00bbac68_6527,12118.301
00bbac68_6528,12118.299
00bbac68_6529,12118.296
00bbac68_6530,12118.293
00bbac68_6531,12118.29
00bbac68_6532,12118.287
00bbac68_6533,12118.284
00bbac68_6534,12118.281
00bbac68_6535,12118.278
00bbac68_6536,12118.275
00bbac68_6537,12118.272
00bbac68_6538,12118.27
00bbac68_6539,12118.267
00bbac68_6540,12118.264
00bbac68_6541,12118.261
00bbac68_6542,12118.258
00bbac68_6543,12118.255
00bbac68_6544,12118.252
00bbac68_6545,12118.248
00bbac68_6546,12118.245
00bbac68_6547,12118.243
00bbac68_6548,12118.24
00bbac68_6549,12118.237
00bbac68_6550,12118.234
00bbac68_6551,12118.231
00bbac68_6552,12118.229
00bbac68_6553,12118.226
00bbac68_6554,12118.223
00bbac68_6555,12118.22
00bbac68_6556,12118.218
00bbac68_6557,12118.215
00bbac68_6558,12118.212
00bbac68_6559,12118.21
00bbac68_6560,12118.207
00bbac68_6561,12118.205
00bbac68_6562,12118.202
00bbac68_6563,12118.2
00bbac68_6564,12118.197
00bbac68_6565,12118.195
00bbac68_6566,12118.193
00bbac68_6567,12118.19
00bbac68_6568,12118.188
00bbac68_6569,12118.187
00bbac68_6570,12118.185
00bbac68_6571,12118.183
00bbac68_6572,12118.181
00bbac68_6573,12118.179
00bbac68_6574,12118.177
00bbac68_6575,12118.176
00bbac68_6576,12118.174
00bbac68_6577,12118.172
00bbac68_6578,12118.17
00bbac68_6579,12118.169
00bbac68_6580,12118.167
00bbac68_6581,12118.166
00bbac68_6582,12118.164
00bbac68_6583,12118.163
00bbac68_6584,12118.162
00bbac68_6585,12118.161
00bbac68_6586,12118.159
00bbac68_6587,12118.158
00bbac68_6588,12118.157
00bbac68_6589,12118.156
00bbac68_6590,12118.155
00bbac68_6591,12118.155
00bbac68_6592,12118.154
00bbac68_6593,12118.153
00bbac68_6594,12118.153
00bbac68_6595,12118.152
00bbac68_6596,12118.152
00bbac68_6597,12118.151
00bbac68_6598,12118.151
00bbac68_6599,12118.151
00bbac68_6600,12118.15
00bbac68_6601,12118.15
00bbac68_6602,12118.15
00bbac68_6603,12118.15
00bbac68_6604,12118.15
00bbac68_6605,12118.151
00bbac68_6606,12118.151
00bbac68_6607,12118.151
00bbac68_6608,12118.151
00bbac68_6609,12118.152
00bbac68_6610,12118.152
00bbac68_6611,12118.153
00bbac68_6612,12118.153
00bbac68_6613,12118.154
00bbac68_6614,12118.155
00bbac68_6615,12118.155
00bbac68_6616,12118.156
00bbac68_6617,12118.157
00bbac68_6618,12118.158
00bbac68_6619,12118.159
00bbac68_6620,12118.16
00bbac68_6621,12118.162
00bbac68_6622,12118.163
00bbac68_6623,12118.164
00bbac68_6624,12118.166
00bbac68_6625,12118.167
00bbac68_6626,12118.169
00bbac68_6627,12118.17
00bbac68_6628,12118.172
00bbac68_6629,12118.174
00bbac68_6630,12118.175
00bbac68_6631,12118.177
00bbac68_6632,12118.179
00bbac68_6633,12118.181
00bbac68_6634,12118.183
00bbac68_6635,12118.185
00bbac68_6636,12118.1875
00bbac68_6637,12118.189
00bbac68_6638,12118.191
00bbac68_6639,12118.194
00bbac68_6640,12118.196
00bbac68_6641,12118.199
00bbac68_6642,12118.201
00bbac68_6643,12118.204
00bbac68_6644,12118.207
00bbac68_6645,12118.209
00bbac68_6646,12118.212
00bbac68_6647,12118.215
00bbac68_6648,12118.218
00bbac68_6649,12118.221
00bbac68_6650,12118.224
00bbac68_6651,12118.226
00bbac68_6652,12118.229
00bbac68_6653,12118.231
00bbac68_6654,12118.234
00bbac68_6655,12118.237
00bbac68_6656,12118.24
00bbac68_6657,12118.243
00bbac68_6658,12118.246
00bbac68_6659,12118.25
00bbac68_6660,12118.253
00bbac68_6661,12118.256
00bbac68_6662,12118.26
00bbac68_6663,12118.263
00bbac68_6664,12118.266
00bbac68_6665,12118.269
00bbac68_6666,12118.272
00bbac68_6667,12118.275
00bbac68_6668,12118.278
00bbac68_6669,12118.282
00bbac68_6670,12118.285
00bbac68_6671,12118.289
00bbac68_6672,12118.292
00bbac68_6673,12118.295
00bbac68_6674,12118.299
00bbac68_6675,12118.302
00bbac68_6676,12118.305
00bbac68_6677,12118.309
00bbac68_6678,12118.312
00bbac68_6679,12118.315
00bbac68_6680,12118.318
00bbac68_6681,12118.321
00bbac68_6682,12118.325
00bbac68_6683,12118.328
00bbac68_6684,12118.331
00bbac68_6685,12118.335
00bbac68_6686,12118.338
00bbac68_6687,12118.341
00bbac68_6688,12118.345
00bbac68_6689,12118.348
00bbac68_6690,12118.352
00bbac68_6691,12118.3545
00bbac68_6692,12118.357
00bbac68_6693,12118.361
00bbac68_6694,12118.365
00bbac68_6695,12118.368
00bbac68_6696,12118.372
00bbac68_6697,12118.375
00bbac68_6698,12118.379
00bbac68_6699,12118.383
00bbac68_6700,12118.386
00bbac68_6701,12118.39
00bbac68_6702,12118.394
00bbac68_6703,12118.396
00bbac68_6704,12118.4
00bbac68_6705,12118.403
00bbac68_6706,12118.407
00bbac68_6707,12118.41
00bbac68_6708,12118.414
00bbac68_6709,12118.418
00bbac68_6710,12118.421
00bbac68_6711,12118.425
00bbac68_6712,12118.428
00bbac68_6713,12118.432
00bbac68_6714,12118.435
00bbac68_6715,12118.438
00bbac68_6716,12118.441
00bbac68_6717,12118.445
00bbac68_6718,12118.448
00bbac68_6719,12118.451
00bbac68_6720,12118.454
00bbac68_6721,12118.458
00bbac68_6722,12118.461
00bbac68_6723,12118.464
00bbac68_6724,12118.467
00bbac68_6725,12118.47
00bbac68_6726,12118.472
00bbac68_6727,12118.475
00bbac68_6728,12118.478
00bbac68_6729,12118.4795
00bbac68_6730,12118.482
00bbac68_6731,12118.484
00bbac68_6732,12118.487
00bbac68_6733,12118.489
00bbac68_6734,12118.492
00bbac68_6735,12118.494
00bbac68_6736,12118.496
00bbac68_6737,12118.498
00bbac68_6738,12118.5
00bbac68_6739,12118.502
00bbac68_6740,12118.504
00bbac68_6741,12118.506
00bbac68_6742,12118.508
00bbac68_6743,12118.51
00bbac68_6744,12118.511
00bbac68_6745,12118.513
00bbac68_6746,12118.514
00bbac68_6747,12118.516
00bbac68_6748,12118.517
00bbac68_6749,12118.519
00bbac68_6750,12118.52
00bbac68_6751,12118.5205
00bbac68_6752,12118.521
00bbac68_6753,12118.522
00bbac68_6754,12118.523
00bbac68_6755,12118.524
00bbac68_6756,12118.525
00bbac68_6757,12118.526
00bbac68_6758,12118.527
00bbac68_6759,12118.527
00bbac68_6760,12118.528
00bbac68_6761,12118.529
00bbac68_6762,12118.529
00bbac68_6763,12118.53
00bbac68_6764,12118.53
00bbac68_6765,12118.53
00bbac68_6766,12118.53
00bbac68_6767,12118.531
00bbac68_6768,12118.531
00bbac68_6769,12118.53
00bbac68_6770,12118.53
00bbac68_6771,12118.53
00bbac68_6772,12118.529
00bbac68_6773,12118.528
00bbac68_6774,12118.528
00bbac68_6775,12118.527
00bbac68_6776,12118.526
00bbac68_6777,12118.524
00bbac68_6778,12118.523
00bbac68_6779,12118.522
00bbac68_6780,12118.521
00bbac68_6781,12118.52
00bbac68_6782,12118.519
00bbac68_6783,12118.517
00bbac68_6784,12118.516
00bbac68_6785,12118.514
00bbac68_6786,12118.513
00bbac68_6787,12118.511
00bbac68_6788,12118.509
00bbac68_6789,12118.507
00bbac68_6790,12118.505
00bbac68_6791,12118.504
00bbac68_6792,12118.501
00bbac68_6793,12118.499
00bbac68_6794,12118.497
00bbac68_6795,12118.495
00bbac68_6796,12118.492
00bbac68_6797,12118.49
00bbac68_6798,12118.487
00bbac68_6799,12118.485
00bbac68_6800,12118.482
00bbac68_6801,12118.4795
00bbac68_6802,12118.478
00bbac68_6803,12118.475
00bbac68_6804,12118.472
00bbac68_6805,12118.469
00bbac68_6806,12118.466
00bbac68_6807,12118.464
00bbac68_6808,12118.461
00bbac68_6809,12118.458
00bbac68_6810,12118.455
00bbac68_6811,12118.453
00bbac68_6812,12118.45
00bbac68_6813,12118.447
00bbac68_6814,12118.444
00bbac68_6815,12118.441
00bbac68_6816,12118.438
00bbac68_6817,12118.436
00bbac68_6818,12118.434
00bbac68_6819,12118.431
00bbac68_6820,12118.428
00bbac68_6821,12118.425
00bbac68_6822,12118.422
00bbac68_6823,12118.419
00bbac68_6824,12118.416
00bbac68_6825,12118.414
00bbac68_6826,12118.411
00bbac68_6827,12118.408
00bbac68_6828,12118.405
00bbac68_6829,12118.402
00bbac68_6830,12118.399
00bbac68_6831,12118.396
00bbac68_6832,12118.395
00bbac68_6833,12118.392
00bbac68_6834,12118.389
00bbac68_6835,12118.387
00bbac68_6836,12118.384
00bbac68_6837,12118.382
00bbac68_6838,12118.379
00bbac68_6839,12118.377
00bbac68_6840,12118.374
00bbac68_6841,12118.372
00bbac68_6842,12118.37
00bbac68_6843,12118.368
00bbac68_6844,12118.366
00bbac68_6845,12118.364
00bbac68_6846,12118.362
00bbac68_6847,12118.36
00bbac68_6848,12118.358
00bbac68_6849,12118.356
00bbac68_6850,12118.3545
00bbac68_6851,12118.354
00bbac68_6852,12118.352
00bbac68_6853,12118.351
00bbac68_6854,12118.35
00bbac68_6855,12118.348
00bbac68_6856,12118.347
00bbac68_6857,12118.346
00bbac68_6858,12118.345
00bbac68_6859,12118.344
00bbac68_6860,12118.344
00bbac68_6861,12118.343
00bbac68_6862,12118.342
00bbac68_6863,12118.342
00bbac68_6864,12118.341
00bbac68_6865,12118.341
00bbac68_6866,12118.34
00bbac68_6867,12118.34
00bbac68_6868,12118.34
00bbac68_6869,12118.34
00bbac68_6870,12118.34
00bbac68_6871,12118.34
00bbac68_6872,12118.34
00bbac68_6873,12118.341
00bbac68_6874,12118.341
00bbac68_6875,12118.341
00bbac68_6876,12118.342
00bbac68_6877,12118.343
00bbac68_6878,12118.343
00bbac68_6879,12118.344
00bbac68_6880,12118.345
00bbac68_6881,12118.346
00bbac68_6882,12118.347
00bbac68_6883,12118.348
00bbac68_6884,12118.35
00bbac68_6885,12118.351
00bbac68_6886,12118.352
00bbac68_6887,12118.354
00bbac68_6888,12118.355
00bbac68_6889,12118.356
00bbac68_6890,12118.358
00bbac68_6891,12118.36
00bbac68_6892,12118.361
00bbac68_6893,12118.363
00bbac68_6894,12118.365
00bbac68_6895,12118.367
00bbac68_6896,12118.369
00bbac68_6897,12118.37
00bbac68_6898,12118.372
00bbac68_6899,12118.374
00bbac68_6900,12118.375
00bbac68_6901,12118.377
00bbac68_6902,12118.378
00bbac68_6903,12118.38
00bbac68_6904,12118.381
00bbac68_6905,12118.383
00bbac68_6906,12118.384
00bbac68_6907,12118.386
00bbac68_6908,12118.387
00bbac68_6909,12118.388
00bbac68_6910,12118.39
00bbac68_6911,12118.391
00bbac68_6912,12118.392
00bbac68_6913,12118.393
00bbac68_6914,12118.394
00bbac68_6915,12118.3955
00bbac68_6916,12118.396
00bbac68_6917,12118.397
00bbac68_6918,12118.398
00bbac68_6919,12118.399
00bbac68_6920,12118.4
00bbac68_6921,12118.401
00bbac68_6922,12118.402
00bbac68_6923,12118.403
00bbac68_6924,12118.404
00bbac68_6925,12118.405
00bbac68_6926,12118.406
00bbac68_6927,12118.407
00bbac68_6928,12118.408
00bbac68_6929,12118.408
00bbac68_6930,12118.409
00bbac68_6931,12118.41
00bbac68_6932,12118.411
00bbac68_6933,12118.412
00bbac68_6934,12118.413
00bbac68_6935,12118.413
00bbac68_6936,12118.414
00bbac68_6937,12118.415
00bbac68_6938,12118.415
00bbac68_6939,12118.416
00bbac68_6940,12118.417
00bbac68_6941,12118.417
00bbac68_6942,12118.418
00bbac68_6943,12118.419
00bbac68_6944,12118.419
00bbac68_6945,12118.42
00bbac68_6946,12118.42
00bbac68_6947,12118.42
00bbac68_6948,12118.42
00bbac68_6949,12118.42
00bbac68_6950,12118.42
00bbac68_6951,12118.42
00bbac68_6952,12118.42
00bbac68_6953,12118.42
00bbac68_6954,12118.42
00bbac68_6955,12118.419
00bbac68_6956,12118.419
00bbac68_6957,12118.419
00bbac68_6958,12118.418
00bbac68_6959,12118.417
00bbac68_6960,12118.417
00bbac68_6961,12118.416
00bbac68_6962,12118.415
00bbac68_6963,12118.414
00bbac68_6964,12118.413
00bbac68_6965,12118.412
00bbac68_6966,12118.411
00bbac68_6967,12118.41
00bbac68_6968,12118.409
00bbac68_6969,12118.407
00bbac68_6970,12118.406
00bbac68_6971,12118.405
00bbac68_6972,12118.404
00bbac68_6973,12118.403
00bbac68_6974,12118.402
00bbac68_6975,12118.401
00bbac68_6976,12118.399
00bbac68_6977,12118.398
00bbac68_6978,12118.397
00bbac68_6979,12118.396
00bbac68_6980,12118.3955
00bbac68_6981,12118.395
00bbac68_6982,12118.393
00bbac68_6983,12118.392
00bbac68_6984,12118.391
00bbac68_6985,12118.39
00bbac68_6986,12118.388
00bbac68_6987,12118.387
00bbac68_6988,12118.386
00bbac68_6989,12118.385
00bbac68_6990,12118.383
00bbac68_6991,12118.382
00bbac68_6992,12118.38
00bbac68_6993,12118.379
00bbac68_6994,12118.377
00bbac68_6995,12118.376
00bbac68_6996,12118.374
00bbac68_6997,12118.372
00bbac68_6998,12118.37
00bbac68_6999,12118.368
00bbac68_7000,12118.366
00bbac68_7001,12118.364
00bbac68_7002,12118.362
00bbac68_7003,12118.36
00bbac68_7004,12118.359
00bbac68_7005,12118.357
00bbac68_7006,12118.3545
00bbac68_7007,12118.353
00bbac68_7008,12118.351
00bbac68_7009,12118.349
00bbac68_7010,12118.346
00bbac68_7011,12118.344
00bbac68_7012,12118.341
00bbac68_7013,12118.338
00bbac68_7014,12118.336
00bbac68_7015,12118.333
00bbac68_7016,12118.33
00bbac68_7017,12118.328
00bbac68_7018,12118.325
00bbac68_7019,12118.323
00bbac68_7020,12118.32
00bbac68_7021,12118.318
00bbac68_7022,12118.316
00bbac68_7023,12118.313
00bbac68_7024,12118.312
00bbac68_7025,12118.31
00bbac68_7026,12118.308
00bbac68_7027,12118.306
00bbac68_7028,12118.304
00bbac68_7029,12118.302
00bbac68_7030,12118.3
00bbac68_7031,12118.298
00bbac68_7032,12118.297
00bbac68_7033,12118.295
00bbac68_7034,12118.293
00bbac68_7035,12118.292
00bbac68_7036,12118.29
00bbac68_7037,12118.288
00bbac68_7038,12118.287
00bbac68_7039,12118.285
00bbac68_7040,12118.284
00bbac68_7041,12118.283
00bbac68_7042,12118.281
00bbac68_7043,12118.28
00bbac68_7044,12118.279
00bbac68_7045,12118.278
00bbac68_7046,12118.276
00bbac68_7047,12118.275
00bbac68_7048,12118.274
00bbac68_7049,12118.273
00bbac68_7050,12118.272
00bbac68_7051,12118.271
00bbac68_7052,12118.2705
00bbac68_7053,12118.27
00bbac68_7054,12118.27
00bbac68_7055,12118.269
00bbac68_7056,12118.268
00bbac68_7057,12118.267
00bbac68_7058,12118.266
00bbac68_7059,12118.266
00bbac68_7060,12118.265
00bbac68_7061,12118.264
00bbac68_7062,12118.264
00bbac68_7063,12118.263
00bbac68_7064,12118.263
00bbac68_7065,12118.262
00bbac68_7066,12118.262
00bbac68_7067,12118.261
00bbac68_7068,12118.261
00bbac68_7069,12118.26
00bbac68_7070,12118.26
00bbac68_7071,12118.26
00bbac68_7072,12118.26
00bbac68_7073,12118.26
00bbac68_7074,12118.261
00bbac68_7075,12118.261
00bbac68_7076,12118.262
00bbac68_7077,12118.262
00bbac68_7078,12118.263
00bbac68_7079,12118.264
00bbac68_7080,12118.265
00bbac68_7081,12118.266
00bbac68_7082,12118.267
00bbac68_7083,12118.269
00bbac68_7084,12118.27
00bbac68_7085,12118.271
00bbac68_7086,12118.272
00bbac68_7087,12118.274
00bbac68_7088,12118.276
00bbac68_7089,12118.277
00bbac68_7090,12118.279
00bbac68_7091,12118.281
00bbac68_7092,12118.283
00bbac68_7093,12118.286
00bbac68_7094,12118.288
00bbac68_7095,12118.29
00bbac68_7096,12118.293
00bbac68_7097,12118.296
00bbac68_7098,12118.299
00bbac68_7099,12118.302
00bbac68_7100,12118.305
00bbac68_7101,12118.309
00bbac68_7102,12118.312
00bbac68_7103,12118.315
00bbac68_7104,12118.318
00bbac68_7105,12118.322
00bbac68_7106,12118.326
00bbac68_7107,12118.33
00bbac68_7108,12118.334
00bbac68_7109,12118.338
00bbac68_7110,12118.342
00bbac68_7111,12118.346
00bbac68_7112,12118.35
00bbac68_7113,12118.354
00bbac68_7114,12118.357
00bbac68_7115,12118.362
00bbac68_7116,12118.366
00bbac68_7117,12118.37
00bbac68_7118,12118.375
00bbac68_7119,12118.38
00bbac68_7120,12118.384
00bbac68_7121,12118.389
00bbac68_7122,12118.394
00bbac68_7123,12118.397
00bbac68_7124,12118.402
00bbac68_7125,12118.407
00bbac68_7126,12118.412
00bbac68_7127,12118.417
00bbac68_7128,12118.422
00bbac68_7129,12118.427
00bbac68_7130,12118.432
00bbac68_7131,12118.437
00bbac68_7132,12118.442
00bbac68_7133,12118.447
00bbac68_7134,12118.453
00bbac68_7135,12118.458
00bbac68_7136,12118.464
00bbac68_7137,12118.469
00bbac68_7138,12118.475
00bbac68_7139,12118.48
00bbac68_7140,12118.485
00bbac68_7141,12118.491
00bbac68_7142,12118.497
00bbac68_7143,12118.503
00bbac68_7144,12118.509
00bbac68_7145,12118.515
00bbac68_7146,12118.521
00bbac68_7147,12118.527
00bbac68_7148,12118.533
00bbac68_7149,12118.54
00bbac68_7150,12118.547
00bbac68_7151,12118.554
00bbac68_7152,12118.561
00bbac68_7153,12118.566
00bbac68_7154,12118.573
00bbac68_7155,12118.58
00bbac68_7156,12118.588
00bbac68_7157,12118.595
00bbac68_7158,12118.602
00bbac68_7159,12118.608
00bbac68_7160,12118.615
00bbac68_7161,12118.622
00bbac68_7162,12118.629
00bbac68_7163,12118.635
00bbac68_7164,12118.642
00bbac68_7165,12118.648
00bbac68_7166,12118.654
00bbac68_7167,12118.661
00bbac68_7168,12118.667
00bbac68_7169,12118.673
00bbac68_7170,12118.68
00bbac68_7171,12118.686
00bbac68_7172,12118.691
00bbac68_7173,12118.696
00bbac68_7174,12118.702
00bbac68_7175,12118.708
00bbac68_7176,12118.713
00bbac68_7177,12118.719
00bbac68_7178,12118.724
00bbac68_7179,12118.729
00bbac68_7180,12118.733
00bbac68_7181,12118.738
00bbac68_7182,12118.743
00bbac68_7183,12118.747
00bbac68_7184,12118.752
00bbac68_7185,12118.756
00bbac68_7186,12118.76
00bbac68_7187,12118.764
00bbac68_7188,12118.767
00bbac68_7189,12118.7705
00bbac68_7190,12118.773
00bbac68_7191,12118.776
00bbac68_7192,12118.779
00bbac68_7193,12118.782
00bbac68_7194,12118.785
00bbac68_7195,12118.787
00bbac68_7196,12118.79
00bbac68_7197,12118.792
00bbac68_7198,12118.794
00bbac68_7199,12118.796
00bbac68_7200,12118.798
00bbac68_7201,12118.8
00bbac68_7202,12118.802
00bbac68_7203,12118.804
00bbac68_7204,12118.805
00bbac68_7205,12118.807
00bbac68_7206,12118.808
00bbac68_7207,12118.81
00bbac68_7208,12118.811
00bbac68_7209,12118.812
00bbac68_7210,12118.812
00bbac68_7211,12118.8125
00bbac68_7212,12118.8125
00bbac68_7213,12118.813
00bbac68_7214,12118.813
00bbac68_7215,12118.813
00bbac68_7216,12118.813
00bbac68_7217,12118.8125
00bbac68_7218,12118.8125
00bbac68_7219,12118.812
00bbac68_7220,12118.812
00bbac68_7221,12118.811
00bbac68_7222,12118.809
00bbac68_7223,12118.808
00bbac68_7224,12118.807
00bbac68_7225,12118.805
00bbac68_7226,12118.804
00bbac68_7227,12118.802
00bbac68_7228,12118.8
00bbac68_7229,12118.798
00bbac68_7230,12118.795
00bbac68_7231,12118.793
00bbac68_7232,12118.79
00bbac68_7233,12118.788
00bbac68_7234,12118.785
00bbac68_7235,12118.782
00bbac68_7236,12118.778
00bbac68_7237,12118.775
00bbac68_7238,12118.771
00bbac68_7239,12118.769
00bbac68_7240,12118.765
00bbac68_7241,12118.761
00bbac68_7242,12118.757
00bbac68_7243,12118.752
00bbac68_7244,12118.748
00bbac68_7245,12118.743
00bbac68_7246,12118.739
00bbac68_7247,12118.734
00bbac68_7248,12118.73
00bbac68_7249,12118.726
00bbac68_7250,12118.722
00bbac68_7251,12118.717
00bbac68_7252,12118.713
00bbac68_7253,12118.709
00bbac68_7254,12118.704
00bbac68_7255,12118.7
00bbac68_7256,12118.696
00bbac68_7257,12118.691
00bbac68_7258,12118.6875
00bbac68_7259,12118.684
00bbac68_7260,12118.68
00bbac68_7261,12118.676
00bbac68_7262,12118.672
00bbac68_7263,12118.668
00bbac68_7264,12118.664
00bbac68_7265,12118.66
00bbac68_7266,12118.656
00bbac68_7267,12118.653
00bbac68_7268,12118.649
00bbac68_7269,12118.646
00bbac68_7270,12118.643
00bbac68_7271,12118.64
00bbac68_7272,12118.636
00bbac68_7273,12118.633
00bbac68_7274,12118.63
00bbac68_7275,12118.626
00bbac68_7276,12118.623
00bbac68_7277,12118.62
00bbac68_7278,12118.616
00bbac68_7279,12118.613
00bbac68_7280,12118.61
00bbac68_7281,12118.607
00bbac68_7282,12118.6045
00bbac68_7283,12118.602
00bbac68_7284,12118.599
00bbac68_7285,12118.596
00bbac68_7286,12118.594
00bbac68_7287,12118.591
00bbac68_7288,12118.588
00bbac68_7289,12118.586
00bbac68_7290,12118.583
00bbac68_7291,12118.581
00bbac68_7292,12118.578
00bbac68_7293,12118.576
00bbac68_7294,12118.574
00bbac68_7295,12118.572
00bbac68_7296,12118.57
00bbac68_7297,12118.568
00bbac68_7298,12118.566
00bbac68_7299,12118.564
00bbac68_7300,12118.5625
00bbac68_7301,12118.562
00bbac68_7302,12118.56
00bbac68_7303,12118.559
00bbac68_7304,12118.557
00bbac68_7305,12118.556
00bbac68_7306,12118.555
00bbac68_7307,12118.554
00bbac68_7308,12118.553
00bbac68_7309,12118.552
00bbac68_7310,12118.551
00bbac68_7311,12118.551
00bbac68_7312,12118.551
00bbac68_7313,12118.551
00bbac68_7314,12118.551
00bbac68_7315,12118.551
00bbac68_7316,12118.551
00bbac68_7317,12118.552
00bbac68_7318,12118.552
00bbac68_7319,12118.552
00bbac68_7320,12118.553
00bbac68_7321,12118.554
00bbac68_7322,12118.554
00bbac68_7323,12118.555
00bbac68_7324,12118.556
00bbac68_7325,12118.557
00bbac68_7326,12118.558
00bbac68_7327,12118.559
00bbac68_7328,12118.56
00bbac68_7329,12118.562
00bbac68_7330,12118.5625
00bbac68_7331,12118.564
00bbac68_7332,12118.565
00bbac68_7333,12118.567
00bbac68_7334,12118.568
00bbac68_7335,12118.57
00bbac68_7336,12118.572
00bbac68_7337,12118.573
00bbac68_7338,12118.575
00bbac68_7339,12118.577
00bbac68_7340,12118.579
00bbac68_7341,12118.581
00bbac68_7342,12118.584
00bbac68_7343,12118.586
00bbac68_7344,12118.588
00bbac68_7345,12118.59
00bbac68_7346,12118.593
00bbac68_7347,12118.595
00bbac68_7348,12118.598
00bbac68_7349,12118.6
00bbac68_7350,12118.603
00bbac68_7351,12118.605
00bbac68_7352,12118.607
00bbac68_7353,12118.61
00bbac68_7354,12118.613
00bbac68_7355,12118.616
00bbac68_7356,12118.619
00bbac68_7357,12118.622
00bbac68_7358,12118.625
00bbac68_7359,12118.628
00bbac68_7360,12118.631
00bbac68_7361,12118.635
00bbac68_7362,12118.638
00bbac68_7363,12118.641
00bbac68_7364,12118.645
00bbac68_7365,12118.648
00bbac68_7366,12118.651
00bbac68_7367,12118.655
00bbac68_7368,12118.659
00bbac68_7369,12118.662
00bbac68_7370,12118.666
00bbac68_7371,12118.67
00bbac68_7372,12118.674
00bbac68_7373,12118.678
00bbac68_7374,12118.682
00bbac68_7375,12118.687
00bbac68_7376,12118.69
00bbac68_7377,12118.694
00bbac68_7378,12118.699
00bbac68_7379,12118.703
00bbac68_7380,12118.707
00bbac68_7381,12118.712
00bbac68_7382,12118.716
00bbac68_7383,12118.721
00bbac68_7384,12118.725
00bbac68_7385,12118.7295
00bbac68_7386,12118.733
00bbac68_7387,12118.738
00bbac68_7388,12118.742
00bbac68_7389,12118.747
00bbac68_7390,12118.752
00bbac68_7391,12118.757
00bbac68_7392,12118.762
00bbac68_7393,12118.766
00bbac68_7394,12118.7705
00bbac68_7395,12118.775
00bbac68_7396,12118.78
00bbac68_7397,12118.785
00bbac68_7398,12118.79
00bbac68_7399,12118.795
00bbac68_7400,12118.8
00bbac68_7401,12118.805
00bbac68_7402,12118.81
00bbac68_7403,12118.814
00bbac68_7404,12118.819
00bbac68_7405,12118.824
00bbac68_7406,12118.829
00bbac68_7407,12118.834
00bbac68_7408,12118.839
00bbac68_7409,12118.842
00bbac68_7410,12118.845
00bbac68_7411,12118.848
00bbac68_7412,12118.851
00bbac68_7413,12118.854
00bbac68_7414,12118.856
00bbac68_7415,12118.859
00bbac68_7416,12118.862
00bbac68_7417,12118.865
00bbac68_7418,12118.867
00bbac68_7419,12118.87
00bbac68_7420,12118.873
00bbac68_7421,12118.876
00bbac68_7422,12118.879
00bbac68_7423,12118.882
00bbac68_7424,12118.885
00bbac68_7425,12118.888
00bbac68_7426,12118.891
00bbac68_7427,12118.894
00bbac68_7428,12118.896
00bbac68_7429,12118.899
00bbac68_7430,12118.902
00bbac68_7431,12118.905
00bbac68_7432,12118.907
00bbac68_7433,12118.91
00bbac68_7434,12118.913
00bbac68_7435,12118.916
00bbac68_7436,12118.919
00bbac68_7437,12118.922
00bbac68_7438,12118.925
00bbac68_7439,12118.928
00bbac68_7440,12118.931
00bbac68_7441,12118.934
00bbac68_7442,12118.937
00bbac68_7443,12118.939
00bbac68_7444,12118.942
00bbac68_7445,12118.945
00bbac68_7446,12118.948
00bbac68_7447,12118.951
00bbac68_7448,12118.954
00bbac68_7449,12118.957
00bbac68_7450,12118.96
00bbac68_7451,12118.963
00bbac68_7452,12118.966
00bbac68_7453,12118.969
00bbac68_7454,12118.972
00bbac68_7455,12118.975
00bbac68_7456,12118.978
00bbac68_7457,12118.98
00bbac68_7458,12118.983
00bbac68_7459,12118.986
00bbac68_7460,12118.989
00bbac68_7461,12118.992
00bbac68_7462,12118.995
00bbac68_7463,12118.998
00bbac68_7464,12119.001
00bbac68_7465,12119.004
00bbac68_7466,12119.007
00bbac68_7467,12119.01
00bbac68_7468,12119.013
00bbac68_7469,12119.017
00bbac68_7470,12119.02
00bbac68_7471,12119.022
00bbac68_7472,12119.025
00bbac68_7473,12119.028
00bbac68_7474,12119.031
00bbac68_7475,12119.034
00bbac68_7476,12119.037
00bbac68_7477,12119.04
00bbac68_7478,12119.043
00bbac68_7479,12119.046
00bbac68_7480,12119.049
00bbac68_7481,12119.052
00bbac68_7482,12119.055
00bbac68_7483,12119.059
00bbac68_7484,12119.062
00bbac68_7485,12119.064
00bbac68_7486,12119.067
00bbac68_7487,12119.07
00bbac68_7488,12119.073
00bbac68_7489,12119.076
00bbac68_7490,12119.079
00bbac68_7491,12119.082
00bbac68_7492,12119.085
00bbac68_7493,12119.089
00bbac68_7494,12119.092
00bbac68_7495,12119.095
00bbac68_7496,12119.098
00bbac68_7497,12119.101
00bbac68_7498,12119.104
00bbac68_7499,12119.106
00bbac68_7500,12119.11
00bbac68_7501,12119.113
00bbac68_7502,12119.116
00bbac68_7503,12119.119
00bbac68_7504,12119.122
00bbac68_7505,12119.125
00bbac68_7506,12119.128
00bbac68_7507,12119.132
00bbac68_7508,12119.135
00bbac68_7509,12119.138
00bbac68_7510,12119.141
00bbac68_7511,12119.144
00bbac68_7512,12119.146
00bbac68_7513,12119.15
00bbac68_7514,12119.153
00bbac68_7515,12119.156
00bbac68_7516,12119.159
00bbac68_7517,12119.162
00bbac68_7518,12119.166
00bbac68_7519,12119.169
00bbac68_7520,12119.172
00bbac68_7521,12119.175
00bbac68_7522,12119.178
00bbac68_7523,12119.181
00bbac68_7524,12119.185
00bbac68_7525,12119.1875
00bbac68_7526,12119.19
00bbac68_7527,12119.193
00bbac68_7528,12119.197
00bbac68_7529,12119.2
00bbac68_7530,12119.203
00bbac68_7531,12119.206
00bbac68_7532,12119.209
00bbac68_7533,12119.213
00bbac68_7534,12119.216
00bbac68_7535,12119.219
00bbac68_7536,12119.222
00bbac68_7537,12119.226
00bbac68_7538,12119.229
00bbac68_7539,12119.231
00bbac68_7540,12119.234
00bbac68_7541,12119.238
00bbac68_7542,12119.241
00bbac68_7543,12119.244
00bbac68_7544,12119.247
00bbac68_7545,12119.251
00bbac68_7546,12119.254
00bbac68_7547,12119.257
00bbac68_7548,12119.26
00bbac68_7549,12119.264
00bbac68_7550,12119.267
00bbac68_7551,12119.27
00bbac68_7552,12119.273
00bbac68_7553,12119.276
00bbac68_7554,12119.279
00bbac68_7555,12119.282
00bbac68_7556,12119.286
00bbac68_7557,12119.289
00bbac68_7558,12119.292
00e12e8b_2083,11544.901
00e12e8b_2084,11544.895
00e12e8b_2085,11544.887
00e12e8b_2086,11544.879
00e12e8b_2087,11544.872
00e12e8b_2088,11544.864
00e12e8b_2089,11544.857
00e12e8b_2090,11544.85
00e12e8b_2091,11544.843
00e12e8b_2092,11544.835
00e12e8b_2093,11544.828
00e12e8b_2094,11544.821
00e12e8b_2095,11544.813
00e12e8b_2096,11544.807
00e12e8b_2097,11544.8
00e12e8b_2098,11544.792
00e12e8b_2099,11544.785
00e12e8b_2100,11544.778
00e12e8b_2101,11544.771
00e12e8b_2102,11544.765
00e12e8b_2103,11544.758
00e12e8b_2104,11544.751
00e12e8b_2105,11544.744
00e12e8b_2106,11544.737
00e12e8b_2107,11544.73
00e12e8b_2108,11544.724
00e12e8b_2109,11544.717
00e12e8b_2110,11544.71
00e12e8b_2111,11544.703
00e12e8b_2112,11544.696
00e12e8b_2113,11544.689
00e12e8b_2114,11544.684
00e12e8b_2115,11544.677
00e12e8b_2116,11544.67
00e12e8b_2117,11544.664
00e12e8b_2118,11544.657
00e12e8b_2119,11544.651
00e12e8b_2120,11544.645
00e12e8b_2121,11544.639
00e12e8b_2122,11544.632
00e12e8b_2123,11544.626
00e12e8b_2124,11544.62
00e12e8b_2125,11544.613
00e12e8b_2126,11544.607
00e12e8b_2127,11544.602
00e12e8b_2128,11544.595
00e12e8b_2129,11544.589
00e12e8b_2130,11544.583
00e12e8b_2131,11544.577
00e12e8b_2132,11544.571
00e12e8b_2133,11544.565
00e12e8b_2134,11544.56
00e12e8b_2135,11544.554
00e12e8b_2136,11544.549
00e12e8b_2137,11544.543
00e12e8b_2138,11544.537
00e12e8b_2139,11544.532
00e12e8b_2140,11544.526
00e12e8b_2141,11544.521
00e12e8b_2142,11544.516
00e12e8b_2143,11544.511
00e12e8b_2144,11544.506
00e12e8b_2145,11544.501
00e12e8b_2146,11544.496
00e12e8b_2147,11544.491
00e12e8b_2148,11544.486
00e12e8b_2149,11544.481
00e12e8b_2150,11544.477
00e12e8b_2151,11544.473
00e12e8b_2152,11544.468
00e12e8b_2153,11544.464
00e12e8b_2154,11544.459
00e12e8b_2155,11544.455
00e12e8b_2156,11544.45
00e12e8b_2157,11544.446
00e12e8b_2158,11544.441
00e12e8b_2159,11544.437
00e12e8b_2160,11544.432
00e12e8b_2161,11544.428
00e12e8b_2162,11544.423
00e12e8b_2163,11544.418
00e12e8b_2164,11544.413
00e12e8b_2165,11544.408
00e12e8b_2166,11544.403
00e12e8b_2167,11544.398
00e12e8b_2168,11544.394
00e12e8b_2169,11544.389
00e12e8b_2170,11544.384
00e12e8b_2171,11544.379
00e12e8b_2172,11544.373
00e12e8b_2173,11544.368
00e12e8b_2174,11544.363
00e12e8b_2175,11544.358
00e12e8b_2176,11544.353
00e12e8b_2177,11544.348
00e12e8b_2178,11544.343
00e12e8b_2179,11544.338
00e12e8b_2180,11544.332
00e12e8b_2181,11544.327
00e12e8b_2182,11544.322
00e12e8b_2183,11544.316
00e12e8b_2184,11544.312
00e12e8b_2185,11544.306
00e12e8b_2186,11544.301
00e12e8b_2187,11544.295
00e12e8b_2188,11544.289
00e12e8b_2189,11544.284
00e12e8b_2190,11544.278
00e12e8b_2191,11544.272
00e12e8b_2192,11544.267
00e12e8b_2193,11544.261
00e12e8b_2194,11544.255
00e12e8b_2195,11544.249
00e12e8b_2196,11544.243
00e12e8b_2197,11544.237
00e12e8b_2198,11544.231
00e12e8b_2199,11544.226
00e12e8b_2200,11544.22
00e12e8b_2201,11544.214
00e12e8b_2202,11544.208
00e12e8b_2203,11544.202
00e12e8b_2204,11544.196
00e12e8b_2205,11544.189
00e12e8b_2206,11544.184
00e12e8b_2207,11544.178
00e12e8b_2208,11544.171
00e12e8b_2209,11544.165
00e12e8b_2210,11544.158
00e12e8b_2211,11544.152
00e12e8b_2212,11544.146
00e12e8b_2213,11544.14
00e12e8b_2214,11544.134
00e12e8b_2215,11544.127
00e12e8b_2216,11544.121
00e12e8b_2217,11544.114
00e12e8b_2218,11544.107
00e12e8b_2219,11544.102
00e12e8b_2220,11544.095
00e12e8b_2221,11544.088
00e12e8b_2222,11544.081
00e12e8b_2223,11544.074
00e12e8b_2224,11544.067
00e12e8b_2225,11544.061
00e12e8b_2226,11544.053
00e12e8b_2227,11544.046
00e12e8b_2228,11544.039
00e12e8b_2229,11544.031
00e12e8b_2230,11544.024
00e12e8b_2231,11544.017
00e12e8b_2232,11544.01
00e12e8b_2233,11544.002
00e12e8b_2234,11543.994
00e12e8b_2235,11543.986
00e12e8b_2236,11543.979
00e12e8b_2237,11543.971
00e12e8b_2238,11543.963
00e12e8b_2239,11543.955
00e12e8b_2240,11543.947
00e12e8b_2241,11543.939
00e12e8b_2242,11543.932
00e12e8b_2243,11543.924
00e12e8b_2244,11543.917
00e12e8b_2245,11543.909
00e12e8b_2246,11543.901
00e12e8b_2247,11543.894
00e12e8b_2248,11543.886
00e12e8b_2249,11543.878
00e12e8b_2250,11543.87
00e12e8b_2251,11543.863
00e12e8b_2252,11543.855
00e12e8b_2253,11543.848
00e12e8b_2254,11543.841
00e12e8b_2255,11543.833
00e12e8b_2256,11543.826
00e12e8b_2257,11543.818
00e12e8b_2258,11543.812
00e12e8b_2259,11543.804
00e12e8b_2260,11543.796
00e12e8b_2261,11543.789
00e12e8b_2262,11543.782
00e12e8b_2263,11543.774
00e12e8b_2264,11543.768
00e12e8b_2265,11543.76
00e12e8b_2266,11543.753
00e12e8b_2267,11543.745
00e12e8b_2268,11543.738
00e12e8b_2269,11543.73
00e12e8b_2270,11543.724
00e12e8b_2271,11543.716
00e12e8b_2272,11543.709
00e12e8b_2273,11543.701
00e12e8b_2274,11543.693
00e12e8b_2275,11543.687
00e12e8b_2276,11543.679
00e12e8b_2277,11543.671
00e12e8b_2278,11543.664
00e12e8b_2279,11543.656
00e12e8b_2280,11543.649
00e12e8b_2281,11543.642
00e12e8b_2282,11543.635
00e12e8b_2283,11543.628
00e12e8b_2284,11543.62
00e12e8b_2285,11543.613
00e12e8b_2286,11543.606
00e12e8b_2287,11543.601
00e12e8b_2288,11543.594
00e12e8b_2289,11543.587
00e12e8b_2290,11543.581
00e12e8b_2291,11543.574
00e12e8b_2292,11543.568
00e12e8b_2293,11543.5625
00e12e8b_2294,11543.557
00e12e8b_2295,11543.551
00e12e8b_2296,11543.545
00e12e8b_2297,11543.539
00e12e8b_2298,11543.533
00e12e8b_2299,11543.528
00e12e8b_2300,11543.523
00e12e8b_2301,11543.518
00e12e8b_2302,11543.513
00e12e8b_2303,11543.508
00e12e8b_2304,11543.504
00e12e8b_2305,11543.499
00e12e8b_2306,11543.494
00e12e8b_2307,11543.49
00e12e8b_2308,11543.486
00e12e8b_2309,11543.481
00e12e8b_2310,11543.478
00e12e8b_2311,11543.474
00e12e8b_2312,11543.471
00e12e8b_2313,11543.467
00e12e8b_2314,11543.463
00e12e8b_2315,11543.46
00e12e8b_2316,11543.457
00e12e8b_2317,11543.454
00e12e8b_2318,11543.451
00e12e8b_2319,11543.448
00e12e8b_2320,11543.446
00e12e8b_2321,11543.443
00e12e8b_2322,11543.441
00e12e8b_2323,11543.439
00e12e8b_2324,11543.438
00e12e8b_2325,11543.437
00e12e8b_2326,11543.436
00e12e8b_2327,11543.434
00e12e8b_2328,11543.434
00e12e8b_2329,11543.433
00e12e8b_2330,11543.432
00e12e8b_2331,11543.432
00e12e8b_2332,11543.432
00e12e8b_2333,11543.432
00e12e8b_2334,11543.432
00e12e8b_2335,11543.433
00e12e8b_2336,11543.434
00e12e8b_2337,11543.434
00e12e8b_2338,11543.436
00e12e8b_2339,11543.437
00e12e8b_2340,11543.4375
00e12e8b_2341,11543.439
00e12e8b_2342,11543.441
00e12e8b_2343,11543.443
00e12e8b_2344,11543.445
00e12e8b_2345,11543.448
00e12e8b_2346,11543.45
00e12e8b_2347,11543.453
00e12e8b_2348,11543.456
00e12e8b_2349,11543.459
00e12e8b_2350,11543.463
00e12e8b_2351,11543.466
00e12e8b_2352,11543.47
00e12e8b_2353,11543.474
00e12e8b_2354,11543.478
00e12e8b_2355,11543.481
00e12e8b_2356,11543.486
00e12e8b_2357,11543.491
00e12e8b_2358,11543.496
00e12e8b_2359,11543.501
00e12e8b_2360,11543.506
00e12e8b_2361,11543.512
00e12e8b_2362,11543.518
00e12e8b_2363,11543.523
00e12e8b_2364,11543.529
00e12e8b_2365,11543.536
00e12e8b_2366,11543.542
00e12e8b_2367,11543.549
00e12e8b_2368,11543.557
00e12e8b_2369,11543.563
00e12e8b_2370,11543.57
00e12e8b_2371,11543.578
00e12e8b_2372,11543.586
00e12e8b_2373,11543.594
00e12e8b_2374,11543.603
00e12e8b_2375,11543.61
00e12e8b_2376,11543.619
00e12e8b_2377,11543.628
00e12e8b_2378,11543.637
00e12e8b_2379,11543.646
00e12e8b_2380,11543.655
00e12e8b_2381,11543.665
00e12e8b_2382,11543.675
00e12e8b_2383,11543.685
00e12e8b_2384,11543.694
00e12e8b_2385,11543.704
00e12e8b_2386,11543.714
00e12e8b_2387,11543.725
00e12e8b_2388,11543.734
00e12e8b_2389,11543.745
00e12e8b_2390,11543.756
00e12e8b_2391,11543.767
00e12e8b_2392,11543.777
00e12e8b_2393,11543.788
00e12e8b_2394,11543.799
00e12e8b_2395,11543.81
00e12e8b_2396,11543.821
00e12e8b_2397,11543.832
00e12e8b_2398,11543.844
00e12e8b_2399,11543.8545
00e12e8b_2400,11543.866
00e12e8b_2401,11543.878
00e12e8b_2402,11543.89
00e12e8b_2403,11543.901
00e12e8b_2404,11543.913
00e12e8b_2405,11543.925
00e12e8b_2406,11543.937
00e12e8b_2407,11543.949
00e12e8b_2408,11543.961
00e12e8b_2409,11543.974
00e12e8b_2410,11543.985
00e12e8b_2411,11543.998
00e12e8b_2412,11544.011
00e12e8b_2413,11544.022
00e12e8b_2414,11544.035
00e12e8b_2415,11544.048
00e12e8b_2416,11544.061
00e12e8b_2417,11544.073
00e12e8b_2418,11544.086
00e12e8b_2419,11544.099
00e12e8b_2420,11544.111
00e12e8b_2421,11544.124
00e12e8b_2422,11544.137
00e12e8b_2423,11544.149
00e12e8b_2424,11544.162
00e12e8b_2425,11544.175
00e12e8b_2426,11544.188
00e12e8b_2427,11544.201
00e12e8b_2428,11544.214
00e12e8b_2429,11544.227
00e12e8b_2430,11544.239
00e12e8b_2431,11544.252
00e12e8b_2432,11544.265
00e12e8b_2433,11544.277
00e12e8b_2434,11544.29
00e12e8b_2435,11544.303
00e12e8b_2436,11544.315
00e12e8b_2437,11544.328
00e12e8b_2438,11544.34
00e12e8b_2439,11544.353
00e12e8b_2440,11544.364
00e12e8b_2441,11544.377
00e12e8b_2442,11544.389
00e12e8b_2443,11544.4
00e12e8b_2444,11544.412
00e12e8b_2445,11544.424
00e12e8b_2446,11544.436
00e12e8b_2447,11544.446
00e12e8b_2448,11544.458
00e12e8b_2449,11544.469
00e12e8b_2450,11544.4795
00e12e8b_2451,11544.49
00e12e8b_2452,11544.5
00e12e8b_2453,11544.511
00e12e8b_2454,11544.5205
00e12e8b_2455,11544.53
00e12e8b_2456,11544.54
00e12e8b_2457,11544.55
00e12e8b_2458,11544.56
00e12e8b_2459,11544.568
00e12e8b_2460,11544.578
00e12e8b_2461,11544.587
00e12e8b_2462,11544.597
00e12e8b_2463,11544.605
00e12e8b_2464,11544.614
00e12e8b_2465,11544.623
00e12e8b_2466,11544.632
00e12e8b_2467,11544.641
00e12e8b_2468,11544.649
00e12e8b_2469,11544.657
00e12e8b_2470,11544.665
00e12e8b_2471,11544.674
00e12e8b_2472,11544.682
00e12e8b_2473,11544.689
00e12e8b_2474,11544.697
00e12e8b_2475,11544.705
00e12e8b_2476,11544.712
00e12e8b_2477,11544.72
00e12e8b_2478,11544.727
00e12e8b_2479,11544.734
00e12e8b_2480,11544.741
00e12e8b_2481,11544.748
00e12e8b_2482,11544.755
00e12e8b_2483,11544.761
00e12e8b_2484,11544.768
00e12e8b_2485,11544.773
00e12e8b_2486,11544.78
00e12e8b_2487,11544.786
00e12e8b_2488,11544.792
00e12e8b_2489,11544.798
00e12e8b_2490,11544.803
00e12e8b_2491,11544.809
00e12e8b_2492,11544.813
00e12e8b_2493,11544.818
00e12e8b_2494,11544.823
00e12e8b_2495,11544.828
00e12e8b_2496,11544.833
00e12e8b_2497,11544.837
00e12e8b_2498,11544.842
00e12e8b_2499,11544.846
00e12e8b_2500,11544.85
00e12e8b_2501,11544.854
00e12e8b_2502,11544.857
00e12e8b_2503,11544.86
00e12e8b_2504,11544.864
00e12e8b_2505,11544.867
00e12e8b_2506,11544.87
00e12e8b_2507,11544.873
00e12e8b_2508,11544.876
00e12e8b_2509,11544.879
00e12e8b_2510,11544.881
00e12e8b_2511,11544.884
00e12e8b_2512,11544.886
00e12e8b_2513,11544.888
00e12e8b_2514,11544.89
00e12e8b_2515,11544.892
00e12e8b_2516,11544.894
00e12e8b_2517,11544.8955
00e12e8b_2518,11544.896
00e12e8b_2519,11544.898
00e12e8b_2520,11544.9
00e12e8b_2521,11544.901
00e12e8b_2522,11544.903
00e12e8b_2523,11544.904
00e12e8b_2524,11544.906
00e12e8b_2525,11544.907
00e12e8b_2526,11544.908
00e12e8b_2527,11544.91
00e12e8b_2528,11544.911
00e12e8b_2529,11544.912
00e12e8b_2530,11544.913
00e12e8b_2531,11544.915
00e12e8b_2532,11544.916
00e12e8b_2533,11544.917
00e12e8b_2534,11544.918
00e12e8b_2535,11544.919
00e12e8b_2536,11544.921
00e12e8b_2537,11544.922
00e12e8b_2538,11544.923
00e12e8b_2539,11544.924
00e12e8b_2540,11544.925
00e12e8b_2541,11544.926
00e12e8b_2542,11544.927
00e12e8b_2543,11544.928
00e12e8b_2544,11544.929
00e12e8b_2545,11544.93
00e12e8b_2546,11544.931
00e12e8b_2547,11544.932
00e12e8b_2548,11544.933
00e12e8b_2549,11544.934
00e12e8b_2550,11544.935
00e12e8b_2551,11544.936
00e12e8b_2552,11544.937
00e12e8b_2553,11544.937
00e12e8b_2554,11544.9375
00e12e8b_2555,11544.938
00e12e8b_2556,11544.939
00e12e8b_2557,11544.939
00e12e8b_2558,11544.94
00e12e8b_2559,11544.941
00e12e8b_2560,11544.942
00e12e8b_2561,11544.942
00e12e8b_2562,11544.943
00e12e8b_2563,11544.943
00e12e8b_2564,11544.944
00e12e8b_2565,11544.945
00e12e8b_2566,11544.945
00e12e8b_2567,11544.946
00e12e8b_2568,11544.946
00e12e8b_2569,11544.947
00e12e8b_2570,11544.947
00e12e8b_2571,11544.948
00e12e8b_2572,11544.948
00e12e8b_2573,11544.948
00e12e8b_2574,11544.949
00e12e8b_2575,11544.949
00e12e8b_2576,11544.95
00e12e8b_2577,11544.95
00e12e8b_2578,11544.95
00e12e8b_2579,11544.951
00e12e8b_2580,11544.951
00e12e8b_2581,11544.951
00e12e8b_2582,11544.952
00e12e8b_2583,11544.952
00e12e8b_2584,11544.953
00e12e8b_2585,11544.953
00e12e8b_2586,11544.953
00e12e8b_2587,11544.954
00e12e8b_2588,11544.954
00e12e8b_2589,11544.954
00e12e8b_2590,11544.955
00e12e8b_2591,11544.955
00e12e8b_2592,11544.955
00e12e8b_2593,11544.956
00e12e8b_2594,11544.956
00e12e8b_2595,11544.956
00e12e8b_2596,11544.957
00e12e8b_2597,11544.957
00e12e8b_2598,11544.957
00e12e8b_2599,11544.958
00e12e8b_2600,11544.958
00e12e8b_2601,11544.958
00e12e8b_2602,11544.959
00e12e8b_2603,11544.959
00e12e8b_2604,11544.959
00e12e8b_2605,11544.96
00e12e8b_2606,11544.96
00e12e8b_2607,11544.961
00e12e8b_2608,11544.961
00e12e8b_2609,11544.962
00e12e8b_2610,11544.962
00e12e8b_2611,11544.963
00e12e8b_2612,11544.964
00e12e8b_2613,11544.964
00e12e8b_2614,11544.965
00e12e8b_2615,11544.966
00e12e8b_2616,11544.967
00e12e8b_2617,11544.967
00e12e8b_2618,11544.968
00e12e8b_2619,11544.969
00e12e8b_2620,11544.97
00e12e8b_2621,11544.971
00e12e8b_2622,11544.972
00e12e8b_2623,11544.973
00e12e8b_2624,11544.974
00e12e8b_2625,11544.975
00e12e8b_2626,11544.976
00e12e8b_2627,11544.977
00e12e8b_2628,11544.978
00e12e8b_2629,11544.979
00e12e8b_2630,11544.9795
00e12e8b_2631,11544.98
00e12e8b_2632,11544.981
00e12e8b_2633,11544.981
00e12e8b_2634,11544.982
00e12e8b_2635,11544.983
00e12e8b_2636,11544.984
00e12e8b_2637,11544.985
00e12e8b_2638,11544.986
00e12e8b_2639,11544.987
00e12e8b_2640,11544.987
00e12e8b_2641,11544.988
00e12e8b_2642,11544.989
00e12e8b_2643,11544.99
00e12e8b_2644,11544.99
00e12e8b_2645,11544.991
00e12e8b_2646,11544.992
00e12e8b_2647,11544.993
00e12e8b_2648,11544.994
00e12e8b_2649,11544.995
00e12e8b_2650,11544.996
00e12e8b_2651,11544.997
00e12e8b_2652,11544.998
00e12e8b_2653,11544.999
00e12e8b_2654,11545.0
00e12e8b_2655,11545.001
00e12e8b_2656,11545.002
00e12e8b_2657,11545.004
00e12e8b_2658,11545.005
00e12e8b_2659,11545.006
00e12e8b_2660,11545.007
00e12e8b_2661,11545.008
00e12e8b_2662,11545.009
00e12e8b_2663,11545.01
00e12e8b_2664,11545.012
00e12e8b_2665,11545.013
00e12e8b_2666,11545.014
00e12e8b_2667,11545.015
00e12e8b_2668,11545.016
00e12e8b_2669,11545.017
00e12e8b_2670,11545.018
00e12e8b_2671,11545.02
00e12e8b_2672,11545.0205
00e12e8b_2673,11545.021
00e12e8b_2674,11545.022
00e12e8b_2675,11545.023
00e12e8b_2676,11545.024
00e12e8b_2677,11545.026
00e12e8b_2678,11545.027
00e12e8b_2679,11545.028
00e12e8b_2680,11545.029
00e12e8b_2681,11545.03
00e12e8b_2682,11545.031
00e12e8b_2683,11545.032
00e12e8b_2684,11545.034
00e12e8b_2685,11545.035
00e12e8b_2686,11545.036
00e12e8b_2687,11545.037
00e12e8b_2688,11545.038
00e12e8b_2689,11545.039
00e12e8b_2690,11545.04
00e12e8b_2691,11545.041
00e12e8b_2692,11545.043
00e12e8b_2693,11545.044
00e12e8b_2694,11545.045
00e12e8b_2695,11545.046
00e12e8b_2696,11545.047
00e12e8b_2697,11545.048
00e12e8b_2698,11545.049
00e12e8b_2699,11545.051
00e12e8b_2700,11545.052
00e12e8b_2701,11545.053
00e12e8b_2702,11545.054
00e12e8b_2703,11545.055
00e12e8b_2704,11545.056
00e12e8b_2705,11545.057
00e12e8b_2706,11545.058
00e12e8b_2707,11545.059
00e12e8b_2708,11545.06
00e12e8b_2709,11545.061
00e12e8b_2710,11545.062
00e12e8b_2711,11545.0625
00e12e8b_2712,11545.063
00e12e8b_2713,11545.064
00e12e8b_2714,11545.065
00e12e8b_2715,11545.066
00e12e8b_2716,11545.067
00e12e8b_2717,11545.068
00e12e8b_2718,11545.069
00e12e8b_2719,11545.07
00e12e8b_2720,11545.071
00e12e8b_2721,11545.072
00e12e8b_2722,11545.073
00e12e8b_2723,11545.074
00e12e8b_2724,11545.075
00e12e8b_2725,11545.076
00e12e8b_2726,11545.077
00e12e8b_2727,11545.078
00e12e8b_2728,11545.079
00e12e8b_2729,11545.08
00e12e8b_2730,11545.08
00e12e8b_2731,11545.081
00e12e8b_2732,11545.082
00e12e8b_2733,11545.083
00e12e8b_2734,11545.084
00e12e8b_2735,11545.085
00e12e8b_2736,11545.086
00e12e8b_2737,11545.087
00e12e8b_2738,11545.088
00e12e8b_2739,11545.089
00e12e8b_2740,11545.09
00e12e8b_2741,11545.09
00e12e8b_2742,11545.091
00e12e8b_2743,11545.092
00e12e8b_2744,11545.093
00e12e8b_2745,11545.094
00e12e8b_2746,11545.094
00e12e8b_2747,11545.095
00e12e8b_2748,11545.096
00e12e8b_2749,11545.097
00e12e8b_2750,11545.097
00e12e8b_2751,11545.098
00e12e8b_2752,11545.099
00e12e8b_2753,11545.099
00e12e8b_2754,11545.1
00e12e8b_2755,11545.101
00e12e8b_2756,11545.101
00e12e8b_2757,11545.102
00e12e8b_2758,11545.103
00e12e8b_2759,11545.103
00e12e8b_2760,11545.104
00e12e8b_2761,11545.1045
00e12e8b_2762,11545.1045
00e12e8b_2763,11545.105
00e12e8b_2764,11545.106
00e12e8b_2765,11545.106
00e12e8b_2766,11545.107
00e12e8b_2767,11545.108
00e12e8b_2768,11545.109
00e12e8b_2769,11545.11
00e12e8b_2770,11545.11
00e12e8b_2771,11545.111
00e12e8b_2772,11545.112
00e12e8b_2773,11545.113
00e12e8b_2774,11545.114
00e12e8b_2775,11545.115
00e12e8b_2776,11545.115
00e12e8b_2777,11545.116
00e12e8b_2778,11545.117
00e12e8b_2779,11545.118
00e12e8b_2780,11545.119
00e12e8b_2781,11545.119
00e12e8b_2782,11545.12
00e12e8b_2783,11545.121
00e12e8b_2784,11545.122
00e12e8b_2785,11545.123
00e12e8b_2786,11545.124
00e12e8b_2787,11545.124
00e12e8b_2788,11545.125
00e12e8b_2789,11545.126
00e12e8b_2790,11545.127
00e12e8b_2791,11545.128
00e12e8b_2792,11545.129
00e12e8b_2793,11545.13
00e12e8b_2794,11545.131
00e12e8b_2795,11545.132
00e12e8b_2796,11545.133
00e12e8b_2797,11545.134
00e12e8b_2798,11545.135
00e12e8b_2799,11545.136
00e12e8b_2800,11545.137
00e12e8b_2801,11545.138
00e12e8b_2802,11545.139
00e12e8b_2803,11545.14
00e12e8b_2804,11545.141
00e12e8b_2805,11545.141
00e12e8b_2806,11545.142
00e12e8b_2807,11545.143
00e12e8b_2808,11545.143
00e12e8b_2809,11545.144
00e12e8b_2810,11545.145
00e12e8b_2811,11545.145
00e12e8b_2812,11545.145
00e12e8b_2813,11545.1455
00e12e8b_2814,11545.1455
00e12e8b_2815,11545.1455
00e12e8b_2816,11545.1455
00e12e8b_2817,11545.1455
00e12e8b_2818,11545.1455
00e12e8b_2819,11545.1455
00e12e8b_2820,11545.145
00e12e8b_2821,11545.145
00e12e8b_2822,11545.145
00e12e8b_2823,11545.144
00e12e8b_2824,11545.144
00e12e8b_2825,11545.143
00e12e8b_2826,11545.143
00e12e8b_2827,11545.142
00e12e8b_2828,11545.142
00e12e8b_2829,11545.141
00e12e8b_2830,11545.141
00e12e8b_2831,11545.14
00e12e8b_2832,11545.14
00e12e8b_2833,11545.139
00e12e8b_2834,11545.139
00e12e8b_2835,11545.139
00e12e8b_2836,11545.138
00e12e8b_2837,11545.138
00e12e8b_2838,11545.138
00e12e8b_2839,11545.138
00e12e8b_2840,11545.138
00e12e8b_2841,11545.137
00e12e8b_2842,11545.137
00e12e8b_2843,11545.138
00e12e8b_2844,11545.138
00e12e8b_2845,11545.138
00e12e8b_2846,11545.138
00e12e8b_2847,11545.138
00e12e8b_2848,11545.138
00e12e8b_2849,11545.139
00e12e8b_2850,11545.139
00e12e8b_2851,11545.139
00e12e8b_2852,11545.14
00e12e8b_2853,11545.14
00e12e8b_2854,11545.141
00e12e8b_2855,11545.141
00e12e8b_2856,11545.142
00e12e8b_2857,11545.143
00e12e8b_2858,11545.144
00e12e8b_2859,11545.145
00e12e8b_2860,11545.1455
00e12e8b_2861,11545.146
00e12e8b_2862,11545.147
00e12e8b_2863,11545.148
00e12e8b_2864,11545.15
00e12e8b_2865,11545.151
00e12e8b_2866,11545.152
00e12e8b_2867,11545.154
00e12e8b_2868,11545.156
00e12e8b_2869,11545.157
00e12e8b_2870,11545.159
00e12e8b_2871,11545.161
00e12e8b_2872,11545.163
00e12e8b_2873,11545.165
00e12e8b_2874,11545.167
00e12e8b_2875,11545.17
00e12e8b_2876,11545.172
00e12e8b_2877,11545.175
00e12e8b_2878,11545.178
00e12e8b_2879,11545.181
00e12e8b_2880,11545.184
00e12e8b_2881,11545.1875
00e12e8b_2882,11545.19
00e12e8b_2883,11545.194
00e12e8b_2884,11545.198
00e12e8b_2885,11545.203
00e12e8b_2886,11545.207
00e12e8b_2887,11545.212
00e12e8b_2888,11545.217
00e12e8b_2889,11545.222
00e12e8b_2890,11545.227
00e12e8b_2891,11545.232
00e12e8b_2892,11545.238
00e12e8b_2893,11545.244
00e12e8b_2894,11545.251
00e12e8b_2895,11545.257
00e12e8b_2896,11545.264
00e12e8b_2897,11545.271
00e12e8b_2898,11545.278
00e12e8b_2899,11545.286
00e12e8b_2900,11545.294
00e12e8b_2901,11545.303
00e12e8b_2902,11545.312
00e12e8b_2903,11545.32
00e12e8b_2904,11545.329
00e12e8b_2905,11545.339
00e12e8b_2906,11545.349
00e12e8b_2907,11545.359
00e12e8b_2908,11545.37
00e12e8b_2909,11545.381
00e12e8b_2910,11545.392
00e12e8b_2911,11545.403
00e12e8b_2912,11545.415
00e12e8b_2913,11545.427
00e12e8b_2914,11545.439
00e12e8b_2915,11545.452
00e12e8b_2916,11545.465
00e12e8b_2917,11545.479
00e12e8b_2918,11545.492
00e12e8b_2919,11545.506
00e12e8b_2920,11545.52
00e12e8b_2921,11545.534
00e12e8b_2922,11545.549
00e12e8b_2923,11545.563
00e12e8b_2924,11545.579
00e12e8b_2925,11545.595
00e12e8b_2926,11545.61
00e12e8b_2927,11545.626
00e12e8b_2928,11545.643
00e12e8b_2929,11545.658
00e12e8b_2930,11545.676
00e12e8b_2931,11545.692
00e12e8b_2932,11545.709
00e12e8b_2933,11545.727
00e12e8b_2934,11545.744
00e12e8b_2935,11545.762
00e12e8b_2936,11545.78
00e12e8b_2937,11545.798
00e12e8b_2938,11545.816
00e12e8b_2939,11545.835
00e12e8b_2940,11545.8545
00e12e8b_2941,11545.874
00e12e8b_2942,11545.893
00e12e8b_2943,11545.913
00e12e8b_2944,11545.933
00e12e8b_2945,11545.952
00e12e8b_2946,11545.973
00e12e8b_2947,11545.993
00e12e8b_2948,11546.014
00e12e8b_2949,11546.034
00e12e8b_2950,11546.055
00e12e8b_2951,11546.076
00e12e8b_2952,11546.098
00e12e8b_2953,11546.119
00e12e8b_2954,11546.141
00e12e8b_2955,11546.162
00e12e8b_2956,11546.185
00e12e8b_2957,11546.207
00e12e8b_2958,11546.2295
00e12e8b_2959,11546.252
00e12e8b_2960,11546.275
00e12e8b_2961,11546.299
00e12e8b_2962,11546.322
00e12e8b_2963,11546.346
00e12e8b_2964,11546.369
00e12e8b_2965,11546.394
00e12e8b_2966,11546.417
00e12e8b_2967,11546.441
00e12e8b_2968,11546.466
00e12e8b_2969,11546.491
00e12e8b_2970,11546.516
00e12e8b_2971,11546.54
00e12e8b_2972,11546.565
00e12e8b_2973,11546.59
00e12e8b_2974,11546.615
00e12e8b_2975,11546.641
00e12e8b_2976,11546.666
00e12e8b_2977,11546.691
00e12e8b_2978,11546.717
00e12e8b_2979,11546.742
00e12e8b_2980,11546.768
00e12e8b_2981,11546.793
00e12e8b_2982,11546.817
00e12e8b_2983,11546.843
00e12e8b_2984,11546.868
00e12e8b_2985,11546.894
00e12e8b_2986,11546.919
00e12e8b_2987,11546.944
00e12e8b_2988,11546.97
00e12e8b_2989,11546.994
00e12e8b_2990,11547.02
00e12e8b_2991,11547.045
00e12e8b_2992,11547.069
00e12e8b_2993,11547.095
00e12e8b_2994,11547.119
00e12e8b_2995,11547.145
00e12e8b_2996,11547.169
00e12e8b_2997,11547.194
00e12e8b_2998,11547.219
00e12e8b_2999,11547.243
00e12e8b_3000,11547.268
00e12e8b_3001,11547.293
00e12e8b_3002,11547.317
00e12e8b_3003,11547.341
00e12e8b_3004,11547.365
00e12e8b_3005,11547.39
00e12e8b_3006,11547.414
00e12e8b_3007,11547.4375
00e12e8b_3008,11547.462
00e12e8b_3009,11547.485
00e12e8b_3010,11547.509
00e12e8b_3011,11547.532
00e12e8b_3012,11547.556
00e12e8b_3013,11547.579
00e12e8b_3014,11547.603
00e12e8b_3015,11547.626
00e12e8b_3016,11547.648
00e12e8b_3017,11547.671
00e12e8b_3018,11547.694
00e12e8b_3019,11547.717
00e12e8b_3020,11547.739
00e12e8b_3021,11547.761
00e12e8b_3022,11547.783
00e12e8b_3023,11547.805
00e12e8b_3024,11547.827
00e12e8b_3025,11547.849
00e12e8b_3026,11547.87
00e12e8b_3027,11547.891
00e12e8b_3028,11547.912
00e12e8b_3029,11547.933
00e12e8b_3030,11547.954
00e12e8b_3031,11547.975
00e12e8b_3032,11547.994
00e12e8b_3033,11548.015
00e12e8b_3034,11548.034
00e12e8b_3035,11548.054
00e12e8b_3036,11548.073
00e12e8b_3037,11548.092
00e12e8b_3038,11548.111
00e12e8b_3039,11548.13
00e12e8b_3040,11548.147
00e12e8b_3041,11548.166
00e12e8b_3042,11548.184
00e12e8b_3043,11548.201
00e12e8b_3044,11548.219
00e12e8b_3045,11548.235
00e12e8b_3046,11548.252
00e12e8b_3047,11548.269
00e12e8b_3048,11548.285
00e12e8b_3049,11548.302
00e12e8b_3050,11548.317
00e12e8b_3051,11548.333
00e12e8b_3052,11548.349
00e12e8b_3053,11548.363
00e12e8b_3054,11548.379
00e12e8b_3055,11548.394
00e12e8b_3056,11548.407
00e12e8b_3057,11548.422
00e12e8b_3058,11548.437
00e12e8b_3059,11548.45
00e12e8b_3060,11548.464
00e12e8b_3061,11548.477
00e12e8b_3062,11548.49
00e12e8b_3063,11548.503
00e12e8b_3064,11548.516
00e12e8b_3065,11548.528
00e12e8b_3066,11548.54
00e12e8b_3067,11548.552
00e12e8b_3068,11548.563
00e12e8b_3069,11548.575
00e12e8b_3070,11548.586
00e12e8b_3071,11548.598
00e12e8b_3072,11548.607
00e12e8b_3073,11548.618
00e12e8b_3074,11548.628
00e12e8b_3075,11548.639
00e12e8b_3076,11548.647
00e12e8b_3077,11548.657
00e12e8b_3078,11548.666
00e12e8b_3079,11548.675
00e12e8b_3080,11548.684
00e12e8b_3081,11548.691
00e12e8b_3082,11548.699
00e12e8b_3083,11548.707
00e12e8b_3084,11548.715
00e12e8b_3085,11548.722
00e12e8b_3086,11548.729
00e12e8b_3087,11548.734
00e12e8b_3088,11548.741
00e12e8b_3089,11548.747
00e12e8b_3090,11548.753
00e12e8b_3091,11548.758
00e12e8b_3092,11548.763
00e12e8b_3093,11548.768
00e12e8b_3094,11548.771
00e12e8b_3095,11548.776
00e12e8b_3096,11548.78
00e12e8b_3097,11548.783
00e12e8b_3098,11548.786
00e12e8b_3099,11548.789
00e12e8b_3100,11548.792
00e12e8b_3101,11548.794
00e12e8b_3102,11548.796
00e12e8b_3103,11548.798
00e12e8b_3104,11548.8
00e12e8b_3105,11548.801
00e12e8b_3106,11548.802
00e12e8b_3107,11548.803
00e12e8b_3108,11548.803
00e12e8b_3109,11548.804
00e12e8b_3110,11548.804
00e12e8b_3111,11548.804
00e12e8b_3112,11548.804
00e12e8b_3113,11548.804
00e12e8b_3114,11548.804
00e12e8b_3115,11548.803
00e12e8b_3116,11548.802
00e12e8b_3117,11548.802
00e12e8b_3118,11548.801
00e12e8b_3119,11548.8
00e12e8b_3120,11548.799
00e12e8b_3121,11548.798
00e12e8b_3122,11548.796
00e12e8b_3123,11548.795
00e12e8b_3124,11548.794
00e12e8b_3125,11548.792
00e12e8b_3126,11548.791
00e12e8b_3127,11548.789
00e12e8b_3128,11548.788
00e12e8b_3129,11548.786
00e12e8b_3130,11548.784
00e12e8b_3131,11548.782
00e12e8b_3132,11548.781
00e12e8b_3133,11548.779
00e12e8b_3134,11548.776
00e12e8b_3135,11548.774
00e12e8b_3136,11548.772
00e12e8b_3137,11548.77
00e12e8b_3138,11548.767
00e12e8b_3139,11548.765
00e12e8b_3140,11548.762
00e12e8b_3141,11548.759
00e12e8b_3142,11548.756
00e12e8b_3143,11548.752
00e12e8b_3144,11548.749
00e12e8b_3145,11548.746
00e12e8b_3146,11548.742
00e12e8b_3147,11548.739
00e12e8b_3148,11548.735
00e12e8b_3149,11548.731
00e12e8b_3150,11548.728
00e12e8b_3151,11548.724
00e12e8b_3152,11548.72
00e12e8b_3153,11548.716
00e12e8b_3154,11548.712
00e12e8b_3155,11548.708
00e12e8b_3156,11548.704
00e12e8b_3157,11548.7
00e12e8b_3158,11548.695
00e12e8b_3159,11548.691
00e12e8b_3160,11548.6875
00e12e8b_3161,11548.683
00e12e8b_3162,11548.679
00e12e8b_3163,11548.675
00e12e8b_3164,11548.671
00e12e8b_3165,11548.667
00e12e8b_3166,11548.662
00e12e8b_3167,11548.658
00e12e8b_3168,11548.654
00e12e8b_3169,11548.65
00e12e8b_3170,11548.646
00e12e8b_3171,11548.643
00e12e8b_3172,11548.64
00e12e8b_3173,11548.636
00e12e8b_3174,11548.632
00e12e8b_3175,11548.629
00e12e8b_3176,11548.626
00e12e8b_3177,11548.622
00e12e8b_3178,11548.619
00e12e8b_3179,11548.616
00e12e8b_3180,11548.613
00e12e8b_3181,11548.61
00e12e8b_3182,11548.607
00e12e8b_3183,11548.6045
00e12e8b_3184,11548.603
00e12e8b_3185,11548.6
00e12e8b_3186,11548.598
00e12e8b_3187,11548.596
00e12e8b_3188,11548.593
00e12e8b_3189,11548.591
00e12e8b_3190,11548.589
00e12e8b_3191,11548.587
00e12e8b_3192,11548.585
00e12e8b_3193,11548.584
00e12e8b_3194,11548.582
00e12e8b_3195,11548.58
00e12e8b_3196,11548.579
00e12e8b_3197,11548.577
00e12e8b_3198,11548.576
00e12e8b_3199,11548.574
00e12e8b_3200,11548.573
00e12e8b_3201,11548.572
00e12e8b_3202,11548.571
00e12e8b_3203,11548.57
00e12e8b_3204,11548.568
00e12e8b_3205,11548.567
00e12e8b_3206,11548.567
00e12e8b_3207,11548.566
00e12e8b_3208,11548.565
00e12e8b_3209,11548.564
00e12e8b_3210,11548.563
00e12e8b_3211,11548.5625
00e12e8b_3212,11548.562
00e12e8b_3213,11548.561
00e12e8b_3214,11548.56
00e12e8b_3215,11548.56
00e12e8b_3216,11548.559
00e12e8b_3217,11548.558
00e12e8b_3218,11548.558
00e12e8b_3219,11548.557
00e12e8b_3220,11548.556
00e12e8b_3221,11548.556
00e12e8b_3222,11548.555
00e12e8b_3223,11548.555
00e12e8b_3224,11548.554
00e12e8b_3225,11548.554
00e12e8b_3226,11548.553
00e12e8b_3227,11548.553
00e12e8b_3228,11548.552
00e12e8b_3229,11548.552
00e12e8b_3230,11548.552
00e12e8b_3231,11548.551
00e12e8b_3232,11548.551
00e12e8b_3233,11548.551
00e12e8b_3234,11548.551
00e12e8b_3235,11548.551
00e12e8b_3236,11548.551
00e12e8b_3237,11548.55
00e12e8b_3238,11548.55
00e12e8b_3239,11548.55
00e12e8b_3240,11548.551
00e12e8b_3241,11548.551
00e12e8b_3242,11548.551
00e12e8b_3243,11548.551
00e12e8b_3244,11548.551
00e12e8b_3245,11548.552
00e12e8b_3246,11548.552
00e12e8b_3247,11548.552
00e12e8b_3248,11548.553
00e12e8b_3249,11548.553
00e12e8b_3250,11548.554
00e12e8b_3251,11548.555
00e12e8b_3252,11548.556
00e12e8b_3253,11548.557
00e12e8b_3254,11548.558
00e12e8b_3255,11548.56
00e12e8b_3256,11548.561
00e12e8b_3257,11548.5625
00e12e8b_3258,11548.563
00e12e8b_3259,11548.564
00e12e8b_3260,11548.566
00e12e8b_3261,11548.567
00e12e8b_3262,11548.569
00e12e8b_3263,11548.57
00e12e8b_3264,11548.571
00e12e8b_3265,11548.573
00e12e8b_3266,11548.574
00e12e8b_3267,11548.575
00e12e8b_3268,11548.577
00e12e8b_3269,11548.578
00e12e8b_3270,11548.579
00e12e8b_3271,11548.58
00e12e8b_3272,11548.581
00e12e8b_3273,11548.582
00e12e8b_3274,11548.583
00e12e8b_3275,11548.584
00e12e8b_3276,11548.585
00e12e8b_3277,11548.586
00e12e8b_3278,11548.587
00e12e8b_3279,11548.588
00e12e8b_3280,11548.588
00e12e8b_3281,11548.589
00e12e8b_3282,11548.59
00e12e8b_3283,11548.59
00e12e8b_3284,11548.591
00e12e8b_3285,11548.592
00e12e8b_3286,11548.592
00e12e8b_3287,11548.593
00e12e8b_3288,11548.593
00e12e8b_3289,11548.594
00e12e8b_3290,11548.594
00e12e8b_3291,11548.595
00e12e8b_3292,11548.596
00e12e8b_3293,11548.596
00e12e8b_3294,11548.596
00e12e8b_3295,11548.597
00e12e8b_3296,11548.597
00e12e8b_3297,11548.598
00e12e8b_3298,11548.598
00e12e8b_3299,11548.598
00e12e8b_3300,11548.598
00e12e8b_3301,11548.598
00e12e8b_3302,11548.599
00e12e8b_3303,11548.599
00e12e8b_3304,11548.599
00e12e8b_3305,11548.599
00e12e8b_3306,11548.598
00e12e8b_3307,11548.598
00e12e8b_3308,11548.598
00e12e8b_3309,11548.597
00e12e8b_3310,11548.597
00e12e8b_3311,11548.596
00e12e8b_3312,11548.595
00e12e8b_3313,11548.594
00e12e8b_3314,11548.593
00e12e8b_3315,11548.592
00e12e8b_3316,11548.591
00e12e8b_3317,11548.589
00e12e8b_3318,11548.588
00e12e8b_3319,11548.586
00e12e8b_3320,11548.584
00e12e8b_3321,11548.582
00e12e8b_3322,11548.579
00e12e8b_3323,11548.577
00e12e8b_3324,11548.574
00e12e8b_3325,11548.571
00e12e8b_3326,11548.567
00e12e8b_3327,11548.564
00e12e8b_3328,11548.561
00e12e8b_3329,11548.558
00e12e8b_3330,11548.553
00e12e8b_3331,11548.549
00e12e8b_3332,11548.545
00e12e8b_3333,11548.54
00e12e8b_3334,11548.535
00e12e8b_3335,11548.53
00e12e8b_3336,11548.525
00e12e8b_3337,11548.5205
00e12e8b_3338,11548.516
00e12e8b_3339,11548.51
00e12e8b_3340,11548.505
00e12e8b_3341,11548.499
00e12e8b_3342,11548.493
00e12e8b_3343,11548.487
00e12e8b_3344,11548.481
00e12e8b_3345,11548.475
00e12e8b_3346,11548.468
00e12e8b_3347,11548.462
00e12e8b_3348,11548.454
00e12e8b_3349,11548.447
00e12e8b_3350,11548.439
00e12e8b_3351,11548.432
00e12e8b_3352,11548.424
00e12e8b_3353,11548.416
00e12e8b_3354,11548.407
00e12e8b_3355,11548.399
00e12e8b_3356,11548.391
00e12e8b_3357,11548.381
00e12e8b_3358,11548.372
00e12e8b_3359,11548.362
00e12e8b_3360,11548.353
00e12e8b_3361,11548.343
00e12e8b_3362,11548.332
00e12e8b_3363,11548.321
00e12e8b_3364,11548.311
00e12e8b_3365,11548.3
00e12e8b_3366,11548.289
00e12e8b_3367,11548.277
00e12e8b_3368,11548.266
00e12e8b_3369,11548.254
00e12e8b_3370,11548.242
00e12e8b_3371,11548.2295
00e12e8b_3372,11548.218
00e12e8b_3373,11548.205
00e12e8b_3374,11548.192
00e12e8b_3375,11548.179
00e12e8b_3376,11548.166
00e12e8b_3377,11548.152
00e12e8b_3378,11548.139
00e12e8b_3379,11548.125
00e12e8b_3380,11548.111
00e12e8b_3381,11548.098
00e12e8b_3382,11548.083
00e12e8b_3383,11548.069
00e12e8b_3384,11548.055
00e12e8b_3385,11548.04
00e12e8b_3386,11548.025
00e12e8b_3387,11548.01
00e12e8b_3388,11547.995
00e12e8b_3389,11547.9795
00e12e8b_3390,11547.965
00e12e8b_3391,11547.949
00e12e8b_3392,11547.934
00e12e8b_3393,11547.918
00e12e8b_3394,11547.901
00e12e8b_3395,11547.886
00e12e8b_3396,11547.869
00e12e8b_3397,11547.854
00e12e8b_3398,11547.837
00e12e8b_3399,11547.82
00e12e8b_3400,11547.803
00e12e8b_3401,11547.786
00e12e8b_3402,11547.769
00e12e8b_3403,11547.752
00e12e8b_3404,11547.734
00e12e8b_3405,11547.717
00e12e8b_3406,11547.699
00e12e8b_3407,11547.681
00e12e8b_3408,11547.663
00e12e8b_3409,11547.6455
00e12e8b_3410,11547.627
00e12e8b_3411,11547.608
00e12e8b_3412,11547.591
00e12e8b_3413,11547.572
00e12e8b_3414,11547.554
00e12e8b_3415,11547.535
00e12e8b_3416,11547.517
00e12e8b_3417,11547.498
00e12e8b_3418,11547.4795
00e12e8b_3419,11547.46
00e12e8b_3420,11547.441
00e12e8b_3421,11547.423
00e12e8b_3422,11547.403
00e12e8b_3423,11547.384
00e12e8b_3424,11547.365
00e12e8b_3425,11547.346
00e12e8b_3426,11547.325
00e12e8b_3427,11547.306
00e12e8b_3428,11547.286
00e12e8b_3429,11547.266
00e12e8b_3430,11547.246
00e12e8b_3431,11547.226
00e12e8b_3432,11547.205
00e12e8b_3433,11547.185
00e12e8b_3434,11547.165
00e12e8b_3435,11547.145
00e12e8b_3436,11547.124
00e12e8b_3437,11547.104
00e12e8b_3438,11547.083
00e12e8b_3439,11547.0625
00e12e8b_3440,11547.042
00e12e8b_3441,11547.021
00e12e8b_3442,11547.001
00e12e8b_3443,11546.98
00e12e8b_3444,11546.961
00e12e8b_3445,11546.94
00e12e8b_3446,11546.92
00e12e8b_3447,11546.899
00e12e8b_3448,11546.88
00e12e8b_3449,11546.859
00e12e8b_3450,11546.839
00e12e8b_3451,11546.819
00e12e8b_3452,11546.8
00e12e8b_3453,11546.779
00e12e8b_3454,11546.76
00e12e8b_3455,11546.74
00e12e8b_3456,11546.721
00e12e8b_3457,11546.701
00e12e8b_3458,11546.682
00e12e8b_3459,11546.662
00e12e8b_3460,11546.644
00e12e8b_3461,11546.624
00e12e8b_3462,11546.605
00e12e8b_3463,11546.586
00e12e8b_3464,11546.567
00e12e8b_3465,11546.549
00e12e8b_3466,11546.53
00e12e8b_3467,11546.512
00e12e8b_3468,11546.493
00e12e8b_3469,11546.476
00e12e8b_3470,11546.457
00e12e8b_3471,11546.439
00e12e8b_3472,11546.422
00e12e8b_3473,11546.403
00e12e8b_3474,11546.386
00e12e8b_3475,11546.369
00e12e8b_3476,11546.352
00e12e8b_3477,11546.334
00e12e8b_3478,11546.317
00e12e8b_3479,11546.301
00e12e8b_3480,11546.283
00e12e8b_3481,11546.267
00e12e8b_3482,11546.251
00e12e8b_3483,11546.234
00e12e8b_3484,11546.218
00e12e8b_3485,11546.202
00e12e8b_3486,11546.187
00e12e8b_3487,11546.171
00e12e8b_3488,11546.155
00e12e8b_3489,11546.14
00e12e8b_3490,11546.125
00e12e8b_3491,11546.11
00e12e8b_3492,11546.096
00e12e8b_3493,11546.081
00e12e8b_3494,11546.066
00e12e8b_3495,11546.052
00e12e8b_3496,11546.038
00e12e8b_3497,11546.024
00e12e8b_3498,11546.011
00e12e8b_3499,11545.997
00e12e8b_3500,11545.984
00e12e8b_3501,11545.972
00e12e8b_3502,11545.959
00e12e8b_3503,11545.946
00e12e8b_3504,11545.934
00e12e8b_3505,11545.922
00e12e8b_3506,11545.91
00e12e8b_3507,11545.898
00e12e8b_3508,11545.887
00e12e8b_3509,11545.876
00e12e8b_3510,11545.864
00e12e8b_3511,11545.854
00e12e8b_3512,11545.844
00e12e8b_3513,11545.833
00e12e8b_3514,11545.823
00e12e8b_3515,11545.813
00e12e8b_3516,11545.804
00e12e8b_3517,11545.794
00e12e8b_3518,11545.785
00e12e8b_3519,11545.776
00e12e8b_3520,11545.769
00e12e8b_3521,11545.76
00e12e8b_3522,11545.752
00e12e8b_3523,11545.744
00e12e8b_3524,11545.736
00e12e8b_3525,11545.7295
00e12e8b_3526,11545.723
00e12e8b_3527,11545.716
00e12e8b_3528,11545.71
00e12e8b_3529,11545.704
00e12e8b_3530,11545.698
00e12e8b_3531,11545.692
00e12e8b_3532,11545.6875
00e12e8b_3533,11545.683
00e12e8b_3534,11545.678
00e12e8b_3535,11545.674
00e12e8b_3536,11545.669
00e12e8b_3537,11545.666
00e12e8b_3538,11545.662
00e12e8b_3539,11545.659
00e12e8b_3540,11545.656
00e12e8b_3541,11545.654
00e12e8b_3542,11545.651
00e12e8b_3543,11545.649
00e12e8b_3544,11545.648
00e12e8b_3545,11545.647
00e12e8b_3546,11545.646
00e12e8b_3547,11545.6455
00e12e8b_3548,11545.6455
00e12e8b_3549,11545.6455
00e12e8b_3550,11545.6455
00e12e8b_3551,11545.6455
00e12e8b_3552,11545.646
00e12e8b_3553,11545.647
00e12e8b_3554,11545.648
00e12e8b_3555,11545.649
00e12e8b_3556,11545.651
00e12e8b_3557,11545.652
00e12e8b_3558,11545.654
00e12e8b_3559,11545.656
00e12e8b_3560,11545.659
00e12e8b_3561,11545.661
00e12e8b_3562,11545.663
00e12e8b_3563,11545.666
00e12e8b_3564,11545.669
00e12e8b_3565,11545.672
00e12e8b_3566,11545.675
00e12e8b_3567,11545.678
00e12e8b_3568,11545.682
00e12e8b_3569,11545.686
00e12e8b_3570,11545.688
00e12e8b_3571,11545.692
00e12e8b_3572,11545.696
00e12e8b_3573,11545.7
00e12e8b_3574,11545.705
00e12e8b_3575,11545.709
00e12e8b_3576,11545.714
00e12e8b_3577,11545.718
00e12e8b_3578,11545.723
00e12e8b_3579,11545.728
00e12e8b_3580,11545.732
00e12e8b_3581,11545.737
00e12e8b_3582,11545.742
00e12e8b_3583,11545.748
00e12e8b_3584,11545.753
00e12e8b_3585,11545.758
00e12e8b_3586,11545.764
00e12e8b_3587,11545.77
00e12e8b_3588,11545.775
00e12e8b_3589,11545.78
00e12e8b_3590,11545.786
00e12e8b_3591,11545.792
00e12e8b_3592,11545.798
00e12e8b_3593,11545.804
00e12e8b_3594,11545.81
00e12e8b_3595,11545.815
00e12e8b_3596,11545.821
00e12e8b_3597,11545.827
00e12e8b_3598,11545.833
00e12e8b_3599,11545.839
00e12e8b_3600,11545.845
00e12e8b_3601,11545.851
00e12e8b_3602,11545.856
00e12e8b_3603,11545.862
00e12e8b_3604,11545.867
00e12e8b_3605,11545.873
00e12e8b_3606,11545.879
00e12e8b_3607,11545.885
00e12e8b_3608,11545.891
00e12e8b_3609,11545.896
00e12e8b_3610,11545.901
00e12e8b_3611,11545.907
00e12e8b_3612,11545.913
00e12e8b_3613,11545.919
00e12e8b_3614,11545.924
00e12e8b_3615,11545.93
00e12e8b_3616,11545.935
00e12e8b_3617,11545.94
00e12e8b_3618,11545.945
00e12e8b_3619,11545.951
00e12e8b_3620,11545.956
00e12e8b_3621,11545.961
00e12e8b_3622,11545.967
00e12e8b_3623,11545.972
00e12e8b_3624,11545.977
00e12e8b_3625,11545.981
00e12e8b_3626,11545.986
00e12e8b_3627,11545.991
00e12e8b_3628,11545.996
00e12e8b_3629,11546.001
00e12e8b_3630,11546.006
00e12e8b_3631,11546.011
00e12e8b_3632,11546.016
00e12e8b_3633,11546.0205
00e12e8b_3634,11546.025
00e12e8b_3635,11546.029
00e12e8b_3636,11546.034
00e12e8b_3637,11546.038
00e12e8b_3638,11546.043
00e12e8b_3639,11546.047
00e12e8b_3640,11546.051
00e12e8b_3641,11546.054
00e12e8b_3642,11546.058
00e12e8b_3643,11546.062
00e12e8b_3644,11546.064
00e12e8b_3645,11546.067
00e12e8b_3646,11546.07
00e12e8b_3647,11546.073
00e12e8b_3648,11546.076
00e12e8b_3649,11546.079
00e12e8b_3650,11546.081
00e12e8b_3651,11546.083
00e12e8b_3652,11546.086
00e12e8b_3653,11546.088
00e12e8b_3654,11546.09
00e12e8b_3655,11546.092
00e12e8b_3656,11546.093
00e12e8b_3657,11546.095
00e12e8b_3658,11546.096
00e12e8b_3659,11546.098
00e12e8b_3660,11546.099
00e12e8b_3661,11546.1
00e12e8b_3662,11546.101
00e12e8b_3663,11546.102
00e12e8b_3664,11546.103
00e12e8b_3665,11546.103
00e12e8b_3666,11546.104
00e12e8b_3667,11546.104
00e12e8b_3668,11546.1045
00e12e8b_3669,11546.1045
00e12e8b_3670,11546.1045
00e12e8b_3671,11546.1045
00e12e8b_3672,11546.104
00e12e8b_3673,11546.104
00e12e8b_3674,11546.103
00e12e8b_3675,11546.102
00e12e8b_3676,11546.101
00e12e8b_3677,11546.1
00e12e8b_3678,11546.099
00e12e8b_3679,11546.097
00e12e8b_3680,11546.095
00e12e8b_3681,11546.094
00e12e8b_3682,11546.092
00e12e8b_3683,11546.089
00e12e8b_3684,11546.087
00e12e8b_3685,11546.084
00e12e8b_3686,11546.082
00e12e8b_3687,11546.079
00e12e8b_3688,11546.076
00e12e8b_3689,11546.072
00e12e8b_3690,11546.069
00e12e8b_3691,11546.065
00e12e8b_3692,11546.062
00e12e8b_3693,11546.059
00e12e8b_3694,11546.054
00e12e8b_3695,11546.05
00e12e8b_3696,11546.046
00e12e8b_3697,11546.041
00e12e8b_3698,11546.037
00e12e8b_3699,11546.032
00e12e8b_3700,11546.027
00e12e8b_3701,11546.022
00e12e8b_3702,11546.019
00e12e8b_3703,11546.014
00e12e8b_3704,11546.009
00e12e8b_3705,11546.004
00e12e8b_3706,11545.999
00e12e8b_3707,11545.993
00e12e8b_3708,11545.988
00e12e8b_3709,11545.983
00e12e8b_3710,11545.979
00e12e8b_3711,11545.973
00e12e8b_3712,11545.968
00e12e8b_3713,11545.962
00e12e8b_3714,11545.956
00e12e8b_3715,11545.951
00e12e8b_3716,11545.945
00e12e8b_3717,11545.939
00e12e8b_3718,11545.934
00e12e8b_3719,11545.928
00e12e8b_3720,11545.922
00e12e8b_3721,11545.916
00e12e8b_3722,11545.91
00e12e8b_3723,11545.904
00e12e8b_3724,11545.897
00e12e8b_3725,11545.892
00e12e8b_3726,11545.885
00e12e8b_3727,11545.879
00e12e8b_3728,11545.872
00e12e8b_3729,11545.865
00e12e8b_3730,11545.858
00e12e8b_3731,11545.852
00e12e8b_3732,11545.846
00e12e8b_3733,11545.839
00e12e8b_3734,11545.832
00e12e8b_3735,11545.825
00e12e8b_3736,11545.818
00e12e8b_3737,11545.812
00e12e8b_3738,11545.805
00e12e8b_3739,11545.797
00e12e8b_3740,11545.79
00e12e8b_3741,11545.783
00e12e8b_3742,11545.775
00e12e8b_3743,11545.769
00e12e8b_3744,11545.761
00e12e8b_3745,11545.754
00e12e8b_3746,11545.746
00e12e8b_3747,11545.739
00e12e8b_3748,11545.731
00e12e8b_3749,11545.724
00e12e8b_3750,11545.717
00e12e8b_3751,11545.709
00e12e8b_3752,11545.701
00e12e8b_3753,11545.693
00e12e8b_3754,11545.686
00e12e8b_3755,11545.678
00e12e8b_3756,11545.67
00e12e8b_3757,11545.662
00e12e8b_3758,11545.654
00e12e8b_3759,11545.646
00e12e8b_3760,11545.639
00e12e8b_3761,11545.632
00e12e8b_3762,11545.624
00e12e8b_3763,11545.616
00e12e8b_3764,11545.608
00e12e8b_3765,11545.601
00e12e8b_3766,11545.593
00e12e8b_3767,11545.585
00e12e8b_3768,11545.577
00e12e8b_3769,11545.569
00e12e8b_3770,11545.562
00e12e8b_3771,11545.554
00e12e8b_3772,11545.546
00e12e8b_3773,11545.538
00e12e8b_3774,11545.53
00e12e8b_3775,11545.523
00e12e8b_3776,11545.516
00e12e8b_3777,11545.508
00e12e8b_3778,11545.5
00e12e8b_3779,11545.493
00e12e8b_3780,11545.485
00e12e8b_3781,11545.479
00e12e8b_3782,11545.471
00e12e8b_3783,11545.464
00e12e8b_3784,11545.457
00e12e8b_3785,11545.449
00e12e8b_3786,11545.442
00e12e8b_3787,11545.436
00e12e8b_3788,11545.43
00e12e8b_3789,11545.423
00e12e8b_3790,11545.416
00e12e8b_3791,11545.41
00e12e8b_3792,11545.403
00e12e8b_3793,11545.397
00e12e8b_3794,11545.392
00e12e8b_3795,11545.386
00e12e8b_3796,11545.38
00e12e8b_3797,11545.374
00e12e8b_3798,11545.368
00e12e8b_3799,11545.362
00e12e8b_3800,11545.357
00e12e8b_3801,11545.352
00e12e8b_3802,11545.347
00e12e8b_3803,11545.342
00e12e8b_3804,11545.337
00e12e8b_3805,11545.332
00e12e8b_3806,11545.327
00e12e8b_3807,11545.322
00e12e8b_3808,11545.317
00e12e8b_3809,11545.313
00e12e8b_3810,11545.31
00e12e8b_3811,11545.305
00e12e8b_3812,11545.301
00e12e8b_3813,11545.297
00e12e8b_3814,11545.293
00e12e8b_3815,11545.289
00e12e8b_3816,11545.285
00e12e8b_3817,11545.282
00e12e8b_3818,11545.278
00e12e8b_3819,11545.275
00e12e8b_3820,11545.272
00e12e8b_3821,11545.269
00e12e8b_3822,11545.266
00e12e8b_3823,11545.263
00e12e8b_3824,11545.26
00e12e8b_3825,11545.258
00e12e8b_3826,11545.255
00e12e8b_3827,11545.252
00e12e8b_3828,11545.25
00e12e8b_3829,11545.247
00e12e8b_3830,11545.245
00e12e8b_3831,11545.243
00e12e8b_3832,11545.241
00e12e8b_3833,11545.239
00e12e8b_3834,11545.237
00e12e8b_3835,11545.236
00e12e8b_3836,11545.235
00e12e8b_3837,11545.233
00e12e8b_3838,11545.232
00e12e8b_3839,11545.232
00e12e8b_3840,11545.231
00e12e8b_3841,11545.231
00e12e8b_3842,11545.231
00e12e8b_3843,11545.231
00e12e8b_3844,11545.231
00e12e8b_3845,11545.232
00e12e8b_3846,11545.233
00e12e8b_3847,11545.234
00e12e8b_3848,11545.235
00e12e8b_3849,11545.237
00e12e8b_3850,11545.238
00e12e8b_3851,11545.24
00e12e8b_3852,11545.243
00e12e8b_3853,11545.245
00e12e8b_3854,11545.248
00e12e8b_3855,11545.251
00e12e8b_3856,11545.254
00e12e8b_3857,11545.257
00e12e8b_3858,11545.261
00e12e8b_3859,11545.264
00e12e8b_3860,11545.268
00e12e8b_3861,11545.271
00e12e8b_3862,11545.276
00e12e8b_3863,11545.28
00e12e8b_3864,11545.285
00e12e8b_3865,11545.29
00e12e8b_3866,11545.295
00e12e8b_3867,11545.3
00e12e8b_3868,11545.305
00e12e8b_3869,11545.311
00e12e8b_3870,11545.315
00e12e8b_3871,11545.321
00e12e8b_3872,11545.327
00e12e8b_3873,11545.333
00e12e8b_3874,11545.339
00e12e8b_3875,11545.345
00e12e8b_3876,11545.351
00e12e8b_3877,11545.356
00e12e8b_3878,11545.362
00e12e8b_3879,11545.369
00e12e8b_3880,11545.375
00e12e8b_3881,11545.382
00e12e8b_3882,11545.388
00e12e8b_3883,11545.395
00e12e8b_3884,11545.4
00e12e8b_3885,11545.407
00e12e8b_3886,11545.413
00e12e8b_3887,11545.42
00e12e8b_3888,11545.427
00e12e8b_3889,11545.433
00e12e8b_3890,11545.439
00e12e8b_3891,11545.446
00e12e8b_3892,11545.453
00e12e8b_3893,11545.46
00e12e8b_3894,11545.466
00e12e8b_3895,11545.473
00e12e8b_3896,11545.4795
00e12e8b_3897,11545.486
00e12e8b_3898,11545.493
00e12e8b_3899,11545.5
00e12e8b_3900,11545.507
00e12e8b_3901,11545.513
00e12e8b_3902,11545.52
00e12e8b_3903,11545.526
00e12e8b_3904,11545.532
00e12e8b_3905,11545.539
00e12e8b_3906,11545.545
00e12e8b_3907,11545.551
00e12e8b_3908,11545.557
00e12e8b_3909,11545.5625
00e12e8b_3910,11545.568
00e12e8b_3911,11545.574
00e12e8b_3912,11545.58
00e12e8b_3913,11545.585
00e12e8b_3914,11545.591
00e12e8b_3915,11545.596
00e12e8b_3916,11545.601
00e12e8b_3917,11545.605
00e12e8b_3918,11545.609
00e12e8b_3919,11545.614
00e12e8b_3920,11545.618
00e12e8b_3921,11545.622
00e12e8b_3922,11545.626
00e12e8b_3923,11545.63
00e12e8b_3924,11545.634
00e12e8b_3925,11545.637
00e12e8b_3926,11545.64
00e12e8b_3927,11545.643
00e12e8b_3928,11545.6455
00e12e8b_3929,11545.647
00e12e8b_3930,11545.649
00e12e8b_3931,11545.651
00e12e8b_3932,11545.653
00e12e8b_3933,11545.654
00e12e8b_3934,11545.655
00e12e8b_3935,11545.655
00e12e8b_3936,11545.656
00e12e8b_3937,11545.655
00e12e8b_3938,11545.655
00e12e8b_3939,11545.654
00e12e8b_3940,11545.653
00e12e8b_3941,11545.652
00e12e8b_3942,11545.65
00e12e8b_3943,11545.648
00e12e8b_3944,11545.646
00e12e8b_3945,11545.644
00e12e8b_3946,11545.64
00e12e8b_3947,11545.637
00e12e8b_3948,11545.633
00e12e8b_3949,11545.628
00e12e8b_3950,11545.624
00e12e8b_3951,11545.618
00e12e8b_3952,11545.613
00e12e8b_3953,11545.607
00e12e8b_3954,11545.601
00e12e8b_3955,11545.595
00e12e8b_3956,11545.587
00e12e8b_3957,11545.58
00e12e8b_3958,11545.571
00e12e8b_3959,11545.563
00e12e8b_3960,11545.555
00e12e8b_3961,11545.546
00e12e8b_3962,11545.536
00e12e8b_3963,11545.526
00e12e8b_3964,11545.516
00e12e8b_3965,11545.505
00e12e8b_3966,11545.493
00e12e8b_3967,11545.481
00e12e8b_3968,11545.47
00e12e8b_3969,11545.457
00e12e8b_3970,11545.444
00e12e8b_3971,11545.431
00e12e8b_3972,11545.417
00e12e8b_3973,11545.403
00e12e8b_3974,11545.389
00e12e8b_3975,11545.374
00e12e8b_3976,11545.358
00e12e8b_3977,11545.344
00e12e8b_3978,11545.327
00e12e8b_3979,11545.312
00e12e8b_3980,11545.295
00e12e8b_3981,11545.278
00e12e8b_3982,11545.262
00e12e8b_3983,11545.244
00e12e8b_3984,11545.227
00e12e8b_3985,11545.208
00e12e8b_3986,11545.189
00e12e8b_3987,11545.171
00e12e8b_3988,11545.152
00e12e8b_3989,11545.133
00e12e8b_3990,11545.113
00e12e8b_3991,11545.094
00e12e8b_3992,11545.073
00e12e8b_3993,11545.053
00e12e8b_3994,11545.032
00e12e8b_3995,11545.012
00e12e8b_3996,11544.99
00e12e8b_3997,11544.969
00e12e8b_3998,11544.947
00e12e8b_3999,11544.925
00e12e8b_4000,11544.902
00e12e8b_4001,11544.88
00e12e8b_4002,11544.857
00e12e8b_4003,11544.834
00e12e8b_4004,11544.811
00e12e8b_4005,11544.787
00e12e8b_4006,11544.764
00e12e8b_4007,11544.739
00e12e8b_4008,11544.715
00e12e8b_4009,11544.69
00e12e8b_4010,11544.666
00e12e8b_4011,11544.641
00e12e8b_4012,11544.615
00e12e8b_4013,11544.59
00e12e8b_4014,11544.564
00e12e8b_4015,11544.539
00e12e8b_4016,11544.513
00e12e8b_4017,11544.486
00e12e8b_4018,11544.46
00e12e8b_4019,11544.433
00e12e8b_4020,11544.406
00e12e8b_4021,11544.379
00e12e8b_4022,11544.352
00e12e8b_4023,11544.324
00e12e8b_4024,11544.297
00e12e8b_4025,11544.27
00e12e8b_4026,11544.242
00e12e8b_4027,11544.215
00e12e8b_4028,11544.187
00e12e8b_4029,11544.159
00e12e8b_4030,11544.131
00e12e8b_4031,11544.104
00e12e8b_4032,11544.076
00e12e8b_4033,11544.048
00e12e8b_4034,11544.0205
00e12e8b_4035,11543.992
00e12e8b_4036,11543.964
00e12e8b_4037,11543.937
00e12e8b_4038,11543.908
00e12e8b_4039,11543.88
00e12e8b_4040,11543.853
00e12e8b_4041,11543.824
00e12e8b_4042,11543.796
00e12e8b_4043,11543.768
00e12e8b_4044,11543.739
00e12e8b_4045,11543.711
00e12e8b_4046,11543.684
00e12e8b_4047,11543.655
00e12e8b_4048,11543.627
00e12e8b_4049,11543.599
00e12e8b_4050,11543.57
00e12e8b_4051,11543.543
00e12e8b_4052,11543.515
00e12e8b_4053,11543.487
00e12e8b_4054,11543.459
00e12e8b_4055,11543.432
00e12e8b_4056,11543.404
00e12e8b_4057,11543.377
00e12e8b_4058,11543.349
00e12e8b_4059,11543.321
00e12e8b_4060,11543.294
00e12e8b_4061,11543.268
00e12e8b_4062,11543.24
00e12e8b_4063,11543.213
00e12e8b_4064,11543.187
00e12e8b_4065,11543.159
00e12e8b_4066,11543.133
00e12e8b_4067,11543.106
00e12e8b_4068,11543.08
00e12e8b_4069,11543.054
00e12e8b_4070,11543.028
00e12e8b_4071,11543.002
00e12e8b_4072,11542.977
00e12e8b_4073,11542.951
00e12e8b_4074,11542.926
00e12e8b_4075,11542.9
00e12e8b_4076,11542.875
00e12e8b_4077,11542.851
00e12e8b_4078,11542.826
00e12e8b_4079,11542.802
00e12e8b_4080,11542.777
00e12e8b_4081,11542.753
00e12e8b_4082,11542.7295
00e12e8b_4083,11542.706
00e12e8b_4084,11542.683
00e12e8b_4085,11542.659
00e12e8b_4086,11542.637
00e12e8b_4087,11542.613
00e12e8b_4088,11542.591
00e12e8b_4089,11542.568
00e12e8b_4090,11542.546
00e12e8b_4091,11542.523
00e12e8b_4092,11542.502
00e12e8b_4093,11542.48
00e12e8b_4094,11542.459
00e12e8b_4095,11542.4375
00e12e8b_4096,11542.416
00e12e8b_4097,11542.3955
00e12e8b_4098,11542.375
00e12e8b_4099,11542.3545
00e12e8b_4100,11542.334
00e12e8b_4101,11542.314
00e12e8b_4102,11542.295
00e12e8b_4103,11542.275
00e12e8b_4104,11542.256
00e12e8b_4105,11542.237
00e12e8b_4106,11542.218
00e12e8b_4107,11542.199
00e12e8b_4108,11542.182
00e12e8b_4109,11542.163
00e12e8b_4110,11542.1455
00e12e8b_4111,11542.129
00e12e8b_4112,11542.111
00e12e8b_4113,11542.095
00e12e8b_4114,11542.078
00e12e8b_4115,11542.0625
00e12e8b_4116,11542.046
00e12e8b_4117,11542.03
00e12e8b_4118,11542.016
00e12e8b_4119,11542.001
00e12e8b_4120,11541.986
00e12e8b_4121,11541.972
00e12e8b_4122,11541.958
00e12e8b_4123,11541.944
00e12e8b_4124,11541.932
00e12e8b_4125,11541.919
00e12e8b_4126,11541.906
00e12e8b_4127,11541.895
00e12e8b_4128,11541.882
00e12e8b_4129,11541.871
00e12e8b_4130,11541.86
00e12e8b_4131,11541.85
00e12e8b_4132,11541.839
00e12e8b_4133,11541.829
00e12e8b_4134,11541.82
00e12e8b_4135,11541.811
00e12e8b_4136,11541.802
00e12e8b_4137,11541.793
00e12e8b_4138,11541.785
00e12e8b_4139,11541.777
00e12e8b_4140,11541.77
00e12e8b_4141,11541.762
00e12e8b_4142,11541.755
00e12e8b_4143,11541.748
00e12e8b_4144,11541.741
00e12e8b_4145,11541.734
00e12e8b_4146,11541.728
00e12e8b_4147,11541.722
00e12e8b_4148,11541.716
00e12e8b_4149,11541.71
00e12e8b_4150,11541.704
00e12e8b_4151,11541.699
00e12e8b_4152,11541.693
00e12e8b_4153,11541.688
00e12e8b_4154,11541.684
00e12e8b_4155,11541.679
00e12e8b_4156,11541.674
00e12e8b_4157,11541.67
00e12e8b_4158,11541.665
00e12e8b_4159,11541.661
00e12e8b_4160,11541.657
00e12e8b_4161,11541.653
00e12e8b_4162,11541.649
00e12e8b_4163,11541.6455
00e12e8b_4164,11541.643
00e12e8b_4165,11541.64
00e12e8b_4166,11541.636
00e12e8b_4167,11541.634
00e12e8b_4168,11541.631
00e12e8b_4169,11541.628
00e12e8b_4170,11541.625
00e12e8b_4171,11541.623
00e12e8b_4172,11541.621
00e12e8b_4173,11541.619
00e12e8b_4174,11541.617
00e12e8b_4175,11541.615
00e12e8b_4176,11541.613
00e12e8b_4177,11541.611
00e12e8b_4178,11541.61
00e12e8b_4179,11541.608
00e12e8b_4180,11541.607
00e12e8b_4181,11541.606
00e12e8b_4182,11541.605
00e12e8b_4183,11541.6045
00e12e8b_4184,11541.6045
00e12e8b_4185,11541.6045
00e12e8b_4186,11541.604
00e12e8b_4187,11541.604
00e12e8b_4188,11541.604
00e12e8b_4189,11541.604
00e12e8b_4190,11541.604
00e12e8b_4191,11541.604
00e12e8b_4192,11541.6045
00e12e8b_4193,11541.6045
00e12e8b_4194,11541.6045
00e12e8b_4195,11541.605
00e12e8b_4196,11541.606
00e12e8b_4197,11541.607
00e12e8b_4198,11541.608
00e12e8b_4199,11541.608
00e12e8b_4200,11541.61
00e12e8b_4201,11541.611
00e12e8b_4202,11541.612
00e12e8b_4203,11541.613
00e12e8b_4204,11541.615
00e12e8b_4205,11541.616
00e12e8b_4206,11541.618
00e12e8b_4207,11541.619
00e12e8b_4208,11541.621
00e12e8b_4209,11541.623
00e12e8b_4210,11541.625
00e12e8b_4211,11541.626
00e12e8b_4212,11541.628
00e12e8b_4213,11541.63
00e12e8b_4214,11541.632
00e12e8b_4215,11541.634
00e12e8b_4216,11541.636
00e12e8b_4217,11541.638
00e12e8b_4218,11541.64
00e12e8b_4219,11541.642
00e12e8b_4220,11541.644
00e12e8b_4221,11541.6455
00e12e8b_4222,11541.648
00e12e8b_4223,11541.65
00e12e8b_4224,11541.652
00e12e8b_4225,11541.654
00e12e8b_4226,11541.656
00e12e8b_4227,11541.658
00e12e8b_4228,11541.661
00e12e8b_4229,11541.663
00e12e8b_4230,11541.665
00e12e8b_4231,11541.667
00e12e8b_4232,11541.669
00e12e8b_4233,11541.671
00e12e8b_4234,11541.672
00e12e8b_4235,11541.674
00e12e8b_4236,11541.676
00e12e8b_4237,11541.678
00e12e8b_4238,11541.679
00e12e8b_4239,11541.681
00e12e8b_4240,11541.682
00e12e8b_4241,11541.684
00e12e8b_4242,11541.685
00e12e8b_4243,11541.687
00e12e8b_4244,11541.6875
00e12e8b_4245,11541.688
00e12e8b_4246,11541.69
00e12e8b_4247,11541.691
00e12e8b_4248,11541.692
00e12e8b_4249,11541.693
00e12e8b_4250,11541.694
00e12e8b_4251,11541.696
00e12e8b_4252,11541.697
00e12e8b_4253,11541.698
00e12e8b_4254,11541.699
00e12e8b_4255,11541.7
00e12e8b_4256,11541.702
00e12e8b_4257,11541.703
00e12e8b_4258,11541.704
00e12e8b_4259,11541.706
00e12e8b_4260,11541.707
00e12e8b_4261,11541.709
00e12e8b_4262,11541.71
00e12e8b_4263,11541.712
00e12e8b_4264,11541.714
00e12e8b_4265,11541.715
00e12e8b_4266,11541.717
00e12e8b_4267,11541.719
00e12e8b_4268,11541.72
00e12e8b_4269,11541.722
00e12e8b_4270,11541.724
00e12e8b_4271,11541.726
00e12e8b_4272,11541.728
00e12e8b_4273,11541.7295
00e12e8b_4274,11541.732
00e12e8b_4275,11541.734
00e12e8b_4276,11541.737
00e12e8b_4277,11541.739
00e12e8b_4278,11541.742
00e12e8b_4279,11541.745
00e12e8b_4280,11541.747
00e12e8b_4281,11541.75
00e12e8b_4282,11541.753
00e12e8b_4283,11541.756
00e12e8b_4284,11541.759
00e12e8b_4285,11541.763
00e12e8b_4286,11541.766
00e12e8b_4287,11541.769
00e12e8b_4288,11541.771
00e12e8b_4289,11541.775
00e12e8b_4290,11541.778
00e12e8b_4291,11541.781
00e12e8b_4292,11541.785
00e12e8b_4293,11541.788
00e12e8b_4294,11541.792
00e12e8b_4295,11541.796
00e12e8b_4296,11541.8
00e12e8b_4297,11541.803
00e12e8b_4298,11541.807
00e12e8b_4299,11541.811
00e12e8b_4300,11541.814
00e12e8b_4301,11541.818
00e12e8b_4302,11541.822
00e12e8b_4303,11541.827
00e12e8b_4304,11541.831
00e12e8b_4305,11541.835
00e12e8b_4306,11541.839
00e12e8b_4307,11541.844
00e12e8b_4308,11541.848
00e12e8b_4309,11541.853
00e12e8b_4310,11541.856
00e12e8b_4311,11541.86
00e12e8b_4312,11541.865
00e12e8b_4313,11541.869
00e12e8b_4314,11541.874
00e12e8b_4315,11541.878
00e12e8b_4316,11541.883
00e12e8b_4317,11541.887
00e12e8b_4318,11541.892
00e12e8b_4319,11541.8955
00e12e8b_4320,11541.9
00e12e8b_4321,11541.904
00e12e8b_4322,11541.908
00e12e8b_4323,11541.913
00e12e8b_4324,11541.917
00e12e8b_4325,11541.921
00e12e8b_4326,11541.926
00e12e8b_4327,11541.93
00e12e8b_4328,11541.934
00e12e8b_4329,11541.9375
00e12e8b_4330,11541.941
00e12e8b_4331,11541.945
00e12e8b_4332,11541.949
00e12e8b_4333,11541.953
00e12e8b_4334,11541.956
00e12e8b_4335,11541.96
00e12e8b_4336,11541.963
00e12e8b_4337,11541.967
00e12e8b_4338,11541.97
00e12e8b_4339,11541.973
00e12e8b_4340,11541.976
00e12e8b_4341,11541.9795
00e12e8b_4342,11541.982
00e12e8b_4343,11541.985
00e12e8b_4344,11541.988
00e12e8b_4345,11541.991
00e12e8b_4346,11541.993
00e12e8b_4347,11541.996
00e12e8b_4348,11541.999
00e12e8b_4349,11542.001
00e12e8b_4350,11542.004
00e12e8b_4351,11542.006
00e12e8b_4352,11542.008
00e12e8b_4353,11542.01
00e12e8b_4354,11542.012
00e12e8b_4355,11542.014
00e12e8b_4356,11542.015
00e12e8b_4357,11542.017
00e12e8b_4358,11542.018
00e12e8b_4359,11542.019
00e12e8b_4360,11542.02
00e12e8b_4361,11542.0205
00e12e8b_4362,11542.021
00e12e8b_4363,11542.021
00e12e8b_4364,11542.021
00e12e8b_4365,11542.021
00e12e8b_4366,11542.021
00e12e8b_4367,11542.021
00e12e8b_4368,11542.021
00e12e8b_4369,11542.0205
00e12e8b_4370,11542.02
00e12e8b_4371,11542.019
00e12e8b_4372,11542.018
00e12e8b_4373,11542.017
00e12e8b_4374,11542.016
00e12e8b_4375,11542.014
00e12e8b_4376,11542.012
00e12e8b_4377,11542.01
00e12e8b_4378,11542.008
00e12e8b_4379,11542.006
00e12e8b_4380,11542.003
00e12e8b_4381,11542.001
00e12e8b_4382,11541.998
00e12e8b_4383,11541.995
00e12e8b_4384,11541.992
00e12e8b_4385,11541.988
00e12e8b_4386,11541.985
00e12e8b_4387,11541.981
00e12e8b_4388,11541.978
00e12e8b_4389,11541.975
00e12e8b_4390,11541.97
00e12e8b_4391,11541.966
00e12e8b_4392,11541.962
00e12e8b_4393,11541.957
00e12e8b_4394,11541.953
00e12e8b_4395,11541.948
00e12e8b_4396,11541.943
00e12e8b_4397,11541.938
00e12e8b_4398,11541.934
00e12e8b_4399,11541.928
00e12e8b_4400,11541.923
00e12e8b_4401,11541.917
00e12e8b_4402,11541.912
00e12e8b_4403,11541.906
00e12e8b_4404,11541.9
00e12e8b_4405,11541.895
00e12e8b_4406,11541.889
00e12e8b_4407,11541.882
00e12e8b_4408,11541.876
00e12e8b_4409,11541.869
00e12e8b_4410,11541.863
00e12e8b_4411,11541.856
00e12e8b_4412,11541.85
00e12e8b_4413,11541.843
00e12e8b_4414,11541.836
00e12e8b_4415,11541.828
00e12e8b_4416,11541.821
00e12e8b_4417,11541.813
00e12e8b_4418,11541.806
00e12e8b_4419,11541.798
00e12e8b_4420,11541.79
00e12e8b_4421,11541.781
00e12e8b_4422,11541.773
00e12e8b_4423,11541.765
00e12e8b_4424,11541.756
00e12e8b_4425,11541.747
00e12e8b_4426,11541.737
00e12e8b_4427,11541.729
00e12e8b_4428,11541.72
00e12e8b_4429,11541.71
00e12e8b_4430,11541.7
00e12e8b_4431,11541.69
00e12e8b_4432,11541.681
00e12e8b_4433,11541.671
00e12e8b_4434,11541.661
00e12e8b_4435,11541.65
00e12e8b_4436,11541.641
00e12e8b_4437,11541.63
00e12e8b_4438,11541.619
00e12e8b_4439,11541.609
00e12e8b_4440,11541.599
00e12e8b_4441,11541.587
00e12e8b_4442,11541.576
00e12e8b_4443,11541.565
00e12e8b_4444,11541.555
00e12e8b_4445,11541.543
00e12e8b_4446,11541.532
00e12e8b_4447,11541.521
00e12e8b_4448,11541.511
00e12e8b_4449,11541.5
00e12e8b_4450,11541.489
00e12e8b_4451,11541.479
00e12e8b_4452,11541.468
00e12e8b_4453,11541.457
00e12e8b_4454,11541.446
00e12e8b_4455,11541.435
00e12e8b_4456,11541.425
00e12e8b_4457,11541.414
00e12e8b_4458,11541.403
00e12e8b_4459,11541.393
00e12e8b_4460,11541.382
00e12e8b_4461,11541.371
00e12e8b_4462,11541.36
00e12e8b_4463,11541.35
00e12e8b_4464,11541.339
00e12e8b_4465,11541.329
00e12e8b_4466,11541.318
00e12e8b_4467,11541.308
00e12e8b_4468,11541.297
00e12e8b_4469,11541.287
00e12e8b_4470,11541.276
00e12e8b_4471,11541.267
00e12e8b_4472,11541.256
00e12e8b_4473,11541.246
00e12e8b_4474,11541.236
00e12e8b_4475,11541.227
00e12e8b_4476,11541.217
00e12e8b_4477,11541.207
00e12e8b_4478,11541.198
00e12e8b_4479,11541.188
00e12e8b_4480,11541.18
00e12e8b_4481,11541.17
00e12e8b_4482,11541.161
00e12e8b_4483,11541.152
00e12e8b_4484,11541.144
00e12e8b_4485,11541.135
00e12e8b_4486,11541.126
00e12e8b_4487,11541.117
00e12e8b_4488,11541.109
00e12e8b_4489,11541.101
00e12e8b_4490,11541.093
00e12e8b_4491,11541.085
00e12e8b_4492,11541.077
00e12e8b_4493,11541.069
00e12e8b_4494,11541.062
00e12e8b_4495,11541.054
00e12e8b_4496,11541.047
00e12e8b_4497,11541.039
00e12e8b_4498,11541.032
00e12e8b_4499,11541.025
00e12e8b_4500,11541.019
00e12e8b_4501,11541.012
00e12e8b_4502,11541.005
00e12e8b_4503,11540.998
00e12e8b_4504,11540.991
00e12e8b_4505,11540.985
00e12e8b_4506,11540.9795
00e12e8b_4507,11540.973
00e12e8b_4508,11540.968
00e12e8b_4509,11540.962
00e12e8b_4510,11540.956
00e12e8b_4511,11540.951
00e12e8b_4512,11540.945
00e12e8b_4513,11540.94
00e12e8b_4514,11540.936
00e12e8b_4515,11540.931
00e12e8b_4516,11540.926
00e12e8b_4517,11540.922
00e12e8b_4518,11540.917
00e12e8b_4519,11540.913
00e12e8b_4520,11540.909
00e12e8b_4521,11540.905
00e12e8b_4522,11540.901
00e12e8b_4523,11540.898
00e12e8b_4524,11540.895
00e12e8b_4525,11540.892
00e12e8b_4526,11540.888
00e12e8b_4527,11540.885
00e12e8b_4528,11540.883
00e12e8b_4529,11540.88
00e12e8b_4530,11540.877
00e12e8b_4531,11540.875
00e12e8b_4532,11540.872
00e12e8b_4533,11540.87
00e12e8b_4534,11540.868
00e12e8b_4535,11540.866
00e12e8b_4536,11540.865
00e12e8b_4537,11540.863
00e12e8b_4538,11540.862
00e12e8b_4539,11540.861
00e12e8b_4540,11540.86
00e12e8b_4541,11540.86
00e12e8b_4542,11540.859
00e12e8b_4543,11540.859
00e12e8b_4544,11540.859
00e12e8b_4545,11540.859
00e12e8b_4546,11540.859
00e12e8b_4547,11540.859
00e12e8b_4548,11540.86
00e12e8b_4549,11540.86
00e12e8b_4550,11540.861
00e12e8b_4551,11540.862
00e12e8b_4552,11540.863
00e12e8b_4553,11540.865
00e12e8b_4554,11540.867
00e12e8b_4555,11540.868
00e12e8b_4556,11540.87
00e12e8b_4557,11540.873
00e12e8b_4558,11540.875
00e12e8b_4559,11540.878
00e12e8b_4560,11540.881
00e12e8b_4561,11540.884
00e12e8b_4562,11540.887
00e12e8b_4563,11540.89
00e12e8b_4564,11540.894
00e12e8b_4565,11540.897
00e12e8b_4566,11540.901
00e12e8b_4567,11540.905
00e12e8b_4568,11540.91
00e12e8b_4569,11540.915
00e12e8b_4570,11540.92
00e12e8b_4571,11540.925
00e12e8b_4572,11540.93
00e12e8b_4573,11540.935
00e12e8b_4574,11540.94
00e12e8b_4575,11540.945
00e12e8b_4576,11540.951
00e12e8b_4577,11540.957
00e12e8b_4578,11540.963
00e12e8b_4579,11540.969
00e12e8b_4580,11540.975
00e12e8b_4581,11540.98
00e12e8b_4582,11540.986
00e12e8b_4583,11540.993
00e12e8b_4584,11541.0
00e12e8b_4585,11541.006
00e12e8b_4586,11541.013
00e12e8b_4587,11541.02
00e12e8b_4588,11541.026
00e12e8b_4589,11541.033
00e12e8b_4590,11541.039
00e12e8b_4591,11541.046
00e12e8b_4592,11541.053
00e12e8b_4593,11541.06
00e12e8b_4594,11541.066
00e12e8b_4595,11541.073
00e12e8b_4596,11541.079
00e12e8b_4597,11541.086
00e12e8b_4598,11541.092
00e12e8b_4599,11541.099
00e12e8b_4600,11541.1045
00e12e8b_4601,11541.111
00e12e8b_4602,11541.117
00e12e8b_4603,11541.123
00e12e8b_4604,11541.129
00e12e8b_4605,11541.135
00e12e8b_4606,11541.141
00e12e8b_4607,11541.146
00e12e8b_4608,11541.151
00e12e8b_4609,11541.157
00e12e8b_4610,11541.162
00e12e8b_4611,11541.167
00e12e8b_4612,11541.173
00e12e8b_4613,11541.178
00e12e8b_4614,11541.183
00e12e8b_4615,11541.1875
00e12e8b_4616,11541.191
00e12e8b_4617,11541.196
00e12e8b_4618,11541.201
00e12e8b_4619,11541.205
00e12e8b_4620,11541.21
00e12e8b_4621,11541.214
00e12e8b_4622,11541.218
00e12e8b_4623,11541.222
00e12e8b_4624,11541.226
00e12e8b_4625,11541.2295
00e12e8b_4626,11541.233
00e12e8b_4627,11541.237
00e12e8b_4628,11541.24
00e12e8b_4629,11541.244
00e12e8b_4630,11541.247
00e12e8b_4631,11541.25
00e12e8b_4632,11541.253
00e12e8b_4633,11541.256
00e12e8b_4634,11541.259
00e12e8b_4635,11541.261
00e12e8b_4636,11541.264
00e12e8b_4637,11541.267
00e12e8b_4638,11541.269
00e12e8b_4639,11541.2705
00e12e8b_4640,11541.272
00e12e8b_4641,11541.274
00e12e8b_4642,11541.276
00e12e8b_4643,11541.278
00e12e8b_4644,11541.28
00e12e8b_4645,11541.281
00e12e8b_4646,11541.282
00e12e8b_4647,11541.283
00e12e8b_4648,11541.284
00e12e8b_4649,11541.284
00e12e8b_4650,11541.285
00e12e8b_4651,11541.285
00e12e8b_4652,11541.285
00e12e8b_4653,11541.285
00e12e8b_4654,11541.285
00e12e8b_4655,11541.285
00e12e8b_4656,11541.284
00e12e8b_4657,11541.284
00e12e8b_4658,11541.283
00e12e8b_4659,11541.282
00e12e8b_4660,11541.281
00e12e8b_4661,11541.28
00e12e8b_4662,11541.279
00e12e8b_4663,11541.278
00e12e8b_4664,11541.276
00e12e8b_4665,11541.275
00e12e8b_4666,11541.273
00e12e8b_4667,11541.271
00e12e8b_4668,11541.2705
00e12e8b_4669,11541.269
00e12e8b_4670,11541.267
00e12e8b_4671,11541.265
00e12e8b_4672,11541.263
00e12e8b_4673,11541.261
00e12e8b_4674,11541.259
00e12e8b_4675,11541.257
00e12e8b_4676,11541.255
00e12e8b_4677,11541.252
00e12e8b_4678,11541.25
00e12e8b_4679,11541.247
00e12e8b_4680,11541.245
00e12e8b_4681,11541.242
00e12e8b_4682,11541.239
00e12e8b_4683,11541.236
00e12e8b_4684,11541.233
00e12e8b_4685,11541.23
00e12e8b_4686,11541.228
00e12e8b_4687,11541.224
00e12e8b_4688,11541.221
00e12e8b_4689,11541.217
00e12e8b_4690,11541.214
00e12e8b_4691,11541.21
00e12e8b_4692,11541.206
00e12e8b_4693,11541.202
00e12e8b_4694,11541.198
00e12e8b_4695,11541.193
00e12e8b_4696,11541.189
00e12e8b_4697,11541.185
00e12e8b_4698,11541.181
00e12e8b_4699,11541.176
00e12e8b_4700,11541.171
00e12e8b_4701,11541.166
00e12e8b_4702,11541.16
00e12e8b_4703,11541.155
00e12e8b_4704,11541.149
00e12e8b_4705,11541.144
00e12e8b_4706,11541.139
00e12e8b_4707,11541.133
00e12e8b_4708,11541.126
00e12e8b_4709,11541.12
00e12e8b_4710,11541.114
00e12e8b_4711,11541.107
00e12e8b_4712,11541.102
00e12e8b_4713,11541.095
00e12e8b_4714,11541.088
00e12e8b_4715,11541.081
00e12e8b_4716,11541.075
00e12e8b_4717,11541.068
00e12e8b_4718,11541.062
00e12e8b_4719,11541.055
00e12e8b_4720,11541.047
00e12e8b_4721,11541.04
00e12e8b_4722,11541.033
00e12e8b_4723,11541.026
00e12e8b_4724,11541.02
00e12e8b_4725,11541.013
00e12e8b_4726,11541.006
00e12e8b_4727,11540.998
00e12e8b_4728,11540.991
00e12e8b_4729,11540.984
00e12e8b_4730,11540.978
00e12e8b_4731,11540.97
00e12e8b_4732,11540.963
00e12e8b_4733,11540.956
00e12e8b_4734,11540.948
00e12e8b_4735,11540.941
00e12e8b_4736,11540.935
00e12e8b_4737,11540.927
00e12e8b_4738,11540.92
00e12e8b_4739,11540.912
00e12e8b_4740,11540.905
00e12e8b_4741,11540.898
00e12e8b_4742,11540.892
00e12e8b_4743,11540.884
00e12e8b_4744,11540.877
00e12e8b_4745,11540.87
00e12e8b_4746,11540.863
00e12e8b_4747,11540.856
00e12e8b_4748,11540.85
00e12e8b_4749,11540.842
00e12e8b_4750,11540.835
00e12e8b_4751,11540.828
00e12e8b_4752,11540.82
00e12e8b_4753,11540.813
00e12e8b_4754,11540.807
00e12e8b_4755,11540.799
00e12e8b_4756,11540.792
00e12e8b_4757,11540.784
00e12e8b_4758,11540.777
00e12e8b_4759,11540.7705
00e12e8b_4760,11540.763
00e12e8b_4761,11540.756
00e12e8b_4762,11540.748
00e12e8b_4763,11540.741
00e12e8b_4764,11540.734
00e12e8b_4765,11540.727
00e12e8b_4766,11540.72
00e12e8b_4767,11540.713
00e12e8b_4768,11540.705
00e12e8b_4769,11540.698
00e12e8b_4770,11540.69
00e12e8b_4771,11540.684
00e12e8b_4772,11540.676
00e12e8b_4773,11540.668
00e12e8b_4774,11540.66
00e12e8b_4775,11540.652
00e12e8b_4776,11540.645
00e12e8b_4777,11540.637
00e12e8b_4778,11540.629
00e12e8b_4779,11540.621
00e12e8b_4780,11540.612
00e12e8b_4781,11540.6045
00e12e8b_4782,11540.596
00e12e8b_4783,11540.588
00e12e8b_4784,11540.579
00e12e8b_4785,11540.57
00e12e8b_4786,11540.562
00e12e8b_4787,11540.553
00e12e8b_4788,11540.544
00e12e8b_4789,11540.535
00e12e8b_4790,11540.526
00e12e8b_4791,11540.518
00e12e8b_4792,11540.508
00e12e8b_4793,11540.499
00e12e8b_4794,11540.489
00e12e8b_4795,11540.4795
00e12e8b_4796,11540.471
00e12e8b_4797,11540.461
00e12e8b_4798,11540.451
00e12e8b_4799,11540.441
00e12e8b_4800,11540.432
00e12e8b_4801,11540.422
00e12e8b_4802,11540.412
00e12e8b_4803,11540.402
00e12e8b_4804,11540.393
00e12e8b_4805,11540.383
00e12e8b_4806,11540.373
00e12e8b_4807,11540.362
00e12e8b_4808,11540.353
00e12e8b_4809,11540.342
00e12e8b_4810,11540.332
00e12e8b_4811,11540.321
00e12e8b_4812,11540.311
00e12e8b_4813,11540.301
00e12e8b_4814,11540.29
00e12e8b_4815,11540.279
00e12e8b_4816,11540.269
00e12e8b_4817,11540.258
00e12e8b_4818,11540.247
00e12e8b_4819,11540.235
00e12e8b_4820,11540.225
00e12e8b_4821,11540.213
00e12e8b_4822,11540.202
00e12e8b_4823,11540.19
00e12e8b_4824,11540.179
00e12e8b_4825,11540.167
00e12e8b_4826,11540.155
00e12e8b_4827,11540.144
00e12e8b_4828,11540.132
00e12e8b_4829,11540.12
00e12e8b_4830,11540.107
00e12e8b_4831,11540.096
00e12e8b_4832,11540.083
00e12e8b_4833,11540.071
00e12e8b_4834,11540.059
00e12e8b_4835,11540.046
00e12e8b_4836,11540.033
00e12e8b_4837,11540.0205
00e12e8b_4838,11540.008
00e12e8b_4839,11539.995
00e12e8b_4840,11539.982
00e12e8b_4841,11539.97
00e12e8b_4842,11539.956
00e12e8b_4843,11539.943
00e12e8b_4844,11539.931
00e12e8b_4845,11539.917
00e12e8b_4846,11539.903
00e12e8b_4847,11539.891
00e12e8b_4848,11539.877
00e12e8b_4849,11539.864
00e12e8b_4850,11539.851
00e12e8b_4851,11539.838
00e12e8b_4852,11539.824
00e12e8b_4853,11539.811
00e12e8b_4854,11539.798
00e12e8b_4855,11539.784
00e12e8b_4856,11539.7705
00e12e8b_4857,11539.757
00e12e8b_4858,11539.743
00e12e8b_4859,11539.7295
00e12e8b_4860,11539.716
00e12e8b_4861,11539.702
00e12e8b_4862,11539.688
00e12e8b_4863,11539.674
00e12e8b_4864,11539.66
00e12e8b_4865,11539.6455
00e12e8b_4866,11539.632
00e12e8b_4867,11539.617
00e12e8b_4868,11539.604
00e12e8b_4869,11539.589
00e12e8b_4870,11539.574
00e12e8b_4871,11539.56
00e12e8b_4872,11539.545
00e12e8b_4873,11539.529
00e12e8b_4874,11539.515
00e12e8b_4875,11539.499
00e12e8b_4876,11539.484
00e12e8b_4877,11539.469
00e12e8b_4878,11539.453
00e12e8b_4879,11539.4375
00e12e8b_4880,11539.422
00e12e8b_4881,11539.406
00e12e8b_4882,11539.39
00e12e8b_4883,11539.374
00e12e8b_4884,11539.357
00e12e8b_4885,11539.341
00e12e8b_4886,11539.324
00e12e8b_4887,11539.308
00e12e8b_4888,11539.291
00e12e8b_4889,11539.274
00e12e8b_4890,11539.258
00e12e8b_4891,11539.241
00e12e8b_4892,11539.224
00e12e8b_4893,11539.207
00e12e8b_4894,11539.19
00e12e8b_4895,11539.174
00e12e8b_4896,11539.156
00e12e8b_4897,11539.14
00e12e8b_4898,11539.123
00e12e8b_4899,11539.106
00e12e8b_4900,11539.09
00e12e8b_4901,11539.073
00e12e8b_4902,11539.057
00e12e8b_4903,11539.04
00e12e8b_4904,11539.023
00e12e8b_4905,11539.007
00e12e8b_4906,11538.99
00e12e8b_4907,11538.974
00e12e8b_4908,11538.958
00e12e8b_4909,11538.941
00e12e8b_4910,11538.925
00e12e8b_4911,11538.909
00e12e8b_4912,11538.893
00e12e8b_4913,11538.877
00e12e8b_4914,11538.86
00e12e8b_4915,11538.844
00e12e8b_4916,11538.828
00e12e8b_4917,11538.812
00e12e8b_4918,11538.796
00e12e8b_4919,11538.779
00e12e8b_4920,11538.763
00e12e8b_4921,11538.747
00e12e8b_4922,11538.731
00e12e8b_4923,11538.715
00e12e8b_4924,11538.699
00e12e8b_4925,11538.683
00e12e8b_4926,11538.667
00e12e8b_4927,11538.651
00e12e8b_4928,11538.635
00e12e8b_4929,11538.619
00e12e8b_4930,11538.604
00e12e8b_4931,11538.588
00e12e8b_4932,11538.572
00e12e8b_4933,11538.557
00e12e8b_4934,11538.542
00e12e8b_4935,11538.526
00e12e8b_4936,11538.511
00e12e8b_4937,11538.495
00e12e8b_4938,11538.48
00e12e8b_4939,11538.465
00e12e8b_4940,11538.45
00e12e8b_4941,11538.436
00e12e8b_4942,11538.42
00e12e8b_4943,11538.405
00e12e8b_4944,11538.391
00e12e8b_4945,11538.376
00e12e8b_4946,11538.361
00e12e8b_4947,11538.347
00e12e8b_4948,11538.332
00e12e8b_4949,11538.318
00e12e8b_4950,11538.304
00e12e8b_4951,11538.29
00e12e8b_4952,11538.276
00e12e8b_4953,11538.263
00e12e8b_4954,11538.249
00e12e8b_4955,11538.235
00e12e8b_4956,11538.223
00e12e8b_4957,11538.209
00e12e8b_4958,11538.196
00e12e8b_4959,11538.184
00e12e8b_4960,11538.171
00e12e8b_4961,11538.158
00e12e8b_4962,11538.1455
00e12e8b_4963,11538.134
00e12e8b_4964,11538.121
00e12e8b_4965,11538.109
00e12e8b_4966,11538.097
00e12e8b_4967,11538.085
00e12e8b_4968,11538.073
00e12e8b_4969,11538.062
00e12e8b_4970,11538.05
00e12e8b_4971,11538.037
00e12e8b_4972,11538.026
00e12e8b_4973,11538.015
00e12e8b_4974,11538.003
00e12e8b_4975,11537.991
00e12e8b_4976,11537.9795
00e12e8b_4977,11537.968
00e12e8b_4978,11537.956
00e12e8b_4979,11537.944
00e12e8b_4980,11537.932
00e12e8b_4981,11537.92
00e12e8b_4982,11537.908
00e12e8b_4983,11537.896
00e12e8b_4984,11537.885
00e12e8b_4985,11537.873
00e12e8b_4986,11537.861
00e12e8b_4987,11537.85
00e12e8b_4988,11537.838
00e12e8b_4989,11537.826
00e12e8b_4990,11537.814
00e12e8b_4991,11537.802
00e12e8b_4992,11537.79
00e12e8b_4993,11537.778
00e12e8b_4994,11537.766
00e12e8b_4995,11537.754
00e12e8b_4996,11537.742
00e12e8b_4997,11537.73
00e12e8b_4998,11537.718
00e12e8b_4999,11537.706
00e12e8b_5000,11537.694
00e12e8b_5001,11537.683
00e12e8b_5002,11537.671
00e12e8b_5003,11537.658
00e12e8b_5004,11537.646
00e12e8b_5005,11537.635
00e12e8b_5006,11537.623
00e12e8b_5007,11537.611
00e12e8b_5008,11537.6
00e12e8b_5009,11537.588
00e12e8b_5010,11537.576
00e12e8b_5011,11537.564
00e12e8b_5012,11537.553
00e12e8b_5013,11537.541
00e12e8b_5014,11537.529
00e12e8b_5015,11537.518
00e12e8b_5016,11537.506
00e12e8b_5017,11537.494
00e12e8b_5018,11537.482
00e12e8b_5019,11537.471
00e12e8b_5020,11537.459
00e12e8b_5021,11537.447
00e12e8b_5022,11537.436
00e12e8b_5023,11537.424
00e12e8b_5024,11537.413
00e12e8b_5025,11537.401
00e12e8b_5026,11537.39
00e12e8b_5027,11537.378
00e12e8b_5028,11537.366
00e12e8b_5029,11537.3545
00e12e8b_5030,11537.343
00e12e8b_5031,11537.331
00e12e8b_5032,11537.319
00e12e8b_5033,11537.308
00e12e8b_5034,11537.297
00e12e8b_5035,11537.285
00e12e8b_5036,11537.273
00e12e8b_5037,11537.263
00e12e8b_5038,11537.251
00e12e8b_5039,11537.239
00e12e8b_5040,11537.229
00e12e8b_5041,11537.217
00e12e8b_5042,11537.206
00e12e8b_5043,11537.194
00e12e8b_5044,11537.184
00e12e8b_5045,11537.172
00e12e8b_5046,11537.161
00e12e8b_5047,11537.149
00e12e8b_5048,11537.139
00e12e8b_5049,11537.127
00e12e8b_5050,11537.116
00e12e8b_5051,11537.105
00e12e8b_5052,11537.094
00e12e8b_5053,11537.083
00e12e8b_5054,11537.071
00e12e8b_5055,11537.061
00e12e8b_5056,11537.049
00e12e8b_5057,11537.038
00e12e8b_5058,11537.027
00e12e8b_5059,11537.016
00e12e8b_5060,11537.005
00e12e8b_5061,11536.993
00e12e8b_5062,11536.982
00e12e8b_5063,11536.971
00e12e8b_5064,11536.96
00e12e8b_5065,11536.948
00e12e8b_5066,11536.9375
00e12e8b_5067,11536.926
00e12e8b_5068,11536.914
00e12e8b_5069,11536.903
00e12e8b_5070,11536.892
00e12e8b_5071,11536.881
00e12e8b_5072,11536.869
00e12e8b_5073,11536.857
00e12e8b_5074,11536.847
00e12e8b_5075,11536.835
00e12e8b_5076,11536.824
00e12e8b_5077,11536.813
00e12e8b_5078,11536.802
00e12e8b_5079,11536.791
00e12e8b_5080,11536.779
00e12e8b_5081,11536.769
00e12e8b_5082,11536.758
00e12e8b_5083,11536.747
00e12e8b_5084,11536.735
00e12e8b_5085,11536.725
00e12e8b_5086,11536.714
00e12e8b_5087,11536.703
00e12e8b_5088,11536.692
00e12e8b_5089,11536.682
00e12e8b_5090,11536.671
00e12e8b_5091,11536.66
00e12e8b_5092,11536.649
00e12e8b_5093,11536.639
00e12e8b_5094,11536.628
00e12e8b_5095,11536.617
00e12e8b_5096,11536.606
00e12e8b_5097,11536.596
00e12e8b_5098,11536.585
00e12e8b_5099,11536.574
00e12e8b_5100,11536.563
00e12e8b_5101,11536.552
00e12e8b_5102,11536.541
00e12e8b_5103,11536.53
00e12e8b_5104,11536.519
00e12e8b_5105,11536.508
00e12e8b_5106,11536.496
00e12e8b_5107,11536.485
00e12e8b_5108,11536.474
00e12e8b_5109,11536.462
00e12e8b_5110,11536.45
00e12e8b_5111,11536.438
00e12e8b_5112,11536.427
00e12e8b_5113,11536.415
00e12e8b_5114,11536.403
00e12e8b_5115,11536.391
00e12e8b_5116,11536.379
00e12e8b_5117,11536.367
00e12e8b_5118,11536.3545
00e12e8b_5119,11536.343
00e12e8b_5120,11536.331
00e12e8b_5121,11536.319
00e12e8b_5122,11536.308
00e12e8b_5123,11536.295
00e12e8b_5124,11536.283
00e12e8b_5125,11536.271
00e12e8b_5126,11536.261
00e12e8b_5127,11536.249
00e12e8b_5128,11536.237
00e12e8b_5129,11536.226
00e12e8b_5130,11536.214
00e12e8b_5131,11536.203
00e12e8b_5132,11536.192
00e12e8b_5133,11536.181
00e12e8b_5134,11536.17
00e12e8b_5135,11536.159
00e12e8b_5136,11536.148
00e12e8b_5137,11536.139
00e12e8b_5138,11536.128
00e12e8b_5139,11536.118
00e12e8b_5140,11536.108
00e12e8b_5141,11536.099
00e12e8b_5142,11536.088
00e12e8b_5143,11536.079
00e12e8b_5144,11536.069
00e12e8b_5145,11536.06
00e12e8b_5146,11536.05
00e12e8b_5147,11536.041
00e12e8b_5148,11536.032
00e12e8b_5149,11536.022
00e12e8b_5150,11536.014
00e12e8b_5151,11536.004
00e12e8b_5152,11535.995
00e12e8b_5153,11535.986
00e12e8b_5154,11535.978
00e12e8b_5155,11535.969
00e12e8b_5156,11535.959
00e12e8b_5157,11535.95
00e12e8b_5158,11535.941
00e12e8b_5159,11535.933
00e12e8b_5160,11535.924
00e12e8b_5161,11535.915
00e12e8b_5162,11535.905
00e12e8b_5163,11535.896
00e12e8b_5164,11535.888
00e12e8b_5165,11535.878
00e12e8b_5166,11535.869
00e12e8b_5167,11535.859
00e12e8b_5168,11535.85
00e12e8b_5169,11535.841
00e12e8b_5170,11535.831
00e12e8b_5171,11535.821
00e12e8b_5172,11535.812
00e12e8b_5173,11535.802
00e12e8b_5174,11535.792
00e12e8b_5175,11535.782
00e12e8b_5176,11535.772
00e12e8b_5177,11535.763
00e12e8b_5178,11535.754
00e12e8b_5179,11535.744
00e12e8b_5180,11535.734
00e12e8b_5181,11535.725
00e12e8b_5182,11535.715
00e12e8b_5183,11535.705
00e12e8b_5184,11535.695
00e12e8b_5185,11535.686
00e12e8b_5186,11535.676
00e12e8b_5187,11535.666
00e12e8b_5188,11535.656
00e12e8b_5189,11535.646
00e12e8b_5190,11535.637
00e12e8b_5191,11535.627
00e12e8b_5192,11535.617
00e12e8b_5193,11535.607
00e12e8b_5194,11535.598
00e12e8b_5195,11535.588
00e12e8b_5196,11535.578
00e12e8b_5197,11535.567
00e12e8b_5198,11535.558
00e12e8b_5199,11535.547
00e12e8b_5200,11535.537
00e12e8b_5201,11535.526
00e12e8b_5202,11535.516
00e12e8b_5203,11535.505
00e12e8b_5204,11535.494
00e12e8b_5205,11535.483
00e12e8b_5206,11535.472
00e12e8b_5207,11535.461
00e12e8b_5208,11535.449
00e12e8b_5209,11535.4375
00e12e8b_5210,11535.426
00e12e8b_5211,11535.414
00e12e8b_5212,11535.402
00e12e8b_5213,11535.391
00e12e8b_5214,11535.379
00e12e8b_5215,11535.367
00e12e8b_5216,11535.3545
00e12e8b_5217,11535.343
00e12e8b_5218,11535.33
00e12e8b_5219,11535.318
00e12e8b_5220,11535.306
00e12e8b_5221,11535.294
00e12e8b_5222,11535.281
00e12e8b_5223,11535.27
00e12e8b_5224,11535.257
00e12e8b_5225,11535.244
00e12e8b_5226,11535.232
00e12e8b_5227,11535.22
00e12e8b_5228,11535.207
00e12e8b_5229,11535.194
00e12e8b_5230,11535.183
00e12e8b_5231,11535.17
00e12e8b_5232,11535.157
00e12e8b_5233,11535.145
00e12e8b_5234,11535.132
00e12e8b_5235,11535.119
00e12e8b_5236,11535.105
00e12e8b_5237,11535.093
00e12e8b_5238,11535.08
00e12e8b_5239,11535.067
00e12e8b_5240,11535.054
00e12e8b_5241,11535.041
00e12e8b_5242,11535.027
00e12e8b_5243,11535.014
00e12e8b_5244,11535.0
00e12e8b_5245,11534.987
00e12e8b_5246,11534.973
00e12e8b_5247,11534.959
00e12e8b_5248,11534.945
00e12e8b_5249,11534.932
00e12e8b_5250,11534.917
00e12e8b_5251,11534.902
00e12e8b_5252,11534.888
00e12e8b_5253,11534.873
00e12e8b_5254,11534.858
00e12e8b_5255,11534.844
00e12e8b_5256,11534.828
00e12e8b_5257,11534.8125
00e12e8b_5258,11534.797
00e12e8b_5259,11534.781
00e12e8b_5260,11534.765
00e12e8b_5261,11534.748
00e12e8b_5262,11534.731
00e12e8b_5263,11534.714
00e12e8b_5264,11534.696
00e12e8b_5265,11534.679
00e12e8b_5266,11534.661
00e12e8b_5267,11534.643
00e12e8b_5268,11534.625
00e12e8b_5269,11534.606
00e12e8b_5270,11534.587
00e12e8b_5271,11534.568
00e12e8b_5272,11534.549
00e12e8b_5273,11534.529
00e12e8b_5274,11534.51
00e12e8b_5275,11534.489
00e12e8b_5276,11534.47
00e12e8b_5277,11534.449
00e12e8b_5278,11534.429
00e12e8b_5279,11534.408
00e12e8b_5280,11534.388
00e12e8b_5281,11534.366
00e12e8b_5282,11534.346
00e12e8b_5283,11534.324
00e12e8b_5284,11534.303
00e12e8b_5285,11534.281
00e12e8b_5286,11534.26
00e12e8b_5287,11534.238
00e12e8b_5288,11534.217
00e12e8b_5289,11534.194
00e12e8b_5290,11534.173
00e12e8b_5291,11534.15
00e12e8b_5292,11534.128
00e12e8b_5293,11534.106
00e12e8b_5294,11534.084
00e12e8b_5295,11534.062
00e12e8b_5296,11534.039
00e12e8b_5297,11534.017
00e12e8b_5298,11533.994
00e12e8b_5299,11533.972
00e12e8b_5300,11533.949
00e12e8b_5301,11533.927
00e12e8b_5302,11533.904
00e12e8b_5303,11533.882
00e12e8b_5304,11533.858
00e12e8b_5305,11533.836
00e12e8b_5306,11533.813
00e12e8b_5307,11533.79
00e12e8b_5308,11533.768
00e12e8b_5309,11533.745
00e12e8b_5310,11533.722
00e12e8b_5311,11533.699
00e12e8b_5312,11533.676
00e12e8b_5313,11533.653
00e12e8b_5314,11533.631
00e12e8b_5315,11533.608
00e12e8b_5316,11533.586
00e12e8b_5317,11533.563
00e12e8b_5318,11533.541
00e12e8b_5319,11533.52
00e12e8b_5320,11533.497
00e12e8b_5321,11533.475
00e12e8b_5322,11533.453
00e12e8b_5323,11533.432
00e12e8b_5324,11533.41
00e12e8b_5325,11533.389
00e12e8b_5326,11533.367
00e12e8b_5327,11533.346
00e12e8b_5328,11533.325
00e12e8b_5329,11533.304
00e12e8b_5330,11533.283
00e12e8b_5331,11533.263
00e12e8b_5332,11533.242
00e12e8b_5333,11533.223
00e12e8b_5334,11533.202
00e12e8b_5335,11533.182
00e12e8b_5336,11533.162
00e12e8b_5337,11533.143
00e12e8b_5338,11533.123
00e12e8b_5339,11533.104
00e12e8b_5340,11533.084
00e12e8b_5341,11533.064
00e12e8b_5342,11533.046
00e12e8b_5343,11533.026
00e12e8b_5344,11533.008
00e12e8b_5345,11532.988
00e12e8b_5346,11532.97
00e12e8b_5347,11532.951
00e12e8b_5348,11532.933
00e12e8b_5349,11532.914
00e12e8b_5350,11532.8955
00e12e8b_5351,11532.877
00e12e8b_5352,11532.858
00e12e8b_5353,11532.841
00e12e8b_5354,11532.822
00e12e8b_5355,11532.805
00e12e8b_5356,11532.786
00e12e8b_5357,11532.769
00e12e8b_5358,11532.751
00e12e8b_5359,11532.733
00e12e8b_5360,11532.716
00e12e8b_5361,11532.698
00e12e8b_5362,11532.681
00e12e8b_5363,11532.663
00e12e8b_5364,11532.646
00e12e8b_5365,11532.63
00e12e8b_5366,11532.612
00e12e8b_5367,11532.596
00e12e8b_5368,11532.579
00e12e8b_5369,11532.563
00e12e8b_5370,11532.547
00e12e8b_5371,11532.53
00e12e8b_5372,11532.515
00e12e8b_5373,11532.499
00e12e8b_5374,11532.483
00e12e8b_5375,11532.468
00e12e8b_5376,11532.452
00e12e8b_5377,11532.437
00e12e8b_5378,11532.421
00e12e8b_5379,11532.405
00e12e8b_5380,11532.39
00e12e8b_5381,11532.375
00e12e8b_5382,11532.359
00e12e8b_5383,11532.344
00e12e8b_5384,11532.329
00e12e8b_5385,11532.313
00e12e8b_5386,11532.298
00e12e8b_5387,11532.283
00e12e8b_5388,11532.269
00e12e8b_5389,11532.253
00e12e8b_5390,11532.238
00e12e8b_5391,11532.223
00e12e8b_5392,11532.208
00e12e8b_5393,11532.193
00e12e8b_5394,11532.178
00e12e8b_5395,11532.163
00e12e8b_5396,11532.148
00e12e8b_5397,11532.133
00e12e8b_5398,11532.118
00e12e8b_5399,11532.104
00e12e8b_5400,11532.089
00e12e8b_5401,11532.074
00e12e8b_5402,11532.059
00e12e8b_5403,11532.044
00e12e8b_5404,11532.029
00e12e8b_5405,11532.015
00e12e8b_5406,11532.0
00e12e8b_5407,11531.986
00e12e8b_5408,11531.972
00e12e8b_5409,11531.957
00e12e8b_5410,11531.943
00e12e8b_5411,11531.929
00e12e8b_5412,11531.915
00e12e8b_5413,11531.9
00e12e8b_5414,11531.887
00e12e8b_5415,11531.872
00e12e8b_5416,11531.857
00e12e8b_5417,11531.844
00e12e8b_5418,11531.829
00e12e8b_5419,11531.814
00e12e8b_5420,11531.801
00e12e8b_5421,11531.786
00e12e8b_5422,11531.771
00e12e8b_5423,11531.757
00e12e8b_5424,11531.743
00e12e8b_5425,11531.729
00e12e8b_5426,11531.714
00e12e8b_5427,11531.699
00e12e8b_5428,11531.685
00e12e8b_5429,11531.67
00e12e8b_5430,11531.655
00e12e8b_5431,11531.641
00e12e8b_5432,11531.626
00e12e8b_5433,11531.611
00e12e8b_5434,11531.597
00e12e8b_5435,11531.581
00e12e8b_5436,11531.566
00e12e8b_5437,11531.551
00e12e8b_5438,11531.536
00e12e8b_5439,11531.5205
00e12e8b_5440,11531.505
00e12e8b_5441,11531.489
00e12e8b_5442,11531.474
00e12e8b_5443,11531.458
00e12e8b_5444,11531.442
00e12e8b_5445,11531.427
00e12e8b_5446,11531.41
00e12e8b_5447,11531.395
00e12e8b_5448,11531.378
00e12e8b_5449,11531.361
00e12e8b_5450,11531.345
00e12e8b_5451,11531.328
00e12e8b_5452,11531.312
00e12e8b_5453,11531.295
00e12e8b_5454,11531.277
00e12e8b_5455,11531.261
00e12e8b_5456,11531.243
00e12e8b_5457,11531.227
00e12e8b_5458,11531.209
00e12e8b_5459,11531.191
00e12e8b_5460,11531.174
00e12e8b_5461,11531.156
00e12e8b_5462,11531.139
00e12e8b_5463,11531.121
00e12e8b_5464,11531.104
00e12e8b_5465,11531.086
00e12e8b_5466,11531.068
00e12e8b_5467,11531.05
00e12e8b_5468,11531.032
00e12e8b_5469,11531.015
00e12e8b_5470,11530.997
00e12e8b_5471,11530.9795
00e12e8b_5472,11530.962
00e12e8b_5473,11530.944
00e12e8b_5474,11530.927
00e12e8b_5475,11530.909
00e12e8b_5476,11530.892
00e12e8b_5477,11530.874
00e12e8b_5478,11530.856
00e12e8b_5479,11530.839
00e12e8b_5480,11530.821
00e12e8b_5481,11530.804
00e12e8b_5482,11530.786
00e12e8b_5483,11530.769
00e12e8b_5484,11530.751
00e12e8b_5485,11530.733
00e12e8b_5486,11530.716
00e12e8b_5487,11530.698
00e12e8b_5488,11530.681
00e12e8b_5489,11530.663
00e12e8b_5490,11530.6455
00e12e8b_5491,11530.628
00e12e8b_5492,11530.61
00e12e8b_5493,11530.593
00e12e8b_5494,11530.575
00e12e8b_5495,11530.558
00e12e8b_5496,11530.54
00e12e8b_5497,11530.522
00e12e8b_5498,11530.506
00e12e8b_5499,11530.488
00e12e8b_5500,11530.471
00e12e8b_5501,11530.453
00e12e8b_5502,11530.436
00e12e8b_5503,11530.418
00e12e8b_5504,11530.401
00e12e8b_5505,11530.384
00e12e8b_5506,11530.367
00e12e8b_5507,11530.35
00e12e8b_5508,11530.333
00e12e8b_5509,11530.316
00e12e8b_5510,11530.3
00e12e8b_5511,11530.283
00e12e8b_5512,11530.267
00e12e8b_5513,11530.25
00e12e8b_5514,11530.233
00e12e8b_5515,11530.217
00e12e8b_5516,11530.201
00e12e8b_5517,11530.185
00e12e8b_5518,11530.169
00e12e8b_5519,11530.153
00e12e8b_5520,11530.139
00e12e8b_5521,11530.123
00e12e8b_5522,11530.108
00e12e8b_5523,11530.094
00e12e8b_5524,11530.079
00e12e8b_5525,11530.064
00e12e8b_5526,11530.05
00e12e8b_5527,11530.036
00e12e8b_5528,11530.021
00e12e8b_5529,11530.008
00e12e8b_5530,11529.994
00e12e8b_5531,11529.9795
00e12e8b_5532,11529.966
00e12e8b_5533,11529.953
00e12e8b_5534,11529.939
00e12e8b_5535,11529.926
00e12e8b_5536,11529.913
00e12e8b_5537,11529.899
00e12e8b_5538,11529.887
00e12e8b_5539,11529.873
00e12e8b_5540,11529.86
00e12e8b_5541,11529.848
00e12e8b_5542,11529.835
00e12e8b_5543,11529.821
00e12e8b_5544,11529.809
00e12e8b_5545,11529.796
00e12e8b_5546,11529.784
00e12e8b_5547,11529.771
00e12e8b_5548,11529.759
00e12e8b_5549,11529.746
00e12e8b_5550,11529.734
00e12e8b_5551,11529.722
00e12e8b_5552,11529.71
00e12e8b_5553,11529.698
00e12e8b_5554,11529.687
00e12e8b_5555,11529.674
00e12e8b_5556,11529.662
00e12e8b_5557,11529.65
00e12e8b_5558,11529.639
00e12e8b_5559,11529.628
00e12e8b_5560,11529.616
00e12e8b_5561,11529.605
00e12e8b_5562,11529.594
00e12e8b_5563,11529.583
00e12e8b_5564,11529.572
00e12e8b_5565,11529.562
00e12e8b_5566,11529.551
00e12e8b_5567,11529.54
00e12e8b_5568,11529.53
00e12e8b_5569,11529.52
00e12e8b_5570,11529.51
00e12e8b_5571,11529.499
00e12e8b_5572,11529.489
00e12e8b_5573,11529.4795
00e12e8b_5574,11529.47
00e12e8b_5575,11529.46
00e12e8b_5576,11529.45
00e12e8b_5577,11529.44
00e12e8b_5578,11529.431
00e12e8b_5579,11529.422
00e12e8b_5580,11529.412
00e12e8b_5581,11529.402
00e12e8b_5582,11529.394
00e12e8b_5583,11529.384
00e12e8b_5584,11529.375
00e12e8b_5585,11529.365
00e12e8b_5586,11529.356
00e12e8b_5587,11529.348
00e12e8b_5588,11529.338
00e12e8b_5589,11529.329
00e12e8b_5590,11529.32
00e12e8b_5591,11529.311
00e12e8b_5592,11529.302
00e12e8b_5593,11529.293
00e12e8b_5594,11529.284
00e12e8b_5595,11529.274
00e12e8b_5596,11529.266
00e12e8b_5597,11529.257
00e12e8b_5598,11529.248
00e12e8b_5599,11529.239
00e12e8b_5600,11529.2295
00e12e8b_5601,11529.221
00e12e8b_5602,11529.212
00e12e8b_5603,11529.203
00e12e8b_5604,11529.194
00e12e8b_5605,11529.185
00e12e8b_5606,11529.176
00e12e8b_5607,11529.167
00e12e8b_5608,11529.158
00e12e8b_5609,11529.149
00e12e8b_5610,11529.14
00e12e8b_5611,11529.131
00e12e8b_5612,11529.122
00e12e8b_5613,11529.113
00e12e8b_5614,11529.1045
00e12e8b_5615,11529.096
00e12e8b_5616,11529.087
00e12e8b_5617,11529.077
00e12e8b_5618,11529.068
00e12e8b_5619,11529.059
00e12e8b_5620,11529.05
00e12e8b_5621,11529.04
00e12e8b_5622,11529.03
00e12e8b_5623,11529.0205
00e12e8b_5624,11529.011
00e12e8b_5625,11529.0
00e12e8b_5626,11528.989
00e12e8b_5627,11528.9795
00e12e8b_5628,11528.968
00e12e8b_5629,11528.957
00e12e8b_5630,11528.945
00e12e8b_5631,11528.934
00e12e8b_5632,11528.922
00e12e8b_5633,11528.91
00e12e8b_5634,11528.897
00e12e8b_5635,11528.885
00e12e8b_5636,11528.872
00e12e8b_5637,11528.859
00e12e8b_5638,11528.847
00e12e8b_5639,11528.833
00e12e8b_5640,11528.819
00e12e8b_5641,11528.806
00e12e8b_5642,11528.791
00e12e8b_5643,11528.777
00e12e8b_5644,11528.763
00e12e8b_5645,11528.748
00e12e8b_5646,11528.733
00e12e8b_5647,11528.719
00e12e8b_5648,11528.703
00e12e8b_5649,11528.688
00e12e8b_5650,11528.673
00e12e8b_5651,11528.657
00e12e8b_5652,11528.641
00e12e8b_5653,11528.625
00e12e8b_5654,11528.609
00e12e8b_5655,11528.593
00e12e8b_5656,11528.576
00e12e8b_5657,11528.56
00e12e8b_5658,11528.543
00e12e8b_5659,11528.526
00e12e8b_5660,11528.509
00e12e8b_5661,11528.491
00e12e8b_5662,11528.474
00e12e8b_5663,11528.456
00e12e8b_5664,11528.438
00e12e8b_5665,11528.421
00e12e8b_5666,11528.402
00e12e8b_5667,11528.384
00e12e8b_5668,11528.365
00e12e8b_5669,11528.347
00e12e8b_5670,11528.328
00e12e8b_5671,11528.309
00e12e8b_5672,11528.289
00e12e8b_5673,11528.27
00e12e8b_5674,11528.25
00e12e8b_5675,11528.2295
00e12e8b_5676,11528.209
00e12e8b_5677,11528.188
00e12e8b_5678,11528.168
00e12e8b_5679,11528.146
00e12e8b_5680,11528.125
00e12e8b_5681,11528.103
00e12e8b_5682,11528.081
00e12e8b_5683,11528.059
00e12e8b_5684,11528.036
00e12e8b_5685,11528.014
00e12e8b_5686,11527.99
00e12e8b_5687,11527.967
00e12e8b_5688,11527.943
00e12e8b_5689,11527.92
00e12e8b_5690,11527.896
00e12e8b_5691,11527.872
00e12e8b_5692,11527.848
00e12e8b_5693,11527.823
00e12e8b_5694,11527.799
00e12e8b_5695,11527.773
00e12e8b_5696,11527.748
00e12e8b_5697,11527.724
00e12e8b_5698,11527.697
00e12e8b_5699,11527.672
00e12e8b_5700,11527.646
00e12e8b_5701,11527.62
00e12e8b_5702,11527.594
00e12e8b_5703,11527.567
00e12e8b_5704,11527.541
00e12e8b_5705,11527.515
00e12e8b_5706,11527.487
00e12e8b_5707,11527.461
00e12e8b_5708,11527.434
00e12e8b_5709,11527.406
00e12e8b_5710,11527.379
00e12e8b_5711,11527.352
00e12e8b_5712,11527.324
00e12e8b_5713,11527.297
00e12e8b_5714,11527.27
00e12e8b_5715,11527.243
00e12e8b_5716,11527.216
00e12e8b_5717,11527.188
00e12e8b_5718,11527.161
00e12e8b_5719,11527.134
00e12e8b_5720,11527.106
00e12e8b_5721,11527.08
00e12e8b_5722,11527.053
00e12e8b_5723,11527.025
00e12e8b_5724,11526.999
00e12e8b_5725,11526.972
00e12e8b_5726,11526.945
00e12e8b_5727,11526.918
00e12e8b_5728,11526.892
00e12e8b_5729,11526.865
00e12e8b_5730,11526.839
00e12e8b_5731,11526.8125
00e12e8b_5732,11526.786
00e12e8b_5733,11526.76
00e12e8b_5734,11526.734
00e12e8b_5735,11526.708
00e12e8b_5736,11526.682
00e12e8b_5737,11526.656
00e12e8b_5738,11526.631
00e12e8b_5739,11526.605
00e12e8b_5740,11526.58
00e12e8b_5741,11526.555
00e12e8b_5742,11526.53
00e12e8b_5743,11526.506
00e12e8b_5744,11526.481
00e12e8b_5745,11526.457
00e12e8b_5746,11526.433
00e12e8b_5747,11526.409
00e12e8b_5748,11526.386
00e12e8b_5749,11526.362
00e12e8b_5750,11526.339
00e12e8b_5751,11526.316
00e12e8b_5752,11526.294
00e12e8b_5753,11526.271
00e12e8b_5754,11526.249
00e12e8b_5755,11526.227
00e12e8b_5756,11526.205
00e12e8b_5757,11526.184
00e12e8b_5758,11526.163
00e12e8b_5759,11526.142
00e12e8b_5760,11526.121
00e12e8b_5761,11526.102
00e12e8b_5762,11526.081
00e12e8b_5763,11526.062
00e12e8b_5764,11526.043
00e12e8b_5765,11526.024
00e12e8b_5766,11526.006
00e12e8b_5767,11525.988
00e12e8b_5768,11525.971
00e12e8b_5769,11525.953
00e12e8b_5770,11525.936
00e12e8b_5771,11525.919
00e12e8b_5772,11525.903
00e12e8b_5773,11525.887
00e12e8b_5774,11525.871
00e12e8b_5775,11525.856
00e12e8b_5776,11525.841
00e12e8b_5777,11525.826
00e12e8b_5778,11525.8125
00e12e8b_5779,11525.799
00e12e8b_5780,11525.785
00e12e8b_5781,11525.772
00e12e8b_5782,11525.76
00e12e8b_5783,11525.747
00e12e8b_5784,11525.735
00e12e8b_5785,11525.724
00e12e8b_5786,11525.713
00e12e8b_5787,11525.702
00e12e8b_5788,11525.691
00e12e8b_5789,11525.682
00e12e8b_5790,11525.672
00e12e8b_5791,11525.662
00e12e8b_5792,11525.653
00e12e8b_5793,11525.6455
00e12e8b_5794,11525.638
00e12e8b_5795,11525.63
00e12e8b_5796,11525.622
00e12e8b_5797,11525.616
00e12e8b_5798,11525.609
00e12e8b_5799,11525.604
00e12e8b_5800,11525.598
00e12e8b_5801,11525.593
00e12e8b_5802,11525.588
00e12e8b_5803,11525.584
00e12e8b_5804,11525.58
00e12e8b_5805,11525.577
00e12e8b_5806,11525.574
00e12e8b_5807,11525.571
00e12e8b_5808,11525.569
00e12e8b_5809,11525.568
00e12e8b_5810,11525.567
00e12e8b_5811,11525.567
00e12e8b_5812,11525.567
00e12e8b_5813,11525.568
00e12e8b_5814,11525.569
00e12e8b_5815,11525.571
00e12e8b_5816,11525.573
00e12e8b_5817,11525.575
00e12e8b_5818,11525.578
00e12e8b_5819,11525.582
00e12e8b_5820,11525.585
00e12e8b_5821,11525.589
00e12e8b_5822,11525.594
00e12e8b_5823,11525.599
00e12e8b_5824,11525.604
00e12e8b_5825,11525.608
00e12e8b_5826,11525.614
00e12e8b_5827,11525.62
00e12e8b_5828,11525.626
00e12e8b_5829,11525.632
00e12e8b_5830,11525.639
00e12e8b_5831,11525.6455
00e12e8b_5832,11525.653
00e12e8b_5833,11525.66
00e12e8b_5834,11525.668
00e12e8b_5835,11525.676
00e12e8b_5836,11525.684
00e12e8b_5837,11525.692
00e12e8b_5838,11525.7
00e12e8b_5839,11525.709
00e12e8b_5840,11525.719
00e12e8b_5841,11525.728
00e12e8b_5842,11525.737
00e12e8b_5843,11525.746
00e12e8b_5844,11525.756
00e12e8b_5845,11525.767
00e12e8b_5846,11525.776
00e12e8b_5847,11525.787
00e12e8b_5848,11525.797
00e12e8b_5849,11525.808
00e12e8b_5850,11525.818
00e12e8b_5851,11525.829
00e12e8b_5852,11525.84
00e12e8b_5853,11525.852
00e12e8b_5854,11525.862
00e12e8b_5855,11525.874
00e12e8b_5856,11525.886
00e12e8b_5857,11525.897
00e12e8b_5858,11525.908
00e12e8b_5859,11525.92
00e12e8b_5860,11525.932
00e12e8b_5861,11525.943
00e12e8b_5862,11525.955
00e12e8b_5863,11525.967
00e12e8b_5864,11525.979
00e12e8b_5865,11525.99
00e12e8b_5866,11526.002
00e12e8b_5867,11526.014
00e12e8b_5868,11526.025
00e12e8b_5869,11526.036
00e12e8b_5870,11526.048
00e12e8b_5871,11526.06
00e12e8b_5872,11526.07
00e12e8b_5873,11526.082
00e12e8b_5874,11526.093
00e12e8b_5875,11526.1045
00e12e8b_5876,11526.115
00e12e8b_5877,11526.127
00e12e8b_5878,11526.138
00e12e8b_5879,11526.148
00e12e8b_5880,11526.159
00e12e8b_5881,11526.171
00e12e8b_5882,11526.182
00e12e8b_5883,11526.192
00e12e8b_5884,11526.203
00e12e8b_5885,11526.213
00e12e8b_5886,11526.224
00e12e8b_5887,11526.234
00e12e8b_5888,11526.244
00e12e8b_5889,11526.255
00e12e8b_5890,11526.265
00e12e8b_5891,11526.274
00e12e8b_5892,11526.284
00e12e8b_5893,11526.294
00e12e8b_5894,11526.304
00e12e8b_5895,11526.313
00e12e8b_5896,11526.322
00e12e8b_5897,11526.332
00e12e8b_5898,11526.341
00e12e8b_5899,11526.35
00e12e8b_5900,11526.358
00e12e8b_5901,11526.367
00e12e8b_5902,11526.375
00e12e8b_5903,11526.384
00e12e8b_5904,11526.392
00e12e8b_5905,11526.399
00e12e8b_5906,11526.407
00e12e8b_5907,11526.415
00e12e8b_5908,11526.422
00e12e8b_5909,11526.429
00e12e8b_5910,11526.436
00e12e8b_5911,11526.442
00e12e8b_5912,11526.448
00e12e8b_5913,11526.454
00e12e8b_5914,11526.46
00e12e8b_5915,11526.466
00e12e8b_5916,11526.471
00e12e8b_5917,11526.476
00e12e8b_5918,11526.48
00e12e8b_5919,11526.484
00e12e8b_5920,11526.488
00e12e8b_5921,11526.492
00e12e8b_5922,11526.496
00e12e8b_5923,11526.499
00e12e8b_5924,11526.502
00e12e8b_5925,11526.504
00e12e8b_5926,11526.507
00e12e8b_5927,11526.509
00e12e8b_5928,11526.511
00e12e8b_5929,11526.513
00e12e8b_5930,11526.514
00e12e8b_5931,11526.515
00e12e8b_5932,11526.517
00e12e8b_5933,11526.517
00e12e8b_5934,11526.518
00e12e8b_5935,11526.518
00e12e8b_5936,11526.519
00e12e8b_5937,11526.519
00e12e8b_5938,11526.518
00e12e8b_5939,11526.518
00e12e8b_5940,11526.517
00e12e8b_5941,11526.516
00e12e8b_5942,11526.515
00e12e8b_5943,11526.514
00e12e8b_5944,11526.513
00e12e8b_5945,11526.511
00e12e8b_5946,11526.509
00e12e8b_5947,11526.507
00e12e8b_5948,11526.505
00e12e8b_5949,11526.502
00e12e8b_5950,11526.499
00e12e8b_5951,11526.496
00e12e8b_5952,11526.493
00e12e8b_5953,11526.49
00e12e8b_5954,11526.486
00e12e8b_5955,11526.482
00e12e8b_5956,11526.479
00e12e8b_5957,11526.475
00e12e8b_5958,11526.47
00e12e8b_5959,11526.466
00e12e8b_5960,11526.461
00e12e8b_5961,11526.456
00e12e8b_5962,11526.45
00e12e8b_5963,11526.445
00e12e8b_5964,11526.439
00e12e8b_5965,11526.434
00e12e8b_5966,11526.428
00e12e8b_5967,11526.421
00e12e8b_5968,11526.414
00e12e8b_5969,11526.408
00e12e8b_5970,11526.4
00e12e8b_5971,11526.394
00e12e8b_5972,11526.387
00e12e8b_5973,11526.379
00e12e8b_5974,11526.371
00e12e8b_5975,11526.363
00e12e8b_5976,11526.3545
00e12e8b_5977,11526.347
00e12e8b_5978,11526.338
00e12e8b_5979,11526.33
00e12e8b_5980,11526.321
00e12e8b_5981,11526.3125
00e12e8b_5982,11526.304
00e12e8b_5983,11526.295
00e12e8b_5984,11526.286
00e12e8b_5985,11526.276
00e12e8b_5986,11526.268
00e12e8b_5987,11526.259
00e12e8b_5988,11526.249
00e12e8b_5989,11526.239
00e12e8b_5990,11526.2295
00e12e8b_5991,11526.221
00e12e8b_5992,11526.211
00e12e8b_5993,11526.201
00e12e8b_5994,11526.19
00e12e8b_5995,11526.181
00e12e8b_5996,11526.171
00e12e8b_5997,11526.161
00e12e8b_5998,11526.15
00e12e8b_5999,11526.141
00e12e8b_6000,11526.131
00e12e8b_6001,11526.12
00e12e8b_6002,11526.11
00e12e8b_6003,11526.1
00e12e8b_6004,11526.09
00e12e8b_6005,11526.079
00e12e8b_6006,11526.069
00e12e8b_6007,11526.059
00e12e8b_6008,11526.049
00e12e8b_6009,11526.038
00e12e8b_6010,11526.027
00e12e8b_6011,11526.018
00e12e8b_6012,11526.007
00e12e8b_6013,11525.997
00e12e8b_6014,11525.986
00e12e8b_6015,11525.977
00e12e8b_6016,11525.966
00e12e8b_6017,11525.956
00e12e8b_6018,11525.945
00e12e8b_6019,11525.936
00e12e8b_6020,11525.926
00e12e8b_6021,11525.916
00e12e8b_6022,11525.905
00e12e8b_6023,11525.8955
00e12e8b_6024,11525.886
00e12e8b_6025,11525.877
00e12e8b_6026,11525.867
00e12e8b_6027,11525.857
00e12e8b_6028,11525.849
00e12e8b_6029,11525.839
00e12e8b_6030,11525.83
00e12e8b_6031,11525.821
00e12e8b_6032,11525.812
00e12e8b_6033,11525.803
00e12e8b_6034,11525.795
00e12e8b_6035,11525.786
00e12e8b_6036,11525.777
00e12e8b_6037,11525.77
00e12e8b_6038,11525.761
00e12e8b_6039,11525.753
00e12e8b_6040,11525.744
00e12e8b_6041,11525.736
00e12e8b_6042,11525.729
00e12e8b_6043,11525.721
00e12e8b_6044,11525.713
00e12e8b_6045,11525.704
00e12e8b_6046,11525.696
00e12e8b_6047,11525.688
00e12e8b_6048,11525.681
00e12e8b_6049,11525.674
00e12e8b_6050,11525.666
00e12e8b_6051,11525.658
00e12e8b_6052,11525.65
00e12e8b_6053,11525.643
00e12e8b_6054,11525.635
00e12e8b_6055,11525.627
00e12e8b_6056,11525.62
00e12e8b_6057,11525.612
00e12e8b_6058,11525.6045
00e12e8b_6059,11525.597
00e12e8b_6060,11525.589
00e12e8b_6061,11525.581
00e12e8b_6062,11525.573
00e12e8b_6063,11525.566
00e12e8b_6064,11525.559
00e12e8b_6065,11525.551
00e12e8b_6066,11525.543
00e12e8b_6067,11525.535
00e12e8b_6068,11525.527
00e12e8b_6069,11525.52
00e12e8b_6070,11525.512
00e12e8b_6071,11525.505
00e12e8b_6072,11525.497
00e12e8b_6073,11525.489
00e12e8b_6074,11525.481
00e12e8b_6075,11525.475
00e12e8b_6076,11525.467
00e12e8b_6077,11525.459
00e12e8b_6078,11525.452
00e12e8b_6079,11525.444
00e12e8b_6080,11525.4375
00e12e8b_6081,11525.43
00e12e8b_6082,11525.423
00e12e8b_6083,11525.415
00e12e8b_6084,11525.408
00e12e8b_6085,11525.4
00e12e8b_6086,11525.394
00e12e8b_6087,11525.386
00e12e8b_6088,11525.379
00e12e8b_6089,11525.371
00e12e8b_6090,11525.364
00e12e8b_6091,11525.356
00e12e8b_6092,11525.35
00e12e8b_6093,11525.342
00e12e8b_6094,11525.335
00e12e8b_6095,11525.327
00e12e8b_6096,11525.32
00e12e8b_6097,11525.3125
00e12e8b_6098,11525.306
00e12e8b_6099,11525.298
00e12e8b_6100,11525.291
00e12e8b_6101,11525.284
00e12e8b_6102,11525.276
00e12e8b_6103,11525.27
00e12e8b_6104,11525.263
00e12e8b_6105,11525.256
00e12e8b_6106,11525.248
00e12e8b_6107,11525.241
00e12e8b_6108,11525.234
00e12e8b_6109,11525.228
00e12e8b_6110,11525.221
00e12e8b_6111,11525.213
00e12e8b_6112,11525.206
00e12e8b_6113,11525.199
00e12e8b_6114,11525.191
00e12e8b_6115,11525.185
00e12e8b_6116,11525.177
00e12e8b_6117,11525.17
00e12e8b_6118,11525.162
00e12e8b_6119,11525.155
00e12e8b_6120,11525.147
00e12e8b_6121,11525.14
00e12e8b_6122,11525.133
00e12e8b_6123,11525.125
00e12e8b_6124,11525.117
00e12e8b_6125,11525.109
00e12e8b_6126,11525.102
00e12e8b_6127,11525.094
00e12e8b_6128,11525.087
00e12e8b_6129,11525.079
00e12e8b_6130,11525.071
00e12e8b_6131,11525.063
00e12e8b_6132,11525.056
00e12e8b_6133,11525.048
00e12e8b_6134,11525.04
00e12e8b_6135,11525.032
00e12e8b_6136,11525.024
00e12e8b_6137,11525.018
00e12e8b_6138,11525.01
00e12e8b_6139,11525.002
00e12e8b_6140,11524.994
00e12e8b_6141,11524.986
00e12e8b_6142,11524.979
00e12e8b_6143,11524.971
00e12e8b_6144,11524.963
00e12e8b_6145,11524.955
00e12e8b_6146,11524.947
00e12e8b_6147,11524.939
00e12e8b_6148,11524.933
00e12e8b_6149,11524.925
00e12e8b_6150,11524.917
00e12e8b_6151,11524.909
00e12e8b_6152,11524.901
00e12e8b_6153,11524.894
00e12e8b_6154,11524.886
00e12e8b_6155,11524.879
00e12e8b_6156,11524.871
00e12e8b_6157,11524.863
00e12e8b_6158,11524.855
00e12e8b_6159,11524.848
00e12e8b_6160,11524.84
00e12e8b_6161,11524.832
00e12e8b_6162,11524.824
00e12e8b_6163,11524.816
00e12e8b_6164,11524.809
00e12e8b_6165,11524.802
00e12e8b_6166,11524.794
00e12e8b_6167,11524.786
00e12e8b_6168,11524.779
00e12e8b_6169,11524.771
00e12e8b_6170,11524.764
00e12e8b_6171,11524.757
00e12e8b_6172,11524.749
00e12e8b_6173,11524.742
00e12e8b_6174,11524.734
00e12e8b_6175,11524.728
00e12e8b_6176,11524.72
00e12e8b_6177,11524.713
00e12e8b_6178,11524.706
00e12e8b_6179,11524.698
00e12e8b_6180,11524.691
00e12e8b_6181,11524.685
00e12e8b_6182,11524.677
00e12e8b_6183,11524.67
00e12e8b_6184,11524.663
00e12e8b_6185,11524.655
00e12e8b_6186,11524.648
00e12e8b_6187,11524.641
00e12e8b_6188,11524.634
00e12e8b_6189,11524.627
00e12e8b_6190,11524.619
00e12e8b_6191,11524.612
00e12e8b_6192,11524.6045
00e12e8b_6193,11524.598
00e12e8b_6194,11524.59
00e12e8b_6195,11524.582
00e12e8b_6196,11524.575
00e12e8b_6197,11524.567
00e12e8b_6198,11524.561
00e12e8b_6199,11524.553
00e12e8b_6200,11524.545
00e12e8b_6201,11524.537
00e12e8b_6202,11524.529
00e12e8b_6203,11524.522
00e12e8b_6204,11524.515
00e12e8b_6205,11524.507
00e12e8b_6206,11524.499
00e12e8b_6207,11524.491
00e12e8b_6208,11524.483
00e12e8b_6209,11524.476
00e12e8b_6210,11524.468
00e12e8b_6211,11524.461
00e12e8b_6212,11524.453
00e12e8b_6213,11524.445
00e12e8b_6214,11524.4375
00e12e8b_6215,11524.43
00e12e8b_6216,11524.422
00e12e8b_6217,11524.414
00e12e8b_6218,11524.406
00e12e8b_6219,11524.398
00e12e8b_6220,11524.391
00e12e8b_6221,11524.383
00e12e8b_6222,11524.375
00e12e8b_6223,11524.367
00e12e8b_6224,11524.359
00e12e8b_6225,11524.352
00e12e8b_6226,11524.345
00e12e8b_6227,11524.337
00e12e8b_6228,11524.329
00e12e8b_6229,11524.321
00e12e8b_6230,11524.314
00e12e8b_6231,11524.307
00e12e8b_6232,11524.3
00e12e8b_6233,11524.292
00e12e8b_6234,11524.287
00e12e8b_6235,11524.281
00e12e8b_6236,11524.275
00e12e8b_6237,11524.2705
00e12e8b_6238,11524.265
00e12e8b_6239,11524.259
00e12e8b_6240,11524.254
00e12e8b_6241,11524.248
00e12e8b_6242,11524.243
00e12e8b_6243,11524.237
00e12e8b_6244,11524.232
00e12e8b_6245,11524.227
00e12e8b_6246,11524.222
00e12e8b_6247,11524.217
00e12e8b_6248,11524.212
00e12e8b_6249,11524.206
00e12e8b_6250,11524.201
00e12e8b_6251,11524.196
00e12e8b_6252,11524.191
00e12e8b_6253,11524.187
00e12e8b_6254,11524.182
00e12e8b_6255,11524.177
00e12e8b_6256,11524.172
00e12e8b_6257,11524.167
00e12e8b_6258,11524.163
00e12e8b_6259,11524.158
00e12e8b_6260,11524.153
00e12e8b_6261,11524.148
00e12e8b_6262,11524.145
00e12e8b_6263,11524.14
00e12e8b_6264,11524.135
00e12e8b_6265,11524.131
00e12e8b_6266,11524.126
00e12e8b_6267,11524.122
00e12e8b_6268,11524.117
00e12e8b_6269,11524.113
00e12e8b_6270,11524.109
00e12e8b_6271,11524.1045
00e12e8b_6272,11524.101
00e12e8b_6273,11524.097
00e12e8b_6274,11524.093
00e12e8b_6275,11524.089
00e12e8b_6276,11524.084
00e12e8b_6277,11524.08
00e12e8b_6278,11524.076
00e12e8b_6279,11524.072
00e12e8b_6280,11524.068
00e12e8b_6281,11524.065
00e12e8b_6282,11524.062
00e12e8b_6283,11524.058
00e12e8b_6284,11524.054
00e12e8b_6285,11524.05
00e12e8b_6286,11524.047
00e12e8b_6287,11524.043
00e12e8b_6288,11524.039
00e12e8b_6289,11524.036
00e12e8b_6290,11524.032
00e12e8b_6291,11524.029
00e12e8b_6292,11524.025
00e12e8b_6293,11524.022
00e12e8b_6294,11524.02
00e12e8b_6295,11524.016
00e12e8b_6296,11524.013
00e12e8b_6297,11524.01
00e12e8b_6298,11524.007
00e12e8b_6299,11524.003
00e12e8b_6300,11524.0
00e12e8b_6301,11523.997
00e12e8b_6302,11523.994
00e12e8b_6303,11523.991
00e12e8b_6304,11523.988
00e12e8b_6305,11523.985
00e12e8b_6306,11523.982
00e12e8b_6307,11523.98
00e12e8b_6308,11523.978
00e12e8b_6309,11523.975
00e12e8b_6310,11523.972
00e12e8b_6311,11523.97
00e12e8b_6312,11523.967
00e12e8b_6313,11523.964
00e12e8b_6314,11523.962
00e12e8b_6315,11523.959
00e12e8b_6316,11523.957
00e12e8b_6317,11523.954
00e12e8b_6318,11523.952
00e12e8b_6319,11523.95
00e12e8b_6320,11523.947
00e12e8b_6321,11523.945
00e12e8b_6322,11523.943
00e12e8b_6323,11523.941
00e12e8b_6324,11523.939
00e12e8b_6325,11523.937
00e12e8b_6326,11523.935
00e12e8b_6327,11523.933
00e12e8b_6328,11523.931
00e12e8b_6329,11523.929
00e12e8b_6330,11523.928
00e12e8b_6331,11523.926
00e12e8b_6332,11523.924
00e12e8b_6333,11523.922
00e12e8b_6334,11523.92
00e12e8b_6335,11523.919
00e12e8b_6336,11523.917
00e12e8b_6337,11523.915
00e12e8b_6338,11523.914
00e12e8b_6339,11523.912
00e12e8b_6340,11523.911
00e12e8b_6341,11523.909
00e12e8b_6342,11523.908
00e12e8b_6343,11523.907
00e12e8b_6344,11523.905
00e12e8b_6345,11523.904
00e12e8b_6346,11523.903
00e12e8b_6347,11523.901
00e12e8b_6348,11523.9
00e12e8b_6349,11523.899
00e12e8b_6350,11523.898
00e12e8b_6351,11523.897
00e12e8b_6352,11523.896
00e12e8b_6353,11523.8955
00e12e8b_6354,11523.895
00e12e8b_6355,11523.894
00e12e8b_6356,11523.893
00e12e8b_6357,11523.893
00e12e8b_6358,11523.892
00e12e8b_6359,11523.891
00e12e8b_6360,11523.89
00e12e8b_6361,11523.89
00e12e8b_6362,11523.889
00e12e8b_6363,11523.889
00e12e8b_6364,11523.888
00e12e8b_6365,11523.888
00e12e8b_6366,11523.887
00e12e8b_6367,11523.887
00e12e8b_6368,11523.886
00e12e8b_6369,11523.886
00e12e8b_6370,11523.886
00e12e8b_6371,11523.886
00e12e8b_6372,11523.885
00e12e8b_6373,11523.885
00e12e8b_6374,11523.885
00e12e8b_6375,11523.885
00e12e8b_6376,11523.885
00e12e8b_6377,11523.885
00e12e8b_6378,11523.885
00e12e8b_6379,11523.885
00e12e8b_6380,11523.885
00e12e8b_6381,11523.886
00e12e8b_6382,11523.886
00e12e8b_6383,11523.886
