id,tvt
000d7d20_1442,11747.391
000d7d20_1443,11747.394
000d7d20_1444,11747.383
000d7d20_1445,11747.473
000d7d20_1446,11747.487
000d7d20_1447,11747.481
000d7d20_1448,11747.489
000d7d20_1449,11747.5
000d7d20_1450,11747.515
000d7d20_1451,11747.53
000d7d20_1452,11747.511
000d7d20_1453,11747.481
000d7d20_1454,11747.511
000d7d20_1455,11747.478
000d7d20_1456,11747.474
000d7d20_1457,11747.474
000d7d20_1458,11747.474
000d7d20_1459,11747.488
000d7d20_1460,11747.476
000d7d20_1461,11747.523
000d7d20_1462,11747.507
000d7d20_1463,11747.505
000d7d20_1464,11747.531
000d7d20_1465,11747.578
000d7d20_1466,11747.552
000d7d20_1467,11747.567
000d7d20_1468,11747.591
000d7d20_1469,11747.66
000d7d20_1470,11747.641
000d7d20_1471,11747.672
000d7d20_1472,11747.661
000d7d20_1473,11747.71
000d7d20_1474,11747.788
000d7d20_1475,11747.802
000d7d20_1476,11747.805
000d7d20_1477,11747.802
000d7d20_1478,11747.792
000d7d20_1479,11747.784
000d7d20_1480,11747.794
000d7d20_1481,11747.702
000d7d20_1482,11747.706
000d7d20_1483,11747.7
000d7d20_1484,11747.724
000d7d20_1485,11747.719
000d7d20_1486,11747.722
000d7d20_1487,11747.738
000d7d20_1488,11747.726
000d7d20_1489,11747.731
000d7d20_1490,11747.719
000d7d20_1491,11747.746
000d7d20_1492,11747.6875
000d7d20_1493,11747.683
000d7d20_1494,11747.681
000d7d20_1495,11747.679
000d7d20_1496,11747.68
000d7d20_1497,11747.695
000d7d20_1498,11747.688
000d7d20_1499,11747.7
000d7d20_1500,11747.698
000d7d20_1501,11747.696
000d7d20_1502,11747.766
000d7d20_1503,11747.758
000d7d20_1504,11747.765
000d7d20_1505,11747.749
000d7d20_1506,11747.758
000d7d20_1507,11747.7705
000d7d20_1508,11747.788
000d7d20_1509,11747.776
000d7d20_1510,11747.797
000d7d20_1511,11747.808
000d7d20_1512,11747.821
000d7d20_1513,11747.823
000d7d20_1514,11747.823
000d7d20_1515,11747.8545
000d7d20_1516,11747.867
000d7d20_1517,11748.042
000d7d20_1518,11748.089
000d7d20_1519,11748.1455
000d7d20_1520,11748.142
000d7d20_1521,11748.175
000d7d20_1522,11748.237
000d7d20_1523,11748.267
000d7d20_1524,11748.32
000d7d20_1525,11748.349
000d7d20_1526,11748.401
000d7d20_1527,11748.478
000d7d20_1528,11748.52
000d7d20_1529,11748.527
000d7d20_1530,11748.503
000d7d20_1531,11748.487
000d7d20_1532,11748.5
000d7d20_1533,11748.535
000d7d20_1534,11748.534
000d7d20_1535,11748.542
000d7d20_1536,11748.542
000d7d20_1537,11748.554
000d7d20_1538,11748.583
000d7d20_1539,11748.509
000d7d20_1540,11748.497
000d7d20_1541,11748.523
000d7d20_1542,11748.535
000d7d20_1543,11748.591
000d7d20_1544,11748.595
000d7d20_1545,11748.62
000d7d20_1546,11748.66
000d7d20_1547,11748.633
000d7d20_1548,11748.665
000d7d20_1549,11748.715
000d7d20_1550,11748.719
000d7d20_1551,11748.731
000d7d20_1552,11748.745
000d7d20_1553,11748.833
000d7d20_1554,11748.792
000d7d20_1555,11748.805
000d7d20_1556,11748.786
000d7d20_1557,11748.77
000d7d20_1558,11748.786
000d7d20_1559,11748.788
000d7d20_1560,11748.815
000d7d20_1561,11748.802
000d7d20_1562,11748.776
000d7d20_1563,11748.745
000d7d20_1564,11748.739
000d7d20_1565,11748.812
000d7d20_1566,11748.781
000d7d20_1567,11748.781
000d7d20_1568,11748.794
000d7d20_1569,11748.798
000d7d20_1570,11748.824
000d7d20_1571,11748.835
000d7d20_1572,11748.96
000d7d20_1573,11748.968
000d7d20_1574,11749.009
000d7d20_1575,11748.989
000d7d20_1576,11748.985
000d7d20_1577,11748.96
000d7d20_1578,11748.997
000d7d20_1579,11749.078
000d7d20_1580,11749.144
000d7d20_1581,11749.151
000d7d20_1582,11749.215
000d7d20_1583,11749.238
000d7d20_1584,11749.259
000d7d20_1585,11749.266
000d7d20_1586,11749.222
000d7d20_1587,11749.259
000d7d20_1588,11749.31
000d7d20_1589,11749.292
000d7d20_1590,11749.282
000d7d20_1591,11749.246
000d7d20_1592,11749.281
000d7d20_1593,11749.257
000d7d20_1594,11749.269
000d7d20_1595,11749.266
000d7d20_1596,11749.241
000d7d20_1597,11749.263
000d7d20_1598,11749.258
000d7d20_1599,11749.224
000d7d20_1600,11749.27
000d7d20_1601,11749.281
000d7d20_1602,11749.259
000d7d20_1603,11749.286
000d7d20_1604,11749.267
000d7d20_1605,11749.269
000d7d20_1606,11749.403
000d7d20_1607,11749.401
000d7d20_1608,11749.367
000d7d20_1609,11749.394
000d7d20_1610,11749.401
000d7d20_1611,11749.421
000d7d20_1612,11749.433
000d7d20_1613,11749.401
000d7d20_1614,11749.417
000d7d20_1615,11749.427
000d7d20_1616,11749.401
000d7d20_1617,11749.422
000d7d20_1618,11749.331
000d7d20_1619,11749.344
000d7d20_1620,11749.328
000d7d20_1621,11749.297
000d7d20_1622,11749.214
000d7d20_1623,11749.216
000d7d20_1624,11749.1875
000d7d20_1625,11749.19
000d7d20_1626,11749.176
000d7d20_1627,11749.191
000d7d20_1628,11749.181
000d7d20_1629,11749.144
000d7d20_1630,11749.122
000d7d20_1631,11749.089
000d7d20_1632,11749.06
000d7d20_1633,11749.046
000d7d20_1634,11749.016
000d7d20_1635,11749.028
000d7d20_1636,11749.0
000d7d20_1637,11748.98
000d7d20_1638,11748.949
000d7d20_1639,11748.974
000d7d20_1640,11748.988
000d7d20_1641,11748.961
000d7d20_1642,11748.953
000d7d20_1643,11748.902
000d7d20_1644,11748.901
000d7d20_1645,11748.863
000d7d20_1646,11748.802
000d7d20_1647,11748.828
000d7d20_1648,11748.808
000d7d20_1649,11748.81
000d7d20_1650,11748.78
000d7d20_1651,11748.7295
000d7d20_1652,11748.706
000d7d20_1653,11748.703
000d7d20_1654,11748.671
000d7d20_1655,11748.622
000d7d20_1656,11748.633
000d7d20_1657,11748.614
000d7d20_1658,11748.621
000d7d20_1659,11748.594
000d7d20_1660,11748.6045
000d7d20_1661,11748.573
000d7d20_1662,11748.597
000d7d20_1663,11748.589
000d7d20_1664,11748.571
000d7d20_1665,11748.587
000d7d20_1666,11748.556
000d7d20_1667,11748.581
000d7d20_1668,11748.548
000d7d20_1669,11748.5625
000d7d20_1670,11748.509
000d7d20_1671,11748.547
000d7d20_1672,11748.508
000d7d20_1673,11748.52
000d7d20_1674,11748.5205
000d7d20_1675,11748.528
000d7d20_1676,11748.509
000d7d20_1677,11748.552
000d7d20_1678,11748.524
000d7d20_1679,11748.542
000d7d20_1680,11748.526
000d7d20_1681,11748.551
000d7d20_1682,11748.53
000d7d20_1683,11748.555
000d7d20_1684,11748.513
000d7d20_1685,11748.542
000d7d20_1686,11748.534
000d7d20_1687,11748.55
000d7d20_1688,11748.535
000d7d20_1689,11748.539
000d7d20_1690,11748.523
000d7d20_1691,11748.579
000d7d20_1692,11748.563
000d7d20_1693,11748.806
000d7d20_1694,11748.797
000d7d20_1695,11748.801
000d7d20_1696,11748.862
000d7d20_1697,11748.849
000d7d20_1698,11748.864
000d7d20_1699,11748.876
000d7d20_1700,11748.883
000d7d20_1701,11748.847
000d7d20_1702,11748.836
000d7d20_1703,11748.824
000d7d20_1704,11748.792
000d7d20_1705,11748.776
000d7d20_1706,11748.763
000d7d20_1707,11748.735
000d7d20_1708,11748.712
000d7d20_1709,11748.707
000d7d20_1710,11748.672
000d7d20_1711,11748.642
000d7d20_1712,11748.641
000d7d20_1713,11748.593
000d7d20_1714,11748.587
000d7d20_1715,11748.563
000d7d20_1716,11748.562
000d7d20_1717,11748.562
000d7d20_1718,11748.543
000d7d20_1719,11748.534
000d7d20_1720,11748.503
000d7d20_1721,11748.4795
000d7d20_1722,11748.458
000d7d20_1723,11748.453
000d7d20_1724,11748.456
000d7d20_1725,11748.438
000d7d20_1726,11748.4375
000d7d20_1727,11748.442
000d7d20_1728,11748.435
000d7d20_1729,11748.44
000d7d20_1730,11748.434
000d7d20_1731,11748.44
000d7d20_1732,11748.435
000d7d20_1733,11748.414
000d7d20_1734,11748.382
000d7d20_1735,11748.372
000d7d20_1736,11748.356
000d7d20_1737,11748.3545
000d7d20_1738,11748.349
000d7d20_1739,11748.343
000d7d20_1740,11748.352
000d7d20_1741,11748.336
000d7d20_1742,11748.333
000d7d20_1743,11748.349
000d7d20_1744,11748.344
000d7d20_1745,11748.316
000d7d20_1746,11748.32
000d7d20_1747,11748.317
000d7d20_1748,11748.302
000d7d20_1749,11748.297
000d7d20_1750,11748.306
000d7d20_1751,11748.32
000d7d20_1752,11748.333
000d7d20_1753,11748.339
000d7d20_1754,11748.36
000d7d20_1755,11748.379
000d7d20_1756,11748.379
000d7d20_1757,11748.371
000d7d20_1758,11748.367
000d7d20_1759,11748.376
000d7d20_1760,11748.39
000d7d20_1761,11748.38
000d7d20_1762,11748.376
000d7d20_1763,11748.3955
000d7d20_1764,11748.387
000d7d20_1765,11748.395
000d7d20_1766,11748.371
000d7d20_1767,11748.388
000d7d20_1768,11748.403
000d7d20_1769,11748.415
000d7d20_1770,11748.433
000d7d20_1771,11748.474
000d7d20_1772,11748.453
000d7d20_1773,11748.457
000d7d20_1774,11748.46
000d7d20_1775,11748.456
000d7d20_1776,11748.472
000d7d20_1777,11748.472
000d7d20_1778,11748.473
000d7d20_1779,11748.485
000d7d20_1780,11748.664
000d7d20_1781,11748.664
000d7d20_1782,11748.685
000d7d20_1783,11748.703
000d7d20_1784,11748.711
000d7d20_1785,11748.733
000d7d20_1786,11748.739
000d7d20_1787,11748.737
000d7d20_1788,11748.733
000d7d20_1789,11748.733
000d7d20_1790,11748.733
000d7d20_1791,11748.755
000d7d20_1792,11748.742
000d7d20_1793,11748.754
000d7d20_1794,11748.52
000d7d20_1795,11748.501
000d7d20_1796,11748.469
000d7d20_1797,11748.417
000d7d20_1798,11748.374
000d7d20_1799,11748.345
000d7d20_1800,11748.075
000d7d20_1801,11747.969
000d7d20_1802,11747.909
000d7d20_1803,11747.825
000d7d20_1804,11747.79
000d7d20_1805,11747.778
000d7d20_1806,11747.778
000d7d20_1807,11747.769
000d7d20_1808,11747.767
000d7d20_1809,11747.747
000d7d20_1810,11747.738
000d7d20_1811,11747.687
000d7d20_1812,11747.661
000d7d20_1813,11747.719
000d7d20_1814,11747.695
000d7d20_1815,11747.675
000d7d20_1816,11747.66
000d7d20_1817,11747.626
000d7d20_1818,11747.621
000d7d20_1819,11747.613
000d7d20_1820,11747.62
000d7d20_1821,11747.608
000d7d20_1822,11747.629
000d7d20_1823,11747.608
000d7d20_1824,11747.63
000d7d20_1825,11747.61
000d7d20_1826,11747.606
000d7d20_1827,11747.57
000d7d20_1828,11747.57
000d7d20_1829,11747.605
000d7d20_1830,11747.547
000d7d20_1831,11747.606
000d7d20_1832,11747.589
000d7d20_1833,11747.598
000d7d20_1834,11747.618
000d7d20_1835,11747.636
000d7d20_1836,11747.664
000d7d20_1837,11747.671
000d7d20_1838,11747.669
000d7d20_1839,11747.687
000d7d20_1840,11747.7
000d7d20_1841,11747.691
000d7d20_1842,11747.7
000d7d20_1843,11747.69
000d7d20_1844,11747.702
000d7d20_1845,11747.6875
000d7d20_1846,11747.698
000d7d20_1847,11747.727
000d7d20_1848,11747.716
000d7d20_1849,11747.711
000d7d20_1850,11747.731
000d7d20_1851,11747.724
000d7d20_1852,11747.723
000d7d20_1853,11747.755
000d7d20_1854,11747.81
000d7d20_1855,11747.792
000d7d20_1856,11747.948
000d7d20_1857,11747.925
000d7d20_1858,11747.9375
000d7d20_1859,11747.974
000d7d20_1860,11747.977
000d7d20_1861,11748.0
000d7d20_1862,11747.968
000d7d20_1863,11747.944
000d7d20_1864,11747.847
000d7d20_1865,11747.875
000d7d20_1866,11747.862
000d7d20_1867,11748.055
000d7d20_1868,11748.075
000d7d20_1869,11748.026
000d7d20_1870,11748.0205
000d7d20_1871,11748.022
000d7d20_1872,11748.067
000d7d20_1873,11748.03
000d7d20_1874,11747.992
000d7d20_1875,11747.964
000d7d20_1876,11748.003
000d7d20_1877,11748.008
000d7d20_1878,11748.008
000d7d20_1879,11747.969
000d7d20_1880,11747.983
000d7d20_1881,11747.964
000d7d20_1882,11747.931
000d7d20_1883,11747.956
000d7d20_1884,11747.961
000d7d20_1885,11747.923
000d7d20_1886,11747.94
000d7d20_1887,11747.8955
000d7d20_1888,11747.938
000d7d20_1889,11747.961
000d7d20_1890,11748.015
000d7d20_1891,11747.925
000d7d20_1892,11748.016
000d7d20_1893,11748.03
000d7d20_1894,11747.996
000d7d20_1895,11747.988
000d7d20_1896,11747.956
000d7d20_1897,11747.906
000d7d20_1898,11747.878
000d7d20_1899,11747.868
000d7d20_1900,11747.919
000d7d20_1901,11748.0
000d7d20_1902,11747.987
000d7d20_1903,11748.035
000d7d20_1904,11748.063
000d7d20_1905,11748.218
000d7d20_1906,11748.219
000d7d20_1907,11748.19
000d7d20_1908,11748.151
000d7d20_1909,11748.16
000d7d20_1910,11748.164
000d7d20_1911,11748.161
000d7d20_1912,11748.153
000d7d20_1913,11748.156
000d7d20_1914,11748.138
000d7d20_1915,11748.152
000d7d20_1916,11748.173
000d7d20_1917,11748.2295
000d7d20_1918,11748.246
000d7d20_1919,11748.242
000d7d20_1920,11748.212
000d7d20_1921,11748.164
000d7d20_1922,11748.185
000d7d20_1923,11748.195
000d7d20_1924,11748.179
000d7d20_1925,11748.175
000d7d20_1926,11748.157
000d7d20_1927,11748.102
000d7d20_1928,11748.141
000d7d20_1929,11748.137
000d7d20_1930,11748.18
000d7d20_1931,11748.202
000d7d20_1932,11748.242
000d7d20_1933,11748.341
000d7d20_1934,11748.429
000d7d20_1935,11748.53
000d7d20_1936,11748.595
000d7d20_1937,11748.702
000d7d20_1938,11748.763
000d7d20_1939,11748.839
000d7d20_1940,11748.874
000d7d20_1941,11748.872
000d7d20_1942,11748.853
000d7d20_1943,11748.925
000d7d20_1944,11749.032
000d7d20_1945,11749.042
000d7d20_1946,11749.0625
000d7d20_1947,11749.074
000d7d20_1948,11749.175
000d7d20_1949,11749.183
000d7d20_1950,11749.206
000d7d20_1951,11749.227
000d7d20_1952,11749.461
000d7d20_1953,11749.477
000d7d20_1954,11749.485
000d7d20_1955,11749.497
000d7d20_1956,11749.554
000d7d20_1957,11749.587
000d7d20_1958,11749.458
000d7d20_1959,11749.421
000d7d20_1960,11749.388
000d7d20_1961,11749.273
000d7d20_1962,11749.138
000d7d20_1963,11749.032
000d7d20_1964,11748.737
000d7d20_1965,11748.722
000d7d20_1966,11748.622
000d7d20_1967,11748.453
000d7d20_1968,11748.464
000d7d20_1969,11748.386
000d7d20_1970,11748.391
000d7d20_1971,11748.378
000d7d20_1972,11748.366
000d7d20_1973,11748.341
000d7d20_1974,11748.317
000d7d20_1975,11748.297
000d7d20_1976,11748.28
000d7d20_1977,11748.281
000d7d20_1978,11748.25
000d7d20_1979,11748.228
000d7d20_1980,11748.214
000d7d20_1981,11748.195
000d7d20_1982,11748.184
000d7d20_1983,11748.185
000d7d20_1984,11748.183
000d7d20_1985,11748.128
000d7d20_1986,11748.125
000d7d20_1987,11748.097
000d7d20_1988,11748.004
000d7d20_1989,11748.032
000d7d20_1990,11748.031
000d7d20_1991,11748.0205
000d7d20_1992,11748.0
000d7d20_1993,11747.984
000d7d20_1994,11747.977
000d7d20_1995,11747.964
000d7d20_1996,11747.952
000d7d20_1997,11747.942
000d7d20_1998,11747.953
000d7d20_1999,11747.921
000d7d20_2000,11747.921
000d7d20_2001,11747.88
000d7d20_2002,11747.862
000d7d20_2003,11747.876
000d7d20_2004,11747.864
000d7d20_2005,11747.872
000d7d20_2006,11747.855
000d7d20_2007,11747.913
000d7d20_2008,11747.97
000d7d20_2009,11748.034
000d7d20_2010,11748.112
000d7d20_2011,11748.164
000d7d20_2012,11748.304
000d7d20_2013,11748.802
000d7d20_2014,11748.836
000d7d20_2015,11748.878
000d7d20_2016,11748.917
000d7d20_2017,11749.005
000d7d20_2018,11749.079
000d7d20_2019,11749.216
000d7d20_2020,11749.233
000d7d20_2021,11749.297
000d7d20_2022,11749.3125
000d7d20_2023,11749.317
000d7d20_2024,11749.37
000d7d20_2025,11749.419
000d7d20_2026,11749.414
000d7d20_2027,11749.406
000d7d20_2028,11749.422
000d7d20_2029,11749.427
000d7d20_2030,11749.419
000d7d20_2031,11749.427
000d7d20_2032,11749.419
000d7d20_2033,11749.419
000d7d20_2034,11749.434
000d7d20_2035,11749.449
000d7d20_2036,11749.448
000d7d20_2037,11749.473
000d7d20_2038,11749.493
000d7d20_2039,11749.661
000d7d20_2040,11749.653
000d7d20_2041,11749.632
000d7d20_2042,11749.616
000d7d20_2043,11749.606
000d7d20_2044,11749.6045
000d7d20_2045,11749.594
000d7d20_2046,11749.3955
000d7d20_2047,11749.37
000d7d20_2048,11749.328
000d7d20_2049,11749.251
000d7d20_2050,11749.239
000d7d20_2051,11749.269
000d7d20_2052,11749.069
000d7d20_2053,11748.985
000d7d20_2054,11749.055
000d7d20_2055,11749.038
000d7d20_2056,11749.032
000d7d20_2057,11749.011
000d7d20_2058,11749.03
000d7d20_2059,11749.023
000d7d20_2060,11749.02
000d7d20_2061,11749.028
000d7d20_2062,11749.035
000d7d20_2063,11749.05
000d7d20_2064,11749.052
000d7d20_2065,11749.069
000d7d20_2066,11749.077
000d7d20_2067,11749.082
000d7d20_2068,11749.034
000d7d20_2069,11749.052
000d7d20_2070,11749.055
000d7d20_2071,11749.0625
000d7d20_2072,11749.175
000d7d20_2073,11749.196
000d7d20_2074,11749.238
000d7d20_2075,11749.241
000d7d20_2076,11749.391
000d7d20_2077,11749.302
000d7d20_2078,11749.298
000d7d20_2079,11749.317
000d7d20_2080,11749.347
000d7d20_2081,11749.349
000d7d20_2082,11749.37
000d7d20_2083,11749.376
000d7d20_2084,11749.3125
000d7d20_2085,11749.317
000d7d20_2086,11749.309
000d7d20_2087,11749.298
000d7d20_2088,11749.313
000d7d20_2089,11749.25
000d7d20_2090,11749.3125
000d7d20_2091,11749.328
000d7d20_2092,11749.328
000d7d20_2093,11749.319
000d7d20_2094,11749.281
000d7d20_2095,11749.306
000d7d20_2096,11749.2705
000d7d20_2097,11749.269
000d7d20_2098,11749.257
000d7d20_2099,11749.227
000d7d20_2100,11749.187
000d7d20_2101,11749.191
000d7d20_2102,11749.202
000d7d20_2103,11749.122
000d7d20_2104,11748.948
000d7d20_2105,11748.925
000d7d20_2106,11748.809
000d7d20_2107,11748.867
000d7d20_2108,11748.872
000d7d20_2109,11748.917
000d7d20_2110,11748.773
000d7d20_2111,11748.903
000d7d20_2112,11748.93
000d7d20_2113,11748.953
000d7d20_2114,11748.845
000d7d20_2115,11748.942
000d7d20_2116,11748.949
000d7d20_2117,11748.997
000d7d20_2118,11748.844
000d7d20_2119,11748.852
000d7d20_2120,11748.97
000d7d20_2121,11748.862
000d7d20_2122,11749.019
000d7d20_2123,11748.98
000d7d20_2124,11749.004
000d7d20_2125,11749.157
000d7d20_2126,11749.129
000d7d20_2127,11749.16
000d7d20_2128,11749.142
000d7d20_2129,11749.042
000d7d20_2130,11749.183
000d7d20_2131,11749.253
000d7d20_2132,11749.2
000d7d20_2133,11749.237
000d7d20_2134,11749.169
000d7d20_2135,11749.159
000d7d20_2136,11749.206
000d7d20_2137,11749.38
000d7d20_2138,11749.468
000d7d20_2139,11749.247
000d7d20_2140,11749.035
000d7d20_2141,11749.039
000d7d20_2142,11749.032
000d7d20_2143,11748.949
000d7d20_2144,11748.933
000d7d20_2145,11748.948
000d7d20_2146,11748.909
000d7d20_2147,11748.831
000d7d20_2148,11748.851
000d7d20_2149,11748.769
000d7d20_2150,11748.79
000d7d20_2151,11748.758
000d7d20_2152,11748.746
000d7d20_2153,11748.7295
000d7d20_2154,11748.737
000d7d20_2155,11748.718
000d7d20_2156,11748.656
000d7d20_2157,11748.673
000d7d20_2158,11748.691
000d7d20_2159,11748.733
000d7d20_2160,11748.77
000d7d20_2161,11748.781
000d7d20_2162,11748.804
000d7d20_2163,11748.785
000d7d20_2164,11748.786
000d7d20_2165,11748.786
000d7d20_2166,11748.773
000d7d20_2167,11748.77
000d7d20_2168,11748.761
000d7d20_2169,11748.805
000d7d20_2170,11748.801
000d7d20_2171,11748.837
000d7d20_2172,11748.849
000d7d20_2173,11748.802
000d7d20_2174,11748.777
000d7d20_2175,11748.75
000d7d20_2176,11748.703
000d7d20_2177,11748.668
000d7d20_2178,11748.612
000d7d20_2179,11748.542
000d7d20_2180,11748.513
000d7d20_2181,11748.4375
000d7d20_2182,11748.465
000d7d20_2183,11748.423
000d7d20_2184,11748.3955
000d7d20_2185,11748.36
000d7d20_2186,11748.36
000d7d20_2187,11748.372
000d7d20_2188,11748.355
000d7d20_2189,11748.3545
000d7d20_2190,11748.353
000d7d20_2191,11748.349
000d7d20_2192,11748.355
000d7d20_2193,11748.32
000d7d20_2194,11748.323
000d7d20_2195,11748.325
000d7d20_2196,11748.316
000d7d20_2197,11748.317
000d7d20_2198,11748.329
000d7d20_2199,11748.331
000d7d20_2200,11748.332
000d7d20_2201,11748.316
000d7d20_2202,11748.336
000d7d20_2203,11748.323
000d7d20_2204,11748.34
000d7d20_2205,11748.352
000d7d20_2206,11748.366
000d7d20_2207,11748.364
000d7d20_2208,11748.392
000d7d20_2209,11748.6875
000d7d20_2210,11748.714
000d7d20_2211,11748.739
000d7d20_2212,11748.765
000d7d20_2213,11748.77
000d7d20_2214,11748.763
000d7d20_2215,11748.761
000d7d20_2216,11748.766
000d7d20_2217,11748.753
000d7d20_2218,11748.753
000d7d20_2219,11748.761
000d7d20_2220,11748.753
000d7d20_2221,11748.761
000d7d20_2222,11748.769
000d7d20_2223,11748.77
000d7d20_2224,11748.761
000d7d20_2225,11748.749
000d7d20_2226,11748.751
000d7d20_2227,11748.758
000d7d20_2228,11748.763
000d7d20_2229,11748.776
000d7d20_2230,11748.773
000d7d20_2231,11748.776
000d7d20_2232,11748.8
000d7d20_2233,11748.805
000d7d20_2234,11748.805
000d7d20_2235,11748.804
000d7d20_2236,11748.829
000d7d20_2237,11748.843
000d7d20_2238,11748.819
000d7d20_2239,11748.828
000d7d20_2240,11748.851
000d7d20_2241,11748.853
000d7d20_2242,11748.839
000d7d20_2243,11748.875
000d7d20_2244,11748.884
000d7d20_2245,11748.902
000d7d20_2246,11748.892
000d7d20_2247,11748.934
000d7d20_2248,11748.915
000d7d20_2249,11748.956
000d7d20_2250,11748.974
000d7d20_2251,11748.983
000d7d20_2252,11749.0
000d7d20_2253,11749.079
000d7d20_2254,11749.12
000d7d20_2255,11749.122
000d7d20_2256,11749.141
000d7d20_2257,11749.142
000d7d20_2258,11749.148
000d7d20_2259,11749.165
000d7d20_2260,11749.14
000d7d20_2261,11749.13
000d7d20_2262,11749.141
000d7d20_2263,11749.122
000d7d20_2264,11749.112
000d7d20_2265,11749.087
000d7d20_2266,11749.103
000d7d20_2267,11749.075
000d7d20_2268,11749.077
000d7d20_2269,11749.095
000d7d20_2270,11749.078
000d7d20_2271,11749.074
000d7d20_2272,11749.091
000d7d20_2273,11749.074
000d7d20_2274,11749.063
000d7d20_2275,11749.065
000d7d20_2276,11749.016
000d7d20_2277,11749.016
000d7d20_2278,11749.001
000d7d20_2279,11748.9795
000d7d20_2280,11748.918
000d7d20_2281,11748.876
000d7d20_2282,11748.844
000d7d20_2283,11748.86
000d7d20_2284,11748.833
000d7d20_2285,11748.767
000d7d20_2286,11748.778
000d7d20_2287,11748.759
000d7d20_2288,11748.718
000d7d20_2289,11748.714
000d7d20_2290,11748.597
000d7d20_2291,11748.773
000d7d20_2292,11748.749
000d7d20_2293,11748.745
000d7d20_2294,11748.755
000d7d20_2295,11748.695
000d7d20_2296,11748.718
000d7d20_2297,11749.161
000d7d20_2298,11749.18
000d7d20_2299,11749.2295
000d7d20_2300,11749.231
000d7d20_2301,11749.2705
000d7d20_2302,11749.231
000d7d20_2303,11749.224
000d7d20_2304,11749.099
000d7d20_2305,11749.056
000d7d20_2306,11749.05
000d7d20_2307,11749.001
000d7d20_2308,11748.948
000d7d20_2309,11748.94
000d7d20_2310,11748.942
000d7d20_2311,11748.925
000d7d20_2312,11748.925
000d7d20_2313,11748.888
000d7d20_2314,11748.88
000d7d20_2315,11748.841
000d7d20_2316,11748.828
000d7d20_2317,11748.802
000d7d20_2318,11748.613
000d7d20_2319,11748.741
000d7d20_2320,11748.715
000d7d20_2321,11748.672
000d7d20_2322,11748.656
000d7d20_2323,11748.527
000d7d20_2324,11748.519
000d7d20_2325,11748.519
000d7d20_2326,11748.688
000d7d20_2327,11748.722
000d7d20_2328,11748.81
000d7d20_2329,11748.874
000d7d20_2330,11748.816
000d7d20_2331,11749.401
000d7d20_2332,11749.465
000d7d20_2333,11749.435
000d7d20_2334,11749.425
000d7d20_2335,11749.384
000d7d20_2336,11749.398
000d7d20_2337,11749.378
000d7d20_2338,11749.387
000d7d20_2339,11749.399
000d7d20_2340,11749.351
000d7d20_2341,11749.414
000d7d20_2342,11749.425
000d7d20_2343,11749.415
000d7d20_2344,11749.394
000d7d20_2345,11749.296
000d7d20_2346,11749.241
000d7d20_2347,11749.177
000d7d20_2348,11749.093
000d7d20_2349,11749.0205
000d7d20_2350,11748.944
000d7d20_2351,11748.903
000d7d20_2352,11748.886
000d7d20_2353,11748.87
000d7d20_2354,11748.841
000d7d20_2355,11748.875
000d7d20_2356,11748.843
000d7d20_2357,11748.792
000d7d20_2358,11748.792
000d7d20_2359,11748.793
000d7d20_2360,11748.755
000d7d20_2361,11748.749
000d7d20_2362,11748.692
000d7d20_2363,11748.692
000d7d20_2364,11748.622
000d7d20_2365,11748.364
000d7d20_2366,11748.034
000d7d20_2367,11748.062
000d7d20_2368,11748.067
000d7d20_2369,11747.956
000d7d20_2370,11747.914
000d7d20_2371,11747.81
000d7d20_2372,11747.786
000d7d20_2373,11747.753
000d7d20_2374,11747.669
000d7d20_2375,11747.659
000d7d20_2376,11747.641
000d7d20_2377,11747.648
000d7d20_2378,11747.581
000d7d20_2379,11747.431
000d7d20_2380,11747.349
000d7d20_2381,11747.359
000d7d20_2382,11747.298
000d7d20_2383,11747.277
000d7d20_2384,11747.304
000d7d20_2385,11747.339
000d7d20_2386,11747.427
000d7d20_2387,11747.292
000d7d20_2388,11747.305
000d7d20_2389,11747.138
000d7d20_2390,11747.367
000d7d20_2391,11747.539
000d7d20_2392,11747.589
000d7d20_2393,11748.082
000d7d20_2394,11748.078
000d7d20_2395,11748.06
000d7d20_2396,11748.078
000d7d20_2397,11748.263
000d7d20_2398,11748.289
000d7d20_2399,11748.2295
000d7d20_2400,11748.306
000d7d20_2401,11748.284
000d7d20_2402,11748.38
000d7d20_2403,11748.3955
000d7d20_2404,11748.411
000d7d20_2405,11748.487
000d7d20_2406,11748.472
000d7d20_2407,11748.566
000d7d20_2408,11748.55
000d7d20_2409,11748.62
000d7d20_2410,11748.62
000d7d20_2411,11748.68
000d7d20_2412,11748.641
000d7d20_2413,11748.707
000d7d20_2414,11748.68
000d7d20_2415,11748.708
000d7d20_2416,11748.63
000d7d20_2417,11748.642
000d7d20_2418,11748.599
000d7d20_2419,11748.602
000d7d20_2420,11748.524
000d7d20_2421,11748.573
000d7d20_2422,11748.528
000d7d20_2423,11748.547
000d7d20_2424,11748.512
000d7d20_2425,11748.505
000d7d20_2426,11748.542
000d7d20_2427,11748.46
000d7d20_2428,11748.477
000d7d20_2429,11748.473
000d7d20_2430,11748.392
000d7d20_2431,11748.427
000d7d20_2432,11748.399
000d7d20_2433,11748.358
000d7d20_2434,11748.355
000d7d20_2435,11748.328
000d7d20_2436,11748.238
000d7d20_2437,11748.259
000d7d20_2438,11748.224
000d7d20_2439,11748.23
000d7d20_2440,11748.1875
000d7d20_2441,11748.188
000d7d20_2442,11748.156
000d7d20_2443,11748.14
000d7d20_2444,11748.066
000d7d20_2445,11748.083
000d7d20_2446,11747.995
000d7d20_2447,11748.0205
000d7d20_2448,11748.007
000d7d20_2449,11747.8
000d7d20_2450,11747.741
000d7d20_2451,11747.644
000d7d20_2452,11747.649
000d7d20_2453,11747.546
000d7d20_2454,11747.487
000d7d20_2455,11747.484
000d7d20_2456,11747.421
000d7d20_2457,11747.391
000d7d20_2458,11747.352
000d7d20_2459,11747.372
000d7d20_2460,11747.292
000d7d20_2461,11747.242
000d7d20_2462,11747.172
000d7d20_2463,11747.138
000d7d20_2464,11747.073
000d7d20_2465,11747.02
000d7d20_2466,11747.0
000d7d20_2467,11746.984
000d7d20_2468,11746.965
000d7d20_2469,11746.883
000d7d20_2470,11746.847
000d7d20_2471,11746.851
000d7d20_2472,11746.823
000d7d20_2473,11746.766
000d7d20_2474,11746.724
000d7d20_2475,11746.704
000d7d20_2476,11746.976
000d7d20_2477,11746.964
000d7d20_2478,11747.001
000d7d20_2479,11747.017
000d7d20_2480,11746.974
000d7d20_2481,11746.981
000d7d20_2482,11746.922
000d7d20_2483,11746.876
000d7d20_2484,11746.813
000d7d20_2485,11746.8
000d7d20_2486,11746.81
000d7d20_2487,11746.73
000d7d20_2488,11746.703
000d7d20_2489,11746.653
000d7d20_2490,11746.636
000d7d20_2491,11746.602
000d7d20_2492,11746.581
000d7d20_2493,11746.52
000d7d20_2494,11746.497
000d7d20_2495,11746.481
000d7d20_2496,11746.431
000d7d20_2497,11746.349
000d7d20_2498,11746.3125
000d7d20_2499,11746.2705
000d7d20_2500,11746.253
000d7d20_2501,11746.224
000d7d20_2502,11746.241
000d7d20_2503,11746.206
000d7d20_2504,11746.195
000d7d20_2505,11746.136
000d7d20_2506,11746.101
000d7d20_2507,11746.065
000d7d20_2508,11746.044
000d7d20_2509,11745.999
000d7d20_2510,11746.056
000d7d20_2511,11746.0205
000d7d20_2512,11745.942
000d7d20_2513,11745.968
000d7d20_2514,11745.911
000d7d20_2515,11745.911
000d7d20_2516,11745.853
000d7d20_2517,11745.868
000d7d20_2518,11745.844
000d7d20_2519,11745.82
000d7d20_2520,11745.848
000d7d20_2521,11745.841
000d7d20_2522,11745.836
000d7d20_2523,11745.819
000d7d20_2524,11745.844
000d7d20_2525,11745.792
000d7d20_2526,11745.772
000d7d20_2527,11745.767
000d7d20_2528,11745.753
000d7d20_2529,11745.719
000d7d20_2530,11745.708
000d7d20_2531,11745.707
000d7d20_2532,11745.692
000d7d20_2533,11745.673
000d7d20_2534,11745.708
000d7d20_2535,11745.699
000d7d20_2536,11745.681
000d7d20_2537,11745.656
000d7d20_2538,11745.641
000d7d20_2539,11745.657
000d7d20_2540,11745.641
000d7d20_2541,11745.618
000d7d20_2542,11745.595
000d7d20_2543,11745.574
000d7d20_2544,11745.566
000d7d20_2545,11745.566
000d7d20_2546,11745.552
000d7d20_2547,11745.536
000d7d20_2548,11745.5205
000d7d20_2549,11745.503
000d7d20_2550,11745.496
000d7d20_2551,11745.485
000d7d20_2552,11745.458
000d7d20_2553,11745.462
000d7d20_2554,11745.435
000d7d20_2555,11745.44
000d7d20_2556,11745.422
000d7d20_2557,11745.43
000d7d20_2558,11745.431
000d7d20_2559,11745.431
000d7d20_2560,11745.421
000d7d20_2561,11745.435
000d7d20_2562,11745.474
000d7d20_2563,11745.501
000d7d20_2564,11745.731
000d7d20_2565,11745.739
000d7d20_2566,11745.755
000d7d20_2567,11745.763
000d7d20_2568,11745.78
000d7d20_2569,11745.81
000d7d20_2570,11745.828
000d7d20_2571,11745.844
000d7d20_2572,11745.864
000d7d20_2573,11745.853
000d7d20_2574,11745.8545
000d7d20_2575,11745.863
000d7d20_2576,11745.8545
000d7d20_2577,11745.8545
000d7d20_2578,11745.862
000d7d20_2579,11745.858
000d7d20_2580,11745.832
000d7d20_2581,11745.774
000d7d20_2582,11745.794
000d7d20_2583,11745.781
000d7d20_2584,11745.774
000d7d20_2585,11745.786
000d7d20_2586,11745.809
000d7d20_2587,11745.828
000d7d20_2588,11745.789
000d7d20_2589,11745.7705
000d7d20_2590,11745.758
000d7d20_2591,11745.737
000d7d20_2592,11745.688
000d7d20_2593,11745.629
000d7d20_2594,11745.599
000d7d20_2595,11745.546
000d7d20_2596,11745.551
000d7d20_2597,11745.526
000d7d20_2598,11745.532
000d7d20_2599,11745.539
000d7d20_2600,11745.508
000d7d20_2601,11745.508
000d7d20_2602,11745.505
000d7d20_2603,11745.512
000d7d20_2604,11745.508
000d7d20_2605,11745.477
000d7d20_2606,11745.495
000d7d20_2607,11745.464
000d7d20_2608,11745.469
000d7d20_2609,11745.44
000d7d20_2610,11745.464
000d7d20_2611,11745.429
000d7d20_2612,11745.466
000d7d20_2613,11745.48
000d7d20_2614,11745.481
000d7d20_2615,11745.472
000d7d20_2616,11745.472
000d7d20_2617,11745.458
000d7d20_2618,11745.431
000d7d20_2619,11745.414
000d7d20_2620,11745.422
000d7d20_2621,11745.419
000d7d20_2622,11745.411
000d7d20_2623,11745.452
000d7d20_2624,11745.446
000d7d20_2625,11745.401
000d7d20_2626,11745.397
000d7d20_2627,11745.419
000d7d20_2628,11745.422
000d7d20_2629,11745.39
000d7d20_2630,11745.36
000d7d20_2631,11745.382
000d7d20_2632,11745.392
000d7d20_2633,11745.406
000d7d20_2634,11745.391
000d7d20_2635,11745.39
000d7d20_2636,11745.386
000d7d20_2637,11745.378
000d7d20_2638,11745.347
000d7d20_2639,11745.349
000d7d20_2640,11745.358
000d7d20_2641,11745.372
000d7d20_2642,11745.362
000d7d20_2643,11745.358
000d7d20_2644,11745.351
000d7d20_2645,11745.351
000d7d20_2646,11745.368
000d7d20_2647,11745.376
000d7d20_2648,11745.469
000d7d20_2649,11745.469
000d7d20_2650,11745.461
000d7d20_2651,11745.464
000d7d20_2652,11745.47
000d7d20_2653,11745.476
000d7d20_2654,11745.4795
000d7d20_2655,11745.485
000d7d20_2656,11745.484
000d7d20_2657,11745.493
000d7d20_2658,11745.487
000d7d20_2659,11745.497
000d7d20_2660,11745.513
000d7d20_2661,11745.487
000d7d20_2662,11745.493
000d7d20_2663,11745.496
000d7d20_2664,11745.508
000d7d20_2665,11745.504
000d7d20_2666,11745.491
000d7d20_2667,11745.485
000d7d20_2668,11745.493
000d7d20_2669,11745.449
000d7d20_2670,11745.489
000d7d20_2671,11745.492
000d7d20_2672,11745.472
000d7d20_2673,11745.476
000d7d20_2674,11745.513
000d7d20_2675,11745.536
000d7d20_2676,11745.547
000d7d20_2677,11745.535
000d7d20_2678,11745.536
000d7d20_2679,11745.554
000d7d20_2680,11745.57
000d7d20_2681,11745.5625
000d7d20_2682,11745.597
000d7d20_2683,11745.595
000d7d20_2684,11745.79
000d7d20_2685,11745.805
000d7d20_2686,11745.819
000d7d20_2687,11745.906
000d7d20_2688,11745.894
000d7d20_2689,11745.956
000d7d20_2690,11745.972
000d7d20_2691,11745.909
000d7d20_2692,11745.925
000d7d20_2693,11745.906
000d7d20_2694,11745.895
000d7d20_2695,11745.878
000d7d20_2696,11745.866
000d7d20_2697,11745.809
000d7d20_2698,11745.827
000d7d20_2699,11745.81
000d7d20_2700,11745.784
000d7d20_2701,11745.784
000d7d20_2702,11745.687
000d7d20_2703,11745.726
000d7d20_2704,11745.745
000d7d20_2705,11745.738
000d7d20_2706,11745.7295
000d7d20_2707,11745.691
000d7d20_2708,11745.695
000d7d20_2709,11745.677
000d7d20_2710,11745.714
000d7d20_2711,11745.706
000d7d20_2712,11745.7295
000d7d20_2713,11745.711
000d7d20_2714,11745.703
000d7d20_2715,11745.73
000d7d20_2716,11745.77
000d7d20_2717,11745.782
000d7d20_2718,11745.813
000d7d20_2719,11745.828
000d7d20_2720,11745.821
000d7d20_2721,11745.828
000d7d20_2722,11745.82
000d7d20_2723,11745.796
000d7d20_2724,11745.784
000d7d20_2725,11745.784
000d7d20_2726,11745.789
000d7d20_2727,11745.813
000d7d20_2728,11745.824
000d7d20_2729,11745.839
000d7d20_2730,11745.917
000d7d20_2731,11746.245
000d7d20_2732,11746.245
000d7d20_2733,11746.3125
000d7d20_2734,11746.363
000d7d20_2735,11746.349
000d7d20_2736,11746.358
000d7d20_2737,11746.335
000d7d20_2738,11746.349
000d7d20_2739,11746.32
000d7d20_2740,11746.317
000d7d20_2741,11746.309
000d7d20_2742,11746.312
000d7d20_2743,11746.38
000d7d20_2744,11746.38
000d7d20_2745,11746.44
000d7d20_2746,11746.548
000d7d20_2747,11746.5625
000d7d20_2748,11746.573
000d7d20_2749,11746.573
000d7d20_2750,11746.55
000d7d20_2751,11746.543
000d7d20_2752,11746.542
000d7d20_2753,11746.499
000d7d20_2754,11746.495
000d7d20_2755,11746.491
000d7d20_2756,11746.4795
000d7d20_2757,11746.517
000d7d20_2758,11746.478
000d7d20_2759,11746.497
000d7d20_2760,11746.448
000d7d20_2761,11746.493
000d7d20_2762,11746.466
000d7d20_2763,11746.454
000d7d20_2764,11746.453
000d7d20_2765,11746.441
000d7d20_2766,11746.445
000d7d20_2767,11746.446
000d7d20_2768,11746.457
000d7d20_2769,11746.458
000d7d20_2770,11746.469
000d7d20_2771,11746.483
000d7d20_2772,11746.4795
000d7d20_2773,11746.68
000d7d20_2774,11746.583
000d7d20_2775,11746.585
000d7d20_2776,11746.55
000d7d20_2777,11746.547
000d7d20_2778,11746.505
000d7d20_2779,11746.481
000d7d20_2780,11746.448
000d7d20_2781,11746.391
000d7d20_2782,11746.376
000d7d20_2783,11746.341
000d7d20_2784,11746.302
000d7d20_2785,11746.284
000d7d20_2786,11746.288
000d7d20_2787,11746.259
000d7d20_2788,11746.263
000d7d20_2789,11746.215
000d7d20_2790,11746.185
000d7d20_2791,11746.145
000d7d20_2792,11746.125
000d7d20_2793,11746.13
000d7d20_2794,11746.141
000d7d20_2795,11746.151
000d7d20_2796,11746.128
000d7d20_2797,11746.122
000d7d20_2798,11746.114
000d7d20_2799,11746.126
000d7d20_2800,11746.082
000d7d20_2801,11746.039
000d7d20_2802,11746.051
000d7d20_2803,11746.074
000d7d20_2804,11746.026
000d7d20_2805,11746.024
000d7d20_2806,11746.035
000d7d20_2807,11746.0
000d7d20_2808,11745.944
000d7d20_2809,11745.978
000d7d20_2810,11745.933
000d7d20_2811,11745.901
000d7d20_2812,11745.87
000d7d20_2813,11745.91
000d7d20_2814,11745.87
000d7d20_2815,11745.942
000d7d20_2816,11745.93
000d7d20_2817,11745.922
000d7d20_2818,11745.907
000d7d20_2819,11745.886
000d7d20_2820,11745.899
000d7d20_2821,11745.875
000d7d20_2822,11745.875
000d7d20_2823,11745.864
000d7d20_2824,11745.891
000d7d20_2825,11745.825
000d7d20_2826,11745.823
000d7d20_2827,11745.801
000d7d20_2828,11745.823
000d7d20_2829,11745.844
000d7d20_2830,11745.831
000d7d20_2831,11745.817
000d7d20_2832,11745.785
000d7d20_2833,11745.813
000d7d20_2834,11745.792
000d7d20_2835,11745.806
000d7d20_2836,11745.79
000d7d20_2837,11745.805
000d7d20_2838,11745.767
000d7d20_2839,11745.79
000d7d20_2840,11745.797
000d7d20_2841,11745.766
000d7d20_2842,11745.772
000d7d20_2843,11745.766
000d7d20_2844,11745.793
000d7d20_2845,11745.773
000d7d20_2846,11745.785
000d7d20_2847,11745.7705
000d7d20_2848,11745.741
000d7d20_2849,11745.738
000d7d20_2850,11745.739
000d7d20_2851,11745.745
000d7d20_2852,11745.759
000d7d20_2853,11745.751
000d7d20_2854,11745.753
000d7d20_2855,11745.742
000d7d20_2856,11745.711
000d7d20_2857,11745.728
000d7d20_2858,11745.727
000d7d20_2859,11745.71
000d7d20_2860,11745.691
000d7d20_2861,11745.6875
000d7d20_2862,11745.844
000d7d20_2863,11745.831
000d7d20_2864,11745.827
000d7d20_2865,11745.856
000d7d20_2866,11745.839
000d7d20_2867,11745.806
000d7d20_2868,11745.815
000d7d20_2869,11745.782
000d7d20_2870,11745.755
000d7d20_2871,11745.767
000d7d20_2872,11745.759
000d7d20_2873,11745.766
000d7d20_2874,11745.742
000d7d20_2875,11745.754
000d7d20_2876,11745.737
000d7d20_2877,11745.722
000d7d20_2878,11745.719
000d7d20_2879,11745.6875
000d7d20_2880,11745.692
000d7d20_2881,11745.684
000d7d20_2882,11745.684
000d7d20_2883,11745.687
000d7d20_2884,11745.644
000d7d20_2885,11745.642
000d7d20_2886,11745.6045
000d7d20_2887,11745.602
000d7d20_2888,11745.575
000d7d20_2889,11745.544
000d7d20_2890,11745.534
000d7d20_2891,11745.508
000d7d20_2892,11745.474
000d7d20_2893,11745.477
000d7d20_2894,11745.487
000d7d20_2895,11745.468
000d7d20_2896,11745.464
000d7d20_2897,11745.464
000d7d20_2898,11745.492
000d7d20_2899,11745.625
000d7d20_2900,11745.616
000d7d20_2901,11745.603
000d7d20_2902,11745.608
000d7d20_2903,11745.555
000d7d20_2904,11745.551
000d7d20_2905,11745.542
000d7d20_2906,11745.484
000d7d20_2907,11745.449
000d7d20_2908,11745.441
000d7d20_2909,11745.415
000d7d20_2910,11745.402
000d7d20_2911,11745.383
000d7d20_2912,11745.379
000d7d20_2913,11745.37
000d7d20_2914,11745.3545
000d7d20_2915,11745.356
000d7d20_2916,11745.339
000d7d20_2917,11745.327
000d7d20_2918,11745.356
000d7d20_2919,11745.324
000d7d20_2920,11745.308
000d7d20_2921,11745.2705
000d7d20_2922,11745.277
000d7d20_2923,11745.255
000d7d20_2924,11745.239
000d7d20_2925,11745.246
000d7d20_2926,11745.2295
000d7d20_2927,11745.211
000d7d20_2928,11745.218
000d7d20_2929,11745.188
000d7d20_2930,11745.208
000d7d20_2931,11745.192
000d7d20_2932,11745.2
000d7d20_2933,11745.184
000d7d20_2934,11745.245
000d7d20_2935,11745.227
000d7d20_2936,11745.247
000d7d20_2937,11745.255
000d7d20_2938,11745.246
000d7d20_2939,11745.242
000d7d20_2940,11745.239
000d7d20_2941,11745.207
000d7d20_2942,11745.207
000d7d20_2943,11745.187
000d7d20_2944,11745.208
000d7d20_2945,11745.211
000d7d20_2946,11745.208
000d7d20_2947,11745.195
000d7d20_2948,11745.426
000d7d20_2949,11745.441
000d7d20_2950,11745.444
000d7d20_2951,11745.468
000d7d20_2952,11745.449
000d7d20_2953,11745.418
000d7d20_2954,11745.414
000d7d20_2955,11745.372
000d7d20_2956,11745.353
000d7d20_2957,11745.341
000d7d20_2958,11745.296
000d7d20_2959,11745.27
000d7d20_2960,11745.253
000d7d20_2961,11745.22
000d7d20_2962,11745.196
000d7d20_2963,11745.172
000d7d20_2964,11745.124
000d7d20_2965,11745.144
000d7d20_2966,11745.145
000d7d20_2967,11745.129
000d7d20_2968,11745.122
000d7d20_2969,11745.128
000d7d20_2970,11745.133
000d7d20_2971,11745.129
000d7d20_2972,11745.114
000d7d20_2973,11745.114
000d7d20_2974,11745.089
000d7d20_2975,11745.052
000d7d20_2976,11745.056
000d7d20_2977,11745.038
000d7d20_2978,11745.035
000d7d20_2979,11745.054
000d7d20_2980,11745.056
000d7d20_2981,11745.05
000d7d20_2982,11745.071
000d7d20_2983,11745.12
000d7d20_2984,11745.12
000d7d20_2985,11745.121
000d7d20_2986,11745.098
000d7d20_2987,11745.141
000d7d20_2988,11745.136
000d7d20_2989,11745.125
000d7d20_2990,11745.118
000d7d20_2991,11745.118
000d7d20_2992,11745.098
000d7d20_2993,11745.106
000d7d20_2994,11745.097
000d7d20_2995,11745.066
000d7d20_2996,11745.054
000d7d20_2997,11745.022
000d7d20_2998,11745.032
000d7d20_2999,11745.058
000d7d20_3000,11745.06
000d7d20_3001,11745.062
000d7d20_3002,11745.073
000d7d20_3003,11745.071
000d7d20_3004,11745.086
000d7d20_3005,11745.093
000d7d20_3006,11745.102
000d7d20_3007,11745.117
000d7d20_3008,11745.108
000d7d20_3009,11745.102
000d7d20_3010,11745.062
000d7d20_3011,11745.052
000d7d20_3012,11745.0625
000d7d20_3013,11745.065
000d7d20_3014,11745.062
000d7d20_3015,11745.098
000d7d20_3016,11745.094
000d7d20_3017,11745.106
000d7d20_3018,11745.14
000d7d20_3019,11745.141
000d7d20_3020,11745.141
000d7d20_3021,11745.141
000d7d20_3022,11745.16
000d7d20_3023,11745.159
000d7d20_3024,11745.164
000d7d20_3025,11745.12
000d7d20_3026,11745.122
000d7d20_3027,11745.1455
000d7d20_3028,11745.137
000d7d20_3029,11745.145
000d7d20_3030,11745.153
000d7d20_3031,11745.16
000d7d20_3032,11745.206
000d7d20_3033,11745.433
000d7d20_3034,11745.43
000d7d20_3035,11745.456
000d7d20_3036,11745.437
000d7d20_3037,11745.449
000d7d20_3038,11745.441
000d7d20_3039,11745.422
000d7d20_3040,11745.425
000d7d20_3041,11745.4375
000d7d20_3042,11745.425
000d7d20_3043,11745.407
000d7d20_3044,11745.406
000d7d20_3045,11745.391
000d7d20_3046,11745.387
000d7d20_3047,11745.364
000d7d20_3048,11745.378
000d7d20_3049,11745.3545
000d7d20_3050,11745.38
000d7d20_3051,11745.358
000d7d20_3052,11745.32
000d7d20_3053,11745.3125
000d7d20_3054,11745.296
000d7d20_3055,11745.294
000d7d20_3056,11745.293
000d7d20_3057,11745.274
000d7d20_3058,11745.274
000d7d20_3059,11745.286
000d7d20_3060,11745.284
000d7d20_3061,11745.245
000d7d20_3062,11745.227
000d7d20_3063,11745.196
000d7d20_3064,11745.147
000d7d20_3065,11745.204
000d7d20_3066,11745.185
000d7d20_3067,11745.172
000d7d20_3068,11745.179
000d7d20_3069,11745.1875
000d7d20_3070,11745.19
000d7d20_3071,11745.331
000d7d20_3072,11745.329
000d7d20_3073,11745.332
000d7d20_3074,11745.312
000d7d20_3075,11745.297
000d7d20_3076,11745.298
000d7d20_3077,11745.296
000d7d20_3078,11745.284
000d7d20_3079,11745.273
000d7d20_3080,11745.255
000d7d20_3081,11745.265
000d7d20_3082,11745.27
000d7d20_3083,11745.278
000d7d20_3084,11745.29
000d7d20_3085,11745.3
000d7d20_3086,11745.284
000d7d20_3087,11745.313
000d7d20_3088,11745.341
000d7d20_3089,11745.337
000d7d20_3090,11745.363
000d7d20_3091,11745.352
000d7d20_3092,11745.358
000d7d20_3093,11745.405
000d7d20_3094,11745.403
000d7d20_3095,11745.386
000d7d20_3096,11745.391
000d7d20_3097,11745.339
000d7d20_3098,11745.344
000d7d20_3099,11745.348
000d7d20_3100,11745.367
000d7d20_3101,11745.372
000d7d20_3102,11745.413
000d7d20_3103,11745.461
000d7d20_3104,11745.445
000d7d20_3105,11745.456
000d7d20_3106,11745.469
000d7d20_3107,11745.519
000d7d20_3108,11745.522
000d7d20_3109,11745.466
000d7d20_3110,11745.5205
000d7d20_3111,11745.534
000d7d20_3112,11745.543
000d7d20_3113,11745.551
000d7d20_3114,11745.581
000d7d20_3115,11745.624
000d7d20_3116,11745.622
000d7d20_3117,11745.634
000d7d20_3118,11745.88
000d7d20_3119,11745.901
000d7d20_3120,11745.914
000d7d20_3121,11745.925
000d7d20_3122,11745.944
000d7d20_3123,11745.977
000d7d20_3124,11746.031
000d7d20_3125,11746.026
000d7d20_3126,11746.023
000d7d20_3127,11746.039
000d7d20_3128,11746.044
000d7d20_3129,11746.097
000d7d20_3130,11746.103
000d7d20_3131,11746.07
000d7d20_3132,11746.069
000d7d20_3133,11746.0625
000d7d20_3134,11746.044
000d7d20_3135,11746.022
000d7d20_3136,11746.015
000d7d20_3137,11746.007
000d7d20_3138,11746.024
000d7d20_3139,11746.015
000d7d20_3140,11745.987
000d7d20_3141,11745.958
000d7d20_3142,11745.946
000d7d20_3143,11745.922
000d7d20_3144,11745.902
000d7d20_3145,11745.888
000d7d20_3146,11745.864
000d7d20_3147,11745.849
000d7d20_3148,11745.831
000d7d20_3149,11745.794
000d7d20_3150,11745.766
000d7d20_3151,11745.746
000d7d20_3152,11745.747
000d7d20_3153,11745.739
000d7d20_3154,11745.707
000d7d20_3155,11745.677
000d7d20_3156,11745.672
000d7d20_3157,11745.667
000d7d20_3158,11745.754
000d7d20_3159,11745.769
000d7d20_3160,11745.751
000d7d20_3161,11745.738
000d7d20_3162,11745.731
000d7d20_3163,11745.741
000d7d20_3164,11745.738
000d7d20_3165,11745.719
000d7d20_3166,11745.699
000d7d20_3167,11745.68
000d7d20_3168,11745.672
000d7d20_3169,11745.699
000d7d20_3170,11745.694
000d7d20_3171,11745.688
000d7d20_3172,11745.683
000d7d20_3173,11745.6455
000d7d20_3174,11745.62
000d7d20_3175,11745.594
000d7d20_3176,11745.595
000d7d20_3177,11745.595
000d7d20_3178,11745.589
000d7d20_3179,11745.591
000d7d20_3180,11745.567
000d7d20_3181,11745.539
000d7d20_3182,11745.556
000d7d20_3183,11745.554
000d7d20_3184,11745.5
000d7d20_3185,11745.578
000d7d20_3186,11745.551
000d7d20_3187,11745.55
000d7d20_3188,11745.555
000d7d20_3189,11745.567
000d7d20_3190,11745.579
000d7d20_3191,11745.57
000d7d20_3192,11745.578
000d7d20_3193,11745.586
000d7d20_3194,11745.579
000d7d20_3195,11745.567
000d7d20_3196,11745.531
000d7d20_3197,11745.531
000d7d20_3198,11745.493
000d7d20_3199,11745.513
000d7d20_3200,11745.522
000d7d20_3201,11745.513
000d7d20_3202,11745.551
000d7d20_3203,11745.571
000d7d20_3204,11745.819
000d7d20_3205,11745.86
000d7d20_3206,11745.849
000d7d20_3207,11745.853
000d7d20_3208,11745.909
000d7d20_3209,11745.906
000d7d20_3210,11745.902
000d7d20_3211,11745.911
000d7d20_3212,11745.8545
000d7d20_3213,11745.872
000d7d20_3214,11745.874
000d7d20_3215,11745.883
000d7d20_3216,11745.87
000d7d20_3217,11745.874
000d7d20_3218,11745.88
000d7d20_3219,11745.894
000d7d20_3220,11745.898
000d7d20_3221,11745.901
000d7d20_3222,11745.864
000d7d20_3223,11745.812
000d7d20_3224,11745.809
000d7d20_3225,11745.816
000d7d20_3226,11745.781
000d7d20_3227,11745.786
000d7d20_3228,11745.739
000d7d20_3229,11745.715
000d7d20_3230,11745.684
000d7d20_3231,11745.656
000d7d20_3232,11745.632
000d7d20_3233,11745.61
000d7d20_3234,11745.609
000d7d20_3235,11745.599
000d7d20_3236,11745.585
000d7d20_3237,11745.563
000d7d20_3238,11745.503
000d7d20_3239,11745.499
000d7d20_3240,11745.4795
000d7d20_3241,11745.449
000d7d20_3242,11745.461
000d7d20_3243,11745.43
000d7d20_3244,11745.413
000d7d20_3245,11745.499
000d7d20_3246,11745.517
000d7d20_3247,11745.516
000d7d20_3248,11745.5205
000d7d20_3249,11745.526
000d7d20_3250,11745.497
000d7d20_3251,11745.509
000d7d20_3252,11745.507
000d7d20_3253,11745.476
000d7d20_3254,11745.458
000d7d20_3255,11745.445
000d7d20_3256,11745.407
000d7d20_3257,11745.418
000d7d20_3258,11745.425
000d7d20_3259,11745.465
000d7d20_3260,11745.445
000d7d20_3261,11745.441
000d7d20_3262,11745.452
000d7d20_3263,11745.468
000d7d20_3264,11745.478
000d7d20_3265,11745.477
000d7d20_3266,11745.484
000d7d20_3267,11745.492
000d7d20_3268,11745.496
000d7d20_3269,11745.491
000d7d20_3270,11745.487
000d7d20_3271,11745.489
000d7d20_3272,11745.483
000d7d20_3273,11745.496
000d7d20_3274,11745.489
000d7d20_3275,11745.497
000d7d20_3276,11745.491
000d7d20_3277,11745.491
000d7d20_3278,11745.509
000d7d20_3279,11745.519
000d7d20_3280,11745.52
000d7d20_3281,11745.523
000d7d20_3282,11745.508
000d7d20_3283,11745.488
000d7d20_3284,11745.497
000d7d20_3285,11745.505
000d7d20_3286,11745.53
000d7d20_3287,11745.539
000d7d20_3288,11745.586
000d7d20_3289,11745.637
000d7d20_3290,11745.698
000d7d20_3291,11745.934
000d7d20_3292,11745.954
000d7d20_3293,11745.966
000d7d20_3294,11745.956
000d7d20_3295,11745.9795
000d7d20_3296,11746.009
000d7d20_3297,11746.036
000d7d20_3298,11746.05
000d7d20_3299,11746.043
000d7d20_3300,11746.065
000d7d20_3301,11746.078
000d7d20_3302,11746.105
000d7d20_3303,11746.117
000d7d20_3304,11746.124
000d7d20_3305,11746.167
000d7d20_3306,11746.198
000d7d20_3307,11746.218
000d7d20_3308,11746.23
000d7d20_3309,11746.269
000d7d20_3310,11746.227
000d7d20_3311,11746.183
000d7d20_3312,11746.128
000d7d20_3313,11746.117
000d7d20_3314,11746.155
000d7d20_3315,11746.134
000d7d20_3316,11746.125
000d7d20_3317,11746.11
000d7d20_3318,11746.126
000d7d20_3319,11746.108
000d7d20_3320,11746.099
000d7d20_3321,11746.122
000d7d20_3322,11746.164
000d7d20_3323,11746.16
000d7d20_3324,11746.148
000d7d20_3325,11746.121
000d7d20_3326,11746.102
000d7d20_3327,11746.102
000d7d20_3328,11746.1045
000d7d20_3329,11746.109
000d7d20_3330,11746.144
000d7d20_3331,11746.116
000d7d20_3332,11746.141
000d7d20_3333,11746.106
000d7d20_3334,11746.114
000d7d20_3335,11746.144
000d7d20_3336,11746.125
000d7d20_3337,11746.113
000d7d20_3338,11746.112
000d7d20_3339,11746.112
000d7d20_3340,11746.101
000d7d20_3341,11746.13
000d7d20_3342,11746.091
000d7d20_3343,11746.075
000d7d20_3344,11746.089
000d7d20_3345,11746.103
000d7d20_3346,11746.099
000d7d20_3347,11746.093
000d7d20_3348,11746.062
000d7d20_3349,11746.058
000d7d20_3350,11746.004
000d7d20_3351,11746.009
000d7d20_3352,11746.012
000d7d20_3353,11746.0205
000d7d20_3354,11746.023
000d7d20_3355,11746.034
000d7d20_3356,11746.013
000d7d20_3357,11746.001
000d7d20_3358,11745.985
000d7d20_3359,11746.016
000d7d20_3360,11745.987
000d7d20_3361,11745.989
000d7d20_3362,11746.005
000d7d20_3363,11745.991
000d7d20_3364,11745.98
000d7d20_3365,11745.961
000d7d20_3366,11745.964
000d7d20_3367,11745.96
000d7d20_3368,11745.997
000d7d20_3369,11745.978
000d7d20_3370,11745.981
000d7d20_3371,11745.956
000d7d20_3372,11745.933
000d7d20_3373,11745.918
000d7d20_3374,11745.888
000d7d20_3375,11745.87
000d7d20_3376,11745.871
000d7d20_3377,11745.879
000d7d20_3378,11745.901
000d7d20_3379,11746.151
000d7d20_3380,11746.177
000d7d20_3381,11746.187
000d7d20_3382,11746.181
000d7d20_3383,11746.19
000d7d20_3384,11746.19
000d7d20_3385,11746.191
000d7d20_3386,11746.194
000d7d20_3387,11746.185
000d7d20_3388,11746.176
000d7d20_3389,11746.172
000d7d20_3390,11746.163
000d7d20_3391,11746.155
000d7d20_3392,11746.156
000d7d20_3393,11746.168
000d7d20_3394,11746.157
000d7d20_3395,11746.14
000d7d20_3396,11746.156
000d7d20_3397,11746.16
000d7d20_3398,11746.153
000d7d20_3399,11746.167
000d7d20_3400,11746.129
000d7d20_3401,11746.1045
000d7d20_3402,11746.081
000d7d20_3403,11746.065
000d7d20_3404,11746.062
000d7d20_3405,11746.069
000d7d20_3406,11746.085
000d7d20_3407,11746.059
000d7d20_3408,11746.032
000d7d20_3409,11745.999
000d7d20_3410,11745.965
000d7d20_3411,11745.95
000d7d20_3412,11745.935
000d7d20_3413,11745.909
000d7d20_3414,11745.871
000d7d20_3415,11745.86
000d7d20_3416,11745.848
000d7d20_3417,11745.833
000d7d20_3418,11745.903
000d7d20_3419,11745.913
000d7d20_3420,11745.894
000d7d20_3421,11745.8955
000d7d20_3422,11745.879
000d7d20_3423,11745.906
000d7d20_3424,11745.925
000d7d20_3425,11745.937
000d7d20_3426,11745.931
000d7d20_3427,11745.948
000d7d20_3428,11745.969
000d7d20_3429,11745.934
000d7d20_3430,11745.933
000d7d20_3431,11745.996
000d7d20_3432,11745.97
000d7d20_3433,11745.992
000d7d20_3434,11745.976
000d7d20_3435,11745.952
000d7d20_3436,11745.966
000d7d20_3437,11745.989
000d7d20_3438,11745.968
000d7d20_3439,11745.946
000d7d20_3440,11745.949
000d7d20_3441,11745.958
000d7d20_3442,11745.953
000d7d20_3443,11745.969
000d7d20_3444,11745.977
000d7d20_3445,11745.969
000d7d20_3446,11745.974
000d7d20_3447,11745.966
000d7d20_3448,11745.974
000d7d20_3449,11745.9795
000d7d20_3450,11745.9795
000d7d20_3451,11745.989
000d7d20_3452,11745.995
000d7d20_3453,11745.987
000d7d20_3454,11745.995
000d7d20_3455,11745.999
000d7d20_3456,11745.992
000d7d20_3457,11745.995
000d7d20_3458,11746.013
000d7d20_3459,11746.009
000d7d20_3460,11746.004
000d7d20_3461,11745.992
000d7d20_3462,11745.992
000d7d20_3463,11746.007
000d7d20_3464,11746.019
000d7d20_3465,11746.034
000d7d20_3466,11746.0625
000d7d20_3467,11746.227
000d7d20_3468,11746.235
000d7d20_3469,11746.243
000d7d20_3470,11746.247
000d7d20_3471,11746.227
000d7d20_3472,11746.238
000d7d20_3473,11746.219
000d7d20_3474,11746.208
000d7d20_3475,11746.19
000d7d20_3476,11746.173
000d7d20_3477,11746.176
000d7d20_3478,11746.161
000d7d20_3479,11746.153
000d7d20_3480,11746.116
000d7d20_3481,11746.128
000d7d20_3482,11746.11
000d7d20_3483,11746.136
000d7d20_3484,11746.14
000d7d20_3485,11746.163
000d7d20_3486,11746.156
000d7d20_3487,11746.157
000d7d20_3488,11746.156
000d7d20_3489,11746.114
000d7d20_3490,11746.089
000d7d20_3491,11746.051
000d7d20_3492,11746.024
000d7d20_3493,11745.981
000d7d20_3494,11745.96
000d7d20_3495,11745.901
000d7d20_3496,11745.887
000d7d20_3497,11745.88
000d7d20_3498,11745.868
000d7d20_3499,11745.855
000d7d20_3500,11745.875
000d7d20_3501,11745.868
000d7d20_3502,11745.86
000d7d20_3503,11745.863
000d7d20_3504,11745.862
000d7d20_3505,11745.856
000d7d20_3506,11745.841
000d7d20_3507,11745.836
000d7d20_3508,11745.832
000d7d20_3509,11745.81
000d7d20_3510,11745.8
000d7d20_3511,11745.8
000d7d20_3512,11745.79
000d7d20_3513,11745.784
000d7d20_3514,11745.785
000d7d20_3515,11745.766
000d7d20_3516,11745.772
000d7d20_3517,11745.776
000d7d20_3518,11745.765
000d7d20_3519,11745.785
000d7d20_3520,11745.769
000d7d20_3521,11745.761
000d7d20_3522,11745.777
000d7d20_3523,11745.773
000d7d20_3524,11745.798
000d7d20_3525,11745.798
000d7d20_3526,11745.832
000d7d20_3527,11745.804
000d7d20_3528,11745.776
000d7d20_3529,11745.769
000d7d20_3530,11745.782
000d7d20_3531,11745.75
000d7d20_3532,11745.733
000d7d20_3533,11745.718
000d7d20_3534,11745.698
000d7d20_3535,11745.694
000d7d20_3536,11745.692
000d7d20_3537,11745.706
000d7d20_3538,11745.6875
000d7d20_3539,11745.698
000d7d20_3540,11745.691
000d7d20_3541,11745.694
000d7d20_3542,11745.718
000d7d20_3543,11745.702
000d7d20_3544,11745.691
000d7d20_3545,11745.683
000d7d20_3546,11745.698
000d7d20_3547,11745.684
000d7d20_3548,11745.679
000d7d20_3549,11745.676
000d7d20_3550,11745.692
000d7d20_3551,11745.7
000d7d20_3552,11745.7
000d7d20_3553,11745.708
000d7d20_3554,11745.724
000d7d20_3555,11745.897
000d7d20_3556,11745.911
000d7d20_3557,11745.914
000d7d20_3558,11745.927
000d7d20_3559,11745.942
000d7d20_3560,11745.95
000d7d20_3561,11745.974
000d7d20_3562,11745.968
000d7d20_3563,11745.933
000d7d20_3564,11745.942
000d7d20_3565,11745.921
000d7d20_3566,11745.937
000d7d20_3567,11745.958
000d7d20_3568,11745.989
000d7d20_3569,11745.976
000d7d20_3570,11745.983
000d7d20_3571,11745.925
000d7d20_3572,11745.919
000d7d20_3573,11745.931
000d7d20_3574,11745.925
000d7d20_3575,11745.953
000d7d20_3576,11745.926
000d7d20_3577,11745.919
000d7d20_3578,11745.894
000d7d20_3579,11745.913
000d7d20_3580,11745.895
000d7d20_3581,11745.876
000d7d20_3582,11745.845
000d7d20_3583,11745.809
000d7d20_3584,11745.7705
000d7d20_3585,11745.696
000d7d20_3586,11745.675
000d7d20_3587,11745.629
000d7d20_3588,11745.609
000d7d20_3589,11745.616
000d7d20_3590,11745.6045
000d7d20_3591,11745.612
000d7d20_3592,11745.59
000d7d20_3593,11745.591
000d7d20_3594,11745.594
000d7d20_3595,11745.587
000d7d20_3596,11745.602
000d7d20_3597,11745.556
000d7d20_3598,11745.526
000d7d20_3599,11745.503
000d7d20_3600,11745.536
000d7d20_3601,11745.477
000d7d20_3602,11745.403
000d7d20_3603,11745.37
000d7d20_3604,11745.325
000d7d20_3605,11745.297
000d7d20_3606,11745.259
000d7d20_3607,11745.215
000d7d20_3608,11745.191
000d7d20_3609,11745.163
000d7d20_3610,11745.09
000d7d20_3611,11745.044
000d7d20_3612,11745.0625
000d7d20_3613,11745.024
000d7d20_3614,11745.003
000d7d20_3615,11745.005
000d7d20_3616,11744.949
000d7d20_3617,11744.956
000d7d20_3618,11744.913
000d7d20_3619,11744.93
000d7d20_3620,11744.868
000d7d20_3621,11744.895
000d7d20_3622,11744.845
000d7d20_3623,11744.841
000d7d20_3624,11744.836
000d7d20_3625,11744.782
000d7d20_3626,11744.746
000d7d20_3627,11744.723
000d7d20_3628,11744.739
000d7d20_3629,11744.722
000d7d20_3630,11744.683
000d7d20_3631,11744.694
000d7d20_3632,11744.651
000d7d20_3633,11744.669
000d7d20_3634,11744.618
000d7d20_3635,11744.667
000d7d20_3636,11744.664
000d7d20_3637,11744.61
000d7d20_3638,11744.656
000d7d20_3639,11744.617
000d7d20_3640,11744.6875
000d7d20_3641,11744.711
000d7d20_3642,11744.7
000d7d20_3643,11744.763
000d7d20_3644,11745.075
000d7d20_3645,11745.036
000d7d20_3646,11745.055
000d7d20_3647,11745.069
000d7d20_3648,11745.069
000d7d20_3649,11745.06
000d7d20_3650,11745.074
000d7d20_3651,11745.056
000d7d20_3652,11745.028
000d7d20_3653,11745.054
000d7d20_3654,11745.026
000d7d20_3655,11745.003
000d7d20_3656,11744.997
000d7d20_3657,11745.034
000d7d20_3658,11745.017
000d7d20_3659,11744.972
000d7d20_3660,11745.011
000d7d20_3661,11745.062
000d7d20_3662,11745.012
000d7d20_3663,11745.023
000d7d20_3664,11745.012
000d7d20_3665,11745.034
000d7d20_3666,11744.992
000d7d20_3667,11744.989
000d7d20_3668,11744.977
000d7d20_3669,11744.97
000d7d20_3670,11744.892
000d7d20_3671,11744.845
000d7d20_3672,11744.782
000d7d20_3673,11744.749
000d7d20_3674,11744.671
000d7d20_3675,11744.625
000d7d20_3676,11744.618
000d7d20_3677,11744.624
000d7d20_3678,11744.638
000d7d20_3679,11744.599
000d7d20_3680,11744.6045
000d7d20_3681,11744.555
000d7d20_3682,11744.595
000d7d20_3683,11744.574
000d7d20_3684,11744.543
000d7d20_3685,11744.575
000d7d20_3686,11744.589
000d7d20_3687,11744.597
000d7d20_3688,11744.594
000d7d20_3689,11744.59
000d7d20_3690,11744.579
000d7d20_3691,11744.616
000d7d20_3692,11744.61
000d7d20_3693,11744.599
000d7d20_3694,11744.536
000d7d20_3695,11744.581
000d7d20_3696,11744.57
000d7d20_3697,11744.5625
000d7d20_3698,11744.55
000d7d20_3699,11744.504
000d7d20_3700,11744.509
000d7d20_3701,11744.508
000d7d20_3702,11744.501
000d7d20_3703,11744.489
000d7d20_3704,11744.454
000d7d20_3705,11744.448
000d7d20_3706,11744.44
000d7d20_3707,11744.4375
000d7d20_3708,11744.383
000d7d20_3709,11744.324
000d7d20_3710,11744.327
000d7d20_3711,11744.327
000d7d20_3712,11744.321
000d7d20_3713,11744.32
000d7d20_3714,11744.317
000d7d20_3715,11744.339
000d7d20_3716,11744.375
000d7d20_3717,11744.437
000d7d20_3718,11744.425
000d7d20_3719,11744.477
000d7d20_3720,11744.622
000d7d20_3721,11745.185
000d7d20_3722,11745.2
000d7d20_3723,11745.226
000d7d20_3724,11745.25
000d7d20_3725,11745.292
000d7d20_3726,11745.3
000d7d20_3727,11745.352
000d7d20_3728,11745.379
000d7d20_3729,11745.362
000d7d20_3730,11745.306
000d7d20_3731,11745.324
000d7d20_3732,11745.358
000d7d20_3733,11745.297
000d7d20_3734,11745.246
000d7d20_3735,11745.179
000d7d20_3736,11745.13
000d7d20_3737,11745.086
000d7d20_3738,11744.68
000d7d20_3739,11744.505
000d7d20_3740,11744.483
000d7d20_3741,11744.466
000d7d20_3742,11744.368
000d7d20_3743,11744.37
000d7d20_3744,11744.347
000d7d20_3745,11744.302
000d7d20_3746,11744.289
000d7d20_3747,11744.263
000d7d20_3748,11744.125
000d7d20_3749,11743.894
000d7d20_3750,11743.527
000d7d20_3751,11743.43
000d7d20_3752,11742.9375
000d7d20_3753,11742.864
000d7d20_3754,11742.8
000d7d20_3755,11742.242
000d7d20_3756,11742.137
000d7d20_3757,11742.132
000d7d20_3758,11742.091
000d7d20_3759,11742.067
000d7d20_3760,11742.0625
000d7d20_3761,11742.023
000d7d20_3762,11741.993
000d7d20_3763,11741.992
000d7d20_3764,11741.866
000d7d20_3765,11741.817
000d7d20_3766,11741.788
000d7d20_3767,11741.7
000d7d20_3768,11741.633
000d7d20_3769,11741.606
000d7d20_3770,11741.586
000d7d20_3771,11741.543
000d7d20_3772,11741.532
000d7d20_3773,11741.56
000d7d20_3774,11741.544
000d7d20_3775,11741.556
000d7d20_3776,11741.496
000d7d20_3777,11741.492
000d7d20_3778,11741.375
000d7d20_3779,11741.48
000d7d20_3780,11741.422
000d7d20_3781,11741.438
000d7d20_3782,11741.362
000d7d20_3783,11741.339
000d7d20_3784,11741.321
000d7d20_3785,11741.259
000d7d20_3786,11741.3
000d7d20_3787,11741.234
000d7d20_3788,11741.198
000d7d20_3789,11741.177
000d7d20_3790,11741.148
000d7d20_3791,11741.044
000d7d20_3792,11740.901
000d7d20_3793,11740.892
000d7d20_3794,11740.891
000d7d20_3795,11740.815
000d7d20_3796,11740.766
000d7d20_3797,11740.675
000d7d20_3798,11740.672
000d7d20_3799,11740.641
000d7d20_3800,11740.663
000d7d20_3801,11740.605
000d7d20_3802,11740.578
000d7d20_3803,11740.5205
000d7d20_3804,11740.403
000d7d20_3805,11740.419
000d7d20_3806,11740.371
000d7d20_3807,11740.339
000d7d20_3808,11740.276
000d7d20_3809,11740.192
000d7d20_3810,11740.195
000d7d20_3811,11740.113
000d7d20_3812,11739.969
000d7d20_3813,11740.054
000d7d20_3814,11740.083
000d7d20_3815,11740.083
000d7d20_3816,11740.13
000d7d20_3817,11740.149
000d7d20_3818,11740.176
000d7d20_3819,11740.159
000d7d20_3820,11740.606
000d7d20_3821,11740.516
000d7d20_3822,11740.359
000d7d20_3823,11740.277
000d7d20_3824,11740.253
000d7d20_3825,11740.219
000d7d20_3826,11740.22
000d7d20_3827,11740.247
000d7d20_3828,11740.177
000d7d20_3829,11740.214
000d7d20_3830,11740.258
000d7d20_3831,11740.27
000d7d20_3832,11740.251
000d7d20_3833,11740.23
000d7d20_3834,11740.243
000d7d20_3835,11740.208
000d7d20_3836,11740.227
000d7d20_3837,11740.206
000d7d20_3838,11740.253
000d7d20_3839,11740.386
000d7d20_3840,11740.41
000d7d20_3841,11740.418
000d7d20_3842,11740.422
000d7d20_3843,11740.414
000d7d20_3844,11740.399
000d7d20_3845,11740.383
000d7d20_3846,11740.315
000d7d20_3847,11740.3
000d7d20_3848,11740.188
000d7d20_3849,11740.0205
000d7d20_3850,11740.114
000d7d20_3851,11739.938
000d7d20_3852,11739.853
000d7d20_3853,11739.839
000d7d20_3854,11739.765
000d7d20_3855,11739.738
000d7d20_3856,11739.669
000d7d20_3857,11739.694
000d7d20_3858,11739.696
000d7d20_3859,11739.68
000d7d20_3860,11739.651
000d7d20_3861,11739.481
000d7d20_3862,11739.3955
000d7d20_3863,11739.328
000d7d20_3864,11739.192
000d7d20_3865,11739.102
000d7d20_3866,11739.06
000d7d20_3867,11738.995
000d7d20_3868,11738.974
000d7d20_3869,11738.919
000d7d20_3870,11738.82
000d7d20_3871,11738.769
000d7d20_3872,11738.745
000d7d20_3873,11738.664
000d7d20_3874,11738.679
000d7d20_3875,11738.645
000d7d20_3876,11738.66
000d7d20_3877,11738.653
000d7d20_3878,11738.617
000d7d20_3879,11738.63
000d7d20_3880,11738.594
000d7d20_3881,11738.577
000d7d20_3882,11738.544
000d7d20_3883,11738.539
000d7d20_3884,11738.453
000d7d20_3885,11738.458
000d7d20_3886,11738.434
000d7d20_3887,11738.425
000d7d20_3888,11738.448
000d7d20_3889,11738.3955
000d7d20_3890,11738.391
000d7d20_3891,11738.289
000d7d20_3892,11738.228
000d7d20_3893,11738.136
000d7d20_3894,11737.925
000d7d20_3895,11737.848
000d7d20_3896,11737.794
000d7d20_3897,11737.667
000d7d20_3898,11737.613
000d7d20_3899,11737.544
000d7d20_3900,11737.6045
000d7d20_3901,11737.526
000d7d20_3902,11737.29
000d7d20_3903,11737.272
000d7d20_3904,11737.247
000d7d20_3905,11737.376
000d7d20_3906,11737.484
000d7d20_3907,11737.769
000d7d20_3908,11737.882
000d7d20_3909,11737.828
000d7d20_3910,11737.844
000d7d20_3911,11737.695
000d7d20_3912,11737.673
000d7d20_3913,11737.543
000d7d20_3914,11737.487
000d7d20_3915,11737.427
000d7d20_3916,11737.387
000d7d20_3917,11737.374
000d7d20_3918,11737.444
000d7d20_3919,11737.386
000d7d20_3920,11737.333
000d7d20_3921,11737.319
000d7d20_3922,11737.315
000d7d20_3923,11737.29
000d7d20_3924,11737.285
000d7d20_3925,11737.257
000d7d20_3926,11737.176
000d7d20_3927,11737.134
000d7d20_3928,11737.141
000d7d20_3929,11737.117
000d7d20_3930,11737.106
000d7d20_3931,11737.108
000d7d20_3932,11737.095
000d7d20_3933,11737.102
000d7d20_3934,11737.066
000d7d20_3935,11737.089
000d7d20_3936,11737.052
000d7d20_3937,11737.113
000d7d20_3938,11737.058
000d7d20_3939,11737.035
000d7d20_3940,11736.992
000d7d20_3941,11737.001
000d7d20_3942,11736.956
000d7d20_3943,11736.965
000d7d20_3944,11736.997
000d7d20_3945,11736.958
000d7d20_3946,11736.972
000d7d20_3947,11736.942
000d7d20_3948,11736.953
000d7d20_3949,11736.926
000d7d20_3950,11736.898
000d7d20_3951,11736.871
000d7d20_3952,11736.87
000d7d20_3953,11736.825
000d7d20_3954,11736.784
000d7d20_3955,11736.685
000d7d20_3956,11736.613
000d7d20_3957,11736.57
000d7d20_3958,11736.528
000d7d20_3959,11736.52
000d7d20_3960,11736.488
000d7d20_3961,11736.448
000d7d20_3962,11736.384
000d7d20_3963,11736.409
000d7d20_3964,11736.368
000d7d20_3965,11736.341
000d7d20_3966,11736.278
000d7d20_3967,11736.23
000d7d20_3968,11736.204
000d7d20_3969,11736.191
000d7d20_3970,11736.112
000d7d20_3971,11736.062
000d7d20_3972,11736.013
000d7d20_3973,11735.997
000d7d20_3974,11736.0
000d7d20_3975,11735.97
000d7d20_3976,11735.958
000d7d20_3977,11735.849
000d7d20_3978,11735.804
000d7d20_3979,11735.817
000d7d20_3980,11735.862
000d7d20_3981,11735.937
000d7d20_3982,11736.04
000d7d20_3983,11736.065
000d7d20_3984,11736.031
000d7d20_3985,11736.028
000d7d20_3986,11736.027
000d7d20_3987,11735.974
000d7d20_3988,11735.968
000d7d20_3989,11735.925
000d7d20_3990,11735.9375
000d7d20_3991,11735.973
000d7d20_3992,11736.172
000d7d20_3993,11736.32
000d7d20_3994,11736.333
000d7d20_3995,11736.39
000d7d20_3996,11736.442
000d7d20_3997,11736.762
000d7d20_3998,11736.758
000d7d20_3999,11736.75
000d7d20_4000,11736.773
000d7d20_4001,11736.755
000d7d20_4002,11736.746
000d7d20_4003,11736.747
000d7d20_4004,11736.746
000d7d20_4005,11736.738
000d7d20_4006,11736.734
000d7d20_4007,11736.726
000d7d20_4008,11736.747
000d7d20_4009,11736.7295
000d7d20_4010,11736.733
000d7d20_4011,11736.761
000d7d20_4012,11736.763
000d7d20_4013,11736.734
000d7d20_4014,11736.831
000d7d20_4015,11736.789
000d7d20_4016,11736.806
000d7d20_4017,11736.727
000d7d20_4018,11736.735
000d7d20_4019,11736.739
000d7d20_4020,11736.698
000d7d20_4021,11736.753
000d7d20_4022,11736.758
000d7d20_4023,11736.805
000d7d20_4024,11736.813
000d7d20_4025,11736.899
000d7d20_4026,11736.906
000d7d20_4027,11736.897
000d7d20_4028,11736.891
000d7d20_4029,11736.863
000d7d20_4030,11736.849
000d7d20_4031,11736.853
000d7d20_4032,11736.812
000d7d20_4033,11736.788
000d7d20_4034,11736.698
000d7d20_4035,11736.684
000d7d20_4036,11736.6455
000d7d20_4037,11736.656
000d7d20_4038,11736.626
000d7d20_4039,11736.622
000d7d20_4040,11736.634
000d7d20_4041,11736.601
000d7d20_4042,11736.618
000d7d20_4043,11736.61
000d7d20_4044,11736.569
000d7d20_4045,11736.563
000d7d20_4046,11736.547
000d7d20_4047,11736.536
000d7d20_4048,11736.513
000d7d20_4049,11736.492
000d7d20_4050,11736.438
000d7d20_4051,11736.438
000d7d20_4052,11736.43
000d7d20_4053,11736.419
000d7d20_4054,11736.398
000d7d20_4055,11736.417
000d7d20_4056,11736.425
000d7d20_4057,11736.425
000d7d20_4058,11736.458
000d7d20_4059,11736.427
000d7d20_4060,11736.419
000d7d20_4061,11736.431
000d7d20_4062,11736.438
000d7d20_4063,11736.415
000d7d20_4064,11736.422
000d7d20_4065,11736.411
000d7d20_4066,11736.442
000d7d20_4067,11736.429
000d7d20_4068,11736.43
000d7d20_4069,11736.409
000d7d20_4070,11736.417
000d7d20_4071,11736.392
000d7d20_4072,11736.421
000d7d20_4073,11736.409
000d7d20_4074,11736.423
000d7d20_4075,11736.442
000d7d20_4076,11736.456
000d7d20_4077,11736.609
000d7d20_4078,11736.602
000d7d20_4079,11736.614
000d7d20_4080,11736.606
000d7d20_4081,11736.587
000d7d20_4082,11736.6045
000d7d20_4083,11736.597
000d7d20_4084,11736.57
000d7d20_4085,11736.624
000d7d20_4086,11736.589
000d7d20_4087,11736.618
000d7d20_4088,11736.609
000d7d20_4089,11736.624
000d7d20_4090,11736.622
000d7d20_4091,11736.606
000d7d20_4092,11736.61
000d7d20_4093,11736.598
000d7d20_4094,11736.594
000d7d20_4095,11736.594
000d7d20_4096,11736.612
000d7d20_4097,11736.602
000d7d20_4098,11736.614
000d7d20_4099,11736.603
000d7d20_4100,11736.614
000d7d20_4101,11736.62
000d7d20_4102,11736.609
000d7d20_4103,11736.601
000d7d20_4104,11736.616
000d7d20_4105,11736.645
000d7d20_4106,11736.562
000d7d20_4107,11736.685
000d7d20_4108,11736.696
000d7d20_4109,11736.708
000d7d20_4110,11736.722
000d7d20_4111,11736.734
000d7d20_4112,11736.757
000d7d20_4113,11736.784
000d7d20_4114,11736.987
000d7d20_4115,11736.983
000d7d20_4116,11736.972
000d7d20_4117,11736.957
000d7d20_4118,11736.927
000d7d20_4119,11736.851
000d7d20_4120,11736.828
000d7d20_4121,11736.805
000d7d20_4122,11736.7705
000d7d20_4123,11736.733
000d7d20_4124,11736.667
000d7d20_4125,11736.601
000d7d20_4126,11736.6045
000d7d20_4127,11736.591
000d7d20_4128,11736.629
000d7d20_4129,11736.558
000d7d20_4130,11736.6045
000d7d20_4131,11736.577
000d7d20_4132,11736.554
000d7d20_4133,11736.55
000d7d20_4134,11736.562
000d7d20_4135,11736.551
000d7d20_4136,11736.532
000d7d20_4137,11736.534
000d7d20_4138,11736.519
000d7d20_4139,11736.495
000d7d20_4140,11736.567
000d7d20_4141,11736.562
000d7d20_4142,11736.559
000d7d20_4143,11736.536
000d7d20_4144,11736.526
000d7d20_4145,11736.497
000d7d20_4146,11736.485
000d7d20_4147,11736.469
000d7d20_4148,11736.481
000d7d20_4149,11736.497
000d7d20_4150,11736.5
000d7d20_4151,11736.531
000d7d20_4152,11736.54
000d7d20_4153,11736.589
000d7d20_4154,11736.681
000d7d20_4155,11736.723
000d7d20_4156,11736.688
000d7d20_4157,11736.694
000d7d20_4158,11736.687
000d7d20_4159,11736.683
000d7d20_4160,11736.6455
000d7d20_4161,11736.6455
000d7d20_4162,11736.735
000d7d20_4163,11736.726
000d7d20_4164,11736.72
000d7d20_4165,11736.702
000d7d20_4166,11736.746
000d7d20_4167,11736.685
000d7d20_4168,11736.695
000d7d20_4169,11736.571
000d7d20_4170,11736.458
000d7d20_4171,11736.582
000d7d20_4172,11736.598
000d7d20_4173,11736.641
000d7d20_4174,11736.536
000d7d20_4175,11736.526
000d7d20_4176,11736.56
000d7d20_4177,11736.524
000d7d20_4178,11736.452
000d7d20_4179,11736.453
000d7d20_4180,11736.442
000d7d20_4181,11736.414
000d7d20_4182,11736.324
000d7d20_4183,11736.336
000d7d20_4184,11736.3
000d7d20_4185,11736.331
000d7d20_4186,11736.273
000d7d20_4187,11736.2705
000d7d20_4188,11736.2295
000d7d20_4189,11736.239
000d7d20_4190,11736.231
000d7d20_4191,11736.216
000d7d20_4192,11736.203
000d7d20_4193,11736.18
000d7d20_4194,11736.167
000d7d20_4195,11736.172
000d7d20_4196,11736.1455
000d7d20_4197,11736.106
000d7d20_4198,11736.094
000d7d20_4199,11736.128
000d7d20_4200,11736.136
000d7d20_4201,11736.144
000d7d20_4202,11736.161
000d7d20_4203,11736.148
000d7d20_4204,11736.282
000d7d20_4205,11736.28
000d7d20_4206,11736.262
000d7d20_4207,11736.026
000d7d20_4208,11736.009
000d7d20_4209,11735.972
000d7d20_4210,11735.694
000d7d20_4211,11735.677
000d7d20_4212,11735.269
000d7d20_4213,11735.257
000d7d20_4214,11735.203
000d7d20_4215,11735.198
000d7d20_4216,11735.192
000d7d20_4217,11735.195
000d7d20_4218,11735.195
000d7d20_4219,11735.194
000d7d20_4220,11735.184
000d7d20_4221,11735.172
000d7d20_4222,11735.1875
000d7d20_4223,11735.185
000d7d20_4224,11735.195
000d7d20_4225,11735.2
000d7d20_4226,11735.212
000d7d20_4227,11735.19
000d7d20_4228,11735.179
000d7d20_4229,11735.153
000d7d20_4230,11735.148
000d7d20_4231,11735.153
000d7d20_4232,11735.149
000d7d20_4233,11735.128
000d7d20_4234,11735.081
000d7d20_4235,11735.044
000d7d20_4236,11735.047
000d7d20_4237,11735.0205
000d7d20_4238,11735.024
000d7d20_4239,11735.009
000d7d20_4240,11734.9795
000d7d20_4241,11734.978
000d7d20_4242,11734.991
000d7d20_4243,11734.984
000d7d20_4244,11734.973
000d7d20_4245,11734.958
000d7d20_4246,11734.969
000d7d20_4247,11734.976
000d7d20_4248,11735.102
000d7d20_4249,11735.13
000d7d20_4250,11735.114
000d7d20_4251,11735.116
000d7d20_4252,11735.124
000d7d20_4253,11735.098
000d7d20_4254,11735.094
000d7d20_4255,11735.081
000d7d20_4256,11735.121
000d7d20_4257,11735.121
000d7d20_4258,11735.151
000d7d20_4259,11735.163
000d7d20_4260,11735.175
000d7d20_4261,11735.183
000d7d20_4262,11735.167
000d7d20_4263,11735.1455
000d7d20_4264,11735.175
000d7d20_4265,11735.191
000d7d20_4266,11735.206
000d7d20_4267,11735.196
000d7d20_4268,11735.128
000d7d20_4269,11735.141
000d7d20_4270,11735.195
000d7d20_4271,11735.188
000d7d20_4272,11735.185
000d7d20_4273,11735.207
000d7d20_4274,11735.214
000d7d20_4275,11735.253
000d7d20_4276,11735.227
000d7d20_4277,11735.405
000d7d20_4278,11735.379
000d7d20_4279,11735.208
000d7d20_4280,11735.216
000d7d20_4281,11735.159
000d7d20_4282,11735.167
000d7d20_4283,11735.211
000d7d20_4284,11735.261
000d7d20_4285,11735.235
000d7d20_4286,11735.199
000d7d20_4287,11735.245
000d7d20_4288,11735.255
000d7d20_4289,11735.294
000d7d20_4290,11735.281
000d7d20_4291,11735.292
000d7d20_4292,11735.31
000d7d20_4293,11735.461
000d7d20_4294,11735.496
000d7d20_4295,11735.466
000d7d20_4296,11735.526
000d7d20_4297,11735.509
000d7d20_4298,11735.516
000d7d20_4299,11735.491
000d7d20_4300,11735.461
000d7d20_4301,11735.422
000d7d20_4302,11735.382
000d7d20_4303,11735.376
000d7d20_4304,11735.348
000d7d20_4305,11735.356
000d7d20_4306,11735.363
000d7d20_4307,11735.378
000d7d20_4308,11735.376
000d7d20_4309,11735.321
000d7d20_4310,11735.31
000d7d20_4311,11735.29
000d7d20_4312,11735.2705
000d7d20_4313,11735.224
000d7d20_4314,11735.2295
000d7d20_4315,11735.239
000d7d20_4316,11735.245
000d7d20_4317,11735.247
000d7d20_4318,11735.254
000d7d20_4319,11735.245
000d7d20_4320,11735.285
000d7d20_4321,11735.3
000d7d20_4322,11735.2705
000d7d20_4323,11735.2705
000d7d20_4324,11735.239
000d7d20_4325,11735.251
000d7d20_4326,11735.273
000d7d20_4327,11735.263
000d7d20_4328,11735.284
000d7d20_4329,11735.31
000d7d20_4330,11735.316
000d7d20_4331,11735.345
000d7d20_4332,11735.411
000d7d20_4333,11735.43
000d7d20_4334,11735.762
000d7d20_4335,11735.774
000d7d20_4336,11735.796
000d7d20_4337,11735.813
000d7d20_4338,11735.835
000d7d20_4339,11735.851
000d7d20_4340,11735.863
000d7d20_4341,11735.892
000d7d20_4342,11735.862
000d7d20_4343,11735.883
000d7d20_4344,11735.867
000d7d20_4345,11735.875
000d7d20_4346,11735.887
000d7d20_4347,11735.906
000d7d20_4348,11735.88
000d7d20_4349,11735.871
000d7d20_4350,11735.859
000d7d20_4351,11735.875
000d7d20_4352,11735.888
000d7d20_4353,11735.8955
000d7d20_4354,11735.898
000d7d20_4355,11735.888
000d7d20_4356,11735.8955
000d7d20_4357,11735.935
000d7d20_4358,11735.901
000d7d20_4359,11735.903
000d7d20_4360,11735.828
000d7d20_4361,11735.835
000d7d20_4362,11735.888
000d7d20_4363,11735.8545
000d7d20_4364,11735.87
000d7d20_4365,11735.8545
000d7d20_4366,11735.918
000d7d20_4367,11735.87
000d7d20_4368,11735.883
000d7d20_4369,11735.89
000d7d20_4370,11735.88
000d7d20_4371,11735.856
000d7d20_4372,11735.836
000d7d20_4373,11735.859
000d7d20_4374,11735.824
000d7d20_4375,11735.82
000d7d20_4376,11735.836
000d7d20_4377,11735.915
000d7d20_4378,11735.907
000d7d20_4379,11735.945
000d7d20_4380,11735.946
000d7d20_4381,11736.008
000d7d20_4382,11736.003
000d7d20_4383,11736.337
000d7d20_4384,11736.261
000d7d20_4385,11736.308
000d7d20_4386,11736.31
000d7d20_4387,11736.286
000d7d20_4388,11736.336
000d7d20_4389,11736.266
000d7d20_4390,11736.302
000d7d20_4391,11736.347
000d7d20_4392,11736.359
000d7d20_4393,11736.297
000d7d20_4394,11736.253
000d7d20_4395,11736.247
000d7d20_4396,11736.245
000d7d20_4397,11736.234
000d7d20_4398,11736.211
000d7d20_4399,11736.188
000d7d20_4400,11736.19
000d7d20_4401,11736.191
000d7d20_4402,11736.183
000d7d20_4403,11736.153
000d7d20_4404,11736.141
000d7d20_4405,11736.109
000d7d20_4406,11736.247
000d7d20_4407,11736.289
000d7d20_4408,11736.286
000d7d20_4409,11736.296
000d7d20_4410,11736.302
000d7d20_4411,11736.278
000d7d20_4412,11736.359
000d7d20_4413,11736.308
000d7d20_4414,11736.388
000d7d20_4415,11736.359
000d7d20_4416,11736.356
000d7d20_4417,11736.306
000d7d20_4418,11736.317
000d7d20_4419,11736.337
000d7d20_4420,11736.344
000d7d20_4421,11736.36
000d7d20_4422,11736.364
000d7d20_4423,11736.3545
000d7d20_4424,11736.352
000d7d20_4425,11736.37
000d7d20_4426,11736.328
000d7d20_4427,11736.284
000d7d20_4428,11736.223
000d7d20_4429,11736.233
000d7d20_4430,11736.263
000d7d20_4431,11736.284
000d7d20_4432,11736.308
000d7d20_4433,11736.32
000d7d20_4434,11736.368
000d7d20_4435,11736.426
000d7d20_4436,11736.763
000d7d20_4437,11736.796
000d7d20_4438,11736.808
000d7d20_4439,11736.797
000d7d20_4440,11736.766
000d7d20_4441,11736.733
000d7d20_4442,11736.723
000d7d20_4443,11736.813
000d7d20_4444,11736.824
000d7d20_4445,11736.8
000d7d20_4446,11736.743
000d7d20_4447,11736.805
000d7d20_4448,11736.878
000d7d20_4449,11736.903
000d7d20_4450,11736.909
000d7d20_4451,11736.93
000d7d20_4452,11736.941
000d7d20_4453,11736.995
000d7d20_4454,11737.001
000d7d20_4455,11737.011
000d7d20_4456,11737.065
000d7d20_4457,11737.043
000d7d20_4458,11737.013
000d7d20_4459,11737.019
000d7d20_4460,11737.09
000d7d20_4461,11737.071
000d7d20_4462,11737.1455
000d7d20_4463,11737.18
000d7d20_4464,11737.18
000d7d20_4465,11737.203
000d7d20_4466,11737.31
000d7d20_4467,11737.387
000d7d20_4468,11737.386
000d7d20_4469,11737.366
000d7d20_4470,11737.36
000d7d20_4471,11737.426
000d7d20_4472,11737.349
000d7d20_4473,11737.379
000d7d20_4474,11737.37
000d7d20_4475,11737.339
000d7d20_4476,11737.386
000d7d20_4477,11737.397
000d7d20_4478,11737.348
000d7d20_4479,11737.341
000d7d20_4480,11737.288
000d7d20_4481,11737.278
000d7d20_4482,11737.258
000d7d20_4483,11737.2295
000d7d20_4484,11737.219
000d7d20_4485,11737.183
000d7d20_4486,11737.165
000d7d20_4487,11737.161
000d7d20_4488,11737.147
000d7d20_4489,11737.14
000d7d20_4490,11737.128
000d7d20_4491,11737.117
000d7d20_4492,11737.086
000d7d20_4493,11737.118
000d7d20_4494,11737.038
000d7d20_4495,11736.98
000d7d20_4496,11736.948
000d7d20_4497,11736.962
000d7d20_4498,11736.969
000d7d20_4499,11736.974
000d7d20_4500,11736.995
000d7d20_4501,11736.999
000d7d20_4502,11737.042
000d7d20_4503,11737.013
000d7d20_4504,11736.993
000d7d20_4505,11737.004
000d7d20_4506,11737.026
000d7d20_4507,11737.04
000d7d20_4508,11737.03
000d7d20_4509,11737.004
000d7d20_4510,11737.003
000d7d20_4511,11737.008
000d7d20_4512,11737.019
000d7d20_4513,11737.047
000d7d20_4514,11737.028
000d7d20_4515,11737.032
000d7d20_4516,11737.032
000d7d20_4517,11737.266
000d7d20_4518,11737.367
000d7d20_4519,11737.375
000d7d20_4520,11737.367
000d7d20_4521,11737.384
000d7d20_4522,11737.3955
000d7d20_4523,11737.409
000d7d20_4524,11737.362
000d7d20_4525,11737.43
000d7d20_4526,11737.359
000d7d20_4527,11737.375
000d7d20_4528,11737.399
000d7d20_4529,11737.433
000d7d20_4530,11737.426
000d7d20_4531,11737.371
000d7d20_4532,11737.433
000d7d20_4533,11737.448
000d7d20_4534,11737.441
000d7d20_4535,11737.46
000d7d20_4536,11737.466
000d7d20_4537,11737.448
000d7d20_4538,11737.422
000d7d20_4539,11737.414
000d7d20_4540,11737.423
000d7d20_4541,11737.429
000d7d20_4542,11737.429
000d7d20_4543,11737.417
000d7d20_4544,11737.3955
000d7d20_4545,11737.438
000d7d20_4546,11737.435
000d7d20_4547,11737.399
000d7d20_4548,11737.45
000d7d20_4549,11737.468
000d7d20_4550,11737.4795
000d7d20_4551,11737.491
000d7d20_4552,11737.5
000d7d20_4553,11737.493
000d7d20_4554,11737.497
000d7d20_4555,11737.497
000d7d20_4556,11737.504
000d7d20_4557,11737.495
000d7d20_4558,11737.504
000d7d20_4559,11737.5
000d7d20_4560,11737.493
000d7d20_4561,11737.492
000d7d20_4562,11737.491
000d7d20_4563,11737.489
000d7d20_4564,11737.492
000d7d20_4565,11737.497
000d7d20_4566,11737.4795
000d7d20_4567,11737.516
000d7d20_4568,11737.509
000d7d20_4569,11737.792
000d7d20_4570,11737.794
000d7d20_4571,11737.81
000d7d20_4572,11737.84
000d7d20_4573,11737.836
000d7d20_4574,11737.805
000d7d20_4575,11737.808
000d7d20_4576,11737.792
000d7d20_4577,11737.8125
000d7d20_4578,11737.802
000d7d20_4579,11737.81
000d7d20_4580,11737.81
000d7d20_4581,11737.792
000d7d20_4582,11737.784
000d7d20_4583,11737.763
000d7d20_4584,11737.769
000d7d20_4585,11737.761
000d7d20_4586,11737.757
000d7d20_4587,11737.741
000d7d20_4588,11737.688
000d7d20_4589,11737.691
000d7d20_4590,11737.692
000d7d20_4591,11737.685
000d7d20_4592,11737.694
000d7d20_4593,11737.699
000d7d20_4594,11737.669
000d7d20_4595,11737.669
000d7d20_4596,11737.647
000d7d20_4597,11737.649
000d7d20_4598,11737.64
000d7d20_4599,11737.614
000d7d20_4600,11737.61
000d7d20_4601,11737.624
000d7d20_4602,11737.6455
000d7d20_4603,11737.637
000d7d20_4604,11737.648
000d7d20_4605,11737.649
000d7d20_4606,11737.651
000d7d20_4607,11737.673
000d7d20_4608,11737.673
000d7d20_4609,11737.657
000d7d20_4610,11737.645
000d7d20_4611,11737.663
000d7d20_4612,11737.692
000d7d20_4613,11737.69
000d7d20_4614,11737.684
000d7d20_4615,11737.684
000d7d20_4616,11737.69
000d7d20_4617,11737.698
000d7d20_4618,11737.703
000d7d20_4619,11737.7
000d7d20_4620,11737.712
000d7d20_4621,11737.726
000d7d20_4622,11737.711
000d7d20_4623,11737.716
000d7d20_4624,11737.71
000d7d20_4625,11737.708
000d7d20_4626,11737.706
000d7d20_4627,11737.703
000d7d20_4628,11737.719
000d7d20_4629,11737.722
000d7d20_4630,11737.739
000d7d20_4631,11737.719
000d7d20_4632,11737.733
000d7d20_4633,11737.739
000d7d20_4634,11737.754
000d7d20_4635,11737.758
000d7d20_4636,11737.776
000d7d20_4637,11737.773
000d7d20_4638,11737.772
000d7d20_4639,11737.794
000d7d20_4640,11737.776
000d7d20_4641,11737.797
000d7d20_4642,11737.792
000d7d20_4643,11737.788
000d7d20_4644,11737.804
000d7d20_4645,11737.845
000d7d20_4646,11737.878
000d7d20_4647,11737.86
000d7d20_4648,11737.894
000d7d20_4649,11737.899
000d7d20_4650,11737.906
000d7d20_4651,11737.988
000d7d20_4652,11738.023
000d7d20_4653,11737.993
000d7d20_4654,11738.012
000d7d20_4655,11737.987
000d7d20_4656,11737.964
000d7d20_4657,11737.935
000d7d20_4658,11737.954
000d7d20_4659,11737.934
000d7d20_4660,11737.935
000d7d20_4661,11737.93
000d7d20_4662,11737.906
000d7d20_4663,11737.894
000d7d20_4664,11737.858
000d7d20_4665,11737.792
000d7d20_4666,11737.794
000d7d20_4667,11737.715
000d7d20_4668,11737.669
000d7d20_4669,11737.667
000d7d20_4670,11737.653
000d7d20_4671,11737.649
000d7d20_4672,11737.618
000d7d20_4673,11737.597
000d7d20_4674,11737.605
000d7d20_4675,11737.591
000d7d20_4676,11737.583
000d7d20_4677,11737.565
000d7d20_4678,11737.552
000d7d20_4679,11737.542
000d7d20_4680,11737.54
000d7d20_4681,11737.552
000d7d20_4682,11737.528
000d7d20_4683,11737.516
000d7d20_4684,11737.552
000d7d20_4685,11737.55
000d7d20_4686,11737.543
000d7d20_4687,11737.552
000d7d20_4688,11737.558
000d7d20_4689,11737.55
000d7d20_4690,11737.577
000d7d20_4691,11737.579
000d7d20_4692,11737.573
000d7d20_4693,11737.597
000d7d20_4694,11737.591
000d7d20_4695,11737.6045
000d7d20_4696,11737.586
000d7d20_4697,11737.591
000d7d20_4698,11737.589
000d7d20_4699,11737.587
000d7d20_4700,11737.544
000d7d20_4701,11737.55
000d7d20_4702,11737.539
000d7d20_4703,11737.798
000d7d20_4704,11737.792
000d7d20_4705,11737.816
000d7d20_4706,11737.806
000d7d20_4707,11737.786
000d7d20_4708,11737.769
000d7d20_4709,11737.763
000d7d20_4710,11737.792
000d7d20_4711,11737.754
000d7d20_4712,11737.7295
000d7d20_4713,11737.747
000d7d20_4714,11737.719
000d7d20_4715,11737.699
000d7d20_4716,11737.6875
000d7d20_4717,11737.6875
000d7d20_4718,11737.6875
000d7d20_4719,11737.695
000d7d20_4720,11737.699
000d7d20_4721,11737.712
000d7d20_4722,11737.708
000d7d20_4723,11737.714
000d7d20_4724,11737.714
000d7d20_4725,11737.718
000d7d20_4726,11737.716
000d7d20_4727,11737.711
000d7d20_4728,11737.7
000d7d20_4729,11737.7
000d7d20_4730,11737.694
000d7d20_4731,11737.731
000d7d20_4732,11737.758
000d7d20_4733,11737.723
000d7d20_4734,11737.703
000d7d20_4735,11737.661
000d7d20_4736,11737.578
000d7d20_4737,11737.648
000d7d20_4738,11737.515
000d7d20_4739,11737.438
000d7d20_4740,11737.547
000d7d20_4741,11737.628
000d7d20_4742,11737.6045
000d7d20_4743,11737.478
000d7d20_4744,11737.488
000d7d20_4745,11737.466
000d7d20_4746,11737.372
000d7d20_4747,11737.469
000d7d20_4748,11737.333
000d7d20_4749,11737.286
000d7d20_4750,11737.372
000d7d20_4751,11737.442
000d7d20_4752,11737.246
000d7d20_4753,11737.255
000d7d20_4754,11737.325
000d7d20_4755,11737.237
000d7d20_4756,11737.211
000d7d20_4757,11737.274
000d7d20_4758,11737.243
000d7d20_4759,11737.255
000d7d20_4760,11737.16
000d7d20_4761,11737.069
000d7d20_4762,11737.058
000d7d20_4763,11737.052
000d7d20_4764,11737.0205
000d7d20_4765,11736.987
000d7d20_4766,11737.149
000d7d20_4767,11737.043
000d7d20_4768,11736.949
000d7d20_4769,11736.948
000d7d20_4770,11736.926
000d7d20_4771,11736.965
000d7d20_4772,11736.968
000d7d20_4773,11736.961
000d7d20_4774,11736.993
000d7d20_4775,11736.977
000d7d20_4776,11736.956
000d7d20_4777,11736.906
000d7d20_4778,11736.984
000d7d20_4779,11737.028
000d7d20_4780,11737.121
000d7d20_4781,11737.056
000d7d20_4782,11737.011
000d7d20_4783,11736.992
000d7d20_4784,11737.047
000d7d20_4785,11737.157
000d7d20_4786,11737.129
000d7d20_4787,11737.109
000d7d20_4788,11737.122
000d7d20_4789,11737.095
000d7d20_4790,11737.112
000d7d20_4791,11737.091
000d7d20_4792,11737.094
000d7d20_4793,11737.074
000d7d20_4794,11737.078
000d7d20_4795,11737.07
000d7d20_4796,11737.042
000d7d20_4797,11737.036
000d7d20_4798,11736.992
000d7d20_4799,11737.054
000d7d20_4800,11737.067
000d7d20_4801,11737.152
000d7d20_4802,11737.179
000d7d20_4803,11737.245
000d7d20_4804,11737.243
000d7d20_4805,11737.25
000d7d20_4806,11737.258
000d7d20_4807,11737.269
000d7d20_4808,11737.278
000d7d20_4809,11737.29
000d7d20_4810,11737.305
000d7d20_4811,11737.273
000d7d20_4812,11737.254
000d7d20_4813,11737.296
000d7d20_4814,11737.302
000d7d20_4815,11737.347
000d7d20_4816,11737.36
000d7d20_4817,11737.367
000d7d20_4818,11737.343
000d7d20_4819,11737.423
000d7d20_4820,11737.4375
000d7d20_4821,11737.457
000d7d20_4822,11737.464
000d7d20_4823,11737.48
000d7d20_4824,11737.5
000d7d20_4825,11737.539
000d7d20_4826,11737.578
000d7d20_4827,11737.578
000d7d20_4828,11737.57
000d7d20_4829,11737.575
000d7d20_4830,11737.585
000d7d20_4831,11737.586
000d7d20_4832,11737.539
000d7d20_4833,11737.528
000d7d20_4834,11737.538
000d7d20_4835,11737.448
000d7d20_4836,11737.415
000d7d20_4837,11737.335
000d7d20_4838,11737.304
000d7d20_4839,11737.266
000d7d20_4840,11737.222
000d7d20_4841,11737.25
000d7d20_4842,11737.204
000d7d20_4843,11737.195
000d7d20_4844,11737.051
000d7d20_4845,11736.958
000d7d20_4846,11736.958
000d7d20_4847,11737.0
000d7d20_4848,11737.008
000d7d20_4849,11737.031
000d7d20_4850,11737.043
000d7d20_4851,11737.05
000d7d20_4852,11737.097
000d7d20_4853,11737.056
000d7d20_4854,11736.914
000d7d20_4855,11736.888
000d7d20_4856,11736.84
000d7d20_4857,11736.804
000d7d20_4858,11736.754
000d7d20_4859,11736.716
000d7d20_4860,11736.651
000d7d20_4861,11736.633
000d7d20_4862,11736.61
000d7d20_4863,11736.585
000d7d20_4864,11736.589
000d7d20_4865,11736.659
000d7d20_4866,11736.612
000d7d20_4867,11736.56
000d7d20_4868,11736.555
000d7d20_4869,11736.5625
000d7d20_4870,11736.593
000d7d20_4871,11736.667
000d7d20_4872,11736.657
000d7d20_4873,11736.648
000d7d20_4874,11736.621
000d7d20_4875,11736.63
000d7d20_4876,11736.653
000d7d20_4877,11736.675
000d7d20_4878,11736.699
000d7d20_4879,11736.677
000d7d20_4880,11736.651
000d7d20_4881,11736.637
000d7d20_4882,11736.629
000d7d20_4883,11736.63
000d7d20_4884,11736.532
000d7d20_4885,11736.656
000d7d20_4886,11736.704
000d7d20_4887,11736.638
000d7d20_4888,11736.539
000d7d20_4889,11736.524
000d7d20_4890,11736.515
000d7d20_4891,11736.52
000d7d20_4892,11736.501
000d7d20_4893,11736.495
000d7d20_4894,11736.492
000d7d20_4895,11736.501
000d7d20_4896,11736.513
000d7d20_4897,11736.558
000d7d20_4898,11736.504
000d7d20_4899,11736.505
000d7d20_4900,11736.491
000d7d20_4901,11736.481
000d7d20_4902,11736.457
000d7d20_4903,11736.421
000d7d20_4904,11736.437
000d7d20_4905,11736.434
000d7d20_4906,11736.445
000d7d20_4907,11736.47
000d7d20_4908,11736.496
000d7d20_4909,11736.523
000d7d20_4910,11736.55
000d7d20_4911,11736.565
000d7d20_4912,11736.598
000d7d20_4913,11736.624
000d7d20_4914,11736.765
000d7d20_4915,11736.789
000d7d20_4916,11736.858
000d7d20_4917,11736.964
000d7d20_4918,11736.981
000d7d20_4919,11736.969
000d7d20_4920,11736.9375
000d7d20_4921,11736.844
000d7d20_4922,11736.755
000d7d20_4923,11736.694
000d7d20_4924,11736.672
000d7d20_4925,11736.657
000d7d20_4926,11736.598
000d7d20_4927,11736.593
000d7d20_4928,11736.593
000d7d20_4929,11736.609
000d7d20_4930,11736.608
000d7d20_4931,11736.598
000d7d20_4932,11736.606
000d7d20_4933,11736.624
000d7d20_4934,11736.625
000d7d20_4935,11736.638
000d7d20_4936,11736.628
000d7d20_4937,11736.616
000d7d20_4938,11736.651
000d7d20_4939,11736.661
000d7d20_4940,11736.661
000d7d20_4941,11736.651
000d7d20_4942,11736.657
000d7d20_4943,11736.644
000d7d20_4944,11736.6455
000d7d20_4945,11736.672
000d7d20_4946,11736.667
000d7d20_4947,11736.648
000d7d20_4948,11736.685
000d7d20_4949,11736.699
000d7d20_4950,11736.746
000d7d20_4951,11736.769
000d7d20_4952,11736.747
000d7d20_4953,11736.753
000d7d20_4954,11736.703
000d7d20_4955,11736.75
000d7d20_4956,11736.763
000d7d20_4957,11736.684
000d7d20_4958,11736.727
000d7d20_4959,11736.875
000d7d20_4960,11736.892
000d7d20_4961,11736.892
000d7d20_4962,11737.02
000d7d20_4963,11737.048
000d7d20_4964,11737.042
000d7d20_4965,11737.042
000d7d20_4966,11737.0
000d7d20_4967,11736.929
000d7d20_4968,11736.961
000d7d20_4969,11737.005
000d7d20_4970,11737.03
000d7d20_4971,11737.086
000d7d20_4972,11737.039
000d7d20_4973,11737.077
000d7d20_4974,11737.125
000d7d20_4975,11737.026
000d7d20_4976,11736.956
000d7d20_4977,11736.977
000d7d20_4978,11737.004
000d7d20_4979,11737.003
000d7d20_4980,11737.024
000d7d20_4981,11737.016
000d7d20_4982,11737.039
000d7d20_4983,11737.0
000d7d20_4984,11737.046
000d7d20_4985,11737.083
000d7d20_4986,11737.031
000d7d20_4987,11737.086
000d7d20_4988,11737.058
000d7d20_4989,11737.136
000d7d20_4990,11737.134
000d7d20_4991,11737.159
000d7d20_4992,11737.246
000d7d20_4993,11737.253
000d7d20_4994,11737.325
000d7d20_4995,11737.349
000d7d20_4996,11737.328
000d7d20_4997,11737.273
000d7d20_4998,11737.378
000d7d20_4999,11737.29
000d7d20_5000,11737.38
000d7d20_5001,11737.386
000d7d20_5002,11737.444
000d7d20_5003,11737.461
000d7d20_5004,11737.472
000d7d20_5005,11737.519
000d7d20_5006,11737.575
000d7d20_5007,11737.706
000d7d20_5008,11737.855
000d7d20_5009,11737.816
000d7d20_5010,11737.815
000d7d20_5011,11737.727
000d7d20_5012,11737.722
000d7d20_5013,11737.715
000d7d20_5014,11737.664
000d7d20_5015,11737.667
000d7d20_5016,11737.665
000d7d20_5017,11737.641
000d7d20_5018,11737.677
000d7d20_5019,11737.659
000d7d20_5020,11737.636
000d7d20_5021,11737.614
000d7d20_5022,11737.589
000d7d20_5023,11737.622
000d7d20_5024,11737.622
000d7d20_5025,11737.652
000d7d20_5026,11737.681
000d7d20_5027,11737.644
000d7d20_5028,11737.641
000d7d20_5029,11737.601
000d7d20_5030,11737.556
000d7d20_5031,11737.528
000d7d20_5032,11737.539
000d7d20_5033,11737.565
000d7d20_5034,11737.559
000d7d20_5035,11737.565
000d7d20_5036,11737.597
000d7d20_5037,11737.613
000d7d20_5038,11737.638
000d7d20_5039,11737.644
000d7d20_5040,11737.636
000d7d20_5041,11737.633
000d7d20_5042,11737.628
000d7d20_5043,11737.624
000d7d20_5044,11737.599
000d7d20_5045,11737.638
000d7d20_5046,11737.614
000d7d20_5047,11737.625
000d7d20_5048,11737.647
000d7d20_5049,11737.659
000d7d20_5050,11737.634
000d7d20_5051,11737.632
000d7d20_5052,11737.664
000d7d20_5053,11737.638
000d7d20_5054,11737.641
000d7d20_5055,11737.644
000d7d20_5056,11737.648
000d7d20_5057,11737.685
000d7d20_5058,11737.708
000d7d20_5059,11737.692
000d7d20_5060,11737.664
000d7d20_5061,11737.703
000d7d20_5062,11737.706
000d7d20_5063,11737.72
000d7d20_5064,11737.71
000d7d20_5065,11737.719
000d7d20_5066,11737.726
000d7d20_5067,11737.761
000d7d20_5068,11737.763
000d7d20_5069,11737.761
000d7d20_5070,11737.77
000d7d20_5071,11737.792
000d7d20_5072,11737.808
000d7d20_5073,11737.832
000d7d20_5074,11737.839
000d7d20_5075,11737.837
000d7d20_5076,11737.866
000d7d20_5077,11737.867
000d7d20_5078,11737.874
000d7d20_5079,11737.856
000d7d20_5080,11737.828
000d7d20_5081,11737.878
000d7d20_5082,11737.931
000d7d20_5083,11737.983
000d7d20_5084,11737.978
000d7d20_5085,11737.972
000d7d20_5086,11737.953
000d7d20_5087,11738.007
000d7d20_5088,11738.02
000d7d20_5089,11738.008
000d7d20_5090,11738.015
000d7d20_5091,11738.017
000d7d20_5092,11738.093
000d7d20_5093,11738.073
000d7d20_5094,11738.13
000d7d20_5095,11738.106
000d7d20_5096,11738.118
000d7d20_5097,11738.125
000d7d20_5098,11738.19
000d7d20_5099,11738.164
000d7d20_5100,11738.159
000d7d20_5101,11738.175
000d7d20_5102,11738.164
000d7d20_5103,11738.14
000d7d20_5104,11738.069
000d7d20_5105,11738.046
000d7d20_5106,11738.015
000d7d20_5107,11737.942
000d7d20_5108,11737.91
000d7d20_5109,11737.876
000d7d20_5110,11737.867
000d7d20_5111,11737.864
000d7d20_5112,11737.836
000d7d20_5113,11737.876
000d7d20_5114,11737.891
000d7d20_5115,11737.872
000d7d20_5116,11737.86
000d7d20_5117,11737.831
000d7d20_5118,11737.839
000d7d20_5119,11737.858
000d7d20_5120,11737.902
000d7d20_5121,11737.964
000d7d20_5122,11737.942
000d7d20_5123,11737.9375
000d7d20_5124,11737.935
000d7d20_5125,11737.94
000d7d20_5126,11737.864
000d7d20_5127,11737.882
000d7d20_5128,11737.833
000d7d20_5129,11737.884
000d7d20_5130,11737.906
000d7d20_5131,11737.871
000d7d20_5132,11737.839
000d7d20_5133,11737.906
000d7d20_5134,11737.902
000d7d20_5135,11737.863
000d7d20_5136,11737.876
000d7d20_5137,11737.862
000d7d20_5138,11737.864
000d7d20_5139,11737.886
000d7d20_5140,11737.922
000d7d20_5141,11737.894
000d7d20_5142,11737.856
000d7d20_5143,11737.863
000d7d20_5144,11737.88
000d7d20_5145,11737.891
000d7d20_5146,11737.898
000d7d20_5147,11737.863
000d7d20_5148,11737.855
000d7d20_5149,11737.839
000d7d20_5150,11737.843
000d7d20_5151,11737.872
000d7d20_5152,11737.884
000d7d20_5153,11737.887
000d7d20_5154,11737.891
000d7d20_5155,11737.891
000d7d20_5156,11737.879
000d7d20_5157,11737.909
000d7d20_5158,11737.958
000d7d20_5159,11737.921
000d7d20_5160,11737.93
000d7d20_5161,11737.929
000d7d20_5162,11737.974
000d7d20_5163,11737.941
000d7d20_5164,11737.922
000d7d20_5165,11737.935
000d7d20_5166,11737.942
000d7d20_5167,11737.946
000d7d20_5168,11737.97
000d7d20_5169,11737.997
000d7d20_5170,11737.98
000d7d20_5171,11737.989
000d7d20_5172,11738.02
000d7d20_5173,11737.972
000d7d20_5174,11738.019
000d7d20_5175,11738.003
000d7d20_5176,11737.997
000d7d20_5177,11737.945
000d7d20_5178,11737.94
000d7d20_5179,11737.906
000d7d20_5180,11737.929
000d7d20_5181,11737.909
000d7d20_5182,11737.914
000d7d20_5183,11737.921
000d7d20_5184,11737.923
000d7d20_5185,11737.933
000d7d20_5186,11737.974
000d7d20_5187,11737.984
000d7d20_5188,11737.995
000d7d20_5189,11737.946
000d7d20_5190,11737.969
000d7d20_5191,11737.977
000d7d20_5192,11737.991
000d7d20_5193,11738.017
000d7d20_5194,11738.013
000d7d20_5195,11738.07
000d7d20_5196,11738.078
000d7d20_5197,11738.095
000d7d20_5198,11738.144
000d7d20_5199,11738.153
000d7d20_5200,11738.112
000d7d20_5201,11738.081
000d7d20_5202,11738.091
000d7d20_5203,11738.067
000d7d20_5204,11738.065
000d7d20_5205,11738.047
000d7d20_5206,11737.972
000d7d20_5207,11737.897
000d7d20_5208,11737.917
000d7d20_5209,11737.927
000d7d20_5210,11737.879
000d7d20_5211,11737.849
000d7d20_5212,11737.82
000d7d20_5213,11737.8125
000d7d20_5214,11737.7705
000d7d20_5215,11737.7
000d7d20_5216,11737.727
000d7d20_5217,11737.667
000d7d20_5218,11737.673
000d7d20_5219,11737.66
000d7d20_5220,11737.645
000d7d20_5221,11737.612
000d7d20_5222,11737.62
000d7d20_5223,11737.601
000d7d20_5224,11737.552
000d7d20_5225,11737.516
000d7d20_5226,11737.539
000d7d20_5227,11737.546
000d7d20_5228,11737.524
000d7d20_5229,11737.509
000d7d20_5230,11737.53
000d7d20_5231,11737.54
000d7d20_5232,11737.534
000d7d20_5233,11737.571
000d7d20_5234,11737.56
000d7d20_5235,11737.535
000d7d20_5236,11737.544
000d7d20_5237,11737.598
000d7d20_5238,11737.562
000d7d20_5239,11737.548
000d7d20_5240,11737.52
000d7d20_5241,11737.503
000d7d20_5242,11737.528
000d7d20_5243,11737.531
000d7d20_5244,11737.528
000d7d20_5245,11737.523
000d7d20_5246,11737.531
000d7d20_5247,11737.543
000d7d20_5248,11737.556
000d7d20_5249,11737.555
000d7d20_5250,11737.575
000d7d20_5251,11737.586
000d7d20_5252,11737.62
000d7d20_5253,11737.641
000d7d20_5254,11737.606
000d7d20_5255,11737.578
000d7d20_5256,11737.551
000d7d20_5257,11737.597
000d7d20_5258,11737.594
000d7d20_5259,11737.625
000d7d20_5260,11737.608
000d7d20_5261,11737.655
000d7d20_5262,11737.656
000d7d20_5263,11737.708
000d7d20_5264,11737.7295
000d7d20_5265,11737.75
000d7d20_5266,11737.758
000d7d20_5267,11737.753
000d7d20_5268,11737.79
000d7d20_5269,11737.784
000d7d20_5270,11737.805
000d7d20_5271,11737.827
000d7d20_5272,11737.835
000d7d20_5273,11737.871
000d7d20_5274,11737.9375
000d7d20_5275,11737.923
000d7d20_5276,11738.034
000d7d20_5277,11738.074
00bbac68_1545,12223.8545
00bbac68_1546,12223.862
00bbac68_1547,12223.883
00bbac68_1548,12223.95
00bbac68_1549,12223.944
00bbac68_1550,12223.965
00bbac68_1551,12223.977
00bbac68_1552,12223.997
00bbac68_1553,12224.001
00bbac68_1554,12223.991
00bbac68_1555,12223.996
00bbac68_1556,12224.016
00bbac68_1557,12224.022
00bbac68_1558,12224.05
00bbac68_1559,12224.069
00bbac68_1560,12224.044
00bbac68_1561,12224.019
00bbac68_1562,12224.036
00bbac68_1563,12224.044
00bbac68_1564,12224.017
00bbac68_1565,12224.058
00bbac68_1566,12224.086
00bbac68_1567,12224.078
00bbac68_1568,12224.047
00bbac68_1569,12224.038
00bbac68_1570,12224.056
00bbac68_1571,12224.077
00bbac68_1572,12224.079
00bbac68_1573,12224.073
00bbac68_1574,12224.074
00bbac68_1575,12224.055
00bbac68_1576,12224.046
00bbac68_1577,12224.034
00bbac68_1578,12224.02
00bbac68_1579,12224.019
00bbac68_1580,12224.026
00bbac68_1581,12224.026
00bbac68_1582,12224.031
00bbac68_1583,12224.075
00bbac68_1584,12224.086
00bbac68_1585,12224.059
00bbac68_1586,12224.032
00bbac68_1587,12224.034
00bbac68_1588,12224.017
00bbac68_1589,12224.028
00bbac68_1590,12224.058
00bbac68_1591,12224.0205
00bbac68_1592,12224.032
00bbac68_1593,12224.028
00bbac68_1594,12224.02
00bbac68_1595,12224.05
00bbac68_1596,12224.07
00bbac68_1597,12224.116
00bbac68_1598,12224.124
00bbac68_1599,12224.121
00bbac68_1600,12224.191
00bbac68_1601,12224.199
00bbac68_1602,12224.238
00bbac68_1603,12224.2705
00bbac68_1604,12224.32
00bbac68_1605,12224.298
00bbac68_1606,12224.341
00bbac68_1607,12224.352
00bbac68_1608,12224.392
00bbac68_1609,12224.3955
00bbac68_1610,12224.392
00bbac68_1611,12224.414
00bbac68_1612,12224.402
00bbac68_1613,12224.398
00bbac68_1614,12224.341
00bbac68_1615,12224.333
00bbac68_1616,12224.3545
00bbac68_1617,12224.355
00bbac68_1618,12224.349
00bbac68_1619,12224.387
00bbac68_1620,12224.405
00bbac68_1621,12224.414
00bbac68_1622,12224.409
00bbac68_1623,12224.4375
00bbac68_1624,12224.474
00bbac68_1625,12224.465
00bbac68_1626,12224.488
00bbac68_1627,12224.516
00bbac68_1628,12224.547
00bbac68_1629,12224.59
00bbac68_1630,12224.585
00bbac68_1631,12224.57
00bbac68_1632,12224.677
00bbac68_1633,12224.722
00bbac68_1634,12224.683
00bbac68_1635,12224.66
00bbac68_1636,12224.661
00bbac68_1637,12224.755
00bbac68_1638,12224.742
00bbac68_1639,12224.739
00bbac68_1640,12224.786
00bbac68_1641,12224.781
00bbac68_1642,12224.815
00bbac68_1643,12224.847
00bbac68_1644,12224.899
00bbac68_1645,12224.898
00bbac68_1646,12225.082
00bbac68_1647,12225.145
00bbac68_1648,12225.164
00bbac68_1649,12225.198
00bbac68_1650,12225.185
00bbac68_1651,12225.148
00bbac68_1652,12225.089
00bbac68_1653,12225.235
00bbac68_1654,12225.273
00bbac68_1655,12225.266
00bbac68_1656,12225.195
00bbac68_1657,12225.324
00bbac68_1658,12225.333
00bbac68_1659,12225.387
00bbac68_1660,12225.394
00bbac68_1661,12225.323
00bbac68_1662,12225.36
00bbac68_1663,12225.476
00bbac68_1664,12225.567
00bbac68_1665,12225.585
00bbac68_1666,12225.625
00bbac68_1667,12225.562
00bbac68_1668,12225.578
00bbac68_1669,12225.656
00bbac68_1670,12225.664
00bbac68_1671,12225.687
00bbac68_1672,12225.714
00bbac68_1673,12225.719
00bbac68_1674,12225.747
00bbac68_1675,12225.698
00bbac68_1676,12225.789
00bbac68_1677,12225.82
00bbac68_1678,12225.832
00bbac68_1679,12225.86
00bbac68_1680,12225.907
00bbac68_1681,12225.75
00bbac68_1682,12225.855
00bbac68_1683,12225.853
00bbac68_1684,12225.841
00bbac68_1685,12225.888
00bbac68_1686,12225.894
00bbac68_1687,12225.933
00bbac68_1688,12225.946
00bbac68_1689,12225.981
00bbac68_1690,12225.956
00bbac68_1691,12225.991
00bbac68_1692,12225.972
00bbac68_1693,12225.989
00bbac68_1694,12226.023
00bbac68_1695,12226.09
00bbac68_1696,12226.147
00bbac68_1697,12226.125
00bbac68_1698,12226.102
00bbac68_1699,12226.142
00bbac68_1700,12226.164
00bbac68_1701,12226.212
00bbac68_1702,12226.274
00bbac68_1703,12226.474
00bbac68_1704,12226.591
00bbac68_1705,12226.668
00bbac68_1706,12226.7
00bbac68_1707,12226.805
00bbac68_1708,12227.1045
00bbac68_1709,12227.276
00bbac68_1710,12227.349
00bbac68_1711,12227.372
00bbac68_1712,12227.558
00bbac68_1713,12227.575
00bbac68_1714,12227.556
00bbac68_1715,12227.552
00bbac68_1716,12227.667
00bbac68_1717,12227.657
00bbac68_1718,12227.661
00bbac68_1719,12227.653
00bbac68_1720,12227.703
00bbac68_1721,12227.727
00bbac68_1722,12227.727
00bbac68_1723,12227.738
00bbac68_1724,12227.707
00bbac68_1725,12227.72
00bbac68_1726,12227.7295
00bbac68_1727,12227.761
00bbac68_1728,12227.687
00bbac68_1729,12227.696
00bbac68_1730,12227.685
00bbac68_1731,12227.739
00bbac68_1732,12227.793
00bbac68_1733,12227.888
00bbac68_1734,12227.903
00bbac68_1735,12227.921
00bbac68_1736,12227.894
00bbac68_1737,12227.841
00bbac68_1738,12227.817
00bbac68_1739,12227.809
00bbac68_1740,12227.606
00bbac68_1741,12227.035
00bbac68_1742,12226.755
00bbac68_1743,12226.836
00bbac68_1744,12226.797
00bbac68_1745,12226.762
00bbac68_1746,12226.758
00bbac68_1747,12226.761
00bbac68_1748,12226.828
00bbac68_1749,12226.879
00bbac68_1750,12226.922
00bbac68_1751,12227.013
00bbac68_1752,12227.065
00bbac68_1753,12227.078
00bbac68_1754,12227.347
00bbac68_1755,12227.778
00bbac68_1756,12228.031
00bbac68_1757,12228.065
00bbac68_1758,12228.109
00bbac68_1759,12228.142
00bbac68_1760,12228.117
00bbac68_1761,12228.047
00bbac68_1762,12228.031
00bbac68_1763,12228.0205
00bbac68_1764,12228.017
00bbac68_1765,12228.026
00bbac68_1766,12228.062
00bbac68_1767,12228.028
00bbac68_1768,12228.108
00bbac68_1769,12228.126
00bbac68_1770,12228.097
00bbac68_1771,12228.093
00bbac68_1772,12228.065
00bbac68_1773,12228.094
00bbac68_1774,12228.116
00bbac68_1775,12228.12
00bbac68_1776,12228.121
00bbac68_1777,12228.118
00bbac68_1778,12228.112
00bbac68_1779,12228.082
00bbac68_1780,12228.055
00bbac68_1781,12228.034
00bbac68_1782,12228.039
00bbac68_1783,12228.069
00bbac68_1784,12228.0625
00bbac68_1785,12228.106
00bbac68_1786,12228.095
00bbac68_1787,12228.099
00bbac68_1788,12228.124
00bbac68_1789,12228.133
00bbac68_1790,12228.114
00bbac68_1791,12228.118
00bbac68_1792,12228.079
00bbac68_1793,12228.094
00bbac68_1794,12228.102
00bbac68_1795,12228.109
00bbac68_1796,12228.12
00bbac68_1797,12228.173
00bbac68_1798,12228.128
00bbac68_1799,12228.163
00bbac68_1800,12228.149
00bbac68_1801,12228.129
00bbac68_1802,12228.081
00bbac68_1803,12228.034
00bbac68_1804,12228.031
00bbac68_1805,12228.034
00bbac68_1806,12227.977
00bbac68_1807,12227.95
00bbac68_1808,12227.9375
00bbac68_1809,12227.95
00bbac68_1810,12227.949
00bbac68_1811,12227.925
00bbac68_1812,12227.895
00bbac68_1813,12227.91
00bbac68_1814,12227.925
00bbac68_1815,12227.895
00bbac68_1816,12227.9375
00bbac68_1817,12227.98
00bbac68_1818,12227.987
00bbac68_1819,12228.448
00bbac68_1820,12228.485
00bbac68_1821,12228.472
00bbac68_1822,12228.435
00bbac68_1823,12228.383
00bbac68_1824,12228.3955
00bbac68_1825,12228.383
00bbac68_1826,12228.316
00bbac68_1827,12228.301
00bbac68_1828,12228.347
00bbac68_1829,12228.339
00bbac68_1830,12228.337
00bbac68_1831,12228.302
00bbac68_1832,12228.246
00bbac68_1833,12228.297
00bbac68_1834,12228.323
00bbac68_1835,12228.262
00bbac68_1836,12228.261
00bbac68_1837,12228.362
00bbac68_1838,12228.289
00bbac68_1839,12228.297
00bbac68_1840,12228.191
00bbac68_1841,12228.237
00bbac68_1842,12228.253
00bbac68_1843,12228.239
00bbac68_1844,12228.288
00bbac68_1845,12228.276
00bbac68_1846,12228.3
00bbac68_1847,12228.293
00bbac68_1848,12228.263
00bbac68_1849,12228.27
00bbac68_1850,12228.302
00bbac68_1851,12228.298
00bbac68_1852,12228.294
00bbac68_1853,12228.298
00bbac68_1854,12228.269
00bbac68_1855,12228.28
00bbac68_1856,12228.277
00bbac68_1857,12228.301
00bbac68_1858,12228.296
00bbac68_1859,12228.245
00bbac68_1860,12228.222
00bbac68_1861,12228.239
00bbac68_1862,12228.281
00bbac68_1863,12228.286
00bbac68_1864,12228.254
00bbac68_1865,12228.22
00bbac68_1866,12228.296
00bbac68_1867,12228.282
00bbac68_1868,12228.301
00bbac68_1869,12228.37
00bbac68_1870,12228.351
00bbac68_1871,12228.3125
00bbac68_1872,12228.284
00bbac68_1873,12228.32
00bbac68_1874,12228.313
00bbac68_1875,12228.328
00bbac68_1876,12228.34
00bbac68_1877,12228.368
00bbac68_1878,12228.341
00bbac68_1879,12228.37
00bbac68_1880,12228.315
00bbac68_1881,12228.364
00bbac68_1882,12228.317
00bbac68_1883,12228.487
00bbac68_1884,12228.551
00bbac68_1885,12228.559
00bbac68_1886,12228.544
00bbac68_1887,12228.599
00bbac68_1888,12228.609
00bbac68_1889,12228.581
00bbac68_1890,12228.573
00bbac68_1891,12228.512
00bbac68_1892,12228.55
00bbac68_1893,12228.473
00bbac68_1894,12228.45
00bbac68_1895,12228.458
00bbac68_1896,12228.484
00bbac68_1897,12228.503
00bbac68_1898,12228.46
00bbac68_1899,12228.406
00bbac68_1900,12228.401
00bbac68_1901,12228.372
00bbac68_1902,12228.386
00bbac68_1903,12228.37
00bbac68_1904,12228.384
00bbac68_1905,12228.341
00bbac68_1906,12228.304
00bbac68_1907,12228.341
00bbac68_1908,12228.344
00bbac68_1909,12228.362
00bbac68_1910,12228.392
00bbac68_1911,12228.151
00bbac68_1912,12228.128
00bbac68_1913,12228.192
00bbac68_1914,12228.288
00bbac68_1915,12228.345
00bbac68_1916,12228.302
00bbac68_1917,12228.308
00bbac68_1918,12228.302
00bbac68_1919,12228.29
00bbac68_1920,12228.339
00bbac68_1921,12228.305
00bbac68_1922,12228.286
00bbac68_1923,12228.306
00bbac68_1924,12228.315
00bbac68_1925,12228.312
00bbac68_1926,12228.321
00bbac68_1927,12228.281
00bbac68_1928,12228.289
00bbac68_1929,12228.292
00bbac68_1930,12228.234
00bbac68_1931,12228.273
00bbac68_1932,12228.3
00bbac68_1933,12228.324
00bbac68_1934,12228.231
00bbac68_1935,12228.255
00bbac68_1936,12228.286
00bbac68_1937,12228.32
00bbac68_1938,12228.305
00bbac68_1939,12228.325
00bbac68_1940,12228.319
00bbac68_1941,12228.316
00bbac68_1942,12228.276
00bbac68_1943,12228.284
00bbac68_1944,12228.259
00bbac68_1945,12228.289
00bbac68_1946,12228.288
00bbac68_1947,12228.29
00bbac68_1948,12228.3125
00bbac68_1949,12228.281
00bbac68_1950,12228.323
00bbac68_1951,12228.3125
00bbac68_1952,12228.297
00bbac68_1953,12228.272
00bbac68_1954,12228.286
00bbac68_1955,12228.667
00bbac68_1956,12228.696
00bbac68_1957,12228.663
00bbac68_1958,12228.708
00bbac68_1959,12228.687
00bbac68_1960,12228.7
00bbac68_1961,12228.668
00bbac68_1962,12228.685
00bbac68_1963,12228.629
00bbac68_1964,12228.6455
00bbac68_1965,12228.676
00bbac68_1966,12228.648
00bbac68_1967,12228.569
00bbac68_1968,12228.602
00bbac68_1969,12228.661
00bbac68_1970,12228.882
00bbac68_1971,12228.895
00bbac68_1972,12228.903
00bbac68_1973,12228.911
00bbac68_1974,12228.835
00bbac68_1975,12228.859
00bbac68_1976,12228.824
00bbac68_1977,12228.84
00bbac68_1978,12228.837
00bbac68_1979,12228.891
00bbac68_1980,12228.878
00bbac68_1981,12228.895
00bbac68_1982,12228.899
00bbac68_1983,12228.972
00bbac68_1984,12228.942
00bbac68_1985,12228.933
00bbac68_1986,12228.903
00bbac68_1987,12228.867
00bbac68_1988,12228.88
00bbac68_1989,12228.88
00bbac68_1990,12228.906
00bbac68_1991,12228.925
00bbac68_1992,12228.966
00bbac68_1993,12228.922
00bbac68_1994,12228.88
00bbac68_1995,12228.867
00bbac68_1996,12228.901
00bbac68_1997,12228.8955
00bbac68_1998,12228.888
00bbac68_1999,12228.87
00bbac68_2000,12228.927
00bbac68_2001,12228.917
00bbac68_2002,12228.935
00bbac68_2003,12228.918
00bbac68_2004,12228.974
00bbac68_2005,12228.989
00bbac68_2006,12228.972
00bbac68_2007,12228.978
00bbac68_2008,12228.953
00bbac68_2009,12228.839
00bbac68_2010,12228.819
00bbac68_2011,12228.871
00bbac68_2012,12228.875
00bbac68_2013,12228.851
00bbac68_2014,12228.883
00bbac68_2015,12228.833
00bbac68_2016,12228.844
00bbac68_2017,12228.824
00bbac68_2018,12228.829
00bbac68_2019,12228.827
00bbac68_2020,12228.824
00bbac68_2021,12228.731
00bbac68_2022,12228.715
00bbac68_2023,12228.741
00bbac68_2024,12228.796
00bbac68_2025,12228.956
00bbac68_2026,12228.94
00bbac68_2027,12229.0
00bbac68_2028,12228.945
00bbac68_2029,12228.98
00bbac68_2030,12228.988
00bbac68_2031,12228.941
00bbac68_2032,12228.989
00bbac68_2033,12229.026
00bbac68_2034,12228.992
00bbac68_2035,12228.997
00bbac68_2036,12228.997
00bbac68_2037,12228.978
00bbac68_2038,12228.953
00bbac68_2039,12228.954
00bbac68_2040,12228.942
00bbac68_2041,12228.958
00bbac68_2042,12229.034
00bbac68_2043,12229.023
00bbac68_2044,12229.0
00bbac68_2045,12229.039
00bbac68_2046,12229.031
00bbac68_2047,12229.038
00bbac68_2048,12229.013
00bbac68_2049,12229.052
00bbac68_2050,12229.056
00bbac68_2051,12229.042
00bbac68_2052,12229.059
00bbac68_2053,12229.038
00bbac68_2054,12229.013
00bbac68_2055,12229.005
00bbac68_2056,12229.003
00bbac68_2057,12229.051
00bbac68_2058,12229.098
00bbac68_2059,12229.065
00bbac68_2060,12229.019
00bbac68_2061,12229.005
00bbac68_2062,12229.0
00bbac68_2063,12229.015
00bbac68_2064,12229.024
00bbac68_2065,12229.024
00bbac68_2066,12229.058
00bbac68_2067,12229.05
00bbac68_2068,12229.016
00bbac68_2069,12229.008
00bbac68_2070,12229.023
00bbac68_2071,12229.028
00bbac68_2072,12229.008
00bbac68_2073,12228.976
00bbac68_2074,12228.97
00bbac68_2075,12228.962
00bbac68_2076,12228.93
00bbac68_2077,12228.931
00bbac68_2078,12228.945
00bbac68_2079,12228.987
00bbac68_2080,12229.0
00bbac68_2081,12228.933
00bbac68_2082,12228.905
00bbac68_2083,12228.948
00bbac68_2084,12228.992
00bbac68_2085,12228.9795
00bbac68_2086,12228.952
00bbac68_2087,12228.942
00bbac68_2088,12228.937
00bbac68_2089,12228.935
00bbac68_2090,12228.917
00bbac68_2091,12228.923
00bbac68_2092,12228.935
00bbac68_2093,12229.214
00bbac68_2094,12229.253
00bbac68_2095,12229.239
00bbac68_2096,12229.25
00bbac68_2097,12229.253
00bbac68_2098,12229.234
00bbac68_2099,12229.243
00bbac68_2100,12229.228
00bbac68_2101,12229.21
00bbac68_2102,12229.21
00bbac68_2103,12229.202
00bbac68_2104,12229.208
00bbac68_2105,12229.216
00bbac68_2106,12229.196
00bbac68_2107,12229.223
00bbac68_2108,12229.223
00bbac68_2109,12229.255
00bbac68_2110,12229.321
00bbac68_2111,12229.308
00bbac68_2112,12229.286
00bbac68_2113,12229.3
00bbac68_2114,12229.292
00bbac68_2115,12229.254
00bbac68_2116,12229.258
00bbac68_2117,12229.296
00bbac68_2118,12229.25
00bbac68_2119,12229.278
00bbac68_2120,12229.258
00bbac68_2121,12229.239
00bbac68_2122,12229.25
00bbac68_2123,12229.218
00bbac68_2124,12229.21
00bbac68_2125,12229.276
00bbac68_2126,12229.208
00bbac68_2127,12229.239
00bbac68_2128,12229.233
00bbac68_2129,12229.249
00bbac68_2130,12229.273
00bbac68_2131,12229.317
00bbac68_2132,12229.302
00bbac68_2133,12229.304
00bbac68_2134,12229.238
00bbac68_2135,12229.328
00bbac68_2136,12229.25
00bbac68_2137,12229.332
00bbac68_2138,12229.339
00bbac68_2139,12229.297
00bbac68_2140,12229.292
00bbac68_2141,12229.335
00bbac68_2142,12229.362
00bbac68_2143,12229.374
00bbac68_2144,12229.325
00bbac68_2145,12229.37
00bbac68_2146,12229.371
00bbac68_2147,12229.344
00bbac68_2148,12229.336
00bbac68_2149,12229.333
00bbac68_2150,12229.31
00bbac68_2151,12229.292
00bbac68_2152,12229.274
00bbac68_2153,12229.276
00bbac68_2154,12229.272
00bbac68_2155,12229.313
00bbac68_2156,12229.297
00bbac68_2157,12229.315
00bbac68_2158,12229.277
00bbac68_2159,12229.317
00bbac68_2160,12229.31
00bbac68_2161,12229.316
00bbac68_2162,12229.375
00bbac68_2163,12229.372
00bbac68_2164,12229.313
00bbac68_2165,12229.286
00bbac68_2166,12229.327
00bbac68_2167,12229.409
00bbac68_2168,12229.41
00bbac68_2169,12229.411
00bbac68_2170,12229.429
00bbac68_2171,12229.452
00bbac68_2172,12229.441
00bbac68_2173,12229.44
00bbac68_2174,12229.434
00bbac68_2175,12229.456
00bbac68_2176,12229.433
00bbac68_2177,12229.452
00bbac68_2178,12229.413
00bbac68_2179,12229.403
00bbac68_2180,12229.407
00bbac68_2181,12229.417
00bbac68_2182,12229.411
00bbac68_2183,12229.3955
00bbac68_2184,12229.4795
00bbac68_2185,12229.426
00bbac68_2186,12229.402
00bbac68_2187,12229.305
00bbac68_2188,12229.313
00bbac68_2189,12229.347
00bbac68_2190,12229.344
00bbac68_2191,12229.192
00bbac68_2192,12229.2705
00bbac68_2193,12229.31
00bbac68_2194,12229.391
00bbac68_2195,12229.293
00bbac68_2196,12229.262
00bbac68_2197,12229.353
00bbac68_2198,12229.2705
00bbac68_2199,12229.332
00bbac68_2200,12229.356
00bbac68_2201,12229.441
00bbac68_2202,12229.37
00bbac68_2203,12229.323
00bbac68_2204,12229.308
00bbac68_2205,12229.274
00bbac68_2206,12229.325
00bbac68_2207,12229.23
00bbac68_2208,12229.237
00bbac68_2209,12229.347
00bbac68_2210,12229.323
00bbac68_2211,12229.239
00bbac68_2212,12229.265
00bbac68_2213,12229.292
00bbac68_2214,12229.246
00bbac68_2215,12229.239
00bbac68_2216,12229.102
00bbac68_2217,12229.179
00bbac68_2218,12228.853
00bbac68_2219,12229.024
00bbac68_2220,12228.96
00bbac68_2221,12228.968
00bbac68_2222,12228.965
00bbac68_2223,12229.144
00bbac68_2224,12229.226
00bbac68_2225,12229.284
00bbac68_2226,12229.231
00bbac68_2227,12229.2705
00bbac68_2228,12229.261
00bbac68_2229,12229.231
00bbac68_2230,12229.239
00bbac68_2231,12229.206
00bbac68_2232,12229.292
00bbac68_2233,12229.292
00bbac68_2234,12229.258
00bbac68_2235,12229.269
00bbac68_2236,12229.223
00bbac68_2237,12229.341
00bbac68_2238,12229.333
00bbac68_2239,12229.255
00bbac68_2240,12229.281
00bbac68_2241,12229.258
00bbac68_2242,12229.257
00bbac68_2243,12229.294
00bbac68_2244,12229.302
00bbac68_2245,12229.317
00bbac68_2246,12229.278
00bbac68_2247,12229.309
00bbac68_2248,12229.285
00bbac68_2249,12229.263
00bbac68_2250,12229.288
00bbac68_2251,12229.278
00bbac68_2252,12229.272
00bbac68_2253,12229.261
00bbac68_2254,12229.22
00bbac68_2255,12229.159
00bbac68_2256,12229.206
00bbac68_2257,12229.325
00bbac68_2258,12229.211
00bbac68_2259,12229.223
00bbac68_2260,12229.382
00bbac68_2261,12229.581
00bbac68_2262,12229.742
00bbac68_2263,12229.81
00bbac68_2264,12229.984
00bbac68_2265,12230.43
00bbac68_2266,12230.491
00bbac68_2267,12230.547
00bbac68_2268,12230.609
00bbac68_2269,12230.656
00bbac68_2270,12230.71
00bbac68_2271,12230.75
00bbac68_2272,12230.78
00bbac68_2273,12230.754
00bbac68_2274,12230.759
00bbac68_2275,12230.727
00bbac68_2276,12230.773
00bbac68_2277,12230.871
00bbac68_2278,12230.819
00bbac68_2279,12230.808
00bbac68_2280,12230.828
00bbac68_2281,12230.784
00bbac68_2282,12230.827
00bbac68_2283,12230.823
00bbac68_2284,12230.823
00bbac68_2285,12230.794
00bbac68_2286,12230.825
00bbac68_2287,12230.804
00bbac68_2288,12230.794
00bbac68_2289,12230.825
00bbac68_2290,12230.801
00bbac68_2291,12230.82
00bbac68_2292,12230.782
00bbac68_2293,12230.82
00bbac68_2294,12230.828
00bbac68_2295,12230.833
00bbac68_2296,12230.81
00bbac68_2297,12230.762
00bbac68_2298,12230.792
00bbac68_2299,12230.75
00bbac68_2300,12230.773
00bbac68_2301,12230.798
00bbac68_2302,12230.77
00bbac68_2303,12230.763
00bbac68_2304,12230.749
00bbac68_2305,12230.711
00bbac68_2306,12230.653
00bbac68_2307,12230.656
00bbac68_2308,12230.622
00bbac68_2309,12230.664
00bbac68_2310,12230.642
00bbac68_2311,12230.702
00bbac68_2312,12230.696
00bbac68_2313,12231.017
00bbac68_2314,12231.151
00bbac68_2315,12231.152
00bbac68_2316,12231.349
00bbac68_2317,12231.347
00bbac68_2318,12231.469
00bbac68_2319,12231.371
00bbac68_2320,12231.394
00bbac68_2321,12230.972
00bbac68_2322,12230.875
00bbac68_2323,12230.759
00bbac68_2324,12230.776
00bbac68_2325,12230.73
00bbac68_2326,12230.698
00bbac68_2327,12230.75
00bbac68_2328,12230.8
00bbac68_2329,12230.8
00bbac68_2330,12231.095
00bbac68_2331,12231.262
00bbac68_2332,12231.403
00bbac68_2333,12231.129
00bbac68_2334,12231.2
00bbac68_2335,12230.915
00bbac68_2336,12230.8545
00bbac68_2337,12230.871
00bbac68_2338,12230.859
00bbac68_2339,12230.863
00bbac68_2340,12230.844
00bbac68_2341,12230.823
00bbac68_2342,12230.848
00bbac68_2343,12230.828
00bbac68_2344,12230.87
00bbac68_2345,12230.745
00bbac68_2346,12230.655
00bbac68_2347,12230.659
00bbac68_2348,12230.505
00bbac68_2349,12230.368
00bbac68_2350,12230.242
00bbac68_2351,12230.2
00bbac68_2352,12230.179
00bbac68_2353,12230.18
00bbac68_2354,12230.2
00bbac68_2355,12230.156
00bbac68_2356,12230.13
00bbac68_2357,12230.106
00bbac68_2358,12230.073
00bbac68_2359,12230.046
00bbac68_2360,12230.019
00bbac68_2361,12230.016
00bbac68_2362,12230.026
00bbac68_2363,12230.214
00bbac68_2364,12230.22
00bbac68_2365,12230.255
00bbac68_2366,12230.164
00bbac68_2367,12230.164
00bbac68_2368,12230.165
00bbac68_2369,12230.152
00bbac68_2370,12230.148
00bbac68_2371,12230.161
00bbac68_2372,12230.149
00bbac68_2373,12230.125
00bbac68_2374,12230.118
00bbac68_2375,12230.161
00bbac68_2376,12230.155
00bbac68_2377,12230.102
00bbac68_2378,12230.099
00bbac68_2379,12230.074
00bbac68_2380,12230.081
00bbac68_2381,12230.113
00bbac68_2382,12230.113
00bbac68_2383,12230.086
00bbac68_2384,12230.094
00bbac68_2385,12230.109
00bbac68_2386,12230.108
00bbac68_2387,12230.09
00bbac68_2388,12230.083
00bbac68_2389,12230.151
00bbac68_2390,12230.138
00bbac68_2391,12230.124
00bbac68_2392,12230.13
00bbac68_2393,12230.148
00bbac68_2394,12230.094
00bbac68_2395,12230.165
00bbac68_2396,12230.114
00bbac68_2397,12230.114
00bbac68_2398,12230.114
00bbac68_2399,12230.141
00bbac68_2400,12230.13
00bbac68_2401,12230.098
00bbac68_2402,12230.156
00bbac68_2403,12230.204
00bbac68_2404,12230.215
00bbac68_2405,12230.211
00bbac68_2406,12230.137
00bbac68_2407,12230.116
00bbac68_2408,12230.126
00bbac68_2409,12230.218
00bbac68_2410,12230.18
00bbac68_2411,12230.144
00bbac68_2412,12230.294
00bbac68_2413,12230.142
00bbac68_2414,12230.207
00bbac68_2415,12230.263
00bbac68_2416,12230.1875
00bbac68_2417,12230.204
00bbac68_2418,12230.1875
00bbac68_2419,12230.144
00bbac68_2420,12230.144
00bbac68_2421,12230.137
00bbac68_2422,12230.261
00bbac68_2423,12230.227
00bbac68_2424,12230.188
00bbac68_2425,12230.203
00bbac68_2426,12230.2295
00bbac68_2427,12230.251
00bbac68_2428,12230.255
00bbac68_2429,12230.245
00bbac68_2430,12230.19
00bbac68_2431,12230.149
00bbac68_2432,12230.155
00bbac68_2433,12230.136
00bbac68_2434,12230.117
00bbac68_2435,12230.172
00bbac68_2436,12230.159
00bbac68_2437,12230.179
00bbac68_2438,12230.138
00bbac68_2439,12230.126
00bbac68_2440,12230.078
00bbac68_2441,12230.075
00bbac68_2442,12230.048
00bbac68_2443,12230.058
00bbac68_2444,12229.989
00bbac68_2445,12230.065
00bbac68_2446,12230.027
00bbac68_2447,12230.013
00bbac68_2448,12229.957
00bbac68_2449,12229.956
00bbac68_2450,12230.058
00bbac68_2451,12230.004
00bbac68_2452,12229.995
00bbac68_2453,12230.005
00bbac68_2454,12229.968
00bbac68_2455,12229.948
00bbac68_2456,12229.974
00bbac68_2457,12229.973
00bbac68_2458,12229.945
00bbac68_2459,12229.895
00bbac68_2460,12229.901
00bbac68_2461,12229.919
00bbac68_2462,12229.909
00bbac68_2463,12229.875
00bbac68_2464,12229.8545
00bbac68_2465,12229.914
00bbac68_2466,12229.907
00bbac68_2467,12229.927
00bbac68_2468,12229.9375
00bbac68_2469,12229.957
00bbac68_2470,12230.005
00bbac68_2471,12230.044
00bbac68_2472,12229.9375
00bbac68_2473,12229.938
00bbac68_2474,12229.8955
00bbac68_2475,12229.938
00bbac68_2476,12229.969
00bbac68_2477,12230.128
00bbac68_2478,12230.2
00bbac68_2479,12230.296
00bbac68_2480,12230.308
00bbac68_2481,12230.29
00bbac68_2482,12230.289
00bbac68_2483,12230.278
00bbac68_2484,12230.2705
00bbac68_2485,12230.301
00bbac68_2486,12230.3125
00bbac68_2487,12230.3125
00bbac68_2488,12230.324
00bbac68_2489,12230.323
00bbac68_2490,12230.317
00bbac68_2491,12230.571
00bbac68_2492,12230.589
00bbac68_2493,12230.629
00bbac68_2494,12230.565
00bbac68_2495,12230.55
00bbac68_2496,12230.453
00bbac68_2497,12230.449
00bbac68_2498,12230.481
00bbac68_2499,12230.364
00bbac68_2500,12230.297
00bbac68_2501,12230.258
00bbac68_2502,12230.171
00bbac68_2503,12230.164
00bbac68_2504,12230.124
00bbac68_2505,12230.122
00bbac68_2506,12230.121
00bbac68_2507,12230.126
00bbac68_2508,12230.168
00bbac68_2509,12230.097
00bbac68_2510,12230.151
00bbac68_2511,12230.14
00bbac68_2512,12230.073
00bbac68_2513,12230.075
00bbac68_2514,12230.112
00bbac68_2515,12230.071
00bbac68_2516,12230.089
00bbac68_2517,12230.1045
00bbac68_2518,12230.1455
00bbac68_2519,12230.137
00bbac68_2520,12230.128
00bbac68_2521,12230.114
00bbac68_2522,12230.11
00bbac68_2523,12230.148
00bbac68_2524,12230.071
00bbac68_2525,12230.095
00bbac68_2526,12230.07
00bbac68_2527,12230.116
00bbac68_2528,12230.138
00bbac68_2529,12230.03
00bbac68_2530,12229.997
00bbac68_2531,12229.974
00bbac68_2532,12230.034
00bbac68_2533,12229.926
00bbac68_2534,12229.863
00bbac68_2535,12229.763
00bbac68_2536,12229.704
00bbac68_2537,12229.669
00bbac68_2538,12229.778
00bbac68_2539,12229.593
00bbac68_2540,12229.512
00bbac68_2541,12229.392
00bbac68_2542,12229.325
00bbac68_2543,12229.378
00bbac68_2544,12229.388
00bbac68_2545,12229.267
00bbac68_2546,12229.198
00bbac68_2547,12229.198
00bbac68_2548,12229.29
00bbac68_2549,12229.211
00bbac68_2550,12229.222
00bbac68_2551,12229.3125
00bbac68_2552,12229.243
00bbac68_2553,12229.329
00bbac68_2554,12229.263
00bbac68_2555,12229.3
00bbac68_2556,12229.434
00bbac68_2557,12229.683
00bbac68_2558,12229.703
00bbac68_2559,12229.422
00bbac68_2560,12229.501
00bbac68_2561,12229.629
00bbac68_2562,12229.594
00bbac68_2563,12229.632
00bbac68_2564,12229.578
00bbac68_2565,12229.575
00bbac68_2566,12229.519
00bbac68_2567,12229.598
00bbac68_2568,12229.582
00bbac68_2569,12229.61
00bbac68_2570,12229.554
00bbac68_2571,12229.531
00bbac68_2572,12229.504
00bbac68_2573,12229.493
00bbac68_2574,12229.427
00bbac68_2575,12229.364
00bbac68_2576,12229.331
00bbac68_2577,12229.36
00bbac68_2578,12229.227
00bbac68_2579,12229.187
00bbac68_2580,12229.151
00bbac68_2581,12229.155
00bbac68_2582,12229.093
00bbac68_2583,12229.077
00bbac68_2584,12229.156
00bbac68_2585,12229.114
00bbac68_2586,12229.058
00bbac68_2587,12229.152
00bbac68_2588,12229.147
00bbac68_2589,12229.055
00bbac68_2590,12229.097
00bbac68_2591,12229.18
00bbac68_2592,12229.172
00bbac68_2593,12229.2
00bbac68_2594,12229.394
00bbac68_2595,12229.353
00bbac68_2596,12229.383
00bbac68_2597,12229.434
00bbac68_2598,12229.517
00bbac68_2599,12229.454
00bbac68_2600,12229.466
00bbac68_2601,12229.554
00bbac68_2602,12229.43
00bbac68_2603,12229.394
00bbac68_2604,12229.419
00bbac68_2605,12229.317
00bbac68_2606,12229.31
00bbac68_2607,12229.378
00bbac68_2608,12229.317
00bbac68_2609,12229.34
00bbac68_2610,12229.422
00bbac68_2611,12229.858
00bbac68_2612,12229.93
00bbac68_2613,12230.04
00bbac68_2614,12229.892
00bbac68_2615,12229.969
00bbac68_2616,12229.983
00bbac68_2617,12229.94
00bbac68_2618,12229.918
00bbac68_2619,12229.993
00bbac68_2620,12229.945
00bbac68_2621,12229.978
00bbac68_2622,12229.98
00bbac68_2623,12229.913
00bbac68_2624,12229.888
00bbac68_2625,12229.978
00bbac68_2626,12229.96
00bbac68_2627,12229.942
00bbac68_2628,12229.941
00bbac68_2629,12229.926
00bbac68_2630,12229.911
00bbac68_2631,12229.953
00bbac68_2632,12229.8545
00bbac68_2633,12229.878
00bbac68_2634,12230.036
00bbac68_2635,12229.917
00bbac68_2636,12229.97
00bbac68_2637,12229.919
00bbac68_2638,12229.931
00bbac68_2639,12229.946
00bbac68_2640,12229.905
00bbac68_2641,12229.884
00bbac68_2642,12230.009
00bbac68_2643,12230.075
00bbac68_2644,12230.128
00bbac68_2645,12230.055
00bbac68_2646,12230.024
00bbac68_2647,12230.013
00bbac68_2648,12230.026
00bbac68_2649,12230.082
00bbac68_2650,12229.953
00bbac68_2651,12229.94
00bbac68_2652,12229.87
00bbac68_2653,12229.949
00bbac68_2654,12229.856
00bbac68_2655,12229.909
00bbac68_2656,12229.841
00bbac68_2657,12229.883
00bbac68_2658,12229.825
00bbac68_2659,12229.695
00bbac68_2660,12229.626
00bbac68_2661,12229.539
00bbac68_2662,12229.6045
00bbac68_2663,12229.644
00bbac68_2664,12229.492
00bbac68_2665,12229.53
00bbac68_2666,12229.539
00bbac68_2667,12229.52
00bbac68_2668,12229.574
00bbac68_2669,12229.543
00bbac68_2670,12229.555
00bbac68_2671,12229.651
00bbac68_2672,12229.603
00bbac68_2673,12229.532
00bbac68_2674,12229.501
00bbac68_2675,12229.438
00bbac68_2676,12229.472
00bbac68_2677,12229.461
00bbac68_2678,12229.469
00bbac68_2679,12229.565
00bbac68_2680,12229.554
00bbac68_2681,12229.394
00bbac68_2682,12229.46
00bbac68_2683,12229.469
00bbac68_2684,12229.495
00bbac68_2685,12229.456
00bbac68_2686,12229.473
00bbac68_2687,12229.4795
00bbac68_2688,12229.483
00bbac68_2689,12229.481
00bbac68_2690,12229.491
00bbac68_2691,12229.539
00bbac68_2692,12229.524
00bbac68_2693,12229.472
00bbac68_2694,12229.453
00bbac68_2695,12229.448
00bbac68_2696,12229.421
00bbac68_2697,12229.426
00bbac68_2698,12229.419
00bbac68_2699,12229.427
00bbac68_2700,12229.417
00bbac68_2701,12229.422
00bbac68_2702,12229.368
00bbac68_2703,12229.343
00bbac68_2704,12229.384
00bbac68_2705,12229.461
00bbac68_2706,12229.419
00bbac68_2707,12229.485
00bbac68_2708,12229.356
00bbac68_2709,12229.289
00bbac68_2710,12229.263
00bbac68_2711,12229.363
00bbac68_2712,12229.391
00bbac68_2713,12229.305
00bbac68_2714,12229.304
00bbac68_2715,12229.341
00bbac68_2716,12229.304
00bbac68_2717,12229.274
00bbac68_2718,12229.308
00bbac68_2719,12229.27
00bbac68_2720,12229.253
00bbac68_2721,12229.219
00bbac68_2722,12229.211
00bbac68_2723,12229.246
00bbac68_2724,12229.216
00bbac68_2725,12229.331
00bbac68_2726,12229.327
00bbac68_2727,12229.32
00bbac68_2728,12229.343
00bbac68_2729,12229.274
00bbac68_2730,12229.378
00bbac68_2731,12229.333
00bbac68_2732,12229.258
00bbac68_2733,12229.246
00bbac68_2734,12229.203
00bbac68_2735,12229.177
00bbac68_2736,12229.121
00bbac68_2737,12229.152
00bbac68_2738,12229.136
00bbac68_2739,12229.177
00bbac68_2740,12229.128
00bbac68_2741,12229.081
00bbac68_2742,12229.113
00bbac68_2743,12229.132
00bbac68_2744,12229.167
00bbac68_2745,12229.164
00bbac68_2746,12229.149
00bbac68_2747,12229.281
00bbac68_2748,12229.1045
00bbac68_2749,12229.1875
00bbac68_2750,12229.144
00bbac68_2751,12229.099
00bbac68_2752,12229.128
00bbac68_2753,12229.052
00bbac68_2754,12229.243
00bbac68_2755,12229.298
00bbac68_2756,12229.237
00bbac68_2757,12229.273
00bbac68_2758,12229.156
00bbac68_2759,12229.208
00bbac68_2760,12229.168
00bbac68_2761,12229.005
00bbac68_2762,12229.147
00bbac68_2763,12229.036
00bbac68_2764,12229.04
00bbac68_2765,12228.996
00bbac68_2766,12228.953
00bbac68_2767,12228.974
00bbac68_2768,12228.945
00bbac68_2769,12228.976
00bbac68_2770,12228.938
00bbac68_2771,12228.886
00bbac68_2772,12228.88
00bbac68_2773,12228.8955
00bbac68_2774,12228.878
00bbac68_2775,12228.864
00bbac68_2776,12228.906
00bbac68_2777,12228.891
00bbac68_2778,12228.8545
00bbac68_2779,12228.88
00bbac68_2780,12228.852
00bbac68_2781,12228.883
00bbac68_2782,12228.903
00bbac68_2783,12228.887
00bbac68_2784,12228.82
00bbac68_2785,12228.831
00bbac68_2786,12228.805
00bbac68_2787,12228.801
00bbac68_2788,12228.776
00bbac68_2789,12228.763
00bbac68_2790,12228.7705
00bbac68_2791,12228.718
00bbac68_2792,12228.8
00bbac68_2793,12228.816
00bbac68_2794,12228.824
00bbac68_2795,12228.847
00bbac68_2796,12228.761
00bbac68_2797,12228.831
00bbac68_2798,12228.714
00bbac68_2799,12228.698
00bbac68_2800,12228.652
00bbac68_2801,12228.618
00bbac68_2802,12228.55
00bbac68_2803,12228.472
00bbac68_2804,12228.41
00bbac68_2805,12228.344
00bbac68_2806,12228.247
00bbac68_2807,12228.25
00bbac68_2808,12228.284
00bbac68_2809,12228.254
00bbac68_2810,12228.312
00bbac68_2811,12228.198
00bbac68_2812,12228.226
00bbac68_2813,12228.177
00bbac68_2814,12228.266
00bbac68_2815,12228.22
00bbac68_2816,12228.198
00bbac68_2817,12228.233
00bbac68_2818,12228.1455
00bbac68_2819,12228.116
00bbac68_2820,12228.069
00bbac68_2821,12227.991
00bbac68_2822,12228.011
00bbac68_2823,12227.925
00bbac68_2824,12227.954
00bbac68_2825,12227.882
00bbac68_2826,12227.852
00bbac68_2827,12227.831
00bbac68_2828,12227.719
00bbac68_2829,12227.762
00bbac68_2830,12227.641
00bbac68_2831,12227.563
00bbac68_2832,12227.614
00bbac68_2833,12227.497
00bbac68_2834,12227.484
00bbac68_2835,12227.503
00bbac68_2836,12227.519
00bbac68_2837,12227.423
00bbac68_2838,12227.464
00bbac68_2839,12227.462
00bbac68_2840,12227.417
00bbac68_2841,12227.422
00bbac68_2842,12227.308
00bbac68_2843,12227.336
00bbac68_2844,12227.28
00bbac68_2845,12227.242
00bbac68_2846,12227.2705
00bbac68_2847,12227.258
00bbac68_2848,12227.289
00bbac68_2849,12227.302
00bbac68_2850,12227.312
00bbac68_2851,12227.473
00bbac68_2852,12227.526
00bbac68_2853,12227.453
00bbac68_2854,12227.39
00bbac68_2855,12227.413
00bbac68_2856,12227.418
00bbac68_2857,12227.3125
00bbac68_2858,12227.321
00bbac68_2859,12227.317
00bbac68_2860,12227.272
00bbac68_2861,12227.296
00bbac68_2862,12227.349
00bbac68_2863,12227.172
00bbac68_2864,12227.167
00bbac68_2865,12227.194
00bbac68_2866,12227.137
00bbac68_2867,12227.21
00bbac68_2868,12227.125
00bbac68_2869,12227.121
00bbac68_2870,12227.133
00bbac68_2871,12227.112
00bbac68_2872,12227.114
00bbac68_2873,12227.054
00bbac68_2874,12227.059
00bbac68_2875,12227.052
00bbac68_2876,12227.101
00bbac68_2877,12227.001
00bbac68_2878,12226.91
00bbac68_2879,12226.894
00bbac68_2880,12226.8955
00bbac68_2881,12226.875
00bbac68_2882,12226.978
00bbac68_2883,12226.974
00bbac68_2884,12227.001
00bbac68_2885,12226.991
00bbac68_2886,12226.974
00bbac68_2887,12227.027
00bbac68_2888,12227.099
00bbac68_2889,12227.165
00bbac68_2890,12227.34
00bbac68_2891,12227.339
00bbac68_2892,12227.406
00bbac68_2893,12227.403
00bbac68_2894,12227.392
00bbac68_2895,12227.383
00bbac68_2896,12227.411
00bbac68_2897,12227.419
00bbac68_2898,12227.461
00bbac68_2899,12227.411
00bbac68_2900,12227.401
00bbac68_2901,12227.394
00bbac68_2902,12227.427
00bbac68_2903,12227.418
00bbac68_2904,12227.366
00bbac68_2905,12227.397
00bbac68_2906,12227.378
00bbac68_2907,12227.384
00bbac68_2908,12227.425
00bbac68_2909,12227.388
00bbac68_2910,12227.392
00bbac68_2911,12227.384
00bbac68_2912,12227.403
00bbac68_2913,12227.422
00bbac68_2914,12227.423
00bbac68_2915,12227.43
00bbac68_2916,12227.401
00bbac68_2917,12227.304
00bbac68_2918,12227.364
00bbac68_2919,12227.315
00bbac68_2920,12227.364
00bbac68_2921,12227.305
00bbac68_2922,12227.356
00bbac68_2923,12227.344
00bbac68_2924,12227.32
00bbac68_2925,12227.349
00bbac68_2926,12227.371
00bbac68_2927,12227.301
00bbac68_2928,12227.288
00bbac68_2929,12227.3125
00bbac68_2930,12227.356
00bbac68_2931,12227.349
00bbac68_2932,12227.384
00bbac68_2933,12227.347
00bbac68_2934,12227.392
00bbac68_2935,12227.32
00bbac68_2936,12227.313
00bbac68_2937,12227.344
00bbac68_2938,12227.339
00bbac68_2939,12227.312
00bbac68_2940,12227.327
00bbac68_2941,12227.362
00bbac68_2942,12227.449
00bbac68_2943,12227.371
00bbac68_2944,12227.405
00bbac68_2945,12227.364
00bbac68_2946,12227.37
00bbac68_2947,12227.414
00bbac68_2948,12227.347
00bbac68_2949,12227.255
00bbac68_2950,12227.341
00bbac68_2951,12227.352
00bbac68_2952,12227.3
00bbac68_2953,12227.391
00bbac68_2954,12227.376
00bbac68_2955,12227.288
00bbac68_2956,12227.294
00bbac68_2957,12227.281
00bbac68_2958,12227.278
00bbac68_2959,12227.337
00bbac68_2960,12227.376
00bbac68_2961,12227.3545
00bbac68_2962,12227.388
00bbac68_2963,12227.442
00bbac68_2964,12227.45
00bbac68_2965,12227.367
00bbac68_2966,12227.441
00bbac68_2967,12227.437
00bbac68_2968,12227.487
00bbac68_2969,12227.523
00bbac68_2970,12227.957
00bbac68_2971,12227.874
00bbac68_2972,12227.864
00bbac68_2973,12227.868
00bbac68_2974,12227.917
00bbac68_2975,12227.957
00bbac68_2976,12227.919
00bbac68_2977,12227.907
00bbac68_2978,12227.8955
00bbac68_2979,12227.934
00bbac68_2980,12227.883
00bbac68_2981,12227.923
00bbac68_2982,12227.972
00bbac68_2983,12227.958
00bbac68_2984,12228.0205
00bbac68_2985,12228.019
00bbac68_2986,12227.95
00bbac68_2987,12227.964
00bbac68_2988,12227.985
00bbac68_2989,12228.067
00bbac68_2990,12228.035
00bbac68_2991,12228.078
00bbac68_2992,12228.026
00bbac68_2993,12227.996
00bbac68_2994,12228.0
00bbac68_2995,12228.011
00bbac68_2996,12228.039
00bbac68_2997,12228.081
00bbac68_2998,12228.145
00bbac68_2999,12228.148
00bbac68_3000,12228.138
00bbac68_3001,12228.075
00bbac68_3002,12228.081
00bbac68_3003,12228.097
00bbac68_3004,12228.151
00bbac68_3005,12228.125
00bbac68_3006,12228.079
00bbac68_3007,12228.078
00bbac68_3008,12228.108
00bbac68_3009,12228.177
00bbac68_3010,12228.208
00bbac68_3011,12228.14
00bbac68_3012,12228.12
00bbac68_3013,12228.159
00bbac68_3014,12228.136
00bbac68_3015,12228.153
00bbac68_3016,12228.234
00bbac68_3017,12228.242
00bbac68_3018,12228.164
00bbac68_3019,12228.168
00bbac68_3020,12228.165
00bbac68_3021,12228.176
00bbac68_3022,12228.253
00bbac68_3023,12228.305
00bbac68_3024,12228.343
00bbac68_3025,12228.301
00bbac68_3026,12228.263
00bbac68_3027,12228.267
00bbac68_3028,12228.27
00bbac68_3029,12228.294
00bbac68_3030,12228.306
00bbac68_3031,12228.356
00bbac68_3032,12228.392
00bbac68_3033,12228.411
00bbac68_3034,12228.43
00bbac68_3035,12228.355
00bbac68_3036,12228.384
00bbac68_3037,12228.474
00bbac68_3038,12228.456
00bbac68_3039,12228.418
00bbac68_3040,12228.449
00bbac68_3041,12228.53
00bbac68_3042,12228.483
00bbac68_3043,12228.445
00bbac68_3044,12228.44
00bbac68_3045,12228.448
00bbac68_3046,12228.461
00bbac68_3047,12228.501
00bbac68_3048,12228.508
00bbac68_3049,12228.491
00bbac68_3050,12228.457
00bbac68_3051,12228.567
00bbac68_3052,12228.474
00bbac68_3053,12228.456
00bbac68_3054,12228.527
00bbac68_3055,12228.538
00bbac68_3056,12228.536
00bbac68_3057,12228.569
00bbac68_3058,12228.583
00bbac68_3059,12228.5625
00bbac68_3060,12228.651
00bbac68_3061,12228.696
00bbac68_3062,12228.753
00bbac68_3063,12228.776
00bbac68_3064,12228.9375
00bbac68_3065,12228.98
00bbac68_3066,12228.977
00bbac68_3067,12229.327
00bbac68_3068,12229.348
00bbac68_3069,12229.362
00bbac68_3070,12229.406
00bbac68_3071,12229.43
00bbac68_3072,12229.446
00bbac68_3073,12229.567
00bbac68_3074,12229.651
00bbac68_3075,12229.512
00bbac68_3076,12229.642
00bbac68_3077,12229.62
00bbac68_3078,12229.516
00bbac68_3079,12229.538
00bbac68_3080,12229.575
00bbac68_3081,12229.547
00bbac68_3082,12229.609
00bbac68_3083,12229.602
00bbac68_3084,12229.647
00bbac68_3085,12229.738
00bbac68_3086,12229.81
00bbac68_3087,12229.79
00bbac68_3088,12229.655
00bbac68_3089,12229.64
00bbac68_3090,12229.817
00bbac68_3091,12229.8545
00bbac68_3092,12229.793
00bbac68_3093,12229.636
00bbac68_3094,12229.641
00bbac68_3095,12229.698
00bbac68_3096,12229.68
00bbac68_3097,12229.699
00bbac68_3098,12229.703
00bbac68_3099,12229.849
00bbac68_3100,12229.81
00bbac68_3101,12229.714
00bbac68_3102,12229.742
00bbac68_3103,12229.858
00bbac68_3104,12229.79
00bbac68_3105,12229.675
00bbac68_3106,12229.772
00bbac68_3107,12229.683
00bbac68_3108,12229.742
00bbac68_3109,12229.769
00bbac68_3110,12229.747
00bbac68_3111,12229.864
00bbac68_3112,12229.897
00bbac68_3113,12229.93
00bbac68_3114,12229.823
00bbac68_3115,12229.891
00bbac68_3116,12229.905
00bbac68_3117,12229.906
00bbac68_3118,12229.922
00bbac68_3119,12230.001
00bbac68_3120,12230.028
00bbac68_3121,12230.109
00bbac68_3122,12230.34
00bbac68_3123,12230.332
00bbac68_3124,12230.325
00bbac68_3125,12230.352
00bbac68_3126,12230.444
00bbac68_3127,12230.528
00bbac68_3128,12230.722
00bbac68_3129,12230.766
00bbac68_3130,12230.909
00bbac68_3131,12230.876
00bbac68_3132,12230.8955
00bbac68_3133,12230.907
00bbac68_3134,12230.927
00bbac68_3135,12230.969
00bbac68_3136,12230.937
00bbac68_3137,12230.952
00bbac68_3138,12230.97
00bbac68_3139,12231.016
00bbac68_3140,12231.032
00bbac68_3141,12231.45
00bbac68_3142,12231.446
00bbac68_3143,12231.477
00bbac68_3144,12231.499
00bbac68_3145,12231.573
00bbac68_3146,12231.536
00bbac68_3147,12231.535
00bbac68_3148,12231.55
00bbac68_3149,12231.637
00bbac68_3150,12231.586
00bbac68_3151,12231.63
00bbac68_3152,12231.599
00bbac68_3153,12231.5625
00bbac68_3154,12231.571
00bbac68_3155,12231.552
00bbac68_3156,12231.569
00bbac68_3157,12231.583
00bbac68_3158,12231.581
00bbac68_3159,12231.5625
00bbac68_3160,12231.594
00bbac68_3161,12231.587
00bbac68_3162,12231.638
00bbac68_3163,12231.581
00bbac68_3164,12231.575
00bbac68_3165,12231.466
00bbac68_3166,12231.469
00bbac68_3167,12231.465
00bbac68_3168,12231.461
00bbac68_3169,12231.504
00bbac68_3170,12231.5205
00bbac68_3171,12231.652
00bbac68_3172,12231.641
00bbac68_3173,12231.694
00bbac68_3174,12231.79
00bbac68_3175,12231.794
00bbac68_3176,12231.753
00bbac68_3177,12231.786
00bbac68_3178,12231.8955
00bbac68_3179,12231.934
00bbac68_3180,12231.884
00bbac68_3181,12231.97
00bbac68_3182,12231.995
00bbac68_3183,12232.009
00bbac68_3184,12232.133
00bbac68_3185,12232.145
00bbac68_3186,12232.137
00bbac68_3187,12232.16
00bbac68_3188,12232.171
00bbac68_3189,12232.231
00bbac68_3190,12232.3545
00bbac68_3191,12232.417
00bbac68_3192,12232.284
00bbac68_3193,12232.425
00bbac68_3194,12232.402
00bbac68_3195,12232.577
00bbac68_3196,12232.64
00bbac68_3197,12232.628
00bbac68_3198,12232.653
00bbac68_3199,12232.69
00bbac68_3200,12232.642
00bbac68_3201,12232.681
00bbac68_3202,12232.715
00bbac68_3203,12232.711
00bbac68_3204,12232.692
00bbac68_3205,12232.751
00bbac68_3206,12232.712
00bbac68_3207,12232.737
00bbac68_3208,12232.7295
00bbac68_3209,12232.715
00bbac68_3210,12232.638
00bbac68_3211,12232.681
00bbac68_3212,12232.673
00bbac68_3213,12232.707
00bbac68_3214,12232.696
00bbac68_3215,12232.711
00bbac68_3216,12232.699
00bbac68_3217,12232.739
00bbac68_3218,12232.734
00bbac68_3219,12232.763
00bbac68_3220,12232.778
00bbac68_3221,12232.917
00bbac68_3222,12232.972
00bbac68_3223,12232.953
00bbac68_3224,12232.992
00bbac68_3225,12233.056
00bbac68_3226,12233.048
00bbac68_3227,12233.056
00bbac68_3228,12233.079
00bbac68_3229,12233.042
00bbac68_3230,12233.065
00bbac68_3231,12233.065
00bbac68_3232,12233.039
00bbac68_3233,12233.073
00bbac68_3234,12233.075
00bbac68_3235,12233.067
00bbac68_3236,12233.055
00bbac68_3237,12233.032
00bbac68_3238,12233.129
00bbac68_3239,12233.075
00bbac68_3240,12233.073
00bbac68_3241,12233.19
00bbac68_3242,12233.141
00bbac68_3243,12233.185
00bbac68_3244,12233.155
00bbac68_3245,12233.124
00bbac68_3246,12233.175
00bbac68_3247,12233.246
00bbac68_3248,12233.224
00bbac68_3249,12233.417
00bbac68_3250,12233.526
00bbac68_3251,12233.57
00bbac68_3252,12233.602
00bbac68_3253,12233.577
00bbac68_3254,12233.632
00bbac68_3255,12233.715
00bbac68_3256,12233.563
00bbac68_3257,12233.583
00bbac68_3258,12233.609
00bbac68_3259,12233.671
00bbac68_3260,12233.663
00bbac68_3261,12233.759
00bbac68_3262,12233.734
00bbac68_3263,12233.675
00bbac68_3264,12233.683
00bbac68_3265,12233.675
00bbac68_3266,12233.849
00bbac68_3267,12233.6875
00bbac68_3268,12233.802
00bbac68_3269,12233.719
00bbac68_3270,12233.699
00bbac68_3271,12233.851
00bbac68_3272,12233.949
00bbac68_3273,12233.899
00bbac68_3274,12233.835
00bbac68_3275,12233.958
00bbac68_3276,12234.0625
00bbac68_3277,12233.847
00bbac68_3278,12233.8545
00bbac68_3279,12234.075
00bbac68_3280,12234.02
00bbac68_3281,12233.911
00bbac68_3282,12234.012
00bbac68_3283,12234.066
00bbac68_3284,12233.977
00bbac68_3285,12234.062
00bbac68_3286,12233.987
00bbac68_3287,12233.981
00bbac68_3288,12234.069
00bbac68_3289,12234.039
00bbac68_3290,12234.106
00bbac68_3291,12234.069
00bbac68_3292,12234.067
00bbac68_3293,12234.073
00bbac68_3294,12234.012
00bbac68_3295,12234.136
00bbac68_3296,12234.18
00bbac68_3297,12234.22
00bbac68_3298,12234.183
00bbac68_3299,12234.335
00bbac68_3300,12234.453
00bbac68_3301,12234.589
00bbac68_3302,12234.56
00bbac68_3303,12234.688
00bbac68_3304,12234.894
00bbac68_3305,12234.993
00bbac68_3306,12235.012
00bbac68_3307,12235.07
00bbac68_3308,12235.024
00bbac68_3309,12235.165
00bbac68_3310,12235.168
00bbac68_3311,12235.112
00bbac68_3312,12235.137
00bbac68_3313,12235.116
00bbac68_3314,12235.179
00bbac68_3315,12235.2
00bbac68_3316,12235.211
00bbac68_3317,12235.125
00bbac68_3318,12235.203
00bbac68_3319,12235.253
00bbac68_3320,12235.204
00bbac68_3321,12235.289
00bbac68_3322,12235.253
00bbac68_3323,12235.294
00bbac68_3324,12235.235
00bbac68_3325,12235.298
00bbac68_3326,12235.202
00bbac68_3327,12235.242
00bbac68_3328,12235.294
00bbac68_3329,12235.204
00bbac68_3330,12235.289
00bbac68_3331,12235.238
00bbac68_3332,12235.293
00bbac68_3333,12235.2295
00bbac68_3334,12235.359
00bbac68_3335,12235.343
00bbac68_3336,12235.302
00bbac68_3337,12235.476
00bbac68_3338,12235.434
00bbac68_3339,12235.555
00bbac68_3340,12235.504
00bbac68_3341,12235.602
00bbac68_3342,12235.586
00bbac68_3343,12235.53
00bbac68_3344,12235.652
00bbac68_3345,12235.522
00bbac68_3346,12235.7705
00bbac68_3347,12235.675
00bbac68_3348,12235.649
00bbac68_3349,12235.648
00bbac68_3350,12235.618
00bbac68_3351,12235.755
00bbac68_3352,12235.751
00bbac68_3353,12235.716
00bbac68_3354,12235.824
00bbac68_3355,12235.8
00bbac68_3356,12235.843
00bbac68_3357,12235.969
00bbac68_3358,12236.095
00bbac68_3359,12236.145
00bbac68_3360,12236.06
00bbac68_3361,12236.133
00bbac68_3362,12236.21
00bbac68_3363,12236.305
00bbac68_3364,12236.364
00bbac68_3365,12236.14
00bbac68_3366,12236.367
00bbac68_3367,12236.391
00bbac68_3368,12236.499
00bbac68_3369,12236.476
00bbac68_3370,12236.477
00bbac68_3371,12236.711
00bbac68_3372,12236.739
00bbac68_3373,12236.708
00bbac68_3374,12236.833
00bbac68_3375,12236.757
00bbac68_3376,12236.833
00bbac68_3377,12237.05
00bbac68_3378,12237.019
00bbac68_3379,12237.219
00bbac68_3380,12237.224
00bbac68_3381,12237.363
00bbac68_3382,12237.417
00bbac68_3383,12237.376
00bbac68_3384,12237.442
00bbac68_3385,12237.431
00bbac68_3386,12237.37
00bbac68_3387,12237.466
00bbac68_3388,12237.355
00bbac68_3389,12237.47
00bbac68_3390,12237.507
00bbac68_3391,12237.448
00bbac68_3392,12237.5205
00bbac68_3393,12237.671
00bbac68_3394,12237.626
00bbac68_3395,12237.743
00bbac68_3396,12237.722
00bbac68_3397,12237.699
00bbac68_3398,12237.731
00bbac68_3399,12237.708
00bbac68_3400,12237.793
00bbac68_3401,12237.757
00bbac68_3402,12237.532
00bbac68_3403,12237.539
00bbac68_3404,12237.462
00bbac68_3405,12237.372
00bbac68_3406,12237.425
00bbac68_3407,12237.456
00bbac68_3408,12237.331
00bbac68_3409,12237.409
00bbac68_3410,12237.476
00bbac68_3411,12237.36
00bbac68_3412,12237.378
00bbac68_3413,12237.261
00bbac68_3414,12237.31
00bbac68_3415,12237.211
00bbac68_3416,12237.168
00bbac68_3417,12237.125
00bbac68_3418,12236.95
00bbac68_3419,12237.063
00bbac68_3420,12237.031
00bbac68_3421,12237.031
00bbac68_3422,12236.917
00bbac68_3423,12236.962
00bbac68_3424,12237.052
00bbac68_3425,12236.984
00bbac68_3426,12237.091
00bbac68_3427,12237.114
00bbac68_3428,12237.091
00bbac68_3429,12237.1045
00bbac68_3430,12237.133
00bbac68_3431,12237.118
00bbac68_3432,12237.114
00bbac68_3433,12237.12
00bbac68_3434,12237.153
00bbac68_3435,12237.128
00bbac68_3436,12237.13
00bbac68_3437,12237.176
00bbac68_3438,12237.087
00bbac68_3439,12237.164
00bbac68_3440,12237.153
00bbac68_3441,12237.106
00bbac68_3442,12237.063
00bbac68_3443,12237.069
00bbac68_3444,12236.977
00bbac68_3445,12237.03
00bbac68_3446,12237.055
00bbac68_3447,12236.987
00bbac68_3448,12236.858
00bbac68_3449,12236.957
00bbac68_3450,12236.944
00bbac68_3451,12236.917
00bbac68_3452,12237.055
00bbac68_3453,12237.016
00bbac68_3454,12237.0
00bbac68_3455,12237.027
00bbac68_3456,12236.897
00bbac68_3457,12236.815
00bbac68_3458,12236.633
00bbac68_3459,12236.573
00bbac68_3460,12236.507
00bbac68_3461,12236.382
00bbac68_3462,12236.503
00bbac68_3463,12236.429
00bbac68_3464,12236.245
00bbac68_3465,12236.155
00bbac68_3466,12236.169
00bbac68_3467,12236.362
00bbac68_3468,12236.371
00bbac68_3469,12236.419
00bbac68_3470,12236.343
00bbac68_3471,12236.398
00bbac68_3472,12236.464
00bbac68_3473,12236.522
00bbac68_3474,12236.542
00bbac68_3475,12236.688
00bbac68_3476,12236.747
00bbac68_3477,12236.902
00bbac68_3478,12237.011
00bbac68_3479,12237.097
00bbac68_3480,12237.094
00bbac68_3481,12237.216
00bbac68_3482,12237.219
00bbac68_3483,12237.214
00bbac68_3484,12237.247
00bbac68_3485,12237.312
00bbac68_3486,12237.285
00bbac68_3487,12237.161
00bbac68_3488,12237.147
00bbac68_3489,12237.172
00bbac68_3490,12237.237
00bbac68_3491,12237.192
00bbac68_3492,12237.223
00bbac68_3493,12237.362
00bbac68_3494,12237.411
00bbac68_3495,12237.433
00bbac68_3496,12237.454
00bbac68_3497,12237.3545
00bbac68_3498,12237.444
00bbac68_3499,12237.505
00bbac68_3500,12237.462
00bbac68_3501,12237.362
00bbac68_3502,12237.207
00bbac68_3503,12237.25
00bbac68_3504,12237.16
00bbac68_3505,12237.242
00bbac68_3506,12237.098
00bbac68_3507,12237.235
00bbac68_3508,12237.352
00bbac68_3509,12237.39
00bbac68_3510,12237.5205
00bbac68_3511,12237.414
00bbac68_3512,12237.477
00bbac68_3513,12237.414
00bbac68_3514,12237.675
00bbac68_3515,12237.69
00bbac68_3516,12237.747
00bbac68_3517,12237.672
00bbac68_3518,12237.609
00bbac68_3519,12237.636
00bbac68_3520,12237.802
00bbac68_3521,12237.765
00bbac68_3522,12237.745
00bbac68_3523,12237.835
00bbac68_3524,12237.812
00bbac68_3525,12237.987
00bbac68_3526,12237.856
00bbac68_3527,12238.254
00bbac68_3528,12238.301
00bbac68_3529,12238.242
00bbac68_3530,12238.089
00bbac68_3531,12238.083
00bbac68_3532,12238.094
00bbac68_3533,12238.243
00bbac68_3534,12238.202
00bbac68_3535,12238.198
00bbac68_3536,12238.195
00bbac68_3537,12238.185
00bbac68_3538,12238.211
00bbac68_3539,12238.288
00bbac68_3540,12238.239
00bbac68_3541,12238.266
00bbac68_3542,12238.2705
00bbac68_3543,12238.304
00bbac68_3544,12238.177
00bbac68_3545,12238.117
00bbac68_3546,12238.062
00bbac68_3547,12237.956
00bbac68_3548,12237.832
00bbac68_3549,12237.503
00bbac68_3550,12237.382
00bbac68_3551,12237.286
00bbac68_3552,12237.153
00bbac68_3553,12237.134
00bbac68_3554,12237.078
00bbac68_3555,12237.038
00bbac68_3556,12237.065
00bbac68_3557,12237.2295
00bbac68_3558,12237.255
00bbac68_3559,12237.179
00bbac68_3560,12237.224
00bbac68_3561,12237.233
00bbac68_3562,12237.169
00bbac68_3563,12237.234
00bbac68_3564,12237.207
00bbac68_3565,12237.293
00bbac68_3566,12237.297
00bbac68_3567,12237.265
00bbac68_3568,12237.308
00bbac68_3569,12237.249
00bbac68_3570,12237.168
00bbac68_3571,12237.067
00bbac68_3572,12236.96
00bbac68_3573,12236.757
00bbac68_3574,12236.594
00bbac68_3575,12236.407
00bbac68_3576,12235.956
00bbac68_3577,12235.56
00bbac68_3578,12235.458
00bbac68_3579,12235.292
00bbac68_3580,12235.204
00bbac68_3581,12235.164
00bbac68_3582,12235.148
00bbac68_3583,12235.183
00bbac68_3584,12235.173
00bbac68_3585,12235.179
00bbac68_3586,12235.164
00bbac68_3587,12235.218
00bbac68_3588,12235.19
00bbac68_3589,12235.136
00bbac68_3590,12235.164
00bbac68_3591,12235.133
00bbac68_3592,12235.163
00bbac68_3593,12235.136
00bbac68_3594,12235.101
00bbac68_3595,12235.12
00bbac68_3596,12235.128
00bbac68_3597,12235.074
00bbac68_3598,12235.109
00bbac68_3599,12235.098
00bbac68_3600,12235.0
00bbac68_3601,12235.117
00bbac68_3602,12235.077
00bbac68_3603,12235.109
00bbac68_3604,12235.122
00bbac68_3605,12235.113
00bbac68_3606,12235.147
00bbac68_3607,12235.366
00bbac68_3608,12235.341
00bbac68_3609,12235.38
00bbac68_3610,12235.339
00bbac68_3611,12235.363
00bbac68_3612,12235.398
00bbac68_3613,12235.358
00bbac68_3614,12235.362
00bbac68_3615,12235.3545
00bbac68_3616,12235.331
00bbac68_3617,12235.345
00bbac68_3618,12235.3545
00bbac68_3619,12235.328
00bbac68_3620,12235.339
00bbac68_3621,12235.316
00bbac68_3622,12235.274
00bbac68_3623,12235.263
00bbac68_3624,12235.285
00bbac68_3625,12235.246
00bbac68_3626,12235.235
00bbac68_3627,12235.231
00bbac68_3628,12235.198
00bbac68_3629,12235.224
00bbac68_3630,12235.1875
00bbac68_3631,12235.144
00bbac68_3632,12235.179
00bbac68_3633,12235.151
00bbac68_3634,12235.109
00bbac68_3635,12235.145
00bbac68_3636,12235.138
00bbac68_3637,12235.138
00bbac68_3638,12235.117
00bbac68_3639,12235.116
00bbac68_3640,12235.12
00bbac68_3641,12235.06
00bbac68_3642,12235.116
00bbac68_3643,12235.078
00bbac68_3644,12235.07
00bbac68_3645,12235.07
00bbac68_3646,12235.073
00bbac68_3647,12235.063
00bbac68_3648,12235.095
00bbac68_3649,12235.094
00bbac68_3650,12235.093
00bbac68_3651,12235.087
00bbac68_3652,12235.105
00bbac68_3653,12235.089
00bbac68_3654,12235.094
00bbac68_3655,12235.117
00bbac68_3656,12235.103
00bbac68_3657,12235.106
00bbac68_3658,12235.067
00bbac68_3659,12235.102
00bbac68_3660,12235.106
00bbac68_3661,12235.07
00bbac68_3662,12235.103
00bbac68_3663,12235.117
00bbac68_3664,12235.12
00bbac68_3665,12235.067
00bbac68_3666,12235.093
00bbac68_3667,12235.089
00bbac68_3668,12235.069
00bbac68_3669,12235.054
00bbac68_3670,12235.075
00bbac68_3671,12235.035
00bbac68_3672,12235.032
00bbac68_3673,12234.999
00bbac68_3674,12234.988
00bbac68_3675,12235.011
00bbac68_3676,12234.995
00bbac68_3677,12234.876
00bbac68_3678,12234.988
00bbac68_3679,12234.966
00bbac68_3680,12234.954
00bbac68_3681,12234.995
00bbac68_3682,12235.0
00bbac68_3683,12234.981
00bbac68_3684,12234.993
00bbac68_3685,12234.964
00bbac68_3686,12235.05
00bbac68_3687,12235.191
00bbac68_3688,12235.208
00bbac68_3689,12235.219
00bbac68_3690,12235.239
00bbac68_3691,12235.18
00bbac68_3692,12235.1875
00bbac68_3693,12235.202
00bbac68_3694,12235.212
00bbac68_3695,12235.163
00bbac68_3696,12235.112
00bbac68_3697,12235.134
00bbac68_3698,12235.14
00bbac68_3699,12235.109
00bbac68_3700,12235.1455
00bbac68_3701,12235.118
00bbac68_3702,12235.13
00bbac68_3703,12235.128
00bbac68_3704,12235.153
00bbac68_3705,12235.164
00bbac68_3706,12235.125
00bbac68_3707,12235.176
00bbac68_3708,12235.052
00bbac68_3709,12235.067
00bbac68_3710,12234.989
00bbac68_3711,12234.923
00bbac68_3712,12234.917
00bbac68_3713,12234.917
00bbac68_3714,12234.966
00bbac68_3715,12234.851
00bbac68_3716,12234.828
00bbac68_3717,12234.825
00bbac68_3718,12234.935
00bbac68_3719,12234.808
00bbac68_3720,12234.796
00bbac68_3721,12234.774
00bbac68_3722,12234.797
00bbac68_3723,12234.6875
00bbac68_3724,12234.694
00bbac68_3725,12234.703
00bbac68_3726,12234.587
00bbac68_3727,12234.569
00bbac68_3728,12234.679
00bbac68_3729,12234.515
00bbac68_3730,12234.578
00bbac68_3731,12234.476
00bbac68_3732,12234.391
00bbac68_3733,12234.478
00bbac68_3734,12234.364
00bbac68_3735,12234.422
00bbac68_3736,12234.25
00bbac68_3737,12234.234
00bbac68_3738,12234.19
00bbac68_3739,12234.27
00bbac68_3740,12234.098
00bbac68_3741,12233.999
00bbac68_3742,12233.824
00bbac68_3743,12233.913
00bbac68_3744,12233.891
00bbac68_3745,12233.763
00bbac68_3746,12233.843
00bbac68_3747,12233.664
00bbac68_3748,12233.749
00bbac68_3749,12233.735
00bbac68_3750,12233.613
00bbac68_3751,12233.651
00bbac68_3752,12233.625
00bbac68_3753,12233.538
00bbac68_3754,12233.591
00bbac68_3755,12233.54
00bbac68_3756,12233.38
00bbac68_3757,12233.281
00bbac68_3758,12233.362
00bbac68_3759,12233.341
00bbac68_3760,12233.332
00bbac68_3761,12233.317
00bbac68_3762,12233.233
00bbac68_3763,12233.28
00bbac68_3764,12233.276
00bbac68_3765,12233.239
00bbac68_3766,12233.181
00bbac68_3767,12233.164
00bbac68_3768,12233.187
00bbac68_3769,12233.148
00bbac68_3770,12233.231
00bbac68_3771,12233.204
00bbac68_3772,12233.964
00bbac68_3773,12234.414
00bbac68_3774,12234.184
00bbac68_3775,12234.415
00bbac68_3776,12234.707
00bbac68_3777,12234.608
00bbac68_3778,12234.665
00bbac68_3779,12234.62
00bbac68_3780,12234.802
00bbac68_3781,12234.612
00bbac68_3782,12234.384
00bbac68_3783,12234.164
00bbac68_3784,12234.188
00bbac68_3785,12234.184
00bbac68_3786,12234.059
00bbac68_3787,12234.046
00bbac68_3788,12234.12
00bbac68_3789,12234.138
00bbac68_3790,12234.181
00bbac68_3791,12234.165
00bbac68_3792,12234.164
00bbac68_3793,12234.433
00bbac68_3794,12234.208
00bbac68_3795,12234.349
00bbac68_3796,12234.199
00bbac68_3797,12234.098
00bbac68_3798,12234.133
00bbac68_3799,12234.156
00bbac68_3800,12234.177
00bbac68_3801,12234.31
00bbac68_3802,12234.353
00bbac68_3803,12234.251
00bbac68_3804,12234.359
00bbac68_3805,12234.84
00bbac68_3806,12234.862
00bbac68_3807,12234.681
00bbac68_3808,12234.6455
00bbac68_3809,12234.656
00bbac68_3810,12234.692
00bbac68_3811,12234.714
00bbac68_3812,12234.793
00bbac68_3813,12234.805
00bbac68_3814,12234.831
00bbac68_3815,12234.747
00bbac68_3816,12234.859
00bbac68_3817,12234.773
00bbac68_3818,12234.837
00bbac68_3819,12234.792
00bbac68_3820,12234.847
00bbac68_3821,12234.761
00bbac68_3822,12234.8125
00bbac68_3823,12234.781
00bbac68_3824,12234.888
00bbac68_3825,12234.792
00bbac68_3826,12234.81
00bbac68_3827,12234.827
00bbac68_3828,12234.707
00bbac68_3829,12234.739
00bbac68_3830,12234.61
00bbac68_3831,12234.655
00bbac68_3832,12234.758
00bbac68_3833,12234.695
00bbac68_3834,12234.606
00bbac68_3835,12234.659
00bbac68_3836,12234.622
00bbac68_3837,12234.535
00bbac68_3838,12234.633
00bbac68_3839,12234.763
00bbac68_3840,12234.649
00bbac68_3841,12234.591
00bbac68_3842,12234.562
00bbac68_3843,12234.778
00bbac68_3844,12234.612
00bbac68_3845,12234.535
00bbac68_3846,12234.46
00bbac68_3847,12234.386
00bbac68_3848,12234.329
00bbac68_3849,12234.456
00bbac68_3850,12234.308
00bbac68_3851,12234.281
00bbac68_3852,12234.265
00bbac68_3853,12234.183
00bbac68_3854,12234.238
00bbac68_3855,12234.219
00bbac68_3856,12234.183
00bbac68_3857,12234.239
00bbac68_3858,12234.109
00bbac68_3859,12234.099
00bbac68_3860,12234.121
00bbac68_3861,12234.075
00bbac68_3862,12234.133
00bbac68_3863,12234.109
00bbac68_3864,12234.095
00bbac68_3865,12234.078
00bbac68_3866,12234.059
00bbac68_3867,12234.05
00bbac68_3868,12234.036
00bbac68_3869,12234.026
00bbac68_3870,12234.113
00bbac68_3871,12234.093
00bbac68_3872,12234.067
00bbac68_3873,12234.042
00bbac68_3874,12234.075
00bbac68_3875,12234.121
00bbac68_3876,12234.129
00bbac68_3877,12234.05
00bbac68_3878,12233.989
00bbac68_3879,12233.984
00bbac68_3880,12233.962
00bbac68_3881,12233.948
00bbac68_3882,12233.9375
00bbac68_3883,12233.995
00bbac68_3884,12233.956
00bbac68_3885,12233.878
00bbac68_3886,12233.86
00bbac68_3887,12233.839
00bbac68_3888,12233.851
00bbac68_3889,12233.9375
00bbac68_3890,12233.82
00bbac68_3891,12233.862
00bbac68_3892,12233.82
00bbac68_3893,12233.835
00bbac68_3894,12233.788
00bbac68_3895,12233.8
00bbac68_3896,12233.827
00bbac68_3897,12233.7295
00bbac68_3898,12233.737
00bbac68_3899,12233.754
00bbac68_3900,12233.776
00bbac68_3901,12233.812
00bbac68_3902,12233.859
00bbac68_3903,12233.742
00bbac68_3904,12233.755
00bbac68_3905,12233.745
00bbac68_3906,12233.738
00bbac68_3907,12233.711
00bbac68_3908,12233.714
00bbac68_3909,12233.778
00bbac68_3910,12233.647
00bbac68_3911,12233.598
00bbac68_3912,12233.613
00bbac68_3913,12233.601
00bbac68_3914,12233.695
00bbac68_3915,12233.609
00bbac68_3916,12233.649
00bbac68_3917,12233.625
00bbac68_3918,12233.685
00bbac68_3919,12233.747
00bbac68_3920,12233.708
00bbac68_3921,12233.707
00bbac68_3922,12233.695
00bbac68_3923,12233.87
00bbac68_3924,12233.739
00bbac68_3925,12233.72
00bbac68_3926,12233.722
00bbac68_3927,12233.817
00bbac68_3928,12233.773
00bbac68_3929,12233.817
00bbac68_3930,12233.892
00bbac68_3931,12233.808
00bbac68_3932,12233.801
00bbac68_3933,12233.8955
00bbac68_3934,12233.805
00bbac68_3935,12233.747
00bbac68_3936,12233.759
00bbac68_3937,12233.692
00bbac68_3938,12233.648
00bbac68_3939,12233.694
00bbac68_3940,12233.555
00bbac68_3941,12233.505
00bbac68_3942,12234.075
00bbac68_3943,12233.944
00bbac68_3944,12233.751
00bbac68_3945,12233.761
00bbac68_3946,12233.761
00bbac68_3947,12233.841
00bbac68_3948,12233.758
00bbac68_3949,12233.847
00bbac68_3950,12233.661
00bbac68_3951,12233.722
00bbac68_3952,12233.641
00bbac68_3953,12233.726
00bbac68_3954,12233.767
00bbac68_3955,12233.712
00bbac68_3956,12233.784
00bbac68_3957,12233.71
00bbac68_3958,12233.716
00bbac68_3959,12233.5625
00bbac68_3960,12233.617
00bbac68_3961,12233.5
00bbac68_3962,12233.595
00bbac68_3963,12233.524
00bbac68_3964,12233.614
00bbac68_3965,12233.536
00bbac68_3966,12233.616
00bbac68_3967,12233.547
00bbac68_3968,12233.616
00bbac68_3969,12233.532
00bbac68_3970,12233.583
00bbac68_3971,12233.523
00bbac68_3972,12233.523
00bbac68_3973,12233.417
00bbac68_3974,12233.413
00bbac68_3975,12233.317
00bbac68_3976,12233.317
00bbac68_3977,12233.281
00bbac68_3978,12233.296
00bbac68_3979,12233.237
00bbac68_3980,12233.309
00bbac68_3981,12233.144
00bbac68_3982,12233.237
00bbac68_3983,12233.485
00bbac68_3984,12233.474
00bbac68_3985,12233.556
00bbac68_3986,12233.483
00bbac68_3987,12233.4795
00bbac68_3988,12233.399
00bbac68_3989,12233.441
00bbac68_3990,12233.335
00bbac68_3991,12233.255
00bbac68_3992,12233.198
00bbac68_3993,12233.152
00bbac68_3994,12233.214
00bbac68_3995,12233.136
00bbac68_3996,12233.312
00bbac68_3997,12233.134
00bbac68_3998,12233.212
00bbac68_3999,12233.128
00bbac68_4000,12233.161
00bbac68_4001,12233.184
00bbac68_4002,12233.113
00bbac68_4003,12233.183
00bbac68_4004,12233.113
00bbac68_4005,12233.095
00bbac68_4006,12233.05
00bbac68_4007,12232.948
00bbac68_4008,12232.878
00bbac68_4009,12232.886
00bbac68_4010,12232.802
00bbac68_4011,12232.828
00bbac68_4012,12232.687
00bbac68_4013,12232.6875
00bbac68_4014,12232.8955
00bbac68_4015,12232.862
00bbac68_4016,12232.813
00bbac68_4017,12232.853
00bbac68_4018,12232.789
00bbac68_4019,12232.691
00bbac68_4020,12232.731
00bbac68_4021,12232.702
00bbac68_4022,12232.649
00bbac68_4023,12232.817
00bbac68_4024,12232.758
00bbac68_4025,12232.742
00bbac68_4026,12232.833
00bbac68_4027,12232.788
00bbac68_4028,12232.773
00bbac68_4029,12232.862
00bbac68_4030,12232.773
00bbac68_4031,12232.684
00bbac68_4032,12232.761
00bbac68_4033,12232.69
00bbac68_4034,12232.696
00bbac68_4035,12232.692
00bbac68_4036,12232.745
00bbac68_4037,12232.684
00bbac68_4038,12232.642
00bbac68_4039,12232.726
00bbac68_4040,12232.651
00bbac68_4041,12232.659
00bbac68_4042,12232.528
00bbac68_4043,12232.685
00bbac68_4044,12232.582
00bbac68_4045,12232.563
00bbac68_4046,12232.685
00bbac68_4047,12232.609
00bbac68_4048,12232.563
00bbac68_4049,12232.711
00bbac68_4050,12232.63
00bbac68_4051,12232.683
00bbac68_4052,12232.675
00bbac68_4053,12232.671
00bbac68_4054,12232.69
00bbac68_4055,12232.648
00bbac68_4056,12232.644
00bbac68_4057,12232.601
00bbac68_4058,12232.695
00bbac68_4059,12232.747
00bbac68_4060,12232.621
00bbac68_4061,12232.622
00bbac68_4062,12232.538
00bbac68_4063,12232.675
00bbac68_4064,12232.649
00bbac68_4065,12232.526
00bbac68_4066,12232.556
00bbac68_4067,12232.636
00bbac68_4068,12232.661
00bbac68_4069,12232.737
00bbac68_4070,12232.652
00bbac68_4071,12232.583
00bbac68_4072,12232.655
00bbac68_4073,12232.694
00bbac68_4074,12232.661
00bbac68_4075,12232.655
00bbac68_4076,12232.659
00bbac68_4077,12232.653
00bbac68_4078,12232.563
00bbac68_4079,12232.554
00bbac68_4080,12232.552
00bbac68_4081,12232.528
00bbac68_4082,12232.566
00bbac68_4083,12232.641
00bbac68_4084,12232.653
00bbac68_4085,12232.728
00bbac68_4086,12232.778
00bbac68_4087,12232.755
00bbac68_4088,12232.722
00bbac68_4089,12232.767
00bbac68_4090,12232.7
00bbac68_4091,12232.708
00bbac68_4092,12232.711
00bbac68_4093,12232.655
00bbac68_4094,12232.634
00bbac68_4095,12232.651
00bbac68_4096,12232.606
00bbac68_4097,12232.614
00bbac68_4098,12232.617
00bbac68_4099,12232.634
00bbac68_4100,12232.61
00bbac68_4101,12232.547
00bbac68_4102,12232.481
00bbac68_4103,12232.489
00bbac68_4104,12232.392
00bbac68_4105,12232.328
00bbac68_4106,12232.402
00bbac68_4107,12232.375
00bbac68_4108,12232.321
00bbac68_4109,12232.34
00bbac68_4110,12232.284
00bbac68_4111,12232.332
00bbac68_4112,12232.294
00bbac68_4113,12232.362
00bbac68_4114,12232.367
00bbac68_4115,12232.327
00bbac68_4116,12232.294
00bbac68_4117,12232.28
00bbac68_4118,12232.219
00bbac68_4119,12232.198
00bbac68_4120,12232.149
00bbac68_4121,12232.048
00bbac68_4122,12232.02
00bbac68_4123,12231.929
00bbac68_4124,12231.899
00bbac68_4125,12231.862
00bbac68_4126,12231.839
00bbac68_4127,12231.809
00bbac68_4128,12231.761
00bbac68_4129,12231.786
00bbac68_4130,12231.794
00bbac68_4131,12231.828
00bbac68_4132,12231.797
00bbac68_4133,12231.833
00bbac68_4134,12231.793
00bbac68_4135,12231.776
00bbac68_4136,12231.8125
00bbac68_4137,12231.773
00bbac68_4138,12231.731
00bbac68_4139,12231.711
00bbac68_4140,12231.68
00bbac68_4141,12231.691
00bbac68_4142,12231.707
00bbac68_4143,12231.659
00bbac68_4144,12231.641
00bbac68_4145,12231.688
00bbac68_4146,12231.692
00bbac68_4147,12231.642
00bbac68_4148,12231.661
00bbac68_4149,12231.638
00bbac68_4150,12231.691
00bbac68_4151,12231.6875
00bbac68_4152,12231.695
00bbac68_4153,12231.664
00bbac68_4154,12231.656
00bbac68_4155,12231.642
00bbac68_4156,12231.644
00bbac68_4157,12231.603
00bbac68_4158,12231.614
00bbac68_4159,12231.555
00bbac68_4160,12231.344
00bbac68_4161,12231.321
00bbac68_4162,12231.344
00bbac68_4163,12231.298
00bbac68_4164,12231.336
00bbac68_4165,12231.292
00bbac68_4166,12231.222
00bbac68_4167,12231.298
00bbac68_4168,12231.234
00bbac68_4169,12231.255
00bbac68_4170,12231.277
00bbac68_4171,12231.294
00bbac68_4172,12231.306
00bbac68_4173,12231.332
00bbac68_4174,12231.407
00bbac68_4175,12231.442
00bbac68_4176,12231.435
00bbac68_4177,12231.333
00bbac68_4178,12231.489
00bbac68_4179,12231.55
00bbac68_4180,12231.655
00bbac68_4181,12231.767
00bbac68_4182,12231.714
00bbac68_4183,12231.757
00bbac68_4184,12231.835
00bbac68_4185,12231.864
00bbac68_4186,12231.831
00bbac68_4187,12231.934
00bbac68_4188,12231.922
00bbac68_4189,12231.8955
00bbac68_4190,12231.9375
00bbac68_4191,12231.907
00bbac68_4192,12231.871
00bbac68_4193,12231.89
00bbac68_4194,12231.828
00bbac68_4195,12231.897
00bbac68_4196,12231.874
00bbac68_4197,12231.876
00bbac68_4198,12231.871
00bbac68_4199,12231.851
00bbac68_4200,12231.794
00bbac68_4201,12231.891
00bbac68_4202,12231.901
00bbac68_4203,12231.864
00bbac68_4204,12231.923
00bbac68_4205,12231.915
00bbac68_4206,12231.784
00bbac68_4207,12231.844
00bbac68_4208,12231.802
00bbac68_4209,12231.872
00bbac68_4210,12231.785
00bbac68_4211,12231.868
00bbac68_4212,12231.888
00bbac68_4213,12231.911
00bbac68_4214,12232.054
00bbac68_4215,12232.083
00bbac68_4216,12231.972
00bbac68_4217,12232.089
00bbac68_4218,12232.086
00bbac68_4219,12231.989
00bbac68_4220,12231.914
00bbac68_4221,12231.937
00bbac68_4222,12231.919
00bbac68_4223,12231.926
00bbac68_4224,12231.925
00bbac68_4225,12231.93
00bbac68_4226,12231.819
00bbac68_4227,12231.892
00bbac68_4228,12231.849
00bbac68_4229,12231.864
00bbac68_4230,12231.948
00bbac68_4231,12231.914
00bbac68_4232,12231.888
00bbac68_4233,12231.817
00bbac68_4234,12231.82
00bbac68_4235,12231.849
00bbac68_4236,12231.776
00bbac68_4237,12231.749
00bbac68_4238,12231.711
00bbac68_4239,12231.734
00bbac68_4240,12231.833
00bbac68_4241,12231.724
00bbac68_4242,12231.761
00bbac68_4243,12231.797
00bbac68_4244,12231.767
00bbac68_4245,12231.784
00bbac68_4246,12231.741
00bbac68_4247,12231.919
00bbac68_4248,12231.907
00bbac68_4249,12231.87
00bbac68_4250,12231.862
00bbac68_4251,12231.763
00bbac68_4252,12231.719
00bbac68_4253,12231.778
00bbac68_4254,12231.778
00bbac68_4255,12231.784
00bbac68_4256,12231.856
00bbac68_4257,12231.788
00bbac68_4258,12231.825
00bbac68_4259,12231.8545
00bbac68_4260,12231.847
00bbac68_4261,12231.828
00bbac68_4262,12231.829
00bbac68_4263,12231.785
00bbac68_4264,12231.781
00bbac68_4265,12231.738
00bbac68_4266,12231.727
00bbac68_4267,12231.766
00bbac68_4268,12231.739
00bbac68_4269,12231.704
00bbac68_4270,12231.719
00bbac68_4271,12231.733
00bbac68_4272,12231.708
00bbac68_4273,12231.708
00bbac68_4274,12231.684
00bbac68_4275,12231.651
00bbac68_4276,12231.64
00bbac68_4277,12231.621
00bbac68_4278,12231.61
00bbac68_4279,12231.591
00bbac68_4280,12231.606
00bbac68_4281,12231.565
00bbac68_4282,12231.559
00bbac68_4283,12231.5625
00bbac68_4284,12231.669
00bbac68_4285,12231.645
00bbac68_4286,12231.64
00bbac68_4287,12231.62
00bbac68_4288,12231.645
00bbac68_4289,12231.664
00bbac68_4290,12231.677
00bbac68_4291,12231.567
00bbac68_4292,12231.6455
00bbac68_4293,12231.698
00bbac68_4294,12231.708
00bbac68_4295,12231.824
00bbac68_4296,12231.792
00bbac68_4297,12231.845
00bbac68_4298,12231.8545
00bbac68_4299,12231.883
00bbac68_4300,12231.847
00bbac68_4301,12231.851
00bbac68_4302,12231.835
00bbac68_4303,12231.829
00bbac68_4304,12231.819
00bbac68_4305,12231.715
00bbac68_4306,12231.829
00bbac68_4307,12231.781
00bbac68_4308,12231.817
00bbac68_4309,12231.754
00bbac68_4310,12231.757
00bbac68_4311,12231.765
00bbac68_4312,12231.688
00bbac68_4313,12231.716
00bbac68_4314,12231.672
00bbac68_4315,12231.72
00bbac68_4316,12231.746
00bbac68_4317,12231.745
00bbac68_4318,12231.753
00bbac68_4319,12231.823
00bbac68_4320,12231.788
00bbac68_4321,12231.794
00bbac68_4322,12231.794
00bbac68_4323,12231.837
00bbac68_4324,12231.859
00bbac68_4325,12231.831
00bbac68_4326,12231.84
00bbac68_4327,12231.793
00bbac68_4328,12231.86
00bbac68_4329,12231.853
00bbac68_4330,12231.894
00bbac68_4331,12231.855
00bbac68_4332,12231.843
00bbac68_4333,12231.813
00bbac68_4334,12231.851
00bbac68_4335,12231.745
00bbac68_4336,12231.765
00bbac68_4337,12231.797
00bbac68_4338,12231.864
00bbac68_4339,12231.86
00bbac68_4340,12231.891
00bbac68_4341,12231.813
00bbac68_4342,12231.88
00bbac68_4343,12231.882
00bbac68_4344,12231.867
00bbac68_4345,12231.888
00bbac68_4346,12231.813
00bbac68_4347,12231.847
00bbac68_4348,12231.839
00bbac68_4349,12231.935
00bbac68_4350,12231.914
00bbac68_4351,12231.956
00bbac68_4352,12231.949
00bbac68_4353,12231.944
00bbac68_4354,12231.956
00bbac68_4355,12231.938
00bbac68_4356,12232.012
00bbac68_4357,12231.938
00bbac68_4358,12231.8
00bbac68_4359,12231.762
00bbac68_4360,12231.815
00bbac68_4361,12231.817
00bbac68_4362,12231.813
00bbac68_4363,12231.688
00bbac68_4364,12231.695
00bbac68_4365,12231.706
00bbac68_4366,12231.813
00bbac68_4367,12231.808
00bbac68_4368,12231.81
00bbac68_4369,12231.6455
00bbac68_4370,12231.672
00bbac68_4371,12231.716
00bbac68_4372,12231.651
00bbac68_4373,12231.535
00bbac68_4374,12231.468
00bbac68_4375,12231.512
00bbac68_4376,12231.505
00bbac68_4377,12231.622
00bbac68_4378,12231.594
00bbac68_4379,12231.587
00bbac68_4380,12231.587
00bbac68_4381,12231.6875
00bbac68_4382,12231.581
00bbac68_4383,12231.512
00bbac68_4384,12231.566
00bbac68_4385,12231.489
00bbac68_4386,12231.473
00bbac68_4387,12231.375
00bbac68_4388,12231.324
00bbac68_4389,12231.327
00bbac68_4390,12231.254
00bbac68_4391,12231.239
00bbac68_4392,12231.19
00bbac68_4393,12231.233
00bbac68_4394,12231.247
00bbac68_4395,12231.237
00bbac68_4396,12231.183
00bbac68_4397,12231.179
00bbac68_4398,12231.2
00bbac68_4399,12231.176
00bbac68_4400,12231.235
00bbac68_4401,12231.214
00bbac68_4402,12231.2
00bbac68_4403,12231.207
00bbac68_4404,12231.194
00bbac68_4405,12231.227
00bbac68_4406,12231.208
00bbac68_4407,12231.211
00bbac68_4408,12231.309
00bbac68_4409,12231.306
00bbac68_4410,12231.263
00bbac68_4411,12231.241
00bbac68_4412,12231.235
00bbac68_4413,12231.226
00bbac68_4414,12231.214
00bbac68_4415,12231.195
00bbac68_4416,12231.172
00bbac68_4417,12231.177
00bbac68_4418,12231.097
00bbac68_4419,12231.097
00bbac68_4420,12231.082
00bbac68_4421,12231.008
00bbac68_4422,12231.012
00bbac68_4423,12231.027
00bbac68_4424,12230.968
00bbac68_4425,12230.948
00bbac68_4426,12230.984
00bbac68_4427,12231.003
00bbac68_4428,12231.026
00bbac68_4429,12231.028
00bbac68_4430,12231.23
00bbac68_4431,12231.2705
00bbac68_4432,12231.531
00bbac68_4433,12231.446
00bbac68_4434,12231.364
00bbac68_4435,12231.367
00bbac68_4436,12231.312
00bbac68_4437,12231.239
00bbac68_4438,12231.3125
00bbac68_4439,12231.294
00bbac68_4440,12231.254
00bbac68_4441,12231.294
00bbac68_4442,12231.321
00bbac68_4443,12231.323
00bbac68_4444,12231.321
00bbac68_4445,12231.333
00bbac68_4446,12231.351
00bbac68_4447,12231.317
00bbac68_4448,12231.3125
00bbac68_4449,12231.356
00bbac68_4450,12231.477
00bbac68_4451,12231.492
00bbac68_4452,12231.543
00bbac68_4453,12231.579
00bbac68_4454,12231.62
00bbac68_4455,12231.622
00bbac68_4456,12231.566
00bbac68_4457,12231.579
00bbac68_4458,12231.565
00bbac68_4459,12231.542
00bbac68_4460,12231.508
00bbac68_4461,12231.511
00bbac68_4462,12231.477
00bbac68_4463,12231.457
00bbac68_4464,12231.507
00bbac68_4465,12231.516
00bbac68_4466,12231.503
00bbac68_4467,12231.539
00bbac68_4468,12231.565
00bbac68_4469,12231.57
00bbac68_4470,12231.618
00bbac68_4471,12231.676
00bbac68_4472,12231.632
00bbac68_4473,12231.636
00bbac68_4474,12231.667
00bbac68_4475,12231.661
00bbac68_4476,12231.6875
00bbac68_4477,12231.71
00bbac68_4478,12231.687
00bbac68_4479,12231.757
00bbac68_4480,12231.849
00bbac68_4481,12231.841
00bbac68_4482,12231.856
00bbac68_4483,12231.8545
00bbac68_4484,12231.8545
00bbac68_4485,12231.849
00bbac68_4486,12231.867
00bbac68_4487,12231.7705
00bbac68_4488,12231.757
00bbac68_4489,12231.763
00bbac68_4490,12231.69
00bbac68_4491,12231.825
00bbac68_4492,12231.805
00bbac68_4493,12231.813
00bbac68_4494,12231.767
00bbac68_4495,12231.75
00bbac68_4496,12231.776
00bbac68_4497,12231.683
00bbac68_4498,12231.683
00bbac68_4499,12231.675
00bbac68_4500,12231.655
00bbac68_4501,12231.578
00bbac68_4502,12231.56
00bbac68_4503,12231.526
00bbac68_4504,12231.477
00bbac68_4505,12231.691
00bbac68_4506,12231.707
00bbac68_4507,12231.683
00bbac68_4508,12231.754
00bbac68_4509,12231.753
00bbac68_4510,12231.677
00bbac68_4511,12231.727
00bbac68_4512,12231.66
00bbac68_4513,12231.706
00bbac68_4514,12231.64
00bbac68_4515,12231.703
00bbac68_4516,12231.63
00bbac68_4517,12231.563
00bbac68_4518,12231.5205
00bbac68_4519,12231.339
00bbac68_4520,12231.282
00bbac68_4521,12231.132
00bbac68_4522,12231.034
00bbac68_4523,12230.987
00bbac68_4524,12231.023
00bbac68_4525,12230.945
00bbac68_4526,12230.942
00bbac68_4527,12230.948
00bbac68_4528,12230.933
00bbac68_4529,12230.845
00bbac68_4530,12230.859
00bbac68_4531,12230.886
00bbac68_4532,12230.784
00bbac68_4533,12230.774
00bbac68_4534,12230.563
00bbac68_4535,12230.56
00bbac68_4536,12230.55
00bbac68_4537,12230.465
00bbac68_4538,12230.351
00bbac68_4539,12230.353
00bbac68_4540,12230.238
00bbac68_4541,12230.167
00bbac68_4542,12230.137
00bbac68_4543,12230.044
00bbac68_4544,12230.063
00bbac68_4545,12230.058
00bbac68_4546,12229.914
00bbac68_4547,12229.922
00bbac68_4548,12229.941
00bbac68_4549,12230.02
00bbac68_4550,12229.97
00bbac68_4551,12229.958
00bbac68_4552,12230.157
00bbac68_4553,12230.034
00bbac68_4554,12229.988
00bbac68_4555,12230.016
00bbac68_4556,12230.046
00bbac68_4557,12229.937
00bbac68_4558,12229.922
00bbac68_4559,12229.95
00bbac68_4560,12229.941
00bbac68_4561,12230.034
00bbac68_4562,12229.972
00bbac68_4563,12230.067
00bbac68_4564,12230.125
00bbac68_4565,12230.219
00bbac68_4566,12230.1045
00bbac68_4567,12230.103
00bbac68_4568,12230.031
00bbac68_4569,12229.991
00bbac68_4570,12229.969
00bbac68_4571,12229.996
00bbac68_4572,12229.976
00bbac68_4573,12229.938
00bbac68_4574,12229.888
00bbac68_4575,12229.875
00bbac68_4576,12229.897
00bbac68_4577,12229.878
00bbac68_4578,12229.722
00bbac68_4579,12229.695
00bbac68_4580,12229.68
00bbac68_4581,12229.669
00bbac68_4582,12229.6875
00bbac68_4583,12229.612
00bbac68_4584,12229.602
00bbac68_4585,12229.62
00bbac68_4586,12229.711
00bbac68_4587,12229.657
00bbac68_4588,12229.629
00bbac68_4589,12229.599
00bbac68_4590,12229.542
00bbac68_4591,12229.64
00bbac68_4592,12229.524
00bbac68_4593,12229.571
00bbac68_4594,12229.515
00bbac68_4595,12228.8545
00bbac68_4596,12228.75
00bbac68_4597,12228.527
00bbac68_4598,12228.4375
00bbac68_4599,12228.426
00bbac68_4600,12228.331
00bbac68_4601,12228.32
00bbac68_4602,12228.261
00bbac68_4603,12228.167
00bbac68_4604,12228.058
00bbac68_4605,12228.032
00bbac68_4606,12228.026
00bbac68_4607,12228.036
00bbac68_4608,12227.9795
00bbac68_4609,12227.923
00bbac68_4610,12227.891
00bbac68_4611,12227.845
00bbac68_4612,12227.841
00bbac68_4613,12227.844
00bbac68_4614,12227.876
00bbac68_4615,12227.798
00bbac68_4616,12227.747
00bbac68_4617,12227.832
00bbac68_4618,12227.816
00bbac68_4619,12227.794
00bbac68_4620,12227.789
00bbac68_4621,12227.809
00bbac68_4622,12227.796
00bbac68_4623,12227.747
00bbac68_4624,12227.723
00bbac68_4625,12227.683
00bbac68_4626,12227.699
00bbac68_4627,12227.698
00bbac68_4628,12227.8125
00bbac68_4629,12227.808
00bbac68_4630,12227.8125
00bbac68_4631,12227.828
00bbac68_4632,12227.804
00bbac68_4633,12227.777
00bbac68_4634,12227.75
00bbac68_4635,12227.731
00bbac68_4636,12227.72
00bbac68_4637,12227.722
00bbac68_4638,12227.683
00bbac68_4639,12227.667
00bbac68_4640,12227.672
00bbac68_4641,12227.655
00bbac68_4642,12227.668
00bbac68_4643,12227.621
00bbac68_4644,12227.636
00bbac68_4645,12227.624
00bbac68_4646,12227.6045
00bbac68_4647,12227.61
00bbac68_4648,12227.56
00bbac68_4649,12227.547
00bbac68_4650,12227.528
00bbac68_4651,12227.526
00bbac68_4652,12227.493
00bbac68_4653,12227.388
00bbac68_4654,12227.315
00bbac68_4655,12227.317
00bbac68_4656,12227.302
00bbac68_4657,12227.263
00bbac68_4658,12227.237
00bbac68_4659,12227.25
00bbac68_4660,12227.27
00bbac68_4661,12227.269
00bbac68_4662,12227.313
00bbac68_4663,12227.308
00bbac68_4664,12227.278
00bbac68_4665,12227.302
00bbac68_4666,12227.28
00bbac68_4667,12227.278
00bbac68_4668,12227.274
00bbac68_4669,12227.301
00bbac68_4670,12227.288
00bbac68_4671,12227.261
00bbac68_4672,12227.259
00bbac68_4673,12227.239
00bbac68_4674,12227.238
00bbac68_4675,12227.212
00bbac68_4676,12227.234
00bbac68_4677,12227.222
00bbac68_4678,12227.261
00bbac68_4679,12227.176
00bbac68_4680,12227.199
00bbac68_4681,12227.116
00bbac68_4682,12227.125
00bbac68_4683,12227.124
00bbac68_4684,12227.144
00bbac68_4685,12227.122
00bbac68_4686,12227.1455
00bbac68_4687,12227.108
00bbac68_4688,12227.13
00bbac68_4689,12227.133
00bbac68_4690,12227.136
00bbac68_4691,12227.153
00bbac68_4692,12227.169
00bbac68_4693,12227.155
00bbac68_4694,12227.147
00bbac68_4695,12227.136
00bbac68_4696,12227.152
00bbac68_4697,12227.133
00bbac68_4698,12227.165
00bbac68_4699,12227.142
00bbac68_4700,12227.161
00bbac68_4701,12227.185
00bbac68_4702,12227.136
00bbac68_4703,12227.167
00bbac68_4704,12227.159
00bbac68_4705,12227.1875
00bbac68_4706,12227.191
00bbac68_4707,12227.192
00bbac68_4708,12227.297
00bbac68_4709,12227.286
00bbac68_4710,12227.293
00bbac68_4711,12227.262
00bbac68_4712,12227.284
00bbac68_4713,12227.274
00bbac68_4714,12227.266
00bbac68_4715,12227.323
00bbac68_4716,12227.294
00bbac68_4717,12227.289
00bbac68_4718,12227.263
00bbac68_4719,12227.247
00bbac68_4720,12227.192
00bbac68_4721,12227.231
00bbac68_4722,12227.242
00bbac68_4723,12227.237
00bbac68_4724,12227.224
00bbac68_4725,12227.239
00bbac68_4726,12227.234
00bbac68_4727,12227.208
00bbac68_4728,12227.188
00bbac68_4729,12227.185
00bbac68_4730,12227.223
00bbac68_4731,12227.247
00bbac68_4732,12227.177
00bbac68_4733,12227.171
00bbac68_4734,12227.328
00bbac68_4735,12227.464
00bbac68_4736,12227.308
00bbac68_4737,12227.305
00bbac68_4738,12227.333
00bbac68_4739,12227.321
00bbac68_4740,12227.273
00bbac68_4741,12227.196
00bbac68_4742,12227.164
00bbac68_4743,12227.164
00bbac68_4744,12227.241
00bbac68_4745,12227.245
00bbac68_4746,12227.249
00bbac68_4747,12227.25
00bbac68_4748,12227.258
00bbac68_4749,12227.222
00bbac68_4750,12227.192
00bbac68_4751,12227.164
00bbac68_4752,12227.097
00bbac68_4753,12227.06
00bbac68_4754,12227.012
00bbac68_4755,12227.013
00bbac68_4756,12227.011
00bbac68_4757,12226.988
00bbac68_4758,12227.008
00bbac68_4759,12227.019
00bbac68_4760,12227.023
00bbac68_4761,12226.98
00bbac68_4762,12226.926
00bbac68_4763,12226.906
00bbac68_4764,12226.898
00bbac68_4765,12226.833
00bbac68_4766,12226.851
00bbac68_4767,12226.763
00bbac68_4768,12226.742
00bbac68_4769,12226.695
00bbac68_4770,12226.653
00bbac68_4771,12226.683
00bbac68_4772,12226.667
00bbac68_4773,12226.651
00bbac68_4774,12226.591
00bbac68_4775,12226.511
00bbac68_4776,12226.555
00bbac68_4777,12226.548
00bbac68_4778,12226.562
00bbac68_4779,12226.542
00bbac68_4780,12226.539
00bbac68_4781,12226.504
00bbac68_4782,12226.544
00bbac68_4783,12226.524
00bbac68_4784,12226.534
00bbac68_4785,12226.552
00bbac68_4786,12226.531
00bbac68_4787,12226.656
00bbac68_4788,12226.638
00bbac68_4789,12226.632
00bbac68_4790,12226.613
00bbac68_4791,12226.625
00bbac68_4792,12226.628
00bbac68_4793,12226.546
00bbac68_4794,12226.52
00bbac68_4795,12226.509
00bbac68_4796,12226.503
00bbac68_4797,12226.4375
00bbac68_4798,12226.474
00bbac68_4799,12226.425
00bbac68_4800,12226.4795
00bbac68_4801,12226.464
00bbac68_4802,12226.458
00bbac68_4803,12226.477
00bbac68_4804,12226.488
00bbac68_4805,12226.578
00bbac68_4806,12226.466
00bbac68_4807,12226.445
00bbac68_4808,12226.445
00bbac68_4809,12226.411
00bbac68_4810,12226.462
00bbac68_4811,12226.422
00bbac68_4812,12226.423
00bbac68_4813,12226.441
00bbac68_4814,12226.448
00bbac68_4815,12226.403
00bbac68_4816,12226.349
00bbac68_4817,12226.383
00bbac68_4818,12226.401
00bbac68_4819,12226.406
00bbac68_4820,12226.469
00bbac68_4821,12226.44
00bbac68_4822,12226.513
00bbac68_4823,12226.47
00bbac68_4824,12226.456
00bbac68_4825,12226.495
00bbac68_4826,12226.466
00bbac68_4827,12226.466
00bbac68_4828,12226.481
00bbac68_4829,12226.499
00bbac68_4830,12226.528
00bbac68_4831,12226.493
00bbac68_4832,12226.501
00bbac68_4833,12226.5625
00bbac68_4834,12226.539
00bbac68_4835,12226.536
00bbac68_4836,12226.585
00bbac68_4837,12226.613
00bbac68_4838,12226.599
00bbac68_4839,12226.6045
00bbac68_4840,12226.6045
00bbac68_4841,12226.621
00bbac68_4842,12226.612
00bbac68_4843,12226.636
00bbac68_4844,12226.628
00bbac68_4845,12226.62
00bbac68_4846,12226.644
00bbac68_4847,12226.672
00bbac68_4848,12226.692
00bbac68_4849,12226.703
00bbac68_4850,12226.692
00bbac68_4851,12226.72
00bbac68_4852,12226.669
00bbac68_4853,12226.724
00bbac68_4854,12226.731
00bbac68_4855,12226.753
00bbac68_4856,12226.702
00bbac68_4857,12226.695
00bbac68_4858,12226.703
00bbac68_4859,12226.715
00bbac68_4860,12226.788
00bbac68_4861,12226.808
00bbac68_4862,12226.8125
00bbac68_4863,12226.868
00bbac68_4864,12226.892
00bbac68_4865,12226.948
00bbac68_4866,12227.019
00bbac68_4867,12227.198
00bbac68_4868,12227.13
00bbac68_4869,12227.128
00bbac68_4870,12226.856
00bbac68_4871,12226.819
00bbac68_4872,12227.276
00bbac68_4873,12227.222
00bbac68_4874,12227.159
00bbac68_4875,12227.108
00bbac68_4876,12227.058
00bbac68_4877,12226.884
00bbac68_4878,12226.872
00bbac68_4879,12226.859
00bbac68_4880,12226.844
00bbac68_4881,12226.802
00bbac68_4882,12226.836
00bbac68_4883,12226.816
00bbac68_4884,12226.766
00bbac68_4885,12226.792
00bbac68_4886,12226.731
00bbac68_4887,12226.669
00bbac68_4888,12226.69
00bbac68_4889,12226.696
00bbac68_4890,12226.634
00bbac68_4891,12226.778
00bbac68_4892,12226.759
00bbac68_4893,12226.645
00bbac68_4894,12226.617
00bbac68_4895,12226.665
00bbac68_4896,12226.609
00bbac68_4897,12226.594
00bbac68_4898,12226.622
00bbac68_4899,12226.569
00bbac68_4900,12226.569
00bbac68_4901,12226.563
00bbac68_4902,12226.57
00bbac68_4903,12226.52
00bbac68_4904,12226.495
00bbac68_4905,12226.476
00bbac68_4906,12226.452
00bbac68_4907,12226.468
00bbac68_4908,12226.503
00bbac68_4909,12226.477
00bbac68_4910,12226.462
00bbac68_4911,12226.468
00bbac68_4912,12226.448
00bbac68_4913,12226.484
00bbac68_4914,12226.454
00bbac68_4915,12226.382
00bbac68_4916,12226.457
00bbac68_4917,12226.491
00bbac68_4918,12226.464
00bbac68_4919,12226.503
00bbac68_4920,12226.609
00bbac68_4921,12226.591
00bbac68_4922,12226.583
00bbac68_4923,12226.508
00bbac68_4924,12226.536
00bbac68_4925,12226.531
00bbac68_4926,12226.474
00bbac68_4927,12226.453
00bbac68_4928,12226.495
00bbac68_4929,12226.487
00bbac68_4930,12226.462
00bbac68_4931,12226.573
00bbac68_4932,12226.56
00bbac68_4933,12226.547
00bbac68_4934,12226.565
00bbac68_4935,12226.583
00bbac68_4936,12226.578
00bbac68_4937,12226.599
00bbac68_4938,12226.562
00bbac68_4939,12226.542
00bbac68_4940,12226.57
00bbac68_4941,12226.565
00bbac68_4942,12226.577
00bbac68_4943,12226.601
00bbac68_4944,12226.586
00bbac68_4945,12226.5625
00bbac68_4946,12226.624
00bbac68_4947,12226.6045
00bbac68_4948,12226.73
00bbac68_4949,12226.766
00bbac68_4950,12226.782
00bbac68_4951,12226.805
00bbac68_4952,12226.802
00bbac68_4953,12226.809
00bbac68_4954,12226.856
00bbac68_4955,12226.804
00bbac68_4956,12226.79
00bbac68_4957,12226.833
00bbac68_4958,12226.82
00bbac68_4959,12226.8545
00bbac68_4960,12226.891
00bbac68_4961,12226.933
00bbac68_4962,12226.914
00bbac68_4963,12226.911
00bbac68_4964,12226.942
00bbac68_4965,12226.976
00bbac68_4966,12227.008
00bbac68_4967,12227.097
00bbac68_4968,12227.212
00bbac68_4969,12227.237
00bbac68_4970,12227.364
00bbac68_4971,12227.4795
00bbac68_4972,12227.706
00bbac68_4973,12227.95
00bbac68_4974,12228.559
00bbac68_4975,12228.703
00bbac68_4976,12228.774
00bbac68_4977,12228.805
00bbac68_4978,12228.808
00bbac68_4979,12228.8125
00bbac68_4980,12228.821
00bbac68_4981,12228.851
00bbac68_4982,12228.863
00bbac68_4983,12228.856
00bbac68_4984,12228.892
00bbac68_4985,12229.034
00bbac68_4986,12229.224
00bbac68_4987,12229.323
00bbac68_4988,12229.573
00bbac68_4989,12229.657
00bbac68_4990,12229.708
00bbac68_4991,12229.763
00bbac68_4992,12229.821
00bbac68_4993,12229.886
00bbac68_4994,12229.899
00bbac68_4995,12229.919
00bbac68_4996,12229.895
00bbac68_4997,12230.004
00bbac68_4998,12229.978
00bbac68_4999,12229.935
00bbac68_5000,12229.919
00bbac68_5001,12229.922
00bbac68_5002,12229.909
00bbac68_5003,12229.907
00bbac68_5004,12229.927
00bbac68_5005,12229.952
00bbac68_5006,12229.9375
00bbac68_5007,12229.907
00bbac68_5008,12229.827
00bbac68_5009,12229.837
00bbac68_5010,12229.528
00bbac68_5011,12229.606
00bbac68_5012,12229.727
00bbac68_5013,12229.78
00bbac68_5014,12229.792
00bbac68_5015,12229.773
00bbac68_5016,12229.836
00bbac68_5017,12229.849
00bbac68_5018,12229.839
00bbac68_5019,12229.843
00bbac68_5020,12229.816
00bbac68_5021,12229.777
00bbac68_5022,12229.773
00bbac68_5023,12229.753
00bbac68_5024,12229.719
00bbac68_5025,12229.7295
00bbac68_5026,12229.712
00bbac68_5027,12229.6455
00bbac68_5028,12229.77
00bbac68_5029,12229.788
00bbac68_5030,12229.797
00bbac68_5031,12229.808
00bbac68_5032,12229.819
00bbac68_5033,12229.793
00bbac68_5034,12229.785
00bbac68_5035,12229.794
00bbac68_5036,12229.773
00bbac68_5037,12229.816
00bbac68_5038,12229.792
00bbac68_5039,12229.8
00bbac68_5040,12229.801
00bbac68_5041,12229.817
00bbac68_5042,12229.794
00bbac68_5043,12229.786
00bbac68_5044,12229.84
00bbac68_5045,12229.946
00bbac68_5046,12229.953
00bbac68_5047,12229.913
00bbac68_5048,12229.922
00bbac68_5049,12229.929
00bbac68_5050,12229.933
00bbac68_5051,12229.914
00bbac68_5052,12229.925
00bbac68_5053,12229.823
00bbac68_5054,12229.891
00bbac68_5055,12229.88
00bbac68_5056,12229.925
00bbac68_5057,12229.958
00bbac68_5058,12229.989
00bbac68_5059,12230.024
00bbac68_5060,12230.012
00bbac68_5061,12230.034
00bbac68_5062,12230.034
00bbac68_5063,12230.05
00bbac68_5064,12230.036
00bbac68_5065,12230.054
00bbac68_5066,12230.055
00bbac68_5067,12230.102
00bbac68_5068,12230.106
00bbac68_5069,12230.089
00bbac68_5070,12230.093
00bbac68_5071,12230.039
00bbac68_5072,12230.03
00bbac68_5073,12230.091
00bbac68_5074,12230.089
00bbac68_5075,12230.063
00bbac68_5076,12230.03
00bbac68_5077,12230.054
00bbac68_5078,12230.036
00bbac68_5079,12230.027
00bbac68_5080,12230.036
00bbac68_5081,12230.044
00bbac68_5082,12230.035
00bbac68_5083,12230.026
00bbac68_5084,12230.066
00bbac68_5085,12230.078
00bbac68_5086,12229.999
00bbac68_5087,12230.038
00bbac68_5088,12230.036
00bbac68_5089,12230.04
00bbac68_5090,12230.039
00bbac68_5091,12230.055
00bbac68_5092,12230.013
00bbac68_5093,12229.878
00bbac68_5094,12229.909
00bbac68_5095,12229.929
00bbac68_5096,12229.909
00bbac68_5097,12229.909
00bbac68_5098,12229.94
00bbac68_5099,12229.96
00bbac68_5100,12229.985
00bbac68_5101,12230.009
00bbac68_5102,12229.966
00bbac68_5103,12229.987
00bbac68_5104,12229.972
00bbac68_5105,12229.905
00bbac68_5106,12229.918
00bbac68_5107,12229.516
00bbac68_5108,12229.1045
00bbac68_5109,12229.231
00bbac68_5110,12229.824
00bbac68_5111,12229.973
00bbac68_5112,12230.03
00bbac68_5113,12230.133
00bbac68_5114,12230.195
00bbac68_5115,12230.173
00bbac68_5116,12230.163
00bbac68_5117,12230.262
00bbac68_5118,12230.286
00bbac68_5119,12230.325
00bbac68_5120,12230.367
00bbac68_5121,12230.324
00bbac68_5122,12230.325
00bbac68_5123,12230.353
00bbac68_5124,12230.378
00bbac68_5125,12230.388
00bbac68_5126,12230.473
00bbac68_5127,12230.417
00bbac68_5128,12230.383
00bbac68_5129,12230.352
00bbac68_5130,12230.359
00bbac68_5131,12230.3
00bbac68_5132,12230.333
00bbac68_5133,12230.331
00bbac68_5134,12230.288
00bbac68_5135,12230.249
00bbac68_5136,12230.226
00bbac68_5137,12230.208
00bbac68_5138,12230.2
00bbac68_5139,12230.259
00bbac68_5140,12230.222
00bbac68_5141,12230.21
00bbac68_5142,12230.195
00bbac68_5143,12230.216
00bbac68_5144,12230.184
00bbac68_5145,12230.183
00bbac68_5146,12230.164
00bbac68_5147,12230.074
00bbac68_5148,12230.077
00bbac68_5149,12230.09
00bbac68_5150,12230.112
00bbac68_5151,12230.085
00bbac68_5152,12230.093
00bbac68_5153,12230.091
00bbac68_5154,12230.062
00bbac68_5155,12230.069
00bbac68_5156,12230.125
00bbac68_5157,12230.113
00bbac68_5158,12230.265
00bbac68_5159,12230.013
00bbac68_5160,12230.023
00bbac68_5161,12229.958
00bbac68_5162,12229.698
00bbac68_5163,12229.7705
00bbac68_5164,12229.824
00bbac68_5165,12229.831
00bbac68_5166,12229.897
00bbac68_5167,12229.856
00bbac68_5168,12229.852
00bbac68_5169,12229.899
00bbac68_5170,12229.887
00bbac68_5171,12229.883
00bbac68_5172,12229.892
00bbac68_5173,12229.906
00bbac68_5174,12229.888
00bbac68_5175,12229.926
00bbac68_5176,12229.907
00bbac68_5177,12229.8955
00bbac68_5178,12229.903
00bbac68_5179,12229.87
00bbac68_5180,12229.862
00bbac68_5181,12229.882
00bbac68_5182,12229.871
00bbac68_5183,12229.864
00bbac68_5184,12229.765
00bbac68_5185,12229.782
00bbac68_5186,12229.69
00bbac68_5187,12229.211
00bbac68_5188,12229.009
00bbac68_5189,12228.953
00bbac68_5190,12229.069
00bbac68_5191,12229.112
00bbac68_5192,12229.11
00bbac68_5193,12229.114
00bbac68_5194,12229.091
00bbac68_5195,12229.036
00bbac68_5196,12228.956
00bbac68_5197,12228.93
00bbac68_5198,12228.839
00bbac68_5199,12228.866
00bbac68_5200,12228.792
00bbac68_5201,12228.8125
00bbac68_5202,12228.773
00bbac68_5203,12228.767
00bbac68_5204,12228.7
00bbac68_5205,12228.698
00bbac68_5206,12228.6875
00bbac68_5207,12228.632
00bbac68_5208,12228.708
00bbac68_5209,12229.032
00bbac68_5210,12228.871
00bbac68_5211,12228.773
00bbac68_5212,12228.706
00bbac68_5213,12228.778
00bbac68_5214,12228.872
00bbac68_5215,12228.797
00bbac68_5216,12228.73
00bbac68_5217,12228.714
00bbac68_5218,12228.77
00bbac68_5219,12228.739
00bbac68_5220,12228.73
00bbac68_5221,12228.722
00bbac68_5222,12228.724
00bbac68_5223,12228.71
00bbac68_5224,12228.71
00bbac68_5225,12228.742
00bbac68_5226,12228.716
00bbac68_5227,12228.741
00bbac68_5228,12228.716
00bbac68_5229,12228.677
00bbac68_5230,12228.685
00bbac68_5231,12228.684
00bbac68_5232,12228.6455
00bbac68_5233,12228.665
00bbac68_5234,12228.669
00bbac68_5235,12228.703
00bbac68_5236,12228.68
00bbac68_5237,12228.714
00bbac68_5238,12228.715
00bbac68_5239,12228.718
00bbac68_5240,12228.731
00bbac68_5241,12228.796
00bbac68_5242,12228.813
00bbac68_5243,12228.847
00bbac68_5244,12228.831
00bbac68_5245,12228.828
00bbac68_5246,12228.808
00bbac68_5247,12228.878
00bbac68_5248,12228.868
00bbac68_5249,12228.895
00bbac68_5250,12229.133
00bbac68_5251,12229.112
00bbac68_5252,12229.165
00bbac68_5253,12229.103
00bbac68_5254,12229.122
00bbac68_5255,12229.0205
00bbac68_5256,12228.983
00bbac68_5257,12228.935
00bbac68_5258,12228.872
00bbac68_5259,12228.859
00bbac68_5260,12228.824
00bbac68_5261,12228.77
00bbac68_5262,12228.757
00bbac68_5263,12228.733
00bbac68_5264,12228.696
00bbac68_5265,12228.614
00bbac68_5266,12228.583
00bbac68_5267,12228.573
00bbac68_5268,12228.546
00bbac68_5269,12228.534
00bbac68_5270,12228.515
00bbac68_5271,12228.542
00bbac68_5272,12228.698
00bbac68_5273,12228.649
00bbac68_5274,12228.653
00bbac68_5275,12228.581
00bbac68_5276,12228.587
00bbac68_5277,12228.563
00bbac68_5278,12228.53
00bbac68_5279,12228.515
00bbac68_5280,12228.522
00bbac68_5281,12228.517
00bbac68_5282,12228.531
00bbac68_5283,12228.481
00bbac68_5284,12228.4795
00bbac68_5285,12228.481
00bbac68_5286,12228.508
00bbac68_5287,12228.438
00bbac68_5288,12228.427
00bbac68_5289,12228.411
00bbac68_5290,12228.409
00bbac68_5291,12228.431
00bbac68_5292,12228.367
00bbac68_5293,12228.406
00bbac68_5294,12228.331
00bbac68_5295,12228.355
00bbac68_5296,12228.362
00bbac68_5297,12228.313
00bbac68_5298,12228.344
00bbac68_5299,12228.339
00bbac68_5300,12228.077
00bbac68_5301,12228.333
00bbac68_5302,12228.335
00bbac68_5303,12228.337
00bbac68_5304,12228.257
00bbac68_5305,12228.026
00bbac68_5306,12227.983
00bbac68_5307,12227.966
00bbac68_5308,12227.934
00bbac68_5309,12227.949
00bbac68_5310,12228.208
00bbac68_5311,12228.212
00bbac68_5312,12228.172
00bbac68_5313,12228.089
00bbac68_5314,12228.063
00bbac68_5315,12228.066
00bbac68_5316,12228.012
00bbac68_5317,12228.097
00bbac68_5318,12228.177
00bbac68_5319,12228.1455
00bbac68_5320,12228.177
00bbac68_5321,12228.156
00bbac68_5322,12228.156
00bbac68_5323,12228.206
00bbac68_5324,12228.235
00bbac68_5325,12228.241
00bbac68_5326,12228.212
00bbac68_5327,12228.25
00bbac68_5328,12228.207
00bbac68_5329,12228.156
00bbac68_5330,12228.183
00bbac68_5331,12228.164
00bbac68_5332,12228.163
00bbac68_5333,12228.136
00bbac68_5334,12228.128
00bbac68_5335,12228.165
00bbac68_5336,12228.167
00bbac68_5337,12228.157
00bbac68_5338,12228.152
00bbac68_5339,12228.116
00bbac68_5340,12228.093
00bbac68_5341,12228.048
00bbac68_5342,12228.052
00bbac68_5343,12228.046
00bbac68_5344,12228.039
00bbac68_5345,12228.05
00bbac68_5346,12228.036
00bbac68_5347,12228.05
00bbac68_5348,12228.013
00bbac68_5349,12228.055
00bbac68_5350,12228.035
00bbac68_5351,12228.026
00bbac68_5352,12228.003
00bbac68_5353,12227.927
00bbac68_5354,12228.282
00bbac68_5355,12228.328
00bbac68_5356,12228.446
00bbac68_5357,12228.45
00bbac68_5358,12228.487
00bbac68_5359,12228.448
00bbac68_5360,12228.425
00bbac68_5361,12228.406
00bbac68_5362,12228.294
00bbac68_5363,12228.289
00bbac68_5364,12228.262
00bbac68_5365,12228.249
00bbac68_5366,12228.255
00bbac68_5367,12228.231
00bbac68_5368,12228.324
00bbac68_5369,12228.31
00bbac68_5370,12228.359
00bbac68_5371,12228.359
00bbac68_5372,12228.3545
00bbac68_5373,12228.341
00bbac68_5374,12228.362
00bbac68_5375,12228.374
00bbac68_5376,12228.473
00bbac68_5377,12228.547
00bbac68_5378,12228.577
00bbac68_5379,12228.612
00bbac68_5380,12228.651
00bbac68_5381,12228.657
00bbac68_5382,12228.633
00bbac68_5383,12228.591
00bbac68_5384,12228.577
00bbac68_5385,12228.617
00bbac68_5386,12228.626
00bbac68_5387,12228.655
00bbac68_5388,12228.5205
00bbac68_5389,12228.308
00bbac68_5390,12228.278
00bbac68_5391,12228.215
00bbac68_5392,12228.207
00bbac68_5393,12228.235
00bbac68_5394,12228.215
00bbac68_5395,12228.196
00bbac68_5396,12228.165
00bbac68_5397,12228.108
00bbac68_5398,12228.078
00bbac68_5399,12228.0625
00bbac68_5400,12228.05
00bbac68_5401,12227.969
00bbac68_5402,12227.914
00bbac68_5403,12227.897
00bbac68_5404,12227.953
00bbac68_5405,12227.901
00bbac68_5406,12227.833
00bbac68_5407,12227.8
00bbac68_5408,12227.737
00bbac68_5409,12227.621
00bbac68_5410,12227.6045
00bbac68_5411,12227.573
00bbac68_5412,12227.534
00bbac68_5413,12227.497
00bbac68_5414,12227.528
00bbac68_5415,12227.469
00bbac68_5416,12227.446
00bbac68_5417,12227.3545
00bbac68_5418,12227.358
00bbac68_5419,12227.317
00bbac68_5420,12227.246
00bbac68_5421,12227.215
00bbac68_5422,12227.19
00bbac68_5423,12227.25
00bbac68_5424,12227.097
00bbac68_5425,12227.114
00bbac68_5426,12227.097
00bbac68_5427,12227.058
00bbac68_5428,12227.122
00bbac68_5429,12227.003
00bbac68_5430,12226.996
00bbac68_5431,12227.03
00bbac68_5432,12226.935
00bbac68_5433,12226.984
00bbac68_5434,12227.12
00bbac68_5435,12227.019
00bbac68_5436,12227.052
00bbac68_5437,12226.898
00bbac68_5438,12226.984
00bbac68_5439,12227.0
00bbac68_5440,12226.95
00bbac68_5441,12227.031
00bbac68_5442,12227.118
00bbac68_5443,12227.136
00bbac68_5444,12227.083
00bbac68_5445,12227.138
00bbac68_5446,12227.142
00bbac68_5447,12227.063
00bbac68_5448,12227.149
00bbac68_5449,12227.133
00bbac68_5450,12227.167
00bbac68_5451,12227.117
00bbac68_5452,12227.151
00bbac68_5453,12227.073
00bbac68_5454,12227.117
00bbac68_5455,12227.094
00bbac68_5456,12226.997
00bbac68_5457,12226.909
00bbac68_5458,12226.886
00bbac68_5459,12226.898
00bbac68_5460,12226.837
00bbac68_5461,12226.817
00bbac68_5462,12226.888
00bbac68_5463,12226.8
00bbac68_5464,12226.781
00bbac68_5465,12226.71
00bbac68_5466,12226.755
00bbac68_5467,12226.726
00bbac68_5468,12226.676
00bbac68_5469,12226.483
00bbac68_5470,12225.875
00bbac68_5471,12225.784
00bbac68_5472,12225.79
00bbac68_5473,12225.72
00bbac68_5474,12225.616
00bbac68_5475,12225.5205
00bbac68_5476,12225.567
00bbac68_5477,12225.534
00bbac68_5478,12225.461
00bbac68_5479,12225.399
00bbac68_5480,12225.411
00bbac68_5481,12225.308
00bbac68_5482,12225.203
00bbac68_5483,12225.128
00bbac68_5484,12225.034
00bbac68_5485,12225.017
00bbac68_5486,12224.91
00bbac68_5487,12224.835
00bbac68_5488,12224.836
00bbac68_5489,12224.874
00bbac68_5490,12224.863
00bbac68_5491,12224.841
00bbac68_5492,12224.819
00bbac68_5493,12224.766
00bbac68_5494,12224.872
00bbac68_5495,12224.772
00bbac68_5496,12224.699
00bbac68_5497,12224.673
00bbac68_5498,12224.608
00bbac68_5499,12224.613
00bbac68_5500,12224.586
00bbac68_5501,12224.536
00bbac68_5502,12224.591
00bbac68_5503,12224.581
00bbac68_5504,12224.625
00bbac68_5505,12224.776
00bbac68_5506,12224.7705
00bbac68_5507,12224.722
00bbac68_5508,12224.672
00bbac68_5509,12224.56
00bbac68_5510,12224.423
00bbac68_5511,12224.398
00bbac68_5512,12224.286
00bbac68_5513,12224.207
00bbac68_5514,12224.144
00bbac68_5515,12224.175
00bbac68_5516,12224.112
00bbac68_5517,12224.116
00bbac68_5518,12224.177
00bbac68_5519,12224.1455
00bbac68_5520,12223.9375
00bbac68_5521,12223.996
00bbac68_5522,12223.94
00bbac68_5523,12223.938
00bbac68_5524,12223.905
00bbac68_5525,12223.901
00bbac68_5526,12223.824
00bbac68_5527,12223.802
00bbac68_5528,12223.79
00bbac68_5529,12223.781
00bbac68_5530,12223.747
00bbac68_5531,12223.708
00bbac68_5532,12223.685
00bbac68_5533,12223.6045
00bbac68_5534,12223.556
00bbac68_5535,12223.538
00bbac68_5536,12223.495
00bbac68_5537,12223.462
00bbac68_5538,12223.45
00bbac68_5539,12223.433
00bbac68_5540,12223.347
00bbac68_5541,12223.398
00bbac68_5542,12223.383
00bbac68_5543,12223.395
00bbac68_5544,12223.397
00bbac68_5545,12223.375
00bbac68_5546,12223.368
00bbac68_5547,12223.344
00bbac68_5548,12223.296
00bbac68_5549,12223.305
00bbac68_5550,12223.375
00bbac68_5551,12223.323
00bbac68_5552,12223.23
00bbac68_5553,12223.156
00bbac68_5554,12222.966
00bbac68_5555,12222.871
00bbac68_5556,12222.848
00bbac68_5557,12222.757
00bbac68_5558,12222.8
00bbac68_5559,12222.843
00bbac68_5560,12222.789
00bbac68_5561,12222.798
00bbac68_5562,12222.667
00bbac68_5563,12222.5205
00bbac68_5564,12222.398
00bbac68_5565,12222.3
00bbac68_5566,12222.266
00bbac68_5567,12222.259
00bbac68_5568,12222.234
00bbac68_5569,12222.157
00bbac68_5570,12222.179
00bbac68_5571,12222.159
00bbac68_5572,12222.124
00bbac68_5573,12222.036
00bbac68_5574,12222.044
00bbac68_5575,12221.987
00bbac68_5576,12221.905
00bbac68_5577,12221.858
00bbac68_5578,12221.802
00bbac68_5579,12221.735
00bbac68_5580,12221.651
00bbac68_5581,12221.636
00bbac68_5582,12221.548
00bbac68_5583,12221.603
00bbac68_5584,12221.608
00bbac68_5585,12221.61
00bbac68_5586,12221.586
00bbac68_5587,12221.626
00bbac68_5588,12221.641
00bbac68_5589,12221.676
00bbac68_5590,12221.555
00bbac68_5591,12221.57
00bbac68_5592,12221.523
00bbac68_5593,12221.427
00bbac68_5594,12221.379
00bbac68_5595,12221.219
00bbac68_5596,12221.258
00bbac68_5597,12221.251
00bbac68_5598,12221.286
00bbac68_5599,12221.237
00bbac68_5600,12221.196
00bbac68_5601,12221.43
00bbac68_5602,12221.441
00bbac68_5603,12221.473
00bbac68_5604,12221.397
00bbac68_5605,12221.211
00bbac68_5606,12221.1455
00bbac68_5607,12221.017
00bbac68_5608,12220.944
00bbac68_5609,12220.82
00bbac68_5610,12220.872
00bbac68_5611,12220.866
00bbac68_5612,12220.78
00bbac68_5613,12220.706
00bbac68_5614,12220.706
00bbac68_5615,12220.68
00bbac68_5616,12220.652
00bbac68_5617,12220.532
00bbac68_5618,12220.462
00bbac68_5619,12220.43
00bbac68_5620,12220.351
00bbac68_5621,12220.27
00bbac68_5622,12220.207
00bbac68_5623,12220.117
00bbac68_5624,12220.052
00bbac68_5625,12219.969
00bbac68_5626,12219.957
00bbac68_5627,12219.931
00bbac68_5628,12219.903
00bbac68_5629,12219.879
00bbac68_5630,12219.8
00bbac68_5631,12219.809
00bbac68_5632,12219.837
00bbac68_5633,12219.845
00bbac68_5634,12219.835
00bbac68_5635,12219.875
00bbac68_5636,12219.915
00bbac68_5637,12219.8545
00bbac68_5638,12219.823
00bbac68_5639,12219.864
00bbac68_5640,12219.837
00bbac68_5641,12219.801
00bbac68_5642,12219.785
00bbac68_5643,12219.776
00bbac68_5644,12219.755
00bbac68_5645,12219.7
00bbac68_5646,12219.665
00bbac68_5647,12219.601
00bbac68_5648,12219.606
00bbac68_5649,12219.5205
00bbac68_5650,12219.445
00bbac68_5651,12219.411
00bbac68_5652,12219.351
00bbac68_5653,12219.374
00bbac68_5654,12219.356
00bbac68_5655,12219.32
00bbac68_5656,12219.405
00bbac68_5657,12219.372
00bbac68_5658,12219.556
00bbac68_5659,12219.348
00bbac68_5660,12219.27
00bbac68_5661,12219.112
00bbac68_5662,12218.989
00bbac68_5663,12218.879
00bbac68_5664,12218.704
00bbac68_5665,12218.714
00bbac68_5666,12218.454
00bbac68_5667,12218.347
00bbac68_5668,12218.292
00bbac68_5669,12218.022
00bbac68_5670,12217.862
00bbac68_5671,12217.824
00bbac68_5672,12217.6455
00bbac68_5673,12217.476
00bbac68_5674,12217.394
00bbac68_5675,12217.32
00bbac68_5676,12217.372
00bbac68_5677,12217.321
00bbac68_5678,12217.324
00bbac68_5679,12217.375
00bbac68_5680,12217.336
00bbac68_5681,12217.356
00bbac68_5682,12216.981
00bbac68_5683,12216.992
00bbac68_5684,12216.931
00bbac68_5685,12216.942
00bbac68_5686,12216.82
00bbac68_5687,12216.374
00bbac68_5688,12216.438
00bbac68_5689,12216.563
00bbac68_5690,12216.351
00bbac68_5691,12216.337
00bbac68_5692,12216.3
00bbac68_5693,12216.079
00bbac68_5694,12216.109
00bbac68_5695,12216.015
00bbac68_5696,12215.949
00bbac68_5697,12215.731
00bbac68_5698,12215.7705
00bbac68_5699,12215.816
00bbac68_5700,12215.5
00bbac68_5701,12215.427
00bbac68_5702,12215.511
00bbac68_5703,12215.306
00bbac68_5704,12215.32
00bbac68_5705,12215.378
00bbac68_5706,12215.108
00bbac68_5707,12215.121
00bbac68_5708,12215.254
00bbac68_5709,12215.065
00bbac68_5710,12214.969
00bbac68_5711,12214.98
00bbac68_5712,12214.836
00bbac68_5713,12214.859
00bbac68_5714,12214.769
00bbac68_5715,12214.668
00bbac68_5716,12214.766
00bbac68_5717,12214.581
00bbac68_5718,12214.695
00bbac68_5719,12214.476
00bbac68_5720,12214.458
00bbac68_5721,12214.452
00bbac68_5722,12214.11
00bbac68_5723,12214.2295
00bbac68_5724,12214.13
00bbac68_5725,12214.253
00bbac68_5726,12214.086
00bbac68_5727,12214.148
00bbac68_5728,12214.422
00bbac68_5729,12214.378
00bbac68_5730,12214.555
00bbac68_5731,12213.981
00bbac68_5732,12213.983
00bbac68_5733,12213.692
00bbac68_5734,12213.882
00bbac68_5735,12213.558
00bbac68_5736,12213.601
00bbac68_5737,12213.44
00bbac68_5738,12213.62
00bbac68_5739,12213.343
00bbac68_5740,12213.559
00bbac68_5741,12213.352
00bbac68_5742,12213.544
00bbac68_5743,12213.289
00bbac68_5744,12213.44
00bbac68_5745,12213.247
00bbac68_5746,12213.44
00bbac68_5747,12213.348
00bbac68_5748,12213.102
00bbac68_5749,12213.257
00bbac68_5750,12213.038
00bbac68_5751,12213.094
00bbac68_5752,12212.981
00bbac68_5753,12213.173
00bbac68_5754,12213.003
00bbac68_5755,12212.763
00bbac68_5756,12212.891
00bbac68_5757,12212.671
00bbac68_5758,12213.247
00bbac68_5759,12213.027
00bbac68_5760,12212.993
00bbac68_5761,12212.777
00bbac68_5762,12213.138
00bbac68_5763,12212.978
00bbac68_5764,12212.7295
00bbac68_5765,12212.723
00bbac68_5766,12212.608
00bbac68_5767,12212.69
00bbac68_5768,12212.491
00bbac68_5769,12212.694
00bbac68_5770,12212.526
00bbac68_5771,12212.675
00bbac68_5772,12212.656
00bbac68_5773,12212.626
00bbac68_5774,12212.671
00bbac68_5775,12212.427
00bbac68_5776,12212.624
00bbac68_5777,12212.386
00bbac68_5778,12212.508
00bbac68_5779,12212.483
00bbac68_5780,12212.9795
00bbac68_5781,12212.734
00bbac68_5782,12212.692
00bbac68_5783,12212.668
00bbac68_5784,12212.634
00bbac68_5785,12212.778
00bbac68_5786,12212.519
00bbac68_5787,12212.417
00bbac68_5788,12212.429
00bbac68_5789,12212.254
00bbac68_5790,12212.194
00bbac68_5791,12212.282
00bbac68_5792,12212.103
00bbac68_5793,12212.055
00bbac68_5794,12212.153
00bbac68_5795,12211.952
00bbac68_5796,12211.853
00bbac68_5797,12212.013
00bbac68_5798,12211.763
00bbac68_5799,12211.62
00bbac68_5800,12211.724
00bbac68_5801,12211.515
00bbac68_5802,12211.474
00bbac68_5803,12211.489
00bbac68_5804,12211.573
00bbac68_5805,12211.375
00bbac68_5806,12211.296
00bbac68_5807,12211.398
00bbac68_5808,12211.188
00bbac68_5809,12210.657
00bbac68_5810,12210.356
00bbac68_5811,12210.2295
00bbac68_5812,12210.161
00bbac68_5813,12209.886
00bbac68_5814,12209.81
00bbac68_5815,12209.692
00bbac68_5816,12209.685
00bbac68_5817,12209.823
00bbac68_5818,12209.5
00bbac68_5819,12209.378
00bbac68_5820,12209.313
00bbac68_5821,12209.343
00bbac68_5822,12209.325
00bbac68_5823,12209.418
00bbac68_5824,12209.19
00bbac68_5825,12209.22
00bbac68_5826,12209.331
00bbac68_5827,12209.401
00bbac68_5828,12209.281
00bbac68_5829,12209.157
00bbac68_5830,12209.085
00bbac68_5831,12209.2
00bbac68_5832,12208.839
00bbac68_5833,12208.759
00bbac68_5834,12208.784
00bbac68_5835,12208.751
00bbac68_5836,12208.628
00bbac68_5837,12209.167
00bbac68_5838,12209.207
00bbac68_5839,12208.72
00bbac68_5840,12208.594
00bbac68_5841,12208.6045
00bbac68_5842,12208.575
00bbac68_5843,12208.523
00bbac68_5844,12208.609
00bbac68_5845,12208.595
00bbac68_5846,12208.624
00bbac68_5847,12208.651
00bbac68_5848,12208.762
00bbac68_5849,12208.859
00bbac68_5850,12208.723
00bbac68_5851,12208.737
00bbac68_5852,12208.614
00bbac68_5853,12208.706
00bbac68_5854,12208.719
00bbac68_5855,12208.636
00bbac68_5856,12208.625
00bbac68_5857,12208.707
00bbac68_5858,12208.835
00bbac68_5859,12208.676
00bbac68_5860,12208.52
00bbac68_5861,12208.454
00bbac68_5862,12208.481
00bbac68_5863,12208.512
00bbac68_5864,12208.348
00bbac68_5865,12208.277
00bbac68_5866,12208.246
00bbac68_5867,12208.356
00bbac68_5868,12208.651
00bbac68_5869,12208.823
00bbac68_5870,12208.5205
00bbac68_5871,12208.565
00bbac68_5872,12208.629
00bbac68_5873,12208.484
00bbac68_5874,12208.735
00bbac68_5875,12208.663
00bbac68_5876,12208.144
00bbac68_5877,12208.042
00bbac68_5878,12208.019
00bbac68_5879,12207.996
00bbac68_5880,12207.983
00bbac68_5881,12207.973
00bbac68_5882,12207.999
00bbac68_5883,12208.223
00bbac68_5884,12208.276
00bbac68_5885,12208.269
00bbac68_5886,12208.206
00bbac68_5887,12208.294
00bbac68_5888,12208.239
00bbac68_5889,12208.153
00bbac68_5890,12208.106
00bbac68_5891,12208.102
00bbac68_5892,12208.065
00bbac68_5893,12208.121
00bbac68_5894,12208.009
00bbac68_5895,12207.851
00bbac68_5896,12207.765
00bbac68_5897,12207.663
00bbac68_5898,12207.859
00bbac68_5899,12207.798
00bbac68_5900,12207.7
00bbac68_5901,12207.797
00bbac68_5902,12207.776
00bbac68_5903,12207.594
00bbac68_5904,12207.516
00bbac68_5905,12207.417
00bbac68_5906,12207.442
00bbac68_5907,12207.276
00bbac68_5908,12207.355
00bbac68_5909,12207.2295
00bbac68_5910,12207.246
00bbac68_5911,12207.351
00bbac68_5912,12207.391
00bbac68_5913,12207.195
00bbac68_5914,12207.191
00bbac68_5915,12207.306
00bbac68_5916,12207.398
00bbac68_5917,12207.331
00bbac68_5918,12207.177
00bbac68_5919,12207.25
00bbac68_5920,12207.163
00bbac68_5921,12207.011
00bbac68_5922,12206.987
00bbac68_5923,12206.723
00bbac68_5924,12206.794
00bbac68_5925,12206.742
00bbac68_5926,12206.688
00bbac68_5927,12206.774
00bbac68_5928,12206.782
00bbac68_5929,12206.742
00bbac68_5930,12206.758
00bbac68_5931,12206.859
00bbac68_5932,12206.77
00bbac68_5933,12206.653
00bbac68_5934,12206.5
00bbac68_5935,12206.476
00bbac68_5936,12206.653
00bbac68_5937,12206.31
00bbac68_5938,12205.973
00bbac68_5939,12206.054
00bbac68_5940,12206.052
00bbac68_5941,12206.192
00bbac68_5942,12206.3125
00bbac68_5943,12205.995
00bbac68_5944,12205.792
00bbac68_5945,12205.695
00bbac68_5946,12205.899
00bbac68_5947,12205.676
00bbac68_5948,12205.819
00bbac68_5949,12206.085
00bbac68_5950,12206.113
00bbac68_5951,12206.231
00bbac68_5952,12206.0625
00bbac68_5953,12206.159
00bbac68_5954,12205.96
00bbac68_5955,12205.481
00bbac68_5956,12205.366
00bbac68_5957,12205.511
00bbac68_5958,12205.849
00bbac68_5959,12205.89
00bbac68_5960,12205.71
00bbac68_5961,12205.257
00bbac68_5962,12205.284
00bbac68_5963,12205.456
00bbac68_5964,12205.218
00bbac68_5965,12204.937
00bbac68_5966,12205.024
00bbac68_5967,12204.804
00bbac68_5968,12204.847
00bbac68_5969,12204.598
00bbac68_5970,12204.633
00bbac68_5971,12204.409
00bbac68_5972,12204.456
00bbac68_5973,12204.621
00bbac68_5974,12204.46
00bbac68_5975,12204.62
00bbac68_5976,12204.495
00bbac68_5977,12204.808
00bbac68_5978,12205.056
00bbac68_5979,12205.254
00bbac68_5980,12205.132
00bbac68_5981,12205.133
00bbac68_5982,12205.039
00bbac68_5983,12204.93
00bbac68_5984,12204.622
00bbac68_5985,12204.422
00bbac68_5986,12204.622
00bbac68_5987,12204.497
00bbac68_5988,12204.794
00bbac68_5989,12204.8
00bbac68_5990,12204.308
00bbac68_5991,12204.089
00bbac68_5992,12204.094
00bbac68_5993,12204.266
00bbac68_5994,12204.173
00bbac68_5995,12204.25
00bbac68_5996,12204.191
00bbac68_5997,12204.848
00bbac68_5998,12204.762
00bbac68_5999,12204.72
00bbac68_6000,12204.863
00bbac68_6001,12205.028
00bbac68_6002,12204.878
00bbac68_6003,12204.773
00bbac68_6004,12204.859
00bbac68_6005,12204.735
00bbac68_6006,12204.87
00bbac68_6007,12204.758
00bbac68_6008,12204.859
00bbac68_6009,12204.699
00bbac68_6010,12204.804
00bbac68_6011,12204.673
00bbac68_6012,12204.496
00bbac68_6013,12204.616
00bbac68_6014,12204.43
00bbac68_6015,12204.532
00bbac68_6016,12204.353
00bbac68_6017,12204.528
00bbac68_6018,12204.4375
00bbac68_6019,12204.589
00bbac68_6020,12204.292
00bbac68_6021,12203.716
00bbac68_6022,12203.684
00bbac68_6023,12203.492
00bbac68_6024,12203.98
00bbac68_6025,12204.039
00bbac68_6026,12204.116
00bbac68_6027,12203.837
00bbac68_6028,12203.339
00bbac68_6029,12203.156
00bbac68_6030,12203.243
00bbac68_6031,12203.468
00bbac68_6032,12203.423
00bbac68_6033,12203.417
00bbac68_6034,12203.328
00bbac68_6035,12203.957
00bbac68_6036,12204.136
00bbac68_6037,12203.992
00bbac68_6038,12203.508
00bbac68_6039,12203.958
00bbac68_6040,12204.126
00bbac68_6041,12203.93
00bbac68_6042,12204.003
00bbac68_6043,12203.859
00bbac68_6044,12203.84
00bbac68_6045,12203.9375
00bbac68_6046,12203.747
00bbac68_6047,12203.129
00bbac68_6048,12203.273
00bbac68_6049,12203.688
00bbac68_6050,12203.728
00bbac68_6051,12203.808
00bbac68_6052,12203.612
00bbac68_6053,12203.433
00bbac68_6054,12203.638
00bbac68_6055,12203.634
00bbac68_6056,12203.452
00bbac68_6057,12202.941
00bbac68_6058,12202.759
00bbac68_6059,12202.851
00bbac68_6060,12203.258
00bbac68_6061,12203.2295
00bbac68_6062,12202.444
00bbac68_6063,12202.418
00bbac68_6064,12202.422
00bbac68_6065,12202.476
00bbac68_6066,12202.433
00bbac68_6067,12202.523
00bbac68_6068,12202.294
00bbac68_6069,12202.325
00bbac68_6070,12203.247
00bbac68_6071,12203.022
00bbac68_6072,12202.665
00bbac68_6073,12202.57
00bbac68_6074,12202.528
00bbac68_6075,12202.565
00bbac68_6076,12202.523
00bbac68_6077,12202.276
00bbac68_6078,12202.226
00bbac68_6079,12202.058
00bbac68_6080,12202.19
00bbac68_6081,12202.227
00bbac68_6082,12202.0625
00bbac68_6083,12201.96
00bbac68_6084,12202.142
00bbac68_6085,12202.176
00bbac68_6086,12202.106
00bbac68_6087,12202.136
00bbac68_6088,12202.195
00bbac68_6089,12202.425
00bbac68_6090,12202.86
00bbac68_6091,12202.933
00bbac68_6092,12203.023
00bbac68_6093,12203.007
00bbac68_6094,12202.858
00bbac68_6095,12202.317
00bbac68_6096,12202.176
00bbac68_6097,12202.126
00bbac68_6098,12202.085
00bbac68_6099,12202.058
00bbac68_6100,12202.097
00bbac68_6101,12202.597
00bbac68_6102,12202.856
00bbac68_6103,12202.68
00bbac68_6104,12202.125
00bbac68_6105,12202.066
00bbac68_6106,12202.078
00bbac68_6107,12202.848
00bbac68_6108,12202.875
00bbac68_6109,12202.879
00bbac68_6110,12202.907
00bbac68_6111,12202.863
00bbac68_6112,12202.675
00bbac68_6113,12202.677
00bbac68_6114,12202.509
00bbac68_6115,12202.067
00bbac68_6116,12202.333
00bbac68_6117,12202.513
00bbac68_6118,12202.434
00bbac68_6119,12202.781
00bbac68_6120,12202.293
00bbac68_6121,12202.042
00bbac68_6122,12202.267
00bbac68_6123,12201.852
00bbac68_6124,12201.961
00bbac68_6125,12202.44
00bbac68_6126,12202.086
00bbac68_6127,12201.844
00bbac68_6128,12201.89
00bbac68_6129,12201.992
00bbac68_6130,12201.992
00bbac68_6131,12201.991
00bbac68_6132,12202.43
00bbac68_6133,12202.4375
00bbac68_6134,12202.055
00bbac68_6135,12201.989
00bbac68_6136,12202.046
00bbac68_6137,12201.991
00bbac68_6138,12201.871
00bbac68_6139,12201.95
00bbac68_6140,12202.282
00bbac68_6141,12202.134
00bbac68_6142,12201.379
00bbac68_6143,12201.93
00bbac68_6144,12201.883
00bbac68_6145,12201.625
00bbac68_6146,12201.54
00bbac68_6147,12201.427
00bbac68_6148,12201.265
00bbac68_6149,12201.081
00bbac68_6150,12200.694
00bbac68_6151,12200.532
00bbac68_6152,12200.331
00bbac68_6153,12200.36
00bbac68_6154,12200.113
00bbac68_6155,12200.07
00bbac68_6156,12200.157
00bbac68_6157,12199.946
00bbac68_6158,12199.917
00bbac68_6159,12200.067
00bbac68_6160,12199.91
00bbac68_6161,12199.879
00bbac68_6162,12199.905
00bbac68_6163,12199.585
00bbac68_6164,12199.71
00bbac68_6165,12199.817
00bbac68_6166,12199.692
00bbac68_6167,12199.875
00bbac68_6168,12199.578
00bbac68_6169,12199.935
00bbac68_6170,12199.794
00bbac68_6171,12199.902
00bbac68_6172,12199.849
00bbac68_6173,12200.026
00bbac68_6174,12199.937
00bbac68_6175,12200.082
00bbac68_6176,12200.036
00bbac68_6177,12199.962
00bbac68_6178,12200.026
00bbac68_6179,12200.02
00bbac68_6180,12199.849
00bbac68_6181,12199.905
00bbac68_6182,12199.849
00bbac68_6183,12199.7705
00bbac68_6184,12199.698
00bbac68_6185,12199.007
00bbac68_6186,12199.203
00bbac68_6187,12199.477
00bbac68_6188,12199.433
00bbac68_6189,12199.558
00bbac68_6190,12199.614
00bbac68_6191,12199.544
00bbac68_6192,12199.489
00bbac68_6193,12199.3955
00bbac68_6194,12198.828
00bbac68_6195,12199.362
00bbac68_6196,12199.519
00bbac68_6197,12199.339
00bbac68_6198,12198.913
00bbac68_6199,12198.872
00bbac68_6200,12199.461
00bbac68_6201,12199.792
00bbac68_6202,12199.937
00bbac68_6203,12199.586
00bbac68_6204,12199.63
00bbac68_6205,12199.589
00bbac68_6206,12199.594
00bbac68_6207,12199.431
00bbac68_6208,12198.894
00bbac68_6209,12199.121
00bbac68_6210,12199.352
00bbac68_6211,12199.62
00bbac68_6212,12199.716
00bbac68_6213,12199.445
00bbac68_6214,12199.45
00bbac68_6215,12199.53
00bbac68_6216,12199.712
00bbac68_6217,12199.742
00bbac68_6218,12199.637
00bbac68_6219,12199.762
00bbac68_6220,12199.585
00bbac68_6221,12199.374
00bbac68_6222,12199.411
00bbac68_6223,12199.254
00bbac68_6224,12199.327
00bbac68_6225,12199.261
00bbac68_6226,12199.43
00bbac68_6227,12199.626
00bbac68_6228,12199.578
00bbac68_6229,12199.211
00bbac68_6230,12199.286
00bbac68_6231,12199.262
00bbac68_6232,12199.095
00bbac68_6233,12199.515
00bbac68_6234,12199.519
00bbac68_6235,12198.5
00bbac68_6236,12199.481
00bbac68_6237,12199.356
00bbac68_6238,12199.386
00bbac68_6239,12199.411
00bbac68_6240,12199.461
00bbac68_6241,12199.435
00bbac68_6242,12199.489
00bbac68_6243,12199.474
00bbac68_6244,12199.466
00bbac68_6245,12199.472
00bbac68_6246,12199.48
00bbac68_6247,12199.53
00bbac68_6248,12199.274
00bbac68_6249,12199.328
00bbac68_6250,12199.444
00bbac68_6251,12199.5
00bbac68_6252,12199.535
00bbac68_6253,12199.493
00bbac68_6254,12199.511
00bbac68_6255,12199.527
00bbac68_6256,12199.531
00bbac68_6257,12199.532
00bbac68_6258,12199.496
00bbac68_6259,12199.519
00bbac68_6260,12199.516
00bbac68_6261,12199.556
00bbac68_6262,12199.524
00bbac68_6263,12199.52
00bbac68_6264,12199.407
00bbac68_6265,12199.429
00bbac68_6266,12199.519
00bbac68_6267,12199.503
00bbac68_6268,12199.1875
00bbac68_6269,12199.456
00bbac68_6270,12199.516
00bbac68_6271,12199.598
00bbac68_6272,12199.626
00bbac68_6273,12199.56
00bbac68_6274,12199.677
00bbac68_6275,12199.624
00bbac68_6276,12199.554
00bbac68_6277,12199.583
00bbac68_6278,12199.477
00bbac68_6279,12199.435
00bbac68_6280,12199.429
00bbac68_6281,12199.383
00bbac68_6282,12199.383
00bbac68_6283,12199.375
00bbac68_6284,12199.378
00bbac68_6285,12199.351
00bbac68_6286,12199.378
00bbac68_6287,12199.406
00bbac68_6288,12199.415
00bbac68_6289,12199.362
00bbac68_6290,12199.386
00bbac68_6291,12199.052
00bbac68_6292,12199.039
00bbac68_6293,12199.254
00bbac68_6294,12199.335
00bbac68_6295,12199.093
00bbac68_6296,12198.776
00bbac68_6297,12199.015
00bbac68_6298,12199.046
00bbac68_6299,12199.085
00bbac68_6300,12199.128
00bbac68_6301,12199.145
00bbac68_6302,12199.497
00bbac68_6303,12199.454
00bbac68_6304,12199.517
00bbac68_6305,12199.405
00bbac68_6306,12199.456
00bbac68_6307,12199.453
00bbac68_6308,12199.409
00bbac68_6309,12199.1875
00bbac68_6310,12199.391
00bbac68_6311,12199.321
00bbac68_6312,12199.5
00bbac68_6313,12199.452
00bbac68_6314,12199.466
00bbac68_6315,12199.484
00bbac68_6316,12199.5
00bbac68_6317,12199.481
00bbac68_6318,12199.573
00bbac68_6319,12199.456
00bbac68_6320,12199.551
00bbac68_6321,12199.472
00bbac68_6322,12199.425
00bbac68_6323,12199.46
00bbac68_6324,12199.52
00bbac68_6325,12199.507
00bbac68_6326,12199.422
00bbac68_6327,12199.435
00bbac68_6328,12199.419
00bbac68_6329,12199.47
00bbac68_6330,12199.441
00bbac68_6331,12199.457
00bbac68_6332,12199.422
00bbac68_6333,12199.402
00bbac68_6334,12199.387
00bbac68_6335,12199.449
00bbac68_6336,12199.292
00bbac68_6337,12199.067
00bbac68_6338,12199.117
00bbac68_6339,12199.101
00bbac68_6340,12199.14
00bbac68_6341,12199.103
00bbac68_6342,12199.386
00bbac68_6343,12199.462
00bbac68_6344,12199.445
00bbac68_6345,12199.406
00bbac68_6346,12199.438
00bbac68_6347,12199.45
00bbac68_6348,12199.224
00bbac68_6349,12199.183
00bbac68_6350,12199.179
00bbac68_6351,12199.258
00bbac68_6352,12199.234
00bbac68_6353,12199.374
00bbac68_6354,12199.399
00bbac68_6355,12199.388
00bbac68_6356,12199.145
00bbac68_6357,12199.405
00bbac68_6358,12199.364
00bbac68_6359,12199.36
00bbac68_6360,12199.372
00bbac68_6361,12199.345
00bbac68_6362,12199.3545
00bbac68_6363,12199.388
00bbac68_6364,12199.372
00bbac68_6365,12199.426
00bbac68_6366,12199.527
00bbac68_6367,12199.427
00bbac68_6368,12199.538
00bbac68_6369,12199.445
00bbac68_6370,12199.37
00bbac68_6371,12199.319
00bbac68_6372,12199.153
00bbac68_6373,12198.734
00bbac68_6374,12198.352
00bbac68_6375,12198.547
00bbac68_6376,12198.605
00bbac68_6377,12199.265
00bbac68_6378,12199.065
00bbac68_6379,12199.12
00bbac68_6380,12199.234
00bbac68_6381,12199.34
00bbac68_6382,12199.43
00bbac68_6383,12199.481
00bbac68_6384,12199.448
00bbac68_6385,12199.472
00bbac68_6386,12199.505
00bbac68_6387,12199.606
00bbac68_6388,12199.661
00bbac68_6389,12199.382
00bbac68_6390,12199.566
00bbac68_6391,12199.651
00bbac68_6392,12199.656
00bbac68_6393,12199.575
00bbac68_6394,12199.567
00bbac68_6395,12199.594
00bbac68_6396,12199.575
00bbac68_6397,12199.579
00bbac68_6398,12198.867
00bbac68_6399,12199.0205
00bbac68_6400,12199.547
00bbac68_6401,12199.598
00bbac68_6402,12199.302
00bbac68_6403,12199.542
00bbac68_6404,12199.594
00bbac68_6405,12199.652
00bbac68_6406,12199.566
00bbac68_6407,12199.6875
00bbac68_6408,12199.676
00bbac68_6409,12199.633
00bbac68_6410,12199.612
00bbac68_6411,12199.457
00bbac68_6412,12199.612
00bbac68_6413,12199.374
00bbac68_6414,12199.344
00bbac68_6415,12199.1455
00bbac68_6416,12199.074
00bbac68_6417,12198.255
00bbac68_6418,12198.059
00bbac68_6419,12197.914
00bbac68_6420,12197.97
00bbac68_6421,12197.773
00bbac68_6422,12198.366
00bbac68_6423,12198.437
00bbac68_6424,12198.61
00bbac68_6425,12198.688
00bbac68_6426,12198.776
00bbac68_6427,12198.802
00bbac68_6428,12198.992
00bbac68_6429,12198.922
00bbac68_6430,12199.04
00bbac68_6431,12198.96
00bbac68_6432,12199.039
00bbac68_6433,12198.992
00bbac68_6434,12199.132
00bbac68_6435,12199.227
00bbac68_6436,12199.341
00bbac68_6437,12198.647
00bbac68_6438,12198.622
00bbac68_6439,12198.863
00bbac68_6440,12199.215
00bbac68_6441,12198.608
00bbac68_6442,12198.559
00bbac68_6443,12198.442
00bbac68_6444,12198.789
00bbac68_6445,12198.8955
00bbac68_6446,12199.171
00bbac68_6447,12199.161
00bbac68_6448,12199.247
00bbac68_6449,12198.87
00bbac68_6450,12198.651
00bbac68_6451,12198.997
00bbac68_6452,12199.409
00bbac68_6453,12199.516
00bbac68_6454,12198.612
00bbac68_6455,12198.761
00bbac68_6456,12199.269
00bbac68_6457,12198.7
00bbac68_6458,12199.376
00bbac68_6459,12199.474
00bbac68_6460,12199.269
00bbac68_6461,12199.724
00bbac68_6462,12199.648
00bbac68_6463,12199.719
00bbac68_6464,12199.493
00bbac68_6465,12199.36
00bbac68_6466,12199.652
00bbac68_6467,12199.505
00bbac68_6468,12199.414
00bbac68_6469,12199.214
00bbac68_6470,12199.294
00bbac68_6471,12199.226
00bbac68_6472,12199.364
00bbac68_6473,12199.313
00bbac68_6474,12198.798
00bbac68_6475,12198.77
00bbac68_6476,12199.181
00bbac68_6477,12199.28
00bbac68_6478,12199.1455
00bbac68_6479,12199.597
00bbac68_6480,12199.172
00bbac68_6481,12199.31
00bbac68_6482,12199.487
00bbac68_6483,12199.358
00bbac68_6484,12199.499
00bbac68_6485,12199.122
00bbac68_6486,12198.805
00bbac68_6487,12198.809
00bbac68_6488,12199.112
00bbac68_6489,12198.879
00bbac68_6490,12199.349
00bbac68_6491,12199.332
00bbac68_6492,12199.504
00bbac68_6493,12199.719
00bbac68_6494,12199.724
00bbac68_6495,12199.773
00bbac68_6496,12199.774
00bbac68_6497,12199.526
00bbac68_6498,12199.117
00bbac68_6499,12199.4795
00bbac68_6500,12199.578
00bbac68_6501,12199.114
00bbac68_6502,12199.452
00bbac68_6503,12199.706
00bbac68_6504,12199.598
00bbac68_6505,12199.714
00bbac68_6506,12199.86
00bbac68_6507,12199.726
00bbac68_6508,12199.883
00bbac68_6509,12199.766
00bbac68_6510,12199.673
00bbac68_6511,12199.839
00bbac68_6512,12199.776
00bbac68_6513,12199.824
00bbac68_6514,12199.719
00bbac68_6515,12199.786
00bbac68_6516,12199.727
00bbac68_6517,12199.668
00bbac68_6518,12199.758
00bbac68_6519,12199.586
00bbac68_6520,12199.601
00bbac68_6521,12199.731
00bbac68_6522,12199.738
00bbac68_6523,12199.692
00bbac68_6524,12199.761
00bbac68_6525,12199.859
00bbac68_6526,12199.923
00bbac68_6527,12199.833
00bbac68_6528,12199.733
00bbac68_6529,12200.017
00bbac68_6530,12199.996
00bbac68_6531,12200.028
00bbac68_6532,12200.06
00bbac68_6533,12200.067
00bbac68_6534,12200.124
00bbac68_6535,12199.945
00bbac68_6536,12199.948
00bbac68_6537,12199.945
00bbac68_6538,12200.005
00bbac68_6539,12199.988
00bbac68_6540,12199.903
00bbac68_6541,12199.958
00bbac68_6542,12199.958
00bbac68_6543,12200.093
00bbac68_6544,12200.008
00bbac68_6545,12200.078
00bbac68_6546,12200.073
00bbac68_6547,12199.997
00bbac68_6548,12199.953
00bbac68_6549,12199.957
00bbac68_6550,12199.833
00bbac68_6551,12199.739
00bbac68_6552,12199.427
00bbac68_6553,12199.079
00bbac68_6554,12199.817
00bbac68_6555,12199.8
00bbac68_6556,12199.371
00bbac68_6557,12199.1455
00bbac68_6558,12199.362
00bbac68_6559,12199.823
00bbac68_6560,12199.585
00bbac68_6561,12199.801
00bbac68_6562,12199.738
00bbac68_6563,12199.714
00bbac68_6564,12199.718
00bbac68_6565,12199.731
00bbac68_6566,12199.75
00bbac68_6567,12199.815
00bbac68_6568,12199.796
00bbac68_6569,12199.88
00bbac68_6570,12199.805
00bbac68_6571,12199.81
00bbac68_6572,12199.597
00bbac68_6573,12199.237
00bbac68_6574,12199.001
00bbac68_6575,12198.93
00bbac68_6576,12198.864
00bbac68_6577,12199.456
00bbac68_6578,12199.505
00bbac68_6579,12199.559
00bbac68_6580,12199.704
00bbac68_6581,12199.75
00bbac68_6582,12199.792
00bbac68_6583,12199.746
00bbac68_6584,12199.792
00bbac68_6585,12199.777
00bbac68_6586,12199.746
00bbac68_6587,12199.609
00bbac68_6588,12199.032
00bbac68_6589,12199.376
00bbac68_6590,12199.448
00bbac68_6591,12198.94
00bbac68_6592,12199.5205
00bbac68_6593,12199.6875
00bbac68_6594,12199.734
00bbac68_6595,12199.784
00bbac68_6596,12199.815
00bbac68_6597,12199.769
00bbac68_6598,12199.792
00bbac68_6599,12199.935
00bbac68_6600,12199.761
00bbac68_6601,12199.742
00bbac68_6602,12199.755
00bbac68_6603,12199.825
00bbac68_6604,12199.996
00bbac68_6605,12199.93
00bbac68_6606,12199.786
00bbac68_6607,12199.985
00bbac68_6608,12199.9795
00bbac68_6609,12199.833
00bbac68_6610,12199.6045
00bbac68_6611,12199.508
00bbac68_6612,12199.993
00bbac68_6613,12200.265
00bbac68_6614,12200.134
00bbac68_6615,12200.546
00bbac68_6616,12200.414
00bbac68_6617,12200.352
00bbac68_6618,12200.43
00bbac68_6619,12200.767
00bbac68_6620,12200.667
00bbac68_6621,12200.461
00bbac68_6622,12201.039
00bbac68_6623,12201.211
00bbac68_6624,12201.292
00bbac68_6625,12201.169
00bbac68_6626,12201.19
00bbac68_6627,12201.2295
00bbac68_6628,12201.2295
00bbac68_6629,12200.946
00bbac68_6630,12200.742
00bbac68_6631,12200.7
00bbac68_6632,12200.508
00bbac68_6633,12200.431
00bbac68_6634,12200.567
00bbac68_6635,12200.922
00bbac68_6636,12200.638
00bbac68_6637,12200.973
00bbac68_6638,12200.976
00bbac68_6639,12201.216
00bbac68_6640,12201.872
00bbac68_6641,12201.984
00bbac68_6642,12201.335
00bbac68_6643,12201.18
00bbac68_6644,12201.237
00bbac68_6645,12201.289
00bbac68_6646,12201.233
00bbac68_6647,12201.223
00bbac68_6648,12201.3125
00bbac68_6649,12201.617
00bbac68_6650,12201.739
00bbac68_6651,12202.036
00bbac68_6652,12202.219
00bbac68_6653,12202.227
00bbac68_6654,12202.133
00bbac68_6655,12201.972
00bbac68_6656,12201.906
00bbac68_6657,12201.988
00bbac68_6658,12201.8545
00bbac68_6659,12201.714
00bbac68_6660,12201.648
00bbac68_6661,12201.781
00bbac68_6662,12201.914
00bbac68_6663,12201.918
00bbac68_6664,12201.613
00bbac68_6665,12201.864
00bbac68_6666,12201.766
00bbac68_6667,12201.769
00bbac68_6668,12201.644
00bbac68_6669,12201.542
00bbac68_6670,12201.465
00bbac68_6671,12201.461
00bbac68_6672,12201.446
00bbac68_6673,12201.445
00bbac68_6674,12201.438
00bbac68_6675,12202.0205
00bbac68_6676,12201.953
00bbac68_6677,12201.523
00bbac68_6678,12201.376
00bbac68_6679,12201.5205
00bbac68_6680,12201.5
00bbac68_6681,12201.44
00bbac68_6682,12201.349
00bbac68_6683,12201.305
00bbac68_6684,12201.422
00bbac68_6685,12201.481
00bbac68_6686,12201.8545
00bbac68_6687,12201.97
00bbac68_6688,12202.102
00bbac68_6689,12202.113
00bbac68_6690,12202.176
00bbac68_6691,12202.118
00bbac68_6692,12202.161
00bbac68_6693,12202.081
00bbac68_6694,12202.609
00bbac68_6695,12202.61
00bbac68_6696,12202.644
00bbac68_6697,12202.558
00bbac68_6698,12202.227
00bbac68_6699,12201.995
00bbac68_6700,12201.978
00bbac68_6701,12202.023
00bbac68_6702,12202.09
00bbac68_6703,12202.13
00bbac68_6704,12202.3125
00bbac68_6705,12202.606
00bbac68_6706,12202.585
00bbac68_6707,12202.597
00bbac68_6708,12202.407
00bbac68_6709,12202.552
00bbac68_6710,12202.147
00bbac68_6711,12202.12
00bbac68_6712,12202.516
00bbac68_6713,12202.422
00bbac68_6714,12201.922
00bbac68_6715,12201.981
00bbac68_6716,12201.926
00bbac68_6717,12201.952
00bbac68_6718,12202.59
00bbac68_6719,12202.087
00bbac68_6720,12202.555
00bbac68_6721,12202.676
00bbac68_6722,12202.116
00bbac68_6723,12202.276
00bbac68_6724,12202.195
00bbac68_6725,12202.141
00bbac68_6726,12202.281
00bbac68_6727,12202.121
00bbac68_6728,12202.042
00bbac68_6729,12202.195
00bbac68_6730,12202.22
00bbac68_6731,12202.055
00bbac68_6732,12201.985
00bbac68_6733,12202.047
00bbac68_6734,12202.083
00bbac68_6735,12202.375
00bbac68_6736,12202.484
00bbac68_6737,12202.39
00bbac68_6738,12202.352
00bbac68_6739,12203.0205
00bbac68_6740,12202.745
00bbac68_6741,12202.649
00bbac68_6742,12202.726
00bbac68_6743,12202.78
00bbac68_6744,12202.583
00bbac68_6745,12202.743
00bbac68_6746,12202.742
00bbac68_6747,12202.773
00bbac68_6748,12202.743
00bbac68_6749,12202.798
00bbac68_6750,12202.886
00bbac68_6751,12202.836
00bbac68_6752,12202.726
00bbac68_6753,12202.859
00bbac68_6754,12202.917
00bbac68_6755,12202.937
00bbac68_6756,12202.895
00bbac68_6757,12202.82
00bbac68_6758,12202.8125
00bbac68_6759,12202.86
00bbac68_6760,12202.938
00bbac68_6761,12202.739
00bbac68_6762,12202.72
00bbac68_6763,12202.716
00bbac68_6764,12202.672
00bbac68_6765,12202.746
00bbac68_6766,12202.685
00bbac68_6767,12202.676
00bbac68_6768,12202.772
00bbac68_6769,12202.931
00bbac68_6770,12202.871
00bbac68_6771,12202.825
00bbac68_6772,12202.89
00bbac68_6773,12202.933
00bbac68_6774,12202.867
00bbac68_6775,12202.855
00bbac68_6776,12202.829
00bbac68_6777,12202.868
00bbac68_6778,12202.891
00bbac68_6779,12203.013
00bbac68_6780,12203.073
00bbac68_6781,12203.067
00bbac68_6782,12203.152
00bbac68_6783,12203.269
00bbac68_6784,12203.364
00bbac68_6785,12203.383
00bbac68_6786,12204.012
00bbac68_6787,12203.931
00bbac68_6788,12203.54
00bbac68_6789,12204.106
00bbac68_6790,12204.069
00bbac68_6791,12203.645
00bbac68_6792,12203.448
00bbac68_6793,12203.618
00bbac68_6794,12203.468
00bbac68_6795,12203.511
00bbac68_6796,12203.515
00bbac68_6797,12203.403
00bbac68_6798,12203.952
00bbac68_6799,12203.648
00bbac68_6800,12203.469
00bbac68_6801,12204.086
00bbac68_6802,12204.004
00bbac68_6803,12203.522
00bbac68_6804,12203.462
00bbac68_6805,12203.535
00bbac68_6806,12203.495
00bbac68_6807,12203.472
00bbac68_6808,12203.69
00bbac68_6809,12203.56
00bbac68_6810,12203.409
00bbac68_6811,12203.423
00bbac68_6812,12203.456
00bbac68_6813,12203.434
00bbac68_6814,12203.578
00bbac68_6815,12203.492
00bbac68_6816,12203.535
00bbac68_6817,12203.538
00bbac68_6818,12203.535
00bbac68_6819,12204.016
00bbac68_6820,12204.067
00bbac68_6821,12204.121
00bbac68_6822,12204.312
00bbac68_6823,12204.257
00bbac68_6824,12203.828
00bbac68_6825,12204.523
00bbac68_6826,12204.552
00bbac68_6827,12204.497
00bbac68_6828,12204.522
00bbac68_6829,12204.555
00bbac68_6830,12204.57
00bbac68_6831,12204.492
00bbac68_6832,12204.534
00bbac68_6833,12204.504
00bbac68_6834,12204.448
00bbac68_6835,12204.399
00bbac68_6836,12204.383
00bbac68_6837,12204.422
00bbac68_6838,12204.474
00bbac68_6839,12204.453
00bbac68_6840,12204.489
00bbac68_6841,12204.461
00bbac68_6842,12204.4795
00bbac68_6843,12204.426
00bbac68_6844,12203.966
00bbac68_6845,12204.269
00bbac68_6846,12204.383
00bbac68_6847,12204.074
00bbac68_6848,12203.642
00bbac68_6849,12203.864
00bbac68_6850,12204.013
00bbac68_6851,12204.046
00bbac68_6852,12204.48
00bbac68_6853,12204.625
00bbac68_6854,12204.214
00bbac68_6855,12204.624
00bbac68_6856,12204.487
00bbac68_6857,12204.378
00bbac68_6858,12204.411
00bbac68_6859,12204.659
00bbac68_6860,12204.758
00bbac68_6861,12204.62
00bbac68_6862,12204.637
00bbac68_6863,12204.593
00bbac68_6864,12204.6045
00bbac68_6865,12204.661
00bbac68_6866,12204.371
00bbac68_6867,12204.465
00bbac68_6868,12204.622
00bbac68_6869,12204.609
00bbac68_6870,12205.095
00bbac68_6871,12205.302
00bbac68_6872,12204.81
00bbac68_6873,12204.738
00bbac68_6874,12204.851
00bbac68_6875,12204.657
00bbac68_6876,12204.718
00bbac68_6877,12204.687
00bbac68_6878,12204.641
00bbac68_6879,12204.665
00bbac68_6880,12204.737
00bbac68_6881,12204.716
00bbac68_6882,12204.7
00bbac68_6883,12204.753
00bbac68_6884,12204.836
00bbac68_6885,12204.792
00bbac68_6886,12204.796
00bbac68_6887,12204.841
00bbac68_6888,12204.891
00bbac68_6889,12204.93
00bbac68_6890,12204.9375
00bbac68_6891,12205.331
00bbac68_6892,12205.335
00bbac68_6893,12205.462
00bbac68_6894,12205.492
00bbac68_6895,12205.597
00bbac68_6896,12205.617
00bbac68_6897,12205.605
00bbac68_6898,12205.651
00bbac68_6899,12205.669
00bbac68_6900,12205.719
00bbac68_6901,12205.767
00bbac68_6902,12205.792
00bbac68_6903,12205.839
00bbac68_6904,12205.841
00bbac68_6905,12205.843
00bbac68_6906,12205.872
00bbac68_6907,12205.72
00bbac68_6908,12205.493
00bbac68_6909,12205.543
00bbac68_6910,12205.5205
00bbac68_6911,12205.82
00bbac68_6912,12205.888
00bbac68_6913,12205.919
00bbac68_6914,12205.8955
00bbac68_6915,12205.828
00bbac68_6916,12205.594
00bbac68_6917,12205.624
00bbac68_6918,12205.871
00bbac68_6919,12205.856
00bbac68_6920,12205.841
00bbac68_6921,12205.895
00bbac68_6922,12205.847
00bbac68_6923,12205.731
00bbac68_6924,12205.546
00bbac68_6925,12205.474
00bbac68_6926,12205.7
00bbac68_6927,12205.503
00bbac68_6928,12205.495
00bbac68_6929,12205.714
00bbac68_6930,12205.821
00bbac68_6931,12205.827
00bbac68_6932,12205.866
00bbac68_6933,12205.864
00bbac68_6934,12205.831
00bbac68_6935,12205.859
00bbac68_6936,12205.849
00bbac68_6937,12205.849
00bbac68_6938,12205.754
00bbac68_6939,12205.762
00bbac68_6940,12205.841
00bbac68_6941,12205.8125
00bbac68_6942,12205.828
00bbac68_6943,12205.728
00bbac68_6944,12205.719
00bbac68_6945,12205.745
00bbac68_6946,12205.644
00bbac68_6947,12205.405
00bbac68_6948,12205.368
00bbac68_6949,12205.422
00bbac68_6950,12205.742
00bbac68_6951,12205.831
00bbac68_6952,12205.778
00bbac68_6953,12206.1045
00bbac68_6954,12206.036
00bbac68_6955,12205.977
00bbac68_6956,12205.937
00bbac68_6957,12205.851
00bbac68_6958,12205.82
00bbac68_6959,12205.892
00bbac68_6960,12205.858
00bbac68_6961,12205.917
00bbac68_6962,12205.921
00bbac68_6963,12205.894
00bbac68_6964,12205.894
00bbac68_6965,12205.884
00bbac68_6966,12205.708
00bbac68_6967,12205.781
00bbac68_6968,12205.716
00bbac68_6969,12205.776
00bbac68_6970,12206.003
00bbac68_6971,12206.009
00bbac68_6972,12206.091
00bbac68_6973,12205.996
00bbac68_6974,12205.942
00bbac68_6975,12206.222
00bbac68_6976,12206.207
00bbac68_6977,12206.034
00bbac68_6978,12206.054
00bbac68_6979,12206.169
00bbac68_6980,12206.112
00bbac68_6981,12206.138
00bbac68_6982,12206.136
00bbac68_6983,12206.254
00bbac68_6984,12206.331
00bbac68_6985,12206.306
00bbac68_6986,12206.327
00bbac68_6987,12206.331
00bbac68_6988,12206.367
00bbac68_6989,12206.501
00bbac68_6990,12206.406
00bbac68_6991,12206.401
00bbac68_6992,12206.753
00bbac68_6993,12206.7295
00bbac68_6994,12206.676
00bbac68_6995,12206.624
00bbac68_6996,12206.621
00bbac68_6997,12206.642
00bbac68_6998,12206.641
00bbac68_6999,12206.79
00bbac68_7000,12206.653
00bbac68_7001,12206.562
00bbac68_7002,12206.6045
00bbac68_7003,12206.445
00bbac68_7004,12206.34
00bbac68_7005,12206.224
00bbac68_7006,12206.208
00bbac68_7007,12206.133
00bbac68_7008,12206.117
00bbac68_7009,12206.012
00bbac68_7010,12205.997
00bbac68_7011,12205.903
00bbac68_7012,12205.862
00bbac68_7013,12205.792
00bbac68_7014,12205.6875
00bbac68_7015,12205.883
00bbac68_7016,12205.915
00bbac68_7017,12205.87
00bbac68_7018,12205.731
00bbac68_7019,12205.289
00bbac68_7020,12205.27
00bbac68_7021,12205.266
00bbac68_7022,12205.093
00bbac68_7023,12205.141
00bbac68_7024,12205.13
00bbac68_7025,12205.169
00bbac68_7026,12205.164
00bbac68_7027,12205.278
00bbac68_7028,12205.488
00bbac68_7029,12205.406
00bbac68_7030,12205.618
00bbac68_7031,12205.609
00bbac68_7032,12205.738
00bbac68_7033,12205.632
00bbac68_7034,12205.702
00bbac68_7035,12205.777
00bbac68_7036,12205.706
00bbac68_7037,12205.638
00bbac68_7038,12205.445
00bbac68_7039,12206.159
00bbac68_7040,12205.997
00bbac68_7041,12206.128
00bbac68_7042,12206.364
00bbac68_7043,12206.372
00bbac68_7044,12206.25
00bbac68_7045,12206.261
00bbac68_7046,12206.81
00bbac68_7047,12206.883
00bbac68_7048,12207.063
00bbac68_7049,12207.026
00bbac68_7050,12207.026
00bbac68_7051,12206.964
00bbac68_7052,12207.083
00bbac68_7053,12207.13
00bbac68_7054,12207.18
00bbac68_7055,12207.171
00bbac68_7056,12207.269
00bbac68_7057,12207.415
00bbac68_7058,12207.472
00bbac68_7059,12207.38
00bbac68_7060,12207.46
00bbac68_7061,12206.997
00bbac68_7062,12206.608
00bbac68_7063,12206.497
00bbac68_7064,12206.46
00bbac68_7065,12206.612
00bbac68_7066,12206.75
00bbac68_7067,12206.909
00bbac68_7068,12207.132
00bbac68_7069,12207.074
00bbac68_7070,12207.2705
00bbac68_7071,12207.333
00bbac68_7072,12207.157
00bbac68_7073,12207.266
00bbac68_7074,12207.425
00bbac68_7075,12207.289
00bbac68_7076,12207.16
00bbac68_7077,12207.012
00bbac68_7078,12207.078
00bbac68_7079,12206.969
00bbac68_7080,12206.704
00bbac68_7081,12206.609
00bbac68_7082,12206.495
00bbac68_7083,12206.52
00bbac68_7084,12206.508
00bbac68_7085,12206.652
00bbac68_7086,12206.753
00bbac68_7087,12206.704
00bbac68_7088,12206.827
00bbac68_7089,12206.825
00bbac68_7090,12206.761
00bbac68_7091,12206.903
00bbac68_7092,12206.84
00bbac68_7093,12206.894
00bbac68_7094,12206.844
00bbac68_7095,12206.819
00bbac68_7096,12207.0205
00bbac68_7097,12206.919
00bbac68_7098,12206.965
00bbac68_7099,12206.9795
00bbac68_7100,12206.907
00bbac68_7101,12206.948
00bbac68_7102,12206.919
00bbac68_7103,12206.833
00bbac68_7104,12206.841
00bbac68_7105,12206.875
00bbac68_7106,12206.918
00bbac68_7107,12206.895
00bbac68_7108,12206.792
00bbac68_7109,12206.801
00bbac68_7110,12206.805
00bbac68_7111,12207.098
00bbac68_7112,12207.077
00bbac68_7113,12207.001
00bbac68_7114,12207.008
00bbac68_7115,12206.852
00bbac68_7116,12206.903
00bbac68_7117,12207.077
00bbac68_7118,12207.003
00bbac68_7119,12207.253
00bbac68_7120,12207.227
00bbac68_7121,12207.23
00bbac68_7122,12207.254
00bbac68_7123,12207.099
00bbac68_7124,12207.21
00bbac68_7125,12207.255
00bbac68_7126,12206.906
00bbac68_7127,12207.094
00bbac68_7128,12207.0
00bbac68_7129,12206.901
00bbac68_7130,12206.923
00bbac68_7131,12206.848
00bbac68_7132,12206.871
00bbac68_7133,12206.747
00bbac68_7134,12206.585
00bbac68_7135,12206.555
00bbac68_7136,12206.43
00bbac68_7137,12206.535
00bbac68_7138,12206.872
00bbac68_7139,12206.962
00bbac68_7140,12206.983
00bbac68_7141,12207.007
00bbac68_7142,12207.247
00bbac68_7143,12207.13
00bbac68_7144,12207.211
00bbac68_7145,12207.102
00bbac68_7146,12206.8
00bbac68_7147,12206.692
00bbac68_7148,12206.675
00bbac68_7149,12206.648
00bbac68_7150,12206.89
00bbac68_7151,12206.714
00bbac68_7152,12206.659
00bbac68_7153,12206.788
00bbac68_7154,12206.7
00bbac68_7155,12206.77
00bbac68_7156,12206.763
00bbac68_7157,12206.9375
00bbac68_7158,12206.823
00bbac68_7159,12206.931
00bbac68_7160,12207.212
00bbac68_7161,12207.302
00bbac68_7162,12207.394
00bbac68_7163,12207.398
00bbac68_7164,12207.462
00bbac68_7165,12207.434
00bbac68_7166,12207.206
00bbac68_7167,12207.426
00bbac68_7168,12207.453
00bbac68_7169,12207.417
00bbac68_7170,12207.431
00bbac68_7171,12207.29
00bbac68_7172,12207.242
00bbac68_7173,12207.491
00bbac68_7174,12207.445
00bbac68_7175,12207.509
00bbac68_7176,12207.523
00bbac68_7177,12207.468
00bbac68_7178,12207.52
00bbac68_7179,12207.536
00bbac68_7180,12207.501
00bbac68_7181,12207.515
00bbac68_7182,12207.477
00bbac68_7183,12207.398
00bbac68_7184,12207.444
00bbac68_7185,12207.472
00bbac68_7186,12207.364
00bbac68_7187,12207.293
00bbac68_7188,12207.363
00bbac68_7189,12207.3545
00bbac68_7190,12207.36
00bbac68_7191,12207.305
00bbac68_7192,12207.3125
00bbac68_7193,12207.261
00bbac68_7194,12207.362
00bbac68_7195,12207.364
00bbac68_7196,12207.282
00bbac68_7197,12207.239
00bbac68_7198,12207.222
00bbac68_7199,12207.285
00bbac68_7200,12207.281
00bbac68_7201,12207.344
00bbac68_7202,12207.324
00bbac68_7203,12207.235
00bbac68_7204,12207.222
00bbac68_7205,12207.308
00bbac68_7206,12207.323
00bbac68_7207,12207.267
00bbac68_7208,12207.247
00bbac68_7209,12207.372
00bbac68_7210,12207.352
00bbac68_7211,12207.387
00bbac68_7212,12207.345
00bbac68_7213,12207.378
00bbac68_7214,12207.277
00bbac68_7215,12207.327
00bbac68_7216,12207.34
00bbac68_7217,12207.382
00bbac68_7218,12207.47
00bbac68_7219,12207.421
00bbac68_7220,12207.422
00bbac68_7221,12207.505
00bbac68_7222,12207.519
00bbac68_7223,12207.647
00bbac68_7224,12207.605
00bbac68_7225,12207.415
00bbac68_7226,12207.484
00bbac68_7227,12207.487
00bbac68_7228,12207.609
00bbac68_7229,12207.587
00bbac68_7230,12207.508
00bbac68_7231,12207.538
00bbac68_7232,12207.528
00bbac68_7233,12207.602
00bbac68_7234,12207.737
00bbac68_7235,12207.711
00bbac68_7236,12207.698
00bbac68_7237,12207.7
00bbac68_7238,12207.776
00bbac68_7239,12207.63
00bbac68_7240,12207.749
00bbac68_7241,12207.745
00bbac68_7242,12208.628
00bbac68_7243,12208.648
00bbac68_7244,12208.539
00bbac68_7245,12208.376
00bbac68_7246,12208.227
00bbac68_7247,12207.999
00bbac68_7248,12208.038
00bbac68_7249,12207.663
00bbac68_7250,12207.567
00bbac68_7251,12207.578
00bbac68_7252,12207.574
00bbac68_7253,12207.575
00bbac68_7254,12207.708
00bbac68_7255,12207.708
00bbac68_7256,12207.773
00bbac68_7257,12207.859
00bbac68_7258,12207.738
00bbac68_7259,12207.652
00bbac68_7260,12207.617
00bbac68_7261,12207.583
00bbac68_7262,12207.687
00bbac68_7263,12207.788
00bbac68_7264,12207.691
00bbac68_7265,12207.69
00bbac68_7266,12207.862
00bbac68_7267,12207.8955
00bbac68_7268,12207.93
00bbac68_7269,12207.923
00bbac68_7270,12207.922
00bbac68_7271,12207.949
00bbac68_7272,12207.903
00bbac68_7273,12207.745
00bbac68_7274,12207.781
00bbac68_7275,12208.044
00bbac68_7276,12207.94
00bbac68_7277,12207.781
00bbac68_7278,12207.823
00bbac68_7279,12207.856
00bbac68_7280,12208.0
00bbac68_7281,12208.141
00bbac68_7282,12208.8955
00bbac68_7283,12209.0205
00bbac68_7284,12208.901
00bbac68_7285,12208.995
00bbac68_7286,12209.062
00bbac68_7287,12209.151
00bbac68_7288,12208.991
00bbac68_7289,12208.681
00bbac68_7290,12208.309
00bbac68_7291,12208.356
00bbac68_7292,12208.2705
00bbac68_7293,12208.452
00bbac68_7294,12208.48
00bbac68_7295,12208.44
00bbac68_7296,12208.692
00bbac68_7297,12209.136
00bbac68_7298,12208.753
00bbac68_7299,12208.593
00bbac68_7300,12208.609
00bbac68_7301,12208.8955
00bbac68_7302,12209.339
00bbac68_7303,12209.09
00bbac68_7304,12209.032
00bbac68_7305,12208.81
00bbac68_7306,12208.805
00bbac68_7307,12208.899
00bbac68_7308,12208.891
00bbac68_7309,12208.788
00bbac68_7310,12208.68
00bbac68_7311,12208.716
00bbac68_7312,12209.249
00bbac68_7313,12209.231
00bbac68_7314,12209.21
00bbac68_7315,12208.888
00bbac68_7316,12209.055
00bbac68_7317,12209.016
00bbac68_7318,12208.944
00bbac68_7319,12209.19
00bbac68_7320,12209.22
00bbac68_7321,12209.261
00bbac68_7322,12208.922
00bbac68_7323,12209.218
00bbac68_7324,12209.0625
00bbac68_7325,12209.05
00bbac68_7326,12208.843
00bbac68_7327,12208.897
00bbac68_7328,12209.039
00bbac68_7329,12209.114
00bbac68_7330,12209.122
00bbac68_7331,12209.335
00bbac68_7332,12209.3955
00bbac68_7333,12209.372
00bbac68_7334,12209.165
00bbac68_7335,12209.168
00bbac68_7336,12209.386
00bbac68_7337,12209.095
00bbac68_7338,12209.144
00bbac68_7339,12209.087
00bbac68_7340,12209.142
00bbac68_7341,12208.87
00bbac68_7342,12208.524
00bbac68_7343,12208.567
00bbac68_7344,12208.489
00bbac68_7345,12208.547
00bbac68_7346,12208.364
00bbac68_7347,12208.265
00bbac68_7348,12208.305
00bbac68_7349,12208.203
00bbac68_7350,12208.325
00bbac68_7351,12208.36
00bbac68_7352,12208.44
00bbac68_7353,12208.397
00bbac68_7354,12208.356
00bbac68_7355,12208.233
00bbac68_7356,12208.625
00bbac68_7357,12208.993
00bbac68_7358,12208.685
00bbac68_7359,12208.625
00bbac68_7360,12208.809
00bbac68_7361,12208.71
00bbac68_7362,12208.758
00bbac68_7363,12208.965
00bbac68_7364,12208.802
00bbac68_7365,12208.797
00bbac68_7366,12208.559
00bbac68_7367,12208.433
00bbac68_7368,12208.456
00bbac68_7369,12208.289
00bbac68_7370,12208.273
00bbac68_7371,12208.448
00bbac68_7372,12208.492
00bbac68_7373,12208.481
00bbac68_7374,12208.406
00bbac68_7375,12208.409
00bbac68_7376,12208.468
00bbac68_7377,12208.378
00bbac68_7378,12208.309
00bbac68_7379,12208.574
00bbac68_7380,12208.339
00bbac68_7381,12208.392
00bbac68_7382,12208.599
00bbac68_7383,12208.734
00bbac68_7384,12208.93
00bbac68_7385,12209.035
00bbac68_7386,12209.09
00bbac68_7387,12209.199
00bbac68_7388,12209.358
00bbac68_7389,12209.495
00bbac68_7390,12209.613
00bbac68_7391,12209.391
00bbac68_7392,12209.313
00bbac68_7393,12209.292
00bbac68_7394,12209.526
00bbac68_7395,12209.565
00bbac68_7396,12209.516
00bbac68_7397,12209.59
00bbac68_7398,12209.762
00bbac68_7399,12209.786
00bbac68_7400,12209.73
00bbac68_7401,12209.669
00bbac68_7402,12209.616
00bbac68_7403,12209.422
00bbac68_7404,12209.456
00bbac68_7405,12209.91
00bbac68_7406,12209.973
00bbac68_7407,12210.051
00bbac68_7408,12210.188
00bbac68_7409,12210.304
00bbac68_7410,12210.441
00bbac68_7411,12210.403
00bbac68_7412,12210.452
00bbac68_7413,12210.831
00bbac68_7414,12211.073
00bbac68_7415,12211.43
00bbac68_7416,12211.706
00bbac68_7417,12211.778
00bbac68_7418,12211.886
00bbac68_7419,12211.892
00bbac68_7420,12211.935
00bbac68_7421,12212.011
00bbac68_7422,12212.105
00bbac68_7423,12212.558
00bbac68_7424,12212.656
00bbac68_7425,12212.767
00bbac68_7426,12212.8125
00bbac68_7427,12212.809
00bbac68_7428,12212.867
00bbac68_7429,12212.925
00bbac68_7430,12212.734
00bbac68_7431,12212.743
00bbac68_7432,12212.797
00bbac68_7433,12212.836
00bbac68_7434,12212.882
00bbac68_7435,12212.844
00bbac68_7436,12212.802
00bbac68_7437,12212.821
00bbac68_7438,12212.774
00bbac68_7439,12212.716
00bbac68_7440,12212.714
00bbac68_7441,12212.738
00bbac68_7442,12212.683
00bbac68_7443,12212.704
00bbac68_7444,12212.629
00bbac68_7445,12212.398
00bbac68_7446,12212.599
00bbac68_7447,12212.465
00bbac68_7448,12212.441
00bbac68_7449,12212.414
00bbac68_7450,12212.356
00bbac68_7451,12212.409
00bbac68_7452,12212.461
00bbac68_7453,12212.298
00bbac68_7454,12212.359
00bbac68_7455,12212.386
00bbac68_7456,12212.38
00bbac68_7457,12212.243
00bbac68_7458,12212.2295
00bbac68_7459,12212.315
00bbac68_7460,12212.526
00bbac68_7461,12212.371
00bbac68_7462,12212.405
00bbac68_7463,12212.401
00bbac68_7464,12212.366
00bbac68_7465,12212.395
00bbac68_7466,12212.266
00bbac68_7467,12212.368
00bbac68_7468,12212.316
00bbac68_7469,12212.328
00bbac68_7470,12212.352
00bbac68_7471,12212.583
00bbac68_7472,12212.585
00bbac68_7473,12212.5
00bbac68_7474,12212.694
00bbac68_7475,12212.7
00bbac68_7476,12212.577
00bbac68_7477,12212.708
00bbac68_7478,12212.688
00bbac68_7479,12212.663
00bbac68_7480,12212.653
00bbac68_7481,12212.645
00bbac68_7482,12212.536
00bbac68_7483,12212.675
00bbac68_7484,12212.513
00bbac68_7485,12212.491
00bbac68_7486,12212.481
00bbac68_7487,12212.48
00bbac68_7488,12212.551
00bbac68_7489,12212.694
00bbac68_7490,12212.751
00bbac68_7491,12212.884
00bbac68_7492,12212.841
00bbac68_7493,12212.758
00bbac68_7494,12212.71
00bbac68_7495,12212.685
00bbac68_7496,12212.714
00bbac68_7497,12212.734
00bbac68_7498,12212.741
00bbac68_7499,12212.767
00bbac68_7500,12212.837
00bbac68_7501,12212.86
00bbac68_7502,12212.677
00bbac68_7503,12212.629
00bbac68_7504,12212.679
00bbac68_7505,12212.692
00bbac68_7506,12212.68
00bbac68_7507,12212.798
00bbac68_7508,12212.933
00bbac68_7509,12212.921
00bbac68_7510,12212.755
00bbac68_7511,12212.802
00bbac68_7512,12212.855
00bbac68_7513,12213.065
00bbac68_7514,12213.214
00bbac68_7515,12213.069
00bbac68_7516,12213.075
00bbac68_7517,12213.117
00bbac68_7518,12213.187
00bbac68_7519,12213.39
00bbac68_7520,12213.441
00bbac68_7521,12213.332
00bbac68_7522,12213.341
00bbac68_7523,12213.5205
00bbac68_7524,12213.535
00bbac68_7525,12213.558
00bbac68_7526,12213.512
00bbac68_7527,12213.375
00bbac68_7528,12213.535
00bbac68_7529,12213.445
00bbac68_7530,12213.69
00bbac68_7531,12213.55
00bbac68_7532,12213.585
00bbac68_7533,12213.534
00bbac68_7534,12213.594
00bbac68_7535,12213.714
00bbac68_7536,12213.671
00bbac68_7537,12213.71
00bbac68_7538,12213.785
00bbac68_7539,12213.773
00bbac68_7540,12213.734
00bbac68_7541,12213.753
00bbac68_7542,12213.547
00bbac68_7543,12213.628
00bbac68_7544,12213.641
00bbac68_7545,12213.636
00bbac68_7546,12213.636
00bbac68_7547,12213.708
00bbac68_7548,12213.649
00bbac68_7549,12213.653
00bbac68_7550,12213.583
00bbac68_7551,12213.706
00bbac68_7552,12213.734
00bbac68_7553,12213.5625
00bbac68_7554,12213.516
00bbac68_7555,12213.614
00bbac68_7556,12213.711
00bbac68_7557,12213.698
00bbac68_7558,12213.445
00e12e8b_2083,11605.4795
00e12e8b_2084,11605.469
00e12e8b_2085,11605.464
00e12e8b_2086,11605.403
00e12e8b_2087,11605.434
00e12e8b_2088,11605.452
00e12e8b_2089,11605.446
00e12e8b_2090,11605.448
00e12e8b_2091,11605.464
00e12e8b_2092,11605.469
00e12e8b_2093,11605.511
00e12e8b_2094,11605.509
00e12e8b_2095,11605.574
00e12e8b_2096,11605.5625
00e12e8b_2097,11605.571
00e12e8b_2098,11605.573
00e12e8b_2099,11605.777
00e12e8b_2100,11605.784
00e12e8b_2101,11605.773
00e12e8b_2102,11605.82
00e12e8b_2103,11605.828
00e12e8b_2104,11605.836
00e12e8b_2105,11605.858
00e12e8b_2106,11605.875
00e12e8b_2107,11605.874
00e12e8b_2108,11605.894
00e12e8b_2109,11605.913
00e12e8b_2110,11605.905
00e12e8b_2111,11606.013
00e12e8b_2112,11606.032
00e12e8b_2113,11606.121
00e12e8b_2114,11606.175
00e12e8b_2115,11606.183
00e12e8b_2116,11606.18
00e12e8b_2117,11606.22
00e12e8b_2118,11606.263
00e12e8b_2119,11606.173
00e12e8b_2120,11606.192
00e12e8b_2121,11606.21
00e12e8b_2122,11606.202
00e12e8b_2123,11606.195
00e12e8b_2124,11606.211
00e12e8b_2125,11606.219
00e12e8b_2126,11606.239
00e12e8b_2127,11606.258
00e12e8b_2128,11606.253
00e12e8b_2129,11606.289
00e12e8b_2130,11606.324
00e12e8b_2131,11606.347
00e12e8b_2132,11606.367
00e12e8b_2133,11606.407
00e12e8b_2134,11606.356
00e12e8b_2135,11606.379
00e12e8b_2136,11606.395
00e12e8b_2137,11606.388
00e12e8b_2138,11606.383
00e12e8b_2139,11606.423
00e12e8b_2140,11606.44
00e12e8b_2141,11606.445
00e12e8b_2142,11606.454
00e12e8b_2143,11606.956
00e12e8b_2144,11606.974
00e12e8b_2145,11607.007
00e12e8b_2146,11606.961
00e12e8b_2147,11607.124
00e12e8b_2148,11607.089
00e12e8b_2149,11607.118
00e12e8b_2150,11607.081
00e12e8b_2151,11607.081
00e12e8b_2152,11607.022
00e12e8b_2153,11607.028
00e12e8b_2154,11607.05
00e12e8b_2155,11607.032
00e12e8b_2156,11607.031
00e12e8b_2157,11607.075
00e12e8b_2158,11607.089
00e12e8b_2159,11607.075
00e12e8b_2160,11607.042
00e12e8b_2161,11607.031
00e12e8b_2162,11607.022
00e12e8b_2163,11606.9795
00e12e8b_2164,11606.966
00e12e8b_2165,11606.956
00e12e8b_2166,11606.966
00e12e8b_2167,11606.911
00e12e8b_2168,11606.878
00e12e8b_2169,11606.867
00e12e8b_2170,11606.859
00e12e8b_2171,11606.786
00e12e8b_2172,11606.708
00e12e8b_2173,11606.712
00e12e8b_2174,11606.675
00e12e8b_2175,11606.688
00e12e8b_2176,11606.644
00e12e8b_2177,11606.603
00e12e8b_2178,11606.546
00e12e8b_2179,11606.539
00e12e8b_2180,11606.563
00e12e8b_2181,11606.575
00e12e8b_2182,11606.567
00e12e8b_2183,11606.603
00e12e8b_2184,11606.602
00e12e8b_2185,11606.582
00e12e8b_2186,11606.599
00e12e8b_2187,11606.603
00e12e8b_2188,11606.6045
00e12e8b_2189,11606.612
00e12e8b_2190,11606.571
00e12e8b_2191,11606.552
00e12e8b_2192,11606.523
00e12e8b_2193,11606.508
00e12e8b_2194,11606.513
00e12e8b_2195,11606.535
00e12e8b_2196,11606.532
00e12e8b_2197,11606.562
00e12e8b_2198,11606.567
00e12e8b_2199,11606.591
00e12e8b_2200,11606.579
00e12e8b_2201,11606.63
00e12e8b_2202,11606.63
00e12e8b_2203,11606.645
00e12e8b_2204,11606.942
00e12e8b_2205,11606.984
00e12e8b_2206,11607.019
00e12e8b_2207,11607.013
00e12e8b_2208,11607.022
00e12e8b_2209,11606.996
00e12e8b_2210,11607.0205
00e12e8b_2211,11607.055
00e12e8b_2212,11607.083
00e12e8b_2213,11607.11
00e12e8b_2214,11607.141
00e12e8b_2215,11607.172
00e12e8b_2216,11607.153
00e12e8b_2217,11607.13
00e12e8b_2218,11607.254
00e12e8b_2219,11607.317
00e12e8b_2220,11607.305
00e12e8b_2221,11607.308
00e12e8b_2222,11607.305
00e12e8b_2223,11607.341
00e12e8b_2224,11607.336
00e12e8b_2225,11607.331
00e12e8b_2226,11607.433
00e12e8b_2227,11607.452
00e12e8b_2228,11607.496
00e12e8b_2229,11607.503
00e12e8b_2230,11607.56
00e12e8b_2231,11607.552
00e12e8b_2232,11607.649
00e12e8b_2233,11607.659
00e12e8b_2234,11607.423
00e12e8b_2235,11607.387
00e12e8b_2236,11607.375
00e12e8b_2237,11607.44
00e12e8b_2238,11607.445
00e12e8b_2239,11607.469
00e12e8b_2240,11607.687
00e12e8b_2241,11607.723
00e12e8b_2242,11607.719
00e12e8b_2243,11607.737
00e12e8b_2244,11607.804
00e12e8b_2245,11607.831
00e12e8b_2246,11607.862
00e12e8b_2247,11607.886
00e12e8b_2248,11608.462
00e12e8b_2249,11608.484
00e12e8b_2250,11608.505
00e12e8b_2251,11608.53
00e12e8b_2252,11608.55
00e12e8b_2253,11608.571
00e12e8b_2254,11608.587
00e12e8b_2255,11608.581
00e12e8b_2256,11608.583
00e12e8b_2257,11608.575
00e12e8b_2258,11608.575
00e12e8b_2259,11608.577
00e12e8b_2260,11608.593
00e12e8b_2261,11608.603
00e12e8b_2262,11608.61
00e12e8b_2263,11608.621
00e12e8b_2264,11608.644
00e12e8b_2265,11608.659
00e12e8b_2266,11608.661
00e12e8b_2267,11608.648
00e12e8b_2268,11608.66
00e12e8b_2269,11608.68
00e12e8b_2270,11608.669
00e12e8b_2271,11608.688
00e12e8b_2272,11608.704
00e12e8b_2273,11608.708
00e12e8b_2274,11608.722
00e12e8b_2275,11608.708
00e12e8b_2276,11608.734
00e12e8b_2277,11608.766
00e12e8b_2278,11608.78
00e12e8b_2279,11608.8125
00e12e8b_2280,11608.797
00e12e8b_2281,11608.823
00e12e8b_2282,11608.831
00e12e8b_2283,11608.782
00e12e8b_2284,11608.849
00e12e8b_2285,11608.863
00e12e8b_2286,11608.868
00e12e8b_2287,11608.852
00e12e8b_2288,11608.862
00e12e8b_2289,11608.839
00e12e8b_2290,11608.935
00e12e8b_2291,11608.929
00e12e8b_2292,11609.008
00e12e8b_2293,11608.995
00e12e8b_2294,11609.024
00e12e8b_2295,11609.0205
00e12e8b_2296,11609.035
00e12e8b_2297,11608.964
00e12e8b_2298,11609.005
00e12e8b_2299,11608.944
00e12e8b_2300,11608.977
00e12e8b_2301,11608.953
00e12e8b_2302,11608.914
00e12e8b_2303,11608.927
00e12e8b_2304,11608.823
00e12e8b_2305,11608.918
00e12e8b_2306,11608.933
00e12e8b_2307,11608.992
00e12e8b_2308,11609.0
00e12e8b_2309,11609.403
00e12e8b_2310,11609.402
00e12e8b_2311,11609.427
00e12e8b_2312,11609.46
00e12e8b_2313,11609.466
00e12e8b_2314,11609.466
00e12e8b_2315,11609.457
00e12e8b_2316,11609.441
00e12e8b_2317,11609.456
00e12e8b_2318,11609.448
00e12e8b_2319,11609.454
00e12e8b_2320,11609.489
00e12e8b_2321,11609.423
00e12e8b_2322,11609.504
00e12e8b_2323,11609.484
00e12e8b_2324,11609.4795
00e12e8b_2325,11609.532
00e12e8b_2326,11609.5
00e12e8b_2327,11609.57
00e12e8b_2328,11609.558
00e12e8b_2329,11609.5205
00e12e8b_2330,11609.551
00e12e8b_2331,11609.55
00e12e8b_2332,11609.551
00e12e8b_2333,11609.555
00e12e8b_2334,11609.565
00e12e8b_2335,11609.583
00e12e8b_2336,11609.565
00e12e8b_2337,11609.578
00e12e8b_2338,11609.589
00e12e8b_2339,11609.601
00e12e8b_2340,11609.605
00e12e8b_2341,11609.645
00e12e8b_2342,11609.636
00e12e8b_2343,11609.653
00e12e8b_2344,11609.677
00e12e8b_2345,11609.673
00e12e8b_2346,11609.673
00e12e8b_2347,11609.664
00e12e8b_2348,11609.683
00e12e8b_2349,11609.702
00e12e8b_2350,11609.7295
00e12e8b_2351,11609.753
00e12e8b_2352,11609.793
00e12e8b_2353,11610.257
00e12e8b_2354,11610.263
00e12e8b_2355,11610.302
00e12e8b_2356,11610.316
00e12e8b_2357,11610.351
00e12e8b_2358,11610.384
00e12e8b_2359,11610.402
00e12e8b_2360,11610.4375
00e12e8b_2361,11610.419
00e12e8b_2362,11610.448
00e12e8b_2363,11610.469
00e12e8b_2364,11610.469
00e12e8b_2365,11610.497
00e12e8b_2366,11610.483
00e12e8b_2367,11610.505
00e12e8b_2368,11610.481
00e12e8b_2369,11610.505
00e12e8b_2370,11610.496
00e12e8b_2371,11610.512
00e12e8b_2372,11610.5
00e12e8b_2373,11610.505
00e12e8b_2374,11610.56
00e12e8b_2375,11610.569
00e12e8b_2376,11610.575
00e12e8b_2377,11610.587
00e12e8b_2378,11610.606
00e12e8b_2379,11610.6045
00e12e8b_2380,11610.589
00e12e8b_2381,11610.574
00e12e8b_2382,11610.495
00e12e8b_2383,11610.511
00e12e8b_2384,11610.5205
00e12e8b_2385,11610.511
00e12e8b_2386,11610.415
00e12e8b_2387,11610.427
00e12e8b_2388,11610.421
00e12e8b_2389,11610.387
00e12e8b_2390,11610.413
00e12e8b_2391,11610.414
00e12e8b_2392,11610.409
00e12e8b_2393,11610.411
00e12e8b_2394,11610.3955
00e12e8b_2395,11610.415
00e12e8b_2396,11610.414
00e12e8b_2397,11610.409
00e12e8b_2398,11610.394
00e12e8b_2399,11610.37
00e12e8b_2400,11610.356
00e12e8b_2401,11610.375
00e12e8b_2402,11610.372
00e12e8b_2403,11610.37
00e12e8b_2404,11610.372
00e12e8b_2405,11610.379
00e12e8b_2406,11610.362
00e12e8b_2407,11610.364
00e12e8b_2408,11610.37
00e12e8b_2409,11610.417
00e12e8b_2410,11610.4375
00e12e8b_2411,11610.4375
00e12e8b_2412,11610.461
00e12e8b_2413,11610.473
00e12e8b_2414,11610.507
00e12e8b_2415,11611.001
00e12e8b_2416,11610.991
00e12e8b_2417,11611.019
00e12e8b_2418,11611.036
00e12e8b_2419,11611.034
00e12e8b_2420,11611.052
00e12e8b_2421,11611.056
00e12e8b_2422,11611.069
00e12e8b_2423,11611.065
00e12e8b_2424,11611.052
00e12e8b_2425,11611.026
00e12e8b_2426,11611.011
00e12e8b_2427,11611.022
00e12e8b_2428,11611.028
00e12e8b_2429,11611.058
00e12e8b_2430,11611.044
00e12e8b_2431,11611.023
00e12e8b_2432,11611.044
00e12e8b_2433,11611.044
00e12e8b_2434,11611.075
00e12e8b_2435,11611.059
00e12e8b_2436,11611.035
00e12e8b_2437,11611.048
00e12e8b_2438,11611.026
00e12e8b_2439,11611.017
00e12e8b_2440,11611.052
00e12e8b_2441,11611.052
00e12e8b_2442,11611.05
00e12e8b_2443,11611.075
00e12e8b_2444,11611.039
00e12e8b_2445,11611.066
00e12e8b_2446,11611.112
00e12e8b_2447,11611.079
00e12e8b_2448,11611.098
00e12e8b_2449,11611.142
00e12e8b_2450,11611.114
00e12e8b_2451,11611.144
00e12e8b_2452,11611.138
00e12e8b_2453,11611.167
00e12e8b_2454,11611.159
00e12e8b_2455,11611.198
00e12e8b_2456,11611.18
00e12e8b_2457,11611.692
00e12e8b_2458,11611.661
00e12e8b_2459,11611.714
00e12e8b_2460,11611.7
00e12e8b_2461,11611.731
00e12e8b_2462,11611.726
00e12e8b_2463,11611.739
00e12e8b_2464,11611.733
00e12e8b_2465,11611.734
00e12e8b_2466,11611.699
00e12e8b_2467,11611.657
00e12e8b_2468,11611.704
00e12e8b_2469,11611.651
00e12e8b_2470,11611.724
00e12e8b_2471,11611.704
00e12e8b_2472,11611.688
00e12e8b_2473,11611.724
00e12e8b_2474,11611.711
00e12e8b_2475,11611.716
00e12e8b_2476,11611.669
00e12e8b_2477,11611.715
00e12e8b_2478,11611.711
00e12e8b_2479,11611.677
00e12e8b_2480,11611.695
00e12e8b_2481,11611.692
00e12e8b_2482,11611.669
00e12e8b_2483,11611.672
00e12e8b_2484,11611.648
00e12e8b_2485,11611.685
00e12e8b_2486,11611.699
00e12e8b_2487,11611.684
00e12e8b_2488,11611.69
00e12e8b_2489,11611.64
00e12e8b_2490,11611.669
00e12e8b_2491,11611.609
00e12e8b_2492,11611.655
00e12e8b_2493,11611.616
00e12e8b_2494,11611.633
00e12e8b_2495,11611.6045
00e12e8b_2496,11611.598
00e12e8b_2497,11611.581
00e12e8b_2498,11611.527
00e12e8b_2499,11611.534
00e12e8b_2500,11611.501
00e12e8b_2501,11611.526
00e12e8b_2502,11611.4795
00e12e8b_2503,11611.5
00e12e8b_2504,11611.567
00e12e8b_2505,11611.425
00e12e8b_2506,11611.415
00e12e8b_2507,11611.379
00e12e8b_2508,11611.328
00e12e8b_2509,11611.305
00e12e8b_2510,11611.3
00e12e8b_2511,11611.308
00e12e8b_2512,11611.343
00e12e8b_2513,11611.297
00e12e8b_2514,11611.27
00e12e8b_2515,11611.339
00e12e8b_2516,11611.378
00e12e8b_2517,11611.25
00e12e8b_2518,11611.269
00e12e8b_2519,11611.23
00e12e8b_2520,11611.304
00e12e8b_2521,11611.605
00e12e8b_2522,11611.758
00e12e8b_2523,11611.63
00e12e8b_2524,11611.597
00e12e8b_2525,11611.583
00e12e8b_2526,11611.706
00e12e8b_2527,11611.516
00e12e8b_2528,11611.556
00e12e8b_2529,11611.567
00e12e8b_2530,11611.633
00e12e8b_2531,11611.558
00e12e8b_2532,11611.493
00e12e8b_2533,11611.526
00e12e8b_2534,11611.52
00e12e8b_2535,11611.636
00e12e8b_2536,11611.552
00e12e8b_2537,11611.547
00e12e8b_2538,11611.496
00e12e8b_2539,11611.495
00e12e8b_2540,11611.61
00e12e8b_2541,11611.485
00e12e8b_2542,11611.503
00e12e8b_2543,11611.496
00e12e8b_2544,11611.503
00e12e8b_2545,11611.519
00e12e8b_2546,11611.477
00e12e8b_2547,11611.589
00e12e8b_2548,11611.43
00e12e8b_2549,11611.419
00e12e8b_2550,11611.435
00e12e8b_2551,11611.429
00e12e8b_2552,11611.438
00e12e8b_2553,11611.435
00e12e8b_2554,11611.423
00e12e8b_2555,11611.427
00e12e8b_2556,11611.43
00e12e8b_2557,11611.558
00e12e8b_2558,11611.45
00e12e8b_2559,11611.449
00e12e8b_2560,11611.474
00e12e8b_2561,11611.504
00e12e8b_2562,11611.517
00e12e8b_2563,11611.942
00e12e8b_2564,11611.9375
00e12e8b_2565,11611.935
00e12e8b_2566,11611.97
00e12e8b_2567,11611.965
00e12e8b_2568,11611.973
00e12e8b_2569,11611.966
00e12e8b_2570,11611.9375
00e12e8b_2571,11611.887
00e12e8b_2572,11611.872
00e12e8b_2573,11611.855
00e12e8b_2574,11611.849
00e12e8b_2575,11611.855
00e12e8b_2576,11611.848
00e12e8b_2577,11611.855
00e12e8b_2578,11611.839
00e12e8b_2579,11611.808
00e12e8b_2580,11611.847
00e12e8b_2581,11611.843
00e12e8b_2582,11611.868
00e12e8b_2583,11611.862
00e12e8b_2584,11611.845
00e12e8b_2585,11611.825
00e12e8b_2586,11611.8125
00e12e8b_2587,11611.831
00e12e8b_2588,11611.832
00e12e8b_2589,11611.781
00e12e8b_2590,11611.806
00e12e8b_2591,11611.8125
00e12e8b_2592,11611.815
00e12e8b_2593,11611.81
00e12e8b_2594,11611.785
00e12e8b_2595,11611.785
00e12e8b_2596,11611.8
00e12e8b_2597,11611.821
00e12e8b_2598,11611.782
00e12e8b_2599,11611.728
00e12e8b_2600,11611.688
00e12e8b_2601,11611.667
00e12e8b_2602,11611.695
00e12e8b_2603,11611.68
00e12e8b_2604,11611.652
00e12e8b_2605,11611.579
00e12e8b_2606,11611.605
00e12e8b_2607,11611.582
00e12e8b_2608,11611.547
00e12e8b_2609,11611.513
00e12e8b_2610,11611.528
00e12e8b_2611,11611.523
00e12e8b_2612,11611.542
00e12e8b_2613,11611.489
00e12e8b_2614,11611.517
00e12e8b_2615,11611.497
00e12e8b_2616,11611.474
00e12e8b_2617,11611.491
00e12e8b_2618,11611.487
00e12e8b_2619,11611.43
00e12e8b_2620,11611.392
00e12e8b_2621,11611.417
00e12e8b_2622,11611.4375
00e12e8b_2623,11611.398
00e12e8b_2624,11611.423
00e12e8b_2625,11611.435
00e12e8b_2626,11611.409
00e12e8b_2627,11611.703
00e12e8b_2628,11611.727
00e12e8b_2629,11611.676
00e12e8b_2630,11611.677
00e12e8b_2631,11611.737
00e12e8b_2632,11611.718
00e12e8b_2633,11611.706
00e12e8b_2634,11611.653
00e12e8b_2635,11611.669
00e12e8b_2636,11611.6875
00e12e8b_2637,11611.66
00e12e8b_2638,11611.68
00e12e8b_2639,11611.575
00e12e8b_2640,11611.508
00e12e8b_2641,11611.56
00e12e8b_2642,11611.602
00e12e8b_2643,11611.546
00e12e8b_2644,11611.442
00e12e8b_2645,11611.507
00e12e8b_2646,11611.481
00e12e8b_2647,11611.456
00e12e8b_2648,11611.384
00e12e8b_2649,11611.359
00e12e8b_2650,11611.349
00e12e8b_2651,11611.321
00e12e8b_2652,11611.348
00e12e8b_2653,11611.391
00e12e8b_2654,11611.292
00e12e8b_2655,11611.301
00e12e8b_2656,11611.316
00e12e8b_2657,11611.288
00e12e8b_2658,11611.241
00e12e8b_2659,11611.375
00e12e8b_2660,11611.202
00e12e8b_2661,11611.214
00e12e8b_2662,11611.116
00e12e8b_2663,11611.176
00e12e8b_2664,11611.234
00e12e8b_2665,11611.305
00e12e8b_2666,11611.454
00e12e8b_2667,11611.352
00e12e8b_2668,11612.036
00e12e8b_2669,11612.122
00e12e8b_2670,11612.273
00e12e8b_2671,11612.208
00e12e8b_2672,11612.2
00e12e8b_2673,11612.214
00e12e8b_2674,11612.333
00e12e8b_2675,11612.2295
00e12e8b_2676,11612.192
00e12e8b_2677,11612.203
00e12e8b_2678,11612.292
00e12e8b_2679,11612.136
00e12e8b_2680,11612.231
00e12e8b_2681,11612.065
00e12e8b_2682,11611.974
00e12e8b_2683,11612.138
00e12e8b_2684,11611.964
00e12e8b_2685,11611.984
00e12e8b_2686,11612.099
00e12e8b_2687,11611.945
00e12e8b_2688,11612.073
00e12e8b_2689,11611.948
00e12e8b_2690,11612.058
00e12e8b_2691,11611.884
00e12e8b_2692,11612.009
00e12e8b_2693,11611.86
00e12e8b_2694,11611.97
00e12e8b_2695,11611.815
00e12e8b_2696,11611.973
00e12e8b_2697,11611.805
00e12e8b_2698,11611.941
00e12e8b_2699,11611.802
00e12e8b_2700,11611.918
00e12e8b_2701,11611.93
00e12e8b_2702,11611.788
00e12e8b_2703,11611.925
00e12e8b_2704,11611.769
00e12e8b_2705,11611.93
00e12e8b_2706,11611.909
00e12e8b_2707,11611.769
00e12e8b_2708,11611.915
00e12e8b_2709,11611.859
00e12e8b_2710,11611.84
00e12e8b_2711,11611.685
00e12e8b_2712,11611.79
00e12e8b_2713,11611.7705
00e12e8b_2714,11611.606
00e12e8b_2715,11611.742
00e12e8b_2716,11611.722
00e12e8b_2717,11611.695
00e12e8b_2718,11611.667
00e12e8b_2719,11611.528
00e12e8b_2720,11611.647
00e12e8b_2721,11611.642
00e12e8b_2722,11611.616
00e12e8b_2723,11611.63
00e12e8b_2724,11611.487
00e12e8b_2725,11611.606
00e12e8b_2726,11611.602
00e12e8b_2727,11611.586
00e12e8b_2728,11611.56
00e12e8b_2729,11611.558
00e12e8b_2730,11611.567
00e12e8b_2731,11611.44
00e12e8b_2732,11611.601
00e12e8b_2733,11611.603
00e12e8b_2734,11611.935
00e12e8b_2735,11611.938
00e12e8b_2736,11611.956
00e12e8b_2737,11611.956
00e12e8b_2738,11611.978
00e12e8b_2739,11611.97
00e12e8b_2740,11611.961
00e12e8b_2741,11611.805
00e12e8b_2742,11611.909
00e12e8b_2743,11611.917
00e12e8b_2744,11611.867
00e12e8b_2745,11611.866
00e12e8b_2746,11611.864
00e12e8b_2747,11611.845
00e12e8b_2748,11611.831
00e12e8b_2749,11611.81
00e12e8b_2750,11611.777
00e12e8b_2751,11611.765
00e12e8b_2752,11611.755
00e12e8b_2753,11611.714
00e12e8b_2754,11611.696
00e12e8b_2755,11611.679
00e12e8b_2756,11611.653
00e12e8b_2757,11611.63
00e12e8b_2758,11611.609
00e12e8b_2759,11611.597
00e12e8b_2760,11611.602
00e12e8b_2761,11611.59
00e12e8b_2762,11611.733
00e12e8b_2763,11611.586
00e12e8b_2764,11611.595
00e12e8b_2765,11611.579
00e12e8b_2766,11611.575
00e12e8b_2767,11611.53
00e12e8b_2768,11611.57
00e12e8b_2769,11611.578
00e12e8b_2770,11611.582
00e12e8b_2771,11611.57
00e12e8b_2772,11611.6045
00e12e8b_2773,11612.117
00e12e8b_2774,11612.026
00e12e8b_2775,11612.03
00e12e8b_2776,11612.008
00e12e8b_2777,11612.005
00e12e8b_2778,11611.993
00e12e8b_2779,11612.112
00e12e8b_2780,11611.961
00e12e8b_2781,11611.91
00e12e8b_2782,11611.892
00e12e8b_2783,11611.897
00e12e8b_2784,11612.036
00e12e8b_2785,11611.921
00e12e8b_2786,11611.88
00e12e8b_2787,11611.887
00e12e8b_2788,11611.911
00e12e8b_2789,11612.013
00e12e8b_2790,11611.868
00e12e8b_2791,11611.88
00e12e8b_2792,11611.867
00e12e8b_2793,11611.987
00e12e8b_2794,11611.88
00e12e8b_2795,11611.859
00e12e8b_2796,11611.828
00e12e8b_2797,11611.942
00e12e8b_2798,11611.809
00e12e8b_2799,11611.806
00e12e8b_2800,11611.9375
00e12e8b_2801,11611.77
00e12e8b_2802,11611.767
00e12e8b_2803,11611.848
00e12e8b_2804,11611.745
00e12e8b_2805,11611.723
00e12e8b_2806,11611.84
00e12e8b_2807,11611.688
00e12e8b_2808,11611.671
00e12e8b_2809,11611.739
00e12e8b_2810,11611.603
00e12e8b_2811,11611.569
00e12e8b_2812,11611.704
00e12e8b_2813,11611.571
00e12e8b_2814,11611.542
00e12e8b_2815,11611.6875
00e12e8b_2816,11611.487
00e12e8b_2817,11611.492
00e12e8b_2818,11611.622
00e12e8b_2819,11611.458
00e12e8b_2820,11611.469
00e12e8b_2821,11611.419
00e12e8b_2822,11611.513
00e12e8b_2823,11611.375
00e12e8b_2824,11611.355
00e12e8b_2825,11611.315
00e12e8b_2826,11611.402
00e12e8b_2827,11611.284
00e12e8b_2828,11611.273
00e12e8b_2829,11611.25
00e12e8b_2830,11611.251
00e12e8b_2831,11611.255
00e12e8b_2832,11611.375
00e12e8b_2833,11611.208
00e12e8b_2834,11611.206
00e12e8b_2835,11611.204
00e12e8b_2836,11611.1875
00e12e8b_2837,11611.175
00e12e8b_2838,11611.19
00e12e8b_2839,11611.177
00e12e8b_2840,11611.176
00e12e8b_2841,11611.448
00e12e8b_2842,11611.433
00e12e8b_2843,11611.462
00e12e8b_2844,11611.461
00e12e8b_2845,11611.44
00e12e8b_2846,11611.462
00e12e8b_2847,11611.45
00e12e8b_2848,11611.43
00e12e8b_2849,11611.418
00e12e8b_2850,11611.411
00e12e8b_2851,11611.339
00e12e8b_2852,11611.319
00e12e8b_2853,11611.317
00e12e8b_2854,11611.292
00e12e8b_2855,11611.138
00e12e8b_2856,11611.251
00e12e8b_2857,11611.227
00e12e8b_2858,11611.172
00e12e8b_2859,11611.216
00e12e8b_2860,11611.202
00e12e8b_2861,11611.071
00e12e8b_2862,11611.168
00e12e8b_2863,11611.148
00e12e8b_2864,11611.14
00e12e8b_2865,11611.0205
00e12e8b_2866,11611.125
00e12e8b_2867,11611.106
00e12e8b_2868,11611.095
00e12e8b_2869,11610.938
00e12e8b_2870,11611.034
00e12e8b_2871,11611.052
00e12e8b_2872,11610.883
00e12e8b_2873,11611.022
00e12e8b_2874,11610.964
00e12e8b_2875,11610.843
00e12e8b_2876,11611.042
00e12e8b_2877,11610.988
00e12e8b_2878,11610.913
00e12e8b_2879,11611.472
00e12e8b_2880,11611.313
00e12e8b_2881,11611.504
00e12e8b_2882,11611.417
00e12e8b_2883,11611.569
00e12e8b_2884,11611.384
00e12e8b_2885,11611.56
00e12e8b_2886,11611.425
00e12e8b_2887,11611.454
00e12e8b_2888,11611.376
00e12e8b_2889,11611.524
00e12e8b_2890,11611.364
00e12e8b_2891,11611.495
00e12e8b_2892,11611.347
00e12e8b_2893,11611.461
00e12e8b_2894,11611.339
00e12e8b_2895,11611.285
00e12e8b_2896,11611.491
00e12e8b_2897,11611.321
00e12e8b_2898,11611.448
00e12e8b_2899,11611.297
00e12e8b_2900,11611.317
00e12e8b_2901,11611.45
00e12e8b_2902,11611.31
00e12e8b_2903,11611.289
00e12e8b_2904,11611.293
00e12e8b_2905,11611.4375
00e12e8b_2906,11611.294
00e12e8b_2907,11611.316
00e12e8b_2908,11611.422
00e12e8b_2909,11611.304
00e12e8b_2910,11611.312
00e12e8b_2911,11611.445
00e12e8b_2912,11611.302
00e12e8b_2913,11611.285
00e12e8b_2914,11611.425
00e12e8b_2915,11611.281
00e12e8b_2916,11611.395
00e12e8b_2917,11611.266
00e12e8b_2918,11611.392
00e12e8b_2919,11611.245
00e12e8b_2920,11611.398
00e12e8b_2921,11611.258
00e12e8b_2922,11611.398
00e12e8b_2923,11611.383
00e12e8b_2924,11611.281
00e12e8b_2925,11611.332
00e12e8b_2926,11611.29
00e12e8b_2927,11611.16
00e12e8b_2928,11611.276
00e12e8b_2929,11611.259
00e12e8b_2930,11611.132
00e12e8b_2931,11611.263
00e12e8b_2932,11611.261
00e12e8b_2933,11611.228
00e12e8b_2934,11611.224
00e12e8b_2935,11611.21
00e12e8b_2936,11611.1875
00e12e8b_2937,11611.074
00e12e8b_2938,11611.198
00e12e8b_2939,11611.211
00e12e8b_2940,11611.219
00e12e8b_2941,11611.212
00e12e8b_2942,11611.215
00e12e8b_2943,11611.18
00e12e8b_2944,11611.323
00e12e8b_2945,11611.204
00e12e8b_2946,11611.161
00e12e8b_2947,11611.141
00e12e8b_2948,11611.132
00e12e8b_2949,11611.136
00e12e8b_2950,11611.109
00e12e8b_2951,11611.259
00e12e8b_2952,11611.168
00e12e8b_2953,11611.394
00e12e8b_2954,11611.375
00e12e8b_2955,11611.516
00e12e8b_2956,11611.356
00e12e8b_2957,11611.345
00e12e8b_2958,11611.469
00e12e8b_2959,11611.325
00e12e8b_2960,11611.457
00e12e8b_2961,11611.297
00e12e8b_2962,11611.411
00e12e8b_2963,11611.293
00e12e8b_2964,11611.388
00e12e8b_2965,11611.216
00e12e8b_2966,11611.3545
00e12e8b_2967,11611.25
00e12e8b_2968,11611.372
00e12e8b_2969,11611.258
00e12e8b_2970,11611.372
00e12e8b_2971,11611.37
00e12e8b_2972,11611.25
00e12e8b_2973,11611.3545
00e12e8b_2974,11611.358
00e12e8b_2975,11611.382
00e12e8b_2976,11611.168
00e12e8b_2977,11611.32
00e12e8b_2978,11611.288
00e12e8b_2979,11611.277
00e12e8b_2980,11611.235
00e12e8b_2981,11611.234
00e12e8b_2982,11611.114
00e12e8b_2983,11611.215
00e12e8b_2984,11611.247
00e12e8b_2985,11611.601
00e12e8b_2986,11611.585
00e12e8b_2987,11611.598
00e12e8b_2988,11611.574
00e12e8b_2989,11611.595
00e12e8b_2990,11611.589
00e12e8b_2991,11611.544
00e12e8b_2992,11611.569
00e12e8b_2993,11611.548
00e12e8b_2994,11611.513
00e12e8b_2995,11611.481
00e12e8b_2996,11611.469
00e12e8b_2997,11611.461
00e12e8b_2998,11611.4795
00e12e8b_2999,11611.456
00e12e8b_3000,11611.44
00e12e8b_3001,11611.425
00e12e8b_3002,11611.414
00e12e8b_3003,11611.429
00e12e8b_3004,11611.414
00e12e8b_3005,11611.442
00e12e8b_3006,11611.39
00e12e8b_3007,11611.398
00e12e8b_3008,11611.391
00e12e8b_3009,11611.379
00e12e8b_3010,11611.367
00e12e8b_3011,11611.362
00e12e8b_3012,11611.37
00e12e8b_3013,11611.368
00e12e8b_3014,11611.341
00e12e8b_3015,11611.339
00e12e8b_3016,11611.297
00e12e8b_3017,11611.294
00e12e8b_3018,11611.301
00e12e8b_3019,11611.294
00e12e8b_3020,11611.2705
00e12e8b_3021,11611.255
00e12e8b_3022,11611.235
00e12e8b_3023,11611.263
00e12e8b_3024,11611.214
00e12e8b_3025,11611.235
00e12e8b_3026,11611.238
00e12e8b_3027,11611.203
00e12e8b_3028,11611.161
00e12e8b_3029,11611.149
00e12e8b_3030,11611.047
00e12e8b_3031,11610.901
00e12e8b_3032,11610.852
00e12e8b_3033,11610.7705
00e12e8b_3034,11610.715
00e12e8b_3035,11610.699
00e12e8b_3036,11610.605
00e12e8b_3037,11610.538
00e12e8b_3038,11610.513
00e12e8b_3039,11610.5625
00e12e8b_3040,11610.559
00e12e8b_3041,11610.5
00e12e8b_3042,11610.438
00e12e8b_3043,11610.453
00e12e8b_3044,11610.313
00e12e8b_3045,11610.265
00e12e8b_3046,11610.192
00e12e8b_3047,11610.251
00e12e8b_3048,11610.233
00e12e8b_3049,11610.181
00e12e8b_3050,11610.192
00e12e8b_3051,11610.172
00e12e8b_3052,11610.129
00e12e8b_3053,11610.118
00e12e8b_3054,11610.016
00e12e8b_3055,11610.026
00e12e8b_3056,11610.008
00e12e8b_3057,11609.958
00e12e8b_3058,11609.933
00e12e8b_3059,11609.933
00e12e8b_3060,11609.883
00e12e8b_3061,11610.227
00e12e8b_3062,11610.247
00e12e8b_3063,11610.243
00e12e8b_3064,11610.234
00e12e8b_3065,11610.237
00e12e8b_3066,11610.212
00e12e8b_3067,11610.142
00e12e8b_3068,11610.137
00e12e8b_3069,11610.109
00e12e8b_3070,11610.0625
00e12e8b_3071,11610.034
00e12e8b_3072,11610.02
00e12e8b_3073,11609.969
00e12e8b_3074,11609.948
00e12e8b_3075,11609.929
00e12e8b_3076,11609.876
00e12e8b_3077,11609.836
00e12e8b_3078,11609.788
00e12e8b_3079,11609.774
00e12e8b_3080,11609.733
00e12e8b_3081,11609.669
00e12e8b_3082,11609.642
00e12e8b_3083,11609.616
00e12e8b_3084,11609.609
00e12e8b_3085,11609.638
00e12e8b_3086,11609.649
00e12e8b_3087,11609.651
00e12e8b_3088,11609.651
00e12e8b_3089,11609.626
00e12e8b_3090,11610.103
00e12e8b_3091,11610.0625
00e12e8b_3092,11610.097
00e12e8b_3093,11610.089
00e12e8b_3094,11610.028
00e12e8b_3095,11610.058
00e12e8b_3096,11610.065
00e12e8b_3097,11610.031
00e12e8b_3098,11610.055
00e12e8b_3099,11610.036
00e12e8b_3100,11610.0625
00e12e8b_3101,11610.067
00e12e8b_3102,11610.058
00e12e8b_3103,11610.042
00e12e8b_3104,11610.051
00e12e8b_3105,11610.011
00e12e8b_3106,11610.07
00e12e8b_3107,11610.059
00e12e8b_3108,11610.031
00e12e8b_3109,11610.067
00e12e8b_3110,11610.023
00e12e8b_3111,11610.058
00e12e8b_3112,11610.06
00e12e8b_3113,11609.997
00e12e8b_3114,11609.899
00e12e8b_3115,11609.832
00e12e8b_3116,11609.817
00e12e8b_3117,11609.75
00e12e8b_3118,11609.758
00e12e8b_3119,11609.769
00e12e8b_3120,11609.734
00e12e8b_3121,11609.679
00e12e8b_3122,11609.653
00e12e8b_3123,11609.606
00e12e8b_3124,11609.614
00e12e8b_3125,11609.589
00e12e8b_3126,11609.523
00e12e8b_3127,11609.531
00e12e8b_3128,11609.547
00e12e8b_3129,11609.546
00e12e8b_3130,11609.508
00e12e8b_3131,11609.485
00e12e8b_3132,11609.5
00e12e8b_3133,11609.499
00e12e8b_3134,11609.473
00e12e8b_3135,11609.469
00e12e8b_3136,11609.4795
00e12e8b_3137,11609.438
00e12e8b_3138,11609.414
00e12e8b_3139,11609.383
00e12e8b_3140,11609.289
00e12e8b_3141,11609.206
00e12e8b_3142,11609.133
00e12e8b_3143,11609.02
00e12e8b_3144,11608.9375
00e12e8b_3145,11608.899
00e12e8b_3146,11608.886
00e12e8b_3147,11608.864
00e12e8b_3148,11608.841
00e12e8b_3149,11608.773
00e12e8b_3150,11608.692
00e12e8b_3151,11608.589
00e12e8b_3152,11608.464
00e12e8b_3153,11608.254
00e12e8b_3154,11608.095
00e12e8b_3155,11608.015
00e12e8b_3156,11607.958
00e12e8b_3157,11607.883
00e12e8b_3158,11607.899
00e12e8b_3159,11607.849
00e12e8b_3160,11607.853
00e12e8b_3161,11607.825
00e12e8b_3162,11607.782
00e12e8b_3163,11607.723
00e12e8b_3164,11607.743
00e12e8b_3165,11607.723
00e12e8b_3166,11607.71
00e12e8b_3167,11607.706
00e12e8b_3168,11607.809
00e12e8b_3169,11607.812
00e12e8b_3170,11607.778
00e12e8b_3171,11607.714
00e12e8b_3172,11607.691
00e12e8b_3173,11607.7
00e12e8b_3174,11607.69
00e12e8b_3175,11607.641
00e12e8b_3176,11607.578
00e12e8b_3177,11607.485
00e12e8b_3178,11607.464
00e12e8b_3179,11607.383
00e12e8b_3180,11607.441
00e12e8b_3181,11607.427
00e12e8b_3182,11607.387
00e12e8b_3183,11607.347
00e12e8b_3184,11607.442
00e12e8b_3185,11607.324
00e12e8b_3186,11607.335
00e12e8b_3187,11607.304
00e12e8b_3188,11607.272
00e12e8b_3189,11607.242
00e12e8b_3190,11607.194
00e12e8b_3191,11607.227
00e12e8b_3192,11607.163
00e12e8b_3193,11607.238
00e12e8b_3194,11607.151
00e12e8b_3195,11607.493
00e12e8b_3196,11607.503
00e12e8b_3197,11607.511
00e12e8b_3198,11607.4795
00e12e8b_3199,11607.466
00e12e8b_3200,11607.472
00e12e8b_3201,11607.45
00e12e8b_3202,11607.442
00e12e8b_3203,11607.394
00e12e8b_3204,11607.383
00e12e8b_3205,11607.38
00e12e8b_3206,11607.376
00e12e8b_3207,11607.37
00e12e8b_3208,11607.366
00e12e8b_3209,11607.36
00e12e8b_3210,11607.336
00e12e8b_3211,11607.308
00e12e8b_3212,11607.267
00e12e8b_3213,11607.25
00e12e8b_3214,11607.227
00e12e8b_3215,11607.1875
00e12e8b_3216,11607.138
00e12e8b_3217,11607.083
00e12e8b_3218,11607.048
00e12e8b_3219,11607.016
00e12e8b_3220,11606.995
00e12e8b_3221,11606.977
00e12e8b_3222,11606.944
00e12e8b_3223,11606.914
00e12e8b_3224,11606.858
00e12e8b_3225,11606.718
00e12e8b_3226,11606.788
00e12e8b_3227,11606.743
00e12e8b_3228,11606.636
00e12e8b_3229,11606.702
00e12e8b_3230,11606.562
00e12e8b_3231,11606.634
00e12e8b_3232,11606.474
00e12e8b_3233,11606.567
00e12e8b_3234,11606.462
00e12e8b_3235,11606.487
00e12e8b_3236,11606.569
00e12e8b_3237,11606.491
00e12e8b_3238,11606.5205
00e12e8b_3239,11606.559
00e12e8b_3240,11606.508
00e12e8b_3241,11606.48
00e12e8b_3242,11606.442
00e12e8b_3243,11606.406
00e12e8b_3244,11606.474
00e12e8b_3245,11606.47
00e12e8b_3246,11606.468
00e12e8b_3247,11606.388
00e12e8b_3248,11606.401
00e12e8b_3249,11606.29
00e12e8b_3250,11606.378
00e12e8b_3251,11606.312
00e12e8b_3252,11606.176
00e12e8b_3253,11606.134
00e12e8b_3254,11605.93
00e12e8b_3255,11605.964
00e12e8b_3256,11605.751
00e12e8b_3257,11605.675
00e12e8b_3258,11605.503
00e12e8b_3259,11605.442
00e12e8b_3260,11605.464
00e12e8b_3261,11605.3125
00e12e8b_3262,11605.2705
00e12e8b_3263,11605.21
00e12e8b_3264,11605.19
00e12e8b_3265,11605.202
00e12e8b_3266,11605.228
00e12e8b_3267,11605.25
00e12e8b_3268,11605.305
00e12e8b_3269,11605.343
00e12e8b_3270,11605.892
00e12e8b_3271,11605.935
00e12e8b_3272,11605.989
00e12e8b_3273,11606.047
00e12e8b_3274,11606.05
00e12e8b_3275,11606.069
00e12e8b_3276,11606.0
00e12e8b_3277,11605.957
00e12e8b_3278,11605.915
00e12e8b_3279,11605.856
00e12e8b_3280,11605.835
00e12e8b_3281,11605.805
00e12e8b_3282,11605.774
00e12e8b_3283,11605.7
00e12e8b_3284,11605.681
00e12e8b_3285,11605.624
00e12e8b_3286,11605.563
00e12e8b_3287,11605.536
00e12e8b_3288,11605.527
00e12e8b_3289,11605.513
00e12e8b_3290,11605.507
00e12e8b_3291,11605.504
00e12e8b_3292,11605.47
00e12e8b_3293,11605.468
00e12e8b_3294,11605.437
00e12e8b_3295,11605.456
00e12e8b_3296,11605.429
00e12e8b_3297,11605.442
00e12e8b_3298,11605.474
00e12e8b_3299,11605.539
00e12e8b_3300,11605.558
00e12e8b_3301,11605.6045
00e12e8b_3302,11606.222
00e12e8b_3303,11606.273
00e12e8b_3304,11606.274
00e12e8b_3305,11606.305
00e12e8b_3306,11606.343
00e12e8b_3307,11606.367
00e12e8b_3308,11606.36
00e12e8b_3309,11606.362
00e12e8b_3310,11606.36
00e12e8b_3311,11606.324
00e12e8b_3312,11606.341
00e12e8b_3313,11606.383
00e12e8b_3314,11606.356
00e12e8b_3315,11606.364
00e12e8b_3316,11606.359
00e12e8b_3317,11606.364
00e12e8b_3318,11606.315
00e12e8b_3319,11606.309
00e12e8b_3320,11606.335
00e12e8b_3321,11606.302
00e12e8b_3322,11606.284
00e12e8b_3323,11606.297
00e12e8b_3324,11606.2705
00e12e8b_3325,11606.272
00e12e8b_3326,11606.261
00e12e8b_3327,11606.27
00e12e8b_3328,11606.239
00e12e8b_3329,11606.241
00e12e8b_3330,11606.255
00e12e8b_3331,11606.245
00e12e8b_3332,11606.241
00e12e8b_3333,11606.259
00e12e8b_3334,11606.235
00e12e8b_3335,11606.227
00e12e8b_3336,11606.238
00e12e8b_3337,11606.216
00e12e8b_3338,11606.185
00e12e8b_3339,11606.214
00e12e8b_3340,11606.181
00e12e8b_3341,11606.181
00e12e8b_3342,11606.169
00e12e8b_3343,11606.149
00e12e8b_3344,11606.169
00e12e8b_3345,11606.157
00e12e8b_3346,11606.13
00e12e8b_3347,11606.13
00e12e8b_3348,11606.105
00e12e8b_3349,11606.128
00e12e8b_3350,11606.085
00e12e8b_3351,11606.05
00e12e8b_3352,11606.044
00e12e8b_3353,11606.007
00e12e8b_3354,11605.942
00e12e8b_3355,11605.909
00e12e8b_3356,11605.887
00e12e8b_3357,11605.847
00e12e8b_3358,11605.79
00e12e8b_3359,11605.742
00e12e8b_3360,11605.663
00e12e8b_3361,11605.616
00e12e8b_3362,11605.555
00e12e8b_3363,11605.5625
00e12e8b_3364,11605.524
00e12e8b_3365,11605.528
00e12e8b_3366,11605.505
00e12e8b_3367,11605.532
00e12e8b_3368,11605.573
00e12e8b_3369,11605.595
00e12e8b_3370,11606.112
00e12e8b_3371,11606.117
00e12e8b_3372,11606.148
00e12e8b_3373,11606.187
00e12e8b_3374,11606.204
00e12e8b_3375,11606.224
00e12e8b_3376,11606.235
00e12e8b_3377,11606.249
00e12e8b_3378,11606.1875
00e12e8b_3379,11606.21
00e12e8b_3380,11606.214
00e12e8b_3381,11606.22
00e12e8b_3382,11606.22
00e12e8b_3383,11606.227
00e12e8b_3384,11606.219
00e12e8b_3385,11606.1875
00e12e8b_3386,11606.161
00e12e8b_3387,11606.215
00e12e8b_3388,11606.181
00e12e8b_3389,11606.151
00e12e8b_3390,11606.089
00e12e8b_3391,11606.046
00e12e8b_3392,11606.0205
00e12e8b_3393,11605.987
00e12e8b_3394,11605.945
00e12e8b_3395,11605.961
00e12e8b_3396,11605.923
00e12e8b_3397,11605.91
00e12e8b_3398,11605.849
00e12e8b_3399,11605.835
00e12e8b_3400,11605.805
00e12e8b_3401,11605.745
00e12e8b_3402,11605.657
00e12e8b_3403,11605.638
00e12e8b_3404,11605.62
00e12e8b_3405,11605.633
00e12e8b_3406,11605.664
00e12e8b_3407,11605.672
00e12e8b_3408,11605.692
00e12e8b_3409,11605.735
00e12e8b_3410,11606.352
00e12e8b_3411,11606.371
00e12e8b_3412,11606.43
00e12e8b_3413,11606.464
00e12e8b_3414,11606.477
00e12e8b_3415,11606.453
00e12e8b_3416,11606.466
00e12e8b_3417,11606.452
00e12e8b_3418,11606.421
00e12e8b_3419,11606.417
00e12e8b_3420,11606.435
00e12e8b_3421,11606.398
00e12e8b_3422,11606.426
00e12e8b_3423,11606.401
00e12e8b_3424,11606.331
00e12e8b_3425,11606.325
00e12e8b_3426,11606.328
00e12e8b_3427,11606.272
00e12e8b_3428,11606.2705
00e12e8b_3429,11606.269
00e12e8b_3430,11606.243
00e12e8b_3431,11606.254
00e12e8b_3432,11606.347
00e12e8b_3433,11606.214
00e12e8b_3434,11606.211
00e12e8b_3435,11606.222
00e12e8b_3436,11606.2
00e12e8b_3437,11606.183
00e12e8b_3438,11606.183
00e12e8b_3439,11606.183
00e12e8b_3440,11606.3125
00e12e8b_3441,11606.222
00e12e8b_3442,11606.216
00e12e8b_3443,11606.224
00e12e8b_3444,11606.203
00e12e8b_3445,11606.332
00e12e8b_3446,11606.211
00e12e8b_3447,11606.203
00e12e8b_3448,11606.302
00e12e8b_3449,11606.203
00e12e8b_3450,11606.202
00e12e8b_3451,11606.183
00e12e8b_3452,11606.255
00e12e8b_3453,11606.145
00e12e8b_3454,11606.1045
00e12e8b_3455,11606.185
00e12e8b_3456,11606.059
00e12e8b_3457,11606.128
00e12e8b_3458,11605.991
00e12e8b_3459,11605.95
00e12e8b_3460,11606.042
00e12e8b_3461,11605.93
00e12e8b_3462,11605.935
00e12e8b_3463,11605.786
00e12e8b_3464,11605.781
00e12e8b_3465,11605.621
00e12e8b_3466,11605.714
00e12e8b_3467,11605.582
00e12e8b_3468,11605.71
00e12e8b_3469,11605.624
00e12e8b_3470,11605.742
00e12e8b_3471,11605.664
00e12e8b_3472,11606.266
00e12e8b_3473,11606.296
00e12e8b_3474,11606.211
00e12e8b_3475,11606.296
00e12e8b_3476,11606.181
00e12e8b_3477,11606.218
00e12e8b_3478,11606.163
00e12e8b_3479,11605.999
00e12e8b_3480,11606.051
00e12e8b_3481,11605.981
00e12e8b_3482,11605.845
00e12e8b_3483,11605.868
00e12e8b_3484,11605.794
00e12e8b_3485,11605.759
00e12e8b_3486,11605.622
00e12e8b_3487,11605.707
00e12e8b_3488,11605.679
00e12e8b_3489,11605.679
00e12e8b_3490,11605.569
00e12e8b_3491,11605.665
00e12e8b_3492,11605.634
00e12e8b_3493,11605.612
00e12e8b_3494,11605.634
00e12e8b_3495,11605.509
00e12e8b_3496,11605.613
00e12e8b_3497,11605.595
00e12e8b_3498,11605.538
00e12e8b_3499,11605.515
00e12e8b_3500,11605.556
00e12e8b_3501,11605.548
00e12e8b_3502,11605.499
00e12e8b_3503,11605.499
00e12e8b_3504,11605.398
00e12e8b_3505,11605.519
00e12e8b_3506,11605.495
00e12e8b_3507,11605.4795
00e12e8b_3508,11605.474
00e12e8b_3509,11605.458
00e12e8b_3510,11605.442
00e12e8b_3511,11605.383
00e12e8b_3512,11605.362
00e12e8b_3513,11605.325
00e12e8b_3514,11605.327
00e12e8b_3515,11605.37
00e12e8b_3516,11605.301
00e12e8b_3517,11605.304
00e12e8b_3518,11605.742
00e12e8b_3519,11605.772
00e12e8b_3520,11605.765
00e12e8b_3521,11605.78
00e12e8b_3522,11605.823
00e12e8b_3523,11605.827
00e12e8b_3524,11605.8955
00e12e8b_3525,11605.79
00e12e8b_3526,11605.758
00e12e8b_3527,11605.755
00e12e8b_3528,11605.742
00e12e8b_3529,11605.718
00e12e8b_3530,11605.789
00e12e8b_3531,11605.681
00e12e8b_3532,11605.667
00e12e8b_3533,11605.668
00e12e8b_3534,11605.715
00e12e8b_3535,11605.616
00e12e8b_3536,11605.554
00e12e8b_3537,11605.578
00e12e8b_3538,11605.505
00e12e8b_3539,11605.501
00e12e8b_3540,11605.483
00e12e8b_3541,11605.558
00e12e8b_3542,11605.477
00e12e8b_3543,11605.536
00e12e8b_3544,11605.437
00e12e8b_3545,11605.383
00e12e8b_3546,11605.461
00e12e8b_3547,11605.304
00e12e8b_3548,11605.2705
00e12e8b_3549,11605.328
00e12e8b_3550,11605.192
00e12e8b_3551,11605.257
00e12e8b_3552,11605.148
00e12e8b_3553,11605.211
00e12e8b_3554,11605.103
00e12e8b_3555,11605.206
00e12e8b_3556,11605.098
00e12e8b_3557,11605.141
00e12e8b_3558,11605.042
00e12e8b_3559,11605.12
00e12e8b_3560,11605.02
00e12e8b_3561,11605.09
00e12e8b_3562,11605.0
00e12e8b_3563,11605.065
00e12e8b_3564,11605.055
00e12e8b_3565,11604.966
00e12e8b_3566,11605.051
00e12e8b_3567,11604.953
00e12e8b_3568,11605.024
00e12e8b_3569,11605.077
00e12e8b_3570,11604.997
00e12e8b_3571,11605.089
00e12e8b_3572,11605.042
00e12e8b_3573,11604.938
00e12e8b_3574,11605.261
00e12e8b_3575,11605.239
00e12e8b_3576,11605.129
00e12e8b_3577,11605.199
00e12e8b_3578,11605.185
00e12e8b_3579,11605.058
00e12e8b_3580,11605.134
00e12e8b_3581,11605.1045
00e12e8b_3582,11605.008
00e12e8b_3583,11605.094
00e12e8b_3584,11605.085
00e12e8b_3585,11604.958
00e12e8b_3586,11605.023
00e12e8b_3587,11605.0
00e12e8b_3588,11604.976
00e12e8b_3589,11604.829
00e12e8b_3590,11604.906
00e12e8b_3591,11604.876
00e12e8b_3592,11604.774
00e12e8b_3593,11604.8
00e12e8b_3594,11604.651
00e12e8b_3595,11604.507
00e12e8b_3596,11604.395
00e12e8b_3597,11604.353
00e12e8b_3598,11604.273
00e12e8b_3599,11603.992
00e12e8b_3600,11603.938
00e12e8b_3601,11603.825
00e12e8b_3602,11603.739
00e12e8b_3603,11603.739
00e12e8b_3604,11603.661
00e12e8b_3605,11603.671
00e12e8b_3606,11603.508
00e12e8b_3607,11603.531
00e12e8b_3608,11603.522
00e12e8b_3609,11603.538
00e12e8b_3610,11603.397
00e12e8b_3611,11603.472
00e12e8b_3612,11603.438
00e12e8b_3613,11603.387
00e12e8b_3614,11603.281
00e12e8b_3615,11603.364
00e12e8b_3616,11603.327
00e12e8b_3617,11603.309
00e12e8b_3618,11603.224
00e12e8b_3619,11603.242
00e12e8b_3620,11603.234
00e12e8b_3621,11603.219
00e12e8b_3622,11603.176
00e12e8b_3623,11603.155
00e12e8b_3624,11603.246
00e12e8b_3625,11603.386
00e12e8b_3626,11603.286
00e12e8b_3627,11603.352
00e12e8b_3628,11603.3545
00e12e8b_3629,11603.29
00e12e8b_3630,11603.276
00e12e8b_3631,11603.151
00e12e8b_3632,11603.212
00e12e8b_3633,11603.222
00e12e8b_3634,11603.183
00e12e8b_3635,11603.176
00e12e8b_3636,11603.067
00e12e8b_3637,11603.138
00e12e8b_3638,11603.175
00e12e8b_3639,11603.211
00e12e8b_3640,11603.202
00e12e8b_3641,11603.003
00e12e8b_3642,11603.028
00e12e8b_3643,11603.0205
00e12e8b_3644,11602.966
00e12e8b_3645,11602.922
00e12e8b_3646,11602.75
00e12e8b_3647,11602.804
00e12e8b_3648,11602.737
00e12e8b_3649,11602.739
00e12e8b_3650,11602.704
00e12e8b_3651,11602.673
00e12e8b_3652,11602.578
00e12e8b_3653,11602.622
00e12e8b_3654,11602.625
00e12e8b_3655,11602.589
00e12e8b_3656,11602.609
00e12e8b_3657,11602.591
00e12e8b_3658,11602.477
00e12e8b_3659,11602.543
00e12e8b_3660,11602.513
00e12e8b_3661,11602.52
00e12e8b_3662,11602.513
00e12e8b_3663,11602.492
00e12e8b_3664,11602.4375
00e12e8b_3665,11602.328
00e12e8b_3666,11602.3545
00e12e8b_3667,11602.347
00e12e8b_3668,11602.336
00e12e8b_3669,11602.333
00e12e8b_3670,11602.293
00e12e8b_3671,11602.261
00e12e8b_3672,11602.253
00e12e8b_3673,11602.25
00e12e8b_3674,11602.237
00e12e8b_3675,11602.224
00e12e8b_3676,11602.172
00e12e8b_3677,11602.09
00e12e8b_3678,11602.409
00e12e8b_3679,11602.411
00e12e8b_3680,11602.325
00e12e8b_3681,11602.277
00e12e8b_3682,11602.301
00e12e8b_3683,11602.254
00e12e8b_3684,11602.2
00e12e8b_3685,11602.179
00e12e8b_3686,11602.112
00e12e8b_3687,11602.231
00e12e8b_3688,11602.286
00e12e8b_3689,11602.286
00e12e8b_3690,11602.262
00e12e8b_3691,11602.227
00e12e8b_3692,11602.215
00e12e8b_3693,11602.18
00e12e8b_3694,11602.159
00e12e8b_3695,11602.113
00e12e8b_3696,11602.082
00e12e8b_3697,11601.989
00e12e8b_3698,11601.901
00e12e8b_3699,11601.844
00e12e8b_3700,11601.802
00e12e8b_3701,11601.785
00e12e8b_3702,11601.8125
00e12e8b_3703,11601.808
00e12e8b_3704,11601.804
00e12e8b_3705,11601.784
00e12e8b_3706,11601.714
00e12e8b_3707,11601.712
00e12e8b_3708,11601.628
00e12e8b_3709,11601.598
00e12e8b_3710,11601.552
00e12e8b_3711,11601.55
00e12e8b_3712,11601.532
00e12e8b_3713,11601.503
00e12e8b_3714,11601.441
00e12e8b_3715,11601.374
00e12e8b_3716,11601.253
00e12e8b_3717,11601.231
00e12e8b_3718,11601.1875
00e12e8b_3719,11601.12
00e12e8b_3720,11601.047
00e12e8b_3721,11600.926
00e12e8b_3722,11600.872
00e12e8b_3723,11600.839
00e12e8b_3724,11600.808
00e12e8b_3725,11600.726
00e12e8b_3726,11600.7
00e12e8b_3727,11600.644
00e12e8b_3728,11600.644
00e12e8b_3729,11600.626
00e12e8b_3730,11600.625
00e12e8b_3731,11600.573
00e12e8b_3732,11600.56
00e12e8b_3733,11600.926
00e12e8b_3734,11600.839
00e12e8b_3735,11600.739
00e12e8b_3736,11600.746
00e12e8b_3737,11600.722
00e12e8b_3738,11600.656
00e12e8b_3739,11600.633
00e12e8b_3740,11600.599
00e12e8b_3741,11600.589
00e12e8b_3742,11600.554
00e12e8b_3743,11600.503
00e12e8b_3744,11600.485
00e12e8b_3745,11600.448
00e12e8b_3746,11600.422
00e12e8b_3747,11600.388
00e12e8b_3748,11600.343
00e12e8b_3749,11600.366
00e12e8b_3750,11600.414
00e12e8b_3751,11600.362
00e12e8b_3752,11600.3125
00e12e8b_3753,11600.262
00e12e8b_3754,11600.195
00e12e8b_3755,11600.132
00e12e8b_3756,11600.019
00e12e8b_3757,11599.96
00e12e8b_3758,11599.862
00e12e8b_3759,11599.797
00e12e8b_3760,11599.651
00e12e8b_3761,11599.594
00e12e8b_3762,11599.54
00e12e8b_3763,11599.48
00e12e8b_3764,11599.493
00e12e8b_3765,11599.457
00e12e8b_3766,11599.438
00e12e8b_3767,11599.46
00e12e8b_3768,11599.444
00e12e8b_3769,11599.437
00e12e8b_3770,11599.3955
00e12e8b_3771,11599.347
00e12e8b_3772,11599.356
00e12e8b_3773,11599.345
00e12e8b_3774,11599.333
00e12e8b_3775,11599.349
00e12e8b_3776,11599.419
00e12e8b_3777,11599.446
00e12e8b_3778,11599.454
00e12e8b_3779,11599.453
00e12e8b_3780,11599.442
00e12e8b_3781,11599.595
00e12e8b_3782,11599.599
00e12e8b_3783,11599.624
00e12e8b_3784,11599.664
00e12e8b_3785,11599.675
00e12e8b_3786,11599.673
00e12e8b_3787,11599.727
00e12e8b_3788,11599.765
00e12e8b_3789,11599.681
00e12e8b_3790,11599.712
00e12e8b_3791,11599.719
00e12e8b_3792,11599.8125
00e12e8b_3793,11599.751
00e12e8b_3794,11599.75
00e12e8b_3795,11599.743
00e12e8b_3796,11599.708
00e12e8b_3797,11599.716
00e12e8b_3798,11599.792
00e12e8b_3799,11599.794
00e12e8b_3800,11599.762
00e12e8b_3801,11599.761
00e12e8b_3802,11599.715
00e12e8b_3803,11599.75
00e12e8b_3804,11599.766
00e12e8b_3805,11599.737
00e12e8b_3806,11599.699
00e12e8b_3807,11599.625
00e12e8b_3808,11599.609
00e12e8b_3809,11599.542
00e12e8b_3810,11599.458
00e12e8b_3811,11599.41
00e12e8b_3812,11599.255
00e12e8b_3813,11599.161
00e12e8b_3814,11599.122
00e12e8b_3815,11599.13
00e12e8b_3816,11599.055
00e12e8b_3817,11599.038
00e12e8b_3818,11598.992
00e12e8b_3819,11598.921
00e12e8b_3820,11598.884
00e12e8b_3821,11598.844
00e12e8b_3822,11598.742
00e12e8b_3823,11598.672
00e12e8b_3824,11598.647
00e12e8b_3825,11598.563
00e12e8b_3826,11598.552
00e12e8b_3827,11598.591
00e12e8b_3828,11598.554
00e12e8b_3829,11598.559
00e12e8b_3830,11598.534
00e12e8b_3831,11598.499
00e12e8b_3832,11598.487
00e12e8b_3833,11598.489
00e12e8b_3834,11598.444
00e12e8b_3835,11598.45
00e12e8b_3836,11598.461
00e12e8b_3837,11598.414
00e12e8b_3838,11598.398
00e12e8b_3839,11598.394
00e12e8b_3840,11598.375
00e12e8b_3841,11598.606
00e12e8b_3842,11598.6455
00e12e8b_3843,11598.632
00e12e8b_3844,11598.531
00e12e8b_3845,11598.536
00e12e8b_3846,11598.579
00e12e8b_3847,11598.528
00e12e8b_3848,11598.535
00e12e8b_3849,11598.512
00e12e8b_3850,11598.511
00e12e8b_3851,11598.505
00e12e8b_3852,11598.484
00e12e8b_3853,11598.461
00e12e8b_3854,11598.448
00e12e8b_3855,11598.465
00e12e8b_3856,11598.421
00e12e8b_3857,11598.45
00e12e8b_3858,11598.435
00e12e8b_3859,11598.444
00e12e8b_3860,11598.431
00e12e8b_3861,11598.423
00e12e8b_3862,11598.411
00e12e8b_3863,11598.36
00e12e8b_3864,11598.372
00e12e8b_3865,11598.374
00e12e8b_3866,11598.371
00e12e8b_3867,11598.3545
00e12e8b_3868,11598.332
00e12e8b_3869,11598.339
00e12e8b_3870,11598.309
00e12e8b_3871,11598.276
00e12e8b_3872,11598.284
00e12e8b_3873,11598.261
00e12e8b_3874,11598.227
00e12e8b_3875,11598.18
00e12e8b_3876,11598.102
00e12e8b_3877,11598.128
00e12e8b_3878,11598.05
00e12e8b_3879,11598.035
00e12e8b_3880,11598.042
00e12e8b_3881,11597.984
00e12e8b_3882,11597.976
00e12e8b_3883,11598.0
00e12e8b_3884,11598.349
00e12e8b_3885,11598.376
00e12e8b_3886,11598.386
00e12e8b_3887,11598.383
00e12e8b_3888,11598.38
00e12e8b_3889,11598.388
00e12e8b_3890,11598.386
00e12e8b_3891,11598.347
00e12e8b_3892,11598.336
00e12e8b_3893,11598.3125
00e12e8b_3894,11598.241
00e12e8b_3895,11598.137
00e12e8b_3896,11598.059
00e12e8b_3897,11598.034
00e12e8b_3898,11597.995
00e12e8b_3899,11597.956
00e12e8b_3900,11597.933
00e12e8b_3901,11597.8545
00e12e8b_3902,11597.815
00e12e8b_3903,11597.79
00e12e8b_3904,11597.788
00e12e8b_3905,11597.747
00e12e8b_3906,11597.733
00e12e8b_3907,11597.718
00e12e8b_3908,11597.691
00e12e8b_3909,11597.632
00e12e8b_3910,11597.562
00e12e8b_3911,11597.528
00e12e8b_3912,11597.5
00e12e8b_3913,11597.403
00e12e8b_3914,11597.406
00e12e8b_3915,11597.405
00e12e8b_3916,11597.401
00e12e8b_3917,11597.379
00e12e8b_3918,11597.407
00e12e8b_3919,11597.379
00e12e8b_3920,11597.372
00e12e8b_3921,11597.366
00e12e8b_3922,11597.367
00e12e8b_3923,11597.348
00e12e8b_3924,11597.302
00e12e8b_3925,11597.247
00e12e8b_3926,11597.208
00e12e8b_3927,11597.181
00e12e8b_3928,11597.136
00e12e8b_3929,11597.07
00e12e8b_3930,11597.0625
00e12e8b_3931,11597.038
00e12e8b_3932,11597.004
00e12e8b_3933,11596.929
00e12e8b_3934,11596.914
00e12e8b_3935,11596.864
00e12e8b_3936,11596.831
00e12e8b_3937,11596.786
00e12e8b_3938,11596.75
00e12e8b_3939,11596.679
00e12e8b_3940,11596.574
00e12e8b_3941,11596.519
00e12e8b_3942,11596.504
00e12e8b_3943,11596.4795
00e12e8b_3944,11596.417
00e12e8b_3945,11596.398
00e12e8b_3946,11596.383
00e12e8b_3947,11596.356
00e12e8b_3948,11596.36
00e12e8b_3949,11596.84
00e12e8b_3950,11596.813
00e12e8b_3951,11596.788
00e12e8b_3952,11596.765
00e12e8b_3953,11596.747
00e12e8b_3954,11596.692
00e12e8b_3955,11596.672
00e12e8b_3956,11596.567
00e12e8b_3957,11596.47
00e12e8b_3958,11596.356
00e12e8b_3959,11596.253
00e12e8b_3960,11596.1875
00e12e8b_3961,11596.176
00e12e8b_3962,11596.12
00e12e8b_3963,11596.059
00e12e8b_3964,11596.019
00e12e8b_3965,11596.083
00e12e8b_3966,11596.134
00e12e8b_3967,11596.1045
00e12e8b_3968,11596.128
00e12e8b_3969,11596.109
00e12e8b_3970,11596.138
00e12e8b_3971,11596.074
00e12e8b_3972,11596.042
00e12e8b_3973,11595.938
00e12e8b_3974,11595.879
00e12e8b_3975,11595.866
00e12e8b_3976,11595.867
00e12e8b_3977,11595.816
00e12e8b_3978,11595.802
00e12e8b_3979,11595.741
00e12e8b_3980,11595.7295
00e12e8b_3981,11595.675
00e12e8b_3982,11595.598
00e12e8b_3983,11595.624
00e12e8b_3984,11595.61
00e12e8b_3985,11595.594
00e12e8b_3986,11596.043
00e12e8b_3987,11596.042
00e12e8b_3988,11596.042
00e12e8b_3989,11596.05
00e12e8b_3990,11596.038
00e12e8b_3991,11596.028
00e12e8b_3992,11595.987
00e12e8b_3993,11595.95
00e12e8b_3994,11595.903
00e12e8b_3995,11595.802
00e12e8b_3996,11595.714
00e12e8b_3997,11595.675
00e12e8b_3998,11595.616
00e12e8b_3999,11595.52
00e12e8b_4000,11595.445
00e12e8b_4001,11595.427
00e12e8b_4002,11595.409
00e12e8b_4003,11595.386
00e12e8b_4004,11595.328
00e12e8b_4005,11595.301
00e12e8b_4006,11595.278
00e12e8b_4007,11595.242
00e12e8b_4008,11595.234
00e12e8b_4009,11595.195
00e12e8b_4010,11595.073
00e12e8b_4011,11595.044
00e12e8b_4012,11594.953
00e12e8b_4013,11594.867
00e12e8b_4014,11594.948
00e12e8b_4015,11594.6455
00e12e8b_4016,11594.559
00e12e8b_4017,11594.452
00e12e8b_4018,11594.317
00e12e8b_4019,11594.176
00e12e8b_4020,11593.914
00e12e8b_4021,11594.028
00e12e8b_4022,11593.797
00e12e8b_4023,11593.724
00e12e8b_4024,11593.683
00e12e8b_4025,11593.632
00e12e8b_4026,11593.823
00e12e8b_4027,11593.575
00e12e8b_4028,11593.508
00e12e8b_4029,11593.409
00e12e8b_4030,11593.621
00e12e8b_4031,11593.3955
00e12e8b_4032,11593.339
00e12e8b_4033,11593.302
00e12e8b_4034,11593.434
00e12e8b_4035,11593.144
00e12e8b_4036,11593.101
00e12e8b_4037,11593.286
00e12e8b_4038,11593.0625
00e12e8b_4039,11592.945
00e12e8b_4040,11593.091
00e12e8b_4041,11592.891
00e12e8b_4042,11593.067
00e12e8b_4043,11592.862
00e12e8b_4044,11592.84
00e12e8b_4045,11592.97
00e12e8b_4046,11592.758
00e12e8b_4047,11592.632
00e12e8b_4048,11592.844
00e12e8b_4049,11592.565
00e12e8b_4050,11592.52
00e12e8b_4051,11592.513
00e12e8b_4052,11592.702
00e12e8b_4053,11592.448
00e12e8b_4054,11592.434
00e12e8b_4055,11592.797
00e12e8b_4056,11592.841
00e12e8b_4057,11592.797
00e12e8b_4058,11592.766
00e12e8b_4059,11592.844
00e12e8b_4060,11592.794
00e12e8b_4061,11592.708
00e12e8b_4062,11592.708
00e12e8b_4063,11592.63
00e12e8b_4064,11592.602
00e12e8b_4065,11592.534
00e12e8b_4066,11592.516
00e12e8b_4067,11592.508
00e12e8b_4068,11592.495
00e12e8b_4069,11592.477
00e12e8b_4070,11592.446
00e12e8b_4071,11592.397
00e12e8b_4072,11592.397
00e12e8b_4073,11592.327
00e12e8b_4074,11592.301
00e12e8b_4075,11592.247
00e12e8b_4076,11592.204
00e12e8b_4077,11592.159
00e12e8b_4078,11592.126
00e12e8b_4079,11592.101
00e12e8b_4080,11592.086
00e12e8b_4081,11592.03
00e12e8b_4082,11591.984
00e12e8b_4083,11592.017
00e12e8b_4084,11591.966
00e12e8b_4085,11591.961
00e12e8b_4086,11591.913
00e12e8b_4087,11591.93
00e12e8b_4088,11591.907
00e12e8b_4089,11592.301
00e12e8b_4090,11592.331
00e12e8b_4091,11592.3125
00e12e8b_4092,11592.281
00e12e8b_4093,11592.241
00e12e8b_4094,11592.208
00e12e8b_4095,11592.175
00e12e8b_4096,11592.198
00e12e8b_4097,11592.117
00e12e8b_4098,11592.122
00e12e8b_4099,11592.085
00e12e8b_4100,11592.142
00e12e8b_4101,11592.122
00e12e8b_4102,11592.073
00e12e8b_4103,11591.985
00e12e8b_4104,11592.043
00e12e8b_4105,11591.9795
00e12e8b_4106,11591.914
00e12e8b_4107,11591.987
00e12e8b_4108,11591.915
00e12e8b_4109,11591.815
00e12e8b_4110,11591.901
00e12e8b_4111,11591.802
00e12e8b_4112,11591.88
00e12e8b_4113,11591.832
00e12e8b_4114,11591.91
00e12e8b_4115,11591.78
00e12e8b_4116,11591.776
00e12e8b_4117,11591.847
00e12e8b_4118,11591.745
00e12e8b_4119,11591.715
00e12e8b_4120,11591.663
00e12e8b_4121,11591.633
00e12e8b_4122,11591.524
00e12e8b_4123,11591.4795
00e12e8b_4124,11591.426
00e12e8b_4125,11591.384
00e12e8b_4126,11591.421
00e12e8b_4127,11591.333
00e12e8b_4128,11591.277
00e12e8b_4129,11591.246
00e12e8b_4130,11591.192
00e12e8b_4131,11591.118
00e12e8b_4132,11591.083
00e12e8b_4133,11591.048
00e12e8b_4134,11591.023
00e12e8b_4135,11591.015
00e12e8b_4136,11590.8955
00e12e8b_4137,11590.964
00e12e8b_4138,11590.938
00e12e8b_4139,11590.81
00e12e8b_4140,11590.876
00e12e8b_4141,11590.841
00e12e8b_4142,11590.645
00e12e8b_4143,11590.738
00e12e8b_4144,11590.609
00e12e8b_4145,11590.677
00e12e8b_4146,11590.556
00e12e8b_4147,11590.497
00e12e8b_4148,11590.464
00e12e8b_4149,11590.423
00e12e8b_4150,11590.476
00e12e8b_4151,11590.339
00e12e8b_4152,11590.298
00e12e8b_4153,11590.305
00e12e8b_4154,11590.284
00e12e8b_4155,11590.312
00e12e8b_4156,11590.3125
00e12e8b_4157,11590.259
00e12e8b_4158,11590.223
00e12e8b_4159,11590.3
00e12e8b_4160,11590.606
00e12e8b_4161,11590.57
00e12e8b_4162,11590.586
00e12e8b_4163,11590.585
00e12e8b_4164,11590.5625
00e12e8b_4165,11590.556
00e12e8b_4166,11590.5
00e12e8b_4167,11590.444
00e12e8b_4168,11590.426
00e12e8b_4169,11590.449
00e12e8b_4170,11590.464
00e12e8b_4171,11590.477
00e12e8b_4172,11590.468
00e12e8b_4173,11590.491
00e12e8b_4174,11590.487
00e12e8b_4175,11590.517
00e12e8b_4176,11590.461
00e12e8b_4177,11590.48
00e12e8b_4178,11590.444
00e12e8b_4179,11590.448
00e12e8b_4180,11590.427
00e12e8b_4181,11590.456
00e12e8b_4182,11590.4795
00e12e8b_4183,11590.493
00e12e8b_4184,11590.484
00e12e8b_4185,11590.438
00e12e8b_4186,11590.448
00e12e8b_4187,11590.419
00e12e8b_4188,11590.427
00e12e8b_4189,11590.397
00e12e8b_4190,11590.388
00e12e8b_4191,11590.398
00e12e8b_4192,11590.413
00e12e8b_4193,11590.452
00e12e8b_4194,11590.47
00e12e8b_4195,11590.953
00e12e8b_4196,11591.007
00e12e8b_4197,11591.015
00e12e8b_4198,11590.995
00e12e8b_4199,11591.023
00e12e8b_4200,11591.074
00e12e8b_4201,11591.077
00e12e8b_4202,11591.102
00e12e8b_4203,11591.1045
00e12e8b_4204,11591.144
00e12e8b_4205,11591.153
00e12e8b_4206,11591.212
00e12e8b_4207,11591.237
00e12e8b_4208,11591.219
00e12e8b_4209,11591.305
00e12e8b_4210,11591.301
00e12e8b_4211,11591.359
00e12e8b_4212,11591.339
00e12e8b_4213,11591.403
00e12e8b_4214,11591.462
00e12e8b_4215,11591.453
00e12e8b_4216,11591.433
00e12e8b_4217,11591.491
00e12e8b_4218,11591.5205
00e12e8b_4219,11591.531
00e12e8b_4220,11591.562
00e12e8b_4221,11591.591
00e12e8b_4222,11591.575
00e12e8b_4223,11591.586
00e12e8b_4224,11591.595
00e12e8b_4225,11591.597
00e12e8b_4226,11591.59
00e12e8b_4227,11591.603
00e12e8b_4228,11591.609
00e12e8b_4229,11591.602
00e12e8b_4230,11591.62
00e12e8b_4231,11591.636
00e12e8b_4232,11591.633
00e12e8b_4233,11591.632
00e12e8b_4234,11591.671
00e12e8b_4235,11591.648
00e12e8b_4236,11591.683
00e12e8b_4237,11591.661
00e12e8b_4238,11591.653
00e12e8b_4239,11591.657
00e12e8b_4240,11591.633
00e12e8b_4241,11591.653
00e12e8b_4242,11591.688
00e12e8b_4243,11591.6455
00e12e8b_4244,11591.663
00e12e8b_4245,11591.645
00e12e8b_4246,11591.633
00e12e8b_4247,11591.703
00e12e8b_4248,11591.681
00e12e8b_4249,11591.71
00e12e8b_4250,11591.68
00e12e8b_4251,11591.746
00e12e8b_4252,11591.703
00e12e8b_4253,11591.804
00e12e8b_4254,11591.8
00e12e8b_4255,11591.817
00e12e8b_4256,11591.849
00e12e8b_4257,11591.874
00e12e8b_4258,11591.8955
00e12e8b_4259,11591.864
00e12e8b_4260,11592.016
00e12e8b_4261,11592.056
00e12e8b_4262,11592.078
00e12e8b_4263,11592.159
00e12e8b_4264,11592.245
00e12e8b_4265,11592.324
00e12e8b_4266,11592.567
00e12e8b_4267,11592.613
00e12e8b_4268,11592.669
00e12e8b_4269,11592.6455
00e12e8b_4270,11592.688
00e12e8b_4271,11592.703
00e12e8b_4272,11592.695
00e12e8b_4273,11592.698
00e12e8b_4274,11592.766
00e12e8b_4275,11592.774
00e12e8b_4276,11592.782
00e12e8b_4277,11592.8125
00e12e8b_4278,11592.816
00e12e8b_4279,11592.856
00e12e8b_4280,11592.902
00e12e8b_4281,11592.871
00e12e8b_4282,11592.88
00e12e8b_4283,11592.952
00e12e8b_4284,11592.968
00e12e8b_4285,11592.993
00e12e8b_4286,11592.969
00e12e8b_4287,11593.008
00e12e8b_4288,11593.073
00e12e8b_4289,11593.128
00e12e8b_4290,11593.212
00e12e8b_4291,11593.183
00e12e8b_4292,11593.181
00e12e8b_4293,11593.2
00e12e8b_4294,11593.298
00e12e8b_4295,11593.285
00e12e8b_4296,11593.274
00e12e8b_4297,11593.298
00e12e8b_4298,11593.315
00e12e8b_4299,11593.332
00e12e8b_4300,11593.414
00e12e8b_4301,11593.434
00e12e8b_4302,11593.833
00e12e8b_4303,11593.855
00e12e8b_4304,11593.853
00e12e8b_4305,11593.957
00e12e8b_4306,11593.913
00e12e8b_4307,11593.935
00e12e8b_4308,11593.938
00e12e8b_4309,11594.044
00e12e8b_4310,11594.042
00e12e8b_4311,11594.042
00e12e8b_4312,11594.044
00e12e8b_4313,11594.043
00e12e8b_4314,11594.052
00e12e8b_4315,11594.0625
00e12e8b_4316,11594.063
00e12e8b_4317,11594.0625
00e12e8b_4318,11594.086
00e12e8b_4319,11594.099
00e12e8b_4320,11594.069
00e12e8b_4321,11594.081
00e12e8b_4322,11594.094
00e12e8b_4323,11594.056
00e12e8b_4324,11594.09
00e12e8b_4325,11594.093
00e12e8b_4326,11594.11
00e12e8b_4327,11594.141
00e12e8b_4328,11594.167
00e12e8b_4329,11594.156
00e12e8b_4330,11594.215
00e12e8b_4331,11594.172
00e12e8b_4332,11594.242
00e12e8b_4333,11594.331
00e12e8b_4334,11594.372
00e12e8b_4335,11594.422
00e12e8b_4336,11594.44
00e12e8b_4337,11594.448
00e12e8b_4338,11594.478
00e12e8b_4339,11594.5625
00e12e8b_4340,11594.612
00e12e8b_4341,11594.698
00e12e8b_4342,11594.749
00e12e8b_4343,11594.774
00e12e8b_4344,11594.86
00e12e8b_4345,11594.887
00e12e8b_4346,11594.962
00e12e8b_4347,11595.038
00e12e8b_4348,11595.058
00e12e8b_4349,11595.081
00e12e8b_4350,11595.173
00e12e8b_4351,11595.177
00e12e8b_4352,11595.192
00e12e8b_4353,11595.167
00e12e8b_4354,11595.203
00e12e8b_4355,11595.293
00e12e8b_4356,11595.277
00e12e8b_4357,11595.308
00e12e8b_4358,11595.296
00e12e8b_4359,11595.315
00e12e8b_4360,11595.336
00e12e8b_4361,11595.358
00e12e8b_4362,11595.36
00e12e8b_4363,11595.374
00e12e8b_4364,11595.348
00e12e8b_4365,11595.427
00e12e8b_4366,11595.418
00e12e8b_4367,11595.434
00e12e8b_4368,11595.527
00e12e8b_4369,11595.54
00e12e8b_4370,11595.565
00e12e8b_4371,11595.591
00e12e8b_4372,11595.684
00e12e8b_4373,11595.703
00e12e8b_4374,11595.691
00e12e8b_4375,11595.656
00e12e8b_4376,11595.714
00e12e8b_4377,11595.715
00e12e8b_4378,11595.711
00e12e8b_4379,11595.691
00e12e8b_4380,11595.711
00e12e8b_4381,11595.747
00e12e8b_4382,11595.815
00e12e8b_4383,11595.849
00e12e8b_4384,11595.833
00e12e8b_4385,11595.836
00e12e8b_4386,11595.785
00e12e8b_4387,11595.823
00e12e8b_4388,11595.767
00e12e8b_4389,11595.808
00e12e8b_4390,11595.816
00e12e8b_4391,11595.8
00e12e8b_4392,11595.844
00e12e8b_4393,11595.827
00e12e8b_4394,11595.841
00e12e8b_4395,11595.96
00e12e8b_4396,11596.005
00e12e8b_4397,11596.058
00e12e8b_4398,11596.062
00e12e8b_4399,11596.099
00e12e8b_4400,11596.126
00e12e8b_4401,11596.13
00e12e8b_4402,11596.192
00e12e8b_4403,11596.18
00e12e8b_4404,11596.198
00e12e8b_4405,11596.3
00e12e8b_4406,11596.329
00e12e8b_4407,11596.386
00e12e8b_4408,11596.899
00e12e8b_4409,11597.008
00e12e8b_4410,11597.083
00e12e8b_4411,11597.172
00e12e8b_4412,11597.207
00e12e8b_4413,11597.3
00e12e8b_4414,11597.348
00e12e8b_4415,11597.378
00e12e8b_4416,11597.308
00e12e8b_4417,11597.437
00e12e8b_4418,11597.453
00e12e8b_4419,11597.484
00e12e8b_4420,11597.425
00e12e8b_4421,11597.44
00e12e8b_4422,11597.445
00e12e8b_4423,11597.456
00e12e8b_4424,11597.484
00e12e8b_4425,11597.485
00e12e8b_4426,11597.501
00e12e8b_4427,11597.492
00e12e8b_4428,11597.512
00e12e8b_4429,11597.5
00e12e8b_4430,11597.511
00e12e8b_4431,11597.513
00e12e8b_4432,11597.53
00e12e8b_4433,11597.548
00e12e8b_4434,11597.586
00e12e8b_4435,11597.652
00e12e8b_4436,11597.706
00e12e8b_4437,11597.716
00e12e8b_4438,11597.8
00e12e8b_4439,11597.804
00e12e8b_4440,11597.776
00e12e8b_4441,11597.786
00e12e8b_4442,11597.7705
00e12e8b_4443,11597.762
00e12e8b_4444,11597.733
00e12e8b_4445,11597.722
00e12e8b_4446,11597.698
00e12e8b_4447,11597.677
00e12e8b_4448,11597.579
00e12e8b_4449,11597.622
00e12e8b_4450,11597.598
00e12e8b_4451,11597.5625
00e12e8b_4452,11597.489
00e12e8b_4453,11597.492
00e12e8b_4454,11597.4795
00e12e8b_4455,11597.487
00e12e8b_4456,11597.493
00e12e8b_4457,11597.485
00e12e8b_4458,11597.468
00e12e8b_4459,11597.503
00e12e8b_4460,11597.495
00e12e8b_4461,11597.487
00e12e8b_4462,11597.507
00e12e8b_4463,11597.523
00e12e8b_4464,11597.558
00e12e8b_4465,11597.526
00e12e8b_4466,11597.543
00e12e8b_4467,11597.565
00e12e8b_4468,11597.575
00e12e8b_4469,11597.5205
00e12e8b_4470,11597.583
00e12e8b_4471,11597.539
00e12e8b_4472,11597.554
00e12e8b_4473,11597.551
00e12e8b_4474,11597.583
00e12e8b_4475,11597.532
00e12e8b_4476,11597.581
00e12e8b_4477,11597.602
00e12e8b_4478,11597.724
00e12e8b_4479,11597.758
00e12e8b_4480,11597.753
00e12e8b_4481,11597.813
00e12e8b_4482,11597.808
00e12e8b_4483,11597.79
00e12e8b_4484,11597.813
00e12e8b_4485,11597.862
00e12e8b_4486,11597.848
00e12e8b_4487,11597.913
00e12e8b_4488,11597.9375
00e12e8b_4489,11597.948
00e12e8b_4490,11597.997
00e12e8b_4491,11597.992
00e12e8b_4492,11598.063
00e12e8b_4493,11598.081
00e12e8b_4494,11598.116
00e12e8b_4495,11598.1045
00e12e8b_4496,11598.124
00e12e8b_4497,11598.14
00e12e8b_4498,11598.169
00e12e8b_4499,11598.149
00e12e8b_4500,11598.16
00e12e8b_4501,11598.173
00e12e8b_4502,11598.208
00e12e8b_4503,11598.181
00e12e8b_4504,11598.202
00e12e8b_4505,11598.227
00e12e8b_4506,11598.272
00e12e8b_4507,11598.292
00e12e8b_4508,11598.289
00e12e8b_4509,11598.294
00e12e8b_4510,11598.317
00e12e8b_4511,11598.305
00e12e8b_4512,11598.325
00e12e8b_4513,11598.547
00e12e8b_4514,11598.587
00e12e8b_4515,11598.617
00e12e8b_4516,11598.625
00e12e8b_4517,11598.69
00e12e8b_4518,11598.712
00e12e8b_4519,11598.781
00e12e8b_4520,11598.782
00e12e8b_4521,11598.833
00e12e8b_4522,11598.872
00e12e8b_4523,11598.864
00e12e8b_4524,11598.917
00e12e8b_4525,11598.89
00e12e8b_4526,11598.973
00e12e8b_4527,11598.989
00e12e8b_4528,11598.972
00e12e8b_4529,11598.977
00e12e8b_4530,11599.019
00e12e8b_4531,11599.031
00e12e8b_4532,11599.087
00e12e8b_4533,11599.081
00e12e8b_4534,11599.095
00e12e8b_4535,11599.12
00e12e8b_4536,11599.128
00e12e8b_4537,11599.206
00e12e8b_4538,11599.298
00e12e8b_4539,11599.352
00e12e8b_4540,11599.358
00e12e8b_4541,11599.399
00e12e8b_4542,11599.438
00e12e8b_4543,11599.466
00e12e8b_4544,11599.528
00e12e8b_4545,11599.465
00e12e8b_4546,11599.435
00e12e8b_4547,11599.419
00e12e8b_4548,11599.427
00e12e8b_4549,11599.358
00e12e8b_4550,11599.383
00e12e8b_4551,11599.372
00e12e8b_4552,11599.333
00e12e8b_4553,11599.355
00e12e8b_4554,11599.347
00e12e8b_4555,11599.351
00e12e8b_4556,11599.364
00e12e8b_4557,11599.333
00e12e8b_4558,11599.316
00e12e8b_4559,11599.336
00e12e8b_4560,11599.336
00e12e8b_4561,11599.317
00e12e8b_4562,11599.333
00e12e8b_4563,11599.305
00e12e8b_4564,11599.339
00e12e8b_4565,11599.347
00e12e8b_4566,11599.337
00e12e8b_4567,11599.348
00e12e8b_4568,11599.34
00e12e8b_4569,11599.343
00e12e8b_4570,11599.356
00e12e8b_4571,11599.343
00e12e8b_4572,11599.327
00e12e8b_4573,11599.32
00e12e8b_4574,11599.323
00e12e8b_4575,11599.315
00e12e8b_4576,11599.276
00e12e8b_4577,11599.3545
00e12e8b_4578,11599.351
00e12e8b_4579,11599.386
00e12e8b_4580,11599.37
00e12e8b_4581,11599.403
00e12e8b_4582,11599.401
00e12e8b_4583,11599.679
00e12e8b_4584,11599.719
00e12e8b_4585,11599.749
00e12e8b_4586,11599.73
00e12e8b_4587,11599.782
00e12e8b_4588,11599.786
00e12e8b_4589,11599.796
00e12e8b_4590,11599.788
00e12e8b_4591,11599.776
00e12e8b_4592,11599.781
00e12e8b_4593,11599.808
00e12e8b_4594,11599.827
00e12e8b_4595,11599.817
00e12e8b_4596,11599.828
00e12e8b_4597,11599.8545
00e12e8b_4598,11599.8545
00e12e8b_4599,11599.8545
00e12e8b_4600,11599.864
00e12e8b_4601,11599.828
00e12e8b_4602,11599.813
00e12e8b_4603,11599.824
00e12e8b_4604,11599.824
00e12e8b_4605,11599.819
00e12e8b_4606,11599.816
00e12e8b_4607,11599.808
00e12e8b_4608,11599.828
00e12e8b_4609,11599.81
00e12e8b_4610,11599.802
00e12e8b_4611,11599.819
00e12e8b_4612,11599.817
00e12e8b_4613,11599.821
00e12e8b_4614,11599.828
00e12e8b_4615,11599.827
00e12e8b_4616,11599.906
00e12e8b_4617,11599.91
00e12e8b_4618,11600.164
00e12e8b_4619,11600.161
00e12e8b_4620,11600.199
00e12e8b_4621,11600.195
00e12e8b_4622,11600.208
00e12e8b_4623,11600.223
00e12e8b_4624,11600.223
00e12e8b_4625,11600.222
00e12e8b_4626,11600.227
00e12e8b_4627,11600.21
00e12e8b_4628,11600.19
00e12e8b_4629,11600.257
00e12e8b_4630,11600.238
00e12e8b_4631,11600.231
00e12e8b_4632,11600.258
00e12e8b_4633,11600.241
00e12e8b_4634,11600.255
00e12e8b_4635,11600.234
00e12e8b_4636,11600.273
00e12e8b_4637,11600.25
00e12e8b_4638,11600.281
00e12e8b_4639,11600.282
00e12e8b_4640,11600.292
00e12e8b_4641,11600.323
00e12e8b_4642,11600.367
00e12e8b_4643,11600.372
00e12e8b_4644,11600.364
00e12e8b_4645,11600.379
00e12e8b_4646,11600.37
00e12e8b_4647,11600.378
00e12e8b_4648,11600.375
00e12e8b_4649,11600.402
00e12e8b_4650,11600.418
00e12e8b_4651,11600.415
00e12e8b_4652,11600.554
00e12e8b_4653,11600.503
00e12e8b_4654,11600.516
00e12e8b_4655,11600.511
00e12e8b_4656,11600.481
00e12e8b_4657,11600.48
00e12e8b_4658,11600.458
00e12e8b_4659,11600.46
00e12e8b_4660,11600.464
00e12e8b_4661,11600.458
00e12e8b_4662,11600.406
00e12e8b_4663,11600.41
00e12e8b_4664,11600.409
00e12e8b_4665,11600.347
00e12e8b_4666,11600.36
00e12e8b_4667,11600.395
00e12e8b_4668,11600.481
00e12e8b_4669,11600.574
00e12e8b_4670,11600.659
00e12e8b_4671,11600.664
00e12e8b_4672,11600.724
00e12e8b_4673,11600.761
00e12e8b_4674,11600.808
00e12e8b_4675,11600.817
00e12e8b_4676,11600.802
00e12e8b_4677,11600.831
00e12e8b_4678,11600.845
00e12e8b_4679,11600.903
00e12e8b_4680,11600.9375
00e12e8b_4681,11600.952
00e12e8b_4682,11600.95
00e12e8b_4683,11600.978
00e12e8b_4684,11601.003
00e12e8b_4685,11601.052
00e12e8b_4686,11601.102
00e12e8b_4687,11601.077
00e12e8b_4688,11601.017
00e12e8b_4689,11601.222
00e12e8b_4690,11601.212
00e12e8b_4691,11601.176
00e12e8b_4692,11601.192
00e12e8b_4693,11601.208
00e12e8b_4694,11601.241
00e12e8b_4695,11601.254
00e12e8b_4696,11601.263
00e12e8b_4697,11601.292
00e12e8b_4698,11601.294
00e12e8b_4699,11601.351
00e12e8b_4700,11601.358
00e12e8b_4701,11601.3955
00e12e8b_4702,11601.427
00e12e8b_4703,11601.453
00e12e8b_4704,11601.417
00e12e8b_4705,11601.422
00e12e8b_4706,11601.457
00e12e8b_4707,11601.454
00e12e8b_4708,11601.503
00e12e8b_4709,11601.512
00e12e8b_4710,11601.542
00e12e8b_4711,11601.532
00e12e8b_4712,11601.583
00e12e8b_4713,11601.61
00e12e8b_4714,11601.567
00e12e8b_4715,11601.578
00e12e8b_4716,11601.594
00e12e8b_4717,11601.652
00e12e8b_4718,11601.647
00e12e8b_4719,11601.648
00e12e8b_4720,11601.704
00e12e8b_4721,11601.733
00e12e8b_4722,11601.7295
00e12e8b_4723,11601.739
00e12e8b_4724,11601.981
00e12e8b_4725,11602.017
00e12e8b_4726,11601.973
00e12e8b_4727,11601.969
00e12e8b_4728,11601.953
00e12e8b_4729,11601.976
00e12e8b_4730,11601.976
00e12e8b_4731,11601.991
00e12e8b_4732,11601.981
00e12e8b_4733,11601.992
00e12e8b_4734,11601.981
00e12e8b_4735,11601.972
00e12e8b_4736,11601.983
00e12e8b_4737,11601.957
00e12e8b_4738,11601.961
00e12e8b_4739,11601.987
00e12e8b_4740,11602.019
00e12e8b_4741,11602.059
00e12e8b_4742,11602.07
00e12e8b_4743,11602.097
00e12e8b_4744,11602.099
00e12e8b_4745,11602.114
00e12e8b_4746,11602.138
00e12e8b_4747,11602.159
00e12e8b_4748,11602.141
00e12e8b_4749,11602.152
00e12e8b_4750,11602.141
00e12e8b_4751,11602.129
00e12e8b_4752,11602.12
00e12e8b_4753,11602.099
00e12e8b_4754,11602.091
00e12e8b_4755,11602.109
00e12e8b_4756,11602.149
00e12e8b_4757,11602.128
00e12e8b_4758,11602.13
00e12e8b_4759,11602.103
00e12e8b_4760,11602.108
00e12e8b_4761,11602.058
00e12e8b_4762,11601.972
00e12e8b_4763,11601.934
00e12e8b_4764,11601.909
00e12e8b_4765,11601.888
00e12e8b_4766,11601.886
00e12e8b_4767,11601.88
00e12e8b_4768,11601.802
00e12e8b_4769,11601.8
00e12e8b_4770,11601.766
00e12e8b_4771,11601.762
00e12e8b_4772,11601.761
00e12e8b_4773,11601.753
00e12e8b_4774,11601.733
00e12e8b_4775,11601.723
00e12e8b_4776,11601.719
00e12e8b_4777,11601.6875
00e12e8b_4778,11601.668
00e12e8b_4779,11601.648
00e12e8b_4780,11601.624
00e12e8b_4781,11601.586
00e12e8b_4782,11601.569
00e12e8b_4783,11601.5625
00e12e8b_4784,11601.552
00e12e8b_4785,11601.543
00e12e8b_4786,11601.535
00e12e8b_4787,11601.497
00e12e8b_4788,11601.493
00e12e8b_4789,11601.489
00e12e8b_4790,11601.492
00e12e8b_4791,11601.473
00e12e8b_4792,11601.5
00e12e8b_4793,11601.47
00e12e8b_4794,11601.437
00e12e8b_4795,11601.633
00e12e8b_4796,11601.602
00e12e8b_4797,11601.614
00e12e8b_4798,11601.585
00e12e8b_4799,11601.599
00e12e8b_4800,11601.566
00e12e8b_4801,11601.555
00e12e8b_4802,11601.546
00e12e8b_4803,11601.546
00e12e8b_4804,11601.575
00e12e8b_4805,11601.538
00e12e8b_4806,11601.508
00e12e8b_4807,11601.508
00e12e8b_4808,11601.491
00e12e8b_4809,11601.481
00e12e8b_4810,11601.46
00e12e8b_4811,11601.461
00e12e8b_4812,11601.441
00e12e8b_4813,11601.411
00e12e8b_4814,11601.431
00e12e8b_4815,11601.409
00e12e8b_4816,11601.399
00e12e8b_4817,11601.364
00e12e8b_4818,11601.339
00e12e8b_4819,11601.352
00e12e8b_4820,11601.312
00e12e8b_4821,11601.288
00e12e8b_4822,11601.261
00e12e8b_4823,11601.253
00e12e8b_4824,11601.247
00e12e8b_4825,11601.2705
00e12e8b_4826,11601.254
00e12e8b_4827,11601.263
00e12e8b_4828,11601.2705
00e12e8b_4829,11601.329
00e12e8b_4830,11601.683
00e12e8b_4831,11601.755
00e12e8b_4832,11601.766
00e12e8b_4833,11601.819
00e12e8b_4834,11601.81
00e12e8b_4835,11601.832
00e12e8b_4836,11601.817
00e12e8b_4837,11601.823
00e12e8b_4838,11601.81
00e12e8b_4839,11601.8
00e12e8b_4840,11601.813
00e12e8b_4841,11601.802
00e12e8b_4842,11601.819
00e12e8b_4843,11601.82
00e12e8b_4844,11601.828
00e12e8b_4845,11601.8125
00e12e8b_4846,11601.839
00e12e8b_4847,11601.841
00e12e8b_4848,11601.821
00e12e8b_4849,11601.856
00e12e8b_4850,11601.867
00e12e8b_4851,11601.876
00e12e8b_4852,11601.868
00e12e8b_4853,11601.86
00e12e8b_4854,11601.864
00e12e8b_4855,11601.888
00e12e8b_4856,11601.903
00e12e8b_4857,11601.91
00e12e8b_4858,11601.923
00e12e8b_4859,11601.93
00e12e8b_4860,11601.958
00e12e8b_4861,11601.921
00e12e8b_4862,11601.957
00e12e8b_4863,11601.958
00e12e8b_4864,11601.969
00e12e8b_4865,11601.97
00e12e8b_4866,11601.993
00e12e8b_4867,11601.992
00e12e8b_4868,11601.966
00e12e8b_4869,11601.923
00e12e8b_4870,11601.898
00e12e8b_4871,11601.88
00e12e8b_4872,11601.858
00e12e8b_4873,11601.862
00e12e8b_4874,11601.833
00e12e8b_4875,11601.805
00e12e8b_4876,11601.804
00e12e8b_4877,11601.793
00e12e8b_4878,11601.776
00e12e8b_4879,11601.751
00e12e8b_4880,11601.77
00e12e8b_4881,11601.746
00e12e8b_4882,11601.738
00e12e8b_4883,11601.719
00e12e8b_4884,11601.731
00e12e8b_4885,11601.72
00e12e8b_4886,11601.734
00e12e8b_4887,11601.722
00e12e8b_4888,11601.735
00e12e8b_4889,11601.745
00e12e8b_4890,11601.741
00e12e8b_4891,11601.716
00e12e8b_4892,11601.755
00e12e8b_4893,11601.714
00e12e8b_4894,11601.739
00e12e8b_4895,11601.727
00e12e8b_4896,11601.699
00e12e8b_4897,11601.687
00e12e8b_4898,11601.68
00e12e8b_4899,11601.651
00e12e8b_4900,11601.825
00e12e8b_4901,11601.804
00e12e8b_4902,11601.808
00e12e8b_4903,11601.796
00e12e8b_4904,11601.784
00e12e8b_4905,11601.782
00e12e8b_4906,11601.785
00e12e8b_4907,11601.742
00e12e8b_4908,11601.735
00e12e8b_4909,11601.72
00e12e8b_4910,11601.702
00e12e8b_4911,11601.6875
00e12e8b_4912,11601.695
00e12e8b_4913,11601.695
00e12e8b_4914,11601.707
00e12e8b_4915,11601.688
00e12e8b_4916,11601.696
00e12e8b_4917,11601.687
00e12e8b_4918,11601.664
00e12e8b_4919,11601.633
00e12e8b_4920,11601.657
00e12e8b_4921,11601.644
00e12e8b_4922,11601.612
00e12e8b_4923,11601.628
00e12e8b_4924,11601.63
00e12e8b_4925,11601.651
00e12e8b_4926,11601.677
00e12e8b_4927,11601.706
00e12e8b_4928,11601.699
00e12e8b_4929,11601.767
00e12e8b_4930,11601.778
00e12e8b_4931,11601.789
00e12e8b_4932,11601.805
00e12e8b_4933,11601.794
00e12e8b_4934,11601.793
00e12e8b_4935,11601.804
00e12e8b_4936,11602.237
00e12e8b_4937,11602.228
00e12e8b_4938,11602.245
00e12e8b_4939,11602.261
00e12e8b_4940,11602.269
00e12e8b_4941,11602.278
00e12e8b_4942,11602.274
00e12e8b_4943,11602.261
00e12e8b_4944,11602.274
00e12e8b_4945,11602.262
00e12e8b_4946,11602.289
00e12e8b_4947,11602.259
00e12e8b_4948,11602.263
00e12e8b_4949,11602.241
00e12e8b_4950,11602.22
00e12e8b_4951,11602.231
00e12e8b_4952,11602.239
00e12e8b_4953,11602.224
00e12e8b_4954,11602.242
00e12e8b_4955,11602.212
00e12e8b_4956,11602.204
00e12e8b_4957,11602.228
00e12e8b_4958,11602.214
00e12e8b_4959,11602.218
00e12e8b_4960,11602.211
00e12e8b_4961,11602.192
00e12e8b_4962,11602.177
00e12e8b_4963,11602.167
00e12e8b_4964,11602.157
00e12e8b_4965,11602.156
00e12e8b_4966,11602.179
00e12e8b_4967,11602.161
00e12e8b_4968,11602.165
00e12e8b_4969,11602.2
00e12e8b_4970,11602.2295
00e12e8b_4971,11602.257
00e12e8b_4972,11602.266
00e12e8b_4973,11602.258
00e12e8b_4974,11602.257
00e12e8b_4975,11602.249
00e12e8b_4976,11602.224
00e12e8b_4977,11602.167
00e12e8b_4978,11602.168
00e12e8b_4979,11602.112
00e12e8b_4980,11602.079
00e12e8b_4981,11602.03
00e12e8b_4982,11602.013
00e12e8b_4983,11601.97
00e12e8b_4984,11601.923
00e12e8b_4985,11601.886
00e12e8b_4986,11601.839
00e12e8b_4987,11601.87
00e12e8b_4988,11601.836
00e12e8b_4989,11601.833
00e12e8b_4990,11601.815
00e12e8b_4991,11601.833
00e12e8b_4992,11601.823
00e12e8b_4993,11601.824
00e12e8b_4994,11601.804
00e12e8b_4995,11601.766
00e12e8b_4996,11601.746
00e12e8b_4997,11601.726
00e12e8b_4998,11601.622
00e12e8b_4999,11601.574
00e12e8b_5000,11601.531
00e12e8b_5001,11601.485
00e12e8b_5002,11601.446
00e12e8b_5003,11601.398
00e12e8b_5004,11601.386
00e12e8b_5005,11601.609
00e12e8b_5006,11601.581
00e12e8b_5007,11601.508
00e12e8b_5008,11601.474
00e12e8b_5009,11601.435
00e12e8b_5010,11601.398
00e12e8b_5011,11601.336
00e12e8b_5012,11601.289
00e12e8b_5013,11601.254
00e12e8b_5014,11601.227
00e12e8b_5015,11601.1875
00e12e8b_5016,11601.161
00e12e8b_5017,11601.159
00e12e8b_5018,11601.137
00e12e8b_5019,11601.163
00e12e8b_5020,11601.167
00e12e8b_5021,11601.192
00e12e8b_5022,11601.195
00e12e8b_5023,11601.199
00e12e8b_5024,11601.246
00e12e8b_5025,11601.242
00e12e8b_5026,11601.259
00e12e8b_5027,11601.278
00e12e8b_5028,11601.2705
00e12e8b_5029,11601.259
00e12e8b_5030,11601.258
00e12e8b_5031,11601.231
00e12e8b_5032,11601.196
00e12e8b_5033,11601.219
00e12e8b_5034,11601.19
00e12e8b_5035,11601.114
00e12e8b_5036,11601.086
00e12e8b_5037,11601.098
00e12e8b_5038,11601.081
00e12e8b_5039,11601.069
00e12e8b_5040,11601.079
00e12e8b_5041,11601.03
00e12e8b_5042,11601.1455
00e12e8b_5043,11601.117
00e12e8b_5044,11601.109
00e12e8b_5045,11601.103
00e12e8b_5046,11601.059
00e12e8b_5047,11600.964
00e12e8b_5048,11600.972
00e12e8b_5049,11600.935
00e12e8b_5050,11600.95
00e12e8b_5051,11600.915
00e12e8b_5052,11600.875
00e12e8b_5053,11600.848
00e12e8b_5054,11600.855
00e12e8b_5055,11600.823
00e12e8b_5056,11600.786
00e12e8b_5057,11600.765
00e12e8b_5058,11600.761
00e12e8b_5059,11600.745
00e12e8b_5060,11600.7295
00e12e8b_5061,11600.731
00e12e8b_5062,11600.727
00e12e8b_5063,11600.749
00e12e8b_5064,11600.726
00e12e8b_5065,11600.734
00e12e8b_5066,11600.7295
00e12e8b_5067,11600.7295
00e12e8b_5068,11600.731
00e12e8b_5069,11600.714
00e12e8b_5070,11600.708
00e12e8b_5071,11600.683
00e12e8b_5072,11600.716
00e12e8b_5073,11600.711
00e12e8b_5074,11600.698
00e12e8b_5075,11600.69
00e12e8b_5076,11600.684
00e12e8b_5077,11600.698
00e12e8b_5078,11600.69
00e12e8b_5079,11600.691
00e12e8b_5080,11600.685
00e12e8b_5081,11600.661
00e12e8b_5082,11600.773
00e12e8b_5083,11600.612
00e12e8b_5084,11600.608
00e12e8b_5085,11600.499
00e12e8b_5086,11600.457
00e12e8b_5087,11600.376
00e12e8b_5088,11600.317
00e12e8b_5089,11600.298
00e12e8b_5090,11600.265
00e12e8b_5091,11600.227
00e12e8b_5092,11600.195
00e12e8b_5093,11600.195
00e12e8b_5094,11600.161
00e12e8b_5095,11600.16
00e12e8b_5096,11600.165
00e12e8b_5097,11600.276
00e12e8b_5098,11600.144
00e12e8b_5099,11600.109
00e12e8b_5100,11600.019
00e12e8b_5101,11600.005
00e12e8b_5102,11600.0625
00e12e8b_5103,11599.837
00e12e8b_5104,11599.754
00e12e8b_5105,11599.698
00e12e8b_5106,11599.724
00e12e8b_5107,11599.551
00e12e8b_5108,11599.421
00e12e8b_5109,11599.489
00e12e8b_5110,11599.578
00e12e8b_5111,11599.547
00e12e8b_5112,11599.594
00e12e8b_5113,11599.358
00e12e8b_5114,11599.36
00e12e8b_5115,11599.233
00e12e8b_5116,11599.231
00e12e8b_5117,11599.296
00e12e8b_5118,11599.187
00e12e8b_5119,11599.315
00e12e8b_5120,11599.19
00e12e8b_5121,11599.257
00e12e8b_5122,11599.155
00e12e8b_5123,11599.237
00e12e8b_5124,11599.125
00e12e8b_5125,11599.192
00e12e8b_5126,11599.132
00e12e8b_5127,11598.996
00e12e8b_5128,11599.073
00e12e8b_5129,11598.903
00e12e8b_5130,11599.004
00e12e8b_5131,11599.008
00e12e8b_5132,11598.883
00e12e8b_5133,11598.992
00e12e8b_5134,11598.953
00e12e8b_5135,11598.859
00e12e8b_5136,11598.978
00e12e8b_5137,11598.984
00e12e8b_5138,11598.942
00e12e8b_5139,11598.849
00e12e8b_5140,11598.944
00e12e8b_5141,11598.952
00e12e8b_5142,11598.922
00e12e8b_5143,11598.94
00e12e8b_5144,11598.812
00e12e8b_5145,11598.95
00e12e8b_5146,11598.952
00e12e8b_5147,11598.923
00e12e8b_5148,11599.124
00e12e8b_5149,11599.098
00e12e8b_5150,11599.056
00e12e8b_5151,11599.04
00e12e8b_5152,11598.917
00e12e8b_5153,11599.038
00e12e8b_5154,11599.042
00e12e8b_5155,11599.039
00e12e8b_5156,11599.055
00e12e8b_5157,11599.047
00e12e8b_5158,11599.034
00e12e8b_5159,11599.039
00e12e8b_5160,11599.094
00e12e8b_5161,11599.004
00e12e8b_5162,11598.995
00e12e8b_5163,11599.004
00e12e8b_5164,11599.007
00e12e8b_5165,11598.987
00e12e8b_5166,11598.966
00e12e8b_5167,11598.9795
00e12e8b_5168,11598.962
00e12e8b_5169,11599.028
00e12e8b_5170,11598.952
00e12e8b_5171,11598.926
00e12e8b_5172,11598.944
00e12e8b_5173,11598.988
00e12e8b_5174,11598.925
00e12e8b_5175,11598.901
00e12e8b_5176,11598.897
00e12e8b_5177,11598.969
00e12e8b_5178,11598.875
00e12e8b_5179,11598.849
00e12e8b_5180,11598.922
00e12e8b_5181,11598.819
00e12e8b_5182,11598.784
00e12e8b_5183,11598.886
00e12e8b_5184,11598.765
00e12e8b_5185,11598.761
00e12e8b_5186,11598.847
00e12e8b_5187,11598.728
00e12e8b_5188,11598.699
00e12e8b_5189,11598.661
00e12e8b_5190,11598.6455
00e12e8b_5191,11598.614
00e12e8b_5192,11598.591
00e12e8b_5193,11598.472
00e12e8b_5194,11598.422
00e12e8b_5195,11598.402
00e12e8b_5196,11598.398
00e12e8b_5197,11598.355
00e12e8b_5198,11598.294
00e12e8b_5199,11598.276
00e12e8b_5200,11598.259
00e12e8b_5201,11598.156
00e12e8b_5202,11598.2295
00e12e8b_5203,11598.23
00e12e8b_5204,11598.081
00e12e8b_5205,11598.195
00e12e8b_5206,11598.06
00e12e8b_5207,11598.169
00e12e8b_5208,11598.142
00e12e8b_5209,11597.958
00e12e8b_5210,11597.941
00e12e8b_5211,11598.027
00e12e8b_5212,11597.898
00e12e8b_5213,11597.9375
00e12e8b_5214,11597.796
00e12e8b_5215,11597.794
00e12e8b_5216,11597.794
00e12e8b_5217,11598.099
00e12e8b_5218,11598.008
00e12e8b_5219,11597.995
00e12e8b_5220,11598.059
00e12e8b_5221,11597.914
00e12e8b_5222,11597.93
00e12e8b_5223,11597.891
00e12e8b_5224,11597.898
00e12e8b_5225,11597.84
00e12e8b_5226,11597.833
00e12e8b_5227,11597.813
00e12e8b_5228,11597.813
00e12e8b_5229,11597.755
00e12e8b_5230,11597.747
00e12e8b_5231,11597.727
00e12e8b_5232,11597.735
00e12e8b_5233,11597.706
00e12e8b_5234,11597.723
00e12e8b_5235,11597.691
00e12e8b_5236,11597.706
00e12e8b_5237,11597.691
00e12e8b_5238,11597.719
00e12e8b_5239,11597.664
00e12e8b_5240,11597.677
00e12e8b_5241,11597.665
00e12e8b_5242,11597.667
00e12e8b_5243,11597.605
00e12e8b_5244,11597.644
00e12e8b_5245,11597.593
00e12e8b_5246,11597.599
00e12e8b_5247,11597.515
00e12e8b_5248,11597.461
00e12e8b_5249,11597.417
00e12e8b_5250,11597.386
00e12e8b_5251,11597.407
00e12e8b_5252,11597.394
00e12e8b_5253,11597.3955
00e12e8b_5254,11597.4375
00e12e8b_5255,11597.659
00e12e8b_5256,11597.653
00e12e8b_5257,11597.661
00e12e8b_5258,11597.644
00e12e8b_5259,11597.659
00e12e8b_5260,11597.665
00e12e8b_5261,11597.667
00e12e8b_5262,11597.714
00e12e8b_5263,11597.664
00e12e8b_5264,11597.659
00e12e8b_5265,11597.663
00e12e8b_5266,11597.703
00e12e8b_5267,11597.712
00e12e8b_5268,11597.671
00e12e8b_5269,11597.672
00e12e8b_5270,11597.685
00e12e8b_5271,11597.668
00e12e8b_5272,11597.679
00e12e8b_5273,11597.683
00e12e8b_5274,11597.665
00e12e8b_5275,11597.672
00e12e8b_5276,11597.675
00e12e8b_5277,11597.695
00e12e8b_5278,11597.6875
00e12e8b_5279,11597.685
00e12e8b_5280,11597.679
00e12e8b_5281,11597.694
00e12e8b_5282,11597.69
00e12e8b_5283,11597.692
00e12e8b_5284,11597.6875
00e12e8b_5285,11597.683
00e12e8b_5286,11597.694
00e12e8b_5287,11597.694
00e12e8b_5288,11597.707
00e12e8b_5289,11597.737
00e12e8b_5290,11597.745
00e12e8b_5291,11597.722
00e12e8b_5292,11597.755
00e12e8b_5293,11597.749
00e12e8b_5294,11597.733
00e12e8b_5295,11597.735
00e12e8b_5296,11597.761
00e12e8b_5297,11597.759
00e12e8b_5298,11597.742
00e12e8b_5299,11597.767
00e12e8b_5300,11597.728
00e12e8b_5301,11597.727
00e12e8b_5302,11597.699
00e12e8b_5303,11597.6875
00e12e8b_5304,11597.673
00e12e8b_5305,11597.679
00e12e8b_5306,11597.699
00e12e8b_5307,11597.703
00e12e8b_5308,11597.679
00e12e8b_5309,11597.727
00e12e8b_5310,11597.711
00e12e8b_5311,11597.683
00e12e8b_5312,11597.676
00e12e8b_5313,11597.667
00e12e8b_5314,11597.655
00e12e8b_5315,11597.676
00e12e8b_5316,11597.677
00e12e8b_5317,11597.659
00e12e8b_5318,11597.681
00e12e8b_5319,11597.655
00e12e8b_5320,11597.669
00e12e8b_5321,11597.673
00e12e8b_5322,11597.659
00e12e8b_5323,11597.786
00e12e8b_5324,11597.836
00e12e8b_5325,11597.851
00e12e8b_5326,11597.86
00e12e8b_5327,11597.871
00e12e8b_5328,11597.862
00e12e8b_5329,11597.812
00e12e8b_5330,11597.836
00e12e8b_5331,11597.806
00e12e8b_5332,11597.819
00e12e8b_5333,11597.812
00e12e8b_5334,11597.821
00e12e8b_5335,11597.843
00e12e8b_5336,11597.817
00e12e8b_5337,11597.798
00e12e8b_5338,11597.784
00e12e8b_5339,11597.802
00e12e8b_5340,11597.773
00e12e8b_5341,11597.753
00e12e8b_5342,11597.757
00e12e8b_5343,11597.749
00e12e8b_5344,11597.745
00e12e8b_5345,11597.747
00e12e8b_5346,11597.73
00e12e8b_5347,11597.731
00e12e8b_5348,11597.716
00e12e8b_5349,11597.72
00e12e8b_5350,11597.723
00e12e8b_5351,11597.711
00e12e8b_5352,11597.698
00e12e8b_5353,11597.667
00e12e8b_5354,11597.681
00e12e8b_5355,11597.636
00e12e8b_5356,11597.645
00e12e8b_5357,11597.636
00e12e8b_5358,11597.663
00e12e8b_5359,11597.679
00e12e8b_5360,11597.668
00e12e8b_5361,11597.987
00e12e8b_5362,11598.001
00e12e8b_5363,11598.05
00e12e8b_5364,11598.026
00e12e8b_5365,11598.056
00e12e8b_5366,11598.042
00e12e8b_5367,11598.043
00e12e8b_5368,11598.047
00e12e8b_5369,11598.027
00e12e8b_5370,11598.036
00e12e8b_5371,11598.016
00e12e8b_5372,11597.981
00e12e8b_5373,11598.02
00e12e8b_5374,11597.984
00e12e8b_5375,11597.974
00e12e8b_5376,11597.981
00e12e8b_5377,11597.983
00e12e8b_5378,11597.969
00e12e8b_5379,11597.953
00e12e8b_5380,11597.958
00e12e8b_5381,11597.962
00e12e8b_5382,11597.958
00e12e8b_5383,11597.944
00e12e8b_5384,11597.94
00e12e8b_5385,11597.933
00e12e8b_5386,11597.942
00e12e8b_5387,11597.94
00e12e8b_5388,11597.88
00e12e8b_5389,11597.888
00e12e8b_5390,11597.931
00e12e8b_5391,11597.897
00e12e8b_5392,11597.898
00e12e8b_5393,11597.879
00e12e8b_5394,11597.868
00e12e8b_5395,11597.876
00e12e8b_5396,11597.878
00e12e8b_5397,11597.862
00e12e8b_5398,11597.871
00e12e8b_5399,11597.864
00e12e8b_5400,11597.878
00e12e8b_5401,11597.884
00e12e8b_5402,11597.864
00e12e8b_5403,11597.898
00e12e8b_5404,11597.909
00e12e8b_5405,11597.918
00e12e8b_5406,11597.903
00e12e8b_5407,11597.905
00e12e8b_5408,11597.911
00e12e8b_5409,11597.891
00e12e8b_5410,11597.905
00e12e8b_5411,11597.913
00e12e8b_5412,11597.888
00e12e8b_5413,11597.884
00e12e8b_5414,11597.876
00e12e8b_5415,11597.86
00e12e8b_5416,11597.87
00e12e8b_5417,11597.785
00e12e8b_5418,11597.773
00e12e8b_5419,11597.735
00e12e8b_5420,11597.766
00e12e8b_5421,11597.766
00e12e8b_5422,11597.75
00e12e8b_5423,11597.766
00e12e8b_5424,11597.743
00e12e8b_5425,11597.781
00e12e8b_5426,11597.992
00e12e8b_5427,11598.05
00e12e8b_5428,11598.065
00e12e8b_5429,11598.094
00e12e8b_5430,11598.136
00e12e8b_5431,11598.121
00e12e8b_5432,11598.122
00e12e8b_5433,11598.138
00e12e8b_5434,11598.176
00e12e8b_5435,11598.153
00e12e8b_5436,11598.169
00e12e8b_5437,11598.153
00e12e8b_5438,11598.177
00e12e8b_5439,11598.152
00e12e8b_5440,11598.167
00e12e8b_5441,11598.169
00e12e8b_5442,11598.167
00e12e8b_5443,11598.18
00e12e8b_5444,11598.226
00e12e8b_5445,11598.23
00e12e8b_5446,11598.292
00e12e8b_5447,11598.2705
00e12e8b_5448,11598.265
00e12e8b_5449,11598.273
00e12e8b_5450,11598.219
00e12e8b_5451,11598.251
00e12e8b_5452,11598.151
00e12e8b_5453,11598.187
00e12e8b_5454,11598.113
00e12e8b_5455,11598.052
00e12e8b_5456,11598.009
00e12e8b_5457,11598.0205
00e12e8b_5458,11598.011
00e12e8b_5459,11597.991
00e12e8b_5460,11598.028
00e12e8b_5461,11597.981
00e12e8b_5462,11597.989
00e12e8b_5463,11597.992
00e12e8b_5464,11598.005
00e12e8b_5465,11598.0205
00e12e8b_5466,11598.044
00e12e8b_5467,11598.319
00e12e8b_5468,11598.344
00e12e8b_5469,11598.364
00e12e8b_5470,11598.38
00e12e8b_5471,11598.402
00e12e8b_5472,11598.401
00e12e8b_5473,11598.407
00e12e8b_5474,11598.39
00e12e8b_5475,11598.367
00e12e8b_5476,11598.37
00e12e8b_5477,11598.376
00e12e8b_5478,11598.366
00e12e8b_5479,11598.394
00e12e8b_5480,11598.403
00e12e8b_5481,11598.434
00e12e8b_5482,11598.577
00e12e8b_5483,11598.633
00e12e8b_5484,11598.664
00e12e8b_5485,11598.837
00e12e8b_5486,11598.805
00e12e8b_5487,11598.745
00e12e8b_5488,11598.715
00e12e8b_5489,11598.68
00e12e8b_5490,11598.5205
00e12e8b_5491,11598.472
00e12e8b_5492,11598.433
00e12e8b_5493,11598.375
00e12e8b_5494,11598.312
00e12e8b_5495,11598.246
00e12e8b_5496,11598.25
00e12e8b_5497,11598.238
00e12e8b_5498,11598.231
00e12e8b_5499,11598.224
00e12e8b_5500,11598.237
00e12e8b_5501,11598.224
00e12e8b_5502,11598.19
00e12e8b_5503,11598.195
00e12e8b_5504,11598.207
00e12e8b_5505,11598.2
00e12e8b_5506,11598.202
00e12e8b_5507,11598.192
00e12e8b_5508,11598.181
00e12e8b_5509,11598.185
00e12e8b_5510,11598.203
00e12e8b_5511,11598.176
00e12e8b_5512,11598.18
00e12e8b_5513,11598.211
00e12e8b_5514,11598.171
00e12e8b_5515,11598.167
00e12e8b_5516,11598.168
00e12e8b_5517,11598.156
00e12e8b_5518,11598.122
00e12e8b_5519,11598.1045
00e12e8b_5520,11598.11
00e12e8b_5521,11598.081
00e12e8b_5522,11598.081
00e12e8b_5523,11598.058
00e12e8b_5524,11598.07
00e12e8b_5525,11598.077
00e12e8b_5526,11598.056
00e12e8b_5527,11598.052
00e12e8b_5528,11598.07
00e12e8b_5529,11598.081
00e12e8b_5530,11598.293
00e12e8b_5531,11598.305
00e12e8b_5532,11598.286
00e12e8b_5533,11598.258
00e12e8b_5534,11598.249
00e12e8b_5535,11598.245
00e12e8b_5536,11598.233
00e12e8b_5537,11598.231
00e12e8b_5538,11598.219
00e12e8b_5539,11598.227
00e12e8b_5540,11598.218
00e12e8b_5541,11598.223
00e12e8b_5542,11598.216
00e12e8b_5543,11598.194
00e12e8b_5544,11598.204
00e12e8b_5545,11598.2
00e12e8b_5546,11598.199
00e12e8b_5547,11598.181
00e12e8b_5548,11598.177
00e12e8b_5549,11598.184
00e12e8b_5550,11598.177
00e12e8b_5551,11598.177
00e12e8b_5552,11598.175
00e12e8b_5553,11598.155
00e12e8b_5554,11598.137
00e12e8b_5555,11598.145
00e12e8b_5556,11598.134
00e12e8b_5557,11598.129
00e12e8b_5558,11598.128
00e12e8b_5559,11598.094
00e12e8b_5560,11598.103
00e12e8b_5561,11598.112
00e12e8b_5562,11598.112
00e12e8b_5563,11598.122
00e12e8b_5564,11598.085
00e12e8b_5565,11598.102
00e12e8b_5566,11598.121
00e12e8b_5567,11598.097
00e12e8b_5568,11598.105
00e12e8b_5569,11598.094
00e12e8b_5570,11598.1045
00e12e8b_5571,11598.1045
00e12e8b_5572,11598.116
00e12e8b_5573,11598.245
00e12e8b_5574,11598.19
00e12e8b_5575,11598.176
00e12e8b_5576,11598.2
00e12e8b_5577,11598.2295
00e12e8b_5578,11598.228
00e12e8b_5579,11598.237
00e12e8b_5580,11598.235
00e12e8b_5581,11598.223
00e12e8b_5582,11598.239
00e12e8b_5583,11598.286
00e12e8b_5584,11598.231
00e12e8b_5585,11598.286
00e12e8b_5586,11598.31
00e12e8b_5587,11598.327
00e12e8b_5588,11598.309
00e12e8b_5589,11598.37
00e12e8b_5590,11598.352
00e12e8b_5591,11598.34
00e12e8b_5592,11598.362
00e12e8b_5593,11598.352
00e12e8b_5594,11598.364
00e12e8b_5595,11598.364
00e12e8b_5596,11598.376
00e12e8b_5597,11598.383
00e12e8b_5598,11598.367
00e12e8b_5599,11598.36
00e12e8b_5600,11598.375
00e12e8b_5601,11598.379
00e12e8b_5602,11598.386
00e12e8b_5603,11598.407
00e12e8b_5604,11598.411
00e12e8b_5605,11598.391
00e12e8b_5606,11598.409
00e12e8b_5607,11598.392
00e12e8b_5608,11598.399
00e12e8b_5609,11598.433
00e12e8b_5610,11598.429
00e12e8b_5611,11598.418
00e12e8b_5612,11598.422
00e12e8b_5613,11598.4375
00e12e8b_5614,11598.433
00e12e8b_5615,11598.409
00e12e8b_5616,11598.445
00e12e8b_5617,11598.403
00e12e8b_5618,11598.425
00e12e8b_5619,11598.43
00e12e8b_5620,11598.43
00e12e8b_5621,11598.464
00e12e8b_5622,11598.448
00e12e8b_5623,11598.4375
00e12e8b_5624,11598.418
00e12e8b_5625,11598.44
00e12e8b_5626,11598.449
00e12e8b_5627,11598.456
00e12e8b_5628,11598.417
00e12e8b_5629,11598.4375
00e12e8b_5630,11598.445
00e12e8b_5631,11598.501
00e12e8b_5632,11598.516
00e12e8b_5633,11598.528
00e12e8b_5634,11598.586
00e12e8b_5635,11598.841
00e12e8b_5636,11598.871
00e12e8b_5637,11598.875
00e12e8b_5638,11598.921
00e12e8b_5639,11599.005
00e12e8b_5640,11598.925
00e12e8b_5641,11599.005
00e12e8b_5642,11598.989
00e12e8b_5643,11599.042
00e12e8b_5644,11598.948
00e12e8b_5645,11598.952
00e12e8b_5646,11599.031
00e12e8b_5647,11599.028
00e12e8b_5648,11598.9795
00e12e8b_5649,11599.039
00e12e8b_5650,11599.056
00e12e8b_5651,11599.032
00e12e8b_5652,11598.992
00e12e8b_5653,11599.06
00e12e8b_5654,11599.067
00e12e8b_5655,11599.036
00e12e8b_5656,11599.059
00e12e8b_5657,11599.083
00e12e8b_5658,11599.095
00e12e8b_5659,11599.055
00e12e8b_5660,11599.0205
00e12e8b_5661,11599.023
00e12e8b_5662,11599.083
00e12e8b_5663,11599.097
00e12e8b_5664,11599.114
00e12e8b_5665,11599.151
00e12e8b_5666,11599.138
00e12e8b_5667,11599.134
00e12e8b_5668,11599.165
00e12e8b_5669,11599.175
00e12e8b_5670,11599.187
00e12e8b_5671,11599.198
00e12e8b_5672,11599.164
00e12e8b_5673,11599.169
00e12e8b_5674,11599.185
00e12e8b_5675,11599.159
00e12e8b_5676,11599.12
00e12e8b_5677,11599.106
00e12e8b_5678,11599.093
00e12e8b_5679,11599.1045
00e12e8b_5680,11599.081
00e12e8b_5681,11599.231
00e12e8b_5682,11599.228
00e12e8b_5683,11599.227
00e12e8b_5684,11599.216
00e12e8b_5685,11599.218
00e12e8b_5686,11599.239
00e12e8b_5687,11599.231
00e12e8b_5688,11599.216
00e12e8b_5689,11599.223
00e12e8b_5690,11599.234
00e12e8b_5691,11599.228
00e12e8b_5692,11599.234
00e12e8b_5693,11599.21
00e12e8b_5694,11599.23
00e12e8b_5695,11599.202
00e12e8b_5696,11599.198
00e12e8b_5697,11599.1875
00e12e8b_5698,11599.195
00e12e8b_5699,11599.175
00e12e8b_5700,11599.183
00e12e8b_5701,11599.19
00e12e8b_5702,11599.187
00e12e8b_5703,11599.2
00e12e8b_5704,11599.215
00e12e8b_5705,11599.196
00e12e8b_5706,11599.195
00e12e8b_5707,11599.196
00e12e8b_5708,11599.21
00e12e8b_5709,11599.2
00e12e8b_5710,11599.228
00e12e8b_5711,11599.207
00e12e8b_5712,11599.241
00e12e8b_5713,11599.223
00e12e8b_5714,11599.237
00e12e8b_5715,11599.245
00e12e8b_5716,11599.261
00e12e8b_5717,11599.253
00e12e8b_5718,11599.259
00e12e8b_5719,11599.255
00e12e8b_5720,11599.261
00e12e8b_5721,11599.266
00e12e8b_5722,11599.285
00e12e8b_5723,11599.288
00e12e8b_5724,11599.319
00e12e8b_5725,11599.313
00e12e8b_5726,11599.319
00e12e8b_5727,11599.323
00e12e8b_5728,11599.349
00e12e8b_5729,11599.355
00e12e8b_5730,11599.356
00e12e8b_5731,11599.37
00e12e8b_5732,11599.387
00e12e8b_5733,11599.362
00e12e8b_5734,11599.306
00e12e8b_5735,11599.325
00e12e8b_5736,11599.325
00e12e8b_5737,11599.317
00e12e8b_5738,11599.294
00e12e8b_5739,11599.308
00e12e8b_5740,11599.344
00e12e8b_5741,11599.706
00e12e8b_5742,11599.755
00e12e8b_5743,11599.763
00e12e8b_5744,11599.763
00e12e8b_5745,11599.778
00e12e8b_5746,11599.773
00e12e8b_5747,11599.762
00e12e8b_5748,11599.776
00e12e8b_5749,11599.749
00e12e8b_5750,11599.75
00e12e8b_5751,11599.734
00e12e8b_5752,11599.711
00e12e8b_5753,11599.66
00e12e8b_5754,11599.681
00e12e8b_5755,11599.711
00e12e8b_5756,11599.716
00e12e8b_5757,11599.708
00e12e8b_5758,11599.745
00e12e8b_5759,11599.724
00e12e8b_5760,11599.708
00e12e8b_5761,11599.699
00e12e8b_5762,11599.71
00e12e8b_5763,11599.722
00e12e8b_5764,11599.691
00e12e8b_5765,11599.722
00e12e8b_5766,11599.683
00e12e8b_5767,11599.702
00e12e8b_5768,11599.698
00e12e8b_5769,11599.687
00e12e8b_5770,11599.653
00e12e8b_5771,11599.622
00e12e8b_5772,11599.618
00e12e8b_5773,11599.609
00e12e8b_5774,11599.597
00e12e8b_5775,11599.621
00e12e8b_5776,11599.61
00e12e8b_5777,11599.634
00e12e8b_5778,11599.602
00e12e8b_5779,11599.581
00e12e8b_5780,11599.637
00e12e8b_5781,11599.606
00e12e8b_5782,11599.665
00e12e8b_5783,11599.676
00e12e8b_5784,11599.692
00e12e8b_5785,11599.696
00e12e8b_5786,11599.917
00e12e8b_5787,11599.93
00e12e8b_5788,11599.941
00e12e8b_5789,11599.953
00e12e8b_5790,11599.956
00e12e8b_5791,11599.962
00e12e8b_5792,11599.961
00e12e8b_5793,11599.972
00e12e8b_5794,11599.995
00e12e8b_5795,11600.013
00e12e8b_5796,11599.985
00e12e8b_5797,11600.001
00e12e8b_5798,11599.992
00e12e8b_5799,11599.995
00e12e8b_5800,11600.003
00e12e8b_5801,11600.017
00e12e8b_5802,11600.017
00e12e8b_5803,11599.993
00e12e8b_5804,11600.028
00e12e8b_5805,11600.054
00e12e8b_5806,11600.063
00e12e8b_5807,11600.083
00e12e8b_5808,11600.114
00e12e8b_5809,11600.113
00e12e8b_5810,11600.122
00e12e8b_5811,11600.13
00e12e8b_5812,11600.157
00e12e8b_5813,11600.157
00e12e8b_5814,11600.151
00e12e8b_5815,11600.184
00e12e8b_5816,11600.176
00e12e8b_5817,11600.1875
00e12e8b_5818,11600.194
00e12e8b_5819,11600.1875
00e12e8b_5820,11600.202
00e12e8b_5821,11600.2
00e12e8b_5822,11600.202
00e12e8b_5823,11600.211
00e12e8b_5824,11600.194
00e12e8b_5825,11600.211
00e12e8b_5826,11600.208
00e12e8b_5827,11600.224
00e12e8b_5828,11600.304
00e12e8b_5829,11600.302
00e12e8b_5830,11600.313
00e12e8b_5831,11600.38
00e12e8b_5832,11600.39
00e12e8b_5833,11600.474
00e12e8b_5834,11600.519
00e12e8b_5835,11600.544
00e12e8b_5836,11600.581
00e12e8b_5837,11600.6045
00e12e8b_5838,11600.612
00e12e8b_5839,11600.695
00e12e8b_5840,11600.727
00e12e8b_5841,11600.703
00e12e8b_5842,11600.753
00e12e8b_5843,11600.777
00e12e8b_5844,11600.75
00e12e8b_5845,11600.734
00e12e8b_5846,11600.757
00e12e8b_5847,11600.772
00e12e8b_5848,11600.763
00e12e8b_5849,11600.789
00e12e8b_5850,11600.782
00e12e8b_5851,11600.808
00e12e8b_5852,11600.79
00e12e8b_5853,11600.81
00e12e8b_5854,11600.828
00e12e8b_5855,11600.801
00e12e8b_5856,11600.827
00e12e8b_5857,11600.8125
00e12e8b_5858,11600.796
00e12e8b_5859,11600.848
00e12e8b_5860,11600.852
00e12e8b_5861,11600.851
00e12e8b_5862,11600.852
00e12e8b_5863,11600.895
00e12e8b_5864,11600.925
00e12e8b_5865,11600.923
00e12e8b_5866,11600.938
00e12e8b_5867,11600.917
00e12e8b_5868,11600.93
00e12e8b_5869,11600.895
00e12e8b_5870,11600.949
00e12e8b_5871,11600.941
00e12e8b_5872,11600.938
00e12e8b_5873,11600.965
00e12e8b_5874,11600.962
00e12e8b_5875,11600.966
00e12e8b_5876,11600.996
00e12e8b_5877,11601.055
00e12e8b_5878,11601.113
00e12e8b_5879,11601.124
00e12e8b_5880,11601.159
00e12e8b_5881,11601.194
00e12e8b_5882,11601.233
00e12e8b_5883,11601.231
00e12e8b_5884,11601.263
00e12e8b_5885,11601.3125
00e12e8b_5886,11601.362
00e12e8b_5887,11601.526
00e12e8b_5888,11601.614
00e12e8b_5889,11601.706
00e12e8b_5890,11601.784
00e12e8b_5891,11601.871
00e12e8b_5892,11601.935
00e12e8b_5893,11601.977
00e12e8b_5894,11602.026
00e12e8b_5895,11602.012
00e12e8b_5896,11601.991
00e12e8b_5897,11602.012
00e12e8b_5898,11601.965
00e12e8b_5899,11601.974
00e12e8b_5900,11601.983
00e12e8b_5901,11601.969
00e12e8b_5902,11601.949
00e12e8b_5903,11601.987
00e12e8b_5904,11601.978
00e12e8b_5905,11601.997
00e12e8b_5906,11602.016
00e12e8b_5907,11602.027
00e12e8b_5908,11602.024
00e12e8b_5909,11602.024
00e12e8b_5910,11602.024
00e12e8b_5911,11602.055
00e12e8b_5912,11602.056
00e12e8b_5913,11602.065
00e12e8b_5914,11602.062
00e12e8b_5915,11602.071
00e12e8b_5916,11602.085
00e12e8b_5917,11602.121
00e12e8b_5918,11602.138
00e12e8b_5919,11602.151
00e12e8b_5920,11602.231
00e12e8b_5921,11602.267
00e12e8b_5922,11602.276
00e12e8b_5923,11602.352
00e12e8b_5924,11602.401
00e12e8b_5925,11602.425
00e12e8b_5926,11602.457
00e12e8b_5927,11602.505
00e12e8b_5928,11602.552
00e12e8b_5929,11602.589
00e12e8b_5930,11602.613
00e12e8b_5931,11602.6455
00e12e8b_5932,11602.778
00e12e8b_5933,11602.724
00e12e8b_5934,11602.673
00e12e8b_5935,11602.669
00e12e8b_5936,11602.68
00e12e8b_5937,11602.684
00e12e8b_5938,11602.722
00e12e8b_5939,11602.728
00e12e8b_5940,11602.782
00e12e8b_5941,11602.831
00e12e8b_5942,11602.891
00e12e8b_5943,11602.933
00e12e8b_5944,11603.047
00e12e8b_5945,11603.117
00e12e8b_5946,11603.216
00e12e8b_5947,11603.231
00e12e8b_5948,11603.263
00e12e8b_5949,11603.31
00e12e8b_5950,11603.327
00e12e8b_5951,11603.341
00e12e8b_5952,11603.332
00e12e8b_5953,11603.344
00e12e8b_5954,11603.37
00e12e8b_5955,11603.367
00e12e8b_5956,11603.359
00e12e8b_5957,11603.434
00e12e8b_5958,11603.41
00e12e8b_5959,11603.399
00e12e8b_5960,11603.414
00e12e8b_5961,11603.413
00e12e8b_5962,11603.375
00e12e8b_5963,11603.483
00e12e8b_5964,11603.442
00e12e8b_5965,11603.547
00e12e8b_5966,11603.589
00e12e8b_5967,11603.716
00e12e8b_5968,11603.922
00e12e8b_5969,11603.974
00e12e8b_5970,11603.988
00e12e8b_5971,11603.992
00e12e8b_5972,11603.993
00e12e8b_5973,11603.996
00e12e8b_5974,11603.987
00e12e8b_5975,11603.995
00e12e8b_5976,11603.992
00e12e8b_5977,11603.989
00e12e8b_5978,11604.052
00e12e8b_5979,11604.054
00e12e8b_5980,11604.086
00e12e8b_5981,11604.078
00e12e8b_5982,11604.075
00e12e8b_5983,11604.077
00e12e8b_5984,11604.02
00e12e8b_5985,11604.008
00e12e8b_5986,11603.999
00e12e8b_5987,11603.991
00e12e8b_5988,11603.977
00e12e8b_5989,11603.977
00e12e8b_5990,11604.052
00e12e8b_5991,11604.052
00e12e8b_5992,11604.056
00e12e8b_5993,11603.985
00e12e8b_5994,11604.067
00e12e8b_5995,11604.027
00e12e8b_5996,11604.089
00e12e8b_5997,11603.981
00e12e8b_5998,11604.095
00e12e8b_5999,11604.073
00e12e8b_6000,11604.087
00e12e8b_6001,11604.089
00e12e8b_6002,11604.109
00e12e8b_6003,11604.035
00e12e8b_6004,11604.023
00e12e8b_6005,11604.008
00e12e8b_6006,11604.032
00e12e8b_6007,11604.047
00e12e8b_6008,11603.992
00e12e8b_6009,11604.017
00e12e8b_6010,11604.019
00e12e8b_6011,11603.996
00e12e8b_6012,11604.005
00e12e8b_6013,11604.009
00e12e8b_6014,11604.0205
00e12e8b_6015,11603.997
00e12e8b_6016,11604.024
00e12e8b_6017,11604.013
00e12e8b_6018,11604.023
00e12e8b_6019,11604.036
00e12e8b_6020,11604.016
00e12e8b_6021,11604.003
00e12e8b_6022,11604.039
00e12e8b_6023,11604.05
00e12e8b_6024,11604.048
00e12e8b_6025,11604.052
00e12e8b_6026,11604.06
00e12e8b_6027,11604.039
00e12e8b_6028,11604.052
00e12e8b_6029,11604.06
00e12e8b_6030,11604.04
00e12e8b_6031,11604.008
00e12e8b_6032,11604.05
00e12e8b_6033,11604.03
00e12e8b_6034,11604.008
00e12e8b_6035,11604.043
00e12e8b_6036,11603.991
00e12e8b_6037,11604.016
00e12e8b_6038,11604.011
00e12e8b_6039,11603.991
00e12e8b_6040,11604.001
00e12e8b_6041,11603.953
00e12e8b_6042,11603.981
00e12e8b_6043,11603.991
00e12e8b_6044,11603.973
00e12e8b_6045,11603.987
00e12e8b_6046,11603.974
00e12e8b_6047,11603.935
00e12e8b_6048,11603.921
00e12e8b_6049,11603.996
00e12e8b_6050,11603.997
00e12e8b_6051,11604.044
00e12e8b_6052,11604.039
00e12e8b_6053,11604.05
00e12e8b_6054,11604.022
00e12e8b_6055,11604.12
00e12e8b_6056,11604.122
00e12e8b_6057,11604.099
00e12e8b_6058,11604.128
00e12e8b_6059,11604.128
00e12e8b_6060,11604.144
00e12e8b_6061,11604.051
00e12e8b_6062,11604.05
00e12e8b_6063,11604.0205
00e12e8b_6064,11604.004
00e12e8b_6065,11604.024
00e12e8b_6066,11604.005
00e12e8b_6067,11603.96
00e12e8b_6068,11603.946
00e12e8b_6069,11603.93
00e12e8b_6070,11603.903
00e12e8b_6071,11603.914
00e12e8b_6072,11603.902
00e12e8b_6073,11603.874
00e12e8b_6074,11603.8955
00e12e8b_6075,11603.929
00e12e8b_6076,11603.872
00e12e8b_6077,11603.887
00e12e8b_6078,11603.935
00e12e8b_6079,11603.926
00e12e8b_6080,11603.887
00e12e8b_6081,11603.902
00e12e8b_6082,11603.847
00e12e8b_6083,11603.808
00e12e8b_6084,11603.794
00e12e8b_6085,11603.722
00e12e8b_6086,11603.706
00e12e8b_6087,11603.734
00e12e8b_6088,11603.785
00e12e8b_6089,11603.694
00e12e8b_6090,11603.648
00e12e8b_6091,11603.667
00e12e8b_6092,11603.577
00e12e8b_6093,11603.551
00e12e8b_6094,11603.488
00e12e8b_6095,11603.4375
00e12e8b_6096,11603.388
00e12e8b_6097,11603.406
00e12e8b_6098,11603.383
00e12e8b_6099,11603.325
00e12e8b_6100,11603.276
00e12e8b_6101,11603.28
00e12e8b_6102,11603.27
00e12e8b_6103,11603.222
00e12e8b_6104,11603.196
00e12e8b_6105,11603.13
00e12e8b_6106,11603.066
00e12e8b_6107,11603.054
00e12e8b_6108,11603.044
00e12e8b_6109,11603.02
00e12e8b_6110,11603.051
00e12e8b_6111,11602.996
00e12e8b_6112,11603.016
00e12e8b_6113,11602.97
00e12e8b_6114,11603.05
00e12e8b_6115,11602.972
00e12e8b_6116,11602.923
00e12e8b_6117,11602.923
00e12e8b_6118,11602.867
00e12e8b_6119,11602.805
00e12e8b_6120,11602.68
00e12e8b_6121,11602.556
00e12e8b_6122,11602.227
00e12e8b_6123,11602.102
00e12e8b_6124,11601.987
00e12e8b_6125,11601.987
00e12e8b_6126,11601.901
00e12e8b_6127,11601.883
00e12e8b_6128,11601.812
00e12e8b_6129,11601.761
00e12e8b_6130,11601.698
00e12e8b_6131,11601.711
00e12e8b_6132,11601.669
00e12e8b_6133,11601.68
00e12e8b_6134,11601.766
00e12e8b_6135,11601.781
00e12e8b_6136,11601.798
00e12e8b_6137,11601.785
00e12e8b_6138,11601.888
00e12e8b_6139,11601.858
00e12e8b_6140,11601.911
00e12e8b_6141,11601.8955
00e12e8b_6142,11601.823
00e12e8b_6143,11601.823
00e12e8b_6144,11601.82
00e12e8b_6145,11601.867
00e12e8b_6146,11601.866
00e12e8b_6147,11601.828
00e12e8b_6148,11601.868
00e12e8b_6149,11601.8125
00e12e8b_6150,11601.776
00e12e8b_6151,11601.813
00e12e8b_6152,11601.819
00e12e8b_6153,11601.786
00e12e8b_6154,11601.8125
00e12e8b_6155,11601.808
00e12e8b_6156,11601.821
00e12e8b_6157,11601.81
00e12e8b_6158,11601.855
00e12e8b_6159,11601.844
00e12e8b_6160,11601.94
00e12e8b_6161,11601.914
00e12e8b_6162,11601.981
00e12e8b_6163,11602.034
00e12e8b_6164,11602.028
00e12e8b_6165,11602.0625
00e12e8b_6166,11602.133
00e12e8b_6167,11602.125
00e12e8b_6168,11602.07
00e12e8b_6169,11602.013
00e12e8b_6170,11602.0
00e12e8b_6171,11601.934
00e12e8b_6172,11601.898
00e12e8b_6173,11601.778
00e12e8b_6174,11601.772
00e12e8b_6175,11601.755
00e12e8b_6176,11601.703
00e12e8b_6177,11601.62
00e12e8b_6178,11601.565
00e12e8b_6179,11601.526
00e12e8b_6180,11601.406
00e12e8b_6181,11601.401
00e12e8b_6182,11601.372
00e12e8b_6183,11601.316
00e12e8b_6184,11601.3
00e12e8b_6185,11601.289
00e12e8b_6186,11601.231
00e12e8b_6187,11601.167
00e12e8b_6188,11601.125
00e12e8b_6189,11601.026
00e12e8b_6190,11601.0205
00e12e8b_6191,11600.962
00e12e8b_6192,11600.942
00e12e8b_6193,11600.925
00e12e8b_6194,11600.914
00e12e8b_6195,11600.867
00e12e8b_6196,11600.859
00e12e8b_6197,11600.817
00e12e8b_6198,11600.817
00e12e8b_6199,11600.784
00e12e8b_6200,11600.782
00e12e8b_6201,11600.763
00e12e8b_6202,11600.778
00e12e8b_6203,11600.7295
00e12e8b_6204,11600.733
00e12e8b_6205,11600.669
00e12e8b_6206,11600.668
00e12e8b_6207,11600.642
00e12e8b_6208,11600.621
00e12e8b_6209,11600.609
00e12e8b_6210,11600.56
00e12e8b_6211,11600.544
00e12e8b_6212,11600.536
00e12e8b_6213,11600.507
00e12e8b_6214,11600.473
00e12e8b_6215,11600.507
00e12e8b_6216,11600.394
00e12e8b_6217,11600.364
00e12e8b_6218,11600.289
00e12e8b_6219,11600.234
00e12e8b_6220,11600.223
00e12e8b_6221,11600.202
00e12e8b_6222,11600.167
00e12e8b_6223,11600.133
00e12e8b_6224,11600.227
00e12e8b_6225,11600.138
00e12e8b_6226,11600.108
00e12e8b_6227,11600.093
00e12e8b_6228,11600.031
00e12e8b_6229,11600.008
00e12e8b_6230,11600.054
00e12e8b_6231,11599.964
00e12e8b_6232,11599.937
00e12e8b_6233,11599.8955
00e12e8b_6234,11599.966
00e12e8b_6235,11599.868
00e12e8b_6236,11599.8545
00e12e8b_6237,11599.823
00e12e8b_6238,11599.917
00e12e8b_6239,11599.802
00e12e8b_6240,11599.801
00e12e8b_6241,11599.853
00e12e8b_6242,11599.755
00e12e8b_6243,11599.772
00e12e8b_6244,11599.827
00e12e8b_6245,11599.746
00e12e8b_6246,11599.73
00e12e8b_6247,11599.784
00e12e8b_6248,11599.691
00e12e8b_6249,11599.728
00e12e8b_6250,11599.683
00e12e8b_6251,11599.679
00e12e8b_6252,11599.738
00e12e8b_6253,11599.638
00e12e8b_6254,11599.7295
00e12e8b_6255,11599.641
00e12e8b_6256,11599.726
00e12e8b_6257,11599.622
00e12e8b_6258,11599.685
00e12e8b_6259,11599.609
00e12e8b_6260,11599.675
00e12e8b_6261,11599.638
00e12e8b_6262,11599.663
00e12e8b_6263,11599.669
00e12e8b_6264,11599.575
00e12e8b_6265,11599.661
00e12e8b_6266,11599.591
00e12e8b_6267,11599.636
00e12e8b_6268,11599.63
00e12e8b_6269,11599.567
00e12e8b_6270,11599.641
00e12e8b_6271,11599.575
00e12e8b_6272,11599.63
00e12e8b_6273,11599.594
00e12e8b_6274,11599.515
00e12e8b_6275,11599.519
00e12e8b_6276,11599.48
00e12e8b_6277,11599.288
00e12e8b_6278,11599.157
00e12e8b_6279,11599.191
00e12e8b_6280,11599.128
00e12e8b_6281,11599.065
00e12e8b_6282,11599.009
00e12e8b_6283,11599.027
00e12e8b_6284,11599.008
00e12e8b_6285,11598.934
00e12e8b_6286,11598.8125
00e12e8b_6287,11598.835
00e12e8b_6288,11598.8
00e12e8b_6289,11598.712
00e12e8b_6290,11598.669
00e12e8b_6291,11598.614
00e12e8b_6292,11598.536
00e12e8b_6293,11598.409
00e12e8b_6294,11598.401
00e12e8b_6295,11598.336
00e12e8b_6296,11598.32
00e12e8b_6297,11598.305
00e12e8b_6298,11598.3125
00e12e8b_6299,11598.255
00e12e8b_6300,11598.227
00e12e8b_6301,11598.379
00e12e8b_6302,11598.347
00e12e8b_6303,11598.328
00e12e8b_6304,11598.223
00e12e8b_6305,11598.237
00e12e8b_6306,11598.099
00e12e8b_6307,11598.175
00e12e8b_6308,11598.147
00e12e8b_6309,11597.985
00e12e8b_6310,11597.872
00e12e8b_6311,11597.793
00e12e8b_6312,11597.758
00e12e8b_6313,11597.753
00e12e8b_6314,11597.708
00e12e8b_6315,11597.642
00e12e8b_6316,11597.683
00e12e8b_6317,11597.481
00e12e8b_6318,11597.555
00e12e8b_6319,11597.484
00e12e8b_6320,11597.423
00e12e8b_6321,11597.372
00e12e8b_6322,11597.355
00e12e8b_6323,11597.43
00e12e8b_6324,11597.339
00e12e8b_6325,11597.38
00e12e8b_6326,11597.39
00e12e8b_6327,11597.425
00e12e8b_6328,11597.397
00e12e8b_6329,11597.46
00e12e8b_6330,11597.387
00e12e8b_6331,11597.347
00e12e8b_6332,11597.231
00e12e8b_6333,11597.207
00e12e8b_6334,11597.206
00e12e8b_6335,11597.242
00e12e8b_6336,11597.167
00e12e8b_6337,11597.152
00e12e8b_6338,11597.094
00e12e8b_6339,11597.055
00e12e8b_6340,11597.019
00e12e8b_6341,11597.087
00e12e8b_6342,11596.948
00e12e8b_6343,11596.948
00e12e8b_6344,11596.953
00e12e8b_6345,11596.977
00e12e8b_6346,11596.9375
00e12e8b_6347,11597.0205
00e12e8b_6348,11596.858
00e12e8b_6349,11596.853
00e12e8b_6350,11596.852
00e12e8b_6351,11596.86
00e12e8b_6352,11596.96
00e12e8b_6353,11596.847
00e12e8b_6354,11596.856
00e12e8b_6355,11596.832
00e12e8b_6356,11596.835
00e12e8b_6357,11596.804
00e12e8b_6358,11596.8955
00e12e8b_6359,11596.78
00e12e8b_6360,11596.8
00e12e8b_6361,11596.772
00e12e8b_6362,11596.755
00e12e8b_6363,11596.747
00e12e8b_6364,11596.839
00e12e8b_6365,11596.743
00e12e8b_6366,11596.738
00e12e8b_6367,11596.747
00e12e8b_6368,11596.726
00e12e8b_6369,11596.7705
00e12e8b_6370,11596.672
00e12e8b_6371,11596.677
00e12e8b_6372,11596.667
00e12e8b_6373,11596.663
00e12e8b_6374,11596.6875
00e12e8b_6375,11596.745
00e12e8b_6376,11596.687
00e12e8b_6377,11596.69
00e12e8b_6378,11596.692
00e12e8b_6379,11596.677
00e12e8b_6380,11596.772
00e12e8b_6381,11596.681
00e12e8b_6382,11596.677
00e12e8b_6383,11596.675
