id,tvt
000d7d20_1442,11681.054
000d7d20_1443,11681.042
000d7d20_1444,11681.03
000d7d20_1445,11681.019
000d7d20_1446,11681.006
000d7d20_1447,11680.994
000d7d20_1448,11680.981
000d7d20_1449,11680.97
000d7d20_1450,11680.957
000d7d20_1451,11680.944
000d7d20_1452,11680.931
000d7d20_1453,11680.918
000d7d20_1454,11680.905
000d7d20_1455,11680.892
000d7d20_1456,11680.878
000d7d20_1457,11680.864
000d7d20_1458,11680.851
000d7d20_1459,11680.837
000d7d20_1460,11680.823
000d7d20_1461,11680.809
000d7d20_1462,11680.795
000d7d20_1463,11680.78
000d7d20_1464,11680.766
000d7d20_1465,11680.751
000d7d20_1466,11680.736
000d7d20_1467,11680.722
000d7d20_1468,11680.707
000d7d20_1469,11680.723
000d7d20_1470,11680.708
000d7d20_1471,11680.693
000d7d20_1472,11680.679
000d7d20_1473,11680.663
000d7d20_1474,11680.648
000d7d20_1475,11680.634
000d7d20_1476,11680.619
000d7d20_1477,11680.6045
000d7d20_1478,11680.589
000d7d20_1479,11680.574
000d7d20_1480,11680.56
000d7d20_1481,11680.545
000d7d20_1482,11680.53
000d7d20_1483,11680.516
000d7d20_1484,11680.501
000d7d20_1485,11680.486
000d7d20_1486,11680.472
000d7d20_1487,11680.458
000d7d20_1488,11680.443
000d7d20_1489,11680.43
000d7d20_1490,11680.415
000d7d20_1491,11680.401
000d7d20_1492,11680.388
000d7d20_1493,11680.374
000d7d20_1494,11680.36
000d7d20_1495,11680.347
000d7d20_1496,11680.333
000d7d20_1497,11680.32
000d7d20_1498,11680.307
000d7d20_1499,11680.293
000d7d20_1500,11680.28
000d7d20_1501,11680.268
000d7d20_1502,11680.254
000d7d20_1503,11680.241
000d7d20_1504,11680.229
000d7d20_1505,11680.217
000d7d20_1506,11680.204
000d7d20_1507,11680.191
000d7d20_1508,11680.18
000d7d20_1509,11680.167
000d7d20_1510,11680.155
000d7d20_1511,11680.144
000d7d20_1512,11680.132
000d7d20_1513,11680.12
000d7d20_1514,11680.108
000d7d20_1515,11680.097
000d7d20_1516,11680.085
000d7d20_1517,11680.074
000d7d20_1518,11680.063
000d7d20_1519,11680.052
000d7d20_1520,11680.041
000d7d20_1521,11680.03
000d7d20_1522,11680.0205
000d7d20_1523,11680.01
000d7d20_1524,11680.0
000d7d20_1525,11679.99
000d7d20_1526,11679.98
000d7d20_1527,11679.971
000d7d20_1528,11679.961
000d7d20_1529,11679.951
000d7d20_1530,11679.942
000d7d20_1531,11679.933
000d7d20_1532,11679.924
000d7d20_1533,11679.915
000d7d20_1534,11679.906
000d7d20_1535,11679.897
000d7d20_1536,11679.889
000d7d20_1537,11679.88
000d7d20_1538,11679.784
000d7d20_1539,11679.775
000d7d20_1540,11679.768
000d7d20_1541,11679.76
000d7d20_1542,11679.752
000d7d20_1543,11679.744
000d7d20_1544,11679.736
000d7d20_1545,11679.7295
000d7d20_1546,11679.722
000d7d20_1547,11679.715
000d7d20_1548,11679.708
000d7d20_1549,11679.7
000d7d20_1550,11679.694
000d7d20_1551,11679.6875
000d7d20_1552,11679.681
000d7d20_1553,11679.675
000d7d20_1554,11679.668
000d7d20_1555,11679.662
000d7d20_1556,11679.656
000d7d20_1557,11679.65
000d7d20_1558,11679.6455
000d7d20_1559,11679.64
000d7d20_1560,11679.635
000d7d20_1561,11679.629
000d7d20_1562,11679.624
000d7d20_1563,11679.62
000d7d20_1564,11679.615
000d7d20_1565,11679.611
000d7d20_1566,11679.606
000d7d20_1567,11679.603
000d7d20_1568,11679.6
000d7d20_1569,11679.596
000d7d20_1570,11679.593
000d7d20_1571,11679.59
000d7d20_1572,11679.587
000d7d20_1573,11679.584
000d7d20_1574,11679.582
000d7d20_1575,11679.58
000d7d20_1576,11679.578
000d7d20_1577,11679.576
000d7d20_1578,11679.575
000d7d20_1579,11679.573
000d7d20_1580,11679.572
000d7d20_1581,11679.571
000d7d20_1582,11679.57
000d7d20_1583,11679.569
000d7d20_1584,11679.568
000d7d20_1585,11679.567
000d7d20_1586,11679.566
000d7d20_1587,11679.566
000d7d20_1588,11679.565
000d7d20_1589,11679.564
000d7d20_1590,11679.564
000d7d20_1591,11679.563
000d7d20_1592,11679.563
000d7d20_1593,11679.5625
000d7d20_1594,11679.972
000d7d20_1595,11679.971
000d7d20_1596,11679.971
000d7d20_1597,11679.97
000d7d20_1598,11679.969
000d7d20_1599,11679.969
000d7d20_1600,11679.968
000d7d20_1601,11679.967
000d7d20_1602,11679.966
000d7d20_1603,11679.965
000d7d20_1604,11679.964
000d7d20_1605,11679.963
000d7d20_1606,11679.962
000d7d20_1607,11679.961
000d7d20_1608,11679.959
000d7d20_1609,11679.958
000d7d20_1610,11679.957
000d7d20_1611,11679.955
000d7d20_1612,11679.954
000d7d20_1613,11679.952
000d7d20_1614,11679.95
000d7d20_1615,11679.948
000d7d20_1616,11679.947
000d7d20_1617,11679.945
000d7d20_1618,11679.943
000d7d20_1619,11679.941
000d7d20_1620,11679.939
000d7d20_1621,11679.9375
000d7d20_1622,11679.936
000d7d20_1623,11679.933
000d7d20_1624,11679.931
000d7d20_1625,11679.929
000d7d20_1626,11679.927
000d7d20_1627,11679.924
000d7d20_1628,11679.922
000d7d20_1629,11679.92
000d7d20_1630,11679.917
000d7d20_1631,11679.914
000d7d20_1632,11679.912
000d7d20_1633,11679.909
000d7d20_1634,11679.906
000d7d20_1635,11679.903
000d7d20_1636,11679.9
000d7d20_1637,11679.897
000d7d20_1638,11679.895
000d7d20_1639,11679.892
000d7d20_1640,11679.889
000d7d20_1641,11679.886
000d7d20_1642,11679.884
000d7d20_1643,11679.881
000d7d20_1644,11679.878
000d7d20_1645,11679.875
000d7d20_1646,11679.873
000d7d20_1647,11679.87
000d7d20_1648,11679.867
000d7d20_1649,11679.865
000d7d20_1650,11679.862
000d7d20_1651,11679.86
000d7d20_1652,11679.857
000d7d20_1653,11679.855
000d7d20_1654,11679.853
000d7d20_1655,11679.851
000d7d20_1656,11679.849
000d7d20_1657,11679.846
000d7d20_1658,11679.844
000d7d20_1659,11679.842
000d7d20_1660,11679.84
000d7d20_1661,11679.838
000d7d20_1662,11679.836
000d7d20_1663,11679.834
000d7d20_1664,11679.833
000d7d20_1665,11679.831
000d7d20_1666,11679.829
000d7d20_1667,11679.828
000d7d20_1668,11679.826
000d7d20_1669,11679.825
000d7d20_1670,11679.823
000d7d20_1671,11679.822
000d7d20_1672,11679.82
000d7d20_1673,11679.819
000d7d20_1674,11679.818
000d7d20_1675,11679.816
000d7d20_1676,11679.815
000d7d20_1677,11679.814
000d7d20_1678,11679.813
000d7d20_1679,11679.8125
000d7d20_1680,11679.812
000d7d20_1681,11679.81
000d7d20_1682,11679.809
000d7d20_1683,11679.808
000d7d20_1684,11679.807
000d7d20_1685,11679.805
000d7d20_1686,11679.804
000d7d20_1687,11679.803
000d7d20_1688,11679.801
000d7d20_1689,11679.8
000d7d20_1690,11679.798
000d7d20_1691,11679.797
000d7d20_1692,11679.795
000d7d20_1693,11679.794
000d7d20_1694,11679.793
000d7d20_1695,11679.791
000d7d20_1696,11679.79
000d7d20_1697,11679.788
000d7d20_1698,11679.787
000d7d20_1699,11679.785
000d7d20_1700,11679.784
000d7d20_1701,11679.782
000d7d20_1702,11679.781
000d7d20_1703,11679.779
000d7d20_1704,11679.778
000d7d20_1705,11679.776
000d7d20_1706,11679.775
000d7d20_1707,11679.773
000d7d20_1708,11679.772
000d7d20_1709,11679.7705
000d7d20_1710,11679.77
000d7d20_1711,11679.768
000d7d20_1712,11679.767
000d7d20_1713,11679.765
000d7d20_1714,11679.764
000d7d20_1715,11679.762
000d7d20_1716,11679.761
000d7d20_1717,11679.76
000d7d20_1718,11679.758
000d7d20_1719,11679.757
000d7d20_1720,11679.756
000d7d20_1721,11679.755
000d7d20_1722,11679.753
000d7d20_1723,11679.752
000d7d20_1724,11679.751
000d7d20_1725,11679.75
000d7d20_1726,11679.749
000d7d20_1727,11679.748
000d7d20_1728,11679.747
000d7d20_1729,11679.746
000d7d20_1730,11679.745
000d7d20_1731,11679.744
000d7d20_1732,11679.743
000d7d20_1733,11679.742
000d7d20_1734,11679.741
000d7d20_1735,11679.74
000d7d20_1736,11679.739
000d7d20_1737,11679.738
000d7d20_1738,11679.737
000d7d20_1739,11679.736
000d7d20_1740,11679.735
000d7d20_1741,11679.734
000d7d20_1742,11679.733
000d7d20_1743,11679.732
000d7d20_1744,11679.731
000d7d20_1745,11679.73
000d7d20_1746,11679.7295
000d7d20_1747,11679.729
000d7d20_1748,11679.728
000d7d20_1749,11679.726
000d7d20_1750,11679.725
000d7d20_1751,11679.724
000d7d20_1752,11679.723
000d7d20_1753,11679.722
000d7d20_1754,11679.72
000d7d20_1755,11679.719
000d7d20_1756,11679.718
000d7d20_1757,11679.717
000d7d20_1758,11679.715
000d7d20_1759,11679.714
000d7d20_1760,11679.713
000d7d20_1761,11679.711
000d7d20_1762,11679.71
000d7d20_1763,11679.709
000d7d20_1764,11679.707
000d7d20_1765,11679.706
000d7d20_1766,11679.705
000d7d20_1767,11679.703
000d7d20_1768,11679.702
000d7d20_1769,11679.7
000d7d20_1770,11679.699
000d7d20_1771,11679.697
000d7d20_1772,11679.696
000d7d20_1773,11679.694
000d7d20_1774,11679.692
000d7d20_1775,11679.69
000d7d20_1776,11679.689
000d7d20_1777,11679.6875
000d7d20_1778,11679.686
000d7d20_1779,11679.684
000d7d20_1780,11679.682
000d7d20_1781,11679.679
000d7d20_1782,11679.677
000d7d20_1783,11679.675
000d7d20_1784,11679.672
000d7d20_1785,11679.669
000d7d20_1786,11679.667
000d7d20_1787,11679.664
000d7d20_1788,11679.66
000d7d20_1789,11679.657
000d7d20_1790,11679.654
000d7d20_1791,11679.65
000d7d20_1792,11679.647
000d7d20_1793,11679.644
000d7d20_1794,11679.641
000d7d20_1795,11679.637
000d7d20_1796,11679.633
000d7d20_1797,11679.63
000d7d20_1798,11679.626
000d7d20_1799,11679.622
000d7d20_1800,11679.618
000d7d20_1801,11679.614
000d7d20_1802,11679.61
000d7d20_1803,11679.606
000d7d20_1804,11679.603
000d7d20_1805,11679.599
000d7d20_1806,11679.595
000d7d20_1807,11679.591
000d7d20_1808,11679.587
000d7d20_1809,11679.582
000d7d20_1810,11679.578
000d7d20_1811,11679.574
000d7d20_1812,11679.57
000d7d20_1813,11679.566
000d7d20_1814,11679.5625
000d7d20_1815,11679.558
000d7d20_1816,11679.554
000d7d20_1817,11679.55
000d7d20_1818,11679.545
000d7d20_1819,11679.541
000d7d20_1820,11679.537
000d7d20_1821,11679.532
000d7d20_1822,11679.528
000d7d20_1823,11679.524
000d7d20_1824,11679.52
000d7d20_1825,11679.516
000d7d20_1826,11679.511
000d7d20_1827,11679.507
000d7d20_1828,11679.502
000d7d20_1829,11679.498
000d7d20_1830,11679.494
000d7d20_1831,11679.489
000d7d20_1832,11679.485
000d7d20_1833,11679.48
000d7d20_1834,11679.477
000d7d20_1835,11679.472
000d7d20_1836,11679.468
000d7d20_1837,11679.463
000d7d20_1838,11679.459
000d7d20_1839,11679.454
000d7d20_1840,11679.45
000d7d20_1841,11679.445
000d7d20_1842,11679.441
000d7d20_1843,11679.437
000d7d20_1844,11679.433
000d7d20_1845,11679.428
000d7d20_1846,11679.424
000d7d20_1847,11679.42
000d7d20_1848,11679.415
000d7d20_1849,11679.411
000d7d20_1850,11679.407
000d7d20_1851,11679.403
000d7d20_1852,11679.398
000d7d20_1853,11679.395
000d7d20_1854,11679.391
000d7d20_1855,11679.387
000d7d20_1856,11679.383
000d7d20_1857,11679.378
000d7d20_1858,11679.374
000d7d20_1859,11679.37
000d7d20_1860,11679.367
000d7d20_1861,11679.363
000d7d20_1862,11679.359
000d7d20_1863,11679.355
000d7d20_1864,11679.352
000d7d20_1865,11679.349
000d7d20_1866,11679.345
000d7d20_1867,11679.341
000d7d20_1868,11679.338
000d7d20_1869,11679.334
000d7d20_1870,11679.331
000d7d20_1871,11679.327
000d7d20_1872,11679.324
000d7d20_1873,11679.321
000d7d20_1874,11679.317
000d7d20_1875,11679.314
000d7d20_1876,11679.312
000d7d20_1877,11679.309
000d7d20_1878,11679.306
000d7d20_1879,11679.303
000d7d20_1880,11679.3
000d7d20_1881,11679.298
000d7d20_1882,11679.295
000d7d20_1883,11679.293
000d7d20_1884,11679.291
000d7d20_1885,11679.288
000d7d20_1886,11679.286
000d7d20_1887,11679.285
000d7d20_1888,11679.283
000d7d20_1889,11679.281
000d7d20_1890,11679.28
000d7d20_1891,11679.278
000d7d20_1892,11679.277
000d7d20_1893,11679.276
000d7d20_1894,11679.275
000d7d20_1895,11679.274
000d7d20_1896,11679.273
000d7d20_1897,11679.272
000d7d20_1898,11679.271
000d7d20_1899,11679.271
000d7d20_1900,11679.271
000d7d20_1901,11679.2705
000d7d20_1902,11679.2705
000d7d20_1903,11679.2705
000d7d20_1904,11679.2705
000d7d20_1905,11679.2705
000d7d20_1906,11679.2705
000d7d20_1907,11679.271
000d7d20_1908,11679.271
000d7d20_1909,11679.272
000d7d20_1910,11679.273
000d7d20_1911,11679.273
000d7d20_1912,11679.274
000d7d20_1913,11679.275
000d7d20_1914,11679.276
000d7d20_1915,11679.278
000d7d20_1916,11679.279
000d7d20_1917,11679.28
000d7d20_1918,11679.282
000d7d20_1919,11679.284
000d7d20_1920,11679.285
000d7d20_1921,11679.287
000d7d20_1922,11679.289
000d7d20_1923,11679.291
000d7d20_1924,11679.293
000d7d20_1925,11679.296
000d7d20_1926,11679.298
000d7d20_1927,11679.301
000d7d20_1928,11679.303
000d7d20_1929,11679.306
000d7d20_1930,11679.308
000d7d20_1931,11679.311
000d7d20_1932,11679.313
000d7d20_1933,11679.316
000d7d20_1934,11679.32
000d7d20_1935,11679.323
000d7d20_1936,11679.326
000d7d20_1937,11679.33
000d7d20_1938,11679.333
000d7d20_1939,11679.337
000d7d20_1940,11679.341
000d7d20_1941,11679.345
000d7d20_1942,11679.349
000d7d20_1943,11679.353
000d7d20_1944,11679.356
000d7d20_1945,11679.36
000d7d20_1946,11679.364
000d7d20_1947,11679.369
000d7d20_1948,11679.373
000d7d20_1949,11679.377
000d7d20_1950,11679.382
000d7d20_1951,11679.387
000d7d20_1952,11679.391
000d7d20_1953,11679.3955
000d7d20_1954,11679.4
000d7d20_1955,11679.405
000d7d20_1956,11679.41
000d7d20_1957,11679.415
000d7d20_1958,11679.42
000d7d20_1959,11679.425
000d7d20_1960,11679.43
000d7d20_1961,11679.435
000d7d20_1962,11679.439
000d7d20_1963,11679.444
000d7d20_1964,11679.45
000d7d20_1965,11679.455
000d7d20_1966,11679.46
000d7d20_1967,11679.465
000d7d20_1968,11679.47
000d7d20_1969,11679.475
000d7d20_1970,11679.4795
000d7d20_1971,11679.484
000d7d20_1972,11679.489
000d7d20_1973,11679.494
000d7d20_1974,11679.499
000d7d20_1975,11679.504
000d7d20_1976,11679.509
000d7d20_1977,11679.514
000d7d20_1978,11679.519
000d7d20_1979,11679.523
000d7d20_1980,11679.528
000d7d20_1981,11679.533
000d7d20_1982,11679.538
000d7d20_1983,11679.543
000d7d20_1984,11679.548
000d7d20_1985,11679.553
000d7d20_1986,11679.558
000d7d20_1987,11679.563
000d7d20_1988,11679.568
000d7d20_1989,11679.573
000d7d20_1990,11679.578
000d7d20_1991,11679.583
000d7d20_1992,11679.588
000d7d20_1993,11679.594
000d7d20_1994,11679.599
000d7d20_1995,11679.604
000d7d20_1996,11679.608
000d7d20_1997,11679.613
000d7d20_1998,11679.618
000d7d20_1999,11679.623
000d7d20_2000,11679.628
000d7d20_2001,11679.633
000d7d20_2002,11679.638
000d7d20_2003,11679.643
000d7d20_2004,11679.647
000d7d20_2005,11679.652
000d7d20_2006,11679.657
000d7d20_2007,11679.662
000d7d20_2008,11679.666
000d7d20_2009,11679.671
000d7d20_2010,11679.676
000d7d20_2011,11679.681
000d7d20_2012,11679.686
000d7d20_2013,11679.689
000d7d20_2014,11679.694
000d7d20_2015,11679.699
000d7d20_2016,11679.704
000d7d20_2017,11679.708
000d7d20_2018,11679.713
000d7d20_2019,11679.718
000d7d20_2020,11679.722
000d7d20_2021,11679.727
000d7d20_2022,11679.73
000d7d20_2023,11679.735
000d7d20_2024,11679.739
000d7d20_2025,11679.743
000d7d20_2026,11679.748
000d7d20_2027,11679.752
000d7d20_2028,11679.756
000d7d20_2029,11679.761
000d7d20_2030,11679.765
000d7d20_2031,11679.769
000d7d20_2032,11679.772
000d7d20_2033,11679.776
000d7d20_2034,11679.78
000d7d20_2035,11679.784
000d7d20_2036,11679.789
000d7d20_2037,11679.793
000d7d20_2038,11679.797
000d7d20_2039,11679.801
000d7d20_2040,11679.805
000d7d20_2041,11679.809
000d7d20_2042,11679.8125
000d7d20_2043,11679.816
000d7d20_2044,11679.82
000d7d20_2045,11679.824
000d7d20_2046,11679.828
000d7d20_2047,11679.831
000d7d20_2048,11679.835
000d7d20_2049,11679.839
000d7d20_2050,11679.843
000d7d20_2051,11679.847
000d7d20_2052,11679.851
000d7d20_2053,11679.854
000d7d20_2054,11679.857
000d7d20_2055,11679.861
000d7d20_2056,11679.865
000d7d20_2057,11679.869
000d7d20_2058,11679.873
000d7d20_2059,11679.876
000d7d20_2060,11679.88
000d7d20_2061,11679.884
000d7d20_2062,11679.888
000d7d20_2063,11679.892
000d7d20_2064,11679.895
000d7d20_2065,11679.898
000d7d20_2066,11679.902
000d7d20_2067,11679.906
000d7d20_2068,11679.909
000d7d20_2069,11679.913
000d7d20_2070,11679.917
000d7d20_2071,11679.92
000d7d20_2072,11679.924
000d7d20_2073,11679.928
000d7d20_2074,11679.931
000d7d20_2075,11679.935
000d7d20_2076,11679.938
000d7d20_2077,11679.941
000d7d20_2078,11679.945
000d7d20_2079,11679.948
000d7d20_2080,11679.952
000d7d20_2081,11679.955
000d7d20_2082,11679.959
000d7d20_2083,11679.962
000d7d20_2084,11679.966
000d7d20_2085,11679.969
000d7d20_2086,11679.973
000d7d20_2087,11679.976
000d7d20_2088,11679.9795
000d7d20_2089,11679.982
000d7d20_2090,11679.986
000d7d20_2091,11679.989
000d7d20_2092,11679.993
000d7d20_2093,11679.996
000d7d20_2094,11679.999
000d7d20_2095,11680.003
000d7d20_2096,11680.006
000d7d20_2097,11680.009
000d7d20_2098,11680.013
000d7d20_2099,11680.016
000d7d20_2100,11680.019
000d7d20_2101,11680.021
000d7d20_2102,11680.025
000d7d20_2103,11680.028
000d7d20_2104,11680.031
000d7d20_2105,11680.034
000d7d20_2106,11680.038
000d7d20_2107,11680.041
000d7d20_2108,11680.044
000d7d20_2109,11680.047
000d7d20_2110,11680.051
000d7d20_2111,11680.054
000d7d20_2112,11680.057
000d7d20_2113,11680.06
000d7d20_2114,11680.0625
000d7d20_2115,11680.066
000d7d20_2116,11680.069
000d7d20_2117,11680.072
000d7d20_2118,11680.075
000d7d20_2119,11680.079
000d7d20_2120,11680.082
000d7d20_2121,11680.085
000d7d20_2122,11680.088
000d7d20_2123,11680.091
000d7d20_2124,11680.094
000d7d20_2125,11680.097
000d7d20_2126,11680.101
000d7d20_2127,11680.104
000d7d20_2128,11680.106
000d7d20_2129,11680.109
000d7d20_2130,11680.112
000d7d20_2131,11680.115
000d7d20_2132,11680.118
000d7d20_2133,11680.121
000d7d20_2134,11680.124
000d7d20_2135,11680.127
000d7d20_2136,11680.13
000d7d20_2137,11680.133
000d7d20_2138,11680.136
000d7d20_2139,11680.139
000d7d20_2140,11680.141
000d7d20_2141,11680.144
000d7d20_2142,11680.146
000d7d20_2143,11680.149
000d7d20_2144,11680.152
000d7d20_2145,11680.154
000d7d20_2146,11680.157
000d7d20_2147,11680.16
000d7d20_2148,11680.163
000d7d20_2149,11680.165
000d7d20_2150,11680.168
000d7d20_2151,11680.171
000d7d20_2152,11680.174
000d7d20_2153,11680.177
000d7d20_2154,11680.181
000d7d20_2155,11680.184
000d7d20_2156,11680.187
000d7d20_2157,11680.189
000d7d20_2158,11680.193
000d7d20_2159,11680.196
000d7d20_2160,11680.2
000d7d20_2161,11680.204
000d7d20_2162,11680.207
000d7d20_2163,11680.211
000d7d20_2164,11680.215
000d7d20_2165,11680.219
000d7d20_2166,11680.223
000d7d20_2167,11680.228
000d7d20_2168,11680.231
000d7d20_2169,11680.235
000d7d20_2170,11680.39
000d7d20_2171,11680.394
000d7d20_2172,11680.398
000d7d20_2173,11680.403
000d7d20_2174,11680.408
000d7d20_2175,11680.413
000d7d20_2176,11680.418
000d7d20_2177,11680.423
000d7d20_2178,11680.428
000d7d20_2179,11680.434
000d7d20_2180,11680.438
000d7d20_2181,11680.443
000d7d20_2182,11680.449
000d7d20_2183,11680.454
000d7d20_2184,11680.459
000d7d20_2185,11680.465
000d7d20_2186,11680.47
000d7d20_2187,11680.476
000d7d20_2188,11680.48
000d7d20_2189,11680.486
000d7d20_2190,11680.491
000d7d20_2191,11680.497
000d7d20_2192,11680.502
000d7d20_2193,11680.508
000d7d20_2194,11680.514
000d7d20_2195,11680.519
000d7d20_2196,11680.524
000d7d20_2197,11680.53
000d7d20_2198,11680.536
000d7d20_2199,11680.542
000d7d20_2200,11680.548
000d7d20_2201,11680.554
000d7d20_2202,11680.56
000d7d20_2203,11680.566
000d7d20_2204,11680.572
000d7d20_2205,11680.579
000d7d20_2206,11680.585
000d7d20_2207,11680.592
000d7d20_2208,11680.599
000d7d20_2209,11680.605
000d7d20_2210,11680.613
000d7d20_2211,11680.62
000d7d20_2212,11680.627
000d7d20_2213,11680.635
000d7d20_2214,11680.643
000d7d20_2215,11680.649
000d7d20_2216,11680.657
000d7d20_2217,11680.665
000d7d20_2218,11680.674
000d7d20_2219,11680.682
000d7d20_2220,11680.689
000d7d20_2221,11680.698
000d7d20_2222,11680.706
000d7d20_2223,11680.715
000d7d20_2224,11680.724
000d7d20_2225,11680.732
000d7d20_2226,11680.741
000d7d20_2227,11680.75
000d7d20_2228,11680.759
000d7d20_2229,11680.769
000d7d20_2230,11680.777
000d7d20_2231,11680.787
000d7d20_2232,11680.796
000d7d20_2233,11680.806
000d7d20_2234,11680.815
000d7d20_2235,11680.825
000d7d20_2236,11680.835
000d7d20_2237,11680.846
000d7d20_2238,11680.855
000d7d20_2239,11680.866
000d7d20_2240,11680.877
000d7d20_2241,11680.888
000d7d20_2242,11680.898
000d7d20_2243,11680.909
000d7d20_2244,11680.92
000d7d20_2245,11680.932
000d7d20_2246,11680.942
000d7d20_2247,11680.954
000d7d20_2248,11680.965
000d7d20_2249,11680.977
000d7d20_2250,11680.988
000d7d20_2251,11681.0
000d7d20_2252,11681.012
000d7d20_2253,11681.023
000d7d20_2254,11681.035
000d7d20_2255,11681.048
000d7d20_2256,11681.06
000d7d20_2257,11681.071
000d7d20_2258,11681.084
000d7d20_2259,11681.096
000d7d20_2260,11681.108
000d7d20_2261,11681.121
000d7d20_2262,11681.134
000d7d20_2263,11681.1455
000d7d20_2264,11681.158
000d7d20_2265,11681.171
000d7d20_2266,11681.184
000d7d20_2267,11681.196
000d7d20_2268,11681.209
000d7d20_2269,11681.223
000d7d20_2270,11681.235
000d7d20_2271,11681.248
000d7d20_2272,11681.262
000d7d20_2273,11681.274
000d7d20_2274,11681.287
000d7d20_2275,11681.301
000d7d20_2276,11681.313
000d7d20_2277,11681.327
000d7d20_2278,11681.34
000d7d20_2279,11681.354
000d7d20_2280,11681.366
000d7d20_2281,11681.38
000d7d20_2282,11681.393
000d7d20_2283,11681.406
000d7d20_2284,11681.42
000d7d20_2285,11681.433
000d7d20_2286,11681.446
000d7d20_2287,11681.46
000d7d20_2288,11681.474
000d7d20_2289,11681.487
000d7d20_2290,11681.501
000d7d20_2291,11681.515
000d7d20_2292,11681.528
000d7d20_2293,11681.542
000d7d20_2294,11681.556
000d7d20_2295,11681.569
000d7d20_2296,11681.583
000d7d20_2297,11681.597
000d7d20_2298,11681.61
000d7d20_2299,11681.624
000d7d20_2300,11681.638
000d7d20_2301,11681.652
000d7d20_2302,11681.666
000d7d20_2303,11681.68
000d7d20_2304,11681.694
000d7d20_2305,11681.708
000d7d20_2306,11681.722
000d7d20_2307,11681.736
000d7d20_2308,11681.75
000d7d20_2309,11681.765
000d7d20_2310,11681.778
000d7d20_2311,11681.793
000d7d20_2312,11681.807
000d7d20_2313,11681.821
000d7d20_2314,11681.835
000d7d20_2315,11681.85
000d7d20_2316,11681.863
000d7d20_2317,11681.878
000d7d20_2318,11681.892
000d7d20_2319,11681.906
000d7d20_2320,11681.92
000d7d20_2321,11681.935
000d7d20_2322,11681.948
000d7d20_2323,11681.962
000d7d20_2324,11681.977
000d7d20_2325,11681.99
000d7d20_2326,11682.004
000d7d20_2327,11682.018
000d7d20_2328,11682.031
000d7d20_2329,11682.045
000d7d20_2330,11682.06
000d7d20_2331,11682.072
000d7d20_2332,11682.086
000d7d20_2333,11682.1
000d7d20_2334,11682.113
000d7d20_2335,11682.127
000d7d20_2336,11682.141
000d7d20_2337,11682.154
000d7d20_2338,11682.167
000d7d20_2339,11682.181
000d7d20_2340,11682.194
000d7d20_2341,11682.207
000d7d20_2342,11682.221
000d7d20_2343,11682.233
000d7d20_2344,11682.247
000d7d20_2345,11682.26
000d7d20_2346,11682.272
000d7d20_2347,11682.285
000d7d20_2348,11682.298
000d7d20_2349,11682.311
000d7d20_2350,11682.323
000d7d20_2351,11682.336
000d7d20_2352,11682.348
000d7d20_2353,11682.359
000d7d20_2354,11682.371
000d7d20_2355,11682.383
000d7d20_2356,11682.395
000d7d20_2357,11682.405
000d7d20_2358,11682.416
000d7d20_2359,11682.427
000d7d20_2360,11682.4375
000d7d20_2361,11682.447
000d7d20_2362,11682.458
000d7d20_2363,11682.468
000d7d20_2364,11682.477
000d7d20_2365,11682.486
000d7d20_2366,11682.495
000d7d20_2367,11682.505
000d7d20_2368,11682.514
000d7d20_2369,11682.521
000d7d20_2370,11682.53
000d7d20_2371,11682.538
000d7d20_2372,11682.546
000d7d20_2373,11682.554
000d7d20_2374,11682.561
000d7d20_2375,11682.568
000d7d20_2376,11682.575
000d7d20_2377,11682.582
000d7d20_2378,11682.588
000d7d20_2379,11682.595
000d7d20_2380,11682.7705
000d7d20_2381,11682.776
000d7d20_2382,11682.782
000d7d20_2383,11682.787
000d7d20_2384,11682.792
000d7d20_2385,11682.798
000d7d20_2386,11682.802
000d7d20_2387,11682.807
000d7d20_2388,11682.811
000d7d20_2389,11682.815
000d7d20_2390,11682.819
000d7d20_2391,11682.822
000d7d20_2392,11682.826
000d7d20_2393,11682.829
000d7d20_2394,11682.832
000d7d20_2395,11682.835
000d7d20_2396,11682.838
000d7d20_2397,11682.841
000d7d20_2398,11682.843
000d7d20_2399,11682.845
000d7d20_2400,11682.847
000d7d20_2401,11682.849
000d7d20_2402,11682.85
000d7d20_2403,11682.852
000d7d20_2404,11682.853
000d7d20_2405,11682.854
000d7d20_2406,11682.854
000d7d20_2407,11682.8545
000d7d20_2408,11682.8545
000d7d20_2409,11682.8545
000d7d20_2410,11682.8545
000d7d20_2411,11682.854
000d7d20_2412,11682.853
000d7d20_2413,11682.852
000d7d20_2414,11682.851
000d7d20_2415,11682.85
000d7d20_2416,11682.848
000d7d20_2417,11682.846
000d7d20_2418,11682.844
000d7d20_2419,11682.842
000d7d20_2420,11682.839
000d7d20_2421,11682.836
000d7d20_2422,11682.833
000d7d20_2423,11682.83
000d7d20_2424,11682.827
000d7d20_2425,11682.824
000d7d20_2426,11682.82
000d7d20_2427,11682.816
000d7d20_2428,11682.813
000d7d20_2429,11682.809
000d7d20_2430,11682.805
000d7d20_2431,11682.801
000d7d20_2432,11682.796
000d7d20_2433,11682.791
000d7d20_2434,11682.787
000d7d20_2435,11682.782
000d7d20_2436,11682.777
000d7d20_2437,11682.771
000d7d20_2438,11682.767
000d7d20_2439,11682.762
000d7d20_2440,11682.756
000d7d20_2441,11682.751
000d7d20_2442,11682.745
000d7d20_2443,11682.739
000d7d20_2444,11682.733
000d7d20_2445,11682.728
000d7d20_2446,11682.722
000d7d20_2447,11682.716
000d7d20_2448,11682.709
000d7d20_2449,11682.703
000d7d20_2450,11682.696
000d7d20_2451,11682.69
000d7d20_2452,11682.684
000d7d20_2453,11682.677
000d7d20_2454,11682.67
000d7d20_2455,11682.662
000d7d20_2456,11682.655
000d7d20_2457,11682.648
000d7d20_2458,11682.641
000d7d20_2459,11682.634
000d7d20_2460,11682.626
000d7d20_2461,11682.618
000d7d20_2462,11682.61
000d7d20_2463,11682.603
000d7d20_2464,11682.595
000d7d20_2465,11682.587
000d7d20_2466,11682.579
000d7d20_2467,11682.571
000d7d20_2468,11682.5625
000d7d20_2469,11682.555
000d7d20_2470,11682.546
000d7d20_2471,11682.538
000d7d20_2472,11682.529
000d7d20_2473,11682.521
000d7d20_2474,11682.513
000d7d20_2475,11682.505
000d7d20_2476,11682.496
000d7d20_2477,11682.487
000d7d20_2478,11682.4795
000d7d20_2479,11682.471
000d7d20_2480,11682.462
000d7d20_2481,11682.453
000d7d20_2482,11682.444
000d7d20_2483,11682.436
000d7d20_2484,11682.427
000d7d20_2485,11682.418
000d7d20_2486,11682.409
000d7d20_2487,11682.4
000d7d20_2488,11682.392
000d7d20_2489,11682.383
000d7d20_2490,11682.374
000d7d20_2491,11682.365
000d7d20_2492,11682.357
000d7d20_2493,11682.349
000d7d20_2494,11682.34
000d7d20_2495,11682.332
000d7d20_2496,11682.323
000d7d20_2497,11682.315
000d7d20_2498,11682.308
000d7d20_2499,11682.3
000d7d20_2500,11682.292
000d7d20_2501,11682.285
000d7d20_2502,11682.277
000d7d20_2503,11682.2705
000d7d20_2504,11682.263
000d7d20_2505,11682.256
000d7d20_2506,11682.249
000d7d20_2507,11682.241
000d7d20_2508,11682.234
000d7d20_2509,11682.228
000d7d20_2510,11682.222
000d7d20_2511,11682.215
000d7d20_2512,11682.208
000d7d20_2513,11682.202
000d7d20_2514,11682.195
000d7d20_2515,11682.189
000d7d20_2516,11682.184
000d7d20_2517,11682.177
000d7d20_2518,11682.171
000d7d20_2519,11682.166
000d7d20_2520,11682.16
000d7d20_2521,11682.154
000d7d20_2522,11682.149
000d7d20_2523,11682.144
000d7d20_2524,11682.139
000d7d20_2525,11682.134
000d7d20_2526,11682.129
000d7d20_2527,11682.124
000d7d20_2528,11682.119
000d7d20_2529,11682.115
000d7d20_2530,11682.111
000d7d20_2531,11682.106
000d7d20_2532,11682.103
000d7d20_2533,11682.1
000d7d20_2534,11682.096
000d7d20_2535,11682.092
000d7d20_2536,11682.089
000d7d20_2537,11682.085
000d7d20_2538,11682.082
000d7d20_2539,11682.079
000d7d20_2540,11682.075
000d7d20_2541,11682.072
000d7d20_2542,11682.07
000d7d20_2543,11682.067
000d7d20_2544,11682.064
000d7d20_2545,11682.0625
000d7d20_2546,11682.06
000d7d20_2547,11682.058
000d7d20_2548,11682.056
000d7d20_2549,11682.054
000d7d20_2550,11682.052
000d7d20_2551,11682.05
000d7d20_2552,11682.048
000d7d20_2553,11682.046
000d7d20_2554,11682.045
000d7d20_2555,11682.044
000d7d20_2556,11682.043
000d7d20_2557,11682.041
000d7d20_2558,11682.041
000d7d20_2559,11682.04
000d7d20_2560,11682.039
000d7d20_2561,11682.039
000d7d20_2562,11682.038
000d7d20_2563,11682.038
000d7d20_2564,11682.038
000d7d20_2565,11682.038
000d7d20_2566,11681.778
000d7d20_2567,11681.779
000d7d20_2568,11681.779
000d7d20_2569,11681.78
000d7d20_2570,11681.78
000d7d20_2571,11681.781
000d7d20_2572,11681.782
000d7d20_2573,11681.784
000d7d20_2574,11681.785
000d7d20_2575,11681.786
000d7d20_2576,11681.788
000d7d20_2577,11681.79
000d7d20_2578,11681.792
000d7d20_2579,11681.794
000d7d20_2580,11681.796
000d7d20_2581,11681.798
000d7d20_2582,11681.801
000d7d20_2583,11681.803
000d7d20_2584,11681.806
000d7d20_2585,11681.809
000d7d20_2586,11681.811
000d7d20_2587,11681.813
000d7d20_2588,11681.816
000d7d20_2589,11681.819
000d7d20_2590,11681.823
000d7d20_2591,11681.826
000d7d20_2592,11681.829
000d7d20_2593,11681.833
000d7d20_2594,11681.836
000d7d20_2595,11681.84
000d7d20_2596,11681.843
000d7d20_2597,11681.847
000d7d20_2598,11681.851
000d7d20_2599,11681.8545
000d7d20_2600,11681.858
000d7d20_2601,11681.863
000d7d20_2602,11681.867
000d7d20_2603,11681.872
000d7d20_2604,11681.876
000d7d20_2605,11681.881
000d7d20_2606,11681.886
000d7d20_2607,11681.892
000d7d20_2608,11681.896
000d7d20_2609,11681.902
000d7d20_2610,11681.907
000d7d20_2611,11681.913
000d7d20_2612,11681.919
000d7d20_2613,11681.925
000d7d20_2614,11681.931
000d7d20_2615,11681.937
000d7d20_2616,11681.943
000d7d20_2617,11681.949
000d7d20_2618,11681.956
000d7d20_2619,11681.963
000d7d20_2620,11680.904
000d7d20_2621,11680.911
000d7d20_2622,11680.918
000d7d20_2623,11680.925
000d7d20_2624,11680.932
000d7d20_2625,11680.939
000d7d20_2626,11680.946
000d7d20_2627,11680.954
000d7d20_2628,11680.961
000d7d20_2629,11680.969
000d7d20_2630,11680.977
000d7d20_2631,11680.983
000d7d20_2632,11680.991
000d7d20_2633,11680.999
000d7d20_2634,11681.007
000d7d20_2635,11681.015
000d7d20_2636,11681.021
000d7d20_2637,11681.029
000d7d20_2638,11681.036
000d7d20_2639,11681.044
000d7d20_2640,11681.051
000d7d20_2641,11681.059
000d7d20_2642,11681.065
000d7d20_2643,11681.072
000d7d20_2644,11681.078
000d7d20_2645,11681.085
000d7d20_2646,11681.092
000d7d20_2647,11681.098
000d7d20_2648,11681.104
000d7d20_2649,11681.109
000d7d20_2650,11681.115
000d7d20_2651,11681.121
000d7d20_2652,11681.127
000d7d20_2653,11681.132
000d7d20_2654,11681.138
000d7d20_2655,11681.143
000d7d20_2656,11682.375
000d7d20_2657,11682.38
000d7d20_2658,11682.385
000d7d20_2659,11682.389
000d7d20_2660,11682.394
000d7d20_2661,11682.397
000d7d20_2662,11682.402
000d7d20_2663,11682.406
000d7d20_2664,11682.41
000d7d20_2665,11682.414
000d7d20_2666,11682.418
000d7d20_2667,11682.421
000d7d20_2668,11682.425
000d7d20_2669,11682.428
000d7d20_2670,11682.431
000d7d20_2671,11683.002
000d7d20_2672,11683.005
000d7d20_2673,11683.008
000d7d20_2674,11683.01
000d7d20_2675,11683.012
000d7d20_2676,11683.015
000d7d20_2677,11683.017
000d7d20_2678,11683.019
000d7d20_2679,11683.02
000d7d20_2680,11683.021
000d7d20_2681,11683.022
000d7d20_2682,11683.023
000d7d20_2683,11683.024
000d7d20_2684,11683.025
000d7d20_2685,11683.026
000d7d20_2686,11683.026
000d7d20_2687,11683.026
000d7d20_2688,11683.026
000d7d20_2689,11683.026
000d7d20_2690,11683.025
000d7d20_2691,11683.025
000d7d20_2692,11683.024
000d7d20_2693,11683.022
000d7d20_2694,11683.021
000d7d20_2695,11683.02
000d7d20_2696,11683.019
000d7d20_2697,11683.016
000d7d20_2698,11683.014
000d7d20_2699,11683.012
000d7d20_2700,11683.009
000d7d20_2701,11683.006
000d7d20_2702,11683.002
000d7d20_2703,11682.999
000d7d20_2704,11682.995
000d7d20_2705,11682.991
000d7d20_2706,11682.987
000d7d20_2707,11682.982
000d7d20_2708,11682.978
000d7d20_2709,11682.973
000d7d20_2710,11682.967
000d7d20_2711,11682.962
000d7d20_2712,11682.956
000d7d20_2713,11682.95
000d7d20_2714,11682.943
000d7d20_2715,11682.937
000d7d20_2716,11682.93
000d7d20_2717,11682.922
000d7d20_2718,11682.914
000d7d20_2719,11682.906
000d7d20_2720,11682.897
000d7d20_2721,11682.889
000d7d20_2722,11682.88
000d7d20_2723,11682.871
000d7d20_2724,11682.861
000d7d20_2725,11682.851
000d7d20_2726,11682.841
000d7d20_2727,11682.83
000d7d20_2728,11682.819
000d7d20_2729,11682.808
000d7d20_2730,11682.796
000d7d20_2731,11682.784
000d7d20_2732,11682.772
000d7d20_2733,11682.76
000d7d20_2734,11682.747
000d7d20_2735,11682.734
000d7d20_2736,11682.721
000d7d20_2737,11682.707
000d7d20_2738,11682.693
000d7d20_2739,11682.679
000d7d20_2740,11682.665
000d7d20_2741,11682.65
000d7d20_2742,11682.635
000d7d20_2743,11682.62
000d7d20_2744,11682.6045
000d7d20_2745,11682.589
000d7d20_2746,11682.573
000d7d20_2747,11682.557
000d7d20_2748,11682.54
000d7d20_2749,11682.523
000d7d20_2750,11682.507
000d7d20_2751,11682.49
000d7d20_2752,11682.473
000d7d20_2753,11682.455
000d7d20_2754,11682.4375
000d7d20_2755,11682.42
000d7d20_2756,11682.401
000d7d20_2757,11682.383
000d7d20_2758,11682.364
000d7d20_2759,11682.346
000d7d20_2760,11682.327
000d7d20_2761,11682.308
000d7d20_2762,11682.289
000d7d20_2763,11682.27
000d7d20_2764,11682.25
000d7d20_2765,11682.2295
000d7d20_2766,11682.21
000d7d20_2767,11682.189
000d7d20_2768,11682.169
000d7d20_2769,11682.148
000d7d20_2770,11682.128
000d7d20_2771,11682.107
000d7d20_2772,11682.086
000d7d20_2773,11682.065
000d7d20_2774,11682.044
000d7d20_2775,11682.022
000d7d20_2776,11682.001
000d7d20_2777,11681.9795
000d7d20_2778,11681.957
000d7d20_2779,11681.935
000d7d20_2780,11681.913
000d7d20_2781,11681.891
000d7d20_2782,11681.868
000d7d20_2783,11681.846
000d7d20_2784,11681.822
000d7d20_2785,11681.8
000d7d20_2786,11681.777
000d7d20_2787,11681.755
000d7d20_2788,11681.731
000d7d20_2789,11681.709
000d7d20_2790,11681.687
000d7d20_2791,11681.664
000d7d20_2792,11681.641
000d7d20_2793,11681.618
000d7d20_2794,11681.596
000d7d20_2795,11681.572
000d7d20_2796,11681.55
000d7d20_2797,11681.527
000d7d20_2798,11681.504
000d7d20_2799,11681.481
000d7d20_2800,11681.458
000d7d20_2801,11681.436
000d7d20_2802,11681.413
000d7d20_2803,11681.39
000d7d20_2804,11681.367
000d7d20_2805,11681.345
000d7d20_2806,11681.321
000d7d20_2807,11681.299
000d7d20_2808,11681.276
000d7d20_2809,11681.254
000d7d20_2810,11681.127
000d7d20_2811,11681.104
000d7d20_2812,11681.081
000d7d20_2813,11681.059
000d7d20_2814,11681.037
000d7d20_2815,11681.015
000d7d20_2816,11680.992
000d7d20_2817,11680.97
000d7d20_2818,11680.948
000d7d20_2819,11680.926
000d7d20_2820,11680.904
000d7d20_2821,11680.882
000d7d20_2822,11680.86
000d7d20_2823,11680.839
000d7d20_2824,11680.817
000d7d20_2825,11680.796
000d7d20_2826,11680.774
000d7d20_2827,11680.753
000d7d20_2828,11680.732
000d7d20_2829,11680.711
000d7d20_2830,11680.69
000d7d20_2831,11680.669
000d7d20_2832,11680.648
000d7d20_2833,11680.628
000d7d20_2834,11680.607
000d7d20_2835,11680.588
000d7d20_2836,11680.567
000d7d20_2837,11680.547
000d7d20_2838,11680.527
000d7d20_2839,11680.508
000d7d20_2840,11680.488
000d7d20_2841,11680.469
000d7d20_2842,11680.678
000d7d20_2843,11680.659
000d7d20_2844,11680.64
000d7d20_2845,11680.621
000d7d20_2846,11680.603
000d7d20_2847,11680.584
000d7d20_2848,11680.566
000d7d20_2849,11680.548
000d7d20_2850,11680.53
000d7d20_2851,11680.513
000d7d20_2852,11680.495
000d7d20_2853,11680.479
000d7d20_2854,11680.461
000d7d20_2855,11680.444
000d7d20_2856,11680.428
000d7d20_2857,11680.411
000d7d20_2858,11680.395
000d7d20_2859,11680.379
000d7d20_2860,11680.363
000d7d20_2861,11680.348
000d7d20_2862,11680.332
000d7d20_2863,11680.317
000d7d20_2864,11680.303
000d7d20_2865,11680.288
000d7d20_2866,11680.273
000d7d20_2867,11680.26
000d7d20_2868,11680.246
000d7d20_2869,11680.232
000d7d20_2870,11680.219
000d7d20_2871,11680.206
000d7d20_2872,11680.193
000d7d20_2873,11680.181
000d7d20_2874,11680.168
000d7d20_2875,11680.156
000d7d20_2876,11680.145
000d7d20_2877,11680.133
000d7d20_2878,11680.122
000d7d20_2879,11680.111
000d7d20_2880,11680.101
000d7d20_2881,11680.136
000d7d20_2882,11680.126
000d7d20_2883,11680.116
000d7d20_2884,11680.106
000d7d20_2885,11680.098
000d7d20_2886,11680.089
000d7d20_2887,11680.08
000d7d20_2888,11680.072
000d7d20_2889,11680.064
000d7d20_2890,11680.057
000d7d20_2891,11680.05
000d7d20_2892,11680.042
000d7d20_2893,11680.036
000d7d20_2894,11680.029
000d7d20_2895,11680.023
000d7d20_2896,11680.019
000d7d20_2897,11680.014
000d7d20_2898,11680.009
000d7d20_2899,11680.004
000d7d20_2900,11680.0
000d7d20_2901,11679.996
000d7d20_2902,11679.993
000d7d20_2903,11679.989
000d7d20_2904,11679.986
000d7d20_2905,11679.984
000d7d20_2906,11679.981
000d7d20_2907,11679.9795
000d7d20_2908,11679.978
000d7d20_2909,11679.976
000d7d20_2910,11679.975
000d7d20_2911,11679.974
000d7d20_2912,11679.973
000d7d20_2913,11679.972
000d7d20_2914,11679.972
000d7d20_2915,11679.972
000d7d20_2916,11679.972
000d7d20_2917,11679.972
000d7d20_2918,11679.973
000d7d20_2919,11679.973
000d7d20_2920,11679.974
000d7d20_2921,11679.975
000d7d20_2922,11679.976
000d7d20_2923,11679.978
000d7d20_2924,11679.979
000d7d20_2925,11679.9795
000d7d20_2926,11679.981
000d7d20_2927,11679.983
000d7d20_2928,11679.985
000d7d20_2929,11679.987
000d7d20_2930,11679.989
000d7d20_2931,11679.991
000d7d20_2932,11679.993
000d7d20_2933,11679.996
000d7d20_2934,11679.998
000d7d20_2935,11680.0
000d7d20_2936,11680.003
000d7d20_2937,11680.005
000d7d20_2938,11680.008
000d7d20_2939,11680.01
000d7d20_2940,11680.013
000d7d20_2941,11680.015
000d7d20_2942,11680.018
000d7d20_2943,11680.02
000d7d20_2944,11680.022
000d7d20_2945,11680.024
000d7d20_2946,11680.027
000d7d20_2947,11680.029
000d7d20_2948,11680.032
000d7d20_2949,11680.034
000d7d20_2950,11680.037
000d7d20_2951,11680.04
000d7d20_2952,11680.042
000d7d20_2953,11680.045
000d7d20_2954,11680.047
000d7d20_2955,11680.05
000d7d20_2956,11680.052
000d7d20_2957,11680.054
000d7d20_2958,11680.056
000d7d20_2959,11680.059
000d7d20_2960,11680.203
000d7d20_2961,11680.205
000d7d20_2962,11680.207
000d7d20_2963,11680.209
000d7d20_2964,11680.211
000d7d20_2965,11680.213
000d7d20_2966,11680.214
000d7d20_2967,11680.216
000d7d20_2968,11680.218
000d7d20_2969,11680.219
000d7d20_2970,11680.22
000d7d20_2971,11680.222
000d7d20_2972,11680.223
000d7d20_2973,11680.224
000d7d20_2974,11680.225
000d7d20_2975,11680.226
000d7d20_2976,11680.227
000d7d20_2977,11680.227
000d7d20_2978,11680.228
000d7d20_2979,11680.228
000d7d20_2980,11680.229
000d7d20_2981,11680.229
000d7d20_2982,11680.229
000d7d20_2983,11680.229
000d7d20_2984,11680.228
000d7d20_2985,11680.228
000d7d20_2986,11680.227
000d7d20_2987,11680.227
000d7d20_2988,11680.226
000d7d20_2989,11680.225
000d7d20_2990,11680.224
000d7d20_2991,11680.222
000d7d20_2992,11680.221
000d7d20_2993,11680.219
000d7d20_2994,11680.218
000d7d20_2995,11680.216
000d7d20_2996,11680.214
000d7d20_2997,11680.211
000d7d20_2998,11680.209
000d7d20_2999,11680.207
000d7d20_3000,11680.204
000d7d20_3001,11680.201
000d7d20_3002,11680.198
000d7d20_3003,11680.195
000d7d20_3004,11680.191
000d7d20_3005,11680.188
000d7d20_3006,11680.185
000d7d20_3007,11680.181
000d7d20_3008,11680.177
000d7d20_3009,11680.402
000d7d20_3010,11680.398
000d7d20_3011,11680.394
000d7d20_3012,11680.389
000d7d20_3013,11680.384
000d7d20_3014,11680.379
000d7d20_3015,11680.373
000d7d20_3016,11680.368
000d7d20_3017,11680.362
000d7d20_3018,11680.357
000d7d20_3019,11680.352
000d7d20_3020,11680.346
000d7d20_3021,11680.34
000d7d20_3022,11680.334
000d7d20_3023,11680.328
000d7d20_3024,11680.322
000d7d20_3025,11680.316
000d7d20_3026,11680.311
000d7d20_3027,11680.304
000d7d20_3028,11680.298
000d7d20_3029,11680.292
000d7d20_3030,11680.285
000d7d20_3031,11679.212
000d7d20_3032,11679.206
000d7d20_3033,11679.199
000d7d20_3034,11679.192
000d7d20_3035,11679.187
000d7d20_3036,11679.18
000d7d20_3037,11679.173
000d7d20_3038,11679.166
000d7d20_3039,11679.159
000d7d20_3040,11679.152
000d7d20_3041,11679.1455
000d7d20_3042,11679.139
000d7d20_3043,11679.131
000d7d20_3044,11679.124
000d7d20_3045,11679.117
000d7d20_3046,11679.11
000d7d20_3047,11679.103
000d7d20_3048,11679.096
000d7d20_3049,11679.089
000d7d20_3050,11679.081
000d7d20_3051,11679.074
000d7d20_3052,11679.067
000d7d20_3053,11679.06
000d7d20_3054,11679.053
000d7d20_3055,11679.045
000d7d20_3056,11679.038
000d7d20_3057,11679.031
000d7d20_3058,11679.023
000d7d20_3059,11679.017
000d7d20_3060,11679.009
000d7d20_3061,11679.002
000d7d20_3062,11678.994
000d7d20_3063,11678.987
000d7d20_3064,11678.9795
000d7d20_3065,11678.973
000d7d20_3066,11678.965
000d7d20_3067,11678.958
000d7d20_3068,11678.951
000d7d20_3069,11678.943
000d7d20_3070,11678.937
000d7d20_3071,11678.929
000d7d20_3072,11678.922
000d7d20_3073,11678.914
000d7d20_3074,11678.907
000d7d20_3075,11678.9
000d7d20_3076,11678.893
000d7d20_3077,11678.886
000d7d20_3078,11678.878
000d7d20_3079,11678.871
000d7d20_3080,11678.864
000d7d20_3081,11678.857
000d7d20_3082,11678.851
000d7d20_3083,11678.844
000d7d20_3084,11678.838
000d7d20_3085,11678.831
000d7d20_3086,11678.824
000d7d20_3087,11678.818
000d7d20_3088,11678.812
000d7d20_3089,11678.806
000d7d20_3090,11678.8
000d7d20_3091,11678.794
000d7d20_3092,11678.788
000d7d20_3093,11678.782
000d7d20_3094,11678.776
000d7d20_3095,11678.7705
000d7d20_3096,11678.765
000d7d20_3097,11678.759
000d7d20_3098,11678.753
000d7d20_3099,11678.748
000d7d20_3100,11678.742
000d7d20_3101,11678.737
000d7d20_3102,11678.731
000d7d20_3103,11678.727
000d7d20_3104,11678.722
000d7d20_3105,11678.717
000d7d20_3106,11678.712
000d7d20_3107,11678.708
000d7d20_3108,11678.703
000d7d20_3109,11678.699
000d7d20_3110,11678.694
000d7d20_3111,11678.69
000d7d20_3112,11678.687
000d7d20_3113,11678.683
000d7d20_3114,11678.679
000d7d20_3115,11678.676
000d7d20_3116,11678.672
000d7d20_3117,11678.668
000d7d20_3118,11678.665
000d7d20_3119,11678.661
000d7d20_3120,11678.658
000d7d20_3121,11678.655
000d7d20_3122,11678.652
000d7d20_3123,11678.648
000d7d20_3124,11678.6455
000d7d20_3125,11678.643
000d7d20_3126,11678.64
000d7d20_3127,11678.637
000d7d20_3128,11678.634
000d7d20_3129,11678.632
000d7d20_3130,11678.629
000d7d20_3131,11678.626
000d7d20_3132,11678.623
000d7d20_3133,11678.621
000d7d20_3134,11678.618
000d7d20_3135,11678.616
000d7d20_3136,11678.613
000d7d20_3137,11678.611
000d7d20_3138,11678.608
000d7d20_3139,11678.606
000d7d20_3140,11678.6045
000d7d20_3141,11678.602
000d7d20_3142,11678.6
000d7d20_3143,11678.598
000d7d20_3144,11678.596
000d7d20_3145,11678.594
000d7d20_3146,11678.592
000d7d20_3147,11678.59
000d7d20_3148,11678.588
000d7d20_3149,11678.587
000d7d20_3150,11678.585
000d7d20_3151,11678.583
000d7d20_3152,11678.582
000d7d20_3153,11678.58
000d7d20_3154,11678.579
000d7d20_3155,11678.577
000d7d20_3156,11678.576
000d7d20_3157,11678.575
000d7d20_3158,11678.574
000d7d20_3159,11678.572
000d7d20_3160,11678.571
000d7d20_3161,11678.57
000d7d20_3162,11678.569
000d7d20_3163,11678.568
000d7d20_3164,11678.568
000d7d20_3165,11678.567
000d7d20_3166,11678.566
000d7d20_3167,11678.565
000d7d20_3168,11678.564
000d7d20_3169,11678.564
000d7d20_3170,11678.563
000d7d20_3171,11678.563
000d7d20_3172,11678.5625
000d7d20_3173,11678.5625
000d7d20_3174,11678.562
000d7d20_3175,11678.562
000d7d20_3176,11678.562
000d7d20_3177,11678.562
000d7d20_3178,11678.561
000d7d20_3179,11678.561
000d7d20_3180,11678.561
000d7d20_3181,11678.562
000d7d20_3182,11678.562
000d7d20_3183,11678.562
000d7d20_3184,11678.562
000d7d20_3185,11678.5625
000d7d20_3186,11678.5625
000d7d20_3187,11678.563
000d7d20_3188,11678.563
000d7d20_3189,11678.564
000d7d20_3190,11678.565
000d7d20_3191,11678.565
000d7d20_3192,11678.566
000d7d20_3193,11678.567
000d7d20_3194,11678.568
000d7d20_3195,11678.569
000d7d20_3196,11678.57
000d7d20_3197,11678.571
000d7d20_3198,11678.572
000d7d20_3199,11678.573
000d7d20_3200,11678.574
000d7d20_3201,11678.575
000d7d20_3202,11678.576
000d7d20_3203,11678.577
000d7d20_3204,11678.578
000d7d20_3205,11678.579
000d7d20_3206,11678.58
000d7d20_3207,11678.581
000d7d20_3208,11678.582
000d7d20_3209,11678.583
000d7d20_3210,11678.584
000d7d20_3211,11678.585
000d7d20_3212,11678.586
000d7d20_3213,11678.587
000d7d20_3214,11678.588
000d7d20_3215,11678.589
000d7d20_3216,11678.59
000d7d20_3217,11678.591
000d7d20_3218,11678.591
000d7d20_3219,11678.592
000d7d20_3220,11678.593
000d7d20_3221,11678.593
000d7d20_3222,11678.594
000d7d20_3223,11678.594
000d7d20_3224,11678.595
000d7d20_3225,11678.595
000d7d20_3226,11678.595
000d7d20_3227,11678.595
000d7d20_3228,11678.595
000d7d20_3229,11678.595
000d7d20_3230,11678.595
000d7d20_3231,11678.595
000d7d20_3232,11678.595
000d7d20_3233,11678.595
000d7d20_3234,11678.594
000d7d20_3235,11678.594
000d7d20_3236,11678.593
000d7d20_3237,11678.593
000d7d20_3238,11678.592
000d7d20_3239,11678.591
000d7d20_3240,11678.59
000d7d20_3241,11678.59
000d7d20_3242,11678.589
000d7d20_3243,11678.588
000d7d20_3244,11678.587
000d7d20_3245,11678.586
000d7d20_3246,11678.586
000d7d20_3247,11678.585
000d7d20_3248,11678.584
000d7d20_3249,11678.583
000d7d20_3250,11678.582
000d7d20_3251,11678.581
000d7d20_3252,11678.58
000d7d20_3253,11678.579
000d7d20_3254,11678.578
000d7d20_3255,11678.577
000d7d20_3256,11678.575
000d7d20_3257,11678.574
000d7d20_3258,11678.573
000d7d20_3259,11678.571
000d7d20_3260,11678.57
000d7d20_3261,11678.568
000d7d20_3262,11678.567
000d7d20_3263,11678.565
000d7d20_3264,11678.564
000d7d20_3265,11678.5625
000d7d20_3266,11678.562
000d7d20_3267,11678.56
000d7d20_3268,11678.558
000d7d20_3269,11678.556
000d7d20_3270,11678.555
000d7d20_3271,11678.553
000d7d20_3272,11678.551
000d7d20_3273,11678.549
000d7d20_3274,11678.547
000d7d20_3275,11678.545
000d7d20_3276,11678.543
000d7d20_3277,11678.541
000d7d20_3278,11678.539
000d7d20_3279,11678.537
000d7d20_3280,11678.535
000d7d20_3281,11678.533
000d7d20_3282,11678.53
000d7d20_3283,11678.528
000d7d20_3284,11678.526
000d7d20_3285,11678.523
000d7d20_3286,11678.521
000d7d20_3287,11678.52
000d7d20_3288,11678.517
000d7d20_3289,11678.515
000d7d20_3290,11678.512
000d7d20_3291,11678.51
000d7d20_3292,11678.507
000d7d20_3293,11678.505
000d7d20_3294,11678.502
000d7d20_3295,11678.499
000d7d20_3296,11678.497
000d7d20_3297,11678.494
000d7d20_3298,11678.492
000d7d20_3299,11678.489
000d7d20_3300,11678.486
000d7d20_3301,11678.484
000d7d20_3302,11678.481
000d7d20_3303,11678.479
000d7d20_3304,11678.477
000d7d20_3305,11678.474
000d7d20_3306,11678.471
000d7d20_3307,11678.469
000d7d20_3308,11678.466
000d7d20_3309,11678.463
000d7d20_3310,11678.46
000d7d20_3311,11678.458
000d7d20_3312,11678.455
000d7d20_3313,11678.453
000d7d20_3314,11678.45
000d7d20_3315,11678.447
000d7d20_3316,11678.445
000d7d20_3317,11678.443
000d7d20_3318,11678.44
000d7d20_3319,11678.4375
000d7d20_3320,11678.436
000d7d20_3321,11678.433
000d7d20_3322,11678.431
000d7d20_3323,11678.428
000d7d20_3324,11678.426
000d7d20_3325,11678.424
000d7d20_3326,11678.421
000d7d20_3327,11678.419
000d7d20_3328,11678.416
000d7d20_3329,11678.414
000d7d20_3330,11678.411
000d7d20_3331,11678.409
000d7d20_3332,11678.407
000d7d20_3333,11678.404
000d7d20_3334,11678.402
000d7d20_3335,11678.4
000d7d20_3336,11678.397
000d7d20_3337,11678.3955
000d7d20_3338,11678.394
000d7d20_3339,11678.392
000d7d20_3340,11678.389
000d7d20_3341,11678.387
000d7d20_3342,11678.385
000d7d20_3343,11678.383
000d7d20_3344,11678.381
000d7d20_3345,11678.378
000d7d20_3346,11678.376
000d7d20_3347,11678.374
000d7d20_3348,11678.372
000d7d20_3349,11678.37
000d7d20_3350,11678.368
000d7d20_3351,11678.366
000d7d20_3352,11678.363
000d7d20_3353,11678.361
000d7d20_3354,11678.359
000d7d20_3355,11678.357
000d7d20_3356,11678.355
000d7d20_3357,11678.354
000d7d20_3358,11678.352
000d7d20_3359,11678.35
000d7d20_3360,11678.347
000d7d20_3361,11678.345
000d7d20_3362,11678.343
000d7d20_3363,11678.341
000d7d20_3364,11678.339
000d7d20_3365,11678.337
000d7d20_3366,11678.335
000d7d20_3367,11678.333
000d7d20_3368,11678.331
000d7d20_3369,11678.329
000d7d20_3370,11678.327
000d7d20_3371,11678.325
000d7d20_3372,11678.323
000d7d20_3373,11678.321
000d7d20_3374,11678.319
000d7d20_3375,11678.317
000d7d20_3376,11678.315
000d7d20_3377,11678.314
000d7d20_3378,11678.3125
000d7d20_3379,11678.311
000d7d20_3380,11678.309
000d7d20_3381,11678.308
000d7d20_3382,11678.306
000d7d20_3383,11678.304
000d7d20_3384,11678.302
000d7d20_3385,11678.301
000d7d20_3386,11678.299
000d7d20_3387,11678.298
000d7d20_3388,11678.296
000d7d20_3389,11678.295
000d7d20_3390,11678.293
000d7d20_3391,11678.292
000d7d20_3392,11678.29
000d7d20_3393,11678.289
000d7d20_3394,11678.287
000d7d20_3395,11678.286
000d7d20_3396,11678.285
000d7d20_3397,11678.283
000d7d20_3398,11678.282
000d7d20_3399,11678.281
000d7d20_3400,11678.28
000d7d20_3401,11678.279
000d7d20_3402,11678.277
000d7d20_3403,11678.276
000d7d20_3404,11678.275
000d7d20_3405,11678.274
000d7d20_3406,11678.272
000d7d20_3407,11678.271
000d7d20_3408,11678.27
000d7d20_3409,11678.269
000d7d20_3410,11678.267
000d7d20_3411,11678.266
000d7d20_3412,11678.264
000d7d20_3413,11678.262
000d7d20_3414,11678.26
000d7d20_3415,11678.259
000d7d20_3416,11678.257
000d7d20_3417,11678.255
000d7d20_3418,11678.253
000d7d20_3419,11678.252
000d7d20_3420,11678.25
000d7d20_3421,11678.248
000d7d20_3422,11678.246
000d7d20_3423,11678.244
000d7d20_3424,11678.243
000d7d20_3425,11678.241
000d7d20_3426,11678.239
000d7d20_3427,11678.237
000d7d20_3428,11678.235
000d7d20_3429,11678.233
000d7d20_3430,11678.231
000d7d20_3431,11678.2295
000d7d20_3432,11678.229
000d7d20_3433,11678.227
000d7d20_3434,11678.224
000d7d20_3435,11678.222
000d7d20_3436,11678.22
000d7d20_3437,11678.218
000d7d20_3438,11678.216
000d7d20_3439,11678.214
000d7d20_3440,11678.212
000d7d20_3441,11678.21
000d7d20_3442,11678.208
000d7d20_3443,11678.205
000d7d20_3444,11678.203
000d7d20_3445,11678.201
000d7d20_3446,11678.199
000d7d20_3447,11678.196
000d7d20_3448,11678.194
000d7d20_3449,11678.192
000d7d20_3450,11678.19
000d7d20_3451,11678.1875
000d7d20_3452,11678.186
000d7d20_3453,11678.184
000d7d20_3454,11678.181
000d7d20_3455,11678.179
000d7d20_3456,11678.177
000d7d20_3457,11678.175
000d7d20_3458,11678.172
000d7d20_3459,11678.17
000d7d20_3460,11678.168
000d7d20_3461,11678.165
000d7d20_3462,11678.163
000d7d20_3463,11678.161
000d7d20_3464,11678.159
000d7d20_3465,11678.156
000d7d20_3466,11678.154
000d7d20_3467,11678.152
000d7d20_3468,11678.15
000d7d20_3469,11678.147
000d7d20_3470,11678.1455
000d7d20_3471,11678.144
000d7d20_3472,11678.142
000d7d20_3473,11678.139
000d7d20_3474,11678.137
000d7d20_3475,11678.135
000d7d20_3476,11678.133
000d7d20_3477,11678.131
000d7d20_3478,11678.128
000d7d20_3479,11678.126
000d7d20_3480,11678.124
000d7d20_3481,11678.122
000d7d20_3482,11678.12
000d7d20_3483,11678.118
000d7d20_3484,11678.115
000d7d20_3485,11678.113
000d7d20_3486,11678.111
000d7d20_3487,11678.109
000d7d20_3488,11678.107
000d7d20_3489,11678.1045
000d7d20_3490,11678.103
000d7d20_3491,11678.101
000d7d20_3492,11678.098
000d7d20_3493,11678.096
000d7d20_3494,11678.094
000d7d20_3495,11678.091
000d7d20_3496,11678.089
000d7d20_3497,11678.086
000d7d20_3498,11678.084
000d7d20_3499,11678.082
000d7d20_3500,11678.079
000d7d20_3501,11678.077
000d7d20_3502,11678.074
000d7d20_3503,11678.072
000d7d20_3504,11678.069
000d7d20_3505,11678.067
000d7d20_3506,11678.064
000d7d20_3507,11678.0625
000d7d20_3508,11678.06
000d7d20_3509,11678.058
000d7d20_3510,11678.055
000d7d20_3511,11678.053
000d7d20_3512,11678.05
000d7d20_3513,11678.048
000d7d20_3514,11678.045
000d7d20_3515,11678.043
000d7d20_3516,11678.04
000d7d20_3517,11678.038
000d7d20_3518,11678.036
000d7d20_3519,11678.033
000d7d20_3520,11678.031
000d7d20_3521,11678.028
000d7d20_3522,11678.026
000d7d20_3523,11678.024
000d7d20_3524,11678.022
000d7d20_3525,11678.02
000d7d20_3526,11678.018
000d7d20_3527,11678.016
000d7d20_3528,11678.014
000d7d20_3529,11678.012
000d7d20_3530,11678.01
000d7d20_3531,11678.008
000d7d20_3532,11678.006
000d7d20_3533,11678.004
000d7d20_3534,11678.002
000d7d20_3535,11678.0
000d7d20_3536,11677.998
000d7d20_3537,11677.996
000d7d20_3538,11677.994
000d7d20_3539,11677.992
000d7d20_3540,11677.991
000d7d20_3541,11677.989
000d7d20_3542,11677.987
000d7d20_3543,11677.985
000d7d20_3544,11677.983
000d7d20_3545,11677.981
000d7d20_3546,11677.9795
000d7d20_3547,11677.978
000d7d20_3548,11677.976
000d7d20_3549,11677.974
000d7d20_3550,11677.971
000d7d20_3551,11677.969
000d7d20_3552,11677.966
000d7d20_3553,11677.964
000d7d20_3554,11677.961
000d7d20_3555,11677.959
000d7d20_3556,11677.956
000d7d20_3557,11677.954
000d7d20_3558,11677.951
000d7d20_3559,11677.949
000d7d20_3560,11677.946
000d7d20_3561,11677.944
000d7d20_3562,11677.941
000d7d20_3563,11677.939
000d7d20_3564,11677.937
000d7d20_3565,11677.934
000d7d20_3566,11677.932
000d7d20_3567,11677.929
000d7d20_3568,11677.926
000d7d20_3569,11677.924
000d7d20_3570,11677.921
000d7d20_3571,11677.918
000d7d20_3572,11677.916
000d7d20_3573,11677.913
000d7d20_3574,11677.91
000d7d20_3575,11677.908
000d7d20_3576,11677.905
000d7d20_3577,11677.903
000d7d20_3578,11677.9
000d7d20_3579,11677.898
000d7d20_3580,11677.896
000d7d20_3581,11677.895
000d7d20_3582,11677.893
000d7d20_3583,11677.891
000d7d20_3584,11677.889
000d7d20_3585,11677.887
000d7d20_3586,11677.886
000d7d20_3587,11677.884
000d7d20_3588,11677.883
000d7d20_3589,11677.882
000d7d20_3590,11677.88
000d7d20_3591,11677.879
000d7d20_3592,11677.878
000d7d20_3593,11677.877
000d7d20_3594,11677.877
000d7d20_3595,11677.876
000d7d20_3596,11677.875
000d7d20_3597,11677.874
000d7d20_3598,11677.874
000d7d20_3599,11677.873
000d7d20_3600,11677.773
000d7d20_3601,11677.773
000d7d20_3602,11677.772
000d7d20_3603,11677.772
000d7d20_3604,11677.772
000d7d20_3605,11677.772
000d7d20_3606,11677.772
000d7d20_3607,11677.772
000d7d20_3608,11677.772
000d7d20_3609,11677.772
000d7d20_3610,11677.772
000d7d20_3611,11677.772
000d7d20_3612,11677.773
000d7d20_3613,11677.773
000d7d20_3614,11677.774
000d7d20_3615,11677.774
000d7d20_3616,11677.775
000d7d20_3617,11677.775
000d7d20_3618,11677.776
000d7d20_3619,11677.777
000d7d20_3620,11677.777
000d7d20_3621,11677.778
000d7d20_3622,11677.779
000d7d20_3623,11677.78
000d7d20_3624,11677.781
000d7d20_3625,11677.782
000d7d20_3626,11677.783
000d7d20_3627,11677.784
000d7d20_3628,11677.786
000d7d20_3629,11677.787
000d7d20_3630,11677.789
000d7d20_3631,11677.79
000d7d20_3632,11677.792
000d7d20_3633,11677.794
000d7d20_3634,11677.796
000d7d20_3635,11677.798
000d7d20_3636,11677.8
000d7d20_3637,11677.802
000d7d20_3638,11677.804
000d7d20_3639,11677.825
000d7d20_3640,11677.827
000d7d20_3641,11677.829
000d7d20_3642,11677.832
000d7d20_3643,11677.834
000d7d20_3644,11677.837
000d7d20_3645,11677.839
000d7d20_3646,11677.842
000d7d20_3647,11677.845
000d7d20_3648,11677.848
000d7d20_3649,11677.851
000d7d20_3650,11677.854
000d7d20_3651,11677.856
000d7d20_3652,11677.859
000d7d20_3653,11677.862
000d7d20_3654,11677.865
000d7d20_3655,11677.869
000d7d20_3656,11677.872
000d7d20_3657,11677.876
000d7d20_3658,11677.879
000d7d20_3659,11677.883
000d7d20_3660,11677.887
000d7d20_3661,11677.89
000d7d20_3662,11677.894
000d7d20_3663,11677.897
000d7d20_3664,11677.901
000d7d20_3665,11677.905
000d7d20_3666,11677.909
000d7d20_3667,11677.914
000d7d20_3668,11677.918
000d7d20_3669,11677.922
000d7d20_3670,11677.927
000d7d20_3671,11677.931
000d7d20_3672,11677.935
000d7d20_3673,11677.939
000d7d20_3674,11677.943
000d7d20_3675,11677.948
000d7d20_3676,11677.953
000d7d20_3677,11677.957
000d7d20_3678,11677.962
000d7d20_3679,11677.967
000d7d20_3680,11677.971
000d7d20_3681,11677.976
000d7d20_3682,11677.9795
000d7d20_3683,11677.984
000d7d20_3684,11677.988
000d7d20_3685,11677.993
000d7d20_3686,11677.997
000d7d20_3687,11678.002
000d7d20_3688,11678.006
000d7d20_3689,11678.01
000d7d20_3690,11678.014
000d7d20_3691,11678.018
000d7d20_3692,11678.021
000d7d20_3693,11678.025
000d7d20_3694,11678.029
000d7d20_3695,11678.033
000d7d20_3696,11678.037
000d7d20_3697,11678.041
000d7d20_3698,11678.044
000d7d20_3699,11678.048
000d7d20_3700,11678.052
000d7d20_3701,11678.055
000d7d20_3702,11678.059
000d7d20_3703,11678.062
000d7d20_3704,11678.065
000d7d20_3705,11678.068
000d7d20_3706,11678.071
000d7d20_3707,11678.075
000d7d20_3708,11678.078
000d7d20_3709,11678.081
000d7d20_3710,11678.084
000d7d20_3711,11678.087
000d7d20_3712,11678.09
000d7d20_3713,11678.093
000d7d20_3714,11678.096
000d7d20_3715,11678.099
000d7d20_3716,11678.102
000d7d20_3717,11678.104
000d7d20_3718,11678.106
000d7d20_3719,11678.108
000d7d20_3720,11678.111
000d7d20_3721,11678.113
000d7d20_3722,11678.115
000d7d20_3723,11678.117
000d7d20_3724,11678.119
000d7d20_3725,11678.121
000d7d20_3726,11678.123
000d7d20_3727,11678.125
000d7d20_3728,11678.126
000d7d20_3729,11678.128
000d7d20_3730,11678.129
000d7d20_3731,11678.131
000d7d20_3732,11678.132
000d7d20_3733,11678.133
000d7d20_3734,11678.135
000d7d20_3735,11678.136
000d7d20_3736,11678.136
000d7d20_3737,11678.137
000d7d20_3738,11678.137
000d7d20_3739,11678.138
000d7d20_3740,11678.138
000d7d20_3741,11678.138
000d7d20_3742,11678.139
000d7d20_3743,11678.139
000d7d20_3744,11678.139
000d7d20_3745,11678.138
000d7d20_3746,11678.138
000d7d20_3747,11678.138
000d7d20_3748,11678.137
000d7d20_3749,11678.137
000d7d20_3750,11678.136
000d7d20_3751,11678.135
000d7d20_3752,11678.134
000d7d20_3753,11678.133
000d7d20_3754,11678.132
000d7d20_3755,11678.131
000d7d20_3756,11678.129
000d7d20_3757,11678.128
000d7d20_3758,11678.126
000d7d20_3759,11678.124
000d7d20_3760,11678.122
000d7d20_3761,11678.12
000d7d20_3762,11678.118
000d7d20_3763,11678.116
000d7d20_3764,11678.114
000d7d20_3765,11678.112
000d7d20_3766,11678.11
000d7d20_3767,11678.108
000d7d20_3768,11678.105
000d7d20_3769,11678.104
000d7d20_3770,11678.101
000d7d20_3771,11678.099
000d7d20_3772,11678.096
000d7d20_3773,11678.093
000d7d20_3774,11678.09
000d7d20_3775,11678.087
000d7d20_3776,11678.085
000d7d20_3777,11678.082
000d7d20_3778,11678.079
000d7d20_3779,11678.076
000d7d20_3780,11678.073
000d7d20_3781,11678.071
000d7d20_3782,11678.068
000d7d20_3783,11678.065
000d7d20_3784,11678.0625
000d7d20_3785,11678.06
000d7d20_3786,11678.058
000d7d20_3787,11678.055
000d7d20_3788,11678.052
000d7d20_3789,11678.049
000d7d20_3790,11678.047
000d7d20_3791,11678.044
000d7d20_3792,11678.041
000d7d20_3793,11678.039
000d7d20_3794,11678.036
000d7d20_3795,11678.033
000d7d20_3796,11678.031
000d7d20_3797,11678.028
000d7d20_3798,11678.026
000d7d20_3799,11678.023
000d7d20_3800,11678.021
000d7d20_3801,11678.019
000d7d20_3802,11678.017
000d7d20_3803,11678.014
000d7d20_3804,11678.012
000d7d20_3805,11678.009
000d7d20_3806,11678.007
000d7d20_3807,11678.005
000d7d20_3808,11678.002
000d7d20_3809,11678.0
000d7d20_3810,11677.998
000d7d20_3811,11677.996
000d7d20_3812,11677.993
000d7d20_3813,11677.991
000d7d20_3814,11677.989
000d7d20_3815,11677.987
000d7d20_3816,11677.985
000d7d20_3817,11677.982
000d7d20_3818,11677.98
000d7d20_3819,11677.979
000d7d20_3820,11677.977
000d7d20_3821,11677.975
000d7d20_3822,11677.973
000d7d20_3823,11677.971
000d7d20_3824,11677.969
000d7d20_3825,11677.967
000d7d20_3826,11677.965
000d7d20_3827,11677.962
000d7d20_3828,11677.96
000d7d20_3829,11677.958
000d7d20_3830,11678.068
000d7d20_3831,11678.066
000d7d20_3832,11678.064
000d7d20_3833,11678.0625
000d7d20_3834,11678.061
000d7d20_3835,11678.059
000d7d20_3836,11678.057
000d7d20_3837,11678.055
000d7d20_3838,11678.052
000d7d20_3839,11678.05
000d7d20_3840,11678.048
000d7d20_3841,11678.046
000d7d20_3842,11678.044
000d7d20_3843,11678.042
000d7d20_3844,11678.04
000d7d20_3845,11678.038
000d7d20_3846,11678.036
000d7d20_3847,11678.034
000d7d20_3848,11678.032
000d7d20_3849,11678.031
000d7d20_3850,11678.029
000d7d20_3851,11678.028
000d7d20_3852,11678.026
000d7d20_3853,11678.025
000d7d20_3854,11678.024
000d7d20_3855,11678.022
000d7d20_3856,11678.021
000d7d20_3857,11678.0205
000d7d20_3858,11678.02
000d7d20_3859,11678.019
000d7d20_3860,11678.018
000d7d20_3861,11678.017
000d7d20_3862,11678.017
000d7d20_3863,11678.016
000d7d20_3864,11678.016
000d7d20_3865,11678.016
000d7d20_3866,11678.016
000d7d20_3867,11678.015
000d7d20_3868,11677.903
000d7d20_3869,11677.903
000d7d20_3870,11677.903
000d7d20_3871,11677.904
000d7d20_3872,11677.904
000d7d20_3873,11677.905
000d7d20_3874,11677.906
000d7d20_3875,11677.907
000d7d20_3876,11677.909
000d7d20_3877,11677.91
000d7d20_3878,11677.912
000d7d20_3879,11677.913
000d7d20_3880,11677.915
000d7d20_3881,11677.916
000d7d20_3882,11677.918
000d7d20_3883,11677.92
000d7d20_3884,11677.922
000d7d20_3885,11677.924
000d7d20_3886,11677.926
000d7d20_3887,11677.928
000d7d20_3888,11677.93
000d7d20_3889,11677.932
000d7d20_3890,11677.935
000d7d20_3891,11677.937
000d7d20_3892,11677.938
000d7d20_3893,11677.941
000d7d20_3894,11677.944
000d7d20_3895,11677.946
000d7d20_3896,11677.949
000d7d20_3897,11677.952
000d7d20_3898,11677.955
000d7d20_3899,11677.958
000d7d20_3900,11677.961
000d7d20_3901,11677.964
000d7d20_3902,11677.967
000d7d20_3903,11677.97
000d7d20_3904,11677.973
000d7d20_3905,11677.977
000d7d20_3906,11677.9795
000d7d20_3907,11677.982
000d7d20_3908,11677.986
000d7d20_3909,11677.989
000d7d20_3910,11677.993
000d7d20_3911,11677.997
000d7d20_3912,11678.0
000d7d20_3913,11678.004
000d7d20_3914,11678.008
000d7d20_3915,11678.012
000d7d20_3916,11678.016
000d7d20_3917,11678.02
000d7d20_3918,11678.023
000d7d20_3919,11678.028
000d7d20_3920,11678.032
000d7d20_3921,11678.036
000d7d20_3922,11678.041
000d7d20_3923,11678.045
000d7d20_3924,11678.05
000d7d20_3925,11678.054
000d7d20_3926,11678.059
000d7d20_3927,11678.063
000d7d20_3928,11678.067
000d7d20_3929,11678.072
000d7d20_3930,11678.077
000d7d20_3931,11678.082
000d7d20_3932,11678.086
000d7d20_3933,11678.091
000d7d20_3934,11678.096
000d7d20_3935,11678.101
000d7d20_3936,11678.105
000d7d20_3937,11678.11
000d7d20_3938,11678.115
000d7d20_3939,11678.12
000d7d20_3940,11678.124
000d7d20_3941,11678.129
000d7d20_3942,11678.134
000d7d20_3943,11678.139
000d7d20_3944,11678.144
000d7d20_3945,11678.148
000d7d20_3946,11678.153
000d7d20_3947,11678.158
000d7d20_3948,11678.163
000d7d20_3949,11678.168
000d7d20_3950,11678.173
000d7d20_3951,11678.065
000d7d20_3952,11678.07
000d7d20_3953,11678.074
000d7d20_3954,11678.078
000d7d20_3955,11678.082
000d7d20_3956,11678.086
000d7d20_3957,11678.089
000d7d20_3958,11678.093
000d7d20_3959,11678.096
000d7d20_3960,11678.098
000d7d20_3961,11678.101
000d7d20_3962,11678.103
000d7d20_3963,11678.1045
000d7d20_3964,11678.106
000d7d20_3965,11678.107
000d7d20_3966,11678.108
000d7d20_3967,11678.109
000d7d20_3968,11678.11
000d7d20_3969,11678.11
000d7d20_3970,11678.11
000d7d20_3971,11678.11
000d7d20_3972,11678.11
000d7d20_3973,11678.109
000d7d20_3974,11678.109
000d7d20_3975,11678.108
000d7d20_3976,11678.107
000d7d20_3977,11678.105
000d7d20_3978,11678.1045
000d7d20_3979,11678.103
000d7d20_3980,11678.102
000d7d20_3981,11678.1
000d7d20_3982,11678.097
000d7d20_3983,11678.095
000d7d20_3984,11678.093
000d7d20_3985,11678.09
000d7d20_3986,11678.088
000d7d20_3987,11678.085
000d7d20_3988,11678.083
000d7d20_3989,11678.08
000d7d20_3990,11678.077
000d7d20_3991,11678.074
000d7d20_3992,11678.071
000d7d20_3993,11678.069
000d7d20_3994,11678.066
000d7d20_3995,11678.063
000d7d20_3996,11678.061
000d7d20_3997,11678.059
000d7d20_3998,11678.056
000d7d20_3999,11678.054
000d7d20_4000,11678.052
000d7d20_4001,11678.049
000d7d20_4002,11678.047
000d7d20_4003,11678.045
000d7d20_4004,11678.044
000d7d20_4005,11678.042
000d7d20_4006,11678.04
000d7d20_4007,11678.039
000d7d20_4008,11678.037
000d7d20_4009,11678.036
000d7d20_4010,11678.034
000d7d20_4011,11678.033
000d7d20_4012,11678.032
000d7d20_4013,11678.031
000d7d20_4014,11678.03
000d7d20_4015,11678.029
000d7d20_4016,11678.029
000d7d20_4017,11678.028
000d7d20_4018,11678.028
000d7d20_4019,11678.027
000d7d20_4020,11678.027
000d7d20_4021,11678.028
000d7d20_4022,11678.028
000d7d20_4023,11678.028
000d7d20_4024,11678.029
000d7d20_4025,11678.03
000d7d20_4026,11678.031
000d7d20_4027,11678.032
000d7d20_4028,11678.033
000d7d20_4029,11678.035
000d7d20_4030,11678.036
000d7d20_4031,11678.038
000d7d20_4032,11678.04
000d7d20_4033,11678.043
000d7d20_4034,11678.046
000d7d20_4035,11678.048
000d7d20_4036,11678.052
000d7d20_4037,11678.055
000d7d20_4038,11678.059
000d7d20_4039,11678.0625
000d7d20_4040,11678.066
000d7d20_4041,11678.071
000d7d20_4042,11678.076
000d7d20_4043,11678.082
000d7d20_4044,11678.087
000d7d20_4045,11678.094
000d7d20_4046,11678.101
000d7d20_4047,11678.107
000d7d20_4048,11678.115
000d7d20_4049,11678.123
000d7d20_4050,11678.131
000d7d20_4051,11678.14
000d7d20_4052,11678.149
000d7d20_4053,11678.159
000d7d20_4054,11678.169
000d7d20_4055,11678.18
000d7d20_4056,11678.191
000d7d20_4057,11678.202
000d7d20_4058,11678.215
000d7d20_4059,11678.227
000d7d20_4060,11678.24
000d7d20_4061,11678.253
000d7d20_4062,11678.267
000d7d20_4063,11678.281
000d7d20_4064,11678.295
000d7d20_4065,11678.311
000d7d20_4066,11678.325
000d7d20_4067,11678.341
000d7d20_4068,11678.357
000d7d20_4069,11678.373
000d7d20_4070,11678.391
000d7d20_4071,11678.407
000d7d20_4072,11678.425
000d7d20_4073,11678.443
000d7d20_4074,11678.461
000d7d20_4075,11678.48
000d7d20_4076,11678.499
000d7d20_4077,11678.519
000d7d20_4078,11678.538
000d7d20_4079,11678.558
000d7d20_4080,11678.578
000d7d20_4081,11678.599
000d7d20_4082,11678.619
000d7d20_4083,11678.64
000d7d20_4084,11678.661
000d7d20_4085,11678.683
000d7d20_4086,11678.705
000d7d20_4087,11678.727
000d7d20_4088,11678.749
000d7d20_4089,11678.771
000d7d20_4090,11678.794
000d7d20_4091,11678.817
000d7d20_4092,11678.841
000d7d20_4093,11678.864
000d7d20_4094,11678.888
000d7d20_4095,11678.912
000d7d20_4096,11678.9375
000d7d20_4097,11678.963
000d7d20_4098,11678.988
000d7d20_4099,11679.014
000d7d20_4100,11679.04
000d7d20_4101,11679.066
000d7d20_4102,11679.093
000d7d20_4103,11679.12
000d7d20_4104,11679.147
000d7d20_4105,11679.175
000d7d20_4106,11679.202
000d7d20_4107,11679.2295
000d7d20_4108,11679.258
000d7d20_4109,11679.285
000d7d20_4110,11679.313
000d7d20_4111,11679.342
000d7d20_4112,11679.369
000d7d20_4113,11679.397
000d7d20_4114,11679.426
000d7d20_4115,11679.454
000d7d20_4116,11679.482
000d7d20_4117,11679.511
000d7d20_4118,11679.539
000d7d20_4119,11679.568
000d7d20_4120,11679.597
000d7d20_4121,11679.625
000d7d20_4122,11679.654
000d7d20_4123,11679.683
000d7d20_4124,11679.712
000d7d20_4125,11679.74
000d7d20_4126,11679.77
000d7d20_4127,11679.798
000d7d20_4128,11679.827
000d7d20_4129,11679.855
000d7d20_4130,11679.885
000d7d20_4131,11679.914
000d7d20_4132,11679.942
000d7d20_4133,11679.972
000d7d20_4134,11680.0
000d7d20_4135,11680.029
000d7d20_4136,11680.059
000d7d20_4137,11680.087
000d7d20_4138,11680.116
000d7d20_4139,11680.145
000d7d20_4140,11680.174
000d7d20_4141,11680.202
000d7d20_4142,11680.231
000d7d20_4143,11680.26
000d7d20_4144,11680.288
000d7d20_4145,11680.317
000d7d20_4146,11680.346
000d7d20_4147,11680.374
000d7d20_4148,11680.402
000d7d20_4149,11680.431
000d7d20_4150,11680.459
000d7d20_4151,11680.487
000d7d20_4152,11680.516
000d7d20_4153,11680.544
000d7d20_4154,11680.571
000d7d20_4155,11680.599
000d7d20_4156,11680.627
000d7d20_4157,11680.654
000d7d20_4158,11680.681
000d7d20_4159,11680.708
000d7d20_4160,11680.734
000d7d20_4161,11680.761
000d7d20_4162,11680.787
000d7d20_4163,11680.8125
000d7d20_4164,11680.839
000d7d20_4165,11680.864
000d7d20_4166,11680.89
000d7d20_4167,11680.915
000d7d20_4168,11680.94
000d7d20_4169,11680.965
000d7d20_4170,11680.99
000d7d20_4171,11681.015
000d7d20_4172,11681.039
000d7d20_4173,11681.064
000d7d20_4174,11681.089
000d7d20_4175,11681.113
000d7d20_4176,11681.137
000d7d20_4177,11681.161
000d7d20_4178,11681.185
000d7d20_4179,11681.209
000d7d20_4180,11681.232
000d7d20_4181,11681.256
000d7d20_4182,11681.279
000d7d20_4183,11681.302
000d7d20_4184,11681.325
000d7d20_4185,11681.348
000d7d20_4186,11681.37
000d7d20_4187,11681.393
000d7d20_4188,11681.415
000d7d20_4189,11681.437
000d7d20_4190,11681.459
000d7d20_4191,11681.48
000d7d20_4192,11681.502
000d7d20_4193,11681.522
000d7d20_4194,11681.544
000d7d20_4195,11681.564
000d7d20_4196,11681.585
000d7d20_4197,11681.605
000d7d20_4198,11681.625
000d7d20_4199,11681.645
000d7d20_4200,11681.664
000d7d20_4201,11681.684
000d7d20_4202,11681.702
000d7d20_4203,11681.722
000d7d20_4204,11681.74
000d7d20_4205,11681.758
000d7d20_4206,11681.776
000d7d20_4207,11681.794
000d7d20_4208,11681.812
000d7d20_4209,11681.828
000d7d20_4210,11681.845
000d7d20_4211,11681.861
000d7d20_4212,11681.878
000d7d20_4213,11681.894
000d7d20_4214,11681.909
000d7d20_4215,11681.925
000d7d20_4216,11681.94
000d7d20_4217,11681.955
000d7d20_4218,11681.97
000d7d20_4219,11681.983
000d7d20_4220,11681.998
000d7d20_4221,11682.013
000d7d20_4222,11682.026
000d7d20_4223,11682.04
000d7d20_4224,11682.054
000d7d20_4225,11682.067
000d7d20_4226,11682.08
000d7d20_4227,11682.093
000d7d20_4228,11682.106
000d7d20_4229,11682.119
000d7d20_4230,11682.131
000d7d20_4231,11682.144
000d7d20_4232,11682.155
000d7d20_4233,11682.167
000d7d20_4234,11682.179
000d7d20_4235,11682.189
000d7d20_4236,11682.2
000d7d20_4237,11682.211
000d7d20_4238,11682.222
000d7d20_4239,11682.231
000d7d20_4240,11682.241
000d7d20_4241,11682.251
000d7d20_4242,11682.26
000d7d20_4243,11682.269
000d7d20_4244,11682.276
000d7d20_4245,11682.285
000d7d20_4246,11682.292
000d7d20_4247,11682.3
000d7d20_4248,11682.307
000d7d20_4249,11682.3125
000d7d20_4250,11682.318
000d7d20_4251,11682.324
000d7d20_4252,11682.329
000d7d20_4253,11682.334
000d7d20_4254,11682.339
000d7d20_4255,11682.343
000d7d20_4256,11682.347
000d7d20_4257,11682.351
000d7d20_4258,11682.354
000d7d20_4259,11682.357
000d7d20_4260,11682.36
000d7d20_4261,11682.363
000d7d20_4262,11682.365
000d7d20_4263,11682.368
000d7d20_4264,11682.37
000d7d20_4265,11682.373
000d7d20_4266,11682.375
000d7d20_4267,11682.377
000d7d20_4268,11682.378
000d7d20_4269,11682.38
000d7d20_4270,11682.381
000d7d20_4271,11682.382
000d7d20_4272,11682.383
000d7d20_4273,11682.384
000d7d20_4274,11682.385
000d7d20_4275,11682.385
000d7d20_4276,11682.385
000d7d20_4277,11682.386
000d7d20_4278,11682.386
000d7d20_4279,11682.385
000d7d20_4280,11682.385
000d7d20_4281,11682.385
000d7d20_4282,11682.384
000d7d20_4283,11682.383
000d7d20_4284,11682.382
000d7d20_4285,11682.381
000d7d20_4286,11682.38
000d7d20_4287,11682.379
000d7d20_4288,11682.377
000d7d20_4289,11682.376
000d7d20_4290,11682.374
000d7d20_4291,11682.372
000d7d20_4292,11682.369
000d7d20_4293,11682.367
000d7d20_4294,11682.364
000d7d20_4295,11682.361
000d7d20_4296,11682.357
000d7d20_4297,11682.354
000d7d20_4298,11682.35
000d7d20_4299,11682.346
000d7d20_4300,11682.341
000d7d20_4301,11682.336
000d7d20_4302,11682.331
000d7d20_4303,11682.325
000d7d20_4304,11682.319
000d7d20_4305,11682.313
000d7d20_4306,11682.307
000d7d20_4307,11682.3
000d7d20_4308,11682.292
000d7d20_4309,11682.285
000d7d20_4310,11682.276
000d7d20_4311,11682.268
000d7d20_4312,11682.259
000d7d20_4313,11682.249
000d7d20_4314,11682.238
000d7d20_4315,11682.228
000d7d20_4316,11682.217
000d7d20_4317,11682.205
000d7d20_4318,11682.192
000d7d20_4319,11682.181
000d7d20_4320,11682.167
000d7d20_4321,11682.154
000d7d20_4322,11682.141
000d7d20_4323,11682.126
000d7d20_4324,11682.111
000d7d20_4325,11682.097
000d7d20_4326,11682.081
000d7d20_4327,11682.065
000d7d20_4328,11682.049
000d7d20_4329,11682.032
000d7d20_4330,11682.016
000d7d20_4331,11681.999
000d7d20_4332,11681.981
000d7d20_4333,11681.963
000d7d20_4334,11681.945
000d7d20_4335,11681.927
000d7d20_4336,11681.907
000d7d20_4337,11681.889
000d7d20_4338,11681.869
000d7d20_4339,11681.85
000d7d20_4340,11681.83
000d7d20_4341,11681.81
000d7d20_4342,11681.789
000d7d20_4343,11681.769
000d7d20_4344,11681.748
000d7d20_4345,11681.727
000d7d20_4346,11681.705
000d7d20_4347,11681.683
000d7d20_4348,11681.66
000d7d20_4349,11681.638
000d7d20_4350,11681.615
000d7d20_4351,11681.592
000d7d20_4352,11681.567
000d7d20_4353,11681.544
000d7d20_4354,11681.52
000d7d20_4355,11681.495
000d7d20_4356,11681.47
000d7d20_4357,11681.444
000d7d20_4358,11681.419
000d7d20_4359,11681.393
000d7d20_4360,11681.366
000d7d20_4361,11681.34
000d7d20_4362,11681.3125
000d7d20_4363,11681.285
000d7d20_4364,11681.258
000d7d20_4365,11681.2295
000d7d20_4366,11681.201
000d7d20_4367,11681.172
000d7d20_4368,11681.143
000d7d20_4369,11681.113
000d7d20_4370,11681.084
000d7d20_4371,11681.054
000d7d20_4372,11681.023
000d7d20_4373,11680.993
000d7d20_4374,11680.963
000d7d20_4375,11680.932
000d7d20_4376,11680.901
000d7d20_4377,11680.87
000d7d20_4378,11680.839
000d7d20_4379,11680.807
000d7d20_4380,11680.775
000d7d20_4381,11680.744
000d7d20_4382,11680.712
000d7d20_4383,11680.681
000d7d20_4384,11680.648
000d7d20_4385,11680.616
000d7d20_4386,11680.584
000d7d20_4387,11680.552
000d7d20_4388,11680.52
000d7d20_4389,11680.487
000d7d20_4390,11680.455
000d7d20_4391,11680.423
000d7d20_4392,11680.391
000d7d20_4393,11680.357
000d7d20_4394,11680.325
000d7d20_4395,11680.292
000d7d20_4396,11680.259
000d7d20_4397,11680.226
000d7d20_4398,11680.192
000d7d20_4399,11680.158
000d7d20_4400,11680.125
000d7d20_4401,11680.091
000d7d20_4402,11680.056
000d7d20_4403,11680.021
000d7d20_4404,11679.986
000d7d20_4405,11679.951
000d7d20_4406,11679.917
000d7d20_4407,11679.882
000d7d20_4408,11679.847
000d7d20_4409,11679.812
000d7d20_4410,11679.776
000d7d20_4411,11679.741
000d7d20_4412,11679.705
000d7d20_4413,11679.67
000d7d20_4414,11679.635
000d7d20_4415,11679.6
000d7d20_4416,11679.564
000d7d20_4417,11679.529
000d7d20_4418,11679.494
000d7d20_4419,11679.459
000d7d20_4420,11679.424
000d7d20_4421,11679.389
000d7d20_4422,11679.354
000d7d20_4423,11679.318
000d7d20_4424,11679.284
000d7d20_4425,11679.249
000d7d20_4426,11679.214
000d7d20_4427,11679.179
000d7d20_4428,11679.145
000d7d20_4429,11679.109
000d7d20_4430,11679.075
000d7d20_4431,11679.041
000d7d20_4432,11679.006
000d7d20_4433,11678.972
000d7d20_4434,11678.9375
000d7d20_4435,11678.903
000d7d20_4436,11678.87
000d7d20_4437,11678.836
000d7d20_4438,11678.802
000d7d20_4439,11678.769
000d7d20_4440,11678.735
000d7d20_4441,11678.701
000d7d20_4442,11678.669
000d7d20_4443,11678.636
000d7d20_4444,11678.603
000d7d20_4445,11678.57
000d7d20_4446,11678.538
000d7d20_4447,11678.506
000d7d20_4448,11678.474
000d7d20_4449,11678.441
000d7d20_4450,11678.41
000d7d20_4451,11678.379
000d7d20_4452,11678.348
000d7d20_4453,11678.316
000d7d20_4454,11678.286
000d7d20_4455,11678.255
000d7d20_4456,11678.226
000d7d20_4457,11678.195
000d7d20_4458,11678.166
000d7d20_4459,11678.137
000d7d20_4460,11678.108
000d7d20_4461,11678.08
000d7d20_4462,11678.052
000d7d20_4463,11678.024
000d7d20_4464,11677.998
000d7d20_4465,11677.972
000d7d20_4466,11677.945
000d7d20_4467,11677.919
000d7d20_4468,11677.894
000d7d20_4469,11677.868
000d7d20_4470,11677.844
000d7d20_4471,11677.819
000d7d20_4472,11677.795
000d7d20_4473,11677.771
000d7d20_4474,11677.748
000d7d20_4475,11677.725
000d7d20_4476,11677.701
000d7d20_4477,11677.679
000d7d20_4478,11677.656
000d7d20_4479,11677.635
000d7d20_4480,11677.613
000d7d20_4481,11677.592
000d7d20_4482,11677.57
000d7d20_4483,11677.55
000d7d20_4484,11677.529
000d7d20_4485,11677.51
000d7d20_4486,11677.49
000d7d20_4487,11677.472
000d7d20_4488,11677.452
000d7d20_4489,11677.434
000d7d20_4490,11677.416
000d7d20_4491,11677.398
000d7d20_4492,11677.382
000d7d20_4493,11677.365
000d7d20_4494,11677.349
000d7d20_4495,11677.333
000d7d20_4496,11677.317
000d7d20_4497,11677.303
000d7d20_4498,11677.288
000d7d20_4499,11677.274
000d7d20_4500,11677.261
000d7d20_4501,11677.248
000d7d20_4502,11677.235
000d7d20_4503,11677.224
000d7d20_4504,11677.212
000d7d20_4505,11677.2
000d7d20_4506,11677.189
000d7d20_4507,11677.18
000d7d20_4508,11677.17
000d7d20_4509,11677.16
000d7d20_4510,11677.151
000d7d20_4511,11677.143
000d7d20_4512,11677.135
000d7d20_4513,11677.127
000d7d20_4514,11677.12
000d7d20_4515,11677.113
000d7d20_4516,11677.107
000d7d20_4517,11677.102
000d7d20_4518,11677.097
000d7d20_4519,11677.092
000d7d20_4520,11677.087
000d7d20_4521,11677.083
000d7d20_4522,11677.079
000d7d20_4523,11677.075
000d7d20_4524,11677.072
000d7d20_4525,11677.069
000d7d20_4526,11677.066
000d7d20_4527,11677.063
000d7d20_4528,11677.062
000d7d20_4529,11677.06
000d7d20_4530,11677.058
000d7d20_4531,11677.057
000d7d20_4532,11677.056
000d7d20_4533,11677.055
000d7d20_4534,11677.054
000d7d20_4535,11677.053
000d7d20_4536,11677.053
000d7d20_4537,11677.053
000d7d20_4538,11677.053
000d7d20_4539,11677.053
000d7d20_4540,11677.054
000d7d20_4541,11677.055
000d7d20_4542,11677.055
000d7d20_4543,11677.057
000d7d20_4544,11677.058
000d7d20_4545,11677.059
000d7d20_4546,11677.061
000d7d20_4547,11677.0625
000d7d20_4548,11677.064
000d7d20_4549,11677.066
000d7d20_4550,11677.068
000d7d20_4551,11677.071
000d7d20_4552,11677.074
000d7d20_4553,11677.077
000d7d20_4554,11677.08
000d7d20_4555,11677.083
000d7d20_4556,11677.086
000d7d20_4557,11677.09
000d7d20_4558,11677.094
000d7d20_4559,11677.097
000d7d20_4560,11677.101
000d7d20_4561,11677.1045
000d7d20_4562,11677.108
000d7d20_4563,11677.112
000d7d20_4564,11677.116
000d7d20_4565,11677.12
000d7d20_4566,11677.124
000d7d20_4567,11677.128
000d7d20_4568,11677.132
000d7d20_4569,11677.136
000d7d20_4570,11677.14
000d7d20_4571,11677.144
000d7d20_4572,11677.147
000d7d20_4573,11677.151
000d7d20_4574,11677.155
000d7d20_4575,11677.159
000d7d20_4576,11677.162
000d7d20_4577,11677.166
000d7d20_4578,11677.169
000d7d20_4579,11677.172
000d7d20_4580,11677.175
000d7d20_4581,11677.178
000d7d20_4582,11677.181
000d7d20_4583,11677.183
000d7d20_4584,11677.185
000d7d20_4585,11677.187
000d7d20_4586,11677.188
000d7d20_4587,11677.19
000d7d20_4588,11677.191
000d7d20_4589,11677.192
000d7d20_4590,11677.193
000d7d20_4591,11677.194
000d7d20_4592,11677.194
000d7d20_4593,11677.195
000d7d20_4594,11677.195
000d7d20_4595,11677.195
000d7d20_4596,11677.194
000d7d20_4597,11677.194
000d7d20_4598,11677.193
000d7d20_4599,11677.193
000d7d20_4600,11677.192
000d7d20_4601,11677.191
000d7d20_4602,11677.19
000d7d20_4603,11677.188
000d7d20_4604,11677.1875
000d7d20_4605,11677.186
000d7d20_4606,11677.184
000d7d20_4607,11677.182
000d7d20_4608,11677.18
000d7d20_4609,11677.178
000d7d20_4610,11677.175
000d7d20_4611,11677.173
000d7d20_4612,11677.171
000d7d20_4613,11677.168
000d7d20_4614,11677.166
000d7d20_4615,11677.164
000d7d20_4616,11677.162
000d7d20_4617,11677.159
000d7d20_4618,11677.157
000d7d20_4619,11677.155
000d7d20_4620,11677.153
000d7d20_4621,11677.151
000d7d20_4622,11677.149
000d7d20_4623,11677.147
000d7d20_4624,11677.1455
000d7d20_4625,11677.144
000d7d20_4626,11677.142
000d7d20_4627,11677.14
000d7d20_4628,11677.138
000d7d20_4629,11677.136
000d7d20_4630,11677.134
000d7d20_4631,11677.132
000d7d20_4632,11677.13
000d7d20_4633,11677.127
000d7d20_4634,11677.125
000d7d20_4635,11677.123
000d7d20_4636,11677.12
000d7d20_4637,11677.118
000d7d20_4638,11677.115
000d7d20_4639,11677.113
000d7d20_4640,11677.11
000d7d20_4641,11677.106
000d7d20_4642,11677.104
000d7d20_4643,11677.1
000d7d20_4644,11677.096
000d7d20_4645,11677.092
000d7d20_4646,11677.088
000d7d20_4647,11677.083
000d7d20_4648,11677.078
000d7d20_4649,11677.073
000d7d20_4650,11677.068
000d7d20_4651,11677.0625
000d7d20_4652,11677.057
000d7d20_4653,11677.051
000d7d20_4654,11677.045
000d7d20_4655,11677.039
000d7d20_4656,11677.032
000d7d20_4657,11677.025
000d7d20_4658,11677.019
000d7d20_4659,11677.012
000d7d20_4660,11677.004
000d7d20_4661,11676.997
000d7d20_4662,11676.989
000d7d20_4663,11676.982
000d7d20_4664,11676.975
000d7d20_4665,11676.967
000d7d20_4666,11676.96
000d7d20_4667,11676.952
000d7d20_4668,11676.944
000d7d20_4669,11676.937
000d7d20_4670,11676.929
000d7d20_4671,11676.921
000d7d20_4672,11676.913
000d7d20_4673,11676.905
000d7d20_4674,11676.897
000d7d20_4675,11676.89
000d7d20_4676,11676.882
000d7d20_4677,11676.873
000d7d20_4678,11676.865
000d7d20_4679,11676.857
000d7d20_4680,11676.849
000d7d20_4681,11676.84
000d7d20_4682,11676.832
000d7d20_4683,11676.823
000d7d20_4684,11676.814
000d7d20_4685,11676.806
000d7d20_4686,11676.797
000d7d20_4687,11676.788
000d7d20_4688,11676.778
000d7d20_4689,11676.77
000d7d20_4690,11676.761
000d7d20_4691,11676.751
000d7d20_4692,11676.741
000d7d20_4693,11676.731
000d7d20_4694,11676.722
000d7d20_4695,11676.711
000d7d20_4696,11676.701
000d7d20_4697,11676.69
000d7d20_4698,11676.68
000d7d20_4699,11676.669
000d7d20_4700,11676.658
000d7d20_4701,11676.646
000d7d20_4702,11676.636
000d7d20_4703,11676.624
000d7d20_4704,11676.612
000d7d20_4705,11676.601
000d7d20_4706,11676.588
000d7d20_4707,11676.576
000d7d20_4708,11676.563
000d7d20_4709,11676.551
000d7d20_4710,11676.538
000d7d20_4711,11676.525
000d7d20_4712,11676.512
000d7d20_4713,11676.499
000d7d20_4714,11676.485
000d7d20_4715,11676.472
000d7d20_4716,11676.458
000d7d20_4717,11676.443
000d7d20_4718,11676.43
000d7d20_4719,11676.415
000d7d20_4720,11676.4
000d7d20_4721,11676.386
000d7d20_4722,11676.371
000d7d20_4723,11676.356
000d7d20_4724,11676.341
000d7d20_4725,11676.326
000d7d20_4726,11676.311
000d7d20_4727,11676.295
000d7d20_4728,11676.279
000d7d20_4729,11676.264
000d7d20_4730,11676.248
000d7d20_4731,11676.232
000d7d20_4732,11676.217
000d7d20_4733,11676.201
000d7d20_4734,11676.187
000d7d20_4735,11676.171
000d7d20_4736,11676.155
000d7d20_4737,11676.141
000d7d20_4738,11676.125
000d7d20_4739,11676.11
000d7d20_4740,11676.096
000d7d20_4741,11676.082
000d7d20_4742,11676.067
000d7d20_4743,11676.054
000d7d20_4744,11676.04
000d7d20_4745,11676.027
000d7d20_4746,11676.014
000d7d20_4747,11676.002
000d7d20_4748,11675.989
000d7d20_4749,11675.978
000d7d20_4750,11675.967
000d7d20_4751,11675.956
000d7d20_4752,11675.945
000d7d20_4753,11675.935
000d7d20_4754,11675.925
000d7d20_4755,11675.915
000d7d20_4756,11675.906
000d7d20_4757,11675.897
000d7d20_4758,11675.889
000d7d20_4759,11675.881
000d7d20_4760,11675.873
000d7d20_4761,11675.865
000d7d20_4762,11675.857
000d7d20_4763,11675.851
000d7d20_4764,11675.844
000d7d20_4765,11675.838
000d7d20_4766,11675.832
000d7d20_4767,11675.826
000d7d20_4768,11675.82
000d7d20_4769,11675.815
000d7d20_4770,11675.811
000d7d20_4771,11675.806
000d7d20_4772,11675.802
000d7d20_4773,11675.798
000d7d20_4774,11675.794
000d7d20_4775,11675.791
000d7d20_4776,11675.788
000d7d20_4777,11675.785
000d7d20_4778,11675.782
000d7d20_4779,11675.78
000d7d20_4780,11675.778
000d7d20_4781,11675.777
000d7d20_4782,11675.776
000d7d20_4783,11675.775
000d7d20_4784,11675.774
000d7d20_4785,11675.774
000d7d20_4786,11675.774
000d7d20_4787,11675.775
000d7d20_4788,11675.775
000d7d20_4789,11675.776
000d7d20_4790,11675.777
000d7d20_4791,11675.779
000d7d20_4792,11675.781
000d7d20_4793,11675.783
000d7d20_4794,11675.786
000d7d20_4795,11675.789
000d7d20_4796,11675.792
000d7d20_4797,11675.796
000d7d20_4798,11675.801
000d7d20_4799,11675.806
000d7d20_4800,11675.811
000d7d20_4801,11675.815
000d7d20_4802,11675.821
000d7d20_4803,11675.828
000d7d20_4804,11675.835
000d7d20_4805,11675.842
000d7d20_4806,11675.849
000d7d20_4807,11675.856
000d7d20_4808,11675.864
000d7d20_4809,11675.873
000d7d20_4810,11675.882
000d7d20_4811,11675.891
000d7d20_4812,11675.9
000d7d20_4813,11675.91
000d7d20_4814,11675.92
000d7d20_4815,11675.931
000d7d20_4816,11675.941
000d7d20_4817,11675.953
000d7d20_4818,11675.965
000d7d20_4819,11675.977
000d7d20_4820,11675.988
000d7d20_4821,11676.001
000d7d20_4822,11676.014
000d7d20_4823,11676.026
000d7d20_4824,11676.04
000d7d20_4825,11676.053
000d7d20_4826,11676.066
000d7d20_4827,11676.081
000d7d20_4828,11676.095
000d7d20_4829,11676.108
000d7d20_4830,11676.123
000d7d20_4831,11676.138
000d7d20_4832,11676.152
000d7d20_4833,11676.168
000d7d20_4834,11676.183
000d7d20_4835,11676.198
000d7d20_4836,11676.213
000d7d20_4837,11676.229
000d7d20_4838,11676.244
000d7d20_4839,11676.26
000d7d20_4840,11676.275
000d7d20_4841,11676.291
000d7d20_4842,11676.307
000d7d20_4843,11676.322
000d7d20_4844,11676.339
000d7d20_4845,11676.3545
000d7d20_4846,11676.37
000d7d20_4847,11676.386
000d7d20_4848,11676.401
000d7d20_4849,11676.417
000d7d20_4850,11676.434
000d7d20_4851,11676.449
000d7d20_4852,11676.465
000d7d20_4853,11676.48
000d7d20_4854,11676.496
000d7d20_4855,11676.512
000d7d20_4856,11676.527
000d7d20_4857,11676.543
000d7d20_4858,11676.559
000d7d20_4859,11676.574
000d7d20_4860,11676.59
000d7d20_4861,11676.605
000d7d20_4862,11676.621
000d7d20_4863,11676.636
000d7d20_4864,11676.651
000d7d20_4865,11676.667
000d7d20_4866,11676.682
000d7d20_4867,11676.697
000d7d20_4868,11676.712
000d7d20_4869,11676.728
000d7d20_4870,11676.742
000d7d20_4871,11676.758
000d7d20_4872,11676.772
000d7d20_4873,11676.787
000d7d20_4874,11676.802
000d7d20_4875,11676.816
000d7d20_4876,11676.831
000d7d20_4877,11676.846
000d7d20_4878,11676.86
000d7d20_4879,11676.875
000d7d20_4880,11676.889
000d7d20_4881,11676.903
000d7d20_4882,11676.917
000d7d20_4883,11676.931
000d7d20_4884,11676.944
000d7d20_4885,11676.958
000d7d20_4886,11676.972
000d7d20_4887,11676.984
000d7d20_4888,11676.998
000d7d20_4889,11677.011
000d7d20_4890,11677.022
000d7d20_4891,11677.035
000d7d20_4892,11677.047
000d7d20_4893,11677.059
000d7d20_4894,11677.07
000d7d20_4895,11677.082
000d7d20_4896,11677.094
000d7d20_4897,11677.1045
000d7d20_4898,11677.115
000d7d20_4899,11677.125
000d7d20_4900,11677.135
000d7d20_4901,11677.145
000d7d20_4902,11677.154
000d7d20_4903,11677.163
000d7d20_4904,11677.172
000d7d20_4905,11677.18
000d7d20_4906,11677.188
000d7d20_4907,11677.195
000d7d20_4908,11677.203
000d7d20_4909,11677.21
000d7d20_4910,11677.216
000d7d20_4911,11677.223
000d7d20_4912,11677.228
000d7d20_4913,11677.233
000d7d20_4914,11677.238
000d7d20_4915,11677.242
000d7d20_4916,11677.246
000d7d20_4917,11677.25
000d7d20_4918,11677.253
000d7d20_4919,11677.256
000d7d20_4920,11677.259
000d7d20_4921,11677.26
000d7d20_4922,11677.262
000d7d20_4923,11677.263
000d7d20_4924,11677.263
000d7d20_4925,11677.263
000d7d20_4926,11677.262
000d7d20_4927,11677.261
000d7d20_4928,11677.259
000d7d20_4929,11677.257
000d7d20_4930,11677.254
000d7d20_4931,11677.25
000d7d20_4932,11677.247
000d7d20_4933,11677.242
000d7d20_4934,11677.238
000d7d20_4935,11677.233
000d7d20_4936,11677.228
000d7d20_4937,11677.222
000d7d20_4938,11677.216
000d7d20_4939,11677.209
000d7d20_4940,11677.202
000d7d20_4941,11677.194
000d7d20_4942,11677.187
000d7d20_4943,11677.179
000d7d20_4944,11677.17
000d7d20_4945,11677.161
000d7d20_4946,11677.152
000d7d20_4947,11677.143
000d7d20_4948,11677.133
000d7d20_4949,11677.123
000d7d20_4950,11677.112
000d7d20_4951,11677.102
000d7d20_4952,11677.09
000d7d20_4953,11677.078
000d7d20_4954,11677.066
000d7d20_4955,11677.055
000d7d20_4956,11677.042
000d7d20_4957,11677.028
000d7d20_4958,11677.016
000d7d20_4959,11677.002
000d7d20_4960,11676.987
000d7d20_4961,11676.973
000d7d20_4962,11676.958
000d7d20_4963,11676.943
000d7d20_4964,11676.928
000d7d20_4965,11676.911
000d7d20_4966,11676.895
000d7d20_4967,11676.878
000d7d20_4968,11676.861
000d7d20_4969,11676.844
000d7d20_4970,11676.825
000d7d20_4971,11676.808
000d7d20_4972,11676.788
000d7d20_4973,11676.77
000d7d20_4974,11676.75
000d7d20_4975,11676.7295
000d7d20_4976,11676.71
000d7d20_4977,11676.689
000d7d20_4978,11676.668
000d7d20_4979,11676.646
000d7d20_4980,11676.625
000d7d20_4981,11676.603
000d7d20_4982,11676.579
000d7d20_4983,11676.557
000d7d20_4984,11676.532
000d7d20_4985,11676.509
000d7d20_4986,11676.484
000d7d20_4987,11676.459
000d7d20_4988,11676.434
000d7d20_4989,11676.407
000d7d20_4990,11676.381
000d7d20_4991,11676.3545
000d7d20_4992,11676.328
000d7d20_4993,11676.301
000d7d20_4994,11676.272
000d7d20_4995,11676.245
000d7d20_4996,11676.217
000d7d20_4997,11676.188
000d7d20_4998,11676.16
000d7d20_4999,11676.131
000d7d20_5000,11676.102
000d7d20_5001,11676.072
000d7d20_5002,11676.043
000d7d20_5003,11676.013
000d7d20_5004,11675.983
000d7d20_5005,11675.953
000d7d20_5006,11675.923
000d7d20_5007,11675.893
000d7d20_5008,11675.862
000d7d20_5009,11675.831
000d7d20_5010,11675.801
000d7d20_5011,11675.77
000d7d20_5012,11675.739
000d7d20_5013,11675.708
000d7d20_5014,11675.677
000d7d20_5015,11675.646
000d7d20_5016,11675.615
000d7d20_5017,11675.585
000d7d20_5018,11675.555
000d7d20_5019,11675.523
000d7d20_5020,11675.493
000d7d20_5021,11675.463
000d7d20_5022,11675.434
000d7d20_5023,11675.403
000d7d20_5024,11675.374
000d7d20_5025,11675.345
000d7d20_5026,11675.315
000d7d20_5027,11675.286
000d7d20_5028,11675.258
000d7d20_5029,11675.2295
000d7d20_5030,11675.202
000d7d20_5031,11675.174
000d7d20_5032,11675.146
000d7d20_5033,11675.12
000d7d20_5034,11675.093
000d7d20_5035,11675.066
000d7d20_5036,11675.041
000d7d20_5037,11675.015
000d7d20_5038,11674.989
000d7d20_5039,11674.965
000d7d20_5040,11674.939
000d7d20_5041,11674.915
000d7d20_5042,11674.891
000d7d20_5043,11674.867
000d7d20_5044,11674.843
000d7d20_5045,11674.819
000d7d20_5046,11674.796
000d7d20_5047,11674.772
000d7d20_5048,11674.749
000d7d20_5049,11674.726
000d7d20_5050,11674.703
000d7d20_5051,11674.681
000d7d20_5052,11674.657
000d7d20_5053,11674.635
000d7d20_5054,11674.612
000d7d20_5055,11674.591
000d7d20_5056,11674.568
000d7d20_5057,11674.547
000d7d20_5058,11674.525
000d7d20_5059,11674.504
000d7d20_5060,11674.482
000d7d20_5061,11674.461
000d7d20_5062,11674.44
000d7d20_5063,11674.42
000d7d20_5064,11674.399
000d7d20_5065,11674.379
000d7d20_5066,11674.359
000d7d20_5067,11674.339
000d7d20_5068,11674.319
000d7d20_5069,11674.301
000d7d20_5070,11674.281
000d7d20_5071,11674.263
000d7d20_5072,11674.244
000d7d20_5073,11674.226
000d7d20_5074,11674.207
000d7d20_5075,11674.189
000d7d20_5076,11674.172
000d7d20_5077,11674.155
000d7d20_5078,11674.138
000d7d20_5079,11674.121
000d7d20_5080,11674.1045
000d7d20_5081,11674.089
000d7d20_5082,11674.072
000d7d20_5083,11674.057
000d7d20_5084,11674.042
000d7d20_5085,11674.026
000d7d20_5086,11674.012
000d7d20_5087,11673.998
000d7d20_5088,11673.983
000d7d20_5089,11673.97
000d7d20_5090,11673.957
000d7d20_5091,11673.944
000d7d20_5092,11673.932
000d7d20_5093,11673.919
000d7d20_5094,11673.907
000d7d20_5095,11673.895
000d7d20_5096,11673.883
000d7d20_5097,11673.871
000d7d20_5098,11673.859
000d7d20_5099,11673.849
000d7d20_5100,11673.837
000d7d20_5101,11673.826
000d7d20_5102,11673.814
000d7d20_5103,11673.804
000d7d20_5104,11673.793
000d7d20_5105,11673.782
000d7d20_5106,11673.771
000d7d20_5107,11673.761
000d7d20_5108,11673.75
000d7d20_5109,11673.739
000d7d20_5110,11673.7295
000d7d20_5111,11673.719
000d7d20_5112,11673.709
000d7d20_5113,11673.698
000d7d20_5114,11673.688
000d7d20_5115,11673.679
000d7d20_5116,11673.668
000d7d20_5117,11673.658
000d7d20_5118,11673.648
000d7d20_5119,11673.639
000d7d20_5120,11673.629
000d7d20_5121,11673.618
000d7d20_5122,11673.608
000d7d20_5123,11673.599
000d7d20_5124,11673.589
000d7d20_5125,11673.579
000d7d20_5126,11673.569
000d7d20_5127,11673.56
000d7d20_5128,11673.549
000d7d20_5129,11673.538
000d7d20_5130,11673.527
000d7d20_5131,11673.517
000d7d20_5132,11673.506
000d7d20_5133,11673.495
000d7d20_5134,11673.484
000d7d20_5135,11673.474
000d7d20_5136,11673.464
000d7d20_5137,11673.453
000d7d20_5138,11673.443
000d7d20_5139,11673.433
000d7d20_5140,11673.423
000d7d20_5141,11673.413
000d7d20_5142,11673.403
000d7d20_5143,11673.394
000d7d20_5144,11673.384
000d7d20_5145,11673.374
000d7d20_5146,11673.364
000d7d20_5147,11673.3545
000d7d20_5148,11673.346
000d7d20_5149,11673.336
000d7d20_5150,11673.326
000d7d20_5151,11673.317
000d7d20_5152,11673.309
000d7d20_5153,11673.299
000d7d20_5154,11673.29
000d7d20_5155,11673.281
000d7d20_5156,11673.272
000d7d20_5157,11673.264
000d7d20_5158,11673.255
000d7d20_5159,11673.247
000d7d20_5160,11673.238
000d7d20_5161,11673.2295
000d7d20_5162,11673.222
000d7d20_5163,11673.213
000d7d20_5164,11673.205
000d7d20_5165,11673.196
000d7d20_5166,11673.188
000d7d20_5167,11673.181
000d7d20_5168,11673.173
000d7d20_5169,11673.165
000d7d20_5170,11673.157
000d7d20_5171,11673.149
000d7d20_5172,11673.143
000d7d20_5173,11673.135
000d7d20_5174,11673.127
000d7d20_5175,11673.12
000d7d20_5176,11673.112
000d7d20_5177,11673.105
000d7d20_5178,11673.099
000d7d20_5179,11673.092
000d7d20_5180,11673.084
000d7d20_5181,11673.077
000d7d20_5182,11673.07
000d7d20_5183,11673.064
000d7d20_5184,11673.058
000d7d20_5185,11673.051
000d7d20_5186,11673.044
000d7d20_5187,11673.038
000d7d20_5188,11673.031
000d7d20_5189,11673.025
000d7d20_5190,11673.02
000d7d20_5191,11673.013
000d7d20_5192,11673.007
000d7d20_5193,11673.001
000d7d20_5194,11672.995
000d7d20_5195,11672.989
000d7d20_5196,11672.983
000d7d20_5197,11672.979
000d7d20_5198,11672.973
000d7d20_5199,11672.967
000d7d20_5200,11672.962
000d7d20_5201,11672.956
000d7d20_5202,11672.951
000d7d20_5203,11672.946
000d7d20_5204,11672.94
000d7d20_5205,11672.936
000d7d20_5206,11672.931
000d7d20_5207,11672.926
000d7d20_5208,11672.921
000d7d20_5209,11672.917
000d7d20_5210,11672.912
000d7d20_5211,11672.907
000d7d20_5212,11672.903
000d7d20_5213,11672.898
000d7d20_5214,11672.895
000d7d20_5215,11672.89
000d7d20_5216,11672.886
000d7d20_5217,11672.882
000d7d20_5218,11672.878
000d7d20_5219,11672.874
000d7d20_5220,11672.87
000d7d20_5221,11672.866
000d7d20_5222,11672.862
000d7d20_5223,11672.859
000d7d20_5224,11672.855
000d7d20_5225,11672.852
000d7d20_5226,11672.849
000d7d20_5227,11672.846
000d7d20_5228,11672.842
000d7d20_5229,11672.839
000d7d20_5230,11672.836
000d7d20_5231,11672.833
000d7d20_5232,11672.83
000d7d20_5233,11672.827
000d7d20_5234,11672.824
000d7d20_5235,11672.821
000d7d20_5236,11672.819
000d7d20_5237,11672.816
000d7d20_5238,11672.814
000d7d20_5239,11672.812
000d7d20_5240,11672.81
000d7d20_5241,11672.808
000d7d20_5242,11672.805
000d7d20_5243,11672.803
000d7d20_5244,11672.801
000d7d20_5245,11672.799
000d7d20_5246,11672.797
000d7d20_5247,11672.796
000d7d20_5248,11672.794
000d7d20_5249,11672.792
000d7d20_5250,11672.791
000d7d20_5251,11672.789
000d7d20_5252,11672.788
000d7d20_5253,11672.787
000d7d20_5254,11672.785
000d7d20_5255,11672.784
000d7d20_5256,11672.783
000d7d20_5257,11672.782
000d7d20_5258,11672.781
000d7d20_5259,11672.78
000d7d20_5260,11672.78
000d7d20_5261,11672.779
000d7d20_5262,11672.778
000d7d20_5263,11672.778
000d7d20_5264,11672.777
000d7d20_5265,11672.777
000d7d20_5266,11672.777
000d7d20_5267,11672.777
000d7d20_5268,11672.776
000d7d20_5269,11672.776
000d7d20_5270,11672.776
000d7d20_5271,11672.776
000d7d20_5272,11672.777
000d7d20_5273,11672.777
000d7d20_5274,11672.777
000d7d20_5275,11672.778
000d7d20_5276,11672.778
000d7d20_5277,11672.779
00bbac68_1545,12141.283
00bbac68_1546,12141.296
00bbac68_1547,12141.309
00bbac68_1548,12141.321
00bbac68_1549,12141.334
00bbac68_1550,12141.347
00bbac68_1551,12141.358
00bbac68_1552,12141.371
00bbac68_1553,12141.384
00bbac68_1554,12141.396
00bbac68_1555,12141.41
00bbac68_1556,12141.423
00bbac68_1557,12141.436
00bbac68_1558,12141.448
00bbac68_1559,12141.461
00bbac68_1560,12141.474
00bbac68_1561,12141.486
00bbac68_1562,12141.499
00bbac68_1563,12141.512
00bbac68_1564,12141.524
00bbac68_1565,12141.536
00bbac68_1566,12141.549
00bbac68_1567,12141.562
00bbac68_1568,12141.574
00bbac68_1569,12141.586
00bbac68_1570,12141.599
00bbac68_1571,12141.61
00bbac68_1572,12141.654
00bbac68_1573,12141.666
00bbac68_1574,12141.679
00bbac68_1575,12141.69
00bbac68_1576,12141.702
00bbac68_1577,12141.714
00bbac68_1578,12141.851
00bbac68_1579,12141.861
00bbac68_1580,12141.873
00bbac68_1581,12141.884
00bbac68_1582,12141.895
00bbac68_1583,12141.906
00bbac68_1584,12141.917
00bbac68_1585,12141.927
00bbac68_1586,12141.9375
00bbac68_1587,12141.947
00bbac68_1588,12141.958
00bbac68_1589,12141.968
00bbac68_1590,12141.978
00bbac68_1591,12141.987
00bbac68_1592,12141.997
00bbac68_1593,12142.007
00bbac68_1594,12142.017
00bbac68_1595,12142.025
00bbac68_1596,12142.035
00bbac68_1597,12142.044
00bbac68_1598,12142.053
00bbac68_1599,12142.0625
00bbac68_1600,12142.071
00bbac68_1601,12142.08
00bbac68_1602,12142.088
00bbac68_1603,12142.097
00bbac68_1604,12142.105
00bbac68_1605,12142.113
00bbac68_1606,12142.121
00bbac68_1607,12142.13
00bbac68_1608,12142.138
00bbac68_1609,12142.1455
00bbac68_1610,12142.153
00bbac68_1611,12142.16
00bbac68_1612,12142.168
00bbac68_1613,12142.175
00bbac68_1614,12142.183
00bbac68_1615,12142.189
00bbac68_1616,12142.196
00bbac68_1617,12142.203
00bbac68_1618,12142.21
00bbac68_1619,12142.216
00bbac68_1620,12142.222
00bbac68_1621,12142.228
00bbac68_1622,12142.233
00bbac68_1623,12142.239
00bbac68_1624,12142.244
00bbac68_1625,12142.25
00bbac68_1626,12142.254
00bbac68_1627,12142.259
00bbac68_1628,12142.263
00bbac68_1629,12142.268
00bbac68_1630,12142.271
00bbac68_1631,12142.274
00bbac68_1632,12142.278
00bbac68_1633,12142.281
00bbac68_1634,12142.284
00bbac68_1635,12142.286
00bbac68_1636,12142.289
00bbac68_1637,12142.291
00bbac68_1638,12142.292
00bbac68_1639,12142.294
00bbac68_1640,12142.296
00bbac68_1641,12142.297
00bbac68_1642,12142.298
00bbac68_1643,12142.299
00bbac68_1644,12142.3
00bbac68_1645,12142.3
00bbac68_1646,12142.301
00bbac68_1647,12142.301
00bbac68_1648,12142.301
00bbac68_1649,12142.301
00bbac68_1650,12142.301
00bbac68_1651,12142.301
00bbac68_1652,12142.301
00bbac68_1653,12142.3
00bbac68_1654,12142.299
00bbac68_1655,12142.299
00bbac68_1656,12142.298
00bbac68_1657,12142.297
00bbac68_1658,12142.296
00bbac68_1659,12142.295
00bbac68_1660,12142.293
00bbac68_1661,12142.292
00bbac68_1662,12142.29
00bbac68_1663,12142.288
00bbac68_1664,12142.287
00bbac68_1665,12142.285
00bbac68_1666,12142.282
00bbac68_1667,12142.28
00bbac68_1668,12142.278
00bbac68_1669,12142.275
00bbac68_1670,12142.272
00bbac68_1671,12142.2705
00bbac68_1672,12142.268
00bbac68_1673,12142.265
00bbac68_1674,12142.261
00bbac68_1675,12142.258
00bbac68_1676,12142.254
00bbac68_1677,12142.251
00bbac68_1678,12142.247
00bbac68_1679,12142.243
00bbac68_1680,12142.239
00bbac68_1681,12142.234
00bbac68_1682,12142.23
00bbac68_1683,12142.226
00bbac68_1684,12142.222
00bbac68_1685,12142.217
00bbac68_1686,12142.212
00bbac68_1687,12142.207
00bbac68_1688,12142.202
00bbac68_1689,12142.196
00bbac68_1690,12142.191
00bbac68_1691,12142.186
00bbac68_1692,12142.18
00bbac68_1693,12142.174
00bbac68_1694,12142.168
00bbac68_1695,12142.162
00bbac68_1696,12142.156
00bbac68_1697,12142.15
00bbac68_1698,12142.144
00bbac68_1699,12142.138
00bbac68_1700,12142.131
00bbac68_1701,12142.124
00bbac68_1702,12142.118
00bbac68_1703,12142.111
00bbac68_1704,12142.1045
00bbac68_1705,12142.099
00bbac68_1706,12142.092
00bbac68_1707,12142.085
00bbac68_1708,12142.078
00bbac68_1709,12142.071
00bbac68_1710,12142.064
00bbac68_1711,12142.057
00bbac68_1712,12142.05
00bbac68_1713,12142.043
00bbac68_1714,12142.036
00bbac68_1715,12142.028
00bbac68_1716,12142.021
00bbac68_1717,12142.015
00bbac68_1718,12142.007
00bbac68_1719,12142.0
00bbac68_1720,12141.992
00bbac68_1721,12141.985
00bbac68_1722,12141.978
00bbac68_1723,12141.97
00bbac68_1724,12141.963
00bbac68_1725,12141.955
00bbac68_1726,12141.947
00bbac68_1727,12141.939
00bbac68_1728,12141.932
00bbac68_1729,12141.924
00bbac68_1730,12141.916
00bbac68_1731,12141.908
00bbac68_1732,12141.9
00bbac68_1733,12141.892
00bbac68_1734,12141.884
00bbac68_1735,12141.876
00bbac68_1736,12141.867
00bbac68_1737,12141.859
00bbac68_1738,12141.851
00bbac68_1739,12141.843
00bbac68_1740,12141.834
00bbac68_1741,12141.825
00bbac68_1742,12141.816
00bbac68_1743,12141.808
00bbac68_1744,12141.8
00bbac68_1745,12141.791
00bbac68_1746,12141.781
00bbac68_1747,12141.772
00bbac68_1748,12141.764
00bbac68_1749,12141.755
00bbac68_1750,12141.746
00bbac68_1751,12141.736
00bbac68_1752,12141.728
00bbac68_1753,12141.719
00bbac68_1754,12141.709
00bbac68_1755,12141.7
00bbac68_1756,12141.69
00bbac68_1757,12141.682
00bbac68_1758,12141.672
00bbac68_1759,12141.662
00bbac68_1760,12141.653
00bbac68_1761,12141.644
00bbac68_1762,12141.634
00bbac68_1763,12141.624
00bbac68_1764,12141.615
00bbac68_1765,12141.605
00bbac68_1766,12141.596
00bbac68_1767,12141.586
00bbac68_1768,12141.576
00bbac68_1769,12141.567
00bbac68_1770,12141.558
00bbac68_1771,12141.548
00bbac68_1772,12141.538
00bbac68_1773,12141.528
00bbac68_1774,12141.519
00bbac68_1775,12141.509
00bbac68_1776,12141.5
00bbac68_1777,12141.49
00bbac68_1778,12141.48
00bbac68_1779,12141.471
00bbac68_1780,12141.461
00bbac68_1781,12141.451
00bbac68_1782,12141.441
00bbac68_1783,12141.433
00bbac68_1784,12141.423
00bbac68_1785,12141.413
00bbac68_1786,12141.403
00bbac68_1787,12141.394
00bbac68_1788,12141.385
00bbac68_1789,12141.375
00bbac68_1790,12141.366
00bbac68_1791,12141.356
00bbac68_1792,12141.348
00bbac68_1793,12141.338
00bbac68_1794,12141.329
00bbac68_1795,12141.32
00bbac68_1796,12141.312
00bbac68_1797,12141.303
00bbac68_1798,12141.293
00bbac68_1799,12141.284
00bbac68_1800,12141.275
00bbac68_1801,12141.267
00bbac68_1802,12141.259
00bbac68_1803,12141.25
00bbac68_1804,12141.241
00bbac68_1805,12141.232
00bbac68_1806,12141.224
00bbac68_1807,12141.216
00bbac68_1808,12141.207
00bbac68_1809,12141.199
00bbac68_1810,12141.19
00bbac68_1811,12141.182
00bbac68_1812,12141.174
00bbac68_1813,12141.166
00bbac68_1814,12141.157
00bbac68_1815,12141.149
00bbac68_1816,12141.142
00bbac68_1817,12141.134
00bbac68_1818,12141.126
00bbac68_1819,12141.118
00bbac68_1820,12141.11
00bbac68_1821,12141.103
00bbac68_1822,12141.095
00bbac68_1823,12141.087
00bbac68_1824,12141.079
00bbac68_1825,12141.072
00bbac68_1826,12141.064
00bbac68_1827,12141.058
00bbac68_1828,12141.05
00bbac68_1829,12141.043
00bbac68_1830,12141.036
00bbac68_1831,12141.028
00bbac68_1832,12141.021
00bbac68_1833,12141.015
00bbac68_1834,12141.008
00bbac68_1835,12141.002
00bbac68_1836,12140.995
00bbac68_1837,12140.988
00bbac68_1838,12140.982
00bbac68_1839,12140.976
00bbac68_1840,12140.97
00bbac68_1841,12140.963
00bbac68_1842,12140.957
00bbac68_1843,12140.951
00bbac68_1844,12140.945
00bbac68_1845,12140.939
00bbac68_1846,12140.934
00bbac68_1847,12140.929
00bbac68_1848,12140.923
00bbac68_1849,12140.918
00bbac68_1850,12140.912
00bbac68_1851,12140.907
00bbac68_1852,12140.901
00bbac68_1853,12140.896
00bbac68_1854,12140.892
00bbac68_1855,12140.887
00bbac68_1856,12141.291
00bbac68_1857,12141.286
00bbac68_1858,12141.281
00bbac68_1859,12141.277
00bbac68_1860,12141.272
00bbac68_1861,12141.268
00bbac68_1862,12141.264
00bbac68_1863,12141.26
00bbac68_1864,12141.255
00bbac68_1865,12141.251
00bbac68_1866,12141.247
00bbac68_1867,12141.243
00bbac68_1868,12141.239
00bbac68_1869,12141.235
00bbac68_1870,12141.232
00bbac68_1871,12141.229
00bbac68_1872,12141.269
00bbac68_1873,12141.265
00bbac68_1874,12141.262
00bbac68_1875,12141.258
00bbac68_1876,12141.255
00bbac68_1877,12141.252
00bbac68_1878,12141.249
00bbac68_1879,12141.246
00bbac68_1880,12141.243
00bbac68_1881,12141.24
00bbac68_1882,12141.237
00bbac68_1883,12141.234
00bbac68_1884,12141.231
00bbac68_1885,12141.2295
00bbac68_1886,12141.227
00bbac68_1887,12141.225
00bbac68_1888,12141.223
00bbac68_1889,12141.221
00bbac68_1890,12141.218
00bbac68_1891,12141.216
00bbac68_1892,12141.214
00bbac68_1893,12141.213
00bbac68_1894,12141.211
00bbac68_1895,12141.209
00bbac68_1896,12141.208
00bbac68_1897,12141.206
00bbac68_1898,12141.205
00bbac68_1899,12141.203
00bbac68_1900,12141.202
00bbac68_1901,12141.201
00bbac68_1902,12141.199
00bbac68_1903,12141.198
00bbac68_1904,12141.197
00bbac68_1905,12141.195
00bbac68_1906,12141.194
00bbac68_1907,12141.193
00bbac68_1908,12141.192
00bbac68_1909,12141.19
00bbac68_1910,12141.189
00bbac68_1911,12141.1875
00bbac68_1912,12141.187
00bbac68_1913,12141.186
00bbac68_1914,12141.184
00bbac68_1915,12141.183
00bbac68_1916,12141.181
00bbac68_1917,12141.18
00bbac68_1918,12141.178
00bbac68_1919,12141.176
00bbac68_1920,12141.175
00bbac68_1921,12141.173
00bbac68_1922,12141.172
00bbac68_1923,12141.17
00bbac68_1924,12141.168
00bbac68_1925,12141.167
00bbac68_1926,12141.165
00bbac68_1927,12141.164
00bbac68_1928,12141.163
00bbac68_1929,12141.161
00bbac68_1930,12141.16
00bbac68_1931,12141.158
00bbac68_1932,12141.157
00bbac68_1933,12141.156
00bbac68_1934,12141.154
00bbac68_1935,12141.153
00bbac68_1936,12141.152
00bbac68_1937,12141.15
00bbac68_1938,12141.149
00bbac68_1939,12141.148
00bbac68_1940,12141.147
00bbac68_1941,12141.146
00bbac68_1942,12141.1455
00bbac68_1943,12141.145
00bbac68_1944,12141.144
00bbac68_1945,12141.143
00bbac68_1946,12141.142
00bbac68_1947,12141.141
00bbac68_1948,12141.14
00bbac68_1949,12141.139
00bbac68_1950,12141.138
00bbac68_1951,12141.137
00bbac68_1952,12141.136
00bbac68_1953,12141.136
00bbac68_1954,12141.135
00bbac68_1955,12141.134
00bbac68_1956,12141.133
00bbac68_1957,12141.132
00bbac68_1958,12141.131
00bbac68_1959,12141.129
00bbac68_1960,12141.128
00bbac68_1961,12141.127
00bbac68_1962,12141.126
00bbac68_1963,12141.125
00bbac68_1964,12141.123
00bbac68_1965,12141.122
00bbac68_1966,12141.121
00bbac68_1967,12141.119
00bbac68_1968,12141.118
00bbac68_1969,12141.117
00bbac68_1970,12141.115
00bbac68_1971,12141.114
00bbac68_1972,12141.112
00bbac68_1973,12141.11
00bbac68_1974,12141.109
00bbac68_1975,12141.107
00bbac68_1976,12141.105
00bbac68_1977,12141.104
00bbac68_1978,12141.103
00bbac68_1979,12141.101
00bbac68_1980,12141.099
00bbac68_1981,12141.098
00bbac68_1982,12141.096
00bbac68_1983,12141.094
00bbac68_1984,12141.092
00bbac68_1985,12141.091
00bbac68_1986,12141.089
00bbac68_1987,12141.087
00bbac68_1988,12141.085
00bbac68_1989,12141.084
00bbac68_1990,12141.082
00bbac68_1991,12141.08
00bbac68_1992,12141.078
00bbac68_1993,12141.076
00bbac68_1994,12141.075
00bbac68_1995,12141.073
00bbac68_1996,12141.071
00bbac68_1997,12141.069
00bbac68_1998,12141.067
00bbac68_1999,12141.065
00bbac68_2000,12141.063
00bbac68_2001,12141.062
00bbac68_2002,12141.06
00bbac68_2003,12141.058
00bbac68_2004,12141.056
00bbac68_2005,12141.054
00bbac68_2006,12141.052
00bbac68_2007,12141.05
00bbac68_2008,12141.048
00bbac68_2009,12141.046
00bbac68_2010,12141.044
00bbac68_2011,12141.042
00bbac68_2012,12141.039
00bbac68_2013,12141.037
00bbac68_2014,12141.035
00bbac68_2015,12141.033
00bbac68_2016,12141.031
00bbac68_2017,12141.029
00bbac68_2018,12141.027
00bbac68_2019,12141.025
00bbac68_2020,12141.022
00bbac68_2021,12141.0205
00bbac68_2022,12141.019
00bbac68_2023,12141.017
00bbac68_2024,12141.015
00bbac68_2025,12141.013
00bbac68_2026,12141.01
00bbac68_2027,12141.008
00bbac68_2028,12141.006
00bbac68_2029,12141.004
00bbac68_2030,12141.002
00bbac68_2031,12141.0
00bbac68_2032,12140.997
00bbac68_2033,12140.995
00bbac68_2034,12140.993
00bbac68_2035,12140.99
00bbac68_2036,12140.988
00bbac68_2037,12140.986
00bbac68_2038,12140.983
00bbac68_2039,12140.981
00bbac68_2040,12140.9795
00bbac68_2041,12140.977
00bbac68_2042,12140.975
00bbac68_2043,12140.972
00bbac68_2044,12140.97
00bbac68_2045,12140.968
00bbac68_2046,12140.966
00bbac68_2047,12140.963
00bbac68_2048,12140.961
00bbac68_2049,12140.959
00bbac68_2050,12140.956
00bbac68_2051,12140.954
00bbac68_2052,12140.952
00bbac68_2053,12140.95
00bbac68_2054,12140.947
00bbac68_2055,12140.945
00bbac68_2056,12140.943
00bbac68_2057,12140.94
00bbac68_2058,12140.938
00bbac68_2059,12140.937
00bbac68_2060,12140.934
00bbac68_2061,12140.932
00bbac68_2062,12140.93
00bbac68_2063,12140.927
00bbac68_2064,12140.925
00bbac68_2065,12140.923
00bbac68_2066,12140.921
00bbac68_2067,12140.919
00bbac68_2068,12140.917
00bbac68_2069,12140.915
00bbac68_2070,12140.913
00bbac68_2071,12140.911
00bbac68_2072,12140.909
00bbac68_2073,12140.907
00bbac68_2074,12140.905
00bbac68_2075,12140.904
00bbac68_2076,12140.902
00bbac68_2077,12140.901
00bbac68_2078,12140.899
00bbac68_2079,12140.898
00bbac68_2080,12140.896
00bbac68_2081,12140.8955
00bbac68_2082,12140.894
00bbac68_2083,12140.893
00bbac68_2084,12140.892
00bbac68_2085,12140.891
00bbac68_2086,12140.89
00bbac68_2087,12140.889
00bbac68_2088,12140.888
00bbac68_2089,12140.887
00bbac68_2090,12140.886
00bbac68_2091,12140.885
00bbac68_2092,12140.884
00bbac68_2093,12140.883
00bbac68_2094,12140.882
00bbac68_2095,12140.881
00bbac68_2096,12140.88
00bbac68_2097,12140.88
00bbac68_2098,12140.879
00bbac68_2099,12140.878
00bbac68_2100,12140.877
00bbac68_2101,12140.877
00bbac68_2102,12140.876
00bbac68_2103,12140.875
00bbac68_2104,12140.875
00bbac68_2105,12140.874
00bbac68_2106,12140.873
00bbac68_2107,12140.873
00bbac68_2108,12140.872
00bbac68_2109,12140.871
00bbac68_2110,12140.87
00bbac68_2111,12140.87
00bbac68_2112,12140.869
00bbac68_2113,12140.868
00bbac68_2114,12140.867
00bbac68_2115,12140.866
00bbac68_2116,12140.866
00bbac68_2117,12140.865
00bbac68_2118,12140.864
00bbac68_2119,12140.864
00bbac68_2120,12140.864
00bbac68_2121,12140.863
00bbac68_2122,12140.863
00bbac68_2123,12140.863
00bbac68_2124,12140.862
00bbac68_2125,12140.862
00bbac68_2126,12140.862
00bbac68_2127,12140.862
00bbac68_2128,12140.862
00bbac68_2129,12140.863
00bbac68_2130,12140.863
00bbac68_2131,12140.863
00bbac68_2132,12140.863
00bbac68_2133,12140.864
00bbac68_2134,12140.864
00bbac68_2135,12140.865
00bbac68_2136,12140.865
00bbac68_2137,12140.866
00bbac68_2138,12140.867
00bbac68_2139,12140.868
00bbac68_2140,12140.868
00bbac68_2141,12140.869
00bbac68_2142,12140.87
00bbac68_2143,12140.871
00bbac68_2144,12140.872
00bbac68_2145,12140.874
00bbac68_2146,12140.875
00bbac68_2147,12140.876
00bbac68_2148,12140.877
00bbac68_2149,12140.879
00bbac68_2150,12140.88
00bbac68_2151,12140.881
00bbac68_2152,12140.883
00bbac68_2153,12140.885
00bbac68_2154,12140.886
00bbac68_2155,12140.888
00bbac68_2156,12140.89
00bbac68_2157,12140.892
00bbac68_2158,12140.894
00bbac68_2159,12140.895
00bbac68_2160,12140.896
00bbac68_2161,12140.899
00bbac68_2162,12140.901
00bbac68_2163,12140.903
00bbac68_2164,12140.905
00bbac68_2165,12140.907
00bbac68_2166,12140.91
00bbac68_2167,12140.912
00bbac68_2168,12140.915
00bbac68_2169,12140.917
00bbac68_2170,12140.92
00bbac68_2171,12140.922
00bbac68_2172,12140.925
00bbac68_2173,12140.928
00bbac68_2174,12140.93
00bbac68_2175,12140.933
00bbac68_2176,12140.936
00bbac68_2177,12140.938
00bbac68_2178,12140.941
00bbac68_2179,12140.944
00bbac68_2180,12140.947
00bbac68_2181,12140.951
00bbac68_2182,12140.954
00bbac68_2183,12140.957
00bbac68_2184,12140.96
00bbac68_2185,12140.964
00bbac68_2186,12140.967
00bbac68_2187,12140.97
00bbac68_2188,12140.974
00bbac68_2189,12140.977
00bbac68_2190,12140.9795
00bbac68_2191,12140.983
00bbac68_2192,12140.986
00bbac68_2193,12140.989
00bbac68_2194,12140.992
00bbac68_2195,12140.996
00bbac68_2196,12140.999
00bbac68_2197,12141.002
00bbac68_2198,12141.006
00bbac68_2199,12141.009
00bbac68_2200,12141.012
00bbac68_2201,12141.015
00bbac68_2202,12141.019
00bbac68_2203,12141.021
00bbac68_2204,12141.024
00bbac68_2205,12141.028
00bbac68_2206,12141.031
00bbac68_2207,12141.035
00bbac68_2208,12141.038
00bbac68_2209,12141.042
00bbac68_2210,12141.045
00bbac68_2211,12141.049
00bbac68_2212,12141.052
00bbac68_2213,12141.056
00bbac68_2214,12141.059
00bbac68_2215,12141.0625
00bbac68_2216,12141.065
00bbac68_2217,12141.069
00bbac68_2218,12141.073
00bbac68_2219,12141.076
00bbac68_2220,12141.08
00bbac68_2221,12141.083
00bbac68_2222,12141.087
00bbac68_2223,12141.09
00bbac68_2224,12141.094
00bbac68_2225,12141.097
00bbac68_2226,12141.1
00bbac68_2227,12141.104
00bbac68_2228,12141.106
00bbac68_2229,12141.109
00bbac68_2230,12141.112
00bbac68_2231,12141.115
00bbac68_2232,12141.119
00bbac68_2233,12141.122
00bbac68_2234,12141.125
00bbac68_2235,12141.128
00bbac68_2236,12141.131
00bbac68_2237,12141.134
00bbac68_2238,12141.136
00bbac68_2239,12141.139
00bbac68_2240,12141.142
00bbac68_2241,12141.145
00bbac68_2242,12141.147
00bbac68_2243,12141.149
00bbac68_2244,12141.152
00bbac68_2245,12141.154
00bbac68_2246,12141.156
00bbac68_2247,12141.158
00bbac68_2248,12141.16
00bbac68_2249,12141.162
00bbac68_2250,12141.164
00bbac68_2251,12141.166
00bbac68_2252,12141.168
00bbac68_2253,12141.17
00bbac68_2254,12141.172
00bbac68_2255,12141.174
00bbac68_2256,12141.175
00bbac68_2257,12141.177
00bbac68_2258,12141.179
00bbac68_2259,12141.181
00bbac68_2260,12141.182
00bbac68_2261,12141.184
00bbac68_2262,12141.186
00bbac68_2263,12141.187
00bbac68_2264,12141.188
00bbac68_2265,12141.19
00bbac68_2266,12141.191
00bbac68_2267,12141.193
00bbac68_2268,12141.194
00bbac68_2269,12141.196
00bbac68_2270,12141.197
00bbac68_2271,12141.198
00bbac68_2272,12141.2
00bbac68_2273,12141.201
00bbac68_2274,12141.352
00bbac68_2275,12141.354
00bbac68_2276,12141.3545
00bbac68_2277,12141.355
00bbac68_2278,12141.357
00bbac68_2279,12141.358
00bbac68_2280,12141.359
00bbac68_2281,12141.361
00bbac68_2282,12141.362
00bbac68_2283,12141.363
00bbac68_2284,12141.365
00bbac68_2285,12141.366
00bbac68_2286,12141.368
00bbac68_2287,12141.369
00bbac68_2288,12141.37
00bbac68_2289,12141.372
00bbac68_2290,12141.373
00bbac68_2291,12141.375
00bbac68_2292,12141.376
00bbac68_2293,12141.378
00bbac68_2294,12141.379
00bbac68_2295,12141.381
00bbac68_2296,12141.382
00bbac68_2297,12141.384
00bbac68_2298,12141.385
00bbac68_2299,12141.387
00bbac68_2300,12141.389
00bbac68_2301,12141.39
00bbac68_2302,12141.392
00bbac68_2303,12141.394
00bbac68_2304,12141.3955
00bbac68_2305,12141.397
00bbac68_2306,12141.399
00bbac68_2307,12141.4
00bbac68_2308,12141.402
00bbac68_2309,12141.405
00bbac68_2310,12141.407
00bbac68_2311,12141.409
00bbac68_2312,12141.411
00bbac68_2313,12141.414
00bbac68_2314,12141.416
00bbac68_2315,12141.419
00bbac68_2316,12141.421
00bbac68_2317,12141.424
00bbac68_2318,12141.427
00bbac68_2319,12141.43
00bbac68_2320,12141.433
00bbac68_2321,12141.436
00bbac68_2322,12141.438
00bbac68_2323,12141.441
00bbac68_2324,12141.444
00bbac68_2325,12141.448
00bbac68_2326,12141.451
00bbac68_2327,12141.455
00bbac68_2328,12141.459
00bbac68_2329,12141.463
00bbac68_2330,12141.467
00bbac68_2331,12141.471
00bbac68_2332,12141.475
00bbac68_2333,12141.4795
00bbac68_2334,12141.483
00bbac68_2335,12141.488
00bbac68_2336,12141.493
00bbac68_2337,12141.498
00bbac68_2338,12141.503
00bbac68_2339,12141.508
00bbac68_2340,12141.513
00bbac68_2341,12141.519
00bbac68_2342,12141.524
00bbac68_2343,12141.529
00bbac68_2344,12141.535
00bbac68_2345,12141.541
00bbac68_2346,12141.548
00bbac68_2347,12141.554
00bbac68_2348,12141.561
00bbac68_2349,12141.567
00bbac68_2350,12141.574
00bbac68_2351,12141.581
00bbac68_2352,12141.589
00bbac68_2353,12141.596
00bbac68_2354,12141.604
00bbac68_2355,12141.611
00bbac68_2356,12141.62
00bbac68_2357,12141.628
00bbac68_2358,12141.637
00bbac68_2359,12141.6455
00bbac68_2360,12141.654
00bbac68_2361,12141.663
00bbac68_2362,12141.673
00bbac68_2363,12141.683
00bbac68_2364,12141.691
00bbac68_2365,12141.702
00bbac68_2366,12141.712
00bbac68_2367,12141.722
00bbac68_2368,12141.732
00bbac68_2369,12141.742
00bbac68_2370,12141.753
00bbac68_2371,12141.764
00bbac68_2372,12141.774
00bbac68_2373,12141.785
00bbac68_2374,12141.796
00bbac68_2375,12141.808
00bbac68_2376,12141.818
00bbac68_2377,12141.83
00bbac68_2378,12141.841
00bbac68_2379,12141.853
00bbac68_2380,12141.864
00bbac68_2381,12141.876
00bbac68_2382,12141.889
00bbac68_2383,12141.9
00bbac68_2384,12141.912
00bbac68_2385,12141.925
00bbac68_2386,12141.937
00bbac68_2387,12141.949
00bbac68_2388,12141.962
00bbac68_2389,12141.975
00bbac68_2390,12141.987
00bbac68_2391,12142.0
00bbac68_2392,12142.013
00bbac68_2393,12142.025
00bbac68_2394,12142.038
00bbac68_2395,12142.051
00bbac68_2396,12142.064
00bbac68_2397,12142.078
00bbac68_2398,12142.091
00bbac68_2399,12142.1045
00bbac68_2400,12142.118
00bbac68_2401,12142.132
00bbac68_2402,12142.1455
00bbac68_2403,12142.16
00bbac68_2404,12142.174
00bbac68_2405,12142.1875
00bbac68_2406,12142.202
00bbac68_2407,12142.216
00bbac68_2408,12142.23
00bbac68_2409,12142.245
00bbac68_2410,12142.26
00bbac68_2411,12142.274
00bbac68_2412,12142.289
00bbac68_2413,12142.305
00bbac68_2414,12142.319
00bbac68_2415,12142.335
00bbac68_2416,12142.351
00bbac68_2417,12142.365
00bbac68_2418,12142.381
00bbac68_2419,12142.396
00bbac68_2420,12142.411
00bbac68_2421,12142.427
00bbac68_2422,12142.442
00bbac68_2423,12142.458
00bbac68_2424,12142.474
00bbac68_2425,12142.488
00bbac68_2426,12142.504
00bbac68_2427,12142.52
00bbac68_2428,12142.535
00bbac68_2429,12142.551
00bbac68_2430,12142.566
00bbac68_2431,12142.582
00bbac68_2432,12142.598
00bbac68_2433,12142.612
00bbac68_2434,12142.628
00bbac68_2435,12142.644
00bbac68_2436,12142.659
00bbac68_2437,12142.674
00bbac68_2438,12142.689
00bbac68_2439,12142.705
00bbac68_2440,12142.72
00bbac68_2441,12142.735
00bbac68_2442,12142.75
00bbac68_2443,12142.766
00bbac68_2444,12142.78
00bbac68_2445,12142.795
00bbac68_2446,12142.811
00bbac68_2447,12142.825
00bbac68_2448,12142.84
00bbac68_2449,12142.8545
00bbac68_2450,12142.869
00bbac68_2451,12142.884
00bbac68_2452,12142.898
00bbac68_2453,12142.913
00bbac68_2454,12142.928
00bbac68_2455,12142.941
00bbac68_2456,12142.956
00bbac68_2457,12142.971
00bbac68_2458,12142.984
00bbac68_2459,12142.998
00bbac68_2460,12143.013
00bbac68_2461,12143.026
00bbac68_2462,12143.04
00bbac68_2463,12143.054
00bbac68_2464,12143.067
00bbac68_2465,12143.081
00bbac68_2466,12143.095
00bbac68_2467,12143.107
00bbac68_2468,12143.121
00bbac68_2469,12143.134
00bbac68_2470,12143.147
00bbac68_2471,12143.16
00bbac68_2472,12143.173
00bbac68_2473,12143.186
00bbac68_2474,12143.198
00bbac68_2475,12143.211
00bbac68_2476,12143.223
00bbac68_2477,12143.235
00bbac68_2478,12143.247
00bbac68_2479,12143.26
00bbac68_2480,12143.271
00bbac68_2481,12143.283
00bbac68_2482,12143.295
00bbac68_2483,12143.306
00bbac68_2484,12143.486
00bbac68_2485,12143.497
00bbac68_2486,12143.509
00bbac68_2487,12143.52
00bbac68_2488,12143.529
00bbac68_2489,12143.54
00bbac68_2490,12143.55
00bbac68_2491,12143.561
00bbac68_2492,12143.57
00bbac68_2493,12143.58
00bbac68_2494,12143.589
00bbac68_2495,12143.599
00bbac68_2496,12143.607
00bbac68_2497,12143.616
00bbac68_2498,12143.625
00bbac68_2499,12143.633
00bbac68_2500,12143.642
00bbac68_2501,12143.649
00bbac68_2502,12143.657
00bbac68_2503,12143.665
00bbac68_2504,12143.673
00bbac68_2505,12143.68
00bbac68_2506,12143.6875
00bbac68_2507,12143.694
00bbac68_2508,12143.7
00bbac68_2509,12143.707
00bbac68_2510,12143.713
00bbac68_2511,12143.719
00bbac68_2512,12143.725
00bbac68_2513,12143.73
00bbac68_2514,12143.736
00bbac68_2515,12143.741
00bbac68_2516,12143.746
00bbac68_2517,12143.751
00bbac68_2518,12143.756
00bbac68_2519,12143.761
00bbac68_2520,12143.765
00bbac68_2521,12143.77
00bbac68_2522,12143.773
00bbac68_2523,12143.777
00bbac68_2524,12143.781
00bbac68_2525,12143.785
00bbac68_2526,12143.788
00bbac68_2527,12143.791
00bbac68_2528,12143.795
00bbac68_2529,12143.798
00bbac68_2530,12143.801
00bbac68_2531,12143.803
00bbac68_2532,12143.806
00bbac68_2533,12143.808
00bbac68_2534,12143.81
00bbac68_2535,12143.812
00bbac68_2536,12143.813
00bbac68_2537,12143.815
00bbac68_2538,12143.816
00bbac68_2539,12143.818
00bbac68_2540,12143.819
00bbac68_2541,12143.82
00bbac68_2542,12143.821
00bbac68_2543,12143.822
00bbac68_2544,12143.823
00bbac68_2545,12143.823
00bbac68_2546,12143.824
00bbac68_2547,12143.825
00bbac68_2548,12143.825
00bbac68_2549,12143.826
00bbac68_2550,12143.826
00bbac68_2551,12143.827
00bbac68_2552,12143.827
00bbac68_2553,12143.827
00bbac68_2554,12143.827
00bbac68_2555,12143.827
00bbac68_2556,12143.827
00bbac68_2557,12143.827
00bbac68_2558,12143.826
00bbac68_2559,12143.826
00bbac68_2560,12143.826
00bbac68_2561,12143.825
00bbac68_2562,12143.824
00bbac68_2563,12143.823
00bbac68_2564,12143.823
00bbac68_2565,12143.822
00bbac68_2566,12143.821
00bbac68_2567,12143.82
00bbac68_2568,12143.819
00bbac68_2569,12143.818
00bbac68_2570,12143.817
00bbac68_2571,12143.816
00bbac68_2572,12143.815
00bbac68_2573,12143.814
00bbac68_2574,12143.813
00bbac68_2575,12143.8125
00bbac68_2576,12143.812
00bbac68_2577,12143.811
00bbac68_2578,12143.81
00bbac68_2579,12143.809
00bbac68_2580,12143.807
00bbac68_2581,12143.806
00bbac68_2582,12143.805
00bbac68_2583,12143.804
00bbac68_2584,12143.803
00bbac68_2585,12143.802
00bbac68_2586,12143.8
00bbac68_2587,12143.799
00bbac68_2588,12143.798
00bbac68_2589,12143.797
00bbac68_2590,12143.796
00bbac68_2591,12143.794
00bbac68_2592,12143.793
00bbac68_2593,12143.792
00bbac68_2594,12143.791
00bbac68_2595,12143.79
00bbac68_2596,12143.789
00bbac68_2597,12143.788
00bbac68_2598,12143.787
00bbac68_2599,12143.786
00bbac68_2600,12143.785
00bbac68_2601,12143.784
00bbac68_2602,12143.783
00bbac68_2603,12143.783
00bbac68_2604,12143.782
00bbac68_2605,12143.781
00bbac68_2606,12143.781
00bbac68_2607,12143.781
00bbac68_2608,12143.78
00bbac68_2609,12143.78
00bbac68_2610,12143.78
00bbac68_2611,12143.78
00bbac68_2612,12143.78
00bbac68_2613,12143.78
00bbac68_2614,12143.78
00bbac68_2615,12143.78
00bbac68_2616,12143.781
00bbac68_2617,12143.781
00bbac68_2618,12143.781
00bbac68_2619,12143.782
00bbac68_2620,12143.783
00bbac68_2621,12143.783
00bbac68_2622,12143.784
00bbac68_2623,12143.785
00bbac68_2624,12143.786
00bbac68_2625,12143.787
00bbac68_2626,12143.788
00bbac68_2627,12143.79
00bbac68_2628,12143.791
00bbac68_2629,12143.792
00bbac68_2630,12143.794
00bbac68_2631,12143.795
00bbac68_2632,12143.797
00bbac68_2633,12143.799
00bbac68_2634,12143.8
00bbac68_2635,12143.802
00bbac68_2636,12143.804
00bbac68_2637,12143.807
00bbac68_2638,12143.809
00bbac68_2639,12143.811
00bbac68_2640,12143.813
00bbac68_2641,12143.816
00bbac68_2642,12143.818
00bbac68_2643,12143.821
00bbac68_2644,12143.824
00bbac68_2645,12143.828
00bbac68_2646,12143.831
00bbac68_2647,12143.834
00bbac68_2648,12143.837
00bbac68_2649,12143.84
00bbac68_2650,12143.844
00bbac68_2651,12143.847
00bbac68_2652,12143.851
00bbac68_2653,12143.854
00bbac68_2654,12143.857
00bbac68_2655,12143.86
00bbac68_2656,12143.864
00bbac68_2657,12143.868
00bbac68_2658,12143.871
00bbac68_2659,12143.875
00bbac68_2660,12143.879
00bbac68_2661,12143.883
00bbac68_2662,12143.887
00bbac68_2663,12143.891
00bbac68_2664,12143.895
00bbac68_2665,12143.898
00bbac68_2666,12143.902
00bbac68_2667,12143.906
00bbac68_2668,12143.911
00bbac68_2669,12143.915
00bbac68_2670,12143.794
00bbac68_2671,12143.799
00bbac68_2672,12143.803
00bbac68_2673,12143.808
00bbac68_2674,12143.812
00bbac68_2675,12143.816
00bbac68_2676,12143.82
00bbac68_2677,12143.825
00bbac68_2678,12143.83
00bbac68_2679,12143.835
00bbac68_2680,12143.839
00bbac68_2681,12143.844
00bbac68_2682,12143.849
00bbac68_2683,12143.854
00bbac68_2684,12143.858
00bbac68_2685,12143.863
00bbac68_2686,12143.868
00bbac68_2687,12143.873
00bbac68_2688,12143.878
00bbac68_2689,12143.883
00bbac68_2690,12143.889
00bbac68_2691,12143.894
00bbac68_2692,12143.898
00bbac68_2693,12143.903
00bbac68_2694,12143.909
00bbac68_2695,12143.914
00bbac68_2696,12143.919
00bbac68_2697,12143.925
00bbac68_2698,12143.93
00bbac68_2699,12143.935
00bbac68_2700,12143.939
00bbac68_2701,12143.944
00bbac68_2702,12143.95
00bbac68_2703,12143.955
00bbac68_2704,12143.96
00bbac68_2705,12143.966
00bbac68_2706,12143.972
00bbac68_2707,12143.977
00bbac68_2708,12143.982
00bbac68_2709,12143.988
00bbac68_2710,12143.993
00bbac68_2711,12143.999
00bbac68_2712,12144.005
00bbac68_2713,12144.011
00bbac68_2714,12144.017
00bbac68_2715,12144.022
00bbac68_2716,12144.028
00bbac68_2717,12144.034
00bbac68_2718,12144.04
00bbac68_2719,12143.506
00bbac68_2720,12143.512
00bbac68_2721,12143.518
00bbac68_2722,12143.524
00bbac68_2723,12142.599
00bbac68_2724,12142.6045
00bbac68_2725,12142.61
00bbac68_2726,12142.617
00bbac68_2727,12142.623
00bbac68_2728,12142.629
00bbac68_2729,12142.635
00bbac68_2730,12142.641
00bbac68_2731,12142.647
00bbac68_2732,12142.653
00bbac68_2733,12142.659
00bbac68_2734,12142.665
00bbac68_2735,12142.671
00bbac68_2736,12142.677
00bbac68_2737,12142.683
00bbac68_2738,12142.688
00bbac68_2739,12142.694
00bbac68_2740,12142.7
00bbac68_2741,12142.705
00bbac68_2742,12142.711
00bbac68_2743,12142.717
00bbac68_2744,12142.723
00bbac68_2745,12142.728
00bbac68_2746,12142.733
00bbac68_2747,12142.738
00bbac68_2748,12142.743
00bbac68_2749,12142.749
00bbac68_2750,12142.754
00bbac68_2751,12142.759
00bbac68_2752,12142.764
00bbac68_2753,12142.768
00bbac68_2754,12142.772
00bbac68_2755,12142.777
00bbac68_2756,12142.781
00bbac68_2757,12142.785
00bbac68_2758,12142.789
00bbac68_2759,12142.793
00bbac68_2760,12144.023
00bbac68_2761,12144.027
00bbac68_2762,12144.03
00bbac68_2763,12144.033
00bbac68_2764,12144.036
00bbac68_2765,12144.039
00bbac68_2766,12144.042
00bbac68_2767,12144.044
00bbac68_2768,12144.047
00bbac68_2769,12144.049
00bbac68_2770,12144.051
00bbac68_2771,12144.053
00bbac68_2772,12144.055
00bbac68_2773,12144.056
00bbac68_2774,12144.057
00bbac68_2775,12144.729
00bbac68_2776,12144.7295
00bbac68_2777,12144.73
00bbac68_2778,12144.73
00bbac68_2779,12144.73
00bbac68_2780,12144.73
00bbac68_2781,12144.73
00bbac68_2782,12144.73
00bbac68_2783,12144.7295
00bbac68_2784,12144.729
00bbac68_2785,12144.728
00bbac68_2786,12144.727
00bbac68_2787,12144.726
00bbac68_2788,12144.724
00bbac68_2789,12144.722
00bbac68_2790,12144.72
00bbac68_2791,12144.718
00bbac68_2792,12144.716
00bbac68_2793,12144.713
00bbac68_2794,12144.61
00bbac68_2795,12144.607
00bbac68_2796,12144.6045
00bbac68_2797,12144.602
00bbac68_2798,12144.598
00bbac68_2799,12144.595
00bbac68_2800,12144.591
00bbac68_2801,12144.587
00bbac68_2802,12144.583
00bbac68_2803,12144.578
00bbac68_2804,12144.573
00bbac68_2805,12144.568
00bbac68_2806,12144.563
00bbac68_2807,12144.559
00bbac68_2808,12144.553
00bbac68_2809,12144.547
00bbac68_2810,12144.541
00bbac68_2811,12144.535
00bbac68_2812,12144.529
00bbac68_2813,12144.522
00bbac68_2814,12144.516
00bbac68_2815,12144.509
00bbac68_2816,12144.501
00bbac68_2817,12144.493
00bbac68_2818,12144.485
00bbac68_2819,12144.478
00bbac68_2820,12144.469
00bbac68_2821,12144.46
00bbac68_2822,12144.451
00bbac68_2823,12144.441
00bbac68_2824,12144.432
00bbac68_2825,12144.422
00bbac68_2826,12144.411
00bbac68_2827,12144.4
00bbac68_2828,12144.39
00bbac68_2829,12144.378
00bbac68_2830,12144.367
00bbac68_2831,12144.3545
00bbac68_2832,12144.343
00bbac68_2833,12144.331
00bbac68_2834,12144.318
00bbac68_2835,12144.306
00bbac68_2836,12144.293
00bbac68_2837,12144.279
00bbac68_2838,12144.266
00bbac68_2839,12144.253
00bbac68_2840,12144.238
00bbac68_2841,12144.225
00bbac68_2842,12144.21
00bbac68_2843,12144.196
00bbac68_2844,12144.182
00bbac68_2845,12144.166
00bbac68_2846,12144.151
00bbac68_2847,12144.136
00bbac68_2848,12144.12
00bbac68_2849,12144.1045
00bbac68_2850,12144.089
00bbac68_2851,12144.072
00bbac68_2852,12144.056
00bbac68_2853,12144.04
00bbac68_2854,12144.023
00bbac68_2855,12144.006
00bbac68_2856,12143.989
00bbac68_2857,12143.972
00bbac68_2858,12143.955
00bbac68_2859,12143.9375
00bbac68_2860,12143.92
00bbac68_2861,12143.902
00bbac68_2862,12143.884
00bbac68_2863,12143.866
00bbac68_2864,12143.848
00bbac68_2865,12143.829
00bbac68_2866,12143.811
00bbac68_2867,12143.792
00bbac68_2868,12143.773
00bbac68_2869,12143.755
00bbac68_2870,12143.735
00bbac68_2871,12143.716
00bbac68_2872,12143.697
00bbac68_2873,12143.678
00bbac68_2874,12143.658
00bbac68_2875,12143.638
00bbac68_2876,12143.618
00bbac68_2877,12143.599
00bbac68_2878,12143.578
00bbac68_2879,12143.558
00bbac68_2880,12143.537
00bbac68_2881,12143.517
00bbac68_2882,12143.496
00bbac68_2883,12143.476
00bbac68_2884,12143.455
00bbac68_2885,12143.435
00bbac68_2886,12143.413
00bbac68_2887,12143.393
00bbac68_2888,12143.371
00bbac68_2889,12143.351
00bbac68_2890,12143.329
00bbac68_2891,12143.308
00bbac68_2892,12143.286
00bbac68_2893,12143.266
00bbac68_2894,12143.244
00bbac68_2895,12143.223
00bbac68_2896,12143.201
00bbac68_2897,12143.18
00bbac68_2898,12143.158
00bbac68_2899,12143.137
00bbac68_2900,12143.115
00bbac68_2901,12143.094
00bbac68_2902,12143.073
00bbac68_2903,12143.052
00bbac68_2904,12143.03
00bbac68_2905,12143.009
00bbac68_2906,12142.987
00bbac68_2907,12142.966
00bbac68_2908,12142.944
00bbac68_2909,12142.923
00bbac68_2910,12142.902
00bbac68_2911,12142.881
00bbac68_2912,12142.859
00bbac68_2913,12142.734
00bbac68_2914,12142.713
00bbac68_2915,12142.692
00bbac68_2916,12142.672
00bbac68_2917,12142.65
00bbac68_2918,12142.63
00bbac68_2919,12142.609
00bbac68_2920,12142.589
00bbac68_2921,12142.568
00bbac68_2922,12142.548
00bbac68_2923,12142.527
00bbac68_2924,12142.508
00bbac68_2925,12142.487
00bbac68_2926,12142.467
00bbac68_2927,12142.447
00bbac68_2928,12142.427
00bbac68_2929,12142.407
00bbac68_2930,12142.388
00bbac68_2931,12142.368
00bbac68_2932,12142.348
00bbac68_2933,12142.328
00bbac68_2934,12142.309
00bbac68_2935,12142.289
00bbac68_2936,12142.27
00bbac68_2937,12142.251
00bbac68_2938,12142.231
00bbac68_2939,12142.212
00bbac68_2940,12142.193
00bbac68_2941,12142.175
00bbac68_2942,12142.155
00bbac68_2943,12142.137
00bbac68_2944,12142.118
00bbac68_2945,12142.1
00bbac68_2946,12142.311
00bbac68_2947,12142.292
00bbac68_2948,12142.274
00bbac68_2949,12142.256
00bbac68_2950,12142.238
00bbac68_2951,12142.221
00bbac68_2952,12142.203
00bbac68_2953,12142.187
00bbac68_2954,12142.169
00bbac68_2955,12142.152
00bbac68_2956,12142.136
00bbac68_2957,12142.119
00bbac68_2958,12142.104
00bbac68_2959,12142.087
00bbac68_2960,12142.071
00bbac68_2961,12142.055
00bbac68_2962,12142.039
00bbac68_2963,12142.023
00bbac68_2964,12142.008
00bbac68_2965,12141.993
00bbac68_2966,12141.978
00bbac68_2967,12141.963
00bbac68_2968,12141.948
00bbac68_2969,12141.933
00bbac68_2970,12141.919
00bbac68_2971,12141.904
00bbac68_2972,12141.89
00bbac68_2973,12141.876
00bbac68_2974,12141.862
00bbac68_2975,12141.849
00bbac68_2976,12141.835
00bbac68_2977,12141.822
00bbac68_2978,12141.809
00bbac68_2979,12141.796
00bbac68_2980,12141.783
00bbac68_2981,12141.7705
00bbac68_2982,12141.759
00bbac68_2983,12141.746
00bbac68_2984,12141.881
00bbac68_2985,12141.869
00bbac68_2986,12141.858
00bbac68_2987,12141.847
00bbac68_2988,12141.836
00bbac68_2989,12141.825
00bbac68_2990,12141.815
00bbac68_2991,12141.805
00bbac68_2992,12141.795
00bbac68_2993,12141.785
00bbac68_2994,12141.775
00bbac68_2995,12141.767
00bbac68_2996,12141.757
00bbac68_2997,12141.749
00bbac68_2998,12141.74
00bbac68_2999,12141.731
00bbac68_3000,12141.724
00bbac68_3001,12141.716
00bbac68_3002,12141.709
00bbac68_3003,12141.701
00bbac68_3004,12141.694
00bbac68_3005,12141.6875
00bbac68_3006,12141.681
00bbac68_3007,12141.674
00bbac68_3008,12141.667
00bbac68_3009,12141.66
00bbac68_3010,12141.653
00bbac68_3011,12141.6455
00bbac68_3012,12141.639
00bbac68_3013,12141.632
00bbac68_3014,12141.625
00bbac68_3015,12141.617
00bbac68_3016,12141.61
00bbac68_3017,12141.604
00bbac68_3018,12141.596
00bbac68_3019,12141.589
00bbac68_3020,12141.582
00bbac68_3021,12141.574
00bbac68_3022,12141.567
00bbac68_3023,12141.561
00bbac68_3024,12141.554
00bbac68_3025,12141.547
00bbac68_3026,12141.54
00bbac68_3027,12141.533
00bbac68_3028,12141.526
00bbac68_3029,12141.52
00bbac68_3030,12141.514
00bbac68_3031,12141.507
00bbac68_3032,12141.501
00bbac68_3033,12141.495
00bbac68_3034,12141.489
00bbac68_3035,12141.483
00bbac68_3036,12141.478
00bbac68_3037,12141.472
00bbac68_3038,12141.466
00bbac68_3039,12141.461
00bbac68_3040,12141.456
00bbac68_3041,12141.45
00bbac68_3042,12141.445
00bbac68_3043,12141.44
00bbac68_3044,12141.436
00bbac68_3045,12141.431
00bbac68_3046,12141.427
00bbac68_3047,12141.423
00bbac68_3048,12141.418
00bbac68_3049,12141.414
00bbac68_3050,12141.41
00bbac68_3051,12141.406
00bbac68_3052,12141.403
00bbac68_3053,12141.399
00bbac68_3054,12141.396
00bbac68_3055,12141.394
00bbac68_3056,12141.391
00bbac68_3057,12141.388
00bbac68_3058,12141.386
00bbac68_3059,12141.384
00bbac68_3060,12141.382
00bbac68_3061,12141.381
00bbac68_3062,12141.38
00bbac68_3063,12141.856
00bbac68_3064,12141.855
00bbac68_3065,12141.855
00bbac68_3066,12141.855
00bbac68_3067,12141.855
00bbac68_3068,12141.855
00bbac68_3069,12141.856
00bbac68_3070,12141.857
00bbac68_3071,12141.858
00bbac68_3072,12141.859
00bbac68_3073,12141.861
00bbac68_3074,12141.863
00bbac68_3075,12141.865
00bbac68_3076,12141.867
00bbac68_3077,12141.87
00bbac68_3078,12141.872
00bbac68_3079,12141.875
00bbac68_3080,12141.878
00bbac68_3081,12141.881
00bbac68_3082,12141.885
00bbac68_3083,12141.888
00bbac68_3084,12141.892
00bbac68_3085,12141.8955
00bbac68_3086,12141.899
00bbac68_3087,12141.903
00bbac68_3088,12141.907
00bbac68_3089,12141.911
00bbac68_3090,12141.916
00bbac68_3091,12141.921
00bbac68_3092,12141.925
00bbac68_3093,12141.93
00bbac68_3094,12141.935
00bbac68_3095,12141.94
00bbac68_3096,12141.945
00bbac68_3097,12141.95
00bbac68_3098,12141.956
00bbac68_3099,12141.961
00bbac68_3100,12141.967
00bbac68_3101,12141.972
00bbac68_3102,12141.978
00bbac68_3103,12141.983
00bbac68_3104,12141.989
00bbac68_3105,12141.995
00bbac68_3106,12142.001
00bbac68_3107,12142.007
00bbac68_3108,12142.014
00bbac68_3109,12142.0205
00bbac68_3110,12142.027
00bbac68_3111,12142.034
00bbac68_3112,12142.041
00bbac68_3113,12142.411
00bbac68_3114,12142.419
00bbac68_3115,12142.427
00bbac68_3116,12142.435
00bbac68_3117,12142.442
00bbac68_3118,12142.45
00bbac68_3119,12142.571
00bbac68_3120,12142.58
00bbac68_3121,12142.589
00bbac68_3122,12142.598
00bbac68_3123,12142.606
00bbac68_3124,12142.616
00bbac68_3125,12142.625
00bbac68_3126,12142.635
00bbac68_3127,12142.645
00bbac68_3128,12142.655
00bbac68_3129,12142.665
00bbac68_3130,12142.676
00bbac68_3131,12142.687
00bbac68_3132,12142.697
00bbac68_3133,12142.708
00bbac68_3134,12142.72
00bbac68_3135,12142.071
00bbac68_3136,12141.755
00bbac68_3137,12141.654
00bbac68_3138,12141.666
00bbac68_3139,12141.679
00bbac68_3140,12141.69
00bbac68_3141,12141.703
00bbac68_3142,12141.715
00bbac68_3143,12141.728
00bbac68_3144,12141.74
00bbac68_3145,12141.753
00bbac68_3146,12141.767
00bbac68_3147,12141.779
00bbac68_3148,12141.793
00bbac68_3149,12141.806
00bbac68_3150,12141.819
00bbac68_3151,12140.988
00bbac68_3152,12141.002
00bbac68_3153,12141.016
00bbac68_3154,12141.029
00bbac68_3155,12141.043
00bbac68_3156,12141.057
00bbac68_3157,12141.07
00bbac68_3158,12141.084
00bbac68_3159,12141.099
00bbac68_3160,12141.111
00bbac68_3161,12141.125
00bbac68_3162,12141.139
00bbac68_3163,12141.151
00bbac68_3164,12141.164
00bbac68_3165,12141.177
00bbac68_3166,12141.189
00bbac68_3167,12141.202
00bbac68_3168,12141.214
00bbac68_3169,12141.226
00bbac68_3170,12141.237
00bbac68_3171,12141.249
00bbac68_3172,12140.949
00bbac68_3173,12140.96
00bbac68_3174,12140.972
00bbac68_3175,12140.982
00bbac68_3176,12140.993
00bbac68_3177,12141.004
00bbac68_3178,12141.014
00bbac68_3179,12141.024
00bbac68_3180,12141.034
00bbac68_3181,12141.044
00bbac68_3182,12141.054
00bbac68_3183,12141.063
00bbac68_3184,12141.072
00bbac68_3185,12141.082
00bbac68_3186,12141.091
00bbac68_3187,12141.1
00bbac68_3188,12141.108
00bbac68_3189,12141.03
00bbac68_3190,12141.038
00bbac68_3191,12141.046
00bbac68_3192,12141.055
00bbac68_3193,12141.0625
00bbac68_3194,12141.069
00bbac68_3195,12141.077
00bbac68_3196,12141.084
00bbac68_3197,12141.092
00bbac68_3198,12141.099
00bbac68_3199,12141.105
00bbac68_3200,12141.111
00bbac68_3201,12141.118
00bbac68_3202,12141.124
00bbac68_3203,12141.13
00bbac68_3204,12141.137
00bbac68_3205,12141.142
00bbac68_3206,12141.147
00bbac68_3207,12141.153
00bbac68_3208,12141.158
00bbac68_3209,12141.163
00bbac68_3210,12141.168
00bbac68_3211,12141.172
00bbac68_3212,12141.177
00bbac68_3213,12141.181
00bbac68_3214,12141.184
00bbac68_3215,12141.1875
00bbac68_3216,12141.19
00bbac68_3217,12141.193
00bbac68_3218,12141.196
00bbac68_3219,12141.198
00bbac68_3220,12141.201
00bbac68_3221,12141.203
00bbac68_3222,12141.204
00bbac68_3223,12141.206
00bbac68_3224,12141.207
00bbac68_3225,12141.208
00bbac68_3226,12141.208
00bbac68_3227,12141.209
00bbac68_3228,12141.209
00bbac68_3229,12141.209
00bbac68_3230,12141.208
00bbac68_3231,12141.208
00bbac68_3232,12141.207
00bbac68_3233,12141.206
00bbac68_3234,12141.205
00bbac68_3235,12141.203
00bbac68_3236,12141.201
00bbac68_3237,12141.2
00bbac68_3238,12141.197
00bbac68_3239,12141.195
00bbac68_3240,12141.193
00bbac68_3241,12141.19
00bbac68_3242,12141.1875
00bbac68_3243,12141.2705
00bbac68_3244,12141.268
00bbac68_3245,12141.264
00bbac68_3246,12141.26
00bbac68_3247,12141.256
00bbac68_3248,12141.252
00bbac68_3249,12141.247
00bbac68_3250,12141.242
00bbac68_3251,12141.237
00bbac68_3252,12141.231
00bbac68_3253,12141.226
00bbac68_3254,12141.22
00bbac68_3255,12141.214
00bbac68_3256,12141.207
00bbac68_3257,12141.2
00bbac68_3258,12141.193
00bbac68_3259,12141.186
00bbac68_3260,12141.179
00bbac68_3261,12141.171
00bbac68_3262,12141.163
00bbac68_3263,12141.154
00bbac68_3264,12141.146
00bbac68_3265,12141.138
00bbac68_3266,12141.129
00bbac68_3267,12141.119
00bbac68_3268,12141.11
00bbac68_3269,12141.101
00bbac68_3270,12141.091
00bbac68_3271,12141.081
00bbac68_3272,12141.071
00bbac68_3273,12141.061
00bbac68_3274,12141.05
00bbac68_3275,12141.039
00bbac68_3276,12141.028
00bbac68_3277,12141.017
00bbac68_3278,12141.005
00bbac68_3279,12140.993
00bbac68_3280,12140.981
00bbac68_3281,12140.969
00bbac68_3282,12140.957
00bbac68_3283,12140.944
00bbac68_3284,12140.932
00bbac68_3285,12140.918
00bbac68_3286,12140.905
00bbac68_3287,12140.892
00bbac68_3288,12140.878
00bbac68_3289,12140.864
00bbac68_3290,12140.85
00bbac68_3291,12140.836
00bbac68_3292,12140.821
00bbac68_3293,12140.807
00bbac68_3294,12140.791
00bbac68_3295,12140.776
00bbac68_3296,12140.761
00bbac68_3297,12140.745
00bbac68_3298,12140.729
00bbac68_3299,12140.713
00bbac68_3300,12140.696
00bbac68_3301,12140.68
00bbac68_3302,12140.662
00bbac68_3303,12140.6455
00bbac68_3304,12140.628
00bbac68_3305,12140.61
00bbac68_3306,12140.593
00bbac68_3307,12140.574
00bbac68_3308,12140.557
00bbac68_3309,12140.538
00bbac68_3310,12140.5205
00bbac68_3311,12140.503
00bbac68_3312,12140.485
00bbac68_3313,12140.467
00bbac68_3314,12140.449
00bbac68_3315,12140.432
00bbac68_3316,12140.414
00bbac68_3317,12140.396
00bbac68_3318,12140.38
00bbac68_3319,12140.362
00bbac68_3320,12140.346
00bbac68_3321,12140.329
00bbac68_3322,12140.3125
00bbac68_3323,12140.296
00bbac68_3324,12140.279
00bbac68_3325,12140.263
00bbac68_3326,12140.247
00bbac68_3327,12140.231
00bbac68_3328,12140.216
00bbac68_3329,12140.2
00bbac68_3330,12140.185
00bbac68_3331,12140.169
00bbac68_3332,12140.154
00bbac68_3333,12140.14
00bbac68_3334,12140.124
00bbac68_3335,12140.109
00bbac68_3336,12140.096
00bbac68_3337,12140.081
00bbac68_3338,12140.067
00bbac68_3339,12140.054
00bbac68_3340,12140.04
00bbac68_3341,12140.026
00bbac68_3342,12140.014
00bbac68_3343,12140.0
00bbac68_3344,12139.987
00bbac68_3345,12139.976
00bbac68_3346,12139.963
00bbac68_3347,12139.951
00bbac68_3348,12139.939
00bbac68_3349,12139.928
00bbac68_3350,12139.916
00bbac68_3351,12139.905
00bbac68_3352,12139.895
00bbac68_3353,12139.884
00bbac68_3354,12139.874
00bbac68_3355,12139.863
00bbac68_3356,12139.854
00bbac68_3357,12139.845
00bbac68_3358,12139.835
00bbac68_3359,12139.826
00bbac68_3360,12139.816
00bbac68_3361,12139.808
00bbac68_3362,12139.8
00bbac68_3363,12139.791
00bbac68_3364,12139.782
00bbac68_3365,12139.774
00bbac68_3366,12139.767
00bbac68_3367,12139.759
00bbac68_3368,12139.752
00bbac68_3369,12139.744
00bbac68_3370,12139.738
00bbac68_3371,12139.731
00bbac68_3372,12139.725
00bbac68_3373,12139.719
00bbac68_3374,12139.826
00bbac68_3375,12139.821
00bbac68_3376,12139.816
00bbac68_3377,12139.812
00bbac68_3378,12139.807
00bbac68_3379,12139.802
00bbac68_3380,12139.798
00bbac68_3381,12139.794
00bbac68_3382,12139.791
00bbac68_3383,12139.788
00bbac68_3384,12139.784
00bbac68_3385,12139.782
00bbac68_3386,12139.779
00bbac68_3387,12139.777
00bbac68_3388,12139.775
00bbac68_3389,12139.773
00bbac68_3390,12139.772
00bbac68_3391,12139.771
00bbac68_3392,12139.7705
00bbac68_3393,12139.77
00bbac68_3394,12139.77
00bbac68_3395,12139.769
00bbac68_3396,12139.77
00bbac68_3397,12139.77
00bbac68_3398,12139.77
00bbac68_3399,12139.7705
00bbac68_3400,12139.771
00bbac68_3401,12139.773
00bbac68_3402,12139.774
00bbac68_3403,12139.776
00bbac68_3404,12139.778
00bbac68_3405,12139.781
00bbac68_3406,12139.783
00bbac68_3407,12139.786
00bbac68_3408,12139.788
00bbac68_3409,12139.791
00bbac68_3410,12139.794
00bbac68_3411,12139.797
00bbac68_3412,12139.8
00bbac68_3413,12139.803
00bbac68_3414,12139.806
00bbac68_3415,12139.809
00bbac68_3416,12139.8125
00bbac68_3417,12139.815
00bbac68_3418,12139.818
00bbac68_3419,12139.822
00bbac68_3420,12139.825
00bbac68_3421,12139.828
00bbac68_3422,12139.832
00bbac68_3423,12139.835
00bbac68_3424,12139.839
00bbac68_3425,12139.842
00bbac68_3426,12139.846
00bbac68_3427,12139.849
00bbac68_3428,12139.852
00bbac68_3429,12139.855
00bbac68_3430,12139.858
00bbac68_3431,12139.861
00bbac68_3432,12139.864
00bbac68_3433,12139.867
00bbac68_3434,12139.757
00bbac68_3435,12139.76
00bbac68_3436,12139.763
00bbac68_3437,12139.766
00bbac68_3438,12139.768
00bbac68_3439,12139.7705
00bbac68_3440,12139.772
00bbac68_3441,12139.774
00bbac68_3442,12139.777
00bbac68_3443,12139.778
00bbac68_3444,12139.78
00bbac68_3445,12139.782
00bbac68_3446,12139.783
00bbac68_3447,12139.784
00bbac68_3448,12139.785
00bbac68_3449,12139.786
00bbac68_3450,12139.787
00bbac68_3451,12139.787
00bbac68_3452,12139.787
00bbac68_3453,12139.787
00bbac68_3454,12139.786
00bbac68_3455,12139.786
00bbac68_3456,12139.785
00bbac68_3457,12139.784
00bbac68_3458,12139.782
00bbac68_3459,12139.781
00bbac68_3460,12139.779
00bbac68_3461,12139.777
00bbac68_3462,12139.775
00bbac68_3463,12139.773
00bbac68_3464,12139.7705
00bbac68_3465,12139.769
00bbac68_3466,12139.767
00bbac68_3467,12139.764
00bbac68_3468,12139.762
00bbac68_3469,12139.759
00bbac68_3470,12139.757
00bbac68_3471,12139.754
00bbac68_3472,12139.664
00bbac68_3473,12139.661
00bbac68_3474,12139.658
00bbac68_3475,12139.655
00bbac68_3476,12139.652
00bbac68_3477,12139.649
00bbac68_3478,12139.646
00bbac68_3479,12139.644
00bbac68_3480,12139.64
00bbac68_3481,12139.637
00bbac68_3482,12139.633
00bbac68_3483,12139.63
00bbac68_3484,12139.626
00bbac68_3485,12139.622
00bbac68_3486,12139.618
00bbac68_3487,12139.614
00bbac68_3488,12139.61
00bbac68_3489,12139.507
00bbac68_3490,12139.503
00bbac68_3491,12139.499
00bbac68_3492,12139.495
00bbac68_3493,12139.491
00bbac68_3494,12139.486
00bbac68_3495,12139.482
00bbac68_3496,12139.478
00bbac68_3497,12139.474
00bbac68_3498,12139.469
00bbac68_3499,12139.464
00bbac68_3500,12139.459
00bbac68_3501,12139.454
00bbac68_3502,12139.449
00bbac68_3503,12139.444
00bbac68_3504,12139.439
00bbac68_3505,12139.435
00bbac68_3506,12139.43
00bbac68_3507,12139.424
00bbac68_3508,12139.419
00bbac68_3509,12139.414
00bbac68_3510,12139.408
00bbac68_3511,12139.403
00bbac68_3512,12139.397
00bbac68_3513,12139.4795
00bbac68_3514,12139.475
00bbac68_3515,12139.469
00bbac68_3516,12139.463
00bbac68_3517,12139.457
00bbac68_3518,12139.451
00bbac68_3519,12139.445
00bbac68_3520,12139.439
00bbac68_3521,12139.434
00bbac68_3522,12139.428
00bbac68_3523,12139.422
00bbac68_3524,12139.416
00bbac68_3525,12139.41
00bbac68_3526,12139.404
00bbac68_3527,12139.398
00bbac68_3528,12139.411
00bbac68_3529,12139.405
00bbac68_3530,12139.398
00bbac68_3531,12139.393
00bbac68_3532,12139.387
00bbac68_3533,12139.381
00bbac68_3534,12139.375
00bbac68_3535,12139.368
00bbac68_3536,12139.362
00bbac68_3537,12139.356
00bbac68_3538,12139.351
00bbac68_3539,12139.344
00bbac68_3540,12139.338
00bbac68_3541,12139.332
00bbac68_3542,12139.326
00bbac68_3543,12139.32
00bbac68_3544,12139.313
00bbac68_3545,12139.308
00bbac68_3546,12139.302
00bbac68_3547,12139.295
00bbac68_3548,12139.289
00bbac68_3549,12139.283
00bbac68_3550,12139.277
00bbac68_3551,12139.271
00bbac68_3552,12139.265
00bbac68_3553,12139.259
00bbac68_3554,12139.253
00bbac68_3555,12139.247
00bbac68_3556,12139.241
00bbac68_3557,12139.235
00bbac68_3558,12139.229
00bbac68_3559,12139.336
00bbac68_3560,12139.33
00bbac68_3561,12139.324
00bbac68_3562,12139.318
00bbac68_3563,12139.3125
00bbac68_3564,12139.307
00bbac68_3565,12139.301
00bbac68_3566,12139.295
00bbac68_3567,12139.289
00bbac68_3568,12139.283
00bbac68_3569,12139.278
00bbac68_3570,12139.272
00bbac68_3571,12138.507
00bbac68_3572,12138.501
00bbac68_3573,12138.149
00bbac68_3574,12138.145
00bbac68_3575,12138.139
00bbac68_3576,12138.133
00bbac68_3577,12138.128
00bbac68_3578,12138.122
00bbac68_3579,12138.116
00bbac68_3580,12138.111
00bbac68_3581,12138.105
00bbac68_3582,12138.101
00bbac68_3583,12138.095
00bbac68_3584,12138.09
00bbac68_3585,12138.084
00bbac68_3586,12138.078
00bbac68_3587,12138.032
00bbac68_3588,12137.818
00bbac68_3589,12137.813
00bbac68_3590,12137.808
00bbac68_3591,12137.802
00bbac68_3592,12137.797
00bbac68_3593,12137.791
00bbac68_3594,12137.785
00bbac68_3595,12137.78
00bbac68_3596,12137.774
00bbac68_3597,12137.769
00bbac68_3598,12137.764
00bbac68_3599,12137.758
00bbac68_3600,12137.752
00bbac68_3601,12137.747
00bbac68_3602,12137.741
00bbac68_3603,12137.735
00bbac68_3604,12137.7295
00bbac68_3605,12137.724
00bbac68_3606,12137.718
00bbac68_3607,12137.713
00bbac68_3608,12137.707
00bbac68_3609,12137.701
00bbac68_3610,12137.695
00bbac68_3611,12137.689
00bbac68_3612,12137.684
00bbac68_3613,12137.679
00bbac68_3614,12137.673
00bbac68_3615,12137.667
00bbac68_3616,12137.661
00bbac68_3617,12137.656
00bbac68_3618,12137.65
00bbac68_3619,12137.645
00bbac68_3620,12137.639
00bbac68_3621,12137.634
00bbac68_3622,12137.628
00bbac68_3623,12137.622
00bbac68_3624,12137.616
00bbac68_3625,12137.611
00bbac68_3626,12137.605
00bbac68_3627,12137.6
00bbac68_3628,12137.595
00bbac68_3629,12137.589
00bbac68_3630,12137.583
00bbac68_3631,12137.578
00bbac68_3632,12137.572
00bbac68_3633,12137.566
00bbac68_3634,12137.562
00bbac68_3635,12137.556
00bbac68_3636,12137.551
00bbac68_3637,12137.545
00bbac68_3638,12137.54
00bbac68_3639,12137.535
00bbac68_3640,12137.529
00bbac68_3641,12137.524
00bbac68_3642,12137.52
00bbac68_3643,12137.515
00bbac68_3644,12137.509
00bbac68_3645,12137.504
00bbac68_3646,12137.499
00bbac68_3647,12137.494
00bbac68_3648,12137.489
00bbac68_3649,12137.484
00bbac68_3650,12137.4795
00bbac68_3651,12137.475
00bbac68_3652,12137.47
00bbac68_3653,12137.465
00bbac68_3654,12137.46
00bbac68_3655,12137.455
00bbac68_3656,12137.451
00bbac68_3657,12137.446
00bbac68_3658,12137.441
00bbac68_3659,12137.437
00bbac68_3660,12137.432
00bbac68_3661,12137.427
00bbac68_3662,12137.423
00bbac68_3663,12137.418
00bbac68_3664,12137.414
00bbac68_3665,12137.409
00bbac68_3666,12137.405
00bbac68_3667,12137.401
00bbac68_3668,12137.396
00bbac68_3669,12137.393
00bbac68_3670,12137.388
00bbac68_3671,12137.384
00bbac68_3672,12137.379
00bbac68_3673,12137.375
00bbac68_3674,12137.371
00bbac68_3675,12137.366
00bbac68_3676,12137.362
00bbac68_3677,12137.358
00bbac68_3678,12137.354
00bbac68_3679,12137.35
00bbac68_3680,12137.345
00bbac68_3681,12137.341
00bbac68_3682,12137.336
00bbac68_3683,12137.332
00bbac68_3684,12137.327
00bbac68_3685,12137.322
00bbac68_3686,12137.318
00bbac68_3687,12137.313
00bbac68_3688,12137.309
00bbac68_3689,12137.305
00bbac68_3690,12137.3
00bbac68_3691,12137.295
00bbac68_3692,12137.29
00bbac68_3693,12137.285
00bbac68_3694,12137.28
00bbac68_3695,12137.275
00bbac68_3696,12137.2705
00bbac68_3697,12137.266
00bbac68_3698,12137.261
00bbac68_3699,12137.256
00bbac68_3700,12137.25
00bbac68_3701,12137.245
00bbac68_3702,12137.24
00bbac68_3703,12137.234
00bbac68_3704,12137.2295
00bbac68_3705,12137.225
00bbac68_3706,12137.22
00bbac68_3707,12137.215
00bbac68_3708,12137.209
00bbac68_3709,12137.412
00bbac68_3710,12137.407
00bbac68_3711,12137.443
00bbac68_3712,12137.438
00bbac68_3713,12137.434
00bbac68_3714,12137.43
00bbac68_3715,12137.425
00bbac68_3716,12137.42
00bbac68_3717,12137.415
00bbac68_3718,12137.41
00bbac68_3719,12137.406
00bbac68_3720,12137.401
00bbac68_3721,12137.396
00bbac68_3722,12137.393
00bbac68_3723,12137.388
00bbac68_3724,12137.384
00bbac68_3725,12138.484
00bbac68_3726,12138.48
00bbac68_3727,12138.476
00bbac68_3728,12138.472
00bbac68_3729,12138.468
00bbac68_3730,12138.463
00bbac68_3731,12138.459
00bbac68_3732,12138.455
00bbac68_3733,12138.451
00bbac68_3734,12138.447
00bbac68_3735,12138.443
00bbac68_3736,12138.44
00bbac68_3737,12138.437
00bbac68_3738,12138.433
00bbac68_3739,12138.429
00bbac68_3740,12138.426
00bbac68_3741,12138.309
00bbac68_3742,12138.305
00bbac68_3743,12138.302
00bbac68_3744,12138.298
00bbac68_3745,12138.295
00bbac68_3746,12138.291
00bbac68_3747,12138.288
00bbac68_3748,12138.285
00bbac68_3749,12138.281
00bbac68_3750,12138.278
00bbac68_3751,12138.275
00bbac68_3752,12138.272
00bbac68_3753,12138.27
00bbac68_3754,12138.267
00bbac68_3755,12138.265
00bbac68_3756,12138.262
00bbac68_3757,12138.26
00bbac68_3758,12138.257
00bbac68_3759,12138.255
00bbac68_3760,12138.253
00bbac68_3761,12138.251
00bbac68_3762,12138.249
00bbac68_3763,12138.247
00bbac68_3764,12138.245
00bbac68_3765,12138.244
00bbac68_3766,12138.242
00bbac68_3767,12138.241
00bbac68_3768,12138.239
00bbac68_3769,12138.238
00bbac68_3770,12138.236
00bbac68_3771,12138.235
00bbac68_3772,12138.234
00bbac68_3773,12138.233
00bbac68_3774,12138.231
00bbac68_3775,12138.23
00bbac68_3776,12138.2295
00bbac68_3777,12138.229
00bbac68_3778,12138.228
00bbac68_3779,12138.227
00bbac68_3780,12138.227
00bbac68_3781,12138.226
00bbac68_3782,12138.225
00bbac68_3783,12138.224
00bbac68_3784,12138.224
00bbac68_3785,12138.223
00bbac68_3786,12138.222
00bbac68_3787,12138.222
00bbac68_3788,12138.222
00bbac68_3789,12138.221
00bbac68_3790,12138.221
00bbac68_3791,12138.221
00bbac68_3792,12138.221
00bbac68_3793,12138.22
00bbac68_3794,12138.22
00bbac68_3795,12138.22
00bbac68_3796,12138.22
00bbac68_3797,12138.221
00bbac68_3798,12138.221
00bbac68_3799,12138.221
00bbac68_3800,12138.221
00bbac68_3801,12138.222
00bbac68_3802,12138.222
00bbac68_3803,12138.223
00bbac68_3804,12138.223
00bbac68_3805,12138.224
00bbac68_3806,12138.225
00bbac68_3807,12138.225
00bbac68_3808,12138.226
00bbac68_3809,12138.227
00bbac68_3810,12138.228
00bbac68_3811,12138.142
00bbac68_3812,12138.144
00bbac68_3813,12138.145
00bbac68_3814,12138.1455
00bbac68_3815,12138.233
00bbac68_3816,12138.235
00bbac68_3817,12138.236
00bbac68_3818,12138.238
00bbac68_3819,12138.239
00bbac68_3820,12138.241
00bbac68_3821,12138.243
00bbac68_3822,12138.245
00bbac68_3823,12138.246
00bbac68_3824,12138.248
00bbac68_3825,12138.25
00bbac68_3826,12138.252
00bbac68_3827,12138.254
00bbac68_3828,12138.256
00bbac68_3829,12138.259
00bbac68_3830,12138.261
00bbac68_3831,12138.263
00bbac68_3832,12138.266
00bbac68_3833,12138.268
00bbac68_3834,12138.27
00bbac68_3835,12138.272
00bbac68_3836,12138.274
00bbac68_3837,12138.277
00bbac68_3838,12138.28
00bbac68_3839,12138.282
00bbac68_3840,12138.285
00bbac68_3841,12138.288
00bbac68_3842,12138.29
00bbac68_3843,12138.293
00bbac68_3844,12138.296
00bbac68_3845,12138.299
00bbac68_3846,12138.301
00bbac68_3847,12138.304
00bbac68_3848,12138.307
00bbac68_3849,12138.31
00bbac68_3850,12138.3125
00bbac68_3851,12138.314
00bbac68_3852,12138.317
00bbac68_3853,12138.32
00bbac68_3854,12138.323
00bbac68_3855,12138.326
00bbac68_3856,12138.329
00bbac68_3857,12138.332
00bbac68_3858,12138.335
00bbac68_3859,12138.337
00bbac68_3860,12138.34
00bbac68_3861,12138.343
00bbac68_3862,12138.346
00bbac68_3863,12138.349
00bbac68_3864,12138.352
00bbac68_3865,12138.3545
00bbac68_3866,12138.356
00bbac68_3867,12138.359
00bbac68_3868,12138.361
00bbac68_3869,12138.364
00bbac68_3870,12138.366
00bbac68_3871,12138.369
00bbac68_3872,12138.371
00bbac68_3873,12138.374
00bbac68_3874,12138.376
00bbac68_3875,12138.378
00bbac68_3876,12138.38
00bbac68_3877,12138.382
00bbac68_3878,12138.383
00bbac68_3879,12138.385
00bbac68_3880,12138.387
00bbac68_3881,12138.388
00bbac68_3882,12138.39
00bbac68_3883,12138.391
00bbac68_3884,12138.393
00bbac68_3885,12138.394
00bbac68_3886,12138.395
00bbac68_3887,12138.396
00bbac68_3888,12138.397
00bbac68_3889,12138.398
00bbac68_3890,12138.399
00bbac68_3891,12138.4
00bbac68_3892,12138.401
00bbac68_3893,12138.402
00bbac68_3894,12138.403
00bbac68_3895,12138.404
00bbac68_3896,12138.405
00bbac68_3897,12138.405
00bbac68_3898,12138.406
00bbac68_3899,12138.407
00bbac68_3900,12138.408
00bbac68_3901,12138.409
00bbac68_3902,12138.41
00bbac68_3903,12138.411
00bbac68_3904,12138.411
00bbac68_3905,12138.412
00bbac68_3906,12138.413
00bbac68_3907,12138.414
00bbac68_3908,12138.415
00bbac68_3909,12138.416
00bbac68_3910,12138.417
00bbac68_3911,12138.418
00bbac68_3912,12138.419
00bbac68_3913,12138.433
00bbac68_3914,12138.434
00bbac68_3915,12138.435
00bbac68_3916,12138.436
00bbac68_3917,12138.436
00bbac68_3918,12138.437
00bbac68_3919,12138.4375
00bbac68_3920,12138.438
00bbac68_3921,12138.439
00bbac68_3922,12138.44
00bbac68_3923,12138.441
00bbac68_3924,12138.442
00bbac68_3925,12138.443
00bbac68_3926,12138.444
00bbac68_3927,12138.445
00bbac68_3928,12138.446
00bbac68_3929,12138.447
00bbac68_3930,12138.448
00bbac68_3931,12138.449
00bbac68_3932,12138.45
00bbac68_3933,12138.45
00bbac68_3934,12138.451
00bbac68_3935,12138.452
00bbac68_3936,12138.453
00bbac68_3937,12138.454
00bbac68_3938,12138.455
00bbac68_3939,12138.456
00bbac68_3940,12138.456
00bbac68_3941,12138.457
00bbac68_3942,12138.458
00bbac68_3943,12138.459
00bbac68_3944,12138.46
00bbac68_3945,12138.46
00bbac68_3946,12138.461
00bbac68_3947,12138.462
00bbac68_3948,12138.462
00bbac68_3949,12138.463
00bbac68_3950,12138.464
00bbac68_3951,12138.465
00bbac68_3952,12138.466
00bbac68_3953,12138.466
00bbac68_3954,12138.467
00bbac68_3955,12138.468
00bbac68_3956,12138.469
00bbac68_3957,12138.47
00bbac68_3958,12138.471
00bbac68_3959,12138.472
00bbac68_3960,12138.474
00bbac68_3961,12138.475
00bbac68_3962,12138.476
00bbac68_3963,12138.477
00bbac68_3964,12138.479
00bbac68_3965,12138.4795
00bbac68_3966,12138.481
00bbac68_3967,12138.482
00bbac68_3968,12138.484
00bbac68_3969,12138.485
00bbac68_3970,12138.487
00bbac68_3971,12138.489
00bbac68_3972,12138.49
00bbac68_3973,12138.492
00bbac68_3974,12138.494
00bbac68_3975,12138.496
00bbac68_3976,12138.498
00bbac68_3977,12138.499
00bbac68_3978,12138.501
00bbac68_3979,12138.503
00bbac68_3980,12138.505
00bbac68_3981,12138.507
00bbac68_3982,12138.509
00bbac68_3983,12138.511
00bbac68_3984,12138.513
00bbac68_3985,12138.516
00bbac68_3986,12138.518
00bbac68_3987,12138.52
00bbac68_3988,12138.522
00bbac68_3989,12138.525
00bbac68_3990,12138.527
00bbac68_3991,12138.53
00bbac68_3992,12138.533
00bbac68_3993,12138.535
00bbac68_3994,12138.538
00bbac68_3995,12138.541
00bbac68_3996,12138.544
00bbac68_3997,12138.547
00bbac68_3998,12138.55
00bbac68_3999,12138.553
00bbac68_4000,12138.557
00bbac68_4001,12138.56
00bbac68_4002,12138.563
00bbac68_4003,12138.567
00bbac68_4004,12138.57
00bbac68_4005,12138.574
00bbac68_4006,12138.578
00bbac68_4007,12138.581
00bbac68_4008,12138.585
00bbac68_4009,12138.589
00bbac68_4010,12138.593
00bbac68_4011,12138.597
00bbac68_4012,12138.601
00bbac68_4013,12138.6045
00bbac68_4014,12138.607
00bbac68_4015,12138.611
00bbac68_4016,12138.615
00bbac68_4017,12138.619
00bbac68_4018,12138.623
00bbac68_4019,12138.627
00bbac68_4020,12138.631
00bbac68_4021,12138.635
00bbac68_4022,12138.639
00bbac68_4023,12138.643
00bbac68_4024,12138.646
00bbac68_4025,12138.65
00bbac68_4026,12138.654
00bbac68_4027,12138.658
00bbac68_4028,12138.662
00bbac68_4029,12138.666
00bbac68_4030,12138.67
00bbac68_4031,12138.674
00bbac68_4032,12138.678
00bbac68_4033,12138.682
00bbac68_4034,12138.686
00bbac68_4035,12138.689
00bbac68_4036,12138.692
00bbac68_4037,12138.696
00bbac68_4038,12138.7
00bbac68_4039,12138.703
00bbac68_4040,12138.707
00bbac68_4041,12138.71
00bbac68_4042,12138.714
00bbac68_4043,12138.717
00bbac68_4044,12138.72
00bbac68_4045,12138.724
00bbac68_4046,12138.727
00bbac68_4047,12138.7295
00bbac68_4048,12138.732
00bbac68_4049,12138.735
00bbac68_4050,12138.738
00bbac68_4051,12138.741
00bbac68_4052,12138.744
00bbac68_4053,12138.747
00bbac68_4054,12138.75
00bbac68_4055,12138.753
00bbac68_4056,12138.755
00bbac68_4057,12138.758
00bbac68_4058,12138.76
00bbac68_4059,12138.762
00bbac68_4060,12138.764
00bbac68_4061,12138.766
00bbac68_4062,12138.768
00bbac68_4063,12138.77
00bbac68_4064,12138.7705
00bbac68_4065,12138.772
00bbac68_4066,12138.773
00bbac68_4067,12138.774
00bbac68_4068,12138.776
00bbac68_4069,12138.777
00bbac68_4070,12138.778
00bbac68_4071,12138.779
00bbac68_4072,12138.78
00bbac68_4073,12138.781
00bbac68_4074,12138.781
00bbac68_4075,12138.782
00bbac68_4076,12138.783
00bbac68_4077,12138.783
00bbac68_4078,12138.784
00bbac68_4079,12138.784
00bbac68_4080,12138.785
00bbac68_4081,12138.785
00bbac68_4082,12138.785
00bbac68_4083,12138.785
00bbac68_4084,12138.785
00bbac68_4085,12138.785
00bbac68_4086,12138.785
00bbac68_4087,12138.785
00bbac68_4088,12138.785
00bbac68_4089,12138.784
00bbac68_4090,12138.784
00bbac68_4091,12138.783
00bbac68_4092,12138.783
00bbac68_4093,12138.782
00bbac68_4094,12138.781
00bbac68_4095,12138.78
00bbac68_4096,12138.779
00bbac68_4097,12138.779
00bbac68_4098,12138.777
00bbac68_4099,12138.776
00bbac68_4100,12138.775
00bbac68_4101,12138.774
00bbac68_4102,12138.772
00bbac68_4103,12138.771
00bbac68_4104,12138.7705
00bbac68_4105,12138.769
00bbac68_4106,12138.767
00bbac68_4107,12138.766
00bbac68_4108,12138.764
00bbac68_4109,12138.762
00bbac68_4110,12138.76
00bbac68_4111,12138.758
00bbac68_4112,12138.755
00bbac68_4113,12138.753
00bbac68_4114,12138.751
00bbac68_4115,12138.748
00bbac68_4116,12138.746
00bbac68_4117,12138.743
00bbac68_4118,12138.74
00bbac68_4119,12138.737
00bbac68_4120,12138.735
00bbac68_4121,12138.732
00bbac68_4122,12138.7295
00bbac68_4123,12138.727
00bbac68_4124,12138.724
00bbac68_4125,12138.721
00bbac68_4126,12138.718
00bbac68_4127,12138.715
00bbac68_4128,12138.711
00bbac68_4129,12138.708
00bbac68_4130,12138.705
00bbac68_4131,12138.702
00bbac68_4132,12138.698
00bbac68_4133,12138.695
00bbac68_4134,12138.691
00bbac68_4135,12138.688
00bbac68_4136,12138.685
00bbac68_4137,12138.682
00bbac68_4138,12138.678
00bbac68_4139,12138.674
00bbac68_4140,12138.671
00bbac68_4141,12138.667
00bbac68_4142,12138.663
00bbac68_4143,12138.659
00bbac68_4144,12138.655
00bbac68_4145,12138.652
00bbac68_4146,12138.648
00bbac68_4147,12138.645
00bbac68_4148,12138.641
00bbac68_4149,12138.637
00bbac68_4150,12138.634
00bbac68_4151,12138.63
00bbac68_4152,12138.626
00bbac68_4153,12138.622
00bbac68_4154,12138.618
00bbac68_4155,12138.614
00bbac68_4156,12138.61
00bbac68_4157,12138.606
00bbac68_4158,12138.503
00bbac68_4159,12138.499
00bbac68_4160,12138.495
00bbac68_4161,12138.491
00bbac68_4162,12138.487
00bbac68_4163,12138.483
00bbac68_4164,12138.4795
00bbac68_4165,12138.476
00bbac68_4166,12138.472
00bbac68_4167,12138.468
00bbac68_4168,12138.464
00bbac68_4169,12138.46
00bbac68_4170,12138.457
00bbac68_4171,12138.453
00bbac68_4172,12138.449
00bbac68_4173,12138.445
00bbac68_4174,12138.441
00bbac68_4175,12138.438
00bbac68_4176,12138.435
00bbac68_4177,12138.431
00bbac68_4178,12138.428
00bbac68_4179,12138.424
00bbac68_4180,12138.421
00bbac68_4181,12138.418
00bbac68_4182,12138.414
00bbac68_4183,12138.411
00bbac68_4184,12138.408
00bbac68_4185,12138.405
00bbac68_4186,12138.401
00bbac68_4187,12138.398
00bbac68_4188,12138.3955
00bbac68_4189,12138.393
00bbac68_4190,12138.39
00bbac68_4191,12138.387
00bbac68_4192,12138.383
00bbac68_4193,12138.38
00bbac68_4194,12138.377
00bbac68_4195,12138.374
00bbac68_4196,12138.371
00bbac68_4197,12138.368
00bbac68_4198,12138.365
00bbac68_4199,12138.362
00bbac68_4200,12138.36
00bbac68_4201,12138.357
00bbac68_4202,12138.3545
00bbac68_4203,12138.352
00bbac68_4204,12138.35
00bbac68_4205,12138.347
00bbac68_4206,12138.345
00bbac68_4207,12138.342
00bbac68_4208,12138.34
00bbac68_4209,12138.338
00bbac68_4210,12138.335
00bbac68_4211,12138.333
00bbac68_4212,12138.331
00bbac68_4213,12138.329
00bbac68_4214,12138.327
00bbac68_4215,12138.325
00bbac68_4216,12138.323
00bbac68_4217,12138.321
00bbac68_4218,12138.319
00bbac68_4219,12138.317
00bbac68_4220,12138.316
00bbac68_4221,12138.314
00bbac68_4222,12138.3125
00bbac68_4223,12138.312
00bbac68_4224,12138.31
00bbac68_4225,12138.309
00bbac68_4226,12138.307
00bbac68_4227,12138.306
00bbac68_4228,12138.305
00bbac68_4229,12138.303
00bbac68_4230,12138.302
00bbac68_4231,12138.301
00bbac68_4232,12138.3
00bbac68_4233,12138.299
00bbac68_4234,12138.298
00bbac68_4235,12138.297
00bbac68_4236,12138.296
00bbac68_4237,12138.296
00bbac68_4238,12138.295
00bbac68_4239,12138.294
00bbac68_4240,12138.294
00bbac68_4241,12138.293
00bbac68_4242,12138.293
00bbac68_4243,12138.292
00bbac68_4244,12138.292
00bbac68_4245,12138.292
00bbac68_4246,12138.291
00bbac68_4247,12138.291
00bbac68_4248,12138.291
00bbac68_4249,12138.291
00bbac68_4250,12138.291
00bbac68_4251,12138.292
00bbac68_4252,12138.292
00bbac68_4253,12138.293
00bbac68_4254,12138.293
00bbac68_4255,12138.294
00bbac68_4256,12138.295
00bbac68_4257,12138.296
00bbac68_4258,12138.297
00bbac68_4259,12138.298
00bbac68_4260,12138.299
00bbac68_4261,12138.301
00bbac68_4262,12138.302
00bbac68_4263,12138.304
00bbac68_4264,12138.305
00bbac68_4265,12138.307
00bbac68_4266,12138.309
00bbac68_4267,12138.311
00bbac68_4268,12138.313
00bbac68_4269,12138.315
00bbac68_4270,12138.318
00bbac68_4271,12138.32
00bbac68_4272,12138.323
00bbac68_4273,12138.326
00bbac68_4274,12138.329
00bbac68_4275,12138.332
00bbac68_4276,12138.335
00bbac68_4277,12138.339
00bbac68_4278,12138.342
00bbac68_4279,12138.345
00bbac68_4280,12138.348
00bbac68_4281,12138.352
00bbac68_4282,12138.3545
00bbac68_4283,12138.358
00bbac68_4284,12138.361
00bbac68_4285,12138.365
00bbac68_4286,12138.368
00bbac68_4287,12138.372
00bbac68_4288,12138.375
00bbac68_4289,12138.378
00bbac68_4290,12138.382
00bbac68_4291,12138.385
00bbac68_4292,12138.389
00bbac68_4293,12138.392
00bbac68_4294,12138.395
00bbac68_4295,12138.398
00bbac68_4296,12138.401
00bbac68_4297,12138.405
00bbac68_4298,12138.408
00bbac68_4299,12138.412
00bbac68_4300,12138.415
00bbac68_4301,12138.419
00bbac68_4302,12138.422
00bbac68_4303,12138.425
00bbac68_4304,12138.428
00bbac68_4305,12138.431
00bbac68_4306,12138.434
00bbac68_4307,12138.437
00bbac68_4308,12138.438
00bbac68_4309,12138.441
00bbac68_4310,12138.444
00bbac68_4311,12138.446
00bbac68_4312,12138.449
00bbac68_4313,12138.451
00bbac68_4314,12138.453
00bbac68_4315,12138.456
00bbac68_4316,12138.458
00bbac68_4317,12138.46
00bbac68_4318,12138.462
00bbac68_4319,12138.464
00bbac68_4320,12138.465
00bbac68_4321,12138.467
00bbac68_4322,12138.469
00bbac68_4323,12138.47
00bbac68_4324,12138.472
00bbac68_4325,12138.473
00bbac68_4326,12138.474
00bbac68_4327,12138.475
00bbac68_4328,12138.476
00bbac68_4329,12138.477
00bbac68_4330,12138.477
00bbac68_4331,12138.477
00bbac68_4332,12138.478
00bbac68_4333,12138.478
00bbac68_4334,12138.478
00bbac68_4335,12138.477
00bbac68_4336,12138.477
00bbac68_4337,12138.476
00bbac68_4338,12138.476
00bbac68_4339,12138.475
00bbac68_4340,12138.474
00bbac68_4341,12138.473
00bbac68_4342,12138.471
00bbac68_4343,12138.47
00bbac68_4344,12138.468
00bbac68_4345,12138.466
00bbac68_4346,12138.464
00bbac68_4347,12138.462
00bbac68_4348,12138.46
00bbac68_4349,12138.458
00bbac68_4350,12138.455
00bbac68_4351,12138.453
00bbac68_4352,12138.45
00bbac68_4353,12138.447
00bbac68_4354,12138.444
00bbac68_4355,12138.441
00bbac68_4356,12138.438
00bbac68_4357,12138.436
00bbac68_4358,12138.432
00bbac68_4359,12138.429
00bbac68_4360,12138.425
00bbac68_4361,12138.421
00bbac68_4362,12138.417
00bbac68_4363,12138.413
00bbac68_4364,12138.409
00bbac68_4365,12138.404
00bbac68_4366,12138.4
00bbac68_4367,12138.3955
00bbac68_4368,12138.392
00bbac68_4369,12138.387
00bbac68_4370,12138.382
00bbac68_4371,12138.377
00bbac68_4372,12138.372
00bbac68_4373,12138.367
00bbac68_4374,12138.361
00bbac68_4375,12138.356
00bbac68_4376,12138.351
00bbac68_4377,12138.346
00bbac68_4378,12138.34
00bbac68_4379,12138.334
00bbac68_4380,12138.328
00bbac68_4381,12138.322
00bbac68_4382,12138.316
00bbac68_4383,12138.31
00bbac68_4384,12138.304
00bbac68_4385,12138.297
00bbac68_4386,12138.291
00bbac68_4387,12138.284
00bbac68_4388,12138.277
00bbac68_4389,12138.2705
00bbac68_4390,12138.265
00bbac68_4391,12138.258
00bbac68_4392,12138.25
00bbac68_4393,12138.243
00bbac68_4394,12138.236
00bbac68_4395,12138.2295
00bbac68_4396,12138.222
00bbac68_4397,12138.215
00bbac68_4398,12138.207
00bbac68_4399,12138.2
00bbac68_4400,12138.192
00bbac68_4401,12138.185
00bbac68_4402,12138.178
00bbac68_4403,12138.17
00bbac68_4404,12138.162
00bbac68_4405,12138.154
00bbac68_4406,12138.146
00bbac68_4407,12138.139
00bbac68_4408,12138.13
00bbac68_4409,12138.122
00bbac68_4410,12138.114
00bbac68_4411,12138.106
00bbac68_4412,12138.099
00bbac68_4413,12138.09
00bbac68_4414,12138.082
00bbac68_4415,12138.074
00bbac68_4416,12138.066
00bbac68_4417,12138.058
00bbac68_4418,12138.05
00bbac68_4419,12138.042
00bbac68_4420,12138.033
00bbac68_4421,12138.025
00bbac68_4422,12138.017
00bbac68_4423,12138.009
00bbac68_4424,12138.001
00bbac68_4425,12137.992
00bbac68_4426,12137.983
00bbac68_4427,12137.976
00bbac68_4428,12137.967
00bbac68_4429,12137.959
00bbac68_4430,12137.95
00bbac68_4431,12137.941
00bbac68_4432,12137.934
00bbac68_4433,12137.925
00bbac68_4434,12137.916
00bbac68_4435,12138.0205
00bbac68_4436,12138.012
00bbac68_4437,12138.003
00bbac68_4438,12137.994
00bbac68_4439,12137.986
00bbac68_4440,12137.978
00bbac68_4441,12137.969
00bbac68_4442,12137.96
00bbac68_4443,12137.952
00bbac68_4444,12137.943
00bbac68_4445,12137.935
00bbac68_4446,12137.926
00bbac68_4447,12137.918
00bbac68_4448,12137.909
00bbac68_4449,12137.9
00bbac68_4450,12137.893
00bbac68_4451,12137.884
00bbac68_4452,12137.875
00bbac68_4453,12137.867
00bbac68_4454,12137.859
00bbac68_4455,12137.851
00bbac68_4456,12137.843
00bbac68_4457,12137.835
00bbac68_4458,12137.827
00bbac68_4459,12137.819
00bbac68_4460,12137.812
00bbac68_4461,12137.804
00bbac68_4462,12137.796
00bbac68_4463,12137.424
00bbac68_4464,12137.022
00bbac68_4465,12137.015
00bbac68_4466,12137.008
00bbac68_4467,12137.0
00bbac68_4468,12136.993
00bbac68_4469,12136.985
00bbac68_4470,12136.979
00bbac68_4471,12136.972
00bbac68_4472,12136.964
00bbac68_4473,12136.957
00bbac68_4474,12136.949
00bbac68_4475,12136.942
00bbac68_4476,12136.935
00bbac68_4477,12136.928
00bbac68_4478,12136.921
00bbac68_4479,12136.913
00bbac68_4480,12136.906
00bbac68_4481,12136.899
00bbac68_4482,12137.286
00bbac68_4483,12137.279
00bbac68_4484,12137.637
00bbac68_4485,12137.63
00bbac68_4486,12137.623
00bbac68_4487,12137.616
00bbac68_4488,12137.609
00bbac68_4489,12137.603
00bbac68_4490,12137.596
00bbac68_4491,12137.589
00bbac68_4492,12137.583
00bbac68_4493,12137.576
00bbac68_4494,12137.57
00bbac68_4495,12137.563
00bbac68_4496,12137.558
00bbac68_4497,12137.552
00bbac68_4498,12137.546
00bbac68_4499,12137.54
00bbac68_4500,12137.535
00bbac68_4501,12137.529
00bbac68_4502,12137.523
00bbac68_4503,12137.519
00bbac68_4504,12137.513
00bbac68_4505,12137.508
00bbac68_4506,12137.503
00bbac68_4507,12137.498
00bbac68_4508,12137.493
00bbac68_4509,12137.489
00bbac68_4510,12137.484
00bbac68_4511,12137.48
00bbac68_4512,12137.476
00bbac68_4513,12137.472
00bbac68_4514,12137.468
00bbac68_4515,12137.464
00bbac68_4516,12137.46
00bbac68_4517,12137.456
00bbac68_4518,12137.453
00bbac68_4519,12137.449
00bbac68_4520,12137.445
00bbac68_4521,12137.442
00bbac68_4522,12137.439
00bbac68_4523,12137.437
00bbac68_4524,12137.433
00bbac68_4525,12137.43
00bbac68_4526,12137.427
00bbac68_4527,12137.425
00bbac68_4528,12137.422
00bbac68_4529,12137.419
00bbac68_4530,12137.416
00bbac68_4531,12137.414
00bbac68_4532,12137.412
00bbac68_4533,12137.297
00bbac68_4534,12137.295
00bbac68_4535,12137.293
00bbac68_4536,12137.291
00bbac68_4537,12137.289
00bbac68_4538,12137.288
00bbac68_4539,12137.286
00bbac68_4540,12137.285
00bbac68_4541,12137.283
00bbac68_4542,12137.282
00bbac68_4543,12137.281
00bbac68_4544,12137.28
00bbac68_4545,12137.279
00bbac68_4546,12137.279
00bbac68_4547,12137.278
00bbac68_4548,12137.277
00bbac68_4549,12137.277
00bbac68_4550,12137.277
00bbac68_4551,12137.276
00bbac68_4552,12137.276
00bbac68_4553,12137.276
00bbac68_4554,12137.275
00bbac68_4555,12137.275
00bbac68_4556,12137.275
00bbac68_4557,12137.274
00bbac68_4558,12137.274
00bbac68_4559,12137.274
00bbac68_4560,12137.274
00bbac68_4561,12137.273
00bbac68_4562,12137.273
00bbac68_4563,12137.272
00bbac68_4564,12137.272
00bbac68_4565,12137.271
00bbac68_4566,12137.271
00bbac68_4567,12137.2705
00bbac68_4568,12137.27
00bbac68_4569,12137.269
00bbac68_4570,12137.267
00bbac68_4571,12137.266
00bbac68_4572,12137.264
00bbac68_4573,12137.262
00bbac68_4574,12137.261
00bbac68_4575,12137.259
00bbac68_4576,12137.256
00bbac68_4577,12137.254
00bbac68_4578,12137.252
00bbac68_4579,12137.249
00bbac68_4580,12137.247
00bbac68_4581,12137.244
00bbac68_4582,12137.241
00bbac68_4583,12137.238
00bbac68_4584,12137.235
00bbac68_4585,12137.232
00bbac68_4586,12137.2295
00bbac68_4587,12137.227
00bbac68_4588,12137.223
00bbac68_4589,12137.22
00bbac68_4590,12137.216
00bbac68_4591,12137.213
00bbac68_4592,12137.209
00bbac68_4593,12137.205
00bbac68_4594,12137.2
00bbac68_4595,12137.196
00bbac68_4596,12137.192
00bbac68_4597,12137.1875
00bbac68_4598,12137.183
00bbac68_4599,12137.178
00bbac68_4600,12137.172
00bbac68_4601,12137.167
00bbac68_4602,12137.161
00bbac68_4603,12137.155
00bbac68_4604,12137.149
00bbac68_4605,12137.144
00bbac68_4606,12137.137
00bbac68_4607,12137.131
00bbac68_4608,12137.124
00bbac68_4609,12137.117
00bbac68_4610,12137.109
00bbac68_4611,12137.103
00bbac68_4612,12137.095
00bbac68_4613,12137.088
00bbac68_4614,12137.079
00bbac68_4615,12137.071
00bbac68_4616,12137.063
00bbac68_4617,12137.055
00bbac68_4618,12137.046
00bbac68_4619,12137.036
00bbac68_4620,12137.027
00bbac68_4621,12137.018
00bbac68_4622,12137.008
00bbac68_4623,12136.997
00bbac68_4624,12136.986
00bbac68_4625,12136.976
00bbac68_4626,12136.965
00bbac68_4627,12136.953
00bbac68_4628,12136.942
00bbac68_4629,12136.93
00bbac68_4630,12136.918
00bbac68_4631,12136.905
00bbac68_4632,12136.893
00bbac68_4633,12136.88
00bbac68_4634,12136.867
00bbac68_4635,12136.854
00bbac68_4636,12136.84
00bbac68_4637,12136.826
00bbac68_4638,12136.8125
00bbac68_4639,12136.798
00bbac68_4640,12136.783
00bbac68_4641,12136.769
00bbac68_4642,12136.754
00bbac68_4643,12136.738
00bbac68_4644,12136.724
00bbac68_4645,12136.708
00bbac68_4646,12136.691
00bbac68_4647,12136.676
00bbac68_4648,12136.66
00bbac68_4649,12136.644
00bbac68_4650,12136.627
00bbac68_4651,12136.61
00bbac68_4652,12136.594
00bbac68_4653,12136.576
00bbac68_4654,12136.56
00bbac68_4655,12136.542
00bbac68_4656,12136.524
00bbac68_4657,12136.507
00bbac68_4658,12136.489
00bbac68_4659,12136.471
00bbac68_4660,12136.453
00bbac68_4661,12136.435
00bbac68_4662,12136.416
00bbac68_4663,12136.397
00bbac68_4664,12136.379
00bbac68_4665,12136.36
00bbac68_4666,12136.341
00bbac68_4667,12136.322
00bbac68_4668,12136.303
00bbac68_4669,12136.283
00bbac68_4670,12136.264
00bbac68_4671,12136.244
00bbac68_4672,12136.225
00bbac68_4673,12136.205
00bbac68_4674,12136.185
00bbac68_4675,12136.165
00bbac68_4676,12136.145
00bbac68_4677,12136.125
00bbac68_4678,12136.1045
00bbac68_4679,12136.084
00bbac68_4680,12136.063
00bbac68_4681,12136.043
00bbac68_4682,12136.022
00bbac68_4683,12136.002
00bbac68_4684,12135.981
00bbac68_4685,12135.961
00bbac68_4686,12135.939
00bbac68_4687,12135.919
00bbac68_4688,12135.898
00bbac68_4689,12135.877
00bbac68_4690,12135.856
00bbac68_4691,12135.835
00bbac68_4692,12135.814
00bbac68_4693,12135.793
00bbac68_4694,12135.772
00bbac68_4695,12135.751
00bbac68_4696,12135.7295
00bbac68_4697,12135.709
00bbac68_4698,12135.6875
00bbac68_4699,12135.667
00bbac68_4700,12135.6455
00bbac68_4701,12135.624
00bbac68_4702,12135.604
00bbac68_4703,12135.582
00bbac68_4704,12135.561
00bbac68_4705,12135.54
00bbac68_4706,12135.519
00bbac68_4707,12135.497
00bbac68_4708,12135.477
00bbac68_4709,12135.455
00bbac68_4710,12135.434
00bbac68_4711,12135.413
00bbac68_4712,12135.392
00bbac68_4713,12135.37
00bbac68_4714,12135.35
00bbac68_4715,12135.328
00bbac68_4716,12135.307
00bbac68_4717,12135.286
00bbac68_4718,12135.266
00bbac68_4719,12135.244
00bbac68_4720,12135.224
00bbac68_4721,12135.203
00bbac68_4722,12135.182
00bbac68_4723,12135.161
00bbac68_4724,12135.141
00bbac68_4725,12135.121
00bbac68_4726,12135.101
00bbac68_4727,12135.08
00bbac68_4728,12135.06
00bbac68_4729,12135.04
00bbac68_4730,12135.0205
00bbac68_4731,12135.0
00bbac68_4732,12134.98
00bbac68_4733,12134.961
00bbac68_4734,12134.941
00bbac68_4735,12134.923
00bbac68_4736,12134.903
00bbac68_4737,12134.884
00bbac68_4738,12134.865
00bbac68_4739,12134.847
00bbac68_4740,12134.828
00bbac68_4741,12134.81
00bbac68_4742,12134.791
00bbac68_4743,12134.773
00bbac68_4744,12134.755
00bbac68_4745,12134.737
00bbac68_4746,12134.72
00bbac68_4747,12134.702
00bbac68_4748,12134.685
00bbac68_4749,12134.667
00bbac68_4750,12134.65
00bbac68_4751,12134.634
00bbac68_4752,12134.617
00bbac68_4753,12134.601
00bbac68_4754,12134.584
00bbac68_4755,12134.567
00bbac68_4756,12134.552
00bbac68_4757,12134.536
00bbac68_4758,12134.5205
00bbac68_4759,12134.505
00bbac68_4760,12134.489
00bbac68_4761,12134.475
00bbac68_4762,12134.459
00bbac68_4763,12134.444
00bbac68_4764,12134.43
00bbac68_4765,12134.415
00bbac68_4766,12134.4
00bbac68_4767,12134.387
00bbac68_4768,12134.372
00bbac68_4769,12134.358
00bbac68_4770,12134.345
00bbac68_4771,12134.331
00bbac68_4772,12134.318
00bbac68_4773,12134.306
00bbac68_4774,12134.293
00bbac68_4775,12134.28
00bbac68_4776,12134.268
00bbac68_4777,12134.256
00bbac68_4778,12134.244
00bbac68_4779,12134.233
00bbac68_4780,12134.222
00bbac68_4781,12134.211
00bbac68_4782,12134.2
00bbac68_4783,12134.19
00bbac68_4784,12134.18
00bbac68_4785,12134.17
00bbac68_4786,12134.16
00bbac68_4787,12134.151
00bbac68_4788,12134.143
00bbac68_4789,12134.134
00bbac68_4790,12134.125
00bbac68_4791,12134.116
00bbac68_4792,12134.108
00bbac68_4793,12134.101
00bbac68_4794,12134.094
00bbac68_4795,12134.086
00bbac68_4796,12134.079
00bbac68_4797,12134.072
00bbac68_4798,12134.065
00bbac68_4799,12134.06
00bbac68_4800,12134.054
00bbac68_4801,12134.048
00bbac68_4802,12134.043
00bbac68_4803,12134.038
00bbac68_4804,12134.033
00bbac68_4805,12134.028
00bbac68_4806,12134.024
00bbac68_4807,12134.02
00bbac68_4808,12134.016
00bbac68_4809,12134.012
00bbac68_4810,12134.009
00bbac68_4811,12134.006
00bbac68_4812,12134.002
00bbac68_4813,12134.0
00bbac68_4814,12133.997
00bbac68_4815,12133.994
00bbac68_4816,12133.992
00bbac68_4817,12133.99
00bbac68_4818,12133.989
00bbac68_4819,12133.987
00bbac68_4820,12133.986
00bbac68_4821,12133.985
00bbac68_4822,12133.984
00bbac68_4823,12133.983
00bbac68_4824,12133.982
00bbac68_4825,12133.982
00bbac68_4826,12133.982
00bbac68_4827,12133.982
00bbac68_4828,12133.982
00bbac68_4829,12133.983
00bbac68_4830,12133.983
00bbac68_4831,12133.984
00bbac68_4832,12133.985
00bbac68_4833,12133.986
00bbac68_4834,12133.988
00bbac68_4835,12133.989
00bbac68_4836,12133.991
00bbac68_4837,12133.993
00bbac68_4838,12133.995
00bbac68_4839,12133.997
00bbac68_4840,12133.999
00bbac68_4841,12134.001
00bbac68_4842,12134.004
00bbac68_4843,12134.006
00bbac68_4844,12134.008
00bbac68_4845,12134.011
00bbac68_4846,12134.014
00bbac68_4847,12134.016
00bbac68_4848,12134.019
00bbac68_4849,12134.021
00bbac68_4850,12134.023
00bbac68_4851,12134.026
00bbac68_4852,12134.029
00bbac68_4853,12134.031
00bbac68_4854,12134.034
00bbac68_4855,12134.037
00bbac68_4856,12134.039
00bbac68_4857,12134.042
00bbac68_4858,12134.045
00bbac68_4859,12134.048
00bbac68_4860,12134.05
00bbac68_4861,12134.053
00bbac68_4862,12134.056
00bbac68_4863,12134.059
00bbac68_4864,12134.062
00bbac68_4865,12134.063
00bbac68_4866,12134.066
00bbac68_4867,12134.069
00bbac68_4868,12134.072
00bbac68_4869,12134.075
00bbac68_4870,12134.078
00bbac68_4871,12134.081
00bbac68_4872,12134.084
00bbac68_4873,12134.087
00bbac68_4874,12134.09
00bbac68_4875,12134.093
00bbac68_4876,12134.096
00bbac68_4877,12134.099
00bbac68_4878,12134.102
00bbac68_4879,12134.1045
00bbac68_4880,12134.107
00bbac68_4881,12134.11
00bbac68_4882,12134.113
00bbac68_4883,12134.116
00bbac68_4884,12134.118
00bbac68_4885,12134.121
00bbac68_4886,12134.124
00bbac68_4887,12134.127
00bbac68_4888,12134.129
00bbac68_4889,12134.132
00bbac68_4890,12134.134
00bbac68_4891,12134.137
00bbac68_4892,12134.139
00bbac68_4893,12134.141
00bbac68_4894,12134.144
00bbac68_4895,12134.1455
00bbac68_4896,12134.147
00bbac68_4897,12134.149
00bbac68_4898,12134.15
00bbac68_4899,12134.152
00bbac68_4900,12134.153
00bbac68_4901,12134.155
00bbac68_4902,12134.156
00bbac68_4903,12134.157
00bbac68_4904,12134.158
00bbac68_4905,12134.159
00bbac68_4906,12134.16
00bbac68_4907,12134.16
00bbac68_4908,12134.161
00bbac68_4909,12134.162
00bbac68_4910,12134.162
00bbac68_4911,12134.163
00bbac68_4912,12134.163
00bbac68_4913,12134.163
00bbac68_4914,12134.163
00bbac68_4915,12134.163
00bbac68_4916,12134.163
00bbac68_4917,12134.163
00bbac68_4918,12134.163
00bbac68_4919,12134.163
00bbac68_4920,12134.163
00bbac68_4921,12134.162
00bbac68_4922,12134.162
00bbac68_4923,12134.161
00bbac68_4924,12134.161
00bbac68_4925,12134.16
00bbac68_4926,12134.159
00bbac68_4927,12134.159
00bbac68_4928,12134.158
00bbac68_4929,12134.157
00bbac68_4930,12134.156
00bbac68_4931,12134.155
00bbac68_4932,12134.153
00bbac68_4933,12134.152
00bbac68_4934,12134.151
00bbac68_4935,12134.15
00bbac68_4936,12134.149
00bbac68_4937,12134.148
00bbac68_4938,12134.146
00bbac68_4939,12134.1455
00bbac68_4940,12134.145
00bbac68_4941,12134.143
00bbac68_4942,12134.142
00bbac68_4943,12134.141
00bbac68_4944,12134.139
00bbac68_4945,12134.138
00bbac68_4946,12134.136
00bbac68_4947,12134.135
00bbac68_4948,12134.133
00bbac68_4949,12134.132
00bbac68_4950,12134.13
00bbac68_4951,12134.128
00bbac68_4952,12134.127
00bbac68_4953,12134.125
00bbac68_4954,12134.123
00bbac68_4955,12134.121
00bbac68_4956,12134.12
00bbac68_4957,12134.118
00bbac68_4958,12134.117
00bbac68_4959,12134.115
00bbac68_4960,12134.114
00bbac68_4961,12134.112
00bbac68_4962,12134.111
00bbac68_4963,12134.11
00bbac68_4964,12134.108
00bbac68_4965,12134.107
00bbac68_4966,12134.106
00bbac68_4967,12134.1045
00bbac68_4968,12134.104
00bbac68_4969,12134.103
00bbac68_4970,12134.102
00bbac68_4971,12134.101
00bbac68_4972,12134.1
00bbac68_4973,12134.099
00bbac68_4974,12134.097
00bbac68_4975,12134.096
00bbac68_4976,12134.095
00bbac68_4977,12134.094
00bbac68_4978,12134.093
00bbac68_4979,12134.092
00bbac68_4980,12134.091
00bbac68_4981,12134.09
00bbac68_4982,12134.089
00bbac68_4983,12134.088
00bbac68_4984,12134.087
00bbac68_4985,12134.085
00bbac68_4986,12134.084
00bbac68_4987,12134.083
00bbac68_4988,12134.082
00bbac68_4989,12134.081
00bbac68_4990,12134.08
00bbac68_4991,12134.079
00bbac68_4992,12134.078
00bbac68_4993,12134.077
00bbac68_4994,12134.076
00bbac68_4995,12134.074
00bbac68_4996,12134.073
00bbac68_4997,12134.072
00bbac68_4998,12134.071
00bbac68_4999,12134.07
00bbac68_5000,12134.069
00bbac68_5001,12134.067
00bbac68_5002,12134.066
00bbac68_5003,12134.065
00bbac68_5004,12134.063
00bbac68_5005,12134.0625
00bbac68_5006,12134.062
00bbac68_5007,12134.06
00bbac68_5008,12134.059
00bbac68_5009,12134.057
00bbac68_5010,12134.056
00bbac68_5011,12134.054
00bbac68_5012,12134.053
00bbac68_5013,12134.051
00bbac68_5014,12134.05
00bbac68_5015,12134.048
00bbac68_5016,12134.047
00bbac68_5017,12134.045
00bbac68_5018,12134.043
00bbac68_5019,12134.042
00bbac68_5020,12134.04
00bbac68_5021,12134.038
00bbac68_5022,12134.036
00bbac68_5023,12134.034
00bbac68_5024,12134.032
00bbac68_5025,12134.03
00bbac68_5026,12134.028
00bbac68_5027,12134.025
00bbac68_5028,12134.023
00bbac68_5029,12134.0205
00bbac68_5030,12134.019
00bbac68_5031,12134.016
00bbac68_5032,12134.013
00bbac68_5033,12134.01
00bbac68_5034,12134.008
00bbac68_5035,12134.004
00bbac68_5036,12134.001
00bbac68_5037,12133.998
00bbac68_5038,12133.994
00bbac68_5039,12133.991
00bbac68_5040,12133.987
00bbac68_5041,12133.983
00bbac68_5042,12133.9795
00bbac68_5043,12133.976
00bbac68_5044,12133.972
00bbac68_5045,12133.968
00bbac68_5046,12133.964
00bbac68_5047,12133.96
00bbac68_5048,12133.955
00bbac68_5049,12133.951
00bbac68_5050,12133.946
00bbac68_5051,12133.942
00bbac68_5052,12133.9375
00bbac68_5053,12133.933
00bbac68_5054,12133.928
00bbac68_5055,12133.923
00bbac68_5056,12133.918
00bbac68_5057,12133.913
00bbac68_5058,12133.907
00bbac68_5059,12133.902
00bbac68_5060,12133.896
00bbac68_5061,12133.892
00bbac68_5062,12133.886
00bbac68_5063,12133.88
00bbac68_5064,12133.874
00bbac68_5065,12133.868
00bbac68_5066,12133.862
00bbac68_5067,12133.856
00bbac68_5068,12133.851
00bbac68_5069,12133.845
00bbac68_5070,12133.838
00bbac68_5071,12133.832
00bbac68_5072,12133.825
00bbac68_5073,12133.819
00bbac68_5074,12133.8125
00bbac68_5075,12133.806
00bbac68_5076,12133.8
00bbac68_5077,12133.793
00bbac68_5078,12133.786
00bbac68_5079,12133.779
00bbac68_5080,12133.772
00bbac68_5081,12133.766
00bbac68_5082,12133.759
00bbac68_5083,12133.752
00bbac68_5084,12133.745
00bbac68_5085,12133.738
00bbac68_5086,12133.73
00bbac68_5087,12133.723
00bbac68_5088,12133.716
00bbac68_5089,12133.708
00bbac68_5090,12133.7
00bbac68_5091,12133.692
00bbac68_5092,12133.685
00bbac68_5093,12133.677
00bbac68_5094,12133.669
00bbac68_5095,12133.661
00bbac68_5096,12133.653
00bbac68_5097,12133.6455
00bbac68_5098,12133.638
00bbac68_5099,12133.63
00bbac68_5100,12133.622
00bbac68_5101,12133.614
00bbac68_5102,12133.606
00bbac68_5103,12133.599
00bbac68_5104,12133.591
00bbac68_5105,12133.582
00bbac68_5106,12133.574
00bbac68_5107,12133.566
00bbac68_5108,12133.558
00bbac68_5109,12133.55
00bbac68_5110,12133.541
00bbac68_5111,12133.533
00bbac68_5112,12133.524
00bbac68_5113,12133.517
00bbac68_5114,12133.508
00bbac68_5115,12133.499
00bbac68_5116,12133.491
00bbac68_5117,12133.482
00bbac68_5118,12133.474
00bbac68_5119,12133.465
00bbac68_5120,12133.456
00bbac68_5121,12133.447
00bbac68_5122,12133.439
00bbac68_5123,12133.431
00bbac68_5124,12133.422
00bbac68_5125,12133.413
00bbac68_5126,12133.403
00bbac68_5127,12133.395
00bbac68_5128,12133.386
00bbac68_5129,12133.377
00bbac68_5130,12133.368
00bbac68_5131,12133.359
00bbac68_5132,12133.35
00bbac68_5133,12133.341
00bbac68_5134,12133.332
00bbac68_5135,12133.322
00bbac68_5136,12133.313
00bbac68_5137,12133.304
00bbac68_5138,12133.295
00bbac68_5139,12133.285
00bbac68_5140,12133.275
00bbac68_5141,12133.266
00bbac68_5142,12133.257
00bbac68_5143,12133.247
00bbac68_5144,12133.237
00bbac68_5145,12133.228
00bbac68_5146,12133.218
00bbac68_5147,12133.209
00bbac68_5148,12133.199
00bbac68_5149,12133.19
00bbac68_5150,12133.181
00bbac68_5151,12133.172
00bbac68_5152,12133.163
00bbac68_5153,12133.154
00bbac68_5154,12133.1455
00bbac68_5155,12133.136
00bbac68_5156,12133.127
00bbac68_5157,12133.119
00bbac68_5158,12133.11
00bbac68_5159,12133.102
00bbac68_5160,12133.093
00bbac68_5161,12133.084
00bbac68_5162,12133.076
00bbac68_5163,12133.067
00bbac68_5164,12133.059
00bbac68_5165,12133.051
00bbac68_5166,12133.042
00bbac68_5167,12133.034
00bbac68_5168,12133.025
00bbac68_5169,12133.018
00bbac68_5170,12133.01
00bbac68_5171,12133.001
00bbac68_5172,12132.993
00bbac68_5173,12132.985
00bbac68_5174,12132.978
00bbac68_5175,12132.97
00bbac68_5176,12132.962
00bbac68_5177,12132.954
00bbac68_5178,12132.946
00bbac68_5179,12132.939
00bbac68_5180,12132.932
00bbac68_5181,12132.925
00bbac68_5182,12132.917
00bbac68_5183,12132.91
00bbac68_5184,12132.903
00bbac68_5185,12132.8955
00bbac68_5186,12132.889
00bbac68_5187,12132.882
00bbac68_5188,12132.875
00bbac68_5189,12132.868
00bbac68_5190,12132.862
00bbac68_5191,12132.855
00bbac68_5192,12132.849
00bbac68_5193,12132.842
00bbac68_5194,12132.836
00bbac68_5195,12132.829
00bbac68_5196,12132.823
00bbac68_5197,12132.816
00bbac68_5198,12132.811
00bbac68_5199,12132.805
00bbac68_5200,12132.799
00bbac68_5201,12132.793
00bbac68_5202,12132.787
00bbac68_5203,12132.782
00bbac68_5204,12132.776
00bbac68_5205,12132.771
00bbac68_5206,12132.766
00bbac68_5207,12132.761
00bbac68_5208,12132.756
00bbac68_5209,12132.75
00bbac68_5210,12132.745
00bbac68_5211,12132.74
00bbac68_5212,12132.734
00bbac68_5213,12132.7295
00bbac68_5214,12132.725
00bbac68_5215,12132.72
00bbac68_5216,12132.715
00bbac68_5217,12132.709
00bbac68_5218,12132.704
00bbac68_5219,12132.699
00bbac68_5220,12132.694
00bbac68_5221,12132.689
00bbac68_5222,12132.685
00bbac68_5223,12132.68
00bbac68_5224,12132.676
00bbac68_5225,12132.671
00bbac68_5226,12132.666
00bbac68_5227,12132.662
00bbac68_5228,12132.657
00bbac68_5229,12132.653
00bbac68_5230,12132.648
00bbac68_5231,12132.645
00bbac68_5232,12132.64
00bbac68_5233,12132.636
00bbac68_5234,12132.632
00bbac68_5235,12132.628
00bbac68_5236,12132.623
00bbac68_5237,12132.619
00bbac68_5238,12132.615
00bbac68_5239,12132.611
00bbac68_5240,12132.608
00bbac68_5241,12132.6045
00bbac68_5242,12132.601
00bbac68_5243,12132.597
00bbac68_5244,12132.594
00bbac68_5245,12132.59
00bbac68_5246,12132.587
00bbac68_5247,12132.583
00bbac68_5248,12132.58
00bbac68_5249,12132.577
00bbac68_5250,12132.574
00bbac68_5251,12132.57
00bbac68_5252,12132.567
00bbac68_5253,12132.564
00bbac68_5254,12132.562
00bbac68_5255,12132.558
00bbac68_5256,12132.555
00bbac68_5257,12132.552
00bbac68_5258,12132.549
00bbac68_5259,12132.545
00bbac68_5260,12132.542
00bbac68_5261,12132.538
00bbac68_5262,12132.535
00bbac68_5263,12132.531
00bbac68_5264,12132.527
00bbac68_5265,12132.523
00bbac68_5266,12132.52
00bbac68_5267,12132.516
00bbac68_5268,12132.511
00bbac68_5269,12132.507
00bbac68_5270,12132.503
00bbac68_5271,12132.498
00bbac68_5272,12132.493
00bbac68_5273,12132.488
00bbac68_5274,12132.483
00bbac68_5275,12132.479
00bbac68_5276,12132.474
00bbac68_5277,12132.469
00bbac68_5278,12132.463
00bbac68_5279,12132.458
00bbac68_5280,12132.452
00bbac68_5281,12132.446
00bbac68_5282,12132.44
00bbac68_5283,12132.435
00bbac68_5284,12132.429
00bbac68_5285,12132.423
00bbac68_5286,12132.417
00bbac68_5287,12132.41
00bbac68_5288,12132.404
00bbac68_5289,12132.397
00bbac68_5290,12132.391
00bbac68_5291,12132.384
00bbac68_5292,12132.377
00bbac68_5293,12132.37
00bbac68_5294,12132.363
00bbac68_5295,12132.355
00bbac68_5296,12132.349
00bbac68_5297,12132.341
00bbac68_5298,12132.333
00bbac68_5299,12132.325
00bbac68_5300,12132.317
00bbac68_5301,12132.31
00bbac68_5302,12132.301
00bbac68_5303,12132.293
00bbac68_5304,12132.284
00bbac68_5305,12132.275
00bbac68_5306,12132.267
00bbac68_5307,12132.258
00bbac68_5308,12132.248
00bbac68_5309,12132.239
00bbac68_5310,12132.2295
00bbac68_5311,12132.22
00bbac68_5312,12132.21
00bbac68_5313,12132.2
00bbac68_5314,12132.19
00bbac68_5315,12132.18
00bbac68_5316,12132.17
00bbac68_5317,12132.159
00bbac68_5318,12132.148
00bbac68_5319,12132.138
00bbac68_5320,12132.127
00bbac68_5321,12132.116
00bbac68_5322,12132.105
00bbac68_5323,12132.094
00bbac68_5324,12132.082
00bbac68_5325,12132.071
00bbac68_5326,12132.06
00bbac68_5327,12132.047
00bbac68_5328,12132.035
00bbac68_5329,12132.023
00bbac68_5330,12132.012
00bbac68_5331,12131.999
00bbac68_5332,12131.986
00bbac68_5333,12131.974
00bbac68_5334,12131.961
00bbac68_5335,12131.948
00bbac68_5336,12131.936
00bbac68_5337,12131.923
00bbac68_5338,12131.91
00bbac68_5339,12131.897
00bbac68_5340,12131.884
00bbac68_5341,12131.871
00bbac68_5342,12131.858
00bbac68_5343,12131.845
00bbac68_5344,12131.832
00bbac68_5345,12131.818
00bbac68_5346,12131.806
00bbac68_5347,12131.792
00bbac68_5348,12131.779
00bbac68_5349,12131.766
00bbac68_5350,12131.752
00bbac68_5351,12131.739
00bbac68_5352,12131.726
00bbac68_5353,12131.712
00bbac68_5354,12131.699
00bbac68_5355,12131.686
00bbac68_5356,12131.672
00bbac68_5357,12131.658
00bbac68_5358,12131.6455
00bbac68_5359,12131.632
00bbac68_5360,12131.618
00bbac68_5361,12131.6045
00bbac68_5362,12131.591
00bbac68_5363,12131.578
00bbac68_5364,12131.564
00bbac68_5365,12131.551
00bbac68_5366,12131.537
00bbac68_5367,12131.523
00bbac68_5368,12131.51
00bbac68_5369,12131.497
00bbac68_5370,12131.483
00bbac68_5371,12131.47
00bbac68_5372,12131.456
00bbac68_5373,12131.442
00bbac68_5374,12131.429
00bbac68_5375,12131.416
00bbac68_5376,12131.402
00bbac68_5377,12131.389
00bbac68_5378,12131.376
00bbac68_5379,12131.362
00bbac68_5380,12131.349
00bbac68_5381,12131.336
00bbac68_5382,12131.322
00bbac68_5383,12131.31
00bbac68_5384,12131.296
00bbac68_5385,12131.283
00bbac68_5386,12131.2705
00bbac68_5387,12131.258
00bbac68_5388,12131.245
00bbac68_5389,12131.232
00bbac68_5390,12131.22
00bbac68_5391,12131.208
00bbac68_5392,12131.195
00bbac68_5393,12131.184
00bbac68_5394,12131.172
00bbac68_5395,12131.16
00bbac68_5396,12131.148
00bbac68_5397,12131.137
00bbac68_5398,12131.125
00bbac68_5399,12131.114
00bbac68_5400,12131.103
00bbac68_5401,12131.092
00bbac68_5402,12131.08
00bbac68_5403,12131.069
00bbac68_5404,12131.059
00bbac68_5405,12131.048
00bbac68_5406,12131.037
00bbac68_5407,12131.026
00bbac68_5408,12131.017
00bbac68_5409,12131.006
00bbac68_5410,12130.995
00bbac68_5411,12130.985
00bbac68_5412,12130.976
00bbac68_5413,12130.966
00bbac68_5414,12130.956
00bbac68_5415,12130.946
00bbac68_5416,12130.937
00bbac68_5417,12130.928
00bbac68_5418,12130.918
00bbac68_5419,12130.909
00bbac68_5420,12130.9
00bbac68_5421,12130.892
00bbac68_5422,12130.883
00bbac68_5423,12130.874
00bbac68_5424,12130.866
00bbac68_5425,12130.857
00bbac68_5426,12130.85
00bbac68_5427,12130.842
00bbac68_5428,12130.834
00bbac68_5429,12130.826
00bbac68_5430,12130.819
00bbac68_5431,12130.812
00bbac68_5432,12130.806
00bbac68_5433,12130.799
00bbac68_5434,12130.793
00bbac68_5435,12130.786
00bbac68_5436,12130.781
00bbac68_5437,12130.775
00bbac68_5438,12130.7705
00bbac68_5439,12130.766
00bbac68_5440,12130.761
00bbac68_5441,12130.757
00bbac68_5442,12130.753
00bbac68_5443,12130.749
00bbac68_5444,12130.746
00bbac68_5445,12130.743
00bbac68_5446,12130.739
00bbac68_5447,12130.737
00bbac68_5448,12130.734
00bbac68_5449,12130.731
00bbac68_5450,12130.7295
00bbac68_5451,12130.728
00bbac68_5452,12130.726
00bbac68_5453,12130.725
00bbac68_5454,12130.723
00bbac68_5455,12130.722
00bbac68_5456,12130.721
00bbac68_5457,12130.72
00bbac68_5458,12130.719
00bbac68_5459,12130.719
00bbac68_5460,12130.719
00bbac68_5461,12130.718
00bbac68_5462,12130.718
00bbac68_5463,12130.719
00bbac68_5464,12130.719
00bbac68_5465,12130.719
00bbac68_5466,12130.72
00bbac68_5467,12130.721
00bbac68_5468,12130.722
00bbac68_5469,12130.723
00bbac68_5470,12130.724
00bbac68_5471,12130.725
00bbac68_5472,12130.726
00bbac68_5473,12130.728
00bbac68_5474,12130.729
00bbac68_5475,12130.73
00bbac68_5476,12130.731
00bbac68_5477,12130.733
00bbac68_5478,12130.734
00bbac68_5479,12130.736
00bbac68_5480,12130.738
00bbac68_5481,12130.74
00bbac68_5482,12130.742
00bbac68_5483,12130.743
00bbac68_5484,12130.745
00bbac68_5485,12130.747
00bbac68_5486,12130.749
00bbac68_5487,12130.751
00bbac68_5488,12130.753
00bbac68_5489,12130.755
00bbac68_5490,12130.757
00bbac68_5491,12130.759
00bbac68_5492,12130.761
00bbac68_5493,12130.763
00bbac68_5494,12130.765
00bbac68_5495,12130.767
00bbac68_5496,12130.769
00bbac68_5497,12130.7705
00bbac68_5498,12130.772
00bbac68_5499,12130.774
00bbac68_5500,12130.776
00bbac68_5501,12130.778
00bbac68_5502,12130.78
00bbac68_5503,12130.782
00bbac68_5504,12130.784
00bbac68_5505,12130.786
00bbac68_5506,12130.787
00bbac68_5507,12130.789
00bbac68_5508,12130.791
00bbac68_5509,12130.792
00bbac68_5510,12130.794
00bbac68_5511,12130.795
00bbac68_5512,12130.796
00bbac68_5513,12130.797
00bbac68_5514,12130.799
00bbac68_5515,12130.799
00bbac68_5516,12130.7705
00bbac68_5517,12130.771
00bbac68_5518,12130.772
00bbac68_5519,12130.772
00bbac68_5520,12130.772
00bbac68_5521,12130.772
00bbac68_5522,12130.772
00bbac68_5523,12130.772
00bbac68_5524,12130.772
00bbac68_5525,12130.771
00bbac68_5526,12130.7705
00bbac68_5527,12130.77
00bbac68_5528,12130.769
00bbac68_5529,12130.767
00bbac68_5530,12130.765
00bbac68_5531,12130.763
00bbac68_5532,12130.761
00bbac68_5533,12130.758
00bbac68_5534,12130.755
00bbac68_5535,12130.752
00bbac68_5536,12130.749
00bbac68_5537,12130.745
00bbac68_5538,12130.74
00bbac68_5539,12130.736
00bbac68_5540,12130.731
00bbac68_5541,12130.726
00bbac68_5542,12130.72
00bbac68_5543,12130.714
00bbac68_5544,12130.708
00bbac68_5545,12130.701
00bbac68_5546,12130.693
00bbac68_5547,12130.686
00bbac68_5548,12130.678
00bbac68_5549,12130.669
00bbac68_5550,12130.66
00bbac68_5551,12130.65
00bbac68_5552,12130.641
00bbac68_5553,12130.63
00bbac68_5554,12130.619
00bbac68_5555,12130.608
00bbac68_5556,12130.597
00bbac68_5557,12130.585
00bbac68_5558,12130.572
00bbac68_5559,12130.559
00bbac68_5560,12130.546
00bbac68_5561,12130.531
00bbac68_5562,12130.518
00bbac68_5563,12130.502
00bbac68_5564,12130.487
00bbac68_5565,12130.471
00bbac68_5566,12130.455
00bbac68_5567,12130.438
00bbac68_5568,12130.421
00bbac68_5569,12130.403
00bbac68_5570,12130.386
00bbac68_5571,12130.367
00bbac68_5572,12130.348
00bbac68_5573,12130.328
00bbac68_5574,12130.309
00bbac68_5575,12130.288
00bbac68_5576,12130.267
00bbac68_5577,12130.245
00bbac68_5578,12130.223
00bbac68_5579,12130.2
00bbac68_5580,12130.177
00bbac68_5581,12130.153
00bbac68_5582,12130.129
00bbac68_5583,12130.104
00bbac68_5584,12130.078
00bbac68_5585,12130.053
00bbac68_5586,12130.025
00bbac68_5587,12129.999
00bbac68_5588,12129.972
00bbac68_5589,12129.943
00bbac68_5590,12129.914
00bbac68_5591,12129.885
00bbac68_5592,12129.855
00bbac68_5593,12129.825
00bbac68_5594,12129.794
00bbac68_5595,12129.762
00bbac68_5596,12129.7295
00bbac68_5597,12129.696
00bbac68_5598,12129.663
00bbac68_5599,12129.629
00bbac68_5600,12129.595
00bbac68_5601,12129.559
00bbac68_5602,12129.523
00bbac68_5603,12129.486
00bbac68_5604,12129.449
00bbac68_5605,12129.412
00bbac68_5606,12129.374
00bbac68_5607,12129.336
00bbac68_5608,12129.297
00bbac68_5609,12129.257
00bbac68_5610,12129.217
00bbac68_5611,12129.176
00bbac68_5612,12129.135
00bbac68_5613,12129.093
00bbac68_5614,12129.051
00bbac68_5615,12129.008
00bbac68_5616,12128.965
00bbac68_5617,12128.921
00bbac68_5618,12128.877
00bbac68_5619,12128.832
00bbac68_5620,12128.787
00bbac68_5621,12128.742
00bbac68_5622,12128.696
00bbac68_5623,12128.649
00bbac68_5624,12128.603
00bbac68_5625,12128.555
00bbac68_5626,12128.507
00bbac68_5627,12128.459
00bbac68_5628,12128.41
00bbac68_5629,12128.361
00bbac68_5630,12128.312
00bbac68_5631,12128.262
00bbac68_5632,12128.211
00bbac68_5633,12128.16
00bbac68_5634,12128.108
00bbac68_5635,12128.057
00bbac68_5636,12128.005
00bbac68_5637,12127.952
00bbac68_5638,12127.899
00bbac68_5639,12127.846
00bbac68_5640,12127.792
00bbac68_5641,12127.737
00bbac68_5642,12127.683
00bbac68_5643,12127.627
00bbac68_5644,12127.571
00bbac68_5645,12127.515
00bbac68_5646,12127.458
00bbac68_5647,12127.401
00bbac68_5648,12127.344
00bbac68_5649,12127.286
00bbac68_5650,12127.228
00bbac68_5651,12127.169
00bbac68_5652,12127.109
00bbac68_5653,12127.05
00bbac68_5654,12126.99
00bbac68_5655,12126.93
00bbac68_5656,12126.869
00bbac68_5657,12126.809
00bbac68_5658,12126.747
00bbac68_5659,12126.686
00bbac68_5660,12126.623
00bbac68_5661,12126.561
00bbac68_5662,12126.498
00bbac68_5663,12126.435
00bbac68_5664,12126.372
00bbac68_5665,12126.308
00bbac68_5666,12126.244
00bbac68_5667,12126.18
00bbac68_5668,12126.115
00bbac68_5669,12126.051
00bbac68_5670,12125.986
00bbac68_5671,12125.921
00bbac68_5672,12125.855
00bbac68_5673,12125.79
00bbac68_5674,12125.724
00bbac68_5675,12125.658
00bbac68_5676,12125.592
00bbac68_5677,12125.525
00bbac68_5678,12125.459
00bbac68_5679,12125.393
00bbac68_5680,12125.325
00bbac68_5681,12125.259
00bbac68_5682,12125.191
00bbac68_5683,12125.125
00bbac68_5684,12125.058
00bbac68_5685,12124.99
00bbac68_5686,12124.923
00bbac68_5687,12124.856
00bbac68_5688,12124.789
00bbac68_5689,12124.722
00bbac68_5690,12124.654
00bbac68_5691,12124.587
00bbac68_5692,12124.52
00bbac68_5693,12124.452
00bbac68_5694,12124.385
00bbac68_5695,12124.317
00bbac68_5696,12124.251
00bbac68_5697,12124.184
00bbac68_5698,12124.116
00bbac68_5699,12124.05
00bbac68_5700,12123.982
00bbac68_5701,12123.916
00bbac68_5702,12123.849
00bbac68_5703,12123.782
00bbac68_5704,12123.716
00bbac68_5705,12123.649
00bbac68_5706,12123.583
00bbac68_5707,12123.517
00bbac68_5708,12123.45
00bbac68_5709,12123.385
00bbac68_5710,12123.318
00bbac68_5711,12123.253
00bbac68_5712,12123.1875
00bbac68_5713,12123.123
00bbac68_5714,12123.058
00bbac68_5715,12122.993
00bbac68_5716,12122.929
00bbac68_5717,12122.864
00bbac68_5718,12122.801
00bbac68_5719,12122.737
00bbac68_5720,12122.674
00bbac68_5721,12122.611
00bbac68_5722,12122.549
00bbac68_5723,12122.486
00bbac68_5724,12122.425
00bbac68_5725,12122.363
00bbac68_5726,12122.302
00bbac68_5727,12122.241
00bbac68_5728,12122.181
00bbac68_5729,12122.121
00bbac68_5730,12122.061
00bbac68_5731,12122.002
00bbac68_5732,12121.942
00bbac68_5733,12121.884
00bbac68_5734,12121.825
00bbac68_5735,12121.768
00bbac68_5736,12121.71
00bbac68_5737,12121.652
00bbac68_5738,12121.596
00bbac68_5739,12121.539
00bbac68_5740,12121.482
00bbac68_5741,12121.427
00bbac68_5742,12121.371
00bbac68_5743,12121.315
00bbac68_5744,12121.261
00bbac68_5745,12121.206
00bbac68_5746,12121.152
00bbac68_5747,12121.099
00bbac68_5748,12121.045
00bbac68_5749,12120.992
00bbac68_5750,12120.939
00bbac68_5751,12120.888
00bbac68_5752,12120.836
00bbac68_5753,12120.785
00bbac68_5754,12120.734
00bbac68_5755,12120.684
00bbac68_5756,12120.634
00bbac68_5757,12120.584
00bbac68_5758,12120.535
00bbac68_5759,12120.486
00bbac68_5760,12120.438
00bbac68_5761,12120.391
00bbac68_5762,12120.343
00bbac68_5763,12120.296
00bbac68_5764,12120.249
00bbac68_5765,12120.203
00bbac68_5766,12120.158
00bbac68_5767,12120.112
00bbac68_5768,12120.068
00bbac68_5769,12120.023
00bbac68_5770,12119.9795
00bbac68_5771,12119.937
00bbac68_5772,12119.894
00bbac68_5773,12119.851
00bbac68_5774,12119.809
00bbac68_5775,12119.768
00bbac68_5776,12119.727
00bbac68_5777,12119.686
00bbac68_5778,12119.646
00bbac68_5779,12119.606
00bbac68_5780,12119.567
00bbac68_5781,12119.529
00bbac68_5782,12119.491
00bbac68_5783,12119.454
00bbac68_5784,12119.418
00bbac68_5785,12119.381
00bbac68_5786,12119.346
00bbac68_5787,12119.31
00bbac68_5788,12119.275
00bbac68_5789,12119.24
00bbac68_5790,12119.206
00bbac68_5791,12119.173
00bbac68_5792,12119.14
00bbac68_5793,12119.107
00bbac68_5794,12119.075
00bbac68_5795,12119.043
00bbac68_5796,12119.012
00bbac68_5797,12118.98
00bbac68_5798,12118.95
00bbac68_5799,12118.92
00bbac68_5800,12118.891
00bbac68_5801,12118.861
00bbac68_5802,12118.832
00bbac68_5803,12118.804
00bbac68_5804,12118.775
00bbac68_5805,12118.747
00bbac68_5806,12118.72
00bbac68_5807,12118.692
00bbac68_5808,12118.665
00bbac68_5809,12118.639
00bbac68_5810,12118.612
00bbac68_5811,12118.586
00bbac68_5812,12118.561
00bbac68_5813,12118.535
00bbac68_5814,12118.51
00bbac68_5815,12118.485
00bbac68_5816,12118.461
00bbac68_5817,12118.4375
00bbac68_5818,12118.414
00bbac68_5819,12118.391
00bbac68_5820,12118.367
00bbac68_5821,12118.345
00bbac68_5822,12118.322
00bbac68_5823,12118.3
00bbac68_5824,12118.278
00bbac68_5825,12118.256
00bbac68_5826,12118.235
00bbac68_5827,12118.214
00bbac68_5828,12118.192
00bbac68_5829,12118.172
00bbac68_5830,12118.151
00bbac68_5831,12118.132
00bbac68_5832,12118.111
00bbac68_5833,12118.092
00bbac68_5834,12118.072
00bbac68_5835,12118.053
00bbac68_5836,12118.033
00bbac68_5837,12118.014
00bbac68_5838,12117.995
00bbac68_5839,12117.977
00bbac68_5840,12117.958
00bbac68_5841,12117.939
00bbac68_5842,12117.922
00bbac68_5843,12117.903
00bbac68_5844,12117.886
00bbac68_5845,12117.868
00bbac68_5846,12117.851
00bbac68_5847,12117.833
00bbac68_5848,12117.816
00bbac68_5849,12117.799
00bbac68_5850,12117.782
00bbac68_5851,12117.766
00bbac68_5852,12117.749
00bbac68_5853,12117.732
00bbac68_5854,12117.716
00bbac68_5855,12117.7
00bbac68_5856,12117.684
00bbac68_5857,12117.668
00bbac68_5858,12117.651
00bbac68_5859,12117.636
00bbac68_5860,12117.62
00bbac68_5861,12117.6045
00bbac68_5862,12117.589
00bbac68_5863,12117.573
00bbac68_5864,12117.558
00bbac68_5865,12117.542
00bbac68_5866,12117.526
00bbac68_5867,12117.511
00bbac68_5868,12117.496
00bbac68_5869,12117.48
00bbac68_5870,12117.465
00bbac68_5871,12117.45
00bbac68_5872,12117.435
00bbac68_5873,12117.42
00bbac68_5874,12117.405
00bbac68_5875,12117.39
00bbac68_5876,12117.375
00bbac68_5877,12117.36
00bbac68_5878,12117.346
00bbac68_5879,12117.331
00bbac68_5880,12117.316
00bbac68_5881,12117.302
00bbac68_5882,12117.288
00bbac68_5883,12117.273
00bbac68_5884,12117.259
00bbac68_5885,12117.245
00bbac68_5886,12117.23
00bbac68_5887,12117.216
00bbac68_5888,12117.201
00bbac68_5889,12117.1875
00bbac68_5890,12117.173
00bbac68_5891,12117.158
00bbac68_5892,12117.144
00bbac68_5893,12117.13
00bbac68_5894,12117.115
00bbac68_5895,12117.101
00bbac68_5896,12117.087
00bbac68_5897,12117.072
00bbac68_5898,12117.059
00bbac68_5899,12117.045
00bbac68_5900,12117.03
00bbac68_5901,12117.017
00bbac68_5902,12117.003
00bbac68_5903,12116.989
00bbac68_5904,12116.975
00bbac68_5905,12116.961
00bbac68_5906,12116.947
00bbac68_5907,12116.934
00bbac68_5908,12116.92
00bbac68_5909,12116.906
00bbac68_5910,12116.893
00bbac68_5911,12116.879
00bbac68_5912,12116.865
00bbac68_5913,12116.852
00bbac68_5914,12116.838
00bbac68_5915,12116.823
00bbac68_5916,12116.81
00bbac68_5917,12116.796
00bbac68_5918,12116.782
00bbac68_5919,12116.769
00bbac68_5920,12116.755
00bbac68_5921,12116.741
00bbac68_5922,12116.727
00bbac68_5923,12116.713
00bbac68_5924,12116.699
00bbac68_5925,12116.685
00bbac68_5926,12116.671
00bbac68_5927,12116.657
00bbac68_5928,12116.643
00bbac68_5929,12116.629
00bbac68_5930,12116.614
00bbac68_5931,12116.6
00bbac68_5932,12116.586
00bbac68_5933,12116.571
00bbac68_5934,12116.557
00bbac68_5935,12116.543
00bbac68_5936,12116.528
00bbac68_5937,12116.514
00bbac68_5938,12116.499
00bbac68_5939,12116.484
00bbac68_5940,12116.47
00bbac68_5941,12116.455
00bbac68_5942,12116.44
00bbac68_5943,12116.427
00bbac68_5944,12116.412
00bbac68_5945,12116.397
00bbac68_5946,12116.383
00bbac68_5947,12116.368
00bbac68_5948,12116.354
00bbac68_5949,12116.339
00bbac68_5950,12116.325
00bbac68_5951,12116.311
00bbac68_5952,12116.296
00bbac68_5953,12116.282
00bbac68_5954,12116.268
00bbac68_5955,12116.254
00bbac68_5956,12116.239
00bbac68_5957,12116.226
00bbac68_5958,12116.211
00bbac68_5959,12116.197
00bbac68_5960,12116.184
00bbac68_5961,12116.169
00bbac68_5962,12116.155
00bbac68_5963,12116.142
00bbac68_5964,12116.128
00bbac68_5965,12116.114
00bbac68_5966,12116.101
00bbac68_5967,12116.088
00bbac68_5968,12116.074
00bbac68_5969,12116.061
00bbac68_5970,12116.048
00bbac68_5971,12116.034
00bbac68_5972,12116.021
00bbac68_5973,12116.009
00bbac68_5974,12115.996
00bbac68_5975,12115.983
00bbac68_5976,12115.971
00bbac68_5977,12115.958
00bbac68_5978,12115.945
00bbac68_5979,12115.933
00bbac68_5980,12115.921
00bbac68_5981,12115.908
00bbac68_5982,12115.896
00bbac68_5983,12115.885
00bbac68_5984,12115.872
00bbac68_5985,12115.86
00bbac68_5986,12115.849
00bbac68_5987,12115.837
00bbac68_5988,12115.825
00bbac68_5989,12115.814
00bbac68_5990,12115.803
00bbac68_5991,12115.792
00bbac68_5992,12115.78
00bbac68_5993,12115.77
00bbac68_5994,12115.759
00bbac68_5995,12115.747
00bbac68_5996,12115.736
00bbac68_5997,12115.726
00bbac68_5998,12115.716
00bbac68_5999,12115.705
00bbac68_6000,12115.694
00bbac68_6001,12115.685
00bbac68_6002,12115.674
00bbac68_6003,12115.664
00bbac68_6004,12115.653
00bbac68_6005,12115.644
00bbac68_6006,12115.634
00bbac68_6007,12115.624
00bbac68_6008,12115.614
00bbac68_6009,12115.605
00bbac68_6010,12115.596
00bbac68_6011,12115.586
00bbac68_6012,12115.577
00bbac68_6013,12115.568
00bbac68_6014,12115.56
00bbac68_6015,12115.551
00bbac68_6016,12115.542
00bbac68_6017,12115.533
00bbac68_6018,12115.525
00bbac68_6019,12115.517
00bbac68_6020,12115.509
00bbac68_6021,12115.5
00bbac68_6022,12115.492
00bbac68_6023,12115.484
00bbac68_6024,12115.477
00bbac68_6025,12115.469
00bbac68_6026,12115.461
00bbac68_6027,12115.453
00bbac68_6028,12115.446
00bbac68_6029,12115.438
00bbac68_6030,12115.432
00bbac68_6031,12115.424
00bbac68_6032,12115.417
00bbac68_6033,12115.41
00bbac68_6034,12115.403
00bbac68_6035,12115.396
00bbac68_6036,12115.39
00bbac68_6037,12115.383
00bbac68_6038,12115.377
00bbac68_6039,12115.37
00bbac68_6040,12115.364
00bbac68_6041,12115.358
00bbac68_6042,12115.352
00bbac68_6043,12115.346
00bbac68_6044,12115.34
00bbac68_6045,12115.335
00bbac68_6046,12115.329
00bbac68_6047,12115.323
00bbac68_6048,12115.318
00bbac68_6049,12115.313
00bbac68_6050,12115.309
00bbac68_6051,12115.304
00bbac68_6052,12115.299
00bbac68_6053,12115.294
00bbac68_6054,12115.289
00bbac68_6055,12115.284
00bbac68_6056,12115.279
00bbac68_6057,12115.275
00bbac68_6058,12115.2705
00bbac68_6059,12115.267
00bbac68_6060,12115.263
00bbac68_6061,12115.259
00bbac68_6062,12115.255
00bbac68_6063,12115.251
00bbac68_6064,12115.247
00bbac68_6065,12115.244
00bbac68_6066,12115.24
00bbac68_6067,12115.237
00bbac68_6068,12115.233
00bbac68_6069,12115.23
00bbac68_6070,12115.228
00bbac68_6071,12115.225
00bbac68_6072,12115.223
00bbac68_6073,12115.22
00bbac68_6074,12115.217
00bbac68_6075,12115.215
00bbac68_6076,12115.212
00bbac68_6077,12115.21
00bbac68_6078,12115.208
00bbac68_6079,12115.206
00bbac68_6080,12115.203
00bbac68_6081,12115.201
00bbac68_6082,12115.199
00bbac68_6083,12115.197
00bbac68_6084,12115.195
00bbac68_6085,12115.193
00bbac68_6086,12115.191
00bbac68_6087,12115.189
00bbac68_6088,12115.188
00bbac68_6089,12115.187
00bbac68_6090,12115.185
00bbac68_6091,12115.183
00bbac68_6092,12115.181
00bbac68_6093,12115.18
00bbac68_6094,12115.178
00bbac68_6095,12115.176
00bbac68_6096,12115.175
00bbac68_6097,12115.173
00bbac68_6098,12115.171
00bbac68_6099,12115.17
00bbac68_6100,12115.168
00bbac68_6101,12115.167
00bbac68_6102,12115.165
00bbac68_6103,12115.164
00bbac68_6104,12115.162
00bbac68_6105,12115.161
00bbac68_6106,12115.159
00bbac68_6107,12115.158
00bbac68_6108,12115.157
00bbac68_6109,12115.155
00bbac68_6110,12115.154
00bbac68_6111,12115.152
00bbac68_6112,12115.151
00bbac68_6113,12115.15
00bbac68_6114,12115.148
00bbac68_6115,12115.147
00bbac68_6116,12115.146
00bbac68_6117,12115.145
00bbac68_6118,12115.144
00bbac68_6119,12115.142
00bbac68_6120,12115.141
00bbac68_6121,12115.14
00bbac68_6122,12115.138
00bbac68_6123,12115.137
00bbac68_6124,12115.135
00bbac68_6125,12115.134
00bbac68_6126,12115.133
00bbac68_6127,12115.131
00bbac68_6128,12115.13
00bbac68_6129,12115.128
00bbac68_6130,12115.127
00bbac68_6131,12115.125
00bbac68_6132,12115.124
00bbac68_6133,12115.122
00bbac68_6134,12115.121
00bbac68_6135,12115.119
00bbac68_6136,12115.117
00bbac68_6137,12115.116
00bbac68_6138,12115.114
00bbac68_6139,12115.112
00bbac68_6140,12115.111
00bbac68_6141,12115.109
00bbac68_6142,12115.107
00bbac68_6143,12115.105
00bbac68_6144,12115.104
00bbac68_6145,12115.102
00bbac68_6146,12115.1
00bbac68_6147,12115.098
00bbac68_6148,12115.096
00bbac68_6149,12115.093
00bbac68_6150,12115.091
00bbac68_6151,12115.089
00bbac68_6152,12115.086
00bbac68_6153,12115.084
00bbac68_6154,12115.081
00bbac68_6155,12115.079
00bbac68_6156,12115.076
00bbac68_6157,12115.073
00bbac68_6158,12115.071
00bbac68_6159,12115.068
00bbac68_6160,12115.065
00bbac68_6161,12115.0625
00bbac68_6162,12115.06
00bbac68_6163,12115.057
00bbac68_6164,12115.054
00bbac68_6165,12115.051
00bbac68_6166,12115.048
00bbac68_6167,12115.045
00bbac68_6168,12115.041
00bbac68_6169,12115.038
00bbac68_6170,12115.035
00bbac68_6171,12115.031
00bbac68_6172,12115.028
00bbac68_6173,12115.024
00bbac68_6174,12115.0205
00bbac68_6175,12115.018
00bbac68_6176,12115.014
00bbac68_6177,12115.01
00bbac68_6178,12115.006
00bbac68_6179,12115.002
00bbac68_6180,12114.998
00bbac68_6181,12114.993
00bbac68_6182,12114.989
00bbac68_6183,12114.985
00bbac68_6184,12114.98
00bbac68_6185,12114.976
00bbac68_6186,12114.972
00bbac68_6187,12114.967
00bbac68_6188,12114.963
00bbac68_6189,12114.958
00bbac68_6190,12114.953
00bbac68_6191,12114.948
00bbac68_6192,12114.944
00bbac68_6193,12114.939
00bbac68_6194,12114.935
00bbac68_6195,12114.93
00bbac68_6196,12114.925
00bbac68_6197,12114.921
00bbac68_6198,12114.916
00bbac68_6199,12114.911
00bbac68_6200,12114.906
00bbac68_6201,12114.9
00bbac68_6202,12114.8955
00bbac68_6203,12114.891
00bbac68_6204,12114.886
00bbac68_6205,12114.88
00bbac68_6206,12114.875
00bbac68_6207,12114.87
00bbac68_6208,12114.864
00bbac68_6209,12114.81
00bbac68_6210,12114.805
00bbac68_6211,12114.799
00bbac68_6212,12114.794
00bbac68_6213,12114.788
00bbac68_6214,12114.783
00bbac68_6215,12114.777
00bbac68_6216,12114.772
00bbac68_6217,12114.767
00bbac68_6218,12114.762
00bbac68_6219,12114.756
00bbac68_6220,12114.75
00bbac68_6221,12114.745
00bbac68_6222,12114.739
00bbac68_6223,12114.734
00bbac68_6224,12114.729
00bbac68_6225,12114.723
00bbac68_6226,12114.718
00bbac68_6227,12114.712
00bbac68_6228,12114.706
00bbac68_6229,12114.701
00bbac68_6230,12114.695
00bbac68_6231,12114.69
00bbac68_6232,12114.685
00bbac68_6233,12114.679
00bbac68_6234,12114.674
00bbac68_6235,12114.669
00bbac68_6236,12114.663
00bbac68_6237,12114.658
00bbac68_6238,12114.652
00bbac68_6239,12114.647
00bbac68_6240,12114.643
00bbac68_6241,12114.638
00bbac68_6242,12114.633
00bbac68_6243,12114.628
00bbac68_6244,12114.623
00bbac68_6245,12114.618
00bbac68_6246,12114.613
00bbac68_6247,12114.608
00bbac68_6248,12114.604
00bbac68_6249,12114.599
00bbac68_6250,12114.594
00bbac68_6251,12114.59
00bbac68_6252,12114.585
00bbac68_6253,12114.581
00bbac68_6254,12114.576
00bbac68_6255,12114.572
00bbac68_6256,12114.567
00bbac68_6257,12114.563
00bbac68_6258,12114.56
00bbac68_6259,12114.555
00bbac68_6260,12114.551
00bbac68_6261,12114.547
00bbac68_6262,12114.655
00bbac68_6263,12114.652
00bbac68_6264,12114.648
00bbac68_6265,12114.645
00bbac68_6266,12114.641
00bbac68_6267,12114.638
00bbac68_6268,12114.634
00bbac68_6269,12114.631
00bbac68_6270,12114.627
00bbac68_6271,12114.624
00bbac68_6272,12114.621
00bbac68_6273,12114.617
00bbac68_6274,12114.614
00bbac68_6275,12114.611
00bbac68_6276,12114.609
00bbac68_6277,12114.606
00bbac68_6278,12114.604
00bbac68_6279,12114.602
00bbac68_6280,12114.6
00bbac68_6281,12114.597
00bbac68_6282,12114.595
00bbac68_6283,12114.593
00bbac68_6284,12114.591
00bbac68_6285,12114.59
00bbac68_6286,12114.588
00bbac68_6287,12114.586
00bbac68_6288,12114.585
00bbac68_6289,12114.583
00bbac68_6290,12114.582
00bbac68_6291,12114.581
00bbac68_6292,12114.58
00bbac68_6293,12114.579
00bbac68_6294,12114.578
00bbac68_6295,12114.577
00bbac68_6296,12114.576
00bbac68_6297,12114.575
00bbac68_6298,12114.574
00bbac68_6299,12114.573
00bbac68_6300,12114.573
00bbac68_6301,12114.572
00bbac68_6302,12114.572
00bbac68_6303,12114.571
00bbac68_6304,12114.571
00bbac68_6305,12114.571
00bbac68_6306,12114.571
00bbac68_6307,12114.571
00bbac68_6308,12114.571
00bbac68_6309,12114.571
00bbac68_6310,12114.572
00bbac68_6311,12114.572
00bbac68_6312,12114.573
00bbac68_6313,12114.573
00bbac68_6314,12114.574
00bbac68_6315,12114.575
00bbac68_6316,12114.575
00bbac68_6317,12114.576
00bbac68_6318,12114.577
00bbac68_6319,12114.578
00bbac68_6320,12114.579
00bbac68_6321,12114.58
00bbac68_6322,12114.582
00bbac68_6323,12114.583
00bbac68_6324,12114.584
00bbac68_6325,12114.586
00bbac68_6326,12114.587
00bbac68_6327,12114.589
00bbac68_6328,12114.591
00bbac68_6329,12114.593
00bbac68_6330,12114.595
00bbac68_6331,12114.597
00bbac68_6332,12114.599
00bbac68_6333,12114.489
00bbac68_6334,12114.491
00bbac68_6335,12114.494
00bbac68_6336,12114.497
00bbac68_6337,12114.499
00bbac68_6338,12114.502
00bbac68_6339,12114.505
00bbac68_6340,12114.508
00bbac68_6341,12114.512
00bbac68_6342,12114.515
00bbac68_6343,12114.518
00bbac68_6344,12114.521
00bbac68_6345,12114.638
00bbac68_6346,12114.641
00bbac68_6347,12114.645
00bbac68_6348,12114.648
00bbac68_6349,12114.652
00bbac68_6350,12114.656
00bbac68_6351,12114.66
00bbac68_6352,12114.665
00bbac68_6353,12114.669
00bbac68_6354,12114.673
00bbac68_6355,12114.678
00bbac68_6356,12114.682
00bbac68_6357,12114.687
00bbac68_6358,12114.691
00bbac68_6359,12114.695
00bbac68_6360,12114.7
00bbac68_6361,12114.705
00bbac68_6362,12114.71
00bbac68_6363,12114.714
00bbac68_6364,12114.719
00bbac68_6365,12114.724
00bbac68_6366,12114.728
00bbac68_6367,12114.732
00bbac68_6368,12114.737
00bbac68_6369,12114.741
00bbac68_6370,12114.746
00bbac68_6371,12114.639
00bbac68_6372,12114.643
00bbac68_6373,12114.647
00bbac68_6374,12114.652
00bbac68_6375,12114.656
00bbac68_6376,12114.661
00bbac68_6377,12114.666
00bbac68_6378,12114.67
00bbac68_6379,12114.675
00bbac68_6380,12114.679
00bbac68_6381,12114.684
00bbac68_6382,12114.6875
00bbac68_6383,12114.692
00bbac68_6384,12114.696
00bbac68_6385,12114.701
00bbac68_6386,12114.705
00bbac68_6387,12114.709
00bbac68_6388,12114.714
00bbac68_6389,12114.718
00bbac68_6390,12114.722
00bbac68_6391,12114.727
00bbac68_6392,12114.73
00bbac68_6393,12114.734
00bbac68_6394,12114.738
00bbac68_6395,12114.743
00bbac68_6396,12114.747
00bbac68_6397,12114.751
00bbac68_6398,12114.755
00bbac68_6399,12114.759
00bbac68_6400,12114.763
00bbac68_6401,12114.767
00bbac68_6402,12114.7705
00bbac68_6403,12114.774
00bbac68_6404,12114.778
00bbac68_6405,12114.782
00bbac68_6406,12114.785
00bbac68_6407,12114.789
00bbac68_6408,12114.793
00bbac68_6409,12114.796
00bbac68_6410,12114.8
00bbac68_6411,12114.804
00bbac68_6412,12114.807
00bbac68_6413,12114.811
00bbac68_6414,12114.813
00bbac68_6415,12114.817
00bbac68_6416,12114.82
00bbac68_6417,12114.823
00bbac68_6418,12114.827
00bbac68_6419,12114.83
00bbac68_6420,12114.833
00bbac68_6421,12114.836
00bbac68_6422,12114.839
00bbac68_6423,12114.842
00bbac68_6424,12114.845
00bbac68_6425,12114.848
00bbac68_6426,12114.851
00bbac68_6427,12114.854
00bbac68_6428,12114.855
00bbac68_6429,12114.858
00bbac68_6430,12114.86
00bbac68_6431,12114.863
00bbac68_6432,12114.865
00bbac68_6433,12114.867
00bbac68_6434,12114.869
00bbac68_6435,12114.871
00bbac68_6436,12114.873
00bbac68_6437,12114.875
00bbac68_6438,12114.877
00bbac68_6439,12114.879
00bbac68_6440,12114.881
00bbac68_6441,12114.882
00bbac68_6442,12114.884
00bbac68_6443,12114.885
00bbac68_6444,12114.887
00bbac68_6445,12114.888
00bbac68_6446,12114.889
00bbac68_6447,12114.89
00bbac68_6448,12114.891
00bbac68_6449,12114.892
00bbac68_6450,12114.893
00bbac68_6451,12114.894
00bbac68_6452,12114.895
00bbac68_6453,12114.8955
00bbac68_6454,12114.896
00bbac68_6455,12114.897
00bbac68_6456,12114.897
00bbac68_6457,12114.898
00bbac68_6458,12114.899
00bbac68_6459,12114.899
00bbac68_6460,12114.9
00bbac68_6461,12114.9
00bbac68_6462,12114.9
00bbac68_6463,12114.901
00bbac68_6464,12114.901
00bbac68_6465,12114.901
00bbac68_6466,12114.901
00bbac68_6467,12114.901
00bbac68_6468,12114.901
00bbac68_6469,12114.901
00bbac68_6470,12114.901
00bbac68_6471,12114.901
00bbac68_6472,12114.901
00bbac68_6473,12114.901
00bbac68_6474,12114.9
00bbac68_6475,12114.9
00bbac68_6476,12114.9
00bbac68_6477,12114.899
00bbac68_6478,12114.899
00bbac68_6479,12114.898
00bbac68_6480,12114.897
00bbac68_6481,12114.897
00bbac68_6482,12114.896
00bbac68_6483,12114.8955
00bbac68_6484,12114.895
00bbac68_6485,12114.894
00bbac68_6486,12114.893
00bbac68_6487,12114.892
00bbac68_6488,12114.891
00bbac68_6489,12114.89
00bbac68_6490,12114.889
00bbac68_6491,12114.887
00bbac68_6492,12114.886
00bbac68_6493,12114.884
00bbac68_6494,12114.883
00bbac68_6495,12114.881
00bbac68_6496,12114.879
00bbac68_6497,12114.877
00bbac68_6498,12114.875
00bbac68_6499,12114.873
00bbac68_6500,12114.871
00bbac68_6501,12114.87
00bbac68_6502,12114.868
00bbac68_6503,12114.866
00bbac68_6504,12114.864
00bbac68_6505,12114.862
00bbac68_6506,12114.86
00bbac68_6507,12114.858
00bbac68_6508,12114.856
00bbac68_6509,12114.8545
00bbac68_6510,12114.852
00bbac68_6511,12114.85
00bbac68_6512,12114.848
00bbac68_6513,12114.846
00bbac68_6514,12114.844
00bbac68_6515,12114.841
00bbac68_6516,12114.839
00bbac68_6517,12114.837
00bbac68_6518,12114.835
00bbac68_6519,12114.833
00bbac68_6520,12114.831
00bbac68_6521,12114.829
00bbac68_6522,12114.827
00bbac68_6523,12114.826
00bbac68_6524,12114.824
00bbac68_6525,12114.822
00bbac68_6526,12114.82
00bbac68_6527,12114.818
00bbac68_6528,12114.817
00bbac68_6529,12114.815
00bbac68_6530,12114.813
00bbac68_6531,12114.8125
00bbac68_6532,12114.811
00bbac68_6533,12114.809
00bbac68_6534,12114.808
00bbac68_6535,12114.806
00bbac68_6536,12114.805
00bbac68_6537,12114.803
00bbac68_6538,12114.801
00bbac68_6539,12114.8
00bbac68_6540,12114.798
00bbac68_6541,12114.797
00bbac68_6542,12114.795
00bbac68_6543,12114.793
00bbac68_6544,12114.792
00bbac68_6545,12114.79
00bbac68_6546,12114.789
00bbac68_6547,12114.787
00bbac68_6548,12114.786
00bbac68_6549,12114.784
00bbac68_6550,12114.783
00bbac68_6551,12114.782
00bbac68_6552,12114.78
00bbac68_6553,12114.779
00bbac68_6554,12114.778
00bbac68_6555,12114.776
00bbac68_6556,12114.775
00bbac68_6557,12114.774
00bbac68_6558,12114.773
00bbac68_6559,12114.772
00bbac68_6560,12114.771
00bbac68_6561,12114.7705
00bbac68_6562,12114.7705
00bbac68_6563,12114.77
00bbac68_6564,12114.769
00bbac68_6565,12114.769
00bbac68_6566,12114.768
00bbac68_6567,12114.768
00bbac68_6568,12114.768
00bbac68_6569,12114.767
00bbac68_6570,12114.767
00bbac68_6571,12114.767
00bbac68_6572,12114.768
00bbac68_6573,12114.768
00bbac68_6574,12114.768
00bbac68_6575,12114.768
00bbac68_6576,12114.769
00bbac68_6577,12114.769
00bbac68_6578,12114.77
00bbac68_6579,12114.7705
00bbac68_6580,12114.7705
00bbac68_6581,12114.771
00bbac68_6582,12114.772
00bbac68_6583,12114.773
00bbac68_6584,12114.774
00bbac68_6585,12114.775
00bbac68_6586,12114.776
00bbac68_6587,12114.778
00bbac68_6588,12114.779
00bbac68_6589,12114.78
00bbac68_6590,12114.782
00bbac68_6591,12114.783
00bbac68_6592,12114.785
00bbac68_6593,12114.786
00bbac68_6594,12114.788
00bbac68_6595,12114.79
00bbac68_6596,12114.792
00bbac68_6597,12114.793
00bbac68_6598,12114.795
00bbac68_6599,12114.797
00bbac68_6600,12114.799
00bbac68_6601,12114.802
00bbac68_6602,12114.804
00bbac68_6603,12114.806
00bbac68_6604,12114.808
00bbac68_6605,12114.811
00bbac68_6606,12114.8125
00bbac68_6607,12114.815
00bbac68_6608,12114.817
00bbac68_6609,12114.82
00bbac68_6610,12114.822
00bbac68_6611,12114.825
00bbac68_6612,12114.828
00bbac68_6613,12114.831
00bbac68_6614,12114.834
00bbac68_6615,12114.837
00bbac68_6616,12114.84
00bbac68_6617,12114.843
00bbac68_6618,12114.846
00bbac68_6619,12114.849
00bbac68_6620,12114.852
00bbac68_6621,12114.855
00bbac68_6622,12114.858
00bbac68_6623,12114.861
00bbac68_6624,12114.865
00bbac68_6625,12114.868
00bbac68_6626,12114.872
00bbac68_6627,12114.876
00bbac68_6628,12114.879
00bbac68_6629,12114.883
00bbac68_6630,12114.887
00bbac68_6631,12114.891
00bbac68_6632,12114.895
00bbac68_6633,12114.898
00bbac68_6634,12114.901
00bbac68_6635,12114.906
00bbac68_6636,12114.91
00bbac68_6637,12114.914
00bbac68_6638,12114.918
00bbac68_6639,12114.922
00bbac68_6640,12114.926
00bbac68_6641,12114.931
00bbac68_6642,12114.935
00bbac68_6643,12114.939
00bbac68_6644,12114.943
00bbac68_6645,12114.948
00bbac68_6646,12114.952
00bbac68_6647,12114.957
00bbac68_6648,12114.962
00bbac68_6649,12114.966
00bbac68_6650,12114.971
00bbac68_6651,12114.975
00bbac68_6652,12114.9795
00bbac68_6653,12114.983
00bbac68_6654,12114.988
00bbac68_6655,12114.992
00bbac68_6656,12114.997
00bbac68_6657,12115.001
00bbac68_6658,12115.006
00bbac68_6659,12115.01
00bbac68_6660,12115.015
00bbac68_6661,12115.019
00bbac68_6662,12115.022
00bbac68_6663,12115.026
00bbac68_6664,12115.031
00bbac68_6665,12115.035
00bbac68_6666,12115.039
00bbac68_6667,12115.043
00bbac68_6668,12115.047
00bbac68_6669,12115.051
00bbac68_6670,12115.055
00bbac68_6671,12115.059
00bbac68_6672,12115.0625
00bbac68_6673,12115.066
00bbac68_6674,12115.069
00bbac68_6675,12115.073
00bbac68_6676,12115.077
00bbac68_6677,12115.08
00bbac68_6678,12115.084
00bbac68_6679,12115.087
00bbac68_6680,12115.091
00bbac68_6681,12115.094
00bbac68_6682,12115.098
00bbac68_6683,12115.101
00bbac68_6684,12115.104
00bbac68_6685,12115.106
00bbac68_6686,12115.109
00bbac68_6687,12115.113
00bbac68_6688,12115.116
00bbac68_6689,12115.119
00bbac68_6690,12115.122
00bbac68_6691,12115.125
00bbac68_6692,12115.128
00bbac68_6693,12115.131
00bbac68_6694,12115.134
00bbac68_6695,12115.137
00bbac68_6696,12115.14
00bbac68_6697,12115.143
00bbac68_6698,12115.1455
00bbac68_6699,12115.148
00bbac68_6700,12115.151
00bbac68_6701,12115.154
00bbac68_6702,12115.156
00bbac68_6703,12115.159
00bbac68_6704,12115.161
00bbac68_6705,12115.164
00bbac68_6706,12115.166
00bbac68_6707,12115.169
00bbac68_6708,12115.171
00bbac68_6709,12115.173
00bbac68_6710,12115.175
00bbac68_6711,12115.178
00bbac68_6712,12115.18
00bbac68_6713,12115.182
00bbac68_6714,12115.183
00bbac68_6715,12115.185
00bbac68_6716,12115.187
00bbac68_6717,12115.188
00bbac68_6718,12115.189
00bbac68_6719,12115.191
00bbac68_6720,12115.192
00bbac68_6721,12115.193
00bbac68_6722,12115.195
00bbac68_6723,12115.196
00bbac68_6724,12115.197
00bbac68_6725,12115.198
00bbac68_6726,12115.199
00bbac68_6727,12115.2
00bbac68_6728,12115.201
00bbac68_6729,12115.202
00bbac68_6730,12115.203
00bbac68_6731,12115.204
00bbac68_6732,12115.204
00bbac68_6733,12115.205
00bbac68_6734,12115.205
00bbac68_6735,12115.206
00bbac68_6736,12115.206
00bbac68_6737,12115.207
00bbac68_6738,12115.207
00bbac68_6739,12115.207
00bbac68_6740,12115.207
00bbac68_6741,12115.207
00bbac68_6742,12115.207
00bbac68_6743,12115.208
00bbac68_6744,12115.208
00bbac68_6745,12115.208
00bbac68_6746,12115.208
00bbac68_6747,12115.207
00bbac68_6748,12115.207
00bbac68_6749,12115.207
00bbac68_6750,12115.207
00bbac68_6751,12115.206
00bbac68_6752,12115.206
00bbac68_6753,12115.206
00bbac68_6754,12115.205
00bbac68_6755,12115.204
00bbac68_6756,12115.204
00bbac68_6757,12115.203
00bbac68_6758,12115.202
00bbac68_6759,12115.201
00bbac68_6760,12115.2
00bbac68_6761,12115.199
00bbac68_6762,12115.198
00bbac68_6763,12115.197
00bbac68_6764,12115.195
00bbac68_6765,12115.194
00bbac68_6766,12115.192
00bbac68_6767,12115.191
00bbac68_6768,12115.189
00bbac68_6769,12115.1875
00bbac68_6770,12115.186
00bbac68_6771,12115.184
00bbac68_6772,12115.181
00bbac68_6773,12115.179
00bbac68_6774,12115.177
00bbac68_6775,12115.174
00bbac68_6776,12115.171
00bbac68_6777,12115.169
00bbac68_6778,12115.166
00bbac68_6779,12115.163
00bbac68_6780,12115.16
00bbac68_6781,12115.157
00bbac68_6782,12115.154
00bbac68_6783,12115.152
00bbac68_6784,12115.148
00bbac68_6785,12115.1455
00bbac68_6786,12115.143
00bbac68_6787,12115.14
00bbac68_6788,12115.137
00bbac68_6789,12115.134
00bbac68_6790,12115.131
00bbac68_6791,12115.128
00bbac68_6792,12115.125
00bbac68_6793,12115.121
00bbac68_6794,12115.118
00bbac68_6795,12115.115
00bbac68_6796,12115.111
00bbac68_6797,12115.108
00bbac68_6798,12115.105
00bbac68_6799,12115.102
00bbac68_6800,12115.099
00bbac68_6801,12115.096
00bbac68_6802,12115.092
00bbac68_6803,12115.089
00bbac68_6804,12115.085
00bbac68_6805,12115.082
00bbac68_6806,12115.079
00bbac68_6807,12115.075
00bbac68_6808,12115.072
00bbac68_6809,12115.069
00bbac68_6810,12115.066
00bbac68_6811,12115.063
00bbac68_6812,12115.061
00bbac68_6813,12115.058
00bbac68_6814,12115.055
00bbac68_6815,12115.052
00bbac68_6816,12115.049
00bbac68_6817,12115.046
00bbac68_6818,12115.043
00bbac68_6819,12115.041
00bbac68_6820,12115.038
00bbac68_6821,12115.035
00bbac68_6822,12115.033
00bbac68_6823,12115.03
00bbac68_6824,12115.027
00bbac68_6825,12115.025
00bbac68_6826,12115.022
00bbac68_6827,12115.0205
00bbac68_6828,12115.018
00bbac68_6829,12115.016
00bbac68_6830,12115.014
00bbac68_6831,12115.011
00bbac68_6832,12115.009
00bbac68_6833,12115.007
00bbac68_6834,12115.005
00bbac68_6835,12115.003
00bbac68_6836,12115.001
00bbac68_6837,12114.999
00bbac68_6838,12114.997
00bbac68_6839,12114.995
00bbac68_6840,12114.994
00bbac68_6841,12114.992
00bbac68_6842,12114.99
00bbac68_6843,12114.989
00bbac68_6844,12114.987
00bbac68_6845,12114.986
00bbac68_6846,12114.985
00bbac68_6847,12114.983
00bbac68_6848,12114.982
00bbac68_6849,12114.981
00bbac68_6850,12114.98
00bbac68_6851,12114.9795
00bbac68_6852,12114.9795
00bbac68_6853,12114.979
00bbac68_6854,12114.978
00bbac68_6855,12114.978
00bbac68_6856,12114.977
00bbac68_6857,12114.977
00bbac68_6858,12114.977
00bbac68_6859,12114.976
00bbac68_6860,12114.976
00bbac68_6861,12114.976
00bbac68_6862,12114.976
00bbac68_6863,12114.976
00bbac68_6864,12114.977
00bbac68_6865,12114.977
00bbac68_6866,12114.977
00bbac68_6867,12114.978
00bbac68_6868,12114.979
00bbac68_6869,12114.979
00bbac68_6870,12114.9795
00bbac68_6871,12114.98
00bbac68_6872,12114.981
00bbac68_6873,12114.982
00bbac68_6874,12114.983
00bbac68_6875,12114.984
00bbac68_6876,12114.986
00bbac68_6877,12114.987
00bbac68_6878,12114.988
00bbac68_6879,12114.99
00bbac68_6880,12114.992
00bbac68_6881,12114.993
00bbac68_6882,12114.995
00bbac68_6883,12114.997
00bbac68_6884,12114.999
00bbac68_6885,12115.001
00bbac68_6886,12115.003
00bbac68_6887,12115.005
00bbac68_6888,12115.008
00bbac68_6889,12115.01
00bbac68_6890,12115.013
00bbac68_6891,12115.015
00bbac68_6892,12115.018
00bbac68_6893,12115.0205
00bbac68_6894,12115.022
00bbac68_6895,12115.025
00bbac68_6896,12115.028
00bbac68_6897,12115.031
00bbac68_6898,12115.033
00bbac68_6899,12115.036
00bbac68_6900,12115.039
00bbac68_6901,12115.042
00bbac68_6902,12115.045
00bbac68_6903,12115.048
00bbac68_6904,12115.05
00bbac68_6905,12115.053
00bbac68_6906,12115.056
00bbac68_6907,12115.059
00bbac68_6908,12115.062
00bbac68_6909,12115.064
00bbac68_6910,12115.067
00bbac68_6911,12115.07
00bbac68_6912,12115.072
00bbac68_6913,12115.075
00bbac68_6914,12115.078
00bbac68_6915,12115.081
00bbac68_6916,12115.084
00bbac68_6917,12115.087
00bbac68_6918,12115.09
00bbac68_6919,12115.093
00bbac68_6920,12115.096
00bbac68_6921,12115.099
00bbac68_6922,12115.102
00bbac68_6923,12115.1045
00bbac68_6924,12115.107
00bbac68_6925,12115.11
00bbac68_6926,12115.113
00bbac68_6927,12115.116
00bbac68_6928,12115.119
00bbac68_6929,12115.123
00bbac68_6930,12115.126
00bbac68_6931,12115.129
00bbac68_6932,12115.132
00bbac68_6933,12115.135
00bbac68_6934,12115.138
00bbac68_6935,12115.141
00bbac68_6936,12115.144
00bbac68_6937,12115.146
00bbac68_6938,12115.149
00bbac68_6939,12115.152
00bbac68_6940,12115.155
00bbac68_6941,12115.158
00bbac68_6942,12115.161
00bbac68_6943,12115.164
00bbac68_6944,12115.166
00bbac68_6945,12115.169
00bbac68_6946,12115.171
00bbac68_6947,12115.174
00bbac68_6948,12115.176
00bbac68_6949,12115.178
00bbac68_6950,12115.18
00bbac68_6951,12115.182
00bbac68_6952,12115.184
00bbac68_6953,12115.186
00bbac68_6954,12115.187
00bbac68_6955,12115.188
00bbac68_6956,12115.19
00bbac68_6957,12115.191
00bbac68_6958,12115.193
00bbac68_6959,12115.194
00bbac68_6960,12115.196
00bbac68_6961,12115.197
00bbac68_6962,12115.198
00bbac68_6963,12115.199
00bbac68_6964,12115.2
00bbac68_6965,12115.201
00bbac68_6966,12115.202
00bbac68_6967,12115.203
00bbac68_6968,12115.204
00bbac68_6969,12115.205
00bbac68_6970,12115.206
00bbac68_6971,12115.207
00bbac68_6972,12115.208
00bbac68_6973,12115.209
00bbac68_6974,12115.21
00bbac68_6975,12115.211
00bbac68_6976,12115.211
00bbac68_6977,12115.212
00bbac68_6978,12115.213
00bbac68_6979,12115.214
00bbac68_6980,12115.215
00bbac68_6981,12115.216
00bbac68_6982,12115.216
00bbac68_6983,12115.217
00bbac68_6984,12115.218
00bbac68_6985,12115.218
00bbac68_6986,12115.219
00bbac68_6987,12115.22
00bbac68_6988,12115.22
00bbac68_6989,12115.221
00bbac68_6990,12115.221
00bbac68_6991,12115.222
00bbac68_6992,12115.222
00bbac68_6993,12115.222
00bbac68_6994,12115.222
00bbac68_6995,12115.223
00bbac68_6996,12115.223
00bbac68_6997,12115.223
00bbac68_6998,12115.222
00bbac68_6999,12115.222
00bbac68_7000,12115.222
00bbac68_7001,12115.222
00bbac68_7002,12115.222
00bbac68_7003,12115.222
00bbac68_7004,12115.221
00bbac68_7005,12115.221
00bbac68_7006,12115.221
00bbac68_7007,12115.22
00bbac68_7008,12115.22
00bbac68_7009,12115.219
00bbac68_7010,12115.219
00bbac68_7011,12115.218
00bbac68_7012,12115.217
00bbac68_7013,12115.217
00bbac68_7014,12115.216
00bbac68_7015,12115.215
00bbac68_7016,12115.215
00bbac68_7017,12115.214
00bbac68_7018,12115.213
00bbac68_7019,12115.213
00bbac68_7020,12115.212
00bbac68_7021,12115.211
00bbac68_7022,12115.211
00bbac68_7023,12115.21
00bbac68_7024,12115.209
00bbac68_7025,12115.209
00bbac68_7026,12115.208
00bbac68_7027,12115.208
00bbac68_7028,12115.207
00bbac68_7029,12115.206
00bbac68_7030,12115.206
00bbac68_7031,12115.205
00bbac68_7032,12115.204
00bbac68_7033,12115.204
00bbac68_7034,12115.203
00bbac68_7035,12115.202
00bbac68_7036,12115.202
00bbac68_7037,12115.201
00bbac68_7038,12115.2
00bbac68_7039,12115.2
00bbac68_7040,12115.199
00bbac68_7041,12115.198
00bbac68_7042,12115.197
00bbac68_7043,12115.197
00bbac68_7044,12115.196
00bbac68_7045,12115.195
00bbac68_7046,12115.194
00bbac68_7047,12115.194
00bbac68_7048,12115.193
00bbac68_7049,12115.192
00bbac68_7050,12115.191
00bbac68_7051,12115.19
00bbac68_7052,12115.189
00bbac68_7053,12115.189
00bbac68_7054,12115.188
00bbac68_7055,12115.1875
00bbac68_7056,12115.187
00bbac68_7057,12115.186
00bbac68_7058,12115.185
00bbac68_7059,12115.184
00bbac68_7060,12115.183
00bbac68_7061,12115.182
00bbac68_7062,12115.181
00bbac68_7063,12115.181
00bbac68_7064,12115.18
00bbac68_7065,12115.179
00bbac68_7066,12115.178
00bbac68_7067,12115.178
00bbac68_7068,12115.177
00bbac68_7069,12115.177
00bbac68_7070,12115.176
00bbac68_7071,12115.176
00bbac68_7072,12115.176
00bbac68_7073,12115.176
00bbac68_7074,12115.176
00bbac68_7075,12115.177
00bbac68_7076,12115.177
00bbac68_7077,12115.177
00bbac68_7078,12115.178
00bbac68_7079,12115.179
00bbac68_7080,12115.179
00bbac68_7081,12115.18
00bbac68_7082,12115.181
00bbac68_7083,12115.182
00bbac68_7084,12115.183
00bbac68_7085,12115.184
00bbac68_7086,12115.185
00bbac68_7087,12115.186
00bbac68_7088,12115.187
00bbac68_7089,12115.188
00bbac68_7090,12115.189
00bbac68_7091,12115.19
00bbac68_7092,12115.191
00bbac68_7093,12115.192
00bbac68_7094,12115.194
00bbac68_7095,12115.195
00bbac68_7096,12115.196
00bbac68_7097,12115.198
00bbac68_7098,12115.2
00bbac68_7099,12115.201
00bbac68_7100,12115.203
00bbac68_7101,12115.205
00bbac68_7102,12115.207
00bbac68_7103,12115.209
00bbac68_7104,12115.211
00bbac68_7105,12115.213
00bbac68_7106,12115.215
00bbac68_7107,12115.217
00bbac68_7108,12115.219
00bbac68_7109,12115.221
00bbac68_7110,12115.224
00bbac68_7111,12115.226
00bbac68_7112,12115.228
00bbac68_7113,12115.23
00bbac68_7114,12115.232
00bbac68_7115,12115.234
00bbac68_7116,12115.237
00bbac68_7117,12115.239
00bbac68_7118,12115.242
00bbac68_7119,12115.244
00bbac68_7120,12115.247
00bbac68_7121,12115.249
00bbac68_7122,12115.252
00bbac68_7123,12115.254
00bbac68_7124,12115.257
00bbac68_7125,12115.259
00bbac68_7126,12115.262
00bbac68_7127,12115.264
00bbac68_7128,12115.267
00bbac68_7129,12115.269
00bbac68_7130,12115.271
00bbac68_7131,12115.273
00bbac68_7132,12115.276
00bbac68_7133,12115.278
00bbac68_7134,12115.281
00bbac68_7135,12115.284
00bbac68_7136,12115.286
00bbac68_7137,12115.289
00bbac68_7138,12115.292
00bbac68_7139,12115.294
00bbac68_7140,12115.297
00bbac68_7141,12115.3
00bbac68_7142,12115.303
00bbac68_7143,12115.306
00bbac68_7144,12115.308
00bbac68_7145,12115.311
00bbac68_7146,12115.313
00bbac68_7147,12115.316
00bbac68_7148,12115.32
00bbac68_7149,12115.323
00bbac68_7150,12115.326
00bbac68_7151,12115.329
00bbac68_7152,12115.332
00bbac68_7153,12115.335
00bbac68_7154,12115.339
00bbac68_7155,12115.342
00bbac68_7156,12115.345
00bbac68_7157,12115.348
00bbac68_7158,12115.35
00bbac68_7159,12115.353
00bbac68_7160,12115.355
00bbac68_7161,12115.358
00bbac68_7162,12115.361
00bbac68_7163,12115.363
00bbac68_7164,12115.366
00bbac68_7165,12115.369
00bbac68_7166,12115.371
00bbac68_7167,12115.374
00bbac68_7168,12115.376
00bbac68_7169,12115.378
00bbac68_7170,12115.381
00bbac68_7171,12115.383
00bbac68_7172,12115.385
00bbac68_7173,12115.387
00bbac68_7174,12115.389
00bbac68_7175,12115.391
00bbac68_7176,12115.392
00bbac68_7177,12115.394
00bbac68_7178,12115.3955
00bbac68_7179,12115.396
00bbac68_7180,12115.398
00bbac68_7181,12115.399
00bbac68_7182,12115.4
00bbac68_7183,12115.402
00bbac68_7184,12115.403
00bbac68_7185,12115.404
00bbac68_7186,12115.404
00bbac68_7187,12115.405
00bbac68_7188,12115.406
00bbac68_7189,12115.406
00bbac68_7190,12115.407
00bbac68_7191,12115.407
00bbac68_7192,12115.407
00bbac68_7193,12115.407
00bbac68_7194,12115.406
00bbac68_7195,12115.406
00bbac68_7196,12115.405
00bbac68_7197,12115.405
00bbac68_7198,12115.404
00bbac68_7199,12115.404
00bbac68_7200,12115.403
00bbac68_7201,12115.402
00bbac68_7202,12115.401
00bbac68_7203,12115.4
00bbac68_7204,12115.399
00bbac68_7205,12115.397
00bbac68_7206,12115.396
00bbac68_7207,12115.395
00bbac68_7208,12115.393
00bbac68_7209,12115.391
00bbac68_7210,12115.389
00bbac68_7211,12115.387
00bbac68_7212,12115.385
00bbac68_7213,12115.382
00bbac68_7214,12115.38
00bbac68_7215,12115.377
00bbac68_7216,12115.375
00bbac68_7217,12115.372
00bbac68_7218,12115.369
00bbac68_7219,12115.366
00bbac68_7220,12115.363
00bbac68_7221,12115.36
00bbac68_7222,12115.357
00bbac68_7223,12115.3545
00bbac68_7224,12115.351
00bbac68_7225,12115.348
00bbac68_7226,12115.344
00bbac68_7227,12115.341
00bbac68_7228,12115.337
00bbac68_7229,12115.333
00bbac68_7230,12115.329
00bbac68_7231,12115.325
00bbac68_7232,12115.321
00bbac68_7233,12115.317
00bbac68_7234,12115.313
00bbac68_7235,12115.309
00bbac68_7236,12115.305
00bbac68_7237,12115.3
00bbac68_7238,12115.296
00bbac68_7239,12115.291
00bbac68_7240,12115.286
00bbac68_7241,12115.282
00bbac68_7242,12115.277
00bbac68_7243,12115.272
00bbac68_7244,12115.268
00bbac68_7245,12115.263
00bbac68_7246,12115.258
00bbac68_7247,12115.253
00bbac68_7248,12115.248
00bbac68_7249,12115.244
00bbac68_7250,12115.239
00bbac68_7251,12115.234
00bbac68_7252,12115.23
00bbac68_7253,12115.226
00bbac68_7254,12115.222
00bbac68_7255,12115.218
00bbac68_7256,12115.213
00bbac68_7257,12115.209
00bbac68_7258,12115.205
00bbac68_7259,12115.201
00bbac68_7260,12115.197
00bbac68_7261,12115.193
00bbac68_7262,12115.189
00bbac68_7263,12115.186
00bbac68_7264,12115.183
00bbac68_7265,12115.179
00bbac68_7266,12115.176
00bbac68_7267,12115.172
00bbac68_7268,12115.169
00bbac68_7269,12115.166
00bbac68_7270,12115.162
00bbac68_7271,12115.159
00bbac68_7272,12115.156
00bbac68_7273,12115.153
00bbac68_7274,12115.15
00bbac68_7275,12115.147
00bbac68_7276,12115.145
00bbac68_7277,12115.143
00bbac68_7278,12115.14
00bbac68_7279,12115.137
00bbac68_7280,12115.135
00bbac68_7281,12115.132
00bbac68_7282,12115.13
00bbac68_7283,12115.127
00bbac68_7284,12115.125
00bbac68_7285,12115.123
00bbac68_7286,12115.121
00bbac68_7287,12115.119
00bbac68_7288,12115.117
00bbac68_7289,12115.115
00bbac68_7290,12115.113
00bbac68_7291,12115.112
00bbac68_7292,12115.11
00bbac68_7293,12115.108
00bbac68_7294,12115.107
00bbac68_7295,12115.106
00bbac68_7296,12115.1045
00bbac68_7297,12115.104
00bbac68_7298,12115.103
00bbac68_7299,12115.102
00bbac68_7300,12115.101
00bbac68_7301,12115.101
00bbac68_7302,12115.1
00bbac68_7303,12115.099
00bbac68_7304,12115.099
00bbac68_7305,12115.098
00bbac68_7306,12115.098
00bbac68_7307,12115.097
00bbac68_7308,12115.097
00bbac68_7309,12115.097
00bbac68_7310,12115.097
00bbac68_7311,12115.098
00bbac68_7312,12115.098
00bbac68_7313,12115.099
00bbac68_7314,12115.099
00bbac68_7315,12115.1
00bbac68_7316,12115.101
00bbac68_7317,12115.101
00bbac68_7318,12115.102
00bbac68_7319,12115.103
00bbac68_7320,12115.104
00bbac68_7321,12115.1045
00bbac68_7322,12115.106
00bbac68_7323,12115.107
00bbac68_7324,12115.108
00bbac68_7325,12115.11
00bbac68_7326,12115.111
00bbac68_7327,12115.113
00bbac68_7328,12115.114
00bbac68_7329,12115.116
00bbac68_7330,12115.118
00bbac68_7331,12115.12
00bbac68_7332,12115.121
00bbac68_7333,12115.123
00bbac68_7334,12115.126
00bbac68_7335,12115.128
00bbac68_7336,12115.13
00bbac68_7337,12115.132
00bbac68_7338,12115.135
00bbac68_7339,12115.137
00bbac68_7340,12115.139
00bbac68_7341,12115.142
00bbac68_7342,12115.145
00bbac68_7343,12115.146
00bbac68_7344,12115.149
00bbac68_7345,12115.152
00bbac68_7346,12115.196
00bbac68_7347,12115.199
00bbac68_7348,12115.202
00bbac68_7349,12115.205
00bbac68_7350,12115.208
00bbac68_7351,12115.212
00bbac68_7352,12115.215
00bbac68_7353,12115.218
00bbac68_7354,12115.222
00bbac68_7355,12115.226
00bbac68_7356,12115.229
00bbac68_7357,12115.232
00bbac68_7358,12115.236
00bbac68_7359,12115.239
00bbac68_7360,12115.243
00bbac68_7361,12115.247
00bbac68_7362,12115.251
00bbac68_7363,12115.255
00bbac68_7364,12115.26
00bbac68_7365,12115.264
00bbac68_7366,12115.268
00bbac68_7367,12115.271
00bbac68_7368,12115.276
00bbac68_7369,12115.28
00bbac68_7370,12115.285
00bbac68_7371,12115.289
00bbac68_7372,12115.294
00bbac68_7373,12115.298
00bbac68_7374,12115.303
00bbac68_7375,12115.307
00bbac68_7376,12115.312
00bbac68_7377,12115.315
00bbac68_7378,12115.32
00bbac68_7379,12115.325
00bbac68_7380,12115.329
00bbac68_7381,12115.334
00bbac68_7382,12115.338
00bbac68_7383,12115.343
00bbac68_7384,12115.347
00bbac68_7385,12115.352
00bbac68_7386,12115.355
00bbac68_7387,12115.36
00bbac68_7388,12115.364
00bbac68_7389,12115.369
00bbac68_7390,12115.374
00bbac68_7391,12115.378
00bbac68_7392,12115.383
00bbac68_7393,12115.387
00bbac68_7394,12115.392
00bbac68_7395,12115.396
00bbac68_7396,12115.4
00bbac68_7397,12115.405
00bbac68_7398,12115.41
00bbac68_7399,12115.415
00bbac68_7400,12115.419
00bbac68_7401,12115.424
00bbac68_7402,12115.342
00bbac68_7403,12115.346
00bbac68_7404,12115.351
00bbac68_7405,12115.355
00bbac68_7406,12115.359
00bbac68_7407,12115.364
00bbac68_7408,12115.369
00bbac68_7409,12115.371
00bbac68_7410,12115.374
00bbac68_7411,12115.376
00bbac68_7412,12115.379
00bbac68_7413,12115.382
00bbac68_7414,12115.384
00bbac68_7415,12115.387
00bbac68_7416,12115.389
00bbac68_7417,12115.392
00bbac68_7418,12115.394
00bbac68_7419,12115.396
00bbac68_7420,12115.398
00bbac68_7421,12115.401
00bbac68_7422,12115.403
00bbac68_7423,12115.406
00bbac68_7424,12115.408
00bbac68_7425,12115.411
00bbac68_7426,12115.413
00bbac68_7427,12115.415
00bbac68_7428,12115.418
00bbac68_7429,12115.42
00bbac68_7430,12115.423
00bbac68_7431,12115.425
00bbac68_7432,12115.427
00bbac68_7433,12115.43
00bbac68_7434,12115.432
00bbac68_7435,12115.434
00bbac68_7436,12115.437
00bbac68_7437,12115.438
00bbac68_7438,12115.44
00bbac68_7439,12115.443
00bbac68_7440,12115.532
00bbac68_7441,12115.447
00bbac68_7442,12115.45
00bbac68_7443,12115.452
00bbac68_7444,12115.541
00bbac68_7445,12115.543
00bbac68_7446,12115.546
00bbac68_7447,12115.548
00bbac68_7448,12115.55
00bbac68_7449,12115.552
00bbac68_7450,12115.554
00bbac68_7451,12115.556
00bbac68_7452,12115.559
00bbac68_7453,12115.561
00bbac68_7454,12115.5625
00bbac68_7455,12115.564
00bbac68_7456,12115.566
00bbac68_7457,12115.568
00bbac68_7458,12115.57
00bbac68_7459,12115.572
00bbac68_7460,12115.574
00bbac68_7461,12115.577
00bbac68_7462,12115.579
00bbac68_7463,12115.581
00bbac68_7464,12115.583
00bbac68_7465,12115.585
00bbac68_7466,12115.587
00bbac68_7467,12115.589
00bbac68_7468,12115.591
00bbac68_7469,12115.593
00bbac68_7470,12115.595
00bbac68_7471,12115.597
00bbac68_7472,12115.599
00bbac68_7473,12115.6
00bbac68_7474,12115.602
00bbac68_7475,12115.604
00bbac68_7476,12115.605
00bbac68_7477,12115.607
00bbac68_7478,12115.609
00bbac68_7479,12115.611
00bbac68_7480,12115.613
00bbac68_7481,12115.615
00bbac68_7482,12115.616
00bbac68_7483,12115.618
00bbac68_7484,12115.62
00bbac68_7485,12115.622
00bbac68_7486,12115.624
00bbac68_7487,12115.625
00bbac68_7488,12115.627
00bbac68_7489,12115.629
00bbac68_7490,12115.631
00bbac68_7491,12115.632
00bbac68_7492,12115.634
00bbac68_7493,12115.636
00bbac68_7494,12115.638
00bbac68_7495,12115.639
00bbac68_7496,12115.641
00bbac68_7497,12115.643
00bbac68_7498,12115.644
00bbac68_7499,12115.6455
00bbac68_7500,12115.647
00bbac68_7501,12115.648
00bbac68_7502,12115.65
00bbac68_7503,12115.652
00bbac68_7504,12115.653
00bbac68_7505,12115.655
00bbac68_7506,12115.656
00bbac68_7507,12115.658
00bbac68_7508,12115.659
00bbac68_7509,12115.661
00bbac68_7510,12115.663
00bbac68_7511,12115.664
00bbac68_7512,12115.666
00bbac68_7513,12115.667
00bbac68_7514,12115.669
00bbac68_7515,12115.67
00bbac68_7516,12115.672
00bbac68_7517,12115.673
00bbac68_7518,12115.675
00bbac68_7519,12115.676
00bbac68_7520,12115.677
00bbac68_7521,12115.679
00bbac68_7522,12115.68
00bbac68_7523,12115.682
00bbac68_7524,12115.683
00bbac68_7525,12115.684
00bbac68_7526,12115.686
00bbac68_7527,12115.687
00bbac68_7528,12115.6875
00bbac68_7529,12115.689
00bbac68_7530,12115.69
00bbac68_7531,12115.691
00bbac68_7532,12115.693
00bbac68_7533,12115.694
00bbac68_7534,12115.695
00bbac68_7535,12115.697
00bbac68_7536,12115.698
00bbac68_7537,12115.699
00bbac68_7538,12115.7
00bbac68_7539,12115.702
00bbac68_7540,12115.703
00bbac68_7541,12115.704
00bbac68_7542,12115.705
00bbac68_7543,12115.706
00bbac68_7544,12115.708
00bbac68_7545,12115.709
00bbac68_7546,12115.71
00bbac68_7547,12115.711
00bbac68_7548,12115.712
00bbac68_7549,12115.713
00bbac68_7550,12115.715
00bbac68_7551,12115.716
00bbac68_7552,12115.717
00bbac68_7553,12115.718
00bbac68_7554,12115.719
00bbac68_7555,12115.72
00bbac68_7556,12115.721
00bbac68_7557,12115.722
00bbac68_7558,12115.723
00e12e8b_2083,11542.858
00e12e8b_2084,11542.859
00e12e8b_2085,11542.86
00e12e8b_2086,11542.861
00e12e8b_2087,11542.862
00e12e8b_2088,11542.863
00e12e8b_2089,11542.865
00e12e8b_2090,11542.866
00e12e8b_2091,11542.867
00e12e8b_2092,11542.868
00e12e8b_2093,11542.87
00e12e8b_2094,11542.871
00e12e8b_2095,11542.872
00e12e8b_2096,11542.873
00e12e8b_2097,11542.875
00e12e8b_2098,11542.876
00e12e8b_2099,11542.877
00e12e8b_2100,11542.878
00e12e8b_2101,11542.88
00e12e8b_2102,11542.881
00e12e8b_2103,11542.882
00e12e8b_2104,11542.884
00e12e8b_2105,11542.885
00e12e8b_2106,11542.886
00e12e8b_2107,11542.887
00e12e8b_2108,11542.888
00e12e8b_2109,11542.889
00e12e8b_2110,11542.92
00e12e8b_2111,11542.921
00e12e8b_2112,11542.922
00e12e8b_2113,11542.923
00e12e8b_2114,11542.924
00e12e8b_2115,11542.925
00e12e8b_2116,11542.925
00e12e8b_2117,11542.926
00e12e8b_2118,11542.927
00e12e8b_2119,11542.927
00e12e8b_2120,11542.928
00e12e8b_2121,11542.928
00e12e8b_2122,11542.929
00e12e8b_2123,11542.929
00e12e8b_2124,11542.93
00e12e8b_2125,11542.93
00e12e8b_2126,11542.931
00e12e8b_2127,11542.931
00e12e8b_2128,11542.931
00e12e8b_2129,11542.932
00e12e8b_2130,11542.932
00e12e8b_2131,11542.932
00e12e8b_2132,11542.933
00e12e8b_2133,11542.933
00e12e8b_2134,11542.933
00e12e8b_2135,11542.934
00e12e8b_2136,11542.934
00e12e8b_2137,11542.935
00e12e8b_2138,11542.935
00e12e8b_2139,11542.936
00e12e8b_2140,11542.936
00e12e8b_2141,11542.937
00e12e8b_2142,11542.9375
00e12e8b_2143,11542.9375
00e12e8b_2144,11542.938
00e12e8b_2145,11542.939
00e12e8b_2146,11542.939
00e12e8b_2147,11542.94
00e12e8b_2148,11542.941
00e12e8b_2149,11542.941
00e12e8b_2150,11542.942
00e12e8b_2151,11542.943
00e12e8b_2152,11542.943
00e12e8b_2153,11542.944
00e12e8b_2154,11542.944
00e12e8b_2155,11542.944
00e12e8b_2156,11542.944
00e12e8b_2157,11542.944
00e12e8b_2158,11542.944
00e12e8b_2159,11542.943
00e12e8b_2160,11542.943
00e12e8b_2161,11542.942
00e12e8b_2162,11542.941
00e12e8b_2163,11542.94
00e12e8b_2164,11542.939
00e12e8b_2165,11542.938
00e12e8b_2166,11542.9375
00e12e8b_2167,11542.937
00e12e8b_2168,11542.935
00e12e8b_2169,11542.934
00e12e8b_2170,11542.932
00e12e8b_2171,11542.931
00e12e8b_2172,11542.929
00e12e8b_2173,11542.927
00e12e8b_2174,11542.925
00e12e8b_2175,11542.922
00e12e8b_2176,11542.92
00e12e8b_2177,11542.918
00e12e8b_2178,11542.915
00e12e8b_2179,11542.913
00e12e8b_2180,11542.91
00e12e8b_2181,11542.908
00e12e8b_2182,11542.905
00e12e8b_2183,11542.902
00e12e8b_2184,11542.899
00e12e8b_2185,11542.896
00e12e8b_2186,11542.894
00e12e8b_2187,11542.891
00e12e8b_2188,11542.888
00e12e8b_2189,11542.884
00e12e8b_2190,11542.881
00e12e8b_2191,11542.877
00e12e8b_2192,11542.874
00e12e8b_2193,11542.87
00e12e8b_2194,11542.866
00e12e8b_2195,11542.862
00e12e8b_2196,11542.858
00e12e8b_2197,11542.8545
00e12e8b_2198,11542.851
00e12e8b_2199,11542.847
00e12e8b_2200,11542.843
00e12e8b_2201,11542.838
00e12e8b_2202,11542.834
00e12e8b_2203,11542.829
00e12e8b_2204,11542.825
00e12e8b_2205,11542.82
00e12e8b_2206,11542.815
00e12e8b_2207,11542.811
00e12e8b_2208,11542.805
00e12e8b_2209,11542.8
00e12e8b_2210,11542.795
00e12e8b_2211,11542.789
00e12e8b_2212,11542.784
00e12e8b_2213,11542.779
00e12e8b_2214,11542.773
00e12e8b_2215,11542.768
00e12e8b_2216,11542.763
00e12e8b_2217,11542.757
00e12e8b_2218,11542.751
00e12e8b_2219,11542.745
00e12e8b_2220,11542.739
00e12e8b_2221,11542.732
00e12e8b_2222,11542.727
00e12e8b_2223,11542.72
00e12e8b_2224,11542.714
00e12e8b_2225,11542.707
00e12e8b_2226,11542.7
00e12e8b_2227,11542.693
00e12e8b_2228,11542.687
00e12e8b_2229,11542.68
00e12e8b_2230,11542.673
00e12e8b_2231,11542.665
00e12e8b_2232,11542.658
00e12e8b_2233,11542.651
00e12e8b_2234,11542.644
00e12e8b_2235,11542.637
00e12e8b_2236,11542.629
00e12e8b_2237,11542.621
00e12e8b_2238,11542.614
00e12e8b_2239,11542.606
00e12e8b_2240,11542.599
00e12e8b_2241,11542.592
00e12e8b_2242,11542.584
00e12e8b_2243,11542.576
00e12e8b_2244,11542.568
00e12e8b_2245,11542.561
00e12e8b_2246,11542.554
00e12e8b_2247,11542.546
00e12e8b_2248,11542.538
00e12e8b_2249,11542.531
00e12e8b_2250,11542.523
00e12e8b_2251,11542.516
00e12e8b_2252,11542.509
00e12e8b_2253,11542.501
00e12e8b_2254,11542.494
00e12e8b_2255,11542.486
00e12e8b_2256,11542.4795
00e12e8b_2257,11542.473
00e12e8b_2258,11542.465
00e12e8b_2259,11542.458
00e12e8b_2260,11542.451
00e12e8b_2261,11542.444
00e12e8b_2262,11542.438
00e12e8b_2263,11542.432
00e12e8b_2264,11542.425
00e12e8b_2265,11542.419
00e12e8b_2266,11542.412
00e12e8b_2267,11542.406
00e12e8b_2268,11542.399
00e12e8b_2269,11542.394
00e12e8b_2270,11542.387
00e12e8b_2271,11542.381
00e12e8b_2272,11542.375
00e12e8b_2273,11542.369
00e12e8b_2274,11542.363
00e12e8b_2275,11542.357
00e12e8b_2276,11542.352
00e12e8b_2277,11542.347
00e12e8b_2278,11542.341
00e12e8b_2279,11542.336
00e12e8b_2280,11542.331
00e12e8b_2281,11542.326
00e12e8b_2282,11542.32
00e12e8b_2283,11542.316
00e12e8b_2284,11542.312
00e12e8b_2285,11542.307
00e12e8b_2286,11542.303
00e12e8b_2287,11542.298
00e12e8b_2288,11542.294
00e12e8b_2289,11542.29
00e12e8b_2290,11542.286
00e12e8b_2291,11542.282
00e12e8b_2292,11542.278
00e12e8b_2293,11542.275
00e12e8b_2294,11542.271
00e12e8b_2295,11542.269
00e12e8b_2296,11542.266
00e12e8b_2297,11542.263
00e12e8b_2298,11542.26
00e12e8b_2299,11542.257
00e12e8b_2300,11542.255
00e12e8b_2301,11542.253
00e12e8b_2302,11542.251
00e12e8b_2303,11542.249
00e12e8b_2304,11542.247
00e12e8b_2305,11542.245
00e12e8b_2306,11542.244
00e12e8b_2307,11542.242
00e12e8b_2308,11542.241
00e12e8b_2309,11542.24
00e12e8b_2310,11542.239
00e12e8b_2311,11542.239
00e12e8b_2312,11542.238
00e12e8b_2313,11542.238
00e12e8b_2314,11542.238
00e12e8b_2315,11542.238
00e12e8b_2316,11542.238
00e12e8b_2317,11542.239
00e12e8b_2318,11542.24
00e12e8b_2319,11542.241
00e12e8b_2320,11542.242
00e12e8b_2321,11542.244
00e12e8b_2322,11542.246
00e12e8b_2323,11542.248
00e12e8b_2324,11542.25
00e12e8b_2325,11542.253
00e12e8b_2326,11542.255
00e12e8b_2327,11542.258
00e12e8b_2328,11542.262
00e12e8b_2329,11542.265
00e12e8b_2330,11542.269
00e12e8b_2331,11542.272
00e12e8b_2332,11542.276
00e12e8b_2333,11542.281
00e12e8b_2334,11542.286
00e12e8b_2335,11542.291
00e12e8b_2336,11542.296
00e12e8b_2337,11542.301
00e12e8b_2338,11542.307
00e12e8b_2339,11542.3125
00e12e8b_2340,11542.318
00e12e8b_2341,11542.324
00e12e8b_2342,11542.33
00e12e8b_2343,11542.337
00e12e8b_2344,11542.344
00e12e8b_2345,11542.351
00e12e8b_2346,11542.357
00e12e8b_2347,11542.365
00e12e8b_2348,11542.372
00e12e8b_2349,11542.38
00e12e8b_2350,11542.389
00e12e8b_2351,11542.396
00e12e8b_2352,11542.404
00e12e8b_2353,11542.413
00e12e8b_2354,11542.422
00e12e8b_2355,11542.431
00e12e8b_2356,11542.439
00e12e8b_2357,11542.449
00e12e8b_2358,11542.459
00e12e8b_2359,11542.468
00e12e8b_2360,11542.478
00e12e8b_2361,11542.488
00e12e8b_2362,11542.498
00e12e8b_2363,11542.509
00e12e8b_2364,11542.52
00e12e8b_2365,11542.53
00e12e8b_2366,11542.541
00e12e8b_2367,11542.552
00e12e8b_2368,11542.563
00e12e8b_2369,11542.574
00e12e8b_2370,11542.586
00e12e8b_2371,11542.598
00e12e8b_2372,11542.609
00e12e8b_2373,11542.622
00e12e8b_2374,11542.635
00e12e8b_2375,11542.647
00e12e8b_2376,11542.66
00e12e8b_2377,11542.673
00e12e8b_2378,11543.097
00e12e8b_2379,11543.11
00e12e8b_2380,11543.124
00e12e8b_2381,11543.138
00e12e8b_2382,11543.151
00e12e8b_2383,11543.166
00e12e8b_2384,11543.18
00e12e8b_2385,11543.194
00e12e8b_2386,11543.209
00e12e8b_2387,11543.224
00e12e8b_2388,11543.238
00e12e8b_2389,11543.253
00e12e8b_2390,11543.268
00e12e8b_2391,11543.282
00e12e8b_2392,11543.297
00e12e8b_2393,11543.3125
00e12e8b_2394,11543.327
00e12e8b_2395,11543.342
00e12e8b_2396,11543.357
00e12e8b_2397,11543.372
00e12e8b_2398,11543.387
00e12e8b_2399,11543.402
00e12e8b_2400,11543.417
00e12e8b_2401,11543.433
00e12e8b_2402,11543.448
00e12e8b_2403,11543.463
00e12e8b_2404,11543.479
00e12e8b_2405,11543.494
00e12e8b_2406,11543.51
00e12e8b_2407,11543.525
00e12e8b_2408,11543.541
00e12e8b_2409,11543.557
00e12e8b_2410,11543.572
00e12e8b_2411,11543.588
00e12e8b_2412,11543.604
00e12e8b_2413,11543.619
00e12e8b_2414,11543.634
00e12e8b_2415,11543.649
00e12e8b_2416,11543.665
00e12e8b_2417,11543.681
00e12e8b_2418,11543.695
00e12e8b_2419,11543.711
00e12e8b_2420,11543.727
00e12e8b_2421,11543.741
00e12e8b_2422,11543.754
00e12e8b_2423,11543.769
00e12e8b_2424,11543.783
00e12e8b_2425,11543.799
00e12e8b_2426,11543.813
00e12e8b_2427,11543.828
00e12e8b_2428,11543.843
00e12e8b_2429,11543.857
00e12e8b_2430,11543.872
00e12e8b_2431,11543.887
00e12e8b_2432,11543.9
00e12e8b_2433,11543.915
00e12e8b_2434,11543.929
00e12e8b_2435,11543.943
00e12e8b_2436,11543.957
00e12e8b_2437,11543.971
00e12e8b_2438,11543.983
00e12e8b_2439,11543.997
00e12e8b_2440,11544.011
00e12e8b_2441,11544.023
00e12e8b_2442,11544.036
00e12e8b_2443,11544.049
00e12e8b_2444,11544.062
00e12e8b_2445,11544.073
00e12e8b_2446,11544.085
00e12e8b_2447,11544.097
00e12e8b_2448,11544.031
00e12e8b_2449,11544.042
00e12e8b_2450,11544.053
00e12e8b_2451,11544.063
00e12e8b_2452,11544.074
00e12e8b_2453,11544.085
00e12e8b_2454,11544.095
00e12e8b_2455,11544.1045
00e12e8b_2456,11544.114
00e12e8b_2457,11544.124
00e12e8b_2458,11544.134
00e12e8b_2459,11544.144
00e12e8b_2460,11544.152
00e12e8b_2461,11544.161
00e12e8b_2462,11544.17
00e12e8b_2463,11544.179
00e12e8b_2464,11544.1875
00e12e8b_2465,11544.195
00e12e8b_2466,11544.203
00e12e8b_2467,11544.211
00e12e8b_2468,11544.219
00e12e8b_2469,11544.226
00e12e8b_2470,11544.232
00e12e8b_2471,11544.239
00e12e8b_2472,11544.246
00e12e8b_2473,11544.253
00e12e8b_2474,11544.259
00e12e8b_2475,11544.266
00e12e8b_2476,11544.271
00e12e8b_2477,11544.277
00e12e8b_2478,11544.283
00e12e8b_2479,11544.288
00e12e8b_2480,11544.294
00e12e8b_2481,11544.299
00e12e8b_2482,11544.304
00e12e8b_2483,11544.309
00e12e8b_2484,11544.3125
00e12e8b_2485,11544.317
00e12e8b_2486,11544.321
00e12e8b_2487,11544.325
00e12e8b_2488,11544.329
00e12e8b_2489,11544.332
00e12e8b_2490,11544.335
00e12e8b_2491,11544.338
00e12e8b_2492,11544.341
00e12e8b_2493,11544.344
00e12e8b_2494,11544.346
00e12e8b_2495,11544.348
00e12e8b_2496,11544.35
00e12e8b_2497,11544.352
00e12e8b_2498,11544.354
00e12e8b_2499,11544.3545
00e12e8b_2500,11544.355
00e12e8b_2501,11544.356
00e12e8b_2502,11544.357
00e12e8b_2503,11544.358
00e12e8b_2504,11544.358
00e12e8b_2505,11544.359
00e12e8b_2506,11544.359
00e12e8b_2507,11544.359
00e12e8b_2508,11544.359
00e12e8b_2509,11544.359
00e12e8b_2510,11544.359
00e12e8b_2511,11544.358
00e12e8b_2512,11544.358
00e12e8b_2513,11544.357
00e12e8b_2514,11544.398
00e12e8b_2515,11544.397
00e12e8b_2516,11544.396
00e12e8b_2517,11544.3955
00e12e8b_2518,11544.394
00e12e8b_2519,11544.393
00e12e8b_2520,11544.391
00e12e8b_2521,11544.39
00e12e8b_2522,11544.388
00e12e8b_2523,11544.386
00e12e8b_2524,11544.385
00e12e8b_2525,11544.383
00e12e8b_2526,11544.381
00e12e8b_2527,11544.379
00e12e8b_2528,11544.377
00e12e8b_2529,11544.375
00e12e8b_2530,11544.373
00e12e8b_2531,11544.37
00e12e8b_2532,11544.368
00e12e8b_2533,11544.366
00e12e8b_2534,11544.364
00e12e8b_2535,11544.362
00e12e8b_2536,11544.359
00e12e8b_2537,11544.357
00e12e8b_2538,11544.355
00e12e8b_2539,11544.353
00e12e8b_2540,11544.351
00e12e8b_2541,11544.349
00e12e8b_2542,11544.346
00e12e8b_2543,11544.344
00e12e8b_2544,11544.342
00e12e8b_2545,11544.339
00e12e8b_2546,11544.337
00e12e8b_2547,11544.335
00e12e8b_2548,11544.333
00e12e8b_2549,11544.242
00e12e8b_2550,11544.24
00e12e8b_2551,11544.238
00e12e8b_2552,11544.236
00e12e8b_2553,11544.234
00e12e8b_2554,11544.232
00e12e8b_2555,11544.23
00e12e8b_2556,11544.229
00e12e8b_2557,11544.227
00e12e8b_2558,11544.225
00e12e8b_2559,11544.223
00e12e8b_2560,11544.221
00e12e8b_2561,11544.219
00e12e8b_2562,11544.218
00e12e8b_2563,11544.216
00e12e8b_2564,11544.214
00e12e8b_2565,11544.212
00e12e8b_2566,11544.211
00e12e8b_2567,11544.209
00e12e8b_2568,11544.207
00e12e8b_2569,11544.206
00e12e8b_2570,11544.204
00e12e8b_2571,11544.203
00e12e8b_2572,11544.201
00e12e8b_2573,11544.199
00e12e8b_2574,11544.198
00e12e8b_2575,11544.196
00e12e8b_2576,11544.195
00e12e8b_2577,11544.193
00e12e8b_2578,11544.192
00e12e8b_2579,11544.19
00e12e8b_2580,11544.189
00e12e8b_2581,11544.1875
00e12e8b_2582,11544.187
00e12e8b_2583,11544.185
00e12e8b_2584,11544.184
00e12e8b_2585,11544.182
00e12e8b_2586,11544.181
00e12e8b_2587,11544.179
00e12e8b_2588,11544.177
00e12e8b_2589,11544.176
00e12e8b_2590,11544.174
00e12e8b_2591,11544.173
00e12e8b_2592,11544.171
00e12e8b_2593,11544.17
00e12e8b_2594,11544.168
00e12e8b_2595,11544.166
00e12e8b_2596,11544.165
00e12e8b_2597,11544.163
00e12e8b_2598,11544.162
00e12e8b_2599,11544.16
00e12e8b_2600,11544.159
00e12e8b_2601,11544.157
00e12e8b_2602,11544.156
00e12e8b_2603,11544.154
00e12e8b_2604,11544.153
00e12e8b_2605,11544.151
00e12e8b_2606,11544.15
00e12e8b_2607,11544.148
00e12e8b_2608,11544.147
00e12e8b_2609,11544.146
00e12e8b_2610,11544.1455
00e12e8b_2611,11544.144
00e12e8b_2612,11544.143
00e12e8b_2613,11544.142
00e12e8b_2614,11544.141
00e12e8b_2615,11544.14
00e12e8b_2616,11544.139
00e12e8b_2617,11544.138
00e12e8b_2618,11544.137
00e12e8b_2619,11544.136
00e12e8b_2620,11544.135
00e12e8b_2621,11544.134
00e12e8b_2622,11544.132
00e12e8b_2623,11544.131
00e12e8b_2624,11544.13
00e12e8b_2625,11544.129
00e12e8b_2626,11544.128
00e12e8b_2627,11544.127
00e12e8b_2628,11544.126
00e12e8b_2629,11544.125
00e12e8b_2630,11544.123
00e12e8b_2631,11544.122
00e12e8b_2632,11544.121
00e12e8b_2633,11544.12
00e12e8b_2634,11544.119
00e12e8b_2635,11544.118
00e12e8b_2636,11544.116
00e12e8b_2637,11544.115
00e12e8b_2638,11544.113
00e12e8b_2639,11544.112
00e12e8b_2640,11544.11
00e12e8b_2641,11544.108
00e12e8b_2642,11544.107
00e12e8b_2643,11544.105
00e12e8b_2644,11544.104
00e12e8b_2645,11544.102
00e12e8b_2646,11544.101
00e12e8b_2647,11544.099
00e12e8b_2648,11544.097
00e12e8b_2649,11544.095
00e12e8b_2650,11544.094
00e12e8b_2651,11544.092
00e12e8b_2652,11544.09
00e12e8b_2653,11544.088
00e12e8b_2654,11544.087
00e12e8b_2655,11544.085
00e12e8b_2656,11544.083
00e12e8b_2657,11544.082
00e12e8b_2658,11544.08
00e12e8b_2659,11544.079
00e12e8b_2660,11544.077
00e12e8b_2661,11544.075
00e12e8b_2662,11544.074
00e12e8b_2663,11544.072
00e12e8b_2664,11544.071
00e12e8b_2665,11544.069
00e12e8b_2666,11544.068
00e12e8b_2667,11544.066
00e12e8b_2668,11544.065
00e12e8b_2669,11544.064
00e12e8b_2670,11544.0625
00e12e8b_2671,11544.062
00e12e8b_2672,11544.061
00e12e8b_2673,11544.059
00e12e8b_2674,11544.058
00e12e8b_2675,11544.057
00e12e8b_2676,11544.055
00e12e8b_2677,11544.054
00e12e8b_2678,11544.053
00e12e8b_2679,11544.051
00e12e8b_2680,11544.05
00e12e8b_2681,11544.048
00e12e8b_2682,11544.046
00e12e8b_2683,11544.045
00e12e8b_2684,11544.043
00e12e8b_2685,11544.041
00e12e8b_2686,11544.039
00e12e8b_2687,11544.037
00e12e8b_2688,11544.036
00e12e8b_2689,11544.034
00e12e8b_2690,11544.032
00e12e8b_2691,11544.03
00e12e8b_2692,11544.028
00e12e8b_2693,11544.027
00e12e8b_2694,11544.025
00e12e8b_2695,11544.023
00e12e8b_2696,11544.021
00e12e8b_2697,11544.0205
00e12e8b_2698,11544.019
00e12e8b_2699,11544.017
00e12e8b_2700,11544.016
00e12e8b_2701,11544.014
00e12e8b_2702,11544.012
00e12e8b_2703,11544.011
00e12e8b_2704,11544.009
00e12e8b_2705,11544.007
00e12e8b_2706,11544.005
00e12e8b_2707,11544.003
00e12e8b_2708,11544.002
00e12e8b_2709,11544.0
00e12e8b_2710,11543.998
00e12e8b_2711,11543.997
00e12e8b_2712,11543.995
00e12e8b_2713,11543.993
00e12e8b_2714,11543.992
00e12e8b_2715,11543.99
00e12e8b_2716,11543.989
00e12e8b_2717,11543.988
00e12e8b_2718,11543.986
00e12e8b_2719,11543.985
00e12e8b_2720,11543.984
00e12e8b_2721,11543.983
00e12e8b_2722,11543.982
00e12e8b_2723,11543.981
00e12e8b_2724,11543.98
00e12e8b_2725,11543.9795
00e12e8b_2726,11543.979
00e12e8b_2727,11543.978
00e12e8b_2728,11543.977
00e12e8b_2729,11543.977
00e12e8b_2730,11543.976
00e12e8b_2731,11543.975
00e12e8b_2732,11543.975
00e12e8b_2733,11543.974
00e12e8b_2734,11543.974
00e12e8b_2735,11543.973
00e12e8b_2736,11543.973
00e12e8b_2737,11543.972
00e12e8b_2738,11543.972
00e12e8b_2739,11543.972
00e12e8b_2740,11543.971
00e12e8b_2741,11543.971
00e12e8b_2742,11543.971
00e12e8b_2743,11543.97
00e12e8b_2744,11543.97
00e12e8b_2745,11543.97
00e12e8b_2746,11543.97
00e12e8b_2747,11543.97
00e12e8b_2748,11543.97
00e12e8b_2749,11543.97
00e12e8b_2750,11543.97
00e12e8b_2751,11543.97
00e12e8b_2752,11543.97
00e12e8b_2753,11543.97
00e12e8b_2754,11543.971
00e12e8b_2755,11543.971
00e12e8b_2756,11543.971
00e12e8b_2757,11543.972
00e12e8b_2758,11543.972
00e12e8b_2759,11543.972
00e12e8b_2760,11543.973
00e12e8b_2761,11543.973
00e12e8b_2762,11543.974
00e12e8b_2763,11543.975
00e12e8b_2764,11543.975
00e12e8b_2765,11543.976
00e12e8b_2766,11543.977
00e12e8b_2767,11543.978
00e12e8b_2768,11543.979
00e12e8b_2769,11543.98
00e12e8b_2770,11543.981
00e12e8b_2771,11543.982
00e12e8b_2772,11543.984
00e12e8b_2773,11543.986
00e12e8b_2774,11543.987
00e12e8b_2775,11543.989
00e12e8b_2776,11543.991
00e12e8b_2777,11543.992
00e12e8b_2778,11543.994
00e12e8b_2779,11543.996
00e12e8b_2780,11543.998
00e12e8b_2781,11544.0
00e12e8b_2782,11544.002
00e12e8b_2783,11544.004
00e12e8b_2784,11544.007
00e12e8b_2785,11544.009
00e12e8b_2786,11544.011
00e12e8b_2787,11544.014
00e12e8b_2788,11544.016
00e12e8b_2789,11544.019
00e12e8b_2790,11544.0205
00e12e8b_2791,11544.023
00e12e8b_2792,11544.026
00e12e8b_2793,11544.028
00e12e8b_2794,11544.031
00e12e8b_2795,11544.034
00e12e8b_2796,11544.037
00e12e8b_2797,11544.04
00e12e8b_2798,11544.042
00e12e8b_2799,11544.045
00e12e8b_2800,11544.048
00e12e8b_2801,11544.051
00e12e8b_2802,11544.054
00e12e8b_2803,11544.057
00e12e8b_2804,11544.059
00e12e8b_2805,11544.062
00e12e8b_2806,11544.064
00e12e8b_2807,11544.066
00e12e8b_2808,11544.069
00e12e8b_2809,11544.071
00e12e8b_2810,11544.073
00e12e8b_2811,11544.226
00e12e8b_2812,11544.228
00e12e8b_2813,11544.2295
00e12e8b_2814,11544.231
00e12e8b_2815,11544.233
00e12e8b_2816,11544.235
00e12e8b_2817,11544.237
00e12e8b_2818,11544.238
00e12e8b_2819,11544.24
00e12e8b_2820,11544.242
00e12e8b_2821,11544.243
00e12e8b_2822,11544.245
00e12e8b_2823,11544.246
00e12e8b_2824,11544.248
00e12e8b_2825,11544.249
00e12e8b_2826,11544.251
00e12e8b_2827,11544.252
00e12e8b_2828,11544.254
00e12e8b_2829,11544.256
00e12e8b_2830,11544.257
00e12e8b_2831,11544.259
00e12e8b_2832,11544.261
00e12e8b_2833,11544.262
00e12e8b_2834,11544.264
00e12e8b_2835,11544.266
00e12e8b_2836,11544.268
00e12e8b_2837,11544.27
00e12e8b_2838,11544.272
00e12e8b_2839,11544.274
00e12e8b_2840,11544.276
00e12e8b_2841,11544.279
00e12e8b_2842,11544.281
00e12e8b_2843,11544.284
00e12e8b_2844,11544.287
00e12e8b_2845,11544.289
00e12e8b_2846,11544.292
00e12e8b_2847,11544.295
00e12e8b_2848,11544.298
00e12e8b_2849,11544.3
00e12e8b_2850,11544.303
00e12e8b_2851,11544.306
00e12e8b_2852,11544.309
00e12e8b_2853,11544.312
00e12e8b_2854,11544.314
00e12e8b_2855,11544.317
00e12e8b_2856,11544.321
00e12e8b_2857,11544.324
00e12e8b_2858,11544.327
00e12e8b_2859,11544.33
00e12e8b_2860,11544.334
00e12e8b_2861,11544.337
00e12e8b_2862,11544.34
00e12e8b_2863,11544.343
00e12e8b_2864,11544.347
00e12e8b_2865,11544.35
00e12e8b_2866,11544.354
00e12e8b_2867,11544.356
00e12e8b_2868,11544.36
00e12e8b_2869,11544.363
00e12e8b_2870,11544.367
00e12e8b_2871,11544.371
00e12e8b_2872,11544.374
00e12e8b_2873,11544.378
00e12e8b_2874,11544.382
00e12e8b_2875,11544.386
00e12e8b_2876,11544.39
00e12e8b_2877,11544.395
00e12e8b_2878,11544.398
00e12e8b_2879,11544.403
00e12e8b_2880,11544.407
00e12e8b_2881,11544.412
00e12e8b_2882,11544.417
00e12e8b_2883,11544.423
00e12e8b_2884,11544.428
00e12e8b_2885,11544.434
00e12e8b_2886,11544.438
00e12e8b_2887,11544.444
00e12e8b_2888,11544.451
00e12e8b_2889,11544.457
00e12e8b_2890,11544.464
00e12e8b_2891,11544.471
00e12e8b_2892,11544.478
00e12e8b_2893,11544.485
00e12e8b_2894,11544.493
00e12e8b_2895,11544.501
00e12e8b_2896,11544.509
00e12e8b_2897,11544.518
00e12e8b_2898,11544.526
00e12e8b_2899,11544.535
00e12e8b_2900,11544.545
00e12e8b_2901,11544.555
00e12e8b_2902,11544.564
00e12e8b_2903,11544.575
00e12e8b_2904,11544.586
00e12e8b_2905,11544.597
00e12e8b_2906,11544.607
00e12e8b_2907,11544.619
00e12e8b_2908,11544.632
00e12e8b_2909,11544.644
00e12e8b_2910,11544.656
00e12e8b_2911,11544.669
00e12e8b_2912,11544.682
00e12e8b_2913,11544.695
00e12e8b_2914,11544.709
00e12e8b_2915,11544.723
00e12e8b_2916,11544.737
00e12e8b_2917,11544.751
00e12e8b_2918,11544.766
00e12e8b_2919,11544.781
00e12e8b_2920,11544.796
00e12e8b_2921,11544.812
00e12e8b_2922,11544.827
00e12e8b_2923,11544.843
00e12e8b_2924,11544.859
00e12e8b_2925,11544.875
00e12e8b_2926,11544.892
00e12e8b_2927,11544.908
00e12e8b_2928,11544.926
00e12e8b_2929,11544.942
00e12e8b_2930,11544.96
00e12e8b_2931,11544.978
00e12e8b_2932,11544.995
00e12e8b_2933,11545.013
00e12e8b_2934,11545.031
00e12e8b_2935,11545.05
00e12e8b_2936,11545.068
00e12e8b_2937,11545.087
00e12e8b_2938,11545.105
00e12e8b_2939,11545.125
00e12e8b_2940,11545.145
00e12e8b_2941,11545.164
00e12e8b_2942,11545.185
00e12e8b_2943,11545.205
00e12e8b_2944,11545.225
00e12e8b_2945,11545.246
00e12e8b_2946,11545.267
00e12e8b_2947,11545.287
00e12e8b_2948,11545.309
00e12e8b_2949,11545.33
00e12e8b_2950,11545.352
00e12e8b_2951,11545.373
00e12e8b_2952,11545.3955
00e12e8b_2953,11545.418
00e12e8b_2954,11545.441
00e12e8b_2955,11545.464
00e12e8b_2956,11545.487
00e12e8b_2957,11545.511
00e12e8b_2958,11545.534
00e12e8b_2959,11545.559
00e12e8b_2960,11545.583
00e12e8b_2961,11545.607
00e12e8b_2962,11545.632
00e12e8b_2963,11545.656
00e12e8b_2964,11545.682
00e12e8b_2965,11545.706
00e12e8b_2966,11545.731
00e12e8b_2967,11545.757
00e12e8b_2968,11545.782
00e12e8b_2969,11545.808
00e12e8b_2970,11545.834
00e12e8b_2971,11545.859
00e12e8b_2972,11545.886
00e12e8b_2973,11545.911
00e12e8b_2974,11545.9375
00e12e8b_2975,11545.963
00e12e8b_2976,11545.989
00e12e8b_2977,11546.016
00e12e8b_2978,11546.042
00e12e8b_2979,11546.068
00e12e8b_2980,11546.095
00e12e8b_2981,11546.121
00e12e8b_2982,11546.147
00e12e8b_2983,11546.174
00e12e8b_2984,11546.2
00e12e8b_2985,11546.227
00e12e8b_2986,11546.253
00e12e8b_2987,11546.279
00e12e8b_2988,11546.307
00e12e8b_2989,11546.333
00e12e8b_2990,11546.359
00e12e8b_2991,11546.386
00e12e8b_2992,11546.412
00e12e8b_2993,11546.4375
00e12e8b_2994,11546.464
00e12e8b_2995,11546.49
00e12e8b_2996,11546.517
00e12e8b_2997,11546.542
00e12e8b_2998,11546.568
00e12e8b_2999,11546.595
00e12e8b_3000,11546.62
00e12e8b_3001,11546.646
00e12e8b_3002,11546.672
00e12e8b_3003,11546.697
00e12e8b_3004,11546.723
00e12e8b_3005,11546.748
00e12e8b_3006,11546.773
00e12e8b_3007,11546.799
00e12e8b_3008,11546.824
00e12e8b_3009,11546.849
00e12e8b_3010,11546.874
00e12e8b_3011,11546.898
00e12e8b_3012,11546.923
00e12e8b_3013,11546.947
00e12e8b_3014,11546.972
00e12e8b_3015,11546.996
00e12e8b_3016,11547.02
00e12e8b_3017,11547.044
00e12e8b_3018,11547.067
00e12e8b_3019,11547.091
00e12e8b_3020,11547.284
00e12e8b_3021,11547.308
00e12e8b_3022,11547.331
00e12e8b_3023,11547.354
00e12e8b_3024,11547.376
00e12e8b_3025,11547.398
00e12e8b_3026,11547.421
00e12e8b_3027,11547.443
00e12e8b_3028,11547.465
00e12e8b_3029,11547.487
00e12e8b_3030,11547.509
00e12e8b_3031,11547.53
00e12e8b_3032,11547.551
00e12e8b_3033,11547.572
00e12e8b_3034,11547.593
00e12e8b_3035,11547.613
00e12e8b_3036,11547.634
00e12e8b_3037,11547.653
00e12e8b_3038,11547.673
00e12e8b_3039,11547.692
00e12e8b_3040,11547.712
00e12e8b_3041,11547.73
00e12e8b_3042,11547.749
00e12e8b_3043,11547.767
00e12e8b_3044,11547.785
00e12e8b_3045,11547.803
00e12e8b_3046,11547.82
00e12e8b_3047,11547.837
00e12e8b_3048,11547.8545
00e12e8b_3049,11547.871
00e12e8b_3050,11547.887
00e12e8b_3051,11547.903
00e12e8b_3052,11547.919
00e12e8b_3053,11547.935
00e12e8b_3054,11547.949
00e12e8b_3055,11547.964
00e12e8b_3056,11547.979
00e12e8b_3057,11547.993
00e12e8b_3058,11548.008
00e12e8b_3059,11548.021
00e12e8b_3060,11548.035
00e12e8b_3061,11548.048
00e12e8b_3062,11548.062
00e12e8b_3063,11548.074
00e12e8b_3064,11548.087
00e12e8b_3065,11548.099
00e12e8b_3066,11548.111
00e12e8b_3067,11548.123
00e12e8b_3068,11548.134
00e12e8b_3069,11548.1455
00e12e8b_3070,11548.156
00e12e8b_3071,11548.167
00e12e8b_3072,11548.177
00e12e8b_3073,11548.187
00e12e8b_3074,11548.196
00e12e8b_3075,11548.206
00e12e8b_3076,11548.215
00e12e8b_3077,11548.224
00e12e8b_3078,11548.232
00e12e8b_3079,11548.24
00e12e8b_3080,11548.248
00e12e8b_3081,11548.256
00e12e8b_3082,11548.263
00e12e8b_3083,11548.27
00e12e8b_3084,11548.276
00e12e8b_3085,11548.282
00e12e8b_3086,11548.288
00e12e8b_3087,11548.293
00e12e8b_3088,11548.298
00e12e8b_3089,11548.303
00e12e8b_3090,11548.308
00e12e8b_3091,11548.312
00e12e8b_3092,11548.315
00e12e8b_3093,11548.318
00e12e8b_3094,11548.321
00e12e8b_3095,11548.324
00e12e8b_3096,11548.327
00e12e8b_3097,11548.329
00e12e8b_3098,11548.331
00e12e8b_3099,11548.332
00e12e8b_3100,11548.333
00e12e8b_3101,11548.334
00e12e8b_3102,11548.334
00e12e8b_3103,11548.335
00e12e8b_3104,11548.334
00e12e8b_3105,11548.334
00e12e8b_3106,11548.333
00e12e8b_3107,11548.333
00e12e8b_3108,11548.331
00e12e8b_3109,11548.33
00e12e8b_3110,11548.329
00e12e8b_3111,11548.327
00e12e8b_3112,11548.325
00e12e8b_3113,11548.323
00e12e8b_3114,11548.321
00e12e8b_3115,11548.318
00e12e8b_3116,11548.316
00e12e8b_3117,11548.313
00e12e8b_3118,11548.311
00e12e8b_3119,11548.308
00e12e8b_3120,11548.305
00e12e8b_3121,11548.302
00e12e8b_3122,11548.299
00e12e8b_3123,11548.296
00e12e8b_3124,11548.292
00e12e8b_3125,11548.289
00e12e8b_3126,11548.286
00e12e8b_3127,11548.282
00e12e8b_3128,11548.279
00e12e8b_3129,11548.275
00e12e8b_3130,11548.271
00e12e8b_3131,11548.268
00e12e8b_3132,11548.264
00e12e8b_3133,11548.26
00e12e8b_3134,11548.256
00e12e8b_3135,11548.252
00e12e8b_3136,11548.247
00e12e8b_3137,11548.243
00e12e8b_3138,11548.238
00e12e8b_3139,11548.233
00e12e8b_3140,11548.229
00e12e8b_3141,11548.224
00e12e8b_3142,11548.219
00e12e8b_3143,11548.214
00e12e8b_3144,11548.209
00e12e8b_3145,11548.203
00e12e8b_3146,11548.198
00e12e8b_3147,11548.193
00e12e8b_3148,11548.1875
00e12e8b_3149,11548.183
00e12e8b_3150,11548.177
00e12e8b_3151,11548.171
00e12e8b_3152,11548.166
00e12e8b_3153,11548.16
00e12e8b_3154,11548.155
00e12e8b_3155,11548.149
00e12e8b_3156,11548.144
00e12e8b_3157,11548.139
00e12e8b_3158,11548.133
00e12e8b_3159,11548.127
00e12e8b_3160,11548.122
00e12e8b_3161,11548.116
00e12e8b_3162,11548.111
00e12e8b_3163,11548.106
00e12e8b_3164,11548.101
00e12e8b_3165,11548.096
00e12e8b_3166,11548.091
00e12e8b_3167,11548.086
00e12e8b_3168,11548.081
00e12e8b_3169,11548.076
00e12e8b_3170,11548.071
00e12e8b_3171,11548.067
00e12e8b_3172,11548.0625
00e12e8b_3173,11548.059
00e12e8b_3174,11548.055
00e12e8b_3175,11548.051
00e12e8b_3176,11548.047
00e12e8b_3177,11548.043
00e12e8b_3178,11548.039
00e12e8b_3179,11548.035
00e12e8b_3180,11548.032
00e12e8b_3181,11548.029
00e12e8b_3182,11548.026
00e12e8b_3183,11548.023
00e12e8b_3184,11548.0205
00e12e8b_3185,11548.018
00e12e8b_3186,11548.015
00e12e8b_3187,11548.013
00e12e8b_3188,11548.011
00e12e8b_3189,11548.009
00e12e8b_3190,11548.007
00e12e8b_3191,11548.005
00e12e8b_3192,11548.003
00e12e8b_3193,11548.001
00e12e8b_3194,11548.0
00e12e8b_3195,11547.998
00e12e8b_3196,11547.997
00e12e8b_3197,11547.996
00e12e8b_3198,11547.995
00e12e8b_3199,11547.994
00e12e8b_3200,11547.993
00e12e8b_3201,11547.992
00e12e8b_3202,11547.992
00e12e8b_3203,11547.991
00e12e8b_3204,11547.99
00e12e8b_3205,11547.99
00e12e8b_3206,11547.7295
00e12e8b_3207,11547.7295
00e12e8b_3208,11547.729
00e12e8b_3209,11547.729
00e12e8b_3210,11547.729
00e12e8b_3211,11547.729
00e12e8b_3212,11547.728
00e12e8b_3213,11547.728
00e12e8b_3214,11547.728
00e12e8b_3215,11547.728
00e12e8b_3216,11547.728
00e12e8b_3217,11547.728
00e12e8b_3218,11547.729
00e12e8b_3219,11547.729
00e12e8b_3220,11547.729
00e12e8b_3221,11547.729
00e12e8b_3222,11547.7295
00e12e8b_3223,11547.7295
00e12e8b_3224,11547.73
00e12e8b_3225,11547.73
00e12e8b_3226,11547.731
00e12e8b_3227,11547.731
00e12e8b_3228,11547.732
00e12e8b_3229,11547.733
00e12e8b_3230,11547.734
00e12e8b_3231,11547.734
00e12e8b_3232,11547.735
00e12e8b_3233,11547.736
00e12e8b_3234,11547.737
00e12e8b_3235,11547.738
00e12e8b_3236,11547.739
00e12e8b_3237,11547.741
00e12e8b_3238,11547.742
00e12e8b_3239,11547.743
00e12e8b_3240,11547.744
00e12e8b_3241,11547.746
00e12e8b_3242,11547.747
00e12e8b_3243,11547.749
00e12e8b_3244,11547.75
00e12e8b_3245,11547.752
00e12e8b_3246,11547.754
00e12e8b_3247,11547.756
00e12e8b_3248,11547.759
00e12e8b_3249,11547.761
00e12e8b_3250,11547.764
00e12e8b_3251,11547.766
00e12e8b_3252,11547.769
00e12e8b_3253,11547.771
00e12e8b_3254,11547.774
00e12e8b_3255,11547.777
00e12e8b_3256,11547.78
00e12e8b_3257,11547.782
00e12e8b_3258,11547.785
00e12e8b_3259,11547.788
00e12e8b_3260,11546.726
00e12e8b_3261,11546.729
00e12e8b_3262,11546.731
00e12e8b_3263,11546.734
00e12e8b_3264,11546.736
00e12e8b_3265,11546.739
00e12e8b_3266,11546.742
00e12e8b_3267,11546.745
00e12e8b_3268,11546.748
00e12e8b_3269,11546.751
00e12e8b_3270,11546.753
00e12e8b_3271,11546.756
00e12e8b_3272,11546.759
00e12e8b_3273,11546.761
00e12e8b_3274,11546.764
00e12e8b_3275,11546.766
00e12e8b_3276,11546.769
00e12e8b_3277,11546.7705
00e12e8b_3278,11546.773
00e12e8b_3279,11546.775
00e12e8b_3280,11546.777
00e12e8b_3281,11546.779
00e12e8b_3282,11546.781
00e12e8b_3283,11546.783
00e12e8b_3284,11546.785
00e12e8b_3285,11546.787
00e12e8b_3286,11546.789
00e12e8b_3287,11546.79
00e12e8b_3288,11546.792
00e12e8b_3289,11546.794
00e12e8b_3290,11546.795
00e12e8b_3291,11546.797
00e12e8b_3292,11546.799
00e12e8b_3293,11546.8
00e12e8b_3294,11546.801
00e12e8b_3295,11546.803
00e12e8b_3296,11547.818
00e12e8b_3297,11547.819
00e12e8b_3298,11547.821
00e12e8b_3299,11547.822
00e12e8b_3300,11547.823
00e12e8b_3301,11547.824
00e12e8b_3302,11547.825
00e12e8b_3303,11547.825
00e12e8b_3304,11547.826
00e12e8b_3305,11547.826
00e12e8b_3306,11547.827
00e12e8b_3307,11547.827
00e12e8b_3308,11547.827
00e12e8b_3309,11547.827
00e12e8b_3310,11547.827
00e12e8b_3311,11549.041
00e12e8b_3312,11549.041
00e12e8b_3313,11549.04
00e12e8b_3314,11549.039
00e12e8b_3315,11549.038
00e12e8b_3316,11549.037
00e12e8b_3317,11549.035
00e12e8b_3318,11549.033
00e12e8b_3319,11549.031
00e12e8b_3320,11549.029
00e12e8b_3321,11549.027
00e12e8b_3322,11549.024
00e12e8b_3323,11549.021
00e12e8b_3324,11549.018
00e12e8b_3325,11549.015
00e12e8b_3326,11549.011
00e12e8b_3327,11549.007
00e12e8b_3328,11549.003
00e12e8b_3329,11548.998
00e12e8b_3330,11548.993
00e12e8b_3331,11548.988
00e12e8b_3332,11548.982
00e12e8b_3333,11548.977
00e12e8b_3334,11548.971
00e12e8b_3335,11548.965
00e12e8b_3336,11548.958
00e12e8b_3337,11548.952
00e12e8b_3338,11548.945
00e12e8b_3339,11548.9375
00e12e8b_3340,11548.931
00e12e8b_3341,11548.923
00e12e8b_3342,11548.915
00e12e8b_3343,11548.906
00e12e8b_3344,11548.898
00e12e8b_3345,11548.89
00e12e8b_3346,11548.88
00e12e8b_3347,11548.871
00e12e8b_3348,11548.861
00e12e8b_3349,11548.852
00e12e8b_3350,11548.841
00e12e8b_3351,11548.831
00e12e8b_3352,11548.82
00e12e8b_3353,11548.81
00e12e8b_3354,11548.798
00e12e8b_3355,11548.786
00e12e8b_3356,11548.774
00e12e8b_3357,11548.763
00e12e8b_3358,11548.751
00e12e8b_3359,11548.738
00e12e8b_3360,11548.726
00e12e8b_3361,11548.713
00e12e8b_3362,11548.699
00e12e8b_3363,11548.687
00e12e8b_3364,11548.673
00e12e8b_3365,11548.658
00e12e8b_3366,11548.645
00e12e8b_3367,11548.63
00e12e8b_3368,11548.615
00e12e8b_3369,11548.601
00e12e8b_3370,11548.585
00e12e8b_3371,11548.57
00e12e8b_3372,11548.555
00e12e8b_3373,11548.539
00e12e8b_3374,11548.522
00e12e8b_3375,11548.507
00e12e8b_3376,11548.49
00e12e8b_3377,11548.474
00e12e8b_3378,11548.457
00e12e8b_3379,11548.439
00e12e8b_3380,11548.423
00e12e8b_3381,11548.405
00e12e8b_3382,11548.388
00e12e8b_3383,11548.37
00e12e8b_3384,11548.353
00e12e8b_3385,11548.334
00e12e8b_3386,11548.315
00e12e8b_3387,11548.298
00e12e8b_3388,11548.279
00e12e8b_3389,11548.26
00e12e8b_3390,11548.241
00e12e8b_3391,11548.222
00e12e8b_3392,11548.202
00e12e8b_3393,11548.183
00e12e8b_3394,11548.163
00e12e8b_3395,11548.143
00e12e8b_3396,11548.123
00e12e8b_3397,11548.103
00e12e8b_3398,11548.082
00e12e8b_3399,11548.061
00e12e8b_3400,11548.04
00e12e8b_3401,11548.019
00e12e8b_3402,11547.997
00e12e8b_3403,11547.976
00e12e8b_3404,11547.954
00e12e8b_3405,11547.932
00e12e8b_3406,11547.91
00e12e8b_3407,11547.888
00e12e8b_3408,11547.866
00e12e8b_3409,11547.844
00e12e8b_3410,11547.821
00e12e8b_3411,11547.8
00e12e8b_3412,11547.777
00e12e8b_3413,11547.755
00e12e8b_3414,11547.732
00e12e8b_3415,11547.71
00e12e8b_3416,11547.687
00e12e8b_3417,11547.664
00e12e8b_3418,11547.642
00e12e8b_3419,11547.619
00e12e8b_3420,11547.597
00e12e8b_3421,11547.573
00e12e8b_3422,11547.551
00e12e8b_3423,11547.528
00e12e8b_3424,11547.505
00e12e8b_3425,11547.482
00e12e8b_3426,11547.459
00e12e8b_3427,11547.437
00e12e8b_3428,11547.413
00e12e8b_3429,11547.391
00e12e8b_3430,11547.367
00e12e8b_3431,11547.344
00e12e8b_3432,11547.321
00e12e8b_3433,11547.298
00e12e8b_3434,11547.275
00e12e8b_3435,11547.252
00e12e8b_3436,11547.2295
00e12e8b_3437,11547.206
00e12e8b_3438,11547.184
00e12e8b_3439,11547.161
00e12e8b_3440,11547.138
00e12e8b_3441,11547.115
00e12e8b_3442,11547.093
00e12e8b_3443,11547.07
00e12e8b_3444,11547.048
00e12e8b_3445,11547.024
00e12e8b_3446,11547.003
00e12e8b_3447,11546.98
00e12e8b_3448,11546.958
00e12e8b_3449,11546.936
00e12e8b_3450,11546.809
00e12e8b_3451,11546.589
00e12e8b_3452,11546.567
00e12e8b_3453,11546.545
00e12e8b_3454,11546.523
00e12e8b_3455,11546.502
00e12e8b_3456,11546.48
00e12e8b_3457,11546.459
00e12e8b_3458,11546.438
00e12e8b_3459,11546.202
00e12e8b_3460,11546.182
00e12e8b_3461,11546.16
00e12e8b_3462,11546.14
00e12e8b_3463,11546.119
00e12e8b_3464,11546.099
00e12e8b_3465,11546.079
00e12e8b_3466,11546.059
00e12e8b_3467,11546.039
00e12e8b_3468,11546.019
00e12e8b_3469,11545.999
00e12e8b_3470,11545.9795
00e12e8b_3471,11545.96
00e12e8b_3472,11545.941
00e12e8b_3473,11545.922
00e12e8b_3474,11545.903
00e12e8b_3475,11545.885
00e12e8b_3476,11545.866
00e12e8b_3477,11545.848
00e12e8b_3478,11545.83
00e12e8b_3479,11545.812
00e12e8b_3480,11545.794
00e12e8b_3481,11545.776
00e12e8b_3482,11545.988
00e12e8b_3483,11545.972
00e12e8b_3484,11545.954
00e12e8b_3485,11545.9375
00e12e8b_3486,11545.921
00e12e8b_3487,11545.904
00e12e8b_3488,11545.889
00e12e8b_3489,11545.872
00e12e8b_3490,11545.856
00e12e8b_3491,11545.841
00e12e8b_3492,11545.826
00e12e8b_3493,11545.811
00e12e8b_3494,11545.796
00e12e8b_3495,11545.781
00e12e8b_3496,11545.767
00e12e8b_3497,11545.753
00e12e8b_3498,11545.739
00e12e8b_3499,11545.726
00e12e8b_3500,11545.712
00e12e8b_3501,11545.699
00e12e8b_3502,11545.686
00e12e8b_3503,11545.673
00e12e8b_3504,11545.661
00e12e8b_3505,11545.648
00e12e8b_3506,11545.637
00e12e8b_3507,11545.625
00e12e8b_3508,11545.613
00e12e8b_3509,11545.603
00e12e8b_3510,11545.592
00e12e8b_3511,11545.581
00e12e8b_3512,11545.57
00e12e8b_3513,11545.561
00e12e8b_3514,11545.551
00e12e8b_3515,11545.541
00e12e8b_3516,11545.531
00e12e8b_3517,11545.522
00e12e8b_3518,11545.514
00e12e8b_3519,11545.505
00e12e8b_3520,11545.497
00e12e8b_3521,11545.488
00e12e8b_3522,11545.48
00e12e8b_3523,11545.474
00e12e8b_3524,11545.466
00e12e8b_3525,11545.459
00e12e8b_3526,11545.452
00e12e8b_3527,11545.446
00e12e8b_3528,11545.44
00e12e8b_3529,11545.435
00e12e8b_3530,11545.429
00e12e8b_3531,11545.424
00e12e8b_3532,11545.419
00e12e8b_3533,11545.414
00e12e8b_3534,11545.409
00e12e8b_3535,11545.405
00e12e8b_3536,11545.401
00e12e8b_3537,11545.398
00e12e8b_3538,11545.3955
00e12e8b_3539,11545.393
00e12e8b_3540,11545.39
00e12e8b_3541,11545.388
00e12e8b_3542,11545.386
00e12e8b_3543,11545.384
00e12e8b_3544,11545.383
00e12e8b_3545,11545.382
00e12e8b_3546,11545.382
00e12e8b_3547,11545.381
00e12e8b_3548,11545.381
00e12e8b_3549,11545.381
00e12e8b_3550,11545.382
00e12e8b_3551,11545.382
00e12e8b_3552,11545.383
00e12e8b_3553,11545.384
00e12e8b_3554,11545.386
00e12e8b_3555,11545.387
00e12e8b_3556,11545.389
00e12e8b_3557,11545.391
00e12e8b_3558,11545.393
00e12e8b_3559,11545.3955
00e12e8b_3560,11545.397
00e12e8b_3561,11545.4
00e12e8b_3562,11545.403
00e12e8b_3563,11545.407
00e12e8b_3564,11545.41
00e12e8b_3565,11545.414
00e12e8b_3566,11545.418
00e12e8b_3567,11545.422
00e12e8b_3568,11545.427
00e12e8b_3569,11545.432
00e12e8b_3570,11545.436
00e12e8b_3571,11545.44
00e12e8b_3572,11545.446
00e12e8b_3573,11545.451
00e12e8b_3574,11545.457
00e12e8b_3575,11545.462
00e12e8b_3576,11545.468
00e12e8b_3577,11545.474
00e12e8b_3578,11545.48
00e12e8b_3579,11545.486
00e12e8b_3580,11545.493
00e12e8b_3581,11545.499
00e12e8b_3582,11545.506
00e12e8b_3583,11545.513
00e12e8b_3584,11545.5205
00e12e8b_3585,11545.527
00e12e8b_3586,11545.534
00e12e8b_3587,11545.542
00e12e8b_3588,11545.549
00e12e8b_3589,11545.557
00e12e8b_3590,11545.564
00e12e8b_3591,11545.572
00e12e8b_3592,11545.58
00e12e8b_3593,11545.588
00e12e8b_3594,11545.595
00e12e8b_3595,11545.603
00e12e8b_3596,11545.61
00e12e8b_3597,11545.618
00e12e8b_3598,11545.626
00e12e8b_3599,11545.915
00e12e8b_3600,11545.923
00e12e8b_3601,11545.931
00e12e8b_3602,11545.938
00e12e8b_3603,11545.946
00e12e8b_3604,11545.954
00e12e8b_3605,11545.962
00e12e8b_3606,11545.969
00e12e8b_3607,11545.977
00e12e8b_3608,11545.984
00e12e8b_3609,11545.991
00e12e8b_3610,11545.999
00e12e8b_3611,11546.006
00e12e8b_3612,11546.014
00e12e8b_3613,11546.021
00e12e8b_3614,11546.028
00e12e8b_3615,11546.036
00e12e8b_3616,11546.043
00e12e8b_3617,11546.161
00e12e8b_3618,11546.169
00e12e8b_3619,11546.176
00e12e8b_3620,11546.184
00e12e8b_3621,11546.191
00e12e8b_3622,11546.198
00e12e8b_3623,11546.206
00e12e8b_3624,11546.214
00e12e8b_3625,11546.222
00e12e8b_3626,11546.229
00e12e8b_3627,11546.236
00e12e8b_3628,11546.244
00e12e8b_3629,11546.252
00e12e8b_3630,11546.259
00e12e8b_3631,11546.267
00e12e8b_3632,11546.274
00e12e8b_3633,11546.282
00e12e8b_3634,11546.289
00e12e8b_3635,11546.297
00e12e8b_3636,11546.304
00e12e8b_3637,11546.312
00e12e8b_3638,11546.318
00e12e8b_3639,11546.325
00e12e8b_3640,11546.332
00e12e8b_3641,11546.339
00e12e8b_3642,11546.346
00e12e8b_3643,11546.353
00e12e8b_3644,11546.359
00e12e8b_3645,11546.366
00e12e8b_3646,11546.373
00e12e8b_3647,11546.379
00e12e8b_3648,11546.386
00e12e8b_3649,11546.392
00e12e8b_3650,11546.398
00e12e8b_3651,11546.404
00e12e8b_3652,11546.41
00e12e8b_3653,11546.416
00e12e8b_3654,11546.422
00e12e8b_3655,11546.316
00e12e8b_3656,11546.322
00e12e8b_3657,11546.327
00e12e8b_3658,11546.333
00e12e8b_3659,11546.338
00e12e8b_3660,11546.343
00e12e8b_3661,11546.348
00e12e8b_3662,11546.352
00e12e8b_3663,11546.356
00e12e8b_3664,11546.361
00e12e8b_3665,11546.365
00e12e8b_3666,11546.37
00e12e8b_3667,11546.374
00e12e8b_3668,11546.378
00e12e8b_3669,11546.382
00e12e8b_3670,11546.386
00e12e8b_3671,11545.323
00e12e8b_3672,11545.326
00e12e8b_3673,11545.33
00e12e8b_3674,11545.333
00e12e8b_3675,11545.336
00e12e8b_3676,11545.338
00e12e8b_3677,11545.341
00e12e8b_3678,11545.343
00e12e8b_3679,11545.345
00e12e8b_3680,11545.347
00e12e8b_3681,11545.349
00e12e8b_3682,11545.35
00e12e8b_3683,11545.352
00e12e8b_3684,11545.353
00e12e8b_3685,11545.354
00e12e8b_3686,11545.354
00e12e8b_3687,11545.3545
00e12e8b_3688,11545.3545
00e12e8b_3689,11545.3545
00e12e8b_3690,11545.3545
00e12e8b_3691,11545.3545
00e12e8b_3692,11545.354
00e12e8b_3693,11545.354
00e12e8b_3694,11545.353
00e12e8b_3695,11545.353
00e12e8b_3696,11545.352
00e12e8b_3697,11545.351
00e12e8b_3698,11545.35
00e12e8b_3699,11545.35
00e12e8b_3700,11545.349
00e12e8b_3701,11545.348
00e12e8b_3702,11545.346
00e12e8b_3703,11545.345
00e12e8b_3704,11545.344
00e12e8b_3705,11545.343
00e12e8b_3706,11545.342
00e12e8b_3707,11545.34
00e12e8b_3708,11545.339
00e12e8b_3709,11545.337
00e12e8b_3710,11545.335
00e12e8b_3711,11545.334
00e12e8b_3712,11545.332
00e12e8b_3713,11545.33
00e12e8b_3714,11545.328
00e12e8b_3715,11545.326
00e12e8b_3716,11545.324
00e12e8b_3717,11545.321
00e12e8b_3718,11545.319
00e12e8b_3719,11545.317
00e12e8b_3720,11545.314
00e12e8b_3721,11545.3125
00e12e8b_3722,11545.31
00e12e8b_3723,11545.308
00e12e8b_3724,11545.305
00e12e8b_3725,11545.302
00e12e8b_3726,11545.299
00e12e8b_3727,11545.296
00e12e8b_3728,11545.292
00e12e8b_3729,11545.289
00e12e8b_3730,11545.285
00e12e8b_3731,11545.281
00e12e8b_3732,11545.277
00e12e8b_3733,11545.273
00e12e8b_3734,11545.269
00e12e8b_3735,11545.265
00e12e8b_3736,11545.26
00e12e8b_3737,11545.255
00e12e8b_3738,11545.251
00e12e8b_3739,11545.246
00e12e8b_3740,11545.241
00e12e8b_3741,11545.236
00e12e8b_3742,11545.23
00e12e8b_3743,11545.226
00e12e8b_3744,11545.221
00e12e8b_3745,11545.215
00e12e8b_3746,11545.209
00e12e8b_3747,11545.203
00e12e8b_3748,11545.198
00e12e8b_3749,11545.192
00e12e8b_3750,11545.186
00e12e8b_3751,11545.18
00e12e8b_3752,11545.174
00e12e8b_3753,11545.167
00e12e8b_3754,11545.161
00e12e8b_3755,11545.154
00e12e8b_3756,11545.148
00e12e8b_3757,11545.142
00e12e8b_3758,11545.135
00e12e8b_3759,11545.129
00e12e8b_3760,11545.122
00e12e8b_3761,11545.115
00e12e8b_3762,11545.108
00e12e8b_3763,11545.102
00e12e8b_3764,11545.095
00e12e8b_3765,11545.088
00e12e8b_3766,11545.081
00e12e8b_3767,11545.073
00e12e8b_3768,11545.066
00e12e8b_3769,11545.06
00e12e8b_3770,11545.052
00e12e8b_3771,11545.045
00e12e8b_3772,11545.037
00e12e8b_3773,11545.029
00e12e8b_3774,11545.022
00e12e8b_3775,11545.015
00e12e8b_3776,11545.007
00e12e8b_3777,11545.0
00e12e8b_3778,11544.992
00e12e8b_3779,11544.984
00e12e8b_3780,11544.977
00e12e8b_3781,11544.969
00e12e8b_3782,11544.961
00e12e8b_3783,11544.954
00e12e8b_3784,11544.946
00e12e8b_3785,11544.938
00e12e8b_3786,11544.931
00e12e8b_3787,11544.923
00e12e8b_3788,11544.915
00e12e8b_3789,11544.907
00e12e8b_3790,11544.899
00e12e8b_3791,11544.893
00e12e8b_3792,11544.885
00e12e8b_3793,11544.877
00e12e8b_3794,11544.87
00e12e8b_3795,11544.862
00e12e8b_3796,11544.855
00e12e8b_3797,11544.848
00e12e8b_3798,11544.841
00e12e8b_3799,11544.834
00e12e8b_3800,11544.826
00e12e8b_3801,11544.819
00e12e8b_3802,11544.8125
00e12e8b_3803,11544.806
00e12e8b_3804,11544.799
00e12e8b_3805,11544.792
00e12e8b_3806,11544.785
00e12e8b_3807,11544.779
00e12e8b_3808,11544.772
00e12e8b_3809,11544.766
00e12e8b_3810,11544.76
00e12e8b_3811,11544.753
00e12e8b_3812,11544.747
00e12e8b_3813,11544.741
00e12e8b_3814,11544.734
00e12e8b_3815,11544.729
00e12e8b_3816,11544.723
00e12e8b_3817,11544.717
00e12e8b_3818,11544.711
00e12e8b_3819,11544.705
00e12e8b_3820,11544.699
00e12e8b_3821,11544.694
00e12e8b_3822,11544.688
00e12e8b_3823,11544.684
00e12e8b_3824,11544.678
00e12e8b_3825,11544.673
00e12e8b_3826,11544.668
00e12e8b_3827,11544.663
00e12e8b_3828,11544.658
00e12e8b_3829,11544.653
00e12e8b_3830,11544.649
00e12e8b_3831,11544.645
00e12e8b_3832,11544.641
00e12e8b_3833,11544.636
00e12e8b_3834,11544.632
00e12e8b_3835,11544.628
00e12e8b_3836,11544.625
00e12e8b_3837,11544.621
00e12e8b_3838,11544.618
00e12e8b_3839,11544.614
00e12e8b_3840,11544.611
00e12e8b_3841,11544.609
00e12e8b_3842,11544.606
00e12e8b_3843,11544.6045
00e12e8b_3844,11544.603
00e12e8b_3845,11544.602
00e12e8b_3846,11544.6
00e12e8b_3847,11544.599
00e12e8b_3848,11544.599
00e12e8b_3849,11544.599
00e12e8b_3850,11544.599
00e12e8b_3851,11544.599
00e12e8b_3852,11544.6
00e12e8b_3853,11544.601
00e12e8b_3854,11544.602
00e12e8b_3855,11544.604
00e12e8b_3856,11544.605
00e12e8b_3857,11544.608
00e12e8b_3858,11544.61
00e12e8b_3859,11544.613
00e12e8b_3860,11544.617
00e12e8b_3861,11544.62
00e12e8b_3862,11544.624
00e12e8b_3863,11544.628
00e12e8b_3864,11544.633
00e12e8b_3865,11544.637
00e12e8b_3866,11544.642
00e12e8b_3867,11544.6455
00e12e8b_3868,11544.651
00e12e8b_3869,11544.656
00e12e8b_3870,11544.661
00e12e8b_3871,11544.667
00e12e8b_3872,11544.673
00e12e8b_3873,11544.679
00e12e8b_3874,11544.685
00e12e8b_3875,11544.69
00e12e8b_3876,11544.696
00e12e8b_3877,11544.703
00e12e8b_3878,11544.709
00e12e8b_3879,11544.716
00e12e8b_3880,11544.722
00e12e8b_3881,11544.729
00e12e8b_3882,11544.735
00e12e8b_3883,11544.742
00e12e8b_3884,11544.749
00e12e8b_3885,11544.756
00e12e8b_3886,11544.763
00e12e8b_3887,11544.77
00e12e8b_3888,11544.777
00e12e8b_3889,11544.784
00e12e8b_3890,11544.792
00e12e8b_3891,11544.799
00e12e8b_3892,11544.807
00e12e8b_3893,11544.814
00e12e8b_3894,11544.822
00e12e8b_3895,11544.83
00e12e8b_3896,11544.838
00e12e8b_3897,11544.846
00e12e8b_3898,11544.8545
00e12e8b_3899,11544.862
00e12e8b_3900,11544.87
00e12e8b_3901,11544.878
00e12e8b_3902,11544.887
00e12e8b_3903,11544.895
00e12e8b_3904,11544.902
00e12e8b_3905,11544.911
00e12e8b_3906,11544.919
00e12e8b_3907,11544.927
00e12e8b_3908,11544.936
00e12e8b_3909,11544.943
00e12e8b_3910,11544.952
00e12e8b_3911,11544.96
00e12e8b_3912,11544.968
00e12e8b_3913,11544.976
00e12e8b_3914,11544.984
00e12e8b_3915,11544.992
00e12e8b_3916,11544.999
00e12e8b_3917,11545.007
00e12e8b_3918,11545.015
00e12e8b_3919,11545.021
00e12e8b_3920,11545.028
00e12e8b_3921,11545.036
00e12e8b_3922,11545.042
00e12e8b_3923,11545.049
00e12e8b_3924,11545.056
00e12e8b_3925,11545.062
00e12e8b_3926,11545.067
00e12e8b_3927,11545.073
00e12e8b_3928,11545.079
00e12e8b_3929,11545.085
00e12e8b_3930,11545.09
00e12e8b_3931,11545.095
00e12e8b_3932,11545.1
00e12e8b_3933,11545.104
00e12e8b_3934,11545.107
00e12e8b_3935,11545.111
00e12e8b_3936,11545.114
00e12e8b_3937,11545.117
00e12e8b_3938,11545.12
00e12e8b_3939,11545.123
00e12e8b_3940,11545.125
00e12e8b_3941,11545.127
00e12e8b_3942,11545.129
00e12e8b_3943,11545.13
00e12e8b_3944,11545.131
00e12e8b_3945,11545.131
00e12e8b_3946,11545.131
00e12e8b_3947,11545.131
00e12e8b_3948,11545.13
00e12e8b_3949,11545.129
00e12e8b_3950,11545.128
00e12e8b_3951,11545.126
00e12e8b_3952,11545.123
00e12e8b_3953,11545.12
00e12e8b_3954,11545.117
00e12e8b_3955,11545.113
00e12e8b_3956,11545.109
00e12e8b_3957,11545.105
00e12e8b_3958,11545.101
00e12e8b_3959,11545.095
00e12e8b_3960,11545.089
00e12e8b_3961,11545.083
00e12e8b_3962,11545.076
00e12e8b_3963,11545.069
00e12e8b_3964,11545.062
00e12e8b_3965,11545.054
00e12e8b_3966,11545.046
00e12e8b_3967,11545.037
00e12e8b_3968,11545.027
00e12e8b_3969,11545.018
00e12e8b_3970,11545.008
00e12e8b_3971,11544.997
00e12e8b_3972,11544.985
00e12e8b_3973,11544.975
00e12e8b_3974,11544.963
00e12e8b_3975,11544.95
00e12e8b_3976,11544.9375
00e12e8b_3977,11544.925
00e12e8b_3978,11544.911
00e12e8b_3979,11544.897
00e12e8b_3980,11544.884
00e12e8b_3981,11544.87
00e12e8b_3982,11544.855
00e12e8b_3983,11544.84
00e12e8b_3984,11544.825
00e12e8b_3985,11544.81
00e12e8b_3986,11544.793
00e12e8b_3987,11544.777
00e12e8b_3988,11544.761
00e12e8b_3989,11544.743
00e12e8b_3990,11544.727
00e12e8b_3991,11544.709
00e12e8b_3992,11544.691
00e12e8b_3993,11544.673
00e12e8b_3994,11544.654
00e12e8b_3995,11544.636
00e12e8b_3996,11544.617
00e12e8b_3997,11544.598
00e12e8b_3998,11544.578
00e12e8b_3999,11544.558
00e12e8b_4000,11544.538
00e12e8b_4001,11544.518
00e12e8b_4002,11544.497
00e12e8b_4003,11544.477
00e12e8b_4004,11544.455
00e12e8b_4005,11544.434
00e12e8b_4006,11544.412
00e12e8b_4007,11544.39
00e12e8b_4008,11544.367
00e12e8b_4009,11544.345
00e12e8b_4010,11544.322
00e12e8b_4011,11544.299
00e12e8b_4012,11544.275
00e12e8b_4013,11544.252
00e12e8b_4014,11544.229
00e12e8b_4015,11544.204
00e12e8b_4016,11544.18
00e12e8b_4017,11544.155
00e12e8b_4018,11544.131
00e12e8b_4019,11544.105
00e12e8b_4020,11544.081
00e12e8b_4021,11544.056
00e12e8b_4022,11544.029
00e12e8b_4023,11544.004
00e12e8b_4024,11543.978
00e12e8b_4025,11543.951
00e12e8b_4026,11543.925
00e12e8b_4027,11543.898
00e12e8b_4028,11543.872
00e12e8b_4029,11543.845
00e12e8b_4030,11543.818
00e12e8b_4031,11543.791
00e12e8b_4032,11543.765
00e12e8b_4033,11543.66
00e12e8b_4034,11543.633
00e12e8b_4035,11543.605
00e12e8b_4036,11543.578
00e12e8b_4037,11543.551
00e12e8b_4038,11543.523
00e12e8b_4039,11543.496
00e12e8b_4040,11543.469
00e12e8b_4041,11543.441
00e12e8b_4042,11543.413
00e12e8b_4043,11543.386
00e12e8b_4044,11543.358
00e12e8b_4045,11543.33
00e12e8b_4046,11543.303
00e12e8b_4047,11543.275
00e12e8b_4048,11543.248
00e12e8b_4049,11543.22
00e12e8b_4050,11543.192
00e12e8b_4051,11543.165
00e12e8b_4052,11543.138
00e12e8b_4053,11543.11
00e12e8b_4054,11543.082
00e12e8b_4055,11543.056
00e12e8b_4056,11543.028
00e12e8b_4057,11543.001
00e12e8b_4058,11542.974
00e12e8b_4059,11542.946
00e12e8b_4060,11542.919
00e12e8b_4061,11542.892
00e12e8b_4062,11542.865
00e12e8b_4063,11542.838
00e12e8b_4064,11542.812
00e12e8b_4065,11542.784
00e12e8b_4066,11542.758
00e12e8b_4067,11542.731
00e12e8b_4068,11542.705
00e12e8b_4069,11542.679
00e12e8b_4070,11542.652
00e12e8b_4071,11542.627
00e12e8b_4072,11542.601
00e12e8b_4073,11542.575
00e12e8b_4074,11542.55
00e12e8b_4075,11542.524
00e12e8b_4076,11542.499
00e12e8b_4077,11542.475
00e12e8b_4078,11542.45
00e12e8b_4079,11542.425
00e12e8b_4080,11542.401
00e12e8b_4081,11542.377
00e12e8b_4082,11542.132
00e12e8b_4083,11542.108
00e12e8b_4084,11542.085
00e12e8b_4085,11542.062
00e12e8b_4086,11542.038
00e12e8b_4087,11542.016
00e12e8b_4088,11541.992
00e12e8b_4089,11541.97
00e12e8b_4090,11541.948
00e12e8b_4091,11541.926
00e12e8b_4092,11541.904
00e12e8b_4093,11541.883
00e12e8b_4094,11541.861
00e12e8b_4095,11541.84
00e12e8b_4096,11541.818
00e12e8b_4097,11541.798
00e12e8b_4098,11541.777
00e12e8b_4099,11541.757
00e12e8b_4100,11541.736
00e12e8b_4101,11541.717
00e12e8b_4102,11541.697
00e12e8b_4103,11541.678
00e12e8b_4104,11541.658
00e12e8b_4105,11541.639
00e12e8b_4106,11541.62
00e12e8b_4107,11541.602
00e12e8b_4108,11541.583
00e12e8b_4109,11541.564
00e12e8b_4110,11541.547
00e12e8b_4111,11541.529
00e12e8b_4112,11541.512
00e12e8b_4113,11541.495
00e12e8b_4114,11541.479
00e12e8b_4115,11541.462
00e12e8b_4116,11541.445
00e12e8b_4117,11541.43
00e12e8b_4118,11541.414
00e12e8b_4119,11541.398
00e12e8b_4120,11541.384
00e12e8b_4121,11541.369
00e12e8b_4122,11541.3545
00e12e8b_4123,11541.341
00e12e8b_4124,11541.327
00e12e8b_4125,11541.313
00e12e8b_4126,11541.301
00e12e8b_4127,11541.288
00e12e8b_4128,11541.275
00e12e8b_4129,11541.264
00e12e8b_4130,11541.252
00e12e8b_4131,11541.24
00e12e8b_4132,11541.2295
00e12e8b_4133,11541.219
00e12e8b_4134,11541.209
00e12e8b_4135,11541.199
00e12e8b_4136,11541.189
00e12e8b_4137,11541.181
00e12e8b_4138,11541.172
00e12e8b_4139,11541.163
00e12e8b_4140,11541.155
00e12e8b_4141,11541.148
00e12e8b_4142,11541.141
00e12e8b_4143,11541.134
00e12e8b_4144,11541.127
00e12e8b_4145,11541.121
00e12e8b_4146,11541.114
00e12e8b_4147,11541.108
00e12e8b_4148,11541.103
00e12e8b_4149,11541.097
00e12e8b_4150,11541.091
00e12e8b_4151,11541.086
00e12e8b_4152,11541.08
00e12e8b_4153,11541.075
00e12e8b_4154,11541.07
00e12e8b_4155,11541.065
00e12e8b_4156,11541.062
00e12e8b_4157,11541.057
00e12e8b_4158,11541.053
00e12e8b_4159,11541.049
00e12e8b_4160,11541.045
00e12e8b_4161,11541.041
00e12e8b_4162,11541.037
00e12e8b_4163,11541.033
00e12e8b_4164,11541.03
00e12e8b_4165,11541.026
00e12e8b_4166,11541.023
00e12e8b_4167,11541.0205
00e12e8b_4168,11541.019
00e12e8b_4169,11541.016
00e12e8b_4170,11541.013
00e12e8b_4171,11541.011
00e12e8b_4172,11541.009
00e12e8b_4173,11541.007
00e12e8b_4174,11541.005
00e12e8b_4175,11541.003
00e12e8b_4176,11541.002
00e12e8b_4177,11541.0
00e12e8b_4178,11540.999
00e12e8b_4179,11540.998
00e12e8b_4180,11540.997
00e12e8b_4181,11540.996
00e12e8b_4182,11540.996
00e12e8b_4183,11540.995
00e12e8b_4184,11540.995
00e12e8b_4185,11540.995
00e12e8b_4186,11540.995
00e12e8b_4187,11540.995
00e12e8b_4188,11540.996
00e12e8b_4189,11540.996
00e12e8b_4190,11540.997
00e12e8b_4191,11540.997
00e12e8b_4192,11540.998
00e12e8b_4193,11540.999
00e12e8b_4194,11541.0
00e12e8b_4195,11541.001
00e12e8b_4196,11541.002
00e12e8b_4197,11541.003
00e12e8b_4198,11541.005
00e12e8b_4199,11541.006
00e12e8b_4200,11541.007
00e12e8b_4201,11541.009
00e12e8b_4202,11541.011
00e12e8b_4203,11541.013
00e12e8b_4204,11541.015
00e12e8b_4205,11541.017
00e12e8b_4206,11541.019
00e12e8b_4207,11541.0205
00e12e8b_4208,11541.022
00e12e8b_4209,11541.024
00e12e8b_4210,11541.026
00e12e8b_4211,11541.029
00e12e8b_4212,11541.031
00e12e8b_4213,11541.033
00e12e8b_4214,11541.036
00e12e8b_4215,11541.038
00e12e8b_4216,11541.041
00e12e8b_4217,11541.043
00e12e8b_4218,11541.046
00e12e8b_4219,11541.049
00e12e8b_4220,11541.051
00e12e8b_4221,11541.054
00e12e8b_4222,11541.057
00e12e8b_4223,11541.06
00e12e8b_4224,11541.062
00e12e8b_4225,11541.064
00e12e8b_4226,11541.067
00e12e8b_4227,11541.07
00e12e8b_4228,11541.073
00e12e8b_4229,11541.075
00e12e8b_4230,11541.078
00e12e8b_4231,11541.081
00e12e8b_4232,11541.083
00e12e8b_4233,11541.086
00e12e8b_4234,11541.088
00e12e8b_4235,11541.091
00e12e8b_4236,11541.093
00e12e8b_4237,11541.095
00e12e8b_4238,11541.098
00e12e8b_4239,11541.1
00e12e8b_4240,11541.102
00e12e8b_4241,11541.104
00e12e8b_4242,11541.105
00e12e8b_4243,11541.106
00e12e8b_4244,11541.108
00e12e8b_4245,11541.11
00e12e8b_4246,11541.112
00e12e8b_4247,11541.113
00e12e8b_4248,11541.115
00e12e8b_4249,11541.116
00e12e8b_4250,11541.117
00e12e8b_4251,11541.119
00e12e8b_4252,11541.121
00e12e8b_4253,11541.122
00e12e8b_4254,11541.124
00e12e8b_4255,11541.126
00e12e8b_4256,11541.127
00e12e8b_4257,11541.129
00e12e8b_4258,11541.131
00e12e8b_4259,11541.133
00e12e8b_4260,11541.135
00e12e8b_4261,11541.137
00e12e8b_4262,11541.139
00e12e8b_4263,11541.141
00e12e8b_4264,11541.143
00e12e8b_4265,11541.145
00e12e8b_4266,11541.146
00e12e8b_4267,11541.149
00e12e8b_4268,11541.151
00e12e8b_4269,11541.153
00e12e8b_4270,11541.156
00e12e8b_4271,11541.159
00e12e8b_4272,11541.162
00e12e8b_4273,11541.165
00e12e8b_4274,11541.168
00e12e8b_4275,11541.171
00e12e8b_4276,11541.174
00e12e8b_4277,11541.178
00e12e8b_4278,11541.181
00e12e8b_4279,11541.185
00e12e8b_4280,11541.1875
00e12e8b_4281,11541.191
00e12e8b_4282,11541.195
00e12e8b_4283,11541.198
00e12e8b_4284,11541.202
00e12e8b_4285,11541.206
00e12e8b_4286,11541.21
00e12e8b_4287,11541.214
00e12e8b_4288,11541.218
00e12e8b_4289,11541.222
00e12e8b_4290,11541.226
00e12e8b_4291,11541.2295
00e12e8b_4292,11541.233
00e12e8b_4293,11541.238
00e12e8b_4294,11541.242
00e12e8b_4295,11541.246
00e12e8b_4296,11541.25
00e12e8b_4297,11541.255
00e12e8b_4298,11541.259
00e12e8b_4299,11541.264
00e12e8b_4300,11541.268
00e12e8b_4301,11541.272
00e12e8b_4302,11541.277
00e12e8b_4303,11541.281
00e12e8b_4304,11541.286
00e12e8b_4305,11541.291
00e12e8b_4306,11541.295
00e12e8b_4307,11541.3
00e12e8b_4308,11541.305
00e12e8b_4309,11541.309
00e12e8b_4310,11541.313
00e12e8b_4311,11541.318
00e12e8b_4312,11541.323
00e12e8b_4313,11541.327
00e12e8b_4314,11541.332
00e12e8b_4315,11541.337
00e12e8b_4316,11541.341
00e12e8b_4317,11541.346
00e12e8b_4318,11541.351
00e12e8b_4319,11541.3545
00e12e8b_4320,11541.359
00e12e8b_4321,11541.363
00e12e8b_4322,11541.368
00e12e8b_4323,11541.372
00e12e8b_4324,11541.377
00e12e8b_4325,11541.381
00e12e8b_4326,11541.386
00e12e8b_4327,11541.39
00e12e8b_4328,11541.395
00e12e8b_4329,11541.398
00e12e8b_4330,11541.403
00e12e8b_4331,11541.407
00e12e8b_4332,11541.411
00e12e8b_4333,11541.415
00e12e8b_4334,11541.42
00e12e8b_4335,11541.424
00e12e8b_4336,11541.427
00e12e8b_4337,11541.431
00e12e8b_4338,11541.435
00e12e8b_4339,11541.438
00e12e8b_4340,11541.442
00e12e8b_4341,11541.446
00e12e8b_4342,11541.449
00e12e8b_4343,11541.453
00e12e8b_4344,11541.456
00e12e8b_4345,11541.46
00e12e8b_4346,11541.463
00e12e8b_4347,11541.466
00e12e8b_4348,11541.47
00e12e8b_4349,11541.473
00e12e8b_4350,11541.475
00e12e8b_4351,11541.478
00e12e8b_4352,11541.48
00e12e8b_4353,11541.482
00e12e8b_4354,11541.485
00e12e8b_4355,11541.487
00e12e8b_4356,11541.489
00e12e8b_4357,11541.491
00e12e8b_4358,11541.493
00e12e8b_4359,11541.494
00e12e8b_4360,11541.495
00e12e8b_4361,11541.497
00e12e8b_4362,11541.498
00e12e8b_4363,11541.498
00e12e8b_4364,11541.499
00e12e8b_4365,11541.5
00e12e8b_4366,11541.5
00e12e8b_4367,11541.5
00e12e8b_4368,11541.5
00e12e8b_4369,11541.5
00e12e8b_4370,11541.499
00e12e8b_4371,11541.499
00e12e8b_4372,11541.498
00e12e8b_4373,11541.497
00e12e8b_4374,11541.495
00e12e8b_4375,11541.494
00e12e8b_4376,11541.492
00e12e8b_4377,11541.491
00e12e8b_4378,11541.488
00e12e8b_4379,11541.486
00e12e8b_4380,11541.484
00e12e8b_4381,11541.481
00e12e8b_4382,11541.4795
00e12e8b_4383,11541.477
00e12e8b_4384,11541.474
00e12e8b_4385,11541.47
00e12e8b_4386,11541.467
00e12e8b_4387,11541.463
00e12e8b_4388,11541.459
00e12e8b_4389,11541.455
00e12e8b_4390,11541.451
00e12e8b_4391,11541.447
00e12e8b_4392,11541.442
00e12e8b_4393,11541.438
00e12e8b_4394,11541.434
00e12e8b_4395,11541.429
00e12e8b_4396,11541.424
00e12e8b_4397,11541.418
00e12e8b_4398,11541.413
00e12e8b_4399,11541.407
00e12e8b_4400,11541.402
00e12e8b_4401,11541.396
00e12e8b_4402,11541.391
00e12e8b_4403,11541.384
00e12e8b_4404,11541.378
00e12e8b_4405,11541.372
00e12e8b_4406,11541.365
00e12e8b_4407,11541.359
00e12e8b_4408,11541.353
00e12e8b_4409,11541.346
00e12e8b_4410,11541.339
00e12e8b_4411,11541.331
00e12e8b_4412,11541.324
00e12e8b_4413,11541.317
00e12e8b_4414,11541.31
00e12e8b_4415,11541.302
00e12e8b_4416,11541.294
00e12e8b_4417,11541.286
00e12e8b_4418,11541.278
00e12e8b_4419,11541.2705
00e12e8b_4420,11541.262
00e12e8b_4421,11541.253
00e12e8b_4422,11541.244
00e12e8b_4423,11541.235
00e12e8b_4424,11541.227
00e12e8b_4425,11541.217
00e12e8b_4426,11541.207
00e12e8b_4427,11541.197
00e12e8b_4428,11541.1875
00e12e8b_4429,11541.178
00e12e8b_4430,11541.168
00e12e8b_4431,11541.158
00e12e8b_4432,11541.147
00e12e8b_4433,11541.137
00e12e8b_4434,11541.126
00e12e8b_4435,11541.115
00e12e8b_4436,11541.1045
00e12e8b_4437,11541.094
00e12e8b_4438,11541.082
00e12e8b_4439,11541.07
00e12e8b_4440,11541.06
00e12e8b_4441,11541.048
00e12e8b_4442,11541.035
00e12e8b_4443,11541.023
00e12e8b_4444,11541.012
00e12e8b_4445,11541.0
00e12e8b_4446,11540.988
00e12e8b_4447,11540.976
00e12e8b_4448,11540.964
00e12e8b_4449,11540.952
00e12e8b_4450,11540.94
00e12e8b_4451,11540.929
00e12e8b_4452,11540.916
00e12e8b_4453,11540.904
00e12e8b_4454,11540.893
00e12e8b_4455,11540.88
00e12e8b_4456,11540.868
00e12e8b_4457,11540.855
00e12e8b_4458,11540.844
00e12e8b_4459,11540.832
00e12e8b_4460,11540.819
00e12e8b_4461,11540.808
00e12e8b_4462,11540.795
00e12e8b_4463,11540.783
00e12e8b_4464,11540.771
00e12e8b_4465,11540.759
00e12e8b_4466,11540.747
00e12e8b_4467,11540.735
00e12e8b_4468,11540.723
00e12e8b_4469,11540.711
00e12e8b_4470,11540.698
00e12e8b_4471,11540.687
00e12e8b_4472,11540.675
00e12e8b_4473,11540.662
00e12e8b_4474,11540.65
00e12e8b_4475,11540.639
00e12e8b_4476,11540.627
00e12e8b_4477,11540.615
00e12e8b_4478,11540.604
00e12e8b_4479,11540.592
00e12e8b_4480,11540.58
00e12e8b_4481,11540.569
00e12e8b_4482,11540.558
00e12e8b_4483,11540.547
00e12e8b_4484,11540.536
00e12e8b_4485,11540.525
00e12e8b_4486,11540.515
00e12e8b_4487,11540.505
00e12e8b_4488,11540.494
00e12e8b_4489,11540.484
00e12e8b_4490,11540.475
00e12e8b_4491,11540.465
00e12e8b_4492,11540.455
00e12e8b_4493,11540.445
00e12e8b_4494,11540.437
00e12e8b_4495,11540.428
00e12e8b_4496,11540.418
00e12e8b_4497,11540.41
00e12e8b_4498,11540.401
00e12e8b_4499,11540.393
00e12e8b_4500,11540.385
00e12e8b_4501,11540.376
00e12e8b_4502,11540.368
00e12e8b_4503,11540.36
00e12e8b_4504,11540.353
00e12e8b_4505,11540.346
00e12e8b_4506,11540.338
00e12e8b_4507,11540.331
00e12e8b_4508,11540.324
00e12e8b_4509,11540.318
00e12e8b_4510,11540.312
00e12e8b_4511,11540.306
00e12e8b_4512,11540.3
00e12e8b_4513,11540.294
00e12e8b_4514,11540.288
00e12e8b_4515,11540.282
00e12e8b_4516,11540.277
00e12e8b_4517,11540.272
00e12e8b_4518,11540.268
00e12e8b_4519,11540.263
00e12e8b_4520,11540.259
00e12e8b_4521,11540.254
00e12e8b_4522,11540.25
00e12e8b_4523,11540.246
00e12e8b_4524,11540.242
00e12e8b_4525,11540.238
00e12e8b_4526,11540.235
00e12e8b_4527,11540.232
00e12e8b_4528,11540.2295
00e12e8b_4529,11540.227
00e12e8b_4530,11540.224
00e12e8b_4531,11540.221
00e12e8b_4532,11540.219
00e12e8b_4533,11540.217
00e12e8b_4534,11540.215
00e12e8b_4535,11540.213
00e12e8b_4536,11540.211
00e12e8b_4537,11540.21
00e12e8b_4538,11540.209
00e12e8b_4539,11540.208
00e12e8b_4540,11540.207
00e12e8b_4541,11540.207
00e12e8b_4542,11540.206
00e12e8b_4543,11540.206
00e12e8b_4544,11540.206
00e12e8b_4545,11540.206
00e12e8b_4546,11540.207
00e12e8b_4547,11540.207
00e12e8b_4548,11540.208
00e12e8b_4549,11540.21
00e12e8b_4550,11540.211
00e12e8b_4551,11540.213
00e12e8b_4552,11540.214
00e12e8b_4553,11540.217
00e12e8b_4554,11540.219
00e12e8b_4555,11540.222
00e12e8b_4556,11540.224
00e12e8b_4557,11540.228
00e12e8b_4558,11540.23
00e12e8b_4559,11540.234
00e12e8b_4560,11540.238
00e12e8b_4561,11540.242
00e12e8b_4562,11540.246
00e12e8b_4563,11540.251
00e12e8b_4564,11540.256
00e12e8b_4565,11540.262
00e12e8b_4566,11540.267
00e12e8b_4567,11540.272
00e12e8b_4568,11540.278
00e12e8b_4569,11540.285
00e12e8b_4570,11540.291
00e12e8b_4571,11540.298
00e12e8b_4572,11540.305
00e12e8b_4573,11540.312
00e12e8b_4574,11540.318
00e12e8b_4575,11540.325
00e12e8b_4576,11540.333
00e12e8b_4577,11540.34
00e12e8b_4578,11540.348
00e12e8b_4579,11540.355
00e12e8b_4580,11540.363
00e12e8b_4581,11540.371
00e12e8b_4582,11540.379
00e12e8b_4583,11540.388
00e12e8b_4584,11540.396
00e12e8b_4585,11540.404
00e12e8b_4586,11540.413
00e12e8b_4587,11540.422
00e12e8b_4588,11540.432
00e12e8b_4589,11540.44
00e12e8b_4590,11540.449
00e12e8b_4591,11540.458
00e12e8b_4592,11540.468
00e12e8b_4593,11540.477
00e12e8b_4594,11540.485
00e12e8b_4595,11540.494
00e12e8b_4596,11540.503
00e12e8b_4597,11540.512
00e12e8b_4598,11540.5205
00e12e8b_4599,11540.529
00e12e8b_4600,11540.538
00e12e8b_4601,11540.546
00e12e8b_4602,11540.555
00e12e8b_4603,11540.5625
00e12e8b_4604,11540.571
00e12e8b_4605,11540.579
00e12e8b_4606,11540.587
00e12e8b_4607,11540.596
00e12e8b_4608,11540.604
00e12e8b_4609,11540.611
00e12e8b_4610,11540.619
00e12e8b_4611,11540.526
00e12e8b_4612,11540.534
00e12e8b_4613,11540.541
00e12e8b_4614,11540.549
00e12e8b_4615,11540.556
00e12e8b_4616,11540.5625
00e12e8b_4617,11540.569
00e12e8b_4618,11540.576
00e12e8b_4619,11540.583
00e12e8b_4620,11540.589
00e12e8b_4621,11540.596
00e12e8b_4622,11540.602
00e12e8b_4623,11540.608
00e12e8b_4624,11540.614
00e12e8b_4625,11540.62
00e12e8b_4626,11540.626
00e12e8b_4627,11540.631
00e12e8b_4628,11540.637
00e12e8b_4629,11540.642
00e12e8b_4630,11540.646
00e12e8b_4631,11540.651
00e12e8b_4632,11540.656
00e12e8b_4633,11540.661
00e12e8b_4634,11540.665
00e12e8b_4635,11540.67
00e12e8b_4636,11540.674
00e12e8b_4637,11540.678
00e12e8b_4638,11540.682
00e12e8b_4639,11540.685
00e12e8b_4640,11540.688
00e12e8b_4641,11540.691
00e12e8b_4642,11540.694
00e12e8b_4643,11540.697
00e12e8b_4644,11540.7
00e12e8b_4645,11540.702
00e12e8b_4646,11540.705
00e12e8b_4647,11540.707
00e12e8b_4648,11540.708
00e12e8b_4649,11540.71
00e12e8b_4650,11540.7295
00e12e8b_4651,11540.731
00e12e8b_4652,11540.732
00e12e8b_4653,11540.733
00e12e8b_4654,11540.733
00e12e8b_4655,11540.734
00e12e8b_4656,11540.734
00e12e8b_4657,11540.734
00e12e8b_4658,11540.734
00e12e8b_4659,11540.734
00e12e8b_4660,11540.734
00e12e8b_4661,11540.733
00e12e8b_4662,11540.733
00e12e8b_4663,11540.732
00e12e8b_4664,11540.731
00e12e8b_4665,11540.73
00e12e8b_4666,11540.729
00e12e8b_4667,11540.728
00e12e8b_4668,11540.726
00e12e8b_4669,11540.725
00e12e8b_4670,11540.723
00e12e8b_4671,11540.721
00e12e8b_4672,11540.719
00e12e8b_4673,11540.717
00e12e8b_4674,11540.715
00e12e8b_4675,11540.713
00e12e8b_4676,11540.711
00e12e8b_4677,11540.709
00e12e8b_4678,11540.706
00e12e8b_4679,11540.704
00e12e8b_4680,11540.701
00e12e8b_4681,11540.698
00e12e8b_4682,11540.695
00e12e8b_4683,11540.692
00e12e8b_4684,11540.689
00e12e8b_4685,11540.686
00e12e8b_4686,11540.683
00e12e8b_4687,11540.679
00e12e8b_4688,11540.676
00e12e8b_4689,11540.672
00e12e8b_4690,11540.668
00e12e8b_4691,11540.664
00e12e8b_4692,11540.659
00e12e8b_4693,11540.655
00e12e8b_4694,11540.65
00e12e8b_4695,11540.646
00e12e8b_4696,11540.642
00e12e8b_4697,11540.636
00e12e8b_4698,11540.631
00e12e8b_4699,11540.626
00e12e8b_4700,11540.62
00e12e8b_4701,11540.614
00e12e8b_4702,11540.608
00e12e8b_4703,11540.603
00e12e8b_4704,11540.597
00e12e8b_4705,11540.59
00e12e8b_4706,11540.583
00e12e8b_4707,11540.576
00e12e8b_4708,11540.569
00e12e8b_4709,11540.5625
00e12e8b_4710,11540.556
00e12e8b_4711,11540.548
00e12e8b_4712,11540.541
00e12e8b_4713,11540.533
00e12e8b_4714,11540.525
00e12e8b_4715,11540.519
00e12e8b_4716,11540.511
00e12e8b_4717,11540.502
00e12e8b_4718,11540.494
00e12e8b_4719,11540.486
00e12e8b_4720,11540.479
00e12e8b_4721,11540.47
00e12e8b_4722,11540.462
00e12e8b_4723,11540.453
00e12e8b_4724,11540.444
00e12e8b_4725,11540.437
00e12e8b_4726,11540.428
00e12e8b_4727,11540.419
00e12e8b_4728,11540.411
00e12e8b_4729,11540.402
00e12e8b_4730,11540.394
00e12e8b_4731,11540.385
00e12e8b_4732,11540.376
00e12e8b_4733,11540.366
00e12e8b_4734,11540.357
00e12e8b_4735,11540.349
00e12e8b_4736,11540.34
00e12e8b_4737,11540.33
00e12e8b_4738,11540.321
00e12e8b_4739,11540.312
00e12e8b_4740,11540.303
00e12e8b_4741,11540.294
00e12e8b_4742,11540.284
00e12e8b_4743,11540.275
00e12e8b_4744,11540.267
00e12e8b_4745,11540.257
00e12e8b_4746,11540.248
00e12e8b_4747,11540.239
00e12e8b_4748,11540.2295
00e12e8b_4749,11540.221
00e12e8b_4750,11540.211
00e12e8b_4751,11540.202
00e12e8b_4752,11540.192
00e12e8b_4753,11540.183
00e12e8b_4754,11540.174
00e12e8b_4755,11540.164
00e12e8b_4756,11540.154
00e12e8b_4757,11540.1455
00e12e8b_4758,11540.136
00e12e8b_4759,11540.126
00e12e8b_4760,11540.116
00e12e8b_4761,11540.107
00e12e8b_4762,11540.098
00e12e8b_4763,11540.088
00e12e8b_4764,11540.079
00e12e8b_4765,11540.069
00e12e8b_4766,11540.06
00e12e8b_4767,11540.051
00e12e8b_4768,11540.041
00e12e8b_4769,11540.031
00e12e8b_4770,11540.021
00e12e8b_4771,11540.013
00e12e8b_4772,11540.003
00e12e8b_4773,11539.993
00e12e8b_4774,11539.983
00e12e8b_4775,11539.975
00e12e8b_4776,11539.965
00e12e8b_4777,11539.955
00e12e8b_4778,11539.946
00e12e8b_4779,11539.937
00e12e8b_4780,11539.927
00e12e8b_4781,11539.917
00e12e8b_4782,11539.907
00e12e8b_4783,11539.897
00e12e8b_4784,11539.888
00e12e8b_4785,11539.878
00e12e8b_4786,11539.867
00e12e8b_4787,11539.857
00e12e8b_4788,11539.848
00e12e8b_4789,11539.837
00e12e8b_4790,11539.826
00e12e8b_4791,11539.816
00e12e8b_4792,11539.806
00e12e8b_4793,11539.795
00e12e8b_4794,11539.784
00e12e8b_4795,11539.773
00e12e8b_4796,11539.763
00e12e8b_4797,11539.752
00e12e8b_4798,11539.741
00e12e8b_4799,11539.73
00e12e8b_4800,11539.72
00e12e8b_4801,11539.708
00e12e8b_4802,11539.697
00e12e8b_4803,11539.687
00e12e8b_4804,11539.675
00e12e8b_4805,11539.664
00e12e8b_4806,11539.652
00e12e8b_4807,11539.641
00e12e8b_4808,11539.629
00e12e8b_4809,11539.617
00e12e8b_4810,11539.605
00e12e8b_4811,11539.594
00e12e8b_4812,11539.582
00e12e8b_4813,11539.57
00e12e8b_4814,11539.558
00e12e8b_4815,11539.546
00e12e8b_4816,11539.533
00e12e8b_4817,11539.521
00e12e8b_4818,11539.509
00e12e8b_4819,11539.496
00e12e8b_4820,11539.484
00e12e8b_4821,11539.472
00e12e8b_4822,11539.459
00e12e8b_4823,11539.446
00e12e8b_4824,11539.434
00e12e8b_4825,11539.421
00e12e8b_4826,11539.408
00e12e8b_4827,11539.3955
00e12e8b_4828,11539.383
00e12e8b_4829,11539.37
00e12e8b_4830,11539.357
00e12e8b_4831,11539.345
00e12e8b_4832,11539.332
00e12e8b_4833,11539.319
00e12e8b_4834,11539.307
00e12e8b_4835,11539.293
00e12e8b_4836,11539.28
00e12e8b_4837,11539.268
00e12e8b_4838,11539.255
00e12e8b_4839,11539.242
00e12e8b_4840,11539.2295
00e12e8b_4841,11539.216
00e12e8b_4842,11539.203
00e12e8b_4843,11539.19
00e12e8b_4844,11539.178
00e12e8b_4845,11539.165
00e12e8b_4846,11539.152
00e12e8b_4847,11539.14
00e12e8b_4848,11539.127
00e12e8b_4849,11539.114
00e12e8b_4850,11539.102
00e12e8b_4851,11539.089
00e12e8b_4852,11539.076
00e12e8b_4853,11539.063
00e12e8b_4854,11539.051
00e12e8b_4855,11539.038
00e12e8b_4856,11539.025
00e12e8b_4857,11539.013
00e12e8b_4858,11539.0
00e12e8b_4859,11538.987
00e12e8b_4860,11538.976
00e12e8b_4861,11538.963
00e12e8b_4862,11538.95
00e12e8b_4863,11538.9375
00e12e8b_4864,11538.925
00e12e8b_4865,11538.912
00e12e8b_4866,11538.898
00e12e8b_4867,11538.886
00e12e8b_4868,11538.873
00e12e8b_4869,11538.86
00e12e8b_4870,11538.847
00e12e8b_4871,11538.834
00e12e8b_4872,11538.82
00e12e8b_4873,11538.807
00e12e8b_4874,11538.793
00e12e8b_4875,11538.78
00e12e8b_4876,11538.767
00e12e8b_4877,11538.753
00e12e8b_4878,11538.738
00e12e8b_4879,11538.725
00e12e8b_4880,11538.711
00e12e8b_4881,11538.696
00e12e8b_4882,11538.682
00e12e8b_4883,11538.668
00e12e8b_4884,11538.653
00e12e8b_4885,11538.639
00e12e8b_4886,11538.624
00e12e8b_4887,11538.608
00e12e8b_4888,11538.594
00e12e8b_4889,11538.579
00e12e8b_4890,11538.564
00e12e8b_4891,11538.549
00e12e8b_4892,11538.534
00e12e8b_4893,11538.52
00e12e8b_4894,11538.504
00e12e8b_4895,11538.489
00e12e8b_4896,11538.475
00e12e8b_4897,11538.46
00e12e8b_4898,11538.445
00e12e8b_4899,11538.431
00e12e8b_4900,11538.415
00e12e8b_4901,11538.401
00e12e8b_4902,11538.387
00e12e8b_4903,11538.372
00e12e8b_4904,11538.357
00e12e8b_4905,11538.343
00e12e8b_4906,11538.329
00e12e8b_4907,11538.314
00e12e8b_4908,11538.301
00e12e8b_4909,11538.286
00e12e8b_4910,11538.272
00e12e8b_4911,11538.258
00e12e8b_4912,11538.244
00e12e8b_4913,11538.23
00e12e8b_4914,11538.216
00e12e8b_4915,11538.202
00e12e8b_4916,11538.1875
00e12e8b_4917,11538.174
00e12e8b_4918,11538.159
00e12e8b_4919,11538.1455
00e12e8b_4920,11538.131
00e12e8b_4921,11538.117
00e12e8b_4922,11538.104
00e12e8b_4923,11538.089
00e12e8b_4924,11538.075
00e12e8b_4925,11538.061
00e12e8b_4926,11538.047
00e12e8b_4927,11538.032
00e12e8b_4928,11538.019
00e12e8b_4929,11538.005
00e12e8b_4930,11537.991
00e12e8b_4931,11537.978
00e12e8b_4932,11537.964
00e12e8b_4933,11537.95
00e12e8b_4934,11537.937
00e12e8b_4935,11537.923
00e12e8b_4936,11537.909
00e12e8b_4937,11537.896
00e12e8b_4938,11537.883
00e12e8b_4939,11537.87
00e12e8b_4940,11537.857
00e12e8b_4941,11537.844
00e12e8b_4942,11537.831
00e12e8b_4943,11537.818
00e12e8b_4944,11537.807
00e12e8b_4945,11537.794
00e12e8b_4946,11537.781
00e12e8b_4947,11537.77
00e12e8b_4948,11537.757
00e12e8b_4949,11537.745
00e12e8b_4950,11537.733
00e12e8b_4951,11537.722
00e12e8b_4952,11537.71
00e12e8b_4953,11537.698
00e12e8b_4954,11537.6875
00e12e8b_4955,11537.677
00e12e8b_4956,11537.665
00e12e8b_4957,11537.655
00e12e8b_4958,11537.645
00e12e8b_4959,11537.634
00e12e8b_4960,11537.624
00e12e8b_4961,11537.614
00e12e8b_4962,11537.604
00e12e8b_4963,11537.595
00e12e8b_4964,11537.585
00e12e8b_4965,11537.575
00e12e8b_4966,11537.566
00e12e8b_4967,11537.557
00e12e8b_4968,11537.548
00e12e8b_4969,11537.538
00e12e8b_4970,11537.529
00e12e8b_4971,11537.5205
00e12e8b_4972,11537.512
00e12e8b_4973,11537.502
00e12e8b_4974,11537.493
00e12e8b_4975,11537.483
00e12e8b_4976,11537.475
00e12e8b_4977,11537.465
00e12e8b_4978,11537.456
00e12e8b_4979,11537.446
00e12e8b_4980,11537.437
00e12e8b_4981,11537.428
00e12e8b_4982,11537.418
00e12e8b_4983,11537.408
00e12e8b_4984,11537.398
00e12e8b_4985,11537.389
00e12e8b_4986,11537.38
00e12e8b_4987,11537.37
00e12e8b_4988,11537.36
00e12e8b_4989,11537.351
00e12e8b_4990,11537.341
00e12e8b_4991,11537.331
00e12e8b_4992,11537.322
00e12e8b_4993,11537.3125
00e12e8b_4994,11537.303
00e12e8b_4995,11537.293
00e12e8b_4996,11537.283
00e12e8b_4997,11537.274
00e12e8b_4998,11537.265
00e12e8b_4999,11537.256
00e12e8b_5000,11537.246
00e12e8b_5001,11537.237
00e12e8b_5002,11537.228
00e12e8b_5003,11537.219
00e12e8b_5004,11537.21
00e12e8b_5005,11537.201
00e12e8b_5006,11537.192
00e12e8b_5007,11537.184
00e12e8b_5008,11537.175
00e12e8b_5009,11537.166
00e12e8b_5010,11537.157
00e12e8b_5011,11537.149
00e12e8b_5012,11537.141
00e12e8b_5013,11537.132
00e12e8b_5014,11537.123
00e12e8b_5015,11537.115
00e12e8b_5016,11537.106
00e12e8b_5017,11537.098
00e12e8b_5018,11537.089
00e12e8b_5019,11537.081
00e12e8b_5020,11537.072
00e12e8b_5021,11537.063
00e12e8b_5022,11537.056
00e12e8b_5023,11537.047
00e12e8b_5024,11537.038
00e12e8b_5025,11537.03
00e12e8b_5026,11537.021
00e12e8b_5027,11537.013
00e12e8b_5028,11537.005
00e12e8b_5029,11536.996
00e12e8b_5030,11536.987
00e12e8b_5031,11536.9795
00e12e8b_5032,11536.971
00e12e8b_5033,11536.962
00e12e8b_5034,11536.954
00e12e8b_5035,11536.945
00e12e8b_5036,11536.937
00e12e8b_5037,11536.929
00e12e8b_5038,11536.92
00e12e8b_5039,11536.912
00e12e8b_5040,11536.903
00e12e8b_5041,11536.895
00e12e8b_5042,11536.887
00e12e8b_5043,11536.878
00e12e8b_5044,11536.869
00e12e8b_5045,11536.861
00e12e8b_5046,11536.853
00e12e8b_5047,11536.844
00e12e8b_5048,11536.835
00e12e8b_5049,11536.826
00e12e8b_5050,11536.817
00e12e8b_5051,11536.809
00e12e8b_5052,11536.8
00e12e8b_5053,11536.791
00e12e8b_5054,11536.782
00e12e8b_5055,11536.773
00e12e8b_5056,11536.765
00e12e8b_5057,11536.756
00e12e8b_5058,11536.747
00e12e8b_5059,11536.738
00e12e8b_5060,11536.7295
00e12e8b_5061,11536.721
00e12e8b_5062,11536.712
00e12e8b_5063,11536.703
00e12e8b_5064,11536.694
00e12e8b_5065,11536.685
00e12e8b_5066,11536.676
00e12e8b_5067,11536.667
00e12e8b_5068,11536.657
00e12e8b_5069,11536.648
00e12e8b_5070,11536.64
00e12e8b_5071,11536.631
00e12e8b_5072,11536.621
00e12e8b_5073,11536.612
00e12e8b_5074,11536.604
00e12e8b_5075,11536.595
00e12e8b_5076,11536.586
00e12e8b_5077,11536.577
00e12e8b_5078,11536.568
00e12e8b_5079,11536.56
00e12e8b_5080,11536.551
00e12e8b_5081,11536.542
00e12e8b_5082,11536.533
00e12e8b_5083,11536.524
00e12e8b_5084,11536.516
00e12e8b_5085,11536.507
00e12e8b_5086,11536.498
00e12e8b_5087,11536.49
00e12e8b_5088,11536.481
00e12e8b_5089,11536.473
00e12e8b_5090,11536.465
00e12e8b_5091,11536.456
00e12e8b_5092,11536.447
00e12e8b_5093,11536.439
00e12e8b_5094,11536.431
00e12e8b_5095,11536.422
00e12e8b_5096,11536.414
00e12e8b_5097,11536.405
00e12e8b_5098,11536.396
00e12e8b_5099,11536.389
00e12e8b_5100,11536.38
00e12e8b_5101,11536.371
00e12e8b_5102,11536.363
00e12e8b_5103,11536.3545
00e12e8b_5104,11536.346
00e12e8b_5105,11536.337
00e12e8b_5106,11536.328
00e12e8b_5107,11536.319
00e12e8b_5108,11536.31
00e12e8b_5109,11536.301
00e12e8b_5110,11536.292
00e12e8b_5111,11536.283
00e12e8b_5112,11536.274
00e12e8b_5113,11536.266
00e12e8b_5114,11536.257
00e12e8b_5115,11536.247
00e12e8b_5116,11536.238
00e12e8b_5117,11536.2295
00e12e8b_5118,11536.221
00e12e8b_5119,11536.212
00e12e8b_5120,11536.203
00e12e8b_5121,11536.194
00e12e8b_5122,11536.157
00e12e8b_5123,11536.149
00e12e8b_5124,11536.141
00e12e8b_5125,11536.132
00e12e8b_5126,11536.123
00e12e8b_5127,11536.115
00e12e8b_5128,11536.106
00e12e8b_5129,11536.099
00e12e8b_5130,11536.09
00e12e8b_5131,11536.082
00e12e8b_5132,11536.074
00e12e8b_5133,11536.066
00e12e8b_5134,11536.059
00e12e8b_5135,11536.051
00e12e8b_5136,11536.043
00e12e8b_5137,11536.036
00e12e8b_5138,11536.028
00e12e8b_5139,11536.021
00e12e8b_5140,11536.015
00e12e8b_5141,11536.007
00e12e8b_5142,11536.0
00e12e8b_5143,11535.993
00e12e8b_5144,11535.987
00e12e8b_5145,11535.98
00e12e8b_5146,11535.974
00e12e8b_5147,11535.967
00e12e8b_5148,11535.961
00e12e8b_5149,11535.954
00e12e8b_5150,11535.948
00e12e8b_5151,11535.942
00e12e8b_5152,11535.936
00e12e8b_5153,11535.93
00e12e8b_5154,11535.924
00e12e8b_5155,11535.918
00e12e8b_5156,11535.911
00e12e8b_5157,11535.905
00e12e8b_5158,11535.898
00e12e8b_5159,11535.893
00e12e8b_5160,11535.886
00e12e8b_5161,11535.88
00e12e8b_5162,11535.873
00e12e8b_5163,11535.866
00e12e8b_5164,11535.859
00e12e8b_5165,11535.853
00e12e8b_5166,11535.846
00e12e8b_5167,11535.838
00e12e8b_5168,11535.831
00e12e8b_5169,11535.823
00e12e8b_5170,11535.816
00e12e8b_5171,11535.809
00e12e8b_5172,11535.801
00e12e8b_5173,11535.793
00e12e8b_5174,11535.786
00e12e8b_5175,11535.778
00e12e8b_5176,11535.7705
00e12e8b_5177,11535.763
00e12e8b_5178,11535.755
00e12e8b_5179,11535.747
00e12e8b_5180,11535.739
00e12e8b_5181,11535.73
00e12e8b_5182,11535.723
00e12e8b_5183,11535.715
00e12e8b_5184,11535.707
00e12e8b_5185,11535.699
00e12e8b_5186,11535.69
00e12e8b_5187,11535.683
00e12e8b_5188,11535.674
00e12e8b_5189,11535.666
00e12e8b_5190,11535.657
00e12e8b_5191,11535.649
00e12e8b_5192,11535.641
00e12e8b_5193,11535.632
00e12e8b_5194,11535.623
00e12e8b_5195,11535.614
00e12e8b_5196,11535.605
00e12e8b_5197,11535.597
00e12e8b_5198,11535.587
00e12e8b_5199,11535.578
00e12e8b_5200,11535.568
00e12e8b_5201,11535.559
00e12e8b_5202,11535.548
00e12e8b_5203,11535.538
00e12e8b_5204,11535.527
00e12e8b_5205,11535.517
00e12e8b_5206,11535.506
00e12e8b_5207,11535.495
00e12e8b_5208,11535.483
00e12e8b_5209,11535.472
00e12e8b_5210,11535.46
00e12e8b_5211,11535.448
00e12e8b_5212,11535.436
00e12e8b_5213,11535.424
00e12e8b_5214,11535.411
00e12e8b_5215,11535.398
00e12e8b_5216,11535.386
00e12e8b_5217,11535.373
00e12e8b_5218,11535.36
00e12e8b_5219,11535.348
00e12e8b_5220,11535.335
00e12e8b_5221,11535.321
00e12e8b_5222,11535.309
00e12e8b_5223,11535.296
00e12e8b_5224,11535.282
00e12e8b_5225,11535.27
00e12e8b_5226,11535.256
00e12e8b_5227,11535.242
00e12e8b_5228,11535.2295
00e12e8b_5229,11535.216
00e12e8b_5230,11535.202
00e12e8b_5231,11535.188
00e12e8b_5232,11535.175
00e12e8b_5233,11535.161
00e12e8b_5234,11535.147
00e12e8b_5235,11535.134
00e12e8b_5236,11535.119
00e12e8b_5237,11535.105
00e12e8b_5238,11535.091
00e12e8b_5239,11535.077
00e12e8b_5240,11535.0625
00e12e8b_5241,11535.048
00e12e8b_5242,11535.033
00e12e8b_5243,11535.019
00e12e8b_5244,11535.003
00e12e8b_5245,11534.988
00e12e8b_5246,11534.973
00e12e8b_5247,11534.957
00e12e8b_5248,11534.941
00e12e8b_5249,11534.926
00e12e8b_5250,11534.91
00e12e8b_5251,11534.894
00e12e8b_5252,11534.877
00e12e8b_5253,11534.86
00e12e8b_5254,11534.844
00e12e8b_5255,11534.826
00e12e8b_5256,11534.81
00e12e8b_5257,11534.791
00e12e8b_5258,11534.773
00e12e8b_5259,11534.755
00e12e8b_5260,11534.736
00e12e8b_5261,11534.717
00e12e8b_5262,11534.698
00e12e8b_5263,11534.679
00e12e8b_5264,11534.658
00e12e8b_5265,11534.639
00e12e8b_5266,11534.618
00e12e8b_5267,11534.598
00e12e8b_5268,11534.576
00e12e8b_5269,11534.556
00e12e8b_5270,11534.534
00e12e8b_5271,11534.512
00e12e8b_5272,11534.49
00e12e8b_5273,11534.468
00e12e8b_5274,11534.445
00e12e8b_5275,11534.423
00e12e8b_5276,11534.4
00e12e8b_5277,11534.377
00e12e8b_5278,11534.3545
00e12e8b_5279,11534.331
00e12e8b_5280,11534.308
00e12e8b_5281,11534.283
00e12e8b_5282,11534.26
00e12e8b_5283,11534.235
00e12e8b_5284,11534.211
00e12e8b_5285,11534.187
00e12e8b_5286,11534.162
00e12e8b_5287,11534.138
00e12e8b_5288,11534.112
00e12e8b_5289,11534.088
00e12e8b_5290,11534.0625
00e12e8b_5291,11534.037
00e12e8b_5292,11534.012
00e12e8b_5293,11533.985
00e12e8b_5294,11533.96
00e12e8b_5295,11533.935
00e12e8b_5296,11533.908
00e12e8b_5297,11533.882
00e12e8b_5298,11533.855
00e12e8b_5299,11533.829
00e12e8b_5300,11533.803
00e12e8b_5301,11533.776
00e12e8b_5302,11533.75
00e12e8b_5303,11533.724
00e12e8b_5304,11533.696
00e12e8b_5305,11533.67
00e12e8b_5306,11533.644
00e12e8b_5307,11533.616
00e12e8b_5308,11533.59
00e12e8b_5309,11533.563
00e12e8b_5310,11533.536
00e12e8b_5311,11533.51
00e12e8b_5312,11533.483
00e12e8b_5313,11533.456
00e12e8b_5314,11533.43
00e12e8b_5315,11533.403
00e12e8b_5316,11533.377
00e12e8b_5317,11533.351
00e12e8b_5318,11533.323
00e12e8b_5319,11533.297
00e12e8b_5320,11533.2705
00e12e8b_5321,11533.244
00e12e8b_5322,11533.218
00e12e8b_5323,11533.191
00e12e8b_5324,11533.165
00e12e8b_5325,11533.14
00e12e8b_5326,11533.113
00e12e8b_5327,11533.087
00e12e8b_5328,11533.062
00e12e8b_5329,11533.035
00e12e8b_5330,11533.01
00e12e8b_5331,11532.984
00e12e8b_5332,11532.959
00e12e8b_5333,11532.934
00e12e8b_5334,11532.908
00e12e8b_5335,11532.883
00e12e8b_5336,11532.858
00e12e8b_5337,11532.833
00e12e8b_5338,11532.809
00e12e8b_5339,11532.783
00e12e8b_5340,11532.759
00e12e8b_5341,11532.734
00e12e8b_5342,11532.71
00e12e8b_5343,11532.686
00e12e8b_5344,11532.661
00e12e8b_5345,11532.638
00e12e8b_5346,11532.613
00e12e8b_5347,11532.59
00e12e8b_5348,11532.565
00e12e8b_5349,11532.542
00e12e8b_5350,11532.418
00e12e8b_5351,11532.395
00e12e8b_5352,11532.371
00e12e8b_5353,11532.348
00e12e8b_5354,11532.325
00e12e8b_5355,11532.302
00e12e8b_5356,11532.278
00e12e8b_5357,11532.256
00e12e8b_5358,11532.232
00e12e8b_5359,11532.21
00e12e8b_5360,11532.1875
00e12e8b_5361,11532.165
00e12e8b_5362,11532.143
00e12e8b_5363,11532.121
00e12e8b_5364,11532.099
00e12e8b_5365,11532.077
00e12e8b_5366,11532.056
00e12e8b_5367,11532.034
00e12e8b_5368,11532.013
00e12e8b_5369,11531.991
00e12e8b_5370,11531.971
00e12e8b_5371,11531.949
00e12e8b_5372,11531.929
00e12e8b_5373,11531.908
00e12e8b_5374,11531.888
00e12e8b_5375,11531.867
00e12e8b_5376,11531.847
00e12e8b_5377,11531.826
00e12e8b_5378,11531.806
00e12e8b_5379,11531.786
00e12e8b_5380,11531.766
00e12e8b_5381,11531.745
00e12e8b_5382,11531.726
00e12e8b_5383,11531.705
00e12e8b_5384,11531.686
00e12e8b_5385,11531.666
00e12e8b_5386,11531.6455
00e12e8b_5387,11531.626
00e12e8b_5388,11531.606
00e12e8b_5389,11531.587
00e12e8b_5390,11531.566
00e12e8b_5391,11531.547
00e12e8b_5392,11531.527
00e12e8b_5393,11531.508
00e12e8b_5394,11531.488
00e12e8b_5395,11531.469
00e12e8b_5396,11531.448
00e12e8b_5397,11531.429
00e12e8b_5398,11531.409
00e12e8b_5399,11531.39
00e12e8b_5400,11531.37
00e12e8b_5401,11531.351
00e12e8b_5402,11531.331
00e12e8b_5403,11531.312
00e12e8b_5404,11531.292
00e12e8b_5405,11531.273
00e12e8b_5406,11531.254
00e12e8b_5407,11531.234
00e12e8b_5408,11531.215
00e12e8b_5409,11531.196
00e12e8b_5410,11531.177
00e12e8b_5411,11531.158
00e12e8b_5412,11531.14
00e12e8b_5413,11531.121
00e12e8b_5414,11531.103
00e12e8b_5415,11531.084
00e12e8b_5416,11531.065
00e12e8b_5417,11531.047
00e12e8b_5418,11531.028
00e12e8b_5419,11531.01
00e12e8b_5420,11530.991
00e12e8b_5421,11530.973
00e12e8b_5422,11530.955
00e12e8b_5423,11530.936
00e12e8b_5424,11530.917
00e12e8b_5425,11530.898
00e12e8b_5426,11530.88
00e12e8b_5427,11530.86
00e12e8b_5428,11530.842
00e12e8b_5429,11530.822
00e12e8b_5430,11530.803
00e12e8b_5431,11530.783
00e12e8b_5432,11530.764
00e12e8b_5433,11530.744
00e12e8b_5434,11530.724
00e12e8b_5435,11530.704
00e12e8b_5436,11530.684
00e12e8b_5437,11530.663
00e12e8b_5438,11530.643
00e12e8b_5439,11530.622
00e12e8b_5440,11530.602
00e12e8b_5441,11530.58
00e12e8b_5442,11530.56
00e12e8b_5443,11530.538
00e12e8b_5444,11530.517
00e12e8b_5445,11530.495
00e12e8b_5446,11530.473
00e12e8b_5447,11530.451
00e12e8b_5448,11530.429
00e12e8b_5449,11530.406
00e12e8b_5450,11530.385
00e12e8b_5451,11530.362
00e12e8b_5452,11530.339
00e12e8b_5453,11530.316
00e12e8b_5454,11530.294
00e12e8b_5455,11530.2705
00e12e8b_5456,11530.247
00e12e8b_5457,11530.224
00e12e8b_5458,11530.2
00e12e8b_5459,11530.177
00e12e8b_5460,11530.153
00e12e8b_5461,11530.13
00e12e8b_5462,11530.106
00e12e8b_5463,11530.083
00e12e8b_5464,11530.059
00e12e8b_5465,11530.035
00e12e8b_5466,11530.012
00e12e8b_5467,11529.988
00e12e8b_5468,11529.964
00e12e8b_5469,11529.94
00e12e8b_5470,11529.917
00e12e8b_5471,11529.894
00e12e8b_5472,11529.87
00e12e8b_5473,11530.182
00e12e8b_5474,11529.822
00e12e8b_5475,11529.799
00e12e8b_5476,11530.111
00e12e8b_5477,11529.752
00e12e8b_5478,11529.729
00e12e8b_5479,11530.04
00e12e8b_5480,11529.681
00e12e8b_5481,11529.657
00e12e8b_5482,11529.633
00e12e8b_5483,11529.609
00e12e8b_5484,11529.586
00e12e8b_5485,11529.562
00e12e8b_5486,11529.538
00e12e8b_5487,11529.515
00e12e8b_5488,11529.49
00e12e8b_5489,11529.466
00e12e8b_5490,11529.442
00e12e8b_5491,11529.418
00e12e8b_5492,11529.395
00e12e8b_5493,11529.37
00e12e8b_5494,11529.346
00e12e8b_5495,11529.321
00e12e8b_5496,11529.298
00e12e8b_5497,11529.273
00e12e8b_5498,11529.249
00e12e8b_5499,11529.226
00e12e8b_5500,11529.201
00e12e8b_5501,11529.178
00e12e8b_5502,11529.153
00e12e8b_5503,11529.13
00e12e8b_5504,11529.105
00e12e8b_5505,11529.082
00e12e8b_5506,11529.059
00e12e8b_5507,11529.035
00e12e8b_5508,11529.012
00e12e8b_5509,11528.988
00e12e8b_5510,11528.965
00e12e8b_5511,11528.942
00e12e8b_5512,11528.92
00e12e8b_5513,11528.896
00e12e8b_5514,11528.875
00e12e8b_5515,11528.853
00e12e8b_5516,11528.83
00e12e8b_5517,11528.809
00e12e8b_5518,11528.787
00e12e8b_5519,11528.766
00e12e8b_5520,11528.744
00e12e8b_5521,11528.724
00e12e8b_5522,11528.702
00e12e8b_5523,11528.682
00e12e8b_5524,11528.661
00e12e8b_5525,11528.641
00e12e8b_5526,11528.62
00e12e8b_5527,11528.601
00e12e8b_5528,11528.58
00e12e8b_5529,11528.561
00e12e8b_5530,11528.541
00e12e8b_5531,11528.521
00e12e8b_5532,11528.502
00e12e8b_5533,11528.482
00e12e8b_5534,11528.463
00e12e8b_5535,11528.444
00e12e8b_5536,11528.425
00e12e8b_5537,11528.406
00e12e8b_5538,11528.387
00e12e8b_5539,11528.368
00e12e8b_5540,11528.35
00e12e8b_5541,11528.331
00e12e8b_5542,11528.3125
00e12e8b_5543,11528.294
00e12e8b_5544,11528.275
00e12e8b_5545,11528.257
00e12e8b_5546,11528.238
00e12e8b_5547,11528.221
00e12e8b_5548,11528.202
00e12e8b_5549,11528.185
00e12e8b_5550,11528.166
00e12e8b_5551,11528.148
00e12e8b_5552,11528.131
00e12e8b_5553,11528.113
00e12e8b_5554,11528.096
00e12e8b_5555,11528.078
00e12e8b_5556,11528.062
00e12e8b_5557,11528.044
00e12e8b_5558,11528.027
00e12e8b_5559,11528.011
00e12e8b_5560,11527.993
00e12e8b_5561,11527.977
00e12e8b_5562,11527.96
00e12e8b_5563,11527.943
00e12e8b_5564,11527.927
00e12e8b_5565,11527.91
00e12e8b_5566,11527.895
00e12e8b_5567,11527.878
00e12e8b_5568,11527.861
00e12e8b_5569,11527.846
00e12e8b_5570,11527.83
00e12e8b_5571,11527.813
00e12e8b_5572,11527.798
00e12e8b_5573,11527.782
00e12e8b_5574,11527.767
00e12e8b_5575,11527.751
00e12e8b_5576,11527.735
00e12e8b_5577,11527.72
00e12e8b_5578,11527.704
00e12e8b_5579,11527.688
00e12e8b_5580,11527.674
00e12e8b_5581,11527.658
00e12e8b_5582,11527.644
00e12e8b_5583,11527.628
00e12e8b_5584,11527.613
00e12e8b_5585,11527.599
00e12e8b_5586,11527.584
00e12e8b_5587,11527.569
00e12e8b_5588,11527.555
00e12e8b_5589,11527.541
00e12e8b_5590,11527.526
00e12e8b_5591,11527.512
00e12e8b_5592,11527.498
00e12e8b_5593,11527.483
00e12e8b_5594,11527.47
00e12e8b_5595,11527.456
00e12e8b_5596,11527.441
00e12e8b_5597,11527.428
00e12e8b_5598,11527.414
00e12e8b_5599,11527.4
00e12e8b_5600,11527.387
00e12e8b_5601,11527.373
00e12e8b_5602,11527.359
00e12e8b_5603,11527.346
00e12e8b_5604,11527.332
00e12e8b_5605,11527.319
00e12e8b_5606,11527.306
00e12e8b_5607,11527.292
00e12e8b_5608,11527.278
00e12e8b_5609,11527.266
00e12e8b_5610,11527.252
00e12e8b_5611,11527.238
00e12e8b_5612,11527.225
00e12e8b_5613,11527.212
00e12e8b_5614,11527.198
00e12e8b_5615,11527.185
00e12e8b_5616,11527.171
00e12e8b_5617,11527.157
00e12e8b_5618,11527.144
00e12e8b_5619,11527.13
00e12e8b_5620,11527.116
00e12e8b_5621,11527.103
00e12e8b_5622,11527.088
00e12e8b_5623,11527.074
00e12e8b_5624,11527.061
00e12e8b_5625,11527.046
00e12e8b_5626,11527.031
00e12e8b_5627,11527.017
00e12e8b_5628,11527.002
00e12e8b_5629,11526.987
00e12e8b_5630,11526.972
00e12e8b_5631,11526.956
00e12e8b_5632,11526.94
00e12e8b_5633,11526.925
00e12e8b_5634,11526.908
00e12e8b_5635,11526.893
00e12e8b_5636,11526.876
00e12e8b_5637,11526.859
00e12e8b_5638,11526.843
00e12e8b_5639,11526.826
00e12e8b_5640,11526.809
00e12e8b_5641,11526.791
00e12e8b_5642,11526.773
00e12e8b_5643,11526.756
00e12e8b_5644,11526.738
00e12e8b_5645,11526.721
00e12e8b_5646,11526.702
00e12e8b_5647,11526.685
00e12e8b_5648,11526.666
00e12e8b_5649,11526.647
00e12e8b_5650,11526.629
00e12e8b_5651,11526.61
00e12e8b_5652,11526.591
00e12e8b_5653,11526.572
00e12e8b_5654,11526.553
00e12e8b_5655,11526.534
00e12e8b_5656,11526.515
00e12e8b_5657,11526.495
00e12e8b_5658,11526.476
00e12e8b_5659,11526.456
00e12e8b_5660,11526.437
00e12e8b_5661,11526.416
00e12e8b_5662,11526.396
00e12e8b_5663,11526.376
00e12e8b_5664,11526.355
00e12e8b_5665,11526.335
00e12e8b_5666,11526.314
00e12e8b_5667,11526.294
00e12e8b_5668,11526.272
00e12e8b_5669,11526.251
00e12e8b_5670,11526.23
00e12e8b_5671,11526.209
00e12e8b_5672,11526.187
00e12e8b_5673,11526.165
00e12e8b_5674,11526.144
00e12e8b_5675,11526.121
00e12e8b_5676,11526.099
00e12e8b_5677,11526.076
00e12e8b_5678,11526.053
00e12e8b_5679,11526.03
00e12e8b_5680,11526.007
00e12e8b_5681,11525.983
00e12e8b_5682,11525.959
00e12e8b_5683,11525.936
00e12e8b_5684,11525.911
00e12e8b_5685,11525.887
00e12e8b_5686,11525.862
00e12e8b_5687,11525.837
00e12e8b_5688,11525.8125
00e12e8b_5689,11525.787
00e12e8b_5690,11525.762
00e12e8b_5691,11525.736
00e12e8b_5692,11525.71
00e12e8b_5693,11525.684
00e12e8b_5694,11525.658
00e12e8b_5695,11525.632
00e12e8b_5696,11525.6045
00e12e8b_5697,11525.578
00e12e8b_5698,11525.552
00e12e8b_5699,11525.524
00e12e8b_5700,11525.497
00e12e8b_5701,11525.47
00e12e8b_5702,11525.442
00e12e8b_5703,11525.414
00e12e8b_5704,11525.387
00e12e8b_5705,11525.358
00e12e8b_5706,11525.331
00e12e8b_5707,11525.303
00e12e8b_5708,11525.275
00e12e8b_5709,11525.247
00e12e8b_5710,11525.219
00e12e8b_5711,11525.19
00e12e8b_5712,11525.162
00e12e8b_5713,11525.134
00e12e8b_5714,11525.105
00e12e8b_5715,11525.076
00e12e8b_5716,11525.048
00e12e8b_5717,11525.02
00e12e8b_5718,11524.99
00e12e8b_5719,11524.962
00e12e8b_5720,11524.933
00e12e8b_5721,11524.904
00e12e8b_5722,11524.875
00e12e8b_5723,11524.847
00e12e8b_5724,11524.817
00e12e8b_5725,11524.789
00e12e8b_5726,11524.761
00e12e8b_5727,11524.732
00e12e8b_5728,11524.704
00e12e8b_5729,11524.676
00e12e8b_5730,11524.647
00e12e8b_5731,11524.62
00e12e8b_5732,11524.593
00e12e8b_5733,11524.564
00e12e8b_5734,11524.537
00e12e8b_5735,11524.51
00e12e8b_5736,11524.483
00e12e8b_5737,11524.456
00e12e8b_5738,11524.43
00e12e8b_5739,11524.403
00e12e8b_5740,11524.377
00e12e8b_5741,11524.351
00e12e8b_5742,11524.325
00e12e8b_5743,11524.3
00e12e8b_5744,11524.274
00e12e8b_5745,11524.249
00e12e8b_5746,11524.225
00e12e8b_5747,11524.2
00e12e8b_5748,11524.176
00e12e8b_5749,11524.152
00e12e8b_5750,11524.129
00e12e8b_5751,11524.105
00e12e8b_5752,11524.082
00e12e8b_5753,11524.06
00e12e8b_5754,11524.037
00e12e8b_5755,11524.016
00e12e8b_5756,11523.993
00e12e8b_5757,11523.972
00e12e8b_5758,11523.951
00e12e8b_5759,11523.931
00e12e8b_5760,11523.91
00e12e8b_5761,11523.89
00e12e8b_5762,11523.87
00e12e8b_5763,11523.851
00e12e8b_5764,11523.831
00e12e8b_5765,11523.8125
00e12e8b_5766,11523.794
00e12e8b_5767,11523.776
00e12e8b_5768,11523.759
00e12e8b_5769,11523.741
00e12e8b_5770,11523.724
00e12e8b_5771,11523.707
00e12e8b_5772,11523.691
00e12e8b_5773,11523.675
00e12e8b_5774,11523.659
00e12e8b_5775,11523.645
00e12e8b_5776,11523.629
00e12e8b_5777,11523.614
00e12e8b_5778,11523.601
00e12e8b_5779,11523.587
00e12e8b_5780,11523.573
00e12e8b_5781,11523.561
00e12e8b_5782,11523.548
00e12e8b_5783,11523.535
00e12e8b_5784,11523.523
00e12e8b_5785,11523.513
00e12e8b_5786,11523.501
00e12e8b_5787,11523.491
00e12e8b_5788,11523.48
00e12e8b_5789,11523.471
00e12e8b_5790,11523.462
00e12e8b_5791,11523.453
00e12e8b_5792,11523.444
00e12e8b_5793,11523.437
00e12e8b_5794,11523.429
00e12e8b_5795,11523.422
00e12e8b_5796,11523.415
00e12e8b_5797,11523.408
00e12e8b_5798,11523.403
00e12e8b_5799,11523.397
00e12e8b_5800,11523.393
00e12e8b_5801,11523.389
00e12e8b_5802,11523.386
00e12e8b_5803,11523.383
00e12e8b_5804,11523.38
00e12e8b_5805,11523.378
00e12e8b_5806,11523.377
00e12e8b_5807,11523.376
00e12e8b_5808,11523.376
00e12e8b_5809,11523.377
00e12e8b_5810,11523.378
00e12e8b_5811,11523.379
00e12e8b_5812,11523.381
00e12e8b_5813,11523.383
00e12e8b_5814,11523.722
00e12e8b_5815,11523.389
00e12e8b_5816,11523.393
00e12e8b_5817,11523.732
00e12e8b_5818,11523.4
00e12e8b_5819,11523.405
00e12e8b_5820,11523.746
00e12e8b_5821,11523.416
00e12e8b_5822,11523.422
00e12e8b_5823,11523.428
00e12e8b_5824,11523.435
00e12e8b_5825,11523.44
00e12e8b_5826,11523.447
00e12e8b_5827,11523.455
00e12e8b_5828,11523.462
00e12e8b_5829,11523.47
00e12e8b_5830,11523.478
00e12e8b_5831,11523.486
00e12e8b_5832,11523.494
00e12e8b_5833,11523.503
00e12e8b_5834,11523.512
00e12e8b_5835,11523.5205
00e12e8b_5836,11523.529
00e12e8b_5837,11523.538
00e12e8b_5838,11523.548
00e12e8b_5839,11523.558
00e12e8b_5840,11523.567
00e12e8b_5841,11523.577
00e12e8b_5842,11523.587
00e12e8b_5843,11523.597
00e12e8b_5844,11523.607
00e12e8b_5845,11523.617
00e12e8b_5846,11523.628
00e12e8b_5847,11523.639
00e12e8b_5848,11523.649
00e12e8b_5849,11523.66
00e12e8b_5850,11523.671
00e12e8b_5851,11523.682
00e12e8b_5852,11523.692
00e12e8b_5853,11523.703
00e12e8b_5854,11523.715
00e12e8b_5855,11523.726
00e12e8b_5856,11523.736
00e12e8b_5857,11523.747
00e12e8b_5858,11523.758
00e12e8b_5859,11523.77
00e12e8b_5860,11523.78
00e12e8b_5861,11523.791
00e12e8b_5862,11523.802
00e12e8b_5863,11523.8125
00e12e8b_5864,11523.823
00e12e8b_5865,11523.834
00e12e8b_5866,11523.845
00e12e8b_5867,11523.855
00e12e8b_5868,11523.866
00e12e8b_5869,11523.876
00e12e8b_5870,11523.887
00e12e8b_5871,11523.896
00e12e8b_5872,11523.907
00e12e8b_5873,11523.917
00e12e8b_5874,11523.927
00e12e8b_5875,11523.937
00e12e8b_5876,11523.946
00e12e8b_5877,11523.956
00e12e8b_5878,11523.966
00e12e8b_5879,11523.975
00e12e8b_5880,11523.984
00e12e8b_5881,11523.993
00e12e8b_5882,11524.002
00e12e8b_5883,11524.011
00e12e8b_5884,11524.02
00e12e8b_5885,11524.028
00e12e8b_5886,11524.037
00e12e8b_5887,11524.045
00e12e8b_5888,11524.053
00e12e8b_5889,11524.062
00e12e8b_5890,11524.069
00e12e8b_5891,11524.076
00e12e8b_5892,11524.084
00e12e8b_5893,11524.092
00e12e8b_5894,11524.099
00e12e8b_5895,11524.105
00e12e8b_5896,11524.112
00e12e8b_5897,11524.119
00e12e8b_5898,11524.126
00e12e8b_5899,11524.132
00e12e8b_5900,11524.139
00e12e8b_5901,11524.145
00e12e8b_5902,11524.15
00e12e8b_5903,11524.156
00e12e8b_5904,11524.161
00e12e8b_5905,11524.166
00e12e8b_5906,11524.171
00e12e8b_5907,11524.176
00e12e8b_5908,11524.181
00e12e8b_5909,11524.185
00e12e8b_5910,11524.188
00e12e8b_5911,11524.192
00e12e8b_5912,11524.196
00e12e8b_5913,11524.199
00e12e8b_5914,11524.202
00e12e8b_5915,11524.205
00e12e8b_5916,11524.207
00e12e8b_5917,11524.21
00e12e8b_5918,11524.212
00e12e8b_5919,11524.213
00e12e8b_5920,11524.215
00e12e8b_5921,11524.216
00e12e8b_5922,11524.217
00e12e8b_5923,11524.218
00e12e8b_5924,11524.218
00e12e8b_5925,11524.219
00e12e8b_5926,11524.219
00e12e8b_5927,11524.218
00e12e8b_5928,11524.218
00e12e8b_5929,11524.218
00e12e8b_5930,11524.217
00e12e8b_5931,11524.216
00e12e8b_5932,11524.215
00e12e8b_5933,11524.214
00e12e8b_5934,11524.213
00e12e8b_5935,11524.212
00e12e8b_5936,11524.21
00e12e8b_5937,11524.208
00e12e8b_5938,11524.207
00e12e8b_5939,11524.205
00e12e8b_5940,11524.202
00e12e8b_5941,11524.2
00e12e8b_5942,11524.198
00e12e8b_5943,11524.195
00e12e8b_5944,11524.192
00e12e8b_5945,11524.189
00e12e8b_5946,11524.187
00e12e8b_5947,11524.184
00e12e8b_5948,11524.18
00e12e8b_5949,11524.177
00e12e8b_5950,11524.173
00e12e8b_5951,11524.169
00e12e8b_5952,11524.165
00e12e8b_5953,11524.161
00e12e8b_5954,11524.156
00e12e8b_5955,11524.151
00e12e8b_5956,11524.147
00e12e8b_5957,11524.143
00e12e8b_5958,11524.137
00e12e8b_5959,11524.132
00e12e8b_5960,11524.127
00e12e8b_5961,11524.121
00e12e8b_5962,11524.115
00e12e8b_5963,11524.109
00e12e8b_5964,11524.104
00e12e8b_5965,11524.098
00e12e8b_5966,11524.091
00e12e8b_5967,11524.292
00e12e8b_5968,11524.285
00e12e8b_5969,11524.278
00e12e8b_5970,11524.312
00e12e8b_5971,11524.415
00e12e8b_5972,11524.407
00e12e8b_5973,11524.4
00e12e8b_5974,11524.393
00e12e8b_5975,11524.385
00e12e8b_5976,11524.377
00e12e8b_5977,11524.368
00e12e8b_5978,11524.36
00e12e8b_5979,11524.353
00e12e8b_5980,11524.344
00e12e8b_5981,11524.335
00e12e8b_5982,11524.327
00e12e8b_5983,11524.318
00e12e8b_5984,11524.31
00e12e8b_5985,11524.302
00e12e8b_5986,11524.293
00e12e8b_5987,11524.284
00e12e8b_5988,11524.275
00e12e8b_5989,11524.267
00e12e8b_5990,11524.258
00e12e8b_5991,11524.249
00e12e8b_5992,11524.24
00e12e8b_5993,11524.232
00e12e8b_5994,11524.224
00e12e8b_5995,11524.175
00e12e8b_5996,11524.167
00e12e8b_5997,11524.158
00e12e8b_5998,11524.04
00e12e8b_5999,11524.032
00e12e8b_6000,11524.024
00e12e8b_6001,11524.017
00e12e8b_6002,11524.009
00e12e8b_6003,11524.001
00e12e8b_6004,11523.993
00e12e8b_6005,11523.777
00e12e8b_6006,11523.7705
00e12e8b_6007,11523.763
00e12e8b_6008,11523.756
00e12e8b_6009,11523.748
00e12e8b_6010,11523.741
00e12e8b_6011,11523.733
00e12e8b_6012,11523.727
00e12e8b_6013,11523.719
00e12e8b_6014,11523.712
00e12e8b_6015,11523.705
00e12e8b_6016,11523.698
00e12e8b_6017,11523.691
00e12e8b_6018,11523.685
00e12e8b_6019,11523.679
00e12e8b_6020,11523.672
00e12e8b_6021,11523.665
00e12e8b_6022,11523.659
00e12e8b_6023,11523.653
00e12e8b_6024,11523.646
00e12e8b_6025,11523.641
00e12e8b_6026,11523.635
00e12e8b_6027,11523.63
00e12e8b_6028,11523.624
00e12e8b_6029,11523.619
00e12e8b_6030,11523.613
00e12e8b_6031,11523.608
00e12e8b_6032,11523.604
00e12e8b_6033,11523.599
00e12e8b_6034,11523.594
00e12e8b_6035,11523.589
00e12e8b_6036,11523.585
00e12e8b_6037,11523.58
00e12e8b_6038,11523.576
00e12e8b_6039,11523.572
00e12e8b_6040,11523.568
00e12e8b_6041,11523.564
00e12e8b_6042,11523.561
00e12e8b_6043,11523.557
00e12e8b_6044,11523.553
00e12e8b_6045,11523.549
00e12e8b_6046,11523.546
00e12e8b_6047,11523.542
00e12e8b_6048,11523.538
00e12e8b_6049,11523.535
00e12e8b_6050,11523.531
00e12e8b_6051,11523.528
00e12e8b_6052,11523.524
00e12e8b_6053,11523.521
00e12e8b_6054,11523.518
00e12e8b_6055,11523.515
00e12e8b_6056,11523.511
00e12e8b_6057,11523.508
00e12e8b_6058,11523.504
00e12e8b_6059,11523.5
00e12e8b_6060,11523.497
00e12e8b_6061,11523.493
00e12e8b_6062,11523.489
00e12e8b_6063,11523.486
00e12e8b_6064,11523.482
00e12e8b_6065,11523.479
00e12e8b_6066,11523.476
00e12e8b_6067,11523.472
00e12e8b_6068,11523.468
00e12e8b_6069,11523.465
00e12e8b_6070,11523.461
00e12e8b_6071,11523.458
00e12e8b_6072,11523.454
00e12e8b_6073,11523.451
00e12e8b_6074,11523.447
00e12e8b_6075,11523.444
00e12e8b_6076,11523.441
00e12e8b_6077,11523.438
00e12e8b_6078,11523.435
00e12e8b_6079,11523.432
00e12e8b_6080,11523.429
00e12e8b_6081,11523.426
00e12e8b_6082,11523.423
00e12e8b_6083,11523.42
00e12e8b_6084,11523.416
00e12e8b_6085,11523.413
00e12e8b_6086,11523.41
00e12e8b_6087,11523.407
00e12e8b_6088,11523.404
00e12e8b_6089,11523.4
00e12e8b_6090,11523.397
00e12e8b_6091,11523.395
00e12e8b_6092,11523.392
00e12e8b_6093,11523.389
00e12e8b_6094,11523.386
00e12e8b_6095,11523.383
00e12e8b_6096,11523.379
00e12e8b_6097,11523.376
00e12e8b_6098,11523.373
00e12e8b_6099,11523.37
00e12e8b_6100,11523.367
00e12e8b_6101,11523.364
00e12e8b_6102,11523.36
00e12e8b_6103,11523.357
00e12e8b_6104,11523.354
00e12e8b_6105,11523.35
00e12e8b_6106,11523.346
00e12e8b_6107,11523.342
00e12e8b_6108,11523.338
00e12e8b_6109,11523.334
00e12e8b_6110,11523.329
00e12e8b_6111,11523.324
00e12e8b_6112,11523.32
00e12e8b_6113,11523.315
00e12e8b_6114,11523.31
00e12e8b_6115,11523.305
00e12e8b_6116,11523.3
00e12e8b_6117,11523.294
00e12e8b_6118,11523.288
00e12e8b_6119,11523.282
00e12e8b_6120,11523.276
00e12e8b_6121,11523.2705
00e12e8b_6122,11523.265
00e12e8b_6123,11523.258
00e12e8b_6124,11523.251
00e12e8b_6125,11523.245
00e12e8b_6126,11523.238
00e12e8b_6127,11523.23
00e12e8b_6128,11523.224
00e12e8b_6129,11523.217
00e12e8b_6130,11523.209
00e12e8b_6131,11523.201
00e12e8b_6132,11523.193
00e12e8b_6133,11523.187
00e12e8b_6134,11523.178
00e12e8b_6135,11523.17
00e12e8b_6136,11523.162
00e12e8b_6137,11523.154
00e12e8b_6138,11523.1455
00e12e8b_6139,11523.138
00e12e8b_6140,11523.129
00e12e8b_6141,11523.12
00e12e8b_6142,11523.111
00e12e8b_6143,11523.103
00e12e8b_6144,11523.094
00e12e8b_6145,11523.085
00e12e8b_6146,11523.076
00e12e8b_6147,11523.066
00e12e8b_6148,11523.058
00e12e8b_6149,11523.049
00e12e8b_6150,11523.039
00e12e8b_6151,11523.03
00e12e8b_6152,11523.0205
00e12e8b_6153,11523.012
00e12e8b_6154,11523.002
00e12e8b_6155,11522.992
00e12e8b_6156,11522.982
00e12e8b_6157,11522.973
00e12e8b_6158,11522.963
00e12e8b_6159,11522.953
00e12e8b_6160,11522.943
00e12e8b_6161,11522.934
00e12e8b_6162,11522.924
00e12e8b_6163,11522.914
00e12e8b_6164,11522.904
00e12e8b_6165,11522.895
00e12e8b_6166,11522.884
00e12e8b_6167,11522.874
00e12e8b_6168,11522.864
00e12e8b_6169,11522.854
00e12e8b_6170,11522.844
00e12e8b_6171,11522.834
00e12e8b_6172,11522.823
00e12e8b_6173,11522.813
00e12e8b_6174,11522.804
00e12e8b_6175,11522.793
00e12e8b_6176,11522.783
00e12e8b_6177,11522.772
00e12e8b_6178,11522.763
00e12e8b_6179,11522.752
00e12e8b_6180,11522.742
00e12e8b_6181,11522.731
00e12e8b_6182,11522.722
00e12e8b_6183,11522.711
00e12e8b_6184,11522.7
00e12e8b_6185,11522.69
00e12e8b_6186,11522.68
00e12e8b_6187,11522.67
00e12e8b_6188,11522.659
00e12e8b_6189,11522.648
00e12e8b_6190,11522.639
00e12e8b_6191,11522.628
00e12e8b_6192,11522.617
00e12e8b_6193,11522.607
00e12e8b_6194,11522.597
00e12e8b_6195,11522.587
00e12e8b_6196,11522.576
00e12e8b_6197,11522.565
00e12e8b_6198,11522.556
00e12e8b_6199,11522.545
00e12e8b_6200,11522.534
00e12e8b_6201,11522.524
00e12e8b_6202,11522.514
00e12e8b_6203,11522.503
00e12e8b_6204,11522.493
00e12e8b_6205,11522.482
00e12e8b_6206,11522.473
00e12e8b_6207,11522.462
00e12e8b_6208,11522.452
00e12e8b_6209,11522.441
00e12e8b_6210,11522.432
00e12e8b_6211,11522.421
00e12e8b_6212,11522.411
00e12e8b_6213,11522.401
00e12e8b_6214,11522.391
00e12e8b_6215,11522.381
00e12e8b_6216,11522.371
00e12e8b_6217,11522.36
00e12e8b_6218,11522.351
00e12e8b_6219,11522.341
00e12e8b_6220,11522.331
00e12e8b_6221,11522.321
00e12e8b_6222,11522.311
00e12e8b_6223,11522.301
00e12e8b_6224,11522.291
00e12e8b_6225,11522.281
00e12e8b_6226,11522.271
00e12e8b_6227,11522.262
00e12e8b_6228,11522.253
00e12e8b_6229,11522.243
00e12e8b_6230,11522.233
00e12e8b_6231,11522.224
00e12e8b_6232,11522.215
00e12e8b_6233,11522.205
00e12e8b_6234,11522.197
00e12e8b_6235,11522.189
00e12e8b_6236,11522.181
00e12e8b_6237,11522.173
00e12e8b_6238,11522.165
00e12e8b_6239,11522.157
00e12e8b_6240,11522.149
00e12e8b_6241,11522.142
00e12e8b_6242,11522.134
00e12e8b_6243,11522.127
00e12e8b_6244,11522.119
00e12e8b_6245,11522.111
00e12e8b_6246,11522.104
00e12e8b_6247,11522.096
00e12e8b_6248,11522.089
00e12e8b_6249,11522.081
00e12e8b_6250,11522.073
00e12e8b_6251,11522.066
00e12e8b_6252,11522.059
00e12e8b_6253,11522.052
00e12e8b_6254,11522.044
00e12e8b_6255,11522.037
00e12e8b_6256,11522.029
00e12e8b_6257,11522.022
00e12e8b_6258,11522.016
00e12e8b_6259,11522.008
00e12e8b_6260,11522.001
00e12e8b_6261,11521.994
00e12e8b_6262,11521.987
00e12e8b_6263,11521.98
00e12e8b_6264,11521.973
00e12e8b_6265,11521.966
00e12e8b_6266,11521.959
00e12e8b_6267,11521.952
00e12e8b_6268,11521.945
00e12e8b_6269,11521.938
00e12e8b_6270,11521.933
00e12e8b_6271,11521.926
00e12e8b_6272,11521.919
00e12e8b_6273,11521.912
00e12e8b_6274,11521.905
00e12e8b_6275,11521.899
00e12e8b_6276,11521.893
00e12e8b_6277,11521.886
00e12e8b_6278,11521.88
00e12e8b_6279,11521.873
00e12e8b_6280,11521.867
00e12e8b_6281,11521.86
00e12e8b_6282,11521.8545
00e12e8b_6283,11521.848
00e12e8b_6284,11521.842
00e12e8b_6285,11521.835
00e12e8b_6286,11521.829
00e12e8b_6287,11521.823
00e12e8b_6288,11521.817
00e12e8b_6289,11521.811
00e12e8b_6290,11521.805
00e12e8b_6291,11521.799
00e12e8b_6292,11521.793
00e12e8b_6293,11521.787
00e12e8b_6294,11521.781
00e12e8b_6295,11521.775
00e12e8b_6296,11521.77
00e12e8b_6297,11521.764
00e12e8b_6298,11521.758
00e12e8b_6299,11521.752
00e12e8b_6300,11521.746
00e12e8b_6301,11521.741
00e12e8b_6302,11521.735
00e12e8b_6303,11521.7295
00e12e8b_6304,11521.725
00e12e8b_6305,11521.719
00e12e8b_6306,11521.713
00e12e8b_6307,11521.708
00e12e8b_6308,11521.702
00e12e8b_6309,11521.697
00e12e8b_6310,11521.691
00e12e8b_6311,11521.687
00e12e8b_6312,11521.682
00e12e8b_6313,11521.676
00e12e8b_6314,11521.671
00e12e8b_6315,11521.666
00e12e8b_6316,11521.66
00e12e8b_6317,11521.655
00e12e8b_6318,11521.65
00e12e8b_6319,11521.6455
00e12e8b_6320,11521.641
00e12e8b_6321,11521.636
00e12e8b_6322,11521.631
00e12e8b_6323,11521.626
00e12e8b_6324,11521.621
00e12e8b_6325,11521.616
00e12e8b_6326,11521.611
00e12e8b_6327,11521.606
00e12e8b_6328,11521.603
00e12e8b_6329,11521.598
00e12e8b_6330,11521.593
00e12e8b_6331,11521.588
00e12e8b_6332,11521.584
00e12e8b_6333,11521.579
00e12e8b_6334,11521.575
00e12e8b_6335,11521.57
00e12e8b_6336,11521.565
00e12e8b_6337,11521.562
00e12e8b_6338,11521.558
00e12e8b_6339,11521.553
00e12e8b_6340,11521.549
00e12e8b_6341,11521.544
00e12e8b_6342,11521.54
00e12e8b_6343,11521.536
00e12e8b_6344,11521.532
00e12e8b_6345,11521.528
00e12e8b_6346,11521.523
00e12e8b_6347,11521.52
00e12e8b_6348,11521.516
00e12e8b_6349,11521.512
00e12e8b_6350,11521.508
00e12e8b_6351,11521.504
00e12e8b_6352,11521.5
00e12e8b_6353,11521.496
00e12e8b_6354,11521.493
00e12e8b_6355,11521.489
00e12e8b_6356,11521.485
00e12e8b_6357,11521.481
00e12e8b_6358,11521.479
00e12e8b_6359,11521.475
00e12e8b_6360,11521.471
00e12e8b_6361,11521.468
00e12e8b_6362,11521.464
00e12e8b_6363,11521.461
00e12e8b_6364,11521.457
00e12e8b_6365,11521.454
00e12e8b_6366,11521.45
00e12e8b_6367,11521.447
00e12e8b_6368,11521.443
00e12e8b_6369,11521.44
00e12e8b_6370,11521.4375
00e12e8b_6371,11521.435
00e12e8b_6372,11521.431
00e12e8b_6373,11521.428
00e12e8b_6374,11521.425
00e12e8b_6375,11521.422
00e12e8b_6376,11521.419
00e12e8b_6377,11521.416
00e12e8b_6378,11521.413
00e12e8b_6379,11521.41
00e12e8b_6380,11521.407
00e12e8b_6381,11521.404
00e12e8b_6382,11521.401
00e12e8b_6383,11521.399
