id,tvt
000d7d20_1442,11676.877
000d7d20_1443,11676.861
000d7d20_1444,11676.847
000d7d20_1445,11676.831
000d7d20_1446,11676.816
000d7d20_1447,11676.8
000d7d20_1448,11676.782
000d7d20_1449,11676.765
000d7d20_1450,11676.745
000d7d20_1451,11676.727
000d7d20_1452,11676.711
000d7d20_1453,11676.693
000d7d20_1454,11676.677
000d7d20_1455,11676.658
000d7d20_1456,11676.64
000d7d20_1457,11676.621
000d7d20_1458,11676.604
000d7d20_1459,11676.584
000d7d20_1460,11676.565
000d7d20_1461,11676.548
000d7d20_1462,11676.53
000d7d20_1463,11676.514
000d7d20_1464,11676.497
000d7d20_1465,11676.479
000d7d20_1466,11676.462
000d7d20_1467,11676.444
000d7d20_1468,11676.427
000d7d20_1469,11676.41
000d7d20_1470,11676.392
000d7d20_1471,11676.373
000d7d20_1472,11676.3545
000d7d20_1473,11676.334
000d7d20_1474,11676.317
000d7d20_1475,11676.301
000d7d20_1476,11676.286
000d7d20_1477,11676.27
000d7d20_1478,11676.256
000d7d20_1479,11676.24
000d7d20_1480,11676.226
000d7d20_1481,11676.21
000d7d20_1482,11676.195
000d7d20_1483,11676.181
000d7d20_1484,11676.165
000d7d20_1485,11676.147
000d7d20_1486,11676.131
000d7d20_1487,11676.113
000d7d20_1488,11676.098
000d7d20_1489,11676.081
000d7d20_1490,11676.064
000d7d20_1491,11676.048
000d7d20_1492,11676.033
000d7d20_1493,11676.015
000d7d20_1494,11675.998
000d7d20_1495,11675.981
000d7d20_1496,11675.964
000d7d20_1497,11675.945
000d7d20_1498,11675.929
000d7d20_1499,11675.911
000d7d20_1500,11675.894
000d7d20_1501,11675.877
000d7d20_1502,11675.86
000d7d20_1503,11675.847
000d7d20_1504,11675.833
000d7d20_1505,11675.82
000d7d20_1506,11675.807
000d7d20_1507,11675.791
000d7d20_1508,11675.776
000d7d20_1509,11675.763
000d7d20_1510,11675.75
000d7d20_1511,11675.733
000d7d20_1512,11675.718
000d7d20_1513,11675.702
000d7d20_1514,11675.687
000d7d20_1515,11675.672
000d7d20_1516,11675.655
000d7d20_1517,11675.641
000d7d20_1518,11675.625
000d7d20_1519,11675.609
000d7d20_1520,11675.593
000d7d20_1521,11675.575
000d7d20_1522,11675.557
000d7d20_1523,11675.539
000d7d20_1524,11675.521
000d7d20_1525,11675.504
000d7d20_1526,11675.488
000d7d20_1527,11675.472
000d7d20_1528,11675.455
000d7d20_1529,11675.438
000d7d20_1530,11675.425
000d7d20_1531,11675.409
000d7d20_1532,11675.395
000d7d20_1533,11675.382
000d7d20_1534,11675.369
000d7d20_1535,11675.355
000d7d20_1536,11675.343
000d7d20_1537,11675.329
000d7d20_1538,11675.316
000d7d20_1539,11675.302
000d7d20_1540,11675.288
000d7d20_1541,11675.277
000d7d20_1542,11675.267
000d7d20_1543,11675.256
000d7d20_1544,11675.246
000d7d20_1545,11675.237
000d7d20_1546,11675.227
000d7d20_1547,11675.216
000d7d20_1548,11675.207
000d7d20_1549,11675.198
000d7d20_1550,11675.191
000d7d20_1551,11675.186
000d7d20_1552,11675.18
000d7d20_1553,11675.173
000d7d20_1554,11675.166
000d7d20_1555,11675.16
000d7d20_1556,11675.15
000d7d20_1557,11675.143
000d7d20_1558,11675.134
000d7d20_1559,11675.128
000d7d20_1560,11675.124
000d7d20_1561,11675.119
000d7d20_1562,11675.117
000d7d20_1563,11675.114
000d7d20_1564,11675.113
000d7d20_1565,11675.111
000d7d20_1566,11675.11
000d7d20_1567,11675.11
000d7d20_1568,11675.106
000d7d20_1569,11675.1045
000d7d20_1570,11675.103
000d7d20_1571,11675.1
000d7d20_1572,11675.102
000d7d20_1573,11675.105
000d7d20_1574,11675.107
000d7d20_1575,11675.109
000d7d20_1576,11675.11
000d7d20_1577,11675.112
000d7d20_1578,11675.113
000d7d20_1579,11675.115
000d7d20_1580,11675.115
000d7d20_1581,11675.117
000d7d20_1582,11675.12
000d7d20_1583,11675.121
000d7d20_1584,11675.121
000d7d20_1585,11675.119
000d7d20_1586,11675.116
000d7d20_1587,11675.113
000d7d20_1588,11675.107
000d7d20_1589,11675.1
000d7d20_1590,11675.095
000d7d20_1591,11675.093
000d7d20_1592,11675.09
000d7d20_1593,11675.08
000d7d20_1594,11675.069
000d7d20_1595,11675.059
000d7d20_1596,11675.048
000d7d20_1597,11675.039
000d7d20_1598,11675.028
000d7d20_1599,11675.018
000d7d20_1600,11675.007
000d7d20_1601,11674.999
000d7d20_1602,11674.989
000d7d20_1603,11674.9795
000d7d20_1604,11674.973
000d7d20_1605,11674.964
000d7d20_1606,11674.954
000d7d20_1607,11674.946
000d7d20_1608,11674.9375
000d7d20_1609,11674.93
000d7d20_1610,11674.924
000d7d20_1611,11674.918
000d7d20_1612,11674.911
000d7d20_1613,11674.905
000d7d20_1614,11674.898
000d7d20_1615,11674.894
000d7d20_1616,11674.888
000d7d20_1617,11674.884
000d7d20_1618,11674.879
000d7d20_1619,11674.877
000d7d20_1620,11674.872
000d7d20_1621,11674.869
000d7d20_1622,11674.867
000d7d20_1623,11674.864
000d7d20_1624,11674.862
000d7d20_1625,11674.86
000d7d20_1626,11674.859
000d7d20_1627,11674.856
000d7d20_1628,11674.8545
000d7d20_1629,11674.854
000d7d20_1630,11674.854
000d7d20_1631,11674.8545
000d7d20_1632,11674.856
000d7d20_1633,11674.8545
000d7d20_1634,11674.854
000d7d20_1635,11674.8545
000d7d20_1636,11674.856
000d7d20_1637,11674.86
000d7d20_1638,11674.864
000d7d20_1639,11674.866
000d7d20_1640,11674.867
000d7d20_1641,11674.869
000d7d20_1642,11674.871
000d7d20_1643,11674.873
000d7d20_1644,11674.873
000d7d20_1645,11674.874
000d7d20_1646,11674.875
000d7d20_1647,11674.875
000d7d20_1648,11674.876
000d7d20_1649,11674.875
000d7d20_1650,11674.876
000d7d20_1651,11674.877
000d7d20_1652,11674.876
000d7d20_1653,11674.878
000d7d20_1654,11674.881
000d7d20_1655,11674.882
000d7d20_1656,11674.884
000d7d20_1657,11674.887
000d7d20_1658,11674.887
000d7d20_1659,11674.887
000d7d20_1660,11674.886
000d7d20_1661,11674.885
000d7d20_1662,11674.886
000d7d20_1663,11674.885
000d7d20_1664,11674.886
000d7d20_1665,11674.881
000d7d20_1666,11674.879
000d7d20_1667,11674.877
000d7d20_1668,11674.874
000d7d20_1669,11674.869
000d7d20_1670,11674.863
000d7d20_1671,11674.858
000d7d20_1672,11674.8545
000d7d20_1673,11674.851
000d7d20_1674,11674.848
000d7d20_1675,11674.849
000d7d20_1676,11674.848
000d7d20_1677,11674.848
000d7d20_1678,11674.847
000d7d20_1679,11674.849
000d7d20_1680,11674.849
000d7d20_1681,11674.852
000d7d20_1682,11674.8545
000d7d20_1683,11674.855
000d7d20_1684,11674.858
000d7d20_1685,11674.86
000d7d20_1686,11674.861
000d7d20_1687,11674.861
000d7d20_1688,11674.861
000d7d20_1689,11674.861
000d7d20_1690,11674.863
000d7d20_1691,11674.865
000d7d20_1692,11674.867
000d7d20_1693,11674.871
000d7d20_1694,11674.877
000d7d20_1695,11674.881
000d7d20_1696,11674.884
000d7d20_1697,11674.887
000d7d20_1698,11674.891
000d7d20_1699,11674.895
000d7d20_1700,11674.898
000d7d20_1701,11674.903
000d7d20_1702,11674.908
000d7d20_1703,11674.912
000d7d20_1704,11674.914
000d7d20_1705,11674.919
000d7d20_1706,11674.923
000d7d20_1707,11674.928
000d7d20_1708,11674.932
000d7d20_1709,11674.933
000d7d20_1710,11674.935
000d7d20_1711,11674.934
000d7d20_1712,11674.934
000d7d20_1713,11674.933
000d7d20_1714,11674.932
000d7d20_1715,11674.933
000d7d20_1716,11674.935
000d7d20_1717,11674.936
000d7d20_1718,11674.938
000d7d20_1719,11674.938
000d7d20_1720,11674.94
000d7d20_1721,11674.942
000d7d20_1722,11674.942
000d7d20_1723,11674.942
000d7d20_1724,11674.941
000d7d20_1725,11674.94
000d7d20_1726,11674.939
000d7d20_1727,11674.94
000d7d20_1728,11674.941
000d7d20_1729,11674.9375
000d7d20_1730,11674.936
000d7d20_1731,11674.936
000d7d20_1732,11674.935
000d7d20_1733,11674.931
000d7d20_1734,11674.93
000d7d20_1735,11674.928
000d7d20_1736,11674.927
000d7d20_1737,11674.929
000d7d20_1738,11674.927
000d7d20_1739,11674.924
000d7d20_1740,11674.925
000d7d20_1741,11674.925
000d7d20_1742,11674.927
000d7d20_1743,11674.93
000d7d20_1744,11674.93
000d7d20_1745,11674.932
000d7d20_1746,11674.932
000d7d20_1747,11674.931
000d7d20_1748,11674.93
000d7d20_1749,11674.929
000d7d20_1750,11674.927
000d7d20_1751,11674.927
000d7d20_1752,11674.926
000d7d20_1753,11674.923
000d7d20_1754,11674.921
000d7d20_1755,11674.918
000d7d20_1756,11674.916
000d7d20_1757,11674.916
000d7d20_1758,11674.916
000d7d20_1759,11674.915
000d7d20_1760,11674.914
000d7d20_1761,11674.913
000d7d20_1762,11674.91
000d7d20_1763,11674.908
000d7d20_1764,11674.904
000d7d20_1765,11674.901
000d7d20_1766,11674.9
000d7d20_1767,11674.896
000d7d20_1768,11674.895
000d7d20_1769,11674.895
000d7d20_1770,11674.894
000d7d20_1771,11674.893
000d7d20_1772,11674.894
000d7d20_1773,11674.895
000d7d20_1774,11674.895
000d7d20_1775,11674.895
000d7d20_1776,11674.895
000d7d20_1777,11674.893
000d7d20_1778,11674.889
000d7d20_1779,11674.885
000d7d20_1780,11674.882
000d7d20_1781,11674.88
000d7d20_1782,11674.877
000d7d20_1783,11674.872
000d7d20_1784,11674.868
000d7d20_1785,11674.865
000d7d20_1786,11674.862
000d7d20_1787,11674.858
000d7d20_1788,11674.8545
000d7d20_1789,11674.853
000d7d20_1790,11674.851
000d7d20_1791,11674.847
000d7d20_1792,11674.844
000d7d20_1793,11674.839
000d7d20_1794,11674.838
000d7d20_1795,11674.837
000d7d20_1796,11674.833
000d7d20_1797,11674.831
000d7d20_1798,11674.827
000d7d20_1799,11674.824
000d7d20_1800,11674.823
000d7d20_1801,11674.821
000d7d20_1802,11674.818
000d7d20_1803,11674.815
000d7d20_1804,11674.81
000d7d20_1805,11674.806
000d7d20_1806,11674.8
000d7d20_1807,11674.794
000d7d20_1808,11674.79
000d7d20_1809,11674.787
000d7d20_1810,11674.782
000d7d20_1811,11674.775
000d7d20_1812,11674.772
000d7d20_1813,11674.767
000d7d20_1814,11674.762
000d7d20_1815,11674.757
000d7d20_1816,11674.751
000d7d20_1817,11674.747
000d7d20_1818,11674.743
000d7d20_1819,11674.74
000d7d20_1820,11674.736
000d7d20_1821,11674.735
000d7d20_1822,11674.734
000d7d20_1823,11674.737
000d7d20_1824,11674.741
000d7d20_1825,11674.743
000d7d20_1826,11674.748
000d7d20_1827,11674.75
000d7d20_1828,11674.751
000d7d20_1829,11674.751
000d7d20_1830,11674.753
000d7d20_1831,11674.755
000d7d20_1832,11674.759
000d7d20_1833,11674.762
000d7d20_1834,11674.766
000d7d20_1835,11674.766
000d7d20_1836,11674.765
000d7d20_1837,11674.765
000d7d20_1838,11674.765
000d7d20_1839,11674.765
000d7d20_1840,11674.764
000d7d20_1841,11674.765
000d7d20_1842,11674.764
000d7d20_1843,11674.763
000d7d20_1844,11674.762
000d7d20_1845,11674.758
000d7d20_1846,11674.753
000d7d20_1847,11674.75
000d7d20_1848,11674.748
000d7d20_1849,11674.741
000d7d20_1850,11674.736
000d7d20_1851,11674.73
000d7d20_1852,11674.725
000d7d20_1853,11674.72
000d7d20_1854,11674.717
000d7d20_1855,11674.713
000d7d20_1856,11674.708
000d7d20_1857,11674.705
000d7d20_1858,11674.699
000d7d20_1859,11674.694
000d7d20_1860,11674.689
000d7d20_1861,11674.685
000d7d20_1862,11674.682
000d7d20_1863,11674.676
000d7d20_1864,11674.672
000d7d20_1865,11674.668
000d7d20_1866,11674.664
000d7d20_1867,11674.661
000d7d20_1868,11674.656
000d7d20_1869,11674.653
000d7d20_1870,11674.65
000d7d20_1871,11674.647
000d7d20_1872,11674.6455
000d7d20_1873,11674.644
000d7d20_1874,11674.64
000d7d20_1875,11674.636
000d7d20_1876,11674.632
000d7d20_1877,11674.628
000d7d20_1878,11674.621
000d7d20_1879,11674.617
000d7d20_1880,11674.612
000d7d20_1881,11674.609
000d7d20_1882,11674.605
000d7d20_1883,11674.602
000d7d20_1884,11674.601
000d7d20_1885,11674.598
000d7d20_1886,11674.597
000d7d20_1887,11674.597
000d7d20_1888,11674.594
000d7d20_1889,11674.595
000d7d20_1890,11674.598
000d7d20_1891,11674.596
000d7d20_1892,11674.594
000d7d20_1893,11674.592
000d7d20_1894,11674.592
000d7d20_1895,11674.591
000d7d20_1896,11674.591
000d7d20_1897,11674.593
000d7d20_1898,11674.595
000d7d20_1899,11674.597
000d7d20_1900,11674.6
000d7d20_1901,11674.602
000d7d20_1902,11674.603
000d7d20_1903,11674.604
000d7d20_1904,11674.605
000d7d20_1905,11674.606
000d7d20_1906,11674.61
000d7d20_1907,11674.614
000d7d20_1908,11674.618
000d7d20_1909,11674.622
000d7d20_1910,11674.628
000d7d20_1911,11674.632
000d7d20_1912,11674.636
000d7d20_1913,11674.64
000d7d20_1914,11674.644
000d7d20_1915,11674.648
000d7d20_1916,11674.651
000d7d20_1917,11674.655
000d7d20_1918,11674.658
000d7d20_1919,11674.66
000d7d20_1920,11674.662
000d7d20_1921,11674.664
000d7d20_1922,11674.667
000d7d20_1923,11674.667
000d7d20_1924,11674.665
000d7d20_1925,11674.665
000d7d20_1926,11674.664
000d7d20_1927,11674.661
000d7d20_1928,11674.662
000d7d20_1929,11674.661
000d7d20_1930,11674.661
000d7d20_1931,11674.661
000d7d20_1932,11674.66
000d7d20_1933,11674.659
000d7d20_1934,11674.662
000d7d20_1935,11674.662
000d7d20_1936,11674.662
000d7d20_1937,11674.659
000d7d20_1938,11674.657
000d7d20_1939,11674.654
000d7d20_1940,11674.654
000d7d20_1941,11674.653
000d7d20_1942,11674.65
000d7d20_1943,11674.648
000d7d20_1944,11674.646
000d7d20_1945,11674.645
000d7d20_1946,11674.644
000d7d20_1947,11674.643
000d7d20_1948,11674.644
000d7d20_1949,11674.645
000d7d20_1950,11674.647
000d7d20_1951,11674.649
000d7d20_1952,11674.652
000d7d20_1953,11674.654
000d7d20_1954,11674.655
000d7d20_1955,11674.655
000d7d20_1956,11674.655
000d7d20_1957,11674.655
000d7d20_1958,11674.655
000d7d20_1959,11674.654
000d7d20_1960,11674.653
000d7d20_1961,11674.655
000d7d20_1962,11674.656
000d7d20_1963,11674.655
000d7d20_1964,11674.657
000d7d20_1965,11674.658
000d7d20_1966,11674.658
000d7d20_1967,11674.661
000d7d20_1968,11674.662
000d7d20_1969,11674.665
000d7d20_1970,11674.668
000d7d20_1971,11674.671
000d7d20_1972,11674.675
000d7d20_1973,11674.676
000d7d20_1974,11674.68
000d7d20_1975,11674.683
000d7d20_1976,11674.684
000d7d20_1977,11674.685
000d7d20_1978,11674.685
000d7d20_1979,11674.684
000d7d20_1980,11674.681
000d7d20_1981,11674.68
000d7d20_1982,11674.679
000d7d20_1983,11674.676
000d7d20_1984,11674.674
000d7d20_1985,11674.671
000d7d20_1986,11674.669
000d7d20_1987,11674.667
000d7d20_1988,11674.665
000d7d20_1989,11674.663
000d7d20_1990,11674.662
000d7d20_1991,11674.661
000d7d20_1992,11674.659
000d7d20_1993,11674.657
000d7d20_1994,11674.654
000d7d20_1995,11674.651
000d7d20_1996,11674.649
000d7d20_1997,11674.647
000d7d20_1998,11674.647
000d7d20_1999,11674.646
000d7d20_2000,11674.645
000d7d20_2001,11674.643
000d7d20_2002,11674.638
000d7d20_2003,11674.636
000d7d20_2004,11674.632
000d7d20_2005,11674.629
000d7d20_2006,11674.624
000d7d20_2007,11674.618
000d7d20_2008,11674.613
000d7d20_2009,11674.607
000d7d20_2010,11674.604
000d7d20_2011,11674.598
000d7d20_2012,11674.597
000d7d20_2013,11674.594
000d7d20_2014,11674.591
000d7d20_2015,11674.59
000d7d20_2016,11674.586
000d7d20_2017,11674.578
000d7d20_2018,11674.571
000d7d20_2019,11674.564
000d7d20_2020,11674.56
000d7d20_2021,11674.552
000d7d20_2022,11674.546
000d7d20_2023,11674.539
000d7d20_2024,11674.533
000d7d20_2025,11674.526
000d7d20_2026,11674.521
000d7d20_2027,11674.516
000d7d20_2028,11674.511
000d7d20_2029,11674.507
000d7d20_2030,11674.505
000d7d20_2031,11674.503
000d7d20_2032,11674.5
000d7d20_2033,11674.498
000d7d20_2034,11674.496
000d7d20_2035,11674.493
000d7d20_2036,11674.491
000d7d20_2037,11674.489
000d7d20_2038,11674.483
000d7d20_2039,11674.481
000d7d20_2040,11674.4795
000d7d20_2041,11674.476
000d7d20_2042,11674.472
000d7d20_2043,11674.466
000d7d20_2044,11674.462
000d7d20_2045,11674.458
000d7d20_2046,11674.453
000d7d20_2047,11674.447
000d7d20_2048,11674.443
000d7d20_2049,11674.439
000d7d20_2050,11674.436
000d7d20_2051,11674.434
000d7d20_2052,11674.43
000d7d20_2053,11674.429
000d7d20_2054,11674.428
000d7d20_2055,11674.426
000d7d20_2056,11674.424
000d7d20_2057,11674.422
000d7d20_2058,11674.419
000d7d20_2059,11674.417
000d7d20_2060,11674.414
000d7d20_2061,11674.412
000d7d20_2062,11674.41
000d7d20_2063,11674.409
000d7d20_2064,11674.408
000d7d20_2065,11674.407
000d7d20_2066,11674.405
000d7d20_2067,11674.405
000d7d20_2068,11674.407
000d7d20_2069,11674.408
000d7d20_2070,11674.407
000d7d20_2071,11674.406
000d7d20_2072,11674.402
000d7d20_2073,11674.398
000d7d20_2074,11674.395
000d7d20_2075,11674.391
000d7d20_2076,11674.386
000d7d20_2077,11674.382
000d7d20_2078,11674.377
000d7d20_2079,11674.374
000d7d20_2080,11674.371
000d7d20_2081,11674.366
000d7d20_2082,11674.36
000d7d20_2083,11674.356
000d7d20_2084,11674.352
000d7d20_2085,11674.348
000d7d20_2086,11674.343
000d7d20_2087,11674.34
000d7d20_2088,11674.338
000d7d20_2089,11674.334
000d7d20_2090,11674.329
000d7d20_2091,11674.324
000d7d20_2092,11674.321
000d7d20_2093,11674.316
000d7d20_2094,11674.313
000d7d20_2095,11674.312
000d7d20_2096,11674.308
000d7d20_2097,11674.306
000d7d20_2098,11674.305
000d7d20_2099,11674.305
000d7d20_2100,11674.305
000d7d20_2101,11674.303
000d7d20_2102,11674.302
000d7d20_2103,11674.3
000d7d20_2104,11674.299
000d7d20_2105,11674.298
000d7d20_2106,11674.296
000d7d20_2107,11674.297
000d7d20_2108,11674.296
000d7d20_2109,11674.296
000d7d20_2110,11674.293
000d7d20_2111,11674.291
000d7d20_2112,11674.29
000d7d20_2113,11674.287
000d7d20_2114,11674.289
000d7d20_2115,11674.289
000d7d20_2116,11674.291
000d7d20_2117,11674.295
000d7d20_2118,11674.3
000d7d20_2119,11674.302
000d7d20_2120,11674.303
000d7d20_2121,11674.306
000d7d20_2122,11674.308
000d7d20_2123,11674.309
000d7d20_2124,11674.309
000d7d20_2125,11674.308
000d7d20_2126,11674.305
000d7d20_2127,11674.301
000d7d20_2128,11674.3
000d7d20_2129,11674.3
000d7d20_2130,11674.299
000d7d20_2131,11674.299
000d7d20_2132,11674.298
000d7d20_2133,11674.296
000d7d20_2134,11674.293
000d7d20_2135,11674.29
000d7d20_2136,11674.29
000d7d20_2137,11674.29
000d7d20_2138,11674.289
000d7d20_2139,11674.286
000d7d20_2140,11674.287
000d7d20_2141,11674.288
000d7d20_2142,11674.288
000d7d20_2143,11674.29
000d7d20_2144,11674.292
000d7d20_2145,11674.293
000d7d20_2146,11674.295
000d7d20_2147,11674.298
000d7d20_2148,11674.298
000d7d20_2149,11674.3
000d7d20_2150,11674.303
000d7d20_2151,11674.306
000d7d20_2152,11674.31
000d7d20_2153,11674.3125
000d7d20_2154,11674.315
000d7d20_2155,11674.318
000d7d20_2156,11674.323
000d7d20_2157,11674.327
000d7d20_2158,11674.333
000d7d20_2159,11674.341
000d7d20_2160,11674.351
000d7d20_2161,11674.359
000d7d20_2162,11674.367
000d7d20_2163,11674.375
000d7d20_2164,11674.383
000d7d20_2165,11674.391
000d7d20_2166,11674.398
000d7d20_2167,11674.406
000d7d20_2168,11674.412
000d7d20_2169,11674.417
000d7d20_2170,11674.423
000d7d20_2171,11674.43
000d7d20_2172,11674.436
000d7d20_2173,11674.441
000d7d20_2174,11674.445
000d7d20_2175,11674.449
000d7d20_2176,11674.452
000d7d20_2177,11674.456
000d7d20_2178,11674.46
000d7d20_2179,11674.465
000d7d20_2180,11674.47
000d7d20_2181,11674.475
000d7d20_2182,11674.4795
000d7d20_2183,11674.487
000d7d20_2184,11674.494
000d7d20_2185,11674.499
000d7d20_2186,11674.508
000d7d20_2187,11674.517
000d7d20_2188,11674.525
000d7d20_2189,11674.536
000d7d20_2190,11674.544
000d7d20_2191,11674.553
000d7d20_2192,11674.563
000d7d20_2193,11674.576
000d7d20_2194,11674.588
000d7d20_2195,11674.599
000d7d20_2196,11674.61
000d7d20_2197,11674.622
000d7d20_2198,11674.632
000d7d20_2199,11674.644
000d7d20_2200,11674.656
000d7d20_2201,11674.665
000d7d20_2202,11674.677
000d7d20_2203,11674.687
000d7d20_2204,11674.696
000d7d20_2205,11674.704
000d7d20_2206,11674.713
000d7d20_2207,11674.719
000d7d20_2208,11674.725
000d7d20_2209,11674.729
000d7d20_2210,11674.731
000d7d20_2211,11674.734
000d7d20_2212,11674.738
000d7d20_2213,11674.741
000d7d20_2214,11674.746
000d7d20_2215,11674.748
000d7d20_2216,11674.753
000d7d20_2217,11674.763
000d7d20_2218,11674.769
000d7d20_2219,11674.777
000d7d20_2220,11674.787
000d7d20_2221,11674.795
000d7d20_2222,11674.804
000d7d20_2223,11674.812
000d7d20_2224,11674.819
000d7d20_2225,11674.827
000d7d20_2226,11674.837
000d7d20_2227,11674.847
000d7d20_2228,11674.857
000d7d20_2229,11674.869
000d7d20_2230,11674.88
000d7d20_2231,11674.891
000d7d20_2232,11674.901
000d7d20_2233,11674.914
000d7d20_2234,11674.929
000d7d20_2235,11674.939
000d7d20_2236,11674.95
000d7d20_2237,11674.961
000d7d20_2238,11674.972
000d7d20_2239,11674.983
000d7d20_2240,11674.994
000d7d20_2241,11675.003
000d7d20_2242,11675.012
000d7d20_2243,11675.0205
000d7d20_2244,11675.03
000d7d20_2245,11675.038
000d7d20_2246,11675.046
000d7d20_2247,11675.053
000d7d20_2248,11675.06
000d7d20_2249,11675.063
000d7d20_2250,11675.066
000d7d20_2251,11675.068
000d7d20_2252,11675.07
000d7d20_2253,11675.071
000d7d20_2254,11675.075
000d7d20_2255,11675.077
000d7d20_2256,11675.081
000d7d20_2257,11675.083
000d7d20_2258,11675.085
000d7d20_2259,11675.088
000d7d20_2260,11675.092
000d7d20_2261,11675.094
000d7d20_2262,11675.097
000d7d20_2263,11675.098
000d7d20_2264,11675.101
000d7d20_2265,11675.102
000d7d20_2266,11675.103
000d7d20_2267,11675.105
000d7d20_2268,11675.1045
000d7d20_2269,11675.106
000d7d20_2270,11675.106
000d7d20_2271,11675.107
000d7d20_2272,11675.106
000d7d20_2273,11675.105
000d7d20_2274,11675.103
000d7d20_2275,11675.099
000d7d20_2276,11675.098
000d7d20_2277,11675.095
000d7d20_2278,11675.093
000d7d20_2279,11675.092
000d7d20_2280,11675.09
000d7d20_2281,11675.091
000d7d20_2282,11675.091
000d7d20_2283,11675.091
000d7d20_2284,11675.089
000d7d20_2285,11675.089
000d7d20_2286,11675.089
000d7d20_2287,11675.089
000d7d20_2288,11675.089
000d7d20_2289,11675.089
000d7d20_2290,11675.088
000d7d20_2291,11675.085
000d7d20_2292,11675.082
000d7d20_2293,11675.079
000d7d20_2294,11675.077
000d7d20_2295,11675.074
000d7d20_2296,11675.07
000d7d20_2297,11675.066
000d7d20_2298,11675.063
000d7d20_2299,11675.06
000d7d20_2300,11675.055
000d7d20_2301,11675.052
000d7d20_2302,11675.048
000d7d20_2303,11675.043
000d7d20_2304,11675.037
000d7d20_2305,11675.031
000d7d20_2306,11675.024
000d7d20_2307,11675.019
000d7d20_2308,11675.013
000d7d20_2309,11675.005
000d7d20_2310,11674.998
000d7d20_2311,11674.989
000d7d20_2312,11674.981
000d7d20_2313,11674.974
000d7d20_2314,11674.965
000d7d20_2315,11674.958
000d7d20_2316,11674.949
000d7d20_2317,11674.94
000d7d20_2318,11674.934
000d7d20_2319,11674.927
000d7d20_2320,11674.92
000d7d20_2321,11674.913
000d7d20_2322,11674.906
000d7d20_2323,11674.898
000d7d20_2324,11674.893
000d7d20_2325,11674.885
000d7d20_2326,11674.878
000d7d20_2327,11674.871
000d7d20_2328,11674.864
000d7d20_2329,11674.856
000d7d20_2330,11674.848
000d7d20_2331,11674.838
000d7d20_2332,11674.829
000d7d20_2333,11674.82
000d7d20_2334,11674.81
000d7d20_2335,11674.801
000d7d20_2336,11674.792
000d7d20_2337,11674.783
000d7d20_2338,11674.773
000d7d20_2339,11674.765
000d7d20_2340,11674.755
000d7d20_2341,11674.745
000d7d20_2342,11674.734
000d7d20_2343,11674.724
000d7d20_2344,11674.713
000d7d20_2345,11674.703
000d7d20_2346,11674.69
000d7d20_2347,11674.677
000d7d20_2348,11674.666
000d7d20_2349,11674.652
000d7d20_2350,11674.64
000d7d20_2351,11674.627
000d7d20_2352,11674.614
000d7d20_2353,11674.601
000d7d20_2354,11674.586
000d7d20_2355,11674.57
000d7d20_2356,11674.556
000d7d20_2357,11674.543
000d7d20_2358,11674.53
000d7d20_2359,11674.516
000d7d20_2360,11674.504
000d7d20_2361,11674.49
000d7d20_2362,11674.4795
000d7d20_2363,11674.467
000d7d20_2364,11674.451
000d7d20_2365,11674.437
000d7d20_2366,11674.422
000d7d20_2367,11674.409
000d7d20_2368,11674.391
000d7d20_2369,11674.372
000d7d20_2370,11674.353
000d7d20_2371,11674.332
000d7d20_2372,11674.3125
000d7d20_2373,11674.295
000d7d20_2374,11674.277
000d7d20_2375,11674.26
000d7d20_2376,11674.242
000d7d20_2377,11674.225
000d7d20_2378,11674.209
000d7d20_2379,11674.19
000d7d20_2380,11674.173
000d7d20_2381,11674.156
000d7d20_2382,11674.143
000d7d20_2383,11674.128
000d7d20_2384,11674.111
000d7d20_2385,11674.097
000d7d20_2386,11674.082
000d7d20_2387,11674.067
000d7d20_2388,11674.054
000d7d20_2389,11674.038
000d7d20_2390,11674.021
000d7d20_2391,11674.009
000d7d20_2392,11673.996
000d7d20_2393,11673.983
000d7d20_2394,11673.973
000d7d20_2395,11673.96
000d7d20_2396,11673.946
000d7d20_2397,11673.936
000d7d20_2398,11673.924
000d7d20_2399,11673.911
000d7d20_2400,11673.899
000d7d20_2401,11673.888
000d7d20_2402,11673.876
000d7d20_2403,11673.866
000d7d20_2404,11673.856
000d7d20_2405,11673.846
000d7d20_2406,11673.834
000d7d20_2407,11673.818
000d7d20_2408,11673.801
000d7d20_2409,11673.784
000d7d20_2410,11673.77
000d7d20_2411,11673.756
000d7d20_2412,11673.74
000d7d20_2413,11673.726
000d7d20_2414,11673.712
000d7d20_2415,11673.697
000d7d20_2416,11673.684
000d7d20_2417,11673.668
000d7d20_2418,11673.65
000d7d20_2419,11673.634
000d7d20_2420,11673.62
000d7d20_2421,11673.607
000d7d20_2422,11673.594
000d7d20_2423,11673.581
000d7d20_2424,11673.566
000d7d20_2425,11673.552
000d7d20_2426,11673.536
000d7d20_2427,11673.522
000d7d20_2428,11673.509
000d7d20_2429,11673.496
000d7d20_2430,11673.48
000d7d20_2431,11673.464
000d7d20_2432,11673.449
000d7d20_2433,11673.432
000d7d20_2434,11673.414
000d7d20_2435,11673.397
000d7d20_2436,11673.381
000d7d20_2437,11673.365
000d7d20_2438,11673.351
000d7d20_2439,11673.337
000d7d20_2440,11673.324
000d7d20_2441,11673.311
000d7d20_2442,11673.298
000d7d20_2443,11673.286
000d7d20_2444,11673.274
000d7d20_2445,11673.264
000d7d20_2446,11673.253
000d7d20_2447,11673.243
000d7d20_2448,11673.234
000d7d20_2449,11673.227
000d7d20_2450,11673.218
000d7d20_2451,11673.212
000d7d20_2452,11673.205
000d7d20_2453,11673.198
000d7d20_2454,11673.193
000d7d20_2455,11673.1875
000d7d20_2456,11673.181
000d7d20_2457,11673.173
000d7d20_2458,11673.166
000d7d20_2459,11673.159
000d7d20_2460,11673.15
000d7d20_2461,11673.142
000d7d20_2462,11673.133
000d7d20_2463,11673.125
000d7d20_2464,11673.118
000d7d20_2465,11673.111
000d7d20_2466,11673.106
000d7d20_2467,11673.101
000d7d20_2468,11673.096
000d7d20_2469,11673.092
000d7d20_2470,11673.087
000d7d20_2471,11673.083
000d7d20_2472,11673.076
000d7d20_2473,11673.069
000d7d20_2474,11673.063
000d7d20_2475,11673.058
000d7d20_2476,11673.053
000d7d20_2477,11673.048
000d7d20_2478,11673.043
000d7d20_2479,11673.039
000d7d20_2480,11673.035
000d7d20_2481,11673.029
000d7d20_2482,11673.024
000d7d20_2483,11673.02
000d7d20_2484,11673.015
000d7d20_2485,11673.01
000d7d20_2486,11673.005
000d7d20_2487,11672.999
000d7d20_2488,11672.99
000d7d20_2489,11672.983
000d7d20_2490,11672.977
000d7d20_2491,11672.969
000d7d20_2492,11672.963
000d7d20_2493,11672.958
000d7d20_2494,11672.951
000d7d20_2495,11672.944
000d7d20_2496,11672.9375
000d7d20_2497,11672.929
000d7d20_2498,11672.921
000d7d20_2499,11672.912
000d7d20_2500,11672.901
000d7d20_2501,11672.892
000d7d20_2502,11672.886
000d7d20_2503,11672.876
000d7d20_2504,11672.869
000d7d20_2505,11672.862
000d7d20_2506,11672.857
000d7d20_2507,11672.853
000d7d20_2508,11672.849
000d7d20_2509,11672.845
000d7d20_2510,11672.843
000d7d20_2511,11672.843
000d7d20_2512,11672.842
000d7d20_2513,11672.841
000d7d20_2514,11672.841
000d7d20_2515,11672.839
000d7d20_2516,11672.838
000d7d20_2517,11672.838
000d7d20_2518,11672.832
000d7d20_2519,11672.829
000d7d20_2520,11672.826
000d7d20_2521,11672.823
000d7d20_2522,11672.82
000d7d20_2523,11672.818
000d7d20_2524,11672.815
000d7d20_2525,11672.813
000d7d20_2526,11672.813
000d7d20_2527,11672.814
000d7d20_2528,11672.818
000d7d20_2529,11672.818
000d7d20_2530,11672.816
000d7d20_2531,11672.814
000d7d20_2532,11672.8125
000d7d20_2533,11672.809
000d7d20_2534,11672.804
000d7d20_2535,11672.798
000d7d20_2536,11672.795
000d7d20_2537,11672.791
000d7d20_2538,11672.786
000d7d20_2539,11672.78
000d7d20_2540,11672.773
000d7d20_2541,11672.767
000d7d20_2542,11672.758
000d7d20_2543,11672.749
000d7d20_2544,11672.742
000d7d20_2545,11672.734
000d7d20_2546,11672.728
000d7d20_2547,11672.722
000d7d20_2548,11672.717
000d7d20_2549,11672.71
000d7d20_2550,11672.706
000d7d20_2551,11672.704
000d7d20_2552,11672.701
000d7d20_2553,11672.698
000d7d20_2554,11672.695
000d7d20_2555,11672.69
000d7d20_2556,11672.6875
000d7d20_2557,11672.685
000d7d20_2558,11672.684
000d7d20_2559,11672.681
000d7d20_2560,11672.679
000d7d20_2561,11672.678
000d7d20_2562,11672.675
000d7d20_2563,11672.674
000d7d20_2564,11672.674
000d7d20_2565,11672.674
000d7d20_2566,11672.674
000d7d20_2567,11672.672
000d7d20_2568,11672.67
000d7d20_2569,11672.669
000d7d20_2570,11672.667
000d7d20_2571,11672.665
000d7d20_2572,11672.662
000d7d20_2573,11672.66
000d7d20_2574,11672.66
000d7d20_2575,11672.661
000d7d20_2576,11672.66
000d7d20_2577,11672.659
000d7d20_2578,11672.658
000d7d20_2579,11672.656
000d7d20_2580,11672.653
000d7d20_2581,11672.652
000d7d20_2582,11672.652
000d7d20_2583,11672.652
000d7d20_2584,11672.653
000d7d20_2585,11672.655
000d7d20_2586,11672.655
000d7d20_2587,11672.654
000d7d20_2588,11672.653
000d7d20_2589,11672.652
000d7d20_2590,11672.65
000d7d20_2591,11672.651
000d7d20_2592,11672.653
000d7d20_2593,11672.652
000d7d20_2594,11672.652
000d7d20_2595,11672.652
000d7d20_2596,11672.651
000d7d20_2597,11672.65
000d7d20_2598,11672.65
000d7d20_2599,11672.648
000d7d20_2600,11672.648
000d7d20_2601,11672.647
000d7d20_2602,11672.6455
000d7d20_2603,11672.644
000d7d20_2604,11672.643
000d7d20_2605,11672.644
000d7d20_2606,11672.642
000d7d20_2607,11672.643
000d7d20_2608,11672.642
000d7d20_2609,11672.642
000d7d20_2610,11672.642
000d7d20_2611,11672.641
000d7d20_2612,11672.641
000d7d20_2613,11672.641
000d7d20_2614,11672.642
000d7d20_2615,11672.642
000d7d20_2616,11672.643
000d7d20_2617,11672.644
000d7d20_2618,11672.645
000d7d20_2619,11672.646
000d7d20_2620,11672.648
000d7d20_2621,11672.651
000d7d20_2622,11672.655
000d7d20_2623,11672.658
000d7d20_2624,11672.663
000d7d20_2625,11672.667
000d7d20_2626,11672.673
000d7d20_2627,11672.678
000d7d20_2628,11672.683
000d7d20_2629,11672.688
000d7d20_2630,11672.693
000d7d20_2631,11672.698
000d7d20_2632,11672.703
000d7d20_2633,11672.708
000d7d20_2634,11672.711
000d7d20_2635,11672.716
000d7d20_2636,11672.719
000d7d20_2637,11672.722
000d7d20_2638,11672.724
000d7d20_2639,11672.728
000d7d20_2640,11672.73
000d7d20_2641,11672.733
000d7d20_2642,11672.736
000d7d20_2643,11672.741
000d7d20_2644,11672.745
000d7d20_2645,11672.75
000d7d20_2646,11672.752
000d7d20_2647,11672.757
000d7d20_2648,11672.762
000d7d20_2649,11672.765
000d7d20_2650,11672.768
000d7d20_2651,11672.77
000d7d20_2652,11672.771
000d7d20_2653,11672.773
000d7d20_2654,11672.777
000d7d20_2655,11672.78
000d7d20_2656,11672.783
000d7d20_2657,11672.787
000d7d20_2658,11672.789
000d7d20_2659,11672.791
000d7d20_2660,11672.794
000d7d20_2661,11672.795
000d7d20_2662,11672.796
000d7d20_2663,11672.796
000d7d20_2664,11672.796
000d7d20_2665,11672.798
000d7d20_2666,11672.801
000d7d20_2667,11672.803
000d7d20_2668,11672.805
000d7d20_2669,11672.809
000d7d20_2670,11672.8125
000d7d20_2671,11672.818
000d7d20_2672,11672.825
000d7d20_2673,11672.833
000d7d20_2674,11672.84
000d7d20_2675,11672.848
000d7d20_2676,11672.855
000d7d20_2677,11672.862
000d7d20_2678,11672.87
000d7d20_2679,11672.877
000d7d20_2680,11672.886
000d7d20_2681,11672.896
000d7d20_2682,11672.906
000d7d20_2683,11672.913
000d7d20_2684,11672.921
000d7d20_2685,11672.931
000d7d20_2686,11672.9375
000d7d20_2687,11672.944
000d7d20_2688,11672.952
000d7d20_2689,11672.959
000d7d20_2690,11672.965
000d7d20_2691,11672.973
000d7d20_2692,11672.9795
000d7d20_2693,11672.985
000d7d20_2694,11672.99
000d7d20_2695,11672.993
000d7d20_2696,11672.998
000d7d20_2697,11673.002
000d7d20_2698,11673.004
000d7d20_2699,11673.007
000d7d20_2700,11673.009
000d7d20_2701,11673.011
000d7d20_2702,11673.013
000d7d20_2703,11673.014
000d7d20_2704,11673.012
000d7d20_2705,11673.012
000d7d20_2706,11673.01
000d7d20_2707,11673.01
000d7d20_2708,11673.014
000d7d20_2709,11673.017
000d7d20_2710,11673.021
000d7d20_2711,11673.024
000d7d20_2712,11673.028
000d7d20_2713,11673.035
000d7d20_2714,11673.04
000d7d20_2715,11673.047
000d7d20_2716,11673.053
000d7d20_2717,11673.057
000d7d20_2718,11673.061
000d7d20_2719,11673.067
000d7d20_2720,11673.072
000d7d20_2721,11673.077
000d7d20_2722,11673.081
000d7d20_2723,11673.086
000d7d20_2724,11673.09
000d7d20_2725,11673.095
000d7d20_2726,11673.098
000d7d20_2727,11673.101
000d7d20_2728,11673.105
000d7d20_2729,11673.11
000d7d20_2730,11673.115
000d7d20_2731,11673.121
000d7d20_2732,11673.13
000d7d20_2733,11673.138
000d7d20_2734,11673.146
000d7d20_2735,11673.154
000d7d20_2736,11673.164
000d7d20_2737,11673.173
000d7d20_2738,11673.181
000d7d20_2739,11673.188
000d7d20_2740,11673.195
000d7d20_2741,11673.202
000d7d20_2742,11673.208
000d7d20_2743,11673.213
000d7d20_2744,11673.219
000d7d20_2745,11673.225
000d7d20_2746,11673.229
000d7d20_2747,11673.232
000d7d20_2748,11673.24
000d7d20_2749,11673.246
000d7d20_2750,11673.254
000d7d20_2751,11673.261
000d7d20_2752,11673.266
000d7d20_2753,11673.272
000d7d20_2754,11673.277
000d7d20_2755,11673.282
000d7d20_2756,11673.286
000d7d20_2757,11673.291
000d7d20_2758,11673.297
000d7d20_2759,11673.3
000d7d20_2760,11673.303
000d7d20_2761,11673.305
000d7d20_2762,11673.306
000d7d20_2763,11673.309
000d7d20_2764,11673.311
000d7d20_2765,11673.312
000d7d20_2766,11673.313
000d7d20_2767,11673.312
000d7d20_2768,11673.31
000d7d20_2769,11673.308
000d7d20_2770,11673.305
000d7d20_2771,11673.302
000d7d20_2772,11673.3
000d7d20_2773,11673.299
000d7d20_2774,11673.297
000d7d20_2775,11673.293
000d7d20_2776,11673.29
000d7d20_2777,11673.286
000d7d20_2778,11673.283
000d7d20_2779,11673.281
000d7d20_2780,11673.278
000d7d20_2781,11673.277
000d7d20_2782,11673.276
000d7d20_2783,11673.274
000d7d20_2784,11673.273
000d7d20_2785,11673.271
000d7d20_2786,11673.2705
000d7d20_2787,11673.2705
000d7d20_2788,11673.2705
000d7d20_2789,11673.272
000d7d20_2790,11673.273
000d7d20_2791,11673.274
000d7d20_2792,11673.277
000d7d20_2793,11673.278
000d7d20_2794,11673.279
000d7d20_2795,11673.278
000d7d20_2796,11673.277
000d7d20_2797,11673.278
000d7d20_2798,11673.278
000d7d20_2799,11673.277
000d7d20_2800,11673.276
000d7d20_2801,11673.276
000d7d20_2802,11673.277
000d7d20_2803,11673.275
000d7d20_2804,11673.276
000d7d20_2805,11673.275
000d7d20_2806,11673.276
000d7d20_2807,11673.276
000d7d20_2808,11673.275
000d7d20_2809,11673.274
000d7d20_2810,11673.273
000d7d20_2811,11673.271
000d7d20_2812,11673.269
000d7d20_2813,11673.268
000d7d20_2814,11673.266
000d7d20_2815,11673.263
000d7d20_2816,11673.261
000d7d20_2817,11673.26
000d7d20_2818,11673.257
000d7d20_2819,11673.253
000d7d20_2820,11673.25
000d7d20_2821,11673.248
000d7d20_2822,11673.244
000d7d20_2823,11673.24
000d7d20_2824,11673.237
000d7d20_2825,11673.233
000d7d20_2826,11673.231
000d7d20_2827,11673.225
000d7d20_2828,11673.216
000d7d20_2829,11673.205
000d7d20_2830,11673.196
000d7d20_2831,11673.1875
000d7d20_2832,11673.179
000d7d20_2833,11673.171
000d7d20_2834,11673.163
000d7d20_2835,11673.156
000d7d20_2836,11673.146
000d7d20_2837,11673.137
000d7d20_2838,11673.129
000d7d20_2839,11673.118
000d7d20_2840,11673.109
000d7d20_2841,11673.101
000d7d20_2842,11673.092
000d7d20_2843,11673.085
000d7d20_2844,11673.078
000d7d20_2845,11673.072
000d7d20_2846,11673.067
000d7d20_2847,11673.0625
000d7d20_2848,11673.057
000d7d20_2849,11673.049
000d7d20_2850,11673.044
000d7d20_2851,11673.037
000d7d20_2852,11673.029
000d7d20_2853,11673.023
000d7d20_2854,11673.02
000d7d20_2855,11673.015
000d7d20_2856,11673.01
000d7d20_2857,11673.003
000d7d20_2858,11672.996
000d7d20_2859,11672.988
000d7d20_2860,11672.98
000d7d20_2861,11672.973
000d7d20_2862,11672.965
000d7d20_2863,11672.961
000d7d20_2864,11672.954
000d7d20_2865,11672.947
000d7d20_2866,11672.9375
000d7d20_2867,11672.929
000d7d20_2868,11672.921
000d7d20_2869,11672.914
000d7d20_2870,11672.907
000d7d20_2871,11672.899
000d7d20_2872,11672.894
000d7d20_2873,11672.888
000d7d20_2874,11672.883
000d7d20_2875,11672.877
000d7d20_2876,11672.872
000d7d20_2877,11672.867
000d7d20_2878,11672.862
000d7d20_2879,11672.86
000d7d20_2880,11672.859
000d7d20_2881,11672.859
000d7d20_2882,11672.857
000d7d20_2883,11672.8545
000d7d20_2884,11672.852
000d7d20_2885,11672.847
000d7d20_2886,11672.843
000d7d20_2887,11672.839
000d7d20_2888,11672.836
000d7d20_2889,11672.833
000d7d20_2890,11672.831
000d7d20_2891,11672.832
000d7d20_2892,11672.827
000d7d20_2893,11672.823
000d7d20_2894,11672.82
000d7d20_2895,11672.817
000d7d20_2896,11672.814
000d7d20_2897,11672.812
000d7d20_2898,11672.809
000d7d20_2899,11672.804
000d7d20_2900,11672.802
000d7d20_2901,11672.8
000d7d20_2902,11672.795
000d7d20_2903,11672.792
000d7d20_2904,11672.787
000d7d20_2905,11672.782
000d7d20_2906,11672.777
000d7d20_2907,11672.773
000d7d20_2908,11672.77
000d7d20_2909,11672.766
000d7d20_2910,11672.763
000d7d20_2911,11672.761
000d7d20_2912,11672.76
000d7d20_2913,11672.759
000d7d20_2914,11672.757
000d7d20_2915,11672.755
000d7d20_2916,11672.754
000d7d20_2917,11672.752
000d7d20_2918,11672.75
000d7d20_2919,11672.749
000d7d20_2920,11672.748
000d7d20_2921,11672.747
000d7d20_2922,11672.745
000d7d20_2923,11672.744
000d7d20_2924,11672.741
000d7d20_2925,11672.737
000d7d20_2926,11672.733
000d7d20_2927,11672.7295
000d7d20_2928,11672.729
000d7d20_2929,11672.726
000d7d20_2930,11672.724
000d7d20_2931,11672.721
000d7d20_2932,11672.718
000d7d20_2933,11672.717
000d7d20_2934,11672.714
000d7d20_2935,11672.711
000d7d20_2936,11672.709
000d7d20_2937,11672.708
000d7d20_2938,11672.704
000d7d20_2939,11672.701
000d7d20_2940,11672.694
000d7d20_2941,11672.69
000d7d20_2942,11672.687
000d7d20_2943,11672.682
000d7d20_2944,11672.679
000d7d20_2945,11672.674
000d7d20_2946,11672.668
000d7d20_2947,11672.661
000d7d20_2948,11672.653
000d7d20_2949,11672.646
000d7d20_2950,11672.639
000d7d20_2951,11672.633
000d7d20_2952,11672.627
000d7d20_2953,11672.621
000d7d20_2954,11672.615
000d7d20_2955,11672.608
000d7d20_2956,11672.603
000d7d20_2957,11672.599
000d7d20_2958,11672.595
000d7d20_2959,11672.592
000d7d20_2960,11672.588
000d7d20_2961,11672.583
000d7d20_2962,11672.579
000d7d20_2963,11672.576
000d7d20_2964,11672.575
000d7d20_2965,11672.573
000d7d20_2966,11672.573
000d7d20_2967,11672.572
000d7d20_2968,11672.57
000d7d20_2969,11672.568
000d7d20_2970,11672.565
000d7d20_2971,11672.564
000d7d20_2972,11672.561
000d7d20_2973,11672.557
000d7d20_2974,11672.555
000d7d20_2975,11672.554
000d7d20_2976,11672.553
000d7d20_2977,11672.552
000d7d20_2978,11672.55
000d7d20_2979,11672.548
000d7d20_2980,11672.546
000d7d20_2981,11672.543
000d7d20_2982,11672.538
000d7d20_2983,11672.534
000d7d20_2984,11672.531
000d7d20_2985,11672.529
000d7d20_2986,11672.526
000d7d20_2987,11672.528
000d7d20_2988,11672.528
000d7d20_2989,11672.531
000d7d20_2990,11672.532
000d7d20_2991,11672.533
000d7d20_2992,11672.535
000d7d20_2993,11672.537
000d7d20_2994,11672.536
000d7d20_2995,11672.537
000d7d20_2996,11672.537
000d7d20_2997,11672.537
000d7d20_2998,11672.538
000d7d20_2999,11672.538
000d7d20_3000,11672.536
000d7d20_3001,11672.535
000d7d20_3002,11672.535
000d7d20_3003,11672.536
000d7d20_3004,11672.536
000d7d20_3005,11672.536
000d7d20_3006,11672.537
000d7d20_3007,11672.538
000d7d20_3008,11672.539
000d7d20_3009,11672.54
000d7d20_3010,11672.541
000d7d20_3011,11672.542
000d7d20_3012,11672.541
000d7d20_3013,11672.54
000d7d20_3014,11672.537
000d7d20_3015,11672.535
000d7d20_3016,11672.532
000d7d20_3017,11672.53
000d7d20_3018,11672.53
000d7d20_3019,11672.529
000d7d20_3020,11672.529
000d7d20_3021,11672.527
000d7d20_3022,11672.523
000d7d20_3023,11672.522
000d7d20_3024,11672.5205
000d7d20_3025,11672.519
000d7d20_3026,11672.519
000d7d20_3027,11672.5205
000d7d20_3028,11672.521
000d7d20_3029,11672.522
000d7d20_3030,11672.526
000d7d20_3031,11672.528
000d7d20_3032,11672.532
000d7d20_3033,11672.535
000d7d20_3034,11672.536
000d7d20_3035,11672.538
000d7d20_3036,11672.541
000d7d20_3037,11672.542
000d7d20_3038,11672.546
000d7d20_3039,11672.55
000d7d20_3040,11672.554
000d7d20_3041,11672.558
000d7d20_3042,11672.562
000d7d20_3043,11672.566
000d7d20_3044,11672.572
000d7d20_3045,11672.575
000d7d20_3046,11672.578
000d7d20_3047,11672.583
000d7d20_3048,11672.587
000d7d20_3049,11672.588
000d7d20_3050,11672.589
000d7d20_3051,11672.589
000d7d20_3052,11672.59
000d7d20_3053,11672.589
000d7d20_3054,11672.587
000d7d20_3055,11672.588
000d7d20_3056,11672.589
000d7d20_3057,11672.588
000d7d20_3058,11672.587
000d7d20_3059,11672.587
000d7d20_3060,11672.588
000d7d20_3061,11672.587
000d7d20_3062,11672.588
000d7d20_3063,11672.588
000d7d20_3064,11672.589
000d7d20_3065,11672.589
000d7d20_3066,11672.588
000d7d20_3067,11672.586
000d7d20_3068,11672.585
000d7d20_3069,11672.585
000d7d20_3070,11672.582
000d7d20_3071,11672.581
000d7d20_3072,11672.58
000d7d20_3073,11672.577
000d7d20_3074,11672.575
000d7d20_3075,11672.575
000d7d20_3076,11672.576
000d7d20_3077,11672.578
000d7d20_3078,11672.578
000d7d20_3079,11672.579
000d7d20_3080,11672.579
000d7d20_3081,11672.578
000d7d20_3082,11672.577
000d7d20_3083,11672.576
000d7d20_3084,11672.573
000d7d20_3085,11672.571
000d7d20_3086,11672.57
000d7d20_3087,11672.568
000d7d20_3088,11672.566
000d7d20_3089,11672.564
000d7d20_3090,11672.56
000d7d20_3091,11672.557
000d7d20_3092,11672.553
000d7d20_3093,11672.548
000d7d20_3094,11672.547
000d7d20_3095,11672.544
000d7d20_3096,11672.539
000d7d20_3097,11672.537
000d7d20_3098,11672.533
000d7d20_3099,11672.531
000d7d20_3100,11672.529
000d7d20_3101,11672.527
000d7d20_3102,11672.525
000d7d20_3103,11672.5205
000d7d20_3104,11672.518
000d7d20_3105,11672.513
000d7d20_3106,11672.509
000d7d20_3107,11672.506
000d7d20_3108,11672.501
000d7d20_3109,11672.495
000d7d20_3110,11672.492
000d7d20_3111,11672.487
000d7d20_3112,11672.484
000d7d20_3113,11672.481
000d7d20_3114,11672.478
000d7d20_3115,11672.473
000d7d20_3116,11672.471
000d7d20_3117,11672.467
000d7d20_3118,11672.464
000d7d20_3119,11672.459
000d7d20_3120,11672.455
000d7d20_3121,11672.452
000d7d20_3122,11672.45
000d7d20_3123,11672.447
000d7d20_3124,11672.446
000d7d20_3125,11672.443
000d7d20_3126,11672.439
000d7d20_3127,11672.436
000d7d20_3128,11672.432
000d7d20_3129,11672.426
000d7d20_3130,11672.424
000d7d20_3131,11672.42
000d7d20_3132,11672.416
000d7d20_3133,11672.411
000d7d20_3134,11672.407
000d7d20_3135,11672.402
000d7d20_3136,11672.397
000d7d20_3137,11672.394
000d7d20_3138,11672.391
000d7d20_3139,11672.386
000d7d20_3140,11672.384
000d7d20_3141,11672.381
000d7d20_3142,11672.379
000d7d20_3143,11672.377
000d7d20_3144,11672.376
000d7d20_3145,11672.373
000d7d20_3146,11672.37
000d7d20_3147,11672.366
000d7d20_3148,11672.362
000d7d20_3149,11672.359
000d7d20_3150,11672.356
000d7d20_3151,11672.353
000d7d20_3152,11672.349
000d7d20_3153,11672.348
000d7d20_3154,11672.342
000d7d20_3155,11672.335
000d7d20_3156,11672.33
000d7d20_3157,11672.327
000d7d20_3158,11672.325
000d7d20_3159,11672.324
000d7d20_3160,11672.324
000d7d20_3161,11672.325
000d7d20_3162,11672.327
000d7d20_3163,11672.327
000d7d20_3164,11672.326
000d7d20_3165,11672.324
000d7d20_3166,11672.324
000d7d20_3167,11672.324
000d7d20_3168,11672.325
000d7d20_3169,11672.328
000d7d20_3170,11672.33
000d7d20_3171,11672.333
000d7d20_3172,11672.336
000d7d20_3173,11672.34
000d7d20_3174,11672.342
000d7d20_3175,11672.344
000d7d20_3176,11672.348
000d7d20_3177,11672.35
000d7d20_3178,11672.353
000d7d20_3179,11672.354
000d7d20_3180,11672.354
000d7d20_3181,11672.352
000d7d20_3182,11672.35
000d7d20_3183,11672.35
000d7d20_3184,11672.349
000d7d20_3185,11672.35
000d7d20_3186,11672.353
000d7d20_3187,11672.3545
000d7d20_3188,11672.355
000d7d20_3189,11672.355
000d7d20_3190,11672.3545
000d7d20_3191,11672.353
000d7d20_3192,11672.351
000d7d20_3193,11672.351
000d7d20_3194,11672.351
000d7d20_3195,11672.352
000d7d20_3196,11672.35
000d7d20_3197,11672.349
000d7d20_3198,11672.348
000d7d20_3199,11672.347
000d7d20_3200,11672.346
000d7d20_3201,11672.347
000d7d20_3202,11672.343
000d7d20_3203,11672.341
000d7d20_3204,11672.338
000d7d20_3205,11672.334
000d7d20_3206,11672.33
000d7d20_3207,11672.327
000d7d20_3208,11672.325
000d7d20_3209,11672.323
000d7d20_3210,11672.322
000d7d20_3211,11672.32
000d7d20_3212,11672.316
000d7d20_3213,11672.313
000d7d20_3214,11672.312
000d7d20_3215,11672.309
000d7d20_3216,11672.305
000d7d20_3217,11672.301
000d7d20_3218,11672.297
000d7d20_3219,11672.293
000d7d20_3220,11672.292
000d7d20_3221,11672.29
000d7d20_3222,11672.287
000d7d20_3223,11672.283
000d7d20_3224,11672.28
000d7d20_3225,11672.278
000d7d20_3226,11672.279
000d7d20_3227,11672.28
000d7d20_3228,11672.281
000d7d20_3229,11672.281
000d7d20_3230,11672.283
000d7d20_3231,11672.285
000d7d20_3232,11672.285
000d7d20_3233,11672.285
000d7d20_3234,11672.285
000d7d20_3235,11672.287
000d7d20_3236,11672.289
000d7d20_3237,11672.288
000d7d20_3238,11672.289
000d7d20_3239,11672.29
000d7d20_3240,11672.291
000d7d20_3241,11672.295
000d7d20_3242,11672.297
000d7d20_3243,11672.3
000d7d20_3244,11672.302
000d7d20_3245,11672.304
000d7d20_3246,11672.305
000d7d20_3247,11672.305
000d7d20_3248,11672.309
000d7d20_3249,11672.311
000d7d20_3250,11672.313
000d7d20_3251,11672.315
000d7d20_3252,11672.319
000d7d20_3253,11672.324
000d7d20_3254,11672.329
000d7d20_3255,11672.336
000d7d20_3256,11672.341
000d7d20_3257,11672.344
000d7d20_3258,11672.347
000d7d20_3259,11672.349
000d7d20_3260,11672.349
000d7d20_3261,11672.349
000d7d20_3262,11672.349
000d7d20_3263,11672.351
000d7d20_3264,11672.351
000d7d20_3265,11672.35
000d7d20_3266,11672.349
000d7d20_3267,11672.349
000d7d20_3268,11672.349
000d7d20_3269,11672.35
000d7d20_3270,11672.351
000d7d20_3271,11672.353
000d7d20_3272,11672.3545
000d7d20_3273,11672.357
000d7d20_3274,11672.359
000d7d20_3275,11672.36
000d7d20_3276,11672.359
000d7d20_3277,11672.36
000d7d20_3278,11672.361
000d7d20_3279,11672.362
000d7d20_3280,11672.364
000d7d20_3281,11672.366
000d7d20_3282,11672.368
000d7d20_3283,11672.37
000d7d20_3284,11672.373
000d7d20_3285,11672.376
000d7d20_3286,11672.38
000d7d20_3287,11672.383
000d7d20_3288,11672.383
000d7d20_3289,11672.385
000d7d20_3290,11672.383
000d7d20_3291,11672.383
000d7d20_3292,11672.386
000d7d20_3293,11672.388
000d7d20_3294,11672.39
000d7d20_3295,11672.394
000d7d20_3296,11672.396
000d7d20_3297,11672.4
000d7d20_3298,11672.403
000d7d20_3299,11672.405
000d7d20_3300,11672.408
000d7d20_3301,11672.413
000d7d20_3302,11672.418
000d7d20_3303,11672.422
000d7d20_3304,11672.427
000d7d20_3305,11672.432
000d7d20_3306,11672.437
000d7d20_3307,11672.44
000d7d20_3308,11672.444
000d7d20_3309,11672.447
000d7d20_3310,11672.45
000d7d20_3311,11672.452
000d7d20_3312,11672.454
000d7d20_3313,11672.46
000d7d20_3314,11672.464
000d7d20_3315,11672.471
000d7d20_3316,11672.476
000d7d20_3317,11672.481
000d7d20_3318,11672.486
000d7d20_3319,11672.492
000d7d20_3320,11672.498
000d7d20_3321,11672.506
000d7d20_3322,11672.516
000d7d20_3323,11672.523
000d7d20_3324,11672.53
000d7d20_3325,11672.537
000d7d20_3326,11672.546
000d7d20_3327,11672.553
000d7d20_3328,11672.56
000d7d20_3329,11672.567
000d7d20_3330,11672.573
000d7d20_3331,11672.576
000d7d20_3332,11672.58
000d7d20_3333,11672.58
000d7d20_3334,11672.582
000d7d20_3335,11672.586
000d7d20_3336,11672.588
000d7d20_3337,11672.589
000d7d20_3338,11672.589
000d7d20_3339,11672.59
000d7d20_3340,11672.59
000d7d20_3341,11672.589
000d7d20_3342,11672.587
000d7d20_3343,11672.586
000d7d20_3344,11672.583
000d7d20_3345,11672.583
000d7d20_3346,11672.583
000d7d20_3347,11672.582
000d7d20_3348,11672.58
000d7d20_3349,11672.58
000d7d20_3350,11672.579
000d7d20_3351,11672.578
000d7d20_3352,11672.578
000d7d20_3353,11672.577
000d7d20_3354,11672.577
000d7d20_3355,11672.576
000d7d20_3356,11672.573
000d7d20_3357,11672.569
000d7d20_3358,11672.566
000d7d20_3359,11672.561
000d7d20_3360,11672.555
000d7d20_3361,11672.55
000d7d20_3362,11672.545
000d7d20_3363,11672.54
000d7d20_3364,11672.536
000d7d20_3365,11672.529
000d7d20_3366,11672.523
000d7d20_3367,11672.518
000d7d20_3368,11672.514
000d7d20_3369,11672.509
000d7d20_3370,11672.504
000d7d20_3371,11672.501
000d7d20_3372,11672.497
000d7d20_3373,11672.493
000d7d20_3374,11672.49
000d7d20_3375,11672.487
000d7d20_3376,11672.482
000d7d20_3377,11672.477
000d7d20_3378,11672.47
000d7d20_3379,11672.465
000d7d20_3380,11672.462
000d7d20_3381,11672.457
000d7d20_3382,11672.451
000d7d20_3383,11672.446
000d7d20_3384,11672.442
000d7d20_3385,11672.44
000d7d20_3386,11672.438
000d7d20_3387,11672.436
000d7d20_3388,11672.432
000d7d20_3389,11672.427
000d7d20_3390,11672.423
000d7d20_3391,11672.421
000d7d20_3392,11672.417
000d7d20_3393,11672.416
000d7d20_3394,11672.414
000d7d20_3395,11672.409
000d7d20_3396,11672.402
000d7d20_3397,11672.398
000d7d20_3398,11672.391
000d7d20_3399,11672.384
000d7d20_3400,11672.378
000d7d20_3401,11672.372
000d7d20_3402,11672.365
000d7d20_3403,11672.358
000d7d20_3404,11672.354
000d7d20_3405,11672.347
000d7d20_3406,11672.341
000d7d20_3407,11672.335
000d7d20_3408,11672.328
000d7d20_3409,11672.321
000d7d20_3410,11672.316
000d7d20_3411,11672.309
000d7d20_3412,11672.303
000d7d20_3413,11672.295
000d7d20_3414,11672.286
000d7d20_3415,11672.275
000d7d20_3416,11672.266
000d7d20_3417,11672.256
000d7d20_3418,11672.246
000d7d20_3419,11672.237
000d7d20_3420,11672.23
000d7d20_3421,11672.224
000d7d20_3422,11672.215
000d7d20_3423,11672.204
000d7d20_3424,11672.194
000d7d20_3425,11672.182
000d7d20_3426,11672.171
000d7d20_3427,11672.161
000d7d20_3428,11672.15
000d7d20_3429,11672.142
000d7d20_3430,11672.134
000d7d20_3431,11672.126
000d7d20_3432,11672.119
000d7d20_3433,11672.112
000d7d20_3434,11672.106
000d7d20_3435,11672.103
000d7d20_3436,11672.099
000d7d20_3437,11672.095
000d7d20_3438,11672.092
000d7d20_3439,11672.088
000d7d20_3440,11672.084
000d7d20_3441,11672.083
000d7d20_3442,11672.079
000d7d20_3443,11672.076
000d7d20_3444,11672.072
000d7d20_3445,11672.07
000d7d20_3446,11672.069
000d7d20_3447,11672.068
000d7d20_3448,11672.067
000d7d20_3449,11672.067
000d7d20_3450,11672.067
000d7d20_3451,11672.069
000d7d20_3452,11672.069
000d7d20_3453,11672.068
000d7d20_3454,11672.066
000d7d20_3455,11672.065
000d7d20_3456,11672.064
000d7d20_3457,11672.063
000d7d20_3458,11672.0625
000d7d20_3459,11672.06
000d7d20_3460,11672.058
000d7d20_3461,11672.055
000d7d20_3462,11672.051
000d7d20_3463,11672.047
000d7d20_3464,11672.042
000d7d20_3465,11672.039
000d7d20_3466,11672.036
000d7d20_3467,11672.032
000d7d20_3468,11672.027
000d7d20_3469,11672.022
000d7d20_3470,11672.016
000d7d20_3471,11672.011
000d7d20_3472,11672.005
000d7d20_3473,11671.999
000d7d20_3474,11671.991
000d7d20_3475,11671.987
000d7d20_3476,11671.982
000d7d20_3477,11671.977
000d7d20_3478,11671.975
000d7d20_3479,11671.971
000d7d20_3480,11671.969
000d7d20_3481,11671.968
000d7d20_3482,11671.966
000d7d20_3483,11671.964
000d7d20_3484,11671.963
000d7d20_3485,11671.961
000d7d20_3486,11671.957
000d7d20_3487,11671.951
000d7d20_3488,11671.944
000d7d20_3489,11671.938
000d7d20_3490,11671.933
000d7d20_3491,11671.928
000d7d20_3492,11671.922
000d7d20_3493,11671.915
000d7d20_3494,11671.907
000d7d20_3495,11671.9
000d7d20_3496,11671.893
000d7d20_3497,11671.886
000d7d20_3498,11671.879
000d7d20_3499,11671.871
000d7d20_3500,11671.865
000d7d20_3501,11671.859
000d7d20_3502,11671.851
000d7d20_3503,11671.846
000d7d20_3504,11671.841
000d7d20_3505,11671.835
000d7d20_3506,11671.833
000d7d20_3507,11671.832
000d7d20_3508,11671.829
000d7d20_3509,11671.825
000d7d20_3510,11671.821
000d7d20_3511,11671.817
000d7d20_3512,11671.8125
000d7d20_3513,11671.811
000d7d20_3514,11671.808
000d7d20_3515,11671.806
000d7d20_3516,11671.805
000d7d20_3517,11671.804
000d7d20_3518,11671.804
000d7d20_3519,11671.804
000d7d20_3520,11671.803
000d7d20_3521,11671.802
000d7d20_3522,11671.8
000d7d20_3523,11671.8
000d7d20_3524,11671.799
000d7d20_3525,11671.797
000d7d20_3526,11671.796
000d7d20_3527,11671.795
000d7d20_3528,11671.793
000d7d20_3529,11671.789
000d7d20_3530,11671.784
000d7d20_3531,11671.777
000d7d20_3532,11671.772
000d7d20_3533,11671.769
000d7d20_3534,11671.763
000d7d20_3535,11671.757
000d7d20_3536,11671.75
000d7d20_3537,11671.743
000d7d20_3538,11671.736
000d7d20_3539,11671.73
000d7d20_3540,11671.725
000d7d20_3541,11671.718
000d7d20_3542,11671.711
000d7d20_3543,11671.706
000d7d20_3544,11671.7
000d7d20_3545,11671.695
000d7d20_3546,11671.689
000d7d20_3547,11671.685
000d7d20_3548,11671.68
000d7d20_3549,11671.676
000d7d20_3550,11671.674
000d7d20_3551,11671.671
000d7d20_3552,11671.67
000d7d20_3553,11671.668
000d7d20_3554,11671.663
000d7d20_3555,11671.659
000d7d20_3556,11671.653
000d7d20_3557,11671.649
000d7d20_3558,11671.646
000d7d20_3559,11671.644
000d7d20_3560,11671.64
000d7d20_3561,11671.639
000d7d20_3562,11671.64
000d7d20_3563,11671.64
000d7d20_3564,11671.64
000d7d20_3565,11671.641
000d7d20_3566,11671.64
000d7d20_3567,11671.639
000d7d20_3568,11671.639
000d7d20_3569,11671.639
000d7d20_3570,11671.638
000d7d20_3571,11671.637
000d7d20_3572,11671.635
000d7d20_3573,11671.634
000d7d20_3574,11671.634
000d7d20_3575,11671.634
000d7d20_3576,11671.633
000d7d20_3577,11671.63
000d7d20_3578,11671.628
000d7d20_3579,11671.626
000d7d20_3580,11671.624
000d7d20_3581,11671.622
000d7d20_3582,11671.622
000d7d20_3583,11671.622
000d7d20_3584,11671.623
000d7d20_3585,11671.624
000d7d20_3586,11671.626
000d7d20_3587,11671.63
000d7d20_3588,11671.634
000d7d20_3589,11671.639
000d7d20_3590,11671.644
000d7d20_3591,11671.649
000d7d20_3592,11671.654
000d7d20_3593,11671.657
000d7d20_3594,11671.659
000d7d20_3595,11671.661
000d7d20_3596,11671.663
000d7d20_3597,11671.665
000d7d20_3598,11671.668
000d7d20_3599,11671.671
000d7d20_3600,11671.675
000d7d20_3601,11671.678
000d7d20_3602,11671.681
000d7d20_3603,11671.684
000d7d20_3604,11671.6875
000d7d20_3605,11671.69
000d7d20_3606,11671.692
000d7d20_3607,11671.697
000d7d20_3608,11671.7
000d7d20_3609,11671.703
000d7d20_3610,11671.707
000d7d20_3611,11671.711
000d7d20_3612,11671.714
000d7d20_3613,11671.718
000d7d20_3614,11671.721
000d7d20_3615,11671.728
000d7d20_3616,11671.73
000d7d20_3617,11671.734
000d7d20_3618,11671.74
000d7d20_3619,11671.744
000d7d20_3620,11671.748
000d7d20_3621,11671.751
000d7d20_3622,11671.75
000d7d20_3623,11671.749
000d7d20_3624,11671.751
000d7d20_3625,11671.753
000d7d20_3626,11671.754
000d7d20_3627,11671.755
000d7d20_3628,11671.755
000d7d20_3629,11671.753
000d7d20_3630,11671.75
000d7d20_3631,11671.749
000d7d20_3632,11671.746
000d7d20_3633,11671.745
000d7d20_3634,11671.744
000d7d20_3635,11671.741
000d7d20_3636,11671.74
000d7d20_3637,11671.736
000d7d20_3638,11671.736
000d7d20_3639,11671.736
000d7d20_3640,11671.735
000d7d20_3641,11671.735
000d7d20_3642,11671.736
000d7d20_3643,11671.74
000d7d20_3644,11671.742
000d7d20_3645,11671.744
000d7d20_3646,11671.745
000d7d20_3647,11671.746
000d7d20_3648,11671.749
000d7d20_3649,11671.752
000d7d20_3650,11671.753
000d7d20_3651,11671.755
000d7d20_3652,11671.756
000d7d20_3653,11671.756
000d7d20_3654,11671.755
000d7d20_3655,11671.757
000d7d20_3656,11671.759
000d7d20_3657,11671.762
000d7d20_3658,11671.765
000d7d20_3659,11671.768
000d7d20_3660,11671.773
000d7d20_3661,11671.777
000d7d20_3662,11671.78
000d7d20_3663,11671.784
000d7d20_3664,11671.786
000d7d20_3665,11671.788
000d7d20_3666,11671.79
000d7d20_3667,11671.792
000d7d20_3668,11671.793
000d7d20_3669,11671.796
000d7d20_3670,11671.799
000d7d20_3671,11671.8
000d7d20_3672,11671.8
000d7d20_3673,11671.801
000d7d20_3674,11671.802
000d7d20_3675,11671.804
000d7d20_3676,11671.807
000d7d20_3677,11671.811
000d7d20_3678,11671.814
000d7d20_3679,11671.819
000d7d20_3680,11671.822
000d7d20_3681,11671.824
000d7d20_3682,11671.827
000d7d20_3683,11671.829
000d7d20_3684,11671.83
000d7d20_3685,11671.831
000d7d20_3686,11671.831
000d7d20_3687,11671.832
000d7d20_3688,11671.832
000d7d20_3689,11671.834
000d7d20_3690,11671.838
000d7d20_3691,11671.84
000d7d20_3692,11671.842
000d7d20_3693,11671.842
000d7d20_3694,11671.841
000d7d20_3695,11671.84
000d7d20_3696,11671.84
000d7d20_3697,11671.841
000d7d20_3698,11671.842
000d7d20_3699,11671.844
000d7d20_3700,11671.846
000d7d20_3701,11671.848
000d7d20_3702,11671.85
000d7d20_3703,11671.85
000d7d20_3704,11671.853
000d7d20_3705,11671.853
000d7d20_3706,11671.853
000d7d20_3707,11671.8545
000d7d20_3708,11671.8545
000d7d20_3709,11671.855
000d7d20_3710,11671.857
000d7d20_3711,11671.859
000d7d20_3712,11671.862
000d7d20_3713,11671.866
000d7d20_3714,11671.87
000d7d20_3715,11671.875
000d7d20_3716,11671.901
000d7d20_3717,11671.927
000d7d20_3718,11671.952
000d7d20_3719,11671.982
000d7d20_3720,11672.011
000d7d20_3721,11672.038
000d7d20_3722,11672.066
000d7d20_3723,11672.094
000d7d20_3724,11672.12
000d7d20_3725,11672.146
000d7d20_3726,11672.171
000d7d20_3727,11672.194
000d7d20_3728,11672.218
000d7d20_3729,11672.24
000d7d20_3730,11672.263
000d7d20_3731,11672.283
000d7d20_3732,11672.303
000d7d20_3733,11672.323
000d7d20_3734,11672.341
000d7d20_3735,11672.359
000d7d20_3736,11672.376
000d7d20_3737,11672.392
000d7d20_3738,11672.407
000d7d20_3739,11672.422
000d7d20_3740,11672.437
000d7d20_3741,11672.451
000d7d20_3742,11672.466
000d7d20_3743,11672.4795
000d7d20_3744,11672.49
000d7d20_3745,11672.5
000d7d20_3746,11672.51
000d7d20_3747,11672.518
000d7d20_3748,11672.522
000d7d20_3749,11672.527
000d7d20_3750,11672.53
000d7d20_3751,11672.532
000d7d20_3752,11672.533
000d7d20_3753,11672.537
000d7d20_3754,11672.542
000d7d20_3755,11672.544
000d7d20_3756,11672.546
000d7d20_3757,11672.545
000d7d20_3758,11672.54
000d7d20_3759,11672.534
000d7d20_3760,11672.53
000d7d20_3761,11672.526
000d7d20_3762,11672.521
000d7d20_3763,11672.517
000d7d20_3764,11672.512
000d7d20_3765,11672.507
000d7d20_3766,11672.502
000d7d20_3767,11672.496
000d7d20_3768,11672.492
000d7d20_3769,11672.488
000d7d20_3770,11672.481
000d7d20_3771,11672.477
000d7d20_3772,11672.468
000d7d20_3773,11672.46
000d7d20_3774,11672.452
000d7d20_3775,11672.443
000d7d20_3776,11672.432
000d7d20_3777,11672.42
000d7d20_3778,11672.41
000d7d20_3779,11672.397
000d7d20_3780,11672.382
000d7d20_3781,11672.366
000d7d20_3782,11672.349
000d7d20_3783,11672.328
000d7d20_3784,11672.307
000d7d20_3785,11672.281
000d7d20_3786,11672.258
000d7d20_3787,11672.232
000d7d20_3788,11672.209
000d7d20_3789,11672.186
000d7d20_3790,11672.162
000d7d20_3791,11672.14
000d7d20_3792,11672.117
000d7d20_3793,11672.095
000d7d20_3794,11672.082
000d7d20_3795,11672.069
000d7d20_3796,11672.056
000d7d20_3797,11672.04
000d7d20_3798,11672.025
000d7d20_3799,11672.009
000d7d20_3800,11671.99
000d7d20_3801,11671.972
000d7d20_3802,11671.954
000d7d20_3803,11671.936
000d7d20_3804,11671.916
000d7d20_3805,11671.896
000d7d20_3806,11671.876
000d7d20_3807,11671.8545
000d7d20_3808,11671.834
000d7d20_3809,11671.812
000d7d20_3810,11671.788
000d7d20_3811,11671.765
000d7d20_3812,11671.74
000d7d20_3813,11671.714
000d7d20_3814,11671.686
000d7d20_3815,11671.656
000d7d20_3816,11671.626
000d7d20_3817,11671.594
000d7d20_3818,11671.564
000d7d20_3819,11671.533
000d7d20_3820,11671.501
000d7d20_3821,11671.47
000d7d20_3822,11671.439
000d7d20_3823,11671.407
000d7d20_3824,11671.375
000d7d20_3825,11671.342
000d7d20_3826,11671.31
000d7d20_3827,11671.278
000d7d20_3828,11671.246
000d7d20_3829,11671.213
000d7d20_3830,11671.181
000d7d20_3831,11671.149
000d7d20_3832,11671.119
000d7d20_3833,11671.085
000d7d20_3834,11671.051
000d7d20_3835,11671.018
000d7d20_3836,11670.982
000d7d20_3837,11670.949
000d7d20_3838,11670.914
000d7d20_3839,11670.878
000d7d20_3840,11670.841
000d7d20_3841,11670.802
000d7d20_3842,11670.765
000d7d20_3843,11670.725
000d7d20_3844,11670.685
000d7d20_3845,11670.646
000d7d20_3846,11670.606
000d7d20_3847,11670.564
000d7d20_3848,11670.525
000d7d20_3849,11670.484
000d7d20_3850,11670.441
000d7d20_3851,11670.399
000d7d20_3852,11670.357
000d7d20_3853,11670.315
000d7d20_3854,11670.273
000d7d20_3855,11670.231
000d7d20_3856,11670.189
000d7d20_3857,11670.146
000d7d20_3858,11670.104
000d7d20_3859,11670.06
000d7d20_3860,11670.016
000d7d20_3861,11669.973
000d7d20_3862,11669.929
000d7d20_3863,11669.883
000d7d20_3864,11669.839
000d7d20_3865,11669.793
000d7d20_3866,11669.746
000d7d20_3867,11669.702
000d7d20_3868,11669.658
000d7d20_3869,11669.614
000d7d20_3870,11669.571
000d7d20_3871,11669.53
000d7d20_3872,11669.49
000d7d20_3873,11669.449
000d7d20_3874,11669.407
000d7d20_3875,11669.364
000d7d20_3876,11669.32
000d7d20_3877,11669.277
000d7d20_3878,11669.236
000d7d20_3879,11669.195
000d7d20_3880,11669.154
000d7d20_3881,11669.113
000d7d20_3882,11669.073
000d7d20_3883,11669.032
000d7d20_3884,11668.993
000d7d20_3885,11668.953
000d7d20_3886,11668.912
000d7d20_3887,11668.872
000d7d20_3888,11668.831
000d7d20_3889,11668.791
000d7d20_3890,11668.749
000d7d20_3891,11668.708
000d7d20_3892,11668.667
000d7d20_3893,11668.627
000d7d20_3894,11668.587
000d7d20_3895,11668.547
000d7d20_3896,11668.509
000d7d20_3897,11668.47
000d7d20_3898,11668.431
000d7d20_3899,11668.394
000d7d20_3900,11668.355
000d7d20_3901,11668.317
000d7d20_3902,11668.277
000d7d20_3903,11668.237
000d7d20_3904,11668.196
000d7d20_3905,11668.154
000d7d20_3906,11668.113
000d7d20_3907,11668.07
000d7d20_3908,11668.029
000d7d20_3909,11667.987
000d7d20_3910,11667.944
000d7d20_3911,11667.901
000d7d20_3912,11667.858
000d7d20_3913,11667.816
000d7d20_3914,11667.777
000d7d20_3915,11667.733
000d7d20_3916,11667.689
000d7d20_3917,11667.646
000d7d20_3918,11667.603
000d7d20_3919,11667.56
000d7d20_3920,11667.516
000d7d20_3921,11667.472
000d7d20_3922,11667.43
000d7d20_3923,11667.388
000d7d20_3924,11667.346
000d7d20_3925,11667.302
000d7d20_3926,11667.259
000d7d20_3927,11667.217
000d7d20_3928,11667.175
000d7d20_3929,11667.133
000d7d20_3930,11667.092
000d7d20_3931,11667.053
000d7d20_3932,11667.013
000d7d20_3933,11666.975
000d7d20_3934,11666.935
000d7d20_3935,11666.899
000d7d20_3936,11666.864
000d7d20_3937,11666.83
000d7d20_3938,11666.797
000d7d20_3939,11666.763
000d7d20_3940,11666.729
000d7d20_3941,11666.694
000d7d20_3942,11666.659
000d7d20_3943,11666.623
000d7d20_3944,11666.586
000d7d20_3945,11666.55
000d7d20_3946,11666.514
000d7d20_3947,11666.478
000d7d20_3948,11666.441
000d7d20_3949,11666.404
000d7d20_3950,11666.367
000d7d20_3951,11666.334
000d7d20_3952,11666.298
000d7d20_3953,11666.264
000d7d20_3954,11666.232
000d7d20_3955,11666.201
000d7d20_3956,11666.168
000d7d20_3957,11666.136
000d7d20_3958,11666.103
000d7d20_3959,11666.07
000d7d20_3960,11666.037
000d7d20_3961,11666.006
000d7d20_3962,11665.973
000d7d20_3963,11665.943
000d7d20_3964,11665.912
000d7d20_3965,11665.882
000d7d20_3966,11665.852
000d7d20_3967,11665.822
000d7d20_3968,11665.794
000d7d20_3969,11665.767
000d7d20_3970,11665.737
000d7d20_3971,11665.711
000d7d20_3972,11665.6875
000d7d20_3973,11665.664
000d7d20_3974,11665.641
000d7d20_3975,11665.618
000d7d20_3976,11665.595
000d7d20_3977,11665.571
000d7d20_3978,11665.548
000d7d20_3979,11665.525
000d7d20_3980,11665.502
000d7d20_3981,11665.481
000d7d20_3982,11665.458
000d7d20_3983,11665.437
000d7d20_3984,11665.417
000d7d20_3985,11665.402
000d7d20_3986,11665.387
000d7d20_3987,11665.371
000d7d20_3988,11665.356
000d7d20_3989,11665.341
000d7d20_3990,11665.324
000d7d20_3991,11665.308
000d7d20_3992,11665.292
000d7d20_3993,11665.275
000d7d20_3994,11665.261
000d7d20_3995,11665.247
000d7d20_3996,11665.233
000d7d20_3997,11665.223
000d7d20_3998,11665.213
000d7d20_3999,11665.205
000d7d20_4000,11665.196
000d7d20_4001,11665.188
000d7d20_4002,11665.182
000d7d20_4003,11665.176
000d7d20_4004,11665.171
000d7d20_4005,11665.167
000d7d20_4006,11665.167
000d7d20_4007,11665.171
000d7d20_4008,11665.173
000d7d20_4009,11665.178
000d7d20_4010,11665.186
000d7d20_4011,11665.192
000d7d20_4012,11665.201
000d7d20_4013,11665.211
000d7d20_4014,11665.223
000d7d20_4015,11665.236
000d7d20_4016,11665.251
000d7d20_4017,11665.246
000d7d20_4018,11665.243
000d7d20_4019,11665.24
000d7d20_4020,11665.232
000d7d20_4021,11665.225
000d7d20_4022,11665.22
000d7d20_4023,11665.216
000d7d20_4024,11665.21
000d7d20_4025,11665.205
000d7d20_4026,11665.2
000d7d20_4027,11665.193
000d7d20_4028,11665.1875
000d7d20_4029,11665.184
000d7d20_4030,11665.178
000d7d20_4031,11665.172
000d7d20_4032,11665.166
000d7d20_4033,11665.16
000d7d20_4034,11665.154
000d7d20_4035,11665.151
000d7d20_4036,11665.1455
000d7d20_4037,11665.14
000d7d20_4038,11665.135
000d7d20_4039,11665.127
000d7d20_4040,11665.121
000d7d20_4041,11665.116
000d7d20_4042,11665.111
000d7d20_4043,11665.104
000d7d20_4044,11665.098
000d7d20_4045,11665.093
000d7d20_4046,11665.089
000d7d20_4047,11665.081
000d7d20_4048,11665.076
000d7d20_4049,11665.072
000d7d20_4050,11665.07
000d7d20_4051,11665.068
000d7d20_4052,11665.064
000d7d20_4053,11665.061
000d7d20_4054,11665.051
000d7d20_4055,11665.043
000d7d20_4056,11665.036
000d7d20_4057,11665.033
000d7d20_4058,11665.03
000d7d20_4059,11665.032
000d7d20_4060,11665.033
000d7d20_4061,11665.032
000d7d20_4062,11665.032
000d7d20_4063,11665.033
000d7d20_4064,11665.033
000d7d20_4065,11665.033
000d7d20_4066,11665.031
000d7d20_4067,11665.031
000d7d20_4068,11665.029
000d7d20_4069,11665.028
000d7d20_4070,11665.026
000d7d20_4071,11665.027
000d7d20_4072,11665.028
000d7d20_4073,11665.03
000d7d20_4074,11665.032
000d7d20_4075,11665.032
000d7d20_4076,11665.034
000d7d20_4077,11665.036
000d7d20_4078,11665.039
000d7d20_4079,11665.043
000d7d20_4080,11665.042
000d7d20_4081,11665.044
000d7d20_4082,11665.046
000d7d20_4083,11665.048
000d7d20_4084,11665.055
000d7d20_4085,11665.063
000d7d20_4086,11665.076
000d7d20_4087,11665.087
000d7d20_4088,11665.098
000d7d20_4089,11665.108
000d7d20_4090,11665.119
000d7d20_4091,11665.131
000d7d20_4092,11665.141
000d7d20_4093,11665.15
000d7d20_4094,11665.161
000d7d20_4095,11665.16
000d7d20_4096,11665.156
000d7d20_4097,11665.152
000d7d20_4098,11665.147
000d7d20_4099,11665.142
000d7d20_4100,11665.138
000d7d20_4101,11665.134
000d7d20_4102,11665.132
000d7d20_4103,11665.127
000d7d20_4104,11665.121
000d7d20_4105,11665.117
000d7d20_4106,11665.112
000d7d20_4107,11665.107
000d7d20_4108,11665.104
000d7d20_4109,11665.097
000d7d20_4110,11665.092
000d7d20_4111,11665.089
000d7d20_4112,11665.084
000d7d20_4113,11665.08
000d7d20_4114,11665.077
000d7d20_4115,11665.075
000d7d20_4116,11665.073
000d7d20_4117,11665.072
000d7d20_4118,11665.073
000d7d20_4119,11665.07
000d7d20_4120,11665.069
000d7d20_4121,11665.068
000d7d20_4122,11665.066
000d7d20_4123,11665.063
000d7d20_4124,11665.061
000d7d20_4125,11665.06
000d7d20_4126,11665.06
000d7d20_4127,11665.056
000d7d20_4128,11665.054
000d7d20_4129,11665.052
000d7d20_4130,11665.049
000d7d20_4131,11665.047
000d7d20_4132,11665.044
000d7d20_4133,11665.04
000d7d20_4134,11665.038
000d7d20_4135,11665.039
000d7d20_4136,11665.039
000d7d20_4137,11665.044
000d7d20_4138,11665.048
000d7d20_4139,11665.049
000d7d20_4140,11665.052
000d7d20_4141,11665.053
000d7d20_4142,11665.056
000d7d20_4143,11665.062
000d7d20_4144,11665.066
000d7d20_4145,11665.07
000d7d20_4146,11665.072
000d7d20_4147,11665.075
000d7d20_4148,11665.08
000d7d20_4149,11665.084
000d7d20_4150,11665.088
000d7d20_4151,11665.094
000d7d20_4152,11665.098
000d7d20_4153,11665.103
000d7d20_4154,11665.106
000d7d20_4155,11665.109
000d7d20_4156,11665.114
000d7d20_4157,11665.118
000d7d20_4158,11665.122
000d7d20_4159,11665.126
000d7d20_4160,11665.129
000d7d20_4161,11665.134
000d7d20_4162,11665.138
000d7d20_4163,11665.144
000d7d20_4164,11665.149
000d7d20_4165,11665.155
000d7d20_4166,11665.159
000d7d20_4167,11665.165
000d7d20_4168,11665.17
000d7d20_4169,11665.173
000d7d20_4170,11665.175
000d7d20_4171,11665.176
000d7d20_4172,11665.176
000d7d20_4173,11665.175
000d7d20_4174,11665.174
000d7d20_4175,11665.176
000d7d20_4176,11665.178
000d7d20_4177,11665.181
000d7d20_4178,11665.183
000d7d20_4179,11665.185
000d7d20_4180,11665.1875
000d7d20_4181,11665.189
000d7d20_4182,11665.191
000d7d20_4183,11665.193
000d7d20_4184,11665.193
000d7d20_4185,11665.193
000d7d20_4186,11665.193
000d7d20_4187,11665.194
000d7d20_4188,11665.194
000d7d20_4189,11665.191
000d7d20_4190,11665.189
000d7d20_4191,11665.189
000d7d20_4192,11665.186
000d7d20_4193,11665.18
000d7d20_4194,11665.174
000d7d20_4195,11665.17
000d7d20_4196,11665.166
000d7d20_4197,11665.16
000d7d20_4198,11665.155
000d7d20_4199,11665.15
000d7d20_4200,11665.143
000d7d20_4201,11665.137
000d7d20_4202,11665.129
000d7d20_4203,11665.122
000d7d20_4204,11665.114
000d7d20_4205,11665.108
000d7d20_4206,11665.108
000d7d20_4207,11665.105
000d7d20_4208,11665.101
000d7d20_4209,11665.095
000d7d20_4210,11665.089
000d7d20_4211,11665.084
000d7d20_4212,11665.078
000d7d20_4213,11665.073
000d7d20_4214,11665.068
000d7d20_4215,11665.062
000d7d20_4216,11665.056
000d7d20_4217,11665.051
000d7d20_4218,11665.045
000d7d20_4219,11665.042
000d7d20_4220,11665.037
000d7d20_4221,11665.033
000d7d20_4222,11665.028
000d7d20_4223,11665.021
000d7d20_4224,11665.016
000d7d20_4225,11665.01
000d7d20_4226,11665.006
000d7d20_4227,11665.003
000d7d20_4228,11664.999
000d7d20_4229,11664.995
000d7d20_4230,11664.991
000d7d20_4231,11664.985
000d7d20_4232,11664.979
000d7d20_4233,11664.971
000d7d20_4234,11664.964
000d7d20_4235,11664.958
000d7d20_4236,11664.951
000d7d20_4237,11664.942
000d7d20_4238,11664.937
000d7d20_4239,11664.931
000d7d20_4240,11664.925
000d7d20_4241,11664.918
000d7d20_4242,11664.91
000d7d20_4243,11664.903
000d7d20_4244,11664.899
000d7d20_4245,11664.8955
000d7d20_4246,11664.892
000d7d20_4247,11664.889
000d7d20_4248,11664.887
000d7d20_4249,11664.886
000d7d20_4250,11664.883
000d7d20_4251,11664.879
000d7d20_4252,11664.872
000d7d20_4253,11664.867
000d7d20_4254,11664.861
000d7d20_4255,11664.853
000d7d20_4256,11664.845
000d7d20_4257,11664.838
000d7d20_4258,11664.829
000d7d20_4259,11664.822
000d7d20_4260,11664.814
000d7d20_4261,11664.811
000d7d20_4262,11664.804
000d7d20_4263,11664.801
000d7d20_4264,11664.796
000d7d20_4265,11664.789
000d7d20_4266,11664.783
000d7d20_4267,11664.779
000d7d20_4268,11664.775
000d7d20_4269,11664.7705
000d7d20_4270,11664.765
000d7d20_4271,11664.759
000d7d20_4272,11664.752
000d7d20_4273,11664.745
000d7d20_4274,11664.739
000d7d20_4275,11664.732
000d7d20_4276,11664.7295
000d7d20_4277,11664.723
000d7d20_4278,11664.718
000d7d20_4279,11664.717
000d7d20_4280,11664.714
000d7d20_4281,11664.712
000d7d20_4282,11664.71
000d7d20_4283,11664.71
000d7d20_4284,11664.711
000d7d20_4285,11664.712
000d7d20_4286,11664.709
000d7d20_4287,11664.706
000d7d20_4288,11664.706
000d7d20_4289,11664.705
000d7d20_4290,11664.704
000d7d20_4291,11664.705
000d7d20_4292,11664.705
000d7d20_4293,11664.707
000d7d20_4294,11664.709
000d7d20_4295,11664.713
000d7d20_4296,11664.716
000d7d20_4297,11664.717
000d7d20_4298,11664.717
000d7d20_4299,11664.718
000d7d20_4300,11664.719
000d7d20_4301,11664.72
000d7d20_4302,11664.721
000d7d20_4303,11664.723
000d7d20_4304,11664.726
000d7d20_4305,11664.7295
000d7d20_4306,11664.73
000d7d20_4307,11664.731
000d7d20_4308,11664.73
000d7d20_4309,11664.731
000d7d20_4310,11664.73
000d7d20_4311,11664.729
000d7d20_4312,11664.725
000d7d20_4313,11664.721
000d7d20_4314,11664.717
000d7d20_4315,11664.713
000d7d20_4316,11664.71
000d7d20_4317,11664.703
000d7d20_4318,11664.697
000d7d20_4319,11664.69
000d7d20_4320,11664.683
000d7d20_4321,11664.675
000d7d20_4322,11664.665
000d7d20_4323,11664.654
000d7d20_4324,11664.644
000d7d20_4325,11664.632
000d7d20_4326,11664.619
000d7d20_4327,11664.606
000d7d20_4328,11664.596
000d7d20_4329,11664.586
000d7d20_4330,11664.575
000d7d20_4331,11664.567
000d7d20_4332,11664.56
000d7d20_4333,11664.555
000d7d20_4334,11664.549
000d7d20_4335,11664.54
000d7d20_4336,11664.531
000d7d20_4337,11664.522
000d7d20_4338,11664.514
000d7d20_4339,11664.506
000d7d20_4340,11664.498
000d7d20_4341,11664.492
000d7d20_4342,11664.486
000d7d20_4343,11664.478
000d7d20_4344,11664.471
000d7d20_4345,11664.461
000d7d20_4346,11664.452
000d7d20_4347,11664.444
000d7d20_4348,11664.438
000d7d20_4349,11664.432
000d7d20_4350,11664.425
000d7d20_4351,11664.415
000d7d20_4352,11664.406
000d7d20_4353,11664.398
000d7d20_4354,11664.391
000d7d20_4355,11664.386
000d7d20_4356,11664.38
000d7d20_4357,11664.374
000d7d20_4358,11664.366
000d7d20_4359,11664.361
000d7d20_4360,11664.352
000d7d20_4361,11664.345
000d7d20_4362,11664.339
000d7d20_4363,11664.331
000d7d20_4364,11664.323
000d7d20_4365,11664.315
000d7d20_4366,11664.308
000d7d20_4367,11664.301
000d7d20_4368,11664.295
000d7d20_4369,11664.288
000d7d20_4370,11664.281
000d7d20_4371,11664.273
000d7d20_4372,11664.265
000d7d20_4373,11664.256
000d7d20_4374,11664.247
000d7d20_4375,11664.237
000d7d20_4376,11664.2295
000d7d20_4377,11664.223
000d7d20_4378,11664.215
000d7d20_4379,11664.205
000d7d20_4380,11664.192
000d7d20_4381,11664.185
000d7d20_4382,11664.176
000d7d20_4383,11664.167
000d7d20_4384,11664.16
000d7d20_4385,11664.149
000d7d20_4386,11664.137
000d7d20_4387,11664.122
000d7d20_4388,11664.109
000d7d20_4389,11664.099
000d7d20_4390,11664.087
000d7d20_4391,11664.075
000d7d20_4392,11664.0625
000d7d20_4393,11664.051
000d7d20_4394,11664.038
000d7d20_4395,11664.022
000d7d20_4396,11664.011
000d7d20_4397,11664.001
000d7d20_4398,11663.991
000d7d20_4399,11663.983
000d7d20_4400,11663.977
000d7d20_4401,11663.968
000d7d20_4402,11663.96
000d7d20_4403,11663.952
000d7d20_4404,11663.943
000d7d20_4405,11663.936
000d7d20_4406,11663.927
000d7d20_4407,11663.918
000d7d20_4408,11663.911
000d7d20_4409,11663.902
000d7d20_4410,11663.8955
000d7d20_4411,11663.891
000d7d20_4412,11663.885
000d7d20_4413,11663.879
000d7d20_4414,11663.873
000d7d20_4415,11663.869
000d7d20_4416,11663.865
000d7d20_4417,11663.862
000d7d20_4418,11663.859
000d7d20_4419,11663.856
000d7d20_4420,11663.854
000d7d20_4421,11663.852
000d7d20_4422,11663.85
000d7d20_4423,11663.85
000d7d20_4424,11663.849
000d7d20_4425,11663.849
000d7d20_4426,11663.848
000d7d20_4427,11663.846
000d7d20_4428,11663.847
000d7d20_4429,11663.846
000d7d20_4430,11663.845
000d7d20_4431,11663.845
000d7d20_4432,11663.846
000d7d20_4433,11663.846
000d7d20_4434,11663.845
000d7d20_4435,11663.844
000d7d20_4436,11663.84
000d7d20_4437,11663.836
000d7d20_4438,11663.827
000d7d20_4439,11663.821
000d7d20_4440,11663.818
000d7d20_4441,11663.814
000d7d20_4442,11663.811
000d7d20_4443,11663.806
000d7d20_4444,11663.796
000d7d20_4445,11663.79
000d7d20_4446,11663.783
000d7d20_4447,11663.777
000d7d20_4448,11663.771
000d7d20_4449,11663.765
000d7d20_4450,11663.757
000d7d20_4451,11663.75
000d7d20_4452,11663.742
000d7d20_4453,11663.735
000d7d20_4454,11663.728
000d7d20_4455,11663.719
000d7d20_4456,11663.709
000d7d20_4457,11663.701
000d7d20_4458,11663.694
000d7d20_4459,11663.687
000d7d20_4460,11663.678
000d7d20_4461,11663.67
000d7d20_4462,11663.661
000d7d20_4463,11663.651
000d7d20_4464,11663.641
000d7d20_4465,11663.632
000d7d20_4466,11663.622
000d7d20_4467,11663.614
000d7d20_4468,11663.606
000d7d20_4469,11663.599
000d7d20_4470,11663.592
000d7d20_4471,11663.584
000d7d20_4472,11663.575
000d7d20_4473,11663.566
000d7d20_4474,11663.558
000d7d20_4475,11663.55
000d7d20_4476,11663.541
000d7d20_4477,11663.533
000d7d20_4478,11663.525
000d7d20_4479,11663.519
000d7d20_4480,11663.512
000d7d20_4481,11663.506
000d7d20_4482,11663.499
000d7d20_4483,11663.492
000d7d20_4484,11663.487
000d7d20_4485,11663.482
000d7d20_4486,11663.477
000d7d20_4487,11663.473
000d7d20_4488,11663.467
000d7d20_4489,11663.462
000d7d20_4490,11663.459
000d7d20_4491,11663.456
000d7d20_4492,11663.451
000d7d20_4493,11663.447
000d7d20_4494,11663.444
000d7d20_4495,11663.441
000d7d20_4496,11663.439
000d7d20_4497,11663.436
000d7d20_4498,11663.434
000d7d20_4499,11663.431
000d7d20_4500,11663.428
000d7d20_4501,11663.427
000d7d20_4502,11663.425
000d7d20_4503,11663.423
000d7d20_4504,11663.423
000d7d20_4505,11663.424
000d7d20_4506,11663.423
000d7d20_4507,11663.418
000d7d20_4508,11663.413
000d7d20_4509,11663.411
000d7d20_4510,11663.409
000d7d20_4511,11663.41
000d7d20_4512,11663.411
000d7d20_4513,11663.41
000d7d20_4514,11663.409
000d7d20_4515,11663.409
000d7d20_4516,11663.407
000d7d20_4517,11663.408
000d7d20_4518,11663.405
000d7d20_4519,11663.404
000d7d20_4520,11663.4
000d7d20_4521,11663.399
000d7d20_4522,11663.4
000d7d20_4523,11663.399
000d7d20_4524,11663.402
000d7d20_4525,11663.405
000d7d20_4526,11663.407
000d7d20_4527,11663.408
000d7d20_4528,11663.411
000d7d20_4529,11663.41
000d7d20_4530,11663.41
000d7d20_4531,11663.41
000d7d20_4532,11663.407
000d7d20_4533,11663.407
000d7d20_4534,11663.409
000d7d20_4535,11663.409
000d7d20_4536,11663.409
000d7d20_4537,11663.411
000d7d20_4538,11663.412
000d7d20_4539,11663.41
000d7d20_4540,11663.409
000d7d20_4541,11663.409
000d7d20_4542,11663.408
000d7d20_4543,11663.408
000d7d20_4544,11663.408
000d7d20_4545,11663.407
000d7d20_4546,11663.405
000d7d20_4547,11663.406
000d7d20_4548,11663.404
000d7d20_4549,11663.403
000d7d20_4550,11663.402
000d7d20_4551,11663.402
000d7d20_4552,11663.403
000d7d20_4553,11663.405
000d7d20_4554,11663.408
000d7d20_4555,11663.411
000d7d20_4556,11663.414
000d7d20_4557,11663.417
000d7d20_4558,11663.418
000d7d20_4559,11663.421
000d7d20_4560,11663.422
000d7d20_4561,11663.422
000d7d20_4562,11663.422
000d7d20_4563,11663.424
000d7d20_4564,11663.424
000d7d20_4565,11663.427
000d7d20_4566,11663.432
000d7d20_4567,11663.436
000d7d20_4568,11663.4375
000d7d20_4569,11663.439
000d7d20_4570,11663.44
000d7d20_4571,11663.444
000d7d20_4572,11663.448
000d7d20_4573,11663.452
000d7d20_4574,11663.454
000d7d20_4575,11663.457
000d7d20_4576,11663.46
000d7d20_4577,11663.461
000d7d20_4578,11663.463
000d7d20_4579,11663.467
000d7d20_4580,11663.465
000d7d20_4581,11663.466
000d7d20_4582,11663.466
000d7d20_4583,11663.465
000d7d20_4584,11663.46
000d7d20_4585,11663.455
000d7d20_4586,11663.451
000d7d20_4587,11663.446
000d7d20_4588,11663.442
000d7d20_4589,11663.4375
000d7d20_4590,11663.432
000d7d20_4591,11663.427
000d7d20_4592,11663.422
000d7d20_4593,11663.418
000d7d20_4594,11663.412
000d7d20_4595,11663.407
000d7d20_4596,11663.402
000d7d20_4597,11663.396
000d7d20_4598,11663.392
000d7d20_4599,11663.387
000d7d20_4600,11663.382
000d7d20_4601,11663.378
000d7d20_4602,11663.375
000d7d20_4603,11663.372
000d7d20_4604,11663.369
000d7d20_4605,11663.365
000d7d20_4606,11663.361
000d7d20_4607,11663.36
000d7d20_4608,11663.357
000d7d20_4609,11663.355
000d7d20_4610,11663.353
000d7d20_4611,11663.352
000d7d20_4612,11663.352
000d7d20_4613,11663.354
000d7d20_4614,11663.3545
000d7d20_4615,11663.356
000d7d20_4616,11663.355
000d7d20_4617,11663.354
000d7d20_4618,11663.355
000d7d20_4619,11663.356
000d7d20_4620,11663.358
000d7d20_4621,11663.36
000d7d20_4622,11663.364
000d7d20_4623,11663.369
000d7d20_4624,11663.37
000d7d20_4625,11663.372
000d7d20_4626,11663.374
000d7d20_4627,11663.376
000d7d20_4628,11663.381
000d7d20_4629,11663.387
000d7d20_4630,11663.392
000d7d20_4631,11663.396
000d7d20_4632,11663.399
000d7d20_4633,11663.402
000d7d20_4634,11663.406
000d7d20_4635,11663.41
000d7d20_4636,11663.416
000d7d20_4637,11663.42
000d7d20_4638,11663.426
000d7d20_4639,11663.434
000d7d20_4640,11663.44
000d7d20_4641,11663.445
000d7d20_4642,11663.446
000d7d20_4643,11663.447
000d7d20_4644,11663.45
000d7d20_4645,11663.451
000d7d20_4646,11663.453
000d7d20_4647,11663.456
000d7d20_4648,11663.458
000d7d20_4649,11663.459
000d7d20_4650,11663.459
000d7d20_4651,11663.458
000d7d20_4652,11663.458
000d7d20_4653,11663.458
000d7d20_4654,11663.459
000d7d20_4655,11663.462
000d7d20_4656,11663.464
000d7d20_4657,11663.468
000d7d20_4658,11663.47
000d7d20_4659,11663.472
000d7d20_4660,11663.472
000d7d20_4661,11663.473
000d7d20_4662,11663.474
000d7d20_4663,11663.474
000d7d20_4664,11663.475
000d7d20_4665,11663.476
000d7d20_4666,11663.4795
000d7d20_4667,11663.484
000d7d20_4668,11663.487
000d7d20_4669,11663.492
000d7d20_4670,11663.497
000d7d20_4671,11663.501
000d7d20_4672,11663.505
000d7d20_4673,11663.508
000d7d20_4674,11663.512
000d7d20_4675,11663.515
000d7d20_4676,11663.519
000d7d20_4677,11663.522
000d7d20_4678,11663.523
000d7d20_4679,11663.527
000d7d20_4680,11663.529
000d7d20_4681,11663.533
000d7d20_4682,11663.537
000d7d20_4683,11663.542
000d7d20_4684,11663.545
000d7d20_4685,11663.551
000d7d20_4686,11663.555
000d7d20_4687,11663.559
000d7d20_4688,11663.564
000d7d20_4689,11663.567
000d7d20_4690,11663.571
000d7d20_4691,11663.577
000d7d20_4692,11663.579
000d7d20_4693,11663.585
000d7d20_4694,11663.589
000d7d20_4695,11663.593
000d7d20_4696,11663.599
000d7d20_4697,11663.602
000d7d20_4698,11663.604
000d7d20_4699,11663.603
000d7d20_4700,11663.602
000d7d20_4701,11663.6
000d7d20_4702,11663.599
000d7d20_4703,11663.598
000d7d20_4704,11663.597
000d7d20_4705,11663.599
000d7d20_4706,11663.599
000d7d20_4707,11663.6
000d7d20_4708,11663.602
000d7d20_4709,11663.604
000d7d20_4710,11663.607
000d7d20_4711,11663.612
000d7d20_4712,11663.614
000d7d20_4713,11663.617
000d7d20_4714,11663.622
000d7d20_4715,11663.623
000d7d20_4716,11663.625
000d7d20_4717,11663.628
000d7d20_4718,11663.63
000d7d20_4719,11663.63
000d7d20_4720,11663.629
000d7d20_4721,11663.627
000d7d20_4722,11663.626
000d7d20_4723,11663.623
000d7d20_4724,11663.621
000d7d20_4725,11663.619
000d7d20_4726,11663.618
000d7d20_4727,11663.619
000d7d20_4728,11663.62
000d7d20_4729,11663.62
000d7d20_4730,11663.621
000d7d20_4731,11663.62
000d7d20_4732,11663.619
000d7d20_4733,11663.617
000d7d20_4734,11663.614
000d7d20_4735,11663.614
000d7d20_4736,11663.611
000d7d20_4737,11663.61
000d7d20_4738,11663.609
000d7d20_4739,11663.607
000d7d20_4740,11663.604
000d7d20_4741,11663.6
000d7d20_4742,11663.598
000d7d20_4743,11663.595
000d7d20_4744,11663.592
000d7d20_4745,11663.593
000d7d20_4746,11663.59
000d7d20_4747,11663.586
000d7d20_4748,11663.583
000d7d20_4749,11663.579
000d7d20_4750,11663.575
000d7d20_4751,11663.573
000d7d20_4752,11663.571
000d7d20_4753,11663.569
000d7d20_4754,11663.565
000d7d20_4755,11663.562
000d7d20_4756,11663.557
000d7d20_4757,11663.554
000d7d20_4758,11663.548
000d7d20_4759,11663.543
000d7d20_4760,11663.537
000d7d20_4761,11663.532
000d7d20_4762,11663.528
000d7d20_4763,11663.525
000d7d20_4764,11663.5205
000d7d20_4765,11663.516
000d7d20_4766,11663.51
000d7d20_4767,11663.504
000d7d20_4768,11663.497
000d7d20_4769,11663.491
000d7d20_4770,11663.487
000d7d20_4771,11663.482
000d7d20_4772,11663.48
000d7d20_4773,11663.479
000d7d20_4774,11663.477
000d7d20_4775,11663.473
000d7d20_4776,11663.468
000d7d20_4777,11663.464
000d7d20_4778,11663.459
000d7d20_4779,11663.454
000d7d20_4780,11663.45
000d7d20_4781,11663.444
000d7d20_4782,11663.439
000d7d20_4783,11663.434
000d7d20_4784,11663.431
000d7d20_4785,11663.426
000d7d20_4786,11663.423
000d7d20_4787,11663.422
000d7d20_4788,11663.419
000d7d20_4789,11663.416
000d7d20_4790,11663.411
000d7d20_4791,11663.405
000d7d20_4792,11663.398
000d7d20_4793,11663.394
000d7d20_4794,11663.391
000d7d20_4795,11663.387
000d7d20_4796,11663.381
000d7d20_4797,11663.374
000d7d20_4798,11663.367
000d7d20_4799,11663.357
000d7d20_4800,11663.351
000d7d20_4801,11663.341
000d7d20_4802,11663.331
000d7d20_4803,11663.32
000d7d20_4804,11663.311
000d7d20_4805,11663.299
000d7d20_4806,11663.288
000d7d20_4807,11663.279
000d7d20_4808,11663.2705
000d7d20_4809,11663.261
000d7d20_4810,11663.251
000d7d20_4811,11663.239
000d7d20_4812,11663.228
000d7d20_4813,11663.218
000d7d20_4814,11663.209
000d7d20_4815,11663.201
000d7d20_4816,11663.195
000d7d20_4817,11663.189
000d7d20_4818,11663.185
000d7d20_4819,11663.179
000d7d20_4820,11663.174
000d7d20_4821,11663.169
000d7d20_4822,11663.164
000d7d20_4823,11663.159
000d7d20_4824,11663.155
000d7d20_4825,11663.149
000d7d20_4826,11663.144
000d7d20_4827,11663.139
000d7d20_4828,11663.137
000d7d20_4829,11663.131
000d7d20_4830,11663.128
000d7d20_4831,11663.125
000d7d20_4832,11663.122
000d7d20_4833,11663.123
000d7d20_4834,11663.122
000d7d20_4835,11663.121
000d7d20_4836,11663.121
000d7d20_4837,11663.121
000d7d20_4838,11663.122
000d7d20_4839,11663.123
000d7d20_4840,11663.121
000d7d20_4841,11663.119
000d7d20_4842,11663.118
000d7d20_4843,11663.118
000d7d20_4844,11663.121
000d7d20_4845,11663.121
000d7d20_4846,11663.123
000d7d20_4847,11663.124
000d7d20_4848,11663.124
000d7d20_4849,11663.125
000d7d20_4850,11663.127
000d7d20_4851,11663.128
000d7d20_4852,11663.128
000d7d20_4853,11663.128
000d7d20_4854,11663.129
000d7d20_4855,11663.13
000d7d20_4856,11663.129
000d7d20_4857,11663.133
000d7d20_4858,11663.136
000d7d20_4859,11663.14
000d7d20_4860,11663.141
000d7d20_4861,11663.145
000d7d20_4862,11663.147
000d7d20_4863,11663.148
000d7d20_4864,11663.149
000d7d20_4865,11663.15
000d7d20_4866,11663.15
000d7d20_4867,11663.151
000d7d20_4868,11663.151
000d7d20_4869,11663.152
000d7d20_4870,11663.153
000d7d20_4871,11663.155
000d7d20_4872,11663.159
000d7d20_4873,11663.163
000d7d20_4874,11663.168
000d7d20_4875,11663.174
000d7d20_4876,11663.179
000d7d20_4877,11663.183
000d7d20_4878,11663.187
000d7d20_4879,11663.19
000d7d20_4880,11663.194
000d7d20_4881,11663.199
000d7d20_4882,11663.203
000d7d20_4883,11663.207
000d7d20_4884,11663.208
000d7d20_4885,11663.213
000d7d20_4886,11663.217
000d7d20_4887,11663.221
000d7d20_4888,11663.228
000d7d20_4889,11663.233
000d7d20_4890,11663.238
000d7d20_4891,11663.244
000d7d20_4892,11663.25
000d7d20_4893,11663.256
000d7d20_4894,11663.26
000d7d20_4895,11663.266
000d7d20_4896,11663.271
000d7d20_4897,11663.28
000d7d20_4898,11663.288
000d7d20_4899,11663.299
000d7d20_4900,11663.309
000d7d20_4901,11663.316
000d7d20_4902,11663.326
000d7d20_4903,11663.334
000d7d20_4904,11663.342
000d7d20_4905,11663.351
000d7d20_4906,11663.359
000d7d20_4907,11663.367
000d7d20_4908,11663.374
000d7d20_4909,11663.381
000d7d20_4910,11663.389
000d7d20_4911,11663.3955
000d7d20_4912,11663.402
000d7d20_4913,11663.408
000d7d20_4914,11663.413
000d7d20_4915,11663.42
000d7d20_4916,11663.424
000d7d20_4917,11663.43
000d7d20_4918,11663.4375
000d7d20_4919,11663.443
000d7d20_4920,11663.45
000d7d20_4921,11663.457
000d7d20_4922,11663.461
000d7d20_4923,11663.464
000d7d20_4924,11663.466
000d7d20_4925,11663.472
000d7d20_4926,11663.477
000d7d20_4927,11663.481
000d7d20_4928,11663.487
000d7d20_4929,11663.491
000d7d20_4930,11663.494
000d7d20_4931,11663.499
000d7d20_4932,11663.504
000d7d20_4933,11663.51
000d7d20_4934,11663.518
000d7d20_4935,11663.521
000d7d20_4936,11663.526
000d7d20_4937,11663.531
000d7d20_4938,11663.537
000d7d20_4939,11663.542
000d7d20_4940,11663.545
000d7d20_4941,11663.549
000d7d20_4942,11663.555
000d7d20_4943,11663.562
000d7d20_4944,11663.568
000d7d20_4945,11663.576
000d7d20_4946,11663.584
000d7d20_4947,11663.592
000d7d20_4948,11663.6
000d7d20_4949,11663.606
000d7d20_4950,11663.614
000d7d20_4951,11663.622
000d7d20_4952,11663.632
000d7d20_4953,11663.641
000d7d20_4954,11663.647
000d7d20_4955,11663.657
000d7d20_4956,11663.664
000d7d20_4957,11663.671
000d7d20_4958,11663.677
000d7d20_4959,11663.683
000d7d20_4960,11663.688
000d7d20_4961,11663.695
000d7d20_4962,11663.701
000d7d20_4963,11663.707
000d7d20_4964,11663.714
000d7d20_4965,11663.719
000d7d20_4966,11663.726
000d7d20_4967,11663.7295
000d7d20_4968,11663.731
000d7d20_4969,11663.735
000d7d20_4970,11663.737
000d7d20_4971,11663.739
000d7d20_4972,11663.741
000d7d20_4973,11663.743
000d7d20_4974,11663.746
000d7d20_4975,11663.75
000d7d20_4976,11663.754
000d7d20_4977,11663.758
000d7d20_4978,11663.761
000d7d20_4979,11663.766
000d7d20_4980,11663.769
000d7d20_4981,11663.772
000d7d20_4982,11663.777
000d7d20_4983,11663.779
000d7d20_4984,11663.78
000d7d20_4985,11663.784
000d7d20_4986,11663.784
000d7d20_4987,11663.787
000d7d20_4988,11663.791
000d7d20_4989,11663.792
000d7d20_4990,11663.797
000d7d20_4991,11663.8
000d7d20_4992,11663.8
000d7d20_4993,11663.805
000d7d20_4994,11663.804
000d7d20_4995,11663.804
000d7d20_4996,11663.805
000d7d20_4997,11663.805
000d7d20_4998,11663.806
000d7d20_4999,11663.81
000d7d20_5000,11663.816
000d7d20_5001,11663.821
000d7d20_5002,11663.828
000d7d20_5003,11663.833
000d7d20_5004,11663.838
000d7d20_5005,11663.842
000d7d20_5006,11663.847
000d7d20_5007,11663.851
000d7d20_5008,11663.855
000d7d20_5009,11663.86
000d7d20_5010,11663.864
000d7d20_5011,11663.866
000d7d20_5012,11663.867
000d7d20_5013,11663.867
000d7d20_5014,11663.866
000d7d20_5015,11663.864
000d7d20_5016,11663.865
000d7d20_5017,11663.864
000d7d20_5018,11663.864
000d7d20_5019,11663.862
000d7d20_5020,11663.862
000d7d20_5021,11663.863
000d7d20_5022,11663.864
000d7d20_5023,11663.865
000d7d20_5024,11663.866
000d7d20_5025,11663.866
000d7d20_5026,11663.864
000d7d20_5027,11663.862
000d7d20_5028,11663.859
000d7d20_5029,11663.856
000d7d20_5030,11663.852
000d7d20_5031,11663.847
000d7d20_5032,11663.843
000d7d20_5033,11663.839
000d7d20_5034,11663.834
000d7d20_5035,11663.83
000d7d20_5036,11663.824
000d7d20_5037,11663.82
000d7d20_5038,11663.813
000d7d20_5039,11663.809
000d7d20_5040,11663.805
000d7d20_5041,11663.8
000d7d20_5042,11663.794
000d7d20_5043,11663.788
000d7d20_5044,11663.783
000d7d20_5045,11663.777
000d7d20_5046,11663.7705
000d7d20_5047,11663.765
000d7d20_5048,11663.762
000d7d20_5049,11663.757
000d7d20_5050,11663.751
000d7d20_5051,11663.748
000d7d20_5052,11663.745
000d7d20_5053,11663.738
000d7d20_5054,11663.73
000d7d20_5055,11663.726
000d7d20_5056,11663.72
000d7d20_5057,11663.714
000d7d20_5058,11663.707
000d7d20_5059,11663.699
000d7d20_5060,11663.692
000d7d20_5061,11663.687
000d7d20_5062,11663.679
000d7d20_5063,11663.671
000d7d20_5064,11663.665
000d7d20_5065,11663.657
000d7d20_5066,11663.652
000d7d20_5067,11663.6455
000d7d20_5068,11663.639
000d7d20_5069,11663.633
000d7d20_5070,11663.626
000d7d20_5071,11663.618
000d7d20_5072,11663.609
000d7d20_5073,11663.601
000d7d20_5074,11663.591
000d7d20_5075,11663.582
000d7d20_5076,11663.576
000d7d20_5077,11663.57
000d7d20_5078,11663.564
000d7d20_5079,11663.56
000d7d20_5080,11663.555
000d7d20_5081,11663.55
000d7d20_5082,11663.547
000d7d20_5083,11663.542
000d7d20_5084,11663.537
000d7d20_5085,11663.532
000d7d20_5086,11663.529
000d7d20_5087,11663.522
000d7d20_5088,11663.515
000d7d20_5089,11663.505
000d7d20_5090,11663.497
000d7d20_5091,11663.49
000d7d20_5092,11663.484
000d7d20_5093,11663.476
000d7d20_5094,11663.467
000d7d20_5095,11663.456
000d7d20_5096,11663.445
000d7d20_5097,11663.4375
000d7d20_5098,11663.43
000d7d20_5099,11663.421
000d7d20_5100,11663.416
000d7d20_5101,11663.409
000d7d20_5102,11663.403
000d7d20_5103,11663.399
000d7d20_5104,11663.395
000d7d20_5105,11663.39
000d7d20_5106,11663.386
000d7d20_5107,11663.383
000d7d20_5108,11663.378
000d7d20_5109,11663.372
000d7d20_5110,11663.369
000d7d20_5111,11663.365
000d7d20_5112,11663.362
000d7d20_5113,11663.357
000d7d20_5114,11663.351
000d7d20_5115,11663.345
000d7d20_5116,11663.338
000d7d20_5117,11663.329
000d7d20_5118,11663.32
000d7d20_5119,11663.311
000d7d20_5120,11663.303
000d7d20_5121,11663.294
000d7d20_5122,11663.286
000d7d20_5123,11663.279
000d7d20_5124,11663.27
000d7d20_5125,11663.261
000d7d20_5126,11663.253
000d7d20_5127,11663.243
000d7d20_5128,11663.237
000d7d20_5129,11663.232
000d7d20_5130,11663.227
000d7d20_5131,11663.222
000d7d20_5132,11663.217
000d7d20_5133,11663.212
000d7d20_5134,11663.206
000d7d20_5135,11663.201
000d7d20_5136,11663.196
000d7d20_5137,11663.191
000d7d20_5138,11663.186
000d7d20_5139,11663.181
000d7d20_5140,11663.176
000d7d20_5141,11663.17
000d7d20_5142,11663.165
000d7d20_5143,11663.16
000d7d20_5144,11663.155
000d7d20_5145,11663.149
000d7d20_5146,11663.145
000d7d20_5147,11663.14
000d7d20_5148,11663.134
000d7d20_5149,11663.129
000d7d20_5150,11663.124
000d7d20_5151,11663.118
000d7d20_5152,11663.113
000d7d20_5153,11663.108
000d7d20_5154,11663.103
000d7d20_5155,11663.098
000d7d20_5156,11663.093
000d7d20_5157,11663.087
000d7d20_5158,11663.082
000d7d20_5159,11663.077
000d7d20_5160,11663.071
000d7d20_5161,11663.066
000d7d20_5162,11663.062
000d7d20_5163,11663.056
000d7d20_5164,11663.051
000d7d20_5165,11663.045
000d7d20_5166,11663.04
000d7d20_5167,11663.035
000d7d20_5168,11663.029
000d7d20_5169,11663.024
000d7d20_5170,11663.019
000d7d20_5171,11663.014
000d7d20_5172,11663.009
000d7d20_5173,11663.003
000d7d20_5174,11662.998
000d7d20_5175,11662.992
000d7d20_5176,11662.987
000d7d20_5177,11662.982
000d7d20_5178,11662.977
000d7d20_5179,11662.972
000d7d20_5180,11662.966
000d7d20_5181,11662.961
000d7d20_5182,11662.955
000d7d20_5183,11662.95
000d7d20_5184,11662.944
000d7d20_5185,11662.939
000d7d20_5186,11662.935
000d7d20_5187,11662.929
000d7d20_5188,11662.924
000d7d20_5189,11662.918
000d7d20_5190,11662.913
000d7d20_5191,11662.907
000d7d20_5192,11662.902
000d7d20_5193,11662.896
000d7d20_5194,11662.892
000d7d20_5195,11662.886
000d7d20_5196,11662.881
000d7d20_5197,11662.875
000d7d20_5198,11662.87
000d7d20_5199,11662.864
000d7d20_5200,11662.859
000d7d20_5201,11662.854
000d7d20_5202,11662.849
000d7d20_5203,11662.843
000d7d20_5204,11662.838
000d7d20_5205,11662.832
000d7d20_5206,11662.826
000d7d20_5207,11662.821
000d7d20_5208,11662.815
000d7d20_5209,11662.811
000d7d20_5210,11662.805
000d7d20_5211,11662.8
000d7d20_5212,11662.794
000d7d20_5213,11662.789
000d7d20_5214,11662.783
000d7d20_5215,11662.777
000d7d20_5216,11662.772
000d7d20_5217,11662.767
000d7d20_5218,11662.762
000d7d20_5219,11662.756
000d7d20_5220,11662.751
000d7d20_5221,11662.745
000d7d20_5222,11662.739
000d7d20_5223,11662.734
000d7d20_5224,11662.729
000d7d20_5225,11662.724
000d7d20_5226,11662.718
000d7d20_5227,11662.712
000d7d20_5228,11662.707
000d7d20_5229,11662.701
000d7d20_5230,11662.695
000d7d20_5231,11662.69
000d7d20_5232,11662.685
000d7d20_5233,11662.68
000d7d20_5234,11662.674
000d7d20_5235,11662.668
000d7d20_5236,11662.663
000d7d20_5237,11662.657
000d7d20_5238,11662.651
000d7d20_5239,11662.646
000d7d20_5240,11662.641
000d7d20_5241,11662.635
000d7d20_5242,11662.63
000d7d20_5243,11662.624
000d7d20_5244,11662.618
000d7d20_5245,11662.613
000d7d20_5246,11662.607
000d7d20_5247,11662.602
000d7d20_5248,11662.596
000d7d20_5249,11662.591
000d7d20_5250,11662.585
000d7d20_5251,11662.579
000d7d20_5252,11662.574
000d7d20_5253,11662.568
000d7d20_5254,11662.5625
000d7d20_5255,11662.557
000d7d20_5256,11662.552
000d7d20_5257,11662.546
000d7d20_5258,11662.54
000d7d20_5259,11662.535
000d7d20_5260,11662.529
000d7d20_5261,11662.523
000d7d20_5262,11662.518
000d7d20_5263,11662.513
000d7d20_5264,11662.507
000d7d20_5265,11662.501
000d7d20_5266,11662.495
000d7d20_5267,11662.489
000d7d20_5268,11662.484
000d7d20_5269,11662.479
000d7d20_5270,11662.473
000d7d20_5271,11662.467
000d7d20_5272,11662.462
000d7d20_5273,11662.456
000d7d20_5274,11662.45
000d7d20_5275,11662.444
000d7d20_5276,11662.438
000d7d20_5277,11662.434
00bbac68_1545,12146.341
00bbac68_1546,12146.324
00bbac68_1547,12146.309
00bbac68_1548,12146.293
00bbac68_1549,12146.278
00bbac68_1550,12146.262
00bbac68_1551,12146.248
00bbac68_1552,12146.231
00bbac68_1553,12146.218
00bbac68_1554,12146.202
00bbac68_1555,12146.188
00bbac68_1556,12146.174
00bbac68_1557,12146.157
00bbac68_1558,12146.141
00bbac68_1559,12146.123
00bbac68_1560,12146.105
00bbac68_1561,12146.088
00bbac68_1562,12146.071
00bbac68_1563,12146.053
00bbac68_1564,12146.036
00bbac68_1565,12146.02
00bbac68_1566,12146.0
00bbac68_1567,12145.983
00bbac68_1568,12145.968
00bbac68_1569,12145.952
00bbac68_1570,12145.938
00bbac68_1571,12145.924
00bbac68_1572,12145.908
00bbac68_1573,12145.894
00bbac68_1574,12145.882
00bbac68_1575,12145.867
00bbac68_1576,12145.857
00bbac68_1577,12145.847
00bbac68_1578,12145.833
00bbac68_1579,12145.822
00bbac68_1580,12145.812
00bbac68_1581,12145.799
00bbac68_1582,12145.789
00bbac68_1583,12145.776
00bbac68_1584,12145.764
00bbac68_1585,12145.751
00bbac68_1586,12145.735
00bbac68_1587,12145.721
00bbac68_1588,12145.706
00bbac68_1589,12145.69
00bbac68_1590,12145.677
00bbac68_1591,12145.662
00bbac68_1592,12145.6455
00bbac68_1593,12145.629
00bbac68_1594,12145.612
00bbac68_1595,12145.598
00bbac68_1596,12145.584
00bbac68_1597,12145.568
00bbac68_1598,12145.554
00bbac68_1599,12145.538
00bbac68_1600,12145.524
00bbac68_1601,12145.511
00bbac68_1602,12145.495
00bbac68_1603,12145.4795
00bbac68_1604,12145.463
00bbac68_1605,12145.446
00bbac68_1606,12145.432
00bbac68_1607,12145.42
00bbac68_1608,12145.405
00bbac68_1609,12145.39
00bbac68_1610,12145.375
00bbac68_1611,12145.358
00bbac68_1612,12145.342
00bbac68_1613,12145.326
00bbac68_1614,12145.31
00bbac68_1615,12145.293
00bbac68_1616,12145.277
00bbac68_1617,12145.26
00bbac68_1618,12145.246
00bbac68_1619,12145.232
00bbac68_1620,12145.221
00bbac68_1621,12145.211
00bbac68_1622,12145.197
00bbac68_1623,12145.186
00bbac68_1624,12145.176
00bbac68_1625,12145.163
00bbac68_1626,12145.152
00bbac68_1627,12145.1455
00bbac68_1628,12145.138
00bbac68_1629,12145.128
00bbac68_1630,12145.118
00bbac68_1631,12145.108
00bbac68_1632,12145.098
00bbac68_1633,12145.089
00bbac68_1634,12145.083
00bbac68_1635,12145.076
00bbac68_1636,12145.069
00bbac68_1637,12145.064
00bbac68_1638,12145.059
00bbac68_1639,12145.053
00bbac68_1640,12145.05
00bbac68_1641,12145.047
00bbac68_1642,12145.044
00bbac68_1643,12145.042
00bbac68_1644,12145.038
00bbac68_1645,12145.035
00bbac68_1646,12145.033
00bbac68_1647,12145.03
00bbac68_1648,12145.029
00bbac68_1649,12145.029
00bbac68_1650,12145.028
00bbac68_1651,12145.029
00bbac68_1652,12145.029
00bbac68_1653,12145.028
00bbac68_1654,12145.03
00bbac68_1655,12145.032
00bbac68_1656,12145.034
00bbac68_1657,12145.037
00bbac68_1658,12145.041
00bbac68_1659,12145.045
00bbac68_1660,12145.049
00bbac68_1661,12145.054
00bbac68_1662,12145.059
00bbac68_1663,12145.0625
00bbac68_1664,12145.066
00bbac68_1665,12145.071
00bbac68_1666,12145.078
00bbac68_1667,12145.086
00bbac68_1668,12145.092
00bbac68_1669,12145.099
00bbac68_1670,12145.107
00bbac68_1671,12145.115
00bbac68_1672,12145.12
00bbac68_1673,12145.128
00bbac68_1674,12145.134
00bbac68_1675,12145.142
00bbac68_1676,12145.147
00bbac68_1677,12145.153
00bbac68_1678,12145.16
00bbac68_1679,12145.167
00bbac68_1680,12145.177
00bbac68_1681,12145.184
00bbac68_1682,12145.193
00bbac68_1683,12145.203
00bbac68_1684,12145.21
00bbac68_1685,12145.219
00bbac68_1686,12145.228
00bbac68_1687,12145.234
00bbac68_1688,12145.242
00bbac68_1689,12145.249
00bbac68_1690,12145.256
00bbac68_1691,12145.262
00bbac68_1692,12145.268
00bbac68_1693,12145.273
00bbac68_1694,12145.277
00bbac68_1695,12145.281
00bbac68_1696,12145.28
00bbac68_1697,12145.277
00bbac68_1698,12145.273
00bbac68_1699,12145.2705
00bbac68_1700,12145.266
00bbac68_1701,12145.26
00bbac68_1702,12145.256
00bbac68_1703,12145.252
00bbac68_1704,12145.25
00bbac68_1705,12145.246
00bbac68_1706,12145.245
00bbac68_1707,12145.243
00bbac68_1708,12145.244
00bbac68_1709,12145.244
00bbac68_1710,12145.244
00bbac68_1711,12145.245
00bbac68_1712,12145.245
00bbac68_1713,12145.245
00bbac68_1714,12145.244
00bbac68_1715,12145.244
00bbac68_1716,12145.242
00bbac68_1717,12145.237
00bbac68_1718,12145.236
00bbac68_1719,12145.233
00bbac68_1720,12145.2295
00bbac68_1721,12145.228
00bbac68_1722,12145.226
00bbac68_1723,12145.226
00bbac68_1724,12145.226
00bbac68_1725,12145.223
00bbac68_1726,12145.22
00bbac68_1727,12145.217
00bbac68_1728,12145.215
00bbac68_1729,12145.214
00bbac68_1730,12145.213
00bbac68_1731,12145.213
00bbac68_1732,12145.215
00bbac68_1733,12145.215
00bbac68_1734,12145.213
00bbac68_1735,12145.215
00bbac68_1736,12145.215
00bbac68_1737,12145.216
00bbac68_1738,12145.216
00bbac68_1739,12145.218
00bbac68_1740,12145.218
00bbac68_1741,12145.219
00bbac68_1742,12145.221
00bbac68_1743,12145.221
00bbac68_1744,12145.223
00bbac68_1745,12145.225
00bbac68_1746,12145.228
00bbac68_1747,12145.2295
00bbac68_1748,12145.233
00bbac68_1749,12145.237
00bbac68_1750,12145.239
00bbac68_1751,12145.244
00bbac68_1752,12145.249
00bbac68_1753,12145.254
00bbac68_1754,12145.26
00bbac68_1755,12145.265
00bbac68_1756,12145.269
00bbac68_1757,12145.272
00bbac68_1758,12145.274
00bbac68_1759,12145.279
00bbac68_1760,12145.284
00bbac68_1761,12145.291
00bbac68_1762,12145.298
00bbac68_1763,12145.305
00bbac68_1764,12145.313
00bbac68_1765,12145.321
00bbac68_1766,12145.33
00bbac68_1767,12145.34
00bbac68_1768,12145.349
00bbac68_1769,12145.359
00bbac68_1770,12145.37
00bbac68_1771,12145.379
00bbac68_1772,12145.392
00bbac68_1773,12145.402
00bbac68_1774,12145.413
00bbac68_1775,12145.424
00bbac68_1776,12145.438
00bbac68_1777,12145.448
00bbac68_1778,12145.461
00bbac68_1779,12145.474
00bbac68_1780,12145.486
00bbac68_1781,12145.499
00bbac68_1782,12145.51
00bbac68_1783,12145.52
00bbac68_1784,12145.532
00bbac68_1785,12145.543
00bbac68_1786,12145.549
00bbac68_1787,12145.56
00bbac68_1788,12145.571
00bbac68_1789,12145.581
00bbac68_1790,12145.59
00bbac68_1791,12145.595
00bbac68_1792,12145.601
00bbac68_1793,12145.607
00bbac68_1794,12145.611
00bbac68_1795,12145.618
00bbac68_1796,12145.623
00bbac68_1797,12145.628
00bbac68_1798,12145.629
00bbac68_1799,12145.629
00bbac68_1800,12145.632
00bbac68_1801,12145.633
00bbac68_1802,12145.633
00bbac68_1803,12145.635
00bbac68_1804,12145.636
00bbac68_1805,12145.639
00bbac68_1806,12145.642
00bbac68_1807,12145.6455
00bbac68_1808,12145.648
00bbac68_1809,12145.651
00bbac68_1810,12145.651
00bbac68_1811,12145.655
00bbac68_1812,12145.66
00bbac68_1813,12145.663
00bbac68_1814,12145.665
00bbac68_1815,12145.665
00bbac68_1816,12145.663
00bbac68_1817,12145.661
00bbac68_1818,12145.659
00bbac68_1819,12145.658
00bbac68_1820,12145.655
00bbac68_1821,12145.652
00bbac68_1822,12145.65
00bbac68_1823,12145.648
00bbac68_1824,12145.6455
00bbac68_1825,12145.644
00bbac68_1826,12145.642
00bbac68_1827,12145.64
00bbac68_1828,12145.639
00bbac68_1829,12145.638
00bbac68_1830,12145.638
00bbac68_1831,12145.641
00bbac68_1832,12145.643
00bbac68_1833,12145.643
00bbac68_1834,12145.643
00bbac68_1835,12145.642
00bbac68_1836,12145.643
00bbac68_1837,12145.643
00bbac68_1838,12145.6455
00bbac68_1839,12145.65
00bbac68_1840,12145.653
00bbac68_1841,12145.656
00bbac68_1842,12145.657
00bbac68_1843,12145.66
00bbac68_1844,12145.663
00bbac68_1845,12145.664
00bbac68_1846,12145.665
00bbac68_1847,12145.665
00bbac68_1848,12145.664
00bbac68_1849,12145.662
00bbac68_1850,12145.661
00bbac68_1851,12145.661
00bbac68_1852,12145.663
00bbac68_1853,12145.661
00bbac68_1854,12145.658
00bbac68_1855,12145.659
00bbac68_1856,12145.657
00bbac68_1857,12145.655
00bbac68_1858,12145.654
00bbac68_1859,12145.651
00bbac68_1860,12145.649
00bbac68_1861,12145.648
00bbac68_1862,12145.646
00bbac68_1863,12145.644
00bbac68_1864,12145.643
00bbac68_1865,12145.642
00bbac68_1866,12145.64
00bbac68_1867,12145.641
00bbac68_1868,12145.638
00bbac68_1869,12145.635
00bbac68_1870,12145.633
00bbac68_1871,12145.629
00bbac68_1872,12145.626
00bbac68_1873,12145.626
00bbac68_1874,12145.624
00bbac68_1875,12145.617
00bbac68_1876,12145.613
00bbac68_1877,12145.606
00bbac68_1878,12145.599
00bbac68_1879,12145.596
00bbac68_1880,12145.589
00bbac68_1881,12145.581
00bbac68_1882,12145.576
00bbac68_1883,12145.566
00bbac68_1884,12145.56
00bbac68_1885,12145.553
00bbac68_1886,12145.546
00bbac68_1887,12145.54
00bbac68_1888,12145.534
00bbac68_1889,12145.525
00bbac68_1890,12145.522
00bbac68_1891,12145.519
00bbac68_1892,12145.512
00bbac68_1893,12145.508
00bbac68_1894,12145.505
00bbac68_1895,12145.5
00bbac68_1896,12145.493
00bbac68_1897,12145.486
00bbac68_1898,12145.482
00bbac68_1899,12145.478
00bbac68_1900,12145.475
00bbac68_1901,12145.468
00bbac68_1902,12145.463
00bbac68_1903,12145.458
00bbac68_1904,12145.451
00bbac68_1905,12145.445
00bbac68_1906,12145.44
00bbac68_1907,12145.432
00bbac68_1908,12145.423
00bbac68_1909,12145.413
00bbac68_1910,12145.408
00bbac68_1911,12145.4
00bbac68_1912,12145.395
00bbac68_1913,12145.389
00bbac68_1914,12145.383
00bbac68_1915,12145.379
00bbac68_1916,12145.374
00bbac68_1917,12145.37
00bbac68_1918,12145.366
00bbac68_1919,12145.363
00bbac68_1920,12145.36
00bbac68_1921,12145.355
00bbac68_1922,12145.351
00bbac68_1923,12145.347
00bbac68_1924,12145.343
00bbac68_1925,12145.338
00bbac68_1926,12145.336
00bbac68_1927,12145.333
00bbac68_1928,12145.329
00bbac68_1929,12145.325
00bbac68_1930,12145.323
00bbac68_1931,12145.321
00bbac68_1932,12145.32
00bbac68_1933,12145.319
00bbac68_1934,12145.315
00bbac68_1935,12145.311
00bbac68_1936,12145.307
00bbac68_1937,12145.301
00bbac68_1938,12145.297
00bbac68_1939,12145.293
00bbac68_1940,12145.29
00bbac68_1941,12145.286
00bbac68_1942,12145.282
00bbac68_1943,12145.276
00bbac68_1944,12145.271
00bbac68_1945,12145.269
00bbac68_1946,12145.266
00bbac68_1947,12145.268
00bbac68_1948,12145.268
00bbac68_1949,12145.267
00bbac68_1950,12145.265
00bbac68_1951,12145.264
00bbac68_1952,12145.259
00bbac68_1953,12145.258
00bbac68_1954,12145.256
00bbac68_1955,12145.253
00bbac68_1956,12145.252
00bbac68_1957,12145.251
00bbac68_1958,12145.247
00bbac68_1959,12145.244
00bbac68_1960,12145.241
00bbac68_1961,12145.237
00bbac68_1962,12145.232
00bbac68_1963,12145.229
00bbac68_1964,12145.224
00bbac68_1965,12145.22
00bbac68_1966,12145.215
00bbac68_1967,12145.211
00bbac68_1968,12145.207
00bbac68_1969,12145.204
00bbac68_1970,12145.201
00bbac68_1971,12145.196
00bbac68_1972,12145.193
00bbac68_1973,12145.187
00bbac68_1974,12145.18
00bbac68_1975,12145.175
00bbac68_1976,12145.17
00bbac68_1977,12145.164
00bbac68_1978,12145.157
00bbac68_1979,12145.15
00bbac68_1980,12145.144
00bbac68_1981,12145.135
00bbac68_1982,12145.125
00bbac68_1983,12145.115
00bbac68_1984,12145.107
00bbac68_1985,12145.101
00bbac68_1986,12145.096
00bbac68_1987,12145.088
00bbac68_1988,12145.081
00bbac68_1989,12145.075
00bbac68_1990,12145.07
00bbac68_1991,12145.067
00bbac68_1992,12145.0625
00bbac68_1993,12145.058
00bbac68_1994,12145.054
00bbac68_1995,12145.051
00bbac68_1996,12145.045
00bbac68_1997,12145.042
00bbac68_1998,12145.037
00bbac68_1999,12145.035
00bbac68_2000,12145.033
00bbac68_2001,12145.031
00bbac68_2002,12145.029
00bbac68_2003,12145.027
00bbac68_2004,12145.025
00bbac68_2005,12145.023
00bbac68_2006,12145.021
00bbac68_2007,12145.019
00bbac68_2008,12145.014
00bbac68_2009,12145.013
00bbac68_2010,12145.013
00bbac68_2011,12145.012
00bbac68_2012,12145.011
00bbac68_2013,12145.013
00bbac68_2014,12145.012
00bbac68_2015,12145.009
00bbac68_2016,12145.005
00bbac68_2017,12145.002
00bbac68_2018,12144.999
00bbac68_2019,12144.994
00bbac68_2020,12144.993
00bbac68_2021,12144.989
00bbac68_2022,12144.984
00bbac68_2023,12144.979
00bbac68_2024,12144.973
00bbac68_2025,12144.967
00bbac68_2026,12144.962
00bbac68_2027,12144.956
00bbac68_2028,12144.951
00bbac68_2029,12144.946
00bbac68_2030,12144.941
00bbac68_2031,12144.941
00bbac68_2032,12144.938
00bbac68_2033,12144.935
00bbac68_2034,12144.935
00bbac68_2035,12144.933
00bbac68_2036,12144.93
00bbac68_2037,12144.93
00bbac68_2038,12144.929
00bbac68_2039,12144.929
00bbac68_2040,12144.926
00bbac68_2041,12144.925
00bbac68_2042,12144.925
00bbac68_2043,12144.927
00bbac68_2044,12144.927
00bbac68_2045,12144.926
00bbac68_2046,12144.928
00bbac68_2047,12144.927
00bbac68_2048,12144.928
00bbac68_2049,12144.927
00bbac68_2050,12144.929
00bbac68_2051,12144.932
00bbac68_2052,12144.931
00bbac68_2053,12144.934
00bbac68_2054,12144.936
00bbac68_2055,12144.9375
00bbac68_2056,12144.94
00bbac68_2057,12144.944
00bbac68_2058,12144.947
00bbac68_2059,12144.954
00bbac68_2060,12144.958
00bbac68_2061,12144.961
00bbac68_2062,12144.966
00bbac68_2063,12144.973
00bbac68_2064,12144.979
00bbac68_2065,12144.984
00bbac68_2066,12144.99
00bbac68_2067,12144.996
00bbac68_2068,12144.998
00bbac68_2069,12145.0
00bbac68_2070,12145.001
00bbac68_2071,12145.001
00bbac68_2072,12145.003
00bbac68_2073,12145.004
00bbac68_2074,12145.007
00bbac68_2075,12145.009
00bbac68_2076,12145.011
00bbac68_2077,12145.009
00bbac68_2078,12145.011
00bbac68_2079,12145.013
00bbac68_2080,12145.015
00bbac68_2081,12145.015
00bbac68_2082,12145.015
00bbac68_2083,12145.019
00bbac68_2084,12145.024
00bbac68_2085,12145.023
00bbac68_2086,12145.026
00bbac68_2087,12145.029
00bbac68_2088,12145.028
00bbac68_2089,12145.03
00bbac68_2090,12145.029
00bbac68_2091,12145.026
00bbac68_2092,12145.025
00bbac68_2093,12145.024
00bbac68_2094,12145.024
00bbac68_2095,12145.026
00bbac68_2096,12145.025
00bbac68_2097,12145.026
00bbac68_2098,12145.026
00bbac68_2099,12145.028
00bbac68_2100,12145.032
00bbac68_2101,12145.034
00bbac68_2102,12145.038
00bbac68_2103,12145.044
00bbac68_2104,12145.048
00bbac68_2105,12145.053
00bbac68_2106,12145.056
00bbac68_2107,12145.06
00bbac68_2108,12145.0625
00bbac68_2109,12145.065
00bbac68_2110,12145.066
00bbac68_2111,12145.069
00bbac68_2112,12145.07
00bbac68_2113,12145.068
00bbac68_2114,12145.069
00bbac68_2115,12145.072
00bbac68_2116,12145.08
00bbac68_2117,12145.087
00bbac68_2118,12145.093
00bbac68_2119,12145.098
00bbac68_2120,12145.102
00bbac68_2121,12145.106
00bbac68_2122,12145.111
00bbac68_2123,12145.116
00bbac68_2124,12145.118
00bbac68_2125,12145.122
00bbac68_2126,12145.124
00bbac68_2127,12145.127
00bbac68_2128,12145.129
00bbac68_2129,12145.132
00bbac68_2130,12145.137
00bbac68_2131,12145.142
00bbac68_2132,12145.146
00bbac68_2133,12145.149
00bbac68_2134,12145.152
00bbac68_2135,12145.156
00bbac68_2136,12145.161
00bbac68_2137,12145.168
00bbac68_2138,12145.173
00bbac68_2139,12145.173
00bbac68_2140,12145.169
00bbac68_2141,12145.166
00bbac68_2142,12145.163
00bbac68_2143,12145.162
00bbac68_2144,12145.161
00bbac68_2145,12145.16
00bbac68_2146,12145.159
00bbac68_2147,12145.156
00bbac68_2148,12145.151
00bbac68_2149,12145.152
00bbac68_2150,12145.152
00bbac68_2151,12145.148
00bbac68_2152,12145.147
00bbac68_2153,12145.141
00bbac68_2154,12145.138
00bbac68_2155,12145.134
00bbac68_2156,12145.13
00bbac68_2157,12145.125
00bbac68_2158,12145.12
00bbac68_2159,12145.119
00bbac68_2160,12145.116
00bbac68_2161,12145.114
00bbac68_2162,12145.112
00bbac68_2163,12145.112
00bbac68_2164,12145.112
00bbac68_2165,12145.111
00bbac68_2166,12145.109
00bbac68_2167,12145.108
00bbac68_2168,12145.106
00bbac68_2169,12145.107
00bbac68_2170,12145.107
00bbac68_2171,12145.1045
00bbac68_2172,12145.104
00bbac68_2173,12145.1
00bbac68_2174,12145.092
00bbac68_2175,12145.089
00bbac68_2176,12145.088
00bbac68_2177,12145.084
00bbac68_2178,12145.08
00bbac68_2179,12145.079
00bbac68_2180,12145.075
00bbac68_2181,12145.071
00bbac68_2182,12145.066
00bbac68_2183,12145.061
00bbac68_2184,12145.055
00bbac68_2185,12145.048
00bbac68_2186,12145.041
00bbac68_2187,12145.034
00bbac68_2188,12145.027
00bbac68_2189,12145.02
00bbac68_2190,12145.015
00bbac68_2191,12145.008
00bbac68_2192,12144.998
00bbac68_2193,12144.99
00bbac68_2194,12144.984
00bbac68_2195,12144.975
00bbac68_2196,12144.965
00bbac68_2197,12144.957
00bbac68_2198,12144.953
00bbac68_2199,12144.944
00bbac68_2200,12144.9375
00bbac68_2201,12144.93
00bbac68_2202,12144.925
00bbac68_2203,12144.916
00bbac68_2204,12144.91
00bbac68_2205,12144.906
00bbac68_2206,12144.902
00bbac68_2207,12144.899
00bbac68_2208,12144.897
00bbac68_2209,12144.895
00bbac68_2210,12144.89
00bbac68_2211,12144.884
00bbac68_2212,12144.881
00bbac68_2213,12144.876
00bbac68_2214,12144.873
00bbac68_2215,12144.87
00bbac68_2216,12144.864
00bbac68_2217,12144.86
00bbac68_2218,12144.858
00bbac68_2219,12144.857
00bbac68_2220,12144.856
00bbac68_2221,12144.8545
00bbac68_2222,12144.8545
00bbac68_2223,12144.852
00bbac68_2224,12144.849
00bbac68_2225,12144.848
00bbac68_2226,12144.846
00bbac68_2227,12144.846
00bbac68_2228,12144.847
00bbac68_2229,12144.845
00bbac68_2230,12144.845
00bbac68_2231,12144.845
00bbac68_2232,12144.844
00bbac68_2233,12144.842
00bbac68_2234,12144.84
00bbac68_2235,12144.839
00bbac68_2236,12144.838
00bbac68_2237,12144.836
00bbac68_2238,12144.837
00bbac68_2239,12144.832
00bbac68_2240,12144.83
00bbac68_2241,12144.828
00bbac68_2242,12144.823
00bbac68_2243,12144.821
00bbac68_2244,12144.82
00bbac68_2245,12144.819
00bbac68_2246,12144.816
00bbac68_2247,12144.811
00bbac68_2248,12144.802
00bbac68_2249,12144.793
00bbac68_2250,12144.788
00bbac68_2251,12144.781
00bbac68_2252,12144.775
00bbac68_2253,12144.771
00bbac68_2254,12144.766
00bbac68_2255,12144.76
00bbac68_2256,12144.758
00bbac68_2257,12144.753
00bbac68_2258,12144.747
00bbac68_2259,12144.745
00bbac68_2260,12144.743
00bbac68_2261,12144.742
00bbac68_2262,12144.739
00bbac68_2263,12144.737
00bbac68_2264,12144.735
00bbac68_2265,12144.733
00bbac68_2266,12144.731
00bbac68_2267,12144.7295
00bbac68_2268,12144.728
00bbac68_2269,12144.725
00bbac68_2270,12144.721
00bbac68_2271,12144.719
00bbac68_2272,12144.718
00bbac68_2273,12144.713
00bbac68_2274,12144.713
00bbac68_2275,12144.716
00bbac68_2276,12144.72
00bbac68_2277,12144.719
00bbac68_2278,12144.717
00bbac68_2279,12144.718
00bbac68_2280,12144.719
00bbac68_2281,12144.718
00bbac68_2282,12144.72
00bbac68_2283,12144.72
00bbac68_2284,12144.721
00bbac68_2285,12144.722
00bbac68_2286,12144.725
00bbac68_2287,12144.723
00bbac68_2288,12144.723
00bbac68_2289,12144.721
00bbac68_2290,12144.718
00bbac68_2291,12144.715
00bbac68_2292,12144.709
00bbac68_2293,12144.705
00bbac68_2294,12144.701
00bbac68_2295,12144.697
00bbac68_2296,12144.693
00bbac68_2297,12144.69
00bbac68_2298,12144.6875
00bbac68_2299,12144.6875
00bbac68_2300,12144.683
00bbac68_2301,12144.677
00bbac68_2302,12144.675
00bbac68_2303,12144.67
00bbac68_2304,12144.665
00bbac68_2305,12144.661
00bbac68_2306,12144.657
00bbac68_2307,12144.651
00bbac68_2308,12144.646
00bbac68_2309,12144.644
00bbac68_2310,12144.636
00bbac68_2311,12144.629
00bbac68_2312,12144.624
00bbac68_2313,12144.616
00bbac68_2314,12144.609
00bbac68_2315,12144.602
00bbac68_2316,12144.594
00bbac68_2317,12144.587
00bbac68_2318,12144.58
00bbac68_2319,12144.574
00bbac68_2320,12144.57
00bbac68_2321,12144.564
00bbac68_2322,12144.561
00bbac68_2323,12144.557
00bbac68_2324,12144.558
00bbac68_2325,12144.557
00bbac68_2326,12144.554
00bbac68_2327,12144.554
00bbac68_2328,12144.555
00bbac68_2329,12144.554
00bbac68_2330,12144.553
00bbac68_2331,12144.554
00bbac68_2332,12144.548
00bbac68_2333,12144.547
00bbac68_2334,12144.546
00bbac68_2335,12144.538
00bbac68_2336,12144.535
00bbac68_2337,12144.532
00bbac68_2338,12144.525
00bbac68_2339,12144.522
00bbac68_2340,12144.519
00bbac68_2341,12144.514
00bbac68_2342,12144.51
00bbac68_2343,12144.507
00bbac68_2344,12144.5
00bbac68_2345,12144.496
00bbac68_2346,12144.491
00bbac68_2347,12144.486
00bbac68_2348,12144.481
00bbac68_2349,12144.478
00bbac68_2350,12144.472
00bbac68_2351,12144.467
00bbac68_2352,12144.468
00bbac68_2353,12144.47
00bbac68_2354,12144.465
00bbac68_2355,12144.463
00bbac68_2356,12144.462
00bbac68_2357,12144.46
00bbac68_2358,12144.459
00bbac68_2359,12144.458
00bbac68_2360,12144.454
00bbac68_2361,12144.452
00bbac68_2362,12144.451
00bbac68_2363,12144.445
00bbac68_2364,12144.438
00bbac68_2365,12144.437
00bbac68_2366,12144.432
00bbac68_2367,12144.426
00bbac68_2368,12144.418
00bbac68_2369,12144.414
00bbac68_2370,12144.41
00bbac68_2371,12144.405
00bbac68_2372,12144.402
00bbac68_2373,12144.4
00bbac68_2374,12144.398
00bbac68_2375,12144.393
00bbac68_2376,12144.39
00bbac68_2377,12144.386
00bbac68_2378,12144.385
00bbac68_2379,12144.384
00bbac68_2380,12144.383
00bbac68_2381,12144.381
00bbac68_2382,12144.379
00bbac68_2383,12144.377
00bbac68_2384,12144.375
00bbac68_2385,12144.371
00bbac68_2386,12144.373
00bbac68_2387,12144.373
00bbac68_2388,12144.375
00bbac68_2389,12144.379
00bbac68_2390,12144.375
00bbac68_2391,12144.373
00bbac68_2392,12144.378
00bbac68_2393,12144.381
00bbac68_2394,12144.386
00bbac68_2395,12144.386
00bbac68_2396,12144.386
00bbac68_2397,12144.387
00bbac68_2398,12144.386
00bbac68_2399,12144.387
00bbac68_2400,12144.389
00bbac68_2401,12144.388
00bbac68_2402,12144.386
00bbac68_2403,12144.387
00bbac68_2404,12144.383
00bbac68_2405,12144.381
00bbac68_2406,12144.381
00bbac68_2407,12144.379
00bbac68_2408,12144.374
00bbac68_2409,12144.371
00bbac68_2410,12144.367
00bbac68_2411,12144.364
00bbac68_2412,12144.361
00bbac68_2413,12144.358
00bbac68_2414,12144.3545
00bbac68_2415,12144.351
00bbac68_2416,12144.345
00bbac68_2417,12144.336
00bbac68_2418,12144.327
00bbac68_2419,12144.319
00bbac68_2420,12144.312
00bbac68_2421,12144.307
00bbac68_2422,12144.3
00bbac68_2423,12144.292
00bbac68_2424,12144.286
00bbac68_2425,12144.28
00bbac68_2426,12144.272
00bbac68_2427,12144.267
00bbac68_2428,12144.264
00bbac68_2429,12144.259
00bbac68_2430,12144.256
00bbac68_2431,12144.249
00bbac68_2432,12144.246
00bbac68_2433,12144.241
00bbac68_2434,12144.239
00bbac68_2435,12144.236
00bbac68_2436,12144.234
00bbac68_2437,12144.229
00bbac68_2438,12144.219
00bbac68_2439,12144.21
00bbac68_2440,12144.205
00bbac68_2441,12144.201
00bbac68_2442,12144.198
00bbac68_2443,12144.195
00bbac68_2444,12144.188
00bbac68_2445,12144.183
00bbac68_2446,12144.177
00bbac68_2447,12144.172
00bbac68_2448,12144.168
00bbac68_2449,12144.164
00bbac68_2450,12144.156
00bbac68_2451,12144.149
00bbac68_2452,12144.144
00bbac68_2453,12144.141
00bbac68_2454,12144.138
00bbac68_2455,12144.135
00bbac68_2456,12144.132
00bbac68_2457,12144.126
00bbac68_2458,12144.121
00bbac68_2459,12144.118
00bbac68_2460,12144.112
00bbac68_2461,12144.108
00bbac68_2462,12144.103
00bbac68_2463,12144.094
00bbac68_2464,12144.084
00bbac68_2465,12144.073
00bbac68_2466,12144.0625
00bbac68_2467,12144.053
00bbac68_2468,12144.044
00bbac68_2469,12144.034
00bbac68_2470,12144.0205
00bbac68_2471,12144.008
00bbac68_2472,12143.998
00bbac68_2473,12143.987
00bbac68_2474,12143.977
00bbac68_2475,12143.968
00bbac68_2476,12143.959
00bbac68_2477,12143.95
00bbac68_2478,12143.938
00bbac68_2479,12143.932
00bbac68_2480,12143.921
00bbac68_2481,12143.908
00bbac68_2482,12143.896
00bbac68_2483,12143.889
00bbac68_2484,12143.88
00bbac68_2485,12143.874
00bbac68_2486,12143.866
00bbac68_2487,12143.857
00bbac68_2488,12143.852
00bbac68_2489,12143.844
00bbac68_2490,12143.839
00bbac68_2491,12143.831
00bbac68_2492,12143.824
00bbac68_2493,12143.817
00bbac68_2494,12143.812
00bbac68_2495,12143.805
00bbac68_2496,12143.8
00bbac68_2497,12143.8
00bbac68_2498,12143.795
00bbac68_2499,12143.787
00bbac68_2500,12143.784
00bbac68_2501,12143.777
00bbac68_2502,12143.771
00bbac68_2503,12143.763
00bbac68_2504,12143.759
00bbac68_2505,12143.751
00bbac68_2506,12143.742
00bbac68_2507,12143.734
00bbac68_2508,12143.726
00bbac68_2509,12143.72
00bbac68_2510,12143.717
00bbac68_2511,12143.717
00bbac68_2512,12143.717
00bbac68_2513,12143.713
00bbac68_2514,12143.711
00bbac68_2515,12143.71
00bbac68_2516,12143.709
00bbac68_2517,12143.71
00bbac68_2518,12143.708
00bbac68_2519,12143.705
00bbac68_2520,12143.702
00bbac68_2521,12143.697
00bbac68_2522,12143.692
00bbac68_2523,12143.686
00bbac68_2524,12143.681
00bbac68_2525,12143.68
00bbac68_2526,12143.676
00bbac68_2527,12143.673
00bbac68_2528,12143.669
00bbac68_2529,12143.662
00bbac68_2530,12143.655
00bbac68_2531,12143.647
00bbac68_2532,12143.64
00bbac68_2533,12143.63
00bbac68_2534,12143.623
00bbac68_2535,12143.615
00bbac68_2536,12143.606
00bbac68_2537,12143.598
00bbac68_2538,12143.591
00bbac68_2539,12143.583
00bbac68_2540,12143.577
00bbac68_2541,12143.568
00bbac68_2542,12143.562
00bbac68_2543,12143.554
00bbac68_2544,12143.544
00bbac68_2545,12143.535
00bbac68_2546,12143.525
00bbac68_2547,12143.517
00bbac68_2548,12143.509
00bbac68_2549,12143.501
00bbac68_2550,12143.493
00bbac68_2551,12143.486
00bbac68_2552,12143.4795
00bbac68_2553,12143.472
00bbac68_2554,12143.464
00bbac68_2555,12143.454
00bbac68_2556,12143.446
00bbac68_2557,12143.438
00bbac68_2558,12143.429
00bbac68_2559,12143.422
00bbac68_2560,12143.413
00bbac68_2561,12143.401
00bbac68_2562,12143.392
00bbac68_2563,12143.382
00bbac68_2564,12143.372
00bbac68_2565,12143.362
00bbac68_2566,12143.354
00bbac68_2567,12143.347
00bbac68_2568,12143.339
00bbac68_2569,12143.33
00bbac68_2570,12143.323
00bbac68_2571,12143.315
00bbac68_2572,12143.309
00bbac68_2573,12143.3
00bbac68_2574,12143.293
00bbac68_2575,12143.282
00bbac68_2576,12143.269
00bbac68_2577,12143.254
00bbac68_2578,12143.24
00bbac68_2579,12143.228
00bbac68_2580,12143.215
00bbac68_2581,12143.202
00bbac68_2582,12143.188
00bbac68_2583,12143.178
00bbac68_2584,12143.164
00bbac68_2585,12143.151
00bbac68_2586,12143.143
00bbac68_2587,12143.133
00bbac68_2588,12143.125
00bbac68_2589,12143.117
00bbac68_2590,12143.108
00bbac68_2591,12143.102
00bbac68_2592,12143.094
00bbac68_2593,12143.084
00bbac68_2594,12143.076
00bbac68_2595,12143.067
00bbac68_2596,12143.06
00bbac68_2597,12143.051
00bbac68_2598,12143.043
00bbac68_2599,12143.036
00bbac68_2600,12143.025
00bbac68_2601,12143.019
00bbac68_2602,12143.014
00bbac68_2603,12143.007
00bbac68_2604,12142.997
00bbac68_2605,12142.989
00bbac68_2606,12142.98
00bbac68_2607,12142.973
00bbac68_2608,12142.965
00bbac68_2609,12142.956
00bbac68_2610,12142.946
00bbac68_2611,12142.938
00bbac68_2612,12142.929
00bbac68_2613,12142.919
00bbac68_2614,12142.912
00bbac68_2615,12142.902
00bbac68_2616,12142.893
00bbac68_2617,12142.882
00bbac68_2618,12142.87
00bbac68_2619,12142.858
00bbac68_2620,12142.845
00bbac68_2621,12142.831
00bbac68_2622,12142.822
00bbac68_2623,12142.81
00bbac68_2624,12142.796
00bbac68_2625,12142.781
00bbac68_2626,12142.765
00bbac68_2627,12142.752
00bbac68_2628,12142.74
00bbac68_2629,12142.727
00bbac68_2630,12142.718
00bbac68_2631,12142.708
00bbac68_2632,12142.694
00bbac68_2633,12142.687
00bbac68_2634,12142.676
00bbac68_2635,12142.666
00bbac68_2636,12142.659
00bbac68_2637,12142.651
00bbac68_2638,12142.642
00bbac68_2639,12142.636
00bbac68_2640,12142.627
00bbac68_2641,12142.62
00bbac68_2642,12142.616
00bbac68_2643,12142.61
00bbac68_2644,12142.602
00bbac68_2645,12142.596
00bbac68_2646,12142.59
00bbac68_2647,12142.585
00bbac68_2648,12142.581
00bbac68_2649,12142.576
00bbac68_2650,12142.571
00bbac68_2651,12142.567
00bbac68_2652,12142.563
00bbac68_2653,12142.555
00bbac68_2654,12142.544
00bbac68_2655,12142.539
00bbac68_2656,12142.535
00bbac68_2657,12142.531
00bbac68_2658,12142.526
00bbac68_2659,12142.521
00bbac68_2660,12142.517
00bbac68_2661,12142.512
00bbac68_2662,12142.511
00bbac68_2663,12142.51
00bbac68_2664,12142.516
00bbac68_2665,12142.514
00bbac68_2666,12142.51
00bbac68_2667,12142.51
00bbac68_2668,12142.51
00bbac68_2669,12142.51
00bbac68_2670,12142.512
00bbac68_2671,12142.516
00bbac68_2672,12142.52
00bbac68_2673,12142.522
00bbac68_2674,12142.525
00bbac68_2675,12142.526
00bbac68_2676,12142.529
00bbac68_2677,12142.531
00bbac68_2678,12142.534
00bbac68_2679,12142.537
00bbac68_2680,12142.539
00bbac68_2681,12142.537
00bbac68_2682,12142.54
00bbac68_2683,12142.543
00bbac68_2684,12142.545
00bbac68_2685,12142.545
00bbac68_2686,12142.546
00bbac68_2687,12142.542
00bbac68_2688,12142.539
00bbac68_2689,12142.533
00bbac68_2690,12142.528
00bbac68_2691,12142.527
00bbac68_2692,12142.525
00bbac68_2693,12142.521
00bbac68_2694,12142.519
00bbac68_2695,12142.511
00bbac68_2696,12142.506
00bbac68_2697,12142.5
00bbac68_2698,12142.496
00bbac68_2699,12142.493
00bbac68_2700,12142.491
00bbac68_2701,12142.483
00bbac68_2702,12142.48
00bbac68_2703,12142.478
00bbac68_2704,12142.472
00bbac68_2705,12142.469
00bbac68_2706,12142.466
00bbac68_2707,12142.461
00bbac68_2708,12142.457
00bbac68_2709,12142.455
00bbac68_2710,12142.451
00bbac68_2711,12142.447
00bbac68_2712,12142.441
00bbac68_2713,12142.436
00bbac68_2714,12142.43
00bbac68_2715,12142.424
00bbac68_2716,12142.417
00bbac68_2717,12142.412
00bbac68_2718,12142.41
00bbac68_2719,12142.406
00bbac68_2720,12142.403
00bbac68_2721,12142.402
00bbac68_2722,12142.399
00bbac68_2723,12142.399
00bbac68_2724,12142.399
00bbac68_2725,12142.399
00bbac68_2726,12142.4
00bbac68_2727,12142.4
00bbac68_2728,12142.4
00bbac68_2729,12142.398
00bbac68_2730,12142.399
00bbac68_2731,12142.398
00bbac68_2732,12142.397
00bbac68_2733,12142.395
00bbac68_2734,12142.394
00bbac68_2735,12142.391
00bbac68_2736,12142.388
00bbac68_2737,12142.384
00bbac68_2738,12142.382
00bbac68_2739,12142.381
00bbac68_2740,12142.381
00bbac68_2741,12142.379
00bbac68_2742,12142.376
00bbac68_2743,12142.375
00bbac68_2744,12142.372
00bbac68_2745,12142.372
00bbac68_2746,12142.373
00bbac68_2747,12142.374
00bbac68_2748,12142.375
00bbac68_2749,12142.378
00bbac68_2750,12142.381
00bbac68_2751,12142.384
00bbac68_2752,12142.387
00bbac68_2753,12142.391
00bbac68_2754,12142.391
00bbac68_2755,12142.39
00bbac68_2756,12142.39
00bbac68_2757,12142.388
00bbac68_2758,12142.386
00bbac68_2759,12142.386
00bbac68_2760,12142.384
00bbac68_2761,12142.382
00bbac68_2762,12142.381
00bbac68_2763,12142.38
00bbac68_2764,12142.382
00bbac68_2765,12142.383
00bbac68_2766,12142.383
00bbac68_2767,12142.384
00bbac68_2768,12142.387
00bbac68_2769,12142.385
00bbac68_2770,12142.388
00bbac68_2771,12142.39
00bbac68_2772,12142.392
00bbac68_2773,12142.394
00bbac68_2774,12142.396
00bbac68_2775,12142.4
00bbac68_2776,12142.405
00bbac68_2777,12142.405
00bbac68_2778,12142.405
00bbac68_2779,12142.409
00bbac68_2780,12142.409
00bbac68_2781,12142.409
00bbac68_2782,12142.41
00bbac68_2783,12142.411
00bbac68_2784,12142.409
00bbac68_2785,12142.409
00bbac68_2786,12142.404
00bbac68_2787,12142.403
00bbac68_2788,12142.402
00bbac68_2789,12142.401
00bbac68_2790,12142.4
00bbac68_2791,12142.399
00bbac68_2792,12142.397
00bbac68_2793,12142.394
00bbac68_2794,12142.392
00bbac68_2795,12142.39
00bbac68_2796,12142.388
00bbac68_2797,12142.386
00bbac68_2798,12142.381
00bbac68_2799,12142.376
00bbac68_2800,12142.373
00bbac68_2801,12142.369
00bbac68_2802,12142.366
00bbac68_2803,12142.364
00bbac68_2804,12142.363
00bbac68_2805,12142.358
00bbac68_2806,12142.355
00bbac68_2807,12142.3545
00bbac68_2808,12142.351
00bbac68_2809,12142.347
00bbac68_2810,12142.342
00bbac68_2811,12142.333
00bbac68_2812,12142.324
00bbac68_2813,12142.315
00bbac68_2814,12142.309
00bbac68_2815,12142.3
00bbac68_2816,12142.29
00bbac68_2817,12142.28
00bbac68_2818,12142.273
00bbac68_2819,12142.265
00bbac68_2820,12142.256
00bbac68_2821,12142.245
00bbac68_2822,12142.235
00bbac68_2823,12142.227
00bbac68_2824,12142.22
00bbac68_2825,12142.214
00bbac68_2826,12142.204
00bbac68_2827,12142.195
00bbac68_2828,12142.187
00bbac68_2829,12142.176
00bbac68_2830,12142.167
00bbac68_2831,12142.162
00bbac68_2832,12142.156
00bbac68_2833,12142.15
00bbac68_2834,12142.146
00bbac68_2835,12142.14
00bbac68_2836,12142.136
00bbac68_2837,12142.131
00bbac68_2838,12142.125
00bbac68_2839,12142.117
00bbac68_2840,12142.108
00bbac68_2841,12142.106
00bbac68_2842,12142.102
00bbac68_2843,12142.093
00bbac68_2844,12142.09
00bbac68_2845,12142.084
00bbac68_2846,12142.077
00bbac68_2847,12142.072
00bbac68_2848,12142.068
00bbac68_2849,12142.063
00bbac68_2850,12142.062
00bbac68_2851,12142.059
00bbac68_2852,12142.056
00bbac68_2853,12142.054
00bbac68_2854,12142.052
00bbac68_2855,12142.048
00bbac68_2856,12142.049
00bbac68_2857,12142.048
00bbac68_2858,12142.046
00bbac68_2859,12142.046
00bbac68_2860,12142.043
00bbac68_2861,12142.041
00bbac68_2862,12142.041
00bbac68_2863,12142.039
00bbac68_2864,12142.038
00bbac68_2865,12142.037
00bbac68_2866,12142.036
00bbac68_2867,12142.035
00bbac68_2868,12142.032
00bbac68_2869,12142.029
00bbac68_2870,12142.027
00bbac68_2871,12142.023
00bbac68_2872,12142.021
00bbac68_2873,12142.017
00bbac68_2874,12142.015
00bbac68_2875,12142.011
00bbac68_2876,12142.011
00bbac68_2877,12142.012
00bbac68_2878,12142.01
00bbac68_2879,12142.01
00bbac68_2880,12142.011
00bbac68_2881,12142.008
00bbac68_2882,12142.009
00bbac68_2883,12142.011
00bbac68_2884,12142.007
00bbac68_2885,12142.006
00bbac68_2886,12142.004
00bbac68_2887,12141.999
00bbac68_2888,12141.993
00bbac68_2889,12141.989
00bbac68_2890,12141.983
00bbac68_2891,12141.978
00bbac68_2892,12141.97
00bbac68_2893,12141.962
00bbac68_2894,12141.959
00bbac68_2895,12141.954
00bbac68_2896,12141.948
00bbac68_2897,12141.943
00bbac68_2898,12141.941
00bbac68_2899,12141.937
00bbac68_2900,12141.93
00bbac68_2901,12141.925
00bbac68_2902,12141.917
00bbac68_2903,12141.909
00bbac68_2904,12141.901
00bbac68_2905,12141.895
00bbac68_2906,12141.888
00bbac68_2907,12141.881
00bbac68_2908,12141.87
00bbac68_2909,12141.861
00bbac68_2910,12141.854
00bbac68_2911,12141.848
00bbac68_2912,12141.842
00bbac68_2913,12141.837
00bbac68_2914,12141.833
00bbac68_2915,12141.827
00bbac68_2916,12141.822
00bbac68_2917,12141.816
00bbac68_2918,12141.815
00bbac68_2919,12141.813
00bbac68_2920,12141.814
00bbac68_2921,12141.816
00bbac68_2922,12141.817
00bbac68_2923,12141.816
00bbac68_2924,12141.82
00bbac68_2925,12141.825
00bbac68_2926,12141.828
00bbac68_2927,12141.831
00bbac68_2928,12141.831
00bbac68_2929,12141.831
00bbac68_2930,12141.83
00bbac68_2931,12141.827
00bbac68_2932,12141.826
00bbac68_2933,12141.824
00bbac68_2934,12141.823
00bbac68_2935,12141.822
00bbac68_2936,12141.82
00bbac68_2937,12141.822
00bbac68_2938,12141.821
00bbac68_2939,12141.824
00bbac68_2940,12141.826
00bbac68_2941,12141.83
00bbac68_2942,12141.832
00bbac68_2943,12141.832
00bbac68_2944,12141.832
00bbac68_2945,12141.836
00bbac68_2946,12141.837
00bbac68_2947,12141.839
00bbac68_2948,12141.84
00bbac68_2949,12141.839
00bbac68_2950,12141.842
00bbac68_2951,12141.842
00bbac68_2952,12141.844
00bbac68_2953,12141.844
00bbac68_2954,12141.844
00bbac68_2955,12141.844
00bbac68_2956,12141.844
00bbac68_2957,12141.842
00bbac68_2958,12141.839
00bbac68_2959,12141.838
00bbac68_2960,12141.832
00bbac68_2961,12141.828
00bbac68_2962,12141.825
00bbac68_2963,12141.818
00bbac68_2964,12141.81
00bbac68_2965,12141.797
00bbac68_2966,12141.792
00bbac68_2967,12141.788
00bbac68_2968,12141.781
00bbac68_2969,12141.776
00bbac68_2970,12141.7705
00bbac68_2971,12141.767
00bbac68_2972,12141.76
00bbac68_2973,12141.753
00bbac68_2974,12141.746
00bbac68_2975,12141.74
00bbac68_2976,12141.734
00bbac68_2977,12141.728
00bbac68_2978,12141.722
00bbac68_2979,12141.717
00bbac68_2980,12141.712
00bbac68_2981,12141.706
00bbac68_2982,12141.705
00bbac68_2983,12141.701
00bbac68_2984,12141.695
00bbac68_2985,12141.691
00bbac68_2986,12141.689
00bbac68_2987,12141.687
00bbac68_2988,12141.686
00bbac68_2989,12141.684
00bbac68_2990,12141.686
00bbac68_2991,12141.687
00bbac68_2992,12141.686
00bbac68_2993,12141.686
00bbac68_2994,12141.685
00bbac68_2995,12141.684
00bbac68_2996,12141.685
00bbac68_2997,12141.686
00bbac68_2998,12141.686
00bbac68_2999,12141.684
00bbac68_3000,12141.681
00bbac68_3001,12141.678
00bbac68_3002,12141.677
00bbac68_3003,12141.675
00bbac68_3004,12141.674
00bbac68_3005,12141.675
00bbac68_3006,12141.674
00bbac68_3007,12141.676
00bbac68_3008,12141.677
00bbac68_3009,12141.678
00bbac68_3010,12141.68
00bbac68_3011,12141.681
00bbac68_3012,12141.685
00bbac68_3013,12141.69
00bbac68_3014,12141.696
00bbac68_3015,12141.703
00bbac68_3016,12141.71
00bbac68_3017,12141.716
00bbac68_3018,12141.722
00bbac68_3019,12141.728
00bbac68_3020,12141.734
00bbac68_3021,12141.74
00bbac68_3022,12141.747
00bbac68_3023,12141.755
00bbac68_3024,12141.76
00bbac68_3025,12141.769
00bbac68_3026,12141.775
00bbac68_3027,12141.782
00bbac68_3028,12141.791
00bbac68_3029,12141.798
00bbac68_3030,12141.807
00bbac68_3031,12141.814
00bbac68_3032,12141.825
00bbac68_3033,12141.837
00bbac68_3034,12141.848
00bbac68_3035,12141.857
00bbac68_3036,12141.867
00bbac68_3037,12141.877
00bbac68_3038,12141.887
00bbac68_3039,12141.8955
00bbac68_3040,12141.903
00bbac68_3041,12141.912
00bbac68_3042,12141.924
00bbac68_3043,12141.9375
00bbac68_3044,12141.95
00bbac68_3045,12141.964
00bbac68_3046,12141.975
00bbac68_3047,12141.984
00bbac68_3048,12141.992
00bbac68_3049,12141.998
00bbac68_3050,12142.005
00bbac68_3051,12142.013
00bbac68_3052,12142.021
00bbac68_3053,12142.027
00bbac68_3054,12142.031
00bbac68_3055,12142.036
00bbac68_3056,12142.042
00bbac68_3057,12142.045
00bbac68_3058,12142.047
00bbac68_3059,12142.05
00bbac68_3060,12142.055
00bbac68_3061,12142.06
00bbac68_3062,12142.064
00bbac68_3063,12142.069
00bbac68_3064,12142.076
00bbac68_3065,12142.08
00bbac68_3066,12142.087
00bbac68_3067,12142.093
00bbac68_3068,12142.097
00bbac68_3069,12142.099
00bbac68_3070,12142.103
00bbac68_3071,12142.105
00bbac68_3072,12142.107
00bbac68_3073,12142.11
00bbac68_3074,12142.111
00bbac68_3075,12142.112
00bbac68_3076,12142.112
00bbac68_3077,12142.113
00bbac68_3078,12142.116
00bbac68_3079,12142.118
00bbac68_3080,12142.116
00bbac68_3081,12142.115
00bbac68_3082,12142.114
00bbac68_3083,12142.113
00bbac68_3084,12142.113
00bbac68_3085,12142.116
00bbac68_3086,12142.115
00bbac68_3087,12142.115
00bbac68_3088,12142.115
00bbac68_3089,12142.111
00bbac68_3090,12142.108
00bbac68_3091,12142.107
00bbac68_3092,12142.107
00bbac68_3093,12142.108
00bbac68_3094,12142.107
00bbac68_3095,12142.104
00bbac68_3096,12142.101
00bbac68_3097,12142.098
00bbac68_3098,12142.094
00bbac68_3099,12142.091
00bbac68_3100,12142.09
00bbac68_3101,12142.087
00bbac68_3102,12142.083
00bbac68_3103,12142.082
00bbac68_3104,12142.077
00bbac68_3105,12142.072
00bbac68_3106,12142.069
00bbac68_3107,12142.066
00bbac68_3108,12142.063
00bbac68_3109,12142.065
00bbac68_3110,12142.066
00bbac68_3111,12142.066
00bbac68_3112,12142.066
00bbac68_3113,12142.066
00bbac68_3114,12142.068
00bbac68_3115,12142.069
00bbac68_3116,12142.067
00bbac68_3117,12142.067
00bbac68_3118,12142.071
00bbac68_3119,12142.07
00bbac68_3120,12142.071
00bbac68_3121,12142.073
00bbac68_3122,12142.074
00bbac68_3123,12142.076
00bbac68_3124,12142.076
00bbac68_3125,12142.075
00bbac68_3126,12142.074
00bbac68_3127,12142.072
00bbac68_3128,12142.075
00bbac68_3129,12142.077
00bbac68_3130,12142.078
00bbac68_3131,12142.079
00bbac68_3132,12142.078
00bbac68_3133,12142.078
00bbac68_3134,12142.075
00bbac68_3135,12142.072
00bbac68_3136,12142.071
00bbac68_3137,12142.069
00bbac68_3138,12142.068
00bbac68_3139,12142.066
00bbac68_3140,12142.065
00bbac68_3141,12142.066
00bbac68_3142,12142.063
00bbac68_3143,12142.0625
00bbac68_3144,12142.062
00bbac68_3145,12142.06
00bbac68_3146,12142.058
00bbac68_3147,12142.059
00bbac68_3148,12142.057
00bbac68_3149,12142.057
00bbac68_3150,12142.059
00bbac68_3151,12142.059
00bbac68_3152,12142.059
00bbac68_3153,12142.059
00bbac68_3154,12142.058
00bbac68_3155,12142.058
00bbac68_3156,12142.06
00bbac68_3157,12142.059
00bbac68_3158,12142.058
00bbac68_3159,12142.055
00bbac68_3160,12142.054
00bbac68_3161,12142.051
00bbac68_3162,12142.051
00bbac68_3163,12142.051
00bbac68_3164,12142.051
00bbac68_3165,12142.051
00bbac68_3166,12142.05
00bbac68_3167,12142.048
00bbac68_3168,12142.045
00bbac68_3169,12142.041
00bbac68_3170,12142.039
00bbac68_3171,12142.035
00bbac68_3172,12142.032
00bbac68_3173,12142.028
00bbac68_3174,12142.023
00bbac68_3175,12142.0205
00bbac68_3176,12142.017
00bbac68_3177,12142.016
00bbac68_3178,12142.01
00bbac68_3179,12142.008
00bbac68_3180,12142.003
00bbac68_3181,12141.998
00bbac68_3182,12141.998
00bbac68_3183,12141.994
00bbac68_3184,12141.991
00bbac68_3185,12141.993
00bbac68_3186,12141.994
00bbac68_3187,12141.994
00bbac68_3188,12141.994
00bbac68_3189,12141.992
00bbac68_3190,12141.989
00bbac68_3191,12141.99
00bbac68_3192,12141.992
00bbac68_3193,12141.993
00bbac68_3194,12141.995
00bbac68_3195,12141.995
00bbac68_3196,12141.995
00bbac68_3197,12141.997
00bbac68_3198,12141.999
00bbac68_3199,12141.998
00bbac68_3200,12141.997
00bbac68_3201,12141.997
00bbac68_3202,12141.996
00bbac68_3203,12141.998
00bbac68_3204,12141.998
00bbac68_3205,12142.001
00bbac68_3206,12142.004
00bbac68_3207,12142.008
00bbac68_3208,12142.013
00bbac68_3209,12142.019
00bbac68_3210,12142.025
00bbac68_3211,12142.03
00bbac68_3212,12142.033
00bbac68_3213,12142.037
00bbac68_3214,12142.04
00bbac68_3215,12142.04
00bbac68_3216,12142.04
00bbac68_3217,12142.039
00bbac68_3218,12142.038
00bbac68_3219,12142.037
00bbac68_3220,12142.036
00bbac68_3221,12142.032
00bbac68_3222,12142.03
00bbac68_3223,12142.025
00bbac68_3224,12142.019
00bbac68_3225,12142.011
00bbac68_3226,12142.002
00bbac68_3227,12141.994
00bbac68_3228,12141.989
00bbac68_3229,12141.986
00bbac68_3230,12141.9795
00bbac68_3231,12141.978
00bbac68_3232,12141.973
00bbac68_3233,12141.968
00bbac68_3234,12141.967
00bbac68_3235,12141.963
00bbac68_3236,12141.959
00bbac68_3237,12141.956
00bbac68_3238,12141.952
00bbac68_3239,12141.949
00bbac68_3240,12141.944
00bbac68_3241,12141.94
00bbac68_3242,12141.936
00bbac68_3243,12141.933
00bbac68_3244,12141.93
00bbac68_3245,12141.929
00bbac68_3246,12141.925
00bbac68_3247,12141.923
00bbac68_3248,12141.92
00bbac68_3249,12141.919
00bbac68_3250,12141.918
00bbac68_3251,12141.916
00bbac68_3252,12141.916
00bbac68_3253,12141.913
00bbac68_3254,12141.914
00bbac68_3255,12141.915
00bbac68_3256,12141.917
00bbac68_3257,12141.92
00bbac68_3258,12141.92
00bbac68_3259,12141.922
00bbac68_3260,12141.925
00bbac68_3261,12141.931
00bbac68_3262,12141.9375
00bbac68_3263,12141.945
00bbac68_3264,12141.952
00bbac68_3265,12141.961
00bbac68_3266,12141.969
00bbac68_3267,12141.976
00bbac68_3268,12141.98
00bbac68_3269,12141.984
00bbac68_3270,12141.988
00bbac68_3271,12141.995
00bbac68_3272,12141.998
00bbac68_3273,12142.004
00bbac68_3274,12142.009
00bbac68_3275,12142.015
00bbac68_3276,12142.021
00bbac68_3277,12142.028
00bbac68_3278,12142.036
00bbac68_3279,12142.044
00bbac68_3280,12142.053
00bbac68_3281,12142.061
00bbac68_3282,12142.069
00bbac68_3283,12142.078
00bbac68_3284,12142.087
00bbac68_3285,12142.097
00bbac68_3286,12142.106
00bbac68_3287,12142.113
00bbac68_3288,12142.119
00bbac68_3289,12142.126
00bbac68_3290,12142.134
00bbac68_3291,12142.14
00bbac68_3292,12142.148
00bbac68_3293,12142.158
00bbac68_3294,12142.168
00bbac68_3295,12142.178
00bbac68_3296,12142.186
00bbac68_3297,12142.195
00bbac68_3298,12142.203
00bbac68_3299,12142.213
00bbac68_3300,12142.223
00bbac68_3301,12142.234
00bbac68_3302,12142.246
00bbac68_3303,12142.259
00bbac68_3304,12142.272
00bbac68_3305,12142.285
00bbac68_3306,12142.297
00bbac68_3307,12142.312
00bbac68_3308,12142.323
00bbac68_3309,12142.338
00bbac68_3310,12142.352
00bbac68_3311,12142.364
00bbac68_3312,12142.378
00bbac68_3313,12142.393
00bbac68_3314,12142.405
00bbac68_3315,12142.419
00bbac68_3316,12142.433
00bbac68_3317,12142.446
00bbac68_3318,12142.46
00bbac68_3319,12142.474
00bbac68_3320,12142.487
00bbac68_3321,12142.503
00bbac68_3322,12142.518
00bbac68_3323,12142.531
00bbac68_3324,12142.542
00bbac68_3325,12142.555
00bbac68_3326,12142.565
00bbac68_3327,12142.579
00bbac68_3328,12142.593
00bbac68_3329,12142.605
00bbac68_3330,12142.62
00bbac68_3331,12142.633
00bbac68_3332,12142.644
00bbac68_3333,12142.652
00bbac68_3334,12142.661
00bbac68_3335,12142.671
00bbac68_3336,12142.679
00bbac68_3337,12142.687
00bbac68_3338,12142.695
00bbac68_3339,12142.704
00bbac68_3340,12142.714
00bbac68_3341,12142.723
00bbac68_3342,12142.73
00bbac68_3343,12142.736
00bbac68_3344,12142.741
00bbac68_3345,12142.745
00bbac68_3346,12142.749
00bbac68_3347,12142.753
00bbac68_3348,12142.754
00bbac68_3349,12142.757
00bbac68_3350,12142.759
00bbac68_3351,12142.758
00bbac68_3352,12142.755
00bbac68_3353,12142.752
00bbac68_3354,12142.749
00bbac68_3355,12142.751
00bbac68_3356,12142.75
00bbac68_3357,12142.748
00bbac68_3358,12142.747
00bbac68_3359,12142.749
00bbac68_3360,12142.751
00bbac68_3361,12142.749
00bbac68_3362,12142.746
00bbac68_3363,12142.742
00bbac68_3364,12142.739
00bbac68_3365,12142.734
00bbac68_3366,12142.732
00bbac68_3367,12142.726
00bbac68_3368,12142.722
00bbac68_3369,12142.719
00bbac68_3370,12142.718
00bbac68_3371,12142.716
00bbac68_3372,12142.711
00bbac68_3373,12142.706
00bbac68_3374,12142.703
00bbac68_3375,12142.7
00bbac68_3376,12142.697
00bbac68_3377,12142.693
00bbac68_3378,12142.687
00bbac68_3379,12142.679
00bbac68_3380,12142.671
00bbac68_3381,12142.666
00bbac68_3382,12142.662
00bbac68_3383,12142.659
00bbac68_3384,12142.656
00bbac68_3385,12142.651
00bbac68_3386,12142.6455
00bbac68_3387,12142.641
00bbac68_3388,12142.638
00bbac68_3389,12142.635
00bbac68_3390,12142.632
00bbac68_3391,12142.628
00bbac68_3392,12142.624
00bbac68_3393,12142.618
00bbac68_3394,12142.611
00bbac68_3395,12142.606
00bbac68_3396,12142.604
00bbac68_3397,12142.6
00bbac68_3398,12142.596
00bbac68_3399,12142.592
00bbac68_3400,12142.589
00bbac68_3401,12142.585
00bbac68_3402,12142.582
00bbac68_3403,12142.578
00bbac68_3404,12142.574
00bbac68_3405,12142.571
00bbac68_3406,12142.569
00bbac68_3407,12142.567
00bbac68_3408,12142.564
00bbac68_3409,12142.561
00bbac68_3410,12142.558
00bbac68_3411,12142.552
00bbac68_3412,12142.548
00bbac68_3413,12142.544
00bbac68_3414,12142.539
00bbac68_3415,12142.534
00bbac68_3416,12142.53
00bbac68_3417,12142.527
00bbac68_3418,12142.524
00bbac68_3419,12142.519
00bbac68_3420,12142.516
00bbac68_3421,12142.513
00bbac68_3422,12142.509
00bbac68_3423,12142.506
00bbac68_3424,12142.501
00bbac68_3425,12142.499
00bbac68_3426,12142.497
00bbac68_3427,12142.495
00bbac68_3428,12142.495
00bbac68_3429,12142.49
00bbac68_3430,12142.487
00bbac68_3431,12142.484
00bbac68_3432,12142.48
00bbac68_3433,12142.479
00bbac68_3434,12142.477
00bbac68_3435,12142.477
00bbac68_3436,12142.477
00bbac68_3437,12142.479
00bbac68_3438,12142.4795
00bbac68_3439,12142.482
00bbac68_3440,12142.487
00bbac68_3441,12142.49
00bbac68_3442,12142.494
00bbac68_3443,12142.496
00bbac68_3444,12142.498
00bbac68_3445,12142.503
00bbac68_3446,12142.509
00bbac68_3447,12142.516
00bbac68_3448,12142.5205
00bbac68_3449,12142.528
00bbac68_3450,12142.534
00bbac68_3451,12142.536
00bbac68_3452,12142.538
00bbac68_3453,12142.542
00bbac68_3454,12142.545
00bbac68_3455,12142.546
00bbac68_3456,12142.547
00bbac68_3457,12142.546
00bbac68_3458,12142.546
00bbac68_3459,12142.546
00bbac68_3460,12142.548
00bbac68_3461,12142.547
00bbac68_3462,12142.547
00bbac68_3463,12142.545
00bbac68_3464,12142.544
00bbac68_3465,12142.544
00bbac68_3466,12142.541
00bbac68_3467,12142.541
00bbac68_3468,12142.54
00bbac68_3469,12142.54
00bbac68_3470,12142.546
00bbac68_3471,12142.545
00bbac68_3472,12142.547
00bbac68_3473,12142.55
00bbac68_3474,12142.551
00bbac68_3475,12142.554
00bbac68_3476,12142.556
00bbac68_3477,12142.558
00bbac68_3478,12142.558
00bbac68_3479,12142.56
00bbac68_3480,12142.562
00bbac68_3481,12142.563
00bbac68_3482,12142.564
00bbac68_3483,12142.566
00bbac68_3484,12142.569
00bbac68_3485,12142.569
00bbac68_3486,12142.566
00bbac68_3487,12142.565
00bbac68_3488,12142.563
00bbac68_3489,12142.56
00bbac68_3490,12142.557
00bbac68_3491,12142.554
00bbac68_3492,12142.551
00bbac68_3493,12142.547
00bbac68_3494,12142.545
00bbac68_3495,12142.541
00bbac68_3496,12142.537
00bbac68_3497,12142.536
00bbac68_3498,12142.531
00bbac68_3499,12142.525
00bbac68_3500,12142.522
00bbac68_3501,12142.521
00bbac68_3502,12142.5205
00bbac68_3503,12142.519
00bbac68_3504,12142.514
00bbac68_3505,12142.511
00bbac68_3506,12142.506
00bbac68_3507,12142.503
00bbac68_3508,12142.497
00bbac68_3509,12142.492
00bbac68_3510,12142.486
00bbac68_3511,12142.481
00bbac68_3512,12142.477
00bbac68_3513,12142.472
00bbac68_3514,12142.464
00bbac68_3515,12142.455
00bbac68_3516,12142.448
00bbac68_3517,12142.447
00bbac68_3518,12142.446
00bbac68_3519,12142.445
00bbac68_3520,12142.44
00bbac68_3521,12142.436
00bbac68_3522,12142.435
00bbac68_3523,12142.429
00bbac68_3524,12142.427
00bbac68_3525,12142.427
00bbac68_3526,12142.427
00bbac68_3527,12142.428
00bbac68_3528,12142.431
00bbac68_3529,12142.432
00bbac68_3530,12142.432
00bbac68_3531,12142.433
00bbac68_3532,12142.432
00bbac68_3533,12142.434
00bbac68_3534,12142.434
00bbac68_3535,12142.433
00bbac68_3536,12142.432
00bbac68_3537,12142.431
00bbac68_3538,12142.429
00bbac68_3539,12142.425
00bbac68_3540,12142.422
00bbac68_3541,12142.419
00bbac68_3542,12142.417
00bbac68_3543,12142.415
00bbac68_3544,12142.412
00bbac68_3545,12142.41
00bbac68_3546,12142.408
00bbac68_3547,12142.406
00bbac68_3548,12142.404
00bbac68_3549,12142.402
00bbac68_3550,12142.398
00bbac68_3551,12142.3955
00bbac68_3552,12142.392
00bbac68_3553,12142.389
00bbac68_3554,12142.388
00bbac68_3555,12142.387
00bbac68_3556,12142.384
00bbac68_3557,12142.381
00bbac68_3558,12142.379
00bbac68_3559,12142.379
00bbac68_3560,12142.378
00bbac68_3561,12142.375
00bbac68_3562,12142.374
00bbac68_3563,12142.369
00bbac68_3564,12142.365
00bbac68_3565,12142.364
00bbac68_3566,12142.36
00bbac68_3567,12142.36
00bbac68_3568,12142.359
00bbac68_3569,12142.359
00bbac68_3570,12142.36
00bbac68_3571,12142.36
00bbac68_3572,12142.361
00bbac68_3573,12142.363
00bbac68_3574,12142.365
00bbac68_3575,12142.365
00bbac68_3576,12142.365
00bbac68_3577,12142.366
00bbac68_3578,12142.365
00bbac68_3579,12142.364
00bbac68_3580,12142.363
00bbac68_3581,12142.361
00bbac68_3582,12142.361
00bbac68_3583,12142.358
00bbac68_3584,12142.355
00bbac68_3585,12142.353
00bbac68_3586,12142.352
00bbac68_3587,12142.348
00bbac68_3588,12142.346
00bbac68_3589,12142.344
00bbac68_3590,12142.343
00bbac68_3591,12142.342
00bbac68_3592,12142.341
00bbac68_3593,12142.336
00bbac68_3594,12142.335
00bbac68_3595,12142.336
00bbac68_3596,12142.335
00bbac68_3597,12142.333
00bbac68_3598,12142.333
00bbac68_3599,12142.331
00bbac68_3600,12142.327
00bbac68_3601,12142.323
00bbac68_3602,12142.32
00bbac68_3603,12142.318
00bbac68_3604,12142.314
00bbac68_3605,12142.3125
00bbac68_3606,12142.311
00bbac68_3607,12142.307
00bbac68_3608,12142.31
00bbac68_3609,12142.3125
00bbac68_3610,12142.313
00bbac68_3611,12142.316
00bbac68_3612,12142.319
00bbac68_3613,12142.318
00bbac68_3614,12142.317
00bbac68_3615,12142.318
00bbac68_3616,12142.316
00bbac68_3617,12142.314
00bbac68_3618,12142.3125
00bbac68_3619,12142.311
00bbac68_3620,12142.308
00bbac68_3621,12142.308
00bbac68_3622,12142.305
00bbac68_3623,12142.301
00bbac68_3624,12142.298
00bbac68_3625,12142.298
00bbac68_3626,12142.296
00bbac68_3627,12142.294
00bbac68_3628,12142.29
00bbac68_3629,12142.286
00bbac68_3630,12142.282
00bbac68_3631,12142.277
00bbac68_3632,12142.273
00bbac68_3633,12142.2705
00bbac68_3634,12142.268
00bbac68_3635,12142.264
00bbac68_3636,12142.258
00bbac68_3637,12142.252
00bbac68_3638,12142.246
00bbac68_3639,12142.241
00bbac68_3640,12142.231
00bbac68_3641,12142.222
00bbac68_3642,12142.215
00bbac68_3643,12142.208
00bbac68_3644,12142.2
00bbac68_3645,12142.189
00bbac68_3646,12142.18
00bbac68_3647,12142.169
00bbac68_3648,12142.158
00bbac68_3649,12142.147
00bbac68_3650,12142.138
00bbac68_3651,12142.131
00bbac68_3652,12142.124
00bbac68_3653,12142.117
00bbac68_3654,12142.112
00bbac68_3655,12142.106
00bbac68_3656,12142.099
00bbac68_3657,12142.091
00bbac68_3658,12142.084
00bbac68_3659,12142.077
00bbac68_3660,12142.069
00bbac68_3661,12142.062
00bbac68_3662,12142.055
00bbac68_3663,12142.049
00bbac68_3664,12142.043
00bbac68_3665,12142.036
00bbac68_3666,12142.031
00bbac68_3667,12142.025
00bbac68_3668,12142.021
00bbac68_3669,12142.018
00bbac68_3670,12142.012
00bbac68_3671,12142.001
00bbac68_3672,12141.987
00bbac68_3673,12141.975
00bbac68_3674,12141.963
00bbac68_3675,12141.952
00bbac68_3676,12141.94
00bbac68_3677,12141.93
00bbac68_3678,12141.918
00bbac68_3679,12141.906
00bbac68_3680,12141.8955
00bbac68_3681,12141.886
00bbac68_3682,12141.875
00bbac68_3683,12141.864
00bbac68_3684,12141.853
00bbac68_3685,12141.841
00bbac68_3686,12141.828
00bbac68_3687,12141.815
00bbac68_3688,12141.805
00bbac68_3689,12141.791
00bbac68_3690,12141.777
00bbac68_3691,12141.765
00bbac68_3692,12141.754
00bbac68_3693,12141.743
00bbac68_3694,12141.732
00bbac68_3695,12141.723
00bbac68_3696,12141.714
00bbac68_3697,12141.704
00bbac68_3698,12141.695
00bbac68_3699,12141.687
00bbac68_3700,12141.678
00bbac68_3701,12141.669
00bbac68_3702,12141.661
00bbac68_3703,12141.652
00bbac68_3704,12141.645
00bbac68_3705,12141.639
00bbac68_3706,12141.63
00bbac68_3707,12141.621
00bbac68_3708,12141.614
00bbac68_3709,12141.608
00bbac68_3710,12141.603
00bbac68_3711,12141.596
00bbac68_3712,12141.59
00bbac68_3713,12141.584
00bbac68_3714,12141.579
00bbac68_3715,12141.573
00bbac68_3716,12141.567
00bbac68_3717,12141.563
00bbac68_3718,12141.561
00bbac68_3719,12141.557
00bbac68_3720,12141.553
00bbac68_3721,12141.548
00bbac68_3722,12141.543
00bbac68_3723,12141.54
00bbac68_3724,12141.537
00bbac68_3725,12141.535
00bbac68_3726,12141.534
00bbac68_3727,12141.534
00bbac68_3728,12141.535
00bbac68_3729,12141.535
00bbac68_3730,12141.534
00bbac68_3731,12141.533
00bbac68_3732,12141.533
00bbac68_3733,12141.537
00bbac68_3734,12141.541
00bbac68_3735,12141.543
00bbac68_3736,12141.546
00bbac68_3737,12141.547
00bbac68_3738,12141.547
00bbac68_3739,12141.546
00bbac68_3740,12141.544
00bbac68_3741,12141.542
00bbac68_3742,12141.539
00bbac68_3743,12141.533
00bbac68_3744,12141.527
00bbac68_3745,12141.521
00bbac68_3746,12141.515
00bbac68_3747,12141.508
00bbac68_3748,12141.499
00bbac68_3749,12141.492
00bbac68_3750,12141.484
00bbac68_3751,12141.476
00bbac68_3752,12141.471
00bbac68_3753,12141.466
00bbac68_3754,12141.458
00bbac68_3755,12141.452
00bbac68_3756,12141.448
00bbac68_3757,12141.444
00bbac68_3758,12141.44
00bbac68_3759,12141.437
00bbac68_3760,12141.434
00bbac68_3761,12141.43
00bbac68_3762,12141.427
00bbac68_3763,12141.425
00bbac68_3764,12141.424
00bbac68_3765,12141.421
00bbac68_3766,12141.417
00bbac68_3767,12141.413
00bbac68_3768,12141.407
00bbac68_3769,12141.4
00bbac68_3770,12141.3955
00bbac68_3771,12141.387
00bbac68_3772,12141.386
00bbac68_3773,12141.38
00bbac68_3774,12141.373
00bbac68_3775,12141.369
00bbac68_3776,12141.363
00bbac68_3777,12141.357
00bbac68_3778,12141.358
00bbac68_3779,12141.359
00bbac68_3780,12141.361
00bbac68_3781,12141.366
00bbac68_3782,12141.369
00bbac68_3783,12141.373
00bbac68_3784,12141.375
00bbac68_3785,12141.376
00bbac68_3786,12141.379
00bbac68_3787,12141.383
00bbac68_3788,12141.385
00bbac68_3789,12141.39
00bbac68_3790,12141.3955
00bbac68_3791,12141.399
00bbac68_3792,12141.406
00bbac68_3793,12141.412
00bbac68_3794,12141.418
00bbac68_3795,12141.422
00bbac68_3796,12141.429
00bbac68_3797,12141.434
00bbac68_3798,12141.4375
00bbac68_3799,12141.443
00bbac68_3800,12141.445
00bbac68_3801,12141.45
00bbac68_3802,12141.455
00bbac68_3803,12141.456
00bbac68_3804,12141.457
00bbac68_3805,12141.459
00bbac68_3806,12141.46
00bbac68_3807,12141.462
00bbac68_3808,12141.462
00bbac68_3809,12141.461
00bbac68_3810,12141.458
00bbac68_3811,12141.457
00bbac68_3812,12141.452
00bbac68_3813,12141.448
00bbac68_3814,12141.446
00bbac68_3815,12141.444
00bbac68_3816,12141.444
00bbac68_3817,12141.442
00bbac68_3818,12141.439
00bbac68_3819,12141.434
00bbac68_3820,12141.429
00bbac68_3821,12141.427
00bbac68_3822,12141.424
00bbac68_3823,12141.419
00bbac68_3824,12141.417
00bbac68_3825,12141.416
00bbac68_3826,12141.412
00bbac68_3827,12141.41
00bbac68_3828,12141.406
00bbac68_3829,12141.397
00bbac68_3830,12141.392
00bbac68_3831,12141.384
00bbac68_3832,12141.378
00bbac68_3833,12141.374
00bbac68_3834,12141.367
00bbac68_3835,12141.361
00bbac68_3836,12141.355
00bbac68_3837,12141.351
00bbac68_3838,12141.346
00bbac68_3839,12141.344
00bbac68_3840,12141.342
00bbac68_3841,12141.339
00bbac68_3842,12141.34
00bbac68_3843,12141.337
00bbac68_3844,12141.333
00bbac68_3845,12141.333
00bbac68_3846,12141.332
00bbac68_3847,12141.334
00bbac68_3848,12141.334
00bbac68_3849,12141.332
00bbac68_3850,12141.333
00bbac68_3851,12141.336
00bbac68_3852,12141.336
00bbac68_3853,12141.34
00bbac68_3854,12141.344
00bbac68_3855,12141.346
00bbac68_3856,12141.347
00bbac68_3857,12141.349
00bbac68_3858,12141.35
00bbac68_3859,12141.354
00bbac68_3860,12141.355
00bbac68_3861,12141.356
00bbac68_3862,12141.355
00bbac68_3863,12141.355
00bbac68_3864,12141.358
00bbac68_3865,12141.358
00bbac68_3866,12141.358
00bbac68_3867,12141.357
00bbac68_3868,12141.3545
00bbac68_3869,12141.355
00bbac68_3870,12141.356
00bbac68_3871,12141.358
00bbac68_3872,12141.359
00bbac68_3873,12141.359
00bbac68_3874,12141.358
00bbac68_3875,12141.356
00bbac68_3876,12141.358
00bbac68_3877,12141.361
00bbac68_3878,12141.36
00bbac68_3879,12141.363
00bbac68_3880,12141.371
00bbac68_3881,12141.376
00bbac68_3882,12141.379
00bbac68_3883,12141.379
00bbac68_3884,12141.383
00bbac68_3885,12141.39
00bbac68_3886,12141.39
00bbac68_3887,12141.392
00bbac68_3888,12141.394
00bbac68_3889,12141.397
00bbac68_3890,12141.403
00bbac68_3891,12141.408
00bbac68_3892,12141.411
00bbac68_3893,12141.419
00bbac68_3894,12141.422
00bbac68_3895,12141.423
00bbac68_3896,12141.421
00bbac68_3897,12141.421
00bbac68_3898,12141.426
00bbac68_3899,12141.43
00bbac68_3900,12141.437
00bbac68_3901,12141.441
00bbac68_3902,12141.448
00bbac68_3903,12141.456
00bbac68_3904,12141.462
00bbac68_3905,12141.471
00bbac68_3906,12141.475
00bbac68_3907,12141.4795
00bbac68_3908,12141.483
00bbac68_3909,12141.483
00bbac68_3910,12141.483
00bbac68_3911,12141.481
00bbac68_3912,12141.478
00bbac68_3913,12141.476
00bbac68_3914,12141.475
00bbac68_3915,12141.474
00bbac68_3916,12141.471
00bbac68_3917,12141.47
00bbac68_3918,12141.467
00bbac68_3919,12141.467
00bbac68_3920,12141.485
00bbac68_3921,12141.504
00bbac68_3922,12141.52
00bbac68_3923,12141.542
00bbac68_3924,12141.565
00bbac68_3925,12141.584
00bbac68_3926,12141.604
00bbac68_3927,12141.623
00bbac68_3928,12141.64
00bbac68_3929,12141.657
00bbac68_3930,12141.673
00bbac68_3931,12141.687
00bbac68_3932,12141.702
00bbac68_3933,12141.714
00bbac68_3934,12141.725
00bbac68_3935,12141.732
00bbac68_3936,12141.743
00bbac68_3937,12141.751
00bbac68_3938,12141.759
00bbac68_3939,12141.766
00bbac68_3940,12141.771
00bbac68_3941,12141.781
00bbac68_3942,12141.787
00bbac68_3943,12141.791
00bbac68_3944,12141.795
00bbac68_3945,12141.797
00bbac68_3946,12141.801
00bbac68_3947,12141.801
00bbac68_3948,12141.801
00bbac68_3949,12141.798
00bbac68_3950,12141.798
00bbac68_3951,12141.796
00bbac68_3952,12141.796
00bbac68_3953,12141.795
00bbac68_3954,12141.793
00bbac68_3955,12141.79
00bbac68_3956,12141.787
00bbac68_3957,12141.783
00bbac68_3958,12141.778
00bbac68_3959,12141.772
00bbac68_3960,12141.769
00bbac68_3961,12141.764
00bbac68_3962,12141.76
00bbac68_3963,12141.755
00bbac68_3964,12141.749
00bbac68_3965,12141.742
00bbac68_3966,12141.733
00bbac68_3967,12141.726
00bbac68_3968,12141.713
00bbac68_3969,12141.7
00bbac68_3970,12141.685
00bbac68_3971,12141.67
00bbac68_3972,12141.656
00bbac68_3973,12141.647
00bbac68_3974,12141.638
00bbac68_3975,12141.63
00bbac68_3976,12141.619
00bbac68_3977,12141.6045
00bbac68_3978,12141.588
00bbac68_3979,12141.57
00bbac68_3980,12141.555
00bbac68_3981,12141.537
00bbac68_3982,12141.518
00bbac68_3983,12141.496
00bbac68_3984,12141.476
00bbac68_3985,12141.454
00bbac68_3986,12141.434
00bbac68_3987,12141.413
00bbac68_3988,12141.394
00bbac68_3989,12141.369
00bbac68_3990,12141.35
00bbac68_3991,12141.328
00bbac68_3992,12141.306
00bbac68_3993,12141.283
00bbac68_3994,12141.261
00bbac68_3995,12141.239
00bbac68_3996,12141.217
00bbac68_3997,12141.192
00bbac68_3998,12141.171
00bbac68_3999,12141.1455
00bbac68_4000,12141.121
00bbac68_4001,12141.099
00bbac68_4002,12141.074
00bbac68_4003,12141.049
00bbac68_4004,12141.024
00bbac68_4005,12140.999
00bbac68_4006,12140.975
00bbac68_4007,12140.952
00bbac68_4008,12140.929
00bbac68_4009,12140.904
00bbac68_4010,12140.881
00bbac68_4011,12140.857
00bbac68_4012,12140.834
00bbac68_4013,12140.808
00bbac68_4014,12140.781
00bbac68_4015,12140.754
00bbac68_4016,12140.727
00bbac68_4017,12140.7
00bbac68_4018,12140.672
00bbac68_4019,12140.644
00bbac68_4020,12140.614
00bbac68_4021,12140.586
00bbac68_4022,12140.559
00bbac68_4023,12140.53
00bbac68_4024,12140.511
00bbac68_4025,12140.49
00bbac68_4026,12140.469
00bbac68_4027,12140.447
00bbac68_4028,12140.425
00bbac68_4029,12140.401
00bbac68_4030,12140.376
00bbac68_4031,12140.354
00bbac68_4032,12140.33
00bbac68_4033,12140.307
00bbac68_4034,12140.282
00bbac68_4035,12140.255
00bbac68_4036,12140.227
00bbac68_4037,12140.2
00bbac68_4038,12140.174
00bbac68_4039,12140.147
00bbac68_4040,12140.118
00bbac68_4041,12140.091
00bbac68_4042,12140.06
00bbac68_4043,12140.033
00bbac68_4044,12140.011
00bbac68_4045,12139.983
00bbac68_4046,12139.96
00bbac68_4047,12139.936
00bbac68_4048,12139.912
00bbac68_4049,12139.89
00bbac68_4050,12139.863
00bbac68_4051,12139.838
00bbac68_4052,12139.813
00bbac68_4053,12139.787
00bbac68_4054,12139.762
00bbac68_4055,12139.737
00bbac68_4056,12139.711
00bbac68_4057,12139.683
00bbac68_4058,12139.656
00bbac68_4059,12139.629
00bbac68_4060,12139.602
00bbac68_4061,12139.575
00bbac68_4062,12139.546
00bbac68_4063,12139.519
00bbac68_4064,12139.493
00bbac68_4065,12139.463
00bbac68_4066,12139.434
00bbac68_4067,12139.405
00bbac68_4068,12139.375
00bbac68_4069,12139.346
00bbac68_4070,12139.32
00bbac68_4071,12139.291
00bbac68_4072,12139.262
00bbac68_4073,12139.231
00bbac68_4074,12139.202
00bbac68_4075,12139.175
00bbac68_4076,12139.146
00bbac68_4077,12139.117
00bbac68_4078,12139.088
00bbac68_4079,12139.054
00bbac68_4080,12139.018
00bbac68_4081,12138.9795
00bbac68_4082,12138.94
00bbac68_4083,12138.901
00bbac68_4084,12138.862
00bbac68_4085,12138.827
00bbac68_4086,12138.787
00bbac68_4087,12138.748
00bbac68_4088,12138.708
00bbac68_4089,12138.669
00bbac68_4090,12138.629
00bbac68_4091,12138.59
00bbac68_4092,12138.555
00bbac68_4093,12138.514
00bbac68_4094,12138.474
00bbac68_4095,12138.433
00bbac68_4096,12138.391
00bbac68_4097,12138.348
00bbac68_4098,12138.308
00bbac68_4099,12138.262
00bbac68_4100,12138.218
00bbac68_4101,12138.176
00bbac68_4102,12138.129
00bbac68_4103,12138.081
00bbac68_4104,12138.035
00bbac68_4105,12137.991
00bbac68_4106,12137.944
00bbac68_4107,12137.899
00bbac68_4108,12137.8545
00bbac68_4109,12137.81
00bbac68_4110,12137.768
00bbac68_4111,12137.726
00bbac68_4112,12137.684
00bbac68_4113,12137.644
00bbac68_4114,12137.603
00bbac68_4115,12137.561
00bbac68_4116,12137.5205
00bbac68_4117,12137.4795
00bbac68_4118,12137.439
00bbac68_4119,12137.398
00bbac68_4120,12137.358
00bbac68_4121,12137.318
00bbac68_4122,12137.281
00bbac68_4123,12137.247
00bbac68_4124,12137.21
00bbac68_4125,12137.173
00bbac68_4126,12137.134
00bbac68_4127,12137.097
00bbac68_4128,12137.057
00bbac68_4129,12137.019
00bbac68_4130,12136.983
00bbac68_4131,12136.945
00bbac68_4132,12136.91
00bbac68_4133,12136.875
00bbac68_4134,12136.84
00bbac68_4135,12136.807
00bbac68_4136,12136.775
00bbac68_4137,12136.743
00bbac68_4138,12136.714
00bbac68_4139,12136.682
00bbac68_4140,12136.65
00bbac68_4141,12136.619
00bbac68_4142,12136.589
00bbac68_4143,12136.557
00bbac68_4144,12136.526
00bbac68_4145,12136.497
00bbac68_4146,12136.464
00bbac68_4147,12136.433
00bbac68_4148,12136.397
00bbac68_4149,12136.364
00bbac68_4150,12136.334
00bbac68_4151,12136.302
00bbac68_4152,12136.272
00bbac68_4153,12136.241
00bbac68_4154,12136.205
00bbac68_4155,12136.174
00bbac68_4156,12136.144
00bbac68_4157,12136.11
00bbac68_4158,12136.077
00bbac68_4159,12136.046
00bbac68_4160,12136.013
00bbac68_4161,12135.9795
00bbac68_4162,12135.947
00bbac68_4163,12135.919
00bbac68_4164,12135.89
00bbac68_4165,12135.859
00bbac68_4166,12135.831
00bbac68_4167,12135.802
00bbac68_4168,12135.776
00bbac68_4169,12135.751
00bbac68_4170,12135.726
00bbac68_4171,12135.698
00bbac68_4172,12135.671
00bbac68_4173,12135.645
00bbac68_4174,12135.618
00bbac68_4175,12135.593
00bbac68_4176,12135.567
00bbac68_4177,12135.543
00bbac68_4178,12135.521
00bbac68_4179,12135.499
00bbac68_4180,12135.477
00bbac68_4181,12135.45
00bbac68_4182,12135.427
00bbac68_4183,12135.406
00bbac68_4184,12135.386
00bbac68_4185,12135.365
00bbac68_4186,12135.343
00bbac68_4187,12135.325
00bbac68_4188,12135.307
00bbac68_4189,12135.292
00bbac68_4190,12135.275
00bbac68_4191,12135.256
00bbac68_4192,12135.24
00bbac68_4193,12135.228
00bbac68_4194,12135.211
00bbac68_4195,12135.203
00bbac68_4196,12135.194
00bbac68_4197,12135.187
00bbac68_4198,12135.181
00bbac68_4199,12135.173
00bbac68_4200,12135.167
00bbac68_4201,12135.161
00bbac68_4202,12135.158
00bbac68_4203,12135.153
00bbac68_4204,12135.148
00bbac68_4205,12135.146
00bbac68_4206,12135.143
00bbac68_4207,12135.142
00bbac68_4208,12135.142
00bbac68_4209,12135.144
00bbac68_4210,12135.146
00bbac68_4211,12135.15
00bbac68_4212,12135.155
00bbac68_4213,12135.161
00bbac68_4214,12135.167
00bbac68_4215,12135.173
00bbac68_4216,12135.182
00bbac68_4217,12135.191
00bbac68_4218,12135.201
00bbac68_4219,12135.213
00bbac68_4220,12135.226
00bbac68_4221,12135.219
00bbac68_4222,12135.211
00bbac68_4223,12135.207
00bbac68_4224,12135.194
00bbac68_4225,12135.181
00bbac68_4226,12135.171
00bbac68_4227,12135.162
00bbac68_4228,12135.149
00bbac68_4229,12135.142
00bbac68_4230,12135.132
00bbac68_4231,12135.12
00bbac68_4232,12135.11
00bbac68_4233,12135.1
00bbac68_4234,12135.089
00bbac68_4235,12135.078
00bbac68_4236,12135.07
00bbac68_4237,12135.059
00bbac68_4238,12135.048
00bbac68_4239,12135.038
00bbac68_4240,12135.029
00bbac68_4241,12135.019
00bbac68_4242,12135.007
00bbac68_4243,12134.998
00bbac68_4244,12134.99
00bbac68_4245,12134.98
00bbac68_4246,12134.972
00bbac68_4247,12134.963
00bbac68_4248,12134.954
00bbac68_4249,12134.945
00bbac68_4250,12134.9375
00bbac68_4251,12134.932
00bbac68_4252,12134.924
00bbac68_4253,12134.914
00bbac68_4254,12134.905
00bbac68_4255,12134.897
00bbac68_4256,12134.889
00bbac68_4257,12134.878
00bbac68_4258,12134.868
00bbac68_4259,12134.858
00bbac68_4260,12134.85
00bbac68_4261,12134.84
00bbac68_4262,12134.83
00bbac68_4263,12134.817
00bbac68_4264,12134.804
00bbac68_4265,12134.792
00bbac68_4266,12134.78
00bbac68_4267,12134.77
00bbac68_4268,12134.759
00bbac68_4269,12134.747
00bbac68_4270,12134.736
00bbac68_4271,12134.728
00bbac68_4272,12134.721
00bbac68_4273,12134.713
00bbac68_4274,12134.704
00bbac68_4275,12134.697
00bbac68_4276,12134.6875
00bbac68_4277,12134.68
00bbac68_4278,12134.675
00bbac68_4279,12134.67
00bbac68_4280,12134.668
00bbac68_4281,12134.664
00bbac68_4282,12134.662
00bbac68_4283,12134.662
00bbac68_4284,12134.663
00bbac68_4285,12134.664
00bbac68_4286,12134.665
00bbac68_4287,12134.664
00bbac68_4288,12134.667
00bbac68_4289,12134.669
00bbac68_4290,12134.673
00bbac68_4291,12134.679
00bbac68_4292,12134.686
00bbac68_4293,12134.693
00bbac68_4294,12134.699
00bbac68_4295,12134.705
00bbac68_4296,12134.71
00bbac68_4297,12134.715
00bbac68_4298,12134.723
00bbac68_4299,12134.729
00bbac68_4300,12134.736
00bbac68_4301,12134.744
00bbac68_4302,12134.753
00bbac68_4303,12134.76
00bbac68_4304,12134.7705
00bbac68_4305,12134.78
00bbac68_4306,12134.793
00bbac68_4307,12134.805
00bbac68_4308,12134.816
00bbac68_4309,12134.829
00bbac68_4310,12134.841
00bbac68_4311,12134.853
00bbac68_4312,12134.865
00bbac68_4313,12134.88
00bbac68_4314,12134.897
00bbac68_4315,12134.914
00bbac68_4316,12134.93
00bbac68_4317,12134.944
00bbac68_4318,12134.96
00bbac68_4319,12134.978
00bbac68_4320,12134.996
00bbac68_4321,12135.014
00bbac68_4322,12135.031
00bbac68_4323,12135.047
00bbac68_4324,12135.065
00bbac68_4325,12135.073
00bbac68_4326,12135.083
00bbac68_4327,12135.093
00bbac68_4328,12135.1045
00bbac68_4329,12135.115
00bbac68_4330,12135.124
00bbac68_4331,12135.136
00bbac68_4332,12135.1455
00bbac68_4333,12135.155
00bbac68_4334,12135.165
00bbac68_4335,12135.173
00bbac68_4336,12135.184
00bbac68_4337,12135.193
00bbac68_4338,12135.203
00bbac68_4339,12135.213
00bbac68_4340,12135.224
00bbac68_4341,12135.234
00bbac68_4342,12135.245
00bbac68_4343,12135.257
00bbac68_4344,12135.266
00bbac68_4345,12135.273
00bbac68_4346,12135.282
00bbac68_4347,12135.29
00bbac68_4348,12135.298
00bbac68_4349,12135.303
00bbac68_4350,12135.31
00bbac68_4351,12135.316
00bbac68_4352,12135.322
00bbac68_4353,12135.329
00bbac68_4354,12135.341
00bbac68_4355,12135.352
00bbac68_4356,12135.358
00bbac68_4357,12135.364
00bbac68_4358,12135.368
00bbac68_4359,12135.374
00bbac68_4360,12135.381
00bbac68_4361,12135.386
00bbac68_4362,12135.389
00bbac68_4363,12135.394
00bbac68_4364,12135.398
00bbac68_4365,12135.4
00bbac68_4366,12135.404
00bbac68_4367,12135.408
00bbac68_4368,12135.409
00bbac68_4369,12135.415
00bbac68_4370,12135.421
00bbac68_4371,12135.423
00bbac68_4372,12135.431
00bbac68_4373,12135.439
00bbac68_4374,12135.443
00bbac68_4375,12135.453
00bbac68_4376,12135.462
00bbac68_4377,12135.469
00bbac68_4378,12135.479
00bbac68_4379,12135.487
00bbac68_4380,12135.495
00bbac68_4381,12135.505
00bbac68_4382,12135.514
00bbac68_4383,12135.52
00bbac68_4384,12135.53
00bbac68_4385,12135.537
00bbac68_4386,12135.541
00bbac68_4387,12135.55
00bbac68_4388,12135.559
00bbac68_4389,12135.566
00bbac68_4390,12135.575
00bbac68_4391,12135.584
00bbac68_4392,12135.59
00bbac68_4393,12135.594
00bbac68_4394,12135.598
00bbac68_4395,12135.599
00bbac68_4396,12135.605
00bbac68_4397,12135.612
00bbac68_4398,12135.618
00bbac68_4399,12135.624
00bbac68_4400,12135.632
00bbac68_4401,12135.641
00bbac68_4402,12135.647
00bbac68_4403,12135.656
00bbac68_4404,12135.668
00bbac68_4405,12135.682
00bbac68_4406,12135.696
00bbac68_4407,12135.71
00bbac68_4408,12135.723
00bbac68_4409,12135.734
00bbac68_4410,12135.746
00bbac68_4411,12135.761
00bbac68_4412,12135.775
00bbac68_4413,12135.792
00bbac68_4414,12135.805
00bbac68_4415,12135.819
00bbac68_4416,12135.835
00bbac68_4417,12135.849
00bbac68_4418,12135.863
00bbac68_4419,12135.878
00bbac68_4420,12135.89
00bbac68_4421,12135.901
00bbac68_4422,12135.913
00bbac68_4423,12135.921
00bbac68_4424,12135.927
00bbac68_4425,12135.938
00bbac68_4426,12135.949
00bbac68_4427,12135.96
00bbac68_4428,12135.97
00bbac68_4429,12135.976
00bbac68_4430,12135.983
00bbac68_4431,12135.994
00bbac68_4432,12136.003
00bbac68_4433,12136.016
00bbac68_4434,12136.026
00bbac68_4435,12136.034
00bbac68_4436,12136.041
00bbac68_4437,12136.049
00bbac68_4438,12136.053
00bbac68_4439,12136.057
00bbac68_4440,12136.0625
00bbac68_4441,12136.066
00bbac68_4442,12136.07
00bbac68_4443,12136.072
00bbac68_4444,12136.073
00bbac68_4445,12136.075
00bbac68_4446,12136.075
00bbac68_4447,12136.073
00bbac68_4448,12136.072
00bbac68_4449,12136.07
00bbac68_4450,12136.067
00bbac68_4451,12136.063
00bbac68_4452,12136.061
00bbac68_4453,12136.053
00bbac68_4454,12136.05
00bbac68_4455,12136.046
00bbac68_4456,12136.04
00bbac68_4457,12136.032
00bbac68_4458,12136.027
00bbac68_4459,12136.02
00bbac68_4460,12136.014
00bbac68_4461,12136.007
00bbac68_4462,12135.994
00bbac68_4463,12135.985
00bbac68_4464,12135.974
00bbac68_4465,12135.96
00bbac68_4466,12135.948
00bbac68_4467,12135.935
00bbac68_4468,12135.919
00bbac68_4469,12135.905
00bbac68_4470,12135.892
00bbac68_4471,12135.874
00bbac68_4472,12135.859
00bbac68_4473,12135.846
00bbac68_4474,12135.833
00bbac68_4475,12135.821
00bbac68_4476,12135.811
00bbac68_4477,12135.798
00bbac68_4478,12135.786
00bbac68_4479,12135.771
00bbac68_4480,12135.76
00bbac68_4481,12135.748
00bbac68_4482,12135.736
00bbac68_4483,12135.722
00bbac68_4484,12135.709
00bbac68_4485,12135.697
00bbac68_4486,12135.6875
00bbac68_4487,12135.678
00bbac68_4488,12135.663
00bbac68_4489,12135.647
00bbac68_4490,12135.629
00bbac68_4491,12135.613
00bbac68_4492,12135.601
00bbac68_4493,12135.584
00bbac68_4494,12135.566
00bbac68_4495,12135.551
00bbac68_4496,12135.533
00bbac68_4497,12135.513
00bbac68_4498,12135.495
00bbac68_4499,12135.477
00bbac68_4500,12135.458
00bbac68_4501,12135.437
00bbac68_4502,12135.418
00bbac68_4503,12135.399
00bbac68_4504,12135.381
00bbac68_4505,12135.362
00bbac68_4506,12135.342
00bbac68_4507,12135.324
00bbac68_4508,12135.305
00bbac68_4509,12135.286
00bbac68_4510,12135.27
00bbac68_4511,12135.249
00bbac68_4512,12135.229
00bbac68_4513,12135.209
00bbac68_4514,12135.189
00bbac68_4515,12135.167
00bbac68_4516,12135.148
00bbac68_4517,12135.128
00bbac68_4518,12135.106
00bbac68_4519,12135.086
00bbac68_4520,12135.066
00bbac68_4521,12135.046
00bbac68_4522,12135.026
00bbac68_4523,12135.004
00bbac68_4524,12134.98
00bbac68_4525,12134.957
00bbac68_4526,12134.934
00bbac68_4527,12134.907
00bbac68_4528,12134.881
00bbac68_4529,12134.856
00bbac68_4530,12134.831
00bbac68_4531,12134.807
00bbac68_4532,12134.784
00bbac68_4533,12134.757
00bbac68_4534,12134.731
00bbac68_4535,12134.708
00bbac68_4536,12134.684
00bbac68_4537,12134.657
00bbac68_4538,12134.634
00bbac68_4539,12134.612
00bbac68_4540,12134.59
00bbac68_4541,12134.567
00bbac68_4542,12134.546
00bbac68_4543,12134.524
00bbac68_4544,12134.501
00bbac68_4545,12134.479
00bbac68_4546,12134.458
00bbac68_4547,12134.436
00bbac68_4548,12134.413
00bbac68_4549,12134.393
00bbac68_4550,12134.373
00bbac68_4551,12134.3545
00bbac68_4552,12134.335
00bbac68_4553,12134.315
00bbac68_4554,12134.294
00bbac68_4555,12134.271
00bbac68_4556,12134.25
00bbac68_4557,12134.23
00bbac68_4558,12134.212
00bbac68_4559,12134.194
00bbac68_4560,12134.174
00bbac68_4561,12134.153
00bbac68_4562,12134.132
00bbac68_4563,12134.112
00bbac68_4564,12134.095
00bbac68_4565,12134.075
00bbac68_4566,12134.057
00bbac68_4567,12134.042
00bbac68_4568,12134.023
00bbac68_4569,12134.005
00bbac68_4570,12133.992
00bbac68_4571,12133.979
00bbac68_4572,12133.967
00bbac68_4573,12133.952
00bbac68_4574,12133.94
00bbac68_4575,12133.93
00bbac68_4576,12133.917
00bbac68_4577,12133.902
00bbac68_4578,12133.889
00bbac68_4579,12133.876
00bbac68_4580,12133.861
00bbac68_4581,12133.847
00bbac68_4582,12133.835
00bbac68_4583,12133.82
00bbac68_4584,12133.807
00bbac68_4585,12133.793
00bbac68_4586,12133.777
00bbac68_4587,12133.764
00bbac68_4588,12133.751
00bbac68_4589,12133.735
00bbac68_4590,12133.72
00bbac68_4591,12133.708
00bbac68_4592,12133.69
00bbac68_4593,12133.673
00bbac68_4594,12133.656
00bbac68_4595,12133.642
00bbac68_4596,12133.628
00bbac68_4597,12133.614
00bbac68_4598,12133.6
00bbac68_4599,12133.585
00bbac68_4600,12133.573
00bbac68_4601,12133.556
00bbac68_4602,12133.539
00bbac68_4603,12133.522
00bbac68_4604,12133.506
00bbac68_4605,12133.486
00bbac68_4606,12133.469
00bbac68_4607,12133.448
00bbac68_4608,12133.429
00bbac68_4609,12133.408
00bbac68_4610,12133.389
00bbac68_4611,12133.371
00bbac68_4612,12133.3545
00bbac68_4613,12133.334
00bbac68_4614,12133.313
00bbac68_4615,12133.294
00bbac68_4616,12133.274
00bbac68_4617,12133.256
00bbac68_4618,12133.241
00bbac68_4619,12133.226
00bbac68_4620,12133.21
00bbac68_4621,12133.193
00bbac68_4622,12133.179
00bbac68_4623,12133.165
00bbac68_4624,12133.152
00bbac68_4625,12133.138
00bbac68_4626,12133.126
00bbac68_4627,12133.112
00bbac68_4628,12133.098
00bbac68_4629,12133.083
00bbac68_4630,12133.067
00bbac68_4631,12133.052
00bbac68_4632,12133.035
00bbac68_4633,12133.02
00bbac68_4634,12133.006
00bbac68_4635,12132.991
00bbac68_4636,12132.978
00bbac68_4637,12132.964
00bbac68_4638,12132.949
00bbac68_4639,12132.934
00bbac68_4640,12132.919
00bbac68_4641,12132.905
00bbac68_4642,12132.892
00bbac68_4643,12132.878
00bbac68_4644,12132.867
00bbac68_4645,12132.8545
00bbac68_4646,12132.844
00bbac68_4647,12132.834
00bbac68_4648,12132.824
00bbac68_4649,12132.813
00bbac68_4650,12132.805
00bbac68_4651,12132.793
00bbac68_4652,12132.781
00bbac68_4653,12132.775
00bbac68_4654,12132.768
00bbac68_4655,12132.759
00bbac68_4656,12132.75
00bbac68_4657,12132.745
00bbac68_4658,12132.742
00bbac68_4659,12132.739
00bbac68_4660,12132.735
00bbac68_4661,12132.732
00bbac68_4662,12132.7295
00bbac68_4663,12132.728
00bbac68_4664,12132.728
00bbac68_4665,12132.727
00bbac68_4666,12132.728
00bbac68_4667,12132.7295
00bbac68_4668,12132.731
00bbac68_4669,12132.735
00bbac68_4670,12132.736
00bbac68_4671,12132.738
00bbac68_4672,12132.741
00bbac68_4673,12132.74
00bbac68_4674,12132.74
00bbac68_4675,12132.741
00bbac68_4676,12132.738
00bbac68_4677,12132.738
00bbac68_4678,12132.738
00bbac68_4679,12132.736
00bbac68_4680,12132.735
00bbac68_4681,12132.735
00bbac68_4682,12132.732
00bbac68_4683,12132.731
00bbac68_4684,12132.73
00bbac68_4685,12132.724
00bbac68_4686,12132.723
00bbac68_4687,12132.721
00bbac68_4688,12132.717
00bbac68_4689,12132.718
00bbac68_4690,12132.715
00bbac68_4691,12132.712
00bbac68_4692,12132.713
00bbac68_4693,12132.713
00bbac68_4694,12132.716
00bbac68_4695,12132.723
00bbac68_4696,12132.731
00bbac68_4697,12132.74
00bbac68_4698,12132.746
00bbac68_4699,12132.754
00bbac68_4700,12132.76
00bbac68_4701,12132.769
00bbac68_4702,12132.774
00bbac68_4703,12132.784
00bbac68_4704,12132.795
00bbac68_4705,12132.801
00bbac68_4706,12132.806
00bbac68_4707,12132.811
00bbac68_4708,12132.816
00bbac68_4709,12132.821
00bbac68_4710,12132.824
00bbac68_4711,12132.825
00bbac68_4712,12132.825
00bbac68_4713,12132.824
00bbac68_4714,12132.822
00bbac68_4715,12132.82
00bbac68_4716,12132.817
00bbac68_4717,12132.813
00bbac68_4718,12132.811
00bbac68_4719,12132.807
00bbac68_4720,12132.804
00bbac68_4721,12132.802
00bbac68_4722,12132.797
00bbac68_4723,12132.795
00bbac68_4724,12132.794
00bbac68_4725,12132.792
00bbac68_4726,12132.786
00bbac68_4727,12132.78
00bbac68_4728,12132.774
00bbac68_4729,12132.77
00bbac68_4730,12132.7705
00bbac68_4731,12132.7705
00bbac68_4732,12132.766
00bbac68_4733,12132.761
00bbac68_4734,12132.754
00bbac68_4735,12132.745
00bbac68_4736,12132.739
00bbac68_4737,12132.737
00bbac68_4738,12132.733
00bbac68_4739,12132.727
00bbac68_4740,12132.719
00bbac68_4741,12132.712
00bbac68_4742,12132.702
00bbac68_4743,12132.693
00bbac68_4744,12132.6875
00bbac68_4745,12132.681
00bbac68_4746,12132.673
00bbac68_4747,12132.665
00bbac68_4748,12132.657
00bbac68_4749,12132.647
00bbac68_4750,12132.639
00bbac68_4751,12132.634
00bbac68_4752,12132.625
00bbac68_4753,12132.614
00bbac68_4754,12132.607
00bbac68_4755,12132.597
00bbac68_4756,12132.588
00bbac68_4757,12132.582
00bbac68_4758,12132.574
00bbac68_4759,12132.564
00bbac68_4760,12132.559
00bbac68_4761,12132.551
00bbac68_4762,12132.543
00bbac68_4763,12132.541
00bbac68_4764,12132.534
00bbac68_4765,12132.529
00bbac68_4766,12132.529
00bbac68_4767,12132.525
00bbac68_4768,12132.523
00bbac68_4769,12132.522
00bbac68_4770,12132.52
00bbac68_4771,12132.516
00bbac68_4772,12132.514
00bbac68_4773,12132.512
00bbac68_4774,12132.508
00bbac68_4775,12132.504
00bbac68_4776,12132.499
00bbac68_4777,12132.493
00bbac68_4778,12132.489
00bbac68_4779,12132.484
00bbac68_4780,12132.4795
00bbac68_4781,12132.475
00bbac68_4782,12132.469
00bbac68_4783,12132.462
00bbac68_4784,12132.461
00bbac68_4785,12132.457
00bbac68_4786,12132.453
00bbac68_4787,12132.449
00bbac68_4788,12132.442
00bbac68_4789,12132.442
00bbac68_4790,12132.438
00bbac68_4791,12132.438
00bbac68_4792,12132.437
00bbac68_4793,12132.435
00bbac68_4794,12132.436
00bbac68_4795,12132.436
00bbac68_4796,12132.434
00bbac68_4797,12132.432
00bbac68_4798,12132.43
00bbac68_4799,12132.426
00bbac68_4800,12132.421
00bbac68_4801,12132.415
00bbac68_4802,12132.412
00bbac68_4803,12132.409
00bbac68_4804,12132.406
00bbac68_4805,12132.401
00bbac68_4806,12132.3955
00bbac68_4807,12132.392
00bbac68_4808,12132.386
00bbac68_4809,12132.383
00bbac68_4810,12132.378
00bbac68_4811,12132.374
00bbac68_4812,12132.37
00bbac68_4813,12132.366
00bbac68_4814,12132.362
00bbac68_4815,12132.358
00bbac68_4816,12132.355
00bbac68_4817,12132.3545
00bbac68_4818,12132.3545
00bbac68_4819,12132.355
00bbac68_4820,12132.3545
00bbac68_4821,12132.354
00bbac68_4822,12132.35
00bbac68_4823,12132.348
00bbac68_4824,12132.347
00bbac68_4825,12132.346
00bbac68_4826,12132.346
00bbac68_4827,12132.348
00bbac68_4828,12132.35
00bbac68_4829,12132.354
00bbac68_4830,12132.36
00bbac68_4831,12132.366
00bbac68_4832,12132.368
00bbac68_4833,12132.371
00bbac68_4834,12132.377
00bbac68_4835,12132.38
00bbac68_4836,12132.386
00bbac68_4837,12132.39
00bbac68_4838,12132.395
00bbac68_4839,12132.4
00bbac68_4840,12132.402
00bbac68_4841,12132.407
00bbac68_4842,12132.414
00bbac68_4843,12132.416
00bbac68_4844,12132.42
00bbac68_4845,12132.429
00bbac68_4846,12132.435
00bbac68_4847,12132.442
00bbac68_4848,12132.452
00bbac68_4849,12132.459
00bbac68_4850,12132.465
00bbac68_4851,12132.474
00bbac68_4852,12132.479
00bbac68_4853,12132.483
00bbac68_4854,12132.49
00bbac68_4855,12132.497
00bbac68_4856,12132.505
00bbac68_4857,12132.513
00bbac68_4858,12132.5205
00bbac68_4859,12132.527
00bbac68_4860,12132.535
00bbac68_4861,12132.543
00bbac68_4862,12132.551
00bbac68_4863,12132.562
00bbac68_4864,12132.569
00bbac68_4865,12132.577
00bbac68_4866,12132.587
00bbac68_4867,12132.595
00bbac68_4868,12132.601
00bbac68_4869,12132.609
00bbac68_4870,12132.618
00bbac68_4871,12132.622
00bbac68_4872,12132.628
00bbac68_4873,12132.63
00bbac68_4874,12132.632
00bbac68_4875,12132.629
00bbac68_4876,12132.624
00bbac68_4877,12132.62
00bbac68_4878,12132.62
00bbac68_4879,12132.619
00bbac68_4880,12132.616
00bbac68_4881,12132.615
00bbac68_4882,12132.612
00bbac68_4883,12132.611
00bbac68_4884,12132.613
00bbac68_4885,12132.612
00bbac68_4886,12132.608
00bbac68_4887,12132.609
00bbac68_4888,12132.609
00bbac68_4889,12132.606
00bbac68_4890,12132.6045
00bbac68_4891,12132.603
00bbac68_4892,12132.6
00bbac68_4893,12132.597
00bbac68_4894,12132.595
00bbac68_4895,12132.592
00bbac68_4896,12132.59
00bbac68_4897,12132.587
00bbac68_4898,12132.582
00bbac68_4899,12132.579
00bbac68_4900,12132.575
00bbac68_4901,12132.57
00bbac68_4902,12132.572
00bbac68_4903,12132.57
00bbac68_4904,12132.571
00bbac68_4905,12132.573
00bbac68_4906,12132.577
00bbac68_4907,12132.58
00bbac68_4908,12132.583
00bbac68_4909,12132.587
00bbac68_4910,12132.591
00bbac68_4911,12132.594
00bbac68_4912,12132.597
00bbac68_4913,12132.6
00bbac68_4914,12132.606
00bbac68_4915,12132.612
00bbac68_4916,12132.614
00bbac68_4917,12132.619
00bbac68_4918,12132.623
00bbac68_4919,12132.628
00bbac68_4920,12132.636
00bbac68_4921,12132.641
00bbac68_4922,12132.644
00bbac68_4923,12132.645
00bbac68_4924,12132.646
00bbac68_4925,12132.648
00bbac68_4926,12132.651
00bbac68_4927,12132.651
00bbac68_4928,12132.653
00bbac68_4929,12132.653
00bbac68_4930,12132.651
00bbac68_4931,12132.652
00bbac68_4932,12132.655
00bbac68_4933,12132.657
00bbac68_4934,12132.659
00bbac68_4935,12132.663
00bbac68_4936,12132.666
00bbac68_4937,12132.669
00bbac68_4938,12132.673
00bbac68_4939,12132.679
00bbac68_4940,12132.685
00bbac68_4941,12132.69
00bbac68_4942,12132.694
00bbac68_4943,12132.701
00bbac68_4944,12132.711
00bbac68_4945,12132.717
00bbac68_4946,12132.725
00bbac68_4947,12132.731
00bbac68_4948,12132.738
00bbac68_4949,12132.743
00bbac68_4950,12132.751
00bbac68_4951,12132.759
00bbac68_4952,12132.768
00bbac68_4953,12132.778
00bbac68_4954,12132.785
00bbac68_4955,12132.792
00bbac68_4956,12132.799
00bbac68_4957,12132.803
00bbac68_4958,12132.803
00bbac68_4959,12132.805
00bbac68_4960,12132.808
00bbac68_4961,12132.811
00bbac68_4962,12132.813
00bbac68_4963,12132.815
00bbac68_4964,12132.817
00bbac68_4965,12132.82
00bbac68_4966,12132.821
00bbac68_4967,12132.822
00bbac68_4968,12132.823
00bbac68_4969,12132.821
00bbac68_4970,12132.819
00bbac68_4971,12132.82
00bbac68_4972,12132.817
00bbac68_4973,12132.813
00bbac68_4974,12132.816
00bbac68_4975,12132.817
00bbac68_4976,12132.816
00bbac68_4977,12132.818
00bbac68_4978,12132.816
00bbac68_4979,12132.814
00bbac68_4980,12132.812
00bbac68_4981,12132.812
00bbac68_4982,12132.81
00bbac68_4983,12132.81
00bbac68_4984,12132.811
00bbac68_4985,12132.813
00bbac68_4986,12132.819
00bbac68_4987,12132.822
00bbac68_4988,12132.826
00bbac68_4989,12132.832
00bbac68_4990,12132.837
00bbac68_4991,12132.847
00bbac68_4992,12132.853
00bbac68_4993,12132.859
00bbac68_4994,12132.866
00bbac68_4995,12132.869
00bbac68_4996,12132.876
00bbac68_4997,12132.88
00bbac68_4998,12132.882
00bbac68_4999,12132.889
00bbac68_5000,12132.893
00bbac68_5001,12132.896
00bbac68_5002,12132.899
00bbac68_5003,12132.899
00bbac68_5004,12132.9
00bbac68_5005,12132.901
00bbac68_5006,12132.901
00bbac68_5007,12132.9
00bbac68_5008,12132.898
00bbac68_5009,12132.897
00bbac68_5010,12132.899
00bbac68_5011,12132.902
00bbac68_5012,12132.906
00bbac68_5013,12132.908
00bbac68_5014,12132.91
00bbac68_5015,12132.911
00bbac68_5016,12132.915
00bbac68_5017,12132.918
00bbac68_5018,12132.922
00bbac68_5019,12132.928
00bbac68_5020,12132.931
00bbac68_5021,12132.935
00bbac68_5022,12132.942
00bbac68_5023,12132.952
00bbac68_5024,12132.956
00bbac68_5025,12132.964
00bbac68_5026,12132.972
00bbac68_5027,12132.976
00bbac68_5028,12132.9795
00bbac68_5029,12132.984
00bbac68_5030,12132.986
00bbac68_5031,12132.989
00bbac68_5032,12132.987
00bbac68_5033,12132.987
00bbac68_5034,12132.989
00bbac68_5035,12132.987
00bbac68_5036,12132.988
00bbac68_5037,12132.989
00bbac68_5038,12132.985
00bbac68_5039,12132.9795
00bbac68_5040,12132.9795
00bbac68_5041,12132.979
00bbac68_5042,12132.976
00bbac68_5043,12132.976
00bbac68_5044,12132.974
00bbac68_5045,12132.97
00bbac68_5046,12132.966
00bbac68_5047,12132.962
00bbac68_5048,12132.958
00bbac68_5049,12132.956
00bbac68_5050,12132.952
00bbac68_5051,12132.947
00bbac68_5052,12132.943
00bbac68_5053,12132.939
00bbac68_5054,12132.934
00bbac68_5055,12132.93
00bbac68_5056,12132.926
00bbac68_5057,12132.921
00bbac68_5058,12132.913
00bbac68_5059,12132.906
00bbac68_5060,12132.898
00bbac68_5061,12132.889
00bbac68_5062,12132.878
00bbac68_5063,12132.869
00bbac68_5064,12132.861
00bbac68_5065,12132.854
00bbac68_5066,12132.845
00bbac68_5067,12132.836
00bbac68_5068,12132.827
00bbac68_5069,12132.819
00bbac68_5070,12132.812
00bbac68_5071,12132.805
00bbac68_5072,12132.796
00bbac68_5073,12132.79
00bbac68_5074,12132.779
00bbac68_5075,12132.769
00bbac68_5076,12132.759
00bbac68_5077,12132.746
00bbac68_5078,12132.735
00bbac68_5079,12132.725
00bbac68_5080,12132.714
00bbac68_5081,12132.703
00bbac68_5082,12132.691
00bbac68_5083,12132.681
00bbac68_5084,12132.671
00bbac68_5085,12132.658
00bbac68_5086,12132.646
00bbac68_5087,12132.634
00bbac68_5088,12132.618
00bbac68_5089,12132.608
00bbac68_5090,12132.599
00bbac68_5091,12132.588
00bbac68_5092,12132.578
00bbac68_5093,12132.568
00bbac68_5094,12132.556
00bbac68_5095,12132.543
00bbac68_5096,12132.533
00bbac68_5097,12132.521
00bbac68_5098,12132.51
00bbac68_5099,12132.501
00bbac68_5100,12132.493
00bbac68_5101,12132.485
00bbac68_5102,12132.478
00bbac68_5103,12132.472
00bbac68_5104,12132.463
00bbac68_5105,12132.457
00bbac68_5106,12132.451
00bbac68_5107,12132.445
00bbac68_5108,12132.44
00bbac68_5109,12132.437
00bbac68_5110,12132.431
00bbac68_5111,12132.429
00bbac68_5112,12132.423
00bbac68_5113,12132.419
00bbac68_5114,12132.416
00bbac68_5115,12132.411
00bbac68_5116,12132.408
00bbac68_5117,12132.405
00bbac68_5118,12132.4
00bbac68_5119,12132.396
00bbac68_5120,12132.392
00bbac68_5121,12132.387
00bbac68_5122,12132.383
00bbac68_5123,12132.383
00bbac68_5124,12132.382
00bbac68_5125,12132.382
00bbac68_5126,12132.383
00bbac68_5127,12132.383
00bbac68_5128,12132.382
00bbac68_5129,12132.382
00bbac68_5130,12132.38
00bbac68_5131,12132.376
00bbac68_5132,12132.372
00bbac68_5133,12132.369
00bbac68_5134,12132.365
00bbac68_5135,12132.361
00bbac68_5136,12132.359
00bbac68_5137,12132.354
00bbac68_5138,12132.352
00bbac68_5139,12132.348
00bbac68_5140,12132.343
00bbac68_5141,12132.341
00bbac68_5142,12132.335
00bbac68_5143,12132.328
00bbac68_5144,12132.324
00bbac68_5145,12132.319
00bbac68_5146,12132.314
00bbac68_5147,12132.308
00bbac68_5148,12132.299
00bbac68_5149,12132.289
00bbac68_5150,12132.283
00bbac68_5151,12132.276
00bbac68_5152,12132.27
00bbac68_5153,12132.265
00bbac68_5154,12132.259
00bbac68_5155,12132.253
00bbac68_5156,12132.249
00bbac68_5157,12132.244
00bbac68_5158,12132.238
00bbac68_5159,12132.232
00bbac68_5160,12132.224
00bbac68_5161,12132.215
00bbac68_5162,12132.207
00bbac68_5163,12132.2
00bbac68_5164,12132.19
00bbac68_5165,12132.186
00bbac68_5166,12132.178
00bbac68_5167,12132.168
00bbac68_5168,12132.159
00bbac68_5169,12132.15
00bbac68_5170,12132.142
00bbac68_5171,12132.134
00bbac68_5172,12132.125
00bbac68_5173,12132.115
00bbac68_5174,12132.108
00bbac68_5175,12132.102
00bbac68_5176,12132.097
00bbac68_5177,12132.094
00bbac68_5178,12132.09
00bbac68_5179,12132.087
00bbac68_5180,12132.083
00bbac68_5181,12132.078
00bbac68_5182,12132.075
00bbac68_5183,12132.074
00bbac68_5184,12132.07
00bbac68_5185,12132.066
00bbac68_5186,12132.0625
00bbac68_5187,12132.061
00bbac68_5188,12132.057
00bbac68_5189,12132.053
00bbac68_5190,12132.052
00bbac68_5191,12132.053
00bbac68_5192,12132.055
00bbac68_5193,12132.054
00bbac68_5194,12132.055
00bbac68_5195,12132.056
00bbac68_5196,12132.058
00bbac68_5197,12132.06
00bbac68_5198,12132.061
00bbac68_5199,12132.061
00bbac68_5200,12132.063
00bbac68_5201,12132.067
00bbac68_5202,12132.07
00bbac68_5203,12132.07
00bbac68_5204,12132.072
00bbac68_5205,12132.074
00bbac68_5206,12132.075
00bbac68_5207,12132.073
00bbac68_5208,12132.075
00bbac68_5209,12132.076
00bbac68_5210,12132.076
00bbac68_5211,12132.077
00bbac68_5212,12132.079
00bbac68_5213,12132.079
00bbac68_5214,12132.08
00bbac68_5215,12132.079
00bbac68_5216,12132.079
00bbac68_5217,12132.081
00bbac68_5218,12132.081
00bbac68_5219,12132.081
00bbac68_5220,12132.079
00bbac68_5221,12132.076
00bbac68_5222,12132.076
00bbac68_5223,12132.083
00bbac68_5224,12132.087
00bbac68_5225,12132.091
00bbac68_5226,12132.095
00bbac68_5227,12132.099
00bbac68_5228,12132.106
00bbac68_5229,12132.113
00bbac68_5230,12132.122
00bbac68_5231,12132.131
00bbac68_5232,12132.141
00bbac68_5233,12132.146
00bbac68_5234,12132.153
00bbac68_5235,12132.16
00bbac68_5236,12132.165
00bbac68_5237,12132.171
00bbac68_5238,12132.176
00bbac68_5239,12132.18
00bbac68_5240,12132.184
00bbac68_5241,12132.188
00bbac68_5242,12132.192
00bbac68_5243,12132.2
00bbac68_5244,12132.203
00bbac68_5245,12132.204
00bbac68_5246,12132.205
00bbac68_5247,12132.208
00bbac68_5248,12132.209
00bbac68_5249,12132.211
00bbac68_5250,12132.214
00bbac68_5251,12132.217
00bbac68_5252,12132.218
00bbac68_5253,12132.22
00bbac68_5254,12132.22
00bbac68_5255,12132.22
00bbac68_5256,12132.216
00bbac68_5257,12132.211
00bbac68_5258,12132.208
00bbac68_5259,12132.208
00bbac68_5260,12132.206
00bbac68_5261,12132.205
00bbac68_5262,12132.204
00bbac68_5263,12132.202
00bbac68_5264,12132.201
00bbac68_5265,12132.201
00bbac68_5266,12132.201
00bbac68_5267,12132.202
00bbac68_5268,12132.204
00bbac68_5269,12132.202
00bbac68_5270,12132.206
00bbac68_5271,12132.209
00bbac68_5272,12132.212
00bbac68_5273,12132.218
00bbac68_5274,12132.227
00bbac68_5275,12132.2295
00bbac68_5276,12132.235
00bbac68_5277,12132.242
00bbac68_5278,12132.246
00bbac68_5279,12132.252
00bbac68_5280,12132.26
00bbac68_5281,12132.268
00bbac68_5282,12132.275
00bbac68_5283,12132.285
00bbac68_5284,12132.292
00bbac68_5285,12132.296
00bbac68_5286,12132.3
00bbac68_5287,12132.303
00bbac68_5288,12132.307
00bbac68_5289,12132.3125
00bbac68_5290,12132.317
00bbac68_5291,12132.319
00bbac68_5292,12132.322
00bbac68_5293,12132.324
00bbac68_5294,12132.325
00bbac68_5295,12132.326
00bbac68_5296,12132.329
00bbac68_5297,12132.327
00bbac68_5298,12132.326
00bbac68_5299,12132.325
00bbac68_5300,12132.322
00bbac68_5301,12132.317
00bbac68_5302,12132.315
00bbac68_5303,12132.3125
00bbac68_5304,12132.311
00bbac68_5305,12132.309
00bbac68_5306,12132.305
00bbac68_5307,12132.303
00bbac68_5308,12132.302
00bbac68_5309,12132.3
00bbac68_5310,12132.297
00bbac68_5311,12132.294
00bbac68_5312,12132.292
00bbac68_5313,12132.293
00bbac68_5314,12132.29
00bbac68_5315,12132.29
00bbac68_5316,12132.29
00bbac68_5317,12132.288
00bbac68_5318,12132.286
00bbac68_5319,12132.284
00bbac68_5320,12132.28
00bbac68_5321,12132.277
00bbac68_5322,12132.2705
00bbac68_5323,12132.261
00bbac68_5324,12132.251
00bbac68_5325,12132.245
00bbac68_5326,12132.235
00bbac68_5327,12132.228
00bbac68_5328,12132.223
00bbac68_5329,12132.218
00bbac68_5330,12132.212
00bbac68_5331,12132.207
00bbac68_5332,12132.202
00bbac68_5333,12132.197
00bbac68_5334,12132.196
00bbac68_5335,12132.191
00bbac68_5336,12132.188
00bbac68_5337,12132.184
00bbac68_5338,12132.178
00bbac68_5339,12132.17
00bbac68_5340,12132.166
00bbac68_5341,12132.161
00bbac68_5342,12132.154
00bbac68_5343,12132.15
00bbac68_5344,12132.142
00bbac68_5345,12132.134
00bbac68_5346,12132.127
00bbac68_5347,12132.121
00bbac68_5348,12132.113
00bbac68_5349,12132.1045
00bbac68_5350,12132.097
00bbac68_5351,12132.09
00bbac68_5352,12132.085
00bbac68_5353,12132.078
00bbac68_5354,12132.071
00bbac68_5355,12132.067
00bbac68_5356,12132.061
00bbac68_5357,12132.056
00bbac68_5358,12132.051
00bbac68_5359,12132.044
00bbac68_5360,12132.035
00bbac68_5361,12132.03
00bbac68_5362,12132.025
00bbac68_5363,12132.022
00bbac68_5364,12132.018
00bbac68_5365,12132.011
00bbac68_5366,12132.006
00bbac68_5367,12132.002
00bbac68_5368,12131.997
00bbac68_5369,12131.991
00bbac68_5370,12131.984
00bbac68_5371,12131.979
00bbac68_5372,12131.974
00bbac68_5373,12131.969
00bbac68_5374,12131.962
00bbac68_5375,12131.958
00bbac68_5376,12131.956
00bbac68_5377,12131.954
00bbac68_5378,12131.954
00bbac68_5379,12131.954
00bbac68_5380,12131.954
00bbac68_5381,12131.954
00bbac68_5382,12131.954
00bbac68_5383,12131.956
00bbac68_5384,12131.96
00bbac68_5385,12131.964
00bbac68_5386,12131.967
00bbac68_5387,12131.967
00bbac68_5388,12131.968
00bbac68_5389,12131.969
00bbac68_5390,12131.968
00bbac68_5391,12131.965
00bbac68_5392,12131.965
00bbac68_5393,12131.962
00bbac68_5394,12131.961
00bbac68_5395,12131.961
00bbac68_5396,12131.962
00bbac68_5397,12131.96
00bbac68_5398,12131.961
00bbac68_5399,12131.962
00bbac68_5400,12131.962
00bbac68_5401,12131.964
00bbac68_5402,12131.966
00bbac68_5403,12131.968
00bbac68_5404,12131.97
00bbac68_5405,12131.973
00bbac68_5406,12131.973
00bbac68_5407,12131.976
00bbac68_5408,12131.978
00bbac68_5409,12131.978
00bbac68_5410,12131.979
00bbac68_5411,12131.9795
00bbac68_5412,12131.9795
00bbac68_5413,12131.98
00bbac68_5414,12131.982
00bbac68_5415,12131.983
00bbac68_5416,12131.986
00bbac68_5417,12131.985
00bbac68_5418,12131.989
00bbac68_5419,12131.991
00bbac68_5420,12131.993
00bbac68_5421,12131.995
00bbac68_5422,12131.998
00bbac68_5423,12132.002
00bbac68_5424,12132.004
00bbac68_5425,12132.005
00bbac68_5426,12132.008
00bbac68_5427,12132.009
00bbac68_5428,12132.011
00bbac68_5429,12132.014
00bbac68_5430,12132.015
00bbac68_5431,12132.016
00bbac68_5432,12132.017
00bbac68_5433,12132.017
00bbac68_5434,12132.02
00bbac68_5435,12132.0205
00bbac68_5436,12132.023
00bbac68_5437,12132.024
00bbac68_5438,12132.028
00bbac68_5439,12132.032
00bbac68_5440,12132.039
00bbac68_5441,12132.045
00bbac68_5442,12132.05
00bbac68_5443,12132.057
00bbac68_5444,12132.061
00bbac68_5445,12132.064
00bbac68_5446,12132.068
00bbac68_5447,12132.07
00bbac68_5448,12132.073
00bbac68_5449,12132.077
00bbac68_5450,12132.081
00bbac68_5451,12132.082
00bbac68_5452,12132.083
00bbac68_5453,12132.083
00bbac68_5454,12132.085
00bbac68_5455,12132.087
00bbac68_5456,12132.09
00bbac68_5457,12132.09
00bbac68_5458,12132.092
00bbac68_5459,12132.092
00bbac68_5460,12132.094
00bbac68_5461,12132.099
00bbac68_5462,12132.105
00bbac68_5463,12132.112
00bbac68_5464,12132.118
00bbac68_5465,12132.124
00bbac68_5466,12132.129
00bbac68_5467,12132.135
00bbac68_5468,12132.144
00bbac68_5469,12132.152
00bbac68_5470,12132.158
00bbac68_5471,12132.164
00bbac68_5472,12132.17
00bbac68_5473,12132.177
00bbac68_5474,12132.184
00bbac68_5475,12132.19
00bbac68_5476,12132.196
00bbac68_5477,12132.202
00bbac68_5478,12132.207
00bbac68_5479,12132.213
00bbac68_5480,12132.216
00bbac68_5481,12132.222
00bbac68_5482,12132.229
00bbac68_5483,12132.234
00bbac68_5484,12132.241
00bbac68_5485,12132.247
00bbac68_5486,12132.252
00bbac68_5487,12132.261
00bbac68_5488,12132.269
00bbac68_5489,12132.278
00bbac68_5490,12132.285
00bbac68_5491,12132.29
00bbac68_5492,12132.293
00bbac68_5493,12132.298
00bbac68_5494,12132.301
00bbac68_5495,12132.307
00bbac68_5496,12132.31
00bbac68_5497,12132.313
00bbac68_5498,12132.317
00bbac68_5499,12132.321
00bbac68_5500,12132.326
00bbac68_5501,12132.33
00bbac68_5502,12132.335
00bbac68_5503,12132.34
00bbac68_5504,12132.348
00bbac68_5505,12132.354
00bbac68_5506,12132.357
00bbac68_5507,12132.364
00bbac68_5508,12132.371
00bbac68_5509,12132.374
00bbac68_5510,12132.378
00bbac68_5511,12132.383
00bbac68_5512,12132.386
00bbac68_5513,12132.391
00bbac68_5514,12132.3955
00bbac68_5515,12132.398
00bbac68_5516,12132.402
00bbac68_5517,12132.404
00bbac68_5518,12132.407
00bbac68_5519,12132.409
00bbac68_5520,12132.412
00bbac68_5521,12132.413
00bbac68_5522,12132.414
00bbac68_5523,12132.413
00bbac68_5524,12132.411
00bbac68_5525,12132.408
00bbac68_5526,12132.407
00bbac68_5527,12132.409
00bbac68_5528,12132.41
00bbac68_5529,12132.409
00bbac68_5530,12132.41
00bbac68_5531,12132.409
00bbac68_5532,12132.408
00bbac68_5533,12132.407
00bbac68_5534,12132.411
00bbac68_5535,12132.413
00bbac68_5536,12132.416
00bbac68_5537,12132.415
00bbac68_5538,12132.416
00bbac68_5539,12132.418
00bbac68_5540,12132.422
00bbac68_5541,12132.425
00bbac68_5542,12132.424
00bbac68_5543,12132.421
00bbac68_5544,12132.415
00bbac68_5545,12132.411
00bbac68_5546,12132.407
00bbac68_5547,12132.405
00bbac68_5548,12132.403
00bbac68_5549,12132.399
00bbac68_5550,12132.397
00bbac68_5551,12132.395
00bbac68_5552,12132.391
00bbac68_5553,12132.388
00bbac68_5554,12132.386
00bbac68_5555,12132.384
00bbac68_5556,12132.381
00bbac68_5557,12132.38
00bbac68_5558,12132.38
00bbac68_5559,12132.378
00bbac68_5560,12132.377
00bbac68_5561,12132.375
00bbac68_5562,12132.375
00bbac68_5563,12132.375
00bbac68_5564,12132.376
00bbac68_5565,12132.376
00bbac68_5566,12132.373
00bbac68_5567,12132.371
00bbac68_5568,12132.368
00bbac68_5569,12132.364
00bbac68_5570,12132.361
00bbac68_5571,12132.3545
00bbac68_5572,12132.35
00bbac68_5573,12132.344
00bbac68_5574,12132.336
00bbac68_5575,12132.325
00bbac68_5576,12132.317
00bbac68_5577,12132.309
00bbac68_5578,12132.301
00bbac68_5579,12132.294
00bbac68_5580,12132.284
00bbac68_5581,12132.275
00bbac68_5582,12132.265
00bbac68_5583,12132.252
00bbac68_5584,12132.24
00bbac68_5585,12132.2295
00bbac68_5586,12132.221
00bbac68_5587,12132.214
00bbac68_5588,12132.209
00bbac68_5589,12132.206
00bbac68_5590,12132.198
00bbac68_5591,12132.19
00bbac68_5592,12132.183
00bbac68_5593,12132.176
00bbac68_5594,12132.17
00bbac68_5595,12132.164
00bbac68_5596,12132.157
00bbac68_5597,12132.153
00bbac68_5598,12132.147
00bbac68_5599,12132.144
00bbac68_5600,12132.14
00bbac68_5601,12132.134
00bbac68_5602,12132.13
00bbac68_5603,12132.126
00bbac68_5604,12132.121
00bbac68_5605,12132.117
00bbac68_5606,12132.112
00bbac68_5607,12132.108
00bbac68_5608,12132.104
00bbac68_5609,12132.098
00bbac68_5610,12132.093
00bbac68_5611,12132.089
00bbac68_5612,12132.082
00bbac68_5613,12132.077
00bbac68_5614,12132.07
00bbac68_5615,12132.064
00bbac68_5616,12132.059
00bbac68_5617,12132.055
00bbac68_5618,12132.048
00bbac68_5619,12132.043
00bbac68_5620,12132.038
00bbac68_5621,12132.032
00bbac68_5622,12132.027
00bbac68_5623,12132.023
00bbac68_5624,12132.0205
00bbac68_5625,12132.019
00bbac68_5626,12132.015
00bbac68_5627,12132.01
00bbac68_5628,12132.004
00bbac68_5629,12132.0
00bbac68_5630,12131.994
00bbac68_5631,12131.988
00bbac68_5632,12131.982
00bbac68_5633,12131.976
00bbac68_5634,12131.97
00bbac68_5635,12131.962
00bbac68_5636,12131.954
00bbac68_5637,12131.947
00bbac68_5638,12131.94
00bbac68_5639,12131.935
00bbac68_5640,12131.931
00bbac68_5641,12131.925
00bbac68_5642,12131.919
00bbac68_5643,12131.916
00bbac68_5644,12131.912
00bbac68_5645,12131.912
00bbac68_5646,12131.908
00bbac68_5647,12131.902
00bbac68_5648,12131.897
00bbac68_5649,12131.8955
00bbac68_5650,12131.892
00bbac68_5651,12131.891
00bbac68_5652,12131.889
00bbac68_5653,12131.885
00bbac68_5654,12131.879
00bbac68_5655,12131.874
00bbac68_5656,12131.868
00bbac68_5657,12131.863
00bbac68_5658,12131.857
00bbac68_5659,12131.851
00bbac68_5660,12131.847
00bbac68_5661,12131.844
00bbac68_5662,12131.84
00bbac68_5663,12131.838
00bbac68_5664,12131.834
00bbac68_5665,12131.833
00bbac68_5666,12131.831
00bbac68_5667,12131.83
00bbac68_5668,12131.83
00bbac68_5669,12131.83
00bbac68_5670,12131.831
00bbac68_5671,12131.832
00bbac68_5672,12131.834
00bbac68_5673,12131.835
00bbac68_5674,12131.834
00bbac68_5675,12131.831
00bbac68_5676,12131.83
00bbac68_5677,12131.83
00bbac68_5678,12131.83
00bbac68_5679,12131.83
00bbac68_5680,12131.831
00bbac68_5681,12131.832
00bbac68_5682,12131.835
00bbac68_5683,12131.836
00bbac68_5684,12131.836
00bbac68_5685,12131.834
00bbac68_5686,12131.83
00bbac68_5687,12131.827
00bbac68_5688,12131.828
00bbac68_5689,12131.831
00bbac68_5690,12131.833
00bbac68_5691,12131.834
00bbac68_5692,12131.835
00bbac68_5693,12131.834
00bbac68_5694,12131.836
00bbac68_5695,12131.839
00bbac68_5696,12131.84
00bbac68_5697,12131.841
00bbac68_5698,12131.842
00bbac68_5699,12131.842
00bbac68_5700,12131.842
00bbac68_5701,12131.843
00bbac68_5702,12131.844
00bbac68_5703,12131.846
00bbac68_5704,12131.848
00bbac68_5705,12131.851
00bbac68_5706,12131.852
00bbac68_5707,12131.851
00bbac68_5708,12131.852
00bbac68_5709,12131.855
00bbac68_5710,12131.859
00bbac68_5711,12131.862
00bbac68_5712,12131.866
00bbac68_5713,12131.867
00bbac68_5714,12131.87
00bbac68_5715,12131.872
00bbac68_5716,12131.873
00bbac68_5717,12131.875
00bbac68_5718,12131.878
00bbac68_5719,12131.88
00bbac68_5720,12131.882
00bbac68_5721,12131.884
00bbac68_5722,12131.882
00bbac68_5723,12131.882
00bbac68_5724,12131.881
00bbac68_5725,12131.881
00bbac68_5726,12131.881
00bbac68_5727,12131.88
00bbac68_5728,12131.881
00bbac68_5729,12131.882
00bbac68_5730,12131.882
00bbac68_5731,12131.882
00bbac68_5732,12131.882
00bbac68_5733,12131.883
00bbac68_5734,12131.883
00bbac68_5735,12131.884
00bbac68_5736,12131.887
00bbac68_5737,12131.889
00bbac68_5738,12131.891
00bbac68_5739,12131.894
00bbac68_5740,12131.892
00bbac68_5741,12131.889
00bbac68_5742,12131.884
00bbac68_5743,12131.88
00bbac68_5744,12131.873
00bbac68_5745,12131.87
00bbac68_5746,12131.868
00bbac68_5747,12131.865
00bbac68_5748,12131.863
00bbac68_5749,12131.863
00bbac68_5750,12131.863
00bbac68_5751,12131.862
00bbac68_5752,12131.864
00bbac68_5753,12131.866
00bbac68_5754,12131.868
00bbac68_5755,12131.869
00bbac68_5756,12131.871
00bbac68_5757,12131.871
00bbac68_5758,12131.873
00bbac68_5759,12131.874
00bbac68_5760,12131.876
00bbac68_5761,12131.877
00bbac68_5762,12131.877
00bbac68_5763,12131.873
00bbac68_5764,12131.871
00bbac68_5765,12131.869
00bbac68_5766,12131.864
00bbac68_5767,12131.862
00bbac68_5768,12131.859
00bbac68_5769,12131.8545
00bbac68_5770,12131.852
00bbac68_5771,12131.851
00bbac68_5772,12131.846
00bbac68_5773,12131.842
00bbac68_5774,12131.839
00bbac68_5775,12131.834
00bbac68_5776,12131.828
00bbac68_5777,12131.823
00bbac68_5778,12131.818
00bbac68_5779,12131.815
00bbac68_5780,12131.8125
00bbac68_5781,12131.812
00bbac68_5782,12131.811
00bbac68_5783,12131.81
00bbac68_5784,12131.807
00bbac68_5785,12131.805
00bbac68_5786,12131.803
00bbac68_5787,12131.801
00bbac68_5788,12131.797
00bbac68_5789,12131.794
00bbac68_5790,12131.791
00bbac68_5791,12131.788
00bbac68_5792,12131.787
00bbac68_5793,12131.788
00bbac68_5794,12131.786
00bbac68_5795,12131.787
00bbac68_5796,12131.788
00bbac68_5797,12131.789
00bbac68_5798,12131.789
00bbac68_5799,12131.79
00bbac68_5800,12131.791
00bbac68_5801,12131.791
00bbac68_5802,12131.791
00bbac68_5803,12131.788
00bbac68_5804,12131.786
00bbac68_5805,12131.782
00bbac68_5806,12131.783
00bbac68_5807,12131.782
00bbac68_5808,12131.78
00bbac68_5809,12131.78
00bbac68_5810,12131.782
00bbac68_5811,12131.787
00bbac68_5812,12131.787
00bbac68_5813,12131.79
00bbac68_5814,12131.792
00bbac68_5815,12131.795
00bbac68_5816,12131.794
00bbac68_5817,12131.797
00bbac68_5818,12131.803
00bbac68_5819,12131.804
00bbac68_5820,12131.809
00bbac68_5821,12131.813
00bbac68_5822,12131.817
00bbac68_5823,12131.82
00bbac68_5824,12131.824
00bbac68_5825,12131.826
00bbac68_5826,12131.829
00bbac68_5827,12131.832
00bbac68_5828,12131.833
00bbac68_5829,12131.83
00bbac68_5830,12131.829
00bbac68_5831,12131.827
00bbac68_5832,12131.827
00bbac68_5833,12131.829
00bbac68_5834,12131.826
00bbac68_5835,12131.822
00bbac68_5836,12131.819
00bbac68_5837,12131.817
00bbac68_5838,12131.814
00bbac68_5839,12131.8125
00bbac68_5840,12131.811
00bbac68_5841,12131.805
00bbac68_5842,12131.799
00bbac68_5843,12131.796
00bbac68_5844,12131.795
00bbac68_5845,12131.796
00bbac68_5846,12131.798
00bbac68_5847,12131.801
00bbac68_5848,12131.802
00bbac68_5849,12131.801
00bbac68_5850,12131.802
00bbac68_5851,12131.801
00bbac68_5852,12131.802
00bbac68_5853,12131.803
00bbac68_5854,12131.804
00bbac68_5855,12131.805
00bbac68_5856,12131.805
00bbac68_5857,12131.806
00bbac68_5858,12131.808
00bbac68_5859,12131.808
00bbac68_5860,12131.81
00bbac68_5861,12131.811
00bbac68_5862,12131.812
00bbac68_5863,12131.811
00bbac68_5864,12131.81
00bbac68_5865,12131.81
00bbac68_5866,12131.812
00bbac68_5867,12131.815
00bbac68_5868,12131.817
00bbac68_5869,12131.818
00bbac68_5870,12131.822
00bbac68_5871,12131.826
00bbac68_5872,12131.831
00bbac68_5873,12131.836
00bbac68_5874,12131.841
00bbac68_5875,12131.846
00bbac68_5876,12131.854
00bbac68_5877,12131.861
00bbac68_5878,12131.867
00bbac68_5879,12131.873
00bbac68_5880,12131.877
00bbac68_5881,12131.882
00bbac68_5882,12131.887
00bbac68_5883,12131.893
00bbac68_5884,12131.899
00bbac68_5885,12131.906
00bbac68_5886,12131.913
00bbac68_5887,12131.921
00bbac68_5888,12131.929
00bbac68_5889,12131.934
00bbac68_5890,12131.9375
00bbac68_5891,12131.942
00bbac68_5892,12131.948
00bbac68_5893,12131.954
00bbac68_5894,12131.96
00bbac68_5895,12131.966
00bbac68_5896,12131.971
00bbac68_5897,12131.977
00bbac68_5898,12131.982
00bbac68_5899,12131.987
00bbac68_5900,12131.993
00bbac68_5901,12131.996
00bbac68_5902,12132.0
00bbac68_5903,12132.007
00bbac68_5904,12132.01
00bbac68_5905,12132.013
00bbac68_5906,12132.017
00bbac68_5907,12132.02
00bbac68_5908,12132.022
00bbac68_5909,12132.025
00bbac68_5910,12132.029
00bbac68_5911,12132.031
00bbac68_5912,12132.033
00bbac68_5913,12132.037
00bbac68_5914,12132.04
00bbac68_5915,12132.042
00bbac68_5916,12132.047
00bbac68_5917,12132.053
00bbac68_5918,12132.056
00bbac68_5919,12132.062
00bbac68_5920,12132.067
00bbac68_5921,12132.073
00bbac68_5922,12132.079
00bbac68_5923,12132.087
00bbac68_5924,12132.095
00bbac68_5925,12132.1045
00bbac68_5926,12132.112
00bbac68_5927,12132.121
00bbac68_5928,12132.13
00bbac68_5929,12132.138
00bbac68_5930,12132.145
00bbac68_5931,12132.155
00bbac68_5932,12132.167
00bbac68_5933,12132.178
00bbac68_5934,12132.189
00bbac68_5935,12132.197
00bbac68_5936,12132.206
00bbac68_5937,12132.217
00bbac68_5938,12132.226
00bbac68_5939,12132.234
00bbac68_5940,12132.243
00bbac68_5941,12132.251
00bbac68_5942,12132.259
00bbac68_5943,12132.265
00bbac68_5944,12132.269
00bbac68_5945,12132.273
00bbac68_5946,12132.276
00bbac68_5947,12132.282
00bbac68_5948,12132.292
00bbac68_5949,12132.3
00bbac68_5950,12132.306
00bbac68_5951,12132.313
00bbac68_5952,12132.317
00bbac68_5953,12132.323
00bbac68_5954,12132.328
00bbac68_5955,12132.333
00bbac68_5956,12132.341
00bbac68_5957,12132.349
00bbac68_5958,12132.355
00bbac68_5959,12132.362
00bbac68_5960,12132.368
00bbac68_5961,12132.377
00bbac68_5962,12132.384
00bbac68_5963,12132.391
00bbac68_5964,12132.396
00bbac68_5965,12132.402
00bbac68_5966,12132.406
00bbac68_5967,12132.412
00bbac68_5968,12132.415
00bbac68_5969,12132.417
00bbac68_5970,12132.418
00bbac68_5971,12132.419
00bbac68_5972,12132.42
00bbac68_5973,12132.42
00bbac68_5974,12132.42
00bbac68_5975,12132.422
00bbac68_5976,12132.428
00bbac68_5977,12132.435
00bbac68_5978,12132.44
00bbac68_5979,12132.447
00bbac68_5980,12132.454
00bbac68_5981,12132.46
00bbac68_5982,12132.462
00bbac68_5983,12132.46
00bbac68_5984,12132.46
00bbac68_5985,12132.457
00bbac68_5986,12132.454
00bbac68_5987,12132.451
00bbac68_5988,12132.45
00bbac68_5989,12132.444
00bbac68_5990,12132.4375
00bbac68_5991,12132.431
00bbac68_5992,12132.425
00bbac68_5993,12132.421
00bbac68_5994,12132.416
00bbac68_5995,12132.41
00bbac68_5996,12132.403
00bbac68_5997,12132.398
00bbac68_5998,12132.394
00bbac68_5999,12132.39
00bbac68_6000,12132.386
00bbac68_6001,12132.383
00bbac68_6002,12132.379
00bbac68_6003,12132.374
00bbac68_6004,12132.369
00bbac68_6005,12132.367
00bbac68_6006,12132.363
00bbac68_6007,12132.36
00bbac68_6008,12132.359
00bbac68_6009,12132.357
00bbac68_6010,12132.354
00bbac68_6011,12132.351
00bbac68_6012,12132.348
00bbac68_6013,12132.343
00bbac68_6014,12132.341
00bbac68_6015,12132.338
00bbac68_6016,12132.336
00bbac68_6017,12132.336
00bbac68_6018,12132.332
00bbac68_6019,12132.328
00bbac68_6020,12132.322
00bbac68_6021,12132.317
00bbac68_6022,12132.312
00bbac68_6023,12132.309
00bbac68_6024,12132.308
00bbac68_6025,12132.305
00bbac68_6026,12132.304
00bbac68_6027,12132.301
00bbac68_6028,12132.296
00bbac68_6029,12132.29
00bbac68_6030,12132.284
00bbac68_6031,12132.279
00bbac68_6032,12132.274
00bbac68_6033,12132.2705
00bbac68_6034,12132.266
00bbac68_6035,12132.26
00bbac68_6036,12132.256
00bbac68_6037,12132.248
00bbac68_6038,12132.241
00bbac68_6039,12132.234
00bbac68_6040,12132.225
00bbac68_6041,12132.221
00bbac68_6042,12132.219
00bbac68_6043,12132.217
00bbac68_6044,12132.217
00bbac68_6045,12132.218
00bbac68_6046,12132.218
00bbac68_6047,12132.215
00bbac68_6048,12132.214
00bbac68_6049,12132.215
00bbac68_6050,12132.219
00bbac68_6051,12132.225
00bbac68_6052,12132.2295
00bbac68_6053,12132.23
00bbac68_6054,12132.233
00bbac68_6055,12132.233
00bbac68_6056,12132.234
00bbac68_6057,12132.235
00bbac68_6058,12132.235
00bbac68_6059,12132.234
00bbac68_6060,12132.235
00bbac68_6061,12132.236
00bbac68_6062,12132.236
00bbac68_6063,12132.235
00bbac68_6064,12132.234
00bbac68_6065,12132.233
00bbac68_6066,12132.232
00bbac68_6067,12132.232
00bbac68_6068,12132.23
00bbac68_6069,12132.228
00bbac68_6070,12132.228
00bbac68_6071,12132.227
00bbac68_6072,12132.226
00bbac68_6073,12132.227
00bbac68_6074,12132.226
00bbac68_6075,12132.226
00bbac68_6076,12132.227
00bbac68_6077,12132.229
00bbac68_6078,12132.231
00bbac68_6079,12132.234
00bbac68_6080,12132.235
00bbac68_6081,12132.236
00bbac68_6082,12132.236
00bbac68_6083,12132.236
00bbac68_6084,12132.235
00bbac68_6085,12132.235
00bbac68_6086,12132.234
00bbac68_6087,12132.233
00bbac68_6088,12132.232
00bbac68_6089,12132.232
00bbac68_6090,12132.231
00bbac68_6091,12132.23
00bbac68_6092,12132.231
00bbac68_6093,12132.23
00bbac68_6094,12132.2295
00bbac68_6095,12132.23
00bbac68_6096,12132.231
00bbac68_6097,12132.232
00bbac68_6098,12132.235
00bbac68_6099,12132.239
00bbac68_6100,12132.242
00bbac68_6101,12132.246
00bbac68_6102,12132.25
00bbac68_6103,12132.248
00bbac68_6104,12132.252
00bbac68_6105,12132.254
00bbac68_6106,12132.256
00bbac68_6107,12132.255
00bbac68_6108,12132.256
00bbac68_6109,12132.256
00bbac68_6110,12132.254
00bbac68_6111,12132.25
00bbac68_6112,12132.243
00bbac68_6113,12132.237
00bbac68_6114,12132.23
00bbac68_6115,12132.225
00bbac68_6116,12132.219
00bbac68_6117,12132.216
00bbac68_6118,12132.212
00bbac68_6119,12132.207
00bbac68_6120,12132.204
00bbac68_6121,12132.196
00bbac68_6122,12132.187
00bbac68_6123,12132.18
00bbac68_6124,12132.174
00bbac68_6125,12132.167
00bbac68_6126,12132.16
00bbac68_6127,12132.153
00bbac68_6128,12132.146
00bbac68_6129,12132.14
00bbac68_6130,12132.136
00bbac68_6131,12132.133
00bbac68_6132,12132.131
00bbac68_6133,12132.126
00bbac68_6134,12132.119
00bbac68_6135,12132.114
00bbac68_6136,12132.11
00bbac68_6137,12132.1045
00bbac68_6138,12132.099
00bbac68_6139,12132.093
00bbac68_6140,12132.087
00bbac68_6141,12132.079
00bbac68_6142,12132.073
00bbac68_6143,12132.067
00bbac68_6144,12132.062
00bbac68_6145,12132.055
00bbac68_6146,12132.047
00bbac68_6147,12132.036
00bbac68_6148,12132.025
00bbac68_6149,12132.019
00bbac68_6150,12132.01
00bbac68_6151,12131.999
00bbac68_6152,12131.99
00bbac68_6153,12131.9795
00bbac68_6154,12131.969
00bbac68_6155,12131.96
00bbac68_6156,12131.949
00bbac68_6157,12131.941
00bbac68_6158,12131.934
00bbac68_6159,12131.927
00bbac68_6160,12131.92
00bbac68_6161,12131.914
00bbac68_6162,12131.908
00bbac68_6163,12131.901
00bbac68_6164,12131.898
00bbac68_6165,12131.895
00bbac68_6166,12131.891
00bbac68_6167,12131.885
00bbac68_6168,12131.88
00bbac68_6169,12131.872
00bbac68_6170,12131.863
00bbac68_6171,12131.8545
00bbac68_6172,12131.845
00bbac68_6173,12131.835
00bbac68_6174,12131.823
00bbac68_6175,12131.811
00bbac68_6176,12131.799
00bbac68_6177,12131.783
00bbac68_6178,12131.766
00bbac68_6179,12131.751
00bbac68_6180,12131.735
00bbac68_6181,12131.72
00bbac68_6182,12131.705
00bbac68_6183,12131.692
00bbac68_6184,12131.679
00bbac68_6185,12131.663
00bbac68_6186,12131.648
00bbac68_6187,12131.632
00bbac68_6188,12131.613
00bbac68_6189,12131.595
00bbac68_6190,12131.577
00bbac68_6191,12131.562
00bbac68_6192,12131.545
00bbac68_6193,12131.53
00bbac68_6194,12131.515
00bbac68_6195,12131.495
00bbac68_6196,12131.477
00bbac68_6197,12131.458
00bbac68_6198,12131.439
00bbac68_6199,12131.423
00bbac68_6200,12131.405
00bbac68_6201,12131.385
00bbac68_6202,12131.367
00bbac68_6203,12131.35
00bbac68_6204,12131.327
00bbac68_6205,12131.31
00bbac68_6206,12131.294
00bbac68_6207,12131.276
00bbac68_6208,12131.26
00bbac68_6209,12131.244
00bbac68_6210,12131.226
00bbac68_6211,12131.211
00bbac68_6212,12131.195
00bbac68_6213,12131.179
00bbac68_6214,12131.162
00bbac68_6215,12131.147
00bbac68_6216,12131.13
00bbac68_6217,12131.112
00bbac68_6218,12131.095
00bbac68_6219,12131.077
00bbac68_6220,12131.058
00bbac68_6221,12131.04
00bbac68_6222,12131.021
00bbac68_6223,12131.004
00bbac68_6224,12130.985
00bbac68_6225,12130.965
00bbac68_6226,12130.943
00bbac68_6227,12130.923
00bbac68_6228,12130.9
00bbac68_6229,12130.879
00bbac68_6230,12130.857
00bbac68_6231,12130.837
00bbac68_6232,12130.812
00bbac68_6233,12130.788
00bbac68_6234,12130.766
00bbac68_6235,12130.74
00bbac68_6236,12130.721
00bbac68_6237,12130.698
00bbac68_6238,12130.672
00bbac68_6239,12130.652
00bbac68_6240,12130.63
00bbac68_6241,12130.605
00bbac68_6242,12130.585
00bbac68_6243,12130.5625
00bbac68_6244,12130.541
00bbac68_6245,12130.5205
00bbac68_6246,12130.497
00bbac68_6247,12130.475
00bbac68_6248,12130.453
00bbac68_6249,12130.434
00bbac68_6250,12130.412
00bbac68_6251,12130.395
00bbac68_6252,12130.374
00bbac68_6253,12130.355
00bbac68_6254,12130.334
00bbac68_6255,12130.313
00bbac68_6256,12130.295
00bbac68_6257,12130.275
00bbac68_6258,12130.254
00bbac68_6259,12130.234
00bbac68_6260,12130.214
00bbac68_6261,12130.193
00bbac68_6262,12130.169
00bbac68_6263,12130.147
00bbac68_6264,12130.123
00bbac68_6265,12130.101
00bbac68_6266,12130.08
00bbac68_6267,12130.061
00bbac68_6268,12130.038
00bbac68_6269,12130.017
00bbac68_6270,12129.996
00bbac68_6271,12129.978
00bbac68_6272,12129.958
00bbac68_6273,12129.94
00bbac68_6274,12129.921
00bbac68_6275,12129.901
00bbac68_6276,12129.884
00bbac68_6277,12129.861
00bbac68_6278,12129.837
00bbac68_6279,12129.814
00bbac68_6280,12129.791
00bbac68_6281,12129.766
00bbac68_6282,12129.742
00bbac68_6283,12129.718
00bbac68_6284,12129.695
00bbac68_6285,12129.675
00bbac68_6286,12129.656
00bbac68_6287,12129.637
00bbac68_6288,12129.618
00bbac68_6289,12129.602
00bbac68_6290,12129.586
00bbac68_6291,12129.573
00bbac68_6292,12129.561
00bbac68_6293,12129.547
00bbac68_6294,12129.534
00bbac68_6295,12129.524
00bbac68_6296,12129.513
00bbac68_6297,12129.503
00bbac68_6298,12129.491
00bbac68_6299,12129.48
00bbac68_6300,12129.469
00bbac68_6301,12129.458
00bbac68_6302,12129.447
00bbac68_6303,12129.435
00bbac68_6304,12129.424
00bbac68_6305,12129.413
00bbac68_6306,12129.398
00bbac68_6307,12129.382
00bbac68_6308,12129.367
00bbac68_6309,12129.351
00bbac68_6310,12129.335
00bbac68_6311,12129.318
00bbac68_6312,12129.301
00bbac68_6313,12129.285
00bbac68_6314,12129.2705
00bbac68_6315,12129.256
00bbac68_6316,12129.241
00bbac68_6317,12129.227
00bbac68_6318,12129.213
00bbac68_6319,12129.199
00bbac68_6320,12129.1875
00bbac68_6321,12129.177
00bbac68_6322,12129.171
00bbac68_6323,12129.165
00bbac68_6324,12129.161
00bbac68_6325,12129.152
00bbac68_6326,12129.146
00bbac68_6327,12129.139
00bbac68_6328,12129.133
00bbac68_6329,12129.131
00bbac68_6330,12129.128
00bbac68_6331,12129.124
00bbac68_6332,12129.118
00bbac68_6333,12129.113
00bbac68_6334,12129.108
00bbac68_6335,12129.104
00bbac68_6336,12129.099
00bbac68_6337,12129.093
00bbac68_6338,12129.088
00bbac68_6339,12129.083
00bbac68_6340,12129.079
00bbac68_6341,12129.078
00bbac68_6342,12129.072
00bbac68_6343,12129.065
00bbac68_6344,12129.061
00bbac68_6345,12129.054
00bbac68_6346,12129.046
00bbac68_6347,12129.039
00bbac68_6348,12129.034
00bbac68_6349,12129.03
00bbac68_6350,12129.022
00bbac68_6351,12129.012
00bbac68_6352,12128.998
00bbac68_6353,12128.987
00bbac68_6354,12128.979
00bbac68_6355,12128.97
00bbac68_6356,12128.96
00bbac68_6357,12128.951
00bbac68_6358,12128.94
00bbac68_6359,12128.931
00bbac68_6360,12128.92
00bbac68_6361,12128.911
00bbac68_6362,12128.899
00bbac68_6363,12128.89
00bbac68_6364,12128.882
00bbac68_6365,12128.873
00bbac68_6366,12128.869
00bbac68_6367,12128.866
00bbac68_6368,12128.861
00bbac68_6369,12128.859
00bbac68_6370,12128.858
00bbac68_6371,12128.8545
00bbac68_6372,12128.85
00bbac68_6373,12128.845
00bbac68_6374,12128.839
00bbac68_6375,12128.836
00bbac68_6376,12128.832
00bbac68_6377,12128.828
00bbac68_6378,12128.823
00bbac68_6379,12128.817
00bbac68_6380,12128.813
00bbac68_6381,12128.809
00bbac68_6382,12128.807
00bbac68_6383,12128.803
00bbac68_6384,12128.799
00bbac68_6385,12128.795
00bbac68_6386,12128.792
00bbac68_6387,12128.789
00bbac68_6388,12128.782
00bbac68_6389,12128.773
00bbac68_6390,12128.763
00bbac68_6391,12128.757
00bbac68_6392,12128.751
00bbac68_6393,12128.743
00bbac68_6394,12128.734
00bbac68_6395,12128.725
00bbac68_6396,12128.716
00bbac68_6397,12128.705
00bbac68_6398,12128.69
00bbac68_6399,12128.677
00bbac68_6400,12128.66
00bbac68_6401,12128.645
00bbac68_6402,12128.627
00bbac68_6403,12128.609
00bbac68_6404,12128.597
00bbac68_6405,12128.58
00bbac68_6406,12128.564
00bbac68_6407,12128.551
00bbac68_6408,12128.536
00bbac68_6409,12128.52
00bbac68_6410,12128.505
00bbac68_6411,12128.491
00bbac68_6412,12128.479
00bbac68_6413,12128.468
00bbac68_6414,12128.46
00bbac68_6415,12128.451
00bbac68_6416,12128.443
00bbac68_6417,12128.434
00bbac68_6418,12128.424
00bbac68_6419,12128.412
00bbac68_6420,12128.4
00bbac68_6421,12128.391
00bbac68_6422,12128.383
00bbac68_6423,12128.376
00bbac68_6424,12128.368
00bbac68_6425,12128.361
00bbac68_6426,12128.354
00bbac68_6427,12128.347
00bbac68_6428,12128.338
00bbac68_6429,12128.329
00bbac68_6430,12128.32
00bbac68_6431,12128.3125
00bbac68_6432,12128.302
00bbac68_6433,12128.287
00bbac68_6434,12128.275
00bbac68_6435,12128.263
00bbac68_6436,12128.251
00bbac68_6437,12128.24
00bbac68_6438,12128.231
00bbac68_6439,12128.221
00bbac68_6440,12128.212
00bbac68_6441,12128.204
00bbac68_6442,12128.198
00bbac68_6443,12128.19
00bbac68_6444,12128.185
00bbac68_6445,12128.179
00bbac68_6446,12128.171
00bbac68_6447,12128.165
00bbac68_6448,12128.16
00bbac68_6449,12128.157
00bbac68_6450,12128.155
00bbac68_6451,12128.152
00bbac68_6452,12128.149
00bbac68_6453,12128.1455
00bbac68_6454,12128.141
00bbac68_6455,12128.137
00bbac68_6456,12128.131
00bbac68_6457,12128.125
00bbac68_6458,12128.119
00bbac68_6459,12128.113
00bbac68_6460,12128.1045
00bbac68_6461,12128.098
00bbac68_6462,12128.088
00bbac68_6463,12128.077
00bbac68_6464,12128.069
00bbac68_6465,12128.059
00bbac68_6466,12128.048
00bbac68_6467,12128.036
00bbac68_6468,12128.022
00bbac68_6469,12128.011
00bbac68_6470,12128.0
00bbac68_6471,12127.991
00bbac68_6472,12127.981
00bbac68_6473,12127.971
00bbac68_6474,12127.961
00bbac68_6475,12127.953
00bbac68_6476,12127.945
00bbac68_6477,12127.9375
00bbac68_6478,12127.933
00bbac68_6479,12127.927
00bbac68_6480,12127.92
00bbac68_6481,12127.914
00bbac68_6482,12127.912
00bbac68_6483,12127.906
00bbac68_6484,12127.899
00bbac68_6485,12127.895
00bbac68_6486,12127.891
00bbac68_6487,12127.889
00bbac68_6488,12127.885
00bbac68_6489,12127.884
00bbac68_6490,12127.884
00bbac68_6491,12127.882
00bbac68_6492,12127.878
00bbac68_6493,12127.876
00bbac68_6494,12127.875
00bbac68_6495,12127.872
00bbac68_6496,12127.87
00bbac68_6497,12127.869
00bbac68_6498,12127.866
00bbac68_6499,12127.863
00bbac68_6500,12127.859
00bbac68_6501,12127.856
00bbac68_6502,12127.855
00bbac68_6503,12127.8545
00bbac68_6504,12127.854
00bbac68_6505,12127.8545
00bbac68_6506,12127.854
00bbac68_6507,12127.85
00bbac68_6508,12127.849
00bbac68_6509,12127.847
00bbac68_6510,12127.846
00bbac68_6511,12127.847
00bbac68_6512,12127.845
00bbac68_6513,12127.846
00bbac68_6514,12127.848
00bbac68_6515,12127.85
00bbac68_6516,12127.851
00bbac68_6517,12127.854
00bbac68_6518,12127.855
00bbac68_6519,12127.856
00bbac68_6520,12127.857
00bbac68_6521,12127.86
00bbac68_6522,12127.861
00bbac68_6523,12127.859
00bbac68_6524,12127.856
00bbac68_6525,12127.8545
00bbac68_6526,12127.854
00bbac68_6527,12127.851
00bbac68_6528,12127.849
00bbac68_6529,12127.847
00bbac68_6530,12127.844
00bbac68_6531,12127.84
00bbac68_6532,12127.836
00bbac68_6533,12127.834
00bbac68_6534,12127.83
00bbac68_6535,12127.826
00bbac68_6536,12127.824
00bbac68_6537,12127.819
00bbac68_6538,12127.818
00bbac68_6539,12127.821
00bbac68_6540,12127.821
00bbac68_6541,12127.822
00bbac68_6542,12127.825
00bbac68_6543,12127.823
00bbac68_6544,12127.821
00bbac68_6545,12127.821
00bbac68_6546,12127.823
00bbac68_6547,12127.828
00bbac68_6548,12127.832
00bbac68_6549,12127.836
00bbac68_6550,12127.837
00bbac68_6551,12127.838
00bbac68_6552,12127.837
00bbac68_6553,12127.837
00bbac68_6554,12127.837
00bbac68_6555,12127.84
00bbac68_6556,12127.843
00bbac68_6557,12127.846
00bbac68_6558,12127.847
00bbac68_6559,12127.848
00bbac68_6560,12127.848
00bbac68_6561,12127.848
00bbac68_6562,12127.85
00bbac68_6563,12127.853
00bbac68_6564,12127.854
00bbac68_6565,12127.856
00bbac68_6566,12127.86
00bbac68_6567,12127.862
00bbac68_6568,12127.863
00bbac68_6569,12127.865
00bbac68_6570,12127.869
00bbac68_6571,12127.87
00bbac68_6572,12127.873
00bbac68_6573,12127.877
00bbac68_6574,12127.88
00bbac68_6575,12127.882
00bbac68_6576,12127.886
00bbac68_6577,12127.888
00bbac68_6578,12127.89
00bbac68_6579,12127.891
00bbac68_6580,12127.89
00bbac68_6581,12127.888
00bbac68_6582,12127.889
00bbac68_6583,12127.888
00bbac68_6584,12127.888
00bbac68_6585,12127.888
00bbac68_6586,12127.886
00bbac68_6587,12127.884
00bbac68_6588,12127.88
00bbac68_6589,12127.876
00bbac68_6590,12127.87
00bbac68_6591,12127.864
00bbac68_6592,12127.8545
00bbac68_6593,12127.847
00bbac68_6594,12127.839
00bbac68_6595,12127.829
00bbac68_6596,12127.819
00bbac68_6597,12127.812
00bbac68_6598,12127.803
00bbac68_6599,12127.795
00bbac68_6600,12127.788
00bbac68_6601,12127.781
00bbac68_6602,12127.774
00bbac68_6603,12127.768
00bbac68_6604,12127.764
00bbac68_6605,12127.761
00bbac68_6606,12127.756
00bbac68_6607,12127.753
00bbac68_6608,12127.749
00bbac68_6609,12127.745
00bbac68_6610,12127.74
00bbac68_6611,12127.734
00bbac68_6612,12127.73
00bbac68_6613,12127.722
00bbac68_6614,12127.713
00bbac68_6615,12127.706
00bbac68_6616,12127.697
00bbac68_6617,12127.689
00bbac68_6618,12127.681
00bbac68_6619,12127.672
00bbac68_6620,12127.665
00bbac68_6621,12127.658
00bbac68_6622,12127.65
00bbac68_6623,12127.638
00bbac68_6624,12127.626
00bbac68_6625,12127.614
00bbac68_6626,12127.604
00bbac68_6627,12127.589
00bbac68_6628,12127.577
00bbac68_6629,12127.565
00bbac68_6630,12127.552
00bbac68_6631,12127.538
00bbac68_6632,12127.522
00bbac68_6633,12127.509
00bbac68_6634,12127.494
00bbac68_6635,12127.481
00bbac68_6636,12127.47
00bbac68_6637,12127.457
00bbac68_6638,12127.447
00bbac68_6639,12127.436
00bbac68_6640,12127.425
00bbac68_6641,12127.415
00bbac68_6642,12127.404
00bbac68_6643,12127.396
00bbac68_6644,12127.389
00bbac68_6645,12127.381
00bbac68_6646,12127.373
00bbac68_6647,12127.365
00bbac68_6648,12127.358
00bbac68_6649,12127.354
00bbac68_6650,12127.346
00bbac68_6651,12127.338
00bbac68_6652,12127.33
00bbac68_6653,12127.321
00bbac68_6654,12127.3125
00bbac68_6655,12127.305
00bbac68_6656,12127.298
00bbac68_6657,12127.293
00bbac68_6658,12127.285
00bbac68_6659,12127.278
00bbac68_6660,12127.272
00bbac68_6661,12127.267
00bbac68_6662,12127.258
00bbac68_6663,12127.251
00bbac68_6664,12127.242
00bbac68_6665,12127.23
00bbac68_6666,12127.22
00bbac68_6667,12127.205
00bbac68_6668,12127.19
00bbac68_6669,12127.178
00bbac68_6670,12127.162
00bbac68_6671,12127.147
00bbac68_6672,12127.133
00bbac68_6673,12127.119
00bbac68_6674,12127.105
00bbac68_6675,12127.094
00bbac68_6676,12127.08
00bbac68_6677,12127.067
00bbac68_6678,12127.056
00bbac68_6679,12127.044
00bbac68_6680,12127.033
00bbac68_6681,12127.0205
00bbac68_6682,12127.008
00bbac68_6683,12126.994
00bbac68_6684,12126.98
00bbac68_6685,12126.967
00bbac68_6686,12126.956
00bbac68_6687,12126.943
00bbac68_6688,12126.931
00bbac68_6689,12126.921
00bbac68_6690,12126.911
00bbac68_6691,12126.903
00bbac68_6692,12126.894
00bbac68_6693,12126.883
00bbac68_6694,12126.872
00bbac68_6695,12126.865
00bbac68_6696,12126.86
00bbac68_6697,12126.856
00bbac68_6698,12126.852
00bbac68_6699,12126.848
00bbac68_6700,12126.843
00bbac68_6701,12126.84
00bbac68_6702,12126.837
00bbac68_6703,12126.836
00bbac68_6704,12126.834
00bbac68_6705,12126.831
00bbac68_6706,12126.83
00bbac68_6707,12126.828
00bbac68_6708,12126.827
00bbac68_6709,12126.827
00bbac68_6710,12126.829
00bbac68_6711,12126.828
00bbac68_6712,12126.829
00bbac68_6713,12126.832
00bbac68_6714,12126.833
00bbac68_6715,12126.835
00bbac68_6716,12126.838
00bbac68_6717,12126.838
00bbac68_6718,12126.84
00bbac68_6719,12126.843
00bbac68_6720,12126.845
00bbac68_6721,12126.849
00bbac68_6722,12126.85
00bbac68_6723,12126.85
00bbac68_6724,12126.849
00bbac68_6725,12126.849
00bbac68_6726,12126.848
00bbac68_6727,12126.848
00bbac68_6728,12126.849
00bbac68_6729,12126.85
00bbac68_6730,12126.853
00bbac68_6731,12126.8545
00bbac68_6732,12126.856
00bbac68_6733,12126.858
00bbac68_6734,12126.862
00bbac68_6735,12126.864
00bbac68_6736,12126.865
00bbac68_6737,12126.868
00bbac68_6738,12126.87
00bbac68_6739,12126.872
00bbac68_6740,12126.871
00bbac68_6741,12126.871
00bbac68_6742,12126.869
00bbac68_6743,12126.867
00bbac68_6744,12126.866
00bbac68_6745,12126.863
00bbac68_6746,12126.861
00bbac68_6747,12126.86
00bbac68_6748,12126.86
00bbac68_6749,12126.859
00bbac68_6750,12126.856
00bbac68_6751,12126.853
00bbac68_6752,12126.851
00bbac68_6753,12126.851
00bbac68_6754,12126.854
00bbac68_6755,12126.856
00bbac68_6756,12126.859
00bbac68_6757,12126.863
00bbac68_6758,12126.866
00bbac68_6759,12126.868
00bbac68_6760,12126.87
00bbac68_6761,12126.873
00bbac68_6762,12126.876
00bbac68_6763,12126.882
00bbac68_6764,12126.887
00bbac68_6765,12126.893
00bbac68_6766,12126.8955
00bbac68_6767,12126.899
00bbac68_6768,12126.902
00bbac68_6769,12126.906
00bbac68_6770,12126.908
00bbac68_6771,12126.912
00bbac68_6772,12126.916
00bbac68_6773,12126.918
00bbac68_6774,12126.922
00bbac68_6775,12126.924
00bbac68_6776,12126.929
00bbac68_6777,12126.931
00bbac68_6778,12126.933
00bbac68_6779,12126.936
00bbac68_6780,12126.938
00bbac68_6781,12126.942
00bbac68_6782,12126.945
00bbac68_6783,12126.945
00bbac68_6784,12126.948
00bbac68_6785,12126.951
00bbac68_6786,12126.953
00bbac68_6787,12126.957
00bbac68_6788,12126.957
00bbac68_6789,12126.96
00bbac68_6790,12126.962
00bbac68_6791,12126.961
00bbac68_6792,12126.962
00bbac68_6793,12126.964
00bbac68_6794,12126.966
00bbac68_6795,12126.965
00bbac68_6796,12126.967
00bbac68_6797,12126.969
00bbac68_6798,12126.97
00bbac68_6799,12126.974
00bbac68_6800,12126.977
00bbac68_6801,12126.979
00bbac68_6802,12126.9795
00bbac68_6803,12126.9795
00bbac68_6804,12126.98
00bbac68_6805,12126.98
00bbac68_6806,12126.981
00bbac68_6807,12126.982
00bbac68_6808,12126.985
00bbac68_6809,12126.985
00bbac68_6810,12126.985
00bbac68_6811,12126.986
00bbac68_6812,12126.986
00bbac68_6813,12126.985
00bbac68_6814,12126.982
00bbac68_6815,12126.981
00bbac68_6816,12126.979
00bbac68_6817,12126.976
00bbac68_6818,12126.973
00bbac68_6819,12126.972
00bbac68_6820,12126.97
00bbac68_6821,12126.971
00bbac68_6822,12126.97
00bbac68_6823,12126.97
00bbac68_6824,12126.973
00bbac68_6825,12126.976
00bbac68_6826,12126.979
00bbac68_6827,12126.98
00bbac68_6828,12126.985
00bbac68_6829,12126.989
00bbac68_6830,12126.996
00bbac68_6831,12127.004
00bbac68_6832,12127.015
00bbac68_6833,12127.026
00bbac68_6834,12127.036
00bbac68_6835,12127.049
00bbac68_6836,12127.062
00bbac68_6837,12127.071
00bbac68_6838,12127.082
00bbac68_6839,12127.089
00bbac68_6840,12127.096
00bbac68_6841,12127.101
00bbac68_6842,12127.107
00bbac68_6843,12127.115
00bbac68_6844,12127.126
00bbac68_6845,12127.137
00bbac68_6846,12127.149
00bbac68_6847,12127.158
00bbac68_6848,12127.164
00bbac68_6849,12127.169
00bbac68_6850,12127.175
00bbac68_6851,12127.179
00bbac68_6852,12127.187
00bbac68_6853,12127.193
00bbac68_6854,12127.199
00bbac68_6855,12127.202
00bbac68_6856,12127.203
00bbac68_6857,12127.204
00bbac68_6858,12127.204
00bbac68_6859,12127.204
00bbac68_6860,12127.204
00bbac68_6861,12127.205
00bbac68_6862,12127.204
00bbac68_6863,12127.202
00bbac68_6864,12127.2
00bbac68_6865,12127.201
00bbac68_6866,12127.198
00bbac68_6867,12127.197
00bbac68_6868,12127.194
00bbac68_6869,12127.191
00bbac68_6870,12127.19
00bbac68_6871,12127.1875
00bbac68_6872,12127.183
00bbac68_6873,12127.177
00bbac68_6874,12127.172
00bbac68_6875,12127.164
00bbac68_6876,12127.157
00bbac68_6877,12127.15
00bbac68_6878,12127.144
00bbac68_6879,12127.139
00bbac68_6880,12127.132
00bbac68_6881,12127.126
00bbac68_6882,12127.122
00bbac68_6883,12127.112
00bbac68_6884,12127.104
00bbac68_6885,12127.095
00bbac68_6886,12127.087
00bbac68_6887,12127.083
00bbac68_6888,12127.078
00bbac68_6889,12127.076
00bbac68_6890,12127.073
00bbac68_6891,12127.072
00bbac68_6892,12127.069
00bbac68_6893,12127.069
00bbac68_6894,12127.07
00bbac68_6895,12127.07
00bbac68_6896,12127.07
00bbac68_6897,12127.068
00bbac68_6898,12127.064
00bbac68_6899,12127.0625
00bbac68_6900,12127.058
00bbac68_6901,12127.05
00bbac68_6902,12127.041
00bbac68_6903,12127.032
00bbac68_6904,12127.026
00bbac68_6905,12127.017
00bbac68_6906,12127.004
00bbac68_6907,12126.993
00bbac68_6908,12126.98
00bbac68_6909,12126.97
00bbac68_6910,12126.959
00bbac68_6911,12126.948
00bbac68_6912,12126.938
00bbac68_6913,12126.927
00bbac68_6914,12126.921
00bbac68_6915,12126.914
00bbac68_6916,12126.905
00bbac68_6917,12126.898
00bbac68_6918,12126.892
00bbac68_6919,12126.886
00bbac68_6920,12126.88
00bbac68_6921,12126.875
00bbac68_6922,12126.872
00bbac68_6923,12126.868
00bbac68_6924,12126.864
00bbac68_6925,12126.857
00bbac68_6926,12126.852
00bbac68_6927,12126.847
00bbac68_6928,12126.843
00bbac68_6929,12126.838
00bbac68_6930,12126.833
00bbac68_6931,12126.829
00bbac68_6932,12126.825
00bbac68_6933,12126.822
00bbac68_6934,12126.82
00bbac68_6935,12126.816
00bbac68_6936,12126.8125
00bbac68_6937,12126.807
00bbac68_6938,12126.802
00bbac68_6939,12126.797
00bbac68_6940,12126.791
00bbac68_6941,12126.786
00bbac68_6942,12126.782
00bbac68_6943,12126.777
00bbac68_6944,12126.772
00bbac68_6945,12126.767
00bbac68_6946,12126.759
00bbac68_6947,12126.753
00bbac68_6948,12126.746
00bbac68_6949,12126.738
00bbac68_6950,12126.73
00bbac68_6951,12126.723
00bbac68_6952,12126.717
00bbac68_6953,12126.71
00bbac68_6954,12126.704
00bbac68_6955,12126.699
00bbac68_6956,12126.692
00bbac68_6957,12126.687
00bbac68_6958,12126.678
00bbac68_6959,12126.671
00bbac68_6960,12126.665
00bbac68_6961,12126.658
00bbac68_6962,12126.651
00bbac68_6963,12126.6455
00bbac68_6964,12126.64
00bbac68_6965,12126.635
00bbac68_6966,12126.633
00bbac68_6967,12126.63
00bbac68_6968,12126.629
00bbac68_6969,12126.628
00bbac68_6970,12126.628
00bbac68_6971,12126.625
00bbac68_6972,12126.622
00bbac68_6973,12126.62
00bbac68_6974,12126.617
00bbac68_6975,12126.613
00bbac68_6976,12126.609
00bbac68_6977,12126.606
00bbac68_6978,12126.601
00bbac68_6979,12126.6
00bbac68_6980,12126.598
00bbac68_6981,12126.594
00bbac68_6982,12126.591
00bbac68_6983,12126.587
00bbac68_6984,12126.581
00bbac68_6985,12126.58
00bbac68_6986,12126.577
00bbac68_6987,12126.572
00bbac68_6988,12126.57
00bbac68_6989,12126.566
00bbac68_6990,12126.562
00bbac68_6991,12126.559
00bbac68_6992,12126.558
00bbac68_6993,12126.558
00bbac68_6994,12126.556
00bbac68_6995,12126.554
00bbac68_6996,12126.549
00bbac68_6997,12126.541
00bbac68_6998,12126.533
00bbac68_6999,12126.526
00bbac68_7000,12126.521
00bbac68_7001,12126.516
00bbac68_7002,12126.509
00bbac68_7003,12126.502
00bbac68_7004,12126.496
00bbac68_7005,12126.49
00bbac68_7006,12126.484
00bbac68_7007,12126.478
00bbac68_7008,12126.47
00bbac68_7009,12126.462
00bbac68_7010,12126.453
00bbac68_7011,12126.442
00bbac68_7012,12126.434
00bbac68_7013,12126.423
00bbac68_7014,12126.411
00bbac68_7015,12126.4
00bbac68_7016,12126.389
00bbac68_7017,12126.375
00bbac68_7018,12126.363
00bbac68_7019,12126.349
00bbac68_7020,12126.334
00bbac68_7021,12126.317
00bbac68_7022,12126.299
00bbac68_7023,12126.284
00bbac68_7024,12126.268
00bbac68_7025,12126.253
00bbac68_7026,12126.239
00bbac68_7027,12126.226
00bbac68_7028,12126.211
00bbac68_7029,12126.198
00bbac68_7030,12126.186
00bbac68_7031,12126.17
00bbac68_7032,12126.157
00bbac68_7033,12126.144
00bbac68_7034,12126.13
00bbac68_7035,12126.116
00bbac68_7036,12126.104
00bbac68_7037,12126.092
00bbac68_7038,12126.08
00bbac68_7039,12126.07
00bbac68_7040,12126.061
00bbac68_7041,12126.054
00bbac68_7042,12126.048
00bbac68_7043,12126.042
00bbac68_7044,12126.038
00bbac68_7045,12126.033
00bbac68_7046,12126.028
00bbac68_7047,12126.0205
00bbac68_7048,12126.014
00bbac68_7049,12126.007
00bbac68_7050,12125.999
00bbac68_7051,12125.989
00bbac68_7052,12125.9795
00bbac68_7053,12125.971
00bbac68_7054,12125.96
00bbac68_7055,12125.948
00bbac68_7056,12125.936
00bbac68_7057,12125.924
00bbac68_7058,12125.911
00bbac68_7059,12125.899
00bbac68_7060,12125.889
00bbac68_7061,12125.878
00bbac68_7062,12125.868
00bbac68_7063,12125.859
00bbac68_7064,12125.848
00bbac68_7065,12125.837
00bbac68_7066,12125.824
00bbac68_7067,12125.812
00bbac68_7068,12125.801
00bbac68_7069,12125.79
00bbac68_7070,12125.78
00bbac68_7071,12125.7705
00bbac68_7072,12125.761
00bbac68_7073,12125.751
00bbac68_7074,12125.742
00bbac68_7075,12125.73
00bbac68_7076,12125.72
00bbac68_7077,12125.711
00bbac68_7078,12125.703
00bbac68_7079,12125.696
00bbac68_7080,12125.689
00bbac68_7081,12125.684
00bbac68_7082,12125.678
00bbac68_7083,12125.675
00bbac68_7084,12125.67
00bbac68_7085,12125.666
00bbac68_7086,12125.663
00bbac68_7087,12125.658
00bbac68_7088,12125.651
00bbac68_7089,12125.647
00bbac68_7090,12125.643
00bbac68_7091,12125.638
00bbac68_7092,12125.634
00bbac68_7093,12125.63
00bbac68_7094,12125.629
00bbac68_7095,12125.625
00bbac68_7096,12125.619
00bbac68_7097,12125.614
00bbac68_7098,12125.611
00bbac68_7099,12125.608
00bbac68_7100,12125.604
00bbac68_7101,12125.599
00bbac68_7102,12125.596
00bbac68_7103,12125.593
00bbac68_7104,12125.591
00bbac68_7105,12125.588
00bbac68_7106,12125.585
00bbac68_7107,12125.58
00bbac68_7108,12125.578
00bbac68_7109,12125.571
00bbac68_7110,12125.569
00bbac68_7111,12125.567
00bbac68_7112,12125.5625
00bbac68_7113,12125.56
00bbac68_7114,12125.558
00bbac68_7115,12125.557
00bbac68_7116,12125.555
00bbac68_7117,12125.554
00bbac68_7118,12125.554
00bbac68_7119,12125.555
00bbac68_7120,12125.555
00bbac68_7121,12125.555
00bbac68_7122,12125.554
00bbac68_7123,12125.554
00bbac68_7124,12125.553
00bbac68_7125,12125.552
00bbac68_7126,12125.553
00bbac68_7127,12125.554
00bbac68_7128,12125.553
00bbac68_7129,12125.549
00bbac68_7130,12125.548
00bbac68_7131,12125.546
00bbac68_7132,12125.544
00bbac68_7133,12125.539
00bbac68_7134,12125.533
00bbac68_7135,12125.527
00bbac68_7136,12125.519
00bbac68_7137,12125.511
00bbac68_7138,12125.504
00bbac68_7139,12125.498
00bbac68_7140,12125.491
00bbac68_7141,12125.487
00bbac68_7142,12125.482
00bbac68_7143,12125.479
00bbac68_7144,12125.471
00bbac68_7145,12125.462
00bbac68_7146,12125.452
00bbac68_7147,12125.442
00bbac68_7148,12125.431
00bbac68_7149,12125.42
00bbac68_7150,12125.411
00bbac68_7151,12125.402
00bbac68_7152,12125.394
00bbac68_7153,12125.382
00bbac68_7154,12125.37
00bbac68_7155,12125.36
00bbac68_7156,12125.354
00bbac68_7157,12125.348
00bbac68_7158,12125.341
00bbac68_7159,12125.333
00bbac68_7160,12125.324
00bbac68_7161,12125.316
00bbac68_7162,12125.308
00bbac68_7163,12125.3
00bbac68_7164,12125.294
00bbac68_7165,12125.285
00bbac68_7166,12125.274
00bbac68_7167,12125.267
00bbac68_7168,12125.255
00bbac68_7169,12125.246
00bbac68_7170,12125.239
00bbac68_7171,12125.232
00bbac68_7172,12125.226
00bbac68_7173,12125.222
00bbac68_7174,12125.217
00bbac68_7175,12125.209
00bbac68_7176,12125.204
00bbac68_7177,12125.197
00bbac68_7178,12125.19
00bbac68_7179,12125.183
00bbac68_7180,12125.176
00bbac68_7181,12125.169
00bbac68_7182,12125.161
00bbac68_7183,12125.151
00bbac68_7184,12125.145
00bbac68_7185,12125.139
00bbac68_7186,12125.132
00bbac68_7187,12125.126
00bbac68_7188,12125.115
00bbac68_7189,12125.105
00bbac68_7190,12125.095
00bbac68_7191,12125.084
00bbac68_7192,12125.073
00bbac68_7193,12125.063
00bbac68_7194,12125.054
00bbac68_7195,12125.043
00bbac68_7196,12125.03
00bbac68_7197,12125.017
00bbac68_7198,12125.006
00bbac68_7199,12124.994
00bbac68_7200,12124.981
00bbac68_7201,12124.97
00bbac68_7202,12124.964
00bbac68_7203,12124.956
00bbac68_7204,12124.946
00bbac68_7205,12124.9375
00bbac68_7206,12124.93
00bbac68_7207,12124.925
00bbac68_7208,12124.919
00bbac68_7209,12124.912
00bbac68_7210,12124.903
00bbac68_7211,12124.893
00bbac68_7212,12124.886
00bbac68_7213,12124.884
00bbac68_7214,12124.881
00bbac68_7215,12124.879
00bbac68_7216,12124.88
00bbac68_7217,12124.882
00bbac68_7218,12124.887
00bbac68_7219,12124.891
00bbac68_7220,12124.892
00bbac68_7221,12124.89
00bbac68_7222,12124.887
00bbac68_7223,12124.881
00bbac68_7224,12124.877
00bbac68_7225,12124.872
00bbac68_7226,12124.868
00bbac68_7227,12124.863
00bbac68_7228,12124.858
00bbac68_7229,12124.854
00bbac68_7230,12124.85
00bbac68_7231,12124.843
00bbac68_7232,12124.834
00bbac68_7233,12124.826
00bbac68_7234,12124.818
00bbac68_7235,12124.8125
00bbac68_7236,12124.808
00bbac68_7237,12124.803
00bbac68_7238,12124.801
00bbac68_7239,12124.797
00bbac68_7240,12124.793
00bbac68_7241,12124.793
00bbac68_7242,12124.791
00bbac68_7243,12124.785
00bbac68_7244,12124.779
00bbac68_7245,12124.771
00bbac68_7246,12124.765
00bbac68_7247,12124.757
00bbac68_7248,12124.752
00bbac68_7249,12124.744
00bbac68_7250,12124.736
00bbac68_7251,12124.73
00bbac68_7252,12124.724
00bbac68_7253,12124.716
00bbac68_7254,12124.71
00bbac68_7255,12124.705
00bbac68_7256,12124.699
00bbac68_7257,12124.693
00bbac68_7258,12124.684
00bbac68_7259,12124.677
00bbac68_7260,12124.669
00bbac68_7261,12124.661
00bbac68_7262,12124.651
00bbac68_7263,12124.645
00bbac68_7264,12124.64
00bbac68_7265,12124.632
00bbac68_7266,12124.626
00bbac68_7267,12124.619
00bbac68_7268,12124.613
00bbac68_7269,12124.6045
00bbac68_7270,12124.594
00bbac68_7271,12124.585
00bbac68_7272,12124.576
00bbac68_7273,12124.569
00bbac68_7274,12124.562
00bbac68_7275,12124.553
00bbac68_7276,12124.547
00bbac68_7277,12124.54
00bbac68_7278,12124.534
00bbac68_7279,12124.528
00bbac68_7280,12124.515
00bbac68_7281,12124.498
00bbac68_7282,12124.482
00bbac68_7283,12124.469
00bbac68_7284,12124.455
00bbac68_7285,12124.445
00bbac68_7286,12124.433
00bbac68_7287,12124.421
00bbac68_7288,12124.406
00bbac68_7289,12124.393
00bbac68_7290,12124.381
00bbac68_7291,12124.366
00bbac68_7292,12124.352
00bbac68_7293,12124.336
00bbac68_7294,12124.316
00bbac68_7295,12124.3
00bbac68_7296,12124.284
00bbac68_7297,12124.269
00bbac68_7298,12124.257
00bbac68_7299,12124.243
00bbac68_7300,12124.229
00bbac68_7301,12124.213
00bbac68_7302,12124.199
00bbac68_7303,12124.184
00bbac68_7304,12124.169
00bbac68_7305,12124.156
00bbac68_7306,12124.143
00bbac68_7307,12124.128
00bbac68_7308,12124.111
00bbac68_7309,12124.096
00bbac68_7310,12124.078
00bbac68_7311,12124.0625
00bbac68_7312,12124.048
00bbac68_7313,12124.033
00bbac68_7314,12124.02
00bbac68_7315,12124.006
00bbac68_7316,12123.993
00bbac68_7317,12123.977
00bbac68_7318,12123.961
00bbac68_7319,12123.945
00bbac68_7320,12123.933
00bbac68_7321,12123.92
00bbac68_7322,12123.909
00bbac68_7323,12123.8955
00bbac68_7324,12123.883
00bbac68_7325,12123.872
00bbac68_7326,12123.862
00bbac68_7327,12123.854
00bbac68_7328,12123.844
00bbac68_7329,12123.834
00bbac68_7330,12123.825
00bbac68_7331,12123.815
00bbac68_7332,12123.806
00bbac68_7333,12123.796
00bbac68_7334,12123.785
00bbac68_7335,12123.775
00bbac68_7336,12123.768
00bbac68_7337,12123.76
00bbac68_7338,12123.751
00bbac68_7339,12123.742
00bbac68_7340,12123.73
00bbac68_7341,12123.721
00bbac68_7342,12123.71
00bbac68_7343,12123.699
00bbac68_7344,12123.688
00bbac68_7345,12123.675
00bbac68_7346,12123.662
00bbac68_7347,12123.649
00bbac68_7348,12123.64
00bbac68_7349,12123.629
00bbac68_7350,12123.618
00bbac68_7351,12123.608
00bbac68_7352,12123.601
00bbac68_7353,12123.593
00bbac68_7354,12123.584
00bbac68_7355,12123.576
00bbac68_7356,12123.571
00bbac68_7357,12123.565
00bbac68_7358,12123.558
00bbac68_7359,12123.552
00bbac68_7360,12123.544
00bbac68_7361,12123.536
00bbac68_7362,12123.528
00bbac68_7363,12123.519
00bbac68_7364,12123.51
00bbac68_7365,12123.5
00bbac68_7366,12123.491
00bbac68_7367,12123.482
00bbac68_7368,12123.475
00bbac68_7369,12123.47
00bbac68_7370,12123.464
00bbac68_7371,12123.458
00bbac68_7372,12123.454
00bbac68_7373,12123.445
00bbac68_7374,12123.438
00bbac68_7375,12123.433
00bbac68_7376,12123.429
00bbac68_7377,12123.425
00bbac68_7378,12123.418
00bbac68_7379,12123.411
00bbac68_7380,12123.404
00bbac68_7381,12123.398
00bbac68_7382,12123.392
00bbac68_7383,12123.384
00bbac68_7384,12123.376
00bbac68_7385,12123.368
00bbac68_7386,12123.359
00bbac68_7387,12123.351
00bbac68_7388,12123.344
00bbac68_7389,12123.337
00bbac68_7390,12123.33
00bbac68_7391,12123.323
00bbac68_7392,12123.317
00bbac68_7393,12123.3125
00bbac68_7394,12123.308
00bbac68_7395,12123.3
00bbac68_7396,12123.294
00bbac68_7397,12123.288
00bbac68_7398,12123.281
00bbac68_7399,12123.272
00bbac68_7400,12123.266
00bbac68_7401,12123.259
00bbac68_7402,12123.255
00bbac68_7403,12123.249
00bbac68_7404,12123.242
00bbac68_7405,12123.236
00bbac68_7406,12123.231
00bbac68_7407,12123.226
00bbac68_7408,12123.222
00bbac68_7409,12123.214
00bbac68_7410,12123.208
00bbac68_7411,12123.201
00bbac68_7412,12123.195
00bbac68_7413,12123.189
00bbac68_7414,12123.184
00bbac68_7415,12123.178
00bbac68_7416,12123.172
00bbac68_7417,12123.166
00bbac68_7418,12123.16
00bbac68_7419,12123.154
00bbac68_7420,12123.148
00bbac68_7421,12123.143
00bbac68_7422,12123.137
00bbac68_7423,12123.132
00bbac68_7424,12123.126
00bbac68_7425,12123.12
00bbac68_7426,12123.115
00bbac68_7427,12123.109
00bbac68_7428,12123.1045
00bbac68_7429,12123.099
00bbac68_7430,12123.094
00bbac68_7431,12123.088
00bbac68_7432,12123.083
00bbac68_7433,12123.078
00bbac68_7434,12123.072
00bbac68_7435,12123.067
00bbac68_7436,12123.0625
00bbac68_7437,12123.058
00bbac68_7438,12123.053
00bbac68_7439,12123.048
00bbac68_7440,12123.043
00bbac68_7441,12123.038
00bbac68_7442,12123.033
00bbac68_7443,12123.028
00bbac68_7444,12123.023
00bbac68_7445,12123.019
00bbac68_7446,12123.015
00bbac68_7447,12123.01
00bbac68_7448,12123.005
00bbac68_7449,12123.001
00bbac68_7450,12122.996
00bbac68_7451,12122.991
00bbac68_7452,12122.987
00bbac68_7453,12122.983
00bbac68_7454,12122.979
00bbac68_7455,12122.975
00bbac68_7456,12122.97
00bbac68_7457,12122.966
00bbac68_7458,12122.962
00bbac68_7459,12122.958
00bbac68_7460,12122.954
00bbac68_7461,12122.95
00bbac68_7462,12122.946
00bbac68_7463,12122.942
00bbac68_7464,12122.938
00bbac68_7465,12122.935
00bbac68_7466,12122.931
00bbac68_7467,12122.927
00bbac68_7468,12122.923
00bbac68_7469,12122.919
00bbac68_7470,12122.916
00bbac68_7471,12122.912
00bbac68_7472,12122.908
00bbac68_7473,12122.905
00bbac68_7474,12122.901
00bbac68_7475,12122.898
00bbac68_7476,12122.895
00bbac68_7477,12122.892
00bbac68_7478,12122.889
00bbac68_7479,12122.885
00bbac68_7480,12122.882
00bbac68_7481,12122.879
00bbac68_7482,12122.876
00bbac68_7483,12122.873
00bbac68_7484,12122.869
00bbac68_7485,12122.866
00bbac68_7486,12122.863
00bbac68_7487,12122.86
00bbac68_7488,12122.857
00bbac68_7489,12122.855
00bbac68_7490,12122.853
00bbac68_7491,12122.85
00bbac68_7492,12122.847
00bbac68_7493,12122.845
00bbac68_7494,12122.842
00bbac68_7495,12122.839
00bbac68_7496,12122.837
00bbac68_7497,12122.834
00bbac68_7498,12122.832
00bbac68_7499,12122.829
00bbac68_7500,12122.827
00bbac68_7501,12122.824
00bbac68_7502,12122.822
00bbac68_7503,12122.82
00bbac68_7504,12122.818
00bbac68_7505,12122.815
00bbac68_7506,12122.813
00bbac68_7507,12122.812
00bbac68_7508,12122.81
00bbac68_7509,12122.808
00bbac68_7510,12122.806
00bbac68_7511,12122.804
00bbac68_7512,12122.802
00bbac68_7513,12122.801
00bbac68_7514,12122.799
00bbac68_7515,12122.797
00bbac68_7516,12122.795
00bbac68_7517,12122.794
00bbac68_7518,12122.792
00bbac68_7519,12122.79
00bbac68_7520,12122.789
00bbac68_7521,12122.787
00bbac68_7522,12122.786
00bbac68_7523,12122.785
00bbac68_7524,12122.783
00bbac68_7525,12122.782
00bbac68_7526,12122.781
00bbac68_7527,12122.779
00bbac68_7528,12122.778
00bbac68_7529,12122.777
00bbac68_7530,12122.776
00bbac68_7531,12122.775
00bbac68_7532,12122.774
00bbac68_7533,12122.773
00bbac68_7534,12122.772
00bbac68_7535,12122.771
00bbac68_7536,12122.7705
00bbac68_7537,12122.7705
00bbac68_7538,12122.77
00bbac68_7539,12122.769
00bbac68_7540,12122.768
00bbac68_7541,12122.768
00bbac68_7542,12122.767
00bbac68_7543,12122.767
00bbac68_7544,12122.766
00bbac68_7545,12122.766
00bbac68_7546,12122.765
00bbac68_7547,12122.765
00bbac68_7548,12122.765
00bbac68_7549,12122.764
00bbac68_7550,12122.764
00bbac68_7551,12122.764
00bbac68_7552,12122.764
00bbac68_7553,12122.764
00bbac68_7554,12122.764
00bbac68_7555,12122.764
00bbac68_7556,12122.764
00bbac68_7557,12122.764
00bbac68_7558,12122.764
00e12e8b_2083,11532.663
00e12e8b_2084,11532.665
00e12e8b_2085,11532.666
00e12e8b_2086,11532.668
00e12e8b_2087,11532.671
00e12e8b_2088,11532.666
00e12e8b_2089,11532.66
00e12e8b_2090,11532.657
00e12e8b_2091,11532.652
00e12e8b_2092,11532.649
00e12e8b_2093,11532.647
00e12e8b_2094,11532.645
00e12e8b_2095,11532.643
00e12e8b_2096,11532.64
00e12e8b_2097,11532.637
00e12e8b_2098,11532.634
00e12e8b_2099,11532.632
00e12e8b_2100,11532.628
00e12e8b_2101,11532.624
00e12e8b_2102,11532.618
00e12e8b_2103,11532.613
00e12e8b_2104,11532.608
00e12e8b_2105,11532.6045
00e12e8b_2106,11532.599
00e12e8b_2107,11532.595
00e12e8b_2108,11532.591
00e12e8b_2109,11532.587
00e12e8b_2110,11532.584
00e12e8b_2111,11532.581
00e12e8b_2112,11532.579
00e12e8b_2113,11532.575
00e12e8b_2114,11532.569
00e12e8b_2115,11532.563
00e12e8b_2116,11532.558
00e12e8b_2117,11532.552
00e12e8b_2118,11532.547
00e12e8b_2119,11532.542
00e12e8b_2120,11532.537
00e12e8b_2121,11532.533
00e12e8b_2122,11532.528
00e12e8b_2123,11532.525
00e12e8b_2124,11532.521
00e12e8b_2125,11532.518
00e12e8b_2126,11532.513
00e12e8b_2127,11532.507
00e12e8b_2128,11532.503
00e12e8b_2129,11532.499
00e12e8b_2130,11532.493
00e12e8b_2131,11532.49
00e12e8b_2132,11532.486
00e12e8b_2133,11532.483
00e12e8b_2134,11532.482
00e12e8b_2135,11532.48
00e12e8b_2136,11532.478
00e12e8b_2137,11532.479
00e12e8b_2138,11532.478
00e12e8b_2139,11532.476
00e12e8b_2140,11532.474
00e12e8b_2141,11532.475
00e12e8b_2142,11532.476
00e12e8b_2143,11532.479
00e12e8b_2144,11532.481
00e12e8b_2145,11532.485
00e12e8b_2146,11532.489
00e12e8b_2147,11532.494
00e12e8b_2148,11532.498
00e12e8b_2149,11532.503
00e12e8b_2150,11532.508
00e12e8b_2151,11532.515
00e12e8b_2152,11532.522
00e12e8b_2153,11532.53
00e12e8b_2154,11532.538
00e12e8b_2155,11532.545
00e12e8b_2156,11532.552
00e12e8b_2157,11532.558
00e12e8b_2158,11532.5625
00e12e8b_2159,11532.568
00e12e8b_2160,11532.575
00e12e8b_2161,11532.578
00e12e8b_2162,11532.584
00e12e8b_2163,11532.591
00e12e8b_2164,11532.598
00e12e8b_2165,11532.603
00e12e8b_2166,11532.606
00e12e8b_2167,11532.612
00e12e8b_2168,11532.617
00e12e8b_2169,11532.621
00e12e8b_2170,11532.626
00e12e8b_2171,11532.632
00e12e8b_2172,11532.636
00e12e8b_2173,11532.64
00e12e8b_2174,11532.647
00e12e8b_2175,11532.651
00e12e8b_2176,11532.655
00e12e8b_2177,11532.66
00e12e8b_2178,11532.667
00e12e8b_2179,11532.677
00e12e8b_2180,11532.685
00e12e8b_2181,11532.688
00e12e8b_2182,11532.696
00e12e8b_2183,11532.704
00e12e8b_2184,11532.71
00e12e8b_2185,11532.718
00e12e8b_2186,11532.728
00e12e8b_2187,11532.736
00e12e8b_2188,11532.746
00e12e8b_2189,11532.757
00e12e8b_2190,11532.767
00e12e8b_2191,11532.778
00e12e8b_2192,11532.789
00e12e8b_2193,11532.801
00e12e8b_2194,11532.811
00e12e8b_2195,11532.822
00e12e8b_2196,11532.833
00e12e8b_2197,11532.845
00e12e8b_2198,11532.857
00e12e8b_2199,11532.868
00e12e8b_2200,11532.88
00e12e8b_2201,11532.892
00e12e8b_2202,11532.901
00e12e8b_2203,11532.914
00e12e8b_2204,11532.928
00e12e8b_2205,11532.939
00e12e8b_2206,11532.951
00e12e8b_2207,11532.965
00e12e8b_2208,11532.978
00e12e8b_2209,11532.992
00e12e8b_2210,11533.006
00e12e8b_2211,11533.0205
00e12e8b_2212,11533.034
00e12e8b_2213,11533.048
00e12e8b_2214,11533.063
00e12e8b_2215,11533.08
00e12e8b_2216,11533.092
00e12e8b_2217,11533.108
00e12e8b_2218,11533.127
00e12e8b_2219,11533.143
00e12e8b_2220,11533.159
00e12e8b_2221,11533.177
00e12e8b_2222,11533.195
00e12e8b_2223,11533.216
00e12e8b_2224,11533.235
00e12e8b_2225,11533.255
00e12e8b_2226,11533.273
00e12e8b_2227,11533.292
00e12e8b_2228,11533.311
00e12e8b_2229,11533.33
00e12e8b_2230,11533.348
00e12e8b_2231,11533.362
00e12e8b_2232,11533.377
00e12e8b_2233,11533.389
00e12e8b_2234,11533.399
00e12e8b_2235,11533.41
00e12e8b_2236,11533.422
00e12e8b_2237,11533.433
00e12e8b_2238,11533.441
00e12e8b_2239,11533.451
00e12e8b_2240,11533.46
00e12e8b_2241,11533.47
00e12e8b_2242,11533.4795
00e12e8b_2243,11533.489
00e12e8b_2244,11533.501
00e12e8b_2245,11533.512
00e12e8b_2246,11533.522
00e12e8b_2247,11533.534
00e12e8b_2248,11533.545
00e12e8b_2249,11533.557
00e12e8b_2250,11533.567
00e12e8b_2251,11533.579
00e12e8b_2252,11533.589
00e12e8b_2253,11533.6
00e12e8b_2254,11533.61
00e12e8b_2255,11533.621
00e12e8b_2256,11533.632
00e12e8b_2257,11533.643
00e12e8b_2258,11533.655
00e12e8b_2259,11533.666
00e12e8b_2260,11533.679
00e12e8b_2261,11533.69
00e12e8b_2262,11533.705
00e12e8b_2263,11533.72
00e12e8b_2264,11533.734
00e12e8b_2265,11533.751
00e12e8b_2266,11533.767
00e12e8b_2267,11533.781
00e12e8b_2268,11533.797
00e12e8b_2269,11533.8125
00e12e8b_2270,11533.83
00e12e8b_2271,11533.848
00e12e8b_2272,11533.864
00e12e8b_2273,11533.878
00e12e8b_2274,11533.894
00e12e8b_2275,11533.908
00e12e8b_2276,11533.922
00e12e8b_2277,11533.938
00e12e8b_2278,11533.952
00e12e8b_2279,11533.968
00e12e8b_2280,11533.983
00e12e8b_2281,11534.0
00e12e8b_2282,11534.016
00e12e8b_2283,11534.031
00e12e8b_2284,11534.048
00e12e8b_2285,11534.065
00e12e8b_2286,11534.082
00e12e8b_2287,11534.103
00e12e8b_2288,11534.121
00e12e8b_2289,11534.14
00e12e8b_2290,11534.159
00e12e8b_2291,11534.18
00e12e8b_2292,11534.199
00e12e8b_2293,11534.219
00e12e8b_2294,11534.241
00e12e8b_2295,11534.262
00e12e8b_2296,11534.282
00e12e8b_2297,11534.303
00e12e8b_2298,11534.324
00e12e8b_2299,11534.344
00e12e8b_2300,11534.363
00e12e8b_2301,11534.383
00e12e8b_2302,11534.402
00e12e8b_2303,11534.421
00e12e8b_2304,11534.44
00e12e8b_2305,11534.46
00e12e8b_2306,11534.479
00e12e8b_2307,11534.496
00e12e8b_2308,11534.513
00e12e8b_2309,11534.528
00e12e8b_2310,11534.542
00e12e8b_2311,11534.556
00e12e8b_2312,11534.568
00e12e8b_2313,11534.581
00e12e8b_2314,11534.595
00e12e8b_2315,11534.607
00e12e8b_2316,11534.619
00e12e8b_2317,11534.634
00e12e8b_2318,11534.646
00e12e8b_2319,11534.659
00e12e8b_2320,11534.674
00e12e8b_2321,11534.687
00e12e8b_2322,11534.698
00e12e8b_2323,11534.71
00e12e8b_2324,11534.721
00e12e8b_2325,11534.731
00e12e8b_2326,11534.741
00e12e8b_2327,11534.751
00e12e8b_2328,11534.761
00e12e8b_2329,11534.7705
00e12e8b_2330,11534.781
00e12e8b_2331,11534.794
00e12e8b_2332,11534.807
00e12e8b_2333,11534.819
00e12e8b_2334,11534.834
00e12e8b_2335,11534.848
00e12e8b_2336,11534.86
00e12e8b_2337,11534.873
00e12e8b_2338,11534.883
00e12e8b_2339,11534.896
00e12e8b_2340,11534.906
00e12e8b_2341,11534.912
00e12e8b_2342,11534.918
00e12e8b_2343,11534.921
00e12e8b_2344,11534.927
00e12e8b_2345,11534.929
00e12e8b_2346,11534.929
00e12e8b_2347,11534.93
00e12e8b_2348,11534.929
00e12e8b_2349,11534.927
00e12e8b_2350,11534.928
00e12e8b_2351,11534.928
00e12e8b_2352,11534.929
00e12e8b_2353,11534.931
00e12e8b_2354,11534.933
00e12e8b_2355,11534.936
00e12e8b_2356,11534.939
00e12e8b_2357,11534.942
00e12e8b_2358,11534.946
00e12e8b_2359,11534.949
00e12e8b_2360,11534.952
00e12e8b_2361,11534.956
00e12e8b_2362,11534.961
00e12e8b_2363,11534.964
00e12e8b_2364,11534.968
00e12e8b_2365,11534.972
00e12e8b_2366,11534.977
00e12e8b_2367,11534.983
00e12e8b_2368,11534.993
00e12e8b_2369,11535.001
00e12e8b_2370,11535.01
00e12e8b_2371,11535.019
00e12e8b_2372,11535.025
00e12e8b_2373,11535.031
00e12e8b_2374,11535.037
00e12e8b_2375,11535.041
00e12e8b_2376,11535.044
00e12e8b_2377,11535.047
00e12e8b_2378,11535.048
00e12e8b_2379,11535.05
00e12e8b_2380,11535.05
00e12e8b_2381,11535.048
00e12e8b_2382,11535.047
00e12e8b_2383,11535.045
00e12e8b_2384,11535.042
00e12e8b_2385,11535.041
00e12e8b_2386,11535.039
00e12e8b_2387,11535.035
00e12e8b_2388,11535.031
00e12e8b_2389,11535.034
00e12e8b_2390,11535.037
00e12e8b_2391,11535.041
00e12e8b_2392,11535.046
00e12e8b_2393,11535.049
00e12e8b_2394,11535.051
00e12e8b_2395,11535.054
00e12e8b_2396,11535.056
00e12e8b_2397,11535.058
00e12e8b_2398,11535.061
00e12e8b_2399,11535.064
00e12e8b_2400,11535.066
00e12e8b_2401,11535.068
00e12e8b_2402,11535.074
00e12e8b_2403,11535.081
00e12e8b_2404,11535.088
00e12e8b_2405,11535.096
00e12e8b_2406,11535.104
00e12e8b_2407,11535.111
00e12e8b_2408,11535.119
00e12e8b_2409,11535.126
00e12e8b_2410,11535.133
00e12e8b_2411,11535.139
00e12e8b_2412,11535.146
00e12e8b_2413,11535.153
00e12e8b_2414,11535.161
00e12e8b_2415,11535.171
00e12e8b_2416,11535.182
00e12e8b_2417,11535.193
00e12e8b_2418,11535.205
00e12e8b_2419,11535.217
00e12e8b_2420,11535.229
00e12e8b_2421,11535.24
00e12e8b_2422,11535.253
00e12e8b_2423,11535.267
00e12e8b_2424,11535.28
00e12e8b_2425,11535.293
00e12e8b_2426,11535.307
00e12e8b_2427,11535.32
00e12e8b_2428,11535.334
00e12e8b_2429,11535.347
00e12e8b_2430,11535.358
00e12e8b_2431,11535.372
00e12e8b_2432,11535.384
00e12e8b_2433,11535.397
00e12e8b_2434,11535.409
00e12e8b_2435,11535.419
00e12e8b_2436,11535.429
00e12e8b_2437,11535.4375
00e12e8b_2438,11535.445
00e12e8b_2439,11535.452
00e12e8b_2440,11535.46
00e12e8b_2441,11535.469
00e12e8b_2442,11535.476
00e12e8b_2443,11535.481
00e12e8b_2444,11535.485
00e12e8b_2445,11535.49
00e12e8b_2446,11535.494
00e12e8b_2447,11535.498
00e12e8b_2448,11535.501
00e12e8b_2449,11535.503
00e12e8b_2450,11535.504
00e12e8b_2451,11535.508
00e12e8b_2452,11535.506
00e12e8b_2453,11535.502
00e12e8b_2454,11535.499
00e12e8b_2455,11535.495
00e12e8b_2456,11535.49
00e12e8b_2457,11535.489
00e12e8b_2458,11535.485
00e12e8b_2459,11535.482
00e12e8b_2460,11535.4795
00e12e8b_2461,11535.475
00e12e8b_2462,11535.472
00e12e8b_2463,11535.466
00e12e8b_2464,11535.46
00e12e8b_2465,11535.452
00e12e8b_2466,11535.446
00e12e8b_2467,11535.44
00e12e8b_2468,11535.434
00e12e8b_2469,11535.428
00e12e8b_2470,11535.425
00e12e8b_2471,11535.42
00e12e8b_2472,11535.415
00e12e8b_2473,11535.41
00e12e8b_2474,11535.409
00e12e8b_2475,11535.402
00e12e8b_2476,11535.395
00e12e8b_2477,11535.388
00e12e8b_2478,11535.38
00e12e8b_2479,11535.371
00e12e8b_2480,11535.362
00e12e8b_2481,11535.3545
00e12e8b_2482,11535.35
00e12e8b_2483,11535.345
00e12e8b_2484,11535.339
00e12e8b_2485,11535.334
00e12e8b_2486,11535.326
00e12e8b_2487,11535.319
00e12e8b_2488,11535.313
00e12e8b_2489,11535.308
00e12e8b_2490,11535.301
00e12e8b_2491,11535.296
00e12e8b_2492,11535.289
00e12e8b_2493,11535.285
00e12e8b_2494,11535.28
00e12e8b_2495,11535.276
00e12e8b_2496,11535.272
00e12e8b_2497,11535.269
00e12e8b_2498,11535.266
00e12e8b_2499,11535.261
00e12e8b_2500,11535.257
00e12e8b_2501,11535.253
00e12e8b_2502,11535.251
00e12e8b_2503,11535.251
00e12e8b_2504,11535.248
00e12e8b_2505,11535.247
00e12e8b_2506,11535.246
00e12e8b_2507,11535.245
00e12e8b_2508,11535.241
00e12e8b_2509,11535.233
00e12e8b_2510,11535.226
00e12e8b_2511,11535.219
00e12e8b_2512,11535.211
00e12e8b_2513,11535.203
00e12e8b_2514,11535.195
00e12e8b_2515,11535.186
00e12e8b_2516,11535.177
00e12e8b_2517,11535.17
00e12e8b_2518,11535.16
00e12e8b_2519,11535.151
00e12e8b_2520,11535.142
00e12e8b_2521,11535.134
00e12e8b_2522,11535.125
00e12e8b_2523,11535.114
00e12e8b_2524,11535.103
00e12e8b_2525,11535.091
00e12e8b_2526,11535.081
00e12e8b_2527,11535.07
00e12e8b_2528,11535.06
00e12e8b_2529,11535.05
00e12e8b_2530,11535.038
00e12e8b_2531,11535.026
00e12e8b_2532,11535.016
00e12e8b_2533,11535.005
00e12e8b_2534,11534.996
00e12e8b_2535,11534.988
00e12e8b_2536,11534.98
00e12e8b_2537,11534.974
00e12e8b_2538,11534.967
00e12e8b_2539,11534.963
00e12e8b_2540,11534.959
00e12e8b_2541,11534.959
00e12e8b_2542,11534.957
00e12e8b_2543,11534.956
00e12e8b_2544,11534.956
00e12e8b_2545,11534.954
00e12e8b_2546,11534.954
00e12e8b_2547,11534.956
00e12e8b_2548,11534.955
00e12e8b_2549,11534.954
00e12e8b_2550,11534.955
00e12e8b_2551,11534.954
00e12e8b_2552,11534.953
00e12e8b_2553,11534.953
00e12e8b_2554,11534.953
00e12e8b_2555,11534.954
00e12e8b_2556,11534.955
00e12e8b_2557,11534.959
00e12e8b_2558,11534.963
00e12e8b_2559,11534.965
00e12e8b_2560,11534.969
00e12e8b_2561,11534.972
00e12e8b_2562,11534.975
00e12e8b_2563,11534.976
00e12e8b_2564,11534.975
00e12e8b_2565,11534.975
00e12e8b_2566,11534.973
00e12e8b_2567,11534.973
00e12e8b_2568,11534.973
00e12e8b_2569,11534.971
00e12e8b_2570,11534.971
00e12e8b_2571,11534.97
00e12e8b_2572,11534.968
00e12e8b_2573,11534.965
00e12e8b_2574,11534.963
00e12e8b_2575,11534.961
00e12e8b_2576,11534.958
00e12e8b_2577,11534.955
00e12e8b_2578,11534.952
00e12e8b_2579,11534.953
00e12e8b_2580,11534.952
00e12e8b_2581,11534.951
00e12e8b_2582,11534.949
00e12e8b_2583,11534.948
00e12e8b_2584,11534.946
00e12e8b_2585,11534.943
00e12e8b_2586,11534.942
00e12e8b_2587,11534.9375
00e12e8b_2588,11534.931
00e12e8b_2589,11534.928
00e12e8b_2590,11534.925
00e12e8b_2591,11534.92
00e12e8b_2592,11534.916
00e12e8b_2593,11534.913
00e12e8b_2594,11534.908
00e12e8b_2595,11534.902
00e12e8b_2596,11534.8955
00e12e8b_2597,11534.889
00e12e8b_2598,11534.882
00e12e8b_2599,11534.873
00e12e8b_2600,11534.865
00e12e8b_2601,11534.858
00e12e8b_2602,11534.85
00e12e8b_2603,11534.841
00e12e8b_2604,11534.833
00e12e8b_2605,11534.824
00e12e8b_2606,11534.813
00e12e8b_2607,11534.8
00e12e8b_2608,11534.787
00e12e8b_2609,11534.776
00e12e8b_2610,11534.766
00e12e8b_2611,11534.757
00e12e8b_2612,11534.748
00e12e8b_2613,11534.741
00e12e8b_2614,11534.733
00e12e8b_2615,11534.726
00e12e8b_2616,11534.718
00e12e8b_2617,11534.711
00e12e8b_2618,11534.702
00e12e8b_2619,11534.695
00e12e8b_2620,11534.689
00e12e8b_2621,11534.681
00e12e8b_2622,11534.673
00e12e8b_2623,11534.666
00e12e8b_2624,11534.659
00e12e8b_2625,11534.651
00e12e8b_2626,11534.644
00e12e8b_2627,11534.637
00e12e8b_2628,11534.63
00e12e8b_2629,11534.626
00e12e8b_2630,11534.624
00e12e8b_2631,11534.62
00e12e8b_2632,11534.615
00e12e8b_2633,11534.612
00e12e8b_2634,11534.608
00e12e8b_2635,11534.603
00e12e8b_2636,11534.598
00e12e8b_2637,11534.591
00e12e8b_2638,11534.587
00e12e8b_2639,11534.584
00e12e8b_2640,11534.58
00e12e8b_2641,11534.577
00e12e8b_2642,11534.577
00e12e8b_2643,11534.576
00e12e8b_2644,11534.576
00e12e8b_2645,11534.577
00e12e8b_2646,11534.577
00e12e8b_2647,11534.576
00e12e8b_2648,11534.576
00e12e8b_2649,11534.575
00e12e8b_2650,11534.576
00e12e8b_2651,11534.576
00e12e8b_2652,11534.577
00e12e8b_2653,11534.576
00e12e8b_2654,11534.575
00e12e8b_2655,11534.572
00e12e8b_2656,11534.569
00e12e8b_2657,11534.567
00e12e8b_2658,11534.564
00e12e8b_2659,11534.561
00e12e8b_2660,11534.557
00e12e8b_2661,11534.552
00e12e8b_2662,11534.545
00e12e8b_2663,11534.538
00e12e8b_2664,11534.532
00e12e8b_2665,11534.524
00e12e8b_2666,11534.517
00e12e8b_2667,11534.505
00e12e8b_2668,11534.492
00e12e8b_2669,11534.477
00e12e8b_2670,11534.462
00e12e8b_2671,11534.445
00e12e8b_2672,11534.428
00e12e8b_2673,11534.413
00e12e8b_2674,11534.399
00e12e8b_2675,11534.386
00e12e8b_2676,11534.374
00e12e8b_2677,11534.363
00e12e8b_2678,11534.349
00e12e8b_2679,11534.34
00e12e8b_2680,11534.331
00e12e8b_2681,11534.324
00e12e8b_2682,11534.317
00e12e8b_2683,11534.312
00e12e8b_2684,11534.305
00e12e8b_2685,11534.299
00e12e8b_2686,11534.288
00e12e8b_2687,11534.278
00e12e8b_2688,11534.2705
00e12e8b_2689,11534.264
00e12e8b_2690,11534.261
00e12e8b_2691,11534.257
00e12e8b_2692,11534.25
00e12e8b_2693,11534.244
00e12e8b_2694,11534.237
00e12e8b_2695,11534.2295
00e12e8b_2696,11534.223
00e12e8b_2697,11534.216
00e12e8b_2698,11534.209
00e12e8b_2699,11534.202
00e12e8b_2700,11534.192
00e12e8b_2701,11534.183
00e12e8b_2702,11534.175
00e12e8b_2703,11534.163
00e12e8b_2704,11534.149
00e12e8b_2705,11534.134
00e12e8b_2706,11534.117
00e12e8b_2707,11534.1
00e12e8b_2708,11534.08
00e12e8b_2709,11534.061
00e12e8b_2710,11534.041
00e12e8b_2711,11534.022
00e12e8b_2712,11534.003
00e12e8b_2713,11533.982
00e12e8b_2714,11533.961
00e12e8b_2715,11533.942
00e12e8b_2716,11533.924
00e12e8b_2717,11533.905
00e12e8b_2718,11533.888
00e12e8b_2719,11533.869
00e12e8b_2720,11533.851
00e12e8b_2721,11533.832
00e12e8b_2722,11533.813
00e12e8b_2723,11533.792
00e12e8b_2724,11533.771
00e12e8b_2725,11533.749
00e12e8b_2726,11533.728
00e12e8b_2727,11533.705
00e12e8b_2728,11533.684
00e12e8b_2729,11533.662
00e12e8b_2730,11533.643
00e12e8b_2731,11533.622
00e12e8b_2732,11533.601
00e12e8b_2733,11533.579
00e12e8b_2734,11533.556
00e12e8b_2735,11533.535
00e12e8b_2736,11533.515
00e12e8b_2737,11533.494
00e12e8b_2738,11533.473
00e12e8b_2739,11533.452
00e12e8b_2740,11533.432
00e12e8b_2741,11533.411
00e12e8b_2742,11533.391
00e12e8b_2743,11533.37
00e12e8b_2744,11533.349
00e12e8b_2745,11533.33
00e12e8b_2746,11533.31
00e12e8b_2747,11533.29
00e12e8b_2748,11533.27
00e12e8b_2749,11533.249
00e12e8b_2750,11533.2295
00e12e8b_2751,11533.212
00e12e8b_2752,11533.192
00e12e8b_2753,11533.175
00e12e8b_2754,11533.158
00e12e8b_2755,11533.142
00e12e8b_2756,11533.128
00e12e8b_2757,11533.114
00e12e8b_2758,11533.098
00e12e8b_2759,11533.083
00e12e8b_2760,11533.067
00e12e8b_2761,11533.053
00e12e8b_2762,11533.039
00e12e8b_2763,11533.026
00e12e8b_2764,11533.017
00e12e8b_2765,11533.005
00e12e8b_2766,11532.993
00e12e8b_2767,11532.982
00e12e8b_2768,11532.972
00e12e8b_2769,11532.959
00e12e8b_2770,11532.945
00e12e8b_2771,11532.934
00e12e8b_2772,11532.917
00e12e8b_2773,11532.902
00e12e8b_2774,11532.888
00e12e8b_2775,11532.869
00e12e8b_2776,11532.856
00e12e8b_2777,11532.844
00e12e8b_2778,11532.833
00e12e8b_2779,11532.823
00e12e8b_2780,11532.813
00e12e8b_2781,11532.804
00e12e8b_2782,11532.794
00e12e8b_2783,11532.785
00e12e8b_2784,11532.775
00e12e8b_2785,11532.767
00e12e8b_2786,11532.76
00e12e8b_2787,11532.754
00e12e8b_2788,11532.749
00e12e8b_2789,11532.746
00e12e8b_2790,11532.744
00e12e8b_2791,11532.744
00e12e8b_2792,11532.742
00e12e8b_2793,11532.742
00e12e8b_2794,11532.74
00e12e8b_2795,11532.739
00e12e8b_2796,11532.737
00e12e8b_2797,11532.734
00e12e8b_2798,11532.732
00e12e8b_2799,11532.73
00e12e8b_2800,11532.7295
00e12e8b_2801,11532.729
00e12e8b_2802,11532.729
00e12e8b_2803,11532.727
00e12e8b_2804,11532.721
00e12e8b_2805,11532.717
00e12e8b_2806,11532.713
00e12e8b_2807,11532.707
00e12e8b_2808,11532.698
00e12e8b_2809,11532.691
00e12e8b_2810,11532.6875
00e12e8b_2811,11532.683
00e12e8b_2812,11532.676
00e12e8b_2813,11532.667
00e12e8b_2814,11532.657
00e12e8b_2815,11532.649
00e12e8b_2816,11532.641
00e12e8b_2817,11532.632
00e12e8b_2818,11532.623
00e12e8b_2819,11532.616
00e12e8b_2820,11532.607
00e12e8b_2821,11532.601
00e12e8b_2822,11532.594
00e12e8b_2823,11532.588
00e12e8b_2824,11532.582
00e12e8b_2825,11532.576
00e12e8b_2826,11532.571
00e12e8b_2827,11532.564
00e12e8b_2828,11532.559
00e12e8b_2829,11532.554
00e12e8b_2830,11532.549
00e12e8b_2831,11532.547
00e12e8b_2832,11532.543
00e12e8b_2833,11532.54
00e12e8b_2834,11532.536
00e12e8b_2835,11532.533
00e12e8b_2836,11532.53
00e12e8b_2837,11532.527
00e12e8b_2838,11532.526
00e12e8b_2839,11532.524
00e12e8b_2840,11532.522
00e12e8b_2841,11532.52
00e12e8b_2842,11532.515
00e12e8b_2843,11532.51
00e12e8b_2844,11532.506
00e12e8b_2845,11532.501
00e12e8b_2846,11532.496
00e12e8b_2847,11532.493
00e12e8b_2848,11532.489
00e12e8b_2849,11532.488
00e12e8b_2850,11532.485
00e12e8b_2851,11532.483
00e12e8b_2852,11532.484
00e12e8b_2853,11532.481
00e12e8b_2854,11532.479
00e12e8b_2855,11532.474
00e12e8b_2856,11532.47
00e12e8b_2857,11532.461
00e12e8b_2858,11532.449
00e12e8b_2859,11532.438
00e12e8b_2860,11532.427
00e12e8b_2861,11532.414
00e12e8b_2862,11532.402
00e12e8b_2863,11532.391
00e12e8b_2864,11532.378
00e12e8b_2865,11532.369
00e12e8b_2866,11532.359
00e12e8b_2867,11532.35
00e12e8b_2868,11532.34
00e12e8b_2869,11532.33
00e12e8b_2870,11532.322
00e12e8b_2871,11532.313
00e12e8b_2872,11532.306
00e12e8b_2873,11532.297
00e12e8b_2874,11532.289
00e12e8b_2875,11532.284
00e12e8b_2876,11532.278
00e12e8b_2877,11532.275
00e12e8b_2878,11532.271
00e12e8b_2879,11532.266
00e12e8b_2880,11532.258
00e12e8b_2881,11532.252
00e12e8b_2882,11532.245
00e12e8b_2883,11532.238
00e12e8b_2884,11532.23
00e12e8b_2885,11532.225
00e12e8b_2886,11532.217
00e12e8b_2887,11532.21
00e12e8b_2888,11532.206
00e12e8b_2889,11532.202
00e12e8b_2890,11532.196
00e12e8b_2891,11532.1875
00e12e8b_2892,11532.182
00e12e8b_2893,11532.173
00e12e8b_2894,11532.165
00e12e8b_2895,11532.158
00e12e8b_2896,11532.15
00e12e8b_2897,11532.144
00e12e8b_2898,11532.137
00e12e8b_2899,11532.13
00e12e8b_2900,11532.124
00e12e8b_2901,11532.119
00e12e8b_2902,11532.113
00e12e8b_2903,11532.109
00e12e8b_2904,11532.105
00e12e8b_2905,11532.101
00e12e8b_2906,11532.097
00e12e8b_2907,11532.095
00e12e8b_2908,11532.096
00e12e8b_2909,11532.097
00e12e8b_2910,11532.098
00e12e8b_2911,11532.1
00e12e8b_2912,11532.103
00e12e8b_2913,11532.105
00e12e8b_2914,11532.113
00e12e8b_2915,11532.121
00e12e8b_2916,11532.129
00e12e8b_2917,11532.137
00e12e8b_2918,11532.1455
00e12e8b_2919,11532.154
00e12e8b_2920,11532.164
00e12e8b_2921,11532.171
00e12e8b_2922,11532.18
00e12e8b_2923,11532.1875
00e12e8b_2924,11532.193
00e12e8b_2925,11532.201
00e12e8b_2926,11532.211
00e12e8b_2927,11532.219
00e12e8b_2928,11532.227
00e12e8b_2929,11532.236
00e12e8b_2930,11532.241
00e12e8b_2931,11532.244
00e12e8b_2932,11532.244
00e12e8b_2933,11532.244
00e12e8b_2934,11532.243
00e12e8b_2935,11532.241
00e12e8b_2936,11532.241
00e12e8b_2937,11532.24
00e12e8b_2938,11532.241
00e12e8b_2939,11532.237
00e12e8b_2940,11532.233
00e12e8b_2941,11532.228
00e12e8b_2942,11532.223
00e12e8b_2943,11532.217
00e12e8b_2944,11532.212
00e12e8b_2945,11532.206
00e12e8b_2946,11532.199
00e12e8b_2947,11532.194
00e12e8b_2948,11532.189
00e12e8b_2949,11532.184
00e12e8b_2950,11532.178
00e12e8b_2951,11532.172
00e12e8b_2952,11532.165
00e12e8b_2953,11532.158
00e12e8b_2954,11532.152
00e12e8b_2955,11532.1455
00e12e8b_2956,11532.14
00e12e8b_2957,11532.137
00e12e8b_2958,11532.134
00e12e8b_2959,11532.132
00e12e8b_2960,11532.131
00e12e8b_2961,11532.13
00e12e8b_2962,11532.13
00e12e8b_2963,11532.13
00e12e8b_2964,11532.131
00e12e8b_2965,11532.133
00e12e8b_2966,11532.137
00e12e8b_2967,11532.141
00e12e8b_2968,11532.147
00e12e8b_2969,11532.153
00e12e8b_2970,11532.16
00e12e8b_2971,11532.167
00e12e8b_2972,11532.174
00e12e8b_2973,11532.182
00e12e8b_2974,11532.187
00e12e8b_2975,11532.189
00e12e8b_2976,11532.192
00e12e8b_2977,11532.194
00e12e8b_2978,11532.195
00e12e8b_2979,11532.2
00e12e8b_2980,11532.2
00e12e8b_2981,11532.199
00e12e8b_2982,11532.197
00e12e8b_2983,11532.196
00e12e8b_2984,11532.194
00e12e8b_2985,11532.193
00e12e8b_2986,11532.19
00e12e8b_2987,11532.188
00e12e8b_2988,11532.188
00e12e8b_2989,11532.186
00e12e8b_2990,11532.18
00e12e8b_2991,11532.171
00e12e8b_2992,11532.161
00e12e8b_2993,11532.154
00e12e8b_2994,11532.145
00e12e8b_2995,11532.137
00e12e8b_2996,11532.129
00e12e8b_2997,11532.119
00e12e8b_2998,11532.109
00e12e8b_2999,11532.101
00e12e8b_3000,11532.091
00e12e8b_3001,11532.082
00e12e8b_3002,11532.073
00e12e8b_3003,11532.064
00e12e8b_3004,11532.058
00e12e8b_3005,11532.052
00e12e8b_3006,11532.048
00e12e8b_3007,11532.045
00e12e8b_3008,11532.042
00e12e8b_3009,11532.041
00e12e8b_3010,11532.04
00e12e8b_3011,11532.04
00e12e8b_3012,11532.041
00e12e8b_3013,11532.042
00e12e8b_3014,11532.043
00e12e8b_3015,11532.046
00e12e8b_3016,11532.048
00e12e8b_3017,11532.051
00e12e8b_3018,11532.054
00e12e8b_3019,11532.055
00e12e8b_3020,11532.057
00e12e8b_3021,11532.059
00e12e8b_3022,11532.061
00e12e8b_3023,11532.064
00e12e8b_3024,11532.067
00e12e8b_3025,11532.07
00e12e8b_3026,11532.074
00e12e8b_3027,11532.077
00e12e8b_3028,11532.079
00e12e8b_3029,11532.083
00e12e8b_3030,11532.085
00e12e8b_3031,11532.084
00e12e8b_3032,11532.085
00e12e8b_3033,11532.086
00e12e8b_3034,11532.087
00e12e8b_3035,11532.088
00e12e8b_3036,11532.087
00e12e8b_3037,11532.085
00e12e8b_3038,11532.083
00e12e8b_3039,11532.083
00e12e8b_3040,11532.082
00e12e8b_3041,11532.079
00e12e8b_3042,11532.077
00e12e8b_3043,11532.076
00e12e8b_3044,11532.076
00e12e8b_3045,11532.077
00e12e8b_3046,11532.075
00e12e8b_3047,11532.072
00e12e8b_3048,11532.069
00e12e8b_3049,11532.066
00e12e8b_3050,11532.063
00e12e8b_3051,11532.061
00e12e8b_3052,11532.058
00e12e8b_3053,11532.055
00e12e8b_3054,11532.05
00e12e8b_3055,11532.045
00e12e8b_3056,11532.04
00e12e8b_3057,11532.033
00e12e8b_3058,11532.027
00e12e8b_3059,11532.0205
00e12e8b_3060,11532.014
00e12e8b_3061,11532.01
00e12e8b_3062,11532.005
00e12e8b_3063,11532.0
00e12e8b_3064,11531.995
00e12e8b_3065,11531.987
00e12e8b_3066,11531.98
00e12e8b_3067,11531.977
00e12e8b_3068,11531.972
00e12e8b_3069,11531.968
00e12e8b_3070,11531.964
00e12e8b_3071,11531.961
00e12e8b_3072,11531.957
00e12e8b_3073,11531.957
00e12e8b_3074,11531.956
00e12e8b_3075,11531.953
00e12e8b_3076,11531.952
00e12e8b_3077,11531.95
00e12e8b_3078,11531.949
00e12e8b_3079,11531.948
00e12e8b_3080,11531.948
00e12e8b_3081,11531.947
00e12e8b_3082,11531.947
00e12e8b_3083,11531.949
00e12e8b_3084,11531.948
00e12e8b_3085,11531.947
00e12e8b_3086,11531.948
00e12e8b_3087,11531.945
00e12e8b_3088,11531.942
00e12e8b_3089,11531.939
00e12e8b_3090,11531.934
00e12e8b_3091,11531.927
00e12e8b_3092,11531.919
00e12e8b_3093,11531.913
00e12e8b_3094,11531.905
00e12e8b_3095,11531.897
00e12e8b_3096,11531.89
00e12e8b_3097,11531.882
00e12e8b_3098,11531.874
00e12e8b_3099,11531.866
00e12e8b_3100,11531.857
00e12e8b_3101,11531.85
00e12e8b_3102,11531.841
00e12e8b_3103,11531.831
00e12e8b_3104,11531.821
00e12e8b_3105,11531.813
00e12e8b_3106,11531.804
00e12e8b_3107,11531.795
00e12e8b_3108,11531.786
00e12e8b_3109,11531.779
00e12e8b_3110,11531.773
00e12e8b_3111,11531.767
00e12e8b_3112,11531.761
00e12e8b_3113,11531.756
00e12e8b_3114,11531.753
00e12e8b_3115,11531.756
00e12e8b_3116,11531.759
00e12e8b_3117,11531.762
00e12e8b_3118,11531.765
00e12e8b_3119,11531.769
00e12e8b_3120,11531.771
00e12e8b_3121,11531.775
00e12e8b_3122,11531.778
00e12e8b_3123,11531.783
00e12e8b_3124,11531.787
00e12e8b_3125,11531.79
00e12e8b_3126,11531.792
00e12e8b_3127,11531.796
00e12e8b_3128,11531.8
00e12e8b_3129,11531.804
00e12e8b_3130,11531.81
00e12e8b_3131,11531.813
00e12e8b_3132,11531.817
00e12e8b_3133,11531.819
00e12e8b_3134,11531.823
00e12e8b_3135,11531.826
00e12e8b_3136,11531.829
00e12e8b_3137,11531.832
00e12e8b_3138,11531.835
00e12e8b_3139,11531.836
00e12e8b_3140,11531.838
00e12e8b_3141,11531.84
00e12e8b_3142,11531.84
00e12e8b_3143,11531.841
00e12e8b_3144,11531.842
00e12e8b_3145,11531.841
00e12e8b_3146,11531.84
00e12e8b_3147,11531.839
00e12e8b_3148,11531.835
00e12e8b_3149,11531.831
00e12e8b_3150,11531.826
00e12e8b_3151,11531.819
00e12e8b_3152,11531.811
00e12e8b_3153,11531.802
00e12e8b_3154,11531.795
00e12e8b_3155,11531.788
00e12e8b_3156,11531.782
00e12e8b_3157,11531.774
00e12e8b_3158,11531.7705
00e12e8b_3159,11531.768
00e12e8b_3160,11531.764
00e12e8b_3161,11531.763
00e12e8b_3162,11531.761
00e12e8b_3163,11531.759
00e12e8b_3164,11531.759
00e12e8b_3165,11531.759
00e12e8b_3166,11531.758
00e12e8b_3167,11531.756
00e12e8b_3168,11531.756
00e12e8b_3169,11531.756
00e12e8b_3170,11531.757
00e12e8b_3171,11531.757
00e12e8b_3172,11531.758
00e12e8b_3173,11531.759
00e12e8b_3174,11531.758
00e12e8b_3175,11531.756
00e12e8b_3176,11531.755
00e12e8b_3177,11531.753
00e12e8b_3178,11531.751
00e12e8b_3179,11531.748
00e12e8b_3180,11531.747
00e12e8b_3181,11531.747
00e12e8b_3182,11531.744
00e12e8b_3183,11531.743
00e12e8b_3184,11531.743
00e12e8b_3185,11531.743
00e12e8b_3186,11531.744
00e12e8b_3187,11531.746
00e12e8b_3188,11531.748
00e12e8b_3189,11531.75
00e12e8b_3190,11531.753
00e12e8b_3191,11531.755
00e12e8b_3192,11531.758
00e12e8b_3193,11531.762
00e12e8b_3194,11531.769
00e12e8b_3195,11531.775
00e12e8b_3196,11531.782
00e12e8b_3197,11531.79
00e12e8b_3198,11531.801
00e12e8b_3199,11531.809
00e12e8b_3200,11531.819
00e12e8b_3201,11531.83
00e12e8b_3202,11531.841
00e12e8b_3203,11531.852
00e12e8b_3204,11531.862
00e12e8b_3205,11531.872
00e12e8b_3206,11531.882
00e12e8b_3207,11531.891
00e12e8b_3208,11531.899
00e12e8b_3209,11531.906
00e12e8b_3210,11531.914
00e12e8b_3211,11531.92
00e12e8b_3212,11531.926
00e12e8b_3213,11531.93
00e12e8b_3214,11531.934
00e12e8b_3215,11531.935
00e12e8b_3216,11531.935
00e12e8b_3217,11531.932
00e12e8b_3218,11531.93
00e12e8b_3219,11531.926
00e12e8b_3220,11531.922
00e12e8b_3221,11531.919
00e12e8b_3222,11531.917
00e12e8b_3223,11531.914
00e12e8b_3224,11531.912
00e12e8b_3225,11531.911
00e12e8b_3226,11531.909
00e12e8b_3227,11531.907
00e12e8b_3228,11531.906
00e12e8b_3229,11531.904
00e12e8b_3230,11531.903
00e12e8b_3231,11531.902
00e12e8b_3232,11531.906
00e12e8b_3233,11531.913
00e12e8b_3234,11531.92
00e12e8b_3235,11531.925
00e12e8b_3236,11531.93
00e12e8b_3237,11531.9375
00e12e8b_3238,11531.942
00e12e8b_3239,11531.945
00e12e8b_3240,11531.955
00e12e8b_3241,11531.966
00e12e8b_3242,11531.977
00e12e8b_3243,11531.987
00e12e8b_3244,11531.999
00e12e8b_3245,11532.009
00e12e8b_3246,11532.0205
00e12e8b_3247,11532.03
00e12e8b_3248,11532.039
00e12e8b_3249,11532.047
00e12e8b_3250,11532.056
00e12e8b_3251,11532.063
00e12e8b_3252,11532.07
00e12e8b_3253,11532.078
00e12e8b_3254,11532.086
00e12e8b_3255,11532.094
00e12e8b_3256,11532.103
00e12e8b_3257,11532.108
00e12e8b_3258,11532.113
00e12e8b_3259,11532.117
00e12e8b_3260,11532.121
00e12e8b_3261,11532.127
00e12e8b_3262,11532.133
00e12e8b_3263,11532.137
00e12e8b_3264,11532.139
00e12e8b_3265,11532.14
00e12e8b_3266,11532.14
00e12e8b_3267,11532.14
00e12e8b_3268,11532.14
00e12e8b_3269,11532.135
00e12e8b_3270,11532.133
00e12e8b_3271,11532.128
00e12e8b_3272,11532.122
00e12e8b_3273,11532.117
00e12e8b_3274,11532.113
00e12e8b_3275,11532.107
00e12e8b_3276,11532.103
00e12e8b_3277,11532.099
00e12e8b_3278,11532.094
00e12e8b_3279,11532.09
00e12e8b_3280,11532.085
00e12e8b_3281,11532.079
00e12e8b_3282,11532.074
00e12e8b_3283,11532.07
00e12e8b_3284,11532.065
00e12e8b_3285,11532.06
00e12e8b_3286,11532.058
00e12e8b_3287,11532.055
00e12e8b_3288,11532.056
00e12e8b_3289,11532.055
00e12e8b_3290,11532.057
00e12e8b_3291,11532.06
00e12e8b_3292,11532.0625
00e12e8b_3293,11532.065
00e12e8b_3294,11532.069
00e12e8b_3295,11532.071
00e12e8b_3296,11532.074
00e12e8b_3297,11532.079
00e12e8b_3298,11532.084
00e12e8b_3299,11532.088
00e12e8b_3300,11532.092
00e12e8b_3301,11532.096
00e12e8b_3302,11532.1
00e12e8b_3303,11532.103
00e12e8b_3304,11532.1045
00e12e8b_3305,11532.106
00e12e8b_3306,11532.106
00e12e8b_3307,11532.106
00e12e8b_3308,11532.107
00e12e8b_3309,11532.108
00e12e8b_3310,11532.109
00e12e8b_3311,11532.11
00e12e8b_3312,11532.111
00e12e8b_3313,11532.111
00e12e8b_3314,11532.109
00e12e8b_3315,11532.105
00e12e8b_3316,11532.1045
00e12e8b_3317,11532.101
00e12e8b_3318,11532.094
00e12e8b_3319,11532.087
00e12e8b_3320,11532.082
00e12e8b_3321,11532.076
00e12e8b_3322,11532.069
00e12e8b_3323,11532.0625
00e12e8b_3324,11532.053
00e12e8b_3325,11532.045
00e12e8b_3326,11532.036
00e12e8b_3327,11532.027
00e12e8b_3328,11532.018
00e12e8b_3329,11532.009
00e12e8b_3330,11531.997
00e12e8b_3331,11531.988
00e12e8b_3332,11531.981
00e12e8b_3333,11531.974
00e12e8b_3334,11531.967
00e12e8b_3335,11531.96
00e12e8b_3336,11531.953
00e12e8b_3337,11531.943
00e12e8b_3338,11531.937
00e12e8b_3339,11531.932
00e12e8b_3340,11531.924
00e12e8b_3341,11531.917
00e12e8b_3342,11531.912
00e12e8b_3343,11531.908
00e12e8b_3344,11531.902
00e12e8b_3345,11531.897
00e12e8b_3346,11531.891
00e12e8b_3347,11531.887
00e12e8b_3348,11531.883
00e12e8b_3349,11531.88
00e12e8b_3350,11531.876
00e12e8b_3351,11531.874
00e12e8b_3352,11531.87
00e12e8b_3353,11531.867
00e12e8b_3354,11531.865
00e12e8b_3355,11531.864
00e12e8b_3356,11531.864
00e12e8b_3357,11531.864
00e12e8b_3358,11531.864
00e12e8b_3359,11531.865
00e12e8b_3360,11531.867
00e12e8b_3361,11531.868
00e12e8b_3362,11531.869
00e12e8b_3363,11531.871
00e12e8b_3364,11531.872
00e12e8b_3365,11531.874
00e12e8b_3366,11531.877
00e12e8b_3367,11531.878
00e12e8b_3368,11531.878
00e12e8b_3369,11531.878
00e12e8b_3370,11531.879
00e12e8b_3371,11531.878
00e12e8b_3372,11531.878
00e12e8b_3373,11531.879
00e12e8b_3374,11531.877
00e12e8b_3375,11531.877
00e12e8b_3376,11531.877
00e12e8b_3377,11531.876
00e12e8b_3378,11531.876
00e12e8b_3379,11531.875
00e12e8b_3380,11531.875
00e12e8b_3381,11531.873
00e12e8b_3382,11531.872
00e12e8b_3383,11531.868
00e12e8b_3384,11531.863
00e12e8b_3385,11531.861
00e12e8b_3386,11531.858
00e12e8b_3387,11531.855
00e12e8b_3388,11531.855
00e12e8b_3389,11531.855
00e12e8b_3390,11531.856
00e12e8b_3391,11531.855
00e12e8b_3392,11531.8545
00e12e8b_3393,11531.853
00e12e8b_3394,11531.85
00e12e8b_3395,11531.849
00e12e8b_3396,11531.846
00e12e8b_3397,11531.844
00e12e8b_3398,11531.841
00e12e8b_3399,11531.839
00e12e8b_3400,11531.837
00e12e8b_3401,11531.835
00e12e8b_3402,11531.833
00e12e8b_3403,11531.832
00e12e8b_3404,11531.831
00e12e8b_3405,11531.83
00e12e8b_3406,11531.831
00e12e8b_3407,11531.832
00e12e8b_3408,11531.829
00e12e8b_3409,11531.828
00e12e8b_3410,11531.826
00e12e8b_3411,11531.825
00e12e8b_3412,11531.826
00e12e8b_3413,11531.826
00e12e8b_3414,11531.827
00e12e8b_3415,11531.828
00e12e8b_3416,11531.826
00e12e8b_3417,11531.822
00e12e8b_3418,11531.819
00e12e8b_3419,11531.816
00e12e8b_3420,11531.8125
00e12e8b_3421,11531.808
00e12e8b_3422,11531.805
00e12e8b_3423,11531.799
00e12e8b_3424,11531.792
00e12e8b_3425,11531.785
00e12e8b_3426,11531.778
00e12e8b_3427,11531.772
00e12e8b_3428,11531.766
00e12e8b_3429,11531.758
00e12e8b_3430,11531.75
00e12e8b_3431,11531.74
00e12e8b_3432,11531.732
00e12e8b_3433,11531.723
00e12e8b_3434,11531.715
00e12e8b_3435,11531.706
00e12e8b_3436,11531.699
00e12e8b_3437,11531.691
00e12e8b_3438,11531.682
00e12e8b_3439,11531.671
00e12e8b_3440,11531.66
00e12e8b_3441,11531.648
00e12e8b_3442,11531.638
00e12e8b_3443,11531.628
00e12e8b_3444,11531.618
00e12e8b_3445,11531.609
00e12e8b_3446,11531.601
00e12e8b_3447,11531.592
00e12e8b_3448,11531.585
00e12e8b_3449,11531.575
00e12e8b_3450,11531.566
00e12e8b_3451,11531.559
00e12e8b_3452,11531.553
00e12e8b_3453,11531.55
00e12e8b_3454,11531.545
00e12e8b_3455,11531.54
00e12e8b_3456,11531.537
00e12e8b_3457,11531.535
00e12e8b_3458,11531.535
00e12e8b_3459,11531.535
00e12e8b_3460,11531.535
00e12e8b_3461,11531.536
00e12e8b_3462,11531.537
00e12e8b_3463,11531.539
00e12e8b_3464,11531.541
00e12e8b_3465,11531.543
00e12e8b_3466,11531.544
00e12e8b_3467,11531.546
00e12e8b_3468,11531.549
00e12e8b_3469,11531.549
00e12e8b_3470,11531.549
00e12e8b_3471,11531.549
00e12e8b_3472,11531.552
00e12e8b_3473,11531.553
00e12e8b_3474,11531.553
00e12e8b_3475,11531.556
00e12e8b_3476,11531.56
00e12e8b_3477,11531.567
00e12e8b_3478,11531.573
00e12e8b_3479,11531.579
00e12e8b_3480,11531.586
00e12e8b_3481,11531.593
00e12e8b_3482,11531.598
00e12e8b_3483,11531.6045
00e12e8b_3484,11531.61
00e12e8b_3485,11531.617
00e12e8b_3486,11531.622
00e12e8b_3487,11531.627
00e12e8b_3488,11531.632
00e12e8b_3489,11531.638
00e12e8b_3490,11531.644
00e12e8b_3491,11531.65
00e12e8b_3492,11531.657
00e12e8b_3493,11531.666
00e12e8b_3494,11531.675
00e12e8b_3495,11531.683
00e12e8b_3496,11531.691
00e12e8b_3497,11531.699
00e12e8b_3498,11531.706
00e12e8b_3499,11531.712
00e12e8b_3500,11531.719
00e12e8b_3501,11531.723
00e12e8b_3502,11531.727
00e12e8b_3503,11531.731
00e12e8b_3504,11531.734
00e12e8b_3505,11531.738
00e12e8b_3506,11531.744
00e12e8b_3507,11531.748
00e12e8b_3508,11531.753
00e12e8b_3509,11531.76
00e12e8b_3510,11531.765
00e12e8b_3511,11531.77
00e12e8b_3512,11531.776
00e12e8b_3513,11531.782
00e12e8b_3514,11531.787
00e12e8b_3515,11531.795
00e12e8b_3516,11531.802
00e12e8b_3517,11531.81
00e12e8b_3518,11531.82
00e12e8b_3519,11531.829
00e12e8b_3520,11531.839
00e12e8b_3521,11531.85
00e12e8b_3522,11531.859
00e12e8b_3523,11531.87
00e12e8b_3524,11531.883
00e12e8b_3525,11531.8955
00e12e8b_3526,11531.909
00e12e8b_3527,11531.923
00e12e8b_3528,11531.937
00e12e8b_3529,11531.948
00e12e8b_3530,11531.963
00e12e8b_3531,11531.975
00e12e8b_3532,11531.987
00e12e8b_3533,11531.998
00e12e8b_3534,11532.008
00e12e8b_3535,11532.018
00e12e8b_3536,11532.029
00e12e8b_3537,11532.042
00e12e8b_3538,11532.052
00e12e8b_3539,11532.065
00e12e8b_3540,11532.079
00e12e8b_3541,11532.088
00e12e8b_3542,11532.098
00e12e8b_3543,11532.106
00e12e8b_3544,11532.116
00e12e8b_3545,11532.125
00e12e8b_3546,11532.135
00e12e8b_3547,11532.143
00e12e8b_3548,11532.152
00e12e8b_3549,11532.162
00e12e8b_3550,11532.172
00e12e8b_3551,11532.183
00e12e8b_3552,11532.192
00e12e8b_3553,11532.204
00e12e8b_3554,11532.215
00e12e8b_3555,11532.225
00e12e8b_3556,11532.23
00e12e8b_3557,11532.238
00e12e8b_3558,11532.248
00e12e8b_3559,11532.258
00e12e8b_3560,11532.266
00e12e8b_3561,11532.275
00e12e8b_3562,11532.281
00e12e8b_3563,11532.287
00e12e8b_3564,11532.294
00e12e8b_3565,11532.305
00e12e8b_3566,11532.314
00e12e8b_3567,11532.324
00e12e8b_3568,11532.335
00e12e8b_3569,11532.344
00e12e8b_3570,11532.356
00e12e8b_3571,11532.366
00e12e8b_3572,11532.38
00e12e8b_3573,11532.394
00e12e8b_3574,11532.406
00e12e8b_3575,11532.42
00e12e8b_3576,11532.434
00e12e8b_3577,11532.447
00e12e8b_3578,11532.461
00e12e8b_3579,11532.476
00e12e8b_3580,11532.492
00e12e8b_3581,11532.509
00e12e8b_3582,11532.526
00e12e8b_3583,11532.545
00e12e8b_3584,11532.5625
00e12e8b_3585,11532.581
00e12e8b_3586,11532.598
00e12e8b_3587,11532.612
00e12e8b_3588,11532.629
00e12e8b_3589,11532.645
00e12e8b_3590,11532.658
00e12e8b_3591,11532.67
00e12e8b_3592,11532.681
00e12e8b_3593,11532.711
00e12e8b_3594,11532.741
00e12e8b_3595,11532.778
00e12e8b_3596,11532.815
00e12e8b_3597,11532.851
00e12e8b_3598,11532.883
00e12e8b_3599,11532.915
00e12e8b_3600,11532.946
00e12e8b_3601,11532.976
00e12e8b_3602,11533.004
00e12e8b_3603,11533.031
00e12e8b_3604,11533.059
00e12e8b_3605,11533.086
00e12e8b_3606,11533.112
00e12e8b_3607,11533.141
00e12e8b_3608,11533.167
00e12e8b_3609,11533.191
00e12e8b_3610,11533.217
00e12e8b_3611,11533.241
00e12e8b_3612,11533.264
00e12e8b_3613,11533.286
00e12e8b_3614,11533.311
00e12e8b_3615,11533.334
00e12e8b_3616,11533.358
00e12e8b_3617,11533.38
00e12e8b_3618,11533.401
00e12e8b_3619,11533.424
00e12e8b_3620,11533.443
00e12e8b_3621,11533.461
00e12e8b_3622,11533.4795
00e12e8b_3623,11533.498
00e12e8b_3624,11533.517
00e12e8b_3625,11533.535
00e12e8b_3626,11533.553
00e12e8b_3627,11533.57
00e12e8b_3628,11533.586
00e12e8b_3629,11533.602
00e12e8b_3630,11533.618
00e12e8b_3631,11533.631
00e12e8b_3632,11533.643
00e12e8b_3633,11533.653
00e12e8b_3634,11533.662
00e12e8b_3635,11533.671
00e12e8b_3636,11533.68
00e12e8b_3637,11533.6875
00e12e8b_3638,11533.697
00e12e8b_3639,11533.703
00e12e8b_3640,11533.708
00e12e8b_3641,11533.714
00e12e8b_3642,11533.728
00e12e8b_3643,11533.74
00e12e8b_3644,11533.752
00e12e8b_3645,11533.765
00e12e8b_3646,11533.777
00e12e8b_3647,11533.788
00e12e8b_3648,11533.798
00e12e8b_3649,11533.808
00e12e8b_3650,11533.816
00e12e8b_3651,11533.825
00e12e8b_3652,11533.833
00e12e8b_3653,11533.839
00e12e8b_3654,11533.844
00e12e8b_3655,11533.846
00e12e8b_3656,11533.847
00e12e8b_3657,11533.846
00e12e8b_3658,11533.843
00e12e8b_3659,11533.839
00e12e8b_3660,11533.836
00e12e8b_3661,11533.831
00e12e8b_3662,11533.823
00e12e8b_3663,11533.815
00e12e8b_3664,11533.804
00e12e8b_3665,11533.791
00e12e8b_3666,11533.779
00e12e8b_3667,11533.764
00e12e8b_3668,11533.751
00e12e8b_3669,11533.739
00e12e8b_3670,11533.725
00e12e8b_3671,11533.709
00e12e8b_3672,11533.695
00e12e8b_3673,11533.68
00e12e8b_3674,11533.662
00e12e8b_3675,11533.644
00e12e8b_3676,11533.625
00e12e8b_3677,11533.606
00e12e8b_3678,11533.587
00e12e8b_3679,11533.564
00e12e8b_3680,11533.54
00e12e8b_3681,11533.515
00e12e8b_3682,11533.488
00e12e8b_3683,11533.462
00e12e8b_3684,11533.435
00e12e8b_3685,11533.407
00e12e8b_3686,11533.376
00e12e8b_3687,11533.346
00e12e8b_3688,11533.3125
00e12e8b_3689,11533.276
00e12e8b_3690,11533.24
00e12e8b_3691,11533.202
00e12e8b_3692,11533.165
00e12e8b_3693,11533.13
00e12e8b_3694,11533.094
00e12e8b_3695,11533.06
00e12e8b_3696,11533.024
00e12e8b_3697,11532.991
00e12e8b_3698,11532.955
00e12e8b_3699,11532.919
00e12e8b_3700,11532.881
00e12e8b_3701,11532.845
00e12e8b_3702,11532.806
00e12e8b_3703,11532.768
00e12e8b_3704,11532.727
00e12e8b_3705,11532.685
00e12e8b_3706,11532.643
00e12e8b_3707,11532.6
00e12e8b_3708,11532.556
00e12e8b_3709,11532.514
00e12e8b_3710,11532.472
00e12e8b_3711,11532.429
00e12e8b_3712,11532.384
00e12e8b_3713,11532.338
00e12e8b_3714,11532.291
00e12e8b_3715,11532.244
00e12e8b_3716,11532.196
00e12e8b_3717,11532.1455
00e12e8b_3718,11532.094
00e12e8b_3719,11532.042
00e12e8b_3720,11531.991
00e12e8b_3721,11531.941
00e12e8b_3722,11531.892
00e12e8b_3723,11531.839
00e12e8b_3724,11531.787
00e12e8b_3725,11531.734
00e12e8b_3726,11531.683
00e12e8b_3727,11531.631
00e12e8b_3728,11531.577
00e12e8b_3729,11531.523
00e12e8b_3730,11531.468
00e12e8b_3731,11531.413
00e12e8b_3732,11531.36
00e12e8b_3733,11531.308
00e12e8b_3734,11531.255
00e12e8b_3735,11531.201
00e12e8b_3736,11531.147
00e12e8b_3737,11531.094
00e12e8b_3738,11531.039
00e12e8b_3739,11530.984
00e12e8b_3740,11530.93
00e12e8b_3741,11530.875
00e12e8b_3742,11530.82
00e12e8b_3743,11530.766
00e12e8b_3744,11530.711
00e12e8b_3745,11530.656
00e12e8b_3746,11530.602
00e12e8b_3747,11530.547
00e12e8b_3748,11530.493
00e12e8b_3749,11530.439
00e12e8b_3750,11530.387
00e12e8b_3751,11530.334
00e12e8b_3752,11530.281
00e12e8b_3753,11530.228
00e12e8b_3754,11530.174
00e12e8b_3755,11530.121
00e12e8b_3756,11530.067
00e12e8b_3757,11530.013
00e12e8b_3758,11529.958
00e12e8b_3759,11529.901
00e12e8b_3760,11529.846
00e12e8b_3761,11529.791
00e12e8b_3762,11529.733
00e12e8b_3763,11529.678
00e12e8b_3764,11529.622
00e12e8b_3765,11529.567
00e12e8b_3766,11529.511
00e12e8b_3767,11529.456
00e12e8b_3768,11529.401
00e12e8b_3769,11529.348
00e12e8b_3770,11529.295
00e12e8b_3771,11529.242
00e12e8b_3772,11529.1875
00e12e8b_3773,11529.135
00e12e8b_3774,11529.083
00e12e8b_3775,11529.03
00e12e8b_3776,11528.979
00e12e8b_3777,11528.927
00e12e8b_3778,11528.871
00e12e8b_3779,11528.82
00e12e8b_3780,11528.77
00e12e8b_3781,11528.716
00e12e8b_3782,11528.664
00e12e8b_3783,11528.615
00e12e8b_3784,11528.565
00e12e8b_3785,11528.516
00e12e8b_3786,11528.466
00e12e8b_3787,11528.417
00e12e8b_3788,11528.371
00e12e8b_3789,11528.323
00e12e8b_3790,11528.276
00e12e8b_3791,11528.23
00e12e8b_3792,11528.183
00e12e8b_3793,11528.135
00e12e8b_3794,11528.085
00e12e8b_3795,11528.034
00e12e8b_3796,11527.982
00e12e8b_3797,11527.931
00e12e8b_3798,11527.88
00e12e8b_3799,11527.828
00e12e8b_3800,11527.776
00e12e8b_3801,11527.726
00e12e8b_3802,11527.676
00e12e8b_3803,11527.63
00e12e8b_3804,11527.585
00e12e8b_3805,11527.54
00e12e8b_3806,11527.495
00e12e8b_3807,11527.45
00e12e8b_3808,11527.411
00e12e8b_3809,11527.372
00e12e8b_3810,11527.332
00e12e8b_3811,11527.295
00e12e8b_3812,11527.261
00e12e8b_3813,11527.227
00e12e8b_3814,11527.195
00e12e8b_3815,11527.164
00e12e8b_3816,11527.135
00e12e8b_3817,11527.104
00e12e8b_3818,11527.074
00e12e8b_3819,11527.045
00e12e8b_3820,11527.02
00e12e8b_3821,11526.99
00e12e8b_3822,11526.961
00e12e8b_3823,11526.932
00e12e8b_3824,11526.901
00e12e8b_3825,11526.87
00e12e8b_3826,11526.84
00e12e8b_3827,11526.81
00e12e8b_3828,11526.78
00e12e8b_3829,11526.75
00e12e8b_3830,11526.724
00e12e8b_3831,11526.694
00e12e8b_3832,11526.664
00e12e8b_3833,11526.636
00e12e8b_3834,11526.606
00e12e8b_3835,11526.577
00e12e8b_3836,11526.549
00e12e8b_3837,11526.5205
00e12e8b_3838,11526.493
00e12e8b_3839,11526.466
00e12e8b_3840,11526.439
00e12e8b_3841,11526.414
00e12e8b_3842,11526.389
00e12e8b_3843,11526.364
00e12e8b_3844,11526.339
00e12e8b_3845,11526.313
00e12e8b_3846,11526.288
00e12e8b_3847,11526.264
00e12e8b_3848,11526.24
00e12e8b_3849,11526.216
00e12e8b_3850,11526.194
00e12e8b_3851,11526.175
00e12e8b_3852,11526.154
00e12e8b_3853,11526.134
00e12e8b_3854,11526.117
00e12e8b_3855,11526.1
00e12e8b_3856,11526.083
00e12e8b_3857,11526.069
00e12e8b_3858,11526.057
00e12e8b_3859,11526.043
00e12e8b_3860,11526.029
00e12e8b_3861,11526.018
00e12e8b_3862,11526.006
00e12e8b_3863,11525.997
00e12e8b_3864,11525.988
00e12e8b_3865,11525.981
00e12e8b_3866,11525.974
00e12e8b_3867,11525.967
00e12e8b_3868,11525.961
00e12e8b_3869,11525.955
00e12e8b_3870,11525.949
00e12e8b_3871,11525.946
00e12e8b_3872,11525.944
00e12e8b_3873,11525.942
00e12e8b_3874,11525.94
00e12e8b_3875,11525.939
00e12e8b_3876,11525.94
00e12e8b_3877,11525.942
00e12e8b_3878,11525.946
00e12e8b_3879,11525.953
00e12e8b_3880,11525.959
00e12e8b_3881,11525.964
00e12e8b_3882,11525.971
00e12e8b_3883,11525.978
00e12e8b_3884,11525.985
00e12e8b_3885,11525.994
00e12e8b_3886,11526.004
00e12e8b_3887,11526.019
00e12e8b_3888,11526.034
00e12e8b_3889,11526.049
00e12e8b_3890,11526.066
00e12e8b_3891,11526.089
00e12e8b_3892,11526.114
00e12e8b_3893,11526.142
00e12e8b_3894,11526.15
00e12e8b_3895,11526.158
00e12e8b_3896,11526.161
00e12e8b_3897,11526.163
00e12e8b_3898,11526.168
00e12e8b_3899,11526.171
00e12e8b_3900,11526.171
00e12e8b_3901,11526.17
00e12e8b_3902,11526.172
00e12e8b_3903,11526.172
00e12e8b_3904,11526.171
00e12e8b_3905,11526.17
00e12e8b_3906,11526.17
00e12e8b_3907,11526.169
00e12e8b_3908,11526.17
00e12e8b_3909,11526.17
00e12e8b_3910,11526.171
00e12e8b_3911,11526.171
00e12e8b_3912,11526.171
00e12e8b_3913,11526.172
00e12e8b_3914,11526.172
00e12e8b_3915,11526.171
00e12e8b_3916,11526.171
00e12e8b_3917,11526.171
00e12e8b_3918,11526.17
00e12e8b_3919,11526.169
00e12e8b_3920,11526.17
00e12e8b_3921,11526.172
00e12e8b_3922,11526.177
00e12e8b_3923,11526.179
00e12e8b_3924,11526.18
00e12e8b_3925,11526.184
00e12e8b_3926,11526.191
00e12e8b_3927,11526.197
00e12e8b_3928,11526.205
00e12e8b_3929,11526.214
00e12e8b_3930,11526.221
00e12e8b_3931,11526.226
00e12e8b_3932,11526.236
00e12e8b_3933,11526.248
00e12e8b_3934,11526.254
00e12e8b_3935,11526.262
00e12e8b_3936,11526.267
00e12e8b_3937,11526.271
00e12e8b_3938,11526.275
00e12e8b_3939,11526.281
00e12e8b_3940,11526.285
00e12e8b_3941,11526.288
00e12e8b_3942,11526.291
00e12e8b_3943,11526.285
00e12e8b_3944,11526.277
00e12e8b_3945,11526.2705
00e12e8b_3946,11526.262
00e12e8b_3947,11526.25
00e12e8b_3948,11526.24
00e12e8b_3949,11526.23
00e12e8b_3950,11526.217
00e12e8b_3951,11526.203
00e12e8b_3952,11526.19
00e12e8b_3953,11526.176
00e12e8b_3954,11526.163
00e12e8b_3955,11526.149
00e12e8b_3956,11526.137
00e12e8b_3957,11526.126
00e12e8b_3958,11526.115
00e12e8b_3959,11526.104
00e12e8b_3960,11526.092
00e12e8b_3961,11526.079
00e12e8b_3962,11526.066
00e12e8b_3963,11526.054
00e12e8b_3964,11526.041
00e12e8b_3965,11526.03
00e12e8b_3966,11526.019
00e12e8b_3967,11526.007
00e12e8b_3968,11525.996
00e12e8b_3969,11525.983
00e12e8b_3970,11525.969
00e12e8b_3971,11525.956
00e12e8b_3972,11525.945
00e12e8b_3973,11525.931
00e12e8b_3974,11525.916
00e12e8b_3975,11525.901
00e12e8b_3976,11525.89
00e12e8b_3977,11525.875
00e12e8b_3978,11525.861
00e12e8b_3979,11525.846
00e12e8b_3980,11525.83
00e12e8b_3981,11525.817
00e12e8b_3982,11525.803
00e12e8b_3983,11525.789
00e12e8b_3984,11525.774
00e12e8b_3985,11525.762
00e12e8b_3986,11525.747
00e12e8b_3987,11525.738
00e12e8b_3988,11525.726
00e12e8b_3989,11525.715
00e12e8b_3990,11525.707
00e12e8b_3991,11525.696
00e12e8b_3992,11525.688
00e12e8b_3993,11525.68
00e12e8b_3994,11525.667
00e12e8b_3995,11525.654
00e12e8b_3996,11525.642
00e12e8b_3997,11525.626
00e12e8b_3998,11525.613
00e12e8b_3999,11525.6
00e12e8b_4000,11525.586
00e12e8b_4001,11525.57
00e12e8b_4002,11525.554
00e12e8b_4003,11525.54
00e12e8b_4004,11525.524
00e12e8b_4005,11525.513
00e12e8b_4006,11525.499
00e12e8b_4007,11525.486
00e12e8b_4008,11525.473
00e12e8b_4009,11525.46
00e12e8b_4010,11525.445
00e12e8b_4011,11525.431
00e12e8b_4012,11525.415
00e12e8b_4013,11525.4
00e12e8b_4014,11525.384
00e12e8b_4015,11525.368
00e12e8b_4016,11525.352
00e12e8b_4017,11525.336
00e12e8b_4018,11525.32
00e12e8b_4019,11525.308
00e12e8b_4020,11525.293
00e12e8b_4021,11525.275
00e12e8b_4022,11525.258
00e12e8b_4023,11525.237
00e12e8b_4024,11525.221
00e12e8b_4025,11525.203
00e12e8b_4026,11525.187
00e12e8b_4027,11525.166
00e12e8b_4028,11525.15
00e12e8b_4029,11525.132
00e12e8b_4030,11525.114
00e12e8b_4031,11525.098
00e12e8b_4032,11525.08
00e12e8b_4033,11525.061
00e12e8b_4034,11525.041
00e12e8b_4035,11525.021
00e12e8b_4036,11525.002
00e12e8b_4037,11524.982
00e12e8b_4038,11524.963
00e12e8b_4039,11524.943
00e12e8b_4040,11524.926
00e12e8b_4041,11524.908
00e12e8b_4042,11524.892
00e12e8b_4043,11524.874
00e12e8b_4044,11524.858
00e12e8b_4045,11524.844
00e12e8b_4046,11524.828
00e12e8b_4047,11524.813
00e12e8b_4048,11524.8
00e12e8b_4049,11524.788
00e12e8b_4050,11524.775
00e12e8b_4051,11524.762
00e12e8b_4052,11524.75
00e12e8b_4053,11524.735
00e12e8b_4054,11524.722
00e12e8b_4055,11524.711
00e12e8b_4056,11524.699
00e12e8b_4057,11524.689
00e12e8b_4058,11524.681
00e12e8b_4059,11524.671
00e12e8b_4060,11524.661
00e12e8b_4061,11524.652
00e12e8b_4062,11524.644
00e12e8b_4063,11524.636
00e12e8b_4064,11524.626
00e12e8b_4065,11524.617
00e12e8b_4066,11524.607
00e12e8b_4067,11524.598
00e12e8b_4068,11524.589
00e12e8b_4069,11524.581
00e12e8b_4070,11524.572
00e12e8b_4071,11524.563
00e12e8b_4072,11524.556
00e12e8b_4073,11524.55
00e12e8b_4074,11524.542
00e12e8b_4075,11524.536
00e12e8b_4076,11524.532
00e12e8b_4077,11524.526
00e12e8b_4078,11524.521
00e12e8b_4079,11524.516
00e12e8b_4080,11524.508
00e12e8b_4081,11524.5
00e12e8b_4082,11524.495
00e12e8b_4083,11524.489
00e12e8b_4084,11524.4795
00e12e8b_4085,11524.473
00e12e8b_4086,11524.467
00e12e8b_4087,11524.462
00e12e8b_4088,11524.457
00e12e8b_4089,11524.45
00e12e8b_4090,11524.444
00e12e8b_4091,11524.44
00e12e8b_4092,11524.434
00e12e8b_4093,11524.429
00e12e8b_4094,11524.426
00e12e8b_4095,11524.423
00e12e8b_4096,11524.422
00e12e8b_4097,11524.422
00e12e8b_4098,11524.422
00e12e8b_4099,11524.422
00e12e8b_4100,11524.424
00e12e8b_4101,11524.427
00e12e8b_4102,11524.431
00e12e8b_4103,11524.435
00e12e8b_4104,11524.436
00e12e8b_4105,11524.437
00e12e8b_4106,11524.4375
00e12e8b_4107,11524.438
00e12e8b_4108,11524.44
00e12e8b_4109,11524.44
00e12e8b_4110,11524.442
00e12e8b_4111,11524.444
00e12e8b_4112,11524.447
00e12e8b_4113,11524.451
00e12e8b_4114,11524.454
00e12e8b_4115,11524.456
00e12e8b_4116,11524.457
00e12e8b_4117,11524.458
00e12e8b_4118,11524.459
00e12e8b_4119,11524.458
00e12e8b_4120,11524.456
00e12e8b_4121,11524.449
00e12e8b_4122,11524.444
00e12e8b_4123,11524.44
00e12e8b_4124,11524.436
00e12e8b_4125,11524.432
00e12e8b_4126,11524.425
00e12e8b_4127,11524.418
00e12e8b_4128,11524.41
00e12e8b_4129,11524.402
00e12e8b_4130,11524.396
00e12e8b_4131,11524.389
00e12e8b_4132,11524.383
00e12e8b_4133,11524.377
00e12e8b_4134,11524.373
00e12e8b_4135,11524.369
00e12e8b_4136,11524.367
00e12e8b_4137,11524.364
00e12e8b_4138,11524.361
00e12e8b_4139,11524.359
00e12e8b_4140,11524.356
00e12e8b_4141,11524.3545
00e12e8b_4142,11524.35
00e12e8b_4143,11524.347
00e12e8b_4144,11524.345
00e12e8b_4145,11524.343
00e12e8b_4146,11524.34
00e12e8b_4147,11524.339
00e12e8b_4148,11524.34
00e12e8b_4149,11524.34
00e12e8b_4150,11524.341
00e12e8b_4151,11524.341
00e12e8b_4152,11524.34
00e12e8b_4153,11524.34
00e12e8b_4154,11524.34
00e12e8b_4155,11524.338
00e12e8b_4156,11524.337
00e12e8b_4157,11524.337
00e12e8b_4158,11524.337
00e12e8b_4159,11524.339
00e12e8b_4160,11524.341
00e12e8b_4161,11524.342
00e12e8b_4162,11524.345
00e12e8b_4163,11524.35
00e12e8b_4164,11524.352
00e12e8b_4165,11524.354
00e12e8b_4166,11524.355
00e12e8b_4167,11524.359
00e12e8b_4168,11524.361
00e12e8b_4169,11524.365
00e12e8b_4170,11524.369
00e12e8b_4171,11524.375
00e12e8b_4172,11524.379
00e12e8b_4173,11524.38
00e12e8b_4174,11524.382
00e12e8b_4175,11524.382
00e12e8b_4176,11524.385
00e12e8b_4177,11524.387
00e12e8b_4178,11524.39
00e12e8b_4179,11524.392
00e12e8b_4180,11524.393
00e12e8b_4181,11524.394
00e12e8b_4182,11524.397
00e12e8b_4183,11524.4
00e12e8b_4184,11524.403
00e12e8b_4185,11524.406
00e12e8b_4186,11524.409
00e12e8b_4187,11524.412
00e12e8b_4188,11524.415
00e12e8b_4189,11524.418
00e12e8b_4190,11524.42
00e12e8b_4191,11524.422
00e12e8b_4192,11524.422
00e12e8b_4193,11524.42
00e12e8b_4194,11524.418
00e12e8b_4195,11524.415
00e12e8b_4196,11524.412
00e12e8b_4197,11524.407
00e12e8b_4198,11524.403
00e12e8b_4199,11524.398
00e12e8b_4200,11524.395
00e12e8b_4201,11524.3955
00e12e8b_4202,11524.398
00e12e8b_4203,11524.4
00e12e8b_4204,11524.405
00e12e8b_4205,11524.41
00e12e8b_4206,11524.414
00e12e8b_4207,11524.421
00e12e8b_4208,11524.426
00e12e8b_4209,11524.429
00e12e8b_4210,11524.433
00e12e8b_4211,11524.434
00e12e8b_4212,11524.435
00e12e8b_4213,11524.4375
00e12e8b_4214,11524.438
00e12e8b_4215,11524.44
00e12e8b_4216,11524.441
00e12e8b_4217,11524.443
00e12e8b_4218,11524.445
00e12e8b_4219,11524.449
00e12e8b_4220,11524.453
00e12e8b_4221,11524.456
00e12e8b_4222,11524.46
00e12e8b_4223,11524.462
00e12e8b_4224,11524.465
00e12e8b_4225,11524.467
00e12e8b_4226,11524.469
00e12e8b_4227,11524.468
00e12e8b_4228,11524.465
00e12e8b_4229,11524.462
00e12e8b_4230,11524.459
00e12e8b_4231,11524.457
00e12e8b_4232,11524.458
00e12e8b_4233,11524.456
00e12e8b_4234,11524.453
00e12e8b_4235,11524.455
00e12e8b_4236,11524.458
00e12e8b_4237,11524.46
00e12e8b_4238,11524.464
00e12e8b_4239,11524.467
00e12e8b_4240,11524.474
00e12e8b_4241,11524.48
00e12e8b_4242,11524.486
00e12e8b_4243,11524.493
00e12e8b_4244,11524.499
00e12e8b_4245,11524.503
00e12e8b_4246,11524.508
00e12e8b_4247,11524.512
00e12e8b_4248,11524.516
00e12e8b_4249,11524.519
00e12e8b_4250,11524.5205
00e12e8b_4251,11524.525
00e12e8b_4252,11524.53
00e12e8b_4253,11524.536
00e12e8b_4254,11524.542
00e12e8b_4255,11524.547
00e12e8b_4256,11524.554
00e12e8b_4257,11524.56
00e12e8b_4258,11524.564
00e12e8b_4259,11524.57
00e12e8b_4260,11524.576
00e12e8b_4261,11524.582
00e12e8b_4262,11524.587
00e12e8b_4263,11524.593
00e12e8b_4264,11524.6
00e12e8b_4265,11524.606
00e12e8b_4266,11524.614
00e12e8b_4267,11524.623
00e12e8b_4268,11524.631
00e12e8b_4269,11524.638
00e12e8b_4270,11524.646
00e12e8b_4271,11524.657
00e12e8b_4272,11524.667
00e12e8b_4273,11524.675
00e12e8b_4274,11524.685
00e12e8b_4275,11524.694
00e12e8b_4276,11524.704
00e12e8b_4277,11524.711
00e12e8b_4278,11524.72
00e12e8b_4279,11524.726
00e12e8b_4280,11524.734
00e12e8b_4281,11524.742
00e12e8b_4282,11524.748
00e12e8b_4283,11524.756
00e12e8b_4284,11524.761
00e12e8b_4285,11524.769
00e12e8b_4286,11524.772
00e12e8b_4287,11524.778
00e12e8b_4288,11524.781
00e12e8b_4289,11524.786
00e12e8b_4290,11524.79
00e12e8b_4291,11524.791
00e12e8b_4292,11524.795
00e12e8b_4293,11524.797
00e12e8b_4294,11524.799
00e12e8b_4295,11524.802
00e12e8b_4296,11524.806
00e12e8b_4297,11524.806
00e12e8b_4298,11524.807
00e12e8b_4299,11524.805
00e12e8b_4300,11524.804
00e12e8b_4301,11524.802
00e12e8b_4302,11524.804
00e12e8b_4303,11524.804
00e12e8b_4304,11524.803
00e12e8b_4305,11524.803
00e12e8b_4306,11524.803
00e12e8b_4307,11524.802
00e12e8b_4308,11524.801
00e12e8b_4309,11524.8
00e12e8b_4310,11524.799
00e12e8b_4311,11524.799
00e12e8b_4312,11524.798
00e12e8b_4313,11524.798
00e12e8b_4314,11524.797
00e12e8b_4315,11524.797
00e12e8b_4316,11524.796
00e12e8b_4317,11524.8
00e12e8b_4318,11524.802
00e12e8b_4319,11524.805
00e12e8b_4320,11524.806
00e12e8b_4321,11524.809
00e12e8b_4322,11524.813
00e12e8b_4323,11524.817
00e12e8b_4324,11524.825
00e12e8b_4325,11524.831
00e12e8b_4326,11524.838
00e12e8b_4327,11524.846
00e12e8b_4328,11524.855
00e12e8b_4329,11524.863
00e12e8b_4330,11524.873
00e12e8b_4331,11524.884
00e12e8b_4332,11524.894
00e12e8b_4333,11524.903
00e12e8b_4334,11524.91
00e12e8b_4335,11524.917
00e12e8b_4336,11524.926
00e12e8b_4337,11524.933
00e12e8b_4338,11524.94
00e12e8b_4339,11524.949
00e12e8b_4340,11524.957
00e12e8b_4341,11524.965
00e12e8b_4342,11524.974
00e12e8b_4343,11524.981
00e12e8b_4344,11524.987
00e12e8b_4345,11524.995
00e12e8b_4346,11525.0
00e12e8b_4347,11525.005
00e12e8b_4348,11525.009
00e12e8b_4349,11525.013
00e12e8b_4350,11525.014
00e12e8b_4351,11525.016
00e12e8b_4352,11525.0205
00e12e8b_4353,11525.021
00e12e8b_4354,11525.025
00e12e8b_4355,11525.03
00e12e8b_4356,11525.03
00e12e8b_4357,11525.032
00e12e8b_4358,11525.033
00e12e8b_4359,11525.033
00e12e8b_4360,11525.032
00e12e8b_4361,11525.031
00e12e8b_4362,11525.03
00e12e8b_4363,11525.029
00e12e8b_4364,11525.028
00e12e8b_4365,11525.027
00e12e8b_4366,11525.025
00e12e8b_4367,11525.023
00e12e8b_4368,11525.021
00e12e8b_4369,11525.02
00e12e8b_4370,11525.018
00e12e8b_4371,11525.015
00e12e8b_4372,11525.014
00e12e8b_4373,11525.011
00e12e8b_4374,11525.009
00e12e8b_4375,11525.006
00e12e8b_4376,11525.002
00e12e8b_4377,11524.998
00e12e8b_4378,11524.995
00e12e8b_4379,11524.991
00e12e8b_4380,11524.987
00e12e8b_4381,11524.983
00e12e8b_4382,11524.979
00e12e8b_4383,11524.974
00e12e8b_4384,11524.97
00e12e8b_4385,11524.967
00e12e8b_4386,11524.965
00e12e8b_4387,11524.962
00e12e8b_4388,11524.958
00e12e8b_4389,11524.955
00e12e8b_4390,11524.952
00e12e8b_4391,11524.947
00e12e8b_4392,11524.944
00e12e8b_4393,11524.941
00e12e8b_4394,11524.938
00e12e8b_4395,11524.936
00e12e8b_4396,11524.933
00e12e8b_4397,11524.932
00e12e8b_4398,11524.931
00e12e8b_4399,11524.928
00e12e8b_4400,11524.928
00e12e8b_4401,11524.929
00e12e8b_4402,11524.927
00e12e8b_4403,11524.925
00e12e8b_4404,11524.923
00e12e8b_4405,11524.919
00e12e8b_4406,11524.915
00e12e8b_4407,11524.91
00e12e8b_4408,11524.906
00e12e8b_4409,11524.903
00e12e8b_4410,11524.8955
00e12e8b_4411,11524.888
00e12e8b_4412,11524.88
00e12e8b_4413,11524.871
00e12e8b_4414,11524.858
00e12e8b_4415,11524.845
00e12e8b_4416,11524.834
00e12e8b_4417,11524.82
00e12e8b_4418,11524.807
00e12e8b_4419,11524.792
00e12e8b_4420,11524.778
00e12e8b_4421,11524.764
00e12e8b_4422,11524.753
00e12e8b_4423,11524.741
00e12e8b_4424,11524.73
00e12e8b_4425,11524.721
00e12e8b_4426,11524.712
00e12e8b_4427,11524.707
00e12e8b_4428,11524.701
00e12e8b_4429,11524.694
00e12e8b_4430,11524.685
00e12e8b_4431,11524.672
00e12e8b_4432,11524.66
00e12e8b_4433,11524.648
00e12e8b_4434,11524.637
00e12e8b_4435,11524.626
00e12e8b_4436,11524.614
00e12e8b_4437,11524.603
00e12e8b_4438,11524.594
00e12e8b_4439,11524.584
00e12e8b_4440,11524.572
00e12e8b_4441,11524.5625
00e12e8b_4442,11524.55
00e12e8b_4443,11524.538
00e12e8b_4444,11524.526
00e12e8b_4445,11524.514
00e12e8b_4446,11524.5
00e12e8b_4447,11524.488
00e12e8b_4448,11524.476
00e12e8b_4449,11524.462
00e12e8b_4450,11524.449
00e12e8b_4451,11524.438
00e12e8b_4452,11524.428
00e12e8b_4453,11524.417
00e12e8b_4454,11524.405
00e12e8b_4455,11524.393
00e12e8b_4456,11524.381
00e12e8b_4457,11524.369
00e12e8b_4458,11524.356
00e12e8b_4459,11524.345
00e12e8b_4460,11524.332
00e12e8b_4461,11524.318
00e12e8b_4462,11524.306
00e12e8b_4463,11524.294
00e12e8b_4464,11524.279
00e12e8b_4465,11524.268
00e12e8b_4466,11524.258
00e12e8b_4467,11524.248
00e12e8b_4468,11524.236
00e12e8b_4469,11524.226
00e12e8b_4470,11524.213
00e12e8b_4471,11524.201
00e12e8b_4472,11524.189
00e12e8b_4473,11524.178
00e12e8b_4474,11524.172
00e12e8b_4475,11524.165
00e12e8b_4476,11524.159
00e12e8b_4477,11524.151
00e12e8b_4478,11524.1455
00e12e8b_4479,11524.141
00e12e8b_4480,11524.135
00e12e8b_4481,11524.129
00e12e8b_4482,11524.123
00e12e8b_4483,11524.116
00e12e8b_4484,11524.11
00e12e8b_4485,11524.106
00e12e8b_4486,11524.104
00e12e8b_4487,11524.099
00e12e8b_4488,11524.097
00e12e8b_4489,11524.092
00e12e8b_4490,11524.084
00e12e8b_4491,11524.076
00e12e8b_4492,11524.068
00e12e8b_4493,11524.058
00e12e8b_4494,11524.048
00e12e8b_4495,11524.039
00e12e8b_4496,11524.029
00e12e8b_4497,11524.021
00e12e8b_4498,11524.014
00e12e8b_4499,11524.004
00e12e8b_4500,11523.994
00e12e8b_4501,11523.982
00e12e8b_4502,11523.972
00e12e8b_4503,11523.958
00e12e8b_4504,11523.945
00e12e8b_4505,11523.933
00e12e8b_4506,11523.92
00e12e8b_4507,11523.908
00e12e8b_4508,11523.895
00e12e8b_4509,11523.881
00e12e8b_4510,11523.869
00e12e8b_4511,11523.858
00e12e8b_4512,11523.849
00e12e8b_4513,11523.84
00e12e8b_4514,11523.832
00e12e8b_4515,11523.824
00e12e8b_4516,11523.818
00e12e8b_4517,11523.8125
00e12e8b_4518,11523.808
00e12e8b_4519,11523.803
00e12e8b_4520,11523.798
00e12e8b_4521,11523.793
00e12e8b_4522,11523.79
00e12e8b_4523,11523.787
00e12e8b_4524,11523.784
00e12e8b_4525,11523.783
00e12e8b_4526,11523.78
00e12e8b_4527,11523.777
00e12e8b_4528,11523.775
00e12e8b_4529,11523.774
00e12e8b_4530,11523.774
00e12e8b_4531,11523.774
00e12e8b_4532,11523.772
00e12e8b_4533,11523.7705
00e12e8b_4534,11523.768
00e12e8b_4535,11523.767
00e12e8b_4536,11523.765
00e12e8b_4537,11523.763
00e12e8b_4538,11523.76
00e12e8b_4539,11523.758
00e12e8b_4540,11523.756
00e12e8b_4541,11523.752
00e12e8b_4542,11523.75
00e12e8b_4543,11523.749
00e12e8b_4544,11523.746
00e12e8b_4545,11523.745
00e12e8b_4546,11523.745
00e12e8b_4547,11523.744
00e12e8b_4548,11523.742
00e12e8b_4549,11523.742
00e12e8b_4550,11523.743
00e12e8b_4551,11523.744
00e12e8b_4552,11523.747
00e12e8b_4553,11523.752
00e12e8b_4554,11523.759
00e12e8b_4555,11523.765
00e12e8b_4556,11523.771
00e12e8b_4557,11523.775
00e12e8b_4558,11523.782
00e12e8b_4559,11523.788
00e12e8b_4560,11523.796
00e12e8b_4561,11523.807
00e12e8b_4562,11523.813
00e12e8b_4563,11523.822
00e12e8b_4564,11523.829
00e12e8b_4565,11523.838
00e12e8b_4566,11523.847
00e12e8b_4567,11523.855
00e12e8b_4568,11523.863
00e12e8b_4569,11523.871
00e12e8b_4570,11523.88
00e12e8b_4571,11523.886
00e12e8b_4572,11523.893
00e12e8b_4573,11523.896
00e12e8b_4574,11523.902
00e12e8b_4575,11523.908
00e12e8b_4576,11523.916
00e12e8b_4577,11523.924
00e12e8b_4578,11523.931
00e12e8b_4579,11523.937
00e12e8b_4580,11523.942
00e12e8b_4581,11523.947
00e12e8b_4582,11523.952
00e12e8b_4583,11523.958
00e12e8b_4584,11523.963
00e12e8b_4585,11523.969
00e12e8b_4586,11523.975
00e12e8b_4587,11523.982
00e12e8b_4588,11523.989
00e12e8b_4589,11523.997
00e12e8b_4590,11524.003
00e12e8b_4591,11524.011
00e12e8b_4592,11524.021
00e12e8b_4593,11524.03
00e12e8b_4594,11524.039
00e12e8b_4595,11524.048
00e12e8b_4596,11524.056
00e12e8b_4597,11524.065
00e12e8b_4598,11524.075
00e12e8b_4599,11524.086
00e12e8b_4600,11524.097
00e12e8b_4601,11524.107
00e12e8b_4602,11524.118
00e12e8b_4603,11524.13
00e12e8b_4604,11524.142
00e12e8b_4605,11524.151
00e12e8b_4606,11524.162
00e12e8b_4607,11524.172
00e12e8b_4608,11524.184
00e12e8b_4609,11524.194
00e12e8b_4610,11524.205
00e12e8b_4611,11524.217
00e12e8b_4612,11524.229
00e12e8b_4613,11524.24
00e12e8b_4614,11524.253
00e12e8b_4615,11524.268
00e12e8b_4616,11524.282
00e12e8b_4617,11524.298
00e12e8b_4618,11524.3125
00e12e8b_4619,11524.327
00e12e8b_4620,11524.342
00e12e8b_4621,11524.358
00e12e8b_4622,11524.372
00e12e8b_4623,11524.386
00e12e8b_4624,11524.4
00e12e8b_4625,11524.411
00e12e8b_4626,11524.421
00e12e8b_4627,11524.43
00e12e8b_4628,11524.436
00e12e8b_4629,11524.441
00e12e8b_4630,11524.449
00e12e8b_4631,11524.456
00e12e8b_4632,11524.463
00e12e8b_4633,11524.47
00e12e8b_4634,11524.477
00e12e8b_4635,11524.484
00e12e8b_4636,11524.494
00e12e8b_4637,11524.5
00e12e8b_4638,11524.509
00e12e8b_4639,11524.517
00e12e8b_4640,11524.522
00e12e8b_4641,11524.529
00e12e8b_4642,11524.537
00e12e8b_4643,11524.542
00e12e8b_4644,11524.547
00e12e8b_4645,11524.555
00e12e8b_4646,11524.562
00e12e8b_4647,11524.568
00e12e8b_4648,11524.576
00e12e8b_4649,11524.583
00e12e8b_4650,11524.589
00e12e8b_4651,11524.596
00e12e8b_4652,11524.603
00e12e8b_4653,11524.605
00e12e8b_4654,11524.608
00e12e8b_4655,11524.612
00e12e8b_4656,11524.615
00e12e8b_4657,11524.617
00e12e8b_4658,11524.617
00e12e8b_4659,11524.616
00e12e8b_4660,11524.615
00e12e8b_4661,11524.615
00e12e8b_4662,11524.618
00e12e8b_4663,11524.618
00e12e8b_4664,11524.617
00e12e8b_4665,11524.616
00e12e8b_4666,11524.612
00e12e8b_4667,11524.61
00e12e8b_4668,11524.607
00e12e8b_4669,11524.6045
00e12e8b_4670,11524.6
00e12e8b_4671,11524.596
00e12e8b_4672,11524.592
00e12e8b_4673,11524.587
00e12e8b_4674,11524.584
00e12e8b_4675,11524.579
00e12e8b_4676,11524.574
00e12e8b_4677,11524.57
00e12e8b_4678,11524.565
00e12e8b_4679,11524.56
00e12e8b_4680,11524.555
00e12e8b_4681,11524.551
00e12e8b_4682,11524.548
00e12e8b_4683,11524.545
00e12e8b_4684,11524.543
00e12e8b_4685,11524.54
00e12e8b_4686,11524.537
00e12e8b_4687,11524.531
00e12e8b_4688,11524.53
00e12e8b_4689,11524.527
00e12e8b_4690,11524.523
00e12e8b_4691,11524.521
00e12e8b_4692,11524.5205
00e12e8b_4693,11524.519
00e12e8b_4694,11524.518
00e12e8b_4695,11524.516
00e12e8b_4696,11524.512
00e12e8b_4697,11524.509
00e12e8b_4698,11524.505
00e12e8b_4699,11524.5
00e12e8b_4700,11524.497
00e12e8b_4701,11524.491
00e12e8b_4702,11524.485
00e12e8b_4703,11524.479
00e12e8b_4704,11524.474
00e12e8b_4705,11524.472
00e12e8b_4706,11524.468
00e12e8b_4707,11524.465
00e12e8b_4708,11524.464
00e12e8b_4709,11524.461
00e12e8b_4710,11524.456
00e12e8b_4711,11524.453
00e12e8b_4712,11524.447
00e12e8b_4713,11524.441
00e12e8b_4714,11524.434
00e12e8b_4715,11524.427
00e12e8b_4716,11524.423
00e12e8b_4717,11524.416
00e12e8b_4718,11524.41
00e12e8b_4719,11524.405
00e12e8b_4720,11524.399
00e12e8b_4721,11524.393
00e12e8b_4722,11524.39
00e12e8b_4723,11524.384
00e12e8b_4724,11524.379
00e12e8b_4725,11524.374
00e12e8b_4726,11524.367
00e12e8b_4727,11524.361
00e12e8b_4728,11524.352
00e12e8b_4729,11524.343
00e12e8b_4730,11524.337
00e12e8b_4731,11524.332
00e12e8b_4732,11524.329
00e12e8b_4733,11524.327
00e12e8b_4734,11524.326
00e12e8b_4735,11524.326
00e12e8b_4736,11524.326
00e12e8b_4737,11524.324
00e12e8b_4738,11524.322
00e12e8b_4739,11524.318
00e12e8b_4740,11524.314
00e12e8b_4741,11524.313
00e12e8b_4742,11524.312
00e12e8b_4743,11524.312
00e12e8b_4744,11524.3125
00e12e8b_4745,11524.3125
00e12e8b_4746,11524.3125
00e12e8b_4747,11524.3125
00e12e8b_4748,11524.315
00e12e8b_4749,11524.317
00e12e8b_4750,11524.319
00e12e8b_4751,11524.32
00e12e8b_4752,11524.318
00e12e8b_4753,11524.316
00e12e8b_4754,11524.315
00e12e8b_4755,11524.313
00e12e8b_4756,11524.3125
00e12e8b_4757,11524.311
00e12e8b_4758,11524.308
00e12e8b_4759,11524.311
00e12e8b_4760,11524.313
00e12e8b_4761,11524.313
00e12e8b_4762,11524.313
00e12e8b_4763,11524.311
00e12e8b_4764,11524.307
00e12e8b_4765,11524.305
00e12e8b_4766,11524.3
00e12e8b_4767,11524.294
00e12e8b_4768,11524.289
00e12e8b_4769,11524.285
00e12e8b_4770,11524.283
00e12e8b_4771,11524.281
00e12e8b_4772,11524.277
00e12e8b_4773,11524.274
00e12e8b_4774,11524.2705
00e12e8b_4775,11524.264
00e12e8b_4776,11524.256
00e12e8b_4777,11524.251
00e12e8b_4778,11524.245
00e12e8b_4779,11524.237
00e12e8b_4780,11524.23
00e12e8b_4781,11524.224
00e12e8b_4782,11524.217
00e12e8b_4783,11524.212
00e12e8b_4784,11524.206
00e12e8b_4785,11524.2
00e12e8b_4786,11524.192
00e12e8b_4787,11524.184
00e12e8b_4788,11524.177
00e12e8b_4789,11524.167
00e12e8b_4790,11524.159
00e12e8b_4791,11524.154
00e12e8b_4792,11524.151
00e12e8b_4793,11524.148
00e12e8b_4794,11524.146
00e12e8b_4795,11524.1455
00e12e8b_4796,11524.143
00e12e8b_4797,11524.142
00e12e8b_4798,11524.14
00e12e8b_4799,11524.141
00e12e8b_4800,11524.143
00e12e8b_4801,11524.146
00e12e8b_4802,11524.152
00e12e8b_4803,11524.158
00e12e8b_4804,11524.165
00e12e8b_4805,11524.172
00e12e8b_4806,11524.172
00e12e8b_4807,11524.172
00e12e8b_4808,11524.17
00e12e8b_4809,11524.17
00e12e8b_4810,11524.172
00e12e8b_4811,11524.174
00e12e8b_4812,11524.177
00e12e8b_4813,11524.179
00e12e8b_4814,11524.18
00e12e8b_4815,11524.185
00e12e8b_4816,11524.186
00e12e8b_4817,11524.1875
00e12e8b_4818,11524.192
00e12e8b_4819,11524.198
00e12e8b_4820,11524.204
00e12e8b_4821,11524.208
00e12e8b_4822,11524.211
00e12e8b_4823,11524.212
00e12e8b_4824,11524.214
00e12e8b_4825,11524.216
00e12e8b_4826,11524.218
00e12e8b_4827,11524.221
00e12e8b_4828,11524.222
00e12e8b_4829,11524.225
00e12e8b_4830,11524.225
00e12e8b_4831,11524.227
00e12e8b_4832,11524.227
00e12e8b_4833,11524.228
00e12e8b_4834,11524.229
00e12e8b_4835,11524.2295
00e12e8b_4836,11524.229
00e12e8b_4837,11524.23
00e12e8b_4838,11524.231
00e12e8b_4839,11524.232
00e12e8b_4840,11524.233
00e12e8b_4841,11524.235
00e12e8b_4842,11524.234
00e12e8b_4843,11524.234
00e12e8b_4844,11524.234
00e12e8b_4845,11524.236
00e12e8b_4846,11524.237
00e12e8b_4847,11524.24
00e12e8b_4848,11524.246
00e12e8b_4849,11524.251
00e12e8b_4850,11524.257
00e12e8b_4851,11524.261
00e12e8b_4852,11524.267
00e12e8b_4853,11524.27
00e12e8b_4854,11524.2705
00e12e8b_4855,11524.2705
00e12e8b_4856,11524.2705
00e12e8b_4857,11524.271
00e12e8b_4858,11524.273
00e12e8b_4859,11524.274
00e12e8b_4860,11524.274
00e12e8b_4861,11524.272
00e12e8b_4862,11524.27
00e12e8b_4863,11524.2705
00e12e8b_4864,11524.271
00e12e8b_4865,11524.271
00e12e8b_4866,11524.2705
00e12e8b_4867,11524.2705
00e12e8b_4868,11524.27
00e12e8b_4869,11524.269
00e12e8b_4870,11524.27
00e12e8b_4871,11524.269
00e12e8b_4872,11524.269
00e12e8b_4873,11524.2705
00e12e8b_4874,11524.2705
00e12e8b_4875,11524.27
00e12e8b_4876,11524.268
00e12e8b_4877,11524.263
00e12e8b_4878,11524.262
00e12e8b_4879,11524.258
00e12e8b_4880,11524.254
00e12e8b_4881,11524.252
00e12e8b_4882,11524.25
00e12e8b_4883,11524.248
00e12e8b_4884,11524.249
00e12e8b_4885,11524.251
00e12e8b_4886,11524.253
00e12e8b_4887,11524.254
00e12e8b_4888,11524.254
00e12e8b_4889,11524.254
00e12e8b_4890,11524.252
00e12e8b_4891,11524.253
00e12e8b_4892,11524.253
00e12e8b_4893,11524.252
00e12e8b_4894,11524.251
00e12e8b_4895,11524.252
00e12e8b_4896,11524.254
00e12e8b_4897,11524.257
00e12e8b_4898,11524.259
00e12e8b_4899,11524.26
00e12e8b_4900,11524.263
00e12e8b_4901,11524.266
00e12e8b_4902,11524.27
00e12e8b_4903,11524.275
00e12e8b_4904,11524.281
00e12e8b_4905,11524.286
00e12e8b_4906,11524.292
00e12e8b_4907,11524.298
00e12e8b_4908,11524.304
00e12e8b_4909,11524.31
00e12e8b_4910,11524.316
00e12e8b_4911,11524.324
00e12e8b_4912,11524.331
00e12e8b_4913,11524.338
00e12e8b_4914,11524.346
00e12e8b_4915,11524.354
00e12e8b_4916,11524.36
00e12e8b_4917,11524.368
00e12e8b_4918,11524.375
00e12e8b_4919,11524.381
00e12e8b_4920,11524.385
00e12e8b_4921,11524.39
00e12e8b_4922,11524.394
00e12e8b_4923,11524.399
00e12e8b_4924,11524.404
00e12e8b_4925,11524.407
00e12e8b_4926,11524.412
00e12e8b_4927,11524.416
00e12e8b_4928,11524.421
00e12e8b_4929,11524.428
00e12e8b_4930,11524.435
00e12e8b_4931,11524.439
00e12e8b_4932,11524.445
00e12e8b_4933,11524.449
00e12e8b_4934,11524.452
00e12e8b_4935,11524.452
00e12e8b_4936,11524.452
00e12e8b_4937,11524.451
00e12e8b_4938,11524.452
00e12e8b_4939,11524.45
00e12e8b_4940,11524.448
00e12e8b_4941,11524.447
00e12e8b_4942,11524.444
00e12e8b_4943,11524.443
00e12e8b_4944,11524.439
00e12e8b_4945,11524.438
00e12e8b_4946,11524.436
00e12e8b_4947,11524.432
00e12e8b_4948,11524.429
00e12e8b_4949,11524.425
00e12e8b_4950,11524.42
00e12e8b_4951,11524.416
00e12e8b_4952,11524.411
00e12e8b_4953,11524.405
00e12e8b_4954,11524.4
00e12e8b_4955,11524.397
00e12e8b_4956,11524.391
00e12e8b_4957,11524.385
00e12e8b_4958,11524.381
00e12e8b_4959,11524.377
00e12e8b_4960,11524.373
00e12e8b_4961,11524.37
00e12e8b_4962,11524.366
00e12e8b_4963,11524.359
00e12e8b_4964,11524.3545
00e12e8b_4965,11524.351
00e12e8b_4966,11524.347
00e12e8b_4967,11524.345
00e12e8b_4968,11524.345
00e12e8b_4969,11524.348
00e12e8b_4970,11524.348
00e12e8b_4971,11524.349
00e12e8b_4972,11524.351
00e12e8b_4973,11524.353
00e12e8b_4974,11524.355
00e12e8b_4975,11524.357
00e12e8b_4976,11524.361
00e12e8b_4977,11524.362
00e12e8b_4978,11524.363
00e12e8b_4979,11524.363
00e12e8b_4980,11524.364
00e12e8b_4981,11524.364
00e12e8b_4982,11524.365
00e12e8b_4983,11524.363
00e12e8b_4984,11524.359
00e12e8b_4985,11524.358
00e12e8b_4986,11524.355
00e12e8b_4987,11524.3545
00e12e8b_4988,11524.3545
00e12e8b_4989,11524.352
00e12e8b_4990,11524.35
00e12e8b_4991,11524.348
00e12e8b_4992,11524.345
00e12e8b_4993,11524.343
00e12e8b_4994,11524.34
00e12e8b_4995,11524.337
00e12e8b_4996,11524.335
00e12e8b_4997,11524.333
00e12e8b_4998,11524.331
00e12e8b_4999,11524.327
00e12e8b_5000,11524.326
00e12e8b_5001,11524.322
00e12e8b_5002,11524.319
00e12e8b_5003,11524.316
00e12e8b_5004,11524.315
00e12e8b_5005,11524.3125
00e12e8b_5006,11524.307
00e12e8b_5007,11524.303
00e12e8b_5008,11524.297
00e12e8b_5009,11524.291
00e12e8b_5010,11524.286
00e12e8b_5011,11524.282
00e12e8b_5012,11524.279
00e12e8b_5013,11524.276
00e12e8b_5014,11524.274
00e12e8b_5015,11524.275
00e12e8b_5016,11524.273
00e12e8b_5017,11524.271
00e12e8b_5018,11524.271
00e12e8b_5019,11524.27
00e12e8b_5020,11524.267
00e12e8b_5021,11524.266
00e12e8b_5022,11524.263
00e12e8b_5023,11524.259
00e12e8b_5024,11524.258
00e12e8b_5025,11524.256
00e12e8b_5026,11524.255
00e12e8b_5027,11524.256
00e12e8b_5028,11524.254
00e12e8b_5029,11524.253
00e12e8b_5030,11524.252
00e12e8b_5031,11524.251
00e12e8b_5032,11524.246
00e12e8b_5033,11524.247
00e12e8b_5034,11524.246
00e12e8b_5035,11524.239
00e12e8b_5036,11524.232
00e12e8b_5037,11524.224
00e12e8b_5038,11524.217
00e12e8b_5039,11524.213
00e12e8b_5040,11524.207
00e12e8b_5041,11524.199
00e12e8b_5042,11524.191
00e12e8b_5043,11524.183
00e12e8b_5044,11524.174
00e12e8b_5045,11524.162
00e12e8b_5046,11524.151
00e12e8b_5047,11524.142
00e12e8b_5048,11524.131
00e12e8b_5049,11524.117
00e12e8b_5050,11524.105
00e12e8b_5051,11524.094
00e12e8b_5052,11524.082
00e12e8b_5053,11524.07
00e12e8b_5054,11524.056
00e12e8b_5055,11524.042
00e12e8b_5056,11524.028
00e12e8b_5057,11524.014
00e12e8b_5058,11524.001
00e12e8b_5059,11523.987
00e12e8b_5060,11523.971
00e12e8b_5061,11523.952
00e12e8b_5062,11523.937
00e12e8b_5063,11523.921
00e12e8b_5064,11523.908
00e12e8b_5065,11523.896
00e12e8b_5066,11523.883
00e12e8b_5067,11523.87
00e12e8b_5068,11523.859
00e12e8b_5069,11523.848
00e12e8b_5070,11523.835
00e12e8b_5071,11523.823
00e12e8b_5072,11523.811
00e12e8b_5073,11523.799
00e12e8b_5074,11523.787
00e12e8b_5075,11523.776
00e12e8b_5076,11523.768
00e12e8b_5077,11523.759
00e12e8b_5078,11523.749
00e12e8b_5079,11523.739
00e12e8b_5080,11523.731
00e12e8b_5081,11523.723
00e12e8b_5082,11523.717
00e12e8b_5083,11523.711
00e12e8b_5084,11523.706
00e12e8b_5085,11523.702
00e12e8b_5086,11523.694
00e12e8b_5087,11523.688
00e12e8b_5088,11523.681
00e12e8b_5089,11523.675
00e12e8b_5090,11523.669
00e12e8b_5091,11523.663
00e12e8b_5092,11523.657
00e12e8b_5093,11523.648
00e12e8b_5094,11523.641
00e12e8b_5095,11523.632
00e12e8b_5096,11523.624
00e12e8b_5097,11523.617
00e12e8b_5098,11523.61
00e12e8b_5099,11523.6045
00e12e8b_5100,11523.596
00e12e8b_5101,11523.586
00e12e8b_5102,11523.574
00e12e8b_5103,11523.561
00e12e8b_5104,11523.546
00e12e8b_5105,11523.532
00e12e8b_5106,11523.52
00e12e8b_5107,11523.512
00e12e8b_5108,11523.505
00e12e8b_5109,11523.499
00e12e8b_5110,11523.493
00e12e8b_5111,11523.487
00e12e8b_5112,11523.484
00e12e8b_5113,11523.478
00e12e8b_5114,11523.475
00e12e8b_5115,11523.473
00e12e8b_5116,11523.467
00e12e8b_5117,11523.464
00e12e8b_5118,11523.462
00e12e8b_5119,11523.457
00e12e8b_5120,11523.452
00e12e8b_5121,11523.446
00e12e8b_5122,11523.443
00e12e8b_5123,11523.441
00e12e8b_5124,11523.439
00e12e8b_5125,11523.4375
00e12e8b_5126,11523.434
00e12e8b_5127,11523.432
00e12e8b_5128,11523.43
00e12e8b_5129,11523.427
00e12e8b_5130,11523.424
00e12e8b_5131,11523.424
00e12e8b_5132,11523.422
00e12e8b_5133,11523.42
00e12e8b_5134,11523.421
00e12e8b_5135,11523.418
00e12e8b_5136,11523.416
00e12e8b_5137,11523.416
00e12e8b_5138,11523.413
00e12e8b_5139,11523.41
00e12e8b_5140,11523.408
00e12e8b_5141,11523.405
00e12e8b_5142,11523.403
00e12e8b_5143,11523.403
00e12e8b_5144,11523.402
00e12e8b_5145,11523.4
00e12e8b_5146,11523.398
00e12e8b_5147,11523.3955
00e12e8b_5148,11523.393
00e12e8b_5149,11523.387
00e12e8b_5150,11523.383
00e12e8b_5151,11523.379
00e12e8b_5152,11523.379
00e12e8b_5153,11523.377
00e12e8b_5154,11523.375
00e12e8b_5155,11523.373
00e12e8b_5156,11523.37
00e12e8b_5157,11523.367
00e12e8b_5158,11523.363
00e12e8b_5159,11523.36
00e12e8b_5160,11523.356
00e12e8b_5161,11523.355
00e12e8b_5162,11523.3545
00e12e8b_5163,11523.354
00e12e8b_5164,11523.354
00e12e8b_5165,11523.353
00e12e8b_5166,11523.351
00e12e8b_5167,11523.35
00e12e8b_5168,11523.347
00e12e8b_5169,11523.346
00e12e8b_5170,11523.345
00e12e8b_5171,11523.344
00e12e8b_5172,11523.344
00e12e8b_5173,11523.343
00e12e8b_5174,11523.341
00e12e8b_5175,11523.341
00e12e8b_5176,11523.341
00e12e8b_5177,11523.343
00e12e8b_5178,11523.345
00e12e8b_5179,11523.345
00e12e8b_5180,11523.349
00e12e8b_5181,11523.353
00e12e8b_5182,11523.355
00e12e8b_5183,11523.359
00e12e8b_5184,11523.362
00e12e8b_5185,11523.364
00e12e8b_5186,11523.365
00e12e8b_5187,11523.368
00e12e8b_5188,11523.372
00e12e8b_5189,11523.377
00e12e8b_5190,11523.381
00e12e8b_5191,11523.386
00e12e8b_5192,11523.392
00e12e8b_5193,11523.3955
00e12e8b_5194,11523.398
00e12e8b_5195,11523.4
00e12e8b_5196,11523.406
00e12e8b_5197,11523.412
00e12e8b_5198,11523.421
00e12e8b_5199,11523.43
00e12e8b_5200,11523.435
00e12e8b_5201,11523.443
00e12e8b_5202,11523.451
00e12e8b_5203,11523.457
00e12e8b_5204,11523.463
00e12e8b_5205,11523.469
00e12e8b_5206,11523.476
00e12e8b_5207,11523.481
00e12e8b_5208,11523.488
00e12e8b_5209,11523.498
00e12e8b_5210,11523.506
00e12e8b_5211,11523.513
00e12e8b_5212,11523.5205
00e12e8b_5213,11523.529
00e12e8b_5214,11523.536
00e12e8b_5215,11523.545
00e12e8b_5216,11523.554
00e12e8b_5217,11523.561
00e12e8b_5218,11523.564
00e12e8b_5219,11523.567
00e12e8b_5220,11523.57
00e12e8b_5221,11523.573
00e12e8b_5222,11523.576
00e12e8b_5223,11523.577
00e12e8b_5224,11523.577
00e12e8b_5225,11523.577
00e12e8b_5226,11523.578
00e12e8b_5227,11523.578
00e12e8b_5228,11523.577
00e12e8b_5229,11523.576
00e12e8b_5230,11523.575
00e12e8b_5231,11523.573
00e12e8b_5232,11523.567
00e12e8b_5233,11523.561
00e12e8b_5234,11523.556
00e12e8b_5235,11523.551
00e12e8b_5236,11523.549
00e12e8b_5237,11523.546
00e12e8b_5238,11523.54
00e12e8b_5239,11523.534
00e12e8b_5240,11523.528
00e12e8b_5241,11523.521
00e12e8b_5242,11523.515
00e12e8b_5243,11523.507
00e12e8b_5244,11523.497
00e12e8b_5245,11523.49
00e12e8b_5246,11523.482
00e12e8b_5247,11523.475
00e12e8b_5248,11523.466
00e12e8b_5249,11523.458
00e12e8b_5250,11523.45
00e12e8b_5251,11523.444
00e12e8b_5252,11523.439
00e12e8b_5253,11523.435
00e12e8b_5254,11523.43
00e12e8b_5255,11523.422
00e12e8b_5256,11523.416
00e12e8b_5257,11523.41
00e12e8b_5258,11523.406
00e12e8b_5259,11523.404
00e12e8b_5260,11523.403
00e12e8b_5261,11523.401
00e12e8b_5262,11523.4
00e12e8b_5263,11523.402
00e12e8b_5264,11523.404
00e12e8b_5265,11523.405
00e12e8b_5266,11523.407
00e12e8b_5267,11523.41
00e12e8b_5268,11523.411
00e12e8b_5269,11523.411
00e12e8b_5270,11523.408
00e12e8b_5271,11523.405
00e12e8b_5272,11523.403
00e12e8b_5273,11523.399
00e12e8b_5274,11523.394
00e12e8b_5275,11523.388
00e12e8b_5276,11523.382
00e12e8b_5277,11523.375
00e12e8b_5278,11523.372
00e12e8b_5279,11523.367
00e12e8b_5280,11523.36
00e12e8b_5281,11523.355
00e12e8b_5282,11523.35
00e12e8b_5283,11523.344
00e12e8b_5284,11523.339
00e12e8b_5285,11523.336
00e12e8b_5286,11523.332
00e12e8b_5287,11523.329
00e12e8b_5288,11523.324
00e12e8b_5289,11523.32
00e12e8b_5290,11523.317
00e12e8b_5291,11523.3125
00e12e8b_5292,11523.31
00e12e8b_5293,11523.307
00e12e8b_5294,11523.303
00e12e8b_5295,11523.301
00e12e8b_5296,11523.298
00e12e8b_5297,11523.295
00e12e8b_5298,11523.294
00e12e8b_5299,11523.292
00e12e8b_5300,11523.293
00e12e8b_5301,11523.289
00e12e8b_5302,11523.289
00e12e8b_5303,11523.287
00e12e8b_5304,11523.286
00e12e8b_5305,11523.282
00e12e8b_5306,11523.281
00e12e8b_5307,11523.278
00e12e8b_5308,11523.278
00e12e8b_5309,11523.278
00e12e8b_5310,11523.277
00e12e8b_5311,11523.276
00e12e8b_5312,11523.276
00e12e8b_5313,11523.273
00e12e8b_5314,11523.272
00e12e8b_5315,11523.27
00e12e8b_5316,11523.269
00e12e8b_5317,11523.2705
00e12e8b_5318,11523.268
00e12e8b_5319,11523.264
00e12e8b_5320,11523.259
00e12e8b_5321,11523.252
00e12e8b_5322,11523.246
00e12e8b_5323,11523.243
00e12e8b_5324,11523.236
00e12e8b_5325,11523.228
00e12e8b_5326,11523.22
00e12e8b_5327,11523.21
00e12e8b_5328,11523.2
00e12e8b_5329,11523.192
00e12e8b_5330,11523.184
00e12e8b_5331,11523.174
00e12e8b_5332,11523.164
00e12e8b_5333,11523.157
00e12e8b_5334,11523.146
00e12e8b_5335,11523.137
00e12e8b_5336,11523.131
00e12e8b_5337,11523.124
00e12e8b_5338,11523.117
00e12e8b_5339,11523.11
00e12e8b_5340,11523.101
00e12e8b_5341,11523.092
00e12e8b_5342,11523.086
00e12e8b_5343,11523.079
00e12e8b_5344,11523.072
00e12e8b_5345,11523.066
00e12e8b_5346,11523.062
00e12e8b_5347,11523.058
00e12e8b_5348,11523.055
00e12e8b_5349,11523.05
00e12e8b_5350,11523.046
00e12e8b_5351,11523.041
00e12e8b_5352,11523.038
00e12e8b_5353,11523.034
00e12e8b_5354,11523.032
00e12e8b_5355,11523.032
00e12e8b_5356,11523.035
00e12e8b_5357,11523.038
00e12e8b_5358,11523.042
00e12e8b_5359,11523.046
00e12e8b_5360,11523.049
00e12e8b_5361,11523.053
00e12e8b_5362,11523.06
00e12e8b_5363,11523.065
00e12e8b_5364,11523.071
00e12e8b_5365,11523.08
00e12e8b_5366,11523.088
00e12e8b_5367,11523.096
00e12e8b_5368,11523.104
00e12e8b_5369,11523.111
00e12e8b_5370,11523.121
00e12e8b_5371,11523.132
00e12e8b_5372,11523.141
00e12e8b_5373,11523.151
00e12e8b_5374,11523.161
00e12e8b_5375,11523.173
00e12e8b_5376,11523.183
00e12e8b_5377,11523.191
00e12e8b_5378,11523.202
00e12e8b_5379,11523.214
00e12e8b_5380,11523.226
00e12e8b_5381,11523.236
00e12e8b_5382,11523.247
00e12e8b_5383,11523.256
00e12e8b_5384,11523.264
00e12e8b_5385,11523.271
00e12e8b_5386,11523.278
00e12e8b_5387,11523.287
00e12e8b_5388,11523.296
00e12e8b_5389,11523.305
00e12e8b_5390,11523.314
00e12e8b_5391,11523.323
00e12e8b_5392,11523.332
00e12e8b_5393,11523.34
00e12e8b_5394,11523.352
00e12e8b_5395,11523.361
00e12e8b_5396,11523.373
00e12e8b_5397,11523.385
00e12e8b_5398,11523.395
00e12e8b_5399,11523.403
00e12e8b_5400,11523.409
00e12e8b_5401,11523.417
00e12e8b_5402,11523.424
00e12e8b_5403,11523.431
00e12e8b_5404,11523.439
00e12e8b_5405,11523.448
00e12e8b_5406,11523.456
00e12e8b_5407,11523.465
00e12e8b_5408,11523.473
00e12e8b_5409,11523.482
00e12e8b_5410,11523.491
00e12e8b_5411,11523.499
00e12e8b_5412,11523.508
00e12e8b_5413,11523.512
00e12e8b_5414,11523.519
00e12e8b_5415,11523.525
00e12e8b_5416,11523.532
00e12e8b_5417,11523.539
00e12e8b_5418,11523.545
00e12e8b_5419,11523.551
00e12e8b_5420,11523.554
00e12e8b_5421,11523.557
00e12e8b_5422,11523.558
00e12e8b_5423,11523.56
00e12e8b_5424,11523.561
00e12e8b_5425,11523.5625
00e12e8b_5426,11523.565
00e12e8b_5427,11523.567
00e12e8b_5428,11523.567
00e12e8b_5429,11523.566
00e12e8b_5430,11523.565
00e12e8b_5431,11523.568
00e12e8b_5432,11523.567
00e12e8b_5433,11523.566
00e12e8b_5434,11523.565
00e12e8b_5435,11523.5625
00e12e8b_5436,11523.562
00e12e8b_5437,11523.561
00e12e8b_5438,11523.558
00e12e8b_5439,11523.556
00e12e8b_5440,11523.556
00e12e8b_5441,11523.556
00e12e8b_5442,11523.553
00e12e8b_5443,11523.552
00e12e8b_5444,11523.55
00e12e8b_5445,11523.546
00e12e8b_5446,11523.543
00e12e8b_5447,11523.539
00e12e8b_5448,11523.538
00e12e8b_5449,11523.534
00e12e8b_5450,11523.533
00e12e8b_5451,11523.529
00e12e8b_5452,11523.525
00e12e8b_5453,11523.52
00e12e8b_5454,11523.514
00e12e8b_5455,11523.51
00e12e8b_5456,11523.506
00e12e8b_5457,11523.502
00e12e8b_5458,11523.497
00e12e8b_5459,11523.493
00e12e8b_5460,11523.491
00e12e8b_5461,11523.485
00e12e8b_5462,11523.48
00e12e8b_5463,11523.477
00e12e8b_5464,11523.472
00e12e8b_5465,11523.465
00e12e8b_5466,11523.459
00e12e8b_5467,11523.455
00e12e8b_5468,11523.447
00e12e8b_5469,11523.442
00e12e8b_5470,11523.433
00e12e8b_5471,11523.423
00e12e8b_5472,11523.413
00e12e8b_5473,11523.403
00e12e8b_5474,11523.395
00e12e8b_5475,11523.384
00e12e8b_5476,11523.373
00e12e8b_5477,11523.363
00e12e8b_5478,11523.354
00e12e8b_5479,11523.344
00e12e8b_5480,11523.334
00e12e8b_5481,11523.324
00e12e8b_5482,11523.313
00e12e8b_5483,11523.304
00e12e8b_5484,11523.295
00e12e8b_5485,11523.286
00e12e8b_5486,11523.278
00e12e8b_5487,11523.27
00e12e8b_5488,11523.261
00e12e8b_5489,11523.251
00e12e8b_5490,11523.241
00e12e8b_5491,11523.232
00e12e8b_5492,11523.224
00e12e8b_5493,11523.216
00e12e8b_5494,11523.21
00e12e8b_5495,11523.204
00e12e8b_5496,11523.199
00e12e8b_5497,11523.193
00e12e8b_5498,11523.187
00e12e8b_5499,11523.179
00e12e8b_5500,11523.171
00e12e8b_5501,11523.168
00e12e8b_5502,11523.162
00e12e8b_5503,11523.156
00e12e8b_5504,11523.151
00e12e8b_5505,11523.145
00e12e8b_5506,11523.14
00e12e8b_5507,11523.134
00e12e8b_5508,11523.127
00e12e8b_5509,11523.119
00e12e8b_5510,11523.11
00e12e8b_5511,11523.1
00e12e8b_5512,11523.088
00e12e8b_5513,11523.075
00e12e8b_5514,11523.0625
00e12e8b_5515,11523.051
00e12e8b_5516,11523.038
00e12e8b_5517,11523.024
00e12e8b_5518,11523.011
00e12e8b_5519,11522.998
00e12e8b_5520,11522.987
00e12e8b_5521,11522.976
00e12e8b_5522,11522.964
00e12e8b_5523,11522.952
00e12e8b_5524,11522.94
00e12e8b_5525,11522.928
00e12e8b_5526,11522.915
00e12e8b_5527,11522.903
00e12e8b_5528,11522.891
00e12e8b_5529,11522.879
00e12e8b_5530,11522.867
00e12e8b_5531,11522.854
00e12e8b_5532,11522.843
00e12e8b_5533,11522.835
00e12e8b_5534,11522.825
00e12e8b_5535,11522.813
00e12e8b_5536,11522.804
00e12e8b_5537,11522.795
00e12e8b_5538,11522.785
00e12e8b_5539,11522.779
00e12e8b_5540,11522.773
00e12e8b_5541,11522.769
00e12e8b_5542,11522.766
00e12e8b_5543,11522.763
00e12e8b_5544,11522.762
00e12e8b_5545,11522.761
00e12e8b_5546,11522.76
00e12e8b_5547,11522.76
00e12e8b_5548,11522.76
00e12e8b_5549,11522.76
00e12e8b_5550,11522.76
00e12e8b_5551,11522.76
00e12e8b_5552,11522.76
00e12e8b_5553,11522.758
00e12e8b_5554,11522.756
00e12e8b_5555,11522.757
00e12e8b_5556,11522.759
00e12e8b_5557,11522.763
00e12e8b_5558,11522.765
00e12e8b_5559,11522.769
00e12e8b_5560,11522.77
00e12e8b_5561,11522.772
00e12e8b_5562,11522.774
00e12e8b_5563,11522.776
00e12e8b_5564,11522.776
00e12e8b_5565,11522.777
00e12e8b_5566,11522.776
00e12e8b_5567,11522.777
00e12e8b_5568,11522.776
00e12e8b_5569,11522.776
00e12e8b_5570,11522.776
00e12e8b_5571,11522.777
00e12e8b_5572,11522.779
00e12e8b_5573,11522.781
00e12e8b_5574,11522.784
00e12e8b_5575,11522.79
00e12e8b_5576,11522.794
00e12e8b_5577,11522.799
00e12e8b_5578,11522.803
00e12e8b_5579,11522.805
00e12e8b_5580,11522.808
00e12e8b_5581,11522.815
00e12e8b_5582,11522.823
00e12e8b_5583,11522.831
00e12e8b_5584,11522.839
00e12e8b_5585,11522.846
00e12e8b_5586,11522.8545
00e12e8b_5587,11522.863
00e12e8b_5588,11522.871
00e12e8b_5589,11522.882
00e12e8b_5590,11522.894
00e12e8b_5591,11522.904
00e12e8b_5592,11522.915
00e12e8b_5593,11522.923
00e12e8b_5594,11522.929
00e12e8b_5595,11522.936
00e12e8b_5596,11522.94
00e12e8b_5597,11522.946
00e12e8b_5598,11522.951
00e12e8b_5599,11522.956
00e12e8b_5600,11522.962
00e12e8b_5601,11522.965
00e12e8b_5602,11522.973
00e12e8b_5603,11522.978
00e12e8b_5604,11522.981
00e12e8b_5605,11522.986
00e12e8b_5606,11522.993
00e12e8b_5607,11522.997
00e12e8b_5608,11523.004
00e12e8b_5609,11523.009
00e12e8b_5610,11523.016
00e12e8b_5611,11523.021
00e12e8b_5612,11523.028
00e12e8b_5613,11523.033
00e12e8b_5614,11523.039
00e12e8b_5615,11523.042
00e12e8b_5616,11523.049
00e12e8b_5617,11523.051
00e12e8b_5618,11523.051
00e12e8b_5619,11523.054
00e12e8b_5620,11523.058
00e12e8b_5621,11523.062
00e12e8b_5622,11523.065
00e12e8b_5623,11523.069
00e12e8b_5624,11523.071
00e12e8b_5625,11523.078
00e12e8b_5626,11523.084
00e12e8b_5627,11523.088
00e12e8b_5628,11523.094
00e12e8b_5629,11523.098
00e12e8b_5630,11523.101
00e12e8b_5631,11523.108
00e12e8b_5632,11523.112
00e12e8b_5633,11523.116
00e12e8b_5634,11523.121
00e12e8b_5635,11523.127
00e12e8b_5636,11523.132
00e12e8b_5637,11523.138
00e12e8b_5638,11523.143
00e12e8b_5639,11523.148
00e12e8b_5640,11523.153
00e12e8b_5641,11523.161
00e12e8b_5642,11523.167
00e12e8b_5643,11523.172
00e12e8b_5644,11523.179
00e12e8b_5645,11523.185
00e12e8b_5646,11523.19
00e12e8b_5647,11523.198
00e12e8b_5648,11523.208
00e12e8b_5649,11523.213
00e12e8b_5650,11523.222
00e12e8b_5651,11523.232
00e12e8b_5652,11523.243
00e12e8b_5653,11523.253
00e12e8b_5654,11523.264
00e12e8b_5655,11523.273
00e12e8b_5656,11523.281
00e12e8b_5657,11523.287
00e12e8b_5658,11523.293
00e12e8b_5659,11523.3
00e12e8b_5660,11523.307
00e12e8b_5661,11523.315
00e12e8b_5662,11523.322
00e12e8b_5663,11523.329
00e12e8b_5664,11523.337
00e12e8b_5665,11523.344
00e12e8b_5666,11523.35
00e12e8b_5667,11523.3545
00e12e8b_5668,11523.36
00e12e8b_5669,11523.366
00e12e8b_5670,11523.37
00e12e8b_5671,11523.373
00e12e8b_5672,11523.376
00e12e8b_5673,11523.379
00e12e8b_5674,11523.38
00e12e8b_5675,11523.384
00e12e8b_5676,11523.384
00e12e8b_5677,11523.385
00e12e8b_5678,11523.386
00e12e8b_5679,11523.386
00e12e8b_5680,11523.385
00e12e8b_5681,11523.384
00e12e8b_5682,11523.381
00e12e8b_5683,11523.378
00e12e8b_5684,11523.375
00e12e8b_5685,11523.372
00e12e8b_5686,11523.368
00e12e8b_5687,11523.365
00e12e8b_5688,11523.36
00e12e8b_5689,11523.355
00e12e8b_5690,11523.351
00e12e8b_5691,11523.343
00e12e8b_5692,11523.337
00e12e8b_5693,11523.332
00e12e8b_5694,11523.325
00e12e8b_5695,11523.316
00e12e8b_5696,11523.31
00e12e8b_5697,11523.301
00e12e8b_5698,11523.293
00e12e8b_5699,11523.286
00e12e8b_5700,11523.279
00e12e8b_5701,11523.273
00e12e8b_5702,11523.266
00e12e8b_5703,11523.26
00e12e8b_5704,11523.254
00e12e8b_5705,11523.245
00e12e8b_5706,11523.238
00e12e8b_5707,11523.229
00e12e8b_5708,11523.219
00e12e8b_5709,11523.208
00e12e8b_5710,11523.196
00e12e8b_5711,11523.185
00e12e8b_5712,11523.172
00e12e8b_5713,11523.157
00e12e8b_5714,11523.145
00e12e8b_5715,11523.13
00e12e8b_5716,11523.114
00e12e8b_5717,11523.098
00e12e8b_5718,11523.079
00e12e8b_5719,11523.0625
00e12e8b_5720,11523.044
00e12e8b_5721,11523.027
00e12e8b_5722,11523.012
00e12e8b_5723,11522.993
00e12e8b_5724,11522.975
00e12e8b_5725,11522.954
00e12e8b_5726,11522.934
00e12e8b_5727,11522.911
00e12e8b_5728,11522.889
00e12e8b_5729,11522.868
00e12e8b_5730,11522.85
00e12e8b_5731,11522.83
00e12e8b_5732,11522.808
00e12e8b_5733,11522.787
00e12e8b_5734,11522.766
00e12e8b_5735,11522.747
00e12e8b_5736,11522.727
00e12e8b_5737,11522.709
00e12e8b_5738,11522.693
00e12e8b_5739,11522.676
00e12e8b_5740,11522.659
00e12e8b_5741,11522.643
00e12e8b_5742,11522.624
00e12e8b_5743,11522.609
00e12e8b_5744,11522.592
00e12e8b_5745,11522.575
00e12e8b_5746,11522.559
00e12e8b_5747,11522.543
00e12e8b_5748,11522.528
00e12e8b_5749,11522.512
00e12e8b_5750,11522.497
00e12e8b_5751,11522.481
00e12e8b_5752,11522.469
00e12e8b_5753,11522.455
00e12e8b_5754,11522.443
00e12e8b_5755,11522.43
00e12e8b_5756,11522.416
00e12e8b_5757,11522.402
00e12e8b_5758,11522.39
00e12e8b_5759,11522.381
00e12e8b_5760,11522.369
00e12e8b_5761,11522.357
00e12e8b_5762,11522.349
00e12e8b_5763,11522.338
00e12e8b_5764,11522.325
00e12e8b_5765,11522.314
00e12e8b_5766,11522.304
00e12e8b_5767,11522.29
00e12e8b_5768,11522.276
00e12e8b_5769,11522.267
00e12e8b_5770,11522.257
00e12e8b_5771,11522.248
00e12e8b_5772,11522.24
00e12e8b_5773,11522.232
00e12e8b_5774,11522.225
00e12e8b_5775,11522.216
00e12e8b_5776,11522.211
00e12e8b_5777,11522.205
00e12e8b_5778,11522.198
00e12e8b_5779,11522.192
00e12e8b_5780,11522.1875
00e12e8b_5781,11522.184
00e12e8b_5782,11522.179
00e12e8b_5783,11522.176
00e12e8b_5784,11522.172
00e12e8b_5785,11522.169
00e12e8b_5786,11522.166
00e12e8b_5787,11522.164
00e12e8b_5788,11522.163
00e12e8b_5789,11522.163
00e12e8b_5790,11522.166
00e12e8b_5791,11522.171
00e12e8b_5792,11522.176
00e12e8b_5793,11522.181
00e12e8b_5794,11522.185
00e12e8b_5795,11522.188
00e12e8b_5796,11522.191
00e12e8b_5797,11522.197
00e12e8b_5798,11522.199
00e12e8b_5799,11522.202
00e12e8b_5800,11522.206
00e12e8b_5801,11522.205
00e12e8b_5802,11522.202
00e12e8b_5803,11522.199
00e12e8b_5804,11522.195
00e12e8b_5805,11522.192
00e12e8b_5806,11522.191
00e12e8b_5807,11522.186
00e12e8b_5808,11522.183
00e12e8b_5809,11522.179
00e12e8b_5810,11522.176
00e12e8b_5811,11522.173
00e12e8b_5812,11522.173
00e12e8b_5813,11522.174
00e12e8b_5814,11522.176
00e12e8b_5815,11522.178
00e12e8b_5816,11522.18
00e12e8b_5817,11522.183
00e12e8b_5818,11522.186
00e12e8b_5819,11522.188
00e12e8b_5820,11522.192
00e12e8b_5821,11522.197
00e12e8b_5822,11522.2
00e12e8b_5823,11522.204
00e12e8b_5824,11522.208
00e12e8b_5825,11522.213
00e12e8b_5826,11522.221
00e12e8b_5827,11522.226
00e12e8b_5828,11522.233
00e12e8b_5829,11522.242
00e12e8b_5830,11522.251
00e12e8b_5831,11522.259
00e12e8b_5832,11522.2705
00e12e8b_5833,11522.28
00e12e8b_5834,11522.288
00e12e8b_5835,11522.297
00e12e8b_5836,11522.308
00e12e8b_5837,11522.318
00e12e8b_5838,11522.329
00e12e8b_5839,11522.341
00e12e8b_5840,11522.353
00e12e8b_5841,11522.364
00e12e8b_5842,11522.379
00e12e8b_5843,11522.392
00e12e8b_5844,11522.403
00e12e8b_5845,11522.413
00e12e8b_5846,11522.422
00e12e8b_5847,11522.431
00e12e8b_5848,11522.441
00e12e8b_5849,11522.452
00e12e8b_5850,11522.466
00e12e8b_5851,11522.4795
00e12e8b_5852,11522.493
00e12e8b_5853,11522.507
00e12e8b_5854,11522.5205
00e12e8b_5855,11522.534
00e12e8b_5856,11522.548
00e12e8b_5857,11522.561
00e12e8b_5858,11522.571
00e12e8b_5859,11522.583
00e12e8b_5860,11522.593
00e12e8b_5861,11522.603
00e12e8b_5862,11522.613
00e12e8b_5863,11522.624
00e12e8b_5864,11522.633
00e12e8b_5865,11522.644
00e12e8b_5866,11522.654
00e12e8b_5867,11522.666
00e12e8b_5868,11522.679
00e12e8b_5869,11522.689
00e12e8b_5870,11522.702
00e12e8b_5871,11522.716
00e12e8b_5872,11522.73
00e12e8b_5873,11522.746
00e12e8b_5874,11522.758
00e12e8b_5875,11522.771
00e12e8b_5876,11522.784
00e12e8b_5877,11522.796
00e12e8b_5878,11522.81
00e12e8b_5879,11522.824
00e12e8b_5880,11522.841
00e12e8b_5881,11522.857
00e12e8b_5882,11522.872
00e12e8b_5883,11522.884
00e12e8b_5884,11522.898
00e12e8b_5885,11522.911
00e12e8b_5886,11522.924
00e12e8b_5887,11522.9375
00e12e8b_5888,11522.948
00e12e8b_5889,11522.961
00e12e8b_5890,11522.972
00e12e8b_5891,11522.98
00e12e8b_5892,11522.989
00e12e8b_5893,11522.999
00e12e8b_5894,11523.009
00e12e8b_5895,11523.02
00e12e8b_5896,11523.031
00e12e8b_5897,11523.043
00e12e8b_5898,11523.054
00e12e8b_5899,11523.064
00e12e8b_5900,11523.075
00e12e8b_5901,11523.086
00e12e8b_5902,11523.1
00e12e8b_5903,11523.111
00e12e8b_5904,11523.124
00e12e8b_5905,11523.139
00e12e8b_5906,11523.15
00e12e8b_5907,11523.161
00e12e8b_5908,11523.175
00e12e8b_5909,11523.186
00e12e8b_5910,11523.197
00e12e8b_5911,11523.208
00e12e8b_5912,11523.219
00e12e8b_5913,11523.227
00e12e8b_5914,11523.237
00e12e8b_5915,11523.248
00e12e8b_5916,11523.261
00e12e8b_5917,11523.271
00e12e8b_5918,11523.284
00e12e8b_5919,11523.295
00e12e8b_5920,11523.307
00e12e8b_5921,11523.318
00e12e8b_5922,11523.331
00e12e8b_5923,11523.343
00e12e8b_5924,11523.356
00e12e8b_5925,11523.369
00e12e8b_5926,11523.377
00e12e8b_5927,11523.389
00e12e8b_5928,11523.402
00e12e8b_5929,11523.413
00e12e8b_5930,11523.426
00e12e8b_5931,11523.438
00e12e8b_5932,11523.45
00e12e8b_5933,11523.463
00e12e8b_5934,11523.476
00e12e8b_5935,11523.486
00e12e8b_5936,11523.497
00e12e8b_5937,11523.506
00e12e8b_5938,11523.514
00e12e8b_5939,11523.523
00e12e8b_5940,11523.534
00e12e8b_5941,11523.544
00e12e8b_5942,11523.551
00e12e8b_5943,11523.561
00e12e8b_5944,11523.569
00e12e8b_5945,11523.578
00e12e8b_5946,11523.587
00e12e8b_5947,11523.596
00e12e8b_5948,11523.6045
00e12e8b_5949,11523.609
00e12e8b_5950,11523.617
00e12e8b_5951,11523.624
00e12e8b_5952,11523.629
00e12e8b_5953,11523.633
00e12e8b_5954,11523.638
00e12e8b_5955,11523.642
00e12e8b_5956,11523.6455
00e12e8b_5957,11523.649
00e12e8b_5958,11523.654
00e12e8b_5959,11523.661
00e12e8b_5960,11523.665
00e12e8b_5961,11523.67
00e12e8b_5962,11523.674
00e12e8b_5963,11523.678
00e12e8b_5964,11523.681
00e12e8b_5965,11523.684
00e12e8b_5966,11523.687
00e12e8b_5967,11523.688
00e12e8b_5968,11523.691
00e12e8b_5969,11523.694
00e12e8b_5970,11523.695
00e12e8b_5971,11523.697
00e12e8b_5972,11523.699
00e12e8b_5973,11523.699
00e12e8b_5974,11523.699
00e12e8b_5975,11523.7
00e12e8b_5976,11523.698
00e12e8b_5977,11523.698
00e12e8b_5978,11523.698
00e12e8b_5979,11523.696
00e12e8b_5980,11523.694
00e12e8b_5981,11523.692
00e12e8b_5982,11523.688
00e12e8b_5983,11523.687
00e12e8b_5984,11523.684
00e12e8b_5985,11523.681
00e12e8b_5986,11523.676
00e12e8b_5987,11523.671
00e12e8b_5988,11523.666
00e12e8b_5989,11523.66
00e12e8b_5990,11523.656
00e12e8b_5991,11523.651
00e12e8b_5992,11523.647
00e12e8b_5993,11523.642
00e12e8b_5994,11523.635
00e12e8b_5995,11523.632
00e12e8b_5996,11523.625
00e12e8b_5997,11523.62
00e12e8b_5998,11523.616
00e12e8b_5999,11523.611
00e12e8b_6000,11523.605
00e12e8b_6001,11523.6
00e12e8b_6002,11523.594
00e12e8b_6003,11523.588
00e12e8b_6004,11523.58
00e12e8b_6005,11523.571
00e12e8b_6006,11523.564
00e12e8b_6007,11523.561
00e12e8b_6008,11523.555
00e12e8b_6009,11523.547
00e12e8b_6010,11523.543
00e12e8b_6011,11523.535
00e12e8b_6012,11523.528
00e12e8b_6013,11523.523
00e12e8b_6014,11523.518
00e12e8b_6015,11523.51
00e12e8b_6016,11523.505
00e12e8b_6017,11523.498
00e12e8b_6018,11523.494
00e12e8b_6019,11523.488
00e12e8b_6020,11523.484
00e12e8b_6021,11523.48
00e12e8b_6022,11523.475
00e12e8b_6023,11523.468
00e12e8b_6024,11523.465
00e12e8b_6025,11523.461
00e12e8b_6026,11523.457
00e12e8b_6027,11523.455
00e12e8b_6028,11523.452
00e12e8b_6029,11523.45
00e12e8b_6030,11523.449
00e12e8b_6031,11523.447
00e12e8b_6032,11523.445
00e12e8b_6033,11523.444
00e12e8b_6034,11523.442
00e12e8b_6035,11523.441
00e12e8b_6036,11523.44
00e12e8b_6037,11523.44
00e12e8b_6038,11523.441
00e12e8b_6039,11523.44
00e12e8b_6040,11523.438
00e12e8b_6041,11523.4375
00e12e8b_6042,11523.437
00e12e8b_6043,11523.436
00e12e8b_6044,11523.434
00e12e8b_6045,11523.434
00e12e8b_6046,11523.433
00e12e8b_6047,11523.432
00e12e8b_6048,11523.43
00e12e8b_6049,11523.428
00e12e8b_6050,11523.426
00e12e8b_6051,11523.423
00e12e8b_6052,11523.421
00e12e8b_6053,11523.418
00e12e8b_6054,11523.415
00e12e8b_6055,11523.41
00e12e8b_6056,11523.408
00e12e8b_6057,11523.406
00e12e8b_6058,11523.406
00e12e8b_6059,11523.405
00e12e8b_6060,11523.403
00e12e8b_6061,11523.403
00e12e8b_6062,11523.402
00e12e8b_6063,11523.399
00e12e8b_6064,11523.398
00e12e8b_6065,11523.399
00e12e8b_6066,11523.399
00e12e8b_6067,11523.398
00e12e8b_6068,11523.4
00e12e8b_6069,11523.403
00e12e8b_6070,11523.404
00e12e8b_6071,11523.405
00e12e8b_6072,11523.409
00e12e8b_6073,11523.411
00e12e8b_6074,11523.414
00e12e8b_6075,11523.418
00e12e8b_6076,11523.424
00e12e8b_6077,11523.426
00e12e8b_6078,11523.429
00e12e8b_6079,11523.433
00e12e8b_6080,11523.436
00e12e8b_6081,11523.438
00e12e8b_6082,11523.441
00e12e8b_6083,11523.446
00e12e8b_6084,11523.451
00e12e8b_6085,11523.455
00e12e8b_6086,11523.458
00e12e8b_6087,11523.462
00e12e8b_6088,11523.463
00e12e8b_6089,11523.465
00e12e8b_6090,11523.468
00e12e8b_6091,11523.468
00e12e8b_6092,11523.467
00e12e8b_6093,11523.463
00e12e8b_6094,11523.459
00e12e8b_6095,11523.455
00e12e8b_6096,11523.45
00e12e8b_6097,11523.444
00e12e8b_6098,11523.436
00e12e8b_6099,11523.427
00e12e8b_6100,11523.418
00e12e8b_6101,11523.407
00e12e8b_6102,11523.4
00e12e8b_6103,11523.3955
00e12e8b_6104,11523.393
00e12e8b_6105,11523.39
00e12e8b_6106,11523.387
00e12e8b_6107,11523.383
00e12e8b_6108,11523.38
00e12e8b_6109,11523.378
00e12e8b_6110,11523.377
00e12e8b_6111,11523.377
00e12e8b_6112,11523.373
00e12e8b_6113,11523.368
00e12e8b_6114,11523.362
00e12e8b_6115,11523.358
00e12e8b_6116,11523.3545
00e12e8b_6117,11523.35
00e12e8b_6118,11523.345
00e12e8b_6119,11523.339
00e12e8b_6120,11523.333
00e12e8b_6121,11523.326
00e12e8b_6122,11523.318
00e12e8b_6123,11523.31
00e12e8b_6124,11523.302
00e12e8b_6125,11523.295
00e12e8b_6126,11523.288
00e12e8b_6127,11523.279
00e12e8b_6128,11523.271
00e12e8b_6129,11523.263
00e12e8b_6130,11523.253
00e12e8b_6131,11523.243
00e12e8b_6132,11523.233
00e12e8b_6133,11523.223
00e12e8b_6134,11523.214
00e12e8b_6135,11523.206
00e12e8b_6136,11523.199
00e12e8b_6137,11523.191
00e12e8b_6138,11523.183
00e12e8b_6139,11523.174
00e12e8b_6140,11523.166
00e12e8b_6141,11523.158
00e12e8b_6142,11523.15
00e12e8b_6143,11523.142
00e12e8b_6144,11523.133
00e12e8b_6145,11523.125
00e12e8b_6146,11523.121
00e12e8b_6147,11523.118
00e12e8b_6148,11523.116
00e12e8b_6149,11523.114
00e12e8b_6150,11523.112
00e12e8b_6151,11523.108
00e12e8b_6152,11523.105
00e12e8b_6153,11523.102
00e12e8b_6154,11523.103
00e12e8b_6155,11523.101
00e12e8b_6156,11523.101
00e12e8b_6157,11523.101
00e12e8b_6158,11523.103
00e12e8b_6159,11523.105
00e12e8b_6160,11523.107
00e12e8b_6161,11523.109
00e12e8b_6162,11523.111
00e12e8b_6163,11523.112
00e12e8b_6164,11523.113
00e12e8b_6165,11523.116
00e12e8b_6166,11523.12
00e12e8b_6167,11523.121
00e12e8b_6168,11523.123
00e12e8b_6169,11523.124
00e12e8b_6170,11523.126
00e12e8b_6171,11523.126
00e12e8b_6172,11523.124
00e12e8b_6173,11523.122
00e12e8b_6174,11523.119
00e12e8b_6175,11523.116
00e12e8b_6176,11523.114
00e12e8b_6177,11523.113
00e12e8b_6178,11523.115
00e12e8b_6179,11523.113
00e12e8b_6180,11523.112
00e12e8b_6181,11523.11
00e12e8b_6182,11523.105
00e12e8b_6183,11523.103
00e12e8b_6184,11523.1
00e12e8b_6185,11523.096
00e12e8b_6186,11523.093
00e12e8b_6187,11523.09
00e12e8b_6188,11523.087
00e12e8b_6189,11523.084
00e12e8b_6190,11523.081
00e12e8b_6191,11523.078
00e12e8b_6192,11523.076
00e12e8b_6193,11523.075
00e12e8b_6194,11523.074
00e12e8b_6195,11523.076
00e12e8b_6196,11523.077
00e12e8b_6197,11523.078
00e12e8b_6198,11523.078
00e12e8b_6199,11523.083
00e12e8b_6200,11523.087
00e12e8b_6201,11523.089
00e12e8b_6202,11523.093
00e12e8b_6203,11523.095
00e12e8b_6204,11523.097
00e12e8b_6205,11523.097
00e12e8b_6206,11523.1
00e12e8b_6207,11523.103
00e12e8b_6208,11523.106
00e12e8b_6209,11523.11
00e12e8b_6210,11523.113
00e12e8b_6211,11523.116
00e12e8b_6212,11523.118
00e12e8b_6213,11523.122
00e12e8b_6214,11523.125
00e12e8b_6215,11523.127
00e12e8b_6216,11523.13
00e12e8b_6217,11523.132
00e12e8b_6218,11523.134
00e12e8b_6219,11523.134
00e12e8b_6220,11523.136
00e12e8b_6221,11523.137
00e12e8b_6222,11523.138
00e12e8b_6223,11523.14
00e12e8b_6224,11523.141
00e12e8b_6225,11523.141
00e12e8b_6226,11523.142
00e12e8b_6227,11523.144
00e12e8b_6228,11523.1455
00e12e8b_6229,11523.1455
00e12e8b_6230,11523.148
00e12e8b_6231,11523.152
00e12e8b_6232,11523.156
00e12e8b_6233,11523.16
00e12e8b_6234,11523.159
00e12e8b_6235,11523.16
00e12e8b_6236,11523.161
00e12e8b_6237,11523.161
00e12e8b_6238,11523.162
00e12e8b_6239,11523.164
00e12e8b_6240,11523.165
00e12e8b_6241,11523.166
00e12e8b_6242,11523.167
00e12e8b_6243,11523.168
00e12e8b_6244,11523.169
00e12e8b_6245,11523.17
00e12e8b_6246,11523.172
00e12e8b_6247,11523.173
00e12e8b_6248,11523.174
00e12e8b_6249,11523.176
00e12e8b_6250,11523.177
00e12e8b_6251,11523.179
00e12e8b_6252,11523.18
00e12e8b_6253,11523.182
00e12e8b_6254,11523.183
00e12e8b_6255,11523.185
00e12e8b_6256,11523.186
00e12e8b_6257,11523.1875
00e12e8b_6258,11523.189
00e12e8b_6259,11523.19
00e12e8b_6260,11523.192
00e12e8b_6261,11523.194
00e12e8b_6262,11523.196
00e12e8b_6263,11523.198
00e12e8b_6264,11523.199
00e12e8b_6265,11523.201
00e12e8b_6266,11523.203
00e12e8b_6267,11523.205
00e12e8b_6268,11523.207
00e12e8b_6269,11523.209
00e12e8b_6270,11523.211
00e12e8b_6271,11523.214
00e12e8b_6272,11523.216
00e12e8b_6273,11523.218
00e12e8b_6274,11523.22
00e12e8b_6275,11523.222
00e12e8b_6276,11523.225
00e12e8b_6277,11523.227
00e12e8b_6278,11523.229
00e12e8b_6279,11523.231
00e12e8b_6280,11523.233
00e12e8b_6281,11523.236
00e12e8b_6282,11523.238
00e12e8b_6283,11523.241
00e12e8b_6284,11523.243
00e12e8b_6285,11523.246
00e12e8b_6286,11523.248
00e12e8b_6287,11523.251
00e12e8b_6288,11523.254
00e12e8b_6289,11523.256
00e12e8b_6290,11523.259
00e12e8b_6291,11523.262
00e12e8b_6292,11523.265
00e12e8b_6293,11523.268
00e12e8b_6294,11523.27
00e12e8b_6295,11523.272
00e12e8b_6296,11523.275
00e12e8b_6297,11523.278
00e12e8b_6298,11523.281
00e12e8b_6299,11523.284
00e12e8b_6300,11523.288
00e12e8b_6301,11523.291
00e12e8b_6302,11523.294
00e12e8b_6303,11523.297
00e12e8b_6304,11523.3
00e12e8b_6305,11523.303
00e12e8b_6306,11523.307
00e12e8b_6307,11523.31
00e12e8b_6308,11523.3125
00e12e8b_6309,11523.316
00e12e8b_6310,11523.319
00e12e8b_6311,11523.323
00e12e8b_6312,11523.326
00e12e8b_6313,11523.33
00e12e8b_6314,11523.333
00e12e8b_6315,11523.337
00e12e8b_6316,11523.34
00e12e8b_6317,11523.344
00e12e8b_6318,11523.348
00e12e8b_6319,11523.352
00e12e8b_6320,11523.3545
00e12e8b_6321,11523.358
00e12e8b_6322,11523.362
00e12e8b_6323,11523.366
00e12e8b_6324,11523.37
00e12e8b_6325,11523.374
00e12e8b_6326,11523.378
00e12e8b_6327,11523.382
00e12e8b_6328,11523.386
00e12e8b_6329,11523.39
00e12e8b_6330,11523.394
00e12e8b_6331,11523.397
00e12e8b_6332,11523.401
00e12e8b_6333,11523.405
00e12e8b_6334,11523.409
00e12e8b_6335,11523.414
00e12e8b_6336,11523.418
00e12e8b_6337,11523.422
00e12e8b_6338,11523.427
00e12e8b_6339,11523.431
00e12e8b_6340,11523.436
00e12e8b_6341,11523.439
00e12e8b_6342,11523.444
00e12e8b_6343,11523.448
00e12e8b_6344,11523.453
00e12e8b_6345,11523.457
00e12e8b_6346,11523.462
00e12e8b_6347,11523.467
00e12e8b_6348,11523.471
00e12e8b_6349,11523.476
00e12e8b_6350,11523.48
00e12e8b_6351,11523.485
00e12e8b_6352,11523.489
00e12e8b_6353,11523.494
00e12e8b_6354,11523.499
00e12e8b_6355,11523.504
00e12e8b_6356,11523.509
00e12e8b_6357,11523.514
00e12e8b_6358,11523.519
00e12e8b_6359,11523.523
00e12e8b_6360,11523.528
00e12e8b_6361,11523.533
00e12e8b_6362,11523.539
00e12e8b_6363,11523.544
00e12e8b_6364,11523.549
00e12e8b_6365,11523.554
00e12e8b_6366,11523.56
00e12e8b_6367,11523.564
00e12e8b_6368,11523.569
00e12e8b_6369,11523.575
00e12e8b_6370,11523.58
00e12e8b_6371,11523.586
00e12e8b_6372,11523.591
00e12e8b_6373,11523.597
00e12e8b_6374,11523.602
00e12e8b_6375,11523.607
00e12e8b_6376,11523.612
00e12e8b_6377,11523.618
00e12e8b_6378,11523.624
00e12e8b_6379,11523.63
00e12e8b_6380,11523.635
00e12e8b_6381,11523.641
00e12e8b_6382,11523.646
00e12e8b_6383,11523.652
