id,tvt
000d7d20_1442,11747.644
000d7d20_1443,11747.64
000d7d20_1444,11747.825
000d7d20_1445,11747.867
000d7d20_1446,11747.975
000d7d20_1447,11747.985
000d7d20_1448,11747.977
000d7d20_1449,11747.988
000d7d20_1450,11747.995
000d7d20_1451,11748.053
000d7d20_1452,11748.107
000d7d20_1453,11748.1
000d7d20_1454,11748.076
000d7d20_1455,11748.064
000d7d20_1456,11748.0625
000d7d20_1457,11748.065
000d7d20_1458,11748.093
000d7d20_1459,11748.114
000d7d20_1460,11748.084
000d7d20_1461,11748.082
000d7d20_1462,11748.12
000d7d20_1463,11748.117
000d7d20_1464,11748.15
000d7d20_1465,11748.253
000d7d20_1466,11748.301
000d7d20_1467,11748.337
000d7d20_1468,11748.374
000d7d20_1469,11748.416
000d7d20_1470,11748.42
000d7d20_1471,11748.48
000d7d20_1472,11748.501
000d7d20_1473,11748.562
000d7d20_1474,11748.841
000d7d20_1475,11748.87
000d7d20_1476,11748.812
000d7d20_1477,11748.794
000d7d20_1478,11748.791
000d7d20_1479,11748.795
000d7d20_1480,11748.781
000d7d20_1481,11748.739
000d7d20_1482,11748.756
000d7d20_1483,11748.775
000d7d20_1484,11748.762
000d7d20_1485,11748.776
000d7d20_1486,11748.785
000d7d20_1487,11748.779
000d7d20_1488,11748.834
000d7d20_1489,11748.829
000d7d20_1490,11748.656
000d7d20_1491,11748.671
000d7d20_1492,11748.625
000d7d20_1493,11748.611
000d7d20_1494,11748.602
000d7d20_1495,11748.598
000d7d20_1496,11748.588
000d7d20_1497,11748.573
000d7d20_1498,11748.568
000d7d20_1499,11748.533
000d7d20_1500,11748.556
000d7d20_1501,11748.554
000d7d20_1502,11748.595
000d7d20_1503,11748.597
000d7d20_1504,11748.659
000d7d20_1505,11748.618
000d7d20_1506,11748.671
000d7d20_1507,11748.655
000d7d20_1508,11748.591
000d7d20_1509,11748.488
000d7d20_1510,11748.49
000d7d20_1511,11748.35
000d7d20_1512,11748.3955
000d7d20_1513,11748.338
000d7d20_1514,11748.505
000d7d20_1515,11748.591
000d7d20_1516,11748.603
000d7d20_1517,11748.592
000d7d20_1518,11748.607
000d7d20_1519,11748.632
000d7d20_1520,11748.611
000d7d20_1521,11748.61
000d7d20_1522,11748.572
000d7d20_1523,11748.926
000d7d20_1524,11748.998
000d7d20_1525,11749.081
000d7d20_1526,11749.107
000d7d20_1527,11749.211
000d7d20_1528,11749.287
000d7d20_1529,11749.258
000d7d20_1530,11749.422
000d7d20_1531,11749.417
000d7d20_1532,11749.433
000d7d20_1533,11749.502
000d7d20_1534,11749.368
000d7d20_1535,11749.352
000d7d20_1536,11749.363
000d7d20_1537,11749.381
000d7d20_1538,11749.444
000d7d20_1539,11749.35
000d7d20_1540,11749.304
000d7d20_1541,11749.241
000d7d20_1542,11749.167
000d7d20_1543,11749.264
000d7d20_1544,11749.25
000d7d20_1545,11749.242
000d7d20_1546,11749.261
000d7d20_1547,11749.23
000d7d20_1548,11749.21
000d7d20_1549,11749.213
000d7d20_1550,11749.17
000d7d20_1551,11749.217
000d7d20_1552,11749.221
000d7d20_1553,11749.284
000d7d20_1554,11749.266
000d7d20_1555,11749.27
000d7d20_1556,11749.296
000d7d20_1557,11749.263
000d7d20_1558,11749.148
000d7d20_1559,11749.109
000d7d20_1560,11749.08
000d7d20_1561,11749.041
000d7d20_1562,11748.979
000d7d20_1563,11748.92
000d7d20_1564,11749.184
000d7d20_1565,11749.428
000d7d20_1566,11749.39
000d7d20_1567,11749.497
000d7d20_1568,11749.881
000d7d20_1569,11749.872
000d7d20_1570,11750.096
000d7d20_1571,11749.583
000d7d20_1572,11750.041
000d7d20_1573,11749.984
000d7d20_1574,11749.994
000d7d20_1575,11749.945
000d7d20_1576,11749.727
000d7d20_1577,11749.734
000d7d20_1578,11749.938
000d7d20_1579,11749.938
000d7d20_1580,11750.006
000d7d20_1581,11749.977
000d7d20_1582,11749.966
000d7d20_1583,11749.674
000d7d20_1584,11749.592
000d7d20_1585,11749.653
000d7d20_1586,11749.541
000d7d20_1587,11749.537
000d7d20_1588,11749.578
000d7d20_1589,11749.541
000d7d20_1590,11749.519
000d7d20_1591,11749.476
000d7d20_1592,11749.524
000d7d20_1593,11749.44
000d7d20_1594,11749.449
000d7d20_1595,11749.4
000d7d20_1596,11749.398
000d7d20_1597,11749.434
000d7d20_1598,11749.416
000d7d20_1599,11749.393
000d7d20_1600,11749.361
000d7d20_1601,11749.282
000d7d20_1602,11749.226
000d7d20_1603,11749.21
000d7d20_1604,11749.18
000d7d20_1605,11749.057
000d7d20_1606,11749.029
000d7d20_1607,11749.014
000d7d20_1608,11749.003
000d7d20_1609,11749.018
000d7d20_1610,11748.978
000d7d20_1611,11749.807
000d7d20_1612,11749.828
000d7d20_1613,11749.822
000d7d20_1614,11749.879
000d7d20_1615,11749.877
000d7d20_1616,11749.864
000d7d20_1617,11749.875
000d7d20_1618,11749.851
000d7d20_1619,11749.869
000d7d20_1620,11749.869
000d7d20_1621,11749.84
000d7d20_1622,11749.785
000d7d20_1623,11749.765
000d7d20_1624,11749.732
000d7d20_1625,11749.732
000d7d20_1626,11749.662
000d7d20_1627,11749.651
000d7d20_1628,11749.632
000d7d20_1629,11749.632
000d7d20_1630,11749.578
000d7d20_1631,11749.547
000d7d20_1632,11749.577
000d7d20_1633,11749.535
000d7d20_1634,11749.535
000d7d20_1635,11749.483
000d7d20_1636,11749.403
000d7d20_1637,11749.369
000d7d20_1638,11749.275
000d7d20_1639,11749.2705
000d7d20_1640,11749.267
000d7d20_1641,11749.231
000d7d20_1642,11749.258
000d7d20_1643,11749.25
000d7d20_1644,11749.26
000d7d20_1645,11749.244
000d7d20_1646,11749.205
000d7d20_1647,11749.248
000d7d20_1648,11749.226
000d7d20_1649,11749.226
000d7d20_1650,11749.214
000d7d20_1651,11749.205
000d7d20_1652,11749.186
000d7d20_1653,11749.134
000d7d20_1654,11749.05
000d7d20_1655,11749.004
000d7d20_1656,11748.98
000d7d20_1657,11748.939
000d7d20_1658,11748.894
000d7d20_1659,11748.831
000d7d20_1660,11748.805
000d7d20_1661,11748.789
000d7d20_1662,11748.797
000d7d20_1663,11748.809
000d7d20_1664,11748.769
000d7d20_1665,11748.81
000d7d20_1666,11748.765
000d7d20_1667,11748.245
000d7d20_1668,11748.217
000d7d20_1669,11748.226
000d7d20_1670,11748.21
000d7d20_1671,11748.243
000d7d20_1672,11748.224
000d7d20_1673,11748.22
000d7d20_1674,11748.1875
000d7d20_1675,11748.19
000d7d20_1676,11748.238
000d7d20_1677,11748.252
000d7d20_1678,11748.228
000d7d20_1679,11748.21
000d7d20_1680,11748.196
000d7d20_1681,11748.197
000d7d20_1682,11748.188
000d7d20_1683,11748.192
000d7d20_1684,11748.173
000d7d20_1685,11748.184
000d7d20_1686,11748.18
000d7d20_1687,11748.176
000d7d20_1688,11748.165
000d7d20_1689,11749.001
000d7d20_1690,11748.969
000d7d20_1691,11748.913
000d7d20_1692,11748.861
000d7d20_1693,11748.842
000d7d20_1694,11748.778
000d7d20_1695,11748.82
000d7d20_1696,11748.817
000d7d20_1697,11748.817
000d7d20_1698,11748.836
000d7d20_1699,11748.816
000d7d20_1700,11748.8
000d7d20_1701,11748.765
000d7d20_1702,11748.744
000d7d20_1703,11748.729
000d7d20_1704,11748.729
000d7d20_1705,11748.681
000d7d20_1706,11748.685
000d7d20_1707,11748.65
000d7d20_1708,11748.65
000d7d20_1709,11748.654
000d7d20_1710,11748.607
000d7d20_1711,11748.622
000d7d20_1712,11748.553
000d7d20_1713,11748.544
000d7d20_1714,11748.45
000d7d20_1715,11748.436
000d7d20_1716,11748.437
000d7d20_1717,11748.421
000d7d20_1718,11748.386
000d7d20_1719,11748.386
000d7d20_1720,11748.391
000d7d20_1721,11748.383
000d7d20_1722,11748.369
000d7d20_1723,11748.369
000d7d20_1724,11748.363
000d7d20_1725,11748.334
000d7d20_1726,11748.279
000d7d20_1727,11748.277
000d7d20_1728,11748.279
000d7d20_1729,11748.207
000d7d20_1730,11748.213
000d7d20_1731,11748.183
000d7d20_1732,11748.1875
000d7d20_1733,11748.156
000d7d20_1734,11748.123
000d7d20_1735,11748.115
000d7d20_1736,11748.164
000d7d20_1737,11748.15
000d7d20_1738,11748.142
000d7d20_1739,11748.121
000d7d20_1740,11748.108
000d7d20_1741,11748.126
000d7d20_1742,11748.135
000d7d20_1743,11748.137
000d7d20_1744,11748.135
000d7d20_1745,11748.062
000d7d20_1746,11748.067
000d7d20_1747,11748.07
000d7d20_1748,11748.049
000d7d20_1749,11748.066
000d7d20_1750,11748.054
000d7d20_1751,11748.064
000d7d20_1752,11748.052
000d7d20_1753,11748.053
000d7d20_1754,11748.044
000d7d20_1755,11748.016
000d7d20_1756,11748.018
000d7d20_1757,11748.005
000d7d20_1758,11748.001
000d7d20_1759,11748.003
000d7d20_1760,11748.005
000d7d20_1761,11747.991
000d7d20_1762,11747.988
000d7d20_1763,11747.975
000d7d20_1764,11747.977
000d7d20_1765,11747.974
000d7d20_1766,11747.998
000d7d20_1767,11747.943
000d7d20_1768,11747.959
000d7d20_1769,11747.939
000d7d20_1770,11747.969
000d7d20_1771,11747.959
000d7d20_1772,11747.958
000d7d20_1773,11747.946
000d7d20_1774,11747.952
000d7d20_1775,11747.944
000d7d20_1776,11748.813
000d7d20_1777,11748.32
000d7d20_1778,11748.32
000d7d20_1779,11748.305
000d7d20_1780,11748.25
000d7d20_1781,11748.234
000d7d20_1782,11748.243
000d7d20_1783,11748.154
000d7d20_1784,11748.1455
000d7d20_1785,11748.154
000d7d20_1786,11748.148
000d7d20_1787,11748.149
000d7d20_1788,11748.156
000d7d20_1789,11748.156
000d7d20_1790,11748.152
000d7d20_1791,11748.194
000d7d20_1792,11748.186
000d7d20_1793,11748.238
000d7d20_1794,11748.115
000d7d20_1795,11748.115
000d7d20_1796,11748.128
000d7d20_1797,11748.111
000d7d20_1798,11748.113
000d7d20_1799,11748.113
000d7d20_1800,11748.06
000d7d20_1801,11748.0
000d7d20_1802,11747.837
000d7d20_1803,11747.651
000d7d20_1804,11747.681
000d7d20_1805,11747.666
000d7d20_1806,11747.671
000d7d20_1807,11747.625
000d7d20_1808,11747.619
000d7d20_1809,11747.617
000d7d20_1810,11747.614
000d7d20_1811,11747.611
000d7d20_1812,11747.619
000d7d20_1813,11747.55
000d7d20_1814,11747.535
000d7d20_1815,11747.5205
000d7d20_1816,11747.476
000d7d20_1817,11747.463
000d7d20_1818,11747.465
000d7d20_1819,11747.474
000d7d20_1820,11747.479
000d7d20_1821,11747.477
000d7d20_1822,11747.476
000d7d20_1823,11747.456
000d7d20_1824,11747.503
000d7d20_1825,11747.564
000d7d20_1826,11747.631
000d7d20_1827,11747.573
000d7d20_1828,11747.454
000d7d20_1829,11747.592
000d7d20_1830,11747.498
000d7d20_1831,11747.586
000d7d20_1832,11747.571
000d7d20_1833,11747.592
000d7d20_1834,11747.579
000d7d20_1835,11747.605
000d7d20_1836,11747.701
000d7d20_1837,11747.546
000d7d20_1838,11747.54
000d7d20_1839,11747.567
000d7d20_1840,11747.598
000d7d20_1841,11747.586
000d7d20_1842,11747.585
000d7d20_1843,11747.564
000d7d20_1844,11747.528
000d7d20_1845,11747.467
000d7d20_1846,11747.455
000d7d20_1847,11747.564
000d7d20_1848,11747.567
000d7d20_1849,11747.545
000d7d20_1850,11747.44
000d7d20_1851,11747.431
000d7d20_1852,11747.363
000d7d20_1853,11747.496
000d7d20_1854,11747.463
000d7d20_1855,11747.447
000d7d20_1856,11747.459
000d7d20_1857,11747.437
000d7d20_1858,11747.422
000d7d20_1859,11748.379
000d7d20_1860,11748.329
000d7d20_1861,11748.334
000d7d20_1862,11748.336
000d7d20_1863,11748.334
000d7d20_1864,11748.28
000d7d20_1865,11748.2705
000d7d20_1866,11748.279
000d7d20_1867,11748.273
000d7d20_1868,11748.241
000d7d20_1869,11748.248
000d7d20_1870,11748.223
000d7d20_1871,11748.219
000d7d20_1872,11748.229
000d7d20_1873,11748.224
000d7d20_1874,11748.178
000d7d20_1875,11748.18
000d7d20_1876,11748.147
000d7d20_1877,11748.1045
000d7d20_1878,11748.067
000d7d20_1879,11748.075
000d7d20_1880,11748.06
000d7d20_1881,11748.079
000d7d20_1882,11748.051
000d7d20_1883,11748.088
000d7d20_1884,11748.044
000d7d20_1885,11748.078
000d7d20_1886,11748.08
000d7d20_1887,11748.046
000d7d20_1888,11748.035
000d7d20_1889,11748.014
000d7d20_1890,11748.02
000d7d20_1891,11748.009
000d7d20_1892,11747.985
000d7d20_1893,11747.95
000d7d20_1894,11748.074
000d7d20_1895,11748.0625
000d7d20_1896,11748.051
000d7d20_1897,11748.024
000d7d20_1898,11748.02
000d7d20_1899,11748.003
000d7d20_1900,11747.984
000d7d20_1901,11747.951
000d7d20_1902,11747.964
000d7d20_1903,11747.946
000d7d20_1904,11747.785
000d7d20_1905,11747.872
000d7d20_1906,11747.862
000d7d20_1907,11747.848
000d7d20_1908,11747.839
000d7d20_1909,11747.818
000d7d20_1910,11747.794
000d7d20_1911,11747.804
000d7d20_1912,11747.794
000d7d20_1913,11747.882
000d7d20_1914,11747.985
000d7d20_1915,11747.981
000d7d20_1916,11747.988
000d7d20_1917,11748.033
000d7d20_1918,11748.064
000d7d20_1919,11748.061
000d7d20_1920,11748.089
000d7d20_1921,11747.756
000d7d20_1922,11747.719
000d7d20_1923,11747.623
000d7d20_1924,11747.633
000d7d20_1925,11747.609
000d7d20_1926,11747.594
000d7d20_1927,11747.601
000d7d20_1928,11747.598
000d7d20_1929,11747.542
000d7d20_1930,11747.541
000d7d20_1931,11747.562
000d7d20_1932,11747.564
000d7d20_1933,11747.698
000d7d20_1934,11747.865
000d7d20_1935,11748.084
000d7d20_1936,11748.047
000d7d20_1937,11748.818
000d7d20_1938,11748.785
000d7d20_1939,11748.778
000d7d20_1940,11750.019
000d7d20_1941,11749.912
000d7d20_1942,11749.88
000d7d20_1943,11750.032
000d7d20_1944,11750.292
000d7d20_1945,11750.303
000d7d20_1946,11750.282
000d7d20_1947,11750.269
000d7d20_1948,11750.382
000d7d20_1949,11750.58
000d7d20_1950,11750.59
000d7d20_1951,11750.592
000d7d20_1952,11750.598
000d7d20_1953,11750.647
000d7d20_1954,11750.646
000d7d20_1955,11750.641
000d7d20_1956,11750.658
000d7d20_1957,11750.594
000d7d20_1958,11750.539
000d7d20_1959,11750.498
000d7d20_1960,11750.496
000d7d20_1961,11750.396
000d7d20_1962,11750.214
000d7d20_1963,11749.568
000d7d20_1964,11749.291
000d7d20_1965,11749.31
000d7d20_1966,11749.298
000d7d20_1967,11749.288
000d7d20_1968,11749.381
000d7d20_1969,11749.304
000d7d20_1970,11749.3
000d7d20_1971,11749.301
000d7d20_1972,11749.281
000d7d20_1973,11749.299
000d7d20_1974,11749.28
000d7d20_1975,11749.283
000d7d20_1976,11749.272
000d7d20_1977,11749.277
000d7d20_1978,11749.269
000d7d20_1979,11749.297
000d7d20_1980,11749.297
000d7d20_1981,11749.288
000d7d20_1982,11749.276
000d7d20_1983,11749.311
000d7d20_1984,11749.289
000d7d20_1985,11749.275
000d7d20_1986,11749.263
000d7d20_1987,11749.175
000d7d20_1988,11749.125
000d7d20_1989,11749.147
000d7d20_1990,11749.121
000d7d20_1991,11749.157
000d7d20_1992,11749.116
000d7d20_1993,11749.096
000d7d20_1994,11749.07
000d7d20_1995,11749.099
000d7d20_1996,11749.1
000d7d20_1997,11749.107
000d7d20_1998,11749.113
000d7d20_1999,11749.115
000d7d20_2000,11749.107
000d7d20_2001,11749.048
000d7d20_2002,11749.106
000d7d20_2003,11749.092
000d7d20_2004,11749.111
000d7d20_2005,11749.094
000d7d20_2006,11749.107
000d7d20_2007,11749.142
000d7d20_2008,11749.124
000d7d20_2009,11749.418
000d7d20_2010,11749.498
000d7d20_2011,11749.5205
000d7d20_2012,11750.178
000d7d20_2013,11750.255
000d7d20_2014,11750.132
000d7d20_2015,11750.113
000d7d20_2016,11750.133
000d7d20_2017,11750.396
000d7d20_2018,11750.889
000d7d20_2019,11751.307
000d7d20_2020,11751.9
000d7d20_2021,11751.936
000d7d20_2022,11751.924
000d7d20_2023,11751.912
000d7d20_2024,11752.009
000d7d20_2025,11751.977
000d7d20_2026,11751.961
000d7d20_2027,11751.932
000d7d20_2028,11752.045
000d7d20_2029,11752.155
000d7d20_2030,11752.241
000d7d20_2031,11752.305
000d7d20_2032,11752.234
000d7d20_2033,11752.225
000d7d20_2034,11752.356
000d7d20_2035,11752.33
000d7d20_2036,11752.318
000d7d20_2037,11752.314
000d7d20_2038,11752.34
000d7d20_2039,11752.335
000d7d20_2040,11752.333
000d7d20_2041,11752.131
000d7d20_2042,11752.154
000d7d20_2043,11752.186
000d7d20_2044,11752.184
000d7d20_2045,11752.184
000d7d20_2046,11752.073
000d7d20_2047,11752.083
000d7d20_2048,11752.064
000d7d20_2049,11752.046
000d7d20_2050,11752.033
000d7d20_2051,11752.031
000d7d20_2052,11751.521
000d7d20_2053,11751.46
000d7d20_2054,11751.492
000d7d20_2055,11751.527
000d7d20_2056,11751.533
000d7d20_2057,11751.5205
000d7d20_2058,11751.542
000d7d20_2059,11751.545
000d7d20_2060,11750.895
000d7d20_2061,11750.876
000d7d20_2062,11750.859
000d7d20_2063,11750.862
000d7d20_2064,11750.809
000d7d20_2065,11750.811
000d7d20_2066,11750.868
000d7d20_2067,11750.881
000d7d20_2068,11750.884
000d7d20_2069,11750.902
000d7d20_2070,11750.884
000d7d20_2071,11750.9
000d7d20_2072,11750.982
000d7d20_2073,11750.965
000d7d20_2074,11750.952
000d7d20_2075,11750.946
000d7d20_2076,11750.99
000d7d20_2077,11750.946
000d7d20_2078,11750.925
000d7d20_2079,11750.913
000d7d20_2080,11750.942
000d7d20_2081,11750.973
000d7d20_2082,11750.992
000d7d20_2083,11750.984
000d7d20_2084,11751.009
000d7d20_2085,11751.002
000d7d20_2086,11750.967
000d7d20_2087,11750.979
000d7d20_2088,11750.939
000d7d20_2089,11750.971
000d7d20_2090,11750.98
000d7d20_2091,11750.955
000d7d20_2092,11751.021
000d7d20_2093,11750.971
000d7d20_2094,11751.0
000d7d20_2095,11750.964
000d7d20_2096,11751.0
000d7d20_2097,11750.97
000d7d20_2098,11751.004
000d7d20_2099,11751.017
000d7d20_2100,11751.062
000d7d20_2101,11751.119
000d7d20_2102,11751.164
000d7d20_2103,11751.161
000d7d20_2104,11751.157
000d7d20_2105,11751.124
000d7d20_2106,11751.153
000d7d20_2107,11751.129
000d7d20_2108,11751.181
000d7d20_2109,11751.178
000d7d20_2110,11750.966
000d7d20_2111,11751.097
000d7d20_2112,11751.015
000d7d20_2113,11751.203
000d7d20_2114,11750.611
000d7d20_2115,11751.212
000d7d20_2116,11751.101
000d7d20_2117,11751.146
000d7d20_2118,11750.867
000d7d20_2119,11750.852
000d7d20_2120,11751.087
000d7d20_2121,11750.885
000d7d20_2122,11751.086
000d7d20_2123,11751.023
000d7d20_2124,11751.074
000d7d20_2125,11751.074
000d7d20_2126,11751.16
000d7d20_2127,11751.163
000d7d20_2128,11751.046
000d7d20_2129,11751.102
000d7d20_2130,11751.14
000d7d20_2131,11751.236
000d7d20_2132,11751.204
000d7d20_2133,11751.233
000d7d20_2134,11751.23
000d7d20_2135,11751.218
000d7d20_2136,11751.281
000d7d20_2137,11751.243
000d7d20_2138,11751.246
000d7d20_2139,11751.257
000d7d20_2140,11751.24
000d7d20_2141,11751.242
000d7d20_2142,11751.242
000d7d20_2143,11751.207
000d7d20_2144,11751.214
000d7d20_2145,11751.133
000d7d20_2146,11750.663
000d7d20_2147,11750.527
000d7d20_2148,11750.546
000d7d20_2149,11750.296
000d7d20_2150,11750.303
000d7d20_2151,11750.273
000d7d20_2152,11750.2705
000d7d20_2153,11750.263
000d7d20_2154,11750.264
000d7d20_2155,11750.291
000d7d20_2156,11750.248
000d7d20_2157,11750.233
000d7d20_2158,11750.289
000d7d20_2159,11750.334
000d7d20_2160,11750.35
000d7d20_2161,11750.351
000d7d20_2162,11750.335
000d7d20_2163,11750.34
000d7d20_2164,11750.311
000d7d20_2165,11750.307
000d7d20_2166,11750.297
000d7d20_2167,11750.311
000d7d20_2168,11750.301
000d7d20_2169,11750.273
000d7d20_2170,11750.346
000d7d20_2171,11750.364
000d7d20_2172,11750.38
000d7d20_2173,11750.446
000d7d20_2174,11750.437
000d7d20_2175,11750.376
000d7d20_2176,11750.332
000d7d20_2177,11750.324
000d7d20_2178,11750.323
000d7d20_2179,11750.2295
000d7d20_2180,11750.219
000d7d20_2181,11751.217
000d7d20_2182,11751.189
000d7d20_2183,11751.228
000d7d20_2184,11751.247
000d7d20_2185,11751.215
000d7d20_2186,11751.229
000d7d20_2187,11751.2
000d7d20_2188,11751.194
000d7d20_2189,11751.182
000d7d20_2190,11751.133
000d7d20_2191,11751.137
000d7d20_2192,11751.173
000d7d20_2193,11751.155
000d7d20_2194,11751.175
000d7d20_2195,11751.182
000d7d20_2196,11751.207
000d7d20_2197,11751.154
000d7d20_2198,11751.178
000d7d20_2199,11751.1875
000d7d20_2200,11751.206
000d7d20_2201,11751.15
000d7d20_2202,11751.121
000d7d20_2203,11751.119
000d7d20_2204,11751.122
000d7d20_2205,11751.099
000d7d20_2206,11751.04
000d7d20_2207,11750.73
000d7d20_2208,11750.807
000d7d20_2209,11750.801
000d7d20_2210,11750.813
000d7d20_2211,11750.796
000d7d20_2212,11750.79
000d7d20_2213,11750.747
000d7d20_2214,11750.739
000d7d20_2215,11750.644
000d7d20_2216,11750.68
000d7d20_2217,11750.545
000d7d20_2218,11750.442
000d7d20_2219,11750.449
000d7d20_2220,11750.48
000d7d20_2221,11750.484
000d7d20_2222,11750.51
000d7d20_2223,11750.5625
000d7d20_2224,11750.541
000d7d20_2225,11750.553
000d7d20_2226,11750.58
000d7d20_2227,11750.529
000d7d20_2228,11750.531
000d7d20_2229,11750.552
000d7d20_2230,11750.543
000d7d20_2231,11750.432
000d7d20_2232,11750.469
000d7d20_2233,11750.445
000d7d20_2234,11750.449
000d7d20_2235,11750.434
000d7d20_2236,11750.576
000d7d20_2237,11750.617
000d7d20_2238,11750.6045
000d7d20_2239,11750.612
000d7d20_2240,11750.99
000d7d20_2241,11750.995
000d7d20_2242,11751.032
000d7d20_2243,11751.421
000d7d20_2244,11751.351
000d7d20_2245,11751.328
000d7d20_2246,11751.316
000d7d20_2247,11751.3545
000d7d20_2248,11751.302
000d7d20_2249,11751.33
000d7d20_2250,11751.421
000d7d20_2251,11751.435
000d7d20_2252,11751.4
000d7d20_2253,11751.557
000d7d20_2254,11751.527
000d7d20_2255,11751.559
000d7d20_2256,11751.614
000d7d20_2257,11751.602
000d7d20_2258,11751.586
000d7d20_2259,11751.571
000d7d20_2260,11751.594
000d7d20_2261,11751.594
000d7d20_2262,11751.584
000d7d20_2263,11751.579
000d7d20_2264,11751.581
000d7d20_2265,11751.593
000d7d20_2266,11752.004
000d7d20_2267,11752.027
000d7d20_2268,11752.021
000d7d20_2269,11751.995
000d7d20_2270,11751.941
000d7d20_2271,11752.011
000d7d20_2272,11752.1
000d7d20_2273,11752.066
000d7d20_2274,11752.054
000d7d20_2275,11752.053
000d7d20_2276,11752.016
000d7d20_2277,11752.027
000d7d20_2278,11752.011
000d7d20_2279,11751.791
000d7d20_2280,11751.643
000d7d20_2281,11751.407
000d7d20_2282,11751.388
000d7d20_2283,11751.393
000d7d20_2284,11751.389
000d7d20_2285,11751.361
000d7d20_2286,11751.401
000d7d20_2287,11751.301
000d7d20_2288,11751.118
000d7d20_2289,11751.072
000d7d20_2290,11750.956
000d7d20_2291,11751.087
000d7d20_2292,11751.092
000d7d20_2293,11751.062
000d7d20_2294,11751.085
000d7d20_2295,11751.009
000d7d20_2296,11750.998
000d7d20_2297,11751.027
000d7d20_2298,11751.1
000d7d20_2299,11751.077
000d7d20_2300,11751.083
000d7d20_2301,11751.1045
000d7d20_2302,11751.088
000d7d20_2303,11751.055
000d7d20_2304,11750.939
000d7d20_2305,11750.938
000d7d20_2306,11750.883
000d7d20_2307,11750.872
000d7d20_2308,11750.879
000d7d20_2309,11750.826
000d7d20_2310,11750.879
000d7d20_2311,11750.825
000d7d20_2312,11750.844
000d7d20_2313,11750.853
000d7d20_2314,11750.907
000d7d20_2315,11750.823
000d7d20_2316,11750.801
000d7d20_2317,11750.848
000d7d20_2318,11750.682
000d7d20_2319,11750.613
000d7d20_2320,11750.682
000d7d20_2321,11750.607
000d7d20_2322,11750.683
000d7d20_2323,11750.639
000d7d20_2324,11750.593
000d7d20_2325,11750.551
000d7d20_2326,11750.512
000d7d20_2327,11750.546
000d7d20_2328,11751.046
000d7d20_2329,11751.346
000d7d20_2330,11751.388
000d7d20_2331,11752.453
000d7d20_2332,11752.363
000d7d20_2333,11752.289
000d7d20_2334,11752.253
000d7d20_2335,11752.352
000d7d20_2336,11752.287
000d7d20_2337,11752.289
000d7d20_2338,11752.345
000d7d20_2339,11752.2705
000d7d20_2340,11752.298
000d7d20_2341,11752.241
000d7d20_2342,11752.267
000d7d20_2343,11752.26
000d7d20_2344,11752.267
000d7d20_2345,11752.364
000d7d20_2346,11752.366
000d7d20_2347,11752.319
000d7d20_2348,11752.275
000d7d20_2349,11752.266
000d7d20_2350,11752.553
000d7d20_2351,11752.575
000d7d20_2352,11752.502
000d7d20_2353,11752.573
000d7d20_2354,11752.594
000d7d20_2355,11752.553
000d7d20_2356,11752.526
000d7d20_2357,11752.496
000d7d20_2358,11752.503
000d7d20_2359,11752.485
000d7d20_2360,11752.447
000d7d20_2361,11752.471
000d7d20_2362,11752.328
000d7d20_2363,11752.043
000d7d20_2364,11751.957
000d7d20_2365,11751.465
000d7d20_2366,11751.273
000d7d20_2367,11751.23
000d7d20_2368,11751.166
000d7d20_2369,11751.081
000d7d20_2370,11751.112
000d7d20_2371,11750.831
000d7d20_2372,11750.821
000d7d20_2373,11750.797
000d7d20_2374,11750.576
000d7d20_2375,11750.326
000d7d20_2376,11750.284
000d7d20_2377,11750.625
000d7d20_2378,11750.57
000d7d20_2379,11750.117
000d7d20_2380,11750.117
000d7d20_2381,11750.131
000d7d20_2382,11750.087
000d7d20_2383,11750.039
000d7d20_2384,11750.05
000d7d20_2385,11750.439
000d7d20_2386,11750.918
000d7d20_2387,11750.817
000d7d20_2388,11750.703
000d7d20_2389,11750.543
000d7d20_2390,11750.68
000d7d20_2391,11751.439
000d7d20_2392,11751.373
000d7d20_2393,11751.502
000d7d20_2394,11751.43
000d7d20_2395,11751.382
000d7d20_2396,11751.3545
000d7d20_2397,11751.598
000d7d20_2398,11751.529
000d7d20_2399,11751.564
000d7d20_2400,11751.594
000d7d20_2401,11751.523
000d7d20_2402,11751.448
000d7d20_2403,11751.295
000d7d20_2404,11751.15
000d7d20_2405,11751.219
000d7d20_2406,11751.162
000d7d20_2407,11751.231
000d7d20_2408,11751.1875
000d7d20_2409,11751.203
000d7d20_2410,11751.144
000d7d20_2411,11751.29
000d7d20_2412,11751.126
000d7d20_2413,11751.212
000d7d20_2414,11751.177
000d7d20_2415,11751.24
000d7d20_2416,11751.127
000d7d20_2417,11751.27
000d7d20_2418,11751.227
000d7d20_2419,11751.061
000d7d20_2420,11750.96
000d7d20_2421,11751.016
000d7d20_2422,11750.945
000d7d20_2423,11750.953
000d7d20_2424,11750.915
000d7d20_2425,11750.779
000d7d20_2426,11750.731
000d7d20_2427,11750.572
000d7d20_2428,11750.654
000d7d20_2429,11750.564
000d7d20_2430,11750.527
000d7d20_2431,11750.63
000d7d20_2432,11750.619
000d7d20_2433,11750.554
000d7d20_2434,11750.6455
000d7d20_2435,11750.589
000d7d20_2436,11750.711
000d7d20_2437,11750.792
000d7d20_2438,11751.363
000d7d20_2439,11751.239
000d7d20_2440,11751.208
000d7d20_2441,11751.324
000d7d20_2442,11751.316
000d7d20_2443,11751.334
000d7d20_2444,11751.255
000d7d20_2445,11751.249
000d7d20_2446,11750.961
000d7d20_2447,11750.581
000d7d20_2448,11750.561
000d7d20_2449,11750.407
000d7d20_2450,11750.315
000d7d20_2451,11750.26
000d7d20_2452,11750.096
000d7d20_2453,11749.837
000d7d20_2454,11749.639
000d7d20_2455,11749.617
000d7d20_2456,11749.549
000d7d20_2457,11749.488
000d7d20_2458,11749.476
000d7d20_2459,11749.51
000d7d20_2460,11749.388
000d7d20_2461,11749.343
000d7d20_2462,11749.308
000d7d20_2463,11749.298
000d7d20_2464,11749.346
000d7d20_2465,11749.346
000d7d20_2466,11749.307
000d7d20_2467,11749.264
000d7d20_2468,11749.202
000d7d20_2469,11749.211
000d7d20_2470,11749.199
000d7d20_2471,11749.232
000d7d20_2472,11749.157
000d7d20_2473,11749.233
000d7d20_2474,11749.186
000d7d20_2475,11748.987
000d7d20_2476,11748.977
000d7d20_2477,11748.972
000d7d20_2478,11748.852
000d7d20_2479,11748.739
000d7d20_2480,11748.75
000d7d20_2481,11748.712
000d7d20_2482,11748.656
000d7d20_2483,11748.634
000d7d20_2484,11748.629
000d7d20_2485,11748.572
000d7d20_2486,11748.484
000d7d20_2487,11748.498
000d7d20_2488,11748.478
000d7d20_2489,11748.511
000d7d20_2490,11748.454
000d7d20_2491,11748.494
000d7d20_2492,11748.474
000d7d20_2493,11748.495
000d7d20_2494,11748.492
000d7d20_2495,11748.511
000d7d20_2496,11748.454
000d7d20_2497,11748.4
000d7d20_2498,11748.398
000d7d20_2499,11748.377
000d7d20_2500,11748.385
000d7d20_2501,11748.36
000d7d20_2502,11748.315
000d7d20_2503,11748.262
000d7d20_2504,11748.26
000d7d20_2505,11748.248
000d7d20_2506,11748.239
000d7d20_2507,11748.223
000d7d20_2508,11748.216
000d7d20_2509,11748.225
000d7d20_2510,11748.214
000d7d20_2511,11748.221
000d7d20_2512,11748.188
000d7d20_2513,11748.202
000d7d20_2514,11748.165
000d7d20_2515,11748.182
000d7d20_2516,11748.146
000d7d20_2517,11748.176
000d7d20_2518,11748.187
000d7d20_2519,11748.186
000d7d20_2520,11748.137
000d7d20_2521,11748.0625
000d7d20_2522,11748.084
000d7d20_2523,11748.084
000d7d20_2524,11748.0625
000d7d20_2525,11748.085
000d7d20_2526,11748.317
000d7d20_2527,11748.32
000d7d20_2528,11748.309
000d7d20_2529,11748.306
000d7d20_2530,11748.198
000d7d20_2531,11748.211
000d7d20_2532,11748.236
000d7d20_2533,11748.248
000d7d20_2534,11748.244
000d7d20_2535,11748.255
000d7d20_2536,11748.237
000d7d20_2537,11748.238
000d7d20_2538,11748.227
000d7d20_2539,11748.218
000d7d20_2540,11748.211
000d7d20_2541,11748.244
000d7d20_2542,11748.209
000d7d20_2543,11748.204
000d7d20_2544,11748.19
000d7d20_2545,11748.179
000d7d20_2546,11748.174
000d7d20_2547,11748.135
000d7d20_2548,11748.128
000d7d20_2549,11748.088
000d7d20_2550,11748.086
000d7d20_2551,11748.1045
000d7d20_2552,11748.106
000d7d20_2553,11748.062
000d7d20_2554,11748.05
000d7d20_2555,11748.022
000d7d20_2556,11748.03
000d7d20_2557,11748.019
000d7d20_2558,11748.026
000d7d20_2559,11748.021
000d7d20_2560,11748.027
000d7d20_2561,11748.007
000d7d20_2562,11748.036
000d7d20_2563,11748.042
000d7d20_2564,11748.028
000d7d20_2565,11748.0205
000d7d20_2566,11748.009
000d7d20_2567,11748.022
000d7d20_2568,11748.009
000d7d20_2569,11748.0625
000d7d20_2570,11748.056
000d7d20_2571,11748.024
000d7d20_2572,11748.057
000d7d20_2573,11748.075
000d7d20_2574,11748.023
000d7d20_2575,11748.013
000d7d20_2576,11748.037
000d7d20_2577,11748.012
000d7d20_2578,11748.048
000d7d20_2579,11748.055
000d7d20_2580,11748.031
000d7d20_2581,11747.951
000d7d20_2582,11747.978
000d7d20_2583,11747.998
000d7d20_2584,11748.025
000d7d20_2585,11748.01
000d7d20_2586,11748.037
000d7d20_2587,11748.064
000d7d20_2588,11748.029
000d7d20_2589,11747.939
000d7d20_2590,11748.008
000d7d20_2591,11747.986
000d7d20_2592,11747.997
000d7d20_2593,11747.967
000d7d20_2594,11747.918
000d7d20_2595,11747.914
000d7d20_2596,11747.879
000d7d20_2597,11747.88
000d7d20_2598,11747.844
000d7d20_2599,11747.8545
000d7d20_2600,11747.916
000d7d20_2601,11747.87
000d7d20_2602,11747.906
000d7d20_2603,11747.783
000d7d20_2604,11747.843
000d7d20_2605,11747.834
000d7d20_2606,11747.84
000d7d20_2607,11748.103
000d7d20_2608,11748.098
000d7d20_2609,11748.125
000d7d20_2610,11748.059
000d7d20_2611,11748.094
000d7d20_2612,11748.055
000d7d20_2613,11748.041
000d7d20_2614,11748.069
000d7d20_2615,11748.038
000d7d20_2616,11748.038
000d7d20_2617,11748.068
000d7d20_2618,11748.077
000d7d20_2619,11748.081
000d7d20_2620,11748.122
000d7d20_2621,11748.106
000d7d20_2622,11748.065
000d7d20_2623,11748.033
000d7d20_2624,11748.052
000d7d20_2625,11748.059
000d7d20_2626,11748.059
000d7d20_2627,11748.1455
000d7d20_2628,11748.125
000d7d20_2629,11748.086
000d7d20_2630,11748.048
000d7d20_2631,11748.06
000d7d20_2632,11748.041
000d7d20_2633,11748.033
000d7d20_2634,11748.0
000d7d20_2635,11748.005
000d7d20_2636,11748.005
000d7d20_2637,11748.047
000d7d20_2638,11748.046
000d7d20_2639,11747.988
000d7d20_2640,11747.983
000d7d20_2641,11747.998
000d7d20_2642,11747.937
000d7d20_2643,11747.925
000d7d20_2644,11747.934
000d7d20_2645,11747.94
000d7d20_2646,11747.922
000d7d20_2647,11747.899
000d7d20_2648,11747.904
000d7d20_2649,11747.896
000d7d20_2650,11747.898
000d7d20_2651,11747.904
000d7d20_2652,11747.908
000d7d20_2653,11747.908
000d7d20_2654,11747.902
000d7d20_2655,11747.913
000d7d20_2656,11747.935
000d7d20_2657,11747.942
000d7d20_2658,11747.944
000d7d20_2659,11747.957
000d7d20_2660,11747.951
000d7d20_2661,11747.964
000d7d20_2662,11747.918
000d7d20_2663,11747.952
000d7d20_2664,11747.919
000d7d20_2665,11747.908
000d7d20_2666,11747.923
000d7d20_2667,11747.859
000d7d20_2668,11747.916
000d7d20_2669,11747.97
000d7d20_2670,11747.928
000d7d20_2671,11747.98
000d7d20_2672,11747.984
000d7d20_2673,11747.984
000d7d20_2674,11747.99
000d7d20_2675,11747.974
000d7d20_2676,11748.057
000d7d20_2677,11748.035
000d7d20_2678,11748.089
000d7d20_2679,11748.046
000d7d20_2680,11748.0625
000d7d20_2681,11748.143
000d7d20_2682,11748.069
000d7d20_2683,11748.032
000d7d20_2684,11748.084
000d7d20_2685,11748.111
000d7d20_2686,11748.121
000d7d20_2687,11748.132
000d7d20_2688,11748.145
000d7d20_2689,11748.209
000d7d20_2690,11748.229
000d7d20_2691,11748.172
000d7d20_2692,11748.113
000d7d20_2693,11748.09
000d7d20_2694,11748.094
000d7d20_2695,11748.1
000d7d20_2696,11748.081
000d7d20_2697,11748.052
000d7d20_2698,11748.083
000d7d20_2699,11748.096
000d7d20_2700,11748.401
000d7d20_2701,11748.333
000d7d20_2702,11748.265
000d7d20_2703,11748.321
000d7d20_2704,11748.307
000d7d20_2705,11748.314
000d7d20_2706,11748.298
000d7d20_2707,11748.311
000d7d20_2708,11748.341
000d7d20_2709,11748.37
000d7d20_2710,11748.352
000d7d20_2711,11748.342
000d7d20_2712,11748.376
000d7d20_2713,11748.333
000d7d20_2714,11748.345
000d7d20_2715,11748.404
000d7d20_2716,11748.494
000d7d20_2717,11748.476
000d7d20_2718,11748.485
000d7d20_2719,11748.528
000d7d20_2720,11748.51
000d7d20_2721,11748.508
000d7d20_2722,11748.494
000d7d20_2723,11748.495
000d7d20_2724,11748.502
000d7d20_2725,11748.524
000d7d20_2726,11748.604
000d7d20_2727,11748.625
000d7d20_2728,11748.624
000d7d20_2729,11748.608
000d7d20_2730,11748.834
000d7d20_2731,11748.913
000d7d20_2732,11748.929
000d7d20_2733,11749.035
000d7d20_2734,11749.056
000d7d20_2735,11749.087
000d7d20_2736,11749.123
000d7d20_2737,11749.241
000d7d20_2738,11749.206
000d7d20_2739,11749.23
000d7d20_2740,11749.192
000d7d20_2741,11749.213
000d7d20_2742,11749.185
000d7d20_2743,11749.3545
000d7d20_2744,11749.352
000d7d20_2745,11749.421
000d7d20_2746,11749.465
000d7d20_2747,11749.469
000d7d20_2748,11749.472
000d7d20_2749,11749.472
000d7d20_2750,11749.464
000d7d20_2751,11749.475
000d7d20_2752,11749.487
000d7d20_2753,11749.456
000d7d20_2754,11749.442
000d7d20_2755,11749.456
000d7d20_2756,11749.445
000d7d20_2757,11749.426
000d7d20_2758,11749.44
000d7d20_2759,11749.491
000d7d20_2760,11749.468
000d7d20_2761,11749.59
000d7d20_2762,11749.448
000d7d20_2763,11749.519
000d7d20_2764,11749.551
000d7d20_2765,11749.572
000d7d20_2766,11749.555
000d7d20_2767,11749.539
000d7d20_2768,11749.562
000d7d20_2769,11749.64
000d7d20_2770,11749.566
000d7d20_2771,11749.415
000d7d20_2772,11749.632
000d7d20_2773,11749.512
000d7d20_2774,11749.504
000d7d20_2775,11749.5
000d7d20_2776,11749.461
000d7d20_2777,11749.415
000d7d20_2778,11749.439
000d7d20_2779,11749.445
000d7d20_2780,11749.41
000d7d20_2781,11749.441
000d7d20_2782,11749.509
000d7d20_2783,11749.391
000d7d20_2784,11749.49
000d7d20_2785,11749.51
000d7d20_2786,11749.515
000d7d20_2787,11749.517
000d7d20_2788,11749.527
000d7d20_2789,11749.507
000d7d20_2790,11749.545
000d7d20_2791,11749.36
000d7d20_2792,11749.39
000d7d20_2793,11749.376
000d7d20_2794,11749.368
000d7d20_2795,11749.357
000d7d20_2796,11749.356
000d7d20_2797,11749.349
000d7d20_2798,11749.338
000d7d20_2799,11749.355
000d7d20_2800,11749.3545
000d7d20_2801,11749.33
000d7d20_2802,11749.341
000d7d20_2803,11749.359
000d7d20_2804,11749.286
000d7d20_2805,11749.348
000d7d20_2806,11749.316
000d7d20_2807,11749.252
000d7d20_2808,11749.218
000d7d20_2809,11749.059
000d7d20_2810,11749.048
000d7d20_2811,11748.949
000d7d20_2812,11748.91
000d7d20_2813,11748.868
000d7d20_2814,11748.791
000d7d20_2815,11748.839
000d7d20_2816,11748.877
000d7d20_2817,11748.902
000d7d20_2818,11748.914
000d7d20_2819,11748.893
000d7d20_2820,11748.897
000d7d20_2821,11748.864
000d7d20_2822,11748.86
000d7d20_2823,11748.879
000d7d20_2824,11748.8955
000d7d20_2825,11748.887
000d7d20_2826,11748.894
000d7d20_2827,11748.867
000d7d20_2828,11748.863
000d7d20_2829,11748.84
000d7d20_2830,11748.816
000d7d20_2831,11748.822
000d7d20_2832,11748.813
000d7d20_2833,11748.785
000d7d20_2834,11748.773
000d7d20_2835,11748.771
000d7d20_2836,11748.762
000d7d20_2837,11748.748
000d7d20_2838,11748.745
000d7d20_2839,11748.673
000d7d20_2840,11748.683
000d7d20_2841,11748.614
000d7d20_2842,11748.669
000d7d20_2843,11748.664
000d7d20_2844,11748.659
000d7d20_2845,11748.603
000d7d20_2846,11748.621
000d7d20_2847,11748.609
000d7d20_2848,11748.588
000d7d20_2849,11748.591
000d7d20_2850,11748.582
000d7d20_2851,11748.596
000d7d20_2852,11748.581
000d7d20_2853,11748.562
000d7d20_2854,11748.569
000d7d20_2855,11748.549
000d7d20_2856,11748.545
000d7d20_2857,11748.556
000d7d20_2858,11748.532
000d7d20_2859,11748.499
000d7d20_2860,11748.451
000d7d20_2861,11748.699
000d7d20_2862,11748.741
000d7d20_2863,11748.743
000d7d20_2864,11748.729
000d7d20_2865,11748.754
000d7d20_2866,11748.697
000d7d20_2867,11748.69
000d7d20_2868,11748.741
000d7d20_2869,11748.754
000d7d20_2870,11748.715
000d7d20_2871,11748.735
000d7d20_2872,11748.756
000d7d20_2873,11748.738
000d7d20_2874,11748.717
000d7d20_2875,11748.726
000d7d20_2876,11748.723
000d7d20_2877,11748.698
000d7d20_2878,11748.7
000d7d20_2879,11748.69
000d7d20_2880,11748.667
000d7d20_2881,11748.656
000d7d20_2882,11748.641
000d7d20_2883,11748.661
000d7d20_2884,11748.645
000d7d20_2885,11748.644
000d7d20_2886,11748.628
000d7d20_2887,11748.625
000d7d20_2888,11748.575
000d7d20_2889,11748.57
000d7d20_2890,11748.558
000d7d20_2891,11748.577
000d7d20_2892,11748.561
000d7d20_2893,11748.543
000d7d20_2894,11748.5625
000d7d20_2895,11748.564
000d7d20_2896,11748.553
000d7d20_2897,11748.542
000d7d20_2898,11748.574
000d7d20_2899,11748.543
000d7d20_2900,11748.524
000d7d20_2901,11748.507
000d7d20_2902,11748.513
000d7d20_2903,11748.495
000d7d20_2904,11748.495
000d7d20_2905,11748.504
000d7d20_2906,11748.517
000d7d20_2907,11748.49
000d7d20_2908,11748.452
000d7d20_2909,11748.457
000d7d20_2910,11748.451
000d7d20_2911,11748.45
000d7d20_2912,11748.434
000d7d20_2913,11748.43
000d7d20_2914,11748.424
000d7d20_2915,11748.395
000d7d20_2916,11748.345
000d7d20_2917,11748.33
000d7d20_2918,11748.378
000d7d20_2919,11748.372
000d7d20_2920,11748.342
000d7d20_2921,11748.291
000d7d20_2922,11748.311
000d7d20_2923,11748.327
000d7d20_2924,11748.317
000d7d20_2925,11748.343
000d7d20_2926,11748.342
000d7d20_2927,11748.274
000d7d20_2928,11748.317
000d7d20_2929,11748.288
000d7d20_2930,11748.296
000d7d20_2931,11748.279
000d7d20_2932,11748.27
000d7d20_2933,11748.178
000d7d20_2934,11748.044
000d7d20_2935,11748.031
000d7d20_2936,11747.954
000d7d20_2937,11747.9
000d7d20_2938,11747.882
000d7d20_2939,11747.873
000d7d20_2940,11748.074
000d7d20_2941,11748.106
000d7d20_2942,11747.932
000d7d20_2943,11747.931
000d7d20_2944,11747.895
000d7d20_2945,11747.86
000d7d20_2946,11747.865
000d7d20_2947,11747.887
000d7d20_2948,11747.884
000d7d20_2949,11747.855
000d7d20_2950,11747.829
000d7d20_2951,11747.832
000d7d20_2952,11747.824
000d7d20_2953,11747.834
000d7d20_2954,11747.787
000d7d20_2955,11747.874
000d7d20_2956,11747.866
000d7d20_2957,11747.808
000d7d20_2958,11747.825
000d7d20_2959,11747.818
000d7d20_2960,11747.801
000d7d20_2961,11747.758
000d7d20_2962,11747.801
000d7d20_2963,11747.812
000d7d20_2964,11747.77
000d7d20_2965,11747.904
000d7d20_2966,11747.795
000d7d20_2967,11747.855
000d7d20_2968,11747.846
000d7d20_2969,11747.806
000d7d20_2970,11747.801
000d7d20_2971,11747.796
000d7d20_2972,11747.806
000d7d20_2973,11747.816
000d7d20_2974,11747.826
000d7d20_2975,11747.84
000d7d20_2976,11747.831
000d7d20_2977,11747.792
000d7d20_2978,11747.793
000d7d20_2979,11747.769
000d7d20_2980,11747.765
000d7d20_2981,11747.72
000d7d20_2982,11747.712
000d7d20_2983,11747.681
000d7d20_2984,11747.646
000d7d20_2985,11747.641
000d7d20_2986,11747.578
000d7d20_2987,11747.568
000d7d20_2988,11747.546
000d7d20_2989,11747.56
000d7d20_2990,11747.539
000d7d20_2991,11747.543
000d7d20_2992,11747.534
000d7d20_2993,11747.483
000d7d20_2994,11747.4795
000d7d20_2995,11747.438
000d7d20_2996,11747.361
000d7d20_2997,11747.237
000d7d20_2998,11747.262
000d7d20_2999,11747.278
000d7d20_3000,11747.311
000d7d20_3001,11747.31
000d7d20_3002,11747.289
000d7d20_3003,11747.298
000d7d20_3004,11747.299
000d7d20_3005,11747.301
000d7d20_3006,11747.307
000d7d20_3007,11747.291
000d7d20_3008,11747.285
000d7d20_3009,11747.3
000d7d20_3010,11747.311
000d7d20_3011,11747.305
000d7d20_3012,11747.289
000d7d20_3013,11747.3
000d7d20_3014,11747.29
000d7d20_3015,11747.445
000d7d20_3016,11747.482
000d7d20_3017,11747.461
000d7d20_3018,11747.413
000d7d20_3019,11747.422
000d7d20_3020,11747.422
000d7d20_3021,11747.43
000d7d20_3022,11747.389
000d7d20_3023,11747.3955
000d7d20_3024,11747.921
000d7d20_3025,11747.925
000d7d20_3026,11747.937
000d7d20_3027,11747.882
000d7d20_3028,11747.832
000d7d20_3029,11747.81
000d7d20_3030,11747.849
000d7d20_3031,11747.877
000d7d20_3032,11747.869
000d7d20_3033,11747.832
000d7d20_3034,11747.732
000d7d20_3035,11747.752
000d7d20_3036,11747.72
000d7d20_3037,11747.741
000d7d20_3038,11747.734
000d7d20_3039,11747.739
000d7d20_3040,11747.763
000d7d20_3041,11747.741
000d7d20_3042,11747.732
000d7d20_3043,11747.7295
000d7d20_3044,11747.728
000d7d20_3045,11747.731
000d7d20_3046,11747.652
000d7d20_3047,11747.41
000d7d20_3048,11747.422
000d7d20_3049,11747.463
000d7d20_3050,11747.531
000d7d20_3051,11747.464
000d7d20_3052,11747.41
000d7d20_3053,11747.457
000d7d20_3054,11747.448
000d7d20_3055,11747.486
000d7d20_3056,11747.458
000d7d20_3057,11747.462
000d7d20_3058,11747.452
000d7d20_3059,11747.461
000d7d20_3060,11747.469
000d7d20_3061,11747.382
000d7d20_3062,11747.359
000d7d20_3063,11747.306
000d7d20_3064,11747.36
000d7d20_3065,11747.441
000d7d20_3066,11747.48
000d7d20_3067,11747.503
000d7d20_3068,11747.496
000d7d20_3069,11747.555
000d7d20_3070,11747.61
000d7d20_3071,11747.58
000d7d20_3072,11747.534
000d7d20_3073,11747.526
000d7d20_3074,11747.506
000d7d20_3075,11747.501
000d7d20_3076,11747.461
000d7d20_3077,11747.431
000d7d20_3078,11747.418
000d7d20_3079,11747.424
000d7d20_3080,11747.416
000d7d20_3081,11747.441
000d7d20_3082,11747.5205
000d7d20_3083,11747.498
000d7d20_3084,11747.485
000d7d20_3085,11747.396
000d7d20_3086,11747.368
000d7d20_3087,11747.57
000d7d20_3088,11747.572
000d7d20_3089,11747.518
000d7d20_3090,11747.578
000d7d20_3091,11747.605
000d7d20_3092,11747.597
000d7d20_3093,11747.568
000d7d20_3094,11747.529
000d7d20_3095,11747.501
000d7d20_3096,11747.493
000d7d20_3097,11747.43
000d7d20_3098,11747.405
000d7d20_3099,11747.41
000d7d20_3100,11747.415
000d7d20_3101,11747.412
000d7d20_3102,11747.455
000d7d20_3103,11747.3545
000d7d20_3104,11747.308
000d7d20_3105,11748.201
000d7d20_3106,11748.162
000d7d20_3107,11748.395
000d7d20_3108,11748.396
000d7d20_3109,11748.436
000d7d20_3110,11748.448
000d7d20_3111,11748.401
000d7d20_3112,11748.292
000d7d20_3113,11748.352
000d7d20_3114,11748.362
000d7d20_3115,11748.259
000d7d20_3116,11748.266
000d7d20_3117,11748.212
000d7d20_3118,11748.201
000d7d20_3119,11748.18
000d7d20_3120,11748.164
000d7d20_3121,11748.12
000d7d20_3122,11748.171
000d7d20_3123,11748.21
000d7d20_3124,11748.22
000d7d20_3125,11748.235
000d7d20_3126,11748.211
000d7d20_3127,11748.218
000d7d20_3128,11748.23
000d7d20_3129,11748.263
000d7d20_3130,11748.182
000d7d20_3131,11748.177
000d7d20_3132,11748.126
000d7d20_3133,11748.1045
000d7d20_3134,11748.041
000d7d20_3135,11748.101
000d7d20_3136,11748.112
000d7d20_3137,11748.102
000d7d20_3138,11748.012
000d7d20_3139,11747.989
000d7d20_3140,11747.946
000d7d20_3141,11747.899
000d7d20_3142,11747.827
000d7d20_3143,11747.811
000d7d20_3144,11747.786
000d7d20_3145,11747.755
000d7d20_3146,11747.703
000d7d20_3147,11747.699
000d7d20_3148,11747.643
000d7d20_3149,11747.617
000d7d20_3150,11747.59
000d7d20_3151,11747.578
000d7d20_3152,11747.62
000d7d20_3153,11747.607
000d7d20_3154,11747.62
000d7d20_3155,11747.602
000d7d20_3156,11747.583
000d7d20_3157,11747.586
000d7d20_3158,11747.565
000d7d20_3159,11747.579
000d7d20_3160,11747.563
000d7d20_3161,11747.5625
000d7d20_3162,11747.568
000d7d20_3163,11747.572
000d7d20_3164,11747.541
000d7d20_3165,11747.546
000d7d20_3166,11747.554
000d7d20_3167,11747.557
000d7d20_3168,11747.5625
000d7d20_3169,11747.496
000d7d20_3170,11747.491
000d7d20_3171,11747.498
000d7d20_3172,11747.471
000d7d20_3173,11747.476
000d7d20_3174,11747.458
000d7d20_3175,11747.468
000d7d20_3176,11747.451
000d7d20_3177,11747.457
000d7d20_3178,11747.459
000d7d20_3179,11747.446
000d7d20_3180,11747.345
000d7d20_3181,11747.358
000d7d20_3182,11747.266
000d7d20_3183,11747.158
000d7d20_3184,11747.027
000d7d20_3185,11747.098
000d7d20_3186,11748.023
000d7d20_3187,11747.978
000d7d20_3188,11747.937
000d7d20_3189,11747.88
000d7d20_3190,11747.938
000d7d20_3191,11747.888
000d7d20_3192,11747.89
000d7d20_3193,11747.919
000d7d20_3194,11747.898
000d7d20_3195,11747.901
000d7d20_3196,11747.869
000d7d20_3197,11747.924
000d7d20_3198,11747.902
000d7d20_3199,11747.901
000d7d20_3200,11747.46
000d7d20_3201,11747.419
000d7d20_3202,11747.451
000d7d20_3203,11747.434
000d7d20_3204,11747.436
000d7d20_3205,11747.42
000d7d20_3206,11747.392
000d7d20_3207,11747.328
000d7d20_3208,11747.301
000d7d20_3209,11747.294
000d7d20_3210,11747.261
000d7d20_3211,11747.285
000d7d20_3212,11747.304
000d7d20_3213,11747.302
000d7d20_3214,11747.311
000d7d20_3215,11747.286
000d7d20_3216,11747.253
000d7d20_3217,11747.258
000d7d20_3218,11747.232
000d7d20_3219,11747.223
000d7d20_3220,11747.153
000d7d20_3221,11747.165
000d7d20_3222,11747.169
000d7d20_3223,11747.172
000d7d20_3224,11747.141
000d7d20_3225,11747.124
000d7d20_3226,11747.134
000d7d20_3227,11747.157
000d7d20_3228,11747.268
000d7d20_3229,11747.183
000d7d20_3230,11747.03
000d7d20_3231,11747.009
000d7d20_3232,11747.006
000d7d20_3233,11746.973
000d7d20_3234,11746.97
000d7d20_3235,11746.948
000d7d20_3236,11746.937
000d7d20_3237,11746.916
000d7d20_3238,11746.855
000d7d20_3239,11746.805
000d7d20_3240,11746.717
000d7d20_3241,11746.762
000d7d20_3242,11746.818
000d7d20_3243,11746.837
000d7d20_3244,11746.864
000d7d20_3245,11746.848
000d7d20_3246,11746.854
000d7d20_3247,11746.867
000d7d20_3248,11746.833
000d7d20_3249,11746.811
000d7d20_3250,11746.748
000d7d20_3251,11746.746
000d7d20_3252,11746.753
000d7d20_3253,11746.734
000d7d20_3254,11746.836
000d7d20_3255,11746.926
000d7d20_3256,11746.866
000d7d20_3257,11746.88
000d7d20_3258,11746.852
000d7d20_3259,11746.833
000d7d20_3260,11746.785
000d7d20_3261,11746.758
000d7d20_3262,11746.766
000d7d20_3263,11746.775
000d7d20_3264,11747.45
000d7d20_3265,11747.437
000d7d20_3266,11747.463
000d7d20_3267,11747.478
000d7d20_3268,11747.519
000d7d20_3269,11747.494
000d7d20_3270,11747.55
000d7d20_3271,11747.529
000d7d20_3272,11747.508
000d7d20_3273,11747.5
000d7d20_3274,11747.485
000d7d20_3275,11747.467
000d7d20_3276,11747.489
000d7d20_3277,11747.486
000d7d20_3278,11747.522
000d7d20_3279,11747.536
000d7d20_3280,11747.495
000d7d20_3281,11747.491
000d7d20_3282,11747.433
000d7d20_3283,11747.476
000d7d20_3284,11747.488
000d7d20_3285,11747.437
000d7d20_3286,11747.492
000d7d20_3287,11747.488
000d7d20_3288,11747.231
000d7d20_3289,11747.1875
000d7d20_3290,11747.243
000d7d20_3291,11747.265
000d7d20_3292,11747.257
000d7d20_3293,11747.247
000d7d20_3294,11747.194
000d7d20_3295,11747.224
000d7d20_3296,11747.238
000d7d20_3297,11747.299
000d7d20_3298,11747.294
000d7d20_3299,11747.352
000d7d20_3300,11747.361
000d7d20_3301,11747.365
000d7d20_3302,11747.375
000d7d20_3303,11747.359
000d7d20_3304,11747.359
000d7d20_3305,11747.325
000d7d20_3306,11747.34
000d7d20_3307,11747.347
000d7d20_3308,11747.377
000d7d20_3309,11747.36
000d7d20_3310,11747.336
000d7d20_3311,11747.352
000d7d20_3312,11747.385
000d7d20_3313,11747.557
000d7d20_3314,11747.6045
000d7d20_3315,11747.574
000d7d20_3316,11747.576
000d7d20_3317,11747.631
000d7d20_3318,11747.591
000d7d20_3319,11747.641
000d7d20_3320,11747.726
000d7d20_3321,11747.751
000d7d20_3322,11747.751
000d7d20_3323,11747.742
000d7d20_3324,11747.755
000d7d20_3325,11747.78
000d7d20_3326,11747.788
000d7d20_3327,11747.785
000d7d20_3328,11747.789
000d7d20_3329,11747.792
000d7d20_3330,11747.783
000d7d20_3331,11747.669
000d7d20_3332,11747.686
000d7d20_3333,11747.645
000d7d20_3334,11747.631
000d7d20_3335,11747.672
000d7d20_3336,11747.624
000d7d20_3337,11747.617
000d7d20_3338,11747.626
000d7d20_3339,11747.65
000d7d20_3340,11747.626
000d7d20_3341,11747.657
000d7d20_3342,11747.633
000d7d20_3343,11747.657
000d7d20_3344,11747.648
000d7d20_3345,11747.664
000d7d20_3346,11747.641
000d7d20_3347,11747.639
000d7d20_3348,11748.414
000d7d20_3349,11748.471
000d7d20_3350,11748.419
000d7d20_3351,11748.427
000d7d20_3352,11748.432
000d7d20_3353,11748.395
000d7d20_3354,11748.406
000d7d20_3355,11748.398
000d7d20_3356,11748.367
000d7d20_3357,11748.336
000d7d20_3358,11748.361
000d7d20_3359,11748.312
000d7d20_3360,11748.324
000d7d20_3361,11748.307
000d7d20_3362,11748.319
000d7d20_3363,11748.285
000d7d20_3364,11748.23
000d7d20_3365,11748.185
000d7d20_3366,11748.141
000d7d20_3367,11748.129
000d7d20_3368,11748.321
000d7d20_3369,11748.288
000d7d20_3370,11748.281
000d7d20_3371,11748.131
000d7d20_3372,11748.091
000d7d20_3373,11748.023
000d7d20_3374,11748.065
000d7d20_3375,11748.092
000d7d20_3376,11748.076
000d7d20_3377,11748.073
000d7d20_3378,11748.042
000d7d20_3379,11748.05
000d7d20_3380,11748.068
000d7d20_3381,11748.111
000d7d20_3382,11748.063
000d7d20_3383,11748.069
000d7d20_3384,11748.024
000d7d20_3385,11747.966
000d7d20_3386,11747.943
000d7d20_3387,11747.879
000d7d20_3388,11747.853
000d7d20_3389,11747.886
000d7d20_3390,11747.895
000d7d20_3391,11747.945
000d7d20_3392,11747.967
000d7d20_3393,11747.976
000d7d20_3394,11747.927
000d7d20_3395,11747.864
000d7d20_3396,11747.863
000d7d20_3397,11747.804
000d7d20_3398,11747.768
000d7d20_3399,11747.771
000d7d20_3400,11747.794
000d7d20_3401,11747.829
000d7d20_3402,11747.801
000d7d20_3403,11747.837
000d7d20_3404,11747.828
000d7d20_3405,11747.818
000d7d20_3406,11747.783
000d7d20_3407,11747.732
000d7d20_3408,11747.754
000d7d20_3409,11747.787
000d7d20_3410,11747.796
000d7d20_3411,11747.795
000d7d20_3412,11747.798
000d7d20_3413,11747.752
000d7d20_3414,11747.785
000d7d20_3415,11747.782
000d7d20_3416,11747.778
000d7d20_3417,11747.781
000d7d20_3418,11747.793
000d7d20_3419,11747.8
000d7d20_3420,11747.783
000d7d20_3421,11747.804
000d7d20_3422,11747.79
000d7d20_3423,11747.804
000d7d20_3424,11747.771
000d7d20_3425,11747.771
000d7d20_3426,11747.78
000d7d20_3427,11747.785
000d7d20_3428,11747.788
000d7d20_3429,11747.806
000d7d20_3430,11747.784
000d7d20_3431,11747.734
000d7d20_3432,11747.742
000d7d20_3433,11747.988
000d7d20_3434,11748.023
000d7d20_3435,11747.995
000d7d20_3436,11747.982
000d7d20_3437,11748.019
000d7d20_3438,11747.998
000d7d20_3439,11748.013
000d7d20_3440,11747.994
000d7d20_3441,11747.953
000d7d20_3442,11747.993
000d7d20_3443,11748.027
000d7d20_3444,11748.043
000d7d20_3445,11748.064
000d7d20_3446,11748.064
000d7d20_3447,11748.071
000d7d20_3448,11748.089
000d7d20_3449,11748.073
000d7d20_3450,11748.074
000d7d20_3451,11748.076
000d7d20_3452,11747.986
000d7d20_3453,11748.007
000d7d20_3454,11748.042
000d7d20_3455,11748.042
000d7d20_3456,11748.014
000d7d20_3457,11747.99
000d7d20_3458,11748.056
000d7d20_3459,11748.072
000d7d20_3460,11748.063
000d7d20_3461,11748.01
000d7d20_3462,11747.973
000d7d20_3463,11747.992
000d7d20_3464,11748.003
000d7d20_3465,11747.992
000d7d20_3466,11748.023
000d7d20_3467,11748.063
000d7d20_3468,11748.066
000d7d20_3469,11748.081
000d7d20_3470,11748.119
000d7d20_3471,11748.167
000d7d20_3472,11748.137
000d7d20_3473,11748.089
000d7d20_3474,11748.06
000d7d20_3475,11748.021
000d7d20_3476,11748.008
000d7d20_3477,11748.023
000d7d20_3478,11748.017
000d7d20_3479,11748.0625
000d7d20_3480,11748.067
000d7d20_3481,11748.066
000d7d20_3482,11748.047
000d7d20_3483,11747.935
000d7d20_3484,11747.906
000d7d20_3485,11747.915
000d7d20_3486,11747.887
000d7d20_3487,11747.909
000d7d20_3488,11747.896
000d7d20_3489,11747.902
000d7d20_3490,11747.922
000d7d20_3491,11747.911
000d7d20_3492,11747.787
000d7d20_3493,11747.802
000d7d20_3494,11747.828
000d7d20_3495,11747.698
000d7d20_3496,11747.712
000d7d20_3497,11747.725
000d7d20_3498,11747.734
000d7d20_3499,11747.737
000d7d20_3500,11747.738
000d7d20_3501,11747.679
000d7d20_3502,11747.648
000d7d20_3503,11747.641
000d7d20_3504,11747.573
000d7d20_3505,11747.536
000d7d20_3506,11747.585
000d7d20_3507,11747.585
000d7d20_3508,11747.563
000d7d20_3509,11747.569
000d7d20_3510,11747.574
000d7d20_3511,11747.56
000d7d20_3512,11747.623
000d7d20_3513,11747.633
000d7d20_3514,11747.639
000d7d20_3515,11747.635
000d7d20_3516,11747.651
000d7d20_3517,11747.651
000d7d20_3518,11747.982
000d7d20_3519,11747.946
000d7d20_3520,11747.979
000d7d20_3521,11747.979
000d7d20_3522,11747.983
000d7d20_3523,11747.957
000d7d20_3524,11747.961
000d7d20_3525,11747.96
000d7d20_3526,11748.016
000d7d20_3527,11747.98
000d7d20_3528,11748.007
000d7d20_3529,11747.999
000d7d20_3530,11747.995
000d7d20_3531,11747.989
000d7d20_3532,11747.985
000d7d20_3533,11747.977
000d7d20_3534,11747.99
000d7d20_3535,11747.985
000d7d20_3536,11747.82
000d7d20_3537,11747.787
000d7d20_3538,11747.805
000d7d20_3539,11747.761
000d7d20_3540,11747.756
000d7d20_3541,11747.7295
000d7d20_3542,11747.746
000d7d20_3543,11747.71
000d7d20_3544,11747.705
000d7d20_3545,11747.724
000d7d20_3546,11747.748
000d7d20_3547,11747.719
000d7d20_3548,11747.725
000d7d20_3549,11747.724
000d7d20_3550,11747.719
000d7d20_3551,11747.736
000d7d20_3552,11747.744
000d7d20_3553,11747.787
000d7d20_3554,11747.722
000d7d20_3555,11747.724
000d7d20_3556,11747.717
000d7d20_3557,11747.697
000d7d20_3558,11747.691
000d7d20_3559,11747.683
000d7d20_3560,11747.645
000d7d20_3561,11747.669
000d7d20_3562,11747.674
000d7d20_3563,11747.651
000d7d20_3564,11747.644
000d7d20_3565,11747.641
000d7d20_3566,11747.655
000d7d20_3567,11747.551
000d7d20_3568,11747.555
000d7d20_3569,11747.631
000d7d20_3570,11747.586
000d7d20_3571,11747.532
000d7d20_3572,11747.557
000d7d20_3573,11747.5205
000d7d20_3574,11747.542
000d7d20_3575,11747.511
000d7d20_3576,11747.483
000d7d20_3577,11747.46
000d7d20_3578,11747.432
000d7d20_3579,11747.3955
000d7d20_3580,11747.369
000d7d20_3581,11747.35
000d7d20_3582,11747.349
000d7d20_3583,11747.323
000d7d20_3584,11747.3955
000d7d20_3585,11747.332
000d7d20_3586,11747.296
000d7d20_3587,11747.283
000d7d20_3588,11747.282
000d7d20_3589,11747.287
000d7d20_3590,11747.29
000d7d20_3591,11747.28
000d7d20_3592,11747.181
000d7d20_3593,11747.142
000d7d20_3594,11747.058
000d7d20_3595,11747.06
000d7d20_3596,11747.027
000d7d20_3597,11746.9375
000d7d20_3598,11746.901
000d7d20_3599,11746.831
000d7d20_3600,11746.968
000d7d20_3601,11746.864
000d7d20_3602,11746.838
000d7d20_3603,11746.854
000d7d20_3604,11746.646
000d7d20_3605,11746.671
000d7d20_3606,11746.764
000d7d20_3607,11747.367
000d7d20_3608,11747.346
000d7d20_3609,11747.389
000d7d20_3610,11747.342
000d7d20_3611,11747.282
000d7d20_3612,11747.302
000d7d20_3613,11747.197
000d7d20_3614,11746.933
000d7d20_3615,11746.963
000d7d20_3616,11746.886
000d7d20_3617,11746.955
000d7d20_3618,11746.91
000d7d20_3619,11746.982
000d7d20_3620,11746.844
000d7d20_3621,11746.887
000d7d20_3622,11746.829
000d7d20_3623,11746.82
000d7d20_3624,11746.902
000d7d20_3625,11746.749
000d7d20_3626,11746.81
000d7d20_3627,11746.663
000d7d20_3628,11746.716
000d7d20_3629,11746.698
000d7d20_3630,11746.585
000d7d20_3631,11746.687
000d7d20_3632,11746.582
000d7d20_3633,11746.65
000d7d20_3634,11746.6
000d7d20_3635,11746.666
000d7d20_3636,11746.668
000d7d20_3637,11746.589
000d7d20_3638,11746.627
000d7d20_3639,11746.569
000d7d20_3640,11746.628
000d7d20_3641,11746.607
000d7d20_3642,11746.4795
000d7d20_3643,11746.58
000d7d20_3644,11746.569
000d7d20_3645,11746.496
000d7d20_3646,11746.559
000d7d20_3647,11746.585
000d7d20_3648,11746.57
000d7d20_3649,11746.4795
000d7d20_3650,11746.554
000d7d20_3651,11746.527
000d7d20_3652,11746.499
000d7d20_3653,11746.596
000d7d20_3654,11746.564
000d7d20_3655,11746.534
000d7d20_3656,11746.492
000d7d20_3657,11746.439
000d7d20_3658,11746.474
000d7d20_3659,11746.399
000d7d20_3660,11746.448
000d7d20_3661,11746.471
000d7d20_3662,11746.41
000d7d20_3663,11746.467
000d7d20_3664,11746.449
000d7d20_3665,11746.475
000d7d20_3666,11746.485
000d7d20_3667,11746.414
000d7d20_3668,11746.283
000d7d20_3669,11746.291
000d7d20_3670,11746.186
000d7d20_3671,11746.093
000d7d20_3672,11746.125
000d7d20_3673,11746.1045
000d7d20_3674,11746.093
000d7d20_3675,11746.047
000d7d20_3676,11746.096
000d7d20_3677,11746.131
000d7d20_3678,11746.11
000d7d20_3679,11746.131
000d7d20_3680,11746.156
000d7d20_3681,11746.1045
000d7d20_3682,11746.177
000d7d20_3683,11746.153
000d7d20_3684,11746.121
000d7d20_3685,11746.13
000d7d20_3686,11746.242
000d7d20_3687,11746.237
000d7d20_3688,11746.234
000d7d20_3689,11746.214
000d7d20_3690,11746.215
000d7d20_3691,11746.463
000d7d20_3692,11746.481
000d7d20_3693,11746.443
000d7d20_3694,11746.375
000d7d20_3695,11746.43
000d7d20_3696,11746.447
000d7d20_3697,11746.404
000d7d20_3698,11746.362
000d7d20_3699,11746.36
000d7d20_3700,11746.2705
000d7d20_3701,11746.236
000d7d20_3702,11746.237
000d7d20_3703,11746.215
000d7d20_3704,11746.21
000d7d20_3705,11746.199
000d7d20_3706,11746.192
000d7d20_3707,11746.192
000d7d20_3708,11746.155
000d7d20_3709,11746.153
000d7d20_3710,11746.135
000d7d20_3711,11746.142
000d7d20_3712,11746.127
000d7d20_3713,11746.125
000d7d20_3714,11746.136
000d7d20_3715,11746.133
000d7d20_3716,11746.154
000d7d20_3717,11746.207
000d7d20_3718,11746.1875
000d7d20_3719,11746.21
000d7d20_3720,11746.491
000d7d20_3721,11746.569
000d7d20_3722,11746.559
000d7d20_3723,11746.542
000d7d20_3724,11746.537
000d7d20_3725,11746.52
000d7d20_3726,11746.505
000d7d20_3727,11746.811
000d7d20_3728,11747.459
000d7d20_3729,11747.395
000d7d20_3730,11747.376
000d7d20_3731,11746.786
000d7d20_3732,11746.748
000d7d20_3733,11746.498
000d7d20_3734,11746.477
000d7d20_3735,11746.442
000d7d20_3736,11746.3955
000d7d20_3737,11746.343
000d7d20_3738,11746.342
000d7d20_3739,11746.248
000d7d20_3740,11746.226
000d7d20_3741,11746.303
000d7d20_3742,11746.112
000d7d20_3743,11746.128
000d7d20_3744,11746.096
000d7d20_3745,11746.123
000d7d20_3746,11746.126
000d7d20_3747,11745.986
000d7d20_3748,11745.6455
000d7d20_3749,11745.473
000d7d20_3750,11745.178
000d7d20_3751,11745.202
000d7d20_3752,11744.427
000d7d20_3753,11744.438
000d7d20_3754,11744.469
000d7d20_3755,11743.851
000d7d20_3756,11743.6
000d7d20_3757,11743.548
000d7d20_3758,11743.549
000d7d20_3759,11743.535
000d7d20_3760,11743.479
000d7d20_3761,11743.4
000d7d20_3762,11743.23
000d7d20_3763,11743.27
000d7d20_3764,11742.964
000d7d20_3765,11743.003
000d7d20_3766,11743.0
000d7d20_3767,11742.847
000d7d20_3768,11742.769
000d7d20_3769,11742.775
000d7d20_3770,11742.787
000d7d20_3771,11742.783
000d7d20_3772,11742.785
000d7d20_3773,11742.781
000d7d20_3774,11742.811
000d7d20_3775,11742.871
000d7d20_3776,11743.056
000d7d20_3777,11743.037
000d7d20_3778,11742.97
000d7d20_3779,11743.004
000d7d20_3780,11742.984
000d7d20_3781,11743.119
000d7d20_3782,11743.01
000d7d20_3783,11743.02
000d7d20_3784,11742.997
000d7d20_3785,11742.912
000d7d20_3786,11742.971
000d7d20_3787,11742.953
000d7d20_3788,11742.976
000d7d20_3789,11742.969
000d7d20_3790,11742.893
000d7d20_3791,11742.766
000d7d20_3792,11742.625
000d7d20_3793,11742.648
000d7d20_3794,11742.537
000d7d20_3795,11742.337
000d7d20_3796,11742.232
000d7d20_3797,11742.041
000d7d20_3798,11742.089
000d7d20_3799,11741.953
000d7d20_3800,11742.069
000d7d20_3801,11742.268
000d7d20_3802,11742.096
000d7d20_3803,11742.297
000d7d20_3804,11742.205
000d7d20_3805,11742.097
000d7d20_3806,11742.071
000d7d20_3807,11742.052
000d7d20_3808,11741.957
000d7d20_3809,11741.832
000d7d20_3810,11741.867
000d7d20_3811,11741.853
000d7d20_3812,11741.461
000d7d20_3813,11741.675
000d7d20_3814,11741.763
000d7d20_3815,11741.787
000d7d20_3816,11741.795
000d7d20_3817,11741.867
000d7d20_3818,11741.877
000d7d20_3819,11741.785
000d7d20_3820,11741.866
000d7d20_3821,11741.809
000d7d20_3822,11741.738
000d7d20_3823,11741.535
000d7d20_3824,11741.334
000d7d20_3825,11741.253
000d7d20_3826,11741.202
000d7d20_3827,11741.188
000d7d20_3828,11741.202
000d7d20_3829,11741.232
000d7d20_3830,11741.306
000d7d20_3831,11741.257
000d7d20_3832,11741.302
000d7d20_3833,11741.26
000d7d20_3834,11741.231
000d7d20_3835,11741.188
000d7d20_3836,11741.166
000d7d20_3837,11740.893
000d7d20_3838,11741.086
000d7d20_3839,11741.258
000d7d20_3840,11741.222
000d7d20_3841,11741.171
000d7d20_3842,11741.141
000d7d20_3843,11741.141
000d7d20_3844,11741.133
000d7d20_3845,11741.135
000d7d20_3846,11741.103
000d7d20_3847,11740.942
000d7d20_3848,11740.829
000d7d20_3849,11740.815
000d7d20_3850,11740.86
000d7d20_3851,11740.723
000d7d20_3852,11740.729
000d7d20_3853,11740.683
000d7d20_3854,11740.596
000d7d20_3855,11740.52
000d7d20_3856,11740.333
000d7d20_3857,11740.383
000d7d20_3858,11740.456
000d7d20_3859,11741.468
000d7d20_3860,11741.446
000d7d20_3861,11741.244
000d7d20_3862,11741.264
000d7d20_3863,11741.186
000d7d20_3864,11741.191
000d7d20_3865,11741.134
000d7d20_3866,11741.135
000d7d20_3867,11741.063
000d7d20_3868,11741.066
000d7d20_3869,11741.051
000d7d20_3870,11740.923
000d7d20_3871,11740.96
000d7d20_3872,11740.66
000d7d20_3873,11740.587
000d7d20_3874,11740.638
000d7d20_3875,11740.567
000d7d20_3876,11740.597
000d7d20_3877,11740.564
000d7d20_3878,11740.52
000d7d20_3879,11740.577
000d7d20_3880,11740.455
000d7d20_3881,11740.399
000d7d20_3882,11740.511
000d7d20_3883,11740.68
000d7d20_3884,11740.557
000d7d20_3885,11740.603
000d7d20_3886,11740.538
000d7d20_3887,11740.534
000d7d20_3888,11740.526
000d7d20_3889,11740.315
000d7d20_3890,11740.808
000d7d20_3891,11740.663
000d7d20_3892,11740.629
000d7d20_3893,11740.478
000d7d20_3894,11740.207
000d7d20_3895,11739.867
000d7d20_3896,11739.873
000d7d20_3897,11739.659
000d7d20_3898,11739.483
000d7d20_3899,11739.432
000d7d20_3900,11739.642
000d7d20_3901,11739.608
000d7d20_3902,11739.126
000d7d20_3903,11739.058
000d7d20_3904,11739.05
000d7d20_3905,11739.33
000d7d20_3906,11740.022
000d7d20_3907,11740.031
000d7d20_3908,11739.749
000d7d20_3909,11739.671
000d7d20_3910,11739.657
000d7d20_3911,11739.687
000d7d20_3912,11739.537
000d7d20_3913,11739.3125
000d7d20_3914,11739.2
000d7d20_3915,11739.057
000d7d20_3916,11738.841
000d7d20_3917,11738.775
000d7d20_3918,11738.908
000d7d20_3919,11738.921
000d7d20_3920,11738.842
000d7d20_3921,11738.806
000d7d20_3922,11738.827
000d7d20_3923,11738.8
000d7d20_3924,11738.829
000d7d20_3925,11738.529
000d7d20_3926,11738.334
000d7d20_3927,11738.279
000d7d20_3928,11738.263
000d7d20_3929,11738.288
000d7d20_3930,11738.377
000d7d20_3931,11738.375
000d7d20_3932,11738.38
000d7d20_3933,11738.363
000d7d20_3934,11738.353
000d7d20_3935,11738.322
000d7d20_3936,11738.255
000d7d20_3937,11738.233
000d7d20_3938,11738.258
000d7d20_3939,11738.237
000d7d20_3940,11738.207
000d7d20_3941,11738.22
000d7d20_3942,11738.213
000d7d20_3943,11738.219
000d7d20_3944,11738.2295
000d7d20_3945,11738.24
000d7d20_3946,11738.226
000d7d20_3947,11738.273
000d7d20_3948,11738.28
000d7d20_3949,11738.25
000d7d20_3950,11738.254
000d7d20_3951,11738.241
000d7d20_3952,11738.289
000d7d20_3953,11738.231
000d7d20_3954,11738.225
000d7d20_3955,11738.261
000d7d20_3956,11738.218
000d7d20_3957,11738.222
000d7d20_3958,11738.216
000d7d20_3959,11738.417
000d7d20_3960,11738.381
000d7d20_3961,11738.436
000d7d20_3962,11738.387
000d7d20_3963,11738.396
000d7d20_3964,11738.379
000d7d20_3965,11738.293
000d7d20_3966,11738.277
000d7d20_3967,11738.313
000d7d20_3968,11738.3125
000d7d20_3969,11738.373
000d7d20_3970,11738.341
000d7d20_3971,11738.334
000d7d20_3972,11738.36
000d7d20_3973,11738.368
000d7d20_3974,11738.355
000d7d20_3975,11738.331
000d7d20_3976,11738.312
000d7d20_3977,11738.271
000d7d20_3978,11738.165
000d7d20_3979,11738.209
000d7d20_3980,11738.24
000d7d20_3981,11738.272
000d7d20_3982,11738.32
000d7d20_3983,11738.323
000d7d20_3984,11738.267
000d7d20_3985,11738.276
000d7d20_3986,11738.283
000d7d20_3987,11738.281
000d7d20_3988,11738.169
000d7d20_3989,11738.169
000d7d20_3990,11738.189
000d7d20_3991,11738.225
000d7d20_3992,11738.222
000d7d20_3993,11738.27
000d7d20_3994,11738.271
000d7d20_3995,11738.252
000d7d20_3996,11738.369
000d7d20_3997,11738.44
000d7d20_3998,11738.388
000d7d20_3999,11738.352
000d7d20_4000,11738.353
000d7d20_4001,11738.275
000d7d20_4002,11738.253
000d7d20_4003,11738.27
000d7d20_4004,11738.274
000d7d20_4005,11738.265
000d7d20_4006,11738.268
000d7d20_4007,11738.279
000d7d20_4008,11738.331
000d7d20_4009,11738.279
000d7d20_4010,11738.254
000d7d20_4011,11738.296
000d7d20_4012,11738.335
000d7d20_4013,11738.354
000d7d20_4014,11738.482
000d7d20_4015,11738.352
000d7d20_4016,11738.344
000d7d20_4017,11738.213
000d7d20_4018,11738.204
000d7d20_4019,11738.222
000d7d20_4020,11738.198
000d7d20_4021,11738.203
000d7d20_4022,11738.202
000d7d20_4023,11738.193
000d7d20_4024,11738.211
000d7d20_4025,11738.195
000d7d20_4026,11738.137
000d7d20_4027,11738.117
000d7d20_4028,11738.085
000d7d20_4029,11738.072
000d7d20_4030,11738.077
000d7d20_4031,11738.04
000d7d20_4032,11738.014
000d7d20_4033,11737.981
000d7d20_4034,11737.914
000d7d20_4035,11737.931
000d7d20_4036,11737.886
000d7d20_4037,11738.101
000d7d20_4038,11738.101
000d7d20_4039,11738.105
000d7d20_4040,11738.042
000d7d20_4041,11738.092
000d7d20_4042,11738.089
000d7d20_4043,11738.102
000d7d20_4044,11738.142
000d7d20_4045,11738.136
000d7d20_4046,11738.145
000d7d20_4047,11738.135
000d7d20_4048,11738.118
000d7d20_4049,11738.141
000d7d20_4050,11738.125
000d7d20_4051,11738.142
000d7d20_4052,11738.124
000d7d20_4053,11738.143
000d7d20_4054,11738.136
000d7d20_4055,11738.135
000d7d20_4056,11738.135
000d7d20_4057,11738.131
000d7d20_4058,11738.072
000d7d20_4059,11738.134
000d7d20_4060,11738.126
000d7d20_4061,11738.124
000d7d20_4062,11738.092
000d7d20_4063,11738.067
000d7d20_4064,11737.984
000d7d20_4065,11738.042
000d7d20_4066,11738.079
000d7d20_4067,11738.039
000d7d20_4068,11738.036
000d7d20_4069,11738.039
000d7d20_4070,11738.012
000d7d20_4071,11737.996
000d7d20_4072,11737.909
000d7d20_4073,11737.98
000d7d20_4074,11737.995
000d7d20_4075,11738.002
000d7d20_4076,11737.922
000d7d20_4077,11737.92
000d7d20_4078,11737.936
000d7d20_4079,11737.895
000d7d20_4080,11737.861
000d7d20_4081,11737.884
000d7d20_4082,11737.746
000d7d20_4083,11737.75
000d7d20_4084,11737.673
000d7d20_4085,11737.638
000d7d20_4086,11737.623
000d7d20_4087,11737.642
000d7d20_4088,11737.668
000d7d20_4089,11737.695
000d7d20_4090,11737.698
000d7d20_4091,11737.658
000d7d20_4092,11737.694
000d7d20_4093,11737.686
000d7d20_4094,11737.677
000d7d20_4095,11737.678
000d7d20_4096,11737.633
000d7d20_4097,11737.675
000d7d20_4098,11737.697
000d7d20_4099,11737.678
000d7d20_4100,11737.647
000d7d20_4101,11737.653
000d7d20_4102,11737.667
000d7d20_4103,11737.626
000d7d20_4104,11737.654
000d7d20_4105,11737.604
000d7d20_4106,11737.374
000d7d20_4107,11737.659
000d7d20_4108,11737.661
000d7d20_4109,11737.656
000d7d20_4110,11737.65
000d7d20_4111,11737.649
000d7d20_4112,11737.653
000d7d20_4113,11737.66
000d7d20_4114,11737.664
000d7d20_4115,11737.68
000d7d20_4116,11737.687
000d7d20_4117,11737.682
000d7d20_4118,11737.669
000d7d20_4119,11737.69
000d7d20_4120,11737.674
000d7d20_4121,11737.668
000d7d20_4122,11737.676
000d7d20_4123,11737.666
000d7d20_4124,11737.655
000d7d20_4125,11737.631
000d7d20_4126,11737.65
000d7d20_4127,11737.655
000d7d20_4128,11737.651
000d7d20_4129,11737.654
000d7d20_4130,11737.724
000d7d20_4131,11737.734
000d7d20_4132,11737.815
000d7d20_4133,11737.859
000d7d20_4134,11737.857
000d7d20_4135,11737.821
000d7d20_4136,11737.817
000d7d20_4137,11737.819
000d7d20_4138,11737.834
000d7d20_4139,11737.793
000d7d20_4140,11737.835
000d7d20_4141,11737.834
000d7d20_4142,11737.858
000d7d20_4143,11737.847
000d7d20_4144,11737.8545
000d7d20_4145,11737.86
000d7d20_4146,11737.85
000d7d20_4147,11737.84
000d7d20_4148,11737.846
000d7d20_4149,11737.879
000d7d20_4150,11737.913
000d7d20_4151,11737.936
000d7d20_4152,11738.024
000d7d20_4153,11738.124
000d7d20_4154,11738.164
000d7d20_4155,11738.176
000d7d20_4156,11738.159
000d7d20_4157,11738.157
000d7d20_4158,11738.11
000d7d20_4159,11738.098
000d7d20_4160,11738.114
000d7d20_4161,11738.113
000d7d20_4162,11738.104
000d7d20_4163,11738.121
000d7d20_4164,11738.111
000d7d20_4165,11738.109
000d7d20_4166,11738.155
000d7d20_4167,11738.125
000d7d20_4168,11738.007
000d7d20_4169,11737.576
000d7d20_4170,11737.479
000d7d20_4171,11737.595
000d7d20_4172,11737.563
000d7d20_4173,11737.63
000d7d20_4174,11737.686
000d7d20_4175,11737.737
000d7d20_4176,11737.71
000d7d20_4177,11737.589
000d7d20_4178,11737.477
000d7d20_4179,11737.611
000d7d20_4180,11737.811
000d7d20_4181,11737.813
000d7d20_4182,11737.803
000d7d20_4183,11737.778
000d7d20_4184,11737.736
000d7d20_4185,11737.774
000d7d20_4186,11737.777
000d7d20_4187,11737.771
000d7d20_4188,11737.752
000d7d20_4189,11737.769
000d7d20_4190,11737.748
000d7d20_4191,11737.712
000d7d20_4192,11737.803
000d7d20_4193,11737.766
000d7d20_4194,11737.7705
000d7d20_4195,11737.77
000d7d20_4196,11737.718
000d7d20_4197,11737.682
000d7d20_4198,11737.718
000d7d20_4199,11737.695
000d7d20_4200,11737.674
000d7d20_4201,11737.685
000d7d20_4202,11737.677
000d7d20_4203,11737.606
000d7d20_4204,11737.585
000d7d20_4205,11737.592
000d7d20_4206,11737.588
000d7d20_4207,11737.59
000d7d20_4208,11737.599
000d7d20_4209,11737.658
000d7d20_4210,11737.674
000d7d20_4211,11737.67
000d7d20_4212,11737.602
000d7d20_4213,11737.652
000d7d20_4214,11737.614
000d7d20_4215,11737.606
000d7d20_4216,11737.666
000d7d20_4217,11737.623
000d7d20_4218,11737.564
000d7d20_4219,11737.572
000d7d20_4220,11737.586
000d7d20_4221,11737.577
000d7d20_4222,11737.585
000d7d20_4223,11737.514
000d7d20_4224,11737.473
000d7d20_4225,11737.3125
000d7d20_4226,11737.345
000d7d20_4227,11737.309
000d7d20_4228,11737.348
000d7d20_4229,11737.521
000d7d20_4230,11737.484
000d7d20_4231,11737.413
000d7d20_4232,11737.463
000d7d20_4233,11737.396
000d7d20_4234,11737.288
000d7d20_4235,11737.482
000d7d20_4236,11737.481
000d7d20_4237,11737.494
000d7d20_4238,11737.504
000d7d20_4239,11737.498
000d7d20_4240,11737.457
000d7d20_4241,11737.451
000d7d20_4242,11737.446
000d7d20_4243,11737.416
000d7d20_4244,11737.487
000d7d20_4245,11737.489
000d7d20_4246,11737.487
000d7d20_4247,11737.496
000d7d20_4248,11737.414
000d7d20_4249,11737.49
000d7d20_4250,11737.461
000d7d20_4251,11737.429
000d7d20_4252,11737.54
000d7d20_4253,11737.5
000d7d20_4254,11737.656
000d7d20_4255,11737.643
000d7d20_4256,11737.568
000d7d20_4257,11737.564
000d7d20_4258,11737.59
000d7d20_4259,11737.635
000d7d20_4260,11737.637
000d7d20_4261,11737.578
000d7d20_4262,11737.593
000d7d20_4263,11737.506
000d7d20_4264,11737.575
000d7d20_4265,11737.424
000d7d20_4266,11737.466
000d7d20_4267,11737.401
000d7d20_4268,11737.418
000d7d20_4269,11737.221
000d7d20_4270,11737.447
000d7d20_4271,11737.288
000d7d20_4272,11737.266
000d7d20_4273,11737.28
000d7d20_4274,11737.289
000d7d20_4275,11737.372
000d7d20_4276,11737.296
000d7d20_4277,11737.517
000d7d20_4278,11737.419
000d7d20_4279,11737.305
000d7d20_4280,11737.293
000d7d20_4281,11737.383
000d7d20_4282,11737.23
000d7d20_4283,11737.424
000d7d20_4284,11737.37
000d7d20_4285,11737.471
000d7d20_4286,11737.43
000d7d20_4287,11737.393
000d7d20_4288,11737.529
000d7d20_4289,11737.581
000d7d20_4290,11737.487
000d7d20_4291,11737.456
000d7d20_4292,11737.459
000d7d20_4293,11737.502
000d7d20_4294,11737.472
000d7d20_4295,11737.523
000d7d20_4296,11737.393
000d7d20_4297,11737.332
000d7d20_4298,11737.382
000d7d20_4299,11737.4795
000d7d20_4300,11737.466
000d7d20_4301,11737.47
000d7d20_4302,11737.523
000d7d20_4303,11737.54
000d7d20_4304,11737.53
000d7d20_4305,11737.46
000d7d20_4306,11737.484
000d7d20_4307,11737.529
000d7d20_4308,11737.698
000d7d20_4309,11737.701
000d7d20_4310,11737.68
000d7d20_4311,11737.652
000d7d20_4312,11737.655
000d7d20_4313,11737.672
000d7d20_4314,11737.687
000d7d20_4315,11737.686
000d7d20_4316,11737.699
000d7d20_4317,11737.697
000d7d20_4318,11737.696
000d7d20_4319,11737.705
000d7d20_4320,11737.675
000d7d20_4321,11737.739
000d7d20_4322,11737.734
000d7d20_4323,11737.648
000d7d20_4324,11737.777
000d7d20_4325,11737.731
000d7d20_4326,11737.688
000d7d20_4327,11737.69
000d7d20_4328,11737.699
000d7d20_4329,11738.033
000d7d20_4330,11738.028
000d7d20_4331,11737.992
000d7d20_4332,11737.868
000d7d20_4333,11737.863
000d7d20_4334,11737.857
000d7d20_4335,11737.843
000d7d20_4336,11738.0205
000d7d20_4337,11737.87
000d7d20_4338,11737.883
000d7d20_4339,11737.877
000d7d20_4340,11737.892
000d7d20_4341,11737.883
000d7d20_4342,11737.753
000d7d20_4343,11737.772
000d7d20_4344,11737.777
000d7d20_4345,11737.794
000d7d20_4346,11737.756
000d7d20_4347,11737.781
000d7d20_4348,11737.774
000d7d20_4349,11737.754
000d7d20_4350,11737.816
000d7d20_4351,11737.824
000d7d20_4352,11737.87
000d7d20_4353,11737.819
000d7d20_4354,11737.8545
000d7d20_4355,11737.898
000d7d20_4356,11737.8545
000d7d20_4357,11737.731
000d7d20_4358,11737.7
000d7d20_4359,11737.723
000d7d20_4360,11737.675
000d7d20_4361,11737.671
000d7d20_4362,11737.687
000d7d20_4363,11737.679
000d7d20_4364,11737.68
000d7d20_4365,11737.653
000d7d20_4366,11737.729
000d7d20_4367,11737.711
000d7d20_4368,11737.732
000d7d20_4369,11737.726
000d7d20_4370,11737.683
000d7d20_4371,11737.65
000d7d20_4372,11737.728
000d7d20_4373,11737.688
000d7d20_4374,11737.694
000d7d20_4375,11737.693
000d7d20_4376,11737.765
000d7d20_4377,11737.719
000d7d20_4378,11737.767
000d7d20_4379,11737.809
000d7d20_4380,11737.78
000d7d20_4381,11737.879
000d7d20_4382,11737.779
000d7d20_4383,11737.91
000d7d20_4384,11737.854
000d7d20_4385,11737.939
000d7d20_4386,11737.922
000d7d20_4387,11737.947
000d7d20_4388,11737.98
000d7d20_4389,11737.943
000d7d20_4390,11737.987
000d7d20_4391,11738.069
000d7d20_4392,11738.082
000d7d20_4393,11737.992
000d7d20_4394,11738.004
000d7d20_4395,11737.991
000d7d20_4396,11737.969
000d7d20_4397,11737.9795
000d7d20_4398,11737.958
000d7d20_4399,11737.943
000d7d20_4400,11737.943
000d7d20_4401,11737.939
000d7d20_4402,11737.921
000d7d20_4403,11737.877
000d7d20_4404,11737.879
000d7d20_4405,11737.881
000d7d20_4406,11738.187
000d7d20_4407,11738.253
000d7d20_4408,11738.199
000d7d20_4409,11738.191
000d7d20_4410,11738.201
000d7d20_4411,11738.268
000d7d20_4412,11738.233
000d7d20_4413,11738.118
000d7d20_4414,11738.336
000d7d20_4415,11738.334
000d7d20_4416,11738.42
000d7d20_4417,11738.448
000d7d20_4418,11738.429
000d7d20_4419,11738.405
000d7d20_4420,11738.386
000d7d20_4421,11738.368
000d7d20_4422,11738.394
000d7d20_4423,11738.387
000d7d20_4424,11738.382
000d7d20_4425,11738.391
000d7d20_4426,11738.291
000d7d20_4427,11738.243
000d7d20_4428,11738.105
000d7d20_4429,11738.171
000d7d20_4430,11738.15
000d7d20_4431,11738.183
000d7d20_4432,11738.195
000d7d20_4433,11738.197
000d7d20_4434,11738.232
000d7d20_4435,11738.257
000d7d20_4436,11738.27
000d7d20_4437,11738.348
000d7d20_4438,11738.271
000d7d20_4439,11738.246
000d7d20_4440,11738.15
000d7d20_4441,11738.148
000d7d20_4442,11738.097
000d7d20_4443,11738.095
000d7d20_4444,11738.045
000d7d20_4445,11738.451
000d7d20_4446,11738.24
000d7d20_4447,11738.289
000d7d20_4448,11738.315
000d7d20_4449,11738.308
000d7d20_4450,11738.301
000d7d20_4451,11738.282
000d7d20_4452,11738.274
000d7d20_4453,11738.272
000d7d20_4454,11738.28
000d7d20_4455,11738.2295
000d7d20_4456,11738.223
000d7d20_4457,11738.18
000d7d20_4458,11738.271
000d7d20_4459,11738.291
000d7d20_4460,11738.274
000d7d20_4461,11738.264
000d7d20_4462,11738.352
000d7d20_4463,11738.389
000d7d20_4464,11738.36
000d7d20_4465,11738.295
000d7d20_4466,11738.279
000d7d20_4467,11738.238
000d7d20_4468,11738.17
000d7d20_4469,11738.135
000d7d20_4470,11738.046
000d7d20_4471,11738.227
000d7d20_4472,11738.248
000d7d20_4473,11738.292
000d7d20_4474,11738.325
000d7d20_4475,11738.293
000d7d20_4476,11738.256
000d7d20_4477,11738.242
000d7d20_4478,11738.046
000d7d20_4479,11738.094
000d7d20_4480,11738.207
000d7d20_4481,11738.21
000d7d20_4482,11738.207
000d7d20_4483,11738.227
000d7d20_4484,11738.222
000d7d20_4485,11738.223
000d7d20_4486,11738.296
000d7d20_4487,11738.294
000d7d20_4488,11738.345
000d7d20_4489,11738.299
000d7d20_4490,11738.36
000d7d20_4491,11738.341
000d7d20_4492,11738.346
000d7d20_4493,11738.34
000d7d20_4494,11738.217
000d7d20_4495,11738.117
000d7d20_4496,11738.082
000d7d20_4497,11738.073
000d7d20_4498,11738.073
000d7d20_4499,11738.109
000d7d20_4500,11738.134
000d7d20_4501,11738.166
000d7d20_4502,11738.4
000d7d20_4503,11738.217
000d7d20_4504,11738.162
000d7d20_4505,11738.209
000d7d20_4506,11738.261
000d7d20_4507,11738.334
000d7d20_4508,11738.317
000d7d20_4509,11738.316
000d7d20_4510,11738.309
000d7d20_4511,11738.316
000d7d20_4512,11738.326
000d7d20_4513,11738.32
000d7d20_4514,11738.256
000d7d20_4515,11738.221
000d7d20_4516,11738.205
000d7d20_4517,11738.142
000d7d20_4518,11738.24
000d7d20_4519,11738.285
000d7d20_4520,11738.26
000d7d20_4521,11738.25
000d7d20_4522,11738.189
000d7d20_4523,11738.204
000d7d20_4524,11738.269
000d7d20_4525,11738.241
000d7d20_4526,11738.068
000d7d20_4527,11738.117
000d7d20_4528,11738.177
000d7d20_4529,11738.248
000d7d20_4530,11738.237
000d7d20_4531,11738.065
000d7d20_4532,11738.174
000d7d20_4533,11738.237
000d7d20_4534,11738.266
000d7d20_4535,11738.237
000d7d20_4536,11738.26
000d7d20_4537,11738.385
000d7d20_4538,11738.384
000d7d20_4539,11738.3955
000d7d20_4540,11738.434
000d7d20_4541,11738.427
000d7d20_4542,11738.459
000d7d20_4543,11738.438
000d7d20_4544,11738.4
000d7d20_4545,11738.416
000d7d20_4546,11738.324
000d7d20_4547,11738.385
000d7d20_4548,11738.3
000d7d20_4549,11738.346
000d7d20_4550,11738.345
000d7d20_4551,11738.345
000d7d20_4552,11738.362
000d7d20_4553,11738.363
000d7d20_4554,11738.344
000d7d20_4555,11738.342
000d7d20_4556,11738.352
000d7d20_4557,11738.36
000d7d20_4558,11738.357
000d7d20_4559,11738.355
000d7d20_4560,11738.355
000d7d20_4561,11738.354
000d7d20_4562,11738.368
000d7d20_4563,11738.371
000d7d20_4564,11738.369
000d7d20_4565,11738.344
000d7d20_4566,11738.36
000d7d20_4567,11738.338
000d7d20_4568,11738.308
000d7d20_4569,11738.297
000d7d20_4570,11738.279
000d7d20_4571,11738.282
000d7d20_4572,11738.321
000d7d20_4573,11738.305
000d7d20_4574,11738.299
000d7d20_4575,11738.261
000d7d20_4576,11738.253
000d7d20_4577,11738.249
000d7d20_4578,11738.271
000d7d20_4579,11738.242
000d7d20_4580,11738.258
000d7d20_4581,11738.241
000d7d20_4582,11738.247
000d7d20_4583,11738.259
000d7d20_4584,11738.244
000d7d20_4585,11738.256
000d7d20_4586,11738.241
000d7d20_4587,11738.253
000d7d20_4588,11738.257
000d7d20_4589,11738.287
000d7d20_4590,11738.284
000d7d20_4591,11738.301
000d7d20_4592,11738.308
000d7d20_4593,11738.271
000d7d20_4594,11738.244
000d7d20_4595,11738.256
000d7d20_4596,11738.215
000d7d20_4597,11738.229
000d7d20_4598,11738.227
000d7d20_4599,11738.265
000d7d20_4600,11738.223
000d7d20_4601,11738.263
000d7d20_4602,11738.222
000d7d20_4603,11738.204
000d7d20_4604,11738.178
000d7d20_4605,11738.213
000d7d20_4606,11738.208
000d7d20_4607,11738.213
000d7d20_4608,11738.243
000d7d20_4609,11738.197
000d7d20_4610,11738.169
000d7d20_4611,11738.187
000d7d20_4612,11738.186
000d7d20_4613,11738.1875
000d7d20_4614,11738.171
000d7d20_4615,11738.186
000d7d20_4616,11738.18
000d7d20_4617,11738.178
000d7d20_4618,11738.158
000d7d20_4619,11738.137
000d7d20_4620,11738.18
000d7d20_4621,11738.185
000d7d20_4622,11738.104
000d7d20_4623,11738.139
000d7d20_4624,11738.1045
000d7d20_4625,11738.099
000d7d20_4626,11738.1045
000d7d20_4627,11738.118
000d7d20_4628,11738.076
000d7d20_4629,11738.088
000d7d20_4630,11738.112
000d7d20_4631,11738.097
000d7d20_4632,11738.125
000d7d20_4633,11738.114
000d7d20_4634,11738.081
000d7d20_4635,11738.078
000d7d20_4636,11738.032
000d7d20_4637,11738.018
000d7d20_4638,11737.996
000d7d20_4639,11738.0
000d7d20_4640,11738.064
000d7d20_4641,11738.015
000d7d20_4642,11737.997
000d7d20_4643,11737.878
000d7d20_4644,11737.89
000d7d20_4645,11737.981
000d7d20_4646,11737.923
000d7d20_4647,11737.932
000d7d20_4648,11737.889
000d7d20_4649,11737.924
000d7d20_4650,11737.906
000d7d20_4651,11737.905
000d7d20_4652,11737.936
000d7d20_4653,11737.909
000d7d20_4654,11738.021
000d7d20_4655,11738.0
000d7d20_4656,11738.022
000d7d20_4657,11737.991
000d7d20_4658,11737.958
000d7d20_4659,11738.017
000d7d20_4660,11737.989
000d7d20_4661,11738.064
000d7d20_4662,11738.095
000d7d20_4663,11738.046
000d7d20_4664,11737.985
000d7d20_4665,11738.012
000d7d20_4666,11737.993
000d7d20_4667,11737.955
000d7d20_4668,11737.936
000d7d20_4669,11737.942
000d7d20_4670,11737.929
000d7d20_4671,11737.94
000d7d20_4672,11737.888
000d7d20_4673,11737.902
000d7d20_4674,11737.859
000d7d20_4675,11737.917
000d7d20_4676,11737.884
000d7d20_4677,11737.861
000d7d20_4678,11737.852
000d7d20_4679,11737.82
000d7d20_4680,11737.831
000d7d20_4681,11737.901
000d7d20_4682,11737.869
000d7d20_4683,11737.757
000d7d20_4684,11737.724
000d7d20_4685,11737.763
000d7d20_4686,11737.828
000d7d20_4687,11737.823
000d7d20_4688,11737.82
000d7d20_4689,11737.832
000d7d20_4690,11737.835
000d7d20_4691,11737.788
000d7d20_4692,11737.838
000d7d20_4693,11737.798
000d7d20_4694,11737.771
000d7d20_4695,11737.833
000d7d20_4696,11737.786
000d7d20_4697,11737.758
000d7d20_4698,11737.723
000d7d20_4699,11737.772
000d7d20_4700,11737.715
000d7d20_4701,11737.721
000d7d20_4702,11737.701
000d7d20_4703,11737.688
000d7d20_4704,11737.648
000d7d20_4705,11737.623
000d7d20_4706,11737.717
000d7d20_4707,11737.683
000d7d20_4708,11737.846
000d7d20_4709,11737.769
000d7d20_4710,11738.016
000d7d20_4711,11738.072
000d7d20_4712,11738.041
000d7d20_4713,11738.177
000d7d20_4714,11738.168
000d7d20_4715,11738.116
000d7d20_4716,11738.123
000d7d20_4717,11738.08
000d7d20_4718,11737.838
000d7d20_4719,11737.842
000d7d20_4720,11737.789
000d7d20_4721,11737.792
000d7d20_4722,11737.79
000d7d20_4723,11737.701
000d7d20_4724,11737.651
000d7d20_4725,11737.651
000d7d20_4726,11737.662
000d7d20_4727,11737.604
000d7d20_4728,11737.591
000d7d20_4729,11737.532
000d7d20_4730,11737.527
000d7d20_4731,11737.697
000d7d20_4732,11737.758
000d7d20_4733,11737.745
000d7d20_4734,11737.746
000d7d20_4735,11737.714
000d7d20_4736,11737.594
000d7d20_4737,11737.676
000d7d20_4738,11737.258
000d7d20_4739,11737.145
000d7d20_4740,11737.266
000d7d20_4741,11737.274
000d7d20_4742,11737.271
000d7d20_4743,11737.051
000d7d20_4744,11737.098
000d7d20_4745,11737.059
000d7d20_4746,11737.012
000d7d20_4747,11737.16
000d7d20_4748,11737.0205
000d7d20_4749,11736.54
000d7d20_4750,11737.043
000d7d20_4751,11737.163
000d7d20_4752,11736.623
000d7d20_4753,11736.9375
000d7d20_4754,11736.958
000d7d20_4755,11736.865
000d7d20_4756,11736.367
000d7d20_4757,11736.835
000d7d20_4758,11736.819
000d7d20_4759,11736.848
000d7d20_4760,11736.254
000d7d20_4761,11736.139
000d7d20_4762,11736.24
000d7d20_4763,11736.283
000d7d20_4764,11736.256
000d7d20_4765,11736.498
000d7d20_4766,11736.684
000d7d20_4767,11736.604
000d7d20_4768,11736.225
000d7d20_4769,11736.225
000d7d20_4770,11736.523
000d7d20_4771,11736.607
000d7d20_4772,11736.529
000d7d20_4773,11736.552
000d7d20_4774,11736.516
000d7d20_4775,11736.46
000d7d20_4776,11736.416
000d7d20_4777,11736.402
000d7d20_4778,11736.497
000d7d20_4779,11736.567
000d7d20_4780,11736.668
000d7d20_4781,11736.793
000d7d20_4782,11736.72
000d7d20_4783,11736.643
000d7d20_4784,11736.714
000d7d20_4785,11736.838
000d7d20_4786,11736.796
000d7d20_4787,11736.827
000d7d20_4788,11736.813
000d7d20_4789,11736.799
000d7d20_4790,11736.801
000d7d20_4791,11736.76
000d7d20_4792,11736.681
000d7d20_4793,11736.654
000d7d20_4794,11736.657
000d7d20_4795,11736.714
000d7d20_4796,11736.657
000d7d20_4797,11736.666
000d7d20_4798,11736.784
000d7d20_4799,11736.829
000d7d20_4800,11736.875
000d7d20_4801,11736.941
000d7d20_4802,11737.015
000d7d20_4803,11737.0
000d7d20_4804,11737.025
000d7d20_4805,11736.997
000d7d20_4806,11737.003
000d7d20_4807,11737.003
000d7d20_4808,11737.007
000d7d20_4809,11737.203
000d7d20_4810,11737.198
000d7d20_4811,11737.242
000d7d20_4812,11737.222
000d7d20_4813,11737.274
000d7d20_4814,11737.271
000d7d20_4815,11737.28
000d7d20_4816,11737.274
000d7d20_4817,11737.301
000d7d20_4818,11737.27
000d7d20_4819,11737.304
000d7d20_4820,11737.3125
000d7d20_4821,11737.264
000d7d20_4822,11737.225
000d7d20_4823,11737.193
000d7d20_4824,11737.203
000d7d20_4825,11737.236
000d7d20_4826,11737.19
000d7d20_4827,11737.279
000d7d20_4828,11737.589
000d7d20_4829,11737.415
000d7d20_4830,11737.446
000d7d20_4831,11737.419
000d7d20_4832,11737.3955
000d7d20_4833,11737.354
000d7d20_4834,11737.254
000d7d20_4835,11737.256
000d7d20_4836,11737.296
000d7d20_4837,11737.101
000d7d20_4838,11737.094
000d7d20_4839,11737.077
000d7d20_4840,11736.92
000d7d20_4841,11736.948
000d7d20_4842,11736.958
000d7d20_4843,11736.919
000d7d20_4844,11736.79
000d7d20_4845,11736.427
000d7d20_4846,11736.715
000d7d20_4847,11736.689
000d7d20_4848,11736.716
000d7d20_4849,11736.763
000d7d20_4850,11736.779
000d7d20_4851,11736.809
000d7d20_4852,11736.855
000d7d20_4853,11736.809
000d7d20_4854,11736.597
000d7d20_4855,11736.582
000d7d20_4856,11736.67
000d7d20_4857,11736.699
000d7d20_4858,11736.672
000d7d20_4859,11736.299
000d7d20_4860,11736.219
000d7d20_4861,11736.213
000d7d20_4862,11736.219
000d7d20_4863,11736.214
000d7d20_4864,11736.657
000d7d20_4865,11736.646
000d7d20_4866,11736.616
000d7d20_4867,11736.241
000d7d20_4868,11736.104
000d7d20_4869,11736.3955
000d7d20_4870,11736.453
000d7d20_4871,11736.525
000d7d20_4872,11736.513
000d7d20_4873,11736.519
000d7d20_4874,11736.459
000d7d20_4875,11736.427
000d7d20_4876,11736.461
000d7d20_4877,11736.444
000d7d20_4878,11736.51
000d7d20_4879,11736.489
000d7d20_4880,11736.446
000d7d20_4881,11736.352
000d7d20_4882,11736.365
000d7d20_4883,11736.3955
000d7d20_4884,11736.097
000d7d20_4885,11736.385
000d7d20_4886,11736.591
000d7d20_4887,11736.401
000d7d20_4888,11736.395
000d7d20_4889,11736.102
000d7d20_4890,11736.086
000d7d20_4891,11735.98
000d7d20_4892,11735.964
000d7d20_4893,11735.981
000d7d20_4894,11736.231
000d7d20_4895,11736.205
000d7d20_4896,11736.187
000d7d20_4897,11736.197
000d7d20_4898,11736.188
000d7d20_4899,11735.944
000d7d20_4900,11735.78
000d7d20_4901,11735.74
000d7d20_4902,11735.715
000d7d20_4903,11735.737
000d7d20_4904,11735.655
000d7d20_4905,11735.695
000d7d20_4906,11735.667
000d7d20_4907,11735.5625
000d7d20_4908,11735.525
000d7d20_4909,11735.545
000d7d20_4910,11735.537
000d7d20_4911,11735.488
000d7d20_4912,11735.637
000d7d20_4913,11736.008
000d7d20_4914,11736.045
000d7d20_4915,11736.072
000d7d20_4916,11736.127
000d7d20_4917,11736.244
000d7d20_4918,11736.229
000d7d20_4919,11736.215
000d7d20_4920,11736.18
000d7d20_4921,11736.068
000d7d20_4922,11735.792
000d7d20_4923,11735.776
000d7d20_4924,11735.948
000d7d20_4925,11736.033
000d7d20_4926,11735.961
000d7d20_4927,11736.246
000d7d20_4928,11736.266
000d7d20_4929,11735.881
000d7d20_4930,11736.102
000d7d20_4931,11735.93
000d7d20_4932,11735.933
000d7d20_4933,11735.566
000d7d20_4934,11735.863
000d7d20_4935,11736.255
000d7d20_4936,11735.832
000d7d20_4937,11735.799
000d7d20_4938,11735.845
000d7d20_4939,11736.243
000d7d20_4940,11735.996
000d7d20_4941,11735.887
000d7d20_4942,11735.882
000d7d20_4943,11735.75
000d7d20_4944,11735.768
000d7d20_4945,11736.193
000d7d20_4946,11735.717
000d7d20_4947,11735.697
000d7d20_4948,11735.74
000d7d20_4949,11735.791
000d7d20_4950,11736.21
000d7d20_4951,11736.238
000d7d20_4952,11736.212
000d7d20_4953,11736.201
000d7d20_4954,11736.18
000d7d20_4955,11736.202
000d7d20_4956,11736.229
000d7d20_4957,11735.763
000d7d20_4958,11736.252
000d7d20_4959,11736.313
000d7d20_4960,11736.309
000d7d20_4961,11736.331
000d7d20_4962,11736.504
000d7d20_4963,11736.498
000d7d20_4964,11736.498
000d7d20_4965,11736.479
000d7d20_4966,11736.383
000d7d20_4967,11736.327
000d7d20_4968,11736.349
000d7d20_4969,11736.374
000d7d20_4970,11736.537
000d7d20_4971,11736.501
000d7d20_4972,11736.544
000d7d20_4973,11736.605
000d7d20_4974,11736.711
000d7d20_4975,11736.514
000d7d20_4976,11736.574
000d7d20_4977,11736.615
000d7d20_4978,11736.611
000d7d20_4979,11736.565
000d7d20_4980,11736.571
000d7d20_4981,11736.586
000d7d20_4982,11736.581
000d7d20_4983,11736.6
000d7d20_4984,11736.589
000d7d20_4985,11736.625
000d7d20_4986,11736.614
000d7d20_4987,11736.586
000d7d20_4988,11736.541
000d7d20_4989,11736.626
000d7d20_4990,11736.661
000d7d20_4991,11736.613
000d7d20_4992,11736.599
000d7d20_4993,11736.63
000d7d20_4994,11736.607
000d7d20_4995,11736.623
000d7d20_4996,11736.651
000d7d20_4997,11736.608
000d7d20_4998,11736.656
000d7d20_4999,11736.611
000d7d20_5000,11736.624
000d7d20_5001,11736.613
000d7d20_5002,11736.687
000d7d20_5003,11736.6875
000d7d20_5004,11736.767
000d7d20_5005,11736.821
000d7d20_5006,11736.697
000d7d20_5007,11736.885
000d7d20_5008,11736.977
000d7d20_5009,11737.006
000d7d20_5010,11736.969
000d7d20_5011,11736.954
000d7d20_5012,11736.996
000d7d20_5013,11737.006
000d7d20_5014,11736.975
000d7d20_5015,11737.003
000d7d20_5016,11737.003
000d7d20_5017,11737.0
000d7d20_5018,11737.056
000d7d20_5019,11736.993
000d7d20_5020,11736.988
000d7d20_5021,11737.039
000d7d20_5022,11736.982
000d7d20_5023,11736.942
000d7d20_5024,11736.884
000d7d20_5025,11736.925
000d7d20_5026,11736.92
000d7d20_5027,11736.953
000d7d20_5028,11736.914
000d7d20_5029,11736.879
000d7d20_5030,11736.883
000d7d20_5031,11736.89
000d7d20_5032,11736.9
000d7d20_5033,11736.901
000d7d20_5034,11736.891
000d7d20_5035,11736.905
000d7d20_5036,11736.902
000d7d20_5037,11736.978
000d7d20_5038,11736.964
000d7d20_5039,11736.918
000d7d20_5040,11736.932
000d7d20_5041,11736.928
000d7d20_5042,11736.959
000d7d20_5043,11736.936
000d7d20_5044,11736.946
000d7d20_5045,11736.967
000d7d20_5046,11736.93
000d7d20_5047,11736.925
000d7d20_5048,11736.993
000d7d20_5049,11736.958
000d7d20_5050,11736.956
000d7d20_5051,11736.989
000d7d20_5052,11737.092
000d7d20_5053,11737.089
000d7d20_5054,11737.072
000d7d20_5055,11737.07
000d7d20_5056,11737.102
000d7d20_5057,11737.145
000d7d20_5058,11737.08
000d7d20_5059,11737.075
000d7d20_5060,11737.122
000d7d20_5061,11737.27
000d7d20_5062,11737.234
000d7d20_5063,11737.142
000d7d20_5064,11737.1875
000d7d20_5065,11737.18
000d7d20_5066,11737.145
000d7d20_5067,11737.061
000d7d20_5068,11737.131
000d7d20_5069,11737.164
000d7d20_5070,11737.221
000d7d20_5071,11737.24
000d7d20_5072,11737.212
000d7d20_5073,11737.222
000d7d20_5074,11737.188
000d7d20_5075,11737.209
000d7d20_5076,11737.238
000d7d20_5077,11737.136
000d7d20_5078,11737.241
000d7d20_5079,11737.303
000d7d20_5080,11737.395
000d7d20_5081,11737.367
000d7d20_5082,11737.383
000d7d20_5083,11737.374
000d7d20_5084,11737.356
000d7d20_5085,11737.362
000d7d20_5086,11737.378
000d7d20_5087,11737.388
000d7d20_5088,11737.371
000d7d20_5089,11737.378
000d7d20_5090,11737.441
000d7d20_5091,11737.424
000d7d20_5092,11737.437
000d7d20_5093,11737.471
000d7d20_5094,11737.506
000d7d20_5095,11737.518
000d7d20_5096,11737.48
000d7d20_5097,11737.526
000d7d20_5098,11737.529
000d7d20_5099,11737.478
000d7d20_5100,11737.494
000d7d20_5101,11737.519
000d7d20_5102,11737.48
000d7d20_5103,11737.397
000d7d20_5104,11737.481
000d7d20_5105,11737.458
000d7d20_5106,11737.442
000d7d20_5107,11737.443
000d7d20_5108,11737.443
000d7d20_5109,11737.505
000d7d20_5110,11737.548
000d7d20_5111,11737.541
000d7d20_5112,11737.509
000d7d20_5113,11737.473
000d7d20_5114,11737.475
000d7d20_5115,11737.51
000d7d20_5116,11737.522
000d7d20_5117,11737.569
000d7d20_5118,11737.573
000d7d20_5119,11737.566
000d7d20_5120,11737.531
000d7d20_5121,11737.51
000d7d20_5122,11737.537
000d7d20_5123,11737.495
000d7d20_5124,11737.481
000d7d20_5125,11737.52
000d7d20_5126,11737.488
000d7d20_5127,11737.485
000d7d20_5128,11737.436
000d7d20_5129,11737.371
000d7d20_5130,11737.373
000d7d20_5131,11737.3125
000d7d20_5132,11737.263
000d7d20_5133,11737.42
000d7d20_5134,11737.404
000d7d20_5135,11737.4
000d7d20_5136,11737.477
000d7d20_5137,11737.431
000d7d20_5138,11737.445
000d7d20_5139,11737.442
000d7d20_5140,11737.422
000d7d20_5141,11737.402
000d7d20_5142,11737.447
000d7d20_5143,11737.46
000d7d20_5144,11737.462
000d7d20_5145,11737.495
000d7d20_5146,11737.5
000d7d20_5147,11737.47
000d7d20_5148,11737.359
000d7d20_5149,11737.393
000d7d20_5150,11737.374
000d7d20_5151,11737.494
000d7d20_5152,11737.465
000d7d20_5153,11737.522
000d7d20_5154,11737.538
000d7d20_5155,11737.56
000d7d20_5156,11737.494
000d7d20_5157,11737.534
000d7d20_5158,11737.531
000d7d20_5159,11737.54
000d7d20_5160,11737.547
000d7d20_5161,11737.573
000d7d20_5162,11737.538
000d7d20_5163,11737.608
000d7d20_5164,11737.596
000d7d20_5165,11737.54
000d7d20_5166,11737.569
000d7d20_5167,11737.591
000d7d20_5168,11737.588
000d7d20_5169,11737.573
000d7d20_5170,11737.534
000d7d20_5171,11737.551
000d7d20_5172,11737.549
000d7d20_5173,11737.441
000d7d20_5174,11737.508
000d7d20_5175,11737.507
000d7d20_5176,11737.547
000d7d20_5177,11737.548
000d7d20_5178,11737.604
000d7d20_5179,11737.598
000d7d20_5180,11737.718
000d7d20_5181,11737.62
000d7d20_5182,11737.775
000d7d20_5183,11737.723
000d7d20_5184,11737.74
000d7d20_5185,11737.634
000d7d20_5186,11737.784
000d7d20_5187,11737.688
000d7d20_5188,11737.747
000d7d20_5189,11737.712
000d7d20_5190,11737.714
000d7d20_5191,11737.702
000d7d20_5192,11737.566
000d7d20_5193,11737.508
000d7d20_5194,11737.502
000d7d20_5195,11737.484
000d7d20_5196,11737.411
000d7d20_5197,11737.446
000d7d20_5198,11737.463
000d7d20_5199,11737.51
000d7d20_5200,11737.518
000d7d20_5201,11737.18
000d7d20_5202,11737.192
000d7d20_5203,11737.113
000d7d20_5204,11737.081
000d7d20_5205,11737.056
000d7d20_5206,11736.778
000d7d20_5207,11736.794
000d7d20_5208,11736.812
000d7d20_5209,11736.717
000d7d20_5210,11736.695
000d7d20_5211,11736.66
000d7d20_5212,11736.598
000d7d20_5213,11736.601
000d7d20_5214,11736.626
000d7d20_5215,11736.64
000d7d20_5216,11736.587
000d7d20_5217,11736.578
000d7d20_5218,11736.6045
000d7d20_5219,11736.76
000d7d20_5220,11736.407
000d7d20_5221,11736.322
000d7d20_5222,11736.153
000d7d20_5223,11736.17
000d7d20_5224,11736.181
000d7d20_5225,11736.186
000d7d20_5226,11736.226
000d7d20_5227,11736.25
000d7d20_5228,11736.183
000d7d20_5229,11736.22
000d7d20_5230,11736.179
000d7d20_5231,11736.187
000d7d20_5232,11736.091
000d7d20_5233,11736.463
000d7d20_5234,11736.28
000d7d20_5235,11736.076
000d7d20_5236,11736.08
000d7d20_5237,11736.316
000d7d20_5238,11736.198
000d7d20_5239,11736.101
000d7d20_5240,11736.083
000d7d20_5241,11736.064
000d7d20_5242,11735.9375
000d7d20_5243,11735.957
000d7d20_5244,11735.981
000d7d20_5245,11735.984
000d7d20_5246,11735.7705
000d7d20_5247,11735.782
000d7d20_5248,11735.758
000d7d20_5249,11735.762
000d7d20_5250,11735.634
000d7d20_5251,11735.595
000d7d20_5252,11735.789
000d7d20_5253,11735.7705
000d7d20_5254,11735.92
000d7d20_5255,11735.859
000d7d20_5256,11735.608
000d7d20_5257,11735.34
000d7d20_5258,11735.31
000d7d20_5259,11735.31
000d7d20_5260,11735.28
000d7d20_5261,11735.07
000d7d20_5262,11735.07
000d7d20_5263,11734.999
000d7d20_5264,11735.005
000d7d20_5265,11734.984
000d7d20_5266,11734.987
000d7d20_5267,11734.883
000d7d20_5268,11734.83
000d7d20_5269,11734.684
000d7d20_5270,11734.639
000d7d20_5271,11734.701
000d7d20_5272,11734.768
000d7d20_5273,11735.0
000d7d20_5274,11735.285
000d7d20_5275,11735.668
000d7d20_5276,11735.605
000d7d20_5277,11735.64
00bbac68_1545,12226.591
00bbac68_1546,12226.642
00bbac68_1547,12226.731
00bbac68_1548,12226.663
00bbac68_1549,12226.706
00bbac68_1550,12226.845
00bbac68_1551,12226.796
00bbac68_1552,12226.833
00bbac68_1553,12226.817
00bbac68_1554,12226.9795
00bbac68_1555,12226.976
00bbac68_1556,12227.003
00bbac68_1557,12227.012
00bbac68_1558,12227.036
00bbac68_1559,12226.979
00bbac68_1560,12226.984
00bbac68_1561,12227.009
00bbac68_1562,12226.977
00bbac68_1563,12226.983
00bbac68_1564,12227.028
00bbac68_1565,12226.984
00bbac68_1566,12226.915
00bbac68_1567,12226.972
00bbac68_1568,12227.036
00bbac68_1569,12227.04
00bbac68_1570,12227.035
00bbac68_1571,12227.043
00bbac68_1572,12227.083
00bbac68_1573,12227.011
00bbac68_1574,12227.015
00bbac68_1575,12227.035
00bbac68_1576,12227.052
00bbac68_1577,12227.077
00bbac68_1578,12227.034
00bbac68_1579,12227.053
00bbac68_1580,12227.054
00bbac68_1581,12227.054
00bbac68_1582,12227.043
00bbac68_1583,12227.007
00bbac68_1584,12227.059
00bbac68_1585,12227.048
00bbac68_1586,12227.091
00bbac68_1587,12227.085
00bbac68_1588,12227.106
00bbac68_1589,12227.148
00bbac68_1590,12227.159
00bbac68_1591,12227.298
00bbac68_1592,12227.275
00bbac68_1593,12227.298
00bbac68_1594,12227.313
00bbac68_1595,12227.298
00bbac68_1596,12227.293
00bbac68_1597,12227.329
00bbac68_1598,12227.316
00bbac68_1599,12227.313
00bbac68_1600,12229.003
00bbac68_1601,12228.97
00bbac68_1602,12228.95
00bbac68_1603,12228.956
00bbac68_1604,12228.993
00bbac68_1605,12229.01
00bbac68_1606,12229.067
00bbac68_1607,12229.093
00bbac68_1608,12230.563
00bbac68_1609,12230.565
00bbac68_1610,12230.613
00bbac68_1611,12230.611
00bbac68_1612,12230.614
00bbac68_1613,12230.608
00bbac68_1614,12230.646
00bbac68_1615,12230.62
00bbac68_1616,12230.632
00bbac68_1617,12230.621
00bbac68_1618,12230.701
00bbac68_1619,12230.718
00bbac68_1620,12230.706
00bbac68_1621,12230.712
00bbac68_1622,12230.705
00bbac68_1623,12230.716
00bbac68_1624,12230.778
00bbac68_1625,12230.792
00bbac68_1626,12230.849
00bbac68_1627,12230.789
00bbac68_1628,12230.805
00bbac68_1629,12230.829
00bbac68_1630,12230.86
00bbac68_1631,12230.876
00bbac68_1632,12230.923
00bbac68_1633,12230.905
00bbac68_1634,12230.958
00bbac68_1635,12230.989
00bbac68_1636,12230.975
00bbac68_1637,12230.955
00bbac68_1638,12230.98
00bbac68_1639,12230.98
00bbac68_1640,12231.022
00bbac68_1641,12230.982
00bbac68_1642,12230.931
00bbac68_1643,12230.918
00bbac68_1644,12230.939
00bbac68_1645,12230.998
00bbac68_1646,12230.991
00bbac68_1647,12230.984
00bbac68_1648,12230.959
00bbac68_1649,12231.0
00bbac68_1650,12231.026
00bbac68_1651,12231.045
00bbac68_1652,12231.019
00bbac68_1653,12230.953
00bbac68_1654,12230.936
00bbac68_1655,12230.916
00bbac68_1656,12230.853
00bbac68_1657,12231.008
00bbac68_1658,12231.042
00bbac68_1659,12231.071
00bbac68_1660,12231.06
00bbac68_1661,12231.071
00bbac68_1662,12231.032
00bbac68_1663,12231.031
00bbac68_1664,12231.1
00bbac68_1665,12231.081
00bbac68_1666,12231.066
00bbac68_1667,12231.096
00bbac68_1668,12231.083
00bbac68_1669,12231.073
00bbac68_1670,12231.063
00bbac68_1671,12231.033
00bbac68_1672,12231.05
00bbac68_1673,12231.016
00bbac68_1674,12231.048
00bbac68_1675,12231.092
00bbac68_1676,12231.073
00bbac68_1677,12230.99
00bbac68_1678,12230.973
00bbac68_1679,12230.971
00bbac68_1680,12231.044
00bbac68_1681,12231.131
00bbac68_1682,12231.103
00bbac68_1683,12231.127
00bbac68_1684,12231.164
00bbac68_1685,12233.268
00bbac68_1686,12233.206
00bbac68_1687,12233.249
00bbac68_1688,12233.182
00bbac68_1689,12233.19
00bbac68_1690,12233.197
00bbac68_1691,12233.205
00bbac68_1692,12233.295
00bbac68_1693,12233.306
00bbac68_1694,12233.294
00bbac68_1695,12233.196
00bbac68_1696,12233.234
00bbac68_1697,12233.192
00bbac68_1698,12233.301
00bbac68_1699,12233.323
00bbac68_1700,12233.321
00bbac68_1701,12233.325
00bbac68_1702,12233.329
00bbac68_1703,12233.343
00bbac68_1704,12233.434
00bbac68_1705,12233.55
00bbac68_1706,12233.72
00bbac68_1707,12234.254
00bbac68_1708,12234.46
00bbac68_1709,12234.429
00bbac68_1710,12234.399
00bbac68_1711,12234.327
00bbac68_1712,12234.399
00bbac68_1713,12234.409
00bbac68_1714,12234.388
00bbac68_1715,12234.376
00bbac68_1716,12234.257
00bbac68_1717,12234.345
00bbac68_1718,12234.361
00bbac68_1719,12234.343
00bbac68_1720,12234.253
00bbac68_1721,12234.252
00bbac68_1722,12234.238
00bbac68_1723,12234.235
00bbac68_1724,12234.217
00bbac68_1725,12234.262
00bbac68_1726,12234.334
00bbac68_1727,12234.257
00bbac68_1728,12234.252
00bbac68_1729,12234.251
00bbac68_1730,12234.2705
00bbac68_1731,12234.381
00bbac68_1732,12234.404
00bbac68_1733,12234.4
00bbac68_1734,12234.398
00bbac68_1735,12234.376
00bbac68_1736,12234.358
00bbac68_1737,12234.339
00bbac68_1738,12234.361
00bbac68_1739,12234.242
00bbac68_1740,12234.027
00bbac68_1741,12233.747
00bbac68_1742,12233.489
00bbac68_1743,12233.641
00bbac68_1744,12233.559
00bbac68_1745,12233.642
00bbac68_1746,12233.588
00bbac68_1747,12233.645
00bbac68_1748,12233.61
00bbac68_1749,12233.588
00bbac68_1750,12233.649
00bbac68_1751,12233.801
00bbac68_1752,12233.79
00bbac68_1753,12233.84
00bbac68_1754,12234.185
00bbac68_1755,12234.372
00bbac68_1756,12234.315
00bbac68_1757,12234.26
00bbac68_1758,12234.182
00bbac68_1759,12234.183
00bbac68_1760,12234.29
00bbac68_1761,12234.207
00bbac68_1762,12234.227
00bbac68_1763,12234.228
00bbac68_1764,12234.225
00bbac68_1765,12234.16
00bbac68_1766,12234.017
00bbac68_1767,12233.923
00bbac68_1768,12233.984
00bbac68_1769,12234.044
00bbac68_1770,12234.126
00bbac68_1771,12234.193
00bbac68_1772,12234.201
00bbac68_1773,12234.204
00bbac68_1774,12234.098
00bbac68_1775,12234.192
00bbac68_1776,12234.143
00bbac68_1777,12234.052
00bbac68_1778,12234.009
00bbac68_1779,12234.025
00bbac68_1780,12234.025
00bbac68_1781,12234.029
00bbac68_1782,12234.009
00bbac68_1783,12234.005
00bbac68_1784,12233.884
00bbac68_1785,12233.757
00bbac68_1786,12233.816
00bbac68_1787,12233.832
00bbac68_1788,12233.822
00bbac68_1789,12233.838
00bbac68_1790,12233.826
00bbac68_1791,12233.826
00bbac68_1792,12233.79
00bbac68_1793,12233.819
00bbac68_1794,12233.851
00bbac68_1795,12233.873
00bbac68_1796,12234.939
00bbac68_1797,12234.948
00bbac68_1798,12234.964
00bbac68_1799,12234.765
00bbac68_1800,12234.76
00bbac68_1801,12234.745
00bbac68_1802,12234.7705
00bbac68_1803,12234.868
00bbac68_1804,12234.878
00bbac68_1805,12234.851
00bbac68_1806,12234.745
00bbac68_1807,12234.814
00bbac68_1808,12234.718
00bbac68_1809,12234.7295
00bbac68_1810,12234.708
00bbac68_1811,12234.7
00bbac68_1812,12234.702
00bbac68_1813,12234.688
00bbac68_1814,12234.804
00bbac68_1815,12234.808
00bbac68_1816,12234.795
00bbac68_1817,12234.765
00bbac68_1818,12234.688
00bbac68_1819,12234.801
00bbac68_1820,12234.792
00bbac68_1821,12234.627
00bbac68_1822,12234.655
00bbac68_1823,12234.513
00bbac68_1824,12236.019
00bbac68_1825,12236.02
00bbac68_1826,12236.114
00bbac68_1827,12236.132
00bbac68_1828,12236.121
00bbac68_1829,12236.1
00bbac68_1830,12235.844
00bbac68_1831,12235.611
00bbac68_1832,12235.547
00bbac68_1833,12235.517
00bbac68_1834,12235.409
00bbac68_1835,12235.517
00bbac68_1836,12235.52
00bbac68_1837,12235.42
00bbac68_1838,12235.331
00bbac68_1839,12235.36
00bbac68_1840,12235.26
00bbac68_1841,12235.181
00bbac68_1842,12235.121
00bbac68_1843,12235.048
00bbac68_1844,12235.045
00bbac68_1845,12235.023
00bbac68_1846,12234.938
00bbac68_1847,12235.027
00bbac68_1848,12235.048
00bbac68_1849,12235.059
00bbac68_1850,12234.969
00bbac68_1851,12234.939
00bbac68_1852,12234.86
00bbac68_1853,12234.919
00bbac68_1854,12234.904
00bbac68_1855,12234.923
00bbac68_1856,12234.926
00bbac68_1857,12234.931
00bbac68_1858,12234.823
00bbac68_1859,12234.891
00bbac68_1860,12234.8955
00bbac68_1861,12234.887
00bbac68_1862,12234.714
00bbac68_1863,12234.747
00bbac68_1864,12234.757
00bbac68_1865,12234.861
00bbac68_1866,12234.851
00bbac68_1867,12234.864
00bbac68_1868,12234.859
00bbac68_1869,12234.761
00bbac68_1870,12234.742
00bbac68_1871,12234.844
00bbac68_1872,12234.821
00bbac68_1873,12234.848
00bbac68_1874,12234.846
00bbac68_1875,12234.848
00bbac68_1876,12234.829
00bbac68_1877,12234.792
00bbac68_1878,12234.642
00bbac68_1879,12234.577
00bbac68_1880,12234.498
00bbac68_1881,12234.49
00bbac68_1882,12234.463
00bbac68_1883,12234.468
00bbac68_1884,12234.54
00bbac68_1885,12236.798
00bbac68_1886,12236.78
00bbac68_1887,12236.825
00bbac68_1888,12236.881
00bbac68_1889,12236.842
00bbac68_1890,12236.817
00bbac68_1891,12236.841
00bbac68_1892,12236.654
00bbac68_1893,12236.556
00bbac68_1894,12236.434
00bbac68_1895,12236.468
00bbac68_1896,12236.515
00bbac68_1897,12236.375
00bbac68_1898,12236.304
00bbac68_1899,12236.274
00bbac68_1900,12236.401
00bbac68_1901,12236.389
00bbac68_1902,12236.282
00bbac68_1903,12236.277
00bbac68_1904,12236.333
00bbac68_1905,12236.273
00bbac68_1906,12236.155
00bbac68_1907,12236.122
00bbac68_1908,12236.119
00bbac68_1909,12236.135
00bbac68_1910,12236.028
00bbac68_1911,12235.783
00bbac68_1912,12235.757
00bbac68_1913,12235.84
00bbac68_1914,12235.908
00bbac68_1915,12236.015
00bbac68_1916,12236.017
00bbac68_1917,12235.528
00bbac68_1918,12235.518
00bbac68_1919,12235.494
00bbac68_1920,12235.548
00bbac68_1921,12235.527
00bbac68_1922,12235.469
00bbac68_1923,12235.433
00bbac68_1924,12235.399
00bbac68_1925,12235.425
00bbac68_1926,12235.452
00bbac68_1927,12235.425
00bbac68_1928,12235.219
00bbac68_1929,12235.119
00bbac68_1930,12235.082
00bbac68_1931,12234.934
00bbac68_1932,12234.925
00bbac68_1933,12234.937
00bbac68_1934,12235.028
00bbac68_1935,12235.0625
00bbac68_1936,12235.069
00bbac68_1937,12235.056
00bbac68_1938,12235.054
00bbac68_1939,12235.07
00bbac68_1940,12234.976
00bbac68_1941,12234.988
00bbac68_1942,12234.979
00bbac68_1943,12234.975
00bbac68_1944,12234.942
00bbac68_1945,12236.693
00bbac68_1946,12236.645
00bbac68_1947,12236.559
00bbac68_1948,12236.571
00bbac68_1949,12236.552
00bbac68_1950,12236.554
00bbac68_1951,12236.517
00bbac68_1952,12236.555
00bbac68_1953,12236.653
00bbac68_1954,12236.65
00bbac68_1955,12236.643
00bbac68_1956,12236.426
00bbac68_1957,12236.276
00bbac68_1958,12236.258
00bbac68_1959,12236.235
00bbac68_1960,12236.203
00bbac68_1961,12236.308
00bbac68_1962,12236.255
00bbac68_1963,12236.208
00bbac68_1964,12236.198
00bbac68_1965,12236.197
00bbac68_1966,12236.323
00bbac68_1967,12236.334
00bbac68_1968,12236.321
00bbac68_1969,12236.21
00bbac68_1970,12236.219
00bbac68_1971,12236.119
00bbac68_1972,12236.04
00bbac68_1973,12236.059
00bbac68_1974,12236.122
00bbac68_1975,12236.156
00bbac68_1976,12236.076
00bbac68_1977,12236.079
00bbac68_1978,12236.077
00bbac68_1979,12236.092
00bbac68_1980,12236.087
00bbac68_1981,12236.086
00bbac68_1982,12236.148
00bbac68_1983,12236.013
00bbac68_1984,12236.024
00bbac68_1985,12236.036
00bbac68_1986,12236.138
00bbac68_1987,12235.778
00bbac68_1988,12235.574
00bbac68_1989,12235.609
00bbac68_1990,12235.608
00bbac68_1991,12235.42
00bbac68_1992,12235.42
00bbac68_1993,12235.433
00bbac68_1994,12235.54
00bbac68_1995,12235.56
00bbac68_1996,12235.548
00bbac68_1997,12235.552
00bbac68_1998,12235.488
00bbac68_1999,12235.476
00bbac68_2000,12235.506
00bbac68_2001,12235.562
00bbac68_2002,12235.479
00bbac68_2003,12235.308
00bbac68_2004,12235.264
00bbac68_2005,12235.232
00bbac68_2006,12235.105
00bbac68_2007,12235.096
00bbac68_2008,12235.097
00bbac68_2009,12237.171
00bbac68_2010,12237.077
00bbac68_2011,12237.142
00bbac68_2012,12237.138
00bbac68_2013,12237.194
00bbac68_2014,12237.021
00bbac68_2015,12237.14
00bbac68_2016,12237.138
00bbac68_2017,12237.142
00bbac68_2018,12237.144
00bbac68_2019,12237.113
00bbac68_2020,12237.186
00bbac68_2021,12236.86
00bbac68_2022,12236.669
00bbac68_2023,12236.686
00bbac68_2024,12236.816
00bbac68_2025,12237.038
00bbac68_2026,12236.93
00bbac68_2027,12236.951
00bbac68_2028,12236.941
00bbac68_2029,12236.946
00bbac68_2030,12236.949
00bbac68_2031,12236.806
00bbac68_2032,12236.883
00bbac68_2033,12236.73
00bbac68_2034,12236.781
00bbac68_2035,12236.824
00bbac68_2036,12236.824
00bbac68_2037,12236.768
00bbac68_2038,12236.878
00bbac68_2039,12236.886
00bbac68_2040,12236.817
00bbac68_2041,12236.808
00bbac68_2042,12236.819
00bbac68_2043,12236.842
00bbac68_2044,12236.847
00bbac68_2045,12236.86
00bbac68_2046,12236.795
00bbac68_2047,12237.474
00bbac68_2048,12237.469
00bbac68_2049,12237.457
00bbac68_2050,12237.429
00bbac68_2051,12237.355
00bbac68_2052,12237.354
00bbac68_2053,12237.448
00bbac68_2054,12237.474
00bbac68_2055,12237.463
00bbac68_2056,12237.454
00bbac68_2057,12237.41
00bbac68_2058,12237.377
00bbac68_2059,12237.352
00bbac68_2060,12237.342
00bbac68_2061,12237.383
00bbac68_2062,12237.384
00bbac68_2063,12237.39
00bbac68_2064,12237.338
00bbac68_2065,12237.325
00bbac68_2066,12237.232
00bbac68_2067,12237.23
00bbac68_2068,12237.202
00bbac68_2069,12237.198
00bbac68_2070,12237.172
00bbac68_2071,12237.175
00bbac68_2072,12237.1045
00bbac68_2073,12237.052
00bbac68_2074,12237.051
00bbac68_2075,12237.112
00bbac68_2076,12237.148
00bbac68_2077,12237.173
00bbac68_2078,12237.1875
00bbac68_2079,12237.161
00bbac68_2080,12237.155
00bbac68_2081,12237.259
00bbac68_2082,12237.262
00bbac68_2083,12237.118
00bbac68_2084,12237.103
00bbac68_2085,12237.127
00bbac68_2086,12237.118
00bbac68_2087,12237.097
00bbac68_2088,12237.102
00bbac68_2089,12237.079
00bbac68_2090,12237.187
00bbac68_2091,12237.202
00bbac68_2092,12237.186
00bbac68_2093,12237.095
00bbac68_2094,12237.073
00bbac68_2095,12237.019
00bbac68_2096,12237.055
00bbac68_2097,12237.036
00bbac68_2098,12237.052
00bbac68_2099,12237.083
00bbac68_2100,12237.02
00bbac68_2101,12237.651
00bbac68_2102,12237.651
00bbac68_2103,12237.699
00bbac68_2104,12237.722
00bbac68_2105,12237.774
00bbac68_2106,12237.758
00bbac68_2107,12237.747
00bbac68_2108,12237.757
00bbac68_2109,12237.695
00bbac68_2110,12237.659
00bbac68_2111,12237.601
00bbac68_2112,12237.595
00bbac68_2113,12237.6045
00bbac68_2114,12237.589
00bbac68_2115,12237.577
00bbac68_2116,12237.576
00bbac68_2117,12237.598
00bbac68_2118,12237.573
00bbac68_2119,12237.595
00bbac68_2120,12237.588
00bbac68_2121,12237.581
00bbac68_2122,12237.581
00bbac68_2123,12237.675
00bbac68_2124,12237.673
00bbac68_2125,12237.68
00bbac68_2126,12237.644
00bbac68_2127,12237.685
00bbac68_2128,12237.671
00bbac68_2129,12237.646
00bbac68_2130,12237.573
00bbac68_2131,12237.513
00bbac68_2132,12237.488
00bbac68_2133,12237.524
00bbac68_2134,12237.611
00bbac68_2135,12237.54
00bbac68_2136,12237.595
00bbac68_2137,12237.54
00bbac68_2138,12237.48
00bbac68_2139,12237.645
00bbac68_2140,12237.661
00bbac68_2141,12237.536
00bbac68_2142,12237.555
00bbac68_2143,12237.553
00bbac68_2144,12237.522
00bbac68_2145,12237.551
00bbac68_2146,12237.546
00bbac68_2147,12237.537
00bbac68_2148,12237.542
00bbac68_2149,12237.569
00bbac68_2150,12237.543
00bbac68_2151,12237.56
00bbac68_2152,12237.616
00bbac68_2153,12237.607
00bbac68_2154,12237.542
00bbac68_2155,12237.483
00bbac68_2156,12237.473
00bbac68_2157,12237.422
00bbac68_2158,12237.375
00bbac68_2159,12237.447
00bbac68_2160,12237.425
00bbac68_2161,12237.427
00bbac68_2162,12237.3955
00bbac68_2163,12237.313
00bbac68_2164,12237.409
00bbac68_2165,12237.35
00bbac68_2166,12237.344
00bbac68_2167,12237.34
00bbac68_2168,12237.315
00bbac68_2169,12237.321
00bbac68_2170,12237.301
00bbac68_2171,12237.268
00bbac68_2172,12237.261
00bbac68_2173,12237.258
00bbac68_2174,12237.257
00bbac68_2175,12237.126
00bbac68_2176,12237.139
00bbac68_2177,12237.16
00bbac68_2178,12237.164
00bbac68_2179,12237.155
00bbac68_2180,12237.158
00bbac68_2181,12237.155
00bbac68_2182,12237.135
00bbac68_2183,12237.124
00bbac68_2184,12237.093
00bbac68_2185,12237.053
00bbac68_2186,12237.095
00bbac68_2187,12237.18
00bbac68_2188,12237.185
00bbac68_2189,12237.624
00bbac68_2190,12237.586
00bbac68_2191,12237.457
00bbac68_2192,12237.381
00bbac68_2193,12237.409
00bbac68_2194,12237.595
00bbac68_2195,12239.044
00bbac68_2196,12238.94
00bbac68_2197,12239.135
00bbac68_2198,12239.232
00bbac68_2199,12239.186
00bbac68_2200,12239.188
00bbac68_2201,12239.213
00bbac68_2202,12238.967
00bbac68_2203,12238.984
00bbac68_2204,12238.972
00bbac68_2205,12239.003
00bbac68_2206,12238.863
00bbac68_2207,12238.746
00bbac68_2208,12238.722
00bbac68_2209,12238.841
00bbac68_2210,12238.924
00bbac68_2211,12238.959
00bbac68_2212,12238.95
00bbac68_2213,12238.867
00bbac68_2214,12238.888
00bbac68_2215,12238.885
00bbac68_2216,12238.657
00bbac68_2217,12238.656
00bbac68_2218,12238.432
00bbac68_2219,12238.619
00bbac68_2220,12238.54
00bbac68_2221,12238.46
00bbac68_2222,12238.667
00bbac68_2223,12238.806
00bbac68_2224,12238.834
00bbac68_2225,12238.855
00bbac68_2226,12238.778
00bbac68_2227,12238.708
00bbac68_2228,12238.677
00bbac68_2229,12238.741
00bbac68_2230,12238.735
00bbac68_2231,12238.716
00bbac68_2232,12238.706
00bbac68_2233,12238.628
00bbac68_2234,12238.429
00bbac68_2235,12238.327
00bbac68_2236,12238.342
00bbac68_2237,12238.222
00bbac68_2238,12238.197
00bbac68_2239,12238.259
00bbac68_2240,12238.271
00bbac68_2241,12238.214
00bbac68_2242,12238.235
00bbac68_2243,12238.203
00bbac68_2244,12238.21
00bbac68_2245,12238.255
00bbac68_2246,12238.269
00bbac68_2247,12238.249
00bbac68_2248,12238.245
00bbac68_2249,12238.266
00bbac68_2250,12238.137
00bbac68_2251,12238.017
00bbac68_2252,12238.038
00bbac68_2253,12237.924
00bbac68_2254,12237.928
00bbac68_2255,12237.559
00bbac68_2256,12237.633
00bbac68_2257,12237.778
00bbac68_2258,12237.759
00bbac68_2259,12237.7705
00bbac68_2260,12237.905
00bbac68_2261,12237.947
00bbac68_2262,12237.926
00bbac68_2263,12238.011
00bbac68_2264,12238.248
00bbac68_2265,12238.891
00bbac68_2266,12239.03
00bbac68_2267,12239.042
00bbac68_2268,12239.014
00bbac68_2269,12239.02
00bbac68_2270,12239.039
00bbac68_2271,12239.036
00bbac68_2272,12239.034
00bbac68_2273,12239.035
00bbac68_2274,12239.042
00bbac68_2275,12239.069
00bbac68_2276,12238.878
00bbac68_2277,12239.105
00bbac68_2278,12239.1455
00bbac68_2279,12239.111
00bbac68_2280,12240.409
00bbac68_2281,12240.399
00bbac68_2282,12240.394
00bbac68_2283,12240.396
00bbac68_2284,12240.398
00bbac68_2285,12240.377
00bbac68_2286,12240.386
00bbac68_2287,12240.358
00bbac68_2288,12240.329
00bbac68_2289,12240.325
00bbac68_2290,12240.342
00bbac68_2291,12240.292
00bbac68_2292,12240.28
00bbac68_2293,12240.255
00bbac68_2294,12240.254
00bbac68_2295,12240.262
00bbac68_2296,12240.255
00bbac68_2297,12240.245
00bbac68_2298,12240.239
00bbac68_2299,12240.216
00bbac68_2300,12240.23
00bbac68_2301,12240.161
00bbac68_2302,12240.085
00bbac68_2303,12240.017
00bbac68_2304,12239.993
00bbac68_2305,12239.96
00bbac68_2306,12239.973
00bbac68_2307,12240.077
00bbac68_2308,12240.097
00bbac68_2309,12240.096
00bbac68_2310,12239.942
00bbac68_2311,12239.819
00bbac68_2312,12239.64
00bbac68_2313,12239.743
00bbac68_2314,12239.797
00bbac68_2315,12239.868
00bbac68_2316,12239.964
00bbac68_2317,12240.061
00bbac68_2318,12240.225
00bbac68_2319,12240.152
00bbac68_2320,12240.186
00bbac68_2321,12239.611
00bbac68_2322,12239.569
00bbac68_2323,12239.557
00bbac68_2324,12239.55
00bbac68_2325,12239.675
00bbac68_2326,12239.543
00bbac68_2327,12239.314
00bbac68_2328,12239.295
00bbac68_2329,12239.205
00bbac68_2330,12239.62
00bbac68_2331,12239.704
00bbac68_2332,12239.7295
00bbac68_2333,12239.727
00bbac68_2334,12240.964
00bbac68_2335,12240.661
00bbac68_2336,12240.363
00bbac68_2337,12240.377
00bbac68_2338,12240.388
00bbac68_2339,12240.397
00bbac68_2340,12240.392
00bbac68_2341,12240.384
00bbac68_2342,12240.351
00bbac68_2343,12240.309
00bbac68_2344,12240.18
00bbac68_2345,12240.279
00bbac68_2346,12240.338
00bbac68_2347,12240.323
00bbac68_2348,12240.295
00bbac68_2349,12240.232
00bbac68_2350,12240.098
00bbac68_2351,12239.983
00bbac68_2352,12239.93
00bbac68_2353,12239.936
00bbac68_2354,12239.852
00bbac68_2355,12239.808
00bbac68_2356,12239.809
00bbac68_2357,12239.791
00bbac68_2358,12239.823
00bbac68_2359,12239.779
00bbac68_2360,12239.632
00bbac68_2361,12239.603
00bbac68_2362,12239.571
00bbac68_2363,12239.2705
00bbac68_2364,12239.102
00bbac68_2365,12238.961
00bbac68_2366,12239.044
00bbac68_2367,12239.03
00bbac68_2368,12239.032
00bbac68_2369,12239.016
00bbac68_2370,12238.999
00bbac68_2371,12239.008
00bbac68_2372,12239.006
00bbac68_2373,12239.031
00bbac68_2374,12239.0205
00bbac68_2375,12238.724
00bbac68_2376,12238.746
00bbac68_2377,12238.645
00bbac68_2378,12238.659
00bbac68_2379,12238.65
00bbac68_2380,12238.633
00bbac68_2381,12240.731
00bbac68_2382,12240.617
00bbac68_2383,12240.593
00bbac68_2384,12240.599
00bbac68_2385,12240.674
00bbac68_2386,12240.679
00bbac68_2387,12240.679
00bbac68_2388,12240.681
00bbac68_2389,12240.608
00bbac68_2390,12240.609
00bbac68_2391,12240.685
00bbac68_2392,12240.686
00bbac68_2393,12240.55
00bbac68_2394,12240.607
00bbac68_2395,12240.339
00bbac68_2396,12240.497
00bbac68_2397,12240.456
00bbac68_2398,12240.399
00bbac68_2399,12240.397
00bbac68_2400,12240.383
00bbac68_2401,12240.37
00bbac68_2402,12240.36
00bbac68_2403,12240.243
00bbac68_2404,12240.28
00bbac68_2405,12240.153
00bbac68_2406,12240.063
00bbac68_2407,12240.052
00bbac68_2408,12240.086
00bbac68_2409,12239.754
00bbac68_2410,12239.716
00bbac68_2411,12239.64
00bbac68_2412,12239.678
00bbac68_2413,12239.815
00bbac68_2414,12239.794
00bbac68_2415,12239.759
00bbac68_2416,12239.773
00bbac68_2417,12239.899
00bbac68_2418,12239.881
00bbac68_2419,12239.854
00bbac68_2420,12239.598
00bbac68_2421,12239.556
00bbac68_2422,12239.61
00bbac68_2423,12239.64
00bbac68_2424,12239.706
00bbac68_2425,12239.757
00bbac68_2426,12239.724
00bbac68_2427,12239.691
00bbac68_2428,12239.679
00bbac68_2429,12239.698
00bbac68_2430,12239.661
00bbac68_2431,12239.611
00bbac68_2432,12239.491
00bbac68_2433,12239.442
00bbac68_2434,12239.505
00bbac68_2435,12239.44
00bbac68_2436,12239.415
00bbac68_2437,12240.665
00bbac68_2438,12240.681
00bbac68_2439,12240.695
00bbac68_2440,12240.79
00bbac68_2441,12240.767
00bbac68_2442,12240.76
00bbac68_2443,12240.708
00bbac68_2444,12240.545
00bbac68_2445,12240.437
00bbac68_2446,12240.275
00bbac68_2447,12240.228
00bbac68_2448,12240.174
00bbac68_2449,12240.167
00bbac68_2450,12240.229
00bbac68_2451,12240.291
00bbac68_2452,12240.461
00bbac68_2453,12240.45
00bbac68_2454,12240.411
00bbac68_2455,12240.353
00bbac68_2456,12240.135
00bbac68_2457,12240.069
00bbac68_2458,12240.068
00bbac68_2459,12239.929
00bbac68_2460,12239.949
00bbac68_2461,12239.972
00bbac68_2462,12239.96
00bbac68_2463,12239.9795
00bbac68_2464,12239.956
00bbac68_2465,12239.953
00bbac68_2466,12240.0
00bbac68_2467,12240.13
00bbac68_2468,12240.139
00bbac68_2469,12240.407
00bbac68_2470,12240.491
00bbac68_2471,12240.487
00bbac68_2472,12240.526
00bbac68_2473,12240.45
00bbac68_2474,12240.385
00bbac68_2475,12240.427
00bbac68_2476,12240.445
00bbac68_2477,12240.479
00bbac68_2478,12240.521
00bbac68_2479,12240.434
00bbac68_2480,12240.403
00bbac68_2481,12240.372
00bbac68_2482,12240.346
00bbac68_2483,12240.343
00bbac68_2484,12240.351
00bbac68_2485,12240.359
00bbac68_2486,12240.348
00bbac68_2487,12240.317
00bbac68_2488,12240.315
00bbac68_2489,12241.455
00bbac68_2490,12241.428
00bbac68_2491,12241.38
00bbac68_2492,12241.381
00bbac68_2493,12241.416
00bbac68_2494,12241.265
00bbac68_2495,12241.318
00bbac68_2496,12241.3
00bbac68_2497,12241.26
00bbac68_2498,12241.004
00bbac68_2499,12241.053
00bbac68_2500,12241.062
00bbac68_2501,12241.048
00bbac68_2502,12241.11
00bbac68_2503,12241.106
00bbac68_2504,12241.038
00bbac68_2505,12240.925
00bbac68_2506,12240.82
00bbac68_2507,12240.708
00bbac68_2508,12240.632
00bbac68_2509,12240.737
00bbac68_2510,12240.646
00bbac68_2511,12240.6455
00bbac68_2512,12240.77
00bbac68_2513,12240.748
00bbac68_2514,12240.623
00bbac68_2515,12240.744
00bbac68_2516,12240.694
00bbac68_2517,12240.402
00bbac68_2518,12240.256
00bbac68_2519,12240.298
00bbac68_2520,12240.196
00bbac68_2521,12240.264
00bbac68_2522,12240.281
00bbac68_2523,12240.319
00bbac68_2524,12240.246
00bbac68_2525,12240.196
00bbac68_2526,12240.278
00bbac68_2527,12240.017
00bbac68_2528,12240.182
00bbac68_2529,12240.159
00bbac68_2530,12240.136
00bbac68_2531,12240.144
00bbac68_2532,12240.166
00bbac68_2533,12240.081
00bbac68_2534,12240.087
00bbac68_2535,12240.066
00bbac68_2536,12240.036
00bbac68_2537,12240.076
00bbac68_2538,12240.099
00bbac68_2539,12239.884
00bbac68_2540,12239.806
00bbac68_2541,12239.761
00bbac68_2542,12239.66
00bbac68_2543,12239.697
00bbac68_2544,12239.744
00bbac68_2545,12239.484
00bbac68_2546,12239.412
00bbac68_2547,12239.381
00bbac68_2548,12239.35
00bbac68_2549,12239.216
00bbac68_2550,12239.1455
00bbac68_2551,12238.978
00bbac68_2552,12238.862
00bbac68_2553,12238.888
00bbac68_2554,12238.764
00bbac68_2555,12238.709
00bbac68_2556,12238.833
00bbac68_2557,12238.908
00bbac68_2558,12239.228
00bbac68_2559,12239.241
00bbac68_2560,12239.226
00bbac68_2561,12239.263
00bbac68_2562,12238.82
00bbac68_2563,12238.893
00bbac68_2564,12238.792
00bbac68_2565,12238.911
00bbac68_2566,12238.763
00bbac68_2567,12240.683
00bbac68_2568,12240.687
00bbac68_2569,12240.773
00bbac68_2570,12240.763
00bbac68_2571,12240.676
00bbac68_2572,12240.675
00bbac68_2573,12240.739
00bbac68_2574,12240.643
00bbac68_2575,12240.665
00bbac68_2576,12240.573
00bbac68_2577,12240.521
00bbac68_2578,12240.281
00bbac68_2579,12240.24
00bbac68_2580,12240.24
00bbac68_2581,12241.082
00bbac68_2582,12241.026
00bbac68_2583,12241.027
00bbac68_2584,12241.0
00bbac68_2585,12240.896
00bbac68_2586,12240.976
00bbac68_2587,12240.864
00bbac68_2588,12241.0
00bbac68_2589,12241.047
00bbac68_2590,12240.968
00bbac68_2591,12241.072
00bbac68_2592,12241.004
00bbac68_2593,12241.023
00bbac68_2594,12240.999
00bbac68_2595,12240.975
00bbac68_2596,12241.001
00bbac68_2597,12240.964
00bbac68_2598,12241.101
00bbac68_2599,12241.069
00bbac68_2600,12240.967
00bbac68_2601,12241.017
00bbac68_2602,12240.894
00bbac68_2603,12241.003
00bbac68_2604,12240.922
00bbac68_2605,12240.79
00bbac68_2606,12240.898
00bbac68_2607,12240.934
00bbac68_2608,12240.826
00bbac68_2609,12240.888
00bbac68_2610,12240.95
00bbac68_2611,12240.6875
00bbac68_2612,12240.673
00bbac68_2613,12240.766
00bbac68_2614,12240.695
00bbac68_2615,12240.474
00bbac68_2616,12240.557
00bbac68_2617,12240.359
00bbac68_2618,12240.391
00bbac68_2619,12240.47
00bbac68_2620,12240.319
00bbac68_2621,12240.312
00bbac68_2622,12240.401
00bbac68_2623,12240.353
00bbac68_2624,12240.316
00bbac68_2625,12240.227
00bbac68_2626,12239.956
00bbac68_2627,12239.904
00bbac68_2628,12239.992
00bbac68_2629,12239.896
00bbac68_2630,12239.897
00bbac68_2631,12239.959
00bbac68_2632,12239.8545
00bbac68_2633,12239.894
00bbac68_2634,12239.883
00bbac68_2635,12239.8
00bbac68_2636,12239.847
00bbac68_2637,12239.707
00bbac68_2638,12239.708
00bbac68_2639,12239.871
00bbac68_2640,12239.649
00bbac68_2641,12239.675
00bbac68_2642,12239.73
00bbac68_2643,12239.595
00bbac68_2644,12239.745
00bbac68_2645,12239.6
00bbac68_2646,12239.452
00bbac68_2647,12239.598
00bbac68_2648,12239.34
00bbac68_2649,12239.413
00bbac68_2650,12239.337
00bbac68_2651,12239.514
00bbac68_2652,12239.389
00bbac68_2653,12239.496
00bbac68_2654,12239.355
00bbac68_2655,12239.389
00bbac68_2656,12239.165
00bbac68_2657,12239.106
00bbac68_2658,12239.0205
00bbac68_2659,12238.927
00bbac68_2660,12239.022
00bbac68_2661,12238.883
00bbac68_2662,12238.948
00bbac68_2663,12238.955
00bbac68_2664,12238.836
00bbac68_2665,12239.017
00bbac68_2666,12238.788
00bbac68_2667,12238.538
00bbac68_2668,12238.56
00bbac68_2669,12238.614
00bbac68_2670,12238.38
00bbac68_2671,12238.509
00bbac68_2672,12238.474
00bbac68_2673,12238.465
00bbac68_2674,12238.536
00bbac68_2675,12238.383
00bbac68_2676,12238.566
00bbac68_2677,12238.495
00bbac68_2678,12238.43
00bbac68_2679,12238.4
00bbac68_2680,12238.371
00bbac68_2681,12239.79
00bbac68_2682,12239.905
00bbac68_2683,12239.841
00bbac68_2684,12239.693
00bbac68_2685,12239.55
00bbac68_2686,12239.437
00bbac68_2687,12239.44
00bbac68_2688,12239.487
00bbac68_2689,12239.492
00bbac68_2690,12239.465
00bbac68_2691,12239.407
00bbac68_2692,12239.391
00bbac68_2693,12239.225
00bbac68_2694,12239.114
00bbac68_2695,12239.043
00bbac68_2696,12238.979
00bbac68_2697,12238.993
00bbac68_2698,12238.976
00bbac68_2699,12239.003
00bbac68_2700,12239.002
00bbac68_2701,12239.097
00bbac68_2702,12238.751
00bbac68_2703,12238.668
00bbac68_2704,12238.547
00bbac68_2705,12238.523
00bbac68_2706,12238.423
00bbac68_2707,12238.56
00bbac68_2708,12238.4375
00bbac68_2709,12238.37
00bbac68_2710,12238.507
00bbac68_2711,12238.562
00bbac68_2712,12238.445
00bbac68_2713,12238.48
00bbac68_2714,12238.385
00bbac68_2715,12238.562
00bbac68_2716,12238.454
00bbac68_2717,12240.285
00bbac68_2718,12240.419
00bbac68_2719,12240.273
00bbac68_2720,12240.39
00bbac68_2721,12240.187
00bbac68_2722,12240.019
00bbac68_2723,12239.991
00bbac68_2724,12239.869
00bbac68_2725,12239.95
00bbac68_2726,12239.895
00bbac68_2727,12239.829
00bbac68_2728,12239.986
00bbac68_2729,12239.813
00bbac68_2730,12239.724
00bbac68_2731,12239.558
00bbac68_2732,12239.563
00bbac68_2733,12239.505
00bbac68_2734,12239.342
00bbac68_2735,12239.455
00bbac68_2736,12239.347
00bbac68_2737,12239.438
00bbac68_2738,12239.168
00bbac68_2739,12239.1
00bbac68_2740,12238.9795
00bbac68_2741,12238.932
00bbac68_2742,12238.96
00bbac68_2743,12238.896
00bbac68_2744,12238.96
00bbac68_2745,12239.008
00bbac68_2746,12238.569
00bbac68_2747,12238.617
00bbac68_2748,12238.237
00bbac68_2749,12238.304
00bbac68_2750,12238.257
00bbac68_2751,12238.142
00bbac68_2752,12238.242
00bbac68_2753,12238.09
00bbac68_2754,12238.28
00bbac68_2755,12238.43
00bbac68_2756,12238.214
00bbac68_2757,12238.338
00bbac68_2758,12238.193
00bbac68_2759,12238.348
00bbac68_2760,12238.256
00bbac68_2761,12237.855
00bbac68_2762,12238.163
00bbac68_2763,12238.098
00bbac68_2764,12238.112
00bbac68_2765,12238.028
00bbac68_2766,12237.888
00bbac68_2767,12238.0625
00bbac68_2768,12237.993
00bbac68_2769,12238.006
00bbac68_2770,12237.943
00bbac68_2771,12237.83
00bbac68_2772,12237.99
00bbac68_2773,12237.819
00bbac68_2774,12237.938
00bbac68_2775,12237.855
00bbac68_2776,12237.827
00bbac68_2777,12237.8545
00bbac68_2778,12237.75
00bbac68_2779,12237.871
00bbac68_2780,12237.876
00bbac68_2781,12237.627
00bbac68_2782,12237.661
00bbac68_2783,12237.533
00bbac68_2784,12237.656
00bbac68_2785,12237.673
00bbac68_2786,12237.54
00bbac68_2787,12237.461
00bbac68_2788,12237.382
00bbac68_2789,12237.544
00bbac68_2790,12237.642
00bbac68_2791,12237.546
00bbac68_2792,12237.624
00bbac68_2793,12237.485
00bbac68_2794,12238.034
00bbac68_2795,12237.914
00bbac68_2796,12237.925
00bbac68_2797,12238.062
00bbac68_2798,12237.947
00bbac68_2799,12237.934
00bbac68_2800,12237.959
00bbac68_2801,12237.843
00bbac68_2802,12237.868
00bbac68_2803,12237.767
00bbac68_2804,12237.811
00bbac68_2805,12237.744
00bbac68_2806,12237.602
00bbac68_2807,12237.695
00bbac68_2808,12237.72
00bbac68_2809,12237.648
00bbac68_2810,12237.576
00bbac68_2811,12237.386
00bbac68_2812,12237.498
00bbac68_2813,12237.383
00bbac68_2814,12237.578
00bbac68_2815,12237.397
00bbac68_2816,12237.281
00bbac68_2817,12237.415
00bbac68_2818,12237.265
00bbac68_2819,12237.312
00bbac68_2820,12237.281
00bbac68_2821,12237.17
00bbac68_2822,12237.267
00bbac68_2823,12237.156
00bbac68_2824,12237.323
00bbac68_2825,12237.216
00bbac68_2826,12237.108
00bbac68_2827,12237.179
00bbac68_2828,12237.044
00bbac68_2829,12237.127
00bbac68_2830,12237.185
00bbac68_2831,12237.018
00bbac68_2832,12237.1455
00bbac68_2833,12236.835
00bbac68_2834,12236.829
00bbac68_2835,12236.628
00bbac68_2836,12236.822
00bbac68_2837,12236.71
00bbac68_2838,12236.73
00bbac68_2839,12236.812
00bbac68_2840,12236.614
00bbac68_2841,12236.673
00bbac68_2842,12236.604
00bbac68_2843,12236.599
00bbac68_2844,12236.614
00bbac68_2845,12236.537
00bbac68_2846,12237.405
00bbac68_2847,12237.465
00bbac68_2848,12237.456
00bbac68_2849,12237.556
00bbac68_2850,12237.541
00bbac68_2851,12237.307
00bbac68_2852,12237.621
00bbac68_2853,12237.561
00bbac68_2854,12237.472
00bbac68_2855,12237.548
00bbac68_2856,12237.54
00bbac68_2857,12237.405
00bbac68_2858,12237.469
00bbac68_2859,12237.601
00bbac68_2860,12237.551
00bbac68_2861,12237.481
00bbac68_2862,12237.635
00bbac68_2863,12237.31
00bbac68_2864,12237.308
00bbac68_2865,12237.374
00bbac68_2866,12237.31
00bbac68_2867,12237.437
00bbac68_2868,12237.342
00bbac68_2869,12237.255
00bbac68_2870,12237.243
00bbac68_2871,12237.272
00bbac68_2872,12237.264
00bbac68_2873,12237.2705
00bbac68_2874,12237.171
00bbac68_2875,12237.184
00bbac68_2876,12237.189
00bbac68_2877,12237.215
00bbac68_2878,12237.137
00bbac68_2879,12237.139
00bbac68_2880,12237.216
00bbac68_2881,12237.128
00bbac68_2882,12237.158
00bbac68_2883,12237.131
00bbac68_2884,12237.138
00bbac68_2885,12237.101
00bbac68_2886,12237.005
00bbac68_2887,12237.004
00bbac68_2888,12237.121
00bbac68_2889,12237.109
00bbac68_2890,12237.028
00bbac68_2891,12236.884
00bbac68_2892,12236.93
00bbac68_2893,12237.252
00bbac68_2894,12237.22
00bbac68_2895,12237.198
00bbac68_2896,12237.192
00bbac68_2897,12237.212
00bbac68_2898,12237.292
00bbac68_2899,12237.208
00bbac68_2900,12237.198
00bbac68_2901,12237.2
00bbac68_2902,12237.21
00bbac68_2903,12237.202
00bbac68_2904,12237.157
00bbac68_2905,12237.276
00bbac68_2906,12237.295
00bbac68_2907,12237.231
00bbac68_2908,12237.267
00bbac68_2909,12237.251
00bbac68_2910,12237.247
00bbac68_2911,12238.48
00bbac68_2912,12238.486
00bbac68_2913,12238.573
00bbac68_2914,12238.55
00bbac68_2915,12238.536
00bbac68_2916,12238.591
00bbac68_2917,12238.569
00bbac68_2918,12238.3
00bbac68_2919,12238.1455
00bbac68_2920,12238.132
00bbac68_2921,12238.107
00bbac68_2922,12238.047
00bbac68_2923,12238.146
00bbac68_2924,12238.118
00bbac68_2925,12238.113
00bbac68_2926,12238.063
00bbac68_2927,12237.938
00bbac68_2928,12237.944
00bbac68_2929,12237.946
00bbac68_2930,12237.975
00bbac68_2931,12238.023
00bbac68_2932,12238.06
00bbac68_2933,12238.051
00bbac68_2934,12237.962
00bbac68_2935,12237.907
00bbac68_2936,12237.934
00bbac68_2937,12238.011
00bbac68_2938,12238.012
00bbac68_2939,12237.866
00bbac68_2940,12238.038
00bbac68_2941,12238.027
00bbac68_2942,12238.089
00bbac68_2943,12238.033
00bbac68_2944,12238.094
00bbac68_2945,12238.054
00bbac68_2946,12238.097
00bbac68_2947,12238.112
00bbac68_2948,12238.005
00bbac68_2949,12237.96
00bbac68_2950,12238.085
00bbac68_2951,12238.052
00bbac68_2952,12237.956
00bbac68_2953,12238.059
00bbac68_2954,12238.035
00bbac68_2955,12237.742
00bbac68_2956,12238.341
00bbac68_2957,12238.257
00bbac68_2958,12238.29
00bbac68_2959,12238.326
00bbac68_2960,12238.372
00bbac68_2961,12238.371
00bbac68_2962,12238.344
00bbac68_2963,12238.394
00bbac68_2964,12238.35
00bbac68_2965,12238.314
00bbac68_2966,12238.392
00bbac68_2967,12238.254
00bbac68_2968,12238.331
00bbac68_2969,12238.362
00bbac68_2970,12238.37
00bbac68_2971,12238.258
00bbac68_2972,12238.217
00bbac68_2973,12238.2
00bbac68_2974,12238.225
00bbac68_2975,12238.239
00bbac68_2976,12238.205
00bbac68_2977,12238.192
00bbac68_2978,12238.204
00bbac68_2979,12238.07
00bbac68_2980,12237.963
00bbac68_2981,12238.019
00bbac68_2982,12238.092
00bbac68_2983,12240.012
00bbac68_2984,12240.005
00bbac68_2985,12239.901
00bbac68_2986,12239.783
00bbac68_2987,12239.817
00bbac68_2988,12239.803
00bbac68_2989,12239.915
00bbac68_2990,12239.923
00bbac68_2991,12239.724
00bbac68_2992,12239.759
00bbac68_2993,12240.011
00bbac68_2994,12239.924
00bbac68_2995,12239.937
00bbac68_2996,12240.071
00bbac68_2997,12239.997
00bbac68_2998,12240.101
00bbac68_2999,12240.104
00bbac68_3000,12240.036
00bbac68_3001,12240.06
00bbac68_3002,12240.069
00bbac68_3003,12240.007
00bbac68_3004,12240.105
00bbac68_3005,12240.015
00bbac68_3006,12240.097
00bbac68_3007,12240.099
00bbac68_3008,12240.05
00bbac68_3009,12240.119
00bbac68_3010,12240.111
00bbac68_3011,12239.99
00bbac68_3012,12240.0205
00bbac68_3013,12240.007
00bbac68_3014,12240.047
00bbac68_3015,12240.055
00bbac68_3016,12240.082
00bbac68_3017,12240.124
00bbac68_3018,12239.974
00bbac68_3019,12240.069
00bbac68_3020,12240.07
00bbac68_3021,12240.074
00bbac68_3022,12240.007
00bbac68_3023,12240.132
00bbac68_3024,12240.083
00bbac68_3025,12240.101
00bbac68_3026,12240.116
00bbac68_3027,12240.093
00bbac68_3028,12240.093
00bbac68_3029,12240.074
00bbac68_3030,12240.071
00bbac68_3031,12239.985
00bbac68_3032,12240.05
00bbac68_3033,12240.088
00bbac68_3034,12240.094
00bbac68_3035,12239.962
00bbac68_3036,12240.044
00bbac68_3037,12240.057
00bbac68_3038,12239.981
00bbac68_3039,12240.007
00bbac68_3040,12239.855
00bbac68_3041,12239.939
00bbac68_3042,12240.026
00bbac68_3043,12240.085
00bbac68_3044,12240.059
00bbac68_3045,12240.0625
00bbac68_3046,12240.067
00bbac68_3047,12239.98
00bbac68_3048,12239.9795
00bbac68_3049,12239.989
00bbac68_3050,12240.193
00bbac68_3051,12240.169
00bbac68_3052,12240.248
00bbac68_3053,12240.315
00bbac68_3054,12240.579
00bbac68_3055,12240.548
00bbac68_3056,12240.501
00bbac68_3057,12240.512
00bbac68_3058,12240.518
00bbac68_3059,12240.516
00bbac68_3060,12240.806
00bbac68_3061,12240.693
00bbac68_3062,12240.777
00bbac68_3063,12240.775
00bbac68_3064,12240.79
00bbac68_3065,12240.878
00bbac68_3066,12240.886
00bbac68_3067,12240.883
00bbac68_3068,12240.885
00bbac68_3069,12240.939
00bbac68_3070,12240.895
00bbac68_3071,12240.866
00bbac68_3072,12240.925
00bbac68_3073,12241.009
00bbac68_3074,12241.104
00bbac68_3075,12241.022
00bbac68_3076,12241.026
00bbac68_3077,12240.868
00bbac68_3078,12240.763
00bbac68_3079,12240.799
00bbac68_3080,12240.862
00bbac68_3081,12240.887
00bbac68_3082,12240.855
00bbac68_3083,12240.851
00bbac68_3084,12240.956
00bbac68_3085,12240.874
00bbac68_3086,12240.883
00bbac68_3087,12240.786
00bbac68_3088,12240.879
00bbac68_3089,12241.009
00bbac68_3090,12240.943
00bbac68_3091,12240.938
00bbac68_3092,12240.876
00bbac68_3093,12241.009
00bbac68_3094,12241.014
00bbac68_3095,12241.211
00bbac68_3096,12241.146
00bbac68_3097,12241.139
00bbac68_3098,12241.135
00bbac68_3099,12241.183
00bbac68_3100,12241.128
00bbac68_3101,12241.137
00bbac68_3102,12241.091
00bbac68_3103,12241.124
00bbac68_3104,12241.095
00bbac68_3105,12241.171
00bbac68_3106,12241.083
00bbac68_3107,12241.181
00bbac68_3108,12241.085
00bbac68_3109,12241.09
00bbac68_3110,12241.108
00bbac68_3111,12241.243
00bbac68_3112,12241.267
00bbac68_3113,12241.233
00bbac68_3114,12241.11
00bbac68_3115,12241.108
00bbac68_3116,12241.261
00bbac68_3117,12241.165
00bbac68_3118,12241.133
00bbac68_3119,12241.126
00bbac68_3120,12241.132
00bbac68_3121,12241.047
00bbac68_3122,12241.062
00bbac68_3123,12241.042
00bbac68_3124,12241.047
00bbac68_3125,12241.073
00bbac68_3126,12241.027
00bbac68_3127,12241.066
00bbac68_3128,12241.056
00bbac68_3129,12241.25
00bbac68_3130,12241.341
00bbac68_3131,12241.322
00bbac68_3132,12241.323
00bbac68_3133,12242.092
00bbac68_3134,12242.106
00bbac68_3135,12242.132
00bbac68_3136,12242.189
00bbac68_3137,12242.178
00bbac68_3138,12242.187
00bbac68_3139,12242.247
00bbac68_3140,12242.233
00bbac68_3141,12242.298
00bbac68_3142,12242.254
00bbac68_3143,12242.216
00bbac68_3144,12242.202
00bbac68_3145,12242.253
00bbac68_3146,12242.231
00bbac68_3147,12242.275
00bbac68_3148,12242.315
00bbac68_3149,12242.294
00bbac68_3150,12242.225
00bbac68_3151,12242.239
00bbac68_3152,12242.244
00bbac68_3153,12242.23
00bbac68_3154,12242.238
00bbac68_3155,12242.245
00bbac68_3156,12242.2295
00bbac68_3157,12242.176
00bbac68_3158,12243.087
00bbac68_3159,12243.083
00bbac68_3160,12243.076
00bbac68_3161,12243.053
00bbac68_3162,12243.06
00bbac68_3163,12243.077
00bbac68_3164,12243.112
00bbac68_3165,12243.157
00bbac68_3166,12243.216
00bbac68_3167,12243.241
00bbac68_3168,12242.922
00bbac68_3169,12242.992
00bbac68_3170,12242.989
00bbac68_3171,12243.039
00bbac68_3172,12243.019
00bbac68_3173,12242.923
00bbac68_3174,12242.844
00bbac68_3175,12243.03
00bbac68_3176,12242.869
00bbac68_3177,12242.931
00bbac68_3178,12242.819
00bbac68_3179,12242.89
00bbac68_3180,12242.908
00bbac68_3181,12242.906
00bbac68_3182,12242.966
00bbac68_3183,12243.04
00bbac68_3184,12243.083
00bbac68_3185,12243.035
00bbac68_3186,12242.998
00bbac68_3187,12243.002
00bbac68_3188,12243.01
00bbac68_3189,12243.104
00bbac68_3190,12243.676
00bbac68_3191,12243.786
00bbac68_3192,12243.878
00bbac68_3193,12244.702
00bbac68_3194,12244.875
00bbac68_3195,12244.886
00bbac68_3196,12244.882
00bbac68_3197,12244.864
00bbac68_3198,12244.86
00bbac68_3199,12244.883
00bbac68_3200,12244.909
00bbac68_3201,12244.92
00bbac68_3202,12244.941
00bbac68_3203,12244.892
00bbac68_3204,12244.63
00bbac68_3205,12244.871
00bbac68_3206,12244.934
00bbac68_3207,12244.94
00bbac68_3208,12245.067
00bbac68_3209,12245.0625
00bbac68_3210,12245.011
00bbac68_3211,12244.922
00bbac68_3212,12244.876
00bbac68_3213,12244.948
00bbac68_3214,12244.942
00bbac68_3215,12244.866
00bbac68_3216,12244.95
00bbac68_3217,12244.968
00bbac68_3218,12244.971
00bbac68_3219,12244.819
00bbac68_3220,12244.734
00bbac68_3221,12244.669
00bbac68_3222,12244.645
00bbac68_3223,12244.516
00bbac68_3224,12244.377
00bbac68_3225,12244.651
00bbac68_3226,12244.733
00bbac68_3227,12244.7295
00bbac68_3228,12244.739
00bbac68_3229,12244.733
00bbac68_3230,12244.707
00bbac68_3231,12244.68
00bbac68_3232,12244.596
00bbac68_3233,12244.47
00bbac68_3234,12244.632
00bbac68_3235,12244.567
00bbac68_3236,12244.362
00bbac68_3237,12243.994
00bbac68_3238,12243.995
00bbac68_3239,12243.99
00bbac68_3240,12244.043
00bbac68_3241,12244.509
00bbac68_3242,12244.62
00bbac68_3243,12244.525
00bbac68_3244,12244.276
00bbac68_3245,12244.063
00bbac68_3246,12244.026
00bbac68_3247,12244.028
00bbac68_3248,12243.849
00bbac68_3249,12243.923
00bbac68_3250,12243.998
00bbac68_3251,12244.157
00bbac68_3252,12244.231
00bbac68_3253,12244.434
00bbac68_3254,12244.414
00bbac68_3255,12244.092
00bbac68_3256,12243.839
00bbac68_3257,12243.855
00bbac68_3258,12243.8545
00bbac68_3259,12244.293
00bbac68_3260,12244.199
00bbac68_3261,12244.019
00bbac68_3262,12243.95
00bbac68_3263,12243.968
00bbac68_3264,12244.041
00bbac68_3265,12243.958
00bbac68_3266,12244.243
00bbac68_3267,12243.985
00bbac68_3268,12244.552
00bbac68_3269,12244.036
00bbac68_3270,12244.007
00bbac68_3271,12244.143
00bbac68_3272,12244.3
00bbac68_3273,12244.222
00bbac68_3274,12244.056
00bbac68_3275,12244.298
00bbac68_3276,12244.349
00bbac68_3277,12244.073
00bbac68_3278,12244.094
00bbac68_3279,12244.333
00bbac68_3280,12244.243
00bbac68_3281,12244.117
00bbac68_3282,12244.307
00bbac68_3283,12244.364
00bbac68_3284,12244.325
00bbac68_3285,12244.402
00bbac68_3286,12244.495
00bbac68_3287,12244.411
00bbac68_3288,12244.402
00bbac68_3289,12244.562
00bbac68_3290,12244.432
00bbac68_3291,12244.6
00bbac68_3292,12244.626
00bbac68_3293,12244.603
00bbac68_3294,12244.894
00bbac68_3295,12244.921
00bbac68_3296,12244.655
00bbac68_3297,12244.875
00bbac68_3298,12244.987
00bbac68_3299,12245.024
00bbac68_3300,12245.042
00bbac68_3301,12245.19
00bbac68_3302,12245.32
00bbac68_3303,12245.302
00bbac68_3304,12245.287
00bbac68_3305,12245.313
00bbac68_3306,12245.455
00bbac68_3307,12245.382
00bbac68_3308,12245.382
00bbac68_3309,12245.732
00bbac68_3310,12245.735
00bbac68_3311,12245.748
00bbac68_3312,12245.835
00bbac68_3313,12245.719
00bbac68_3314,12245.717
00bbac68_3315,12245.709
00bbac68_3316,12245.708
00bbac68_3317,12245.662
00bbac68_3318,12245.654
00bbac68_3319,12245.758
00bbac68_3320,12245.767
00bbac68_3321,12245.718
00bbac68_3322,12245.744
00bbac68_3323,12245.9
00bbac68_3324,12245.929
00bbac68_3325,12245.901
00bbac68_3326,12245.871
00bbac68_3327,12245.875
00bbac68_3328,12245.867
00bbac68_3329,12245.874
00bbac68_3330,12245.901
00bbac68_3331,12245.886
00bbac68_3332,12245.865
00bbac68_3333,12245.874
00bbac68_3334,12245.886
00bbac68_3335,12245.806
00bbac68_3336,12245.904
00bbac68_3337,12245.945
00bbac68_3338,12245.954
00bbac68_3339,12245.494
00bbac68_3340,12245.392
00bbac68_3341,12245.537
00bbac68_3342,12245.541
00bbac68_3343,12245.534
00bbac68_3344,12245.27
00bbac68_3345,12245.094
00bbac68_3346,12245.509
00bbac68_3347,12246.022
00bbac68_3348,12245.93
00bbac68_3349,12245.978
00bbac68_3350,12245.583
00bbac68_3351,12245.275
00bbac68_3352,12245.168
00bbac68_3353,12245.138
00bbac68_3354,12245.185
00bbac68_3355,12245.224
00bbac68_3356,12245.201
00bbac68_3357,12245.501
00bbac68_3358,12245.761
00bbac68_3359,12245.704
00bbac68_3360,12245.33
00bbac68_3361,12245.421
00bbac68_3362,12245.403
00bbac68_3363,12246.132
00bbac68_3364,12245.649
00bbac68_3365,12245.263
00bbac68_3366,12245.526
00bbac68_3367,12245.568
00bbac68_3368,12245.74
00bbac68_3369,12246.195
00bbac68_3370,12245.822
00bbac68_3371,12245.616
00bbac68_3372,12246.198
00bbac68_3373,12246.321
00bbac68_3374,12246.215
00bbac68_3375,12246.211
00bbac68_3376,12246.203
00bbac68_3377,12246.22
00bbac68_3378,12246.224
00bbac68_3379,12246.23
00bbac68_3380,12246.205
00bbac68_3381,12246.208
00bbac68_3382,12246.285
00bbac68_3383,12246.258
00bbac68_3384,12246.234
00bbac68_3385,12246.244
00bbac68_3386,12246.221
00bbac68_3387,12246.223
00bbac68_3388,12246.194
00bbac68_3389,12246.203
00bbac68_3390,12246.18
00bbac68_3391,12246.216
00bbac68_3392,12246.1875
00bbac68_3393,12246.236
00bbac68_3394,12246.238
00bbac68_3395,12246.21
00bbac68_3396,12246.187
00bbac68_3397,12246.167
00bbac68_3398,12246.139
00bbac68_3399,12246.052
00bbac68_3400,12246.05
00bbac68_3401,12246.019
00bbac68_3402,12245.997
00bbac68_3403,12246.022
00bbac68_3404,12246.013
00bbac68_3405,12245.99
00bbac68_3406,12245.967
00bbac68_3407,12245.876
00bbac68_3408,12245.575
00bbac68_3409,12245.5625
00bbac68_3410,12245.66
00bbac68_3411,12245.579
00bbac68_3412,12245.567
00bbac68_3413,12245.538
00bbac68_3414,12245.552
00bbac68_3415,12245.522
00bbac68_3416,12245.579
00bbac68_3417,12245.527
00bbac68_3418,12245.376
00bbac68_3419,12245.56
00bbac68_3420,12245.636
00bbac68_3421,12245.683
00bbac68_3422,12245.627
00bbac68_3423,12245.608
00bbac68_3424,12245.656
00bbac68_3425,12245.63
00bbac68_3426,12245.661
00bbac68_3427,12245.655
00bbac68_3428,12245.668
00bbac68_3429,12245.703
00bbac68_3430,12245.711
00bbac68_3431,12245.681
00bbac68_3432,12245.712
00bbac68_3433,12245.661
00bbac68_3434,12245.609
00bbac68_3435,12245.546
00bbac68_3436,12245.592
00bbac68_3437,12245.639
00bbac68_3438,12245.647
00bbac68_3439,12245.635
00bbac68_3440,12245.605
00bbac68_3441,12245.603
00bbac68_3442,12245.532
00bbac68_3443,12245.55
00bbac68_3444,12245.497
00bbac68_3445,12245.54
00bbac68_3446,12245.502
00bbac68_3447,12245.376
00bbac68_3448,12245.296
00bbac68_3449,12245.155
00bbac68_3450,12245.18
00bbac68_3451,12245.021
00bbac68_3452,12244.993
00bbac68_3453,12245.035
00bbac68_3454,12245.002
00bbac68_3455,12245.01
00bbac68_3456,12244.869
00bbac68_3457,12244.523
00bbac68_3458,12244.574
00bbac68_3459,12244.465
00bbac68_3460,12244.317
00bbac68_3461,12244.36
00bbac68_3462,12244.301
00bbac68_3463,12244.239
00bbac68_3464,12244.11
00bbac68_3465,12244.106
00bbac68_3466,12244.13
00bbac68_3467,12244.291
00bbac68_3468,12244.282
00bbac68_3469,12244.267
00bbac68_3470,12244.169
00bbac68_3471,12244.656
00bbac68_3472,12244.859
00bbac68_3473,12244.658
00bbac68_3474,12244.181
00bbac68_3475,12244.643
00bbac68_3476,12244.831
00bbac68_3477,12244.9375
00bbac68_3478,12245.012
00bbac68_3479,12245.039
00bbac68_3480,12245.087
00bbac68_3481,12245.106
00bbac68_3482,12245.097
00bbac68_3483,12245.16
00bbac68_3484,12245.278
00bbac68_3485,12245.259
00bbac68_3486,12245.262
00bbac68_3487,12245.226
00bbac68_3488,12245.149
00bbac68_3489,12245.171
00bbac68_3490,12245.25
00bbac68_3491,12245.227
00bbac68_3492,12245.214
00bbac68_3493,12245.289
00bbac68_3494,12245.309
00bbac68_3495,12245.288
00bbac68_3496,12245.291
00bbac68_3497,12245.158
00bbac68_3498,12245.106
00bbac68_3499,12244.954
00bbac68_3500,12244.952
00bbac68_3501,12244.923
00bbac68_3502,12244.205
00bbac68_3503,12244.271
00bbac68_3504,12244.58
00bbac68_3505,12244.815
00bbac68_3506,12244.225
00bbac68_3507,12244.295
00bbac68_3508,12244.319
00bbac68_3509,12244.648
00bbac68_3510,12244.565
00bbac68_3511,12244.39
00bbac68_3512,12244.126
00bbac68_3513,12244.101
00bbac68_3514,12244.253
00bbac68_3515,12244.182
00bbac68_3516,12244.274
00bbac68_3517,12244.247
00bbac68_3518,12244.106
00bbac68_3519,12244.172
00bbac68_3520,12244.644
00bbac68_3521,12244.556
00bbac68_3522,12244.106
00bbac68_3523,12244.118
00bbac68_3524,12244.098
00bbac68_3525,12244.216
00bbac68_3526,12244.049
00bbac68_3527,12244.155
00bbac68_3528,12244.175
00bbac68_3529,12244.106
00bbac68_3530,12244.021
00bbac68_3531,12244.019
00bbac68_3532,12244.001
00bbac68_3533,12244.131
00bbac68_3534,12244.159
00bbac68_3535,12244.166
00bbac68_3536,12244.242
00bbac68_3537,12244.252
00bbac68_3538,12244.33
00bbac68_3539,12244.264
00bbac68_3540,12244.221
00bbac68_3541,12244.258
00bbac68_3542,12244.096
00bbac68_3543,12244.16
00bbac68_3544,12244.374
00bbac68_3545,12244.359
00bbac68_3546,12244.215
00bbac68_3547,12244.064
00bbac68_3548,12244.006
00bbac68_3549,12243.599
00bbac68_3550,12243.515
00bbac68_3551,12243.513
00bbac68_3552,12243.349
00bbac68_3553,12243.325
00bbac68_3554,12243.407
00bbac68_3555,12243.318
00bbac68_3556,12243.3
00bbac68_3557,12243.351
00bbac68_3558,12243.2295
00bbac68_3559,12243.198
00bbac68_3560,12243.227
00bbac68_3561,12243.178
00bbac68_3562,12243.182
00bbac68_3563,12243.219
00bbac68_3564,12243.303
00bbac68_3565,12243.249
00bbac68_3566,12243.184
00bbac68_3567,12243.192
00bbac68_3568,12243.232
00bbac68_3569,12243.247
00bbac68_3570,12243.237
00bbac68_3571,12243.181
00bbac68_3572,12243.034
00bbac68_3573,12242.809
00bbac68_3574,12242.813
00bbac68_3575,12242.724
00bbac68_3576,12242.383
00bbac68_3577,12242.409
00bbac68_3578,12242.361
00bbac68_3579,12242.4375
00bbac68_3580,12242.4375
00bbac68_3581,12242.378
00bbac68_3582,12242.337
00bbac68_3583,12242.334
00bbac68_3584,12242.213
00bbac68_3585,12242.124
00bbac68_3586,12242.113
00bbac68_3587,12242.07
00bbac68_3588,12242.0625
00bbac68_3589,12242.1045
00bbac68_3590,12242.086
00bbac68_3591,12241.97
00bbac68_3592,12242.027
00bbac68_3593,12241.956
00bbac68_3594,12242.008
00bbac68_3595,12242.017
00bbac68_3596,12242.019
00bbac68_3597,12241.937
00bbac68_3598,12242.009
00bbac68_3599,12241.905
00bbac68_3600,12241.703
00bbac68_3601,12241.861
00bbac68_3602,12241.825
00bbac68_3603,12241.786
00bbac68_3604,12241.784
00bbac68_3605,12241.759
00bbac68_3606,12241.733
00bbac68_3607,12241.5625
00bbac68_3608,12241.551
00bbac68_3609,12241.479
00bbac68_3610,12241.471
00bbac68_3611,12241.486
00bbac68_3612,12241.592
00bbac68_3613,12241.554
00bbac68_3614,12241.674
00bbac68_3615,12241.721
00bbac68_3616,12241.69
00bbac68_3617,12241.716
00bbac68_3618,12241.714
00bbac68_3619,12241.622
00bbac68_3620,12241.659
00bbac68_3621,12241.627
00bbac68_3622,12241.704
00bbac68_3623,12241.724
00bbac68_3624,12241.708
00bbac68_3625,12241.703
00bbac68_3626,12241.675
00bbac68_3627,12241.694
00bbac68_3628,12241.58
00bbac68_3629,12241.607
00bbac68_3630,12241.725
00bbac68_3631,12241.709
00bbac68_3632,12241.707
00bbac68_3633,12241.634
00bbac68_3634,12241.572
00bbac68_3635,12241.631
00bbac68_3636,12241.605
00bbac68_3637,12241.586
00bbac68_3638,12241.507
00bbac68_3639,12241.529
00bbac68_3640,12241.461
00bbac68_3641,12241.371
00bbac68_3642,12241.299
00bbac68_3643,12241.358
00bbac68_3644,12241.392
00bbac68_3645,12241.434
00bbac68_3646,12241.402
00bbac68_3647,12241.392
00bbac68_3648,12241.3955
00bbac68_3649,12241.264
00bbac68_3650,12241.225
00bbac68_3651,12241.36
00bbac68_3652,12241.395
00bbac68_3653,12241.396
00bbac68_3654,12241.396
00bbac68_3655,12241.356
00bbac68_3656,12241.293
00bbac68_3657,12241.234
00bbac68_3658,12241.156
00bbac68_3659,12241.271
00bbac68_3660,12241.271
00bbac68_3661,12241.158
00bbac68_3662,12241.151
00bbac68_3663,12241.249
00bbac68_3664,12241.239
00bbac68_3665,12241.085
00bbac68_3666,12241.095
00bbac68_3667,12241.197
00bbac68_3668,12241.06
00bbac68_3669,12241.038
00bbac68_3670,12240.928
00bbac68_3671,12240.926
00bbac68_3672,12241.03
00bbac68_3673,12241.034
00bbac68_3674,12241.043
00bbac68_3675,12241.021
00bbac68_3676,12240.941
00bbac68_3677,12240.7705
00bbac68_3678,12240.94
00bbac68_3679,12240.974
00bbac68_3680,12240.925
00bbac68_3681,12241.043
00bbac68_3682,12241.011
00bbac68_3683,12240.845
00bbac68_3684,12240.854
00bbac68_3685,12240.841
00bbac68_3686,12240.934
00bbac68_3687,12240.915
00bbac68_3688,12240.917
00bbac68_3689,12240.917
00bbac68_3690,12240.843
00bbac68_3691,12240.6455
00bbac68_3692,12240.859
00bbac68_3693,12240.866
00bbac68_3694,12240.813
00bbac68_3695,12240.837
00bbac68_3696,12240.815
00bbac68_3697,12240.991
00bbac68_3698,12240.836
00bbac68_3699,12240.933
00bbac68_3700,12240.976
00bbac68_3701,12240.988
00bbac68_3702,12240.991
00bbac68_3703,12240.939
00bbac68_3704,12240.925
00bbac68_3705,12241.058
00bbac68_3706,12241.136
00bbac68_3707,12241.237
00bbac68_3708,12241.118
00bbac68_3709,12241.089
00bbac68_3710,12241.064
00bbac68_3711,12240.97
00bbac68_3712,12241.006
00bbac68_3713,12240.994
00bbac68_3714,12241.173
00bbac68_3715,12241.026
00bbac68_3716,12240.997
00bbac68_3717,12240.966
00bbac68_3718,12241.067
00bbac68_3719,12240.935
00bbac68_3720,12240.927
00bbac68_3721,12240.926
00bbac68_3722,12241.07
00bbac68_3723,12240.889
00bbac68_3724,12240.909
00bbac68_3725,12241.047
00bbac68_3726,12240.88
00bbac68_3727,12240.904
00bbac68_3728,12241.041
00bbac68_3729,12240.892
00bbac68_3730,12241.045
00bbac68_3731,12240.887
00bbac68_3732,12240.878
00bbac68_3733,12241.01
00bbac68_3734,12240.862
00bbac68_3735,12240.937
00bbac68_3736,12240.849
00bbac68_3737,12240.956
00bbac68_3738,12240.766
00bbac68_3739,12240.886
00bbac68_3740,12240.725
00bbac68_3741,12240.89
00bbac68_3742,12240.776
00bbac68_3743,12240.777
00bbac68_3744,12240.724
00bbac68_3745,12240.585
00bbac68_3746,12240.713
00bbac68_3747,12240.539
00bbac68_3748,12240.644
00bbac68_3749,12240.596
00bbac68_3750,12240.46
00bbac68_3751,12240.454
00bbac68_3752,12240.466
00bbac68_3753,12240.279
00bbac68_3754,12240.388
00bbac68_3755,12240.459
00bbac68_3756,12240.424
00bbac68_3757,12240.153
00bbac68_3758,12240.296
00bbac68_3759,12240.261
00bbac68_3760,12240.13
00bbac68_3761,12240.206
00bbac68_3762,12240.027
00bbac68_3763,12240.077
00bbac68_3764,12240.041
00bbac68_3765,12240.082
00bbac68_3766,12240.085
00bbac68_3767,12240.05
00bbac68_3768,12239.869
00bbac68_3769,12239.703
00bbac68_3770,12239.576
00bbac68_3771,12239.611
00bbac68_3772,12240.195
00bbac68_3773,12240.666
00bbac68_3774,12240.527
00bbac68_3775,12240.416
00bbac68_3776,12240.271
00bbac68_3777,12239.799
00bbac68_3778,12239.908
00bbac68_3779,12239.56
00bbac68_3780,12239.685
00bbac68_3781,12239.742
00bbac68_3782,12239.78
00bbac68_3783,12239.767
00bbac68_3784,12239.733
00bbac68_3785,12239.544
00bbac68_3786,12239.27
00bbac68_3787,12239.222
00bbac68_3788,12239.304
00bbac68_3789,12239.218
00bbac68_3790,12239.165
00bbac68_3791,12239.054
00bbac68_3792,12238.89
00bbac68_3793,12239.184
00bbac68_3794,12239.0
00bbac68_3795,12238.817
00bbac68_3796,12238.596
00bbac68_3797,12238.49
00bbac68_3798,12238.451
00bbac68_3799,12238.511
00bbac68_3800,12238.609
00bbac68_3801,12238.864
00bbac68_3802,12238.818
00bbac68_3803,12238.653
00bbac68_3804,12238.686
00bbac68_3805,12238.761
00bbac68_3806,12238.609
00bbac68_3807,12238.557
00bbac68_3808,12238.167
00bbac68_3809,12238.31
00bbac68_3810,12238.302
00bbac68_3811,12238.166
00bbac68_3812,12238.35
00bbac68_3813,12238.34
00bbac68_3814,12238.304
00bbac68_3815,12238.048
00bbac68_3816,12238.214
00bbac68_3817,12238.212
00bbac68_3818,12238.337
00bbac68_3819,12238.065
00bbac68_3820,12238.185
00bbac68_3821,12238.002
00bbac68_3822,12238.093
00bbac68_3823,12237.922
00bbac68_3824,12238.094
00bbac68_3825,12237.934
00bbac68_3826,12237.922
00bbac68_3827,12237.994
00bbac68_3828,12237.792
00bbac68_3829,12238.186
00bbac68_3830,12238.073
00bbac68_3831,12237.826
00bbac68_3832,12238.043
00bbac68_3833,12238.116
00bbac68_3834,12237.924
00bbac68_3835,12238.103
00bbac68_3836,12238.092
00bbac68_3837,12238.211
00bbac68_3838,12238.142
00bbac68_3839,12238.151
00bbac68_3840,12238.079
00bbac68_3841,12238.147
00bbac68_3842,12238.178
00bbac68_3843,12238.174
00bbac68_3844,12238.118
00bbac68_3845,12238.113
00bbac68_3846,12238.171
00bbac68_3847,12238.114
00bbac68_3848,12238.169
00bbac68_3849,12238.121
00bbac68_3850,12237.94
00bbac68_3851,12237.996
00bbac68_3852,12238.086
00bbac68_3853,12238.119
00bbac68_3854,12238.091
00bbac68_3855,12238.012
00bbac68_3856,12237.91
00bbac68_3857,12237.911
00bbac68_3858,12237.862
00bbac68_3859,12237.799
00bbac68_3860,12237.816
00bbac68_3861,12237.803
00bbac68_3862,12237.83
00bbac68_3863,12237.804
00bbac68_3864,12237.729
00bbac68_3865,12237.606
00bbac68_3866,12237.571
00bbac68_3867,12237.584
00bbac68_3868,12237.605
00bbac68_3869,12237.646
00bbac68_3870,12237.6045
00bbac68_3871,12237.651
00bbac68_3872,12237.656
00bbac68_3873,12237.628
00bbac68_3874,12237.575
00bbac68_3875,12237.5
00bbac68_3876,12237.467
00bbac68_3877,12237.531
00bbac68_3878,12237.579
00bbac68_3879,12237.582
00bbac68_3880,12237.4795
00bbac68_3881,12237.402
00bbac68_3882,12237.364
00bbac68_3883,12237.282
00bbac68_3884,12237.376
00bbac68_3885,12237.413
00bbac68_3886,12237.448
00bbac68_3887,12237.22
00bbac68_3888,12237.178
00bbac68_3889,12237.326
00bbac68_3890,12237.168
00bbac68_3891,12237.148
00bbac68_3892,12237.145
00bbac68_3893,12237.112
00bbac68_3894,12237.114
00bbac68_3895,12236.944
00bbac68_3896,12236.829
00bbac68_3897,12236.957
00bbac68_3898,12236.983
00bbac68_3899,12237.028
00bbac68_3900,12236.992
00bbac68_3901,12236.969
00bbac68_3902,12237.161
00bbac68_3903,12236.925
00bbac68_3904,12236.907
00bbac68_3905,12236.98
00bbac68_3906,12237.007
00bbac68_3907,12236.876
00bbac68_3908,12236.821
00bbac68_3909,12237.039
00bbac68_3910,12236.788
00bbac68_3911,12236.783
00bbac68_3912,12236.771
00bbac68_3913,12236.769
00bbac68_3914,12236.976
00bbac68_3915,12236.554
00bbac68_3916,12236.501
00bbac68_3917,12236.386
00bbac68_3918,12236.364
00bbac68_3919,12236.567
00bbac68_3920,12236.394
00bbac68_3921,12236.41
00bbac68_3922,12236.295
00bbac68_3923,12236.447
00bbac68_3924,12236.285
00bbac68_3925,12236.214
00bbac68_3926,12236.215
00bbac68_3927,12236.492
00bbac68_3928,12235.986
00bbac68_3929,12235.936
00bbac68_3930,12236.036
00bbac68_3931,12235.831
00bbac68_3932,12235.796
00bbac68_3933,12235.948
00bbac68_3934,12235.593
00bbac68_3935,12235.53
00bbac68_3936,12235.612
00bbac68_3937,12235.459
00bbac68_3938,12235.448
00bbac68_3939,12235.482
00bbac68_3940,12235.219
00bbac68_3941,12235.128
00bbac68_3942,12235.5625
00bbac68_3943,12235.378
00bbac68_3944,12235.429
00bbac68_3945,12235.204
00bbac68_3946,12235.201
00bbac68_3947,12235.424
00bbac68_3948,12235.18
00bbac68_3949,12235.374
00bbac68_3950,12234.917
00bbac68_3951,12235.152
00bbac68_3952,12234.2705
00bbac68_3953,12234.371
00bbac68_3954,12234.625
00bbac68_3955,12234.405
00bbac68_3956,12234.628
00bbac68_3957,12234.445
00bbac68_3958,12234.626
00bbac68_3959,12234.353
00bbac68_3960,12234.439
00bbac68_3961,12234.255
00bbac68_3962,12234.44
00bbac68_3963,12234.036
00bbac68_3964,12234.097
00bbac68_3965,12233.905
00bbac68_3966,12234.11
00bbac68_3967,12233.917
00bbac68_3968,12234.047
00bbac68_3969,12233.89
00bbac68_3970,12234.041
00bbac68_3971,12233.866
00bbac68_3972,12234.079
00bbac68_3973,12233.864
00bbac68_3974,12234.1
00bbac68_3975,12233.859
00bbac68_3976,12233.954
00bbac68_3977,12233.862
00bbac68_3978,12234.093
00bbac68_3979,12233.797
00bbac68_3980,12233.97
00bbac68_3981,12233.8125
00bbac68_3982,12233.945
00bbac68_3983,12233.731
00bbac68_3984,12233.7
00bbac68_3985,12233.8955
00bbac68_3986,12233.675
00bbac68_3987,12233.8955
00bbac68_3988,12233.659
00bbac68_3989,12233.824
00bbac68_3990,12233.626
00bbac68_3991,12233.631
00bbac68_3992,12233.47
00bbac68_3993,12233.447
00bbac68_3994,12233.623
00bbac68_3995,12233.436
00bbac68_3996,12233.603
00bbac68_3997,12233.38
00bbac68_3998,12233.545
00bbac68_3999,12233.336
00bbac68_4000,12233.345
00bbac68_4001,12233.511
00bbac68_4002,12233.221
00bbac68_4003,12233.3955
00bbac68_4004,12233.235
00bbac68_4005,12233.241
00bbac68_4006,12233.381
00bbac68_4007,12233.19
00bbac68_4008,12233.066
00bbac68_4009,12233.169
00bbac68_4010,12233.066
00bbac68_4011,12233.106
00bbac68_4012,12232.876
00bbac68_4013,12232.92
00bbac68_4014,12233.112
00bbac68_4015,12233.092
00bbac68_4016,12233.096
00bbac68_4017,12233.178
00bbac68_4018,12232.932
00bbac68_4019,12232.858
00bbac68_4020,12233.028
00bbac68_4021,12232.81
00bbac68_4022,12232.697
00bbac68_4023,12232.9795
00bbac68_4024,12232.807
00bbac68_4025,12232.797
00bbac68_4026,12232.937
00bbac68_4027,12232.72
00bbac68_4028,12232.776
00bbac68_4029,12232.962
00bbac68_4030,12232.837
00bbac68_4031,12232.724
00bbac68_4032,12232.834
00bbac68_4033,12232.582
00bbac68_4034,12232.534
00bbac68_4035,12232.578
00bbac68_4036,12232.748
00bbac68_4037,12232.583
00bbac68_4038,12232.589
00bbac68_4039,12232.729
00bbac68_4040,12232.544
00bbac68_4041,12232.272
00bbac68_4042,12232.083
00bbac68_4043,12232.269
00bbac68_4044,12232.111
00bbac68_4045,12232.021
00bbac68_4046,12232.109
00bbac68_4047,12232.113
00bbac68_4048,12231.994
00bbac68_4049,12232.165
00bbac68_4050,12231.964
00bbac68_4051,12232.078
00bbac68_4052,12232.089
00bbac68_4053,12232.08
00bbac68_4054,12232.062
00bbac68_4055,12232.061
00bbac68_4056,12231.941
00bbac68_4057,12231.89
00bbac68_4058,12232.052
00bbac68_4059,12232.204
00bbac68_4060,12232.1
00bbac68_4061,12232.021
00bbac68_4062,12231.841
00bbac68_4063,12231.896
00bbac68_4064,12231.942
00bbac68_4065,12231.776
00bbac68_4066,12231.7705
00bbac68_4067,12231.89
00bbac68_4068,12231.924
00bbac68_4069,12232.025
00bbac68_4070,12231.801
00bbac68_4071,12231.742
00bbac68_4072,12231.833
00bbac68_4073,12231.847
00bbac68_4074,12231.858
00bbac68_4075,12231.821
00bbac68_4076,12231.871
00bbac68_4077,12231.865
00bbac68_4078,12231.762
00bbac68_4079,12231.746
00bbac68_4080,12231.701
00bbac68_4081,12231.715
00bbac68_4082,12231.714
00bbac68_4083,12231.713
00bbac68_4084,12231.633
00bbac68_4085,12231.696
00bbac68_4086,12231.562
00bbac68_4087,12231.539
00bbac68_4088,12231.462
00bbac68_4089,12231.415
00bbac68_4090,12231.409
00bbac68_4091,12231.419
00bbac68_4092,12231.421
00bbac68_4093,12231.41
00bbac68_4094,12231.347
00bbac68_4095,12231.362
00bbac68_4096,12231.438
00bbac68_4097,12231.432
00bbac68_4098,12231.36
00bbac68_4099,12231.341
00bbac68_4100,12231.365
00bbac68_4101,12231.443
00bbac68_4102,12231.442
00bbac68_4103,12231.376
00bbac68_4104,12231.355
00bbac68_4105,12231.405
00bbac68_4106,12231.337
00bbac68_4107,12231.306
00bbac68_4108,12231.382
00bbac68_4109,12231.317
00bbac68_4110,12231.333
00bbac68_4111,12231.243
00bbac68_4112,12231.33
00bbac68_4113,12231.183
00bbac68_4114,12231.188
00bbac68_4115,12231.193
00bbac68_4116,12231.27
00bbac68_4117,12231.186
00bbac68_4118,12231.078
00bbac68_4119,12230.756
00bbac68_4120,12230.555
00bbac68_4121,12231.143
00bbac68_4122,12231.131
00bbac68_4123,12230.543
00bbac68_4124,12230.491
00bbac68_4125,12230.481
00bbac68_4126,12230.493
00bbac68_4127,12230.496
00bbac68_4128,12230.552
00bbac68_4129,12230.561
00bbac68_4130,12230.566
00bbac68_4131,12230.555
00bbac68_4132,12230.483
00bbac68_4133,12230.245
00bbac68_4134,12230.197
00bbac68_4135,12230.193
00bbac68_4136,12230.198
00bbac68_4137,12230.251
00bbac68_4138,12230.249
00bbac68_4139,12230.203
00bbac68_4140,12230.181
00bbac68_4141,12230.493
00bbac68_4142,12230.494
00bbac68_4143,12230.558
00bbac68_4144,12230.548
00bbac68_4145,12230.465
00bbac68_4146,12230.433
00bbac68_4147,12230.418
00bbac68_4148,12230.2705
00bbac68_4149,12230.201
00bbac68_4150,12230.148
00bbac68_4151,12230.081
00bbac68_4152,12230.093
00bbac68_4153,12230.044
00bbac68_4154,12230.084
00bbac68_4155,12230.038
00bbac68_4156,12230.005
00bbac68_4157,12229.943
00bbac68_4158,12229.868
00bbac68_4159,12229.97
00bbac68_4160,12229.963
00bbac68_4161,12229.925
00bbac68_4162,12229.935
00bbac68_4163,12229.928
00bbac68_4164,12229.884
00bbac68_4165,12229.93
00bbac68_4166,12229.934
00bbac68_4167,12229.757
00bbac68_4168,12229.506
00bbac68_4169,12229.469
00bbac68_4170,12229.454
00bbac68_4171,12229.491
00bbac68_4172,12229.502
00bbac68_4173,12229.55
00bbac68_4174,12229.699
00bbac68_4175,12229.707
00bbac68_4176,12229.714
00bbac68_4177,12229.493
00bbac68_4178,12229.517
00bbac68_4179,12229.534
00bbac68_4180,12229.452
00bbac68_4181,12229.545
00bbac68_4182,12229.633
00bbac68_4183,12229.916
00bbac68_4184,12230.64
00bbac68_4185,12230.918
00bbac68_4186,12230.831
00bbac68_4187,12230.911
00bbac68_4188,12230.899
00bbac68_4189,12230.883
00bbac68_4190,12230.913
00bbac68_4191,12230.972
00bbac68_4192,12230.75
00bbac68_4193,12230.786
00bbac68_4194,12230.927
00bbac68_4195,12230.98
00bbac68_4196,12230.712
00bbac68_4197,12230.465
00bbac68_4198,12230.472
00bbac68_4199,12230.446
00bbac68_4200,12230.531
00bbac68_4201,12231.071
00bbac68_4202,12231.069
00bbac68_4203,12231.019
00bbac68_4204,12231.087
00bbac68_4205,12231.041
00bbac68_4206,12230.922
00bbac68_4207,12231.07
00bbac68_4208,12230.969
00bbac68_4209,12230.964
00bbac68_4210,12230.933
00bbac68_4211,12231.002
00bbac68_4212,12231.108
00bbac68_4213,12231.113
00bbac68_4214,12231.118
00bbac68_4215,12231.082
00bbac68_4216,12231.044
00bbac68_4217,12230.947
00bbac68_4218,12230.9795
00bbac68_4219,12230.927
00bbac68_4220,12230.845
00bbac68_4221,12230.873
00bbac68_4222,12230.797
00bbac68_4223,12230.7295
00bbac68_4224,12230.722
00bbac68_4225,12230.649
00bbac68_4226,12230.599
00bbac68_4227,12230.655
00bbac68_4228,12230.6875
00bbac68_4229,12230.637
00bbac68_4230,12230.814
00bbac68_4231,12230.822
00bbac68_4232,12230.942
00bbac68_4233,12230.689
00bbac68_4234,12230.713
00bbac68_4235,12230.662
00bbac68_4236,12230.622
00bbac68_4237,12230.634
00bbac68_4238,12230.667
00bbac68_4239,12230.655
00bbac68_4240,12230.786
00bbac68_4241,12230.662
00bbac68_4242,12230.657
00bbac68_4243,12230.678
00bbac68_4244,12230.619
00bbac68_4245,12230.641
00bbac68_4246,12230.591
00bbac68_4247,12230.758
00bbac68_4248,12230.744
00bbac68_4249,12230.765
00bbac68_4250,12230.669
00bbac68_4251,12230.629
00bbac68_4252,12230.661
00bbac68_4253,12230.673
00bbac68_4254,12230.655
00bbac68_4255,12230.622
00bbac68_4256,12230.752
00bbac68_4257,12230.737
00bbac68_4258,12230.779
00bbac68_4259,12230.756
00bbac68_4260,12230.804
00bbac68_4261,12230.812
00bbac68_4262,12230.837
00bbac68_4263,12230.836
00bbac68_4264,12230.831
00bbac68_4265,12230.688
00bbac68_4266,12230.658
00bbac68_4267,12230.811
00bbac68_4268,12230.88
00bbac68_4269,12230.929
00bbac68_4270,12230.812
00bbac68_4271,12230.805
00bbac68_4272,12230.809
00bbac68_4273,12230.809
00bbac68_4274,12230.79
00bbac68_4275,12230.833
00bbac68_4276,12230.903
00bbac68_4277,12230.878
00bbac68_4278,12230.884
00bbac68_4279,12230.9
00bbac68_4280,12230.804
00bbac68_4281,12230.628
00bbac68_4282,12230.599
00bbac68_4283,12230.604
00bbac68_4284,12230.775
00bbac68_4285,12230.756
00bbac68_4286,12230.788
00bbac68_4287,12230.778
00bbac68_4288,12230.791
00bbac68_4289,12230.768
00bbac68_4290,12230.774
00bbac68_4291,12230.648
00bbac68_4292,12230.606
00bbac68_4293,12230.717
00bbac68_4294,12230.718
00bbac68_4295,12230.757
00bbac68_4296,12230.7
00bbac68_4297,12230.641
00bbac68_4298,12230.653
00bbac68_4299,12230.6045
00bbac68_4300,12230.6045
00bbac68_4301,12230.401
00bbac68_4302,12230.474
00bbac68_4303,12230.437
00bbac68_4304,12230.308
00bbac68_4305,12230.112
00bbac68_4306,12230.426
00bbac68_4307,12230.14
00bbac68_4308,12230.436
00bbac68_4309,12230.295
00bbac68_4310,12230.283
00bbac68_4311,12230.526
00bbac68_4312,12229.898
00bbac68_4313,12229.845
00bbac68_4314,12229.863
00bbac68_4315,12230.144
00bbac68_4316,12230.076
00bbac68_4317,12230.066
00bbac68_4318,12230.156
00bbac68_4319,12230.124
00bbac68_4320,12230.077
00bbac68_4321,12229.965
00bbac68_4322,12229.911
00bbac68_4323,12229.902
00bbac68_4324,12229.871
00bbac68_4325,12229.909
00bbac68_4326,12229.891
00bbac68_4327,12229.692
00bbac68_4328,12229.8955
00bbac68_4329,12229.865
00bbac68_4330,12229.872
00bbac68_4331,12229.739
00bbac68_4332,12229.532
00bbac68_4333,12229.579
00bbac68_4334,12229.529
00bbac68_4335,12229.423
00bbac68_4336,12229.418
00bbac68_4337,12229.484
00bbac68_4338,12229.524
00bbac68_4339,12229.553
00bbac68_4340,12229.59
00bbac68_4341,12229.366
00bbac68_4342,12229.448
00bbac68_4343,12229.47
00bbac68_4344,12229.478
00bbac68_4345,12229.438
00bbac68_4346,12229.417
00bbac68_4347,12229.355
00bbac68_4348,12229.356
00bbac68_4349,12229.428
00bbac68_4350,12229.466
00bbac68_4351,12229.522
00bbac68_4352,12229.341
00bbac68_4353,12229.331
00bbac68_4354,12229.423
00bbac68_4355,12229.323
00bbac68_4356,12229.377
00bbac68_4357,12229.347
00bbac68_4358,12229.294
00bbac68_4359,12229.331
00bbac68_4360,12229.345
00bbac68_4361,12229.352
00bbac68_4362,12229.397
00bbac68_4363,12229.284
00bbac68_4364,12229.313
00bbac68_4365,12229.244
00bbac68_4366,12229.341
00bbac68_4367,12229.35
00bbac68_4368,12229.349
00bbac68_4369,12229.241
00bbac68_4370,12229.245
00bbac68_4371,12229.317
00bbac68_4372,12229.304
00bbac68_4373,12229.183
00bbac68_4374,12229.231
00bbac68_4375,12229.216
00bbac68_4376,12229.251
00bbac68_4377,12229.338
00bbac68_4378,12229.231
00bbac68_4379,12229.295
00bbac68_4380,12229.276
00bbac68_4381,12229.282
00bbac68_4382,12229.292
00bbac68_4383,12229.296
00bbac68_4384,12229.513
00bbac68_4385,12229.477
00bbac68_4386,12229.516
00bbac68_4387,12229.502
00bbac68_4388,12229.491
00bbac68_4389,12229.518
00bbac68_4390,12229.537
00bbac68_4391,12229.638
00bbac68_4392,12229.663
00bbac68_4393,12229.608
00bbac68_4394,12229.513
00bbac68_4395,12229.477
00bbac68_4396,12229.499
00bbac68_4397,12229.573
00bbac68_4398,12229.531
00bbac68_4399,12229.41
00bbac68_4400,12229.392
00bbac68_4401,12229.41
00bbac68_4402,12229.465
00bbac68_4403,12229.492
00bbac68_4404,12229.509
00bbac68_4405,12229.494
00bbac68_4406,12229.519
00bbac68_4407,12229.715
00bbac68_4408,12229.628
00bbac68_4409,12229.614
00bbac68_4410,12229.736
00bbac68_4411,12229.55
00bbac68_4412,12229.563
00bbac68_4413,12229.7
00bbac68_4414,12229.661
00bbac68_4415,12229.659
00bbac68_4416,12229.711
00bbac68_4417,12229.652
00bbac68_4418,12229.63
00bbac68_4419,12229.668
00bbac68_4420,12229.649
00bbac68_4421,12229.715
00bbac68_4422,12229.712
00bbac68_4423,12229.55
00bbac68_4424,12229.531
00bbac68_4425,12229.561
00bbac68_4426,12229.544
00bbac68_4427,12229.553
00bbac68_4428,12229.544
00bbac68_4429,12229.548
00bbac68_4430,12229.698
00bbac68_4431,12229.715
00bbac68_4432,12229.706
00bbac68_4433,12229.525
00bbac68_4434,12229.433
00bbac68_4435,12229.164
00bbac68_4436,12229.04
00bbac68_4437,12229.079
00bbac68_4438,12229.093
00bbac68_4439,12229.019
00bbac68_4440,12229.056
00bbac68_4441,12229.074
00bbac68_4442,12229.114
00bbac68_4443,12229.126
00bbac68_4444,12229.124
00bbac68_4445,12229.124
00bbac68_4446,12229.114
00bbac68_4447,12229.121
00bbac68_4448,12229.142
00bbac68_4449,12229.168
00bbac68_4450,12229.203
00bbac68_4451,12229.224
00bbac68_4452,12229.14
00bbac68_4453,12229.14
00bbac68_4454,12229.124
00bbac68_4455,12229.154
00bbac68_4456,12229.142
00bbac68_4457,12229.145
00bbac68_4458,12229.103
00bbac68_4459,12229.147
00bbac68_4460,12229.138
00bbac68_4461,12229.113
00bbac68_4462,12229.12
00bbac68_4463,12229.099
00bbac68_4464,12229.061
00bbac68_4465,12229.063
00bbac68_4466,12229.053
00bbac68_4467,12229.082
00bbac68_4468,12229.0625
00bbac68_4469,12229.053
00bbac68_4470,12229.109
00bbac68_4471,12229.089
00bbac68_4472,12229.059
00bbac68_4473,12229.134
00bbac68_4474,12229.159
00bbac68_4475,12229.139
00bbac68_4476,12229.149
00bbac68_4477,12229.386
00bbac68_4478,12229.364
00bbac68_4479,12229.537
00bbac68_4480,12229.566
00bbac68_4481,12229.498
00bbac68_4482,12229.342
00bbac68_4483,12229.135
00bbac68_4484,12229.13
00bbac68_4485,12229.106
00bbac68_4486,12229.113
00bbac68_4487,12229.047
00bbac68_4488,12229.111
00bbac68_4489,12229.106
00bbac68_4490,12228.997
00bbac68_4491,12229.023
00bbac68_4492,12228.966
00bbac68_4493,12228.988
00bbac68_4494,12228.913
00bbac68_4495,12228.869
00bbac68_4496,12228.941
00bbac68_4497,12228.878
00bbac68_4498,12228.859
00bbac68_4499,12228.855
00bbac68_4500,12228.884
00bbac68_4501,12228.877
00bbac68_4502,12228.899
00bbac68_4503,12228.894
00bbac68_4504,12228.87
00bbac68_4505,12228.865
00bbac68_4506,12228.836
00bbac68_4507,12228.72
00bbac68_4508,12228.777
00bbac68_4509,12228.707
00bbac68_4510,12228.577
00bbac68_4511,12228.643
00bbac68_4512,12228.552
00bbac68_4513,12228.674
00bbac68_4514,12228.504
00bbac68_4515,12228.662
00bbac68_4516,12228.494
00bbac68_4517,12228.481
00bbac68_4518,12228.53
00bbac68_4519,12228.49
00bbac68_4520,12228.509
00bbac68_4521,12228.475
00bbac68_4522,12228.44
00bbac68_4523,12228.411
00bbac68_4524,12228.474
00bbac68_4525,12228.451
00bbac68_4526,12228.43
00bbac68_4527,12228.437
00bbac68_4528,12228.459
00bbac68_4529,12228.423
00bbac68_4530,12228.4375
00bbac68_4531,12228.482
00bbac68_4532,12228.416
00bbac68_4533,12228.481
00bbac68_4534,12228.385
00bbac68_4535,12228.381
00bbac68_4536,12228.448
00bbac68_4537,12228.393
00bbac68_4538,12228.349
00bbac68_4539,12228.421
00bbac68_4540,12228.305
00bbac68_4541,12228.195
00bbac68_4542,12228.223
00bbac68_4543,12228.174
00bbac68_4544,12228.094
00bbac68_4545,12228.105
00bbac68_4546,12228.037
00bbac68_4547,12228.092
00bbac68_4548,12228.112
00bbac68_4549,12228.113
00bbac68_4550,12227.896
00bbac68_4551,12227.94
00bbac68_4552,12227.991
00bbac68_4553,12227.879
00bbac68_4554,12227.677
00bbac68_4555,12227.599
00bbac68_4556,12227.708
00bbac68_4557,12227.719
00bbac68_4558,12227.695
00bbac68_4559,12227.706
00bbac68_4560,12227.73
00bbac68_4561,12227.798
00bbac68_4562,12227.806
00bbac68_4563,12227.757
00bbac68_4564,12227.685
00bbac68_4565,12227.661
00bbac68_4566,12227.622
00bbac68_4567,12227.608
00bbac68_4568,12227.625
00bbac68_4569,12227.78
00bbac68_4570,12227.797
00bbac68_4571,12227.744
00bbac68_4572,12227.657
00bbac68_4573,12227.922
00bbac68_4574,12227.784
00bbac68_4575,12227.717
00bbac68_4576,12227.79
00bbac68_4577,12227.785
00bbac68_4578,12227.741
00bbac68_4579,12227.872
00bbac68_4580,12227.827
00bbac68_4581,12227.813
00bbac68_4582,12227.683
00bbac68_4583,12227.682
00bbac68_4584,12227.73
00bbac68_4585,12227.524
00bbac68_4586,12227.403
00bbac68_4587,12227.316
00bbac68_4588,12227.292
00bbac68_4589,12227.441
00bbac68_4590,12227.42
00bbac68_4591,12227.455
00bbac68_4592,12227.286
00bbac68_4593,12227.257
00bbac68_4594,12227.3
00bbac68_4595,12226.073
00bbac68_4596,12226.082
00bbac68_4597,12226.135
00bbac68_4598,12226.082
00bbac68_4599,12225.983
00bbac68_4600,12225.827
00bbac68_4601,12225.801
00bbac68_4602,12225.774
00bbac68_4603,12225.784
00bbac68_4604,12225.802
00bbac68_4605,12225.782
00bbac68_4606,12225.831
00bbac68_4607,12225.968
00bbac68_4608,12225.897
00bbac68_4609,12225.961
00bbac68_4610,12225.937
00bbac68_4611,12225.906
00bbac68_4612,12225.944
00bbac68_4613,12225.786
00bbac68_4614,12225.726
00bbac68_4615,12225.672
00bbac68_4616,12225.716
00bbac68_4617,12225.774
00bbac68_4618,12225.875
00bbac68_4619,12225.863
00bbac68_4620,12225.711
00bbac68_4621,12225.589
00bbac68_4622,12225.429
00bbac68_4623,12225.367
00bbac68_4624,12225.396
00bbac68_4625,12225.343
00bbac68_4626,12225.347
00bbac68_4627,12225.372
00bbac68_4628,12225.406
00bbac68_4629,12225.506
00bbac68_4630,12225.466
00bbac68_4631,12225.407
00bbac68_4632,12225.439
00bbac68_4633,12225.316
00bbac68_4634,12225.308
00bbac68_4635,12225.79
00bbac68_4636,12225.789
00bbac68_4637,12225.817
00bbac68_4638,12225.845
00bbac68_4639,12225.797
00bbac68_4640,12225.772
00bbac68_4641,12225.773
00bbac68_4642,12225.673
00bbac68_4643,12225.575
00bbac68_4644,12225.37
00bbac68_4645,12225.444
00bbac68_4646,12225.391
00bbac68_4647,12225.322
00bbac68_4648,12225.325
00bbac68_4649,12225.542
00bbac68_4650,12225.527
00bbac68_4651,12225.531
00bbac68_4652,12225.41
00bbac68_4653,12225.256
00bbac68_4654,12225.314
00bbac68_4655,12225.233
00bbac68_4656,12225.454
00bbac68_4657,12225.497
00bbac68_4658,12225.455
00bbac68_4659,12225.458
00bbac68_4660,12225.493
00bbac68_4661,12225.451
00bbac68_4662,12225.369
00bbac68_4663,12225.362
00bbac68_4664,12225.357
00bbac68_4665,12225.274
00bbac68_4666,12225.068
00bbac68_4667,12225.183
00bbac68_4668,12225.092
00bbac68_4669,12225.034
00bbac68_4670,12224.716
00bbac68_4671,12224.786
00bbac68_4672,12224.76
00bbac68_4673,12224.791
00bbac68_4674,12224.719
00bbac68_4675,12224.661
00bbac68_4676,12224.546
00bbac68_4677,12224.397
00bbac68_4678,12224.372
00bbac68_4679,12224.333
00bbac68_4680,12224.477
00bbac68_4681,12224.359
00bbac68_4682,12224.289
00bbac68_4683,12224.185
00bbac68_4684,12224.282
00bbac68_4685,12224.326
00bbac68_4686,12223.882
00bbac68_4687,12223.901
00bbac68_4688,12224.112
00bbac68_4689,12224.065
00bbac68_4690,12224.081
00bbac68_4691,12224.14
00bbac68_4692,12224.236
00bbac68_4693,12224.142
00bbac68_4694,12224.076
00bbac68_4695,12224.067
00bbac68_4696,12224.056
00bbac68_4697,12224.029
00bbac68_4698,12224.043
00bbac68_4699,12224.241
00bbac68_4700,12224.234
00bbac68_4701,12224.287
00bbac68_4702,12224.211
00bbac68_4703,12224.269
00bbac68_4704,12224.315
00bbac68_4705,12224.338
00bbac68_4706,12224.299
00bbac68_4707,12224.274
00bbac68_4708,12224.263
00bbac68_4709,12224.269
00bbac68_4710,12224.174
00bbac68_4711,12224.089
00bbac68_4712,12224.252
00bbac68_4713,12224.251
00bbac68_4714,12224.226
00bbac68_4715,12224.27
00bbac68_4716,12224.161
00bbac68_4717,12224.061
00bbac68_4718,12223.993
00bbac68_4719,12223.987
00bbac68_4720,12224.001
00bbac68_4721,12224.142
00bbac68_4722,12224.202
00bbac68_4723,12224.209
00bbac68_4724,12224.158
00bbac68_4725,12223.983
00bbac68_4726,12224.0
00bbac68_4727,12224.187
00bbac68_4728,12224.203
00bbac68_4729,12224.209
00bbac68_4730,12224.146
00bbac68_4731,12223.979
00bbac68_4732,12223.943
00bbac68_4733,12223.93
00bbac68_4734,12223.665
00bbac68_4735,12223.684
00bbac68_4736,12223.879
00bbac68_4737,12223.737
00bbac68_4738,12223.625
00bbac68_4739,12223.673
00bbac68_4740,12223.665
00bbac68_4741,12223.566
00bbac68_4742,12223.586
00bbac68_4743,12223.513
00bbac68_4744,12223.501
00bbac68_4745,12223.501
00bbac68_4746,12223.446
00bbac68_4747,12223.425
00bbac68_4748,12223.429
00bbac68_4749,12223.422
00bbac68_4750,12223.443
00bbac68_4751,12223.188
00bbac68_4752,12223.046
00bbac68_4753,12223.059
00bbac68_4754,12223.258
00bbac68_4755,12223.435
00bbac68_4756,12223.378
00bbac68_4757,12223.351
00bbac68_4758,12223.349
00bbac68_4759,12223.297
00bbac68_4760,12223.235
00bbac68_4761,12223.158
00bbac68_4762,12223.11
00bbac68_4763,12223.066
00bbac68_4764,12223.046
00bbac68_4765,12222.963
00bbac68_4766,12222.852
00bbac68_4767,12222.982
00bbac68_4768,12223.019
00bbac68_4769,12222.956
00bbac68_4770,12223.131
00bbac68_4771,12223.242
00bbac68_4772,12223.011
00bbac68_4773,12222.951
00bbac68_4774,12222.983
00bbac68_4775,12222.813
00bbac68_4776,12222.809
00bbac68_4777,12223.16
00bbac68_4778,12223.155
00bbac68_4779,12223.016
00bbac68_4780,12222.924
00bbac68_4781,12222.986
00bbac68_4782,12222.931
00bbac68_4783,12222.949
00bbac68_4784,12223.046
00bbac68_4785,12223.158
00bbac68_4786,12223.131
00bbac68_4787,12223.255
00bbac68_4788,12223.3545
00bbac68_4789,12223.325
00bbac68_4790,12223.342
00bbac68_4791,12223.299
00bbac68_4792,12223.262
00bbac68_4793,12223.274
00bbac68_4794,12223.249
00bbac68_4795,12223.221
00bbac68_4796,12223.139
00bbac68_4797,12223.035
00bbac68_4798,12222.959
00bbac68_4799,12222.861
00bbac68_4800,12223.201
00bbac68_4801,12223.259
00bbac68_4802,12223.276
00bbac68_4803,12223.286
00bbac68_4804,12223.228
00bbac68_4805,12223.26
00bbac68_4806,12223.137
00bbac68_4807,12222.97
00bbac68_4808,12222.993
00bbac68_4809,12222.97
00bbac68_4810,12223.155
00bbac68_4811,12223.03
00bbac68_4812,12223.084
00bbac68_4813,12223.253
00bbac68_4814,12223.221
00bbac68_4815,12223.002
00bbac68_4816,12222.849
00bbac68_4817,12222.784
00bbac68_4818,12222.794
00bbac68_4819,12222.88
00bbac68_4820,12222.952
00bbac68_4821,12223.051
00bbac68_4822,12223.01
00bbac68_4823,12222.862
00bbac68_4824,12222.844
00bbac68_4825,12222.874
00bbac68_4826,12222.839
00bbac68_4827,12222.801
00bbac68_4828,12222.846
00bbac68_4829,12222.785
00bbac68_4830,12222.778
00bbac68_4831,12222.856
00bbac68_4832,12222.799
00bbac68_4833,12222.743
00bbac68_4834,12222.726
00bbac68_4835,12222.715
00bbac68_4836,12222.748
00bbac68_4837,12222.767
00bbac68_4838,12222.754
00bbac68_4839,12222.685
00bbac68_4840,12222.673
00bbac68_4841,12222.631
00bbac68_4842,12222.489
00bbac68_4843,12222.517
00bbac68_4844,12222.503
00bbac68_4845,12222.536
00bbac68_4846,12222.575
00bbac68_4847,12222.675
00bbac68_4848,12222.746
00bbac68_4849,12222.61
00bbac68_4850,12222.52
00bbac68_4851,12222.463
00bbac68_4852,12222.5625
00bbac68_4853,12222.682
00bbac68_4854,12222.649
00bbac68_4855,12222.634
00bbac68_4856,12222.406
00bbac68_4857,12222.185
00bbac68_4858,12222.354
00bbac68_4859,12222.49
00bbac68_4860,12222.658
00bbac68_4861,12222.64
00bbac68_4862,12222.554
00bbac68_4863,12222.864
00bbac68_4864,12222.802
00bbac68_4865,12222.873
00bbac68_4866,12223.017
00bbac68_4867,12223.081
00bbac68_4868,12222.89
00bbac68_4869,12222.819
00bbac68_4870,12222.729
00bbac68_4871,12222.681
00bbac68_4872,12222.6875
00bbac68_4873,12222.577
00bbac68_4874,12222.487
00bbac68_4875,12222.541
00bbac68_4876,12222.534
00bbac68_4877,12222.432
00bbac68_4878,12222.58
00bbac68_4879,12222.681
00bbac68_4880,12222.688
00bbac68_4881,12222.666
00bbac68_4882,12222.583
00bbac68_4883,12222.477
00bbac68_4884,12222.467
00bbac68_4885,12222.432
00bbac68_4886,12222.384
00bbac68_4887,12222.326
00bbac68_4888,12222.525
00bbac68_4889,12222.701
00bbac68_4890,12222.705
00bbac68_4891,12222.667
00bbac68_4892,12222.406
00bbac68_4893,12222.253
00bbac68_4894,12222.51
00bbac68_4895,12222.633
00bbac68_4896,12222.444
00bbac68_4897,12222.517
00bbac68_4898,12222.652
00bbac68_4899,12222.513
00bbac68_4900,12222.541
00bbac68_4901,12222.663
00bbac68_4902,12222.61
00bbac68_4903,12222.382
00bbac68_4904,12222.288
00bbac68_4905,12222.225
00bbac68_4906,12222.343
00bbac68_4907,12222.415
00bbac68_4908,12222.648
00bbac68_4909,12222.438
00bbac68_4910,12222.487
00bbac68_4911,12222.689
00bbac68_4912,12222.674
00bbac68_4913,12222.617
00bbac68_4914,12222.472
00bbac68_4915,12222.161
00bbac68_4916,12222.302
00bbac68_4917,12222.331
00bbac68_4918,12222.505
00bbac68_4919,12222.591
00bbac68_4920,12222.622
00bbac68_4921,12222.509
00bbac68_4922,12222.46
00bbac68_4923,12222.462
00bbac68_4924,12222.515
00bbac68_4925,12222.59
00bbac68_4926,12222.598
00bbac68_4927,12222.602
00bbac68_4928,12222.573
00bbac68_4929,12222.328
00bbac68_4930,12222.531
00bbac68_4931,12222.446
00bbac68_4932,12222.27
00bbac68_4933,12222.202
00bbac68_4934,12222.344
00bbac68_4935,12222.479
00bbac68_4936,12222.466
00bbac68_4937,12222.46
00bbac68_4938,12222.399
00bbac68_4939,12222.302
00bbac68_4940,12222.276
00bbac68_4941,12222.383
00bbac68_4942,12222.564
00bbac68_4943,12222.785
00bbac68_4944,12222.63
00bbac68_4945,12222.603
00bbac68_4946,12222.866
00bbac68_4947,12222.847
00bbac68_4948,12222.845
00bbac68_4949,12222.609
00bbac68_4950,12222.583
00bbac68_4951,12222.833
00bbac68_4952,12222.761
00bbac68_4953,12222.633
00bbac68_4954,12222.751
00bbac68_4955,12222.719
00bbac68_4956,12222.608
00bbac68_4957,12222.637
00bbac68_4958,12222.671
00bbac68_4959,12222.595
00bbac68_4960,12222.583
00bbac68_4961,12222.522
00bbac68_4962,12222.583
00bbac68_4963,12222.608
00bbac68_4964,12222.483
00bbac68_4965,12222.609
00bbac68_4966,12222.65
00bbac68_4967,12222.657
00bbac68_4968,12222.656
00bbac68_4969,12222.625
00bbac68_4970,12222.749
00bbac68_4971,12222.719
00bbac68_4972,12222.668
00bbac68_4973,12224.444
00bbac68_4974,12225.203
00bbac68_4975,12225.226
00bbac68_4976,12225.085
00bbac68_4977,12225.061
00bbac68_4978,12224.671
00bbac68_4979,12224.67
00bbac68_4980,12224.747
00bbac68_4981,12224.778
00bbac68_4982,12225.324
00bbac68_4983,12225.353
00bbac68_4984,12225.409
00bbac68_4985,12225.419
00bbac68_4986,12225.883
00bbac68_4987,12226.387
00bbac68_4988,12226.524
00bbac68_4989,12226.528
00bbac68_4990,12226.46
00bbac68_4991,12226.403
00bbac68_4992,12226.295
00bbac68_4993,12226.305
00bbac68_4994,12226.333
00bbac68_4995,12226.288
00bbac68_4996,12226.273
00bbac68_4997,12226.344
00bbac68_4998,12226.357
00bbac68_4999,12226.332
00bbac68_5000,12226.267
00bbac68_5001,12226.259
00bbac68_5002,12226.295
00bbac68_5003,12226.281
00bbac68_5004,12226.324
00bbac68_5005,12226.32
00bbac68_5006,12226.287
00bbac68_5007,12226.226
00bbac68_5008,12225.902
00bbac68_5009,12225.929
00bbac68_5010,12224.856
00bbac68_5011,12225.22
00bbac68_5012,12225.218
00bbac68_5013,12225.113
00bbac68_5014,12225.011
00bbac68_5015,12225.022
00bbac68_5016,12225.239
00bbac68_5017,12225.229
00bbac68_5018,12225.346
00bbac68_5019,12225.266
00bbac68_5020,12225.383
00bbac68_5021,12225.68
00bbac68_5022,12225.7705
00bbac68_5023,12225.775
00bbac68_5024,12226.433
00bbac68_5025,12226.437
00bbac68_5026,12226.366
00bbac68_5027,12226.401
00bbac68_5028,12226.414
00bbac68_5029,12226.378
00bbac68_5030,12226.376
00bbac68_5031,12226.413
00bbac68_5032,12226.287
00bbac68_5033,12226.12
00bbac68_5034,12226.185
00bbac68_5035,12226.286
00bbac68_5036,12226.341
00bbac68_5037,12226.494
00bbac68_5038,12226.473
00bbac68_5039,12226.437
00bbac68_5040,12226.416
00bbac68_5041,12226.41
00bbac68_5042,12226.389
00bbac68_5043,12226.4795
00bbac68_5044,12226.663
00bbac68_5045,12226.679
00bbac68_5046,12226.702
00bbac68_5047,12226.697
00bbac68_5048,12226.702
00bbac68_5049,12226.6875
00bbac68_5050,12226.709
00bbac68_5051,12226.546
00bbac68_5052,12226.415
00bbac68_5053,12226.313
00bbac68_5054,12226.61
00bbac68_5055,12226.622
00bbac68_5056,12226.619
00bbac68_5057,12226.619
00bbac68_5058,12226.627
00bbac68_5059,12226.648
00bbac68_5060,12226.588
00bbac68_5061,12226.594
00bbac68_5062,12226.577
00bbac68_5063,12226.588
00bbac68_5064,12226.57
00bbac68_5065,12226.557
00bbac68_5066,12226.726
00bbac68_5067,12226.744
00bbac68_5068,12226.753
00bbac68_5069,12226.716
00bbac68_5070,12226.719
00bbac68_5071,12226.686
00bbac68_5072,12226.715
00bbac68_5073,12226.768
00bbac68_5074,12226.745
00bbac68_5075,12226.678
00bbac68_5076,12226.69
00bbac68_5077,12226.702
00bbac68_5078,12226.713
00bbac68_5079,12226.687
00bbac68_5080,12226.671
00bbac68_5081,12226.692
00bbac68_5082,12226.672
00bbac68_5083,12226.685
00bbac68_5084,12226.743
00bbac68_5085,12226.6875
00bbac68_5086,12226.483
00bbac68_5087,12226.653
00bbac68_5088,12226.665
00bbac68_5089,12226.641
00bbac68_5090,12226.635
00bbac68_5091,12226.548
00bbac68_5092,12226.424
00bbac68_5093,12226.136
00bbac68_5094,12226.472
00bbac68_5095,12226.512
00bbac68_5096,12226.47
00bbac68_5097,12226.475
00bbac68_5098,12226.496
00bbac68_5099,12226.492
00bbac68_5100,12226.552
00bbac68_5101,12226.489
00bbac68_5102,12226.415
00bbac68_5103,12226.317
00bbac68_5104,12226.199
00bbac68_5105,12225.868
00bbac68_5106,12226.003
00bbac68_5107,12225.886
00bbac68_5108,12225.872
00bbac68_5109,12226.192
00bbac68_5110,12226.245
00bbac68_5111,12226.331
00bbac68_5112,12226.216
00bbac68_5113,12226.2
00bbac68_5114,12226.221
00bbac68_5115,12226.183
00bbac68_5116,12226.012
00bbac68_5117,12226.206
00bbac68_5118,12226.193
00bbac68_5119,12225.981
00bbac68_5120,12226.226
00bbac68_5121,12226.215
00bbac68_5122,12226.194
00bbac68_5123,12225.982
00bbac68_5124,12225.993
00bbac68_5125,12225.755
00bbac68_5126,12225.784
00bbac68_5127,12226.022
00bbac68_5128,12226.029
00bbac68_5129,12226.004
00bbac68_5130,12225.937
00bbac68_5131,12225.896
00bbac68_5132,12225.893
00bbac68_5133,12225.918
00bbac68_5134,12225.8955
00bbac68_5135,12225.885
00bbac68_5136,12225.841
00bbac68_5137,12225.886
00bbac68_5138,12225.792
00bbac68_5139,12225.839
00bbac68_5140,12225.94
00bbac68_5141,12225.86
00bbac68_5142,12225.86
00bbac68_5143,12225.891
00bbac68_5144,12225.861
00bbac68_5145,12225.918
00bbac68_5146,12225.94
00bbac68_5147,12225.876
00bbac68_5148,12225.938
00bbac68_5149,12225.948
00bbac68_5150,12226.027
00bbac68_5151,12226.091
00bbac68_5152,12226.24
00bbac68_5153,12226.272
00bbac68_5154,12226.23
00bbac68_5155,12226.282
00bbac68_5156,12226.388
00bbac68_5157,12226.604
00bbac68_5158,12226.792
00bbac68_5159,12225.853
00bbac68_5160,12224.955
00bbac68_5161,12223.309
00bbac68_5162,12223.191
00bbac68_5163,12223.767
00bbac68_5164,12223.75
00bbac68_5165,12223.659
00bbac68_5166,12223.647
00bbac68_5167,12223.642
00bbac68_5168,12223.637
00bbac68_5169,12223.617
00bbac68_5170,12223.411
00bbac68_5171,12223.119
00bbac68_5172,12223.337
00bbac68_5173,12223.356
00bbac68_5174,12223.348
00bbac68_5175,12223.359
00bbac68_5176,12223.442
00bbac68_5177,12223.44
00bbac68_5178,12223.356
00bbac68_5179,12223.241
00bbac68_5180,12223.144
00bbac68_5181,12223.313
00bbac68_5182,12223.369
00bbac68_5183,12223.323
00bbac68_5184,12223.247
00bbac68_5185,12222.812
00bbac68_5186,12222.785
00bbac68_5187,12223.708
00bbac68_5188,12223.617
00bbac68_5189,12223.835
00bbac68_5190,12224.093
00bbac68_5191,12224.1045
00bbac68_5192,12224.035
00bbac68_5193,12223.93
00bbac68_5194,12223.726
00bbac68_5195,12223.797
00bbac68_5196,12224.02
00bbac68_5197,12224.025
00bbac68_5198,12223.827
00bbac68_5199,12224.043
00bbac68_5200,12224.63
00bbac68_5201,12225.373
00bbac68_5202,12225.515
00bbac68_5203,12225.487
00bbac68_5204,12225.476
00bbac68_5205,12225.496
00bbac68_5206,12225.417
00bbac68_5207,12225.1
00bbac68_5208,12223.519
00bbac68_5209,12223.597
00bbac68_5210,12223.718
00bbac68_5211,12223.934
00bbac68_5212,12224.057
00bbac68_5213,12223.501
00bbac68_5214,12223.498
00bbac68_5215,12223.841
00bbac68_5216,12223.8955
00bbac68_5217,12223.827
00bbac68_5218,12223.828
00bbac68_5219,12223.847
00bbac68_5220,12223.651
00bbac68_5221,12223.6
00bbac68_5222,12223.577
00bbac68_5223,12223.494
00bbac68_5224,12223.025
00bbac68_5225,12222.287
00bbac68_5226,12222.254
00bbac68_5227,12222.379
00bbac68_5228,12222.355
00bbac68_5229,12222.34
00bbac68_5230,12222.583
00bbac68_5231,12222.641
00bbac68_5232,12222.625
00bbac68_5233,12222.367
00bbac68_5234,12222.182
00bbac68_5235,12222.257
00bbac68_5236,12222.368
00bbac68_5237,12222.538
00bbac68_5238,12222.5205
00bbac68_5239,12222.471
00bbac68_5240,12222.49
00bbac68_5241,12222.295
00bbac68_5242,12222.193
00bbac68_5243,12221.906
00bbac68_5244,12222.081
00bbac68_5245,12222.15
00bbac68_5246,12222.187
00bbac68_5247,12222.299
00bbac68_5248,12222.294
00bbac68_5249,12222.103
00bbac68_5250,12222.112
00bbac68_5251,12222.002
00bbac68_5252,12222.004
00bbac68_5253,12222.0205
00bbac68_5254,12222.035
00bbac68_5255,12221.949
00bbac68_5256,12221.609
00bbac68_5257,12221.864
00bbac68_5258,12222.705
00bbac68_5259,12222.774
00bbac68_5260,12222.83
00bbac68_5261,12222.856
00bbac68_5262,12223.231
00bbac68_5263,12223.165
00bbac68_5264,12223.297
00bbac68_5265,12223.195
00bbac68_5266,12223.034
00bbac68_5267,12223.528
00bbac68_5268,12225.045
00bbac68_5269,12225.039
00bbac68_5270,12225.783
00bbac68_5271,12225.097
00bbac68_5272,12224.926
00bbac68_5273,12225.435
00bbac68_5274,12225.337
00bbac68_5275,12225.115
00bbac68_5276,12225.238
00bbac68_5277,12225.209
00bbac68_5278,12225.109
00bbac68_5279,12225.737
00bbac68_5280,12225.6
00bbac68_5281,12225.721
00bbac68_5282,12225.64
00bbac68_5283,12224.883
00bbac68_5284,12225.017
00bbac68_5285,12224.947
00bbac68_5286,12225.15
00bbac68_5287,12225.099
00bbac68_5288,12225.258
00bbac68_5289,12225.891
00bbac68_5290,12225.74
00bbac68_5291,12225.813
00bbac68_5292,12225.577
00bbac68_5293,12225.634
00bbac68_5294,12225.417
00bbac68_5295,12225.673
00bbac68_5296,12225.807
00bbac68_5297,12225.569
00bbac68_5298,12225.681
00bbac68_5299,12225.677
00bbac68_5300,12225.854
00bbac68_5301,12225.48
00bbac68_5302,12225.603
00bbac68_5303,12225.59
00bbac68_5304,12225.765
00bbac68_5305,12225.776
00bbac68_5306,12225.643
00bbac68_5307,12225.747
00bbac68_5308,12225.614
00bbac68_5309,12225.692
00bbac68_5310,12225.477
00bbac68_5311,12225.667
00bbac68_5312,12225.662
00bbac68_5313,12225.804
00bbac68_5314,12225.54
00bbac68_5315,12225.583
00bbac68_5316,12225.6
00bbac68_5317,12225.472
00bbac68_5318,12225.511
00bbac68_5319,12225.343
00bbac68_5320,12225.541
00bbac68_5321,12225.466
00bbac68_5322,12225.636
00bbac68_5323,12225.633
00bbac68_5324,12225.689
00bbac68_5325,12225.363
00bbac68_5326,12225.529
00bbac68_5327,12225.499
00bbac68_5328,12225.7
00bbac68_5329,12225.536
00bbac68_5330,12225.589
00bbac68_5331,12225.527
00bbac68_5332,12225.751
00bbac68_5333,12225.616
00bbac68_5334,12225.716
00bbac68_5335,12225.63
00bbac68_5336,12225.415
00bbac68_5337,12225.529
00bbac68_5338,12225.546
00bbac68_5339,12225.579
00bbac68_5340,12225.172
00bbac68_5341,12225.274
00bbac68_5342,12225.263
00bbac68_5343,12225.32
00bbac68_5344,12225.131
00bbac68_5345,12225.441
00bbac68_5346,12225.326
00bbac68_5347,12225.343
00bbac68_5348,12225.15
00bbac68_5349,12225.455
00bbac68_5350,12225.609
00bbac68_5351,12225.677
00bbac68_5352,12225.476
00bbac68_5353,12225.427
00bbac68_5354,12225.569
00bbac68_5355,12225.905
00bbac68_5356,12225.7705
00bbac68_5357,12225.892
00bbac68_5358,12225.5625
00bbac68_5359,12225.585
00bbac68_5360,12225.38
00bbac68_5361,12225.539
00bbac68_5362,12225.412
00bbac68_5363,12225.454
00bbac68_5364,12225.515
00bbac68_5365,12225.215
00bbac68_5366,12225.269
00bbac68_5367,12225.328
00bbac68_5368,12225.612
00bbac68_5369,12225.459
00bbac68_5370,12225.645
00bbac68_5371,12225.504
00bbac68_5372,12225.574
00bbac68_5373,12225.321
00bbac68_5374,12225.268
00bbac68_5375,12225.071
00bbac68_5376,12225.437
00bbac68_5377,12225.274
00bbac68_5378,12225.335
00bbac68_5379,12225.105
00bbac68_5380,12225.275
00bbac68_5381,12225.219
00bbac68_5382,12225.076
00bbac68_5383,12225.022
00bbac68_5384,12225.226
00bbac68_5385,12225.287
00bbac68_5386,12225.215
00bbac68_5387,12225.369
00bbac68_5388,12224.997
00bbac68_5389,12224.846
00bbac68_5390,12225.003
00bbac68_5391,12225.109
00bbac68_5392,12225.107
00bbac68_5393,12225.213
00bbac68_5394,12225.2295
00bbac68_5395,12225.1045
00bbac68_5396,12225.274
00bbac68_5397,12225.234
00bbac68_5398,12225.236
00bbac68_5399,12225.215
00bbac68_5400,12225.209
00bbac68_5401,12225.086
00bbac68_5402,12225.062
00bbac68_5403,12225.142
00bbac68_5404,12225.157
00bbac68_5405,12225.098
00bbac68_5406,12225.035
00bbac68_5407,12225.002
00bbac68_5408,12225.026
00bbac68_5409,12224.986
00bbac68_5410,12225.014
00bbac68_5411,12225.087
00bbac68_5412,12225.0625
00bbac68_5413,12224.967
00bbac68_5414,12225.03
00bbac68_5415,12225.119
00bbac68_5416,12225.122
00bbac68_5417,12225.026
00bbac68_5418,12225.048
00bbac68_5419,12225.11
00bbac68_5420,12225.113
00bbac68_5421,12225.126
00bbac68_5422,12225.104
00bbac68_5423,12225.093
00bbac68_5424,12224.987
00bbac68_5425,12225.067
00bbac68_5426,12225.114
00bbac68_5427,12225.066
00bbac68_5428,12225.085
00bbac68_5429,12224.539
00bbac68_5430,12224.177
00bbac68_5431,12223.599
00bbac68_5432,12223.683
00bbac68_5433,12223.94
00bbac68_5434,12224.833
00bbac68_5435,12224.653
00bbac68_5436,12224.449
00bbac68_5437,12222.728
00bbac68_5438,12222.77
00bbac68_5439,12222.965
00bbac68_5440,12223.126
00bbac68_5441,12223.236
00bbac68_5442,12224.918
00bbac68_5443,12225.342
00bbac68_5444,12225.219
00bbac68_5445,12224.937
00bbac68_5446,12224.378
00bbac68_5447,12222.798
00bbac68_5448,12223.318
00bbac68_5449,12224.729
00bbac68_5450,12224.438
00bbac68_5451,12222.952
00bbac68_5452,12222.631
00bbac68_5453,12222.64
00bbac68_5454,12222.827
00bbac68_5455,12222.799
00bbac68_5456,12222.666
00bbac68_5457,12222.697
00bbac68_5458,12222.753
00bbac68_5459,12224.497
00bbac68_5460,12224.961
00bbac68_5461,12224.862
00bbac68_5462,12224.828
00bbac68_5463,12224.811
00bbac68_5464,12224.78
00bbac68_5465,12224.759
00bbac68_5466,12224.748
00bbac68_5467,12224.721
00bbac68_5468,12224.629
00bbac68_5469,12224.526
00bbac68_5470,12224.505
00bbac68_5471,12224.464
00bbac68_5472,12224.466
00bbac68_5473,12224.426
00bbac68_5474,12221.545
00bbac68_5475,12219.64
00bbac68_5476,12219.596
00bbac68_5477,12219.752
00bbac68_5478,12219.69
00bbac68_5479,12220.869
00bbac68_5480,12221.505
00bbac68_5481,12221.981
00bbac68_5482,12223.521
00bbac68_5483,12223.82
00bbac68_5484,12223.576
00bbac68_5485,12223.666
00bbac68_5486,12223.128
00bbac68_5487,12223.127
00bbac68_5488,12222.817
00bbac68_5489,12221.923
00bbac68_5490,12221.46
00bbac68_5491,12221.451
00bbac68_5492,12221.4
00bbac68_5493,12221.391
00bbac68_5494,12221.513
00bbac68_5495,12221.349
00bbac68_5496,12221.313
00bbac68_5497,12221.339
00bbac68_5498,12221.271
00bbac68_5499,12220.906
00bbac68_5500,12220.993
00bbac68_5501,12220.899
00bbac68_5502,12220.981
00bbac68_5503,12220.98
00bbac68_5504,12220.999
00bbac68_5505,12220.897
00bbac68_5506,12220.823
00bbac68_5507,12220.774
00bbac68_5508,12220.936
00bbac68_5509,12220.697
00bbac68_5510,12220.459
00bbac68_5511,12220.554
00bbac68_5512,12221.019
00bbac68_5513,12221.018
00bbac68_5514,12220.971
00bbac68_5515,12220.888
00bbac68_5516,12221.0
00bbac68_5517,12221.199
00bbac68_5518,12221.236
00bbac68_5519,12221.207
00bbac68_5520,12221.089
00bbac68_5521,12220.996
00bbac68_5522,12220.887
00bbac68_5523,12220.825
00bbac68_5524,12220.812
00bbac68_5525,12220.784
00bbac68_5526,12220.755
00bbac68_5527,12220.736
00bbac68_5528,12220.72
00bbac68_5529,12220.591
00bbac68_5530,12220.5625
00bbac68_5531,12220.368
00bbac68_5532,12220.365
00bbac68_5533,12220.226
00bbac68_5534,12220.239
00bbac68_5535,12220.218
00bbac68_5536,12220.203
00bbac68_5537,12220.208
00bbac68_5538,12220.247
00bbac68_5539,12220.222
00bbac68_5540,12220.155
00bbac68_5541,12220.155
00bbac68_5542,12220.13
00bbac68_5543,12220.057
00bbac68_5544,12220.057
00bbac68_5545,12219.957
00bbac68_5546,12219.957
00bbac68_5547,12219.962
00bbac68_5548,12219.929
00bbac68_5549,12219.93
00bbac68_5550,12219.999
00bbac68_5551,12219.922
00bbac68_5552,12219.591
00bbac68_5553,12219.536
00bbac68_5554,12219.495
00bbac68_5555,12219.468
00bbac68_5556,12219.469
00bbac68_5557,12219.71
00bbac68_5558,12219.706
00bbac68_5559,12219.744
00bbac68_5560,12219.647
00bbac68_5561,12219.795
00bbac68_5562,12219.446
00bbac68_5563,12219.333
00bbac68_5564,12219.188
00bbac68_5565,12219.071
00bbac68_5566,12219.078
00bbac68_5567,12219.178
00bbac68_5568,12219.297
00bbac68_5569,12219.122
00bbac68_5570,12219.144
00bbac68_5571,12219.164
00bbac68_5572,12219.22
00bbac68_5573,12219.145
00bbac68_5574,12219.053
00bbac68_5575,12219.07
00bbac68_5576,12219.057
00bbac68_5577,12218.998
00bbac68_5578,12218.966
00bbac68_5579,12218.929
00bbac68_5580,12219.193
00bbac68_5581,12219.252
00bbac68_5582,12219.31
00bbac68_5583,12219.301
00bbac68_5584,12219.269
00bbac68_5585,12219.265
00bbac68_5586,12219.2295
00bbac68_5587,12219.27
00bbac68_5588,12218.983
00bbac68_5589,12219.206
00bbac68_5590,12218.889
00bbac68_5591,12219.246
00bbac68_5592,12219.189
00bbac68_5593,12219.239
00bbac68_5594,12218.959
00bbac68_5595,12218.979
00bbac68_5596,12219.255
00bbac68_5597,12219.302
00bbac68_5598,12219.292
00bbac68_5599,12219.286
00bbac68_5600,12219.294
00bbac68_5601,12219.315
00bbac68_5602,12219.279
00bbac68_5603,12219.265
00bbac68_5604,12219.157
00bbac68_5605,12218.836
00bbac68_5606,12218.582
00bbac68_5607,12218.462
00bbac68_5608,12218.509
00bbac68_5609,12218.475
00bbac68_5610,12218.868
00bbac68_5611,12218.7705
00bbac68_5612,12218.4795
00bbac68_5613,12218.382
00bbac68_5614,12218.329
00bbac68_5615,12218.632
00bbac68_5616,12218.787
00bbac68_5617,12218.435
00bbac68_5618,12218.435
00bbac68_5619,12218.423
00bbac68_5620,12218.288
00bbac68_5621,12218.223
00bbac68_5622,12218.163
00bbac68_5623,12218.06
00bbac68_5624,12218.023
00bbac68_5625,12217.962
00bbac68_5626,12217.99
00bbac68_5627,12217.938
00bbac68_5628,12217.793
00bbac68_5629,12217.757
00bbac68_5630,12217.763
00bbac68_5631,12217.765
00bbac68_5632,12217.747
00bbac68_5633,12217.778
00bbac68_5634,12217.745
00bbac68_5635,12217.62
00bbac68_5636,12217.447
00bbac68_5637,12217.341
00bbac68_5638,12217.358
00bbac68_5639,12217.367
00bbac68_5640,12217.26
00bbac68_5641,12217.277
00bbac68_5642,12217.232
00bbac68_5643,12217.217
00bbac68_5644,12217.174
00bbac68_5645,12217.14
00bbac68_5646,12217.125
00bbac68_5647,12217.157
00bbac68_5648,12217.192
00bbac68_5649,12217.139
00bbac68_5650,12217.13
00bbac68_5651,12217.114
00bbac68_5652,12217.118
00bbac68_5653,12217.034
00bbac68_5654,12217.047
00bbac68_5655,12217.007
00bbac68_5656,12217.072
00bbac68_5657,12217.127
00bbac68_5658,12216.926
00bbac68_5659,12216.619
00bbac68_5660,12216.273
00bbac68_5661,12216.233
00bbac68_5662,12216.213
00bbac68_5663,12216.231
00bbac68_5664,12216.254
00bbac68_5665,12216.372
00bbac68_5666,12216.484
00bbac68_5667,12216.528
00bbac68_5668,12216.495
00bbac68_5669,12216.47
00bbac68_5670,12216.498
00bbac68_5671,12216.534
00bbac68_5672,12216.453
00bbac68_5673,12216.434
00bbac68_5674,12216.539
00bbac68_5675,12216.606
00bbac68_5676,12216.641
00bbac68_5677,12216.567
00bbac68_5678,12216.5205
00bbac68_5679,12216.254
00bbac68_5680,12216.135
00bbac68_5681,12216.148
00bbac68_5682,12215.785
00bbac68_5683,12215.8
00bbac68_5684,12215.851
00bbac68_5685,12215.765
00bbac68_5686,12215.694
00bbac68_5687,12215.858
00bbac68_5688,12215.916
00bbac68_5689,12216.001
00bbac68_5690,12215.944
00bbac68_5691,12216.035
00bbac68_5692,12215.7705
00bbac68_5693,12215.689
00bbac68_5694,12215.808
00bbac68_5695,12215.77
00bbac68_5696,12215.661
00bbac68_5697,12215.53
00bbac68_5698,12215.655
00bbac68_5699,12215.697
00bbac68_5700,12215.518
00bbac68_5701,12215.474
00bbac68_5702,12215.5205
00bbac68_5703,12215.598
00bbac68_5704,12215.646
00bbac68_5705,12215.648
00bbac68_5706,12215.382
00bbac68_5707,12215.324
00bbac68_5708,12215.537
00bbac68_5709,12215.432
00bbac68_5710,12215.383
00bbac68_5711,12215.189
00bbac68_5712,12215.513
00bbac68_5713,12215.099
00bbac68_5714,12215.164
00bbac68_5715,12215.101
00bbac68_5716,12215.087
00bbac68_5717,12215.062
00bbac68_5718,12215.144
00bbac68_5719,12215.116
00bbac68_5720,12215.057
00bbac68_5721,12215.115
00bbac68_5722,12214.7295
00bbac68_5723,12214.688
00bbac68_5724,12214.685
00bbac68_5725,12214.7
00bbac68_5726,12214.686
00bbac68_5727,12214.886
00bbac68_5728,12215.128
00bbac68_5729,12215.466
00bbac68_5730,12215.613
00bbac68_5731,12214.919
00bbac68_5732,12214.75
00bbac68_5733,12214.797
00bbac68_5734,12214.983
00bbac68_5735,12214.73
00bbac68_5736,12214.604
00bbac68_5737,12214.549
00bbac68_5738,12214.741
00bbac68_5739,12214.474
00bbac68_5740,12214.697
00bbac68_5741,12214.629
00bbac68_5742,12214.622
00bbac68_5743,12214.45
00bbac68_5744,12214.72
00bbac68_5745,12214.908
00bbac68_5746,12214.979
00bbac68_5747,12214.954
00bbac68_5748,12214.92
00bbac68_5749,12215.006
00bbac68_5750,12214.865
00bbac68_5751,12214.731
00bbac68_5752,12214.856
00bbac68_5753,12214.901
00bbac68_5754,12214.816
00bbac68_5755,12214.656
00bbac68_5756,12214.891
00bbac68_5757,12214.715
00bbac68_5758,12214.857
00bbac68_5759,12214.974
00bbac68_5760,12214.747
00bbac68_5761,12214.712
00bbac68_5762,12215.067
00bbac68_5763,12215.231
00bbac68_5764,12215.041
00bbac68_5765,12214.957
00bbac68_5766,12214.595
00bbac68_5767,12214.598
00bbac68_5768,12214.487
00bbac68_5769,12214.532
00bbac68_5770,12214.533
00bbac68_5771,12214.496
00bbac68_5772,12214.273
00bbac68_5773,12214.379
00bbac68_5774,12213.944
00bbac68_5775,12213.689
00bbac68_5776,12213.598
00bbac68_5777,12213.449
00bbac68_5778,12213.505
00bbac68_5779,12213.966
00bbac68_5780,12214.603
00bbac68_5781,12214.704
00bbac68_5782,12214.784
00bbac68_5783,12214.836
00bbac68_5784,12214.793
00bbac68_5785,12214.776
00bbac68_5786,12214.77
00bbac68_5787,12214.718
00bbac68_5788,12214.509
00bbac68_5789,12214.312
00bbac68_5790,12214.238
00bbac68_5791,12214.285
00bbac68_5792,12214.22
00bbac68_5793,12214.223
00bbac68_5794,12214.169
00bbac68_5795,12214.135
00bbac68_5796,12214.022
00bbac68_5797,12214.003
00bbac68_5798,12213.9375
00bbac68_5799,12213.872
00bbac68_5800,12214.21
00bbac68_5801,12214.098
00bbac68_5802,12214.142
00bbac68_5803,12214.12
00bbac68_5804,12214.131
00bbac68_5805,12214.053
00bbac68_5806,12213.753
00bbac68_5807,12213.542
00bbac68_5808,12213.148
00bbac68_5809,12212.075
00bbac68_5810,12211.297
00bbac68_5811,12211.055
00bbac68_5812,12210.774
00bbac68_5813,12210.72
00bbac68_5814,12210.611
00bbac68_5815,12210.366
00bbac68_5816,12209.714
00bbac68_5817,12208.715
00bbac68_5818,12208.2295
00bbac68_5819,12209.062
00bbac68_5820,12208.817
00bbac68_5821,12208.847
00bbac68_5822,12208.726
00bbac68_5823,12208.481
00bbac68_5824,12208.165
00bbac68_5825,12208.1045
00bbac68_5826,12208.12
00bbac68_5827,12208.972
00bbac68_5828,12209.436
00bbac68_5829,12209.272
00bbac68_5830,12208.653
00bbac68_5831,12208.179
00bbac68_5832,12207.995
00bbac68_5833,12207.733
00bbac68_5834,12206.772
00bbac68_5835,12206.45
00bbac68_5836,12206.267
00bbac68_5837,12209.716
00bbac68_5838,12210.838
00bbac68_5839,12208.85
00bbac68_5840,12207.816
00bbac68_5841,12207.009
00bbac68_5842,12206.913
00bbac68_5843,12206.678
00bbac68_5844,12206.709
00bbac68_5845,12206.684
00bbac68_5846,12206.407
00bbac68_5847,12206.397
00bbac68_5848,12207.293
00bbac68_5849,12208.157
00bbac68_5850,12207.403
00bbac68_5851,12207.731
00bbac68_5852,12206.507
00bbac68_5853,12207.752
00bbac68_5854,12207.859
00bbac68_5855,12206.971
00bbac68_5856,12208.01
00bbac68_5857,12209.021
00bbac68_5858,12209.614
00bbac68_5859,12209.565
00bbac68_5860,12208.534
00bbac68_5861,12207.373
00bbac68_5862,12208.115
00bbac68_5863,12208.644
00bbac68_5864,12207.727
00bbac68_5865,12207.208
00bbac68_5866,12207.128
00bbac68_5867,12206.567
00bbac68_5868,12209.359
00bbac68_5869,12209.779
00bbac68_5870,12209.145
00bbac68_5871,12209.441
00bbac68_5872,12209.455
00bbac68_5873,12209.195
00bbac68_5874,12209.909
00bbac68_5875,12209.931
00bbac68_5876,12207.814
00bbac68_5877,12207.399
00bbac68_5878,12207.371
00bbac68_5879,12207.499
00bbac68_5880,12207.397
00bbac68_5881,12206.962
00bbac68_5882,12207.056
00bbac68_5883,12207.706
00bbac68_5884,12207.017
00bbac68_5885,12206.058
00bbac68_5886,12206.057
00bbac68_5887,12205.989
00bbac68_5888,12205.912
00bbac68_5889,12205.764
00bbac68_5890,12205.716
00bbac68_5891,12205.826
00bbac68_5892,12205.61
00bbac68_5893,12205.698
00bbac68_5894,12205.639
00bbac68_5895,12206.439
00bbac68_5896,12205.649
00bbac68_5897,12205.564
00bbac68_5898,12207.032
00bbac68_5899,12207.337
00bbac68_5900,12207.935
00bbac68_5901,12208.646
00bbac68_5902,12208.724
00bbac68_5903,12207.436
00bbac68_5904,12207.101
00bbac68_5905,12206.788
00bbac68_5906,12206.705
00bbac68_5907,12206.284
00bbac68_5908,12206.709
00bbac68_5909,12206.265
00bbac68_5910,12206.295
00bbac68_5911,12206.759
00bbac68_5912,12206.913
00bbac68_5913,12206.895
00bbac68_5914,12207.681
00bbac68_5915,12208.639
00bbac68_5916,12209.361
00bbac68_5917,12209.37
00bbac68_5918,12209.069
00bbac68_5919,12209.334
00bbac68_5920,12209.215
00bbac68_5921,12209.364
00bbac68_5922,12209.539
00bbac68_5923,12209.259
00bbac68_5924,12209.501
00bbac68_5925,12209.49
00bbac68_5926,12209.429
00bbac68_5927,12209.527
00bbac68_5928,12209.5205
00bbac68_5929,12209.426
00bbac68_5930,12209.67
00bbac68_5931,12209.949
00bbac68_5932,12209.669
00bbac68_5933,12209.693
00bbac68_5934,12209.517
00bbac68_5935,12209.533
00bbac68_5936,12210.142
00bbac68_5937,12209.381
00bbac68_5938,12208.564
00bbac68_5939,12209.192
00bbac68_5940,12209.266
00bbac68_5941,12209.621
00bbac68_5942,12209.891
00bbac68_5943,12209.272
00bbac68_5944,12207.848
00bbac68_5945,12208.138
00bbac68_5946,12208.883
00bbac68_5947,12208.503
00bbac68_5948,12209.024
00bbac68_5949,12209.116
00bbac68_5950,12209.293
00bbac68_5951,12209.794
00bbac68_5952,12209.32
00bbac68_5953,12209.604
00bbac68_5954,12209.66
00bbac68_5955,12208.37
00bbac68_5956,12207.346
00bbac68_5957,12208.909
00bbac68_5958,12209.392
00bbac68_5959,12209.551
00bbac68_5960,12209.205
00bbac68_5961,12208.81
00bbac68_5962,12208.12
00bbac68_5963,12209.315
00bbac68_5964,12209.118
00bbac68_5965,12208.346
00bbac68_5966,12209.218
00bbac68_5967,12207.682
00bbac68_5968,12207.381
00bbac68_5969,12206.828
00bbac68_5970,12207.513
00bbac68_5971,12205.853
00bbac68_5972,12206.71
00bbac68_5973,12208.621
00bbac68_5974,12207.413
00bbac68_5975,12207.301
00bbac68_5976,12207.794
00bbac68_5977,12209.048
00bbac68_5978,12209.194
00bbac68_5979,12209.841
00bbac68_5980,12210.147
00bbac68_5981,12210.493
00bbac68_5982,12210.405
00bbac68_5983,12210.493
00bbac68_5984,12209.562
00bbac68_5985,12208.706
00bbac68_5986,12210.073
00bbac68_5987,12209.63
00bbac68_5988,12210.268
00bbac68_5989,12210.37
00bbac68_5990,12209.577
00bbac68_5991,12207.758
00bbac68_5992,12208.128
00bbac68_5993,12208.692
00bbac68_5994,12208.706
00bbac68_5995,12209.105
00bbac68_5996,12208.677
00bbac68_5997,12210.456
00bbac68_5998,12210.567
00bbac68_5999,12210.488
00bbac68_6000,12210.386
00bbac68_6001,12211.025
00bbac68_6002,12210.916
00bbac68_6003,12210.705
00bbac68_6004,12210.92
00bbac68_6005,12210.696
00bbac68_6006,12211.003
00bbac68_6007,12210.816
00bbac68_6008,12211.211
00bbac68_6009,12210.859
00bbac68_6010,12211.16
00bbac68_6011,12210.981
00bbac68_6012,12210.614
00bbac68_6013,12210.543
00bbac68_6014,12210.013
00bbac68_6015,12210.024
00bbac68_6016,12209.795
00bbac68_6017,12209.569
00bbac68_6018,12209.174
00bbac68_6019,12209.583
00bbac68_6020,12209.228
00bbac68_6021,12207.812
00bbac68_6022,12207.532
00bbac68_6023,12208.247
00bbac68_6024,12209.448
00bbac68_6025,12209.501
00bbac68_6026,12209.872
00bbac68_6027,12209.263
00bbac68_6028,12208.098
00bbac68_6029,12207.098
00bbac68_6030,12207.641
00bbac68_6031,12208.71
00bbac68_6032,12208.928
00bbac68_6033,12208.938
00bbac68_6034,12207.916
00bbac68_6035,12209.387
00bbac68_6036,12209.134
00bbac68_6037,12209.141
00bbac68_6038,12208.655
00bbac68_6039,12209.077
00bbac68_6040,12209.572
00bbac68_6041,12209.277
00bbac68_6042,12209.754
00bbac68_6043,12209.217
00bbac68_6044,12209.217
00bbac68_6045,12209.762
00bbac68_6046,12209.135
00bbac68_6047,12208.48
00bbac68_6048,12208.606
00bbac68_6049,12209.086
00bbac68_6050,12209.437
00bbac68_6051,12209.568
00bbac68_6052,12209.239
00bbac68_6053,12208.921
00bbac68_6054,12209.349
00bbac68_6055,12209.513
00bbac68_6056,12209.077
00bbac68_6057,12208.608
00bbac68_6058,12208.504
00bbac68_6059,12208.708
00bbac68_6060,12209.528
00bbac68_6061,12209.806
00bbac68_6062,12208.045
00bbac68_6063,12207.654
00bbac68_6064,12207.703
00bbac68_6065,12207.542
00bbac68_6066,12208.389
00bbac68_6067,12208.866
00bbac68_6068,12207.242
00bbac68_6069,12207.808
00bbac68_6070,12209.817
00bbac68_6071,12209.3
00bbac68_6072,12208.861
00bbac68_6073,12208.758
00bbac68_6074,12208.6
00bbac68_6075,12208.751
00bbac68_6076,12208.677
00bbac68_6077,12208.229
00bbac68_6078,12207.621
00bbac68_6079,12207.014
00bbac68_6080,12207.447
00bbac68_6081,12208.752
00bbac68_6082,12207.921
00bbac68_6083,12207.325
00bbac68_6084,12208.206
00bbac68_6085,12208.729
00bbac68_6086,12207.51
00bbac68_6087,12207.03
00bbac68_6088,12207.782
00bbac68_6089,12208.843
00bbac68_6090,12210.041
00bbac68_6091,12210.628
00bbac68_6092,12210.744
00bbac68_6093,12210.63
00bbac68_6094,12210.439
00bbac68_6095,12209.984
00bbac68_6096,12208.961
00bbac68_6097,12208.92
00bbac68_6098,12209.226
00bbac68_6099,12209.665
00bbac68_6100,12210.085
00bbac68_6101,12210.483
00bbac68_6102,12210.42
00bbac68_6103,12210.368
00bbac68_6104,12209.417
00bbac68_6105,12209.06
00bbac68_6106,12209.318
00bbac68_6107,12210.427
00bbac68_6108,12210.448
00bbac68_6109,12210.349
00bbac68_6110,12210.084
00bbac68_6111,12210.038
00bbac68_6112,12209.644
00bbac68_6113,12209.833
00bbac68_6114,12209.661
00bbac68_6115,12209.373
00bbac68_6116,12209.822
00bbac68_6117,12209.955
00bbac68_6118,12209.499
00bbac68_6119,12209.169
00bbac68_6120,12208.731
00bbac68_6121,12208.319
00bbac68_6122,12209.229
00bbac68_6123,12208.1045
00bbac68_6124,12208.876
00bbac68_6125,12209.752
00bbac68_6126,12209.284
00bbac68_6127,12208.245
00bbac68_6128,12208.533
00bbac68_6129,12209.166
00bbac68_6130,12209.239
00bbac68_6131,12209.245
00bbac68_6132,12210.206
00bbac68_6133,12210.191
00bbac68_6134,12209.757
00bbac68_6135,12209.321
00bbac68_6136,12209.708
00bbac68_6137,12209.745
00bbac68_6138,12209.596
00bbac68_6139,12209.866
00bbac68_6140,12210.306
00bbac68_6141,12210.192
00bbac68_6142,12209.444
00bbac68_6143,12210.179
00bbac68_6144,12210.331
00bbac68_6145,12210.354
00bbac68_6146,12210.14
00bbac68_6147,12209.871
00bbac68_6148,12209.762
00bbac68_6149,12210.028
00bbac68_6150,12209.629
00bbac68_6151,12209.585
00bbac68_6152,12209.491
00bbac68_6153,12209.833
00bbac68_6154,12209.962
00bbac68_6155,12209.779
00bbac68_6156,12209.57
00bbac68_6157,12209.026
00bbac68_6158,12209.182
00bbac68_6159,12209.517
00bbac68_6160,12209.264
00bbac68_6161,12209.231
00bbac68_6162,12209.516
00bbac68_6163,12209.174
00bbac68_6164,12209.23
00bbac68_6165,12209.589
00bbac68_6166,12209.219
00bbac68_6167,12209.659
00bbac68_6168,12209.023
00bbac68_6169,12209.489
00bbac68_6170,12209.417
00bbac68_6171,12209.471
00bbac68_6172,12209.188
00bbac68_6173,12209.703
00bbac68_6174,12209.215
00bbac68_6175,12209.751
00bbac68_6176,12209.598
00bbac68_6177,12209.253
00bbac68_6178,12209.507
00bbac68_6179,12209.7
00bbac68_6180,12209.244
00bbac68_6181,12209.746
00bbac68_6182,12209.484
00bbac68_6183,12209.719
00bbac68_6184,12209.708
00bbac68_6185,12208.429
00bbac68_6186,12209.013
00bbac68_6187,12209.277
00bbac68_6188,12209.105
00bbac68_6189,12209.584
00bbac68_6190,12209.623
00bbac68_6191,12209.538
00bbac68_6192,12209.25
00bbac68_6193,12209.247
00bbac68_6194,12208.8
00bbac68_6195,12209.233
00bbac68_6196,12209.319
00bbac68_6197,12209.392
00bbac68_6198,12208.753
00bbac68_6199,12208.415
00bbac68_6200,12209.074
00bbac68_6201,12209.491
00bbac68_6202,12210.056
00bbac68_6203,12209.643
00bbac68_6204,12209.687
00bbac68_6205,12209.714
00bbac68_6206,12210.028
00bbac68_6207,12209.406
00bbac68_6208,12209.013
00bbac68_6209,12209.544
00bbac68_6210,12209.453
00bbac68_6211,12209.716
00bbac68_6212,12210.255
00bbac68_6213,12209.696
00bbac68_6214,12209.508
00bbac68_6215,12210.012
00bbac68_6216,12209.703
00bbac68_6217,12210.277
00bbac68_6218,12209.74
00bbac68_6219,12210.214
00bbac68_6220,12209.715
00bbac68_6221,12210.028
00bbac68_6222,12209.958
00bbac68_6223,12209.444
00bbac68_6224,12209.959
00bbac68_6225,12209.48
00bbac68_6226,12210.085
00bbac68_6227,12210.238
00bbac68_6228,12210.222
00bbac68_6229,12209.518
00bbac68_6230,12210.0625
00bbac68_6231,12210.029
00bbac68_6232,12209.858
00bbac68_6233,12210.237
00bbac68_6234,12210.215
00bbac68_6235,12208.379
00bbac68_6236,12210.222
00bbac68_6237,12210.161
00bbac68_6238,12210.177
00bbac68_6239,12210.246
00bbac68_6240,12210.201
00bbac68_6241,12210.222
00bbac68_6242,12210.235
00bbac68_6243,12210.202
00bbac68_6244,12210.198
00bbac68_6245,12210.179
00bbac68_6246,12210.206
00bbac68_6247,12210.164
00bbac68_6248,12209.978
00bbac68_6249,12210.156
00bbac68_6250,12210.1455
00bbac68_6251,12210.168
00bbac68_6252,12210.215
00bbac68_6253,12210.187
00bbac68_6254,12210.206
00bbac68_6255,12210.137
00bbac68_6256,12210.122
00bbac68_6257,12210.15
00bbac68_6258,12210.155
00bbac68_6259,12210.173
00bbac68_6260,12210.226
00bbac68_6261,12210.175
00bbac68_6262,12210.238
00bbac68_6263,12210.273
00bbac68_6264,12210.217
00bbac68_6265,12210.194
00bbac68_6266,12210.253
00bbac68_6267,12210.127
00bbac68_6268,12209.649
00bbac68_6269,12209.939
00bbac68_6270,12210.038
00bbac68_6271,12210.168
00bbac68_6272,12210.175
00bbac68_6273,12210.046
00bbac68_6274,12210.214
00bbac68_6275,12210.174
00bbac68_6276,12210.185
00bbac68_6277,12210.216
00bbac68_6278,12210.234
00bbac68_6279,12210.295
00bbac68_6280,12210.237
00bbac68_6281,12210.223
00bbac68_6282,12210.225
00bbac68_6283,12210.242
00bbac68_6284,12210.264
00bbac68_6285,12210.285
00bbac68_6286,12210.148
00bbac68_6287,12210.0625
00bbac68_6288,12210.141
00bbac68_6289,12210.04
00bbac68_6290,12210.073
00bbac68_6291,12209.906
00bbac68_6292,12210.031
00bbac68_6293,12210.225
00bbac68_6294,12210.267
00bbac68_6295,12210.086
00bbac68_6296,12209.743
00bbac68_6297,12209.954
00bbac68_6298,12209.985
00bbac68_6299,12209.987
00bbac68_6300,12210.055
00bbac68_6301,12210.053
00bbac68_6302,12210.246
00bbac68_6303,12210.257
00bbac68_6304,12210.29
00bbac68_6305,12210.282
00bbac68_6306,12210.273
00bbac68_6307,12210.348
00bbac68_6308,12210.266
00bbac68_6309,12210.192
00bbac68_6310,12210.251
00bbac68_6311,12210.252
00bbac68_6312,12210.311
00bbac68_6313,12210.268
00bbac68_6314,12210.365
00bbac68_6315,12210.334
00bbac68_6316,12210.322
00bbac68_6317,12210.305
00bbac68_6318,12210.29
00bbac68_6319,12210.306
00bbac68_6320,12210.314
00bbac68_6321,12210.285
00bbac68_6322,12210.249
00bbac68_6323,12210.302
00bbac68_6324,12210.266
00bbac68_6325,12210.394
00bbac68_6326,12210.243
00bbac68_6327,12210.21
00bbac68_6328,12210.331
00bbac68_6329,12210.28
00bbac68_6330,12210.251
00bbac68_6331,12210.322
00bbac68_6332,12210.365
00bbac68_6333,12210.326
00bbac68_6334,12210.262
00bbac68_6335,12210.271
00bbac68_6336,12210.246
00bbac68_6337,12210.104
00bbac68_6338,12210.058
00bbac68_6339,12210.055
00bbac68_6340,12210.094
00bbac68_6341,12210.099
00bbac68_6342,12210.266
00bbac68_6343,12210.297
00bbac68_6344,12210.296
00bbac68_6345,12210.363
00bbac68_6346,12210.331
00bbac68_6347,12210.334
00bbac68_6348,12210.209
00bbac68_6349,12210.157
00bbac68_6350,12210.244
00bbac68_6351,12210.287
00bbac68_6352,12210.206
00bbac68_6353,12210.364
00bbac68_6354,12210.345
00bbac68_6355,12210.354
00bbac68_6356,12210.225
00bbac68_6357,12210.304
00bbac68_6358,12210.281
00bbac68_6359,12210.279
00bbac68_6360,12210.257
00bbac68_6361,12210.353
00bbac68_6362,12210.345
00bbac68_6363,12210.299
00bbac68_6364,12210.283
00bbac68_6365,12210.3125
00bbac68_6366,12210.081
00bbac68_6367,12210.067
00bbac68_6368,12210.267
00bbac68_6369,12210.295
00bbac68_6370,12210.295
00bbac68_6371,12210.267
00bbac68_6372,12210.143
00bbac68_6373,12209.655
00bbac68_6374,12208.267
00bbac68_6375,12207.248
00bbac68_6376,12208.798
00bbac68_6377,12210.147
00bbac68_6378,12210.116
00bbac68_6379,12210.327
00bbac68_6380,12210.263
00bbac68_6381,12210.277
00bbac68_6382,12210.309
00bbac68_6383,12210.303
00bbac68_6384,12210.252
00bbac68_6385,12210.228
00bbac68_6386,12210.251
00bbac68_6387,12210.315
00bbac68_6388,12210.266
00bbac68_6389,12210.122
00bbac68_6390,12210.317
00bbac68_6391,12210.276
00bbac68_6392,12210.257
00bbac68_6393,12210.228
00bbac68_6394,12210.317
00bbac68_6395,12210.274
00bbac68_6396,12210.288
00bbac68_6397,12210.3
00bbac68_6398,12209.415
00bbac68_6399,12209.769
00bbac68_6400,12210.305
00bbac68_6401,12210.331
00bbac68_6402,12210.094
00bbac68_6403,12210.338
00bbac68_6404,12210.306
00bbac68_6405,12210.339
00bbac68_6406,12209.809
00bbac68_6407,12210.307
00bbac68_6408,12210.282
00bbac68_6409,12210.274
00bbac68_6410,12209.754
00bbac68_6411,12210.16
00bbac68_6412,12210.312
00bbac68_6413,12209.826
00bbac68_6414,12210.333
00bbac68_6415,12209.651
00bbac68_6416,12210.105
00bbac68_6417,12208.761
00bbac68_6418,12208.019
00bbac68_6419,12207.462
00bbac68_6420,12207.886
00bbac68_6421,12207.913
00bbac68_6422,12209.877
00bbac68_6423,12209.425
00bbac68_6424,12209.946
00bbac68_6425,12209.512
00bbac68_6426,12209.961
00bbac68_6427,12209.527
00bbac68_6428,12210.139
00bbac68_6429,12209.623
00bbac68_6430,12210.118
00bbac68_6431,12209.592
00bbac68_6432,12210.134
00bbac68_6433,12209.613
00bbac68_6434,12210.028
00bbac68_6435,12209.612
00bbac68_6436,12210.408
00bbac68_6437,12208.76
00bbac68_6438,12208.812
00bbac68_6439,12209.315
00bbac68_6440,12210.383
00bbac68_6441,12209.339
00bbac68_6442,12209.484
00bbac68_6443,12209.039
00bbac68_6444,12210.191
00bbac68_6445,12210.001
00bbac68_6446,12210.859
00bbac68_6447,12210.487
00bbac68_6448,12211.01
00bbac68_6449,12210.021
00bbac68_6450,12209.44
00bbac68_6451,12210.804
00bbac68_6452,12210.807
00bbac68_6453,12211.193
00bbac68_6454,12209.157
00bbac68_6455,12210.733
00bbac68_6456,12210.925
00bbac68_6457,12209.93
00bbac68_6458,12210.89
00bbac68_6459,12211.524
00bbac68_6460,12210.751
00bbac68_6461,12211.574
00bbac68_6462,12210.931
00bbac68_6463,12211.262
00bbac68_6464,12210.996
00bbac68_6465,12210.403
00bbac68_6466,12211.115
00bbac68_6467,12210.611
00bbac68_6468,12210.942
00bbac68_6469,12210.366
00bbac68_6470,12210.913
00bbac68_6471,12210.396
00bbac68_6472,12210.964
00bbac68_6473,12210.537
00bbac68_6474,12210.317
00bbac68_6475,12210.209
00bbac68_6476,12210.398
00bbac68_6477,12210.935
00bbac68_6478,12210.317
00bbac68_6479,12211.139
00bbac68_6480,12210.309
00bbac68_6481,12210.876
00bbac68_6482,12211.067
00bbac68_6483,12210.534
00bbac68_6484,12210.487
00bbac68_6485,12209.874
00bbac68_6486,12210.382
00bbac68_6487,12210.12
00bbac68_6488,12210.79
00bbac68_6489,12210.451
00bbac68_6490,12210.544
00bbac68_6491,12211.001
00bbac68_6492,12210.341
00bbac68_6493,12210.944
00bbac68_6494,12210.039
00bbac68_6495,12210.27
00bbac68_6496,12210.323
00bbac68_6497,12209.603
00bbac68_6498,12209.534
00bbac68_6499,12209.528
00bbac68_6500,12210.05
00bbac68_6501,12209.704
00bbac68_6502,12209.707
00bbac68_6503,12210.27
00bbac68_6504,12209.77
00bbac68_6505,12210.047
00bbac68_6506,12210.307
00bbac68_6507,12209.737
00bbac68_6508,12210.28
00bbac68_6509,12209.751
00bbac68_6510,12210.043
00bbac68_6511,12210.25
00bbac68_6512,12209.759
00bbac68_6513,12210.276
00bbac68_6514,12209.741
00bbac68_6515,12210.287
00bbac68_6516,12210.253
00bbac68_6517,12209.742
00bbac68_6518,12210.269
00bbac68_6519,12210.034
00bbac68_6520,12209.724
00bbac68_6521,12210.294
00bbac68_6522,12210.201
00bbac68_6523,12210.103
00bbac68_6524,12209.763
00bbac68_6525,12210.306
00bbac68_6526,12210.367
00bbac68_6527,12210.195
00bbac68_6528,12209.695
00bbac68_6529,12210.405
00bbac68_6530,12210.38
00bbac68_6531,12210.428
00bbac68_6532,12210.363
00bbac68_6533,12209.881
00bbac68_6534,12210.397
00bbac68_6535,12210.217
00bbac68_6536,12210.196
00bbac68_6537,12210.365
00bbac68_6538,12210.42
00bbac68_6539,12210.406
00bbac68_6540,12209.924
00bbac68_6541,12210.442
00bbac68_6542,12210.408
00bbac68_6543,12210.408
00bbac68_6544,12210.419
00bbac68_6545,12210.389
00bbac68_6546,12210.395
00bbac68_6547,12210.416
00bbac68_6548,12210.452
00bbac68_6549,12210.458
00bbac68_6550,12210.263
00bbac68_6551,12210.265
00bbac68_6552,12209.9375
00bbac68_6553,12209.394
00bbac68_6554,12210.475
00bbac68_6555,12210.478
00bbac68_6556,12209.926
00bbac68_6557,12209.737
00bbac68_6558,12209.839
00bbac68_6559,12210.25
00bbac68_6560,12209.753
00bbac68_6561,12210.2295
00bbac68_6562,12210.331
00bbac68_6563,12210.404
00bbac68_6564,12210.519
00bbac68_6565,12210.505
00bbac68_6566,12210.478
00bbac68_6567,12210.448
00bbac68_6568,12210.562
00bbac68_6569,12210.577
00bbac68_6570,12210.516
00bbac68_6571,12210.565
00bbac68_6572,12210.34
00bbac68_6573,12209.941
00bbac68_6574,12209.475
00bbac68_6575,12209.339
00bbac68_6576,12209.839
00bbac68_6577,12210.416
00bbac68_6578,12210.416
00bbac68_6579,12210.47
00bbac68_6580,12210.611
00bbac68_6581,12210.629
00bbac68_6582,12210.613
00bbac68_6583,12210.644
00bbac68_6584,12210.623
00bbac68_6585,12210.598
00bbac68_6586,12210.583
00bbac68_6587,12210.489
00bbac68_6588,12209.873
00bbac68_6589,12210.251
00bbac68_6590,12210.351
00bbac68_6591,12209.809
00bbac68_6592,12210.337
00bbac68_6593,12210.574
00bbac68_6594,12210.568
00bbac68_6595,12210.571
00bbac68_6596,12210.579
00bbac68_6597,12210.595
00bbac68_6598,12210.571
00bbac68_6599,12210.6455
00bbac68_6600,12210.5
00bbac68_6601,12210.345
00bbac68_6602,12210.351
00bbac68_6603,12210.388
00bbac68_6604,12210.628
00bbac68_6605,12210.426
00bbac68_6606,12210.117
00bbac68_6607,12210.398
00bbac68_6608,12210.392
00bbac68_6609,12210.174
00bbac68_6610,12209.796
00bbac68_6611,12209.672
00bbac68_6612,12210.139
00bbac68_6613,12210.194
00bbac68_6614,12209.966
00bbac68_6615,12209.93
00bbac68_6616,12209.534
00bbac68_6617,12209.26
00bbac68_6618,12209.403
00bbac68_6619,12210.056
00bbac68_6620,12210.314
00bbac68_6621,12209.188
00bbac68_6622,12210.724
00bbac68_6623,12210.784
00bbac68_6624,12210.742
00bbac68_6625,12210.579
00bbac68_6626,12210.492
00bbac68_6627,12210.687
00bbac68_6628,12210.567
00bbac68_6629,12210.407
00bbac68_6630,12210.302
00bbac68_6631,12210.329
00bbac68_6632,12209.9
00bbac68_6633,12209.957
00bbac68_6634,12210.489
00bbac68_6635,12210.945
00bbac68_6636,12210.378
00bbac68_6637,12209.798
00bbac68_6638,12209.948
00bbac68_6639,12210.756
00bbac68_6640,12211.507
00bbac68_6641,12211.61
00bbac68_6642,12211.013
00bbac68_6643,12210.563
00bbac68_6644,12210.582
00bbac68_6645,12209.949
00bbac68_6646,12210.634
00bbac68_6647,12210.624
00bbac68_6648,12209.954
00bbac68_6649,12211.244
00bbac68_6650,12211.255
00bbac68_6651,12211.432
00bbac68_6652,12211.634
00bbac68_6653,12211.631
00bbac68_6654,12211.493
00bbac68_6655,12211.276
00bbac68_6656,12211.198
00bbac68_6657,12211.287
00bbac68_6658,12211.0625
00bbac68_6659,12210.14
00bbac68_6660,12210.652
00bbac68_6661,12211.012
00bbac68_6662,12211.364
00bbac68_6663,12211.3545
00bbac68_6664,12210.394
00bbac68_6665,12210.166
00bbac68_6666,12210.132
00bbac68_6667,12211.282
00bbac68_6668,12211.169
00bbac68_6669,12211.005
00bbac68_6670,12210.667
00bbac68_6671,12210.71
00bbac68_6672,12210.914
00bbac68_6673,12210.096
00bbac68_6674,12210.787
00bbac68_6675,12211.6455
00bbac68_6676,12211.559
00bbac68_6677,12211.034
00bbac68_6678,12210.8
00bbac68_6679,12211.188
00bbac68_6680,12211.181
00bbac68_6681,12210.723
00bbac68_6682,12210.163
00bbac68_6683,12210.785
00bbac68_6684,12211.36
00bbac68_6685,12211.106
00bbac68_6686,12211.448
00bbac68_6687,12211.614
00bbac68_6688,12211.6045
00bbac68_6689,12211.606
00bbac68_6690,12211.679
00bbac68_6691,12211.649
00bbac68_6692,12211.602
00bbac68_6693,12211.502
00bbac68_6694,12211.522
00bbac68_6695,12211.505
00bbac68_6696,12211.507
00bbac68_6697,12211.431
00bbac68_6698,12211.392
00bbac68_6699,12210.828
00bbac68_6700,12210.778
00bbac68_6701,12210.839
00bbac68_6702,12211.04
00bbac68_6703,12211.216
00bbac68_6704,12211.449
00bbac68_6705,12211.689
00bbac68_6706,12211.681
00bbac68_6707,12211.58
00bbac68_6708,12211.418
00bbac68_6709,12211.551
00bbac68_6710,12211.276
00bbac68_6711,12211.211
00bbac68_6712,12211.671
00bbac68_6713,12211.591
00bbac68_6714,12210.908
00bbac68_6715,12210.165
00bbac68_6716,12210.194
00bbac68_6717,12210.974
00bbac68_6718,12211.7
00bbac68_6719,12211.197
00bbac68_6720,12211.677
00bbac68_6721,12211.78
00bbac68_6722,12211.286
00bbac68_6723,12211.254
00bbac68_6724,12210.837
00bbac68_6725,12210.895
00bbac68_6726,12211.232
00bbac68_6727,12210.658
00bbac68_6728,12210.224
00bbac68_6729,12211.056
00bbac68_6730,12211.209
00bbac68_6731,12210.517
00bbac68_6732,12210.266
00bbac68_6733,12210.097
00bbac68_6734,12210.057
00bbac68_6735,12211.1455
00bbac68_6736,12211.36
00bbac68_6737,12211.055
00bbac68_6738,12210.803
00bbac68_6739,12211.616
00bbac68_6740,12211.266
00bbac68_6741,12210.495
00bbac68_6742,12210.134
00bbac68_6743,12210.09
00bbac68_6744,12210.112
00bbac68_6745,12210.603
00bbac68_6746,12210.027
00bbac68_6747,12210.064
00bbac68_6748,12210.076
00bbac68_6749,12210.082
00bbac68_6750,12210.082
00bbac68_6751,12210.01
00bbac68_6752,12210.442
00bbac68_6753,12210.021
00bbac68_6754,12209.794
00bbac68_6755,12208.218
00bbac68_6756,12208.228
00bbac68_6757,12208.261
00bbac68_6758,12208.145
00bbac68_6759,12207.782
00bbac68_6760,12206.448
00bbac68_6761,12208.511
00bbac68_6762,12208.413
00bbac68_6763,12207.978
00bbac68_6764,12208.04
00bbac68_6765,12207.592
00bbac68_6766,12207.543
00bbac68_6767,12207.566
00bbac68_6768,12207.445
00bbac68_6769,12206.701
00bbac68_6770,12206.497
00bbac68_6771,12206.995
00bbac68_6772,12208.356
00bbac68_6773,12209.161
00bbac68_6774,12208.298
00bbac68_6775,12207.928
00bbac68_6776,12207.533
00bbac68_6777,12207.408
00bbac68_6778,12208.041
00bbac68_6779,12209.374
00bbac68_6780,12208.46
00bbac68_6781,12208.061
00bbac68_6782,12207.494
00bbac68_6783,12208.613
00bbac68_6784,12209.047
00bbac68_6785,12209.329
00bbac68_6786,12209.912
00bbac68_6787,12209.885
00bbac68_6788,12209.438
00bbac68_6789,12210.05
00bbac68_6790,12210.095
00bbac68_6791,12209.591
00bbac68_6792,12209.176
00bbac68_6793,12209.545
00bbac68_6794,12209.74
00bbac68_6795,12209.757
00bbac68_6796,12209.757
00bbac68_6797,12209.037
00bbac68_6798,12210.2
00bbac68_6799,12209.787
00bbac68_6800,12208.78
00bbac68_6801,12210.335
00bbac68_6802,12210.261
00bbac68_6803,12209.636
00bbac68_6804,12209.517
00bbac68_6805,12209.487
00bbac68_6806,12209.3125
00bbac68_6807,12209.358
00bbac68_6808,12209.94
00bbac68_6809,12209.771
00bbac68_6810,12208.497
00bbac68_6811,12208.333
00bbac68_6812,12208.81
00bbac68_6813,12208.824
00bbac68_6814,12209.789
00bbac68_6815,12210.329
00bbac68_6816,12210.327
00bbac68_6817,12209.746
00bbac68_6818,12210.016
00bbac68_6819,12210.913
00bbac68_6820,12210.959
00bbac68_6821,12210.693
00bbac68_6822,12210.964
00bbac68_6823,12210.904
00bbac68_6824,12209.899
00bbac68_6825,12211.235
00bbac68_6826,12211.017
00bbac68_6827,12210.962
00bbac68_6828,12210.965
00bbac68_6829,12210.905
00bbac68_6830,12210.946
00bbac68_6831,12210.885
00bbac68_6832,12210.876
00bbac68_6833,12210.907
00bbac68_6834,12210.7705
00bbac68_6835,12210.683
00bbac68_6836,12210.138
00bbac68_6837,12210.169
00bbac68_6838,12210.356
00bbac68_6839,12210.41
00bbac68_6840,12210.4375
00bbac68_6841,12210.873
00bbac68_6842,12210.814
00bbac68_6843,12210.89
00bbac68_6844,12209.444
00bbac68_6845,12210.101
00bbac68_6846,12210.1455
00bbac68_6847,12210.15
00bbac68_6848,12209.495
00bbac68_6849,12208.678
00bbac68_6850,12208.513
00bbac68_6851,12209.194
00bbac68_6852,12210.226
00bbac68_6853,12210.526
00bbac68_6854,12208.631
00bbac68_6855,12208.34
00bbac68_6856,12208.305
00bbac68_6857,12208.826
00bbac68_6858,12209.221
00bbac68_6859,12209.738
00bbac68_6860,12209.664
00bbac68_6861,12209.549
00bbac68_6862,12209.348
00bbac68_6863,12209.366
00bbac68_6864,12209.281
00bbac68_6865,12209.747
00bbac68_6866,12209.348
00bbac68_6867,12208.189
00bbac68_6868,12208.665
00bbac68_6869,12208.195
00bbac68_6870,12209.343
00bbac68_6871,12209.954
00bbac68_6872,12209.529
00bbac68_6873,12209.717
00bbac68_6874,12209.87
00bbac68_6875,12209.125
00bbac68_6876,12209.8125
00bbac68_6877,12210.199
00bbac68_6878,12209.681
00bbac68_6879,12209.345
00bbac68_6880,12209.468
00bbac68_6881,12209.622
00bbac68_6882,12210.004
00bbac68_6883,12210.101
00bbac68_6884,12210.687
00bbac68_6885,12210.813
00bbac68_6886,12210.428
00bbac68_6887,12210.289
00bbac68_6888,12210.729
00bbac68_6889,12210.721
00bbac68_6890,12210.767
00bbac68_6891,12211.247
00bbac68_6892,12210.916
00bbac68_6893,12210.933
00bbac68_6894,12211.059
00bbac68_6895,12211.194
00bbac68_6896,12211.16
00bbac68_6897,12211.129
00bbac68_6898,12211.084
00bbac68_6899,12211.075
00bbac68_6900,12211.097
00bbac68_6901,12211.246
00bbac68_6902,12211.122
00bbac68_6903,12211.252
00bbac68_6904,12211.228
00bbac68_6905,12211.2705
00bbac68_6906,12211.333
00bbac68_6907,12211.036
00bbac68_6908,12210.3955
00bbac68_6909,12209.944
00bbac68_6910,12209.674
00bbac68_6911,12210.564
00bbac68_6912,12210.802
00bbac68_6913,12210.758
00bbac68_6914,12210.886
00bbac68_6915,12210.56
00bbac68_6916,12209.014
00bbac68_6917,12208.815
00bbac68_6918,12210.144
00bbac68_6919,12210.182
00bbac68_6920,12210.338
00bbac68_6921,12210.357
00bbac68_6922,12210.379
00bbac68_6923,12209.937
00bbac68_6924,12209.045
00bbac68_6925,12209.367
00bbac68_6926,12209.835
00bbac68_6927,12208.953
00bbac68_6928,12208.916
00bbac68_6929,12209.952
00bbac68_6930,12210.073
00bbac68_6931,12210.169
00bbac68_6932,12210.247
00bbac68_6933,12210.274
00bbac68_6934,12210.233
00bbac68_6935,12210.296
00bbac68_6936,12210.542
00bbac68_6937,12210.604
00bbac68_6938,12210.44
00bbac68_6939,12210.405
00bbac68_6940,12210.573
00bbac68_6941,12210.582
00bbac68_6942,12210.596
00bbac68_6943,12210.414
00bbac68_6944,12210.438
00bbac68_6945,12210.497
00bbac68_6946,12210.333
00bbac68_6947,12209.782
00bbac68_6948,12208.941
00bbac68_6949,12209.284
00bbac68_6950,12210.398
00bbac68_6951,12210.579
00bbac68_6952,12210.329
00bbac68_6953,12210.561
00bbac68_6954,12210.51
00bbac68_6955,12210.499
00bbac68_6956,12210.547
00bbac68_6957,12210.296
00bbac68_6958,12210.199
00bbac68_6959,12210.369
00bbac68_6960,12210.514
00bbac68_6961,12210.625
00bbac68_6962,12210.741
00bbac68_6963,12210.736
00bbac68_6964,12210.616
00bbac68_6965,12210.525
00bbac68_6966,12210.353
00bbac68_6967,12209.491
00bbac68_6968,12209.234
00bbac68_6969,12210.291
00bbac68_6970,12211.509
00bbac68_6971,12211.493
00bbac68_6972,12211.588
00bbac68_6973,12211.205
00bbac68_6974,12211.128
00bbac68_6975,12211.736
00bbac68_6976,12211.721
00bbac68_6977,12211.298
00bbac68_6978,12211.239
00bbac68_6979,12211.242
00bbac68_6980,12210.829
00bbac68_6981,12210.375
00bbac68_6982,12210.15
00bbac68_6983,12210.973
00bbac68_6984,12211.258
00bbac68_6985,12211.014
00bbac68_6986,12210.887
00bbac68_6987,12210.834
00bbac68_6988,12210.05
00bbac68_6989,12209.087
00bbac68_6990,12209.09
00bbac68_6991,12209.052
00bbac68_6992,12208.797
00bbac68_6993,12208.218
00bbac68_6994,12207.248
00bbac68_6995,12207.023
00bbac68_6996,12207.124
00bbac68_6997,12207.127
00bbac68_6998,12207.036
00bbac68_6999,12207.017
00bbac68_7000,12206.793
00bbac68_7001,12206.808
00bbac68_7002,12206.728
00bbac68_7003,12206.679
00bbac68_7004,12206.742
00bbac68_7005,12206.396
00bbac68_7006,12206.401
00bbac68_7007,12206.363
00bbac68_7008,12206.369
00bbac68_7009,12206.406
00bbac68_7010,12206.399
00bbac68_7011,12206.416
00bbac68_7012,12206.405
00bbac68_7013,12206.485
00bbac68_7014,12206.427
00bbac68_7015,12206.485
00bbac68_7016,12206.492
00bbac68_7017,12206.491
00bbac68_7018,12206.616
00bbac68_7019,12209.3
00bbac68_7020,12208.529
00bbac68_7021,12207.905
00bbac68_7022,12206.696
00bbac68_7023,12207.204
00bbac68_7024,12207.193
00bbac68_7025,12207.208
00bbac68_7026,12206.723
00bbac68_7027,12207.425
00bbac68_7028,12209.443
00bbac68_7029,12208.805
00bbac68_7030,12209.132
00bbac68_7031,12209.565
00bbac68_7032,12209.6
00bbac68_7033,12209.534
00bbac68_7034,12209.708
00bbac68_7035,12209.634
00bbac68_7036,12209.618
00bbac68_7037,12209.536
00bbac68_7038,12207.005
00bbac68_7039,12207.069
00bbac68_7040,12206.642
00bbac68_7041,12208.374
00bbac68_7042,12210.176
00bbac68_7043,12210.142
00bbac68_7044,12209.759
00bbac68_7045,12208.568
00bbac68_7046,12207.446
00bbac68_7047,12208.343
00bbac68_7048,12208.516
00bbac68_7049,12207.338
00bbac68_7050,12207.653
00bbac68_7051,12207.679
00bbac68_7052,12207.933
00bbac68_7053,12207.764
00bbac68_7054,12208.171
00bbac68_7055,12208.867
00bbac68_7056,12209.785
00bbac68_7057,12210.065
00bbac68_7058,12210.259
00bbac68_7059,12209.959
00bbac68_7060,12210.597
00bbac68_7061,12210.579
00bbac68_7062,12210.521
00bbac68_7063,12209.937
00bbac68_7064,12208.671
00bbac68_7065,12210.203
00bbac68_7066,12209.437
00bbac68_7067,12207.909
00bbac68_7068,12208.164
00bbac68_7069,12208.793
00bbac68_7070,12210.371
00bbac68_7071,12210.371
00bbac68_7072,12209.176
00bbac68_7073,12209.958
00bbac68_7074,12210.389
00bbac68_7075,12210.079
00bbac68_7076,12210.58
00bbac68_7077,12209.929
00bbac68_7078,12210.597
00bbac68_7079,12210.683
00bbac68_7080,12210.264
00bbac68_7081,12210.705
00bbac68_7082,12210.239
00bbac68_7083,12210.407
00bbac68_7084,12209.741
00bbac68_7085,12208.644
00bbac68_7086,12208.477
00bbac68_7087,12207.967
00bbac68_7088,12208.215
00bbac68_7089,12208.841
00bbac68_7090,12208.372
00bbac68_7091,12208.088
00bbac68_7092,12207.734
00bbac68_7093,12208.448
00bbac68_7094,12207.68
00bbac68_7095,12206.945
00bbac68_7096,12207.461
00bbac68_7097,12207.43
00bbac68_7098,12207.94
00bbac68_7099,12208.141
00bbac68_7100,12207.878
00bbac68_7101,12207.675
00bbac68_7102,12207.687
00bbac68_7103,12207.222
00bbac68_7104,12207.295
00bbac68_7105,12206.693
00bbac68_7106,12207.254
00bbac68_7107,12207.261
00bbac68_7108,12206.748
00bbac68_7109,12207.181
00bbac68_7110,12206.722
00bbac68_7111,12207.199
00bbac68_7112,12207.137
00bbac68_7113,12206.649
00bbac68_7114,12207.218
00bbac68_7115,12207.639
00bbac68_7116,12207.346
00bbac68_7117,12207.278
00bbac68_7118,12206.542
00bbac68_7119,12206.769
00bbac68_7120,12206.245
00bbac68_7121,12206.712
00bbac68_7122,12206.844
00bbac68_7123,12206.29
00bbac68_7124,12206.811
00bbac68_7125,12206.957
00bbac68_7126,12206.508
00bbac68_7127,12207.017
00bbac68_7128,12206.454
00bbac68_7129,12206.9795
00bbac68_7130,12207.033
00bbac68_7131,12206.417
00bbac68_7132,12206.941
00bbac68_7133,12206.725
00bbac68_7134,12207.409
00bbac68_7135,12207.288
00bbac68_7136,12206.824
00bbac68_7137,12207.338
00bbac68_7138,12206.863
00bbac68_7139,12207.333
00bbac68_7140,12207.35
00bbac68_7141,12206.879
00bbac68_7142,12207.411
00bbac68_7143,12206.822
00bbac68_7144,12207.349
00bbac68_7145,12207.317
00bbac68_7146,12206.948
00bbac68_7147,12207.437
00bbac68_7148,12207.415
00bbac68_7149,12206.813
00bbac68_7150,12207.447
00bbac68_7151,12206.923
00bbac68_7152,12207.331
00bbac68_7153,12207.407
00bbac68_7154,12206.861
00bbac68_7155,12207.448
00bbac68_7156,12206.897
00bbac68_7157,12207.455
00bbac68_7158,12207.3
00bbac68_7159,12207.982
00bbac68_7160,12210.642
00bbac68_7161,12210.041
00bbac68_7162,12210.621
00bbac68_7163,12210.33
00bbac68_7164,12210.077
00bbac68_7165,12210.337
00bbac68_7166,12209.633
00bbac68_7167,12210.686
00bbac68_7168,12210.9
00bbac68_7169,12210.347
00bbac68_7170,12210.618
00bbac68_7171,12209.602
00bbac68_7172,12209.626
00bbac68_7173,12210.546
00bbac68_7174,12210.272
00bbac68_7175,12210.884
00bbac68_7176,12210.919
00bbac68_7177,12210.4375
00bbac68_7178,12210.95
00bbac68_7179,12210.948
00bbac68_7180,12210.415
00bbac68_7181,12210.914
00bbac68_7182,12210.786
00bbac68_7183,12210.299
00bbac68_7184,12210.81
00bbac68_7185,12210.874
00bbac68_7186,12210.78
00bbac68_7187,12210.453
00bbac68_7188,12211.013
00bbac68_7189,12211.009
00bbac68_7190,12211.081
00bbac68_7191,12210.599
00bbac68_7192,12211.09
00bbac68_7193,12210.998
00bbac68_7194,12211.192
00bbac68_7195,12210.739
00bbac68_7196,12211.104
00bbac68_7197,12211.056
00bbac68_7198,12211.052
00bbac68_7199,12211.103
00bbac68_7200,12210.603
00bbac68_7201,12211.177
00bbac68_7202,12211.181
00bbac68_7203,12211.116
00bbac68_7204,12211.066
00bbac68_7205,12211.183
00bbac68_7206,12211.174
00bbac68_7207,12211.125
00bbac68_7208,12210.6455
00bbac68_7209,12211.037
00bbac68_7210,12211.064
00bbac68_7211,12211.085
00bbac68_7212,12211.119
00bbac68_7213,12211.064
00bbac68_7214,12211.065
00bbac68_7215,12211.077
00bbac68_7216,12211.117
00bbac68_7217,12211.204
00bbac68_7218,12211.246
00bbac68_7219,12211.071
00bbac68_7220,12211.212
00bbac68_7221,12211.277
00bbac68_7222,12211.245
00bbac68_7223,12211.249
00bbac68_7224,12211.055
00bbac68_7225,12209.847
00bbac68_7226,12209.806
00bbac68_7227,12210.438
00bbac68_7228,12210.237
00bbac68_7229,12209.576
00bbac68_7230,12209.168
00bbac68_7231,12209.141
00bbac68_7232,12210.355
00bbac68_7233,12211.247
00bbac68_7234,12211.099
00bbac68_7235,12210.486
00bbac68_7236,12210.261
00bbac68_7237,12210.352
00bbac68_7238,12211.1455
00bbac68_7239,12211.012
00bbac68_7240,12210.85
00bbac68_7241,12210.227
00bbac68_7242,12209.456
00bbac68_7243,12207.955
00bbac68_7244,12207.92
00bbac68_7245,12207.839
00bbac68_7246,12208.788
00bbac68_7247,12209.614
00bbac68_7248,12209.619
00bbac68_7249,12209.456
00bbac68_7250,12209.287
00bbac68_7251,12209.28
00bbac68_7252,12209.3545
00bbac68_7253,12209.649
00bbac68_7254,12208.665
00bbac68_7255,12207.408
00bbac68_7256,12207.32
00bbac68_7257,12207.329
00bbac68_7258,12207.28
00bbac68_7259,12207.2
00bbac68_7260,12207.741
00bbac68_7261,12207.764
00bbac68_7262,12207.348
00bbac68_7263,12207.364
00bbac68_7264,12207.254
00bbac68_7265,12207.322
00bbac68_7266,12207.018
00bbac68_7267,12207.096
00bbac68_7268,12207.117
00bbac68_7269,12207.101
00bbac68_7270,12207.121
00bbac68_7271,12207.128
00bbac68_7272,12207.106
00bbac68_7273,12207.065
00bbac68_7274,12207.068
00bbac68_7275,12207.188
00bbac68_7276,12207.156
00bbac68_7277,12207.22
00bbac68_7278,12207.074
00bbac68_7279,12207.097
00bbac68_7280,12207.217
00bbac68_7281,12207.15
00bbac68_7282,12207.309
00bbac68_7283,12207.131
00bbac68_7284,12207.166
00bbac68_7285,12207.193
00bbac68_7286,12207.202
00bbac68_7287,12207.205
00bbac68_7288,12207.051
00bbac68_7289,12208.365
00bbac68_7290,12207.705
00bbac68_7291,12207.206
00bbac68_7292,12207.333
00bbac68_7293,12207.282
00bbac68_7294,12207.269
00bbac68_7295,12207.303
00bbac68_7296,12207.391
00bbac68_7297,12207.368
00bbac68_7298,12207.263
00bbac68_7299,12207.57
00bbac68_7300,12208.891
00bbac68_7301,12210.894
00bbac68_7302,12211.001
00bbac68_7303,12208.363
00bbac68_7304,12208.113
00bbac68_7305,12208.027
00bbac68_7306,12208.035
00bbac68_7307,12208.444
00bbac68_7308,12208.456
00bbac68_7309,12208.057
00bbac68_7310,12208.205
00bbac68_7311,12209.813
00bbac68_7312,12211.257
00bbac68_7313,12211.293
00bbac68_7314,12211.153
00bbac68_7315,12208.145
00bbac68_7316,12207.713
00bbac68_7317,12208.05
00bbac68_7318,12208.043
00bbac68_7319,12208.17
00bbac68_7320,12208.059
00bbac68_7321,12208.059
00bbac68_7322,12207.871
00bbac68_7323,12210.946
00bbac68_7324,12210.3545
00bbac68_7325,12208.99
00bbac68_7326,12207.776
00bbac68_7327,12208.07
00bbac68_7328,12207.978
00bbac68_7329,12208.051
00bbac68_7330,12207.49
00bbac68_7331,12208.018
00bbac68_7332,12207.984
00bbac68_7333,12207.971
00bbac68_7334,12207.364
00bbac68_7335,12208.425
00bbac68_7336,12210.968
00bbac68_7337,12208.211
00bbac68_7338,12207.879
00bbac68_7339,12207.996
00bbac68_7340,12209.954
00bbac68_7341,12210.994
00bbac68_7342,12210.639
00bbac68_7343,12211.444
00bbac68_7344,12210.653
00bbac68_7345,12211.072
00bbac68_7346,12210.588
00bbac68_7347,12209.329
00bbac68_7348,12209.054
00bbac68_7349,12207.768
00bbac68_7350,12207.987
00bbac68_7351,12207.56
00bbac68_7352,12208.081
00bbac68_7353,12207.47
00bbac68_7354,12207.903
00bbac68_7355,12207.71
00bbac68_7356,12208.32
00bbac68_7357,12207.772
00bbac68_7358,12208.18
00bbac68_7359,12207.685
00bbac68_7360,12208.257
00bbac68_7361,12207.689
00bbac68_7362,12207.759
00bbac68_7363,12208.332
00bbac68_7364,12207.77
00bbac68_7365,12208.203
00bbac68_7366,12207.736
00bbac68_7367,12207.709
00bbac68_7368,12208.323
00bbac68_7369,12208.48
00bbac68_7370,12208.8
00bbac68_7371,12208.399
00bbac68_7372,12207.909
00bbac68_7373,12208.323
00bbac68_7374,12207.78
00bbac68_7375,12207.78
00bbac68_7376,12208.415
00bbac68_7377,12208.26
00bbac68_7378,12210.296
00bbac68_7379,12211.364
00bbac68_7380,12210.552
00bbac68_7381,12208.247
00bbac68_7382,12208.005
00bbac68_7383,12208.448
00bbac68_7384,12207.932
00bbac68_7385,12207.889
00bbac68_7386,12208.384
00bbac68_7387,12207.774
00bbac68_7388,12207.843
00bbac68_7389,12207.891
00bbac68_7390,12208.114
00bbac68_7391,12207.36
00bbac68_7392,12207.578
00bbac68_7393,12207.386
00bbac68_7394,12207.951
00bbac68_7395,12208.141
00bbac68_7396,12208.12
00bbac68_7397,12208.134
00bbac68_7398,12208.6455
00bbac68_7399,12208.131
00bbac68_7400,12208.127
00bbac68_7401,12208.01
00bbac68_7402,12208.005
00bbac68_7403,12207.739
00bbac68_7404,12208.534
00bbac68_7405,12208.063
00bbac68_7406,12208.067
00bbac68_7407,12208.134
00bbac68_7408,12208.038
00bbac68_7409,12207.702
00bbac68_7410,12208.525
00bbac68_7411,12208.127
00bbac68_7412,12208.117
00bbac68_7413,12208.134
00bbac68_7414,12207.7295
00bbac68_7415,12208.027
00bbac68_7416,12208.011
00bbac68_7417,12207.775
00bbac68_7418,12208.381
00bbac68_7419,12207.575
00bbac68_7420,12207.867
00bbac68_7421,12207.9
00bbac68_7422,12207.878
00bbac68_7423,12207.485
00bbac68_7424,12207.819
00bbac68_7425,12207.787
00bbac68_7426,12207.791
00bbac68_7427,12207.387
00bbac68_7428,12207.626
00bbac68_7429,12207.739
00bbac68_7430,12207.063
00bbac68_7431,12207.185
00bbac68_7432,12207.195
00bbac68_7433,12206.928
00bbac68_7434,12207.23
00bbac68_7435,12207.143
00bbac68_7436,12207.139
00bbac68_7437,12206.8545
00bbac68_7438,12207.225
00bbac68_7439,12206.848
00bbac68_7440,12207.173
00bbac68_7441,12207.277
00bbac68_7442,12206.998
00bbac68_7443,12209.009
00bbac68_7444,12208.953
00bbac68_7445,12208.847
00bbac68_7446,12208.834
00bbac68_7447,12208.36
00bbac68_7448,12208.51
00bbac68_7449,12207.715
00bbac68_7450,12207.366
00bbac68_7451,12207.701
00bbac68_7452,12207.434
00bbac68_7453,12207.7
00bbac68_7454,12207.353
00bbac68_7455,12207.529
00bbac68_7456,12207.75
00bbac68_7457,12207.393
00bbac68_7458,12207.723
00bbac68_7459,12210.198
00bbac68_7460,12211.28
00bbac68_7461,12208.325
00bbac68_7462,12207.767
00bbac68_7463,12207.545
00bbac68_7464,12207.174
00bbac68_7465,12207.728
00bbac68_7466,12207.214
00bbac68_7467,12207.498
00bbac68_7468,12207.179
00bbac68_7469,12207.79
00bbac68_7470,12207.753
00bbac68_7471,12210.619
00bbac68_7472,12211.263
00bbac68_7473,12210.84
00bbac68_7474,12211.312
00bbac68_7475,12210.875
00bbac68_7476,12210.019
00bbac68_7477,12211.309
00bbac68_7478,12211.071
00bbac68_7479,12210.458
00bbac68_7480,12210.773
00bbac68_7481,12210.467
00bbac68_7482,12210.108
00bbac68_7483,12211.2705
00bbac68_7484,12210.798
00bbac68_7485,12211.156
00bbac68_7486,12212.263
00bbac68_7487,12211.886
00bbac68_7488,12212.315
00bbac68_7489,12211.8125
00bbac68_7490,12211.888
00bbac68_7491,12212.352
00bbac68_7492,12212.334
00bbac68_7493,12211.936
00bbac68_7494,12212.26
00bbac68_7495,12212.163
00bbac68_7496,12211.963
00bbac68_7497,12212.26
00bbac68_7498,12211.794
00bbac68_7499,12211.446
00bbac68_7500,12211.849
00bbac68_7501,12211.863
00bbac68_7502,12212.239
00bbac68_7503,12211.834
00bbac68_7504,12212.239
00bbac68_7505,12212.15
00bbac68_7506,12211.814
00bbac68_7507,12212.131
00bbac68_7508,12212.109
00bbac68_7509,12212.464
00bbac68_7510,12211.562
00bbac68_7511,12212.004
00bbac68_7512,12212.0205
00bbac68_7513,12211.918
00bbac68_7514,12212.15
00bbac68_7515,12211.999
00bbac68_7516,12211.095
00bbac68_7517,12210.343
00bbac68_7518,12210.106
00bbac68_7519,12212.123
00bbac68_7520,12212.795
00bbac68_7521,12211.637
00bbac68_7522,12209.577
00bbac68_7523,12212.175
00bbac68_7524,12212.575
00bbac68_7525,12212.587
00bbac68_7526,12212.309
00bbac68_7527,12209.606
00bbac68_7528,12212.193
00bbac68_7529,12212.422
00bbac68_7530,12212.86
00bbac68_7531,12212.094
00bbac68_7532,12211.663
00bbac68_7533,12211.314
00bbac68_7534,12211.331
00bbac68_7535,12211.498
00bbac68_7536,12211.347
00bbac68_7537,12212.693
00bbac68_7538,12211.68
00bbac68_7539,12210.7705
00bbac68_7540,12210.462
00bbac68_7541,12211.06
00bbac68_7542,12210.153
00bbac68_7543,12210.7705
00bbac68_7544,12210.495
00bbac68_7545,12210.808
00bbac68_7546,12210.824
00bbac68_7547,12210.778
00bbac68_7548,12209.336
00bbac68_7549,12210.305
00bbac68_7550,12210.715
00bbac68_7551,12209.469
00bbac68_7552,12209.515
00bbac68_7553,12209.476
00bbac68_7554,12209.51
00bbac68_7555,12209.442
00bbac68_7556,12210.034
00bbac68_7557,12209.497
00bbac68_7558,12209.512
00e12e8b_2083,11605.1875
00e12e8b_2084,11605.646
00e12e8b_2085,11605.652
00e12e8b_2086,11605.874
00e12e8b_2087,11605.886
00e12e8b_2088,11605.885
00e12e8b_2089,11605.887
00e12e8b_2090,11605.873
00e12e8b_2091,11605.869
00e12e8b_2092,11605.879
00e12e8b_2093,11605.885
00e12e8b_2094,11605.898
00e12e8b_2095,11605.895
00e12e8b_2096,11605.9
00e12e8b_2097,11605.898
00e12e8b_2098,11605.904
00e12e8b_2099,11605.921
00e12e8b_2100,11605.93
00e12e8b_2101,11605.944
00e12e8b_2102,11605.97
00e12e8b_2103,11605.975
00e12e8b_2104,11606.02
00e12e8b_2105,11606.022
00e12e8b_2106,11606.089
00e12e8b_2107,11605.989
00e12e8b_2108,11606.05
00e12e8b_2109,11606.079
00e12e8b_2110,11606.118
00e12e8b_2111,11606.153
00e12e8b_2112,11606.216
00e12e8b_2113,11606.297
00e12e8b_2114,11606.318
00e12e8b_2115,11606.358
00e12e8b_2116,11606.371
00e12e8b_2117,11606.396
00e12e8b_2118,11606.39
00e12e8b_2119,11606.352
00e12e8b_2120,11606.372
00e12e8b_2121,11606.365
00e12e8b_2122,11606.364
00e12e8b_2123,11606.363
00e12e8b_2124,11606.393
00e12e8b_2125,11606.424
00e12e8b_2126,11606.419
00e12e8b_2127,11606.425
00e12e8b_2128,11606.407
00e12e8b_2129,11606.395
00e12e8b_2130,11606.411
00e12e8b_2131,11606.41
00e12e8b_2132,11606.433
00e12e8b_2133,11606.453
00e12e8b_2134,11606.442
00e12e8b_2135,11606.429
00e12e8b_2136,11606.442
00e12e8b_2137,11606.442
00e12e8b_2138,11606.415
00e12e8b_2139,11606.457
00e12e8b_2140,11606.447
00e12e8b_2141,11606.446
00e12e8b_2142,11606.447
00e12e8b_2143,11606.517
00e12e8b_2144,11606.514
00e12e8b_2145,11606.529
00e12e8b_2146,11606.468
00e12e8b_2147,11606.527
00e12e8b_2148,11606.438
00e12e8b_2149,11606.5
00e12e8b_2150,11606.422
00e12e8b_2151,11606.413
00e12e8b_2152,11606.348
00e12e8b_2153,11606.355
00e12e8b_2154,11606.382
00e12e8b_2155,11606.398
00e12e8b_2156,11606.304
00e12e8b_2157,11606.319
00e12e8b_2158,11606.276
00e12e8b_2159,11606.275
00e12e8b_2160,11606.267
00e12e8b_2161,11606.26
00e12e8b_2162,11606.114
00e12e8b_2163,11606.041
00e12e8b_2164,11606.042
00e12e8b_2165,11605.95
00e12e8b_2166,11605.864
00e12e8b_2167,11605.822
00e12e8b_2168,11605.85
00e12e8b_2169,11605.794
00e12e8b_2170,11605.775
00e12e8b_2171,11605.757
00e12e8b_2172,11605.52
00e12e8b_2173,11605.492
00e12e8b_2174,11605.31
00e12e8b_2175,11605.271
00e12e8b_2176,11605.29
00e12e8b_2177,11605.237
00e12e8b_2178,11605.28
00e12e8b_2179,11605.236
00e12e8b_2180,11605.202
00e12e8b_2181,11605.15
00e12e8b_2182,11605.171
00e12e8b_2183,11605.183
00e12e8b_2184,11605.174
00e12e8b_2185,11606.249
00e12e8b_2186,11606.247
00e12e8b_2187,11606.258
00e12e8b_2188,11606.175
00e12e8b_2189,11606.077
00e12e8b_2190,11605.973
00e12e8b_2191,11605.951
00e12e8b_2192,11605.925
00e12e8b_2193,11605.934
00e12e8b_2194,11605.941
00e12e8b_2195,11605.935
00e12e8b_2196,11605.92
00e12e8b_2197,11605.918
00e12e8b_2198,11605.916
00e12e8b_2199,11605.932
00e12e8b_2200,11605.9
00e12e8b_2201,11605.903
00e12e8b_2202,11605.8955
00e12e8b_2203,11605.92
00e12e8b_2204,11605.914
00e12e8b_2205,11605.933
00e12e8b_2206,11605.927
00e12e8b_2207,11605.957
00e12e8b_2208,11605.932
00e12e8b_2209,11605.949
00e12e8b_2210,11605.949
00e12e8b_2211,11605.956
00e12e8b_2212,11605.934
00e12e8b_2213,11605.963
00e12e8b_2214,11605.987
00e12e8b_2215,11605.988
00e12e8b_2216,11605.964
00e12e8b_2217,11605.966
00e12e8b_2218,11605.957
00e12e8b_2219,11605.945
00e12e8b_2220,11605.951
00e12e8b_2221,11605.994
00e12e8b_2222,11605.99
00e12e8b_2223,11606.0
00e12e8b_2224,11605.989
00e12e8b_2225,11606.003
00e12e8b_2226,11606.073
00e12e8b_2227,11606.114
00e12e8b_2228,11606.156
00e12e8b_2229,11606.156
00e12e8b_2230,11606.212
00e12e8b_2231,11606.175
00e12e8b_2232,11606.183
00e12e8b_2233,11606.14
00e12e8b_2234,11606.151
00e12e8b_2235,11606.1455
00e12e8b_2236,11606.246
00e12e8b_2237,11606.316
00e12e8b_2238,11606.34
00e12e8b_2239,11606.371
00e12e8b_2240,11606.346
00e12e8b_2241,11606.353
00e12e8b_2242,11606.348
00e12e8b_2243,11606.324
00e12e8b_2244,11606.242
00e12e8b_2245,11606.229
00e12e8b_2246,11606.242
00e12e8b_2247,11606.235
00e12e8b_2248,11606.172
00e12e8b_2249,11606.182
00e12e8b_2250,11606.172
00e12e8b_2251,11606.181
00e12e8b_2252,11606.173
00e12e8b_2253,11606.227
00e12e8b_2254,11606.32
00e12e8b_2255,11606.209
00e12e8b_2256,11606.283
00e12e8b_2257,11606.248
00e12e8b_2258,11606.248
00e12e8b_2259,11606.243
00e12e8b_2260,11606.2295
00e12e8b_2261,11606.223
00e12e8b_2262,11606.249
00e12e8b_2263,11606.221
00e12e8b_2264,11606.237
00e12e8b_2265,11606.233
00e12e8b_2266,11606.221
00e12e8b_2267,11606.234
00e12e8b_2268,11606.166
00e12e8b_2269,11606.164
00e12e8b_2270,11606.07
00e12e8b_2271,11606.062
00e12e8b_2272,11606.085
00e12e8b_2273,11606.072
00e12e8b_2274,11606.069
00e12e8b_2275,11606.063
00e12e8b_2276,11606.066
00e12e8b_2277,11606.065
00e12e8b_2278,11606.05
00e12e8b_2279,11605.983
00e12e8b_2280,11605.931
00e12e8b_2281,11605.944
00e12e8b_2282,11605.941
00e12e8b_2283,11605.94
00e12e8b_2284,11605.968
00e12e8b_2285,11605.972
00e12e8b_2286,11605.977
00e12e8b_2287,11607.559
00e12e8b_2288,11607.568
00e12e8b_2289,11607.574
00e12e8b_2290,11607.568
00e12e8b_2291,11607.548
00e12e8b_2292,11607.494
00e12e8b_2293,11607.444
00e12e8b_2294,11607.435
00e12e8b_2295,11607.429
00e12e8b_2296,11607.435
00e12e8b_2297,11607.433
00e12e8b_2298,11607.395
00e12e8b_2299,11607.34
00e12e8b_2300,11607.298
00e12e8b_2301,11607.301
00e12e8b_2302,11607.288
00e12e8b_2303,11607.272
00e12e8b_2304,11607.247
00e12e8b_2305,11607.271
00e12e8b_2306,11607.262
00e12e8b_2307,11607.24
00e12e8b_2308,11607.226
00e12e8b_2309,11607.246
00e12e8b_2310,11607.242
00e12e8b_2311,11607.248
00e12e8b_2312,11607.25
00e12e8b_2313,11607.242
00e12e8b_2314,11607.232
00e12e8b_2315,11607.235
00e12e8b_2316,11607.242
00e12e8b_2317,11607.257
00e12e8b_2318,11607.256
00e12e8b_2319,11607.256
00e12e8b_2320,11607.257
00e12e8b_2321,11607.276
00e12e8b_2322,11607.29
00e12e8b_2323,11607.281
00e12e8b_2324,11607.277
00e12e8b_2325,11607.277
00e12e8b_2326,11607.276
00e12e8b_2327,11607.264
00e12e8b_2328,11607.275
00e12e8b_2329,11607.278
00e12e8b_2330,11607.22
00e12e8b_2331,11607.212
00e12e8b_2332,11607.215
00e12e8b_2333,11607.209
00e12e8b_2334,11607.208
00e12e8b_2335,11607.207
00e12e8b_2336,11607.209
00e12e8b_2337,11607.213
00e12e8b_2338,11607.203
00e12e8b_2339,11607.207
00e12e8b_2340,11607.206
00e12e8b_2341,11607.168
00e12e8b_2342,11607.174
00e12e8b_2343,11607.174
00e12e8b_2344,11607.172
00e12e8b_2345,11607.171
00e12e8b_2346,11607.134
00e12e8b_2347,11607.146
00e12e8b_2348,11607.143
00e12e8b_2349,11607.139
00e12e8b_2350,11607.147
00e12e8b_2351,11607.133
00e12e8b_2352,11607.139
00e12e8b_2353,11607.144
00e12e8b_2354,11607.1455
00e12e8b_2355,11607.146
00e12e8b_2356,11607.153
00e12e8b_2357,11607.152
00e12e8b_2358,11607.152
00e12e8b_2359,11607.145
00e12e8b_2360,11607.158
00e12e8b_2361,11607.152
00e12e8b_2362,11607.152
00e12e8b_2363,11607.133
00e12e8b_2364,11607.139
00e12e8b_2365,11607.131
00e12e8b_2366,11607.145
00e12e8b_2367,11607.135
00e12e8b_2368,11607.133
00e12e8b_2369,11607.122
00e12e8b_2370,11607.131
00e12e8b_2371,11607.128
00e12e8b_2372,11607.127
00e12e8b_2373,11607.096
00e12e8b_2374,11607.124
00e12e8b_2375,11607.084
00e12e8b_2376,11607.117
00e12e8b_2377,11607.124
00e12e8b_2378,11607.088
00e12e8b_2379,11607.084
00e12e8b_2380,11607.058
00e12e8b_2381,11607.088
00e12e8b_2382,11607.064
00e12e8b_2383,11607.066
00e12e8b_2384,11607.094
00e12e8b_2385,11607.088
00e12e8b_2386,11607.0625
00e12e8b_2387,11607.056
00e12e8b_2388,11607.087
00e12e8b_2389,11607.066
00e12e8b_2390,11608.558
00e12e8b_2391,11608.531
00e12e8b_2392,11608.533
00e12e8b_2393,11608.53
00e12e8b_2394,11608.529
00e12e8b_2395,11608.53
00e12e8b_2396,11608.525
00e12e8b_2397,11608.524
00e12e8b_2398,11608.553
00e12e8b_2399,11608.52
00e12e8b_2400,11608.523
00e12e8b_2401,11608.514
00e12e8b_2402,11608.519
00e12e8b_2403,11608.566
00e12e8b_2404,11608.5
00e12e8b_2405,11608.53
00e12e8b_2406,11608.512
00e12e8b_2407,11608.541
00e12e8b_2408,11608.556
00e12e8b_2409,11608.531
00e12e8b_2410,11608.605
00e12e8b_2411,11608.547
00e12e8b_2412,11608.6045
00e12e8b_2413,11608.612
00e12e8b_2414,11608.58
00e12e8b_2415,11608.574
00e12e8b_2416,11608.588
00e12e8b_2417,11608.616
00e12e8b_2418,11608.559
00e12e8b_2419,11608.613
00e12e8b_2420,11608.581
00e12e8b_2421,11608.608
00e12e8b_2422,11608.602
00e12e8b_2423,11608.642
00e12e8b_2424,11608.552
00e12e8b_2425,11608.607
00e12e8b_2426,11608.473
00e12e8b_2427,11608.493
00e12e8b_2428,11608.55
00e12e8b_2429,11608.5
00e12e8b_2430,11608.509
00e12e8b_2431,11608.47
00e12e8b_2432,11608.475
00e12e8b_2433,11608.407
00e12e8b_2434,11608.502
00e12e8b_2435,11608.443
00e12e8b_2436,11608.446
00e12e8b_2437,11608.366
00e12e8b_2438,11608.4
00e12e8b_2439,11608.443
00e12e8b_2440,11608.463
00e12e8b_2441,11608.462
00e12e8b_2442,11608.396
00e12e8b_2443,11608.41
00e12e8b_2444,11608.367
00e12e8b_2445,11608.369
00e12e8b_2446,11608.409
00e12e8b_2447,11608.369
00e12e8b_2448,11608.403
00e12e8b_2449,11608.38
00e12e8b_2450,11608.367
00e12e8b_2451,11608.412
00e12e8b_2452,11608.405
00e12e8b_2453,11608.408
00e12e8b_2454,11608.414
00e12e8b_2455,11608.426
00e12e8b_2456,11608.411
00e12e8b_2457,11608.334
00e12e8b_2458,11608.336
00e12e8b_2459,11608.331
00e12e8b_2460,11608.268
00e12e8b_2461,11608.329
00e12e8b_2462,11608.299
00e12e8b_2463,11608.426
00e12e8b_2464,11608.372
00e12e8b_2465,11608.357
00e12e8b_2466,11608.414
00e12e8b_2467,11608.366
00e12e8b_2468,11608.179
00e12e8b_2469,11608.18
00e12e8b_2470,11608.029
00e12e8b_2471,11608.079
00e12e8b_2472,11608.005
00e12e8b_2473,11607.987
00e12e8b_2474,11607.951
00e12e8b_2475,11607.896
00e12e8b_2476,11607.914
00e12e8b_2477,11607.895
00e12e8b_2478,11607.897
00e12e8b_2479,11607.892
00e12e8b_2480,11607.977
00e12e8b_2481,11607.878
00e12e8b_2482,11607.904
00e12e8b_2483,11607.898
00e12e8b_2484,11607.942
00e12e8b_2485,11607.852
00e12e8b_2486,11607.873
00e12e8b_2487,11607.88
00e12e8b_2488,11607.878
00e12e8b_2489,11607.843
00e12e8b_2490,11607.934
00e12e8b_2491,11607.975
00e12e8b_2492,11607.855
00e12e8b_2493,11609.193
00e12e8b_2494,11609.09
00e12e8b_2495,11609.09
00e12e8b_2496,11609.067
00e12e8b_2497,11609.156
00e12e8b_2498,11609.088
00e12e8b_2499,11609.09
00e12e8b_2500,11609.177
00e12e8b_2501,11609.028
00e12e8b_2502,11608.979
00e12e8b_2503,11608.955
00e12e8b_2504,11609.159
00e12e8b_2505,11609.069
00e12e8b_2506,11609.035
00e12e8b_2507,11609.035
00e12e8b_2508,11609.037
00e12e8b_2509,11608.997
00e12e8b_2510,11608.98
00e12e8b_2511,11608.993
00e12e8b_2512,11608.968
00e12e8b_2513,11608.825
00e12e8b_2514,11608.811
00e12e8b_2515,11608.837
00e12e8b_2516,11608.903
00e12e8b_2517,11608.783
00e12e8b_2518,11608.789
00e12e8b_2519,11608.785
00e12e8b_2520,11608.79
00e12e8b_2521,11608.799
00e12e8b_2522,11608.876
00e12e8b_2523,11608.752
00e12e8b_2524,11608.758
00e12e8b_2525,11608.758
00e12e8b_2526,11608.84
00e12e8b_2527,11608.727
00e12e8b_2528,11608.743
00e12e8b_2529,11608.749
00e12e8b_2530,11608.838
00e12e8b_2531,11608.748
00e12e8b_2532,11608.736
00e12e8b_2533,11608.487
00e12e8b_2534,11608.4375
00e12e8b_2535,11608.462
00e12e8b_2536,11608.382
00e12e8b_2537,11608.389
00e12e8b_2538,11608.423
00e12e8b_2539,11608.421
00e12e8b_2540,11608.481
00e12e8b_2541,11608.457
00e12e8b_2542,11608.381
00e12e8b_2543,11608.318
00e12e8b_2544,11608.282
00e12e8b_2545,11608.242
00e12e8b_2546,11608.3
00e12e8b_2547,11608.313
00e12e8b_2548,11608.253
00e12e8b_2549,11608.247
00e12e8b_2550,11608.245
00e12e8b_2551,11608.246
00e12e8b_2552,11608.178
00e12e8b_2553,11608.17
00e12e8b_2554,11608.129
00e12e8b_2555,11608.193
00e12e8b_2556,11608.119
00e12e8b_2557,11608.212
00e12e8b_2558,11608.189
00e12e8b_2559,11608.19
00e12e8b_2560,11608.138
00e12e8b_2561,11608.163
00e12e8b_2562,11608.115
00e12e8b_2563,11608.059
00e12e8b_2564,11608.154
00e12e8b_2565,11608.066
00e12e8b_2566,11608.162
00e12e8b_2567,11608.09
00e12e8b_2568,11608.063
00e12e8b_2569,11608.063
00e12e8b_2570,11608.065
00e12e8b_2571,11608.058
00e12e8b_2572,11608.0625
00e12e8b_2573,11608.077
00e12e8b_2574,11608.051
00e12e8b_2575,11608.075
00e12e8b_2576,11608.041
00e12e8b_2577,11608.129
00e12e8b_2578,11608.011
00e12e8b_2579,11608.022
00e12e8b_2580,11608.031
00e12e8b_2581,11607.988
00e12e8b_2582,11607.932
00e12e8b_2583,11607.779
00e12e8b_2584,11607.631
00e12e8b_2585,11607.697
00e12e8b_2586,11607.63
00e12e8b_2587,11607.622
00e12e8b_2588,11607.688
00e12e8b_2589,11607.612
00e12e8b_2590,11607.602
00e12e8b_2591,11607.553
00e12e8b_2592,11607.694
00e12e8b_2593,11607.632
00e12e8b_2594,11607.616
00e12e8b_2595,11607.584
00e12e8b_2596,11608.929
00e12e8b_2597,11608.916
00e12e8b_2598,11608.913
00e12e8b_2599,11608.939
00e12e8b_2600,11608.907
00e12e8b_2601,11608.8955
00e12e8b_2602,11608.888
00e12e8b_2603,11608.876
00e12e8b_2604,11608.838
00e12e8b_2605,11608.832
00e12e8b_2606,11608.839
00e12e8b_2607,11608.861
00e12e8b_2608,11608.842
00e12e8b_2609,11608.851
00e12e8b_2610,11608.861
00e12e8b_2611,11608.845
00e12e8b_2612,11608.867
00e12e8b_2613,11608.857
00e12e8b_2614,11608.778
00e12e8b_2615,11608.822
00e12e8b_2616,11608.81
00e12e8b_2617,11608.714
00e12e8b_2618,11608.786
00e12e8b_2619,11608.711
00e12e8b_2620,11608.704
00e12e8b_2621,11608.713
00e12e8b_2622,11608.779
00e12e8b_2623,11608.701
00e12e8b_2624,11608.772
00e12e8b_2625,11608.707
00e12e8b_2626,11608.761
00e12e8b_2627,11608.721
00e12e8b_2628,11608.628
00e12e8b_2629,11608.686
00e12e8b_2630,11608.571
00e12e8b_2631,11608.649
00e12e8b_2632,11608.577
00e12e8b_2633,11608.645
00e12e8b_2634,11608.57
00e12e8b_2635,11608.641
00e12e8b_2636,11608.648
00e12e8b_2637,11608.63
00e12e8b_2638,11608.624
00e12e8b_2639,11608.642
00e12e8b_2640,11608.6
00e12e8b_2641,11608.552
00e12e8b_2642,11608.554
00e12e8b_2643,11608.598
00e12e8b_2644,11608.586
00e12e8b_2645,11608.592
00e12e8b_2646,11608.584
00e12e8b_2647,11608.573
00e12e8b_2648,11608.559
00e12e8b_2649,11608.544
00e12e8b_2650,11608.555
00e12e8b_2651,11608.554
00e12e8b_2652,11608.312
00e12e8b_2653,11608.26
00e12e8b_2654,11608.229
00e12e8b_2655,11608.231
00e12e8b_2656,11608.24
00e12e8b_2657,11608.226
00e12e8b_2658,11608.228
00e12e8b_2659,11608.292
00e12e8b_2660,11608.27
00e12e8b_2661,11608.263
00e12e8b_2662,11608.233
00e12e8b_2663,11608.249
00e12e8b_2664,11608.25
00e12e8b_2665,11608.192
00e12e8b_2666,11608.259
00e12e8b_2667,11608.23
00e12e8b_2668,11608.227
00e12e8b_2669,11608.213
00e12e8b_2670,11608.269
00e12e8b_2671,11608.177
00e12e8b_2672,11608.093
00e12e8b_2673,11608.0625
00e12e8b_2674,11608.16
00e12e8b_2675,11608.073
00e12e8b_2676,11608.062
00e12e8b_2677,11608.064
00e12e8b_2678,11608.08
00e12e8b_2679,11608.104
00e12e8b_2680,11608.102
00e12e8b_2681,11608.044
00e12e8b_2682,11608.023
00e12e8b_2683,11608.059
00e12e8b_2684,11608.041
00e12e8b_2685,11608.058
00e12e8b_2686,11608.014
00e12e8b_2687,11608.025
00e12e8b_2688,11608.024
00e12e8b_2689,11608.0
00e12e8b_2690,11607.976
00e12e8b_2691,11607.965
00e12e8b_2692,11608.021
00e12e8b_2693,11607.997
00e12e8b_2694,11608.018
00e12e8b_2695,11607.99
00e12e8b_2696,11607.929
00e12e8b_2697,11607.754
00e12e8b_2698,11609.031
00e12e8b_2699,11608.869
00e12e8b_2700,11609.024
00e12e8b_2701,11609.052
00e12e8b_2702,11608.935
00e12e8b_2703,11609.029
00e12e8b_2704,11608.91
00e12e8b_2705,11609.051
00e12e8b_2706,11609.172
00e12e8b_2707,11608.899
00e12e8b_2708,11608.992
00e12e8b_2709,11609.101
00e12e8b_2710,11608.947
00e12e8b_2711,11608.832
00e12e8b_2712,11608.955
00e12e8b_2713,11608.916
00e12e8b_2714,11608.854
00e12e8b_2715,11608.915
00e12e8b_2716,11608.893
00e12e8b_2717,11608.818
00e12e8b_2718,11608.815
00e12e8b_2719,11608.699
00e12e8b_2720,11608.816
00e12e8b_2721,11608.8125
00e12e8b_2722,11608.788
00e12e8b_2723,11608.791
00e12e8b_2724,11608.654
00e12e8b_2725,11608.727
00e12e8b_2726,11608.665
00e12e8b_2727,11608.699
00e12e8b_2728,11608.696
00e12e8b_2729,11608.7
00e12e8b_2730,11608.715
00e12e8b_2731,11608.593
00e12e8b_2732,11608.751
00e12e8b_2733,11608.652
00e12e8b_2734,11608.645
00e12e8b_2735,11608.613
00e12e8b_2736,11608.613
00e12e8b_2737,11608.613
00e12e8b_2738,11608.646
00e12e8b_2739,11608.344
00e12e8b_2740,11608.194
00e12e8b_2741,11608.125
00e12e8b_2742,11608.151
00e12e8b_2743,11608.159
00e12e8b_2744,11608.158
00e12e8b_2745,11608.13
00e12e8b_2746,11608.095
00e12e8b_2747,11608.235
00e12e8b_2748,11608.136
00e12e8b_2749,11608.129
00e12e8b_2750,11608.134
00e12e8b_2751,11608.131
00e12e8b_2752,11608.158
00e12e8b_2753,11608.101
00e12e8b_2754,11608.012
00e12e8b_2755,11608.008
00e12e8b_2756,11608.012
00e12e8b_2757,11608.027
00e12e8b_2758,11608.033
00e12e8b_2759,11608.031
00e12e8b_2760,11608.01
00e12e8b_2761,11608.002
00e12e8b_2762,11608.125
00e12e8b_2763,11607.983
00e12e8b_2764,11607.928
00e12e8b_2765,11607.96
00e12e8b_2766,11607.983
00e12e8b_2767,11608.125
00e12e8b_2768,11608.064
00e12e8b_2769,11608.005
00e12e8b_2770,11608.075
00e12e8b_2771,11608.07
00e12e8b_2772,11607.966
00e12e8b_2773,11607.963
00e12e8b_2774,11607.718
00e12e8b_2775,11607.723
00e12e8b_2776,11607.788
00e12e8b_2777,11607.7
00e12e8b_2778,11607.721
00e12e8b_2779,11607.905
00e12e8b_2780,11607.692
00e12e8b_2781,11607.695
00e12e8b_2782,11607.742
00e12e8b_2783,11607.735
00e12e8b_2784,11607.863
00e12e8b_2785,11607.685
00e12e8b_2786,11607.578
00e12e8b_2787,11607.577
00e12e8b_2788,11607.537
00e12e8b_2789,11607.71
00e12e8b_2790,11607.531
00e12e8b_2791,11607.475
00e12e8b_2792,11607.471
00e12e8b_2793,11607.535
00e12e8b_2794,11607.436
00e12e8b_2795,11607.4
00e12e8b_2796,11607.377
00e12e8b_2797,11607.355
00e12e8b_2798,11607.133
00e12e8b_2799,11607.052
00e12e8b_2800,11608.8
00e12e8b_2801,11608.61
00e12e8b_2802,11608.62
00e12e8b_2803,11608.856
00e12e8b_2804,11608.599
00e12e8b_2805,11608.539
00e12e8b_2806,11608.757
00e12e8b_2807,11608.212
00e12e8b_2808,11608.205
00e12e8b_2809,11608.363
00e12e8b_2810,11608.201
00e12e8b_2811,11608.2
00e12e8b_2812,11608.334
00e12e8b_2813,11608.192
00e12e8b_2814,11608.211
00e12e8b_2815,11608.355
00e12e8b_2816,11608.197
00e12e8b_2817,11608.205
00e12e8b_2818,11608.346
00e12e8b_2819,11608.215
00e12e8b_2820,11608.185
00e12e8b_2821,11608.096
00e12e8b_2822,11608.254
00e12e8b_2823,11608.051
00e12e8b_2824,11608.049
00e12e8b_2825,11608.071
00e12e8b_2826,11608.266
00e12e8b_2827,11608.051
00e12e8b_2828,11608.039
00e12e8b_2829,11608.043
00e12e8b_2830,11608.031
00e12e8b_2831,11608.1
00e12e8b_2832,11608.276
00e12e8b_2833,11608.122
00e12e8b_2834,11608.11
00e12e8b_2835,11608.048
00e12e8b_2836,11608.018
00e12e8b_2837,11607.892
00e12e8b_2838,11607.764
00e12e8b_2839,11607.755
00e12e8b_2840,11607.818
00e12e8b_2841,11607.808
00e12e8b_2842,11607.846
00e12e8b_2843,11607.744
00e12e8b_2844,11607.817
00e12e8b_2845,11607.813
00e12e8b_2846,11607.813
00e12e8b_2847,11607.813
00e12e8b_2848,11607.817
00e12e8b_2849,11607.796
00e12e8b_2850,11607.558
00e12e8b_2851,11607.584
00e12e8b_2852,11607.584
00e12e8b_2853,11607.576
00e12e8b_2854,11607.614
00e12e8b_2855,11607.498
00e12e8b_2856,11607.68
00e12e8b_2857,11607.607
00e12e8b_2858,11607.591
00e12e8b_2859,11607.486
00e12e8b_2860,11607.527
00e12e8b_2861,11607.331
00e12e8b_2862,11607.419
00e12e8b_2863,11607.389
00e12e8b_2864,11607.297
00e12e8b_2865,11606.994
00e12e8b_2866,11607.063
00e12e8b_2867,11607.058
00e12e8b_2868,11607.123
00e12e8b_2869,11606.955
00e12e8b_2870,11607.014
00e12e8b_2871,11606.976
00e12e8b_2872,11606.794
00e12e8b_2873,11606.914
00e12e8b_2874,11606.917
00e12e8b_2875,11606.811
00e12e8b_2876,11606.861
00e12e8b_2877,11606.854
00e12e8b_2878,11606.744
00e12e8b_2879,11606.864
00e12e8b_2880,11606.754
00e12e8b_2881,11606.861
00e12e8b_2882,11606.759
00e12e8b_2883,11606.86
00e12e8b_2884,11606.758
00e12e8b_2885,11606.863
00e12e8b_2886,11606.661
00e12e8b_2887,11606.849
00e12e8b_2888,11606.734
00e12e8b_2889,11606.797
00e12e8b_2890,11606.597
00e12e8b_2891,11606.769
00e12e8b_2892,11606.566
00e12e8b_2893,11606.743
00e12e8b_2894,11606.67
00e12e8b_2895,11606.669
00e12e8b_2896,11606.68
00e12e8b_2897,11606.636
00e12e8b_2898,11606.753
00e12e8b_2899,11606.57
00e12e8b_2900,11606.5625
00e12e8b_2901,11606.686
00e12e8b_2902,11606.604
00e12e8b_2903,11608.029
00e12e8b_2904,11607.978
00e12e8b_2905,11608.043
00e12e8b_2906,11607.983
00e12e8b_2907,11607.961
00e12e8b_2908,11608.064
00e12e8b_2909,11608.077
00e12e8b_2910,11608.01
00e12e8b_2911,11608.072
00e12e8b_2912,11608.072
00e12e8b_2913,11607.973
00e12e8b_2914,11608.041
00e12e8b_2915,11607.964
00e12e8b_2916,11608.05
00e12e8b_2917,11607.978
00e12e8b_2918,11607.855
00e12e8b_2919,11607.68
00e12e8b_2920,11607.74
00e12e8b_2921,11607.626
00e12e8b_2922,11607.737
00e12e8b_2923,11607.712
00e12e8b_2924,11607.51
00e12e8b_2925,11607.695
00e12e8b_2926,11607.73
00e12e8b_2927,11607.562
00e12e8b_2928,11607.652
00e12e8b_2929,11607.622
00e12e8b_2930,11607.496
00e12e8b_2931,11607.54
00e12e8b_2932,11607.496
00e12e8b_2933,11607.427
00e12e8b_2934,11607.386
00e12e8b_2935,11607.379
00e12e8b_2936,11607.361
00e12e8b_2937,11607.288
00e12e8b_2938,11607.352
00e12e8b_2939,11607.224
00e12e8b_2940,11607.144
00e12e8b_2941,11607.132
00e12e8b_2942,11607.035
00e12e8b_2943,11606.975
00e12e8b_2944,11607.059
00e12e8b_2945,11606.734
00e12e8b_2946,11606.668
00e12e8b_2947,11606.588
00e12e8b_2948,11606.602
00e12e8b_2949,11606.58
00e12e8b_2950,11606.535
00e12e8b_2951,11606.58
00e12e8b_2952,11606.385
00e12e8b_2953,11606.428
00e12e8b_2954,11606.434
00e12e8b_2955,11606.472
00e12e8b_2956,11606.396
00e12e8b_2957,11606.405
00e12e8b_2958,11606.518
00e12e8b_2959,11606.115
00e12e8b_2960,11606.212
00e12e8b_2961,11606.11
00e12e8b_2962,11606.203
00e12e8b_2963,11606.088
00e12e8b_2964,11606.22
00e12e8b_2965,11606.057
00e12e8b_2966,11606.134
00e12e8b_2967,11605.975
00e12e8b_2968,11606.11
00e12e8b_2969,11606.0
00e12e8b_2970,11606.104
00e12e8b_2971,11606.08
00e12e8b_2972,11605.971
00e12e8b_2973,11606.084
00e12e8b_2974,11606.078
00e12e8b_2975,11606.083
00e12e8b_2976,11606.055
00e12e8b_2977,11606.055
00e12e8b_2978,11606.056
00e12e8b_2979,11606.0
00e12e8b_2980,11606.029
00e12e8b_2981,11606.037
00e12e8b_2982,11605.871
00e12e8b_2983,11606.025
00e12e8b_2984,11605.9
00e12e8b_2985,11605.883
00e12e8b_2986,11605.846
00e12e8b_2987,11605.848
00e12e8b_2988,11605.846
00e12e8b_2989,11605.788
00e12e8b_2990,11605.813
00e12e8b_2991,11605.769
00e12e8b_2992,11605.611
00e12e8b_2993,11605.354
00e12e8b_2994,11605.395
00e12e8b_2995,11605.322
00e12e8b_2996,11605.224
00e12e8b_2997,11605.114
00e12e8b_2998,11605.141
00e12e8b_2999,11605.08
00e12e8b_3000,11605.152
00e12e8b_3001,11605.133
00e12e8b_3002,11605.065
00e12e8b_3003,11604.982
00e12e8b_3004,11604.58
00e12e8b_3005,11604.345
00e12e8b_3006,11604.335
00e12e8b_3007,11604.309
00e12e8b_3008,11606.213
00e12e8b_3009,11606.166
00e12e8b_3010,11606.129
00e12e8b_3011,11606.124
00e12e8b_3012,11606.177
00e12e8b_3013,11606.125
00e12e8b_3014,11606.149
00e12e8b_3015,11606.195
00e12e8b_3016,11606.206
00e12e8b_3017,11606.184
00e12e8b_3018,11606.057
00e12e8b_3019,11606.125
00e12e8b_3020,11606.001
00e12e8b_3021,11606.002
00e12e8b_3022,11606.092
00e12e8b_3023,11606.054
00e12e8b_3024,11606.085
00e12e8b_3025,11606.057
00e12e8b_3026,11605.991
00e12e8b_3027,11606.11
00e12e8b_3028,11606.018
00e12e8b_3029,11606.048
00e12e8b_3030,11605.913
00e12e8b_3031,11605.963
00e12e8b_3032,11605.923
00e12e8b_3033,11605.907
00e12e8b_3034,11605.862
00e12e8b_3035,11605.883
00e12e8b_3036,11605.767
00e12e8b_3037,11605.794
00e12e8b_3038,11605.782
00e12e8b_3039,11605.867
00e12e8b_3040,11605.762
00e12e8b_3041,11605.795
00e12e8b_3042,11605.608
00e12e8b_3043,11605.293
00e12e8b_3044,11605.409
00e12e8b_3045,11605.288
00e12e8b_3046,11605.147
00e12e8b_3047,11605.083
00e12e8b_3048,11605.122
00e12e8b_3049,11605.045
00e12e8b_3050,11604.975
00e12e8b_3051,11604.966
00e12e8b_3052,11604.985
00e12e8b_3053,11604.608
00e12e8b_3054,11604.312
00e12e8b_3055,11604.248
00e12e8b_3056,11604.141
00e12e8b_3057,11604.14
00e12e8b_3058,11604.106
00e12e8b_3059,11603.991
00e12e8b_3060,11603.993
00e12e8b_3061,11603.846
00e12e8b_3062,11603.811
00e12e8b_3063,11603.861
00e12e8b_3064,11603.791
00e12e8b_3065,11603.731
00e12e8b_3066,11603.77
00e12e8b_3067,11603.743
00e12e8b_3068,11603.818
00e12e8b_3069,11603.727
00e12e8b_3070,11603.742
00e12e8b_3071,11603.728
00e12e8b_3072,11603.698
00e12e8b_3073,11603.719
00e12e8b_3074,11603.646
00e12e8b_3075,11603.696
00e12e8b_3076,11603.677
00e12e8b_3077,11603.677
00e12e8b_3078,11603.686
00e12e8b_3079,11603.651
00e12e8b_3080,11603.628
00e12e8b_3081,11603.596
00e12e8b_3082,11603.599
00e12e8b_3083,11603.555
00e12e8b_3084,11603.598
00e12e8b_3085,11603.607
00e12e8b_3086,11603.556
00e12e8b_3087,11603.457
00e12e8b_3088,11603.486
00e12e8b_3089,11603.455
00e12e8b_3090,11603.459
00e12e8b_3091,11603.222
00e12e8b_3092,11603.003
00e12e8b_3093,11602.905
00e12e8b_3094,11602.817
00e12e8b_3095,11602.854
00e12e8b_3096,11602.82
00e12e8b_3097,11602.82
00e12e8b_3098,11602.837
00e12e8b_3099,11602.85
00e12e8b_3100,11602.815
00e12e8b_3101,11602.844
00e12e8b_3102,11602.775
00e12e8b_3103,11602.793
00e12e8b_3104,11602.819
00e12e8b_3105,11602.766
00e12e8b_3106,11602.743
00e12e8b_3107,11602.714
00e12e8b_3108,11602.683
00e12e8b_3109,11602.69
00e12e8b_3110,11602.65
00e12e8b_3111,11602.668
00e12e8b_3112,11603.628
00e12e8b_3113,11603.655
00e12e8b_3114,11603.703
00e12e8b_3115,11603.738
00e12e8b_3116,11603.664
00e12e8b_3117,11603.693
00e12e8b_3118,11603.654
00e12e8b_3119,11603.717
00e12e8b_3120,11603.724
00e12e8b_3121,11603.606
00e12e8b_3122,11603.691
00e12e8b_3123,11603.604
00e12e8b_3124,11603.621
00e12e8b_3125,11603.571
00e12e8b_3126,11603.544
00e12e8b_3127,11603.5625
00e12e8b_3128,11603.493
00e12e8b_3129,11603.509
00e12e8b_3130,11603.44
00e12e8b_3131,11603.528
00e12e8b_3132,11603.453
00e12e8b_3133,11603.507
00e12e8b_3134,11603.505
00e12e8b_3135,11603.435
00e12e8b_3136,11603.414
00e12e8b_3137,11603.332
00e12e8b_3138,11603.203
00e12e8b_3139,11602.871
00e12e8b_3140,11602.873
00e12e8b_3141,11602.879
00e12e8b_3142,11602.869
00e12e8b_3143,11602.873
00e12e8b_3144,11602.85
00e12e8b_3145,11602.828
00e12e8b_3146,11602.827
00e12e8b_3147,11602.84
00e12e8b_3148,11602.751
00e12e8b_3149,11602.825
00e12e8b_3150,11602.789
00e12e8b_3151,11602.697
00e12e8b_3152,11602.727
00e12e8b_3153,11602.691
00e12e8b_3154,11602.613
00e12e8b_3155,11602.6
00e12e8b_3156,11602.565
00e12e8b_3157,11602.607
00e12e8b_3158,11602.577
00e12e8b_3159,11602.54
00e12e8b_3160,11602.573
00e12e8b_3161,11602.44
00e12e8b_3162,11602.404
00e12e8b_3163,11602.39
00e12e8b_3164,11602.372
00e12e8b_3165,11602.236
00e12e8b_3166,11602.245
00e12e8b_3167,11602.23
00e12e8b_3168,11602.162
00e12e8b_3169,11602.1455
00e12e8b_3170,11602.117
00e12e8b_3171,11602.08
00e12e8b_3172,11602.021
00e12e8b_3173,11601.955
00e12e8b_3174,11601.831
00e12e8b_3175,11601.796
00e12e8b_3176,11601.779
00e12e8b_3177,11601.8125
00e12e8b_3178,11601.778
00e12e8b_3179,11601.746
00e12e8b_3180,11601.701
00e12e8b_3181,11601.586
00e12e8b_3182,11601.534
00e12e8b_3183,11601.493
00e12e8b_3184,11601.48
00e12e8b_3185,11601.487
00e12e8b_3186,11601.46
00e12e8b_3187,11601.383
00e12e8b_3188,11601.377
00e12e8b_3189,11601.378
00e12e8b_3190,11601.388
00e12e8b_3191,11601.346
00e12e8b_3192,11601.306
00e12e8b_3193,11601.351
00e12e8b_3194,11601.266
00e12e8b_3195,11601.225
00e12e8b_3196,11601.295
00e12e8b_3197,11601.269
00e12e8b_3198,11601.262
00e12e8b_3199,11601.241
00e12e8b_3200,11601.25
00e12e8b_3201,11601.114
00e12e8b_3202,11601.191
00e12e8b_3203,11601.131
00e12e8b_3204,11601.049
00e12e8b_3205,11601.107
00e12e8b_3206,11601.055
00e12e8b_3207,11601.1
00e12e8b_3208,11601.036
00e12e8b_3209,11601.106
00e12e8b_3210,11601.088
00e12e8b_3211,11601.078
00e12e8b_3212,11601.164
00e12e8b_3213,11601.111
00e12e8b_3214,11601.1
00e12e8b_3215,11601.847
00e12e8b_3216,11601.855
00e12e8b_3217,11601.789
00e12e8b_3218,11601.821
00e12e8b_3219,11601.815
00e12e8b_3220,11601.732
00e12e8b_3221,11601.73
00e12e8b_3222,11601.691
00e12e8b_3223,11601.637
00e12e8b_3224,11601.491
00e12e8b_3225,11601.458
00e12e8b_3226,11601.569
00e12e8b_3227,11601.508
00e12e8b_3228,11601.461
00e12e8b_3229,11601.449
00e12e8b_3230,11601.404
00e12e8b_3231,11601.417
00e12e8b_3232,11601.426
00e12e8b_3233,11601.482
00e12e8b_3234,11601.407
00e12e8b_3235,11601.388
00e12e8b_3236,11601.488
00e12e8b_3237,11601.411
00e12e8b_3238,11601.395
00e12e8b_3239,11601.399
00e12e8b_3240,11601.388
00e12e8b_3241,11601.39
00e12e8b_3242,11601.341
00e12e8b_3243,11601.347
00e12e8b_3244,11601.308
00e12e8b_3245,11601.205
00e12e8b_3246,11601.176
00e12e8b_3247,11601.222
00e12e8b_3248,11601.212
00e12e8b_3249,11601.125
00e12e8b_3250,11601.199
00e12e8b_3251,11601.141
00e12e8b_3252,11601.005
00e12e8b_3253,11601.096
00e12e8b_3254,11600.989
00e12e8b_3255,11601.008
00e12e8b_3256,11600.908
00e12e8b_3257,11600.992
00e12e8b_3258,11600.893
00e12e8b_3259,11600.842
00e12e8b_3260,11600.908
00e12e8b_3261,11600.808
00e12e8b_3262,11600.802
00e12e8b_3263,11600.796
00e12e8b_3264,11600.8125
00e12e8b_3265,11600.817
00e12e8b_3266,11600.83
00e12e8b_3267,11600.83
00e12e8b_3268,11600.839
00e12e8b_3269,11600.83
00e12e8b_3270,11600.814
00e12e8b_3271,11600.806
00e12e8b_3272,11600.822
00e12e8b_3273,11600.804
00e12e8b_3274,11600.799
00e12e8b_3275,11600.824
00e12e8b_3276,11600.826
00e12e8b_3277,11600.81
00e12e8b_3278,11600.822
00e12e8b_3279,11600.806
00e12e8b_3280,11600.818
00e12e8b_3281,11600.81
00e12e8b_3282,11600.837
00e12e8b_3283,11600.863
00e12e8b_3284,11600.865
00e12e8b_3285,11600.871
00e12e8b_3286,11600.885
00e12e8b_3287,11600.861
00e12e8b_3288,11600.854
00e12e8b_3289,11600.88
00e12e8b_3290,11601.069
00e12e8b_3291,11601.266
00e12e8b_3292,11601.271
00e12e8b_3293,11601.346
00e12e8b_3294,11601.375
00e12e8b_3295,11601.773
00e12e8b_3296,11601.809
00e12e8b_3297,11601.852
00e12e8b_3298,11601.865
00e12e8b_3299,11601.867
00e12e8b_3300,11601.888
00e12e8b_3301,11601.921
00e12e8b_3302,11601.925
00e12e8b_3303,11601.927
00e12e8b_3304,11601.92
00e12e8b_3305,11601.902
00e12e8b_3306,11601.907
00e12e8b_3307,11601.894
00e12e8b_3308,11601.902
00e12e8b_3309,11601.893
00e12e8b_3310,11602.125
00e12e8b_3311,11602.093
00e12e8b_3312,11602.164
00e12e8b_3313,11602.186
00e12e8b_3314,11602.174
00e12e8b_3315,11602.345
00e12e8b_3316,11602.405
00e12e8b_3317,11602.423
00e12e8b_3318,11602.789
00e12e8b_3319,11602.808
00e12e8b_3320,11602.815
00e12e8b_3321,11602.895
00e12e8b_3322,11602.981
00e12e8b_3323,11602.982
00e12e8b_3324,11602.944
00e12e8b_3325,11603.036
00e12e8b_3326,11603.016
00e12e8b_3327,11602.997
00e12e8b_3328,11602.99
00e12e8b_3329,11603.014
00e12e8b_3330,11602.992
00e12e8b_3331,11602.98
00e12e8b_3332,11602.986
00e12e8b_3333,11602.974
00e12e8b_3334,11602.97
00e12e8b_3335,11602.973
00e12e8b_3336,11602.985
00e12e8b_3337,11602.979
00e12e8b_3338,11602.952
00e12e8b_3339,11602.996
00e12e8b_3340,11603.0
00e12e8b_3341,11603.045
00e12e8b_3342,11602.987
00e12e8b_3343,11602.989
00e12e8b_3344,11603.069
00e12e8b_3345,11602.99
00e12e8b_3346,11603.049
00e12e8b_3347,11603.146
00e12e8b_3348,11603.071
00e12e8b_3349,11603.102
00e12e8b_3350,11603.058
00e12e8b_3351,11603.047
00e12e8b_3352,11603.057
00e12e8b_3353,11603.054
00e12e8b_3354,11603.115
00e12e8b_3355,11603.084
00e12e8b_3356,11603.104
00e12e8b_3357,11603.066
00e12e8b_3358,11603.078
00e12e8b_3359,11603.064
00e12e8b_3360,11603.077
00e12e8b_3361,11603.068
00e12e8b_3362,11603.103
00e12e8b_3363,11603.083
00e12e8b_3364,11603.102
00e12e8b_3365,11603.075
00e12e8b_3366,11603.105
00e12e8b_3367,11603.097
00e12e8b_3368,11603.143
00e12e8b_3369,11603.119
00e12e8b_3370,11603.153
00e12e8b_3371,11603.111
00e12e8b_3372,11602.984
00e12e8b_3373,11602.992
00e12e8b_3374,11602.939
00e12e8b_3375,11603.004
00e12e8b_3376,11602.963
00e12e8b_3377,11602.976
00e12e8b_3378,11602.993
00e12e8b_3379,11602.982
00e12e8b_3380,11602.988
00e12e8b_3381,11602.969
00e12e8b_3382,11602.981
00e12e8b_3383,11602.997
00e12e8b_3384,11602.992
00e12e8b_3385,11602.983
00e12e8b_3386,11602.987
00e12e8b_3387,11602.982
00e12e8b_3388,11602.963
00e12e8b_3389,11602.989
00e12e8b_3390,11602.969
00e12e8b_3391,11602.964
00e12e8b_3392,11602.972
00e12e8b_3393,11602.997
00e12e8b_3394,11603.014
00e12e8b_3395,11603.008
00e12e8b_3396,11602.974
00e12e8b_3397,11602.986
00e12e8b_3398,11602.952
00e12e8b_3399,11602.996
00e12e8b_3400,11602.917
00e12e8b_3401,11602.951
00e12e8b_3402,11602.949
00e12e8b_3403,11602.939
00e12e8b_3404,11602.923
00e12e8b_3405,11602.921
00e12e8b_3406,11602.906
00e12e8b_3407,11602.796
00e12e8b_3408,11602.813
00e12e8b_3409,11602.779
00e12e8b_3410,11602.801
00e12e8b_3411,11602.793
00e12e8b_3412,11602.806
00e12e8b_3413,11602.773
00e12e8b_3414,11602.794
00e12e8b_3415,11602.762
00e12e8b_3416,11602.791
00e12e8b_3417,11602.801
00e12e8b_3418,11602.797
00e12e8b_3419,11602.785
00e12e8b_3420,11602.815
00e12e8b_3421,11603.137
00e12e8b_3422,11603.135
00e12e8b_3423,11603.126
00e12e8b_3424,11603.099
00e12e8b_3425,11603.102
00e12e8b_3426,11603.127
00e12e8b_3427,11603.071
00e12e8b_3428,11603.076
00e12e8b_3429,11603.086
00e12e8b_3430,11603.057
00e12e8b_3431,11603.052
00e12e8b_3432,11603.081
00e12e8b_3433,11602.99
00e12e8b_3434,11603.025
00e12e8b_3435,11602.956
00e12e8b_3436,11602.962
00e12e8b_3437,11602.953
00e12e8b_3438,11602.938
00e12e8b_3439,11602.932
00e12e8b_3440,11603.025
00e12e8b_3441,11602.942
00e12e8b_3442,11602.927
00e12e8b_3443,11602.918
00e12e8b_3444,11602.915
00e12e8b_3445,11603.0
00e12e8b_3446,11602.874
00e12e8b_3447,11602.873
00e12e8b_3448,11602.938
00e12e8b_3449,11602.792
00e12e8b_3450,11602.746
00e12e8b_3451,11602.67
00e12e8b_3452,11602.743
00e12e8b_3453,11602.646
00e12e8b_3454,11602.637
00e12e8b_3455,11602.725
00e12e8b_3456,11602.626
00e12e8b_3457,11602.682
00e12e8b_3458,11602.596
00e12e8b_3459,11602.59
00e12e8b_3460,11602.679
00e12e8b_3461,11602.46
00e12e8b_3462,11602.471
00e12e8b_3463,11602.384
00e12e8b_3464,11602.422
00e12e8b_3465,11602.313
00e12e8b_3466,11602.289
00e12e8b_3467,11602.1875
00e12e8b_3468,11602.261
00e12e8b_3469,11602.177
00e12e8b_3470,11602.257
00e12e8b_3471,11602.182
00e12e8b_3472,11602.26
00e12e8b_3473,11602.244
00e12e8b_3474,11602.154
00e12e8b_3475,11602.214
00e12e8b_3476,11602.123
00e12e8b_3477,11602.209
00e12e8b_3478,11602.218
00e12e8b_3479,11602.139
00e12e8b_3480,11602.224
00e12e8b_3481,11602.097
00e12e8b_3482,11602.01
00e12e8b_3483,11602.02
00e12e8b_3484,11602.014
00e12e8b_3485,11602.014
00e12e8b_3486,11601.931
00e12e8b_3487,11602.014
00e12e8b_3488,11602.014
00e12e8b_3489,11602.01
00e12e8b_3490,11601.93
00e12e8b_3491,11602.016
00e12e8b_3492,11602.019
00e12e8b_3493,11602.012
00e12e8b_3494,11602.02
00e12e8b_3495,11601.934
00e12e8b_3496,11602.0
00e12e8b_3497,11602.013
00e12e8b_3498,11602.013
00e12e8b_3499,11602.012
00e12e8b_3500,11601.999
00e12e8b_3501,11601.979
00e12e8b_3502,11601.984
00e12e8b_3503,11601.943
00e12e8b_3504,11601.855
00e12e8b_3505,11601.924
00e12e8b_3506,11601.963
00e12e8b_3507,11601.964
00e12e8b_3508,11601.963
00e12e8b_3509,11601.93
00e12e8b_3510,11601.926
00e12e8b_3511,11601.928
00e12e8b_3512,11601.922
00e12e8b_3513,11601.803
00e12e8b_3514,11601.799
00e12e8b_3515,11601.793
00e12e8b_3516,11601.782
00e12e8b_3517,11601.769
00e12e8b_3518,11601.769
00e12e8b_3519,11601.71
00e12e8b_3520,11601.701
00e12e8b_3521,11601.668
00e12e8b_3522,11601.688
00e12e8b_3523,11601.651
00e12e8b_3524,11602.199
00e12e8b_3525,11602.129
00e12e8b_3526,11602.068
00e12e8b_3527,11602.072
00e12e8b_3528,11602.0625
00e12e8b_3529,11602.068
00e12e8b_3530,11602.152
00e12e8b_3531,11602.073
00e12e8b_3532,11602.077
00e12e8b_3533,11602.074
00e12e8b_3534,11602.152
00e12e8b_3535,11602.061
00e12e8b_3536,11602.064
00e12e8b_3537,11602.146
00e12e8b_3538,11602.0625
00e12e8b_3539,11602.062
00e12e8b_3540,11602.053
00e12e8b_3541,11602.139
00e12e8b_3542,11602.057
00e12e8b_3543,11602.132
00e12e8b_3544,11602.045
00e12e8b_3545,11602.043
00e12e8b_3546,11602.132
00e12e8b_3547,11602.043
00e12e8b_3548,11602.051
00e12e8b_3549,11602.093
00e12e8b_3550,11602.04
00e12e8b_3551,11602.049
00e12e8b_3552,11602.034
00e12e8b_3553,11602.037
00e12e8b_3554,11601.999
00e12e8b_3555,11602.014
00e12e8b_3556,11601.9795
00e12e8b_3557,11601.933
00e12e8b_3558,11601.908
00e12e8b_3559,11601.927
00e12e8b_3560,11601.918
00e12e8b_3561,11601.93
00e12e8b_3562,11601.893
00e12e8b_3563,11601.918
00e12e8b_3564,11601.877
00e12e8b_3565,11601.763
00e12e8b_3566,11601.779
00e12e8b_3567,11601.742
00e12e8b_3568,11601.764
00e12e8b_3569,11601.836
00e12e8b_3570,11601.789
00e12e8b_3571,11601.824
00e12e8b_3572,11601.748
00e12e8b_3573,11601.704
00e12e8b_3574,11601.722
00e12e8b_3575,11601.65
00e12e8b_3576,11601.624
00e12e8b_3577,11601.68
00e12e8b_3578,11601.631
00e12e8b_3579,11601.606
00e12e8b_3580,11601.651
00e12e8b_3581,11601.553
00e12e8b_3582,11601.572
00e12e8b_3583,11601.575
00e12e8b_3584,11601.45
00e12e8b_3585,11601.391
00e12e8b_3586,11601.491
00e12e8b_3587,11601.461
00e12e8b_3588,11601.423
00e12e8b_3589,11601.445
00e12e8b_3590,11601.437
00e12e8b_3591,11601.321
00e12e8b_3592,11601.283
00e12e8b_3593,11601.352
00e12e8b_3594,11601.012
00e12e8b_3595,11601.0625
00e12e8b_3596,11600.893
00e12e8b_3597,11601.021
00e12e8b_3598,11600.986
00e12e8b_3599,11600.957
00e12e8b_3600,11600.921
00e12e8b_3601,11600.785
00e12e8b_3602,11600.72
00e12e8b_3603,11600.73
00e12e8b_3604,11600.475
00e12e8b_3605,11600.398
00e12e8b_3606,11600.316
00e12e8b_3607,11600.224
00e12e8b_3608,11600.259
00e12e8b_3609,11600.3
00e12e8b_3610,11600.23
00e12e8b_3611,11600.224
00e12e8b_3612,11600.162
00e12e8b_3613,11600.104
00e12e8b_3614,11600.053
00e12e8b_3615,11600.049
00e12e8b_3616,11600.037
00e12e8b_3617,11600.0625
00e12e8b_3618,11600.061
00e12e8b_3619,11600.029
00e12e8b_3620,11600.029
00e12e8b_3621,11600.037
00e12e8b_3622,11599.995
00e12e8b_3623,11599.94
00e12e8b_3624,11600.014
00e12e8b_3625,11600.015
00e12e8b_3626,11599.911
00e12e8b_3627,11600.802
00e12e8b_3628,11600.772
00e12e8b_3629,11600.771
00e12e8b_3630,11600.624
00e12e8b_3631,11600.608
00e12e8b_3632,11600.598
00e12e8b_3633,11600.608
00e12e8b_3634,11600.602
00e12e8b_3635,11600.577
00e12e8b_3636,11600.553
00e12e8b_3637,11600.556
00e12e8b_3638,11600.561
00e12e8b_3639,11600.564
00e12e8b_3640,11600.557
00e12e8b_3641,11600.545
00e12e8b_3642,11600.539
00e12e8b_3643,11600.525
00e12e8b_3644,11600.51
00e12e8b_3645,11600.482
00e12e8b_3646,11600.406
00e12e8b_3647,11600.376
00e12e8b_3648,11600.439
00e12e8b_3649,11600.472
00e12e8b_3650,11600.447
00e12e8b_3651,11600.511
00e12e8b_3652,11600.502
00e12e8b_3653,11600.445
00e12e8b_3654,11600.434
00e12e8b_3655,11600.473
00e12e8b_3656,11600.35
00e12e8b_3657,11600.215
00e12e8b_3658,11600.223
00e12e8b_3659,11600.156
00e12e8b_3660,11600.134
00e12e8b_3661,11600.16
00e12e8b_3662,11600.163
00e12e8b_3663,11600.099
00e12e8b_3664,11600.125
00e12e8b_3665,11600.131
00e12e8b_3666,11600.106
00e12e8b_3667,11600.098
00e12e8b_3668,11600.083
00e12e8b_3669,11600.039
00e12e8b_3670,11599.99
00e12e8b_3671,11599.854
00e12e8b_3672,11599.853
00e12e8b_3673,11599.921
00e12e8b_3674,11599.802
00e12e8b_3675,11599.727
00e12e8b_3676,11599.705
00e12e8b_3677,11599.537
00e12e8b_3678,11599.43
00e12e8b_3679,11599.39
00e12e8b_3680,11599.268
00e12e8b_3681,11599.213
00e12e8b_3682,11599.182
00e12e8b_3683,11599.139
00e12e8b_3684,11599.096
00e12e8b_3685,11599.097
00e12e8b_3686,11599.046
00e12e8b_3687,11598.97
00e12e8b_3688,11598.972
00e12e8b_3689,11598.984
00e12e8b_3690,11598.991
00e12e8b_3691,11598.931
00e12e8b_3692,11598.896
00e12e8b_3693,11598.895
00e12e8b_3694,11598.978
00e12e8b_3695,11599.003
00e12e8b_3696,11598.958
00e12e8b_3697,11598.946
00e12e8b_3698,11598.884
00e12e8b_3699,11598.876
00e12e8b_3700,11598.765
00e12e8b_3701,11598.708
00e12e8b_3702,11598.669
00e12e8b_3703,11598.64
00e12e8b_3704,11598.6455
00e12e8b_3705,11598.496
00e12e8b_3706,11598.497
00e12e8b_3707,11598.472
00e12e8b_3708,11598.504
00e12e8b_3709,11598.502
00e12e8b_3710,11598.551
00e12e8b_3711,11598.637
00e12e8b_3712,11598.645
00e12e8b_3713,11598.607
00e12e8b_3714,11598.48
00e12e8b_3715,11598.403
00e12e8b_3716,11598.546
00e12e8b_3717,11598.542
00e12e8b_3718,11598.332
00e12e8b_3719,11598.191
00e12e8b_3720,11598.123
00e12e8b_3721,11598.055
00e12e8b_3722,11597.978
00e12e8b_3723,11597.975
00e12e8b_3724,11597.939
00e12e8b_3725,11597.847
00e12e8b_3726,11597.742
00e12e8b_3727,11597.722
00e12e8b_3728,11597.641
00e12e8b_3729,11597.582
00e12e8b_3730,11597.583
00e12e8b_3731,11598.846
00e12e8b_3732,11598.838
00e12e8b_3733,11598.867
00e12e8b_3734,11598.854
00e12e8b_3735,11598.782
00e12e8b_3736,11598.682
00e12e8b_3737,11598.665
00e12e8b_3738,11598.639
00e12e8b_3739,11598.62
00e12e8b_3740,11598.593
00e12e8b_3741,11598.573
00e12e8b_3742,11598.458
00e12e8b_3743,11598.47
00e12e8b_3744,11598.435
00e12e8b_3745,11598.429
00e12e8b_3746,11598.409
00e12e8b_3747,11598.43
00e12e8b_3748,11598.389
00e12e8b_3749,11598.231
00e12e8b_3750,11598.229
00e12e8b_3751,11598.187
00e12e8b_3752,11598.267
00e12e8b_3753,11598.158
00e12e8b_3754,11598.081
00e12e8b_3755,11597.872
00e12e8b_3756,11597.884
00e12e8b_3757,11597.734
00e12e8b_3758,11597.674
00e12e8b_3759,11597.717
00e12e8b_3760,11597.59
00e12e8b_3761,11597.412
00e12e8b_3762,11597.335
00e12e8b_3763,11597.298
00e12e8b_3764,11597.267
00e12e8b_3765,11597.2
00e12e8b_3766,11597.201
00e12e8b_3767,11597.133
00e12e8b_3768,11597.045
00e12e8b_3769,11597.014
00e12e8b_3770,11596.8955
00e12e8b_3771,11596.828
00e12e8b_3772,11596.806
00e12e8b_3773,11596.816
00e12e8b_3774,11596.717
00e12e8b_3775,11596.727
00e12e8b_3776,11596.762
00e12e8b_3777,11596.756
00e12e8b_3778,11596.728
00e12e8b_3779,11596.751
00e12e8b_3780,11596.758
00e12e8b_3781,11596.729
00e12e8b_3782,11596.732
00e12e8b_3783,11596.72
00e12e8b_3784,11596.736
00e12e8b_3785,11596.721
00e12e8b_3786,11596.712
00e12e8b_3787,11596.697
00e12e8b_3788,11596.836
00e12e8b_3789,11596.83
00e12e8b_3790,11596.994
00e12e8b_3791,11596.971
00e12e8b_3792,11596.956
00e12e8b_3793,11596.993
00e12e8b_3794,11597.132
00e12e8b_3795,11596.913
00e12e8b_3796,11596.908
00e12e8b_3797,11596.873
00e12e8b_3798,11596.86
00e12e8b_3799,11596.741
00e12e8b_3800,11596.785
00e12e8b_3801,11596.762
00e12e8b_3802,11596.818
00e12e8b_3803,11596.842
00e12e8b_3804,11596.868
00e12e8b_3805,11596.907
00e12e8b_3806,11596.966
00e12e8b_3807,11596.973
00e12e8b_3808,11596.996
00e12e8b_3809,11596.989
00e12e8b_3810,11597.0
00e12e8b_3811,11597.013
00e12e8b_3812,11596.989
00e12e8b_3813,11597.005
00e12e8b_3814,11596.989
00e12e8b_3815,11597.001
00e12e8b_3816,11596.942
00e12e8b_3817,11596.94
00e12e8b_3818,11596.92
00e12e8b_3819,11596.88
00e12e8b_3820,11596.871
00e12e8b_3821,11596.857
00e12e8b_3822,11596.887
00e12e8b_3823,11596.831
00e12e8b_3824,11596.82
00e12e8b_3825,11596.72
00e12e8b_3826,11596.679
00e12e8b_3827,11596.681
00e12e8b_3828,11596.658
00e12e8b_3829,11596.621
00e12e8b_3830,11596.596
00e12e8b_3831,11596.579
00e12e8b_3832,11596.546
00e12e8b_3833,11596.525
00e12e8b_3834,11597.045
00e12e8b_3835,11597.052
00e12e8b_3836,11597.051
00e12e8b_3837,11597.01
00e12e8b_3838,11597.006
00e12e8b_3839,11596.999
00e12e8b_3840,11596.998
00e12e8b_3841,11597.004
00e12e8b_3842,11597.006
00e12e8b_3843,11597.0205
00e12e8b_3844,11597.006
00e12e8b_3845,11596.987
00e12e8b_3846,11596.98
00e12e8b_3847,11596.969
00e12e8b_3848,11596.969
00e12e8b_3849,11596.949
00e12e8b_3850,11596.949
00e12e8b_3851,11596.899
00e12e8b_3852,11596.853
00e12e8b_3853,11596.8125
00e12e8b_3854,11596.819
00e12e8b_3855,11596.803
00e12e8b_3856,11596.781
00e12e8b_3857,11596.815
00e12e8b_3858,11596.769
00e12e8b_3859,11596.731
00e12e8b_3860,11596.718
00e12e8b_3861,11596.627
00e12e8b_3862,11596.587
00e12e8b_3863,11596.538
00e12e8b_3864,11596.534
00e12e8b_3865,11596.4795
00e12e8b_3866,11596.436
00e12e8b_3867,11596.457
00e12e8b_3868,11596.414
00e12e8b_3869,11596.384
00e12e8b_3870,11596.284
00e12e8b_3871,11596.285
00e12e8b_3872,11596.278
00e12e8b_3873,11596.311
00e12e8b_3874,11596.31
00e12e8b_3875,11596.248
00e12e8b_3876,11596.232
00e12e8b_3877,11596.249
00e12e8b_3878,11596.225
00e12e8b_3879,11596.219
00e12e8b_3880,11596.209
00e12e8b_3881,11596.154
00e12e8b_3882,11596.112
00e12e8b_3883,11596.107
00e12e8b_3884,11596.109
00e12e8b_3885,11596.065
00e12e8b_3886,11595.948
00e12e8b_3887,11595.868
00e12e8b_3888,11595.613
00e12e8b_3889,11595.623
00e12e8b_3890,11595.615
00e12e8b_3891,11595.618
00e12e8b_3892,11595.628
00e12e8b_3893,11595.619
00e12e8b_3894,11595.619
00e12e8b_3895,11595.599
00e12e8b_3896,11595.588
00e12e8b_3897,11595.612
00e12e8b_3898,11595.555
00e12e8b_3899,11595.514
00e12e8b_3900,11595.487
00e12e8b_3901,11595.456
00e12e8b_3902,11595.39
00e12e8b_3903,11595.249
00e12e8b_3904,11595.22
00e12e8b_3905,11595.131
00e12e8b_3906,11595.129
00e12e8b_3907,11595.006
00e12e8b_3908,11594.705
00e12e8b_3909,11594.703
00e12e8b_3910,11594.706
00e12e8b_3911,11594.64
00e12e8b_3912,11594.581
00e12e8b_3913,11594.504
00e12e8b_3914,11594.523
00e12e8b_3915,11594.509
00e12e8b_3916,11594.483
00e12e8b_3917,11594.43
00e12e8b_3918,11594.397
00e12e8b_3919,11594.288
00e12e8b_3920,11594.314
00e12e8b_3921,11594.295
00e12e8b_3922,11594.325
00e12e8b_3923,11594.166
00e12e8b_3924,11594.209
00e12e8b_3925,11594.027
00e12e8b_3926,11594.002
00e12e8b_3927,11593.994
00e12e8b_3928,11593.902
00e12e8b_3929,11593.844
00e12e8b_3930,11593.804
00e12e8b_3931,11593.816
00e12e8b_3932,11593.788
00e12e8b_3933,11593.763
00e12e8b_3934,11593.772
00e12e8b_3935,11593.809
00e12e8b_3936,11593.759
00e12e8b_3937,11595.138
00e12e8b_3938,11595.104
00e12e8b_3939,11595.069
00e12e8b_3940,11594.951
00e12e8b_3941,11594.663
00e12e8b_3942,11594.766
00e12e8b_3943,11594.771
00e12e8b_3944,11594.621
00e12e8b_3945,11594.649
00e12e8b_3946,11594.5625
00e12e8b_3947,11594.491
00e12e8b_3948,11594.541
00e12e8b_3949,11594.525
00e12e8b_3950,11594.507
00e12e8b_3951,11594.436
00e12e8b_3952,11594.2705
00e12e8b_3953,11594.347
00e12e8b_3954,11594.27
00e12e8b_3955,11594.207
00e12e8b_3956,11594.13
00e12e8b_3957,11594.054
00e12e8b_3958,11594.0
00e12e8b_3959,11593.936
00e12e8b_3960,11593.975
00e12e8b_3961,11593.866
00e12e8b_3962,11593.82
00e12e8b_3963,11593.771
00e12e8b_3964,11593.767
00e12e8b_3965,11593.76
00e12e8b_3966,11593.826
00e12e8b_3967,11593.802
00e12e8b_3968,11593.784
00e12e8b_3969,11593.781
00e12e8b_3970,11593.851
00e12e8b_3971,11593.778
00e12e8b_3972,11593.789
00e12e8b_3973,11593.769
00e12e8b_3974,11593.721
00e12e8b_3975,11593.632
00e12e8b_3976,11593.562
00e12e8b_3977,11593.591
00e12e8b_3978,11593.644
00e12e8b_3979,11593.57
00e12e8b_3980,11593.564
00e12e8b_3981,11593.487
00e12e8b_3982,11593.45
00e12e8b_3983,11593.447
00e12e8b_3984,11593.408
00e12e8b_3985,11593.357
00e12e8b_3986,11593.339
00e12e8b_3987,11593.352
00e12e8b_3988,11593.384
00e12e8b_3989,11593.353
00e12e8b_3990,11593.35
00e12e8b_3991,11593.355
00e12e8b_3992,11593.366
00e12e8b_3993,11593.352
00e12e8b_3994,11593.359
00e12e8b_3995,11593.432
00e12e8b_3996,11593.342
00e12e8b_3997,11593.341
00e12e8b_3998,11593.337
00e12e8b_3999,11593.313
00e12e8b_4000,11593.283
00e12e8b_4001,11593.304
00e12e8b_4002,11593.306
00e12e8b_4003,11593.305
00e12e8b_4004,11593.225
00e12e8b_4005,11593.201
00e12e8b_4006,11593.093
00e12e8b_4007,11593.037
00e12e8b_4008,11593.025
00e12e8b_4009,11593.019
00e12e8b_4010,11592.958
00e12e8b_4011,11592.854
00e12e8b_4012,11592.809
00e12e8b_4013,11592.757
00e12e8b_4014,11592.7
00e12e8b_4015,11592.6455
00e12e8b_4016,11592.607
00e12e8b_4017,11592.611
00e12e8b_4018,11592.668
00e12e8b_4019,11592.592
00e12e8b_4020,11592.554
00e12e8b_4021,11592.436
00e12e8b_4022,11592.276
00e12e8b_4023,11592.23
00e12e8b_4024,11592.224
00e12e8b_4025,11592.065
00e12e8b_4026,11592.05
00e12e8b_4027,11591.993
00e12e8b_4028,11591.808
00e12e8b_4029,11591.835
00e12e8b_4030,11591.832
00e12e8b_4031,11591.81
00e12e8b_4032,11591.75
00e12e8b_4033,11591.738
00e12e8b_4034,11591.681
00e12e8b_4035,11591.583
00e12e8b_4036,11591.583
00e12e8b_4037,11591.62
00e12e8b_4038,11591.566
00e12e8b_4039,11592.602
00e12e8b_4040,11592.526
00e12e8b_4041,11592.445
00e12e8b_4042,11592.383
00e12e8b_4043,11592.399
00e12e8b_4044,11592.313
00e12e8b_4045,11592.343
00e12e8b_4046,11592.275
00e12e8b_4047,11592.227
00e12e8b_4048,11592.172
00e12e8b_4049,11592.035
00e12e8b_4050,11591.943
00e12e8b_4051,11591.893
00e12e8b_4052,11591.92
00e12e8b_4053,11591.787
00e12e8b_4054,11591.789
00e12e8b_4055,11591.723
00e12e8b_4056,11591.722
00e12e8b_4057,11591.718
00e12e8b_4058,11591.737
00e12e8b_4059,11591.658
00e12e8b_4060,11591.629
00e12e8b_4061,11591.578
00e12e8b_4062,11591.53
00e12e8b_4063,11591.51
00e12e8b_4064,11591.467
00e12e8b_4065,11591.508
00e12e8b_4066,11591.477
00e12e8b_4067,11591.487
00e12e8b_4068,11591.465
00e12e8b_4069,11591.441
00e12e8b_4070,11591.448
00e12e8b_4071,11591.442
00e12e8b_4072,11591.442
00e12e8b_4073,11591.402
00e12e8b_4074,11591.41
00e12e8b_4075,11591.404
00e12e8b_4076,11591.395
00e12e8b_4077,11591.38
00e12e8b_4078,11591.351
00e12e8b_4079,11591.291
00e12e8b_4080,11591.296
00e12e8b_4081,11591.282
00e12e8b_4082,11591.256
00e12e8b_4083,11591.287
00e12e8b_4084,11591.182
00e12e8b_4085,11591.186
00e12e8b_4086,11591.182
00e12e8b_4087,11591.177
00e12e8b_4088,11591.184
00e12e8b_4089,11591.179
00e12e8b_4090,11591.185
00e12e8b_4091,11591.119
00e12e8b_4092,11591.055
00e12e8b_4093,11591.061
00e12e8b_4094,11591.058
00e12e8b_4095,11591.038
00e12e8b_4096,11591.049
00e12e8b_4097,11591.002
00e12e8b_4098,11590.995
00e12e8b_4099,11590.949
00e12e8b_4100,11591.025
00e12e8b_4101,11591.007
00e12e8b_4102,11590.914
00e12e8b_4103,11590.922
00e12e8b_4104,11590.933
00e12e8b_4105,11590.936
00e12e8b_4106,11590.931
00e12e8b_4107,11590.979
00e12e8b_4108,11591.0
00e12e8b_4109,11590.999
00e12e8b_4110,11591.037
00e12e8b_4111,11591.034
00e12e8b_4112,11590.99
00e12e8b_4113,11591.055
00e12e8b_4114,11591.057
00e12e8b_4115,11590.899
00e12e8b_4116,11590.9375
00e12e8b_4117,11590.998
00e12e8b_4118,11590.988
00e12e8b_4119,11591.02
00e12e8b_4120,11590.975
00e12e8b_4121,11590.897
00e12e8b_4122,11590.87
00e12e8b_4123,11590.897
00e12e8b_4124,11590.884
00e12e8b_4125,11590.978
00e12e8b_4126,11590.982
00e12e8b_4127,11590.852
00e12e8b_4128,11590.83
00e12e8b_4129,11590.815
00e12e8b_4130,11590.795
00e12e8b_4131,11590.789
00e12e8b_4132,11590.779
00e12e8b_4133,11590.781
00e12e8b_4134,11590.778
00e12e8b_4135,11590.777
00e12e8b_4136,11590.745
00e12e8b_4137,11590.779
00e12e8b_4138,11590.783
00e12e8b_4139,11590.767
00e12e8b_4140,11590.8125
00e12e8b_4141,11590.717
00e12e8b_4142,11591.027
00e12e8b_4143,11591.022
00e12e8b_4144,11590.966
00e12e8b_4145,11590.997
00e12e8b_4146,11590.908
00e12e8b_4147,11590.968
00e12e8b_4148,11591.009
00e12e8b_4149,11590.922
00e12e8b_4150,11591.094
00e12e8b_4151,11590.972
00e12e8b_4152,11590.93
00e12e8b_4153,11590.924
00e12e8b_4154,11590.938
00e12e8b_4155,11590.958
00e12e8b_4156,11591.088
00e12e8b_4157,11591.009
00e12e8b_4158,11591.0
00e12e8b_4159,11591.037
00e12e8b_4160,11590.98
00e12e8b_4161,11590.883
00e12e8b_4162,11590.847
00e12e8b_4163,11590.85
00e12e8b_4164,11590.844
00e12e8b_4165,11590.843
00e12e8b_4166,11590.941
00e12e8b_4167,11590.847
00e12e8b_4168,11590.826
00e12e8b_4169,11590.824
00e12e8b_4170,11590.83
00e12e8b_4171,11590.926
00e12e8b_4172,11590.832
00e12e8b_4173,11590.945
00e12e8b_4174,11590.952
00e12e8b_4175,11590.982
00e12e8b_4176,11590.945
00e12e8b_4177,11590.936
00e12e8b_4178,11590.842
00e12e8b_4179,11590.827
00e12e8b_4180,11590.865
00e12e8b_4181,11590.963
00e12e8b_4182,11590.982
00e12e8b_4183,11590.995
00e12e8b_4184,11590.987
00e12e8b_4185,11590.873
00e12e8b_4186,11590.86
00e12e8b_4187,11590.876
00e12e8b_4188,11590.961
00e12e8b_4189,11590.869
00e12e8b_4190,11590.889
00e12e8b_4191,11590.867
00e12e8b_4192,11590.811
00e12e8b_4193,11590.814
00e12e8b_4194,11590.811
00e12e8b_4195,11590.85
00e12e8b_4196,11590.848
00e12e8b_4197,11590.819
00e12e8b_4198,11590.747
00e12e8b_4199,11590.759
00e12e8b_4200,11590.777
00e12e8b_4201,11590.788
00e12e8b_4202,11590.772
00e12e8b_4203,11590.742
00e12e8b_4204,11590.771
00e12e8b_4205,11590.746
00e12e8b_4206,11590.758
00e12e8b_4207,11590.797
00e12e8b_4208,11590.761
00e12e8b_4209,11590.84
00e12e8b_4210,11590.799
00e12e8b_4211,11590.811
00e12e8b_4212,11590.764
00e12e8b_4213,11590.793
00e12e8b_4214,11590.801
00e12e8b_4215,11590.791
00e12e8b_4216,11590.758
00e12e8b_4217,11590.825
00e12e8b_4218,11590.8545
00e12e8b_4219,11590.818
00e12e8b_4220,11590.849
00e12e8b_4221,11590.975
00e12e8b_4222,11590.855
00e12e8b_4223,11590.825
00e12e8b_4224,11590.824
00e12e8b_4225,11590.85
00e12e8b_4226,11590.817
00e12e8b_4227,11590.827
00e12e8b_4228,11590.833
00e12e8b_4229,11590.825
00e12e8b_4230,11590.848
00e12e8b_4231,11590.855
00e12e8b_4232,11590.836
00e12e8b_4233,11590.835
00e12e8b_4234,11590.875
00e12e8b_4235,11590.834
00e12e8b_4236,11590.848
00e12e8b_4237,11590.824
00e12e8b_4238,11590.827
00e12e8b_4239,11590.85
00e12e8b_4240,11590.836
00e12e8b_4241,11590.863
00e12e8b_4242,11590.883
00e12e8b_4243,11590.867
00e12e8b_4244,11590.871
00e12e8b_4245,11591.345
00e12e8b_4246,11591.395
00e12e8b_4247,11591.434
00e12e8b_4248,11591.404
00e12e8b_4249,11591.445
00e12e8b_4250,11591.395
00e12e8b_4251,11591.449
00e12e8b_4252,11591.405
00e12e8b_4253,11591.422
00e12e8b_4254,11591.427
00e12e8b_4255,11591.415
00e12e8b_4256,11591.429
00e12e8b_4257,11591.506
00e12e8b_4258,11591.511
00e12e8b_4259,11591.501
00e12e8b_4260,11591.471
00e12e8b_4261,11591.473
00e12e8b_4262,11591.496
00e12e8b_4263,11591.491
00e12e8b_4264,11591.474
00e12e8b_4265,11591.512
00e12e8b_4266,11591.516
00e12e8b_4267,11591.521
00e12e8b_4268,11591.585
00e12e8b_4269,11591.557
00e12e8b_4270,11591.563
00e12e8b_4271,11591.546
00e12e8b_4272,11591.548
00e12e8b_4273,11591.572
00e12e8b_4274,11591.614
00e12e8b_4275,11591.579
00e12e8b_4276,11591.6
00e12e8b_4277,11591.604
00e12e8b_4278,11591.607
00e12e8b_4279,11591.633
00e12e8b_4280,11591.684
00e12e8b_4281,11591.629
00e12e8b_4282,11591.616
00e12e8b_4283,11591.675
00e12e8b_4284,11591.714
00e12e8b_4285,11591.751
00e12e8b_4286,11591.735
00e12e8b_4287,11591.707
00e12e8b_4288,11591.783
00e12e8b_4289,11591.754
00e12e8b_4290,11591.736
00e12e8b_4291,11591.708
00e12e8b_4292,11591.72
00e12e8b_4293,11591.731
00e12e8b_4294,11591.737
00e12e8b_4295,11591.718
00e12e8b_4296,11591.735
00e12e8b_4297,11591.722
00e12e8b_4298,11591.745
00e12e8b_4299,11591.777
00e12e8b_4300,11591.844
00e12e8b_4301,11591.882
00e12e8b_4302,11591.896
00e12e8b_4303,11591.896
00e12e8b_4304,11591.925
00e12e8b_4305,11591.953
00e12e8b_4306,11591.97
00e12e8b_4307,11591.979
00e12e8b_4308,11591.985
00e12e8b_4309,11592.002
00e12e8b_4310,11592.041
00e12e8b_4311,11592.008
00e12e8b_4312,11592.004
00e12e8b_4313,11592.004
00e12e8b_4314,11592.006
00e12e8b_4315,11592.014
00e12e8b_4316,11592.011
00e12e8b_4317,11592.038
00e12e8b_4318,11592.08
00e12e8b_4319,11592.111
00e12e8b_4320,11592.111
00e12e8b_4321,11592.131
00e12e8b_4322,11592.134
00e12e8b_4323,11592.074
00e12e8b_4324,11592.111
00e12e8b_4325,11592.169
00e12e8b_4326,11592.171
00e12e8b_4327,11592.163
00e12e8b_4328,11592.167
00e12e8b_4329,11592.15
00e12e8b_4330,11592.175
00e12e8b_4331,11592.183
00e12e8b_4332,11592.188
00e12e8b_4333,11592.191
00e12e8b_4334,11592.221
00e12e8b_4335,11592.228
00e12e8b_4336,11592.297
00e12e8b_4337,11592.285
00e12e8b_4338,11592.286
00e12e8b_4339,11592.452
00e12e8b_4340,11592.484
00e12e8b_4341,11592.507
00e12e8b_4342,11592.525
00e12e8b_4343,11592.518
00e12e8b_4344,11592.665
00e12e8b_4345,11592.659
00e12e8b_4346,11592.648
00e12e8b_4347,11592.665
00e12e8b_4348,11593.455
00e12e8b_4349,11593.43
00e12e8b_4350,11593.457
00e12e8b_4351,11593.451
00e12e8b_4352,11593.465
00e12e8b_4353,11593.456
00e12e8b_4354,11593.449
00e12e8b_4355,11593.451
00e12e8b_4356,11593.438
00e12e8b_4357,11593.463
00e12e8b_4358,11593.463
00e12e8b_4359,11593.408
00e12e8b_4360,11593.482
00e12e8b_4361,11593.412
00e12e8b_4362,11593.3955
00e12e8b_4363,11593.429
00e12e8b_4364,11593.414
00e12e8b_4365,11593.502
00e12e8b_4366,11593.47
00e12e8b_4367,11593.465
00e12e8b_4368,11593.5
00e12e8b_4369,11593.481
00e12e8b_4370,11593.6045
00e12e8b_4371,11593.602
00e12e8b_4372,11593.604
00e12e8b_4373,11593.513
00e12e8b_4374,11593.491
00e12e8b_4375,11593.513
00e12e8b_4376,11593.503
00e12e8b_4377,11593.495
00e12e8b_4378,11593.493
00e12e8b_4379,11593.464
00e12e8b_4380,11593.444
00e12e8b_4381,11593.48
00e12e8b_4382,11593.597
00e12e8b_4383,11593.587
00e12e8b_4384,11593.633
00e12e8b_4385,11593.638
00e12e8b_4386,11593.565
00e12e8b_4387,11593.603
00e12e8b_4388,11593.578
00e12e8b_4389,11593.645
00e12e8b_4390,11593.618
00e12e8b_4391,11593.599
00e12e8b_4392,11593.661
00e12e8b_4393,11593.64
00e12e8b_4394,11593.619
00e12e8b_4395,11593.729
00e12e8b_4396,11593.727
00e12e8b_4397,11593.727
00e12e8b_4398,11593.732
00e12e8b_4399,11593.691
00e12e8b_4400,11593.769
00e12e8b_4401,11593.798
00e12e8b_4402,11593.835
00e12e8b_4403,11593.821
00e12e8b_4404,11593.815
00e12e8b_4405,11593.914
00e12e8b_4406,11593.902
00e12e8b_4407,11593.895
00e12e8b_4408,11593.864
00e12e8b_4409,11593.955
00e12e8b_4410,11593.896
00e12e8b_4411,11593.987
00e12e8b_4412,11594.008
00e12e8b_4413,11594.116
00e12e8b_4414,11594.132
00e12e8b_4415,11594.131
00e12e8b_4416,11594.04
00e12e8b_4417,11594.141
00e12e8b_4418,11594.149
00e12e8b_4419,11594.1455
00e12e8b_4420,11594.05
00e12e8b_4421,11594.041
00e12e8b_4422,11594.054
00e12e8b_4423,11594.05
00e12e8b_4424,11594.05
00e12e8b_4425,11594.0625
00e12e8b_4426,11594.062
00e12e8b_4427,11594.009
00e12e8b_4428,11594.042
00e12e8b_4429,11594.009
00e12e8b_4430,11594.047
00e12e8b_4431,11594.039
00e12e8b_4432,11594.013
00e12e8b_4433,11594.033
00e12e8b_4434,11594.032
00e12e8b_4435,11594.036
00e12e8b_4436,11594.051
00e12e8b_4437,11594.037
00e12e8b_4438,11594.192
00e12e8b_4439,11594.197
00e12e8b_4440,11594.195
00e12e8b_4441,11594.12
00e12e8b_4442,11594.122
00e12e8b_4443,11594.121
00e12e8b_4444,11594.082
00e12e8b_4445,11594.119
00e12e8b_4446,11594.126
00e12e8b_4447,11594.107
00e12e8b_4448,11594.0625
00e12e8b_4449,11594.078
00e12e8b_4450,11595.659
00e12e8b_4451,11595.656
00e12e8b_4452,11595.661
00e12e8b_4453,11595.652
00e12e8b_4454,11595.66
00e12e8b_4455,11595.654
00e12e8b_4456,11595.655
00e12e8b_4457,11595.675
00e12e8b_4458,11595.681
00e12e8b_4459,11595.677
00e12e8b_4460,11595.6875
00e12e8b_4461,11595.664
00e12e8b_4462,11595.686
00e12e8b_4463,11595.697
00e12e8b_4464,11595.702
00e12e8b_4465,11595.676
00e12e8b_4466,11595.69
00e12e8b_4467,11595.704
00e12e8b_4468,11595.683
00e12e8b_4469,11595.663
00e12e8b_4470,11595.694
00e12e8b_4471,11595.663
00e12e8b_4472,11595.693
00e12e8b_4473,11595.688
00e12e8b_4474,11595.699
00e12e8b_4475,11595.663
00e12e8b_4476,11595.667
00e12e8b_4477,11595.682
00e12e8b_4478,11595.665
00e12e8b_4479,11595.705
00e12e8b_4480,11595.681
00e12e8b_4481,11595.697
00e12e8b_4482,11595.692
00e12e8b_4483,11595.68
00e12e8b_4484,11595.657
00e12e8b_4485,11595.692
00e12e8b_4486,11595.648
00e12e8b_4487,11595.689
00e12e8b_4488,11595.696
00e12e8b_4489,11595.68
00e12e8b_4490,11595.716
00e12e8b_4491,11595.729
00e12e8b_4492,11595.732
00e12e8b_4493,11595.732
00e12e8b_4494,11595.738
00e12e8b_4495,11595.715
00e12e8b_4496,11595.982
00e12e8b_4497,11595.991
00e12e8b_4498,11595.987
00e12e8b_4499,11596.041
00e12e8b_4500,11596.006
00e12e8b_4501,11596.028
00e12e8b_4502,11596.116
00e12e8b_4503,11596.082
00e12e8b_4504,11596.161
00e12e8b_4505,11596.129
00e12e8b_4506,11596.149
00e12e8b_4507,11596.144
00e12e8b_4508,11596.13
00e12e8b_4509,11596.159
00e12e8b_4510,11596.165
00e12e8b_4511,11596.15
00e12e8b_4512,11596.145
00e12e8b_4513,11596.147
00e12e8b_4514,11596.154
00e12e8b_4515,11596.154
00e12e8b_4516,11596.178
00e12e8b_4517,11596.189
00e12e8b_4518,11596.193
00e12e8b_4519,11596.201
00e12e8b_4520,11596.173
00e12e8b_4521,11596.193
00e12e8b_4522,11596.223
00e12e8b_4523,11596.198
00e12e8b_4524,11596.22
00e12e8b_4525,11596.205
00e12e8b_4526,11596.21
00e12e8b_4527,11596.212
00e12e8b_4528,11596.219
00e12e8b_4529,11596.204
00e12e8b_4530,11596.221
00e12e8b_4531,11596.229
00e12e8b_4532,11596.241
00e12e8b_4533,11596.231
00e12e8b_4534,11596.235
00e12e8b_4535,11596.2295
00e12e8b_4536,11596.222
00e12e8b_4537,11596.247
00e12e8b_4538,11596.258
00e12e8b_4539,11596.26
00e12e8b_4540,11596.239
00e12e8b_4541,11596.272
00e12e8b_4542,11596.257
00e12e8b_4543,11596.25
00e12e8b_4544,11596.278
00e12e8b_4545,11596.245
00e12e8b_4546,11596.27
00e12e8b_4547,11596.246
00e12e8b_4548,11596.266
00e12e8b_4549,11596.249
00e12e8b_4550,11596.298
00e12e8b_4551,11596.305
00e12e8b_4552,11596.875
00e12e8b_4553,11596.913
00e12e8b_4554,11596.891
00e12e8b_4555,11596.9
00e12e8b_4556,11596.917
00e12e8b_4557,11596.89
00e12e8b_4558,11596.882
00e12e8b_4559,11596.882
00e12e8b_4560,11596.906
00e12e8b_4561,11596.889
00e12e8b_4562,11596.938
00e12e8b_4563,11596.911
00e12e8b_4564,11596.955
00e12e8b_4565,11596.94
00e12e8b_4566,11596.962
00e12e8b_4567,11596.953
00e12e8b_4568,11596.957
00e12e8b_4569,11596.948
00e12e8b_4570,11596.955
00e12e8b_4571,11596.98
00e12e8b_4572,11596.952
00e12e8b_4573,11596.964
00e12e8b_4574,11596.959
00e12e8b_4575,11596.956
00e12e8b_4576,11596.94
00e12e8b_4577,11596.977
00e12e8b_4578,11596.959
00e12e8b_4579,11596.9795
00e12e8b_4580,11596.912
00e12e8b_4581,11596.964
00e12e8b_4582,11596.954
00e12e8b_4583,11596.943
00e12e8b_4584,11596.947
00e12e8b_4585,11596.969
00e12e8b_4586,11596.95
00e12e8b_4587,11596.979
00e12e8b_4588,11596.98
00e12e8b_4589,11596.991
00e12e8b_4590,11596.986
00e12e8b_4591,11596.995
00e12e8b_4592,11596.961
00e12e8b_4593,11597.016
00e12e8b_4594,11597.0205
00e12e8b_4595,11597.015
00e12e8b_4596,11597.016
00e12e8b_4597,11597.032
00e12e8b_4598,11597.029
00e12e8b_4599,11597.039
00e12e8b_4600,11597.04
00e12e8b_4601,11597.043
00e12e8b_4602,11597.044
00e12e8b_4603,11597.042
00e12e8b_4604,11597.051
00e12e8b_4605,11597.057
00e12e8b_4606,11597.064
00e12e8b_4607,11597.054
00e12e8b_4608,11597.065
00e12e8b_4609,11597.065
00e12e8b_4610,11597.057
00e12e8b_4611,11597.061
00e12e8b_4612,11597.029
00e12e8b_4613,11597.028
00e12e8b_4614,11597.002
00e12e8b_4615,11596.99
00e12e8b_4616,11597.021
00e12e8b_4617,11597.026
00e12e8b_4618,11597.014
00e12e8b_4619,11597.021
00e12e8b_4620,11597.028
00e12e8b_4621,11597.02
00e12e8b_4622,11597.021
00e12e8b_4623,11597.026
00e12e8b_4624,11597.031
00e12e8b_4625,11597.029
00e12e8b_4626,11597.04
00e12e8b_4627,11597.023
00e12e8b_4628,11596.996
00e12e8b_4629,11597.027
00e12e8b_4630,11597.019
00e12e8b_4631,11597.016
00e12e8b_4632,11597.025
00e12e8b_4633,11597.009
00e12e8b_4634,11597.024
00e12e8b_4635,11596.988
00e12e8b_4636,11597.035
00e12e8b_4637,11596.999
00e12e8b_4638,11597.021
00e12e8b_4639,11597.01
00e12e8b_4640,11597.012
00e12e8b_4641,11597.002
00e12e8b_4642,11597.043
00e12e8b_4643,11597.042
00e12e8b_4644,11597.036
00e12e8b_4645,11597.031
00e12e8b_4646,11597.02
00e12e8b_4647,11597.012
00e12e8b_4648,11596.986
00e12e8b_4649,11597.004
00e12e8b_4650,11597.02
00e12e8b_4651,11597.0205
00e12e8b_4652,11597.057
00e12e8b_4653,11597.034
00e12e8b_4654,11597.039
00e12e8b_4655,11597.627
00e12e8b_4656,11597.629
00e12e8b_4657,11597.631
00e12e8b_4658,11597.621
00e12e8b_4659,11597.631
00e12e8b_4660,11597.641
00e12e8b_4661,11597.643
00e12e8b_4662,11597.636
00e12e8b_4663,11597.652
00e12e8b_4664,11597.657
00e12e8b_4665,11597.652
00e12e8b_4666,11597.655
00e12e8b_4667,11597.67
00e12e8b_4668,11597.705
00e12e8b_4669,11597.737
00e12e8b_4670,11597.748
00e12e8b_4671,11597.826
00e12e8b_4672,11597.916
00e12e8b_4673,11597.923
00e12e8b_4674,11597.896
00e12e8b_4675,11597.895
00e12e8b_4676,11597.927
00e12e8b_4677,11597.896
00e12e8b_4678,11597.952
00e12e8b_4679,11598.022
00e12e8b_4680,11598.0205
00e12e8b_4681,11598.017
00e12e8b_4682,11598.028
00e12e8b_4683,11598.011
00e12e8b_4684,11597.998
00e12e8b_4685,11598.016
00e12e8b_4686,11598.031
00e12e8b_4687,11598.04
00e12e8b_4688,11598.007
00e12e8b_4689,11598.039
00e12e8b_4690,11598.011
00e12e8b_4691,11597.945
00e12e8b_4692,11598.062
00e12e8b_4693,11598.064
00e12e8b_4694,11597.97
00e12e8b_4695,11598.099
00e12e8b_4696,11598.001
00e12e8b_4697,11598.076
00e12e8b_4698,11598.067
00e12e8b_4699,11598.104
00e12e8b_4700,11598.128
00e12e8b_4701,11598.162
00e12e8b_4702,11598.1875
00e12e8b_4703,11598.318
00e12e8b_4704,11598.438
00e12e8b_4705,11598.515
00e12e8b_4706,11598.539
00e12e8b_4707,11598.524
00e12e8b_4708,11598.527
00e12e8b_4709,11598.525
00e12e8b_4710,11598.501
00e12e8b_4711,11598.503
00e12e8b_4712,11598.503
00e12e8b_4713,11598.5
00e12e8b_4714,11598.429
00e12e8b_4715,11598.432
00e12e8b_4716,11598.489
00e12e8b_4717,11598.512
00e12e8b_4718,11598.495
00e12e8b_4719,11598.485
00e12e8b_4720,11598.487
00e12e8b_4721,11598.495
00e12e8b_4722,11598.487
00e12e8b_4723,11598.414
00e12e8b_4724,11598.371
00e12e8b_4725,11598.39
00e12e8b_4726,11598.358
00e12e8b_4727,11598.454
00e12e8b_4728,11598.381
00e12e8b_4729,11598.388
00e12e8b_4730,11598.357
00e12e8b_4731,11598.451
00e12e8b_4732,11598.377
00e12e8b_4733,11598.383
00e12e8b_4734,11598.445
00e12e8b_4735,11598.401
00e12e8b_4736,11598.372
00e12e8b_4737,11598.385
00e12e8b_4738,11598.397
00e12e8b_4739,11598.476
00e12e8b_4740,11598.47
00e12e8b_4741,11598.493
00e12e8b_4742,11598.497
00e12e8b_4743,11598.48
00e12e8b_4744,11598.484
00e12e8b_4745,11598.485
00e12e8b_4746,11598.478
00e12e8b_4747,11598.485
00e12e8b_4748,11598.439
00e12e8b_4749,11598.448
00e12e8b_4750,11598.373
00e12e8b_4751,11598.365
00e12e8b_4752,11598.439
00e12e8b_4753,11598.342
00e12e8b_4754,11598.347
00e12e8b_4755,11598.256
00e12e8b_4756,11598.084
00e12e8b_4757,11599.034
00e12e8b_4758,11598.959
00e12e8b_4759,11598.957
00e12e8b_4760,11598.919
00e12e8b_4761,11598.877
00e12e8b_4762,11598.889
00e12e8b_4763,11598.904
00e12e8b_4764,11598.9
00e12e8b_4765,11598.897
00e12e8b_4766,11598.878
00e12e8b_4767,11598.778
00e12e8b_4768,11598.716
00e12e8b_4769,11598.631
00e12e8b_4770,11598.601
00e12e8b_4771,11598.574
00e12e8b_4772,11598.589
00e12e8b_4773,11598.616
00e12e8b_4774,11598.617
00e12e8b_4775,11598.599
00e12e8b_4776,11598.546
00e12e8b_4777,11598.566
00e12e8b_4778,11598.498
00e12e8b_4779,11598.456
00e12e8b_4780,11598.48
00e12e8b_4781,11598.402
00e12e8b_4782,11598.403
00e12e8b_4783,11598.387
00e12e8b_4784,11598.381
00e12e8b_4785,11598.389
00e12e8b_4786,11598.418
00e12e8b_4787,11598.374
00e12e8b_4788,11598.311
00e12e8b_4789,11598.325
00e12e8b_4790,11598.237
00e12e8b_4791,11598.237
00e12e8b_4792,11598.328
00e12e8b_4793,11598.233
00e12e8b_4794,11598.177
00e12e8b_4795,11598.217
00e12e8b_4796,11598.123
00e12e8b_4797,11598.076
00e12e8b_4798,11598.063
00e12e8b_4799,11598.124
00e12e8b_4800,11597.99
00e12e8b_4801,11598.002
00e12e8b_4802,11597.991
00e12e8b_4803,11598.01
00e12e8b_4804,11597.984
00e12e8b_4805,11597.995
00e12e8b_4806,11597.937
00e12e8b_4807,11598.08
00e12e8b_4808,11597.995
00e12e8b_4809,11598.004
00e12e8b_4810,11597.98
00e12e8b_4811,11597.999
00e12e8b_4812,11597.994
00e12e8b_4813,11597.967
00e12e8b_4814,11597.958
00e12e8b_4815,11597.965
00e12e8b_4816,11597.943
00e12e8b_4817,11597.96
00e12e8b_4818,11597.936
00e12e8b_4819,11597.931
00e12e8b_4820,11597.9375
00e12e8b_4821,11597.932
00e12e8b_4822,11597.91
00e12e8b_4823,11597.991
00e12e8b_4824,11597.899
00e12e8b_4825,11597.884
00e12e8b_4826,11597.894
00e12e8b_4827,11597.972
00e12e8b_4828,11597.988
00e12e8b_4829,11598.037
00e12e8b_4830,11598.054
00e12e8b_4831,11598.0625
00e12e8b_4832,11598.051
00e12e8b_4833,11598.104
00e12e8b_4834,11598.085
00e12e8b_4835,11598.143
00e12e8b_4836,11598.135
00e12e8b_4837,11598.12
00e12e8b_4838,11598.1045
00e12e8b_4839,11598.017
00e12e8b_4840,11598.091
00e12e8b_4841,11598.092
00e12e8b_4842,11598.11
00e12e8b_4843,11598.092
00e12e8b_4844,11598.11
00e12e8b_4845,11598.018
00e12e8b_4846,11598.11
00e12e8b_4847,11598.099
00e12e8b_4848,11598.088
00e12e8b_4849,11598.109
00e12e8b_4850,11598.125
00e12e8b_4851,11598.106
00e12e8b_4852,11598.109
00e12e8b_4853,11598.063
00e12e8b_4854,11598.0625
00e12e8b_4855,11598.086
00e12e8b_4856,11598.126
00e12e8b_4857,11598.128
00e12e8b_4858,11598.124
00e12e8b_4859,11598.154
00e12e8b_4860,11598.995
00e12e8b_4861,11598.976
00e12e8b_4862,11598.939
00e12e8b_4863,11598.939
00e12e8b_4864,11598.931
00e12e8b_4865,11598.851
00e12e8b_4866,11598.84
00e12e8b_4867,11598.82
00e12e8b_4868,11598.795
00e12e8b_4869,11598.779
00e12e8b_4870,11598.694
00e12e8b_4871,11598.767
00e12e8b_4872,11598.689
00e12e8b_4873,11598.697
00e12e8b_4874,11598.683
00e12e8b_4875,11598.672
00e12e8b_4876,11598.689
00e12e8b_4877,11598.769
00e12e8b_4878,11598.6875
00e12e8b_4879,11598.673
00e12e8b_4880,11598.647
00e12e8b_4881,11598.665
00e12e8b_4882,11598.619
00e12e8b_4883,11598.663
00e12e8b_4884,11598.659
00e12e8b_4885,11598.666
00e12e8b_4886,11598.707
00e12e8b_4887,11598.639
00e12e8b_4888,11598.626
00e12e8b_4889,11598.715
00e12e8b_4890,11598.607
00e12e8b_4891,11598.713
00e12e8b_4892,11598.7295
00e12e8b_4893,11598.633
00e12e8b_4894,11598.736
00e12e8b_4895,11598.736
00e12e8b_4896,11598.651
00e12e8b_4897,11598.736
00e12e8b_4898,11598.69
00e12e8b_4899,11598.691
00e12e8b_4900,11598.669
00e12e8b_4901,11598.662
00e12e8b_4902,11598.669
00e12e8b_4903,11598.68
00e12e8b_4904,11598.722
00e12e8b_4905,11598.685
00e12e8b_4906,11598.665
00e12e8b_4907,11598.649
00e12e8b_4908,11598.645
00e12e8b_4909,11598.663
00e12e8b_4910,11598.663
00e12e8b_4911,11598.693
00e12e8b_4912,11598.692
00e12e8b_4913,11598.701
00e12e8b_4914,11598.692
00e12e8b_4915,11598.686
00e12e8b_4916,11598.717
00e12e8b_4917,11598.713
00e12e8b_4918,11598.722
00e12e8b_4919,11598.692
00e12e8b_4920,11598.701
00e12e8b_4921,11598.635
00e12e8b_4922,11598.672
00e12e8b_4923,11598.636
00e12e8b_4924,11598.596
00e12e8b_4925,11598.641
00e12e8b_4926,11598.682
00e12e8b_4927,11598.673
00e12e8b_4928,11598.644
00e12e8b_4929,11598.659
00e12e8b_4930,11598.6045
00e12e8b_4931,11598.59
00e12e8b_4932,11598.592
00e12e8b_4933,11598.575
00e12e8b_4934,11598.548
00e12e8b_4935,11598.473
00e12e8b_4936,11598.58
00e12e8b_4937,11598.486
00e12e8b_4938,11598.476
00e12e8b_4939,11598.383
00e12e8b_4940,11598.449
00e12e8b_4941,11598.358
00e12e8b_4942,11598.362
00e12e8b_4943,11598.34
00e12e8b_4944,11598.309
00e12e8b_4945,11598.316
00e12e8b_4946,11598.388
00e12e8b_4947,11598.316
00e12e8b_4948,11598.293
00e12e8b_4949,11598.372
00e12e8b_4950,11598.277
00e12e8b_4951,11598.249
00e12e8b_4952,11598.262
00e12e8b_4953,11598.263
00e12e8b_4954,11598.255
00e12e8b_4955,11598.233
00e12e8b_4956,11598.25
00e12e8b_4957,11598.359
00e12e8b_4958,11598.274
00e12e8b_4959,11598.341
00e12e8b_4960,11598.32
00e12e8b_4961,11598.237
00e12e8b_4962,11598.259
00e12e8b_4963,11599.434
00e12e8b_4964,11599.438
00e12e8b_4965,11599.42
00e12e8b_4966,11599.385
00e12e8b_4967,11599.3955
00e12e8b_4968,11599.5
00e12e8b_4969,11599.521
00e12e8b_4970,11599.532
00e12e8b_4971,11599.53
00e12e8b_4972,11599.517
00e12e8b_4973,11599.516
00e12e8b_4974,11599.509
00e12e8b_4975,11599.517
00e12e8b_4976,11599.502
00e12e8b_4977,11599.494
00e12e8b_4978,11599.389
00e12e8b_4979,11599.363
00e12e8b_4980,11599.321
00e12e8b_4981,11599.32
00e12e8b_4982,11599.321
00e12e8b_4983,11599.3125
00e12e8b_4984,11599.207
00e12e8b_4985,11599.141
00e12e8b_4986,11599.128
00e12e8b_4987,11599.131
00e12e8b_4988,11599.128
00e12e8b_4989,11599.091
00e12e8b_4990,11598.986
00e12e8b_4991,11598.899
00e12e8b_4992,11598.865
00e12e8b_4993,11598.938
00e12e8b_4994,11598.878
00e12e8b_4995,11598.9
00e12e8b_4996,11598.852
00e12e8b_4997,11598.828
00e12e8b_4998,11598.795
00e12e8b_4999,11598.794
00e12e8b_5000,11598.716
00e12e8b_5001,11598.685
00e12e8b_5002,11598.627
00e12e8b_5003,11598.535
00e12e8b_5004,11598.539
00e12e8b_5005,11598.512
00e12e8b_5006,11598.471
00e12e8b_5007,11598.455
00e12e8b_5008,11598.539
00e12e8b_5009,11598.401
00e12e8b_5010,11598.403
00e12e8b_5011,11598.405
00e12e8b_5012,11598.381
00e12e8b_5013,11598.373
00e12e8b_5014,11598.377
00e12e8b_5015,11598.339
00e12e8b_5016,11598.278
00e12e8b_5017,11598.328
00e12e8b_5018,11598.279
00e12e8b_5019,11598.246
00e12e8b_5020,11598.263
00e12e8b_5021,11598.355
00e12e8b_5022,11598.365
00e12e8b_5023,11598.379
00e12e8b_5024,11598.337
00e12e8b_5025,11598.344
00e12e8b_5026,11598.371
00e12e8b_5027,11598.371
00e12e8b_5028,11598.34
00e12e8b_5029,11598.339
00e12e8b_5030,11598.359
00e12e8b_5031,11598.268
00e12e8b_5032,11598.227
00e12e8b_5033,11598.278
00e12e8b_5034,11598.24
00e12e8b_5035,11598.211
00e12e8b_5036,11598.129
00e12e8b_5037,11598.209
00e12e8b_5038,11598.172
00e12e8b_5039,11598.085
00e12e8b_5040,11598.049
00e12e8b_5041,11598.103
00e12e8b_5042,11598.071
00e12e8b_5043,11598.098
00e12e8b_5044,11598.064
00e12e8b_5045,11598.004
00e12e8b_5046,11598.009
00e12e8b_5047,11597.96
00e12e8b_5048,11597.951
00e12e8b_5049,11597.898
00e12e8b_5050,11597.79
00e12e8b_5051,11597.705
00e12e8b_5052,11597.711
00e12e8b_5053,11597.685
00e12e8b_5054,11597.632
00e12e8b_5055,11597.63
00e12e8b_5056,11597.593
00e12e8b_5057,11597.487
00e12e8b_5058,11597.456
00e12e8b_5059,11597.452
00e12e8b_5060,11597.465
00e12e8b_5061,11597.473
00e12e8b_5062,11597.458
00e12e8b_5063,11597.429
00e12e8b_5064,11597.417
00e12e8b_5065,11597.418
00e12e8b_5066,11597.409
00e12e8b_5067,11597.403
00e12e8b_5068,11598.051
00e12e8b_5069,11598.051
00e12e8b_5070,11598.024
00e12e8b_5071,11598.002
00e12e8b_5072,11598.041
00e12e8b_5073,11598.025
00e12e8b_5074,11597.998
00e12e8b_5075,11597.988
00e12e8b_5076,11597.967
00e12e8b_5077,11597.893
00e12e8b_5078,11597.926
00e12e8b_5079,11597.91
00e12e8b_5080,11597.894
00e12e8b_5081,11597.882
00e12e8b_5082,11598.0
00e12e8b_5083,11597.869
00e12e8b_5084,11597.89
00e12e8b_5085,11597.849
00e12e8b_5086,11597.864
00e12e8b_5087,11597.845
00e12e8b_5088,11597.825
00e12e8b_5089,11597.841
00e12e8b_5090,11597.824
00e12e8b_5091,11597.832
00e12e8b_5092,11597.797
00e12e8b_5093,11597.814
00e12e8b_5094,11597.865
00e12e8b_5095,11597.827
00e12e8b_5096,11597.812
00e12e8b_5097,11597.83
00e12e8b_5098,11597.745
00e12e8b_5099,11597.676
00e12e8b_5100,11597.475
00e12e8b_5101,11597.372
00e12e8b_5102,11597.469
00e12e8b_5103,11597.342
00e12e8b_5104,11597.34
00e12e8b_5105,11597.351
00e12e8b_5106,11597.381
00e12e8b_5107,11597.236
00e12e8b_5108,11597.181
00e12e8b_5109,11597.283
00e12e8b_5110,11597.235
00e12e8b_5111,11597.158
00e12e8b_5112,11597.208
00e12e8b_5113,11597.132
00e12e8b_5114,11597.171
00e12e8b_5115,11597.113
00e12e8b_5116,11597.075
00e12e8b_5117,11597.143
00e12e8b_5118,11597.113
00e12e8b_5119,11597.204
00e12e8b_5120,11597.005
00e12e8b_5121,11597.103
00e12e8b_5122,11597.031
00e12e8b_5123,11597.082
00e12e8b_5124,11596.987
00e12e8b_5125,11597.057
00e12e8b_5126,11597.054
00e12e8b_5127,11597.003
00e12e8b_5128,11597.041
00e12e8b_5129,11596.956
00e12e8b_5130,11597.035
00e12e8b_5131,11597.035
00e12e8b_5132,11596.91
00e12e8b_5133,11596.979
00e12e8b_5134,11596.935
00e12e8b_5135,11596.853
00e12e8b_5136,11596.935
00e12e8b_5137,11596.922
00e12e8b_5138,11596.86
00e12e8b_5139,11596.834
00e12e8b_5140,11596.882
00e12e8b_5141,11596.873
00e12e8b_5142,11596.868
00e12e8b_5143,11596.809
00e12e8b_5144,11596.696
00e12e8b_5145,11596.725
00e12e8b_5146,11596.768
00e12e8b_5147,11596.752
00e12e8b_5148,11596.784
00e12e8b_5149,11596.742
00e12e8b_5150,11596.726
00e12e8b_5151,11596.68
00e12e8b_5152,11596.578
00e12e8b_5153,11596.65
00e12e8b_5154,11596.628
00e12e8b_5155,11596.508
00e12e8b_5156,11596.528
00e12e8b_5157,11596.527
00e12e8b_5158,11596.508
00e12e8b_5159,11596.526
00e12e8b_5160,11596.494
00e12e8b_5161,11596.445
00e12e8b_5162,11596.451
00e12e8b_5163,11596.457
00e12e8b_5164,11596.482
00e12e8b_5165,11596.476
00e12e8b_5166,11596.446
00e12e8b_5167,11596.434
00e12e8b_5168,11596.433
00e12e8b_5169,11596.441
00e12e8b_5170,11596.427
00e12e8b_5171,11596.382
00e12e8b_5172,11596.439
00e12e8b_5173,11596.393
00e12e8b_5174,11596.965
00e12e8b_5175,11596.906
00e12e8b_5176,11596.929
00e12e8b_5177,11596.927
00e12e8b_5178,11596.925
00e12e8b_5179,11596.899
00e12e8b_5180,11596.916
00e12e8b_5181,11596.885
00e12e8b_5182,11596.769
00e12e8b_5183,11596.7705
00e12e8b_5184,11596.711
00e12e8b_5185,11596.763
00e12e8b_5186,11596.775
00e12e8b_5187,11596.648
00e12e8b_5188,11596.633
00e12e8b_5189,11596.613
00e12e8b_5190,11596.628
00e12e8b_5191,11596.599
00e12e8b_5192,11596.573
00e12e8b_5193,11596.476
00e12e8b_5194,11596.476
00e12e8b_5195,11596.518
00e12e8b_5196,11596.514
00e12e8b_5197,11596.511
00e12e8b_5198,11596.496
00e12e8b_5199,11596.457
00e12e8b_5200,11596.467
00e12e8b_5201,11596.421
00e12e8b_5202,11596.48
00e12e8b_5203,11596.508
00e12e8b_5204,11596.392
00e12e8b_5205,11596.489
00e12e8b_5206,11596.395
00e12e8b_5207,11596.502
00e12e8b_5208,11596.48
00e12e8b_5209,11596.407
00e12e8b_5210,11596.386
00e12e8b_5211,11596.466
00e12e8b_5212,11596.348
00e12e8b_5213,11596.427
00e12e8b_5214,11596.295
00e12e8b_5215,11596.226
00e12e8b_5216,11596.182
00e12e8b_5217,11595.985
00e12e8b_5218,11595.932
00e12e8b_5219,11595.979
00e12e8b_5220,11596.022
00e12e8b_5221,11595.95
00e12e8b_5222,11595.97
00e12e8b_5223,11595.954
00e12e8b_5224,11595.964
00e12e8b_5225,11595.972
00e12e8b_5226,11595.955
00e12e8b_5227,11595.906
00e12e8b_5228,11595.946
00e12e8b_5229,11595.92
00e12e8b_5230,11595.881
00e12e8b_5231,11595.921
00e12e8b_5232,11595.926
00e12e8b_5233,11595.923
00e12e8b_5234,11595.919
00e12e8b_5235,11595.867
00e12e8b_5236,11595.865
00e12e8b_5237,11595.899
00e12e8b_5238,11595.846
00e12e8b_5239,11595.833
00e12e8b_5240,11595.865
00e12e8b_5241,11595.869
00e12e8b_5242,11595.892
00e12e8b_5243,11595.841
00e12e8b_5244,11595.873
00e12e8b_5245,11595.795
00e12e8b_5246,11595.662
00e12e8b_5247,11595.607
00e12e8b_5248,11595.518
00e12e8b_5249,11595.51
00e12e8b_5250,11595.527
00e12e8b_5251,11595.52
00e12e8b_5252,11595.464
00e12e8b_5253,11595.449
00e12e8b_5254,11595.446
00e12e8b_5255,11595.37
00e12e8b_5256,11595.311
00e12e8b_5257,11595.321
00e12e8b_5258,11595.325
00e12e8b_5259,11595.267
00e12e8b_5260,11595.074
00e12e8b_5261,11595.072
00e12e8b_5262,11595.085
00e12e8b_5263,11595.076
00e12e8b_5264,11595.076
00e12e8b_5265,11595.077
00e12e8b_5266,11595.081
00e12e8b_5267,11595.085
00e12e8b_5268,11595.081
00e12e8b_5269,11595.073
00e12e8b_5270,11595.044
00e12e8b_5271,11595.061
00e12e8b_5272,11595.01
00e12e8b_5273,11594.942
00e12e8b_5274,11594.93
00e12e8b_5275,11594.959
00e12e8b_5276,11594.934
00e12e8b_5277,11594.903
00e12e8b_5278,11594.883
00e12e8b_5279,11594.886
00e12e8b_5280,11594.895
00e12e8b_5281,11594.892
00e12e8b_5282,11594.875
00e12e8b_5283,11594.875
00e12e8b_5284,11594.885
00e12e8b_5285,11594.887
00e12e8b_5286,11594.9
00e12e8b_5287,11594.887
00e12e8b_5288,11594.88
00e12e8b_5289,11594.888
00e12e8b_5290,11594.883
00e12e8b_5291,11594.878
00e12e8b_5292,11594.878
00e12e8b_5293,11594.874
00e12e8b_5294,11594.879
00e12e8b_5295,11594.875
00e12e8b_5296,11594.879
00e12e8b_5297,11594.858
00e12e8b_5298,11594.846
00e12e8b_5299,11594.849
00e12e8b_5300,11594.924
00e12e8b_5301,11594.921
00e12e8b_5302,11594.906
00e12e8b_5303,11594.909
00e12e8b_5304,11594.881
00e12e8b_5305,11594.873
00e12e8b_5306,11594.8
00e12e8b_5307,11594.827
00e12e8b_5308,11594.791
00e12e8b_5309,11594.814
00e12e8b_5310,11594.81
00e12e8b_5311,11594.797
00e12e8b_5312,11594.814
00e12e8b_5313,11594.796
00e12e8b_5314,11594.779
00e12e8b_5315,11594.786
00e12e8b_5316,11594.785
00e12e8b_5317,11594.791
00e12e8b_5318,11594.763
00e12e8b_5319,11594.787
00e12e8b_5320,11594.627
00e12e8b_5321,11594.652
00e12e8b_5322,11594.647
00e12e8b_5323,11594.627
00e12e8b_5324,11594.692
00e12e8b_5325,11594.662
00e12e8b_5326,11594.652
00e12e8b_5327,11594.648
00e12e8b_5328,11594.603
00e12e8b_5329,11594.527
00e12e8b_5330,11594.438
00e12e8b_5331,11594.464
00e12e8b_5332,11594.455
00e12e8b_5333,11594.494
00e12e8b_5334,11594.506
00e12e8b_5335,11594.513
00e12e8b_5336,11594.498
00e12e8b_5337,11594.433
00e12e8b_5338,11594.518
00e12e8b_5339,11594.518
00e12e8b_5340,11594.402
00e12e8b_5341,11594.361
00e12e8b_5342,11594.386
00e12e8b_5343,11594.325
00e12e8b_5344,11594.397
00e12e8b_5345,11594.377
00e12e8b_5346,11594.314
00e12e8b_5347,11594.306
00e12e8b_5348,11594.281
00e12e8b_5349,11594.35
00e12e8b_5350,11594.255
00e12e8b_5351,11594.246
00e12e8b_5352,11594.302
00e12e8b_5353,11594.322
00e12e8b_5354,11594.339
00e12e8b_5355,11594.256
00e12e8b_5356,11594.316
00e12e8b_5357,11594.245
00e12e8b_5358,11594.324
00e12e8b_5359,11594.331
00e12e8b_5360,11594.26
00e12e8b_5361,11594.279
00e12e8b_5362,11594.259
00e12e8b_5363,11594.3545
00e12e8b_5364,11594.291
00e12e8b_5365,11594.34
00e12e8b_5366,11594.309
00e12e8b_5367,11594.371
00e12e8b_5368,11594.361
00e12e8b_5369,11594.367
00e12e8b_5370,11594.348
00e12e8b_5371,11594.365
00e12e8b_5372,11594.291
00e12e8b_5373,11594.363
00e12e8b_5374,11594.361
00e12e8b_5375,11594.338
00e12e8b_5376,11594.341
00e12e8b_5377,11594.363
00e12e8b_5378,11594.356
00e12e8b_5379,11594.296
00e12e8b_5380,11594.372
00e12e8b_5381,11594.296
00e12e8b_5382,11594.2705
00e12e8b_5383,11594.255
00e12e8b_5384,11594.277
00e12e8b_5385,11594.245
00e12e8b_5386,11594.329
00e12e8b_5387,11594.299
00e12e8b_5388,11594.199
00e12e8b_5389,11594.223
00e12e8b_5390,11594.245
00e12e8b_5391,11594.172
00e12e8b_5392,11594.214
00e12e8b_5393,11594.23
00e12e8b_5394,11594.232
00e12e8b_5395,11594.178
00e12e8b_5396,11594.186
00e12e8b_5397,11594.164
00e12e8b_5398,11594.119
00e12e8b_5399,11594.1875
00e12e8b_5400,11594.178
00e12e8b_5401,11594.187
00e12e8b_5402,11594.178
00e12e8b_5403,11594.198
00e12e8b_5404,11594.205
00e12e8b_5405,11594.245
00e12e8b_5406,11594.193
00e12e8b_5407,11594.205
00e12e8b_5408,11594.16
00e12e8b_5409,11594.159
00e12e8b_5410,11594.152
00e12e8b_5411,11594.209
00e12e8b_5412,11594.211
00e12e8b_5413,11594.203
00e12e8b_5414,11594.162
00e12e8b_5415,11594.166
00e12e8b_5416,11594.148
00e12e8b_5417,11594.144
00e12e8b_5418,11594.144
00e12e8b_5419,11594.135
00e12e8b_5420,11594.148
00e12e8b_5421,11594.09
00e12e8b_5422,11594.08
00e12e8b_5423,11594.092
00e12e8b_5424,11594.095
00e12e8b_5425,11594.114
00e12e8b_5426,11594.052
00e12e8b_5427,11594.117
00e12e8b_5428,11594.119
00e12e8b_5429,11594.131
00e12e8b_5430,11594.085
00e12e8b_5431,11594.062
00e12e8b_5432,11594.123
00e12e8b_5433,11594.091
00e12e8b_5434,11594.08
00e12e8b_5435,11594.082
00e12e8b_5436,11594.02
00e12e8b_5437,11594.001
00e12e8b_5438,11594.004
00e12e8b_5439,11594.004
00e12e8b_5440,11593.988
00e12e8b_5441,11593.99
00e12e8b_5442,11593.964
00e12e8b_5443,11593.984
00e12e8b_5444,11594.01
00e12e8b_5445,11594.028
00e12e8b_5446,11594.112
00e12e8b_5447,11594.098
00e12e8b_5448,11594.078
00e12e8b_5449,11594.114
00e12e8b_5450,11594.015
00e12e8b_5451,11594.079
00e12e8b_5452,11594.012
00e12e8b_5453,11594.013
00e12e8b_5454,11593.995
00e12e8b_5455,11594.002
00e12e8b_5456,11593.991
00e12e8b_5457,11594.022
00e12e8b_5458,11594.017
00e12e8b_5459,11594.04
00e12e8b_5460,11594.043
00e12e8b_5461,11593.987
00e12e8b_5462,11594.037
00e12e8b_5463,11594.03
00e12e8b_5464,11594.029
00e12e8b_5465,11594.015
00e12e8b_5466,11594.023
00e12e8b_5467,11594.015
00e12e8b_5468,11594.024
00e12e8b_5469,11594.023
00e12e8b_5470,11594.017
00e12e8b_5471,11594.02
00e12e8b_5472,11594.016
00e12e8b_5473,11594.045
00e12e8b_5474,11594.055
00e12e8b_5475,11594.021
00e12e8b_5476,11594.057
00e12e8b_5477,11594.069
00e12e8b_5478,11594.025
00e12e8b_5479,11594.031
00e12e8b_5480,11594.079
00e12e8b_5481,11594.081
00e12e8b_5482,11594.172
00e12e8b_5483,11594.203
00e12e8b_5484,11594.203
00e12e8b_5485,11594.232
00e12e8b_5486,11594.244
00e12e8b_5487,11594.219
00e12e8b_5488,11594.212
00e12e8b_5489,11594.182
00e12e8b_5490,11594.086
00e12e8b_5491,11594.085
00e12e8b_5492,11594.028
00e12e8b_5493,11594.054
00e12e8b_5494,11594.008
00e12e8b_5495,11594.006
00e12e8b_5496,11594.012
00e12e8b_5497,11594.019
00e12e8b_5498,11594.012
00e12e8b_5499,11594.005
00e12e8b_5500,11594.01
00e12e8b_5501,11594.002
00e12e8b_5502,11593.936
00e12e8b_5503,11594.001
00e12e8b_5504,11593.988
00e12e8b_5505,11594.003
00e12e8b_5506,11593.971
00e12e8b_5507,11593.902
00e12e8b_5508,11593.964
00e12e8b_5509,11593.973
00e12e8b_5510,11594.003
00e12e8b_5511,11593.977
00e12e8b_5512,11593.991
00e12e8b_5513,11593.982
00e12e8b_5514,11593.908
00e12e8b_5515,11593.881
00e12e8b_5516,11593.967
00e12e8b_5517,11593.929
00e12e8b_5518,11593.959
00e12e8b_5519,11593.948
00e12e8b_5520,11593.943
00e12e8b_5521,11593.951
00e12e8b_5522,11593.949
00e12e8b_5523,11593.882
00e12e8b_5524,11593.879
00e12e8b_5525,11593.936
00e12e8b_5526,11593.942
00e12e8b_5527,11593.95
00e12e8b_5528,11593.956
00e12e8b_5529,11593.955
00e12e8b_5530,11593.928
00e12e8b_5531,11593.898
00e12e8b_5532,11593.896
00e12e8b_5533,11593.884
00e12e8b_5534,11593.857
00e12e8b_5535,11593.785
00e12e8b_5536,11593.733
00e12e8b_5537,11593.711
00e12e8b_5538,11593.727
00e12e8b_5539,11593.755
00e12e8b_5540,11593.652
00e12e8b_5541,11593.594
00e12e8b_5542,11593.6045
00e12e8b_5543,11593.523
00e12e8b_5544,11593.569
00e12e8b_5545,11593.564
00e12e8b_5546,11593.558
00e12e8b_5547,11593.479
00e12e8b_5548,11593.525
00e12e8b_5549,11593.585
00e12e8b_5550,11593.475
00e12e8b_5551,11593.479
00e12e8b_5552,11593.545
00e12e8b_5553,11593.463
00e12e8b_5554,11593.453
00e12e8b_5555,11593.406
00e12e8b_5556,11593.432
00e12e8b_5557,11593.412
00e12e8b_5558,11593.345
00e12e8b_5559,11593.333
00e12e8b_5560,11593.285
00e12e8b_5561,11593.402
00e12e8b_5562,11593.333
00e12e8b_5563,11593.404
00e12e8b_5564,11593.309
00e12e8b_5565,11593.321
00e12e8b_5566,11593.319
00e12e8b_5567,11593.248
00e12e8b_5568,11593.252
00e12e8b_5569,11593.243
00e12e8b_5570,11593.24
00e12e8b_5571,11593.231
00e12e8b_5572,11593.24
00e12e8b_5573,11593.163
00e12e8b_5574,11593.12
00e12e8b_5575,11593.1045
00e12e8b_5576,11593.177
00e12e8b_5577,11593.252
00e12e8b_5578,11593.193
00e12e8b_5579,11593.224
00e12e8b_5580,11593.23
00e12e8b_5581,11593.161
00e12e8b_5582,11593.232
00e12e8b_5583,11593.231
00e12e8b_5584,11593.23
00e12e8b_5585,11593.237
00e12e8b_5586,11593.202
00e12e8b_5587,11593.13
00e12e8b_5588,11593.194
00e12e8b_5589,11593.178
00e12e8b_5590,11593.182
00e12e8b_5591,11593.178
00e12e8b_5592,11593.2
00e12e8b_5593,11593.177
00e12e8b_5594,11593.174
00e12e8b_5595,11593.075
00e12e8b_5596,11593.045
00e12e8b_5597,11593.044
00e12e8b_5598,11593.033
00e12e8b_5599,11592.988
00e12e8b_5600,11592.944
00e12e8b_5601,11593.015
00e12e8b_5602,11592.909
00e12e8b_5603,11592.913
00e12e8b_5604,11592.916
00e12e8b_5605,11592.94
00e12e8b_5606,11592.939
00e12e8b_5607,11592.881
00e12e8b_5608,11592.919
00e12e8b_5609,11592.92
00e12e8b_5610,11592.928
00e12e8b_5611,11592.923
00e12e8b_5612,11592.93
00e12e8b_5613,11592.928
00e12e8b_5614,11592.926
00e12e8b_5615,11592.902
00e12e8b_5616,11592.916
00e12e8b_5617,11592.897
00e12e8b_5618,11592.915
00e12e8b_5619,11592.913
00e12e8b_5620,11592.915
00e12e8b_5621,11592.922
00e12e8b_5622,11592.911
00e12e8b_5623,11592.91
00e12e8b_5624,11592.902
00e12e8b_5625,11592.912
00e12e8b_5626,11592.91
00e12e8b_5627,11592.869
00e12e8b_5628,11592.8545
00e12e8b_5629,11592.865
00e12e8b_5630,11592.865
00e12e8b_5631,11592.883
00e12e8b_5632,11592.907
00e12e8b_5633,11592.865
00e12e8b_5634,11592.951
00e12e8b_5635,11592.873
00e12e8b_5636,11592.948
00e12e8b_5637,11592.991
00e12e8b_5638,11593.057
00e12e8b_5639,11593.111
00e12e8b_5640,11593.018
00e12e8b_5641,11593.143
00e12e8b_5642,11593.074
00e12e8b_5643,11593.1455
00e12e8b_5644,11593.037
00e12e8b_5645,11593.1
00e12e8b_5646,11593.171
00e12e8b_5647,11593.166
00e12e8b_5648,11593.073
00e12e8b_5649,11593.141
00e12e8b_5650,11593.162
00e12e8b_5651,11593.146
00e12e8b_5652,11593.067
00e12e8b_5653,11593.164
00e12e8b_5654,11593.153
00e12e8b_5655,11593.048
00e12e8b_5656,11593.132
00e12e8b_5657,11593.129
00e12e8b_5658,11593.158
00e12e8b_5659,11593.062
00e12e8b_5660,11593.029
00e12e8b_5661,11593.034
00e12e8b_5662,11593.171
00e12e8b_5663,11593.147
00e12e8b_5664,11593.183
00e12e8b_5665,11593.184
00e12e8b_5666,11593.18
00e12e8b_5667,11593.155
00e12e8b_5668,11593.176
00e12e8b_5669,11593.174
00e12e8b_5670,11593.153
00e12e8b_5671,11593.087
00e12e8b_5672,11593.086
00e12e8b_5673,11593.078
00e12e8b_5674,11593.061
00e12e8b_5675,11593.035
00e12e8b_5676,11592.984
00e12e8b_5677,11593.025
00e12e8b_5678,11592.957
00e12e8b_5679,11592.965
00e12e8b_5680,11592.977
00e12e8b_5681,11592.985
00e12e8b_5682,11592.989
00e12e8b_5683,11592.992
00e12e8b_5684,11592.925
00e12e8b_5685,11592.908
00e12e8b_5686,11592.916
00e12e8b_5687,11592.919
00e12e8b_5688,11592.872
00e12e8b_5689,11592.895
00e12e8b_5690,11592.943
00e12e8b_5691,11592.941
00e12e8b_5692,11592.943
00e12e8b_5693,11592.942
00e12e8b_5694,11592.92
00e12e8b_5695,11592.895
00e12e8b_5696,11592.849
00e12e8b_5697,11592.868
00e12e8b_5698,11592.867
00e12e8b_5699,11592.848
00e12e8b_5700,11592.854
00e12e8b_5701,11592.788
00e12e8b_5702,11592.771
00e12e8b_5703,11592.788
00e12e8b_5704,11592.797
00e12e8b_5705,11592.809
00e12e8b_5706,11592.737
00e12e8b_5707,11592.778
00e12e8b_5708,11592.788
00e12e8b_5709,11592.785
00e12e8b_5710,11592.799
00e12e8b_5711,11592.719
00e12e8b_5712,11592.811
00e12e8b_5713,11592.834
00e12e8b_5714,11592.81
00e12e8b_5715,11592.823
00e12e8b_5716,11592.84
00e12e8b_5717,11592.825
00e12e8b_5718,11592.836
00e12e8b_5719,11592.845
00e12e8b_5720,11592.816
00e12e8b_5721,11592.781
00e12e8b_5722,11592.845
00e12e8b_5723,11592.752
00e12e8b_5724,11592.75
00e12e8b_5725,11592.749
00e12e8b_5726,11592.707
00e12e8b_5727,11592.717
00e12e8b_5728,11592.722
00e12e8b_5729,11592.76
00e12e8b_5730,11592.763
00e12e8b_5731,11592.757
00e12e8b_5732,11592.773
00e12e8b_5733,11592.742
00e12e8b_5734,11592.69
00e12e8b_5735,11592.757
00e12e8b_5736,11592.752
00e12e8b_5737,11592.796
00e12e8b_5738,11592.689
00e12e8b_5739,11592.716
00e12e8b_5740,11592.716
00e12e8b_5741,11592.686
00e12e8b_5742,11592.719
00e12e8b_5743,11592.716
00e12e8b_5744,11592.712
00e12e8b_5745,11592.684
00e12e8b_5746,11592.659
00e12e8b_5747,11592.665
00e12e8b_5748,11592.738
00e12e8b_5749,11592.689
00e12e8b_5750,11592.698
00e12e8b_5751,11592.764
00e12e8b_5752,11592.694
00e12e8b_5753,11592.691
00e12e8b_5754,11592.669
00e12e8b_5755,11592.691
00e12e8b_5756,11592.695
00e12e8b_5757,11592.743
00e12e8b_5758,11592.777
00e12e8b_5759,11592.766
00e12e8b_5760,11592.782
00e12e8b_5761,11592.687
00e12e8b_5762,11592.651
00e12e8b_5763,11592.739
00e12e8b_5764,11592.644
00e12e8b_5765,11592.687
00e12e8b_5766,11592.683
00e12e8b_5767,11592.688
00e12e8b_5768,11592.66
00e12e8b_5769,11592.741
00e12e8b_5770,11592.734
00e12e8b_5771,11592.742
00e12e8b_5772,11592.715
00e12e8b_5773,11592.655
00e12e8b_5774,11592.628
00e12e8b_5775,11592.763
00e12e8b_5776,11592.649
00e12e8b_5777,11592.646
00e12e8b_5778,11592.621
00e12e8b_5779,11592.597
00e12e8b_5780,11592.653
00e12e8b_5781,11592.584
00e12e8b_5782,11592.66
00e12e8b_5783,11592.71
00e12e8b_5784,11592.702
00e12e8b_5785,11592.666
00e12e8b_5786,11592.652
00e12e8b_5787,11592.627
00e12e8b_5788,11592.615
00e12e8b_5789,11592.602
00e12e8b_5790,11592.568
00e12e8b_5791,11592.574
00e12e8b_5792,11592.554
00e12e8b_5793,11592.547
00e12e8b_5794,11592.591
00e12e8b_5795,11592.604
00e12e8b_5796,11592.549
00e12e8b_5797,11592.57
00e12e8b_5798,11592.56
00e12e8b_5799,11592.587
00e12e8b_5800,11592.582
00e12e8b_5801,11592.593
00e12e8b_5802,11592.555
00e12e8b_5803,11592.545
00e12e8b_5804,11592.548
00e12e8b_5805,11592.594
00e12e8b_5806,11592.557
00e12e8b_5807,11592.554
00e12e8b_5808,11592.608
00e12e8b_5809,11592.6
00e12e8b_5810,11592.61
00e12e8b_5811,11592.568
00e12e8b_5812,11592.602
00e12e8b_5813,11592.629
00e12e8b_5814,11592.587
00e12e8b_5815,11592.635
00e12e8b_5816,11592.605
00e12e8b_5817,11592.64
00e12e8b_5818,11592.643
00e12e8b_5819,11592.624
00e12e8b_5820,11592.678
00e12e8b_5821,11592.78
00e12e8b_5822,11592.705
00e12e8b_5823,11592.662
00e12e8b_5824,11592.702
00e12e8b_5825,11592.759
00e12e8b_5826,11592.721
00e12e8b_5827,11592.777
00e12e8b_5828,11592.873
00e12e8b_5829,11592.835
00e12e8b_5830,11592.829
00e12e8b_5831,11592.946
00e12e8b_5832,11592.857
00e12e8b_5833,11592.972
00e12e8b_5834,11592.978
00e12e8b_5835,11592.909
00e12e8b_5836,11592.927
00e12e8b_5837,11592.886
00e12e8b_5838,11592.896
00e12e8b_5839,11592.941
00e12e8b_5840,11592.941
00e12e8b_5841,11592.91
00e12e8b_5842,11592.952
00e12e8b_5843,11592.964
00e12e8b_5844,11592.959
00e12e8b_5845,11592.944
00e12e8b_5846,11592.996
00e12e8b_5847,11593.066
00e12e8b_5848,11592.958
00e12e8b_5849,11593.008
00e12e8b_5850,11592.966
00e12e8b_5851,11593.009
00e12e8b_5852,11592.966
00e12e8b_5853,11593.009
00e12e8b_5854,11593.011
00e12e8b_5855,11592.958
00e12e8b_5856,11592.996
00e12e8b_5857,11592.964
00e12e8b_5858,11592.956
00e12e8b_5859,11593.006
00e12e8b_5860,11592.994
00e12e8b_5861,11592.976
00e12e8b_5862,11593.033
00e12e8b_5863,11593.098
00e12e8b_5864,11593.027
00e12e8b_5865,11593.099
00e12e8b_5866,11593.012
00e12e8b_5867,11592.963
00e12e8b_5868,11592.965
00e12e8b_5869,11593.006
00e12e8b_5870,11593.02
00e12e8b_5871,11592.985
00e12e8b_5872,11592.97
00e12e8b_5873,11593.023
00e12e8b_5874,11593.031
00e12e8b_5875,11592.999
00e12e8b_5876,11593.041
00e12e8b_5877,11593.045
00e12e8b_5878,11593.043
00e12e8b_5879,11593.08
00e12e8b_5880,11593.025
00e12e8b_5881,11593.08
00e12e8b_5882,11593.095
00e12e8b_5883,11593.127
00e12e8b_5884,11593.052
00e12e8b_5885,11593.127
00e12e8b_5886,11593.124
00e12e8b_5887,11593.17
00e12e8b_5888,11593.214
00e12e8b_5889,11593.227
00e12e8b_5890,11593.339
00e12e8b_5891,11593.416
00e12e8b_5892,11593.401
00e12e8b_5893,11593.366
00e12e8b_5894,11593.355
00e12e8b_5895,11593.312
00e12e8b_5896,11593.308
00e12e8b_5897,11593.316
00e12e8b_5898,11593.194
00e12e8b_5899,11593.214
00e12e8b_5900,11593.286
00e12e8b_5901,11593.293
00e12e8b_5902,11593.311
00e12e8b_5903,11593.312
00e12e8b_5904,11593.356
00e12e8b_5905,11593.351
00e12e8b_5906,11593.326
00e12e8b_5907,11593.322
00e12e8b_5908,11593.273
00e12e8b_5909,11593.283
00e12e8b_5910,11593.292
00e12e8b_5911,11593.35
00e12e8b_5912,11593.341
00e12e8b_5913,11593.342
00e12e8b_5914,11593.294
00e12e8b_5915,11593.357
00e12e8b_5916,11593.365
00e12e8b_5917,11593.384
00e12e8b_5918,11593.398
00e12e8b_5919,11593.426
00e12e8b_5920,11593.491
00e12e8b_5921,11593.516
00e12e8b_5922,11593.487
00e12e8b_5923,11593.51
00e12e8b_5924,11593.721
00e12e8b_5925,11593.632
00e12e8b_5926,11593.6875
00e12e8b_5927,11593.705
00e12e8b_5928,11593.668
00e12e8b_5929,11593.708
00e12e8b_5930,11593.666
00e12e8b_5931,11593.699
00e12e8b_5932,11593.728
00e12e8b_5933,11593.853
00e12e8b_5934,11593.719
00e12e8b_5935,11593.721
00e12e8b_5936,11593.765
00e12e8b_5937,11593.748
00e12e8b_5938,11593.769
00e12e8b_5939,11593.777
00e12e8b_5940,11593.809
00e12e8b_5941,11593.805
00e12e8b_5942,11593.8
00e12e8b_5943,11593.843
00e12e8b_5944,11593.863
00e12e8b_5945,11593.907
00e12e8b_5946,11593.985
00e12e8b_5947,11594.036
00e12e8b_5948,11594.061
00e12e8b_5949,11594.063
00e12e8b_5950,11593.975
00e12e8b_5951,11594.091
00e12e8b_5952,11594.115
00e12e8b_5953,11594.117
00e12e8b_5954,11594.216
00e12e8b_5955,11594.211
00e12e8b_5956,11594.219
00e12e8b_5957,11594.31
00e12e8b_5958,11594.296
00e12e8b_5959,11594.368
00e12e8b_5960,11594.402
00e12e8b_5961,11594.389
00e12e8b_5962,11594.41
00e12e8b_5963,11594.538
00e12e8b_5964,11594.557
00e12e8b_5965,11594.549
00e12e8b_5966,11594.584
00e12e8b_5967,11594.693
00e12e8b_5968,11594.703
00e12e8b_5969,11594.66
00e12e8b_5970,11594.681
00e12e8b_5971,11594.691
00e12e8b_5972,11594.732
00e12e8b_5973,11594.797
00e12e8b_5974,11594.755
00e12e8b_5975,11594.807
00e12e8b_5976,11594.769
00e12e8b_5977,11594.777
00e12e8b_5978,11594.701
00e12e8b_5979,11594.695
00e12e8b_5980,11594.696
00e12e8b_5981,11594.625
00e12e8b_5982,11594.679
00e12e8b_5983,11594.635
00e12e8b_5984,11594.641
00e12e8b_5985,11594.623
00e12e8b_5986,11594.606
00e12e8b_5987,11594.6045
00e12e8b_5988,11594.635
00e12e8b_5989,11594.617
00e12e8b_5990,11594.643
00e12e8b_5991,11594.71
00e12e8b_5992,11594.702
00e12e8b_5993,11594.603
00e12e8b_5994,11594.656
00e12e8b_5995,11594.59
00e12e8b_5996,11594.544
00e12e8b_5997,11594.425
00e12e8b_5998,11594.516
00e12e8b_5999,11594.535
00e12e8b_6000,11594.539
00e12e8b_6001,11594.519
00e12e8b_6002,11594.345
00e12e8b_6003,11594.298
00e12e8b_6004,11594.324
00e12e8b_6005,11594.421
00e12e8b_6006,11594.386
00e12e8b_6007,11594.364
00e12e8b_6008,11594.289
00e12e8b_6009,11594.281
00e12e8b_6010,11594.229
00e12e8b_6011,11594.284
00e12e8b_6012,11594.257
00e12e8b_6013,11594.253
00e12e8b_6014,11594.247
00e12e8b_6015,11594.263
00e12e8b_6016,11594.243
00e12e8b_6017,11594.194
00e12e8b_6018,11594.208
00e12e8b_6019,11594.218
00e12e8b_6020,11594.202
00e12e8b_6021,11594.217
00e12e8b_6022,11594.312
00e12e8b_6023,11594.275
00e12e8b_6024,11594.283
00e12e8b_6025,11594.308
00e12e8b_6026,11594.28
00e12e8b_6027,11594.305
00e12e8b_6028,11594.336
00e12e8b_6029,11594.323
00e12e8b_6030,11594.286
00e12e8b_6031,11594.201
00e12e8b_6032,11594.267
00e12e8b_6033,11594.239
00e12e8b_6034,11594.191
00e12e8b_6035,11594.182
00e12e8b_6036,11594.132
00e12e8b_6037,11594.148
00e12e8b_6038,11594.17
00e12e8b_6039,11594.109
00e12e8b_6040,11594.121
00e12e8b_6041,11594.061
00e12e8b_6042,11594.002
00e12e8b_6043,11594.012
00e12e8b_6044,11594.001
00e12e8b_6045,11594.027
00e12e8b_6046,11594.006
00e12e8b_6047,11594.015
00e12e8b_6048,11594.059
00e12e8b_6049,11594.12
00e12e8b_6050,11594.142
00e12e8b_6051,11594.115
00e12e8b_6052,11594.133
00e12e8b_6053,11594.095
00e12e8b_6054,11594.017
00e12e8b_6055,11594.041
00e12e8b_6056,11593.9
00e12e8b_6057,11593.818
00e12e8b_6058,11593.83
00e12e8b_6059,11593.845
00e12e8b_6060,11593.933
00e12e8b_6061,11593.913
00e12e8b_6062,11593.877
00e12e8b_6063,11593.894
00e12e8b_6064,11593.866
00e12e8b_6065,11593.949
00e12e8b_6066,11593.954
00e12e8b_6067,11593.954
00e12e8b_6068,11593.941
00e12e8b_6069,11593.921
00e12e8b_6070,11593.852
00e12e8b_6071,11593.926
00e12e8b_6072,11593.938
00e12e8b_6073,11593.973
00e12e8b_6074,11593.934
00e12e8b_6075,11594.018
00e12e8b_6076,11593.904
00e12e8b_6077,11594.01
00e12e8b_6078,11594.076
00e12e8b_6079,11594.058
00e12e8b_6080,11594.004
00e12e8b_6081,11593.99
00e12e8b_6082,11593.918
00e12e8b_6083,11593.874
00e12e8b_6084,11593.905
00e12e8b_6085,11593.839
00e12e8b_6086,11593.844
00e12e8b_6087,11593.859
00e12e8b_6088,11594.013
00e12e8b_6089,11593.951
00e12e8b_6090,11593.848
00e12e8b_6091,11593.83
00e12e8b_6092,11593.819
00e12e8b_6093,11593.797
00e12e8b_6094,11593.761
00e12e8b_6095,11593.7705
00e12e8b_6096,11593.803
00e12e8b_6097,11593.801
00e12e8b_6098,11593.875
00e12e8b_6099,11593.766
00e12e8b_6100,11593.758
00e12e8b_6101,11593.71
00e12e8b_6102,11593.656
00e12e8b_6103,11593.581
00e12e8b_6104,11593.658
00e12e8b_6105,11593.642
00e12e8b_6106,11593.62
00e12e8b_6107,11593.685
00e12e8b_6108,11593.636
00e12e8b_6109,11593.615
00e12e8b_6110,11593.6
00e12e8b_6111,11593.556
00e12e8b_6112,11593.514
00e12e8b_6113,11593.514
00e12e8b_6114,11593.546
00e12e8b_6115,11593.54
00e12e8b_6116,11593.462
00e12e8b_6117,11593.504
00e12e8b_6118,11593.427
00e12e8b_6119,11593.441
00e12e8b_6120,11593.279
00e12e8b_6121,11593.37
00e12e8b_6122,11593.155
00e12e8b_6123,11593.321
00e12e8b_6124,11593.174
00e12e8b_6125,11593.15
00e12e8b_6126,11593.118
00e12e8b_6127,11593.099
00e12e8b_6128,11593.108
00e12e8b_6129,11593.047
00e12e8b_6130,11592.998
00e12e8b_6131,11593.076
00e12e8b_6132,11593.113
00e12e8b_6133,11593.142
00e12e8b_6134,11593.158
00e12e8b_6135,11593.103
00e12e8b_6136,11593.136
00e12e8b_6137,11593.119
00e12e8b_6138,11593.149
00e12e8b_6139,11593.108
00e12e8b_6140,11593.141
00e12e8b_6141,11593.015
00e12e8b_6142,11593.059
00e12e8b_6143,11593.089
00e12e8b_6144,11593.106
00e12e8b_6145,11593.25
00e12e8b_6146,11593.336
00e12e8b_6147,11593.308
00e12e8b_6148,11593.245
00e12e8b_6149,11593.213
00e12e8b_6150,11593.272
00e12e8b_6151,11593.274
00e12e8b_6152,11593.305
00e12e8b_6153,11593.37
00e12e8b_6154,11593.346
00e12e8b_6155,11593.424
00e12e8b_6156,11593.415
00e12e8b_6157,11594.596
00e12e8b_6158,11594.506
00e12e8b_6159,11594.707
00e12e8b_6160,11594.663
00e12e8b_6161,11594.666
00e12e8b_6162,11594.717
00e12e8b_6163,11594.641
00e12e8b_6164,11594.624
00e12e8b_6165,11594.64
00e12e8b_6166,11594.781
00e12e8b_6167,11594.818
00e12e8b_6168,11594.797
00e12e8b_6169,11594.767
00e12e8b_6170,11594.792
00e12e8b_6171,11594.596
00e12e8b_6172,11594.611
00e12e8b_6173,11594.6875
00e12e8b_6174,11594.485
00e12e8b_6175,11594.515
00e12e8b_6176,11594.414
00e12e8b_6177,11594.385
00e12e8b_6178,11594.41
00e12e8b_6179,11594.36
00e12e8b_6180,11594.365
00e12e8b_6181,11594.353
00e12e8b_6182,11594.367
00e12e8b_6183,11594.357
00e12e8b_6184,11594.342
00e12e8b_6185,11594.359
00e12e8b_6186,11594.341
00e12e8b_6187,11594.381
00e12e8b_6188,11594.338
00e12e8b_6189,11594.358
00e12e8b_6190,11594.345
00e12e8b_6191,11594.307
00e12e8b_6192,11594.334
00e12e8b_6193,11594.196
00e12e8b_6194,11594.212
00e12e8b_6195,11594.119
00e12e8b_6196,11594.1045
00e12e8b_6197,11594.093
00e12e8b_6198,11594.114
00e12e8b_6199,11594.155
00e12e8b_6200,11594.187
00e12e8b_6201,11594.059
00e12e8b_6202,11594.148
00e12e8b_6203,11594.09
00e12e8b_6204,11594.238
00e12e8b_6205,11594.34
00e12e8b_6206,11594.467
00e12e8b_6207,11594.439
00e12e8b_6208,11594.474
00e12e8b_6209,11594.453
00e12e8b_6210,11594.609
00e12e8b_6211,11594.716
00e12e8b_6212,11595.004
00e12e8b_6213,11595.162
00e12e8b_6214,11595.694
00e12e8b_6215,11595.844
00e12e8b_6216,11595.818
00e12e8b_6217,11595.774
00e12e8b_6218,11595.697
00e12e8b_6219,11596.175
00e12e8b_6220,11596.401
00e12e8b_6221,11596.729
00e12e8b_6222,11596.725
00e12e8b_6223,11596.83
00e12e8b_6224,11596.73
00e12e8b_6225,11596.813
00e12e8b_6226,11596.815
00e12e8b_6227,11596.824
00e12e8b_6228,11596.898
00e12e8b_6229,11596.865
00e12e8b_6230,11596.946
00e12e8b_6231,11596.91
00e12e8b_6232,11596.869
00e12e8b_6233,11596.885
00e12e8b_6234,11597.887
00e12e8b_6235,11597.818
00e12e8b_6236,11597.801
00e12e8b_6237,11597.766
00e12e8b_6238,11597.805
00e12e8b_6239,11597.748
00e12e8b_6240,11597.702
00e12e8b_6241,11597.779
00e12e8b_6242,11597.693
00e12e8b_6243,11597.719
00e12e8b_6244,11597.824
00e12e8b_6245,11597.692
00e12e8b_6246,11597.7
00e12e8b_6247,11597.791
00e12e8b_6248,11597.702
00e12e8b_6249,11597.797
00e12e8b_6250,11597.7295
00e12e8b_6251,11597.729
00e12e8b_6252,11597.759
00e12e8b_6253,11597.666
00e12e8b_6254,11597.773
00e12e8b_6255,11597.7
00e12e8b_6256,11597.8125
00e12e8b_6257,11597.684
00e12e8b_6258,11597.772
00e12e8b_6259,11597.656
00e12e8b_6260,11597.676
00e12e8b_6261,11597.598
00e12e8b_6262,11597.559
00e12e8b_6263,11597.6
00e12e8b_6264,11597.5
00e12e8b_6265,11597.613
00e12e8b_6266,11597.539
00e12e8b_6267,11597.717
00e12e8b_6268,11597.652
00e12e8b_6269,11597.602
00e12e8b_6270,11597.683
00e12e8b_6271,11597.596
00e12e8b_6272,11597.689
00e12e8b_6273,11597.691
00e12e8b_6274,11597.488
00e12e8b_6275,11597.602
00e12e8b_6276,11597.552
00e12e8b_6277,11597.521
00e12e8b_6278,11597.432
00e12e8b_6279,11597.516
00e12e8b_6280,11597.472
00e12e8b_6281,11597.487
00e12e8b_6282,11597.407
00e12e8b_6283,11597.415
00e12e8b_6284,11597.414
00e12e8b_6285,11597.449
00e12e8b_6286,11597.44
00e12e8b_6287,11597.547
00e12e8b_6288,11597.542
00e12e8b_6289,11597.523
00e12e8b_6290,11597.582
00e12e8b_6291,11597.585
00e12e8b_6292,11597.54
00e12e8b_6293,11597.442
00e12e8b_6294,11597.388
00e12e8b_6295,11597.464
00e12e8b_6296,11597.406
00e12e8b_6297,11597.398
00e12e8b_6298,11597.271
00e12e8b_6299,11597.035
00e12e8b_6300,11597.083
00e12e8b_6301,11597.278
00e12e8b_6302,11597.369
00e12e8b_6303,11597.395
00e12e8b_6304,11597.172
00e12e8b_6305,11597.365
00e12e8b_6306,11597.228
00e12e8b_6307,11597.331
00e12e8b_6308,11597.535
00e12e8b_6309,11597.35
00e12e8b_6310,11597.42
00e12e8b_6311,11598.347
00e12e8b_6312,11598.282
00e12e8b_6313,11598.176
00e12e8b_6314,11598.173
00e12e8b_6315,11598.156
00e12e8b_6316,11597.963
00e12e8b_6317,11597.898
00e12e8b_6318,11598.127
00e12e8b_6319,11598.176
00e12e8b_6320,11598.045
00e12e8b_6321,11597.967
00e12e8b_6322,11597.948
00e12e8b_6323,11597.9795
00e12e8b_6324,11597.967
00e12e8b_6325,11598.088
00e12e8b_6326,11598.157
00e12e8b_6327,11598.176
00e12e8b_6328,11598.208
00e12e8b_6329,11598.222
00e12e8b_6330,11598.172
00e12e8b_6331,11598.146
00e12e8b_6332,11598.054
00e12e8b_6333,11598.049
00e12e8b_6334,11598.052
00e12e8b_6335,11598.057
00e12e8b_6336,11598.046
00e12e8b_6337,11598.131
00e12e8b_6338,11598.105
00e12e8b_6339,11598.087
00e12e8b_6340,11598.042
00e12e8b_6341,11597.928
00e12e8b_6342,11597.789
00e12e8b_6343,11597.756
00e12e8b_6344,11597.759
00e12e8b_6345,11597.747
00e12e8b_6346,11597.726
00e12e8b_6347,11597.639
00e12e8b_6348,11597.584
00e12e8b_6349,11597.404
00e12e8b_6350,11597.395
00e12e8b_6351,11597.409
00e12e8b_6352,11597.398
00e12e8b_6353,11597.395
00e12e8b_6354,11597.3955
00e12e8b_6355,11597.382
00e12e8b_6356,11597.231
00e12e8b_6357,11597.207
00e12e8b_6358,11597.21
00e12e8b_6359,11597.16
00e12e8b_6360,11597.158
00e12e8b_6361,11597.155
00e12e8b_6362,11597.094
00e12e8b_6363,11597.128
00e12e8b_6364,11596.757
00e12e8b_6365,11596.707
00e12e8b_6366,11596.641
00e12e8b_6367,11596.711
00e12e8b_6368,11596.667
00e12e8b_6369,11596.562
00e12e8b_6370,11596.557
00e12e8b_6371,11596.564
00e12e8b_6372,11596.564
00e12e8b_6373,11596.573
00e12e8b_6374,11596.6
00e12e8b_6375,11596.571
00e12e8b_6376,11596.631
00e12e8b_6377,11596.531
00e12e8b_6378,11596.515
00e12e8b_6379,11596.472
00e12e8b_6380,11596.509
00e12e8b_6381,11596.457
00e12e8b_6382,11596.455
00e12e8b_6383,11596.434
