id,tvt
000d7d20_1442,11742.967
000d7d20_1443,11742.92
000d7d20_1444,11742.933
000d7d20_1445,11742.92
000d7d20_1446,11742.92
000d7d20_1447,11742.933
000d7d20_1448,11742.933
000d7d20_1449,11742.922
000d7d20_1450,11742.939
000d7d20_1451,11742.945
000d7d20_1452,11742.949
000d7d20_1453,11742.949
000d7d20_1454,11742.975
000d7d20_1455,11743.0
000d7d20_1456,11742.996
000d7d20_1457,11742.991
000d7d20_1458,11742.995
000d7d20_1459,11742.973
000d7d20_1460,11742.981
000d7d20_1461,11742.989
000d7d20_1462,11743.001
000d7d20_1463,11743.0
000d7d20_1464,11743.0
000d7d20_1465,11742.987
000d7d20_1466,11742.946
000d7d20_1467,11742.961
000d7d20_1468,11743.0
000d7d20_1469,11743.002
000d7d20_1470,11743.048
000d7d20_1471,11742.974
000d7d20_1472,11743.027
000d7d20_1473,11742.964
000d7d20_1474,11742.909
000d7d20_1475,11742.9
000d7d20_1476,11742.907
000d7d20_1477,11742.908
000d7d20_1478,11742.923
000d7d20_1479,11742.87
000d7d20_1480,11742.87
000d7d20_1481,11742.858
000d7d20_1482,11742.859
000d7d20_1483,11742.903
000d7d20_1484,11742.904
000d7d20_1485,11742.903
000d7d20_1486,11742.88
000d7d20_1487,11742.881
000d7d20_1488,11742.937
000d7d20_1489,11742.933
000d7d20_1490,11742.997
000d7d20_1491,11742.918
000d7d20_1492,11742.921
000d7d20_1493,11742.851
000d7d20_1494,11742.851
000d7d20_1495,11742.8545
000d7d20_1496,11742.851
000d7d20_1497,11742.851
000d7d20_1498,11742.854
000d7d20_1499,11742.848
000d7d20_1500,11742.848
000d7d20_1501,11742.8545
000d7d20_1502,11742.851
000d7d20_1503,11742.852
000d7d20_1504,11742.884
000d7d20_1505,11742.87
000d7d20_1506,11742.926
000d7d20_1507,11742.91
000d7d20_1508,11742.907
000d7d20_1509,11742.898
000d7d20_1510,11742.904
000d7d20_1511,11742.914
000d7d20_1512,11742.933
000d7d20_1513,11742.935
000d7d20_1514,11742.925
000d7d20_1515,11742.929
000d7d20_1516,11742.938
000d7d20_1517,11742.94
000d7d20_1518,11743.0205
000d7d20_1519,11743.011
000d7d20_1520,11743.01
000d7d20_1521,11743.016
000d7d20_1522,11743.011
000d7d20_1523,11743.067
000d7d20_1524,11743.067
000d7d20_1525,11743.031
000d7d20_1526,11743.047
000d7d20_1527,11743.052
000d7d20_1528,11742.986
000d7d20_1529,11742.996
000d7d20_1530,11742.985
000d7d20_1531,11742.956
000d7d20_1532,11742.926
000d7d20_1533,11742.911
000d7d20_1534,11742.931
000d7d20_1535,11742.935
000d7d20_1536,11742.921
000d7d20_1537,11742.951
000d7d20_1538,11742.996
000d7d20_1539,11743.032
000d7d20_1540,11743.031
000d7d20_1541,11743.064
000d7d20_1542,11743.058
000d7d20_1543,11743.0205
000d7d20_1544,11743.011
000d7d20_1545,11743.006
000d7d20_1546,11743.061
000d7d20_1547,11743.125
000d7d20_1548,11743.126
000d7d20_1549,11743.166
000d7d20_1550,11743.168
000d7d20_1551,11743.174
000d7d20_1552,11743.109
000d7d20_1553,11743.054
000d7d20_1554,11743.039
000d7d20_1555,11743.043
000d7d20_1556,11743.039
000d7d20_1557,11743.019
000d7d20_1558,11742.995
000d7d20_1559,11742.991
000d7d20_1560,11742.985
000d7d20_1561,11742.983
000d7d20_1562,11742.983
000d7d20_1563,11742.994
000d7d20_1564,11742.981
000d7d20_1565,11742.993
000d7d20_1566,11743.043
000d7d20_1567,11743.075
000d7d20_1568,11743.138
000d7d20_1569,11743.138
000d7d20_1570,11743.131
000d7d20_1571,11743.131
000d7d20_1572,11743.101
000d7d20_1573,11743.0
000d7d20_1574,11742.97
000d7d20_1575,11743.032
000d7d20_1576,11742.991
000d7d20_1577,11742.983
000d7d20_1578,11742.958
000d7d20_1579,11742.969
000d7d20_1580,11742.959
000d7d20_1581,11742.975
000d7d20_1582,11742.974
000d7d20_1583,11742.989
000d7d20_1584,11742.994
000d7d20_1585,11743.06
000d7d20_1586,11743.039
000d7d20_1587,11743.024
000d7d20_1588,11743.078
000d7d20_1589,11743.106
000d7d20_1590,11743.109
000d7d20_1591,11743.142
000d7d20_1592,11743.128
000d7d20_1593,11743.156
000d7d20_1594,11743.138
000d7d20_1595,11743.061
000d7d20_1596,11743.071
000d7d20_1597,11743.071
000d7d20_1598,11743.004
000d7d20_1599,11743.022
000d7d20_1600,11743.015
000d7d20_1601,11743.021
000d7d20_1602,11743.033
000d7d20_1603,11743.039
000d7d20_1604,11743.033
000d7d20_1605,11743.037
000d7d20_1606,11743.068
000d7d20_1607,11743.051
000d7d20_1608,11743.068
000d7d20_1609,11743.125
000d7d20_1610,11743.138
000d7d20_1611,11743.142
000d7d20_1612,11743.18
000d7d20_1613,11743.177
000d7d20_1614,11743.116
000d7d20_1615,11743.052
000d7d20_1616,11743.04
000d7d20_1617,11743.049
000d7d20_1618,11743.049
000d7d20_1619,11743.004
000d7d20_1620,11743.014
000d7d20_1621,11743.006
000d7d20_1622,11743.013
000d7d20_1623,11743.02
000d7d20_1624,11743.034
000d7d20_1625,11743.056
000d7d20_1626,11743.047
000d7d20_1627,11743.102
000d7d20_1628,11743.083
000d7d20_1629,11743.119
000d7d20_1630,11743.117
000d7d20_1631,11743.134
000d7d20_1632,11743.128
000d7d20_1633,11743.16
000d7d20_1634,11743.132
000d7d20_1635,11743.106
000d7d20_1636,11743.106
000d7d20_1637,11743.106
000d7d20_1638,11743.099
000d7d20_1639,11743.106
000d7d20_1640,11743.104
000d7d20_1641,11743.11
000d7d20_1642,11743.106
000d7d20_1643,11743.106
000d7d20_1644,11743.106
000d7d20_1645,11743.106
000d7d20_1646,11743.106
000d7d20_1647,11743.103
000d7d20_1648,11743.11
000d7d20_1649,11743.145
000d7d20_1650,11743.204
000d7d20_1651,11743.173
000d7d20_1652,11743.187
000d7d20_1653,11743.231
000d7d20_1654,11743.25
000d7d20_1655,11743.213
000d7d20_1656,11743.225
000d7d20_1657,11743.221
000d7d20_1658,11743.201
000d7d20_1659,11743.201
000d7d20_1660,11743.1875
000d7d20_1661,11743.208
000d7d20_1662,11743.219
000d7d20_1663,11743.215
000d7d20_1664,11743.226
000d7d20_1665,11743.228
000d7d20_1666,11743.221
000d7d20_1667,11743.226
000d7d20_1668,11743.21
000d7d20_1669,11743.182
000d7d20_1670,11743.217
000d7d20_1671,11743.266
000d7d20_1672,11743.261
000d7d20_1673,11743.283
000d7d20_1674,11743.271
000d7d20_1675,11743.338
000d7d20_1676,11743.348
000d7d20_1677,11743.336
000d7d20_1678,11743.336
000d7d20_1679,11743.232
000d7d20_1680,11743.235
000d7d20_1681,11743.234
000d7d20_1682,11743.235
000d7d20_1683,11743.236
000d7d20_1684,11743.237
000d7d20_1685,11743.221
000d7d20_1686,11743.17
000d7d20_1687,11743.221
000d7d20_1688,11743.173
000d7d20_1689,11743.164
000d7d20_1690,11743.162
000d7d20_1691,11743.155
000d7d20_1692,11743.185
000d7d20_1693,11743.185
000d7d20_1694,11743.195
000d7d20_1695,11743.202
000d7d20_1696,11743.21
000d7d20_1697,11743.186
000d7d20_1698,11743.131
000d7d20_1699,11743.142
000d7d20_1700,11743.152
000d7d20_1701,11743.115
000d7d20_1702,11743.069
000d7d20_1703,11743.054
000d7d20_1704,11743.047
000d7d20_1705,11743.047
000d7d20_1706,11743.062
000d7d20_1707,11743.062
000d7d20_1708,11743.062
000d7d20_1709,11743.062
000d7d20_1710,11743.055
000d7d20_1711,11743.055
000d7d20_1712,11743.136
000d7d20_1713,11743.163
000d7d20_1714,11743.159
000d7d20_1715,11743.159
000d7d20_1716,11743.102
000d7d20_1717,11743.1
000d7d20_1718,11743.112
000d7d20_1719,11743.112
000d7d20_1720,11743.105
000d7d20_1721,11743.107
000d7d20_1722,11743.111
000d7d20_1723,11743.122
000d7d20_1724,11743.122
000d7d20_1725,11743.117
000d7d20_1726,11743.0
000d7d20_1727,11743.006
000d7d20_1728,11742.942
000d7d20_1729,11742.859
000d7d20_1730,11742.871
000d7d20_1731,11742.871
000d7d20_1732,11742.8955
000d7d20_1733,11742.93
000d7d20_1734,11742.952
000d7d20_1735,11742.867
000d7d20_1736,11742.814
000d7d20_1737,11742.842
000d7d20_1738,11742.835
000d7d20_1739,11742.84
000d7d20_1740,11742.827
000d7d20_1741,11742.845
000d7d20_1742,11742.885
000d7d20_1743,11742.89
000d7d20_1744,11742.914
000d7d20_1745,11742.856
000d7d20_1746,11742.855
000d7d20_1747,11742.815
000d7d20_1748,11742.818
000d7d20_1749,11742.797
000d7d20_1750,11742.796
000d7d20_1751,11742.799
000d7d20_1752,11742.794
000d7d20_1753,11742.823
000d7d20_1754,11742.846
000d7d20_1755,11742.846
000d7d20_1756,11742.804
000d7d20_1757,11742.799
000d7d20_1758,11742.801
000d7d20_1759,11742.814
000d7d20_1760,11742.814
000d7d20_1761,11742.818
000d7d20_1762,11742.818
000d7d20_1763,11742.741
000d7d20_1764,11742.722
000d7d20_1765,11742.745
000d7d20_1766,11742.724
000d7d20_1767,11742.678
000d7d20_1768,11742.718
000d7d20_1769,11742.733
000d7d20_1770,11742.72
000d7d20_1771,11742.728
000d7d20_1772,11742.789
000d7d20_1773,11742.729
000d7d20_1774,11742.783
000d7d20_1775,11742.775
000d7d20_1776,11742.733
000d7d20_1777,11742.7295
000d7d20_1778,11742.777
000d7d20_1779,11742.799
000d7d20_1780,11742.801
000d7d20_1781,11742.846
000d7d20_1782,11742.819
000d7d20_1783,11742.814
000d7d20_1784,11742.814
000d7d20_1785,11742.825
000d7d20_1786,11742.883
000d7d20_1787,11742.886
000d7d20_1788,11742.865
000d7d20_1789,11742.845
000d7d20_1790,11742.845
000d7d20_1791,11742.834
000d7d20_1792,11742.86
000d7d20_1793,11742.86
000d7d20_1794,11742.859
000d7d20_1795,11742.893
000d7d20_1796,11742.91
000d7d20_1797,11742.947
000d7d20_1798,11742.947
000d7d20_1799,11742.947
000d7d20_1800,11742.946
000d7d20_1801,11742.983
000d7d20_1802,11743.042
000d7d20_1803,11743.041
000d7d20_1804,11743.05
000d7d20_1805,11743.052
000d7d20_1806,11743.052
000d7d20_1807,11743.066
000d7d20_1808,11743.066
000d7d20_1809,11743.066
000d7d20_1810,11743.05
000d7d20_1811,11743.043
000d7d20_1812,11743.048
000d7d20_1813,11742.996
000d7d20_1814,11742.958
000d7d20_1815,11742.954
000d7d20_1816,11742.978
000d7d20_1817,11742.9795
000d7d20_1818,11743.04
000d7d20_1819,11743.02
000d7d20_1820,11743.023
000d7d20_1821,11743.045
000d7d20_1822,11743.042
000d7d20_1823,11743.142
000d7d20_1824,11743.137
000d7d20_1825,11743.116
000d7d20_1826,11743.116
000d7d20_1827,11743.13
000d7d20_1828,11743.108
000d7d20_1829,11743.11
000d7d20_1830,11743.097
000d7d20_1831,11743.104
000d7d20_1832,11743.104
000d7d20_1833,11743.098
000d7d20_1834,11743.114
000d7d20_1835,11743.108
000d7d20_1836,11743.094
000d7d20_1837,11743.106
000d7d20_1838,11743.095
000d7d20_1839,11743.094
000d7d20_1840,11743.114
000d7d20_1841,11743.133
000d7d20_1842,11743.168
000d7d20_1843,11743.178
000d7d20_1844,11743.174
000d7d20_1845,11743.222
000d7d20_1846,11743.222
000d7d20_1847,11743.239
000d7d20_1848,11743.239
000d7d20_1849,11743.239
000d7d20_1850,11743.219
000d7d20_1851,11743.223
000d7d20_1852,11743.164
000d7d20_1853,11743.164
000d7d20_1854,11743.145
000d7d20_1855,11743.141
000d7d20_1856,11743.128
000d7d20_1857,11743.196
000d7d20_1858,11743.173
000d7d20_1859,11743.242
000d7d20_1860,11743.27
000d7d20_1861,11743.304
000d7d20_1862,11743.312
000d7d20_1863,11743.274
000d7d20_1864,11743.309
000d7d20_1865,11743.33
000d7d20_1866,11743.328
000d7d20_1867,11743.317
000d7d20_1868,11743.331
000d7d20_1869,11743.301
000d7d20_1870,11743.308
000d7d20_1871,11743.313
000d7d20_1872,11743.271
000d7d20_1873,11743.333
000d7d20_1874,11743.334
000d7d20_1875,11743.28
000d7d20_1876,11743.284
000d7d20_1877,11743.291
000d7d20_1878,11743.298
000d7d20_1879,11743.3
000d7d20_1880,11743.307
000d7d20_1881,11743.3
000d7d20_1882,11743.313
000d7d20_1883,11743.326
000d7d20_1884,11743.331
000d7d20_1885,11743.371
000d7d20_1886,11743.516
000d7d20_1887,11743.483
000d7d20_1888,11743.509
000d7d20_1889,11743.505
000d7d20_1890,11743.479
000d7d20_1891,11743.482
000d7d20_1892,11743.481
000d7d20_1893,11743.501
000d7d20_1894,11743.522
000d7d20_1895,11743.551
000d7d20_1896,11743.5625
000d7d20_1897,11743.5625
000d7d20_1898,11743.713
000d7d20_1899,11743.725
000d7d20_1900,11743.706
000d7d20_1901,11743.707
000d7d20_1902,11743.711
000d7d20_1903,11743.71
000d7d20_1904,11743.749
000d7d20_1905,11743.761
000d7d20_1906,11743.873
000d7d20_1907,11743.825
000d7d20_1908,11743.849
000d7d20_1909,11743.853
000d7d20_1910,11743.848
000d7d20_1911,11743.993
000d7d20_1912,11744.049
000d7d20_1913,11744.043
000d7d20_1914,11744.03
000d7d20_1915,11744.038
000d7d20_1916,11744.036
000d7d20_1917,11744.01
000d7d20_1918,11744.01
000d7d20_1919,11744.033
000d7d20_1920,11744.177
000d7d20_1921,11744.201
000d7d20_1922,11744.239
000d7d20_1923,11744.275
000d7d20_1924,11744.494
000d7d20_1925,11744.488
000d7d20_1926,11744.428
000d7d20_1927,11744.437
000d7d20_1928,11744.513
000d7d20_1929,11744.568
000d7d20_1930,11744.535
000d7d20_1931,11744.554
000d7d20_1932,11744.554
000d7d20_1933,11744.597
000d7d20_1934,11744.669
000d7d20_1935,11744.667
000d7d20_1936,11744.665
000d7d20_1937,11744.734
000d7d20_1938,11744.724
000d7d20_1939,11744.747
000d7d20_1940,11744.791
000d7d20_1941,11744.9
000d7d20_1942,11744.904
000d7d20_1943,11744.787
000d7d20_1944,11744.793
000d7d20_1945,11744.767
000d7d20_1946,11744.772
000d7d20_1947,11744.858
000d7d20_1948,11744.863
000d7d20_1949,11744.862
000d7d20_1950,11744.993
000d7d20_1951,11745.076
000d7d20_1952,11745.076
000d7d20_1953,11745.073
000d7d20_1954,11745.068
000d7d20_1955,11745.057
000d7d20_1956,11745.033
000d7d20_1957,11745.035
000d7d20_1958,11745.02
000d7d20_1959,11744.987
000d7d20_1960,11745.118
000d7d20_1961,11745.057
000d7d20_1962,11745.037
000d7d20_1963,11745.057
000d7d20_1964,11745.105
000d7d20_1965,11745.107
000d7d20_1966,11745.154
000d7d20_1967,11745.146
000d7d20_1968,11745.189
000d7d20_1969,11745.179
000d7d20_1970,11745.287
000d7d20_1971,11745.357
000d7d20_1972,11745.308
000d7d20_1973,11745.308
000d7d20_1974,11745.308
000d7d20_1975,11745.311
000d7d20_1976,11745.35
000d7d20_1977,11745.351
000d7d20_1978,11745.378
000d7d20_1979,11745.382
000d7d20_1980,11745.379
000d7d20_1981,11745.379
000d7d20_1982,11745.381
000d7d20_1983,11745.376
000d7d20_1984,11745.401
000d7d20_1985,11745.4
000d7d20_1986,11745.715
000d7d20_1987,11745.741
000d7d20_1988,11745.74
000d7d20_1989,11745.73
000d7d20_1990,11745.72
000d7d20_1991,11745.796
000d7d20_1992,11745.796
000d7d20_1993,11745.817
000d7d20_1994,11745.849
000d7d20_1995,11745.825
000d7d20_1996,11745.827
000d7d20_1997,11745.827
000d7d20_1998,11745.897
000d7d20_1999,11745.927
000d7d20_2000,11745.849
000d7d20_2001,11745.841
000d7d20_2002,11745.876
000d7d20_2003,11746.009
000d7d20_2004,11746.067
000d7d20_2005,11746.052
000d7d20_2006,11746.066
000d7d20_2007,11746.071
000d7d20_2008,11746.077
000d7d20_2009,11746.077
000d7d20_2010,11746.072
000d7d20_2011,11746.107
000d7d20_2012,11746.265
000d7d20_2013,11746.266
000d7d20_2014,11746.265
000d7d20_2015,11746.261
000d7d20_2016,11746.301
000d7d20_2017,11746.308
000d7d20_2018,11746.309
000d7d20_2019,11746.292
000d7d20_2020,11746.294
000d7d20_2021,11746.292
000d7d20_2022,11746.285
000d7d20_2023,11746.3125
000d7d20_2024,11746.311
000d7d20_2025,11746.307
000d7d20_2026,11746.302
000d7d20_2027,11746.302
000d7d20_2028,11746.445
000d7d20_2029,11746.454
000d7d20_2030,11746.453
000d7d20_2031,11746.461
000d7d20_2032,11746.472
000d7d20_2033,11746.475
000d7d20_2034,11746.483
000d7d20_2035,11746.487
000d7d20_2036,11746.579
000d7d20_2037,11746.558
000d7d20_2038,11746.581
000d7d20_2039,11746.582
000d7d20_2040,11746.576
000d7d20_2041,11746.582
000d7d20_2042,11746.601
000d7d20_2043,11746.657
000d7d20_2044,11746.681
000d7d20_2045,11746.711
000d7d20_2046,11746.674
000d7d20_2047,11746.657
000d7d20_2048,11746.686
000d7d20_2049,11746.687
000d7d20_2050,11746.779
000d7d20_2051,11747.005
000d7d20_2052,11746.938
000d7d20_2053,11746.967
000d7d20_2054,11746.996
000d7d20_2055,11746.9375
000d7d20_2056,11746.953
000d7d20_2057,11746.953
000d7d20_2058,11746.953
000d7d20_2059,11746.946
000d7d20_2060,11746.883
000d7d20_2061,11746.883
000d7d20_2062,11746.997
000d7d20_2063,11746.957
000d7d20_2064,11746.968
000d7d20_2065,11746.972
000d7d20_2066,11746.973
000d7d20_2067,11746.985
000d7d20_2068,11747.024
000d7d20_2069,11747.027
000d7d20_2070,11747.049
000d7d20_2071,11747.045
000d7d20_2072,11747.055
000d7d20_2073,11747.055
000d7d20_2074,11747.059
000d7d20_2075,11747.056
000d7d20_2076,11747.11
000d7d20_2077,11747.122
000d7d20_2078,11747.115
000d7d20_2079,11747.113
000d7d20_2080,11747.113
000d7d20_2081,11747.108
000d7d20_2082,11747.113
000d7d20_2083,11747.113
000d7d20_2084,11747.103
000d7d20_2085,11747.061
000d7d20_2086,11747.064
000d7d20_2087,11747.037
000d7d20_2088,11747.095
000d7d20_2089,11747.098
000d7d20_2090,11747.079
000d7d20_2091,11747.079
000d7d20_2092,11747.079
000d7d20_2093,11747.053
000d7d20_2094,11747.04
000d7d20_2095,11747.041
000d7d20_2096,11747.094
000d7d20_2097,11747.108
000d7d20_2098,11747.108
000d7d20_2099,11747.112
000d7d20_2100,11747.101
000d7d20_2101,11747.102
000d7d20_2102,11747.11
000d7d20_2103,11747.11
000d7d20_2104,11747.043
000d7d20_2105,11746.992
000d7d20_2106,11746.992
000d7d20_2107,11746.996
000d7d20_2108,11747.074
000d7d20_2109,11747.07
000d7d20_2110,11747.063
000d7d20_2111,11747.07
000d7d20_2112,11747.07
000d7d20_2113,11747.068
000d7d20_2114,11747.0625
000d7d20_2115,11747.06
000d7d20_2116,11747.061
000d7d20_2117,11747.038
000d7d20_2118,11747.047
000d7d20_2119,11747.049
000d7d20_2120,11747.053
000d7d20_2121,11747.09
000d7d20_2122,11747.057
000d7d20_2123,11747.053
000d7d20_2124,11747.058
000d7d20_2125,11747.065
000d7d20_2126,11747.059
000d7d20_2127,11747.0625
000d7d20_2128,11747.073
000d7d20_2129,11747.027
000d7d20_2130,11747.003
000d7d20_2131,11747.015
000d7d20_2132,11747.026
000d7d20_2133,11747.013
000d7d20_2134,11747.007
000d7d20_2135,11747.063
000d7d20_2136,11747.068
000d7d20_2137,11747.037
000d7d20_2138,11747.046
000d7d20_2139,11747.039
000d7d20_2140,11747.039
000d7d20_2141,11747.044
000d7d20_2142,11747.039
000d7d20_2143,11747.037
000d7d20_2144,11747.041
000d7d20_2145,11747.1875
000d7d20_2146,11747.172
000d7d20_2147,11747.172
000d7d20_2148,11747.155
000d7d20_2149,11747.127
000d7d20_2150,11747.088
000d7d20_2151,11747.323
000d7d20_2152,11747.323
000d7d20_2153,11747.333
000d7d20_2154,11747.383
000d7d20_2155,11747.354
000d7d20_2156,11747.357
000d7d20_2157,11747.363
000d7d20_2158,11747.33
000d7d20_2159,11747.33
000d7d20_2160,11747.33
000d7d20_2161,11747.33
000d7d20_2162,11747.36
000d7d20_2163,11747.36
000d7d20_2164,11747.365
000d7d20_2165,11747.373
000d7d20_2166,11747.377
000d7d20_2167,11747.39
000d7d20_2168,11747.388
000d7d20_2169,11747.39
000d7d20_2170,11747.392
000d7d20_2171,11747.392
000d7d20_2172,11747.393
000d7d20_2173,11747.386
000d7d20_2174,11747.3955
000d7d20_2175,11747.3955
000d7d20_2176,11747.391
000d7d20_2177,11747.403
000d7d20_2178,11747.407
000d7d20_2179,11747.403
000d7d20_2180,11747.407
000d7d20_2181,11747.403
000d7d20_2182,11747.424
000d7d20_2183,11747.441
000d7d20_2184,11747.4375
000d7d20_2185,11747.436
000d7d20_2186,11747.429
000d7d20_2187,11747.425
000d7d20_2188,11747.428
000d7d20_2189,11747.424
000d7d20_2190,11747.431
000d7d20_2191,11747.435
000d7d20_2192,11747.435
000d7d20_2193,11747.434
000d7d20_2194,11747.4375
000d7d20_2195,11747.431
000d7d20_2196,11747.486
000d7d20_2197,11747.486
000d7d20_2198,11747.486
000d7d20_2199,11747.466
000d7d20_2200,11747.47
000d7d20_2201,11747.466
000d7d20_2202,11747.466
000d7d20_2203,11747.497
000d7d20_2204,11747.481
000d7d20_2205,11747.481
000d7d20_2206,11747.474
000d7d20_2207,11747.474
000d7d20_2208,11747.47
000d7d20_2209,11747.475
000d7d20_2210,11747.475
000d7d20_2211,11747.47
000d7d20_2212,11747.474
000d7d20_2213,11747.47
000d7d20_2214,11747.522
000d7d20_2215,11747.575
000d7d20_2216,11747.591
000d7d20_2217,11747.442
000d7d20_2218,11747.438
000d7d20_2219,11747.527
000d7d20_2220,11747.501
000d7d20_2221,11747.509
000d7d20_2222,11747.539
000d7d20_2223,11747.544
000d7d20_2224,11747.544
000d7d20_2225,11747.541
000d7d20_2226,11747.589
000d7d20_2227,11747.602
000d7d20_2228,11747.604
000d7d20_2229,11747.599
000d7d20_2230,11747.639
000d7d20_2231,11747.577
000d7d20_2232,11747.545
000d7d20_2233,11747.574
000d7d20_2234,11747.567
000d7d20_2235,11747.591
000d7d20_2236,11747.604
000d7d20_2237,11747.607
000d7d20_2238,11747.585
000d7d20_2239,11747.584
000d7d20_2240,11747.543
000d7d20_2241,11747.547
000d7d20_2242,11747.549
000d7d20_2243,11747.549
000d7d20_2244,11747.548
000d7d20_2245,11747.558
000d7d20_2246,11747.554
000d7d20_2247,11747.55
000d7d20_2248,11747.55
000d7d20_2249,11747.545
000d7d20_2250,11747.487
000d7d20_2251,11747.491
000d7d20_2252,11747.565
000d7d20_2253,11747.567
000d7d20_2254,11747.532
000d7d20_2255,11747.532
000d7d20_2256,11747.547
000d7d20_2257,11747.548
000d7d20_2258,11747.528
000d7d20_2259,11747.53
000d7d20_2260,11747.633
000d7d20_2261,11747.633
000d7d20_2262,11747.636
000d7d20_2263,11747.628
000d7d20_2264,11747.643
000d7d20_2265,11747.6045
000d7d20_2266,11747.615
000d7d20_2267,11747.642
000d7d20_2268,11747.626
000d7d20_2269,11747.65
000d7d20_2270,11747.646
000d7d20_2271,11747.654
000d7d20_2272,11747.602
000d7d20_2273,11747.598
000d7d20_2274,11747.604
000d7d20_2275,11747.658
000d7d20_2276,11747.592
000d7d20_2277,11747.605
000d7d20_2278,11747.609
000d7d20_2279,11747.608
000d7d20_2280,11747.6
000d7d20_2281,11747.585
000d7d20_2282,11747.599
000d7d20_2283,11747.601
000d7d20_2284,11747.594
000d7d20_2285,11747.594
000d7d20_2286,11747.599
000d7d20_2287,11747.6045
000d7d20_2288,11747.683
000d7d20_2289,11747.667
000d7d20_2290,11747.648
000d7d20_2291,11747.66
000d7d20_2292,11747.638
000d7d20_2293,11747.652
000d7d20_2294,11747.638
000d7d20_2295,11747.616
000d7d20_2296,11747.607
000d7d20_2297,11747.613
000d7d20_2298,11747.542
000d7d20_2299,11747.544
000d7d20_2300,11747.563
000d7d20_2301,11747.562
000d7d20_2302,11747.556
000d7d20_2303,11747.535
000d7d20_2304,11747.491
000d7d20_2305,11747.567
000d7d20_2306,11747.566
000d7d20_2307,11747.55
000d7d20_2308,11747.564
000d7d20_2309,11747.563
000d7d20_2310,11747.588
000d7d20_2311,11747.611
000d7d20_2312,11747.61
000d7d20_2313,11747.624
000d7d20_2314,11747.563
000d7d20_2315,11747.561
000d7d20_2316,11747.491
000d7d20_2317,11747.499
000d7d20_2318,11747.468
000d7d20_2319,11747.499
000d7d20_2320,11747.467
000d7d20_2321,11747.5205
000d7d20_2322,11747.466
000d7d20_2323,11747.442
000d7d20_2324,11747.444
000d7d20_2325,11747.436
000d7d20_2326,11747.454
000d7d20_2327,11747.5205
000d7d20_2328,11747.53
000d7d20_2329,11747.494
000d7d20_2330,11747.465
000d7d20_2331,11747.431
000d7d20_2332,11747.457
000d7d20_2333,11747.499
000d7d20_2334,11747.526
000d7d20_2335,11747.53
000d7d20_2336,11747.512
000d7d20_2337,11747.434
000d7d20_2338,11747.501
000d7d20_2339,11747.495
000d7d20_2340,11747.485
000d7d20_2341,11747.458
000d7d20_2342,11747.449
000d7d20_2343,11747.448
000d7d20_2344,11747.43
000d7d20_2345,11747.424
000d7d20_2346,11747.446
000d7d20_2347,11747.471
000d7d20_2348,11747.423
000d7d20_2349,11747.426
000d7d20_2350,11747.385
000d7d20_2351,11747.407
000d7d20_2352,11747.3
000d7d20_2353,11747.284
000d7d20_2354,11747.263
000d7d20_2355,11747.256
000d7d20_2356,11747.238
000d7d20_2357,11747.285
000d7d20_2358,11747.302
000d7d20_2359,11747.31
000d7d20_2360,11747.329
000d7d20_2361,11747.319
000d7d20_2362,11747.284
000d7d20_2363,11747.423
000d7d20_2364,11747.336
000d7d20_2365,11747.371
000d7d20_2366,11747.304
000d7d20_2367,11747.303
000d7d20_2368,11747.3125
000d7d20_2369,11747.431
000d7d20_2370,11747.447
000d7d20_2371,11747.466
000d7d20_2372,11747.445
000d7d20_2373,11747.464
000d7d20_2374,11747.488
000d7d20_2375,11747.49
000d7d20_2376,11747.342
000d7d20_2377,11747.277
000d7d20_2378,11747.285
000d7d20_2379,11747.251
000d7d20_2380,11747.148
000d7d20_2381,11747.135
000d7d20_2382,11747.123
000d7d20_2383,11747.109
000d7d20_2384,11747.114
000d7d20_2385,11747.114
000d7d20_2386,11747.114
000d7d20_2387,11747.121
000d7d20_2388,11747.117
000d7d20_2389,11747.1455
000d7d20_2390,11747.142
000d7d20_2391,11747.142
000d7d20_2392,11747.158
000d7d20_2393,11747.158
000d7d20_2394,11747.052
000d7d20_2395,11747.101
000d7d20_2396,11746.925
000d7d20_2397,11746.925
000d7d20_2398,11746.903
000d7d20_2399,11746.903
000d7d20_2400,11746.92
000d7d20_2401,11746.885
000d7d20_2402,11747.062
000d7d20_2403,11747.039
000d7d20_2404,11747.084
000d7d20_2405,11747.05
000d7d20_2406,11747.0625
000d7d20_2407,11747.068
000d7d20_2408,11747.067
000d7d20_2409,11747.069
000d7d20_2410,11747.06
000d7d20_2411,11747.029
000d7d20_2412,11747.021
000d7d20_2413,11747.019
000d7d20_2414,11747.056
000d7d20_2415,11746.91
000d7d20_2416,11746.916
000d7d20_2417,11746.989
000d7d20_2418,11746.94
000d7d20_2419,11746.982
000d7d20_2420,11746.958
000d7d20_2421,11746.948
000d7d20_2422,11746.956
000d7d20_2423,11746.895
000d7d20_2424,11746.882
000d7d20_2425,11746.906
000d7d20_2426,11746.907
000d7d20_2427,11746.892
000d7d20_2428,11746.873
000d7d20_2429,11746.85
000d7d20_2430,11746.913
000d7d20_2431,11746.913
000d7d20_2432,11746.911
000d7d20_2433,11746.948
000d7d20_2434,11746.888
000d7d20_2435,11746.9375
000d7d20_2436,11746.845
000d7d20_2437,11746.769
000d7d20_2438,11746.806
000d7d20_2439,11746.732
000d7d20_2440,11746.665
000d7d20_2441,11746.772
000d7d20_2442,11746.762
000d7d20_2443,11746.81
000d7d20_2444,11746.83
000d7d20_2445,11746.821
000d7d20_2446,11746.806
000d7d20_2447,11746.786
000d7d20_2448,11746.86
000d7d20_2449,11746.862
000d7d20_2450,11746.907
000d7d20_2451,11746.949
000d7d20_2452,11746.9
000d7d20_2453,11746.889
000d7d20_2454,11746.851
000d7d20_2455,11746.851
000d7d20_2456,11746.895
000d7d20_2457,11746.845
000d7d20_2458,11746.823
000d7d20_2459,11746.851
000d7d20_2460,11746.847
000d7d20_2461,11746.828
000d7d20_2462,11746.83
000d7d20_2463,11746.872
000d7d20_2464,11746.848
000d7d20_2465,11746.894
000d7d20_2466,11746.89
000d7d20_2467,11746.896
000d7d20_2468,11746.928
000d7d20_2469,11746.936
000d7d20_2470,11746.975
000d7d20_2471,11746.971
000d7d20_2472,11746.973
000d7d20_2473,11747.206
000d7d20_2474,11747.231
000d7d20_2475,11747.223
000d7d20_2476,11747.229
000d7d20_2477,11747.222
000d7d20_2478,11747.11
000d7d20_2479,11747.145
000d7d20_2480,11747.074
000d7d20_2481,11747.062
000d7d20_2482,11747.291
000d7d20_2483,11747.271
000d7d20_2484,11747.298
000d7d20_2485,11747.231
000d7d20_2486,11747.233
000d7d20_2487,11747.232
000d7d20_2488,11747.25
000d7d20_2489,11747.291
000d7d20_2490,11747.439
000d7d20_2491,11747.396
000d7d20_2492,11747.384
000d7d20_2493,11747.376
000d7d20_2494,11747.388
000d7d20_2495,11747.391
000d7d20_2496,11747.404
000d7d20_2497,11747.447
000d7d20_2498,11747.465
000d7d20_2499,11747.467
000d7d20_2500,11747.549
000d7d20_2501,11747.535
000d7d20_2502,11747.535
000d7d20_2503,11747.539
000d7d20_2504,11747.509
000d7d20_2505,11747.509
000d7d20_2506,11747.424
000d7d20_2507,11747.418
000d7d20_2508,11747.405
000d7d20_2509,11747.412
000d7d20_2510,11747.573
000d7d20_2511,11747.58
000d7d20_2512,11747.598
000d7d20_2513,11747.58
000d7d20_2514,11747.58
000d7d20_2515,11747.565
000d7d20_2516,11747.602
000d7d20_2517,11747.752
000d7d20_2518,11747.758
000d7d20_2519,11747.754
000d7d20_2520,11747.742
000d7d20_2521,11747.75
000d7d20_2522,11747.757
000d7d20_2523,11747.758
000d7d20_2524,11747.771
000d7d20_2525,11747.841
000d7d20_2526,11747.843
000d7d20_2527,11747.825
000d7d20_2528,11747.818
000d7d20_2529,11747.837
000d7d20_2530,11748.104
000d7d20_2531,11748.1045
000d7d20_2532,11748.141
000d7d20_2533,11748.063
000d7d20_2534,11748.052
000d7d20_2535,11748.051
000d7d20_2536,11748.092
000d7d20_2537,11748.058
000d7d20_2538,11748.076
000d7d20_2539,11748.151
000d7d20_2540,11748.151
000d7d20_2541,11748.036
000d7d20_2542,11748.046
000d7d20_2543,11748.032
000d7d20_2544,11748.039
000d7d20_2545,11748.036
000d7d20_2546,11748.086
000d7d20_2547,11748.082
000d7d20_2548,11748.128
000d7d20_2549,11748.331
000d7d20_2550,11748.316
000d7d20_2551,11748.316
000d7d20_2552,11748.412
000d7d20_2553,11748.427
000d7d20_2554,11748.37
000d7d20_2555,11748.37
000d7d20_2556,11748.37
000d7d20_2557,11748.312
000d7d20_2558,11748.303
000d7d20_2559,11748.321
000d7d20_2560,11748.337
000d7d20_2561,11748.337
000d7d20_2562,11748.377
000d7d20_2563,11748.411
000d7d20_2564,11748.398
000d7d20_2565,11748.398
000d7d20_2566,11748.396
000d7d20_2567,11748.565
000d7d20_2568,11748.555
000d7d20_2569,11748.555
000d7d20_2570,11748.595
000d7d20_2571,11748.591
000d7d20_2572,11748.479
000d7d20_2573,11748.469
000d7d20_2574,11748.631
000d7d20_2575,11748.629
000d7d20_2576,11748.66
000d7d20_2577,11748.7295
000d7d20_2578,11748.731
000d7d20_2579,11748.727
000d7d20_2580,11748.686
000d7d20_2581,11748.729
000d7d20_2582,11748.798
000d7d20_2583,11748.798
000d7d20_2584,11748.786
000d7d20_2585,11748.82
000d7d20_2586,11748.75
000d7d20_2587,11748.808
000d7d20_2588,11748.79
000d7d20_2589,11748.869
000d7d20_2590,11748.811
000d7d20_2591,11748.8
000d7d20_2592,11748.75
000d7d20_2593,11748.75
000d7d20_2594,11748.707
000d7d20_2595,11748.705
000d7d20_2596,11748.887
000d7d20_2597,11748.897
000d7d20_2598,11749.044
000d7d20_2599,11749.025
000d7d20_2600,11749.065
000d7d20_2601,11749.073
000d7d20_2602,11749.062
000d7d20_2603,11749.097
000d7d20_2604,11749.1045
000d7d20_2605,11749.1045
000d7d20_2606,11749.2
000d7d20_2607,11749.188
000d7d20_2608,11749.186
000d7d20_2609,11749.18
000d7d20_2610,11749.182
000d7d20_2611,11749.18
000d7d20_2612,11749.182
000d7d20_2613,11749.154
000d7d20_2614,11749.15
000d7d20_2615,11749.3
000d7d20_2616,11749.273
000d7d20_2617,11749.275
000d7d20_2618,11749.273
000d7d20_2619,11749.273
000d7d20_2620,11749.278
000d7d20_2621,11749.273
000d7d20_2622,11749.303
000d7d20_2623,11749.305
000d7d20_2624,11749.304
000d7d20_2625,11749.289
000d7d20_2626,11749.289
000d7d20_2627,11749.31
000d7d20_2628,11749.312
000d7d20_2629,11749.33
000d7d20_2630,11749.326
000d7d20_2631,11749.318
000d7d20_2632,11749.318
000d7d20_2633,11749.312
000d7d20_2634,11749.293
000d7d20_2635,11749.294
000d7d20_2636,11749.259
000d7d20_2637,11749.257
000d7d20_2638,11749.232
000d7d20_2639,11749.231
000d7d20_2640,11749.231
000d7d20_2641,11749.238
000d7d20_2642,11749.255
000d7d20_2643,11749.255
000d7d20_2644,11749.257
000d7d20_2645,11749.261
000d7d20_2646,11749.2705
000d7d20_2647,11749.264
000d7d20_2648,11749.272
000d7d20_2649,11749.2705
000d7d20_2650,11749.295
000d7d20_2651,11749.267
000d7d20_2652,11749.265
000d7d20_2653,11749.3
000d7d20_2654,11749.317
000d7d20_2655,11749.323
000d7d20_2656,11749.368
000d7d20_2657,11749.417
000d7d20_2658,11749.417
000d7d20_2659,11749.406
000d7d20_2660,11749.406
000d7d20_2661,11749.406
000d7d20_2662,11749.364
000d7d20_2663,11749.354
000d7d20_2664,11749.357
000d7d20_2665,11749.357
000d7d20_2666,11749.447
000d7d20_2667,11749.465
000d7d20_2668,11749.465
000d7d20_2669,11749.464
000d7d20_2670,11749.466
000d7d20_2671,11749.473
000d7d20_2672,11749.472
000d7d20_2673,11749.471
000d7d20_2674,11749.459
000d7d20_2675,11749.465
000d7d20_2676,11749.458
000d7d20_2677,11749.458
000d7d20_2678,11749.454
000d7d20_2679,11749.458
000d7d20_2680,11749.469
000d7d20_2681,11749.467
000d7d20_2682,11749.473
000d7d20_2683,11749.473
000d7d20_2684,11749.477
000d7d20_2685,11749.475
000d7d20_2686,11749.485
000d7d20_2687,11749.529
000d7d20_2688,11749.5205
000d7d20_2689,11749.5205
000d7d20_2690,11749.5205
000d7d20_2691,11749.519
000d7d20_2692,11749.522
000d7d20_2693,11749.518
000d7d20_2694,11749.493
000d7d20_2695,11749.496
000d7d20_2696,11749.512
000d7d20_2697,11749.507
000d7d20_2698,11749.52
000d7d20_2699,11749.514
000d7d20_2700,11749.517
000d7d20_2701,11749.475
000d7d20_2702,11749.477
000d7d20_2703,11749.477
000d7d20_2704,11749.514
000d7d20_2705,11749.399
000d7d20_2706,11749.493
000d7d20_2707,11749.683
000d7d20_2708,11749.684
000d7d20_2709,11749.703
000d7d20_2710,11749.811
000d7d20_2711,11749.736
000d7d20_2712,11749.738
000d7d20_2713,11749.733
000d7d20_2714,11749.732
000d7d20_2715,11749.709
000d7d20_2716,11749.704
000d7d20_2717,11749.6
000d7d20_2718,11749.591
000d7d20_2719,11749.682
000d7d20_2720,11749.78
000d7d20_2721,11749.802
000d7d20_2722,11749.817
000d7d20_2723,11749.761
000d7d20_2724,11749.766
000d7d20_2725,11749.786
000d7d20_2726,11749.764
000d7d20_2727,11749.763
000d7d20_2728,11749.768
000d7d20_2729,11749.768
000d7d20_2730,11749.796
000d7d20_2731,11749.843
000d7d20_2732,11749.765
000d7d20_2733,11749.763
000d7d20_2734,11749.746
000d7d20_2735,11749.773
000d7d20_2736,11749.8125
000d7d20_2737,11749.8125
000d7d20_2738,11749.8125
000d7d20_2739,11749.842
000d7d20_2740,11749.843
000d7d20_2741,11749.848
000d7d20_2742,11749.845
000d7d20_2743,11749.879
000d7d20_2744,11749.872
000d7d20_2745,11749.844
000d7d20_2746,11749.897
000d7d20_2747,11749.9
000d7d20_2748,11749.9
000d7d20_2749,11749.9
000d7d20_2750,11749.996
000d7d20_2751,11750.028
000d7d20_2752,11750.026
000d7d20_2753,11750.036
000d7d20_2754,11750.041
000d7d20_2755,11750.015
000d7d20_2756,11750.017
000d7d20_2757,11750.015
000d7d20_2758,11750.013
000d7d20_2759,11750.013
000d7d20_2760,11750.006
000d7d20_2761,11750.006
000d7d20_2762,11750.034
000d7d20_2763,11750.033
000d7d20_2764,11750.033
000d7d20_2765,11750.039
000d7d20_2766,11750.038
000d7d20_2767,11750.018
000d7d20_2768,11749.945
000d7d20_2769,11749.931
000d7d20_2770,11750.031
000d7d20_2771,11750.028
000d7d20_2772,11750.1045
000d7d20_2773,11750.105
000d7d20_2774,11750.122
000d7d20_2775,11750.12
000d7d20_2776,11750.245
000d7d20_2777,11750.262
000d7d20_2778,11750.244
000d7d20_2779,11750.239
000d7d20_2780,11750.265
000d7d20_2781,11750.266
000d7d20_2782,11750.3125
000d7d20_2783,11750.265
000d7d20_2784,11750.269
000d7d20_2785,11750.252
000d7d20_2786,11750.252
000d7d20_2787,11750.273
000d7d20_2788,11750.295
000d7d20_2789,11750.581
000d7d20_2790,11750.581
000d7d20_2791,11750.58
000d7d20_2792,11750.55
000d7d20_2793,11750.562
000d7d20_2794,11750.546
000d7d20_2795,11750.522
000d7d20_2796,11750.513
000d7d20_2797,11750.495
000d7d20_2798,11750.472
000d7d20_2799,11750.472
000d7d20_2800,11750.449
000d7d20_2801,11750.471
000d7d20_2802,11750.544
000d7d20_2803,11750.543
000d7d20_2804,11750.544
000d7d20_2805,11750.489
000d7d20_2806,11750.46
000d7d20_2807,11750.482
000d7d20_2808,11750.457
000d7d20_2809,11750.415
000d7d20_2810,11750.41
000d7d20_2811,11750.413
000d7d20_2812,11750.414
000d7d20_2813,11750.409
000d7d20_2814,11750.446
000d7d20_2815,11750.384
000d7d20_2816,11750.454
000d7d20_2817,11750.433
000d7d20_2818,11750.393
000d7d20_2819,11750.431
000d7d20_2820,11750.388
000d7d20_2821,11750.441
000d7d20_2822,11750.426
000d7d20_2823,11750.424
000d7d20_2824,11750.426
000d7d20_2825,11750.426
000d7d20_2826,11750.431
000d7d20_2827,11750.432
000d7d20_2828,11750.443
000d7d20_2829,11750.444
000d7d20_2830,11750.5
000d7d20_2831,11750.509
000d7d20_2832,11750.518
000d7d20_2833,11750.518
000d7d20_2834,11750.525
000d7d20_2835,11750.519
000d7d20_2836,11750.542
000d7d20_2837,11750.567
000d7d20_2838,11750.563
000d7d20_2839,11750.533
000d7d20_2840,11750.53
000d7d20_2841,11750.53
000d7d20_2842,11750.633
000d7d20_2843,11750.627
000d7d20_2844,11750.664
000d7d20_2845,11750.658
000d7d20_2846,11750.656
000d7d20_2847,11750.658
000d7d20_2848,11750.658
000d7d20_2849,11750.624
000d7d20_2850,11750.66
000d7d20_2851,11750.658
000d7d20_2852,11750.658
000d7d20_2853,11750.663
000d7d20_2854,11750.627
000d7d20_2855,11750.66
000d7d20_2856,11750.624
000d7d20_2857,11750.623
000d7d20_2858,11750.668
000d7d20_2859,11750.62
000d7d20_2860,11750.62
000d7d20_2861,11750.654
000d7d20_2862,11750.62
000d7d20_2863,11750.62
000d7d20_2864,11750.618
000d7d20_2865,11750.698
000d7d20_2866,11750.715
000d7d20_2867,11750.682
000d7d20_2868,11750.683
000d7d20_2869,11750.683
000d7d20_2870,11750.682
000d7d20_2871,11750.683
000d7d20_2872,11750.683
000d7d20_2873,11750.667
000d7d20_2874,11750.667
000d7d20_2875,11750.7
000d7d20_2876,11750.702
000d7d20_2877,11750.704
000d7d20_2878,11750.693
000d7d20_2879,11750.718
000d7d20_2880,11750.715
000d7d20_2881,11750.783
000d7d20_2882,11750.784
000d7d20_2883,11750.76
000d7d20_2884,11750.76
000d7d20_2885,11750.761
000d7d20_2886,11750.76
000d7d20_2887,11750.783
000d7d20_2888,11750.783
000d7d20_2889,11750.793
000d7d20_2890,11750.81
000d7d20_2891,11750.81
000d7d20_2892,11750.816
000d7d20_2893,11750.828
000d7d20_2894,11750.803
000d7d20_2895,11750.828
000d7d20_2896,11750.829
000d7d20_2897,11750.82
000d7d20_2898,11750.82
000d7d20_2899,11750.829
000d7d20_2900,11750.828
000d7d20_2901,11750.849
000d7d20_2902,11750.849
000d7d20_2903,11750.849
000d7d20_2904,11750.836
000d7d20_2905,11750.875
000d7d20_2906,11750.933
000d7d20_2907,11750.933
000d7d20_2908,11750.9
000d7d20_2909,11750.831
000d7d20_2910,11750.833
000d7d20_2911,11750.9
000d7d20_2912,11750.899
000d7d20_2913,11750.881
000d7d20_2914,11750.811
000d7d20_2915,11750.81
000d7d20_2916,11750.81
000d7d20_2917,11750.786
000d7d20_2918,11750.786
000d7d20_2919,11750.785
000d7d20_2920,11750.9
000d7d20_2921,11750.861
000d7d20_2922,11750.864
000d7d20_2923,11750.856
000d7d20_2924,11750.865
000d7d20_2925,11750.867
000d7d20_2926,11750.901
000d7d20_2927,11750.896
000d7d20_2928,11750.897
000d7d20_2929,11750.962
000d7d20_2930,11750.961
000d7d20_2931,11750.961
000d7d20_2932,11750.961
000d7d20_2933,11750.985
000d7d20_2934,11750.88
000d7d20_2935,11750.99
000d7d20_2936,11750.883
000d7d20_2937,11750.914
000d7d20_2938,11750.905
000d7d20_2939,11750.921
000d7d20_2940,11750.912
000d7d20_2941,11750.908
000d7d20_2942,11750.909
000d7d20_2943,11750.908
000d7d20_2944,11750.906
000d7d20_2945,11750.906
000d7d20_2946,11750.906
000d7d20_2947,11750.952
000d7d20_2948,11750.96
000d7d20_2949,11750.957
000d7d20_2950,11750.959
000d7d20_2951,11750.959
000d7d20_2952,11750.959
000d7d20_2953,11750.96
000d7d20_2954,11750.96
000d7d20_2955,11750.944
000d7d20_2956,11750.9375
000d7d20_2957,11750.937
000d7d20_2958,11750.937
000d7d20_2959,11750.933
000d7d20_2960,11750.925
000d7d20_2961,11750.925
000d7d20_2962,11750.912
000d7d20_2963,11750.851
000d7d20_2964,11750.851
000d7d20_2965,11750.855
000d7d20_2966,11750.861
000d7d20_2967,11750.867
000d7d20_2968,11750.855
000d7d20_2969,11750.86
000d7d20_2970,11750.77
000d7d20_2971,11750.749
000d7d20_2972,11750.773
000d7d20_2973,11750.768
000d7d20_2974,11750.768
000d7d20_2975,11750.767
000d7d20_2976,11750.759
000d7d20_2977,11750.758
000d7d20_2978,11750.77
000d7d20_2979,11750.775
000d7d20_2980,11750.775
000d7d20_2981,11750.78
000d7d20_2982,11750.794
000d7d20_2983,11750.8
000d7d20_2984,11750.782
000d7d20_2985,11750.782
000d7d20_2986,11750.787
000d7d20_2987,11750.783
000d7d20_2988,11750.783
000d7d20_2989,11750.789
000d7d20_2990,11750.783
000d7d20_2991,11750.778
000d7d20_2992,11750.784
000d7d20_2993,11750.769
000d7d20_2994,11750.769
000d7d20_2995,11750.769
000d7d20_2996,11750.77
000d7d20_2997,11750.777
000d7d20_2998,11750.754
000d7d20_2999,11750.75
000d7d20_3000,11750.749
000d7d20_3001,11750.749
000d7d20_3002,11750.749
000d7d20_3003,11750.75
000d7d20_3004,11750.749
000d7d20_3005,11750.75
000d7d20_3006,11750.785
000d7d20_3007,11750.753
000d7d20_3008,11750.762
000d7d20_3009,11750.744
000d7d20_3010,11750.744
000d7d20_3011,11750.744
000d7d20_3012,11750.745
000d7d20_3013,11750.762
000d7d20_3014,11750.764
000d7d20_3015,11750.733
000d7d20_3016,11750.75
000d7d20_3017,11750.755
000d7d20_3018,11750.749
000d7d20_3019,11750.774
000d7d20_3020,11750.756
000d7d20_3021,11750.75
000d7d20_3022,11750.75
000d7d20_3023,11750.752
000d7d20_3024,11750.752
000d7d20_3025,11750.75
000d7d20_3026,11750.779
000d7d20_3027,11750.78
000d7d20_3028,11750.788
000d7d20_3029,11750.802
000d7d20_3030,11750.802
000d7d20_3031,11750.802
000d7d20_3032,11750.804
000d7d20_3033,11750.798
000d7d20_3034,11750.8
000d7d20_3035,11750.808
000d7d20_3036,11750.809
000d7d20_3037,11750.807
000d7d20_3038,11750.806
000d7d20_3039,11750.829
000d7d20_3040,11750.822
000d7d20_3041,11750.822
000d7d20_3042,11750.823
000d7d20_3043,11750.82
000d7d20_3044,11750.824
000d7d20_3045,11750.824
000d7d20_3046,11750.826
000d7d20_3047,11750.849
000d7d20_3048,11750.862
000d7d20_3049,11750.862
000d7d20_3050,11750.861
000d7d20_3051,11750.86
000d7d20_3052,11750.89
000d7d20_3053,11750.889
000d7d20_3054,11750.8955
000d7d20_3055,11750.866
000d7d20_3056,11750.934
000d7d20_3057,11750.926
000d7d20_3058,11750.933
000d7d20_3059,11750.939
000d7d20_3060,11750.856
000d7d20_3061,11750.856
000d7d20_3062,11750.78
000d7d20_3063,11750.871
000d7d20_3064,11750.912
000d7d20_3065,11750.842
000d7d20_3066,11750.833
000d7d20_3067,11750.819
000d7d20_3068,11750.8125
000d7d20_3069,11750.834
000d7d20_3070,11750.825
000d7d20_3071,11750.786
000d7d20_3072,11750.779
000d7d20_3073,11750.795
000d7d20_3074,11750.767
000d7d20_3075,11750.757
000d7d20_3076,11750.751
000d7d20_3077,11750.751
000d7d20_3078,11750.783
000d7d20_3079,11750.757
000d7d20_3080,11750.974
000d7d20_3081,11750.964
000d7d20_3082,11750.964
000d7d20_3083,11750.963
000d7d20_3084,11750.968
000d7d20_3085,11750.973
000d7d20_3086,11750.9795
000d7d20_3087,11751.04
000d7d20_3088,11751.038
000d7d20_3089,11751.038
000d7d20_3090,11750.939
000d7d20_3091,11750.922
000d7d20_3092,11750.943
000d7d20_3093,11750.981
000d7d20_3094,11751.062
000d7d20_3095,11751.314
000d7d20_3096,11751.341
000d7d20_3097,11751.376
000d7d20_3098,11751.379
000d7d20_3099,11751.379
000d7d20_3100,11751.318
000d7d20_3101,11751.402
000d7d20_3102,11751.392
000d7d20_3103,11751.397
000d7d20_3104,11751.391
000d7d20_3105,11751.756
000d7d20_3106,11751.769
000d7d20_3107,11751.775
000d7d20_3108,11751.773
000d7d20_3109,11751.78
000d7d20_3110,11751.78
000d7d20_3111,11751.773
000d7d20_3112,11751.707
000d7d20_3113,11751.702
000d7d20_3114,11751.619
000d7d20_3115,11751.622
000d7d20_3116,11751.637
000d7d20_3117,11751.639
000d7d20_3118,11751.721
000d7d20_3119,11751.677
000d7d20_3120,11751.677
000d7d20_3121,11751.678
000d7d20_3122,11751.678
000d7d20_3123,11751.719
000d7d20_3124,11751.771
000d7d20_3125,11751.75
000d7d20_3126,11751.669
000d7d20_3127,11751.684
000d7d20_3128,11751.662
000d7d20_3129,11751.684
000d7d20_3130,11751.72
000d7d20_3131,11751.721
000d7d20_3132,11751.721
000d7d20_3133,11751.72
000d7d20_3134,11751.802
000d7d20_3135,11751.803
000d7d20_3136,11751.72
000d7d20_3137,11751.719
000d7d20_3138,11751.705
000d7d20_3139,11751.731
000d7d20_3140,11751.856
000d7d20_3141,11751.858
000d7d20_3142,11751.857
000d7d20_3143,11751.858
000d7d20_3144,11751.818
000d7d20_3145,11751.878
000d7d20_3146,11751.76
000d7d20_3147,11751.759
000d7d20_3148,11751.759
000d7d20_3149,11751.764
000d7d20_3150,11751.821
000d7d20_3151,11751.822
000d7d20_3152,11751.83
000d7d20_3153,11751.823
000d7d20_3154,11751.823
000d7d20_3155,11751.824
000d7d20_3156,11751.82
000d7d20_3157,11751.847
000d7d20_3158,11751.824
000d7d20_3159,11751.763
000d7d20_3160,11751.763
000d7d20_3161,11751.734
000d7d20_3162,11751.71
000d7d20_3163,11751.722
000d7d20_3164,11751.6455
000d7d20_3165,11751.645
000d7d20_3166,11751.606
000d7d20_3167,11751.616
000d7d20_3168,11751.616
000d7d20_3169,11751.618
000d7d20_3170,11751.66
000d7d20_3171,11751.645
000d7d20_3172,11751.615
000d7d20_3173,11751.604
000d7d20_3174,11751.602
000d7d20_3175,11751.657
000d7d20_3176,11751.718
000d7d20_3177,11751.678
000d7d20_3178,11751.706
000d7d20_3179,11751.708
000d7d20_3180,11751.71
000d7d20_3181,11751.712
000d7d20_3182,11751.711
000d7d20_3183,11751.712
000d7d20_3184,11751.793
000d7d20_3185,11751.788
000d7d20_3186,11751.791
000d7d20_3187,11751.791
000d7d20_3188,11751.789
000d7d20_3189,11751.797
000d7d20_3190,11751.778
000d7d20_3191,11751.778
000d7d20_3192,11751.785
000d7d20_3193,11751.765
000d7d20_3194,11751.765
000d7d20_3195,11751.771
000d7d20_3196,11751.784
000d7d20_3197,11751.809
000d7d20_3198,11751.809
000d7d20_3199,11751.808
000d7d20_3200,11751.798
000d7d20_3201,11751.818
000d7d20_3202,11751.817
000d7d20_3203,11751.806
000d7d20_3204,11751.806
000d7d20_3205,11751.911
000d7d20_3206,11751.911
000d7d20_3207,11751.913
000d7d20_3208,11751.914
000d7d20_3209,11751.924
000d7d20_3210,11751.933
000d7d20_3211,11751.929
000d7d20_3212,11751.887
000d7d20_3213,11751.887
000d7d20_3214,11751.833
000d7d20_3215,11751.832
000d7d20_3216,11751.832
000d7d20_3217,11751.832
000d7d20_3218,11751.813
000d7d20_3219,11751.815
000d7d20_3220,11751.818
000d7d20_3221,11751.817
000d7d20_3222,11751.777
000d7d20_3223,11751.761
000d7d20_3224,11751.759
000d7d20_3225,11751.767
000d7d20_3226,11751.783
000d7d20_3227,11751.784
000d7d20_3228,11751.776
000d7d20_3229,11751.772
000d7d20_3230,11751.773
000d7d20_3231,11751.752
000d7d20_3232,11751.768
000d7d20_3233,11751.785
000d7d20_3234,11751.788
000d7d20_3235,11751.824
000d7d20_3236,11751.828
000d7d20_3237,11751.864
000d7d20_3238,11751.864
000d7d20_3239,11751.849
000d7d20_3240,11751.816
000d7d20_3241,11751.75
000d7d20_3242,11751.751
000d7d20_3243,11751.752
000d7d20_3244,11751.764
000d7d20_3245,11751.802
000d7d20_3246,11751.7705
000d7d20_3247,11751.753
000d7d20_3248,11751.7295
000d7d20_3249,11751.746
000d7d20_3250,11751.74
000d7d20_3251,11751.822
000d7d20_3252,11751.822
000d7d20_3253,11751.826
000d7d20_3254,11751.832
000d7d20_3255,11751.837
000d7d20_3256,11751.841
000d7d20_3257,11751.841
000d7d20_3258,11751.848
000d7d20_3259,11751.842
000d7d20_3260,11751.855
000d7d20_3261,11751.857
000d7d20_3262,11751.8545
000d7d20_3263,11751.833
000d7d20_3264,11751.779
000d7d20_3265,11751.993
000d7d20_3266,11751.991
000d7d20_3267,11751.985
000d7d20_3268,11752.026
000d7d20_3269,11752.017
000d7d20_3270,11752.023
000d7d20_3271,11751.975
000d7d20_3272,11751.976
000d7d20_3273,11751.984
000d7d20_3274,11751.955
000d7d20_3275,11751.945
000d7d20_3276,11751.946
000d7d20_3277,11751.976
000d7d20_3278,11751.961
000d7d20_3279,11751.89
000d7d20_3280,11751.903
000d7d20_3281,11751.918
000d7d20_3282,11751.918
000d7d20_3283,11751.919
000d7d20_3284,11751.86
000d7d20_3285,11751.882
000d7d20_3286,11751.88
000d7d20_3287,11751.88
000d7d20_3288,11751.909
000d7d20_3289,11751.918
000d7d20_3290,11751.918
000d7d20_3291,11751.94
000d7d20_3292,11751.969
000d7d20_3293,11751.971
000d7d20_3294,11752.008
000d7d20_3295,11752.01
000d7d20_3296,11752.008
000d7d20_3297,11752.03
000d7d20_3298,11752.066
000d7d20_3299,11752.067
000d7d20_3300,11752.044
000d7d20_3301,11752.067
000d7d20_3302,11752.026
000d7d20_3303,11752.026
000d7d20_3304,11752.026
000d7d20_3305,11751.966
000d7d20_3306,11751.966
000d7d20_3307,11751.966
000d7d20_3308,11751.962
000d7d20_3309,11751.965
000d7d20_3310,11751.965
000d7d20_3311,11751.964
000d7d20_3312,11751.978
000d7d20_3313,11751.979
000d7d20_3314,11752.007
000d7d20_3315,11752.126
000d7d20_3316,11752.121
000d7d20_3317,11752.14
000d7d20_3318,11752.133
000d7d20_3319,11752.113
000d7d20_3320,11752.105
000d7d20_3321,11752.11
000d7d20_3322,11752.113
000d7d20_3323,11752.111
000d7d20_3324,11752.102
000d7d20_3325,11752.183
000d7d20_3326,11752.185
000d7d20_3327,11752.186
000d7d20_3328,11752.196
000d7d20_3329,11752.203
000d7d20_3330,11752.203
000d7d20_3331,11752.191
000d7d20_3332,11752.193
000d7d20_3333,11752.191
000d7d20_3334,11752.193
000d7d20_3335,11752.205
000d7d20_3336,11752.176
000d7d20_3337,11752.197
000d7d20_3338,11752.198
000d7d20_3339,11752.176
000d7d20_3340,11752.176
000d7d20_3341,11752.182
000d7d20_3342,11752.175
000d7d20_3343,11752.176
000d7d20_3344,11752.164
000d7d20_3345,11752.164
000d7d20_3346,11752.171
000d7d20_3347,11752.177
000d7d20_3348,11752.207
000d7d20_3349,11752.203
000d7d20_3350,11752.196
000d7d20_3351,11752.196
000d7d20_3352,11752.185
000d7d20_3353,11752.198
000d7d20_3354,11752.198
000d7d20_3355,11752.204
000d7d20_3356,11752.204
000d7d20_3357,11752.213
000d7d20_3358,11752.21
000d7d20_3359,11752.199
000d7d20_3360,11752.194
000d7d20_3361,11752.194
000d7d20_3362,11752.2
000d7d20_3363,11752.195
000d7d20_3364,11752.181
000d7d20_3365,11752.174
000d7d20_3366,11752.176
000d7d20_3367,11752.174
000d7d20_3368,11752.175
000d7d20_3369,11752.175
000d7d20_3370,11752.171
000d7d20_3371,11752.172
000d7d20_3372,11751.965
000d7d20_3373,11752.006
000d7d20_3374,11752.082
000d7d20_3375,11752.121
000d7d20_3376,11752.119
000d7d20_3377,11752.119
000d7d20_3378,11752.104
000d7d20_3379,11752.081
000d7d20_3380,11752.081
000d7d20_3381,11752.097
000d7d20_3382,11752.099
000d7d20_3383,11752.1045
000d7d20_3384,11752.163
000d7d20_3385,11752.165
000d7d20_3386,11752.144
000d7d20_3387,11752.129
000d7d20_3388,11752.129
000d7d20_3389,11752.144
000d7d20_3390,11752.165
000d7d20_3391,11752.177
000d7d20_3392,11752.177
000d7d20_3393,11752.177
000d7d20_3394,11752.157
000d7d20_3395,11752.178
000d7d20_3396,11752.178
000d7d20_3397,11752.178
000d7d20_3398,11752.246
000d7d20_3399,11752.226
000d7d20_3400,11752.246
000d7d20_3401,11752.246
000d7d20_3402,11752.23
000d7d20_3403,11752.165
000d7d20_3404,11752.165
000d7d20_3405,11752.166
000d7d20_3406,11752.175
000d7d20_3407,11752.167
000d7d20_3408,11752.165
000d7d20_3409,11752.103
000d7d20_3410,11752.105
000d7d20_3411,11752.062
000d7d20_3412,11752.116
000d7d20_3413,11752.096
000d7d20_3414,11752.097
000d7d20_3415,11752.096
000d7d20_3416,11752.113
000d7d20_3417,11752.113
000d7d20_3418,11752.08
000d7d20_3419,11752.063
000d7d20_3420,11752.056
000d7d20_3421,11752.056
000d7d20_3422,11752.056
000d7d20_3423,11752.06
000d7d20_3424,11752.043
000d7d20_3425,11752.039
000d7d20_3426,11752.063
000d7d20_3427,11752.067
000d7d20_3428,11752.043
000d7d20_3429,11752.018
000d7d20_3430,11751.995
000d7d20_3431,11752.001
000d7d20_3432,11752.019
000d7d20_3433,11752.02
000d7d20_3434,11751.891
000d7d20_3435,11751.891
000d7d20_3436,11751.9
000d7d20_3437,11751.877
000d7d20_3438,11751.858
000d7d20_3439,11751.858
000d7d20_3440,11751.888
000d7d20_3441,11751.887
000d7d20_3442,11751.8545
000d7d20_3443,11751.876
000d7d20_3444,11751.877
000d7d20_3445,11751.877
000d7d20_3446,11751.877
000d7d20_3447,11751.878
000d7d20_3448,11751.892
000d7d20_3449,11751.908
000d7d20_3450,11751.954
000d7d20_3451,11752.009
000d7d20_3452,11752.009
000d7d20_3453,11752.032
000d7d20_3454,11752.029
000d7d20_3455,11751.959
000d7d20_3456,11751.942
000d7d20_3457,11751.947
000d7d20_3458,11751.954
000d7d20_3459,11751.954
000d7d20_3460,11751.954
000d7d20_3461,11751.962
000d7d20_3462,11751.945
000d7d20_3463,11751.936
000d7d20_3464,11751.935
000d7d20_3465,11751.935
000d7d20_3466,11751.905
000d7d20_3467,11751.905
000d7d20_3468,11751.915
000d7d20_3469,11751.922
000d7d20_3470,11751.979
000d7d20_3471,11751.9795
000d7d20_3472,11751.958
000d7d20_3473,11751.942
000d7d20_3474,11752.172
000d7d20_3475,11752.201
000d7d20_3476,11752.181
000d7d20_3477,11752.199
000d7d20_3478,11752.352
000d7d20_3479,11752.351
000d7d20_3480,11752.352
000d7d20_3481,11752.332
000d7d20_3482,11752.455
000d7d20_3483,11752.473
000d7d20_3484,11752.473
000d7d20_3485,11752.44
000d7d20_3486,11752.44
000d7d20_3487,11752.44
000d7d20_3488,11752.441
000d7d20_3489,11752.435
000d7d20_3490,11752.423
000d7d20_3491,11752.43
000d7d20_3492,11752.43
000d7d20_3493,11752.434
000d7d20_3494,11752.458
000d7d20_3495,11752.448
000d7d20_3496,11752.486
000d7d20_3497,11752.497
000d7d20_3498,11752.497
000d7d20_3499,11752.497
000d7d20_3500,11752.514
000d7d20_3501,11752.511
000d7d20_3502,11752.532
000d7d20_3503,11752.5625
000d7d20_3504,11752.5625
000d7d20_3505,11752.568
000d7d20_3506,11752.5625
000d7d20_3507,11752.564
000d7d20_3508,11752.517
000d7d20_3509,11752.51
000d7d20_3510,11752.517
000d7d20_3511,11752.515
000d7d20_3512,11752.518
000d7d20_3513,11752.482
000d7d20_3514,11752.482
000d7d20_3515,11752.537
000d7d20_3516,11752.532
000d7d20_3517,11752.532
000d7d20_3518,11752.548
000d7d20_3519,11752.548
000d7d20_3520,11752.58
000d7d20_3521,11752.592
000d7d20_3522,11752.624
000d7d20_3523,11752.601
000d7d20_3524,11752.724
000d7d20_3525,11752.581
000d7d20_3526,11752.711
000d7d20_3527,11752.705
000d7d20_3528,11752.701
000d7d20_3529,11752.701
000d7d20_3530,11752.703
000d7d20_3531,11752.707
000d7d20_3532,11752.657
000d7d20_3533,11752.663
000d7d20_3534,11752.663
000d7d20_3535,11752.678
000d7d20_3536,11752.678
000d7d20_3537,11752.678
000d7d20_3538,11752.709
000d7d20_3539,11752.716
000d7d20_3540,11752.716
000d7d20_3541,11752.716
000d7d20_3542,11752.6875
000d7d20_3543,11752.675
000d7d20_3544,11752.684
000d7d20_3545,11752.689
000d7d20_3546,11752.689
000d7d20_3547,11752.694
000d7d20_3548,11752.664
000d7d20_3549,11752.672
000d7d20_3550,11752.672
000d7d20_3551,11752.672
000d7d20_3552,11752.672
000d7d20_3553,11752.672
000d7d20_3554,11752.611
000d7d20_3555,11752.621
000d7d20_3556,11752.622
000d7d20_3557,11752.621
000d7d20_3558,11752.621
000d7d20_3559,11752.617
000d7d20_3560,11752.617
000d7d20_3561,11752.61
000d7d20_3562,11752.572
000d7d20_3563,11752.632
000d7d20_3564,11752.632
000d7d20_3565,11752.593
000d7d20_3566,11752.607
000d7d20_3567,11752.639
000d7d20_3568,11752.635
000d7d20_3569,11752.673
000d7d20_3570,11752.646
000d7d20_3571,11752.66
000d7d20_3572,11752.7
000d7d20_3573,11752.717
000d7d20_3574,11752.683
000d7d20_3575,11752.757
000d7d20_3576,11752.763
000d7d20_3577,11752.82
000d7d20_3578,11752.803
000d7d20_3579,11752.796
000d7d20_3580,11752.737
000d7d20_3581,11752.753
000d7d20_3582,11752.89
000d7d20_3583,11752.917
000d7d20_3584,11752.888
000d7d20_3585,11752.893
000d7d20_3586,11752.893
000d7d20_3587,11752.875
000d7d20_3588,11752.891
000d7d20_3589,11752.889
000d7d20_3590,11752.881
000d7d20_3591,11752.89
000d7d20_3592,11752.89
000d7d20_3593,11752.877
000d7d20_3594,11752.891
000d7d20_3595,11752.839
000d7d20_3596,11752.823
000d7d20_3597,11752.836
000d7d20_3598,11752.795
000d7d20_3599,11752.798
000d7d20_3600,11752.793
000d7d20_3601,11752.785
000d7d20_3602,11752.807
000d7d20_3603,11752.804
000d7d20_3604,11752.808
000d7d20_3605,11752.802
000d7d20_3606,11752.738
000d7d20_3607,11752.766
000d7d20_3608,11752.67
000d7d20_3609,11752.67
000d7d20_3610,11752.67
000d7d20_3611,11752.676
000d7d20_3612,11752.652
000d7d20_3613,11752.631
000d7d20_3614,11752.631
000d7d20_3615,11752.614
000d7d20_3616,11752.596
000d7d20_3617,11752.57
000d7d20_3618,11752.586
000d7d20_3619,11752.651
000d7d20_3620,11752.66
000d7d20_3621,11752.664
000d7d20_3622,11752.754
000d7d20_3623,11752.655
000d7d20_3624,11752.754
000d7d20_3625,11752.714
000d7d20_3626,11752.714
000d7d20_3627,11752.7295
000d7d20_3628,11752.75
000d7d20_3629,11752.763
000d7d20_3630,11752.751
000d7d20_3631,11752.747
000d7d20_3632,11752.755
000d7d20_3633,11752.755
000d7d20_3634,11752.737
000d7d20_3635,11752.737
000d7d20_3636,11752.763
000d7d20_3637,11752.765
000d7d20_3638,11752.713
000d7d20_3639,11752.696
000d7d20_3640,11752.734
000d7d20_3641,11752.674
000d7d20_3642,11752.583
000d7d20_3643,11752.6
000d7d20_3644,11752.595
000d7d20_3645,11752.603
000d7d20_3646,11752.596
000d7d20_3647,11752.6
000d7d20_3648,11752.6
000d7d20_3649,11752.582
000d7d20_3650,11752.583
000d7d20_3651,11752.585
000d7d20_3652,11752.535
000d7d20_3653,11752.551
000d7d20_3654,11752.5625
000d7d20_3655,11752.537
000d7d20_3656,11752.516
000d7d20_3657,11752.502
000d7d20_3658,11752.503
000d7d20_3659,11752.51
000d7d20_3660,11752.511
000d7d20_3661,11752.511
000d7d20_3662,11752.518
000d7d20_3663,11752.526
000d7d20_3664,11752.526
000d7d20_3665,11752.526
000d7d20_3666,11752.509
000d7d20_3667,11752.511
000d7d20_3668,11752.495
000d7d20_3669,11752.522
000d7d20_3670,11752.526
000d7d20_3671,11752.554
000d7d20_3672,11752.632
000d7d20_3673,11752.611
000d7d20_3674,11752.596
000d7d20_3675,11752.583
000d7d20_3676,11752.602
000d7d20_3677,11752.606
000d7d20_3678,11752.6
000d7d20_3679,11752.631
000d7d20_3680,11752.625
000d7d20_3681,11752.634
000d7d20_3682,11752.639
000d7d20_3683,11752.616
000d7d20_3684,11752.614
000d7d20_3685,11752.608
000d7d20_3686,11752.612
000d7d20_3687,11752.65
000d7d20_3688,11752.672
000d7d20_3689,11752.571
000d7d20_3690,11752.571
000d7d20_3691,11752.564
000d7d20_3692,11752.569
000d7d20_3693,11752.569
000d7d20_3694,11752.595
000d7d20_3695,11752.609
000d7d20_3696,11752.607
000d7d20_3697,11752.62
000d7d20_3698,11752.659
000d7d20_3699,11752.63
000d7d20_3700,11752.621
000d7d20_3701,11752.639
000d7d20_3702,11752.505
000d7d20_3703,11752.533
000d7d20_3704,11752.472
000d7d20_3705,11752.471
000d7d20_3706,11752.477
000d7d20_3707,11752.447
000d7d20_3708,11752.444
000d7d20_3709,11752.395
000d7d20_3710,11752.388
000d7d20_3711,11752.353
000d7d20_3712,11752.353
000d7d20_3713,11752.372
000d7d20_3714,11752.354
000d7d20_3715,11752.337
000d7d20_3716,11752.268
000d7d20_3717,11752.268
000d7d20_3718,11752.2705
000d7d20_3719,11752.268
000d7d20_3720,11752.272
000d7d20_3721,11752.236
000d7d20_3722,11752.223
000d7d20_3723,11752.205
000d7d20_3724,11752.212
000d7d20_3725,11752.198
000d7d20_3726,11752.214
000d7d20_3727,11752.218
000d7d20_3728,11752.118
000d7d20_3729,11752.121
000d7d20_3730,11752.12
000d7d20_3731,11752.117
000d7d20_3732,11752.117
000d7d20_3733,11752.123
000d7d20_3734,11752.172
000d7d20_3735,11752.184
000d7d20_3736,11752.239
000d7d20_3737,11752.195
000d7d20_3738,11752.164
000d7d20_3739,11752.259
000d7d20_3740,11752.276
000d7d20_3741,11752.268
000d7d20_3742,11752.276
000d7d20_3743,11752.18
000d7d20_3744,11752.117
000d7d20_3745,11752.136
000d7d20_3746,11752.129
000d7d20_3747,11752.134
000d7d20_3748,11752.129
000d7d20_3749,11752.129
000d7d20_3750,11752.155
000d7d20_3751,11752.12
000d7d20_3752,11752.083
000d7d20_3753,11752.042
000d7d20_3754,11752.048
000d7d20_3755,11752.075
000d7d20_3756,11752.091
000d7d20_3757,11752.064
000d7d20_3758,11752.11
000d7d20_3759,11752.11
000d7d20_3760,11752.103
000d7d20_3761,11752.016
000d7d20_3762,11752.065
000d7d20_3763,11752.037
000d7d20_3764,11752.052
000d7d20_3765,11752.049
000d7d20_3766,11752.0625
000d7d20_3767,11752.037
000d7d20_3768,11752.037
000d7d20_3769,11752.065
000d7d20_3770,11752.05
000d7d20_3771,11752.0625
000d7d20_3772,11752.097
000d7d20_3773,11752.131
000d7d20_3774,11752.08
000d7d20_3775,11752.131
000d7d20_3776,11752.114
000d7d20_3777,11752.087
000d7d20_3778,11752.133
000d7d20_3779,11752.132
000d7d20_3780,11752.112
000d7d20_3781,11752.112
000d7d20_3782,11752.17
000d7d20_3783,11752.17
000d7d20_3784,11752.165
000d7d20_3785,11752.165
000d7d20_3786,11752.131
000d7d20_3787,11752.133
000d7d20_3788,11752.126
000d7d20_3789,11752.123
000d7d20_3790,11752.091
000d7d20_3791,11752.088
000d7d20_3792,11752.098
000d7d20_3793,11752.098
000d7d20_3794,11752.101
000d7d20_3795,11752.134
000d7d20_3796,11752.1875
000d7d20_3797,11752.1875
000d7d20_3798,11752.217
000d7d20_3799,11752.238
000d7d20_3800,11752.249
000d7d20_3801,11752.27
000d7d20_3802,11752.266
000d7d20_3803,11752.25
000d7d20_3804,11752.262
000d7d20_3805,11752.276
000d7d20_3806,11752.267
000d7d20_3807,11752.282
000d7d20_3808,11752.2705
000d7d20_3809,11752.265
000d7d20_3810,11752.181
000d7d20_3811,11752.141
000d7d20_3812,11752.12
000d7d20_3813,11752.108
000d7d20_3814,11751.956
000d7d20_3815,11752.042
000d7d20_3816,11752.045
000d7d20_3817,11752.001
000d7d20_3818,11751.976
000d7d20_3819,11751.941
000d7d20_3820,11751.963
000d7d20_3821,11751.958
000d7d20_3822,11751.971
000d7d20_3823,11751.951
000d7d20_3824,11751.937
000d7d20_3825,11751.949
000d7d20_3826,11751.988
000d7d20_3827,11751.991
000d7d20_3828,11751.986
000d7d20_3829,11751.99
000d7d20_3830,11751.97
000d7d20_3831,11751.956
000d7d20_3832,11751.951
000d7d20_3833,11751.943
000d7d20_3834,11751.841
000d7d20_3835,11751.932
000d7d20_3836,11751.9375
000d7d20_3837,11751.922
000d7d20_3838,11751.924
000d7d20_3839,11751.934
000d7d20_3840,11751.926
000d7d20_3841,11751.941
000d7d20_3842,11751.9375
000d7d20_3843,11751.922
000d7d20_3844,11751.93
000d7d20_3845,11751.912
000d7d20_3846,11751.926
000d7d20_3847,11751.972
000d7d20_3848,11751.972
000d7d20_3849,11751.948
000d7d20_3850,11752.041
000d7d20_3851,11752.025
000d7d20_3852,11752.025
000d7d20_3853,11752.039
000d7d20_3854,11752.103
000d7d20_3855,11752.093
000d7d20_3856,11752.144
000d7d20_3857,11752.132
000d7d20_3858,11752.109
000d7d20_3859,11752.111
000d7d20_3860,11752.145
000d7d20_3861,11752.096
000d7d20_3862,11752.096
000d7d20_3863,11752.105
000d7d20_3864,11752.13
000d7d20_3865,11752.151
000d7d20_3866,11752.146
000d7d20_3867,11752.136
000d7d20_3868,11752.224
000d7d20_3869,11752.218
000d7d20_3870,11752.215
000d7d20_3871,11752.216
000d7d20_3872,11752.216
000d7d20_3873,11752.159
000d7d20_3874,11752.114
000d7d20_3875,11752.162
000d7d20_3876,11752.154
000d7d20_3877,11752.162
000d7d20_3878,11752.162
000d7d20_3879,11752.156
000d7d20_3880,11752.15
000d7d20_3881,11752.158
000d7d20_3882,11752.139
000d7d20_3883,11752.027
000d7d20_3884,11752.14
000d7d20_3885,11752.028
000d7d20_3886,11752.074
000d7d20_3887,11752.11
000d7d20_3888,11752.111
000d7d20_3889,11752.063
000d7d20_3890,11752.063
000d7d20_3891,11752.077
000d7d20_3892,11752.076
000d7d20_3893,11752.09
000d7d20_3894,11752.191
000d7d20_3895,11752.196
000d7d20_3896,11752.206
000d7d20_3897,11752.272
000d7d20_3898,11752.311
000d7d20_3899,11752.227
000d7d20_3900,11752.251
000d7d20_3901,11752.326
000d7d20_3902,11752.327
000d7d20_3903,11752.265
000d7d20_3904,11752.2705
000d7d20_3905,11752.23
000d7d20_3906,11752.23
000d7d20_3907,11752.248
000d7d20_3908,11752.258
000d7d20_3909,11752.265
000d7d20_3910,11752.257
000d7d20_3911,11752.272
000d7d20_3912,11752.304
000d7d20_3913,11752.314
000d7d20_3914,11752.313
000d7d20_3915,11752.373
000d7d20_3916,11752.366
000d7d20_3917,11752.366
000d7d20_3918,11752.371
000d7d20_3919,11752.364
000d7d20_3920,11752.382
000d7d20_3921,11752.326
000d7d20_3922,11752.298
000d7d20_3923,11752.377
000d7d20_3924,11752.376
000d7d20_3925,11752.338
000d7d20_3926,11752.338
000d7d20_3927,11752.338
000d7d20_3928,11752.3545
000d7d20_3929,11752.374
000d7d20_3930,11752.389
000d7d20_3931,11752.305
000d7d20_3932,11752.306
000d7d20_3933,11752.29
000d7d20_3934,11752.256
000d7d20_3935,11752.214
000d7d20_3936,11752.207
000d7d20_3937,11752.192
000d7d20_3938,11752.231
000d7d20_3939,11752.219
000d7d20_3940,11752.223
000d7d20_3941,11752.226
000d7d20_3942,11752.2295
000d7d20_3943,11752.242
000d7d20_3944,11752.233
000d7d20_3945,11752.222
000d7d20_3946,11752.221
000d7d20_3947,11752.221
000d7d20_3948,11752.227
000d7d20_3949,11752.239
000d7d20_3950,11752.245
000d7d20_3951,11752.232
000d7d20_3952,11752.211
000d7d20_3953,11752.102
000d7d20_3954,11752.07
000d7d20_3955,11752.078
000d7d20_3956,11752.066
000d7d20_3957,11752.061
000d7d20_3958,11752.011
000d7d20_3959,11752.039
000d7d20_3960,11752.025
000d7d20_3961,11752.019
000d7d20_3962,11752.003
000d7d20_3963,11751.986
000d7d20_3964,11752.005
000d7d20_3965,11751.969
000d7d20_3966,11751.993
000d7d20_3967,11751.846
000d7d20_3968,11751.847
000d7d20_3969,11751.969
000d7d20_3970,11751.962
000d7d20_3971,11751.962
000d7d20_3972,11752.002
000d7d20_3973,11751.963
000d7d20_3974,11751.97
000d7d20_3975,11751.962
000d7d20_3976,11752.087
000d7d20_3977,11752.071
000d7d20_3978,11752.058
000d7d20_3979,11752.034
000d7d20_3980,11752.014
000d7d20_3981,11752.048
000d7d20_3982,11752.048
000d7d20_3983,11752.017
000d7d20_3984,11752.022
000d7d20_3985,11751.972
000d7d20_3986,11752.052
000d7d20_3987,11752.22
000d7d20_3988,11752.214
000d7d20_3989,11752.222
000d7d20_3990,11752.206
000d7d20_3991,11752.126
000d7d20_3992,11752.126
000d7d20_3993,11752.127
000d7d20_3994,11752.115
000d7d20_3995,11752.107
000d7d20_3996,11752.097
000d7d20_3997,11752.09
000d7d20_3998,11752.084
000d7d20_3999,11752.048
000d7d20_4000,11752.061
000d7d20_4001,11752.013
000d7d20_4002,11752.022
000d7d20_4003,11752.049
000d7d20_4004,11752.049
000d7d20_4005,11752.036
000d7d20_4006,11752.041
000d7d20_4007,11752.061
000d7d20_4008,11752.041
000d7d20_4009,11752.038
000d7d20_4010,11752.023
000d7d20_4011,11752.056
000d7d20_4012,11752.051
000d7d20_4013,11751.949
000d7d20_4014,11751.919
000d7d20_4015,11751.925
000d7d20_4016,11751.962
000d7d20_4017,11751.968
000d7d20_4018,11751.97
000d7d20_4019,11751.972
000d7d20_4020,11751.944
000d7d20_4021,11751.993
000d7d20_4022,11752.019
000d7d20_4023,11752.016
000d7d20_4024,11752.02
000d7d20_4025,11752.08
000d7d20_4026,11752.1045
000d7d20_4027,11752.107
000d7d20_4028,11752.134
000d7d20_4029,11752.119
000d7d20_4030,11752.107
000d7d20_4031,11752.155
000d7d20_4032,11752.151
000d7d20_4033,11752.15
000d7d20_4034,11752.153
000d7d20_4035,11752.225
000d7d20_4036,11752.21
000d7d20_4037,11752.249
000d7d20_4038,11752.236
000d7d20_4039,11752.278
000d7d20_4040,11752.286
000d7d20_4041,11752.293
000d7d20_4042,11752.272
000d7d20_4043,11752.276
000d7d20_4044,11752.276
000d7d20_4045,11752.281
000d7d20_4046,11752.281
000d7d20_4047,11752.28
000d7d20_4048,11752.378
000d7d20_4049,11752.378
000d7d20_4050,11752.363
000d7d20_4051,11752.362
000d7d20_4052,11752.299
000d7d20_4053,11752.284
000d7d20_4054,11752.284
000d7d20_4055,11752.284
000d7d20_4056,11752.398
000d7d20_4057,11752.375
000d7d20_4058,11752.366
000d7d20_4059,11752.34
000d7d20_4060,11752.338
000d7d20_4061,11752.333
000d7d20_4062,11752.333
000d7d20_4063,11752.361
000d7d20_4064,11752.372
000d7d20_4065,11752.3545
000d7d20_4066,11752.349
000d7d20_4067,11752.375
000d7d20_4068,11752.359
000d7d20_4069,11752.359
000d7d20_4070,11752.354
000d7d20_4071,11752.348
000d7d20_4072,11752.339
000d7d20_4073,11752.339
000d7d20_4074,11752.352
000d7d20_4075,11752.35
000d7d20_4076,11752.474
000d7d20_4077,11752.5
000d7d20_4078,11752.497
000d7d20_4079,11752.504
000d7d20_4080,11752.518
000d7d20_4081,11752.516
000d7d20_4082,11752.514
000d7d20_4083,11752.502
000d7d20_4084,11752.599
000d7d20_4085,11752.625
000d7d20_4086,11752.621
000d7d20_4087,11752.628
000d7d20_4088,11752.634
000d7d20_4089,11752.632
000d7d20_4090,11752.623
000d7d20_4091,11752.639
000d7d20_4092,11752.625
000d7d20_4093,11752.632
000d7d20_4094,11752.633
000d7d20_4095,11752.554
000d7d20_4096,11752.573
000d7d20_4097,11752.568
000d7d20_4098,11752.566
000d7d20_4099,11752.567
000d7d20_4100,11752.555
000d7d20_4101,11752.557
000d7d20_4102,11752.582
000d7d20_4103,11752.582
000d7d20_4104,11752.582
000d7d20_4105,11752.588
000d7d20_4106,11752.554
000d7d20_4107,11752.562
000d7d20_4108,11752.56
000d7d20_4109,11752.56
000d7d20_4110,11752.56
000d7d20_4111,11752.56
000d7d20_4112,11752.58
000d7d20_4113,11752.58
000d7d20_4114,11752.572
000d7d20_4115,11752.585
000d7d20_4116,11752.541
000d7d20_4117,11752.5205
000d7d20_4118,11752.522
000d7d20_4119,11752.516
000d7d20_4120,11752.576
000d7d20_4121,11752.584
000d7d20_4122,11752.592
000d7d20_4123,11752.638
000d7d20_4124,11752.661
000d7d20_4125,11752.645
000d7d20_4126,11752.636
000d7d20_4127,11752.635
000d7d20_4128,11752.638
000d7d20_4129,11752.611
000d7d20_4130,11752.615
000d7d20_4131,11752.597
000d7d20_4132,11752.591
000d7d20_4133,11752.601
000d7d20_4134,11752.599
000d7d20_4135,11752.527
000d7d20_4136,11752.536
000d7d20_4137,11752.502
000d7d20_4138,11752.488
000d7d20_4139,11752.488
000d7d20_4140,11752.495
000d7d20_4141,11752.49
000d7d20_4142,11752.485
000d7d20_4143,11752.449
000d7d20_4144,11752.477
000d7d20_4145,11752.512
000d7d20_4146,11752.512
000d7d20_4147,11752.319
000d7d20_4148,11752.317
000d7d20_4149,11752.331
000d7d20_4150,11752.313
000d7d20_4151,11752.314
000d7d20_4152,11752.258
000d7d20_4153,11752.286
000d7d20_4154,11752.276
000d7d20_4155,11752.227
000d7d20_4156,11752.226
000d7d20_4157,11752.224
000d7d20_4158,11752.242
000d7d20_4159,11752.225
000d7d20_4160,11752.325
000d7d20_4161,11752.325
000d7d20_4162,11752.324
000d7d20_4163,11752.324
000d7d20_4164,11752.303
000d7d20_4165,11752.292
000d7d20_4166,11752.354
000d7d20_4167,11752.369
000d7d20_4168,11752.368
000d7d20_4169,11752.352
000d7d20_4170,11752.389
000d7d20_4171,11752.368
000d7d20_4172,11752.363
000d7d20_4173,11752.382
000d7d20_4174,11752.381
000d7d20_4175,11752.351
000d7d20_4176,11752.342
000d7d20_4177,11752.358
000d7d20_4178,11752.348
000d7d20_4179,11752.307
000d7d20_4180,11752.263
000d7d20_4181,11752.165
000d7d20_4182,11752.169
000d7d20_4183,11752.132
000d7d20_4184,11752.102
000d7d20_4185,11752.112
000d7d20_4186,11752.117
000d7d20_4187,11752.18
000d7d20_4188,11752.152
000d7d20_4189,11752.195
000d7d20_4190,11752.196
000d7d20_4191,11752.196
000d7d20_4192,11752.196
000d7d20_4193,11752.215
000d7d20_4194,11752.213
000d7d20_4195,11752.209
000d7d20_4196,11752.226
000d7d20_4197,11752.218
000d7d20_4198,11752.319
000d7d20_4199,11752.315
000d7d20_4200,11752.331
000d7d20_4201,11752.327
000d7d20_4202,11752.325
000d7d20_4203,11752.342
000d7d20_4204,11752.324
000d7d20_4205,11752.325
000d7d20_4206,11752.327
000d7d20_4207,11752.318
000d7d20_4208,11752.32
000d7d20_4209,11752.32
000d7d20_4210,11752.324
000d7d20_4211,11752.32
000d7d20_4212,11752.336
000d7d20_4213,11752.267
000d7d20_4214,11752.264
000d7d20_4215,11752.275
000d7d20_4216,11752.268
000d7d20_4217,11752.265
000d7d20_4218,11752.272
000d7d20_4219,11752.274
000d7d20_4220,11752.283
000d7d20_4221,11752.264
000d7d20_4222,11752.28
000d7d20_4223,11752.268
000d7d20_4224,11752.264
000d7d20_4225,11752.27
000d7d20_4226,11752.27
000d7d20_4227,11752.266
000d7d20_4228,11752.27
000d7d20_4229,11752.279
000d7d20_4230,11752.279
000d7d20_4231,11752.279
000d7d20_4232,11752.283
000d7d20_4233,11752.279
000d7d20_4234,11752.317
000d7d20_4235,11752.305
000d7d20_4236,11752.313
000d7d20_4237,11752.301
000d7d20_4238,11752.311
000d7d20_4239,11752.302
000d7d20_4240,11752.302
000d7d20_4241,11752.3125
000d7d20_4242,11752.269
000d7d20_4243,11752.269
000d7d20_4244,11752.263
000d7d20_4245,11752.263
000d7d20_4246,11752.263
000d7d20_4247,11752.242
000d7d20_4248,11752.227
000d7d20_4249,11752.266
000d7d20_4250,11752.207
000d7d20_4251,11752.237
000d7d20_4252,11752.243
000d7d20_4253,11752.242
000d7d20_4254,11752.242
000d7d20_4255,11752.242
000d7d20_4256,11752.242
000d7d20_4257,11752.259
000d7d20_4258,11752.276
000d7d20_4259,11752.28
000d7d20_4260,11752.276
000d7d20_4261,11752.276
000d7d20_4262,11752.28
000d7d20_4263,11752.285
000d7d20_4264,11752.295
000d7d20_4265,11752.286
000d7d20_4266,11752.285
000d7d20_4267,11752.286
000d7d20_4268,11752.288
000d7d20_4269,11752.288
000d7d20_4270,11752.287
000d7d20_4271,11752.288
000d7d20_4272,11752.288
000d7d20_4273,11752.288
000d7d20_4274,11752.2705
000d7d20_4275,11752.2705
000d7d20_4276,11752.2705
000d7d20_4277,11752.2705
000d7d20_4278,11752.283
000d7d20_4279,11752.261
000d7d20_4280,11752.261
000d7d20_4281,11752.278
000d7d20_4282,11752.261
000d7d20_4283,11752.257
000d7d20_4284,11752.277
000d7d20_4285,11752.277
000d7d20_4286,11752.277
000d7d20_4287,11752.277
000d7d20_4288,11752.273
000d7d20_4289,11752.302
000d7d20_4290,11752.303
000d7d20_4291,11752.303
000d7d20_4292,11752.303
000d7d20_4293,11752.268
000d7d20_4294,11752.3
000d7d20_4295,11752.306
000d7d20_4296,11752.283
000d7d20_4297,11752.272
000d7d20_4298,11752.276
000d7d20_4299,11752.276
000d7d20_4300,11752.276
000d7d20_4301,11752.282
000d7d20_4302,11752.282
000d7d20_4303,11752.276
000d7d20_4304,11752.244
000d7d20_4305,11752.28
000d7d20_4306,11752.27
000d7d20_4307,11752.266
000d7d20_4308,11752.233
000d7d20_4309,11752.239
000d7d20_4310,11752.233
000d7d20_4311,11752.216
000d7d20_4312,11752.194
000d7d20_4313,11752.1875
000d7d20_4314,11752.19
000d7d20_4315,11752.187
000d7d20_4316,11752.19
000d7d20_4317,11752.196
000d7d20_4318,11752.202
000d7d20_4319,11752.203
000d7d20_4320,11752.218
000d7d20_4321,11752.218
000d7d20_4322,11752.211
000d7d20_4323,11752.211
000d7d20_4324,11752.215
000d7d20_4325,11752.211
000d7d20_4326,11752.211
000d7d20_4327,11752.229
000d7d20_4328,11752.232
000d7d20_4329,11752.227
000d7d20_4330,11752.188
000d7d20_4331,11752.217
000d7d20_4332,11752.217
000d7d20_4333,11752.214
000d7d20_4334,11752.203
000d7d20_4335,11752.229
000d7d20_4336,11752.229
000d7d20_4337,11752.216
000d7d20_4338,11752.229
000d7d20_4339,11752.229
000d7d20_4340,11752.232
000d7d20_4341,11752.249
000d7d20_4342,11752.247
000d7d20_4343,11752.254
000d7d20_4344,11752.261
000d7d20_4345,11752.255
000d7d20_4346,11752.263
000d7d20_4347,11752.266
000d7d20_4348,11752.266
000d7d20_4349,11752.262
000d7d20_4350,11752.266
000d7d20_4351,11752.257
000d7d20_4352,11752.293
000d7d20_4353,11752.257
000d7d20_4354,11752.26
000d7d20_4355,11752.26
000d7d20_4356,11752.302
000d7d20_4357,11752.268
000d7d20_4358,11752.266
000d7d20_4359,11752.267
000d7d20_4360,11752.266
000d7d20_4361,11752.331
000d7d20_4362,11752.298
000d7d20_4363,11752.324
000d7d20_4364,11752.292
000d7d20_4365,11752.308
000d7d20_4366,11752.313
000d7d20_4367,11752.33
000d7d20_4368,11752.338
000d7d20_4369,11752.334
000d7d20_4370,11752.338
000d7d20_4371,11752.338
000d7d20_4372,11752.241
000d7d20_4373,11752.148
000d7d20_4374,11752.148
000d7d20_4375,11752.148
000d7d20_4376,11752.15
000d7d20_4377,11752.18
000d7d20_4378,11752.168
000d7d20_4379,11752.168
000d7d20_4380,11752.165
000d7d20_4381,11752.161
000d7d20_4382,11752.153
000d7d20_4383,11752.121
000d7d20_4384,11752.051
000d7d20_4385,11752.045
000d7d20_4386,11751.933
000d7d20_4387,11751.963
000d7d20_4388,11752.026
000d7d20_4389,11752.032
000d7d20_4390,11752.021
000d7d20_4391,11752.094
000d7d20_4392,11752.0625
000d7d20_4393,11752.067
000d7d20_4394,11752.056
000d7d20_4395,11752.036
000d7d20_4396,11752.073
000d7d20_4397,11752.073
000d7d20_4398,11752.072
000d7d20_4399,11752.055
000d7d20_4400,11752.089
000d7d20_4401,11752.106
000d7d20_4402,11752.126
000d7d20_4403,11752.114
000d7d20_4404,11752.117
000d7d20_4405,11752.121
000d7d20_4406,11752.089
000d7d20_4407,11752.086
000d7d20_4408,11752.086
000d7d20_4409,11752.093
000d7d20_4410,11752.079
000d7d20_4411,11752.077
000d7d20_4412,11752.065
000d7d20_4413,11752.044
000d7d20_4414,11752.059
000d7d20_4415,11752.029
000d7d20_4416,11752.035
000d7d20_4417,11752.023
000d7d20_4418,11752.023
000d7d20_4419,11752.041
000d7d20_4420,11752.02
000d7d20_4421,11752.019
000d7d20_4422,11752.02
000d7d20_4423,11752.218
000d7d20_4424,11752.1875
000d7d20_4425,11752.217
000d7d20_4426,11752.188
000d7d20_4427,11752.194
000d7d20_4428,11752.194
000d7d20_4429,11752.166
000d7d20_4430,11752.163
000d7d20_4431,11752.158
000d7d20_4432,11752.15
000d7d20_4433,11752.15
000d7d20_4434,11752.15
000d7d20_4435,11752.15
000d7d20_4436,11752.149
000d7d20_4437,11752.149
000d7d20_4438,11752.145
000d7d20_4439,11752.145
000d7d20_4440,11752.154
000d7d20_4441,11752.154
000d7d20_4442,11752.146
000d7d20_4443,11752.153
000d7d20_4444,11752.153
000d7d20_4445,11752.154
000d7d20_4446,11752.154
000d7d20_4447,11752.154
000d7d20_4448,11752.15
000d7d20_4449,11752.149
000d7d20_4450,11752.151
000d7d20_4451,11752.151
000d7d20_4452,11752.165
000d7d20_4453,11752.165
000d7d20_4454,11752.165
000d7d20_4455,11752.151
000d7d20_4456,11752.158
000d7d20_4457,11752.154
000d7d20_4458,11752.167
000d7d20_4459,11752.262
000d7d20_4460,11752.268
000d7d20_4461,11752.27
000d7d20_4462,11752.268
000d7d20_4463,11752.26
000d7d20_4464,11752.26
000d7d20_4465,11752.26
000d7d20_4466,11752.26
000d7d20_4467,11752.267
000d7d20_4468,11752.262
000d7d20_4469,11752.273
000d7d20_4470,11752.257
000d7d20_4471,11752.268
000d7d20_4472,11752.264
000d7d20_4473,11752.264
000d7d20_4474,11752.262
000d7d20_4475,11752.262
000d7d20_4476,11752.262
000d7d20_4477,11752.268
000d7d20_4478,11752.258
000d7d20_4479,11752.261
000d7d20_4480,11752.164
000d7d20_4481,11752.181
000d7d20_4482,11752.166
000d7d20_4483,11752.125
000d7d20_4484,11752.107
000d7d20_4485,11752.083
000d7d20_4486,11752.083
000d7d20_4487,11752.0625
000d7d20_4488,11752.081
000d7d20_4489,11752.076
000d7d20_4490,11752.1
000d7d20_4491,11752.1045
000d7d20_4492,11752.129
000d7d20_4493,11752.13
000d7d20_4494,11752.188
000d7d20_4495,11752.1875
000d7d20_4496,11752.183
000d7d20_4497,11752.1875
000d7d20_4498,11752.183
000d7d20_4499,11752.183
000d7d20_4500,11752.183
000d7d20_4501,11752.1875
000d7d20_4502,11752.198
000d7d20_4503,11752.194
000d7d20_4504,11752.1875
000d7d20_4505,11752.183
000d7d20_4506,11752.198
000d7d20_4507,11752.194
000d7d20_4508,11752.198
000d7d20_4509,11752.194
000d7d20_4510,11752.202
000d7d20_4511,11752.225
000d7d20_4512,11752.225
000d7d20_4513,11752.2295
000d7d20_4514,11752.229
000d7d20_4515,11752.229
000d7d20_4516,11752.23
000d7d20_4517,11752.224
000d7d20_4518,11752.238
000d7d20_4519,11752.231
000d7d20_4520,11752.185
000d7d20_4521,11752.227
000d7d20_4522,11752.223
000d7d20_4523,11752.254
000d7d20_4524,11752.224
000d7d20_4525,11752.241
000d7d20_4526,11752.234
000d7d20_4527,11752.216
000d7d20_4528,11752.204
000d7d20_4529,11752.212
000d7d20_4530,11752.237
000d7d20_4531,11752.234
000d7d20_4532,11752.2295
000d7d20_4533,11752.253
000d7d20_4534,11752.279
000d7d20_4535,11752.254
000d7d20_4536,11752.263
000d7d20_4537,11752.247
000d7d20_4538,11752.265
000d7d20_4539,11752.29
000d7d20_4540,11752.268
000d7d20_4541,11752.221
000d7d20_4542,11752.192
000d7d20_4543,11752.1875
000d7d20_4544,11752.198
000d7d20_4545,11752.213
000d7d20_4546,11752.195
000d7d20_4547,11752.195
000d7d20_4548,11752.194
000d7d20_4549,11752.2
000d7d20_4550,11752.192
000d7d20_4551,11752.188
000d7d20_4552,11752.188
000d7d20_4553,11752.221
000d7d20_4554,11752.221
000d7d20_4555,11752.238
000d7d20_4556,11752.221
000d7d20_4557,11752.25
000d7d20_4558,11752.25
000d7d20_4559,11752.269
000d7d20_4560,11752.266
000d7d20_4561,11752.287
000d7d20_4562,11752.235
000d7d20_4563,11752.232
000d7d20_4564,11752.232
000d7d20_4565,11752.233
000d7d20_4566,11752.24
000d7d20_4567,11752.297
000d7d20_4568,11752.297
000d7d20_4569,11752.245
000d7d20_4570,11752.244
000d7d20_4571,11752.226
000d7d20_4572,11752.225
000d7d20_4573,11752.225
000d7d20_4574,11752.225
000d7d20_4575,11752.237
000d7d20_4576,11752.238
000d7d20_4577,11752.238
000d7d20_4578,11752.237
000d7d20_4579,11752.238
000d7d20_4580,11752.238
000d7d20_4581,11752.249
000d7d20_4582,11752.229
000d7d20_4583,11752.23
000d7d20_4584,11752.224
000d7d20_4585,11752.224
000d7d20_4586,11752.224
000d7d20_4587,11752.213
000d7d20_4588,11752.175
000d7d20_4589,11752.171
000d7d20_4590,11752.17
000d7d20_4591,11752.182
000d7d20_4592,11752.182
000d7d20_4593,11752.181
000d7d20_4594,11752.168
000d7d20_4595,11752.168
000d7d20_4596,11752.163
000d7d20_4597,11752.143
000d7d20_4598,11752.148
000d7d20_4599,11752.145
000d7d20_4600,11752.143
000d7d20_4601,11752.1455
000d7d20_4602,11752.1455
000d7d20_4603,11752.1455
000d7d20_4604,11752.139
000d7d20_4605,11752.168
000d7d20_4606,11752.164
000d7d20_4607,11752.168
000d7d20_4608,11752.166
000d7d20_4609,11752.158
000d7d20_4610,11752.162
000d7d20_4611,11752.162
000d7d20_4612,11752.16
000d7d20_4613,11752.16
000d7d20_4614,11752.16
000d7d20_4615,11752.167
000d7d20_4616,11752.164
000d7d20_4617,11752.164
000d7d20_4618,11752.162
000d7d20_4619,11752.162
000d7d20_4620,11752.164
000d7d20_4621,11752.168
000d7d20_4622,11752.162
000d7d20_4623,11752.161
000d7d20_4624,11752.16
000d7d20_4625,11752.166
000d7d20_4626,11752.171
000d7d20_4627,11752.17
000d7d20_4628,11752.17
000d7d20_4629,11752.169
000d7d20_4630,11752.169
000d7d20_4631,11752.169
000d7d20_4632,11752.169
000d7d20_4633,11752.168
000d7d20_4634,11752.159
000d7d20_4635,11752.158
000d7d20_4636,11752.192
000d7d20_4637,11752.249
000d7d20_4638,11752.137
000d7d20_4639,11752.154
000d7d20_4640,11752.29
000d7d20_4641,11752.305
000d7d20_4642,11752.305
000d7d20_4643,11752.238
000d7d20_4644,11752.24
000d7d20_4645,11752.234
000d7d20_4646,11752.234
000d7d20_4647,11752.098
000d7d20_4648,11752.098
000d7d20_4649,11752.098
000d7d20_4650,11752.098
000d7d20_4651,11752.098
000d7d20_4652,11752.169
000d7d20_4653,11752.166
000d7d20_4654,11752.174
000d7d20_4655,11752.175
000d7d20_4656,11752.184
000d7d20_4657,11752.184
000d7d20_4658,11752.184
000d7d20_4659,11752.2
000d7d20_4660,11752.182
000d7d20_4661,11752.182
000d7d20_4662,11752.174
000d7d20_4663,11752.174
000d7d20_4664,11752.167
000d7d20_4665,11752.159
000d7d20_4666,11752.139
000d7d20_4667,11752.069
000d7d20_4668,11752.042
000d7d20_4669,11752.038
000d7d20_4670,11752.032
000d7d20_4671,11752.0
000d7d20_4672,11752.0
000d7d20_4673,11752.0
000d7d20_4674,11751.994
000d7d20_4675,11752.086
000d7d20_4676,11752.11
000d7d20_4677,11752.111
000d7d20_4678,11752.072
000d7d20_4679,11752.054
000d7d20_4680,11752.069
000d7d20_4681,11752.069
000d7d20_4682,11752.075
000d7d20_4683,11752.151
000d7d20_4684,11752.136
000d7d20_4685,11752.178
000d7d20_4686,11752.168
000d7d20_4687,11752.169
000d7d20_4688,11752.17
000d7d20_4689,11752.192
000d7d20_4690,11752.193
000d7d20_4691,11752.189
000d7d20_4692,11752.2
000d7d20_4693,11752.184
000d7d20_4694,11752.186
000d7d20_4695,11752.268
000d7d20_4696,11752.255
000d7d20_4697,11752.226
000d7d20_4698,11752.253
000d7d20_4699,11752.244
000d7d20_4700,11752.244
000d7d20_4701,11752.245
000d7d20_4702,11752.209
000d7d20_4703,11752.195
000d7d20_4704,11752.196
000d7d20_4705,11752.196
000d7d20_4706,11752.196
000d7d20_4707,11752.1455
000d7d20_4708,11752.147
000d7d20_4709,11752.146
000d7d20_4710,11752.129
000d7d20_4711,11752.125
000d7d20_4712,11752.149
000d7d20_4713,11752.196
000d7d20_4714,11752.041
000d7d20_4715,11752.016
000d7d20_4716,11751.991
000d7d20_4717,11751.992
000d7d20_4718,11752.027
000d7d20_4719,11752.016
000d7d20_4720,11752.046
000d7d20_4721,11752.046
000d7d20_4722,11752.023
000d7d20_4723,11752.023
000d7d20_4724,11751.934
000d7d20_4725,11751.8955
000d7d20_4726,11751.86
000d7d20_4727,11751.88
000d7d20_4728,11751.88
000d7d20_4729,11751.88
000d7d20_4730,11751.826
000d7d20_4731,11751.795
000d7d20_4732,11751.788
000d7d20_4733,11751.793
000d7d20_4734,11751.792
000d7d20_4735,11751.792
000d7d20_4736,11751.781
000d7d20_4737,11751.797
000d7d20_4738,11751.78
000d7d20_4739,11751.742
000d7d20_4740,11751.768
000d7d20_4741,11751.776
000d7d20_4742,11751.7295
000d7d20_4743,11751.733
000d7d20_4744,11751.778
000d7d20_4745,11751.753
000d7d20_4746,11751.753
000d7d20_4747,11751.79
000d7d20_4748,11751.567
000d7d20_4749,11751.564
000d7d20_4750,11751.577
000d7d20_4751,11751.572
000d7d20_4752,11751.708
000d7d20_4753,11751.708
000d7d20_4754,11751.726
000d7d20_4755,11751.731
000d7d20_4756,11751.7295
000d7d20_4757,11751.723
000d7d20_4758,11751.743
000d7d20_4759,11751.743
000d7d20_4760,11751.752
000d7d20_4761,11751.779
000d7d20_4762,11751.775
000d7d20_4763,11751.747
000d7d20_4764,11751.747
000d7d20_4765,11751.753
000d7d20_4766,11751.782
000d7d20_4767,11751.777
000d7d20_4768,11751.72
000d7d20_4769,11751.716
000d7d20_4770,11751.716
000d7d20_4771,11751.745
000d7d20_4772,11751.757
000d7d20_4773,11751.758
000d7d20_4774,11751.775
000d7d20_4775,11751.759
000d7d20_4776,11751.763
000d7d20_4777,11751.765
000d7d20_4778,11751.791
000d7d20_4779,11751.768
000d7d20_4780,11751.812
000d7d20_4781,11751.989
000d7d20_4782,11751.971
000d7d20_4783,11751.9375
000d7d20_4784,11751.933
000d7d20_4785,11751.948
000d7d20_4786,11751.976
000d7d20_4787,11751.976
000d7d20_4788,11751.9795
000d7d20_4789,11751.98
000d7d20_4790,11752.005
000d7d20_4791,11751.97
000d7d20_4792,11751.946
000d7d20_4793,11751.946
000d7d20_4794,11751.933
000d7d20_4795,11751.9375
000d7d20_4796,11751.933
000d7d20_4797,11751.916
000d7d20_4798,11751.8955
000d7d20_4799,11751.892
000d7d20_4800,11751.8955
000d7d20_4801,11751.8955
000d7d20_4802,11751.864
000d7d20_4803,11751.898
000d7d20_4804,11751.9
000d7d20_4805,11751.8955
000d7d20_4806,11751.8955
000d7d20_4807,11751.8955
000d7d20_4808,11751.909
000d7d20_4809,11751.975
000d7d20_4810,11751.981
000d7d20_4811,11751.981
000d7d20_4812,11751.982
000d7d20_4813,11751.981
000d7d20_4814,11751.99
000d7d20_4815,11751.991
000d7d20_4816,11752.038
000d7d20_4817,11752.064
000d7d20_4818,11752.032
000d7d20_4819,11752.024
000d7d20_4820,11752.022
000d7d20_4821,11752.022
000d7d20_4822,11752.022
000d7d20_4823,11752.049
000d7d20_4824,11752.0205
000d7d20_4825,11752.023
000d7d20_4826,11752.027
000d7d20_4827,11752.007
000d7d20_4828,11751.971
000d7d20_4829,11751.988
000d7d20_4830,11751.965
000d7d20_4831,11751.967
000d7d20_4832,11751.967
000d7d20_4833,11751.967
000d7d20_4834,11751.91
000d7d20_4835,11751.906
000d7d20_4836,11751.91
000d7d20_4837,11751.903
000d7d20_4838,11751.898
000d7d20_4839,11751.903
000d7d20_4840,11751.903
000d7d20_4841,11751.898
000d7d20_4842,11751.906
000d7d20_4843,11751.884
000d7d20_4844,11751.881
000d7d20_4845,11751.905
000d7d20_4846,11751.796
000d7d20_4847,11751.815
000d7d20_4848,11751.812
000d7d20_4849,11751.797
000d7d20_4850,11751.793
000d7d20_4851,11751.809
000d7d20_4852,11751.809
000d7d20_4853,11751.816
000d7d20_4854,11751.779
000d7d20_4855,11751.783
000d7d20_4856,11751.782
000d7d20_4857,11751.782
000d7d20_4858,11751.791
000d7d20_4859,11751.827
000d7d20_4860,11751.638
000d7d20_4861,11751.622
000d7d20_4862,11751.651
000d7d20_4863,11751.651
000d7d20_4864,11751.675
000d7d20_4865,11751.664
000d7d20_4866,11751.659
000d7d20_4867,11751.663
000d7d20_4868,11751.658
000d7d20_4869,11751.703
000d7d20_4870,11751.678
000d7d20_4871,11751.684
000d7d20_4872,11751.654
000d7d20_4873,11751.681
000d7d20_4874,11751.68
000d7d20_4875,11751.678
000d7d20_4876,11751.675
000d7d20_4877,11751.699
000d7d20_4878,11751.704
000d7d20_4879,11751.678
000d7d20_4880,11751.712
000d7d20_4881,11751.712
000d7d20_4882,11751.729
000d7d20_4883,11751.733
000d7d20_4884,11751.741
000d7d20_4885,11751.736
000d7d20_4886,11751.766
000d7d20_4887,11751.755
000d7d20_4888,11751.751
000d7d20_4889,11751.743
000d7d20_4890,11751.715
000d7d20_4891,11751.693
000d7d20_4892,11751.71
000d7d20_4893,11751.692
000d7d20_4894,11751.692
000d7d20_4895,11751.686
000d7d20_4896,11751.703
000d7d20_4897,11751.687
000d7d20_4898,11751.6875
000d7d20_4899,11751.728
000d7d20_4900,11751.711
000d7d20_4901,11751.686
000d7d20_4902,11751.717
000d7d20_4903,11751.719
000d7d20_4904,11751.727
000d7d20_4905,11751.726
000d7d20_4906,11751.73
000d7d20_4907,11751.714
000d7d20_4908,11751.72
000d7d20_4909,11751.733
000d7d20_4910,11751.711
000d7d20_4911,11751.706
000d7d20_4912,11751.706
000d7d20_4913,11751.723
000d7d20_4914,11751.723
000d7d20_4915,11751.74
000d7d20_4916,11751.736
000d7d20_4917,11751.74
000d7d20_4918,11751.736
000d7d20_4919,11751.738
000d7d20_4920,11751.707
000d7d20_4921,11751.709
000d7d20_4922,11751.696
000d7d20_4923,11751.691
000d7d20_4924,11751.691
000d7d20_4925,11751.691
000d7d20_4926,11751.7705
000d7d20_4927,11751.7705
000d7d20_4928,11751.795
000d7d20_4929,11751.786
000d7d20_4930,11751.847
000d7d20_4931,11751.851
000d7d20_4932,11751.8545
000d7d20_4933,11751.859
000d7d20_4934,11751.848
000d7d20_4935,11751.876
000d7d20_4936,11751.874
000d7d20_4937,11751.865
000d7d20_4938,11751.861
000d7d20_4939,11751.879
000d7d20_4940,11751.874
000d7d20_4941,11751.874
000d7d20_4942,11751.871
000d7d20_4943,11751.862
000d7d20_4944,11751.857
000d7d20_4945,11751.856
000d7d20_4946,11751.827
000d7d20_4947,11751.817
000d7d20_4948,11751.813
000d7d20_4949,11751.779
000d7d20_4950,11751.796
000d7d20_4951,11751.814
000d7d20_4952,11751.811
000d7d20_4953,11751.814
000d7d20_4954,11751.797
000d7d20_4955,11751.805
000d7d20_4956,11751.805
000d7d20_4957,11751.776
000d7d20_4958,11751.801
000d7d20_4959,11751.782
000d7d20_4960,11751.782
000d7d20_4961,11751.767
000d7d20_4962,11751.771
000d7d20_4963,11751.734
000d7d20_4964,11751.727
000d7d20_4965,11751.707
000d7d20_4966,11751.7295
000d7d20_4967,11751.7295
000d7d20_4968,11751.701
000d7d20_4969,11751.904
000d7d20_4970,11751.923
000d7d20_4971,11751.89
000d7d20_4972,11751.862
000d7d20_4973,11751.888
000d7d20_4974,11751.901
000d7d20_4975,11751.905
000d7d20_4976,11751.905
000d7d20_4977,11751.8955
000d7d20_4978,11751.891
000d7d20_4979,11751.8955
000d7d20_4980,11751.9
000d7d20_4981,11751.897
000d7d20_4982,11751.978
000d7d20_4983,11751.94
000d7d20_4984,11751.94
000d7d20_4985,11751.988
000d7d20_4986,11752.002
000d7d20_4987,11752.002
000d7d20_4988,11751.99
000d7d20_4989,11752.04
000d7d20_4990,11752.07
000d7d20_4991,11752.044
000d7d20_4992,11752.093
000d7d20_4993,11752.078
000d7d20_4994,11752.057
000d7d20_4995,11752.071
000d7d20_4996,11752.079
000d7d20_4997,11752.113
000d7d20_4998,11752.07
000d7d20_4999,11752.0625
000d7d20_5000,11752.062
000d7d20_5001,11752.066
000d7d20_5002,11752.062
000d7d20_5003,11752.074
000d7d20_5004,11752.067
000d7d20_5005,11752.125
000d7d20_5006,11752.138
000d7d20_5007,11752.13
000d7d20_5008,11752.127
000d7d20_5009,11752.126
000d7d20_5010,11752.136
000d7d20_5011,11752.137
000d7d20_5012,11752.162
000d7d20_5013,11752.1045
000d7d20_5014,11752.1045
000d7d20_5015,11752.144
000d7d20_5016,11752.131
000d7d20_5017,11752.095
000d7d20_5018,11752.054
000d7d20_5019,11752.054
000d7d20_5020,11752.054
000d7d20_5021,11751.994
000d7d20_5022,11752.055
000d7d20_5023,11752.061
000d7d20_5024,11752.053
000d7d20_5025,11752.05
000d7d20_5026,11752.046
000d7d20_5027,11752.049
000d7d20_5028,11752.106
000d7d20_5029,11752.097
000d7d20_5030,11752.097
000d7d20_5031,11752.111
000d7d20_5032,11752.111
000d7d20_5033,11752.108
000d7d20_5034,11752.108
000d7d20_5035,11752.107
000d7d20_5036,11752.128
000d7d20_5037,11752.154
000d7d20_5038,11752.178
000d7d20_5039,11752.178
000d7d20_5040,11752.208
000d7d20_5041,11752.235
000d7d20_5042,11752.098
000d7d20_5043,11752.232
000d7d20_5044,11752.236
000d7d20_5045,11752.257
000d7d20_5046,11752.234
000d7d20_5047,11752.246
000d7d20_5048,11752.2
000d7d20_5049,11752.253
000d7d20_5050,11752.281
000d7d20_5051,11752.28
000d7d20_5052,11752.2705
000d7d20_5053,11752.281
000d7d20_5054,11752.292
000d7d20_5055,11752.291
000d7d20_5056,11752.303
000d7d20_5057,11752.302
000d7d20_5058,11752.314
000d7d20_5059,11752.317
000d7d20_5060,11752.325
000d7d20_5061,11752.323
000d7d20_5062,11752.323
000d7d20_5063,11752.328
000d7d20_5064,11752.383
000d7d20_5065,11752.3545
000d7d20_5066,11752.316
000d7d20_5067,11752.296
000d7d20_5068,11752.315
000d7d20_5069,11752.362
000d7d20_5070,11752.376
000d7d20_5071,11752.376
000d7d20_5072,11752.35
000d7d20_5073,11752.324
000d7d20_5074,11752.3545
000d7d20_5075,11752.3545
000d7d20_5076,11752.361
000d7d20_5077,11752.297
000d7d20_5078,11752.293
000d7d20_5079,11752.297
000d7d20_5080,11752.271
000d7d20_5081,11752.223
000d7d20_5082,11752.173
000d7d20_5083,11752.169
000d7d20_5084,11752.138
000d7d20_5085,11752.167
000d7d20_5086,11752.178
000d7d20_5087,11752.135
000d7d20_5088,11752.135
000d7d20_5089,11752.135
000d7d20_5090,11752.14
000d7d20_5091,11752.115
000d7d20_5092,11752.121
000d7d20_5093,11752.146
000d7d20_5094,11752.144
000d7d20_5095,11752.138
000d7d20_5096,11752.144
000d7d20_5097,11752.137
000d7d20_5098,11752.155
000d7d20_5099,11752.064
000d7d20_5100,11752.077
000d7d20_5101,11752.077
000d7d20_5102,11752.077
000d7d20_5103,11752.204
000d7d20_5104,11752.209
000d7d20_5105,11752.203
000d7d20_5106,11752.09
000d7d20_5107,11752.09
000d7d20_5108,11752.095
000d7d20_5109,11752.096
000d7d20_5110,11752.081
000d7d20_5111,11752.081
000d7d20_5112,11752.081
000d7d20_5113,11752.081
000d7d20_5114,11752.075
000d7d20_5115,11752.1045
000d7d20_5116,11752.133
000d7d20_5117,11752.176
000d7d20_5118,11752.2295
000d7d20_5119,11752.214
000d7d20_5120,11752.278
000d7d20_5121,11752.277
000d7d20_5122,11752.209
000d7d20_5123,11752.206
000d7d20_5124,11752.317
000d7d20_5125,11752.312
000d7d20_5126,11752.259
000d7d20_5127,11752.261
000d7d20_5128,11752.261
000d7d20_5129,11752.267
000d7d20_5130,11752.263
000d7d20_5131,11752.267
000d7d20_5132,11752.251
000d7d20_5133,11752.263
000d7d20_5134,11752.248
000d7d20_5135,11752.258
000d7d20_5136,11752.262
000d7d20_5137,11752.261
000d7d20_5138,11752.259
000d7d20_5139,11752.261
000d7d20_5140,11752.263
000d7d20_5141,11752.265
000d7d20_5142,11752.25
000d7d20_5143,11752.257
000d7d20_5144,11752.254
000d7d20_5145,11752.268
000d7d20_5146,11752.274
000d7d20_5147,11752.276
000d7d20_5148,11752.285
000d7d20_5149,11752.285
000d7d20_5150,11752.272
000d7d20_5151,11752.27
000d7d20_5152,11752.25
000d7d20_5153,11752.247
000d7d20_5154,11752.247
000d7d20_5155,11752.247
000d7d20_5156,11752.247
000d7d20_5157,11752.243
000d7d20_5158,11752.229
000d7d20_5159,11752.187
000d7d20_5160,11752.183
000d7d20_5161,11752.187
000d7d20_5162,11752.189
000d7d20_5163,11752.2
000d7d20_5164,11752.198
000d7d20_5165,11752.198
000d7d20_5166,11752.206
000d7d20_5167,11752.202
000d7d20_5168,11752.204
000d7d20_5169,11752.213
000d7d20_5170,11752.22
000d7d20_5171,11752.266
000d7d20_5172,11752.266
000d7d20_5173,11752.267
000d7d20_5174,11752.267
000d7d20_5175,11752.267
000d7d20_5176,11752.267
000d7d20_5177,11752.266
000d7d20_5178,11752.219
000d7d20_5179,11752.219
000d7d20_5180,11752.213
000d7d20_5181,11752.213
000d7d20_5182,11752.212
000d7d20_5183,11752.214
000d7d20_5184,11752.214
000d7d20_5185,11752.211
000d7d20_5186,11752.276
000d7d20_5187,11752.279
000d7d20_5188,11752.283
000d7d20_5189,11752.277
000d7d20_5190,11752.277
000d7d20_5191,11752.28
000d7d20_5192,11752.278
000d7d20_5193,11752.278
000d7d20_5194,11752.282
000d7d20_5195,11752.284
000d7d20_5196,11752.284
000d7d20_5197,11752.284
000d7d20_5198,11752.322
000d7d20_5199,11752.322
000d7d20_5200,11752.29
000d7d20_5201,11752.29
000d7d20_5202,11752.291
000d7d20_5203,11752.291
000d7d20_5204,11752.291
000d7d20_5205,11752.247
000d7d20_5206,11752.247
000d7d20_5207,11752.241
000d7d20_5208,11752.223
000d7d20_5209,11752.222
000d7d20_5210,11752.225
000d7d20_5211,11752.22
000d7d20_5212,11752.237
000d7d20_5213,11752.203
000d7d20_5214,11752.182
000d7d20_5215,11752.176
000d7d20_5216,11752.185
000d7d20_5217,11752.203
000d7d20_5218,11752.21
000d7d20_5219,11752.21
000d7d20_5220,11752.214
000d7d20_5221,11752.21
000d7d20_5222,11752.23
000d7d20_5223,11752.24
000d7d20_5224,11752.259
000d7d20_5225,11752.259
000d7d20_5226,11752.263
000d7d20_5227,11752.42
000d7d20_5228,11752.401
000d7d20_5229,11752.39
000d7d20_5230,11752.381
000d7d20_5231,11752.381
000d7d20_5232,11752.384
000d7d20_5233,11752.388
000d7d20_5234,11752.381
000d7d20_5235,11752.381
000d7d20_5236,11752.365
000d7d20_5237,11752.369
000d7d20_5238,11752.363
000d7d20_5239,11752.366
000d7d20_5240,11752.366
000d7d20_5241,11752.362
000d7d20_5242,11752.361
000d7d20_5243,11752.309
000d7d20_5244,11752.299
000d7d20_5245,11752.278
000d7d20_5246,11752.318
000d7d20_5247,11752.307
000d7d20_5248,11752.33
000d7d20_5249,11752.338
000d7d20_5250,11752.342
000d7d20_5251,11752.338
000d7d20_5252,11752.345
000d7d20_5253,11752.344
000d7d20_5254,11752.345
000d7d20_5255,11752.32
000d7d20_5256,11752.32
000d7d20_5257,11752.338
000d7d20_5258,11752.3125
000d7d20_5259,11752.3125
000d7d20_5260,11752.334
000d7d20_5261,11752.3545
000d7d20_5262,11752.325
000d7d20_5263,11752.358
000d7d20_5264,11752.362
000d7d20_5265,11752.351
000d7d20_5266,11752.361
000d7d20_5267,11752.356
000d7d20_5268,11752.383
000d7d20_5269,11752.382
000d7d20_5270,11752.388
000d7d20_5271,11752.384
000d7d20_5272,11752.382
000d7d20_5273,11752.386
000d7d20_5274,11752.388
000d7d20_5275,11752.398
000d7d20_5276,11752.398
000d7d20_5277,11752.383
00bbac68_1545,12222.375
00bbac68_1546,12222.375
00bbac68_1547,12222.3955
00bbac68_1548,12222.397
00bbac68_1549,12222.398
00bbac68_1550,12222.397
00bbac68_1551,12222.399
00bbac68_1552,12222.424
00bbac68_1553,12222.422
00bbac68_1554,12222.421
00bbac68_1555,12222.482
00bbac68_1556,12222.491
00bbac68_1557,12222.495
00bbac68_1558,12222.609
00bbac68_1559,12222.632
00bbac68_1560,12222.711
00bbac68_1561,12222.709
00bbac68_1562,12222.712
00bbac68_1563,12222.71
00bbac68_1564,12222.695
00bbac68_1565,12222.694
00bbac68_1566,12222.677
00bbac68_1567,12222.682
00bbac68_1568,12222.708
00bbac68_1569,12222.708
00bbac68_1570,12222.708
00bbac68_1571,12222.708
00bbac68_1572,12222.798
00bbac68_1573,12222.7705
00bbac68_1574,12222.773
00bbac68_1575,12222.774
00bbac68_1576,12222.783
00bbac68_1577,12222.777
00bbac68_1578,12222.777
00bbac68_1579,12222.75
00bbac68_1580,12222.752
00bbac68_1581,12222.761
00bbac68_1582,12222.764
00bbac68_1583,12222.774
00bbac68_1584,12222.764
00bbac68_1585,12222.737
00bbac68_1586,12222.723
00bbac68_1587,12222.723
00bbac68_1588,12222.723
00bbac68_1589,12222.722
00bbac68_1590,12222.718
00bbac68_1591,12222.729
00bbac68_1592,12222.746
00bbac68_1593,12222.756
00bbac68_1594,12222.83
00bbac68_1595,12222.827
00bbac68_1596,12222.94
00bbac68_1597,12222.919
00bbac68_1598,12222.92
00bbac68_1599,12222.945
00bbac68_1600,12222.919
00bbac68_1601,12222.8955
00bbac68_1602,12222.897
00bbac68_1603,12222.838
00bbac68_1604,12222.841
00bbac68_1605,12222.832
00bbac68_1606,12222.809
00bbac68_1607,12222.796
00bbac68_1608,12222.865
00bbac68_1609,12222.865
00bbac68_1610,12222.776
00bbac68_1611,12222.776
00bbac68_1612,12222.78
00bbac68_1613,12222.783
00bbac68_1614,12222.806
00bbac68_1615,12222.797
00bbac68_1616,12222.849
00bbac68_1617,12222.838
00bbac68_1618,12222.842
00bbac68_1619,12222.838
00bbac68_1620,12222.846
00bbac68_1621,12222.846
00bbac68_1622,12222.859
00bbac68_1623,12222.858
00bbac68_1624,12222.859
00bbac68_1625,12222.866
00bbac68_1626,12222.875
00bbac68_1627,12222.876
00bbac68_1628,12222.875
00bbac68_1629,12222.891
00bbac68_1630,12222.902
00bbac68_1631,12222.949
00bbac68_1632,12222.9375
00bbac68_1633,12222.97
00bbac68_1634,12222.939
00bbac68_1635,12222.94
00bbac68_1636,12222.937
00bbac68_1637,12222.937
00bbac68_1638,12222.936
00bbac68_1639,12222.937
00bbac68_1640,12222.969
00bbac68_1641,12222.97
00bbac68_1642,12222.967
00bbac68_1643,12223.04
00bbac68_1644,12223.046
00bbac68_1645,12223.044
00bbac68_1646,12223.043
00bbac68_1647,12223.045
00bbac68_1648,12223.043
00bbac68_1649,12223.049
00bbac68_1650,12223.045
00bbac68_1651,12223.068
00bbac68_1652,12223.104
00bbac68_1653,12223.103
00bbac68_1654,12223.101
00bbac68_1655,12223.144
00bbac68_1656,12223.138
00bbac68_1657,12223.216
00bbac68_1658,12223.214
00bbac68_1659,12223.223
00bbac68_1660,12223.22
00bbac68_1661,12223.22
00bbac68_1662,12223.215
00bbac68_1663,12223.212
00bbac68_1664,12223.216
00bbac68_1665,12223.216
00bbac68_1666,12223.218
00bbac68_1667,12223.224
00bbac68_1668,12223.228
00bbac68_1669,12223.177
00bbac68_1670,12223.166
00bbac68_1671,12223.161
00bbac68_1672,12223.173
00bbac68_1673,12223.197
00bbac68_1674,12223.201
00bbac68_1675,12223.201
00bbac68_1676,12223.187
00bbac68_1677,12223.183
00bbac68_1678,12223.183
00bbac68_1679,12223.175
00bbac68_1680,12223.221
00bbac68_1681,12223.221
00bbac68_1682,12223.227
00bbac68_1683,12223.244
00bbac68_1684,12223.348
00bbac68_1685,12223.401
00bbac68_1686,12223.38
00bbac68_1687,12223.408
00bbac68_1688,12223.463
00bbac68_1689,12223.544
00bbac68_1690,12223.4795
00bbac68_1691,12223.4795
00bbac68_1692,12223.458
00bbac68_1693,12223.458
00bbac68_1694,12223.453
00bbac68_1695,12223.473
00bbac68_1696,12223.508
00bbac68_1697,12223.517
00bbac68_1698,12223.517
00bbac68_1699,12223.526
00bbac68_1700,12223.527
00bbac68_1701,12223.539
00bbac68_1702,12223.545
00bbac68_1703,12223.543
00bbac68_1704,12223.538
00bbac68_1705,12223.54
00bbac68_1706,12223.54
00bbac68_1707,12223.543
00bbac68_1708,12223.545
00bbac68_1709,12223.516
00bbac68_1710,12223.484
00bbac68_1711,12223.479
00bbac68_1712,12223.485
00bbac68_1713,12223.485
00bbac68_1714,12223.48
00bbac68_1715,12223.488
00bbac68_1716,12223.488
00bbac68_1717,12223.491
00bbac68_1718,12223.532
00bbac68_1719,12223.566
00bbac68_1720,12223.594
00bbac68_1721,12223.594
00bbac68_1722,12223.587
00bbac68_1723,12223.575
00bbac68_1724,12223.614
00bbac68_1725,12223.608
00bbac68_1726,12223.595
00bbac68_1727,12223.673
00bbac68_1728,12223.655
00bbac68_1729,12223.687
00bbac68_1730,12223.701
00bbac68_1731,12223.701
00bbac68_1732,12223.701
00bbac68_1733,12223.696
00bbac68_1734,12223.691
00bbac68_1735,12223.683
00bbac68_1736,12223.479
00bbac68_1737,12223.457
00bbac68_1738,12223.481
00bbac68_1739,12223.4
00bbac68_1740,12223.391
00bbac68_1741,12223.364
00bbac68_1742,12223.374
00bbac68_1743,12223.39
00bbac68_1744,12223.388
00bbac68_1745,12223.412
00bbac68_1746,12223.426
00bbac68_1747,12223.462
00bbac68_1748,12223.505
00bbac68_1749,12223.455
00bbac68_1750,12223.552
00bbac68_1751,12223.558
00bbac68_1752,12223.564
00bbac68_1753,12223.618
00bbac68_1754,12223.647
00bbac68_1755,12223.665
00bbac68_1756,12223.667
00bbac68_1757,12223.64
00bbac68_1758,12223.547
00bbac68_1759,12223.516
00bbac68_1760,12223.509
00bbac68_1761,12223.509
00bbac68_1762,12223.498
00bbac68_1763,12223.511
00bbac68_1764,12223.48
00bbac68_1765,12223.436
00bbac68_1766,12223.436
00bbac68_1767,12223.436
00bbac68_1768,12223.447
00bbac68_1769,12223.439
00bbac68_1770,12223.48
00bbac68_1771,12223.493
00bbac68_1772,12223.539
00bbac68_1773,12223.538
00bbac68_1774,12223.54
00bbac68_1775,12223.532
00bbac68_1776,12223.534
00bbac68_1777,12223.614
00bbac68_1778,12223.616
00bbac68_1779,12223.608
00bbac68_1780,12223.603
00bbac68_1781,12223.641
00bbac68_1782,12223.705
00bbac68_1783,12223.728
00bbac68_1784,12223.746
00bbac68_1785,12223.766
00bbac68_1786,12223.777
00bbac68_1787,12223.69
00bbac68_1788,12223.636
00bbac68_1789,12223.625
00bbac68_1790,12223.621
00bbac68_1791,12223.597
00bbac68_1792,12223.659
00bbac68_1793,12223.716
00bbac68_1794,12223.733
00bbac68_1795,12223.71
00bbac68_1796,12223.704
00bbac68_1797,12223.706
00bbac68_1798,12223.707
00bbac68_1799,12223.644
00bbac68_1800,12223.609
00bbac68_1801,12223.613
00bbac68_1802,12223.601
00bbac68_1803,12223.603
00bbac68_1804,12223.603
00bbac68_1805,12223.594
00bbac68_1806,12223.534
00bbac68_1807,12223.519
00bbac68_1808,12223.485
00bbac68_1809,12223.4795
00bbac68_1810,12223.435
00bbac68_1811,12223.533
00bbac68_1812,12223.525
00bbac68_1813,12223.547
00bbac68_1814,12223.565
00bbac68_1815,12223.5625
00bbac68_1816,12223.61
00bbac68_1817,12223.61
00bbac68_1818,12223.588
00bbac68_1819,12223.575
00bbac68_1820,12223.587
00bbac68_1821,12223.623
00bbac68_1822,12223.623
00bbac68_1823,12223.621
00bbac68_1824,12223.668
00bbac68_1825,12223.68
00bbac68_1826,12223.659
00bbac68_1827,12223.66
00bbac68_1828,12223.684
00bbac68_1829,12223.686
00bbac68_1830,12223.651
00bbac68_1831,12223.615
00bbac68_1832,12223.587
00bbac68_1833,12223.537
00bbac68_1834,12223.567
00bbac68_1835,12223.55
00bbac68_1836,12223.52
00bbac68_1837,12223.516
00bbac68_1838,12223.562
00bbac68_1839,12223.572
00bbac68_1840,12223.575
00bbac68_1841,12223.62
00bbac68_1842,12223.622
00bbac68_1843,12223.624
00bbac68_1844,12223.663
00bbac68_1845,12223.626
00bbac68_1846,12223.621
00bbac68_1847,12223.648
00bbac68_1848,12223.646
00bbac68_1849,12223.638
00bbac68_1850,12223.638
00bbac68_1851,12223.641
00bbac68_1852,12223.641
00bbac68_1853,12223.633
00bbac68_1854,12223.657
00bbac68_1855,12223.673
00bbac68_1856,12223.608
00bbac68_1857,12223.606
00bbac68_1858,12223.417
00bbac68_1859,12223.409
00bbac68_1860,12223.366
00bbac68_1861,12223.365
00bbac68_1862,12223.443
00bbac68_1863,12223.442
00bbac68_1864,12223.437
00bbac68_1865,12223.454
00bbac68_1866,12223.457
00bbac68_1867,12223.436
00bbac68_1868,12223.436
00bbac68_1869,12223.482
00bbac68_1870,12223.564
00bbac68_1871,12223.568
00bbac68_1872,12223.642
00bbac68_1873,12223.644
00bbac68_1874,12223.664
00bbac68_1875,12223.669
00bbac68_1876,12223.675
00bbac68_1877,12223.672
00bbac68_1878,12223.672
00bbac68_1879,12223.685
00bbac68_1880,12223.513
00bbac68_1881,12223.513
00bbac68_1882,12223.516
00bbac68_1883,12223.515
00bbac68_1884,12223.52
00bbac68_1885,12223.476
00bbac68_1886,12223.477
00bbac68_1887,12223.4795
00bbac68_1888,12223.475
00bbac68_1889,12223.477
00bbac68_1890,12223.4795
00bbac68_1891,12223.54
00bbac68_1892,12223.54
00bbac68_1893,12223.531
00bbac68_1894,12223.656
00bbac68_1895,12223.674
00bbac68_1896,12223.703
00bbac68_1897,12223.72
00bbac68_1898,12223.724
00bbac68_1899,12223.71
00bbac68_1900,12223.759
00bbac68_1901,12223.769
00bbac68_1902,12223.792
00bbac68_1903,12223.83
00bbac68_1904,12223.858
00bbac68_1905,12223.826
00bbac68_1906,12223.803
00bbac68_1907,12223.826
00bbac68_1908,12223.869
00bbac68_1909,12223.873
00bbac68_1910,12223.856
00bbac68_1911,12223.888
00bbac68_1912,12223.91
00bbac68_1913,12223.926
00bbac68_1914,12223.925
00bbac68_1915,12223.915
00bbac68_1916,12223.895
00bbac68_1917,12223.888
00bbac68_1918,12223.883
00bbac68_1919,12223.878
00bbac68_1920,12223.878
00bbac68_1921,12223.856
00bbac68_1922,12223.864
00bbac68_1923,12223.858
00bbac68_1924,12223.916
00bbac68_1925,12223.888
00bbac68_1926,12223.866
00bbac68_1927,12223.862
00bbac68_1928,12223.914
00bbac68_1929,12223.951
00bbac68_1930,12224.014
00bbac68_1931,12224.027
00bbac68_1932,12223.995
00bbac68_1933,12223.995
00bbac68_1934,12224.012
00bbac68_1935,12224.016
00bbac68_1936,12223.969
00bbac68_1937,12223.951
00bbac68_1938,12223.991
00bbac68_1939,12223.991
00bbac68_1940,12223.966
00bbac68_1941,12223.959
00bbac68_1942,12223.959
00bbac68_1943,12223.965
00bbac68_1944,12223.962
00bbac68_1945,12223.96
00bbac68_1946,12224.0
00bbac68_1947,12224.004
00bbac68_1948,12224.005
00bbac68_1949,12224.047
00bbac68_1950,12224.089
00bbac68_1951,12224.172
00bbac68_1952,12224.21
00bbac68_1953,12224.21
00bbac68_1954,12224.21
00bbac68_1955,12224.207
00bbac68_1956,12224.218
00bbac68_1957,12224.218
00bbac68_1958,12224.219
00bbac68_1959,12224.228
00bbac68_1960,12224.29
00bbac68_1961,12224.29
00bbac68_1962,12224.329
00bbac68_1963,12224.309
00bbac68_1964,12224.311
00bbac68_1965,12224.329
00bbac68_1966,12224.389
00bbac68_1967,12224.343
00bbac68_1968,12224.353
00bbac68_1969,12224.35
00bbac68_1970,12224.5
00bbac68_1971,12224.481
00bbac68_1972,12224.409
00bbac68_1973,12224.31
00bbac68_1974,12224.304
00bbac68_1975,12224.307
00bbac68_1976,12224.268
00bbac68_1977,12224.306
00bbac68_1978,12224.307
00bbac68_1979,12224.31
00bbac68_1980,12224.31
00bbac68_1981,12224.308
00bbac68_1982,12224.307
00bbac68_1983,12224.299
00bbac68_1984,12224.305
00bbac68_1985,12224.327
00bbac68_1986,12224.326
00bbac68_1987,12224.326
00bbac68_1988,12224.361
00bbac68_1989,12224.549
00bbac68_1990,12224.735
00bbac68_1991,12224.761
00bbac68_1992,12224.805
00bbac68_1993,12224.801
00bbac68_1994,12224.812
00bbac68_1995,12224.788
00bbac68_1996,12224.786
00bbac68_1997,12224.811
00bbac68_1998,12224.813
00bbac68_1999,12224.777
00bbac68_2000,12224.76
00bbac68_2001,12224.813
00bbac68_2002,12224.844
00bbac68_2003,12224.825
00bbac68_2004,12224.822
00bbac68_2005,12224.763
00bbac68_2006,12224.767
00bbac68_2007,12224.769
00bbac68_2008,12224.76
00bbac68_2009,12224.722
00bbac68_2010,12224.886
00bbac68_2011,12224.887
00bbac68_2012,12224.882
00bbac68_2013,12224.879
00bbac68_2014,12224.883
00bbac68_2015,12225.103
00bbac68_2016,12225.17
00bbac68_2017,12225.164
00bbac68_2018,12225.164
00bbac68_2019,12225.165
00bbac68_2020,12225.184
00bbac68_2021,12225.189
00bbac68_2022,12225.175
00bbac68_2023,12225.174
00bbac68_2024,12225.421
00bbac68_2025,12225.501
00bbac68_2026,12225.505
00bbac68_2027,12225.502
00bbac68_2028,12225.685
00bbac68_2029,12225.687
00bbac68_2030,12225.681
00bbac68_2031,12225.684
00bbac68_2032,12225.679
00bbac68_2033,12225.679
00bbac68_2034,12225.679
00bbac68_2035,12225.679
00bbac68_2036,12225.682
00bbac68_2037,12225.828
00bbac68_2038,12225.791
00bbac68_2039,12225.737
00bbac68_2040,12225.747
00bbac68_2041,12225.809
00bbac68_2042,12225.76
00bbac68_2043,12225.77
00bbac68_2044,12225.77
00bbac68_2045,12225.784
00bbac68_2046,12225.8
00bbac68_2047,12225.831
00bbac68_2048,12225.826
00bbac68_2049,12225.834
00bbac68_2050,12225.828
00bbac68_2051,12225.815
00bbac68_2052,12225.815
00bbac68_2053,12225.815
00bbac68_2054,12225.887
00bbac68_2055,12225.961
00bbac68_2056,12225.943
00bbac68_2057,12225.962
00bbac68_2058,12225.959
00bbac68_2059,12225.96
00bbac68_2060,12225.946
00bbac68_2061,12225.954
00bbac68_2062,12225.988
00bbac68_2063,12225.982
00bbac68_2064,12226.152
00bbac68_2065,12226.22
00bbac68_2066,12226.194
00bbac68_2067,12226.232
00bbac68_2068,12226.165
00bbac68_2069,12226.159
00bbac68_2070,12226.197
00bbac68_2071,12226.225
00bbac68_2072,12226.28
00bbac68_2073,12226.276
00bbac68_2074,12226.289
00bbac68_2075,12226.29
00bbac68_2076,12226.207
00bbac68_2077,12226.237
00bbac68_2078,12226.237
00bbac68_2079,12226.162
00bbac68_2080,12226.215
00bbac68_2081,12226.249
00bbac68_2082,12226.288
00bbac68_2083,12226.307
00bbac68_2084,12226.319
00bbac68_2085,12226.319
00bbac68_2086,12226.319
00bbac68_2087,12226.319
00bbac68_2088,12226.305
00bbac68_2089,12226.288
00bbac68_2090,12226.61
00bbac68_2091,12226.589
00bbac68_2092,12226.582
00bbac68_2093,12226.615
00bbac68_2094,12226.612
00bbac68_2095,12226.6045
00bbac68_2096,12226.606
00bbac68_2097,12226.682
00bbac68_2098,12226.699
00bbac68_2099,12226.696
00bbac68_2100,12226.696
00bbac68_2101,12226.692
00bbac68_2102,12226.741
00bbac68_2103,12226.903
00bbac68_2104,12226.912
00bbac68_2105,12226.904
00bbac68_2106,12226.923
00bbac68_2107,12227.072
00bbac68_2108,12227.159
00bbac68_2109,12227.159
00bbac68_2110,12227.145
00bbac68_2111,12227.204
00bbac68_2112,12227.167
00bbac68_2113,12227.178
00bbac68_2114,12227.122
00bbac68_2115,12227.155
00bbac68_2116,12227.31
00bbac68_2117,12227.257
00bbac68_2118,12227.255
00bbac68_2119,12227.246
00bbac68_2120,12227.309
00bbac68_2121,12227.323
00bbac68_2122,12227.382
00bbac68_2123,12227.395
00bbac68_2124,12227.391
00bbac68_2125,12227.363
00bbac68_2126,12227.381
00bbac68_2127,12227.364
00bbac68_2128,12227.4
00bbac68_2129,12227.4
00bbac68_2130,12227.427
00bbac68_2131,12227.425
00bbac68_2132,12227.555
00bbac68_2133,12227.555
00bbac68_2134,12227.545
00bbac68_2135,12227.48
00bbac68_2136,12227.48
00bbac68_2137,12227.494
00bbac68_2138,12227.48
00bbac68_2139,12227.48
00bbac68_2140,12227.55
00bbac68_2141,12227.561
00bbac68_2142,12227.6045
00bbac68_2143,12227.7
00bbac68_2144,12227.711
00bbac68_2145,12227.732
00bbac68_2146,12227.804
00bbac68_2147,12227.828
00bbac68_2148,12227.862
00bbac68_2149,12227.966
00bbac68_2150,12227.979
00bbac68_2151,12227.944
00bbac68_2152,12228.096
00bbac68_2153,12228.102
00bbac68_2154,12228.076
00bbac68_2155,12228.328
00bbac68_2156,12228.333
00bbac68_2157,12228.287
00bbac68_2158,12228.34
00bbac68_2159,12228.342
00bbac68_2160,12228.31
00bbac68_2161,12228.308
00bbac68_2162,12228.349
00bbac68_2163,12228.349
00bbac68_2164,12228.349
00bbac68_2165,12228.361
00bbac68_2166,12228.364
00bbac68_2167,12228.363
00bbac68_2168,12228.331
00bbac68_2169,12228.341
00bbac68_2170,12228.327
00bbac68_2171,12228.321
00bbac68_2172,12228.377
00bbac68_2173,12228.306
00bbac68_2174,12228.332
00bbac68_2175,12228.329
00bbac68_2176,12228.318
00bbac68_2177,12228.33
00bbac68_2178,12228.346
00bbac68_2179,12228.466
00bbac68_2180,12228.477
00bbac68_2181,12228.422
00bbac68_2182,12228.383
00bbac68_2183,12228.396
00bbac68_2184,12228.421
00bbac68_2185,12228.395
00bbac68_2186,12228.37
00bbac68_2187,12228.358
00bbac68_2188,12228.267
00bbac68_2189,12228.267
00bbac68_2190,12228.282
00bbac68_2191,12228.275
00bbac68_2192,12228.285
00bbac68_2193,12228.325
00bbac68_2194,12228.25
00bbac68_2195,12228.267
00bbac68_2196,12228.267
00bbac68_2197,12228.232
00bbac68_2198,12228.218
00bbac68_2199,12228.231
00bbac68_2200,12228.253
00bbac68_2201,12228.234
00bbac68_2202,12228.228
00bbac68_2203,12228.255
00bbac68_2204,12228.278
00bbac68_2205,12228.3
00bbac68_2206,12228.302
00bbac68_2207,12228.212
00bbac68_2208,12228.3
00bbac68_2209,12228.209
00bbac68_2210,12228.239
00bbac68_2211,12228.17
00bbac68_2212,12228.246
00bbac68_2213,12228.347
00bbac68_2214,12228.38
00bbac68_2215,12228.379
00bbac68_2216,12228.389
00bbac68_2217,12228.362
00bbac68_2218,12228.375
00bbac68_2219,12228.38
00bbac68_2220,12228.383
00bbac68_2221,12228.338
00bbac68_2222,12228.34
00bbac68_2223,12228.339
00bbac68_2224,12228.285
00bbac68_2225,12228.194
00bbac68_2226,12228.263
00bbac68_2227,12228.2295
00bbac68_2228,12228.189
00bbac68_2229,12228.169
00bbac68_2230,12228.189
00bbac68_2231,12228.183
00bbac68_2232,12228.176
00bbac68_2233,12228.172
00bbac68_2234,12228.193
00bbac68_2235,12228.235
00bbac68_2236,12228.272
00bbac68_2237,12228.41
00bbac68_2238,12228.409
00bbac68_2239,12228.397
00bbac68_2240,12228.406
00bbac68_2241,12228.449
00bbac68_2242,12228.443
00bbac68_2243,12228.451
00bbac68_2244,12228.435
00bbac68_2245,12228.457
00bbac68_2246,12228.457
00bbac68_2247,12228.465
00bbac68_2248,12228.426
00bbac68_2249,12228.5205
00bbac68_2250,12228.495
00bbac68_2251,12228.479
00bbac68_2252,12228.419
00bbac68_2253,12228.405
00bbac68_2254,12228.414
00bbac68_2255,12228.647
00bbac68_2256,12228.659
00bbac68_2257,12228.6875
00bbac68_2258,12228.648
00bbac68_2259,12228.622
00bbac68_2260,12228.639
00bbac68_2261,12228.748
00bbac68_2262,12228.752
00bbac68_2263,12228.752
00bbac68_2264,12228.742
00bbac68_2265,12228.838
00bbac68_2266,12228.826
00bbac68_2267,12228.801
00bbac68_2268,12228.801
00bbac68_2269,12228.875
00bbac68_2270,12228.882
00bbac68_2271,12228.861
00bbac68_2272,12228.878
00bbac68_2273,12228.87
00bbac68_2274,12228.89
00bbac68_2275,12228.872
00bbac68_2276,12228.861
00bbac68_2277,12228.857
00bbac68_2278,12228.88
00bbac68_2279,12228.863
00bbac68_2280,12228.863
00bbac68_2281,12228.884
00bbac68_2282,12228.867
00bbac68_2283,12228.8545
00bbac68_2284,12228.845
00bbac68_2285,12228.863
00bbac68_2286,12229.016
00bbac68_2287,12229.061
00bbac68_2288,12229.087
00bbac68_2289,12229.068
00bbac68_2290,12229.061
00bbac68_2291,12229.157
00bbac68_2292,12229.125
00bbac68_2293,12229.145
00bbac68_2294,12229.145
00bbac68_2295,12229.18
00bbac68_2296,12229.162
00bbac68_2297,12229.161
00bbac68_2298,12229.144
00bbac68_2299,12229.211
00bbac68_2300,12229.266
00bbac68_2301,12229.236
00bbac68_2302,12229.233
00bbac68_2303,12229.255
00bbac68_2304,12229.271
00bbac68_2305,12229.274
00bbac68_2306,12229.39
00bbac68_2307,12229.404
00bbac68_2308,12229.405
00bbac68_2309,12229.291
00bbac68_2310,12229.306
00bbac68_2311,12229.28
00bbac68_2312,12229.276
00bbac68_2313,12229.293
00bbac68_2314,12229.276
00bbac68_2315,12229.303
00bbac68_2316,12229.374
00bbac68_2317,12229.356
00bbac68_2318,12229.413
00bbac68_2319,12229.429
00bbac68_2320,12229.41
00bbac68_2321,12229.419
00bbac68_2322,12229.476
00bbac68_2323,12229.488
00bbac68_2324,12229.461
00bbac68_2325,12229.462
00bbac68_2326,12229.458
00bbac68_2327,12229.516
00bbac68_2328,12229.498
00bbac68_2329,12229.491
00bbac68_2330,12229.476
00bbac68_2331,12229.56
00bbac68_2332,12229.569
00bbac68_2333,12229.443
00bbac68_2334,12229.427
00bbac68_2335,12229.412
00bbac68_2336,12229.404
00bbac68_2337,12229.364
00bbac68_2338,12229.361
00bbac68_2339,12229.296
00bbac68_2340,12229.296
00bbac68_2341,12229.28
00bbac68_2342,12229.297
00bbac68_2343,12229.286
00bbac68_2344,12229.313
00bbac68_2345,12229.409
00bbac68_2346,12229.449
00bbac68_2347,12229.445
00bbac68_2348,12229.458
00bbac68_2349,12229.437
00bbac68_2350,12229.438
00bbac68_2351,12229.494
00bbac68_2352,12229.513
00bbac68_2353,12229.472
00bbac68_2354,12229.548
00bbac68_2355,12229.512
00bbac68_2356,12229.535
00bbac68_2357,12229.491
00bbac68_2358,12229.468
00bbac68_2359,12229.464
00bbac68_2360,12229.479
00bbac68_2361,12229.468
00bbac68_2362,12229.712
00bbac68_2363,12229.716
00bbac68_2364,12229.675
00bbac68_2365,12229.691
00bbac68_2366,12229.635
00bbac68_2367,12229.647
00bbac68_2368,12229.666
00bbac68_2369,12229.675
00bbac68_2370,12229.67
00bbac68_2371,12229.883
00bbac68_2372,12229.85
00bbac68_2373,12229.819
00bbac68_2374,12229.856
00bbac68_2375,12229.89
00bbac68_2376,12229.89
00bbac68_2377,12229.86
00bbac68_2378,12229.833
00bbac68_2379,12229.972
00bbac68_2380,12229.969
00bbac68_2381,12229.979
00bbac68_2382,12229.979
00bbac68_2383,12229.919
00bbac68_2384,12229.922
00bbac68_2385,12229.939
00bbac68_2386,12229.978
00bbac68_2387,12229.981
00bbac68_2388,12229.959
00bbac68_2389,12230.08
00bbac68_2390,12229.974
00bbac68_2391,12230.049
00bbac68_2392,12230.0625
00bbac68_2393,12230.0205
00bbac68_2394,12230.007
00bbac68_2395,12229.949
00bbac68_2396,12229.949
00bbac68_2397,12229.945
00bbac68_2398,12229.943
00bbac68_2399,12230.017
00bbac68_2400,12230.038
00bbac68_2401,12229.968
00bbac68_2402,12229.98
00bbac68_2403,12229.976
00bbac68_2404,12229.973
00bbac68_2405,12229.976
00bbac68_2406,12230.12
00bbac68_2407,12230.111
00bbac68_2408,12230.11
00bbac68_2409,12230.164
00bbac68_2410,12230.166
00bbac68_2411,12230.167
00bbac68_2412,12230.189
00bbac68_2413,12230.177
00bbac68_2414,12230.196
00bbac68_2415,12230.205
00bbac68_2416,12230.159
00bbac68_2417,12230.1
00bbac68_2418,12230.104
00bbac68_2419,12230.107
00bbac68_2420,12230.086
00bbac68_2421,12230.03
00bbac68_2422,12230.005
00bbac68_2423,12230.051
00bbac68_2424,12230.066
00bbac68_2425,12230.065
00bbac68_2426,12230.092
00bbac68_2427,12230.111
00bbac68_2428,12230.097
00bbac68_2429,12229.869
00bbac68_2430,12229.896
00bbac68_2431,12229.876
00bbac68_2432,12229.899
00bbac68_2433,12229.893
00bbac68_2434,12229.865
00bbac68_2435,12229.896
00bbac68_2436,12229.967
00bbac68_2437,12230.034
00bbac68_2438,12229.975
00bbac68_2439,12229.989
00bbac68_2440,12229.992
00bbac68_2441,12230.08
00bbac68_2442,12230.031
00bbac68_2443,12229.99
00bbac68_2444,12229.986
00bbac68_2445,12230.0
00bbac68_2446,12229.988
00bbac68_2447,12229.99
00bbac68_2448,12229.898
00bbac68_2449,12229.928
00bbac68_2450,12229.917
00bbac68_2451,12229.933
00bbac68_2452,12229.929
00bbac68_2453,12229.929
00bbac68_2454,12229.924
00bbac68_2455,12229.914
00bbac68_2456,12229.856
00bbac68_2457,12229.901
00bbac68_2458,12229.912
00bbac68_2459,12229.899
00bbac68_2460,12229.903
00bbac68_2461,12229.883
00bbac68_2462,12229.899
00bbac68_2463,12229.962
00bbac68_2464,12229.98
00bbac68_2465,12229.977
00bbac68_2466,12229.98
00bbac68_2467,12229.977
00bbac68_2468,12229.889
00bbac68_2469,12229.897
00bbac68_2470,12229.866
00bbac68_2471,12229.937
00bbac68_2472,12229.958
00bbac68_2473,12229.993
00bbac68_2474,12229.989
00bbac68_2475,12230.016
00bbac68_2476,12230.027
00bbac68_2477,12230.023
00bbac68_2478,12229.994
00bbac68_2479,12230.024
00bbac68_2480,12229.9795
00bbac68_2481,12229.976
00bbac68_2482,12229.978
00bbac68_2483,12229.973
00bbac68_2484,12229.962
00bbac68_2485,12229.971
00bbac68_2486,12229.971
00bbac68_2487,12230.159
00bbac68_2488,12230.154
00bbac68_2489,12230.137
00bbac68_2490,12230.125
00bbac68_2491,12230.108
00bbac68_2492,12230.127
00bbac68_2493,12230.125
00bbac68_2494,12230.017
00bbac68_2495,12229.9795
00bbac68_2496,12229.934
00bbac68_2497,12229.956
00bbac68_2498,12229.9795
00bbac68_2499,12229.987
00bbac68_2500,12229.995
00bbac68_2501,12229.985
00bbac68_2502,12230.015
00bbac68_2503,12230.007
00bbac68_2504,12230.013
00bbac68_2505,12230.007
00bbac68_2506,12229.999
00bbac68_2507,12229.973
00bbac68_2508,12229.935
00bbac68_2509,12229.977
00bbac68_2510,12229.967
00bbac68_2511,12229.978
00bbac68_2512,12229.96
00bbac68_2513,12229.949
00bbac68_2514,12229.963
00bbac68_2515,12229.966
00bbac68_2516,12229.976
00bbac68_2517,12229.991
00bbac68_2518,12229.983
00bbac68_2519,12230.08
00bbac68_2520,12230.089
00bbac68_2521,12229.991
00bbac68_2522,12229.991
00bbac68_2523,12229.965
00bbac68_2524,12229.965
00bbac68_2525,12229.879
00bbac68_2526,12229.837
00bbac68_2527,12229.814
00bbac68_2528,12229.83
00bbac68_2529,12229.827
00bbac68_2530,12229.814
00bbac68_2531,12229.797
00bbac68_2532,12229.8
00bbac68_2533,12229.8
00bbac68_2534,12229.811
00bbac68_2535,12229.779
00bbac68_2536,12229.78
00bbac68_2537,12229.755
00bbac68_2538,12229.735
00bbac68_2539,12229.75
00bbac68_2540,12229.754
00bbac68_2541,12229.817
00bbac68_2542,12229.999
00bbac68_2543,12230.01
00bbac68_2544,12230.01
00bbac68_2545,12230.01
00bbac68_2546,12230.135
00bbac68_2547,12230.151
00bbac68_2548,12230.195
00bbac68_2549,12230.202
00bbac68_2550,12230.136
00bbac68_2551,12230.127
00bbac68_2552,12230.145
00bbac68_2553,12230.21
00bbac68_2554,12230.18
00bbac68_2555,12230.173
00bbac68_2556,12230.161
00bbac68_2557,12230.162
00bbac68_2558,12230.18
00bbac68_2559,12230.1875
00bbac68_2560,12230.18
00bbac68_2561,12230.18
00bbac68_2562,12230.192
00bbac68_2563,12230.185
00bbac68_2564,12230.185
00bbac68_2565,12230.151
00bbac68_2566,12230.185
00bbac68_2567,12230.194
00bbac68_2568,12230.222
00bbac68_2569,12230.17
00bbac68_2570,12230.18
00bbac68_2571,12230.18
00bbac68_2572,12230.039
00bbac68_2573,12229.931
00bbac68_2574,12229.937
00bbac68_2575,12229.938
00bbac68_2576,12230.034
00bbac68_2577,12230.02
00bbac68_2578,12230.084
00bbac68_2579,12230.08
00bbac68_2580,12230.084
00bbac68_2581,12230.097
00bbac68_2582,12230.113
00bbac68_2583,12230.117
00bbac68_2584,12230.026
00bbac68_2585,12230.023
00bbac68_2586,12230.017
00bbac68_2587,12230.153
00bbac68_2588,12230.147
00bbac68_2589,12230.146
00bbac68_2590,12230.17
00bbac68_2591,12230.187
00bbac68_2592,12230.171
00bbac68_2593,12230.171
00bbac68_2594,12230.162
00bbac68_2595,12230.143
00bbac68_2596,12230.168
00bbac68_2597,12230.183
00bbac68_2598,12230.143
00bbac68_2599,12230.178
00bbac68_2600,12230.199
00bbac68_2601,12230.148
00bbac68_2602,12230.151
00bbac68_2603,12230.126
00bbac68_2604,12230.088
00bbac68_2605,12230.126
00bbac68_2606,12230.136
00bbac68_2607,12230.101
00bbac68_2608,12230.12
00bbac68_2609,12229.997
00bbac68_2610,12229.971
00bbac68_2611,12229.967
00bbac68_2612,12230.002
00bbac68_2613,12230.04
00bbac68_2614,12230.036
00bbac68_2615,12230.078
00bbac68_2616,12230.049
00bbac68_2617,12230.065
00bbac68_2618,12230.087
00bbac68_2619,12230.051
00bbac68_2620,12230.061
00bbac68_2621,12230.089
00bbac68_2622,12230.038
00bbac68_2623,12230.048
00bbac68_2624,12230.081
00bbac68_2625,12230.046
00bbac68_2626,12230.052
00bbac68_2627,12230.058
00bbac68_2628,12230.01
00bbac68_2629,12230.015
00bbac68_2630,12229.984
00bbac68_2631,12229.954
00bbac68_2632,12229.962
00bbac68_2633,12230.195
00bbac68_2634,12230.192
00bbac68_2635,12230.215
00bbac68_2636,12230.175
00bbac68_2637,12230.156
00bbac68_2638,12230.155
00bbac68_2639,12230.194
00bbac68_2640,12230.172
00bbac68_2641,12230.172
00bbac68_2642,12230.151
00bbac68_2643,12230.194
00bbac68_2644,12230.229
00bbac68_2645,12230.164
00bbac68_2646,12230.19
00bbac68_2647,12230.12
00bbac68_2648,12230.31
00bbac68_2649,12230.445
00bbac68_2650,12230.317
00bbac68_2651,12230.499
00bbac68_2652,12230.671
00bbac68_2653,12230.5205
00bbac68_2654,12230.464
00bbac68_2655,12230.47
00bbac68_2656,12230.41
00bbac68_2657,12230.394
00bbac68_2658,12230.3955
00bbac68_2659,12230.432
00bbac68_2660,12230.505
00bbac68_2661,12230.476
00bbac68_2662,12230.461
00bbac68_2663,12230.306
00bbac68_2664,12230.32
00bbac68_2665,12230.357
00bbac68_2666,12230.352
00bbac68_2667,12230.381
00bbac68_2668,12230.293
00bbac68_2669,12230.368
00bbac68_2670,12230.365
00bbac68_2671,12230.72
00bbac68_2672,12230.72
00bbac68_2673,12230.57
00bbac68_2674,12230.573
00bbac68_2675,12230.51
00bbac68_2676,12230.505
00bbac68_2677,12230.678
00bbac68_2678,12230.904
00bbac68_2679,12230.918
00bbac68_2680,12230.835
00bbac68_2681,12230.802
00bbac68_2682,12230.816
00bbac68_2683,12230.804
00bbac68_2684,12230.832
00bbac68_2685,12230.856
00bbac68_2686,12230.899
00bbac68_2687,12230.857
00bbac68_2688,12230.848
00bbac68_2689,12230.836
00bbac68_2690,12230.858
00bbac68_2691,12230.863
00bbac68_2692,12230.86
00bbac68_2693,12230.88
00bbac68_2694,12230.872
00bbac68_2695,12230.846
00bbac68_2696,12230.828
00bbac68_2697,12230.831
00bbac68_2698,12230.764
00bbac68_2699,12231.027
00bbac68_2700,12231.032
00bbac68_2701,12231.008
00bbac68_2702,12231.049
00bbac68_2703,12231.082
00bbac68_2704,12231.154
00bbac68_2705,12231.163
00bbac68_2706,12231.174
00bbac68_2707,12231.145
00bbac68_2708,12231.151
00bbac68_2709,12231.1455
00bbac68_2710,12231.1455
00bbac68_2711,12231.139
00bbac68_2712,12231.144
00bbac68_2713,12231.115
00bbac68_2714,12231.115
00bbac68_2715,12231.148
00bbac68_2716,12231.17
00bbac68_2717,12231.17
00bbac68_2718,12231.258
00bbac68_2719,12231.287
00bbac68_2720,12231.226
00bbac68_2721,12231.23
00bbac68_2722,12231.202
00bbac68_2723,12231.203
00bbac68_2724,12231.241
00bbac68_2725,12231.202
00bbac68_2726,12231.164
00bbac68_2727,12231.123
00bbac68_2728,12231.136
00bbac68_2729,12231.153
00bbac68_2730,12231.143
00bbac68_2731,12231.104
00bbac68_2732,12231.078
00bbac68_2733,12231.03
00bbac68_2734,12231.121
00bbac68_2735,12231.237
00bbac68_2736,12231.211
00bbac68_2737,12231.203
00bbac68_2738,12231.166
00bbac68_2739,12231.141
00bbac68_2740,12231.158
00bbac68_2741,12231.088
00bbac68_2742,12231.122
00bbac68_2743,12231.075
00bbac68_2744,12231.089
00bbac68_2745,12231.114
00bbac68_2746,12231.13
00bbac68_2747,12231.123
00bbac68_2748,12231.051
00bbac68_2749,12230.962
00bbac68_2750,12230.966
00bbac68_2751,12230.959
00bbac68_2752,12230.978
00bbac68_2753,12230.95
00bbac68_2754,12230.968
00bbac68_2755,12230.953
00bbac68_2756,12230.989
00bbac68_2757,12231.016
00bbac68_2758,12231.02
00bbac68_2759,12231.02
00bbac68_2760,12231.031
00bbac68_2761,12231.273
00bbac68_2762,12231.334
00bbac68_2763,12231.33
00bbac68_2764,12231.302
00bbac68_2765,12231.343
00bbac68_2766,12231.344
00bbac68_2767,12231.313
00bbac68_2768,12231.325
00bbac68_2769,12231.294
00bbac68_2770,12231.315
00bbac68_2771,12231.273
00bbac68_2772,12231.2705
00bbac68_2773,12231.329
00bbac68_2774,12231.35
00bbac68_2775,12231.326
00bbac68_2776,12231.326
00bbac68_2777,12231.312
00bbac68_2778,12231.3955
00bbac68_2779,12231.367
00bbac68_2780,12231.372
00bbac68_2781,12231.358
00bbac68_2782,12231.364
00bbac68_2783,12231.391
00bbac68_2784,12231.39
00bbac68_2785,12231.415
00bbac68_2786,12231.415
00bbac68_2787,12231.415
00bbac68_2788,12231.418
00bbac68_2789,12231.428
00bbac68_2790,12231.457
00bbac68_2791,12231.453
00bbac68_2792,12231.407
00bbac68_2793,12231.439
00bbac68_2794,12231.555
00bbac68_2795,12231.548
00bbac68_2796,12231.519
00bbac68_2797,12231.503
00bbac68_2798,12231.529
00bbac68_2799,12231.566
00bbac68_2800,12231.555
00bbac68_2801,12231.598
00bbac68_2802,12231.631
00bbac68_2803,12231.678
00bbac68_2804,12231.646
00bbac68_2805,12231.631
00bbac68_2806,12231.591
00bbac68_2807,12231.591
00bbac68_2808,12231.5625
00bbac68_2809,12231.567
00bbac68_2810,12231.562
00bbac68_2811,12231.829
00bbac68_2812,12231.843
00bbac68_2813,12231.75
00bbac68_2814,12231.844
00bbac68_2815,12231.87
00bbac68_2816,12231.865
00bbac68_2817,12231.855
00bbac68_2818,12231.813
00bbac68_2819,12231.827
00bbac68_2820,12231.858
00bbac68_2821,12231.863
00bbac68_2822,12231.948
00bbac68_2823,12231.974
00bbac68_2824,12231.979
00bbac68_2825,12231.96
00bbac68_2826,12232.029
00bbac68_2827,12232.041
00bbac68_2828,12232.059
00bbac68_2829,12232.054
00bbac68_2830,12232.076
00bbac68_2831,12232.04
00bbac68_2832,12231.999
00bbac68_2833,12232.0
00bbac68_2834,12231.974
00bbac68_2835,12231.951
00bbac68_2836,12231.94
00bbac68_2837,12231.954
00bbac68_2838,12231.952
00bbac68_2839,12231.954
00bbac68_2840,12231.936
00bbac68_2841,12231.94
00bbac68_2842,12231.939
00bbac68_2843,12231.962
00bbac68_2844,12231.935
00bbac68_2845,12231.968
00bbac68_2846,12231.951
00bbac68_2847,12231.855
00bbac68_2848,12231.833
00bbac68_2849,12231.908
00bbac68_2850,12231.91
00bbac68_2851,12231.943
00bbac68_2852,12231.943
00bbac68_2853,12231.972
00bbac68_2854,12231.866
00bbac68_2855,12231.94
00bbac68_2856,12231.914
00bbac68_2857,12231.863
00bbac68_2858,12231.762
00bbac68_2859,12231.665
00bbac68_2860,12231.626
00bbac68_2861,12231.671
00bbac68_2862,12231.624
00bbac68_2863,12231.701
00bbac68_2864,12231.756
00bbac68_2865,12231.757
00bbac68_2866,12231.765
00bbac68_2867,12231.763
00bbac68_2868,12231.763
00bbac68_2869,12231.768
00bbac68_2870,12231.786
00bbac68_2871,12231.796
00bbac68_2872,12231.784
00bbac68_2873,12231.787
00bbac68_2874,12231.759
00bbac68_2875,12231.755
00bbac68_2876,12231.699
00bbac68_2877,12231.711
00bbac68_2878,12231.729
00bbac68_2879,12231.732
00bbac68_2880,12231.732
00bbac68_2881,12231.654
00bbac68_2882,12231.665
00bbac68_2883,12231.696
00bbac68_2884,12231.678
00bbac68_2885,12231.678
00bbac68_2886,12231.682
00bbac68_2887,12231.732
00bbac68_2888,12231.732
00bbac68_2889,12231.734
00bbac68_2890,12231.734
00bbac68_2891,12231.718
00bbac68_2892,12231.718
00bbac68_2893,12231.753
00bbac68_2894,12231.83
00bbac68_2895,12231.842
00bbac68_2896,12231.781
00bbac68_2897,12231.785
00bbac68_2898,12231.759
00bbac68_2899,12231.764
00bbac68_2900,12231.765
00bbac68_2901,12231.823
00bbac68_2902,12231.819
00bbac68_2903,12231.825
00bbac68_2904,12231.847
00bbac68_2905,12231.83
00bbac68_2906,12231.823
00bbac68_2907,12231.823
00bbac68_2908,12231.8125
00bbac68_2909,12231.821
00bbac68_2910,12231.861
00bbac68_2911,12231.84
00bbac68_2912,12231.832
00bbac68_2913,12231.832
00bbac68_2914,12231.851
00bbac68_2915,12231.878
00bbac68_2916,12231.872
00bbac68_2917,12231.852
00bbac68_2918,12231.86
00bbac68_2919,12231.874
00bbac68_2920,12231.874
00bbac68_2921,12231.883
00bbac68_2922,12231.887
00bbac68_2923,12231.886
00bbac68_2924,12231.886
00bbac68_2925,12231.885
00bbac68_2926,12231.883
00bbac68_2927,12231.87
00bbac68_2928,12231.865
00bbac68_2929,12231.862
00bbac68_2930,12231.834
00bbac68_2931,12231.834
00bbac68_2932,12231.834
00bbac68_2933,12231.829
00bbac68_2934,12231.832
00bbac68_2935,12231.832
00bbac68_2936,12231.832
00bbac68_2937,12231.839
00bbac68_2938,12231.832
00bbac68_2939,12231.832
00bbac68_2940,12231.835
00bbac68_2941,12231.84
00bbac68_2942,12231.839
00bbac68_2943,12231.839
00bbac68_2944,12231.832
00bbac68_2945,12231.829
00bbac68_2946,12231.943
00bbac68_2947,12231.947
00bbac68_2948,12231.941
00bbac68_2949,12231.952
00bbac68_2950,12231.952
00bbac68_2951,12231.952
00bbac68_2952,12231.949
00bbac68_2953,12231.949
00bbac68_2954,12231.952
00bbac68_2955,12231.967
00bbac68_2956,12231.985
00bbac68_2957,12231.991
00bbac68_2958,12231.988
00bbac68_2959,12231.988
00bbac68_2960,12231.97
00bbac68_2961,12231.98
00bbac68_2962,12231.972
00bbac68_2963,12231.953
00bbac68_2964,12231.968
00bbac68_2965,12231.939
00bbac68_2966,12231.901
00bbac68_2967,12231.899
00bbac68_2968,12231.974
00bbac68_2969,12232.194
00bbac68_2970,12232.194
00bbac68_2971,12232.193
00bbac68_2972,12232.193
00bbac68_2973,12232.204
00bbac68_2974,12232.208
00bbac68_2975,12232.208
00bbac68_2976,12232.204
00bbac68_2977,12232.209
00bbac68_2978,12232.213
00bbac68_2979,12232.202
00bbac68_2980,12232.195
00bbac68_2981,12232.206
00bbac68_2982,12232.209
00bbac68_2983,12232.209
00bbac68_2984,12232.4375
00bbac68_2985,12232.502
00bbac68_2986,12232.584
00bbac68_2987,12232.589
00bbac68_2988,12232.595
00bbac68_2989,12232.627
00bbac68_2990,12232.63
00bbac68_2991,12232.623
00bbac68_2992,12232.623
00bbac68_2993,12232.625
00bbac68_2994,12233.037
00bbac68_2995,12233.06
00bbac68_2996,12233.184
00bbac68_2997,12233.18
00bbac68_2998,12233.208
00bbac68_2999,12233.206
00bbac68_3000,12233.183
00bbac68_3001,12233.198
00bbac68_3002,12233.198
00bbac68_3003,12233.2
00bbac68_3004,12233.215
00bbac68_3005,12233.203
00bbac68_3006,12233.148
00bbac68_3007,12233.167
00bbac68_3008,12233.082
00bbac68_3009,12233.125
00bbac68_3010,12233.132
00bbac68_3011,12233.185
00bbac68_3012,12233.183
00bbac68_3013,12233.19
00bbac68_3014,12233.211
00bbac68_3015,12233.176
00bbac68_3016,12233.175
00bbac68_3017,12233.142
00bbac68_3018,12233.163
00bbac68_3019,12233.163
00bbac68_3020,12233.246
00bbac68_3021,12233.182
00bbac68_3022,12233.243
00bbac68_3023,12233.225
00bbac68_3024,12233.219
00bbac68_3025,12233.236
00bbac68_3026,12233.206
00bbac68_3027,12233.283
00bbac68_3028,12233.313
00bbac68_3029,12233.248
00bbac68_3030,12233.256
00bbac68_3031,12233.257
00bbac68_3032,12233.218
00bbac68_3033,12233.165
00bbac68_3034,12233.164
00bbac68_3035,12233.153
00bbac68_3036,12233.178
00bbac68_3037,12233.181
00bbac68_3038,12233.183
00bbac68_3039,12233.189
00bbac68_3040,12233.166
00bbac68_3041,12233.166
00bbac68_3042,12233.189
00bbac68_3043,12233.189
00bbac68_3044,12233.187
00bbac68_3045,12233.187
00bbac68_3046,12233.347
00bbac68_3047,12233.297
00bbac68_3048,12233.297
00bbac68_3049,12233.31
00bbac68_3050,12233.33
00bbac68_3051,12233.317
00bbac68_3052,12233.32
00bbac68_3053,12233.384
00bbac68_3054,12233.35
00bbac68_3055,12233.35
00bbac68_3056,12233.38
00bbac68_3057,12233.393
00bbac68_3058,12233.393
00bbac68_3059,12233.376
00bbac68_3060,12233.376
00bbac68_3061,12233.23
00bbac68_3062,12233.251
00bbac68_3063,12233.222
00bbac68_3064,12233.234
00bbac68_3065,12233.266
00bbac68_3066,12233.266
00bbac68_3067,12233.262
00bbac68_3068,12233.262
00bbac68_3069,12233.262
00bbac68_3070,12233.353
00bbac68_3071,12233.353
00bbac68_3072,12233.347
00bbac68_3073,12233.493
00bbac68_3074,12233.589
00bbac68_3075,12233.55
00bbac68_3076,12233.564
00bbac68_3077,12233.611
00bbac68_3078,12233.607
00bbac68_3079,12233.6045
00bbac68_3080,12233.607
00bbac68_3081,12233.658
00bbac68_3082,12233.735
00bbac68_3083,12233.746
00bbac68_3084,12233.783
00bbac68_3085,12233.78
00bbac68_3086,12233.78
00bbac68_3087,12233.78
00bbac68_3088,12233.779
00bbac68_3089,12233.812
00bbac68_3090,12233.812
00bbac68_3091,12233.718
00bbac68_3092,12233.666
00bbac68_3093,12233.653
00bbac68_3094,12233.653
00bbac68_3095,12233.653
00bbac68_3096,12233.677
00bbac68_3097,12233.699
00bbac68_3098,12233.694
00bbac68_3099,12233.734
00bbac68_3100,12233.737
00bbac68_3101,12233.693
00bbac68_3102,12233.748
00bbac68_3103,12233.755
00bbac68_3104,12233.766
00bbac68_3105,12233.767
00bbac68_3106,12233.779
00bbac68_3107,12233.773
00bbac68_3108,12233.778
00bbac68_3109,12233.784
00bbac68_3110,12233.835
00bbac68_3111,12233.858
00bbac68_3112,12233.859
00bbac68_3113,12233.868
00bbac68_3114,12233.874
00bbac68_3115,12233.874
00bbac68_3116,12233.868
00bbac68_3117,12233.873
00bbac68_3118,12233.851
00bbac68_3119,12233.851
00bbac68_3120,12233.849
00bbac68_3121,12233.839
00bbac68_3122,12233.841
00bbac68_3123,12233.841
00bbac68_3124,12233.841
00bbac68_3125,12233.841
00bbac68_3126,12233.854
00bbac68_3127,12233.848
00bbac68_3128,12233.848
00bbac68_3129,12233.867
00bbac68_3130,12233.867
00bbac68_3131,12233.867
00bbac68_3132,12233.873
00bbac68_3133,12233.874
00bbac68_3134,12233.897
00bbac68_3135,12233.979
00bbac68_3136,12233.979
00bbac68_3137,12233.979
00bbac68_3138,12233.979
00bbac68_3139,12233.978
00bbac68_3140,12233.969
00bbac68_3141,12233.972
00bbac68_3142,12233.946
00bbac68_3143,12233.951
00bbac68_3144,12233.901
00bbac68_3145,12233.898
00bbac68_3146,12233.909
00bbac68_3147,12233.894
00bbac68_3148,12233.853
00bbac68_3149,12233.811
00bbac68_3150,12233.824
00bbac68_3151,12233.863
00bbac68_3152,12233.832
00bbac68_3153,12233.846
00bbac68_3154,12234.084
00bbac68_3155,12234.08
00bbac68_3156,12234.063
00bbac68_3157,12234.045
00bbac68_3158,12234.04
00bbac68_3159,12234.042
00bbac68_3160,12234.042
00bbac68_3161,12234.01
00bbac68_3162,12234.01
00bbac68_3163,12234.01
00bbac68_3164,12234.047
00bbac68_3165,12234.067
00bbac68_3166,12234.072
00bbac68_3167,12234.071
00bbac68_3168,12234.058
00bbac68_3169,12233.946
00bbac68_3170,12233.937
00bbac68_3171,12233.932
00bbac68_3172,12233.948
00bbac68_3173,12233.946
00bbac68_3174,12233.927
00bbac68_3175,12233.932
00bbac68_3176,12233.945
00bbac68_3177,12233.972
00bbac68_3178,12234.025
00bbac68_3179,12233.961
00bbac68_3180,12233.934
00bbac68_3181,12233.949
00bbac68_3182,12233.99
00bbac68_3183,12233.98
00bbac68_3184,12233.988
00bbac68_3185,12233.964
00bbac68_3186,12233.899
00bbac68_3187,12233.851
00bbac68_3188,12233.857
00bbac68_3189,12233.846
00bbac68_3190,12233.842
00bbac68_3191,12233.838
00bbac68_3192,12233.809
00bbac68_3193,12233.789
00bbac68_3194,12233.8125
00bbac68_3195,12233.861
00bbac68_3196,12233.878
00bbac68_3197,12233.923
00bbac68_3198,12233.925
00bbac68_3199,12233.927
00bbac68_3200,12233.931
00bbac68_3201,12234.021
00bbac68_3202,12233.996
00bbac68_3203,12234.014
00bbac68_3204,12234.155
00bbac68_3205,12234.16
00bbac68_3206,12233.979
00bbac68_3207,12233.962
00bbac68_3208,12233.999
00bbac68_3209,12233.99
00bbac68_3210,12233.954
00bbac68_3211,12233.971
00bbac68_3212,12233.959
00bbac68_3213,12233.968
00bbac68_3214,12234.057
00bbac68_3215,12234.118
00bbac68_3216,12234.118
00bbac68_3217,12234.1045
00bbac68_3218,12234.142
00bbac68_3219,12234.142
00bbac68_3220,12234.119
00bbac68_3221,12234.107
00bbac68_3222,12234.144
00bbac68_3223,12234.146
00bbac68_3224,12234.198
00bbac68_3225,12234.191
00bbac68_3226,12234.16
00bbac68_3227,12234.133
00bbac68_3228,12234.133
00bbac68_3229,12234.144
00bbac68_3230,12234.121
00bbac68_3231,12234.115
00bbac68_3232,12234.1
00bbac68_3233,12234.13
00bbac68_3234,12234.13
00bbac68_3235,12234.119
00bbac68_3236,12234.121
00bbac68_3237,12234.185
00bbac68_3238,12234.185
00bbac68_3239,12234.189
00bbac68_3240,12234.168
00bbac68_3241,12234.149
00bbac68_3242,12234.02
00bbac68_3243,12234.027
00bbac68_3244,12234.109
00bbac68_3245,12234.12
00bbac68_3246,12234.12
00bbac68_3247,12234.114
00bbac68_3248,12234.108
00bbac68_3249,12234.005
00bbac68_3250,12234.001
00bbac68_3251,12234.001
00bbac68_3252,12234.003
00bbac68_3253,12234.016
00bbac68_3254,12234.015
00bbac68_3255,12234.2
00bbac68_3256,12234.19
00bbac68_3257,12234.216
00bbac68_3258,12234.213
00bbac68_3259,12234.25
00bbac68_3260,12234.195
00bbac68_3261,12234.202
00bbac68_3262,12234.183
00bbac68_3263,12234.207
00bbac68_3264,12234.197
00bbac68_3265,12234.23
00bbac68_3266,12234.25
00bbac68_3267,12234.272
00bbac68_3268,12234.276
00bbac68_3269,12234.28
00bbac68_3270,12234.292
00bbac68_3271,12234.236
00bbac68_3272,12234.226
00bbac68_3273,12234.249
00bbac68_3274,12234.259
00bbac68_3275,12234.313
00bbac68_3276,12234.306
00bbac68_3277,12234.36
00bbac68_3278,12234.36
00bbac68_3279,12234.354
00bbac68_3280,12234.379
00bbac68_3281,12234.387
00bbac68_3282,12234.387
00bbac68_3283,12234.37
00bbac68_3284,12234.378
00bbac68_3285,12234.365
00bbac68_3286,12234.4375
00bbac68_3287,12234.444
00bbac68_3288,12234.459
00bbac68_3289,12234.476
00bbac68_3290,12234.499
00bbac68_3291,12234.466
00bbac68_3292,12234.429
00bbac68_3293,12234.349
00bbac68_3294,12234.362
00bbac68_3295,12234.365
00bbac68_3296,12234.363
00bbac68_3297,12234.327
00bbac68_3298,12234.309
00bbac68_3299,12234.301
00bbac68_3300,12234.312
00bbac68_3301,12234.369
00bbac68_3302,12234.354
00bbac68_3303,12234.358
00bbac68_3304,12234.379
00bbac68_3305,12234.38
00bbac68_3306,12234.4
00bbac68_3307,12234.385
00bbac68_3308,12234.38
00bbac68_3309,12234.38
00bbac68_3310,12234.369
00bbac68_3311,12234.399
00bbac68_3312,12234.369
00bbac68_3313,12234.366
00bbac68_3314,12234.405
00bbac68_3315,12234.405
00bbac68_3316,12234.408
00bbac68_3317,12234.411
00bbac68_3318,12234.381
00bbac68_3319,12234.369
00bbac68_3320,12234.374
00bbac68_3321,12234.436
00bbac68_3322,12234.438
00bbac68_3323,12234.418
00bbac68_3324,12234.413
00bbac68_3325,12234.435
00bbac68_3326,12234.421
00bbac68_3327,12234.421
00bbac68_3328,12234.42
00bbac68_3329,12234.436
00bbac68_3330,12234.437
00bbac68_3331,12234.425
00bbac68_3332,12234.477
00bbac68_3333,12234.471
00bbac68_3334,12234.465
00bbac68_3335,12234.462
00bbac68_3336,12234.462
00bbac68_3337,12234.4375
00bbac68_3338,12234.4375
00bbac68_3339,12234.426
00bbac68_3340,12234.439
00bbac68_3341,12234.463
00bbac68_3342,12234.502
00bbac68_3343,12234.557
00bbac68_3344,12234.509
00bbac68_3345,12234.494
00bbac68_3346,12234.482
00bbac68_3347,12234.509
00bbac68_3348,12234.494
00bbac68_3349,12234.505
00bbac68_3350,12234.498
00bbac68_3351,12234.503
00bbac68_3352,12234.506
00bbac68_3353,12234.526
00bbac68_3354,12234.552
00bbac68_3355,12234.593
00bbac68_3356,12234.589
00bbac68_3357,12234.606
00bbac68_3358,12234.6045
00bbac68_3359,12234.6045
00bbac68_3360,12234.602
00bbac68_3361,12234.587
00bbac68_3362,12234.602
00bbac68_3363,12234.816
00bbac68_3364,12234.816
00bbac68_3365,12234.837
00bbac68_3366,12234.837
00bbac68_3367,12234.835
00bbac68_3368,12234.833
00bbac68_3369,12234.859
00bbac68_3370,12234.828
00bbac68_3371,12234.875
00bbac68_3372,12234.896
00bbac68_3373,12234.873
00bbac68_3374,12234.876
00bbac68_3375,12234.887
00bbac68_3376,12234.858
00bbac68_3377,12234.875
00bbac68_3378,12234.875
00bbac68_3379,12234.875
00bbac68_3380,12234.875
00bbac68_3381,12234.868
00bbac68_3382,12234.864
00bbac68_3383,12234.796
00bbac68_3384,12234.798
00bbac68_3385,12234.791
00bbac68_3386,12234.796
00bbac68_3387,12234.807
00bbac68_3388,12234.804
00bbac68_3389,12234.802
00bbac68_3390,12234.802
00bbac68_3391,12234.809
00bbac68_3392,12234.81
00bbac68_3393,12234.81
00bbac68_3394,12234.699
00bbac68_3395,12234.699
00bbac68_3396,12234.701
00bbac68_3397,12234.701
00bbac68_3398,12234.701
00bbac68_3399,12234.701
00bbac68_3400,12234.708
00bbac68_3401,12234.708
00bbac68_3402,12234.708
00bbac68_3403,12234.708
00bbac68_3404,12234.732
00bbac68_3405,12234.755
00bbac68_3406,12234.754
00bbac68_3407,12234.749
00bbac68_3408,12234.752
00bbac68_3409,12234.741
00bbac68_3410,12234.756
00bbac68_3411,12234.808
00bbac68_3412,12234.81
00bbac68_3413,12234.823
00bbac68_3414,12234.812
00bbac68_3415,12234.792
00bbac68_3416,12234.772
00bbac68_3417,12234.775
00bbac68_3418,12234.771
00bbac68_3419,12234.7705
00bbac68_3420,12234.7705
00bbac68_3421,12234.757
00bbac68_3422,12234.767
00bbac68_3423,12234.733
00bbac68_3424,12234.734
00bbac68_3425,12234.734
00bbac68_3426,12234.72
00bbac68_3427,12234.735
00bbac68_3428,12234.712
00bbac68_3429,12234.711
00bbac68_3430,12234.689
00bbac68_3431,12234.775
00bbac68_3432,12234.807
00bbac68_3433,12234.83
00bbac68_3434,12234.852
00bbac68_3435,12234.79
00bbac68_3436,12234.78
00bbac68_3437,12234.781
00bbac68_3438,12234.773
00bbac68_3439,12234.755
00bbac68_3440,12234.719
00bbac68_3441,12234.724
00bbac68_3442,12234.722
00bbac68_3443,12234.711
00bbac68_3444,12234.727
00bbac68_3445,12234.726
00bbac68_3446,12234.718
00bbac68_3447,12234.686
00bbac68_3448,12234.657
00bbac68_3449,12234.661
00bbac68_3450,12234.582
00bbac68_3451,12234.571
00bbac68_3452,12234.524
00bbac68_3453,12234.548
00bbac68_3454,12234.592
00bbac68_3455,12234.605
00bbac68_3456,12234.686
00bbac68_3457,12234.655
00bbac68_3458,12234.6045
00bbac68_3459,12234.618
00bbac68_3460,12234.598
00bbac68_3461,12234.613
00bbac68_3462,12234.64
00bbac68_3463,12234.615
00bbac68_3464,12234.624
00bbac68_3465,12234.642
00bbac68_3466,12234.632
00bbac68_3467,12234.5
00bbac68_3468,12234.36
00bbac68_3469,12234.319
00bbac68_3470,12234.35
00bbac68_3471,12234.406
00bbac68_3472,12234.427
00bbac68_3473,12234.393
00bbac68_3474,12234.419
00bbac68_3475,12234.403
00bbac68_3476,12234.334
00bbac68_3477,12234.295
00bbac68_3478,12234.282
00bbac68_3479,12234.271
00bbac68_3480,12234.26
00bbac68_3481,12234.252
00bbac68_3482,12234.275
00bbac68_3483,12234.298
00bbac68_3484,12234.337
00bbac68_3485,12234.337
00bbac68_3486,12234.23
00bbac68_3487,12234.232
00bbac68_3488,12234.233
00bbac68_3489,12234.217
00bbac68_3490,12234.217
00bbac68_3491,12234.217
00bbac68_3492,12234.217
00bbac68_3493,12234.221
00bbac68_3494,12234.231
00bbac68_3495,12234.231
00bbac68_3496,12234.231
00bbac68_3497,12234.235
00bbac68_3498,12234.222
00bbac68_3499,12234.216
00bbac68_3500,12234.216
00bbac68_3501,12234.216
00bbac68_3502,12234.245
00bbac68_3503,12234.249
00bbac68_3504,12234.237
00bbac68_3505,12234.203
00bbac68_3506,12234.197
00bbac68_3507,12234.229
00bbac68_3508,12234.224
00bbac68_3509,12234.257
00bbac68_3510,12234.269
00bbac68_3511,12234.271
00bbac68_3512,12234.276
00bbac68_3513,12234.27
00bbac68_3514,12234.283
00bbac68_3515,12234.245
00bbac68_3516,12234.214
00bbac68_3517,12234.203
00bbac68_3518,12234.21
00bbac68_3519,12234.204
00bbac68_3520,12234.218
00bbac68_3521,12234.229
00bbac68_3522,12234.227
00bbac68_3523,12234.228
00bbac68_3524,12234.3125
00bbac68_3525,12234.331
00bbac68_3526,12234.377
00bbac68_3527,12234.349
00bbac68_3528,12234.347
00bbac68_3529,12234.35
00bbac68_3530,12234.38
00bbac68_3531,12234.448
00bbac68_3532,12234.497
00bbac68_3533,12234.52
00bbac68_3534,12234.522
00bbac68_3535,12234.526
00bbac68_3536,12234.507
00bbac68_3537,12234.497
00bbac68_3538,12234.534
00bbac68_3539,12234.631
00bbac68_3540,12234.644
00bbac68_3541,12234.614
00bbac68_3542,12234.502
00bbac68_3543,12234.465
00bbac68_3544,12234.472
00bbac68_3545,12234.582
00bbac68_3546,12234.556
00bbac68_3547,12234.6045
00bbac68_3548,12234.611
00bbac68_3549,12234.613
00bbac68_3550,12234.598
00bbac68_3551,12234.616
00bbac68_3552,12234.638
00bbac68_3553,12234.697
00bbac68_3554,12234.714
00bbac68_3555,12234.713
00bbac68_3556,12234.713
00bbac68_3557,12234.777
00bbac68_3558,12234.8
00bbac68_3559,12234.797
00bbac68_3560,12234.757
00bbac68_3561,12234.736
00bbac68_3562,12234.736
00bbac68_3563,12234.735
00bbac68_3564,12234.727
00bbac68_3565,12234.745
00bbac68_3566,12234.787
00bbac68_3567,12234.776
00bbac68_3568,12234.776
00bbac68_3569,12234.786
00bbac68_3570,12234.797
00bbac68_3571,12234.8
00bbac68_3572,12234.84
00bbac68_3573,12234.835
00bbac68_3574,12234.862
00bbac68_3575,12234.858
00bbac68_3576,12234.831
00bbac68_3577,12234.84
00bbac68_3578,12234.895
00bbac68_3579,12234.915
00bbac68_3580,12234.925
00bbac68_3581,12234.925
00bbac68_3582,12234.925
00bbac68_3583,12234.942
00bbac68_3584,12234.94
00bbac68_3585,12234.973
00bbac68_3586,12234.996
00bbac68_3587,12234.998
00bbac68_3588,12235.0
00bbac68_3589,12234.996
00bbac68_3590,12234.996
00bbac68_3591,12235.045
00bbac68_3592,12235.007
00bbac68_3593,12235.028
00bbac68_3594,12235.015
00bbac68_3595,12235.023
00bbac68_3596,12235.033
00bbac68_3597,12235.109
00bbac68_3598,12235.1045
00bbac68_3599,12235.165
00bbac68_3600,12235.147
00bbac68_3601,12235.144
00bbac68_3602,12235.156
00bbac68_3603,12235.15
00bbac68_3604,12235.1455
00bbac68_3605,12235.16
00bbac68_3606,12235.16
00bbac68_3607,12235.146
00bbac68_3608,12235.147
00bbac68_3609,12235.152
00bbac68_3610,12235.148
00bbac68_3611,12235.152
00bbac68_3612,12235.14
00bbac68_3613,12235.14
00bbac68_3614,12235.144
00bbac68_3615,12235.13
00bbac68_3616,12235.139
00bbac68_3617,12235.138
00bbac68_3618,12235.138
00bbac68_3619,12235.149
00bbac68_3620,12235.153
00bbac68_3621,12235.074
00bbac68_3622,12235.065
00bbac68_3623,12235.062
00bbac68_3624,12235.067
00bbac68_3625,12235.047
00bbac68_3626,12235.051
00bbac68_3627,12235.049
00bbac68_3628,12234.987
00bbac68_3629,12234.86
00bbac68_3630,12234.884
00bbac68_3631,12234.87
00bbac68_3632,12234.742
00bbac68_3633,12234.74
00bbac68_3634,12234.744
00bbac68_3635,12234.737
00bbac68_3636,12234.744
00bbac68_3637,12234.725
00bbac68_3638,12234.722
00bbac68_3639,12234.71
00bbac68_3640,12234.734
00bbac68_3641,12234.734
00bbac68_3642,12234.798
00bbac68_3643,12234.798
00bbac68_3644,12234.724
00bbac68_3645,12234.739
00bbac68_3646,12234.709
00bbac68_3647,12234.697
00bbac68_3648,12234.709
00bbac68_3649,12234.711
00bbac68_3650,12234.715
00bbac68_3651,12234.711
00bbac68_3652,12234.728
00bbac68_3653,12234.728
00bbac68_3654,12234.717
00bbac68_3655,12234.723
00bbac68_3656,12234.719
00bbac68_3657,12234.7
00bbac68_3658,12234.715
00bbac68_3659,12234.711
00bbac68_3660,12234.736
00bbac68_3661,12234.732
00bbac68_3662,12234.732
00bbac68_3663,12234.732
00bbac68_3664,12234.734
00bbac68_3665,12234.733
00bbac68_3666,12234.773
00bbac68_3667,12234.777
00bbac68_3668,12234.801
00bbac68_3669,12234.825
00bbac68_3670,12234.823
00bbac68_3671,12234.823
00bbac68_3672,12234.819
00bbac68_3673,12234.816
00bbac68_3674,12234.838
00bbac68_3675,12234.859
00bbac68_3676,12234.826
00bbac68_3677,12234.84
00bbac68_3678,12234.837
00bbac68_3679,12234.801
00bbac68_3680,12234.801
00bbac68_3681,12234.798
00bbac68_3682,12234.797
00bbac68_3683,12234.807
00bbac68_3684,12234.829
00bbac68_3685,12234.825
00bbac68_3686,12234.829
00bbac68_3687,12234.857
00bbac68_3688,12234.8545
00bbac68_3689,12234.856
00bbac68_3690,12234.856
00bbac68_3691,12234.851
00bbac68_3692,12234.856
00bbac68_3693,12234.851
00bbac68_3694,12234.823
00bbac68_3695,12234.756
00bbac68_3696,12234.77
00bbac68_3697,12234.772
00bbac68_3698,12234.771
00bbac68_3699,12234.771
00bbac68_3700,12234.771
00bbac68_3701,12234.827
00bbac68_3702,12234.835
00bbac68_3703,12234.843
00bbac68_3704,12234.81
00bbac68_3705,12234.806
00bbac68_3706,12234.798
00bbac68_3707,12234.793
00bbac68_3708,12234.795
00bbac68_3709,12234.793
00bbac68_3710,12234.791
00bbac68_3711,12234.728
00bbac68_3712,12234.708
00bbac68_3713,12234.727
00bbac68_3714,12234.725
00bbac68_3715,12234.711
00bbac68_3716,12234.738
00bbac68_3717,12234.718
00bbac68_3718,12234.729
00bbac68_3719,12234.736
00bbac68_3720,12234.73
00bbac68_3721,12234.717
00bbac68_3722,12234.6875
00bbac68_3723,12234.715
00bbac68_3724,12234.69
00bbac68_3725,12234.672
00bbac68_3726,12234.66
00bbac68_3727,12234.715
00bbac68_3728,12234.686
00bbac68_3729,12234.686
00bbac68_3730,12234.652
00bbac68_3731,12234.657
00bbac68_3732,12234.719
00bbac68_3733,12234.652
00bbac68_3734,12234.703
00bbac68_3735,12234.816
00bbac68_3736,12234.709
00bbac68_3737,12234.851
00bbac68_3738,12234.832
00bbac68_3739,12234.814
00bbac68_3740,12234.766
00bbac68_3741,12234.775
00bbac68_3742,12234.694
00bbac68_3743,12234.7
00bbac68_3744,12234.678
00bbac68_3745,12234.675
00bbac68_3746,12234.691
00bbac68_3747,12234.704
00bbac68_3748,12234.691
00bbac68_3749,12234.642
00bbac68_3750,12234.754
00bbac68_3751,12234.737
00bbac68_3752,12234.743
00bbac68_3753,12234.753
00bbac68_3754,12234.725
00bbac68_3755,12234.702
00bbac68_3756,12234.679
00bbac68_3757,12234.708
00bbac68_3758,12234.46
00bbac68_3759,12234.578
00bbac68_3760,12234.726
00bbac68_3761,12234.725
00bbac68_3762,12234.766
00bbac68_3763,12234.773
00bbac68_3764,12234.794
00bbac68_3765,12234.784
00bbac68_3766,12234.755
00bbac68_3767,12234.735
00bbac68_3768,12234.635
00bbac68_3769,12234.601
00bbac68_3770,12234.555
00bbac68_3771,12234.539
00bbac68_3772,12234.527
00bbac68_3773,12234.557
00bbac68_3774,12234.434
00bbac68_3775,12234.444
00bbac68_3776,12234.454
00bbac68_3777,12234.441
00bbac68_3778,12234.145
00bbac68_3779,12234.076
00bbac68_3780,12234.134
00bbac68_3781,12234.29
00bbac68_3782,12234.2
00bbac68_3783,12234.088
00bbac68_3784,12233.983
00bbac68_3785,12234.01
00bbac68_3786,12233.985
00bbac68_3787,12233.892
00bbac68_3788,12233.94
00bbac68_3789,12233.96
00bbac68_3790,12234.036
00bbac68_3791,12234.069
00bbac68_3792,12234.019
00bbac68_3793,12233.962
00bbac68_3794,12233.999
00bbac68_3795,12234.01
00bbac68_3796,12233.957
00bbac68_3797,12233.963
00bbac68_3798,12233.951
00bbac68_3799,12233.916
00bbac68_3800,12233.899
00bbac68_3801,12233.899
00bbac68_3802,12233.907
00bbac68_3803,12233.874
00bbac68_3804,12233.873
00bbac68_3805,12233.859
00bbac68_3806,12233.8545
00bbac68_3807,12233.868
00bbac68_3808,12233.875
00bbac68_3809,12233.872
00bbac68_3810,12233.862
00bbac68_3811,12233.848
00bbac68_3812,12233.832
00bbac68_3813,12233.821
00bbac68_3814,12233.902
00bbac68_3815,12233.863
00bbac68_3816,12233.899
00bbac68_3817,12233.909
00bbac68_3818,12233.909
00bbac68_3819,12233.911
00bbac68_3820,12233.925
00bbac68_3821,12233.864
00bbac68_3822,12233.966
00bbac68_3823,12233.946
00bbac68_3824,12233.924
00bbac68_3825,12233.918
00bbac68_3826,12233.974
00bbac68_3827,12233.906
00bbac68_3828,12233.909
00bbac68_3829,12234.005
00bbac68_3830,12233.9795
00bbac68_3831,12233.9795
00bbac68_3832,12233.985
00bbac68_3833,12233.995
00bbac68_3834,12233.969
00bbac68_3835,12233.988
00bbac68_3836,12233.988
00bbac68_3837,12234.004
00bbac68_3838,12233.992
00bbac68_3839,12233.996
00bbac68_3840,12233.882
00bbac68_3841,12233.874
00bbac68_3842,12233.874
00bbac68_3843,12233.946
00bbac68_3844,12233.943
00bbac68_3845,12233.966
00bbac68_3846,12233.961
00bbac68_3847,12233.845
00bbac68_3848,12233.805
00bbac68_3849,12233.657
00bbac68_3850,12233.669
00bbac68_3851,12233.665
00bbac68_3852,12233.665
00bbac68_3853,12233.669
00bbac68_3854,12233.593
00bbac68_3855,12233.595
00bbac68_3856,12233.585
00bbac68_3857,12233.625
00bbac68_3858,12233.657
00bbac68_3859,12233.647
00bbac68_3860,12233.635
00bbac68_3861,12233.632
00bbac68_3862,12233.647
00bbac68_3863,12233.63
00bbac68_3864,12233.549
00bbac68_3865,12233.531
00bbac68_3866,12233.519
00bbac68_3867,12233.574
00bbac68_3868,12233.569
00bbac68_3869,12233.635
00bbac68_3870,12233.687
00bbac68_3871,12233.72
00bbac68_3872,12233.727
00bbac68_3873,12233.722
00bbac68_3874,12233.73
00bbac68_3875,12233.614
00bbac68_3876,12233.575
00bbac68_3877,12233.569
00bbac68_3878,12233.5625
00bbac68_3879,12233.572
00bbac68_3880,12233.548
00bbac68_3881,12233.553
00bbac68_3882,12233.559
00bbac68_3883,12233.55
00bbac68_3884,12233.543
00bbac68_3885,12233.543
00bbac68_3886,12233.566
00bbac68_3887,12233.672
00bbac68_3888,12233.665
00bbac68_3889,12233.702
00bbac68_3890,12233.585
00bbac68_3891,12233.608
00bbac68_3892,12233.562
00bbac68_3893,12233.544
00bbac68_3894,12233.544
00bbac68_3895,12233.483
00bbac68_3896,12233.483
00bbac68_3897,12233.468
00bbac68_3898,12233.468
00bbac68_3899,12233.464
00bbac68_3900,12233.483
00bbac68_3901,12233.498
00bbac68_3902,12233.476
00bbac68_3903,12233.476
00bbac68_3904,12233.463
00bbac68_3905,12233.444
00bbac68_3906,12233.443
00bbac68_3907,12233.464
00bbac68_3908,12233.435
00bbac68_3909,12233.423
00bbac68_3910,12233.496
00bbac68_3911,12233.495
00bbac68_3912,12233.364
00bbac68_3913,12233.383
00bbac68_3914,12233.43
00bbac68_3915,12233.453
00bbac68_3916,12233.488
00bbac68_3917,12233.412
00bbac68_3918,12233.444
00bbac68_3919,12233.449
00bbac68_3920,12233.419
00bbac68_3921,12233.433
00bbac68_3922,12233.435
00bbac68_3923,12233.435
00bbac68_3924,12233.446
00bbac68_3925,12233.432
00bbac68_3926,12233.4
00bbac68_3927,12233.363
00bbac68_3928,12233.392
00bbac68_3929,12233.527
00bbac68_3930,12233.423
00bbac68_3931,12233.386
00bbac68_3932,12233.388
00bbac68_3933,12233.367
00bbac68_3934,12233.388
00bbac68_3935,12233.359
00bbac68_3936,12233.379
00bbac68_3937,12233.486
00bbac68_3938,12233.471
00bbac68_3939,12233.442
00bbac68_3940,12233.39
00bbac68_3941,12233.378
00bbac68_3942,12233.345
00bbac68_3943,12233.345
00bbac68_3944,12233.345
00bbac68_3945,12233.357
00bbac68_3946,12233.349
00bbac68_3947,12233.358
00bbac68_3948,12233.365
00bbac68_3949,12233.469
00bbac68_3950,12233.385
00bbac68_3951,12233.469
00bbac68_3952,12233.428
00bbac68_3953,12233.428
00bbac68_3954,12233.436
00bbac68_3955,12233.432
00bbac68_3956,12233.432
00bbac68_3957,12233.545
00bbac68_3958,12233.505
00bbac68_3959,12233.619
00bbac68_3960,12233.509
00bbac68_3961,12233.63
00bbac68_3962,12233.502
00bbac68_3963,12233.647
00bbac68_3964,12233.628
00bbac68_3965,12233.75
00bbac68_3966,12233.749
00bbac68_3967,12233.749
00bbac68_3968,12233.67
00bbac68_3969,12233.675
00bbac68_3970,12233.637
00bbac68_3971,12233.637
00bbac68_3972,12233.652
00bbac68_3973,12233.651
00bbac68_3974,12233.651
00bbac68_3975,12233.528
00bbac68_3976,12233.674
00bbac68_3977,12233.553
00bbac68_3978,12233.68
00bbac68_3979,12233.522
00bbac68_3980,12233.651
00bbac68_3981,12233.504
00bbac68_3982,12233.573
00bbac68_3983,12233.426
00bbac68_3984,12233.47
00bbac68_3985,12233.491
00bbac68_3986,12233.472
00bbac68_3987,12233.459
00bbac68_3988,12233.474
00bbac68_3989,12233.462
00bbac68_3990,12233.462
00bbac68_3991,12233.425
00bbac68_3992,12233.473
00bbac68_3993,12233.356
00bbac68_3994,12233.446
00bbac68_3995,12233.464
00bbac68_3996,12233.346
00bbac68_3997,12233.443
00bbac68_3998,12233.378
00bbac68_3999,12233.412
00bbac68_4000,12233.398
00bbac68_4001,12233.383
00bbac68_4002,12233.385
00bbac68_4003,12233.386
00bbac68_4004,12233.381
00bbac68_4005,12233.381
00bbac68_4006,12233.378
00bbac68_4007,12233.378
00bbac68_4008,12233.372
00bbac68_4009,12233.377
00bbac68_4010,12233.377
00bbac68_4011,12233.377
00bbac68_4012,12233.424
00bbac68_4013,12233.485
00bbac68_4014,12233.466
00bbac68_4015,12233.435
00bbac68_4016,12233.436
00bbac68_4017,12233.43
00bbac68_4018,12233.431
00bbac68_4019,12233.435
00bbac68_4020,12233.406
00bbac68_4021,12233.395
00bbac68_4022,12233.428
00bbac68_4023,12233.392
00bbac68_4024,12233.385
00bbac68_4025,12233.413
00bbac68_4026,12233.438
00bbac68_4027,12233.438
00bbac68_4028,12233.412
00bbac68_4029,12233.412
00bbac68_4030,12233.362
00bbac68_4031,12233.355
00bbac68_4032,12233.44
00bbac68_4033,12233.345
00bbac68_4034,12233.378
00bbac68_4035,12233.375
00bbac68_4036,12233.366
00bbac68_4037,12233.393
00bbac68_4038,12233.372
00bbac68_4039,12233.372
00bbac68_4040,12233.36
00bbac68_4041,12233.383
00bbac68_4042,12233.33
00bbac68_4043,12233.366
00bbac68_4044,12233.411
00bbac68_4045,12233.395
00bbac68_4046,12233.413
00bbac68_4047,12233.404
00bbac68_4048,12233.411
00bbac68_4049,12233.432
00bbac68_4050,12233.437
00bbac68_4051,12233.465
00bbac68_4052,12233.461
00bbac68_4053,12233.455
00bbac68_4054,12233.469
00bbac68_4055,12233.465
00bbac68_4056,12233.454
00bbac68_4057,12233.379
00bbac68_4058,12233.452
00bbac68_4059,12233.403
00bbac68_4060,12233.412
00bbac68_4061,12233.389
00bbac68_4062,12233.387
00bbac68_4063,12233.398
00bbac68_4064,12233.368
00bbac68_4065,12233.378
00bbac68_4066,12233.384
00bbac68_4067,12233.354
00bbac68_4068,12233.354
00bbac68_4069,12233.35
00bbac68_4070,12233.326
00bbac68_4071,12233.326
00bbac68_4072,12233.343
00bbac68_4073,12233.341
00bbac68_4074,12233.366
00bbac68_4075,12233.407
00bbac68_4076,12233.417
00bbac68_4077,12233.411
00bbac68_4078,12233.418
00bbac68_4079,12233.393
00bbac68_4080,12233.404
00bbac68_4081,12233.396
00bbac68_4082,12233.386
00bbac68_4083,12233.376
00bbac68_4084,12233.387
00bbac68_4085,12233.387
00bbac68_4086,12233.409
00bbac68_4087,12233.441
00bbac68_4088,12233.449
00bbac68_4089,12233.471
00bbac68_4090,12233.488
00bbac68_4091,12233.495
00bbac68_4092,12233.559
00bbac68_4093,12233.575
00bbac68_4094,12233.582
00bbac68_4095,12233.572
00bbac68_4096,12233.574
00bbac68_4097,12233.576
00bbac68_4098,12233.576
00bbac68_4099,12233.573
00bbac68_4100,12233.608
00bbac68_4101,12233.45
00bbac68_4102,12233.443
00bbac68_4103,12233.388
00bbac68_4104,12233.456
00bbac68_4105,12233.459
00bbac68_4106,12233.451
00bbac68_4107,12233.451
00bbac68_4108,12233.379
00bbac68_4109,12233.413
00bbac68_4110,12233.32
00bbac68_4111,12233.244
00bbac68_4112,12233.337
00bbac68_4113,12233.324
00bbac68_4114,12233.324
00bbac68_4115,12233.349
00bbac68_4116,12233.215
00bbac68_4117,12233.215
00bbac68_4118,12233.339
00bbac68_4119,12233.316
00bbac68_4120,12233.323
00bbac68_4121,12233.379
00bbac68_4122,12233.383
00bbac68_4123,12233.392
00bbac68_4124,12233.392
00bbac68_4125,12233.41
00bbac68_4126,12233.41
00bbac68_4127,12233.385
00bbac68_4128,12233.319
00bbac68_4129,12233.319
00bbac68_4130,12233.344
00bbac68_4131,12233.218
00bbac68_4132,12233.311
00bbac68_4133,12233.33
00bbac68_4134,12233.328
00bbac68_4135,12233.238
00bbac68_4136,12233.242
00bbac68_4137,12233.333
00bbac68_4138,12233.3955
00bbac68_4139,12233.3955
00bbac68_4140,12233.41
00bbac68_4141,12233.444
00bbac68_4142,12233.39
00bbac68_4143,12233.4
00bbac68_4144,12233.452
00bbac68_4145,12233.485
00bbac68_4146,12233.48
00bbac68_4147,12233.485
00bbac68_4148,12233.485
00bbac68_4149,12233.483
00bbac68_4150,12233.478
00bbac68_4151,12233.461
00bbac68_4152,12233.461
00bbac68_4153,12233.447
00bbac68_4154,12233.439
00bbac68_4155,12233.45
00bbac68_4156,12233.448
00bbac68_4157,12233.449
00bbac68_4158,12233.462
00bbac68_4159,12233.478
00bbac68_4160,12233.476
00bbac68_4161,12233.41
00bbac68_4162,12233.416
00bbac68_4163,12233.382
00bbac68_4164,12233.382
00bbac68_4165,12233.344
00bbac68_4166,12233.353
00bbac68_4167,12233.365
00bbac68_4168,12233.385
00bbac68_4169,12233.3545
00bbac68_4170,12233.351
00bbac68_4171,12233.353
00bbac68_4172,12233.357
00bbac68_4173,12233.407
00bbac68_4174,12233.37
00bbac68_4175,12233.33
00bbac68_4176,12233.333
00bbac68_4177,12233.345
00bbac68_4178,12233.352
00bbac68_4179,12233.329
00bbac68_4180,12233.321
00bbac68_4181,12233.336
00bbac68_4182,12233.343
00bbac68_4183,12233.329
00bbac68_4184,12233.306
00bbac68_4185,12233.329
00bbac68_4186,12233.341
00bbac68_4187,12233.348
00bbac68_4188,12233.318
00bbac68_4189,12233.259
00bbac68_4190,12233.28
00bbac68_4191,12233.28
00bbac68_4192,12233.209
00bbac68_4193,12233.193
00bbac68_4194,12233.209
00bbac68_4195,12233.225
00bbac68_4196,12233.221
00bbac68_4197,12233.219
00bbac68_4198,12233.22
00bbac68_4199,12233.222
00bbac68_4200,12233.212
00bbac68_4201,12233.203
00bbac68_4202,12233.1
00bbac68_4203,12233.121
00bbac68_4204,12233.12
00bbac68_4205,12233.141
00bbac68_4206,12233.146
00bbac68_4207,12233.136
00bbac68_4208,12233.146
00bbac68_4209,12233.244
00bbac68_4210,12233.24
00bbac68_4211,12233.24
00bbac68_4212,12233.24
00bbac68_4213,12233.181
00bbac68_4214,12233.185
00bbac68_4215,12233.185
00bbac68_4216,12233.184
00bbac68_4217,12233.245
00bbac68_4218,12233.206
00bbac68_4219,12233.206
00bbac68_4220,12233.212
00bbac68_4221,12233.2
00bbac68_4222,12233.212
00bbac68_4223,12233.194
00bbac68_4224,12233.194
00bbac68_4225,12233.194
00bbac68_4226,12233.202
00bbac68_4227,12233.209
00bbac68_4228,12233.209
00bbac68_4229,12233.209
00bbac68_4230,12233.201
00bbac68_4231,12233.247
00bbac68_4232,12233.249
00bbac68_4233,12233.249
00bbac68_4234,12233.244
00bbac68_4235,12233.257
00bbac68_4236,12233.278
00bbac68_4237,12233.275
00bbac68_4238,12233.278
00bbac68_4239,12233.315
00bbac68_4240,12233.306
00bbac68_4241,12233.284
00bbac68_4242,12233.33
00bbac68_4243,12233.312
00bbac68_4244,12233.312
00bbac68_4245,12233.312
00bbac68_4246,12233.332
00bbac68_4247,12233.283
00bbac68_4248,12233.294
00bbac68_4249,12233.295
00bbac68_4250,12233.268
00bbac68_4251,12233.28
00bbac68_4252,12233.344
00bbac68_4253,12233.309
00bbac68_4254,12233.295
00bbac68_4255,12233.307
00bbac68_4256,12233.306
00bbac68_4257,12233.306
00bbac68_4258,12233.306
00bbac68_4259,12233.352
00bbac68_4260,12233.354
00bbac68_4261,12233.37
00bbac68_4262,12233.319
00bbac68_4263,12233.296
00bbac68_4264,12233.275
00bbac68_4265,12233.297
00bbac68_4266,12233.344
00bbac68_4267,12233.32
00bbac68_4268,12233.311
00bbac68_4269,12233.309
00bbac68_4270,12233.371
00bbac68_4271,12233.373
00bbac68_4272,12233.379
00bbac68_4273,12233.379
00bbac68_4274,12233.379
00bbac68_4275,12233.379
00bbac68_4276,12233.371
00bbac68_4277,12233.374
00bbac68_4278,12233.373
00bbac68_4279,12233.392
00bbac68_4280,12233.403
00bbac68_4281,12233.392
00bbac68_4282,12233.392
00bbac68_4283,12233.39
00bbac68_4284,12233.386
00bbac68_4285,12233.389
00bbac68_4286,12233.388
00bbac68_4287,12233.387
00bbac68_4288,12233.353
00bbac68_4289,12233.353
00bbac68_4290,12233.346
00bbac68_4291,12233.352
00bbac68_4292,12233.363
00bbac68_4293,12233.367
00bbac68_4294,12233.37
00bbac68_4295,12233.364
00bbac68_4296,12233.354
00bbac68_4297,12233.338
00bbac68_4298,12233.351
00bbac68_4299,12233.374
00bbac68_4300,12233.286
00bbac68_4301,12233.285
00bbac68_4302,12233.276
00bbac68_4303,12233.276
00bbac68_4304,12233.251
00bbac68_4305,12233.196
00bbac68_4306,12233.195
00bbac68_4307,12233.124
00bbac68_4308,12233.109
00bbac68_4309,12233.106
00bbac68_4310,12233.085
00bbac68_4311,12233.115
00bbac68_4312,12233.104
00bbac68_4313,12233.126
00bbac68_4314,12233.124
00bbac68_4315,12233.124
00bbac68_4316,12233.134
00bbac68_4317,12233.248
00bbac68_4318,12233.2295
00bbac68_4319,12233.281
00bbac68_4320,12233.268
00bbac68_4321,12233.297
00bbac68_4322,12233.268
00bbac68_4323,12233.27
00bbac68_4324,12233.264
00bbac68_4325,12233.237
00bbac68_4326,12233.247
00bbac68_4327,12233.226
00bbac68_4328,12233.263
00bbac68_4329,12233.2705
00bbac68_4330,12233.277
00bbac68_4331,12233.208
00bbac68_4332,12233.208
00bbac68_4333,12233.192
00bbac68_4334,12233.299
00bbac68_4335,12233.17
00bbac68_4336,12233.267
00bbac68_4337,12233.272
00bbac68_4338,12233.287
00bbac68_4339,12233.287
00bbac68_4340,12233.289
00bbac68_4341,12233.255
00bbac68_4342,12233.223
00bbac68_4343,12233.258
00bbac68_4344,12233.207
00bbac68_4345,12233.202
00bbac68_4346,12233.218
00bbac68_4347,12233.218
00bbac68_4348,12233.219
00bbac68_4349,12233.109
00bbac68_4350,12233.223
00bbac68_4351,12233.264
00bbac68_4352,12233.257
00bbac68_4353,12233.276
00bbac68_4354,12233.257
00bbac68_4355,12233.269
00bbac68_4356,12233.233
00bbac68_4357,12233.269
00bbac68_4358,12233.243
00bbac68_4359,12233.251
00bbac68_4360,12233.229
00bbac68_4361,12233.279
00bbac68_4362,12233.254
00bbac68_4363,12233.261
00bbac68_4364,12233.266
00bbac68_4365,12233.266
00bbac68_4366,12233.263
00bbac68_4367,12233.268
00bbac68_4368,12233.266
00bbac68_4369,12233.311
00bbac68_4370,12233.303
00bbac68_4371,12233.295
00bbac68_4372,12233.275
00bbac68_4373,12233.281
00bbac68_4374,12233.281
00bbac68_4375,12233.2705
00bbac68_4376,12233.2705
00bbac68_4377,12233.29
00bbac68_4378,12233.309
00bbac68_4379,12233.292
00bbac68_4380,12233.292
00bbac68_4381,12233.332
00bbac68_4382,12233.38
00bbac68_4383,12233.408
00bbac68_4384,12233.408
00bbac68_4385,12233.392
00bbac68_4386,12233.398
00bbac68_4387,12233.398
00bbac68_4388,12233.41
00bbac68_4389,12233.408
00bbac68_4390,12233.409
00bbac68_4391,12233.408
00bbac68_4392,12233.195
00bbac68_4393,12233.205
00bbac68_4394,12233.2
00bbac68_4395,12233.238
00bbac68_4396,12233.261
00bbac68_4397,12233.254
00bbac68_4398,12233.254
00bbac68_4399,12233.261
00bbac68_4400,12233.245
00bbac68_4401,12233.234
00bbac68_4402,12233.234
00bbac68_4403,12233.305
00bbac68_4404,12233.305
00bbac68_4405,12233.291
00bbac68_4406,12233.244
00bbac68_4407,12233.278
00bbac68_4408,12233.273
00bbac68_4409,12233.293
00bbac68_4410,12233.231
00bbac68_4411,12233.251
00bbac68_4412,12233.251
00bbac68_4413,12233.251
00bbac68_4414,12233.2705
00bbac68_4415,12233.264
00bbac68_4416,12233.253
00bbac68_4417,12233.281
00bbac68_4418,12233.27
00bbac68_4419,12233.282
00bbac68_4420,12233.239
00bbac68_4421,12233.229
00bbac68_4422,12233.243
00bbac68_4423,12233.253
00bbac68_4424,12233.273
00bbac68_4425,12233.278
00bbac68_4426,12233.27
00bbac68_4427,12233.3125
00bbac68_4428,12233.337
00bbac68_4429,12233.337
00bbac68_4430,12233.346
00bbac68_4431,12233.356
00bbac68_4432,12233.409
00bbac68_4433,12233.405
00bbac68_4434,12233.434
00bbac68_4435,12233.434
00bbac68_4436,12233.411
00bbac68_4437,12233.407
00bbac68_4438,12233.381
00bbac68_4439,12233.299
00bbac68_4440,12233.314
00bbac68_4441,12233.307
00bbac68_4442,12233.307
00bbac68_4443,12233.311
00bbac68_4444,12233.301
00bbac68_4445,12233.301
00bbac68_4446,12233.363
00bbac68_4447,12233.363
00bbac68_4448,12233.374
00bbac68_4449,12233.391
00bbac68_4450,12233.398
00bbac68_4451,12233.398
00bbac68_4452,12233.42
00bbac68_4453,12233.445
00bbac68_4454,12233.443
00bbac68_4455,12233.449
00bbac68_4456,12233.47
00bbac68_4457,12233.465
00bbac68_4458,12233.459
00bbac68_4459,12233.45
00bbac68_4460,12233.461
00bbac68_4461,12233.47
00bbac68_4462,12233.477
00bbac68_4463,12233.475
00bbac68_4464,12233.472
00bbac68_4465,12233.465
00bbac68_4466,12233.478
00bbac68_4467,12233.513
00bbac68_4468,12233.513
00bbac68_4469,12233.508
00bbac68_4470,12233.433
00bbac68_4471,12233.406
00bbac68_4472,12233.399
00bbac68_4473,12233.396
00bbac68_4474,12233.393
00bbac68_4475,12233.393
00bbac68_4476,12233.393
00bbac68_4477,12233.392
00bbac68_4478,12233.386
00bbac68_4479,12233.352
00bbac68_4480,12233.352
00bbac68_4481,12233.352
00bbac68_4482,12233.352
00bbac68_4483,12233.35
00bbac68_4484,12233.335
00bbac68_4485,12233.335
00bbac68_4486,12233.366
00bbac68_4487,12233.366
00bbac68_4488,12233.379
00bbac68_4489,12233.418
00bbac68_4490,12233.416
00bbac68_4491,12233.416
00bbac68_4492,12233.408
00bbac68_4493,12233.408
00bbac68_4494,12233.4375
00bbac68_4495,12233.501
00bbac68_4496,12233.513
00bbac68_4497,12233.513
00bbac68_4498,12233.506
00bbac68_4499,12233.446
00bbac68_4500,12233.446
00bbac68_4501,12233.443
00bbac68_4502,12233.454
00bbac68_4503,12233.455
00bbac68_4504,12233.415
00bbac68_4505,12233.415
00bbac68_4506,12233.406
00bbac68_4507,12233.405
00bbac68_4508,12233.383
00bbac68_4509,12233.37
00bbac68_4510,12233.364
00bbac68_4511,12233.364
00bbac68_4512,12233.37
00bbac68_4513,12233.37
00bbac68_4514,12233.306
00bbac68_4515,12233.29
00bbac68_4516,12233.304
00bbac68_4517,12233.299
00bbac68_4518,12233.297
00bbac68_4519,12233.313
00bbac68_4520,12233.29
00bbac68_4521,12233.292
00bbac68_4522,12233.277
00bbac68_4523,12233.287
00bbac68_4524,12233.297
00bbac68_4525,12233.359
00bbac68_4526,12233.402
00bbac68_4527,12233.409
00bbac68_4528,12233.406
00bbac68_4529,12233.419
00bbac68_4530,12233.407
00bbac68_4531,12233.434
00bbac68_4532,12233.435
00bbac68_4533,12233.44
00bbac68_4534,12233.433
00bbac68_4535,12233.438
00bbac68_4536,12233.371
00bbac68_4537,12233.361
00bbac68_4538,12233.369
00bbac68_4539,12233.392
00bbac68_4540,12233.33
00bbac68_4541,12233.33
00bbac68_4542,12233.356
00bbac68_4543,12233.336
00bbac68_4544,12233.346
00bbac68_4545,12233.295
00bbac68_4546,12233.245
00bbac68_4547,12233.377
00bbac68_4548,12233.379
00bbac68_4549,12233.395
00bbac68_4550,12233.3545
00bbac68_4551,12233.342
00bbac68_4552,12233.349
00bbac68_4553,12233.294
00bbac68_4554,12233.27
00bbac68_4555,12233.292
00bbac68_4556,12233.288
00bbac68_4557,12233.264
00bbac68_4558,12233.261
00bbac68_4559,12233.261
00bbac68_4560,12233.25
00bbac68_4561,12233.384
00bbac68_4562,12233.397
00bbac68_4563,12233.385
00bbac68_4564,12233.37
00bbac68_4565,12233.37
00bbac68_4566,12233.43
00bbac68_4567,12233.372
00bbac68_4568,12233.385
00bbac68_4569,12233.351
00bbac68_4570,12233.36
00bbac68_4571,12233.361
00bbac68_4572,12233.39
00bbac68_4573,12233.413
00bbac68_4574,12233.42
00bbac68_4575,12233.52
00bbac68_4576,12233.49
00bbac68_4577,12233.521
00bbac68_4578,12233.521
00bbac68_4579,12233.489
00bbac68_4580,12233.542
00bbac68_4581,12233.55
00bbac68_4582,12233.568
00bbac68_4583,12233.564
00bbac68_4584,12233.564
00bbac68_4585,12233.518
00bbac68_4586,12233.429
00bbac68_4587,12233.422
00bbac68_4588,12233.408
00bbac68_4589,12233.408
00bbac68_4590,12233.408
00bbac68_4591,12233.408
00bbac68_4592,12233.43
00bbac68_4593,12233.41
00bbac68_4594,12233.412
00bbac68_4595,12233.398
00bbac68_4596,12233.398
00bbac68_4597,12233.432
00bbac68_4598,12233.403
00bbac68_4599,12233.377
00bbac68_4600,12233.38
00bbac68_4601,12233.402
00bbac68_4602,12233.403
00bbac68_4603,12233.402
00bbac68_4604,12233.38
00bbac68_4605,12233.404
00bbac68_4606,12233.373
00bbac68_4607,12233.373
00bbac68_4608,12233.37
00bbac68_4609,12233.37
00bbac68_4610,12233.397
00bbac68_4611,12233.246
00bbac68_4612,12233.245
00bbac68_4613,12233.259
00bbac68_4614,12233.26
00bbac68_4615,12233.265
00bbac68_4616,12233.324
00bbac68_4617,12233.343
00bbac68_4618,12233.322
00bbac68_4619,12233.327
00bbac68_4620,12233.337
00bbac68_4621,12233.336
00bbac68_4622,12233.319
00bbac68_4623,12233.392
00bbac68_4624,12233.393
00bbac68_4625,12233.394
00bbac68_4626,12233.366
00bbac68_4627,12233.366
00bbac68_4628,12233.366
00bbac68_4629,12233.366
00bbac68_4630,12233.416
00bbac68_4631,12233.413
00bbac68_4632,12233.407
00bbac68_4633,12233.409
00bbac68_4634,12233.409
00bbac68_4635,12233.408
00bbac68_4636,12233.408
00bbac68_4637,12233.401
00bbac68_4638,12233.408
00bbac68_4639,12233.404
00bbac68_4640,12233.395
00bbac68_4641,12233.392
00bbac68_4642,12233.381
00bbac68_4643,12233.36
00bbac68_4644,12233.391
00bbac68_4645,12233.393
00bbac68_4646,12233.459
00bbac68_4647,12233.468
00bbac68_4648,12233.478
00bbac68_4649,12233.516
00bbac68_4650,12233.53
00bbac68_4651,12233.501
00bbac68_4652,12233.501
00bbac68_4653,12233.503
00bbac68_4654,12233.497
00bbac68_4655,12233.472
00bbac68_4656,12233.48
00bbac68_4657,12233.593
00bbac68_4658,12233.673
00bbac68_4659,12233.684
00bbac68_4660,12233.647
00bbac68_4661,12233.657
00bbac68_4662,12233.664
00bbac68_4663,12233.664
00bbac68_4664,12233.637
00bbac68_4665,12233.637
00bbac68_4666,12233.637
00bbac68_4667,12233.649
00bbac68_4668,12233.642
00bbac68_4669,12233.642
00bbac68_4670,12233.625
00bbac68_4671,12233.462
00bbac68_4672,12233.498
00bbac68_4673,12233.496
00bbac68_4674,12233.553
00bbac68_4675,12233.537
00bbac68_4676,12233.56
00bbac68_4677,12233.547
00bbac68_4678,12233.524
00bbac68_4679,12233.543
00bbac68_4680,12233.543
00bbac68_4681,12233.597
00bbac68_4682,12233.524
00bbac68_4683,12233.647
00bbac68_4684,12233.608
00bbac68_4685,12233.547
00bbac68_4686,12233.381
00bbac68_4687,12233.356
00bbac68_4688,12233.378
00bbac68_4689,12233.374
00bbac68_4690,12233.393
00bbac68_4691,12233.382
00bbac68_4692,12233.351
00bbac68_4693,12233.36
00bbac68_4694,12233.38
00bbac68_4695,12233.353
00bbac68_4696,12233.346
00bbac68_4697,12233.346
00bbac68_4698,12233.346
00bbac68_4699,12233.301
00bbac68_4700,12233.304
00bbac68_4701,12233.301
00bbac68_4702,12233.318
00bbac68_4703,12233.294
00bbac68_4704,12233.293
00bbac68_4705,12233.323
00bbac68_4706,12233.326
00bbac68_4707,12233.341
00bbac68_4708,12233.062
00bbac68_4709,12233.039
00bbac68_4710,12233.046
00bbac68_4711,12233.046
00bbac68_4712,12233.011
00bbac68_4713,12233.042
00bbac68_4714,12233.009
00bbac68_4715,12233.02
00bbac68_4716,12233.028
00bbac68_4717,12233.021
00bbac68_4718,12233.028
00bbac68_4719,12233.021
00bbac68_4720,12233.014
00bbac68_4721,12233.145
00bbac68_4722,12233.176
00bbac68_4723,12233.17
00bbac68_4724,12233.215
00bbac68_4725,12233.167
00bbac68_4726,12233.167
00bbac68_4727,12233.193
00bbac68_4728,12233.201
00bbac68_4729,12233.205
00bbac68_4730,12233.193
00bbac68_4731,12233.193
00bbac68_4732,12233.205
00bbac68_4733,12233.19
00bbac68_4734,12233.186
00bbac68_4735,12233.176
00bbac68_4736,12233.193
00bbac68_4737,12233.179
00bbac68_4738,12233.168
00bbac68_4739,12233.197
00bbac68_4740,12233.392
00bbac68_4741,12233.391
00bbac68_4742,12233.421
00bbac68_4743,12233.424
00bbac68_4744,12233.412
00bbac68_4745,12233.404
00bbac68_4746,12233.414
00bbac68_4747,12233.404
00bbac68_4748,12233.404
00bbac68_4749,12233.405
00bbac68_4750,12233.33
00bbac68_4751,12233.255
00bbac68_4752,12233.279
00bbac68_4753,12233.2705
00bbac68_4754,12233.291
00bbac68_4755,12233.291
00bbac68_4756,12233.243
00bbac68_4757,12233.239
00bbac68_4758,12233.251
00bbac68_4759,12233.245
00bbac68_4760,12233.222
00bbac68_4761,12233.319
00bbac68_4762,12233.37
00bbac68_4763,12233.37
00bbac68_4764,12233.37
00bbac68_4765,12233.372
00bbac68_4766,12233.39
00bbac68_4767,12233.409
00bbac68_4768,12233.3955
00bbac68_4769,12233.414
00bbac68_4770,12233.4
00bbac68_4771,12233.43
00bbac68_4772,12233.44
00bbac68_4773,12233.449
00bbac68_4774,12233.444
00bbac68_4775,12233.453
00bbac68_4776,12233.408
00bbac68_4777,12233.417
00bbac68_4778,12233.392
00bbac68_4779,12233.337
00bbac68_4780,12233.323
00bbac68_4781,12233.239
00bbac68_4782,12233.193
00bbac68_4783,12233.198
00bbac68_4784,12233.198
00bbac68_4785,12233.238
00bbac68_4786,12233.26
00bbac68_4787,12233.233
00bbac68_4788,12233.235
00bbac68_4789,12233.237
00bbac68_4790,12233.182
00bbac68_4791,12233.21
00bbac68_4792,12233.21
00bbac68_4793,12233.185
00bbac68_4794,12233.176
00bbac68_4795,12233.18
00bbac68_4796,12233.18
00bbac68_4797,12233.18
00bbac68_4798,12233.201
00bbac68_4799,12233.202
00bbac68_4800,12233.229
00bbac68_4801,12233.226
00bbac68_4802,12233.209
00bbac68_4803,12233.194
00bbac68_4804,12233.315
00bbac68_4805,12233.377
00bbac68_4806,12233.37
00bbac68_4807,12233.344
00bbac68_4808,12233.344
00bbac68_4809,12233.342
00bbac68_4810,12233.345
00bbac68_4811,12233.347
00bbac68_4812,12233.381
00bbac68_4813,12233.381
00bbac68_4814,12233.381
00bbac68_4815,12233.432
00bbac68_4816,12233.432
00bbac68_4817,12233.435
00bbac68_4818,12233.435
00bbac68_4819,12233.424
00bbac68_4820,12233.445
00bbac68_4821,12233.448
00bbac68_4822,12233.448
00bbac68_4823,12233.505
00bbac68_4824,12233.516
00bbac68_4825,12233.505
00bbac68_4826,12233.505
00bbac68_4827,12233.449
00bbac68_4828,12233.441
00bbac68_4829,12233.413
00bbac68_4830,12233.413
00bbac68_4831,12233.402
00bbac68_4832,12233.413
00bbac68_4833,12233.421
00bbac68_4834,12233.404
00bbac68_4835,12233.435
00bbac68_4836,12233.435
00bbac68_4837,12233.446
00bbac68_4838,12233.435
00bbac68_4839,12233.427
00bbac68_4840,12233.502
00bbac68_4841,12233.497
00bbac68_4842,12233.491
00bbac68_4843,12233.486
00bbac68_4844,12233.486
00bbac68_4845,12233.485
00bbac68_4846,12233.456
00bbac68_4847,12233.478
00bbac68_4848,12233.453
00bbac68_4849,12233.453
00bbac68_4850,12233.443
00bbac68_4851,12233.423
00bbac68_4852,12233.443
00bbac68_4853,12233.452
00bbac68_4854,12233.452
00bbac68_4855,12233.452
00bbac68_4856,12233.462
00bbac68_4857,12233.465
00bbac68_4858,12233.336
00bbac68_4859,12233.341
00bbac68_4860,12233.367
00bbac68_4861,12233.271
00bbac68_4862,12233.277
00bbac68_4863,12233.285
00bbac68_4864,12233.294
00bbac68_4865,12233.283
00bbac68_4866,12233.283
00bbac68_4867,12233.293
00bbac68_4868,12233.285
00bbac68_4869,12233.269
00bbac68_4870,12233.291
00bbac68_4871,12233.288
00bbac68_4872,12233.288
00bbac68_4873,12233.289
00bbac68_4874,12233.363
00bbac68_4875,12233.363
00bbac68_4876,12233.363
00bbac68_4877,12233.4
00bbac68_4878,12233.403
00bbac68_4879,12233.421
00bbac68_4880,12233.454
00bbac68_4881,12233.454
00bbac68_4882,12233.461
00bbac68_4883,12233.461
00bbac68_4884,12233.506
00bbac68_4885,12233.499
00bbac68_4886,12233.506
00bbac68_4887,12233.509
00bbac68_4888,12233.509
00bbac68_4889,12233.506
00bbac68_4890,12233.512
00bbac68_4891,12233.502
00bbac68_4892,12233.502
00bbac68_4893,12233.507
00bbac68_4894,12233.478
00bbac68_4895,12233.469
00bbac68_4896,12233.496
00bbac68_4897,12233.483
00bbac68_4898,12233.509
00bbac68_4899,12233.509
00bbac68_4900,12233.487
00bbac68_4901,12233.51
00bbac68_4902,12233.518
00bbac68_4903,12233.516
00bbac68_4904,12233.519
00bbac68_4905,12233.522
00bbac68_4906,12233.531
00bbac68_4907,12233.539
00bbac68_4908,12233.528
00bbac68_4909,12233.532
00bbac68_4910,12233.639
00bbac68_4911,12233.629
00bbac68_4912,12233.62
00bbac68_4913,12233.513
00bbac68_4914,12233.528
00bbac68_4915,12233.508
00bbac68_4916,12233.391
00bbac68_4917,12233.52
00bbac68_4918,12233.504
00bbac68_4919,12233.504
00bbac68_4920,12233.51
00bbac68_4921,12233.525
00bbac68_4922,12233.407
00bbac68_4923,12233.407
00bbac68_4924,12233.433
00bbac68_4925,12233.454
00bbac68_4926,12233.491
00bbac68_4927,12233.504
00bbac68_4928,12233.539
00bbac68_4929,12233.577
00bbac68_4930,12233.605
00bbac68_4931,12233.56
00bbac68_4932,12233.534
00bbac68_4933,12233.534
00bbac68_4934,12233.534
00bbac68_4935,12233.534
00bbac68_4936,12233.555
00bbac68_4937,12233.495
00bbac68_4938,12233.503
00bbac68_4939,12233.522
00bbac68_4940,12233.518
00bbac68_4941,12233.549
00bbac68_4942,12233.549
00bbac68_4943,12233.561
00bbac68_4944,12233.577
00bbac68_4945,12233.569
00bbac68_4946,12233.574
00bbac68_4947,12233.573
00bbac68_4948,12233.581
00bbac68_4949,12233.581
00bbac68_4950,12233.581
00bbac68_4951,12233.581
00bbac68_4952,12233.57
00bbac68_4953,12233.588
00bbac68_4954,12233.59
00bbac68_4955,12233.59
00bbac68_4956,12233.604
00bbac68_4957,12233.594
00bbac68_4958,12233.629
00bbac68_4959,12233.657
00bbac68_4960,12233.655
00bbac68_4961,12233.659
00bbac68_4962,12233.659
00bbac68_4963,12233.649
00bbac68_4964,12233.653
00bbac68_4965,12233.655
00bbac68_4966,12233.667
00bbac68_4967,12233.663
00bbac68_4968,12233.669
00bbac68_4969,12233.67
00bbac68_4970,12233.665
00bbac68_4971,12233.666
00bbac68_4972,12233.665
00bbac68_4973,12233.673
00bbac68_4974,12233.67
00bbac68_4975,12233.653
00bbac68_4976,12233.653
00bbac68_4977,12233.665
00bbac68_4978,12233.671
00bbac68_4979,12233.658
00bbac68_4980,12233.677
00bbac68_4981,12233.663
00bbac68_4982,12233.669
00bbac68_4983,12233.674
00bbac68_4984,12233.6875
00bbac68_4985,12233.685
00bbac68_4986,12233.688
00bbac68_4987,12233.688
00bbac68_4988,12233.688
00bbac68_4989,12233.686
00bbac68_4990,12233.768
00bbac68_4991,12233.771
00bbac68_4992,12233.761
00bbac68_4993,12233.757
00bbac68_4994,12233.734
00bbac68_4995,12233.768
00bbac68_4996,12233.751
00bbac68_4997,12233.756
00bbac68_4998,12233.751
00bbac68_4999,12233.738
00bbac68_5000,12233.743
00bbac68_5001,12233.717
00bbac68_5002,12233.713
00bbac68_5003,12233.714
00bbac68_5004,12233.714
00bbac68_5005,12233.717
00bbac68_5006,12233.717
00bbac68_5007,12233.717
00bbac68_5008,12233.698
00bbac68_5009,12233.695
00bbac68_5010,12233.698
00bbac68_5011,12233.714
00bbac68_5012,12233.771
00bbac68_5013,12233.771
00bbac68_5014,12233.771
00bbac68_5015,12233.801
00bbac68_5016,12233.795
00bbac68_5017,12233.792
00bbac68_5018,12233.804
00bbac68_5019,12233.898
00bbac68_5020,12233.975
00bbac68_5021,12233.983
00bbac68_5022,12233.979
00bbac68_5023,12233.974
00bbac68_5024,12233.816
00bbac68_5025,12233.802
00bbac68_5026,12233.855
00bbac68_5027,12233.845
00bbac68_5028,12233.87
00bbac68_5029,12233.866
00bbac68_5030,12233.89
00bbac68_5031,12233.898
00bbac68_5032,12233.898
00bbac68_5033,12233.898
00bbac68_5034,12233.898
00bbac68_5035,12233.898
00bbac68_5036,12233.898
00bbac68_5037,12233.878
00bbac68_5038,12233.881
00bbac68_5039,12233.876
00bbac68_5040,12233.826
00bbac68_5041,12233.826
00bbac68_5042,12233.826
00bbac68_5043,12233.822
00bbac68_5044,12233.828
00bbac68_5045,12233.828
00bbac68_5046,12233.832
00bbac68_5047,12233.828
00bbac68_5048,12233.827
00bbac68_5049,12233.827
00bbac68_5050,12233.826
00bbac68_5051,12233.825
00bbac68_5052,12233.816
00bbac68_5053,12233.81
00bbac68_5054,12233.691
00bbac68_5055,12233.688
00bbac68_5056,12233.686
00bbac68_5057,12233.701
00bbac68_5058,12233.699
00bbac68_5059,12233.708
00bbac68_5060,12233.696
00bbac68_5061,12233.704
00bbac68_5062,12233.712
00bbac68_5063,12233.778
00bbac68_5064,12233.786
00bbac68_5065,12233.779
00bbac68_5066,12233.781
00bbac68_5067,12233.78
00bbac68_5068,12233.79
00bbac68_5069,12233.779
00bbac68_5070,12233.771
00bbac68_5071,12233.795
00bbac68_5072,12233.795
00bbac68_5073,12233.784
00bbac68_5074,12233.806
00bbac68_5075,12233.778
00bbac68_5076,12233.763
00bbac68_5077,12233.766
00bbac68_5078,12233.77
00bbac68_5079,12233.763
00bbac68_5080,12233.763
00bbac68_5081,12233.789
00bbac68_5082,12233.8125
00bbac68_5083,12233.797
00bbac68_5084,12233.803
00bbac68_5085,12233.816
00bbac68_5086,12233.824
00bbac68_5087,12233.824
00bbac68_5088,12233.868
00bbac68_5089,12233.866
00bbac68_5090,12233.88
00bbac68_5091,12233.866
00bbac68_5092,12233.826
00bbac68_5093,12233.855
00bbac68_5094,12233.803
00bbac68_5095,12233.92
00bbac68_5096,12233.807
00bbac68_5097,12233.795
00bbac68_5098,12233.81
00bbac68_5099,12233.81
00bbac68_5100,12233.805
00bbac68_5101,12233.869
00bbac68_5102,12233.869
00bbac68_5103,12233.922
00bbac68_5104,12233.922
00bbac68_5105,12233.872
00bbac68_5106,12233.872
00bbac68_5107,12233.917
00bbac68_5108,12233.832
00bbac68_5109,12233.824
00bbac68_5110,12233.818
00bbac68_5111,12233.916
00bbac68_5112,12233.975
00bbac68_5113,12233.981
00bbac68_5114,12233.915
00bbac68_5115,12233.919
00bbac68_5116,12234.037
00bbac68_5117,12234.03
00bbac68_5118,12234.026
00bbac68_5119,12234.026
00bbac68_5120,12233.942
00bbac68_5121,12233.899
00bbac68_5122,12233.915
00bbac68_5123,12233.975
00bbac68_5124,12233.964
00bbac68_5125,12233.964
00bbac68_5126,12233.962
00bbac68_5127,12233.97
00bbac68_5128,12233.935
00bbac68_5129,12233.916
00bbac68_5130,12233.914
00bbac68_5131,12233.914
00bbac68_5132,12233.895
00bbac68_5133,12233.895
00bbac68_5134,12233.902
00bbac68_5135,12233.906
00bbac68_5136,12233.906
00bbac68_5137,12233.913
00bbac68_5138,12233.763
00bbac68_5139,12233.691
00bbac68_5140,12233.692
00bbac68_5141,12233.692
00bbac68_5142,12233.695
00bbac68_5143,12233.696
00bbac68_5144,12233.714
00bbac68_5145,12233.665
00bbac68_5146,12233.636
00bbac68_5147,12233.604
00bbac68_5148,12233.607
00bbac68_5149,12233.604
00bbac68_5150,12233.607
00bbac68_5151,12233.604
00bbac68_5152,12233.631
00bbac68_5153,12233.631
00bbac68_5154,12233.631
00bbac68_5155,12233.635
00bbac68_5156,12233.657
00bbac68_5157,12233.711
00bbac68_5158,12233.711
00bbac68_5159,12233.649
00bbac68_5160,12233.608
00bbac68_5161,12233.578
00bbac68_5162,12233.599
00bbac68_5163,12233.597
00bbac68_5164,12233.597
00bbac68_5165,12233.607
00bbac68_5166,12233.612
00bbac68_5167,12233.603
00bbac68_5168,12233.571
00bbac68_5169,12233.698
00bbac68_5170,12233.697
00bbac68_5171,12233.822
00bbac68_5172,12233.88
00bbac68_5173,12234.049
00bbac68_5174,12234.037
00bbac68_5175,12234.041
00bbac68_5176,12234.098
00bbac68_5177,12234.128
00bbac68_5178,12234.137
00bbac68_5179,12234.137
00bbac68_5180,12234.147
00bbac68_5181,12234.147
00bbac68_5182,12234.156
00bbac68_5183,12234.1875
00bbac68_5184,12234.156
00bbac68_5185,12234.154
00bbac68_5186,12234.129
00bbac68_5187,12234.129
00bbac68_5188,12234.088
00bbac68_5189,12234.147
00bbac68_5190,12234.217
00bbac68_5191,12234.211
00bbac68_5192,12234.24
00bbac68_5193,12234.203
00bbac68_5194,12234.187
00bbac68_5195,12234.179
00bbac68_5196,12234.19
00bbac68_5197,12234.16
00bbac68_5198,12234.16
00bbac68_5199,12234.134
00bbac68_5200,12234.134
00bbac68_5201,12234.126
00bbac68_5202,12234.16
00bbac68_5203,12233.994
00bbac68_5204,12233.858
00bbac68_5205,12233.846
00bbac68_5206,12233.846
00bbac68_5207,12233.828
00bbac68_5208,12233.84
00bbac68_5209,12233.836
00bbac68_5210,12233.822
00bbac68_5211,12233.857
00bbac68_5212,12233.903
00bbac68_5213,12233.871
00bbac68_5214,12233.851
00bbac68_5215,12233.868
00bbac68_5216,12233.84
00bbac68_5217,12233.839
00bbac68_5218,12233.839
00bbac68_5219,12233.806
00bbac68_5220,12233.819
00bbac68_5221,12233.796
00bbac68_5222,12233.789
00bbac68_5223,12233.818
00bbac68_5224,12233.836
00bbac68_5225,12233.832
00bbac68_5226,12233.748
00bbac68_5227,12233.747
00bbac68_5228,12233.747
00bbac68_5229,12233.743
00bbac68_5230,12233.743
00bbac68_5231,12233.738
00bbac68_5232,12233.731
00bbac68_5233,12233.73
00bbac68_5234,12233.752
00bbac68_5235,12233.757
00bbac68_5236,12233.753
00bbac68_5237,12233.719
00bbac68_5238,12233.762
00bbac68_5239,12233.819
00bbac68_5240,12233.873
00bbac68_5241,12233.82
00bbac68_5242,12233.812
00bbac68_5243,12233.814
00bbac68_5244,12233.798
00bbac68_5245,12233.761
00bbac68_5246,12233.723
00bbac68_5247,12233.731
00bbac68_5248,12233.729
00bbac68_5249,12233.7295
00bbac68_5250,12233.536
00bbac68_5251,12233.553
00bbac68_5252,12233.545
00bbac68_5253,12233.528
00bbac68_5254,12233.533
00bbac68_5255,12233.523
00bbac68_5256,12233.556
00bbac68_5257,12233.706
00bbac68_5258,12233.76
00bbac68_5259,12233.851
00bbac68_5260,12233.882
00bbac68_5261,12233.873
00bbac68_5262,12233.84
00bbac68_5263,12233.828
00bbac68_5264,12233.885
00bbac68_5265,12233.885
00bbac68_5266,12233.892
00bbac68_5267,12233.92
00bbac68_5268,12233.957
00bbac68_5269,12233.949
00bbac68_5270,12233.905
00bbac68_5271,12233.863
00bbac68_5272,12233.771
00bbac68_5273,12233.78
00bbac68_5274,12233.752
00bbac68_5275,12233.752
00bbac68_5276,12233.749
00bbac68_5277,12233.703
00bbac68_5278,12233.7295
00bbac68_5279,12233.702
00bbac68_5280,12233.681
00bbac68_5281,12233.678
00bbac68_5282,12233.691
00bbac68_5283,12233.68
00bbac68_5284,12233.672
00bbac68_5285,12233.726
00bbac68_5286,12233.6875
00bbac68_5287,12233.726
00bbac68_5288,12233.696
00bbac68_5289,12233.717
00bbac68_5290,12233.703
00bbac68_5291,12233.681
00bbac68_5292,12233.662
00bbac68_5293,12233.601
00bbac68_5294,12233.631
00bbac68_5295,12233.631
00bbac68_5296,12233.651
00bbac68_5297,12233.596
00bbac68_5298,12233.554
00bbac68_5299,12233.566
00bbac68_5300,12233.544
00bbac68_5301,12233.504
00bbac68_5302,12233.503
00bbac68_5303,12233.52
00bbac68_5304,12233.519
00bbac68_5305,12233.503
00bbac68_5306,12233.496
00bbac68_5307,12233.505
00bbac68_5308,12233.509
00bbac68_5309,12233.511
00bbac68_5310,12233.496
00bbac68_5311,12233.492
00bbac68_5312,12233.528
00bbac68_5313,12232.875
00bbac68_5314,12232.865
00bbac68_5315,12232.859
00bbac68_5316,12232.881
00bbac68_5317,12232.858
00bbac68_5318,12232.858
00bbac68_5319,12232.86
00bbac68_5320,12232.89
00bbac68_5321,12232.928
00bbac68_5322,12232.921
00bbac68_5323,12232.983
00bbac68_5324,12232.977
00bbac68_5325,12232.983
00bbac68_5326,12232.985
00bbac68_5327,12232.998
00bbac68_5328,12232.978
00bbac68_5329,12233.03
00bbac68_5330,12232.971
00bbac68_5331,12232.971
00bbac68_5332,12232.972
00bbac68_5333,12232.963
00bbac68_5334,12232.974
00bbac68_5335,12233.008
00bbac68_5336,12233.029
00bbac68_5337,12233.0205
00bbac68_5338,12233.052
00bbac68_5339,12233.081
00bbac68_5340,12233.037
00bbac68_5341,12233.029
00bbac68_5342,12233.066
00bbac68_5343,12233.066
00bbac68_5344,12233.042
00bbac68_5345,12233.046
00bbac68_5346,12233.042
00bbac68_5347,12233.042
00bbac68_5348,12233.055
00bbac68_5349,12233.05
00bbac68_5350,12233.046
00bbac68_5351,12233.06
00bbac68_5352,12233.068
00bbac68_5353,12233.07
00bbac68_5354,12233.141
00bbac68_5355,12233.116
00bbac68_5356,12233.11
00bbac68_5357,12233.125
00bbac68_5358,12233.123
00bbac68_5359,12233.125
00bbac68_5360,12233.102
00bbac68_5361,12233.09
00bbac68_5362,12233.101
00bbac68_5363,12233.099
00bbac68_5364,12233.128
00bbac68_5365,12233.021
00bbac68_5366,12233.047
00bbac68_5367,12233.007
00bbac68_5368,12232.956
00bbac68_5369,12232.948
00bbac68_5370,12232.948
00bbac68_5371,12232.967
00bbac68_5372,12233.059
00bbac68_5373,12233.061
00bbac68_5374,12233.064
00bbac68_5375,12233.069
00bbac68_5376,12233.125
00bbac68_5377,12233.069
00bbac68_5378,12233.102
00bbac68_5379,12233.084
00bbac68_5380,12233.129
00bbac68_5381,12233.012
00bbac68_5382,12232.987
00bbac68_5383,12232.978
00bbac68_5384,12232.975
00bbac68_5385,12232.966
00bbac68_5386,12232.987
00bbac68_5387,12232.989
00bbac68_5388,12232.952
00bbac68_5389,12232.982
00bbac68_5390,12232.938
00bbac68_5391,12232.957
00bbac68_5392,12232.923
00bbac68_5393,12232.937
00bbac68_5394,12232.952
00bbac68_5395,12232.949
00bbac68_5396,12233.025
00bbac68_5397,12233.076
00bbac68_5398,12232.973
00bbac68_5399,12233.111
00bbac68_5400,12233.077
00bbac68_5401,12233.095
00bbac68_5402,12233.21
00bbac68_5403,12233.218
00bbac68_5404,12233.224
00bbac68_5405,12233.238
00bbac68_5406,12233.215
00bbac68_5407,12233.215
00bbac68_5408,12233.237
00bbac68_5409,12233.224
00bbac68_5410,12233.241
00bbac68_5411,12233.239
00bbac68_5412,12233.201
00bbac68_5413,12233.251
00bbac68_5414,12233.234
00bbac68_5415,12233.222
00bbac68_5416,12233.227
00bbac68_5417,12233.222
00bbac68_5418,12233.222
00bbac68_5419,12233.221
00bbac68_5420,12233.183
00bbac68_5421,12233.222
00bbac68_5422,12233.219
00bbac68_5423,12233.233
00bbac68_5424,12233.243
00bbac68_5425,12233.259
00bbac68_5426,12233.422
00bbac68_5427,12233.424
00bbac68_5428,12233.448
00bbac68_5429,12233.472
00bbac68_5430,12233.45
00bbac68_5431,12233.437
00bbac68_5432,12233.407
00bbac68_5433,12233.485
00bbac68_5434,12233.485
00bbac68_5435,12233.471
00bbac68_5436,12233.665
00bbac68_5437,12233.641
00bbac68_5438,12233.627
00bbac68_5439,12233.625
00bbac68_5440,12233.571
00bbac68_5441,12233.5
00bbac68_5442,12233.445
00bbac68_5443,12233.457
00bbac68_5444,12233.411
00bbac68_5445,12233.372
00bbac68_5446,12233.134
00bbac68_5447,12233.123
00bbac68_5448,12233.093
00bbac68_5449,12233.082
00bbac68_5450,12233.038
00bbac68_5451,12233.064
00bbac68_5452,12233.049
00bbac68_5453,12233.084
00bbac68_5454,12233.095
00bbac68_5455,12233.022
00bbac68_5456,12233.031
00bbac68_5457,12233.025
00bbac68_5458,12233.017
00bbac68_5459,12233.031
00bbac68_5460,12233.0205
00bbac68_5461,12232.988
00bbac68_5462,12233.007
00bbac68_5463,12232.999
00bbac68_5464,12232.989
00bbac68_5465,12232.999
00bbac68_5466,12232.999
00bbac68_5467,12232.971
00bbac68_5468,12232.678
00bbac68_5469,12232.673
00bbac68_5470,12232.663
00bbac68_5471,12232.65
00bbac68_5472,12232.663
00bbac68_5473,12232.683
00bbac68_5474,12232.672
00bbac68_5475,12232.746
00bbac68_5476,12232.738
00bbac68_5477,12232.754
00bbac68_5478,12232.859
00bbac68_5479,12232.924
00bbac68_5480,12232.954
00bbac68_5481,12232.932
00bbac68_5482,12232.907
00bbac68_5483,12232.924
00bbac68_5484,12232.918
00bbac68_5485,12232.932
00bbac68_5486,12233.081
00bbac68_5487,12233.192
00bbac68_5488,12233.198
00bbac68_5489,12233.198
00bbac68_5490,12233.171
00bbac68_5491,12233.198
00bbac68_5492,12233.199
00bbac68_5493,12233.199
00bbac68_5494,12233.256
00bbac68_5495,12233.123
00bbac68_5496,12233.104
00bbac68_5497,12233.064
00bbac68_5498,12233.106
00bbac68_5499,12233.112
00bbac68_5500,12232.794
00bbac68_5501,12232.798
00bbac68_5502,12232.784
00bbac68_5503,12232.803
00bbac68_5504,12232.806
00bbac68_5505,12232.8955
00bbac68_5506,12232.815
00bbac68_5507,12232.813
00bbac68_5508,12232.731
00bbac68_5509,12232.8125
00bbac68_5510,12232.704
00bbac68_5511,12232.692
00bbac68_5512,12232.632
00bbac68_5513,12232.534
00bbac68_5514,12232.484
00bbac68_5515,12232.49
00bbac68_5516,12232.507
00bbac68_5517,12232.536
00bbac68_5518,12232.547
00bbac68_5519,12232.556
00bbac68_5520,12232.529
00bbac68_5521,12232.529
00bbac68_5522,12232.596
00bbac68_5523,12232.531
00bbac68_5524,12232.514
00bbac68_5525,12232.49
00bbac68_5526,12232.473
00bbac68_5527,12232.474
00bbac68_5528,12232.535
00bbac68_5529,12232.504
00bbac68_5530,12232.511
00bbac68_5531,12232.512
00bbac68_5532,12232.493
00bbac68_5533,12232.515
00bbac68_5534,12232.525
00bbac68_5535,12232.467
00bbac68_5536,12232.474
00bbac68_5537,12232.511
00bbac68_5538,12232.543
00bbac68_5539,12232.489
00bbac68_5540,12232.485
00bbac68_5541,12232.518
00bbac68_5542,12232.528
00bbac68_5543,12232.539
00bbac68_5544,12232.592
00bbac68_5545,12232.557
00bbac68_5546,12232.557
00bbac68_5547,12232.557
00bbac68_5548,12232.493
00bbac68_5549,12232.518
00bbac68_5550,12232.512
00bbac68_5551,12232.554
00bbac68_5552,12232.554
00bbac68_5553,12232.56
00bbac68_5554,12232.561
00bbac68_5555,12232.476
00bbac68_5556,12232.476
00bbac68_5557,12232.463
00bbac68_5558,12232.467
00bbac68_5559,12232.476
00bbac68_5560,12232.455
00bbac68_5561,12232.48
00bbac68_5562,12232.564
00bbac68_5563,12232.64
00bbac68_5564,12232.658
00bbac68_5565,12232.659
00bbac68_5566,12232.659
00bbac68_5567,12232.668
00bbac68_5568,12232.693
00bbac68_5569,12232.658
00bbac68_5570,12232.658
00bbac68_5571,12232.595
00bbac68_5572,12232.606
00bbac68_5573,12232.652
00bbac68_5574,12232.641
00bbac68_5575,12232.595
00bbac68_5576,12232.604
00bbac68_5577,12232.611
00bbac68_5578,12232.612
00bbac68_5579,12232.589
00bbac68_5580,12232.505
00bbac68_5581,12232.423
00bbac68_5582,12232.395
00bbac68_5583,12232.472
00bbac68_5584,12232.064
00bbac68_5585,12232.025
00bbac68_5586,12231.99
00bbac68_5587,12232.002
00bbac68_5588,12231.999
00bbac68_5589,12232.021
00bbac68_5590,12232.028
00bbac68_5591,12232.047
00bbac68_5592,12232.066
00bbac68_5593,12232.072
00bbac68_5594,12232.005
00bbac68_5595,12232.024
00bbac68_5596,12231.991
00bbac68_5597,12231.996
00bbac68_5598,12231.99
00bbac68_5599,12231.943
00bbac68_5600,12232.139
00bbac68_5601,12232.158
00bbac68_5602,12232.188
00bbac68_5603,12232.246
00bbac68_5604,12232.176
00bbac68_5605,12232.235
00bbac68_5606,12232.165
00bbac68_5607,12232.209
00bbac68_5608,12232.163
00bbac68_5609,12232.285
00bbac68_5610,12232.327
00bbac68_5611,12232.296
00bbac68_5612,12232.285
00bbac68_5613,12232.287
00bbac68_5614,12232.263
00bbac68_5615,12232.3125
00bbac68_5616,12232.246
00bbac68_5617,12232.361
00bbac68_5618,12232.365
00bbac68_5619,12232.374
00bbac68_5620,12232.411
00bbac68_5621,12232.41
00bbac68_5622,12232.385
00bbac68_5623,12232.309
00bbac68_5624,12232.394
00bbac68_5625,12232.411
00bbac68_5626,12232.4375
00bbac68_5627,12232.376
00bbac68_5628,12232.363
00bbac68_5629,12232.359
00bbac68_5630,12232.313
00bbac68_5631,12232.363
00bbac68_5632,12232.334
00bbac68_5633,12232.323
00bbac68_5634,12232.306
00bbac68_5635,12232.324
00bbac68_5636,12232.329
00bbac68_5637,12232.347
00bbac68_5638,12232.334
00bbac68_5639,12232.305
00bbac68_5640,12232.268
00bbac68_5641,12232.225
00bbac68_5642,12232.212
00bbac68_5643,12232.25
00bbac68_5644,12232.311
00bbac68_5645,12232.257
00bbac68_5646,12232.278
00bbac68_5647,12232.332
00bbac68_5648,12232.36
00bbac68_5649,12232.365
00bbac68_5650,12232.409
00bbac68_5651,12232.37
00bbac68_5652,12232.385
00bbac68_5653,12232.388
00bbac68_5654,12232.384
00bbac68_5655,12232.261
00bbac68_5656,12232.134
00bbac68_5657,12231.965
00bbac68_5658,12231.973
00bbac68_5659,12231.973
00bbac68_5660,12231.973
00bbac68_5661,12232.007
00bbac68_5662,12231.615
00bbac68_5663,12231.613
00bbac68_5664,12231.613
00bbac68_5665,12231.592
00bbac68_5666,12231.587
00bbac68_5667,12231.574
00bbac68_5668,12231.481
00bbac68_5669,12231.545
00bbac68_5670,12231.565
00bbac68_5671,12231.595
00bbac68_5672,12231.574
00bbac68_5673,12231.572
00bbac68_5674,12231.467
00bbac68_5675,12231.501
00bbac68_5676,12231.4795
00bbac68_5677,12231.495
00bbac68_5678,12231.419
00bbac68_5679,12231.389
00bbac68_5680,12231.435
00bbac68_5681,12231.588
00bbac68_5682,12231.551
00bbac68_5683,12231.572
00bbac68_5684,12231.578
00bbac68_5685,12231.632
00bbac68_5686,12231.609
00bbac68_5687,12231.362
00bbac68_5688,12231.362
00bbac68_5689,12231.374
00bbac68_5690,12231.355
00bbac68_5691,12231.324
00bbac68_5692,12231.311
00bbac68_5693,12231.342
00bbac68_5694,12231.344
00bbac68_5695,12231.321
00bbac68_5696,12231.333
00bbac68_5697,12231.298
00bbac68_5698,12231.298
00bbac68_5699,12231.31
00bbac68_5700,12231.278
00bbac68_5701,12231.261
00bbac68_5702,12231.283
00bbac68_5703,12231.274
00bbac68_5704,12231.263
00bbac68_5705,12231.253
00bbac68_5706,12231.258
00bbac68_5707,12231.258
00bbac68_5708,12231.257
00bbac68_5709,12231.199
00bbac68_5710,12231.255
00bbac68_5711,12231.324
00bbac68_5712,12231.167
00bbac68_5713,12231.211
00bbac68_5714,12231.145
00bbac68_5715,12231.135
00bbac68_5716,12231.153
00bbac68_5717,12231.132
00bbac68_5718,12231.093
00bbac68_5719,12231.126
00bbac68_5720,12231.103
00bbac68_5721,12231.103
00bbac68_5722,12231.105
00bbac68_5723,12231.083
00bbac68_5724,12231.105
00bbac68_5725,12231.105
00bbac68_5726,12231.071
00bbac68_5727,12231.099
00bbac68_5728,12231.121
00bbac68_5729,12231.156
00bbac68_5730,12230.965
00bbac68_5731,12230.965
00bbac68_5732,12230.968
00bbac68_5733,12230.925
00bbac68_5734,12230.919
00bbac68_5735,12230.928
00bbac68_5736,12230.92
00bbac68_5737,12230.915
00bbac68_5738,12230.898
00bbac68_5739,12230.751
00bbac68_5740,12230.769
00bbac68_5741,12230.744
00bbac68_5742,12230.771
00bbac68_5743,12230.774
00bbac68_5744,12230.776
00bbac68_5745,12230.793
00bbac68_5746,12230.811
00bbac68_5747,12230.819
00bbac68_5748,12230.849
00bbac68_5749,12230.831
00bbac68_5750,12230.803
00bbac68_5751,12230.822
00bbac68_5752,12230.76
00bbac68_5753,12230.763
00bbac68_5754,12230.729
00bbac68_5755,12230.849
00bbac68_5756,12230.808
00bbac68_5757,12230.87
00bbac68_5758,12230.859
00bbac68_5759,12230.857
00bbac68_5760,12230.719
00bbac68_5761,12230.707
00bbac68_5762,12230.68
00bbac68_5763,12230.657
00bbac68_5764,12230.65
00bbac68_5765,12230.7
00bbac68_5766,12230.702
00bbac68_5767,12230.689
00bbac68_5768,12230.699
00bbac68_5769,12230.729
00bbac68_5770,12230.78
00bbac68_5771,12230.814
00bbac68_5772,12230.818
00bbac68_5773,12230.811
00bbac68_5774,12230.811
00bbac68_5775,12230.799
00bbac68_5776,12230.79
00bbac68_5777,12230.765
00bbac68_5778,12230.732
00bbac68_5779,12230.633
00bbac68_5780,12230.593
00bbac68_5781,12230.625
00bbac68_5782,12230.603
00bbac68_5783,12230.625
00bbac68_5784,12230.628
00bbac68_5785,12230.629
00bbac68_5786,12230.611
00bbac68_5787,12230.619
00bbac68_5788,12230.532
00bbac68_5789,12230.586
00bbac68_5790,12230.587
00bbac68_5791,12230.574
00bbac68_5792,12230.605
00bbac68_5793,12230.574
00bbac68_5794,12230.597
00bbac68_5795,12230.619
00bbac68_5796,12230.584
00bbac68_5797,12230.585
00bbac68_5798,12230.559
00bbac68_5799,12230.551
00bbac68_5800,12230.591
00bbac68_5801,12230.568
00bbac68_5802,12230.583
00bbac68_5803,12230.543
00bbac68_5804,12230.615
00bbac68_5805,12230.557
00bbac68_5806,12230.585
00bbac68_5807,12230.5205
00bbac68_5808,12230.51
00bbac68_5809,12230.549
00bbac68_5810,12230.492
00bbac68_5811,12230.696
00bbac68_5812,12230.59
00bbac68_5813,12230.693
00bbac68_5814,12230.656
00bbac68_5815,12230.706
00bbac68_5816,12230.671
00bbac68_5817,12230.758
00bbac68_5818,12230.74
00bbac68_5819,12230.755
00bbac68_5820,12230.777
00bbac68_5821,12230.777
00bbac68_5822,12230.77
00bbac68_5823,12230.787
00bbac68_5824,12230.761
00bbac68_5825,12230.762
00bbac68_5826,12230.769
00bbac68_5827,12230.766
00bbac68_5828,12230.698
00bbac68_5829,12230.699
00bbac68_5830,12230.69
00bbac68_5831,12230.664
00bbac68_5832,12230.656
00bbac68_5833,12230.593
00bbac68_5834,12230.564
00bbac68_5835,12230.563
00bbac68_5836,12230.57
00bbac68_5837,12230.51
00bbac68_5838,12230.56
00bbac68_5839,12230.477
00bbac68_5840,12230.531
00bbac68_5841,12230.542
00bbac68_5842,12230.568
00bbac68_5843,12230.505
00bbac68_5844,12230.61
00bbac68_5845,12230.611
00bbac68_5846,12230.588
00bbac68_5847,12230.587
00bbac68_5848,12230.55
00bbac68_5849,12230.556
00bbac68_5850,12230.523
00bbac68_5851,12230.52
00bbac68_5852,12230.561
00bbac68_5853,12230.518
00bbac68_5854,12230.541
00bbac68_5855,12230.526
00bbac68_5856,12230.546
00bbac68_5857,12230.551
00bbac68_5858,12230.476
00bbac68_5859,12230.578
00bbac68_5860,12230.562
00bbac68_5861,12230.598
00bbac68_5862,12230.596
00bbac68_5863,12230.604
00bbac68_5864,12230.584
00bbac68_5865,12230.511
00bbac68_5866,12230.588
00bbac68_5867,12230.564
00bbac68_5868,12230.476
00bbac68_5869,12230.526
00bbac68_5870,12230.519
00bbac68_5871,12230.497
00bbac68_5872,12230.517
00bbac68_5873,12230.4
00bbac68_5874,12230.501
00bbac68_5875,12230.469
00bbac68_5876,12230.6
00bbac68_5877,12230.684
00bbac68_5878,12230.677
00bbac68_5879,12230.675
00bbac68_5880,12230.652
00bbac68_5881,12230.68
00bbac68_5882,12230.551
00bbac68_5883,12230.51
00bbac68_5884,12230.52
00bbac68_5885,12230.57
00bbac68_5886,12230.524
00bbac68_5887,12230.489
00bbac68_5888,12230.525
00bbac68_5889,12230.516
00bbac68_5890,12230.536
00bbac68_5891,12230.528
00bbac68_5892,12230.587
00bbac68_5893,12230.559
00bbac68_5894,12230.374
00bbac68_5895,12230.407
00bbac68_5896,12230.472
00bbac68_5897,12230.414
00bbac68_5898,12230.472
00bbac68_5899,12230.391
00bbac68_5900,12230.391
00bbac68_5901,12230.375
00bbac68_5902,12230.474
00bbac68_5903,12230.436
00bbac68_5904,12230.525
00bbac68_5905,12230.452
00bbac68_5906,12230.509
00bbac68_5907,12230.459
00bbac68_5908,12230.503
00bbac68_5909,12230.508
00bbac68_5910,12230.478
00bbac68_5911,12230.421
00bbac68_5912,12230.268
00bbac68_5913,12230.246
00bbac68_5914,12230.248
00bbac68_5915,12230.248
00bbac68_5916,12230.27
00bbac68_5917,12230.326
00bbac68_5918,12230.335
00bbac68_5919,12230.359
00bbac68_5920,12230.364
00bbac68_5921,12230.364
00bbac68_5922,12230.362
00bbac68_5923,12230.405
00bbac68_5924,12230.393
00bbac68_5925,12230.382
00bbac68_5926,12230.147
00bbac68_5927,12230.16
00bbac68_5928,12230.16
00bbac68_5929,12230.1455
00bbac68_5930,12230.123
00bbac68_5931,12230.162
00bbac68_5932,12230.153
00bbac68_5933,12230.174
00bbac68_5934,12230.165
00bbac68_5935,12230.154
00bbac68_5936,12230.149
00bbac68_5937,12230.185
00bbac68_5938,12230.165
00bbac68_5939,12230.178
00bbac68_5940,12230.178
00bbac68_5941,12230.126
00bbac68_5942,12229.874
00bbac68_5943,12229.896
00bbac68_5944,12229.936
00bbac68_5945,12230.057
00bbac68_5946,12230.057
00bbac68_5947,12230.027
00bbac68_5948,12230.083
00bbac68_5949,12230.091
00bbac68_5950,12230.127
00bbac68_5951,12230.187
00bbac68_5952,12230.259
00bbac68_5953,12230.254
00bbac68_5954,12230.254
00bbac68_5955,12230.289
00bbac68_5956,12230.229
00bbac68_5957,12230.28
00bbac68_5958,12230.342
00bbac68_5959,12230.342
00bbac68_5960,12230.249
00bbac68_5961,12230.248
00bbac68_5962,12230.263
00bbac68_5963,12230.263
00bbac68_5964,12230.257
00bbac68_5965,12230.235
00bbac68_5966,12230.229
00bbac68_5967,12230.237
00bbac68_5968,12230.247
00bbac68_5969,12230.266
00bbac68_5970,12230.274
00bbac68_5971,12230.275
00bbac68_5972,12230.206
00bbac68_5973,12230.222
00bbac68_5974,12230.253
00bbac68_5975,12230.235
00bbac68_5976,12230.233
00bbac68_5977,12230.107
00bbac68_5978,12230.074
00bbac68_5979,12230.126
00bbac68_5980,12230.172
00bbac68_5981,12230.176
00bbac68_5982,12230.025
00bbac68_5983,12229.965
00bbac68_5984,12229.947
00bbac68_5985,12229.817
00bbac68_5986,12229.734
00bbac68_5987,12229.702
00bbac68_5988,12229.738
00bbac68_5989,12229.739
00bbac68_5990,12229.739
00bbac68_5991,12229.739
00bbac68_5992,12229.712
00bbac68_5993,12229.72
00bbac68_5994,12229.747
00bbac68_5995,12229.867
00bbac68_5996,12229.955
00bbac68_5997,12229.955
00bbac68_5998,12229.963
00bbac68_5999,12229.964
00bbac68_6000,12230.02
00bbac68_6001,12229.942
00bbac68_6002,12229.949
00bbac68_6003,12229.944
00bbac68_6004,12229.88
00bbac68_6005,12229.881
00bbac68_6006,12229.954
00bbac68_6007,12229.937
00bbac68_6008,12229.955
00bbac68_6009,12230.017
00bbac68_6010,12230.016
00bbac68_6011,12229.864
00bbac68_6012,12229.872
00bbac68_6013,12229.867
00bbac68_6014,12229.872
00bbac68_6015,12229.83
00bbac68_6016,12229.753
00bbac68_6017,12229.962
00bbac68_6018,12230.03
00bbac68_6019,12230.021
00bbac68_6020,12230.018
00bbac68_6021,12230.104
00bbac68_6022,12229.931
00bbac68_6023,12229.923
00bbac68_6024,12229.923
00bbac68_6025,12229.951
00bbac68_6026,12229.952
00bbac68_6027,12229.952
00bbac68_6028,12229.951
00bbac68_6029,12229.909
00bbac68_6030,12229.981
00bbac68_6031,12230.007
00bbac68_6032,12229.988
00bbac68_6033,12229.989
00bbac68_6034,12229.993
00bbac68_6035,12229.985
00bbac68_6036,12230.0205
00bbac68_6037,12229.732
00bbac68_6038,12229.6
00bbac68_6039,12229.596
00bbac68_6040,12229.749
00bbac68_6041,12229.721
00bbac68_6042,12229.816
00bbac68_6043,12229.842
00bbac68_6044,12229.859
00bbac68_6045,12229.858
00bbac68_6046,12229.849
00bbac68_6047,12229.854
00bbac68_6048,12229.751
00bbac68_6049,12229.672
00bbac68_6050,12229.672
00bbac68_6051,12229.681
00bbac68_6052,12229.655
00bbac68_6053,12229.634
00bbac68_6054,12229.677
00bbac68_6055,12229.647
00bbac68_6056,12229.641
00bbac68_6057,12229.648
00bbac68_6058,12229.653
00bbac68_6059,12229.651
00bbac68_6060,12229.754
00bbac68_6061,12229.743
00bbac68_6062,12229.778
00bbac68_6063,12229.778
00bbac68_6064,12229.778
00bbac68_6065,12229.789
00bbac68_6066,12229.903
00bbac68_6067,12229.932
00bbac68_6068,12229.914
00bbac68_6069,12229.962
00bbac68_6070,12229.936
00bbac68_6071,12229.969
00bbac68_6072,12230.001
00bbac68_6073,12230.015
00bbac68_6074,12230.001
00bbac68_6075,12229.946
00bbac68_6076,12229.903
00bbac68_6077,12229.851
00bbac68_6078,12229.817
00bbac68_6079,12229.822
00bbac68_6080,12229.82
00bbac68_6081,12229.79
00bbac68_6082,12229.838
00bbac68_6083,12229.842
00bbac68_6084,12229.839
00bbac68_6085,12229.854
00bbac68_6086,12229.85
00bbac68_6087,12229.869
00bbac68_6088,12229.8545
00bbac68_6089,12229.883
00bbac68_6090,12229.883
00bbac68_6091,12229.882
00bbac68_6092,12229.887
00bbac68_6093,12229.705
00bbac68_6094,12229.695
00bbac68_6095,12229.667
00bbac68_6096,12229.605
00bbac68_6097,12229.638
00bbac68_6098,12229.5205
00bbac68_6099,12229.536
00bbac68_6100,12229.39
00bbac68_6101,12229.39
00bbac68_6102,12229.39
00bbac68_6103,12229.388
00bbac68_6104,12229.39
00bbac68_6105,12229.39
00bbac68_6106,12229.39
00bbac68_6107,12229.39
00bbac68_6108,12229.395
00bbac68_6109,12229.395
00bbac68_6110,12229.394
00bbac68_6111,12229.41
00bbac68_6112,12229.42
00bbac68_6113,12229.371
00bbac68_6114,12229.392
00bbac68_6115,12229.366
00bbac68_6116,12229.494
00bbac68_6117,12229.491
00bbac68_6118,12229.451
00bbac68_6119,12229.408
00bbac68_6120,12229.409
00bbac68_6121,12229.409
00bbac68_6122,12229.3955
00bbac68_6123,12229.431
00bbac68_6124,12229.411
00bbac68_6125,12229.446
00bbac68_6126,12229.438
00bbac68_6127,12229.462
00bbac68_6128,12229.426
00bbac68_6129,12229.585
00bbac68_6130,12229.458
00bbac68_6131,12229.458
00bbac68_6132,12229.408
00bbac68_6133,12229.391
00bbac68_6134,12229.377
00bbac68_6135,12229.382
00bbac68_6136,12229.347
00bbac68_6137,12229.361
00bbac68_6138,12229.406
00bbac68_6139,12229.39
00bbac68_6140,12229.397
00bbac68_6141,12229.399
00bbac68_6142,12229.434
00bbac68_6143,12229.418
00bbac68_6144,12229.421
00bbac68_6145,12229.421
00bbac68_6146,12229.417
00bbac68_6147,12229.427
00bbac68_6148,12229.434
00bbac68_6149,12229.421
00bbac68_6150,12229.421
00bbac68_6151,12229.399
00bbac68_6152,12229.399
00bbac68_6153,12229.383
00bbac68_6154,12229.421
00bbac68_6155,12229.42
00bbac68_6156,12229.412
00bbac68_6157,12229.392
00bbac68_6158,12229.407
00bbac68_6159,12229.428
00bbac68_6160,12229.413
00bbac68_6161,12229.411
00bbac68_6162,12229.464
00bbac68_6163,12229.465
00bbac68_6164,12229.467
00bbac68_6165,12229.464
00bbac68_6166,12229.465
00bbac68_6167,12229.457
00bbac68_6168,12229.4375
00bbac68_6169,12229.456
00bbac68_6170,12229.472
00bbac68_6171,12229.526
00bbac68_6172,12229.576
00bbac68_6173,12229.589
00bbac68_6174,12229.556
00bbac68_6175,12229.559
00bbac68_6176,12229.574
00bbac68_6177,12229.582
00bbac68_6178,12229.618
00bbac68_6179,12229.607
00bbac68_6180,12229.623
00bbac68_6181,12229.6
00bbac68_6182,12229.615
00bbac68_6183,12229.6
00bbac68_6184,12229.617
00bbac68_6185,12229.621
00bbac68_6186,12229.613
00bbac68_6187,12229.591
00bbac68_6188,12229.585
00bbac68_6189,12229.592
00bbac68_6190,12229.575
00bbac68_6191,12229.67
00bbac68_6192,12229.665
00bbac68_6193,12229.673
00bbac68_6194,12229.678
00bbac68_6195,12229.704
00bbac68_6196,12229.768
00bbac68_6197,12229.762
00bbac68_6198,12229.762
00bbac68_6199,12229.739
00bbac68_6200,12229.726
00bbac68_6201,12229.691
00bbac68_6202,12229.725
00bbac68_6203,12229.757
00bbac68_6204,12229.7705
00bbac68_6205,12229.77
00bbac68_6206,12229.768
00bbac68_6207,12229.781
00bbac68_6208,12229.784
00bbac68_6209,12229.806
00bbac68_6210,12229.797
00bbac68_6211,12229.797
00bbac68_6212,12229.698
00bbac68_6213,12229.699
00bbac68_6214,12229.699
00bbac68_6215,12229.631
00bbac68_6216,12229.618
00bbac68_6217,12229.585
00bbac68_6218,12229.566
00bbac68_6219,12229.571
00bbac68_6220,12229.476
00bbac68_6221,12229.453
00bbac68_6222,12229.445
00bbac68_6223,12229.444
00bbac68_6224,12229.431
00bbac68_6225,12229.418
00bbac68_6226,12229.418
00bbac68_6227,12229.433
00bbac68_6228,12229.446
00bbac68_6229,12229.441
00bbac68_6230,12229.453
00bbac68_6231,12229.453
00bbac68_6232,12229.437
00bbac68_6233,12229.443
00bbac68_6234,12229.438
00bbac68_6235,12229.468
00bbac68_6236,12229.467
00bbac68_6237,12229.397
00bbac68_6238,12229.42
00bbac68_6239,12229.406
00bbac68_6240,12229.395
00bbac68_6241,12229.414
00bbac68_6242,12229.409
00bbac68_6243,12229.409
00bbac68_6244,12229.347
00bbac68_6245,12229.348
00bbac68_6246,12229.387
00bbac68_6247,12229.397
00bbac68_6248,12229.388
00bbac68_6249,12229.395
00bbac68_6250,12229.419
00bbac68_6251,12229.507
00bbac68_6252,12229.419
00bbac68_6253,12229.498
00bbac68_6254,12229.509
00bbac68_6255,12229.527
00bbac68_6256,12229.527
00bbac68_6257,12229.494
00bbac68_6258,12229.501
00bbac68_6259,12229.493
00bbac68_6260,12229.508
00bbac68_6261,12229.499
00bbac68_6262,12229.514
00bbac68_6263,12229.505
00bbac68_6264,12229.506
00bbac68_6265,12229.493
00bbac68_6266,12229.493
00bbac68_6267,12229.481
00bbac68_6268,12229.481
00bbac68_6269,12229.474
00bbac68_6270,12229.498
00bbac68_6271,12229.491
00bbac68_6272,12229.481
00bbac68_6273,12229.481
00bbac68_6274,12229.394
00bbac68_6275,12229.398
00bbac68_6276,12229.398
00bbac68_6277,12229.382
00bbac68_6278,12229.397
00bbac68_6279,12229.402
00bbac68_6280,12229.392
00bbac68_6281,12229.418
00bbac68_6282,12229.401
00bbac68_6283,12229.403
00bbac68_6284,12229.3955
00bbac68_6285,12229.432
00bbac68_6286,12229.351
00bbac68_6287,12229.351
00bbac68_6288,12229.432
00bbac68_6289,12229.439
00bbac68_6290,12229.31
00bbac68_6291,12229.317
00bbac68_6292,12229.323
00bbac68_6293,12229.33
00bbac68_6294,12229.341
00bbac68_6295,12229.321
00bbac68_6296,12229.33
00bbac68_6297,12229.33
00bbac68_6298,12229.334
00bbac68_6299,12229.3955
00bbac68_6300,12229.3955
00bbac68_6301,12229.404
00bbac68_6302,12229.285
00bbac68_6303,12229.284
00bbac68_6304,12229.295
00bbac68_6305,12229.339
00bbac68_6306,12229.339
00bbac68_6307,12229.339
00bbac68_6308,12229.345
00bbac68_6309,12229.349
00bbac68_6310,12229.57
00bbac68_6311,12229.569
00bbac68_6312,12229.584
00bbac68_6313,12229.579
00bbac68_6314,12229.58
00bbac68_6315,12229.58
00bbac68_6316,12229.586
00bbac68_6317,12229.572
00bbac68_6318,12229.572
00bbac68_6319,12229.573
00bbac68_6320,12229.586
00bbac68_6321,12229.575
00bbac68_6322,12229.575
00bbac68_6323,12229.579
00bbac68_6324,12229.581
00bbac68_6325,12229.576
00bbac68_6326,12229.597
00bbac68_6327,12229.611
00bbac68_6328,12229.611
00bbac68_6329,12229.61
00bbac68_6330,12229.61
00bbac68_6331,12229.61
00bbac68_6332,12229.61
00bbac68_6333,12229.602
00bbac68_6334,12229.601
00bbac68_6335,12229.605
00bbac68_6336,12229.582
00bbac68_6337,12229.566
00bbac68_6338,12229.576
00bbac68_6339,12229.575
00bbac68_6340,12229.574
00bbac68_6341,12229.553
00bbac68_6342,12229.602
00bbac68_6343,12229.601
00bbac68_6344,12229.6
00bbac68_6345,12229.573
00bbac68_6346,12229.574
00bbac68_6347,12229.578
00bbac68_6348,12229.565
00bbac68_6349,12229.59
00bbac68_6350,12229.574
00bbac68_6351,12229.574
00bbac68_6352,12229.589
00bbac68_6353,12229.581
00bbac68_6354,12229.58
00bbac68_6355,12229.476
00bbac68_6356,12229.463
00bbac68_6357,12229.418
00bbac68_6358,12229.396
00bbac68_6359,12229.397
00bbac68_6360,12229.394
00bbac68_6361,12229.369
00bbac68_6362,12229.402
00bbac68_6363,12229.406
00bbac68_6364,12229.381
00bbac68_6365,12229.371
00bbac68_6366,12229.396
00bbac68_6367,12229.396
00bbac68_6368,12229.412
00bbac68_6369,12229.418
00bbac68_6370,12229.418
00bbac68_6371,12229.418
00bbac68_6372,12229.433
00bbac68_6373,12229.41
00bbac68_6374,12229.413
00bbac68_6375,12229.392
00bbac68_6376,12229.413
00bbac68_6377,12229.366
00bbac68_6378,12229.357
00bbac68_6379,12229.328
00bbac68_6380,12229.344
00bbac68_6381,12229.348
00bbac68_6382,12229.316
00bbac68_6383,12229.306
00bbac68_6384,12229.303
00bbac68_6385,12229.315
00bbac68_6386,12229.295
00bbac68_6387,12229.303
00bbac68_6388,12229.32
00bbac68_6389,12229.309
00bbac68_6390,12229.312
00bbac68_6391,12229.311
00bbac68_6392,12229.308
00bbac68_6393,12229.322
00bbac68_6394,12229.294
00bbac68_6395,12229.28
00bbac68_6396,12229.267
00bbac68_6397,12229.237
00bbac68_6398,12229.218
00bbac68_6399,12229.232
00bbac68_6400,12229.216
00bbac68_6401,12229.216
00bbac68_6402,12229.224
00bbac68_6403,12229.223
00bbac68_6404,12229.219
00bbac68_6405,12229.218
00bbac68_6406,12229.224
00bbac68_6407,12229.209
00bbac68_6408,12229.261
00bbac68_6409,12229.233
00bbac68_6410,12229.232
00bbac68_6411,12229.185
00bbac68_6412,12229.209
00bbac68_6413,12229.196
00bbac68_6414,12229.194
00bbac68_6415,12229.196
00bbac68_6416,12229.203
00bbac68_6417,12229.166
00bbac68_6418,12229.167
00bbac68_6419,12229.181
00bbac68_6420,12229.206
00bbac68_6421,12229.182
00bbac68_6422,12229.184
00bbac68_6423,12229.188
00bbac68_6424,12229.175
00bbac68_6425,12229.168
00bbac68_6426,12229.181
00bbac68_6427,12229.181
00bbac68_6428,12229.181
00bbac68_6429,12229.16
00bbac68_6430,12229.124
00bbac68_6431,12229.146
00bbac68_6432,12229.281
00bbac68_6433,12229.263
00bbac68_6434,12229.165
00bbac68_6435,12229.157
00bbac68_6436,12229.159
00bbac68_6437,12229.172
00bbac68_6438,12229.151
00bbac68_6439,12229.158
00bbac68_6440,12229.147
00bbac68_6441,12229.162
00bbac68_6442,12229.17
00bbac68_6443,12229.155
00bbac68_6444,12229.143
00bbac68_6445,12229.143
00bbac68_6446,12229.151
00bbac68_6447,12229.158
00bbac68_6448,12229.151
00bbac68_6449,12229.128
00bbac68_6450,12229.13
00bbac68_6451,12229.129
00bbac68_6452,12229.132
00bbac68_6453,12229.132
00bbac68_6454,12229.13
00bbac68_6455,12229.122
00bbac68_6456,12229.14
00bbac68_6457,12229.1455
00bbac68_6458,12229.144
00bbac68_6459,12229.144
00bbac68_6460,12229.15
00bbac68_6461,12229.149
00bbac68_6462,12229.174
00bbac68_6463,12229.171
00bbac68_6464,12229.174
00bbac68_6465,12229.167
00bbac68_6466,12229.2
00bbac68_6467,12229.2
00bbac68_6468,12229.177
00bbac68_6469,12229.18
00bbac68_6470,12229.175
00bbac68_6471,12229.168
00bbac68_6472,12229.168
00bbac68_6473,12229.274
00bbac68_6474,12229.275
00bbac68_6475,12229.275
00bbac68_6476,12229.264
00bbac68_6477,12229.277
00bbac68_6478,12229.283
00bbac68_6479,12229.284
00bbac68_6480,12229.283
00bbac68_6481,12229.265
00bbac68_6482,12229.265
00bbac68_6483,12229.271
00bbac68_6484,12229.262
00bbac68_6485,12229.262
00bbac68_6486,12229.269
00bbac68_6487,12229.262
00bbac68_6488,12229.262
00bbac68_6489,12229.261
00bbac68_6490,12229.261
00bbac68_6491,12229.262
00bbac68_6492,12229.233
00bbac68_6493,12229.233
00bbac68_6494,12229.232
00bbac68_6495,12229.251
00bbac68_6496,12229.24
00bbac68_6497,12229.246
00bbac68_6498,12229.255
00bbac68_6499,12229.253
00bbac68_6500,12229.254
00bbac68_6501,12229.254
00bbac68_6502,12229.248
00bbac68_6503,12229.254
00bbac68_6504,12229.254
00bbac68_6505,12229.248
00bbac68_6506,12229.252
00bbac68_6507,12229.237
00bbac68_6508,12229.294
00bbac68_6509,12229.294
00bbac68_6510,12229.294
00bbac68_6511,12229.301
00bbac68_6512,12229.267
00bbac68_6513,12229.24
00bbac68_6514,12229.267
00bbac68_6515,12229.321
00bbac68_6516,12229.317
00bbac68_6517,12229.329
00bbac68_6518,12229.327
00bbac68_6519,12229.335
00bbac68_6520,12229.3545
00bbac68_6521,12229.3545
00bbac68_6522,12229.3545
00bbac68_6523,12229.3545
00bbac68_6524,12229.3545
00bbac68_6525,12229.398
00bbac68_6526,12229.398
00bbac68_6527,12229.399
00bbac68_6528,12229.399
00bbac68_6529,12229.409
00bbac68_6530,12229.403
00bbac68_6531,12229.421
00bbac68_6532,12229.412
00bbac68_6533,12229.417
00bbac68_6534,12229.424
00bbac68_6535,12229.417
00bbac68_6536,12229.405
00bbac68_6537,12229.407
00bbac68_6538,12229.427
00bbac68_6539,12229.419
00bbac68_6540,12229.419
00bbac68_6541,12229.415
00bbac68_6542,12229.415
00bbac68_6543,12229.419
00bbac68_6544,12229.415
00bbac68_6545,12229.399
00bbac68_6546,12229.401
00bbac68_6547,12229.402
00bbac68_6548,12229.372
00bbac68_6549,12229.372
00bbac68_6550,12229.38
00bbac68_6551,12229.38
00bbac68_6552,12229.366
00bbac68_6553,12229.366
00bbac68_6554,12229.385
00bbac68_6555,12229.385
00bbac68_6556,12229.385
00bbac68_6557,12229.385
00bbac68_6558,12229.432
00bbac68_6559,12229.432
00bbac68_6560,12229.432
00bbac68_6561,12229.445
00bbac68_6562,12229.4375
00bbac68_6563,12229.4375
00bbac68_6564,12229.4375
00bbac68_6565,12229.433
00bbac68_6566,12229.433
00bbac68_6567,12229.433
00bbac68_6568,12229.433
00bbac68_6569,12229.434
00bbac68_6570,12229.434
00bbac68_6571,12229.438
00bbac68_6572,12229.431
00bbac68_6573,12229.431
00bbac68_6574,12229.426
00bbac68_6575,12229.41
00bbac68_6576,12229.36
00bbac68_6577,12229.36
00bbac68_6578,12229.36
00bbac68_6579,12229.36
00bbac68_6580,12229.366
00bbac68_6581,12229.366
00bbac68_6582,12229.37
00bbac68_6583,12229.366
00bbac68_6584,12229.354
00bbac68_6585,12229.356
00bbac68_6586,12229.371
00bbac68_6587,12229.3545
00bbac68_6588,12229.355
00bbac68_6589,12229.378
00bbac68_6590,12229.386
00bbac68_6591,12229.397
00bbac68_6592,12229.402
00bbac68_6593,12229.41
00bbac68_6594,12229.404
00bbac68_6595,12229.404
00bbac68_6596,12229.398
00bbac68_6597,12229.41
00bbac68_6598,12229.409
00bbac68_6599,12229.414
00bbac68_6600,12229.402
00bbac68_6601,12229.41
00bbac68_6602,12229.411
00bbac68_6603,12229.429
00bbac68_6604,12229.433
00bbac68_6605,12229.429
00bbac68_6606,12229.429
00bbac68_6607,12229.401
00bbac68_6608,12229.401
00bbac68_6609,12229.402
00bbac68_6610,12229.41
00bbac68_6611,12229.41
00bbac68_6612,12229.387
00bbac68_6613,12229.416
00bbac68_6614,12229.399
00bbac68_6615,12229.38
00bbac68_6616,12229.38
00bbac68_6617,12229.498
00bbac68_6618,12229.503
00bbac68_6619,12229.403
00bbac68_6620,12229.307
00bbac68_6621,12229.299
00bbac68_6622,12229.293
00bbac68_6623,12229.287
00bbac68_6624,12229.4
00bbac68_6625,12229.4
00bbac68_6626,12229.395
00bbac68_6627,12229.296
00bbac68_6628,12229.413
00bbac68_6629,12229.401
00bbac68_6630,12229.456
00bbac68_6631,12229.47
00bbac68_6632,12229.483
00bbac68_6633,12229.472
00bbac68_6634,12229.465
00bbac68_6635,12229.455
00bbac68_6636,12229.449
00bbac68_6637,12229.472
00bbac68_6638,12229.478
00bbac68_6639,12229.475
00bbac68_6640,12229.4795
00bbac68_6641,12229.507
00bbac68_6642,12229.518
00bbac68_6643,12229.518
00bbac68_6644,12229.524
00bbac68_6645,12229.518
00bbac68_6646,12229.508
00bbac68_6647,12229.502
00bbac68_6648,12229.501
00bbac68_6649,12229.499
00bbac68_6650,12229.515
00bbac68_6651,12229.518
00bbac68_6652,12229.533
00bbac68_6653,12229.533
00bbac68_6654,12229.53
00bbac68_6655,12229.538
00bbac68_6656,12229.538
00bbac68_6657,12229.538
00bbac68_6658,12229.542
00bbac68_6659,12229.545
00bbac68_6660,12229.54
00bbac68_6661,12229.546
00bbac68_6662,12229.546
00bbac68_6663,12229.546
00bbac68_6664,12229.589
00bbac68_6665,12229.577
00bbac68_6666,12229.589
00bbac68_6667,12229.591
00bbac68_6668,12229.591
00bbac68_6669,12229.59
00bbac68_6670,12229.595
00bbac68_6671,12229.601
00bbac68_6672,12229.597
00bbac68_6673,12229.596
00bbac68_6674,12229.586
00bbac68_6675,12229.586
00bbac68_6676,12229.586
00bbac68_6677,12229.586
00bbac68_6678,12229.586
00bbac68_6679,12229.586
00bbac68_6680,12229.557
00bbac68_6681,12229.548
00bbac68_6682,12229.489
00bbac68_6683,12229.49
00bbac68_6684,12229.496
00bbac68_6685,12229.496
00bbac68_6686,12229.488
00bbac68_6687,12229.495
00bbac68_6688,12229.49
00bbac68_6689,12229.39
00bbac68_6690,12229.382
00bbac68_6691,12229.378
00bbac68_6692,12229.379
00bbac68_6693,12229.389
00bbac68_6694,12229.352
00bbac68_6695,12229.312
00bbac68_6696,12229.349
00bbac68_6697,12229.311
00bbac68_6698,12229.355
00bbac68_6699,12229.367
00bbac68_6700,12229.395
00bbac68_6701,12229.361
00bbac68_6702,12229.349
00bbac68_6703,12229.388
00bbac68_6704,12229.383
00bbac68_6705,12229.483
00bbac68_6706,12229.481
00bbac68_6707,12229.505
00bbac68_6708,12229.565
00bbac68_6709,12229.574
00bbac68_6710,12229.618
00bbac68_6711,12229.63
00bbac68_6712,12229.609
00bbac68_6713,12229.639
00bbac68_6714,12229.644
00bbac68_6715,12229.653
00bbac68_6716,12229.649
00bbac68_6717,12229.641
00bbac68_6718,12229.78
00bbac68_6719,12229.78
00bbac68_6720,12229.754
00bbac68_6721,12229.78
00bbac68_6722,12229.78
00bbac68_6723,12229.78
00bbac68_6724,12229.787
00bbac68_6725,12229.78
00bbac68_6726,12229.78
00bbac68_6727,12229.772
00bbac68_6728,12229.782
00bbac68_6729,12229.753
00bbac68_6730,12229.753
00bbac68_6731,12229.754
00bbac68_6732,12229.773
00bbac68_6733,12229.764
00bbac68_6734,12229.77
00bbac68_6735,12229.756
00bbac68_6736,12229.757
00bbac68_6737,12229.757
00bbac68_6738,12229.7705
00bbac68_6739,12229.772
00bbac68_6740,12229.772
00bbac68_6741,12229.756
00bbac68_6742,12229.792
00bbac68_6743,12229.775
00bbac68_6744,12229.742
00bbac68_6745,12229.74
00bbac68_6746,12229.742
00bbac68_6747,12229.742
00bbac68_6748,12229.742
00bbac68_6749,12229.742
00bbac68_6750,12229.742
00bbac68_6751,12229.75
00bbac68_6752,12229.747
00bbac68_6753,12229.739
00bbac68_6754,12229.727
00bbac68_6755,12229.759
00bbac68_6756,12229.787
00bbac68_6757,12229.787
00bbac68_6758,12229.787
00bbac68_6759,12229.785
00bbac68_6760,12229.743
00bbac68_6761,12229.752
00bbac68_6762,12229.778
00bbac68_6763,12229.78
00bbac68_6764,12229.783
00bbac68_6765,12229.787
00bbac68_6766,12229.786
00bbac68_6767,12229.786
00bbac68_6768,12229.786
00bbac68_6769,12229.792
00bbac68_6770,12229.823
00bbac68_6771,12229.848
00bbac68_6772,12229.823
00bbac68_6773,12229.819
00bbac68_6774,12229.811
00bbac68_6775,12229.811
00bbac68_6776,12229.821
00bbac68_6777,12229.811
00bbac68_6778,12229.809
00bbac68_6779,12229.809
00bbac68_6780,12229.804
00bbac68_6781,12229.814
00bbac68_6782,12229.814
00bbac68_6783,12229.8125
00bbac68_6784,12229.795
00bbac68_6785,12229.765
00bbac68_6786,12229.819
00bbac68_6787,12229.787
00bbac68_6788,12229.803
00bbac68_6789,12229.807
00bbac68_6790,12229.82
00bbac68_6791,12229.817
00bbac68_6792,12229.806
00bbac68_6793,12229.794
00bbac68_6794,12229.777
00bbac68_6795,12229.777
00bbac68_6796,12229.778
00bbac68_6797,12229.778
00bbac68_6798,12229.785
00bbac68_6799,12229.781
00bbac68_6800,12229.774
00bbac68_6801,12229.773
00bbac68_6802,12229.841
00bbac68_6803,12229.857
00bbac68_6804,12229.874
00bbac68_6805,12229.923
00bbac68_6806,12229.923
00bbac68_6807,12229.923
00bbac68_6808,12229.876
00bbac68_6809,12229.876
00bbac68_6810,12229.8545
00bbac68_6811,12229.789
00bbac68_6812,12229.765
00bbac68_6813,12229.727
00bbac68_6814,12229.722
00bbac68_6815,12229.627
00bbac68_6816,12229.619
00bbac68_6817,12229.608
00bbac68_6818,12229.593
00bbac68_6819,12229.593
00bbac68_6820,12229.593
00bbac68_6821,12229.593
00bbac68_6822,12229.593
00bbac68_6823,12229.546
00bbac68_6824,12229.546
00bbac68_6825,12229.549
00bbac68_6826,12229.549
00bbac68_6827,12229.559
00bbac68_6828,12229.557
00bbac68_6829,12229.551
00bbac68_6830,12229.557
00bbac68_6831,12229.558
00bbac68_6832,12229.557
00bbac68_6833,12229.558
00bbac68_6834,12229.559
00bbac68_6835,12229.553
00bbac68_6836,12229.554
00bbac68_6837,12229.559
00bbac68_6838,12229.558
00bbac68_6839,12229.558
00bbac68_6840,12229.557
00bbac68_6841,12229.551
00bbac68_6842,12229.549
00bbac68_6843,12229.581
00bbac68_6844,12229.569
00bbac68_6845,12229.562
00bbac68_6846,12229.572
00bbac68_6847,12229.56
00bbac68_6848,12229.561
00bbac68_6849,12229.652
00bbac68_6850,12229.643
00bbac68_6851,12229.641
00bbac68_6852,12229.692
00bbac68_6853,12229.715
00bbac68_6854,12229.837
00bbac68_6855,12229.883
00bbac68_6856,12229.867
00bbac68_6857,12229.919
00bbac68_6858,12229.919
00bbac68_6859,12229.929
00bbac68_6860,12229.929
00bbac68_6861,12229.929
00bbac68_6862,12229.929
00bbac68_6863,12229.9375
00bbac68_6864,12230.032
00bbac68_6865,12230.1
00bbac68_6866,12230.1
00bbac68_6867,12230.103
00bbac68_6868,12230.106
00bbac68_6869,12230.135
00bbac68_6870,12230.133
00bbac68_6871,12230.134
00bbac68_6872,12230.111
00bbac68_6873,12229.99
00bbac68_6874,12229.99
00bbac68_6875,12229.99
00bbac68_6876,12230.053
00bbac68_6877,12230.049
00bbac68_6878,12230.04
00bbac68_6879,12229.986
00bbac68_6880,12229.92
00bbac68_6881,12229.921
00bbac68_6882,12229.912
00bbac68_6883,12229.903
00bbac68_6884,12229.903
00bbac68_6885,12229.851
00bbac68_6886,12229.874
00bbac68_6887,12229.819
00bbac68_6888,12229.821
00bbac68_6889,12229.702
00bbac68_6890,12229.671
00bbac68_6891,12229.643
00bbac68_6892,12229.644
00bbac68_6893,12229.644
00bbac68_6894,12229.836
00bbac68_6895,12229.835
00bbac68_6896,12229.841
00bbac68_6897,12229.846
00bbac68_6898,12229.846
00bbac68_6899,12229.816
00bbac68_6900,12229.846
00bbac68_6901,12229.867
00bbac68_6902,12229.862
00bbac68_6903,12229.86
00bbac68_6904,12229.866
00bbac68_6905,12229.983
00bbac68_6906,12230.059
00bbac68_6907,12229.993
00bbac68_6908,12229.987
00bbac68_6909,12229.987
00bbac68_6910,12229.987
00bbac68_6911,12229.988
00bbac68_6912,12229.991
00bbac68_6913,12229.9795
00bbac68_6914,12230.007
00bbac68_6915,12229.994
00bbac68_6916,12229.994
00bbac68_6917,12229.995
00bbac68_6918,12229.995
00bbac68_6919,12229.995
00bbac68_6920,12229.993
00bbac68_6921,12229.998
00bbac68_6922,12229.993
00bbac68_6923,12230.001
00bbac68_6924,12229.994
00bbac68_6925,12229.994
00bbac68_6926,12230.001
00bbac68_6927,12230.001
00bbac68_6928,12230.001
00bbac68_6929,12230.001
00bbac68_6930,12230.001
00bbac68_6931,12230.001
00bbac68_6932,12229.999
00bbac68_6933,12230.005
00bbac68_6934,12230.001
00bbac68_6935,12230.001
00bbac68_6936,12230.0
00bbac68_6937,12230.022
00bbac68_6938,12230.019
00bbac68_6939,12230.02
00bbac68_6940,12230.019
00bbac68_6941,12229.999
00bbac68_6942,12230.003
00bbac68_6943,12230.0
00bbac68_6944,12230.036
00bbac68_6945,12230.1
00bbac68_6946,12230.11
00bbac68_6947,12230.111
00bbac68_6948,12229.979
00bbac68_6949,12229.938
00bbac68_6950,12229.938
00bbac68_6951,12229.912
00bbac68_6952,12229.907
00bbac68_6953,12229.912
00bbac68_6954,12229.913
00bbac68_6955,12229.924
00bbac68_6956,12229.918
00bbac68_6957,12229.919
00bbac68_6958,12229.937
00bbac68_6959,12229.941
00bbac68_6960,12229.945
00bbac68_6961,12229.937
00bbac68_6962,12229.944
00bbac68_6963,12229.949
00bbac68_6964,12229.942
00bbac68_6965,12229.942
00bbac68_6966,12229.952
00bbac68_6967,12229.915
00bbac68_6968,12229.917
00bbac68_6969,12229.909
00bbac68_6970,12229.938
00bbac68_6971,12230.0625
00bbac68_6972,12230.187
00bbac68_6973,12230.193
00bbac68_6974,12230.2
00bbac68_6975,12230.194
00bbac68_6976,12230.217
00bbac68_6977,12230.229
00bbac68_6978,12230.241
00bbac68_6979,12230.241
00bbac68_6980,12230.198
00bbac68_6981,12230.2
00bbac68_6982,12230.207
00bbac68_6983,12230.203
00bbac68_6984,12230.203
00bbac68_6985,12230.204
00bbac68_6986,12230.211
00bbac68_6987,12230.212
00bbac68_6988,12230.203
00bbac68_6989,12230.198
00bbac68_6990,12230.172
00bbac68_6991,12230.192
00bbac68_6992,12230.167
00bbac68_6993,12230.179
00bbac68_6994,12230.179
00bbac68_6995,12230.186
00bbac68_6996,12230.171
00bbac68_6997,12230.163
00bbac68_6998,12230.106
00bbac68_6999,12230.073
00bbac68_7000,12230.095
00bbac68_7001,12230.095
00bbac68_7002,12230.119
00bbac68_7003,12230.13
00bbac68_7004,12230.13
00bbac68_7005,12230.1045
00bbac68_7006,12230.074
00bbac68_7007,12230.085
00bbac68_7008,12230.129
00bbac68_7009,12230.121
00bbac68_7010,12230.121
00bbac68_7011,12230.114
00bbac68_7012,12230.11
00bbac68_7013,12230.122
00bbac68_7014,12230.124
00bbac68_7015,12230.125
00bbac68_7016,12230.134
00bbac68_7017,12230.126
00bbac68_7018,12230.125
00bbac68_7019,12230.14
00bbac68_7020,12230.184
00bbac68_7021,12230.187
00bbac68_7022,12230.183
00bbac68_7023,12230.181
00bbac68_7024,12230.172
00bbac68_7025,12230.181
00bbac68_7026,12230.187
00bbac68_7027,12230.185
00bbac68_7028,12230.23
00bbac68_7029,12230.23
00bbac68_7030,12230.233
00bbac68_7031,12230.2295
00bbac68_7032,12230.202
00bbac68_7033,12230.215
00bbac68_7034,12230.192
00bbac68_7035,12230.218
00bbac68_7036,12230.192
00bbac68_7037,12230.201
00bbac68_7038,12230.217
00bbac68_7039,12230.22
00bbac68_7040,12230.207
00bbac68_7041,12230.207
00bbac68_7042,12230.191
00bbac68_7043,12230.176
00bbac68_7044,12230.176
00bbac68_7045,12230.167
00bbac68_7046,12230.167
00bbac68_7047,12230.158
00bbac68_7048,12230.149
00bbac68_7049,12230.157
00bbac68_7050,12230.163
00bbac68_7051,12230.186
00bbac68_7052,12230.165
00bbac68_7053,12230.195
00bbac68_7054,12230.165
00bbac68_7055,12230.198
00bbac68_7056,12230.162
00bbac68_7057,12230.109
00bbac68_7058,12230.1045
00bbac68_7059,12230.159
00bbac68_7060,12230.162
00bbac68_7061,12230.098
00bbac68_7062,12229.998
00bbac68_7063,12229.991
00bbac68_7064,12229.991
00bbac68_7065,12229.968
00bbac68_7066,12229.967
00bbac68_7067,12229.968
00bbac68_7068,12229.974
00bbac68_7069,12229.973
00bbac68_7070,12229.979
00bbac68_7071,12229.957
00bbac68_7072,12229.951
00bbac68_7073,12229.903
00bbac68_7074,12229.903
00bbac68_7075,12229.899
00bbac68_7076,12229.904
00bbac68_7077,12229.901
00bbac68_7078,12229.939
00bbac68_7079,12229.96
00bbac68_7080,12229.96
00bbac68_7081,12230.078
00bbac68_7082,12230.0205
00bbac68_7083,12230.032
00bbac68_7084,12230.032
00bbac68_7085,12230.032
00bbac68_7086,12230.046
00bbac68_7087,12230.102
00bbac68_7088,12230.1045
00bbac68_7089,12230.134
00bbac68_7090,12230.134
00bbac68_7091,12230.152
00bbac68_7092,12230.152
00bbac68_7093,12230.153
00bbac68_7094,12230.136
00bbac68_7095,12230.143
00bbac68_7096,12230.131
00bbac68_7097,12230.132
00bbac68_7098,12230.172
00bbac68_7099,12230.185
00bbac68_7100,12230.195
00bbac68_7101,12230.13
00bbac68_7102,12230.13
00bbac68_7103,12230.136
00bbac68_7104,12230.08
00bbac68_7105,12230.078
00bbac68_7106,12230.0625
00bbac68_7107,12230.059
00bbac68_7108,12230.086
00bbac68_7109,12230.081
00bbac68_7110,12230.079
00bbac68_7111,12230.079
00bbac68_7112,12230.053
00bbac68_7113,12230.021
00bbac68_7114,12230.006
00bbac68_7115,12230.036
00bbac68_7116,12229.988
00bbac68_7117,12229.969
00bbac68_7118,12229.946
00bbac68_7119,12229.946
00bbac68_7120,12229.928
00bbac68_7121,12229.945
00bbac68_7122,12229.957
00bbac68_7123,12229.967
00bbac68_7124,12229.984
00bbac68_7125,12230.0205
00bbac68_7126,12230.044
00bbac68_7127,12230.042
00bbac68_7128,12230.042
00bbac68_7129,12230.04
00bbac68_7130,12230.024
00bbac68_7131,12230.024
00bbac68_7132,12230.024
00bbac68_7133,12230.025
00bbac68_7134,12230.0625
00bbac68_7135,12230.179
00bbac68_7136,12230.168
00bbac68_7137,12230.163
00bbac68_7138,12230.166
00bbac68_7139,12230.156
00bbac68_7140,12230.149
00bbac68_7141,12230.149
00bbac68_7142,12230.149
00bbac68_7143,12230.136
00bbac68_7144,12230.14
00bbac68_7145,12230.147
00bbac68_7146,12230.166
00bbac68_7147,12230.113
00bbac68_7148,12230.114
00bbac68_7149,12230.139
00bbac68_7150,12230.162
00bbac68_7151,12230.159
00bbac68_7152,12230.162
00bbac68_7153,12230.205
00bbac68_7154,12230.19
00bbac68_7155,12230.198
00bbac68_7156,12230.193
00bbac68_7157,12230.252
00bbac68_7158,12230.246
00bbac68_7159,12230.209
00bbac68_7160,12230.1875
00bbac68_7161,12230.202
00bbac68_7162,12230.181
00bbac68_7163,12230.153
00bbac68_7164,12230.101
00bbac68_7165,12229.983
00bbac68_7166,12229.952
00bbac68_7167,12229.981
00bbac68_7168,12229.994
00bbac68_7169,12230.134
00bbac68_7170,12230.067
00bbac68_7171,12230.033
00bbac68_7172,12230.05
00bbac68_7173,12230.006
00bbac68_7174,12230.018
00bbac68_7175,12230.018
00bbac68_7176,12230.016
00bbac68_7177,12230.011
00bbac68_7178,12230.015
00bbac68_7179,12230.015
00bbac68_7180,12230.018
00bbac68_7181,12230.016
00bbac68_7182,12230.022
00bbac68_7183,12230.016
00bbac68_7184,12230.012
00bbac68_7185,12230.012
00bbac68_7186,12230.001
00bbac68_7187,12230.077
00bbac68_7188,12230.082
00bbac68_7189,12230.109
00bbac68_7190,12230.109
00bbac68_7191,12230.109
00bbac68_7192,12230.109
00bbac68_7193,12230.109
00bbac68_7194,12230.104
00bbac68_7195,12230.094
00bbac68_7196,12230.09
00bbac68_7197,12230.09
00bbac68_7198,12230.09
00bbac68_7199,12230.103
00bbac68_7200,12230.103
00bbac68_7201,12230.109
00bbac68_7202,12230.103
00bbac68_7203,12230.093
00bbac68_7204,12230.102
00bbac68_7205,12230.076
00bbac68_7206,12230.069
00bbac68_7207,12230.069
00bbac68_7208,12230.069
00bbac68_7209,12230.06
00bbac68_7210,12230.072
00bbac68_7211,12230.072
00bbac68_7212,12230.072
00bbac68_7213,12230.071
00bbac68_7214,12230.076
00bbac68_7215,12230.063
00bbac68_7216,12230.072
00bbac68_7217,12230.074
00bbac68_7218,12230.06
00bbac68_7219,12230.103
00bbac68_7220,12230.149
00bbac68_7221,12230.1455
00bbac68_7222,12230.053
00bbac68_7223,12230.028
00bbac68_7224,12230.031
00bbac68_7225,12230.002
00bbac68_7226,12230.007
00bbac68_7227,12230.027
00bbac68_7228,12230.074
00bbac68_7229,12230.146
00bbac68_7230,12230.149
00bbac68_7231,12230.17
00bbac68_7232,12230.196
00bbac68_7233,12230.196
00bbac68_7234,12230.196
00bbac68_7235,12230.197
00bbac68_7236,12230.16
00bbac68_7237,12230.167
00bbac68_7238,12230.163
00bbac68_7239,12230.146
00bbac68_7240,12230.147
00bbac68_7241,12230.127
00bbac68_7242,12230.116
00bbac68_7243,12230.116
00bbac68_7244,12230.121
00bbac68_7245,12230.144
00bbac68_7246,12230.155
00bbac68_7247,12230.157
00bbac68_7248,12230.147
00bbac68_7249,12230.098
00bbac68_7250,12230.061
00bbac68_7251,12230.052
00bbac68_7252,12230.043
00bbac68_7253,12229.998
00bbac68_7254,12229.992
00bbac68_7255,12229.984
00bbac68_7256,12229.957
00bbac68_7257,12229.966
00bbac68_7258,12229.961
00bbac68_7259,12229.976
00bbac68_7260,12229.981
00bbac68_7261,12230.028
00bbac68_7262,12230.028
00bbac68_7263,12230.028
00bbac68_7264,12229.988
00bbac68_7265,12229.986
00bbac68_7266,12229.936
00bbac68_7267,12229.932
00bbac68_7268,12229.939
00bbac68_7269,12229.966
00bbac68_7270,12229.937
00bbac68_7271,12229.943
00bbac68_7272,12229.961
00bbac68_7273,12229.953
00bbac68_7274,12229.954
00bbac68_7275,12229.946
00bbac68_7276,12229.957
00bbac68_7277,12229.959
00bbac68_7278,12229.956
00bbac68_7279,12229.912
00bbac68_7280,12229.901
00bbac68_7281,12229.898
00bbac68_7282,12229.889
00bbac68_7283,12229.889
00bbac68_7284,12229.932
00bbac68_7285,12229.937
00bbac68_7286,12229.946
00bbac68_7287,12229.9375
00bbac68_7288,12229.938
00bbac68_7289,12229.808
00bbac68_7290,12229.882
00bbac68_7291,12229.917
00bbac68_7292,12229.926
00bbac68_7293,12229.926
00bbac68_7294,12229.926
00bbac68_7295,12229.929
00bbac68_7296,12229.929
00bbac68_7297,12229.933
00bbac68_7298,12229.941
00bbac68_7299,12229.948
00bbac68_7300,12229.945
00bbac68_7301,12229.971
00bbac68_7302,12230.089
00bbac68_7303,12230.091
00bbac68_7304,12230.089
00bbac68_7305,12230.062
00bbac68_7306,12230.06
00bbac68_7307,12230.065
00bbac68_7308,12230.065
00bbac68_7309,12230.064
00bbac68_7310,12230.091
00bbac68_7311,12230.089
00bbac68_7312,12230.096
00bbac68_7313,12230.096
00bbac68_7314,12230.096
00bbac68_7315,12230.098
00bbac68_7316,12230.091
00bbac68_7317,12230.064
00bbac68_7318,12230.066
00bbac68_7319,12230.049
00bbac68_7320,12230.049
00bbac68_7321,12230.023
00bbac68_7322,12230.034
00bbac68_7323,12230.04
00bbac68_7324,12230.13
00bbac68_7325,12230.08
00bbac68_7326,12230.106
00bbac68_7327,12230.136
00bbac68_7328,12230.132
00bbac68_7329,12230.11
00bbac68_7330,12230.097
00bbac68_7331,12230.111
00bbac68_7332,12230.111
00bbac68_7333,12230.129
00bbac68_7334,12230.124
00bbac68_7335,12230.124
00bbac68_7336,12230.14
00bbac68_7337,12230.14
00bbac68_7338,12230.143
00bbac68_7339,12230.133
00bbac68_7340,12230.133
00bbac68_7341,12230.097
00bbac68_7342,12230.1
00bbac68_7343,12230.099
00bbac68_7344,12230.091
00bbac68_7345,12230.091
00bbac68_7346,12230.125
00bbac68_7347,12230.125
00bbac68_7348,12230.121
00bbac68_7349,12230.121
00bbac68_7350,12230.126
00bbac68_7351,12230.145
00bbac68_7352,12230.125
00bbac68_7353,12230.147
00bbac68_7354,12230.131
00bbac68_7355,12230.13
00bbac68_7356,12230.091
00bbac68_7357,12230.135
00bbac68_7358,12230.131
00bbac68_7359,12230.131
00bbac68_7360,12230.118
00bbac68_7361,12230.108
00bbac68_7362,12230.108
00bbac68_7363,12230.098
00bbac68_7364,12230.108
00bbac68_7365,12230.153
00bbac68_7366,12230.17
00bbac68_7367,12230.179
00bbac68_7368,12230.167
00bbac68_7369,12230.173
00bbac68_7370,12230.265
00bbac68_7371,12230.269
00bbac68_7372,12230.254
00bbac68_7373,12230.262
00bbac68_7374,12230.304
00bbac68_7375,12230.304
00bbac68_7376,12230.275
00bbac68_7377,12230.27
00bbac68_7378,12230.148
00bbac68_7379,12230.148
00bbac68_7380,12230.148
00bbac68_7381,12230.148
00bbac68_7382,12230.148
00bbac68_7383,12230.138
00bbac68_7384,12230.147
00bbac68_7385,12230.14
00bbac68_7386,12230.147
00bbac68_7387,12230.136
00bbac68_7388,12230.14
00bbac68_7389,12230.128
00bbac68_7390,12230.254
00bbac68_7391,12230.217
00bbac68_7392,12230.205
00bbac68_7393,12230.207
00bbac68_7394,12230.217
00bbac68_7395,12230.198
00bbac68_7396,12230.028
00bbac68_7397,12230.032
00bbac68_7398,12230.0205
00bbac68_7399,12230.013
00bbac68_7400,12230.023
00bbac68_7401,12230.033
00bbac68_7402,12230.037
00bbac68_7403,12230.041
00bbac68_7404,12230.053
00bbac68_7405,12230.043
00bbac68_7406,12230.03
00bbac68_7407,12230.035
00bbac68_7408,12230.042
00bbac68_7409,12230.044
00bbac68_7410,12230.033
00bbac68_7411,12230.065
00bbac68_7412,12230.2295
00bbac68_7413,12230.2295
00bbac68_7414,12230.216
00bbac68_7415,12230.216
00bbac68_7416,12230.202
00bbac68_7417,12230.217
00bbac68_7418,12230.2295
00bbac68_7419,12230.233
00bbac68_7420,12230.276
00bbac68_7421,12230.276
00bbac68_7422,12230.257
00bbac68_7423,12230.249
00bbac68_7424,12230.291
00bbac68_7425,12230.291
00bbac68_7426,12230.291
00bbac68_7427,12230.287
00bbac68_7428,12230.274
00bbac68_7429,12230.237
00bbac68_7430,12230.234
00bbac68_7431,12230.231
00bbac68_7432,12230.231
00bbac68_7433,12230.225
00bbac68_7434,12230.225
00bbac68_7435,12230.231
00bbac68_7436,12230.21
00bbac68_7437,12230.235
00bbac68_7438,12230.199
00bbac68_7439,12230.188
00bbac68_7440,12230.149
00bbac68_7441,12230.156
00bbac68_7442,12230.157
00bbac68_7443,12230.144
00bbac68_7444,12230.143
00bbac68_7445,12230.151
00bbac68_7446,12230.168
00bbac68_7447,12230.151
00bbac68_7448,12230.151
00bbac68_7449,12230.189
00bbac68_7450,12230.17
00bbac68_7451,12230.162
00bbac68_7452,12230.145
00bbac68_7453,12230.146
00bbac68_7454,12230.211
00bbac68_7455,12230.202
00bbac68_7456,12230.218
00bbac68_7457,12230.24
00bbac68_7458,12230.269
00bbac68_7459,12230.334
00bbac68_7460,12230.342
00bbac68_7461,12230.329
00bbac68_7462,12230.322
00bbac68_7463,12230.312
00bbac68_7464,12230.32
00bbac68_7465,12230.304
00bbac68_7466,12230.304
00bbac68_7467,12230.309
00bbac68_7468,12230.309
00bbac68_7469,12230.309
00bbac68_7470,12230.306
00bbac68_7471,12230.284
00bbac68_7472,12230.176
00bbac68_7473,12230.183
00bbac68_7474,12230.179
00bbac68_7475,12230.19
00bbac68_7476,12230.186
00bbac68_7477,12230.178
00bbac68_7478,12230.267
00bbac68_7479,12230.25
00bbac68_7480,12230.239
00bbac68_7481,12230.241
00bbac68_7482,12230.237
00bbac68_7483,12230.209
00bbac68_7484,12230.224
00bbac68_7485,12230.224
00bbac68_7486,12230.242
00bbac68_7487,12230.241
00bbac68_7488,12230.356
00bbac68_7489,12230.387
00bbac68_7490,12230.391
00bbac68_7491,12230.326
00bbac68_7492,12230.326
00bbac68_7493,12230.323
00bbac68_7494,12230.26
00bbac68_7495,12230.262
00bbac68_7496,12230.242
00bbac68_7497,12230.242
00bbac68_7498,12230.241
00bbac68_7499,12230.247
00bbac68_7500,12230.342
00bbac68_7501,12230.342
00bbac68_7502,12230.365
00bbac68_7503,12230.363
00bbac68_7504,12230.361
00bbac68_7505,12230.361
00bbac68_7506,12230.523
00bbac68_7507,12230.522
00bbac68_7508,12230.503
00bbac68_7509,12230.504
00bbac68_7510,12230.504
00bbac68_7511,12230.498
00bbac68_7512,12230.504
00bbac68_7513,12230.504
00bbac68_7514,12230.505
00bbac68_7515,12230.508
00bbac68_7516,12230.497
00bbac68_7517,12230.524
00bbac68_7518,12230.526
00bbac68_7519,12230.537
00bbac68_7520,12230.537
00bbac68_7521,12230.548
00bbac68_7522,12230.56
00bbac68_7523,12230.544
00bbac68_7524,12230.543
00bbac68_7525,12230.544
00bbac68_7526,12230.544
00bbac68_7527,12230.632
00bbac68_7528,12230.685
00bbac68_7529,12230.712
00bbac68_7530,12230.691
00bbac68_7531,12230.695
00bbac68_7532,12230.695
00bbac68_7533,12230.6875
00bbac68_7534,12230.695
00bbac68_7535,12230.695
00bbac68_7536,12230.677
00bbac68_7537,12230.677
00bbac68_7538,12230.677
00bbac68_7539,12230.733
00bbac68_7540,12230.608
00bbac68_7541,12230.646
00bbac68_7542,12230.599
00bbac68_7543,12230.588
00bbac68_7544,12230.578
00bbac68_7545,12230.586
00bbac68_7546,12230.597
00bbac68_7547,12230.621
00bbac68_7548,12230.64
00bbac68_7549,12230.604
00bbac68_7550,12230.589
00bbac68_7551,12230.588
00bbac68_7552,12230.573
00bbac68_7553,12230.529
00bbac68_7554,12230.548
00bbac68_7555,12230.529
00bbac68_7556,12230.529
00bbac68_7557,12230.547
00bbac68_7558,12230.551
00e12e8b_2083,11601.036
00e12e8b_2084,11601.016
00e12e8b_2085,11601.006
00e12e8b_2086,11601.019
00e12e8b_2087,11601.013
00e12e8b_2088,11601.002
00e12e8b_2089,11601.009
00e12e8b_2090,11601.008
00e12e8b_2091,11601.005
00e12e8b_2092,11601.012
00e12e8b_2093,11601.018
00e12e8b_2094,11600.992
00e12e8b_2095,11600.998
00e12e8b_2096,11601.004
00e12e8b_2097,11600.995
00e12e8b_2098,11601.07
00e12e8b_2099,11601.07
00e12e8b_2100,11601.078
00e12e8b_2101,11601.072
00e12e8b_2102,11601.174
00e12e8b_2103,11601.166
00e12e8b_2104,11601.257
00e12e8b_2105,11601.3545
00e12e8b_2106,11601.355
00e12e8b_2107,11601.3545
00e12e8b_2108,11601.351
00e12e8b_2109,11601.364
00e12e8b_2110,11601.434
00e12e8b_2111,11601.452
00e12e8b_2112,11601.458
00e12e8b_2113,11601.448
00e12e8b_2114,11601.448
00e12e8b_2115,11601.45
00e12e8b_2116,11601.434
00e12e8b_2117,11601.416
00e12e8b_2118,11601.441
00e12e8b_2119,11601.441
00e12e8b_2120,11601.441
00e12e8b_2121,11601.441
00e12e8b_2122,11601.435
00e12e8b_2123,11601.487
00e12e8b_2124,11601.487
00e12e8b_2125,11601.501
00e12e8b_2126,11601.502
00e12e8b_2127,11601.528
00e12e8b_2128,11601.528
00e12e8b_2129,11601.523
00e12e8b_2130,11601.523
00e12e8b_2131,11601.52
00e12e8b_2132,11601.495
00e12e8b_2133,11601.546
00e12e8b_2134,11601.585
00e12e8b_2135,11601.575
00e12e8b_2136,11601.59
00e12e8b_2137,11601.594
00e12e8b_2138,11601.571
00e12e8b_2139,11601.576
00e12e8b_2140,11601.57
00e12e8b_2141,11601.572
00e12e8b_2142,11601.567
00e12e8b_2143,11601.571
00e12e8b_2144,11601.552
00e12e8b_2145,11601.549
00e12e8b_2146,11601.609
00e12e8b_2147,11601.609
00e12e8b_2148,11601.613
00e12e8b_2149,11601.614
00e12e8b_2150,11601.615
00e12e8b_2151,11601.602
00e12e8b_2152,11601.599
00e12e8b_2153,11601.609
00e12e8b_2154,11601.635
00e12e8b_2155,11601.649
00e12e8b_2156,11601.664
00e12e8b_2157,11601.698
00e12e8b_2158,11601.718
00e12e8b_2159,11601.726
00e12e8b_2160,11601.762
00e12e8b_2161,11601.761
00e12e8b_2162,11601.823
00e12e8b_2163,11601.833
00e12e8b_2164,11601.84
00e12e8b_2165,11601.838
00e12e8b_2166,11601.838
00e12e8b_2167,11601.858
00e12e8b_2168,11601.874
00e12e8b_2169,11601.871
00e12e8b_2170,11601.867
00e12e8b_2171,11601.877
00e12e8b_2172,11601.879
00e12e8b_2173,11601.87
00e12e8b_2174,11601.879
00e12e8b_2175,11601.879
00e12e8b_2176,11601.871
00e12e8b_2177,11601.867
00e12e8b_2178,11601.878
00e12e8b_2179,11601.882
00e12e8b_2180,11601.882
00e12e8b_2181,11602.0205
00e12e8b_2182,11602.0205
00e12e8b_2183,11602.027
00e12e8b_2184,11602.027
00e12e8b_2185,11602.07
00e12e8b_2186,11602.135
00e12e8b_2187,11602.202
00e12e8b_2188,11602.202
00e12e8b_2189,11602.202
00e12e8b_2190,11602.207
00e12e8b_2191,11602.21
00e12e8b_2192,11602.214
00e12e8b_2193,11602.204
00e12e8b_2194,11602.207
00e12e8b_2195,11602.199
00e12e8b_2196,11602.198
00e12e8b_2197,11602.189
00e12e8b_2198,11602.198
00e12e8b_2199,11602.192
00e12e8b_2200,11602.2
00e12e8b_2201,11602.193
00e12e8b_2202,11602.199
00e12e8b_2203,11602.186
00e12e8b_2204,11602.18
00e12e8b_2205,11602.088
00e12e8b_2206,11602.081
00e12e8b_2207,11602.085
00e12e8b_2208,11601.9795
00e12e8b_2209,11601.9795
00e12e8b_2210,11601.982
00e12e8b_2211,11602.011
00e12e8b_2212,11602.028
00e12e8b_2213,11602.097
00e12e8b_2214,11602.068
00e12e8b_2215,11602.062
00e12e8b_2216,11602.062
00e12e8b_2217,11602.056
00e12e8b_2218,11602.063
00e12e8b_2219,11602.057
00e12e8b_2220,11602.054
00e12e8b_2221,11602.054
00e12e8b_2222,11602.058
00e12e8b_2223,11602.049
00e12e8b_2224,11602.044
00e12e8b_2225,11602.037
00e12e8b_2226,11602.043
00e12e8b_2227,11602.037
00e12e8b_2228,11602.043
00e12e8b_2229,11602.042
00e12e8b_2230,11602.045
00e12e8b_2231,11602.052
00e12e8b_2232,11602.072
00e12e8b_2233,11602.061
00e12e8b_2234,11602.106
00e12e8b_2235,11602.176
00e12e8b_2236,11602.175
00e12e8b_2237,11602.176
00e12e8b_2238,11602.281
00e12e8b_2239,11602.286
00e12e8b_2240,11602.297
00e12e8b_2241,11602.305
00e12e8b_2242,11602.3
00e12e8b_2243,11602.295
00e12e8b_2244,11602.212
00e12e8b_2245,11602.215
00e12e8b_2246,11602.218
00e12e8b_2247,11602.225
00e12e8b_2248,11602.212
00e12e8b_2249,11602.199
00e12e8b_2250,11602.205
00e12e8b_2251,11602.208
00e12e8b_2252,11602.198
00e12e8b_2253,11602.191
00e12e8b_2254,11602.195
00e12e8b_2255,11602.215
00e12e8b_2256,11602.219
00e12e8b_2257,11602.219
00e12e8b_2258,11602.222
00e12e8b_2259,11602.218
00e12e8b_2260,11602.26
00e12e8b_2261,11602.283
00e12e8b_2262,11602.282
00e12e8b_2263,11602.34
00e12e8b_2264,11602.37
00e12e8b_2265,11602.363
00e12e8b_2266,11602.357
00e12e8b_2267,11602.394
00e12e8b_2268,11602.406
00e12e8b_2269,11602.368
00e12e8b_2270,11602.469
00e12e8b_2271,11602.452
00e12e8b_2272,11602.458
00e12e8b_2273,11602.461
00e12e8b_2274,11602.462
00e12e8b_2275,11602.458
00e12e8b_2276,11602.469
00e12e8b_2277,11602.469
00e12e8b_2278,11602.449
00e12e8b_2279,11602.435
00e12e8b_2280,11602.421
00e12e8b_2281,11602.421
00e12e8b_2282,11602.394
00e12e8b_2283,11602.394
00e12e8b_2284,11602.387
00e12e8b_2285,11602.41
00e12e8b_2286,11602.386
00e12e8b_2287,11602.383
00e12e8b_2288,11602.409
00e12e8b_2289,11602.387
00e12e8b_2290,11602.367
00e12e8b_2291,11602.496
00e12e8b_2292,11602.552
00e12e8b_2293,11602.575
00e12e8b_2294,11602.583
00e12e8b_2295,11602.586
00e12e8b_2296,11602.583
00e12e8b_2297,11602.583
00e12e8b_2298,11602.582
00e12e8b_2299,11602.582
00e12e8b_2300,11602.571
00e12e8b_2301,11602.582
00e12e8b_2302,11602.58
00e12e8b_2303,11602.576
00e12e8b_2304,11602.576
00e12e8b_2305,11602.58
00e12e8b_2306,11602.563
00e12e8b_2307,11602.563
00e12e8b_2308,11602.544
00e12e8b_2309,11602.566
00e12e8b_2310,11602.566
00e12e8b_2311,11602.607
00e12e8b_2312,11602.621
00e12e8b_2313,11602.57
00e12e8b_2314,11602.565
00e12e8b_2315,11602.558
00e12e8b_2316,11602.553
00e12e8b_2317,11602.536
00e12e8b_2318,11602.559
00e12e8b_2319,11602.592
00e12e8b_2320,11602.592
00e12e8b_2321,11602.592
00e12e8b_2322,11602.569
00e12e8b_2323,11602.569
00e12e8b_2324,11602.576
00e12e8b_2325,11602.572
00e12e8b_2326,11602.623
00e12e8b_2327,11602.626
00e12e8b_2328,11602.623
00e12e8b_2329,11602.62
00e12e8b_2330,11602.623
00e12e8b_2331,11602.623
00e12e8b_2332,11602.61
00e12e8b_2333,11602.61
00e12e8b_2334,11602.621
00e12e8b_2335,11602.621
00e12e8b_2336,11602.621
00e12e8b_2337,11602.621
00e12e8b_2338,11602.655
00e12e8b_2339,11602.726
00e12e8b_2340,11602.726
00e12e8b_2341,11602.726
00e12e8b_2342,11602.758
00e12e8b_2343,11602.7705
00e12e8b_2344,11602.766
00e12e8b_2345,11602.733
00e12e8b_2346,11602.737
00e12e8b_2347,11602.715
00e12e8b_2348,11602.72
00e12e8b_2349,11602.712
00e12e8b_2350,11602.712
00e12e8b_2351,11602.719
00e12e8b_2352,11602.719
00e12e8b_2353,11602.639
00e12e8b_2354,11602.651
00e12e8b_2355,11602.654
00e12e8b_2356,11602.658
00e12e8b_2357,11602.686
00e12e8b_2358,11602.677
00e12e8b_2359,11602.684
00e12e8b_2360,11602.665
00e12e8b_2361,11602.677
00e12e8b_2362,11602.684
00e12e8b_2363,11602.684
00e12e8b_2364,11602.741
00e12e8b_2365,11602.765
00e12e8b_2366,11602.758
00e12e8b_2367,11602.778
00e12e8b_2368,11602.804
00e12e8b_2369,11602.804
00e12e8b_2370,11602.833
00e12e8b_2371,11602.839
00e12e8b_2372,11602.843
00e12e8b_2373,11602.843
00e12e8b_2374,11602.849
00e12e8b_2375,11602.819
00e12e8b_2376,11602.837
00e12e8b_2377,11602.83
00e12e8b_2378,11602.748
00e12e8b_2379,11602.751
00e12e8b_2380,11602.757
00e12e8b_2381,11602.753
00e12e8b_2382,11602.753
00e12e8b_2383,11602.6875
00e12e8b_2384,11602.698
00e12e8b_2385,11602.698
00e12e8b_2386,11602.7705
00e12e8b_2387,11602.778
00e12e8b_2388,11602.795
00e12e8b_2389,11602.807
00e12e8b_2390,11602.858
00e12e8b_2391,11602.861
00e12e8b_2392,11602.871
00e12e8b_2393,11602.905
00e12e8b_2394,11602.891
00e12e8b_2395,11602.884
00e12e8b_2396,11602.884
00e12e8b_2397,11602.9375
00e12e8b_2398,11602.923
00e12e8b_2399,11602.923
00e12e8b_2400,11602.923
00e12e8b_2401,11602.933
00e12e8b_2402,11602.93
00e12e8b_2403,11602.933
00e12e8b_2404,11602.824
00e12e8b_2405,11602.834
00e12e8b_2406,11602.834
00e12e8b_2407,11602.82
00e12e8b_2408,11602.853
00e12e8b_2409,11602.791
00e12e8b_2410,11602.795
00e12e8b_2411,11602.797
00e12e8b_2412,11602.801
00e12e8b_2413,11602.809
00e12e8b_2414,11602.812
00e12e8b_2415,11602.954
00e12e8b_2416,11603.008
00e12e8b_2417,11603.015
00e12e8b_2418,11603.019
00e12e8b_2419,11603.016
00e12e8b_2420,11603.067
00e12e8b_2421,11603.084
00e12e8b_2422,11603.129
00e12e8b_2423,11603.124
00e12e8b_2424,11603.093
00e12e8b_2425,11603.089
00e12e8b_2426,11603.093
00e12e8b_2427,11603.075
00e12e8b_2428,11603.034
00e12e8b_2429,11603.008
00e12e8b_2430,11603.0
00e12e8b_2431,11603.011
00e12e8b_2432,11603.039
00e12e8b_2433,11602.992
00e12e8b_2434,11602.981
00e12e8b_2435,11602.999
00e12e8b_2436,11602.999
00e12e8b_2437,11603.027
00e12e8b_2438,11603.022
00e12e8b_2439,11603.1
00e12e8b_2440,11603.096
00e12e8b_2441,11603.133
00e12e8b_2442,11603.178
00e12e8b_2443,11603.178
00e12e8b_2444,11603.178
00e12e8b_2445,11603.174
00e12e8b_2446,11603.203
00e12e8b_2447,11603.198
00e12e8b_2448,11603.223
00e12e8b_2449,11603.189
00e12e8b_2450,11603.082
00e12e8b_2451,11603.097
00e12e8b_2452,11603.096
00e12e8b_2453,11603.031
00e12e8b_2454,11603.041
00e12e8b_2455,11603.053
00e12e8b_2456,11603.092
00e12e8b_2457,11603.091
00e12e8b_2458,11603.072
00e12e8b_2459,11603.063
00e12e8b_2460,11603.076
00e12e8b_2461,11603.102
00e12e8b_2462,11603.103
00e12e8b_2463,11603.093
00e12e8b_2464,11603.103
00e12e8b_2465,11603.112
00e12e8b_2466,11603.162
00e12e8b_2467,11603.167
00e12e8b_2468,11603.135
00e12e8b_2469,11603.128
00e12e8b_2470,11603.099
00e12e8b_2471,11603.101
00e12e8b_2472,11603.045
00e12e8b_2473,11603.065
00e12e8b_2474,11602.916
00e12e8b_2475,11602.955
00e12e8b_2476,11602.954
00e12e8b_2477,11602.981
00e12e8b_2478,11602.965
00e12e8b_2479,11602.975
00e12e8b_2480,11603.005
00e12e8b_2481,11603.021
00e12e8b_2482,11603.005
00e12e8b_2483,11603.078
00e12e8b_2484,11603.058
00e12e8b_2485,11603.092
00e12e8b_2486,11603.075
00e12e8b_2487,11603.092
00e12e8b_2488,11603.098
00e12e8b_2489,11603.123
00e12e8b_2490,11603.111
00e12e8b_2491,11603.019
00e12e8b_2492,11602.979
00e12e8b_2493,11602.945
00e12e8b_2494,11602.903
00e12e8b_2495,11602.899
00e12e8b_2496,11602.9
00e12e8b_2497,11602.738
00e12e8b_2498,11602.755
00e12e8b_2499,11602.78
00e12e8b_2500,11602.788
00e12e8b_2501,11602.8545
00e12e8b_2502,11602.8545
00e12e8b_2503,11602.8545
00e12e8b_2504,11602.848
00e12e8b_2505,11602.832
00e12e8b_2506,11602.844
00e12e8b_2507,11602.846
00e12e8b_2508,11602.857
00e12e8b_2509,11602.853
00e12e8b_2510,11602.809
00e12e8b_2511,11602.826
00e12e8b_2512,11602.675
00e12e8b_2513,11602.638
00e12e8b_2514,11602.703
00e12e8b_2515,11602.702
00e12e8b_2516,11602.702
00e12e8b_2517,11602.762
00e12e8b_2518,11602.72
00e12e8b_2519,11602.758
00e12e8b_2520,11602.76
00e12e8b_2521,11602.769
00e12e8b_2522,11602.794
00e12e8b_2523,11602.795
00e12e8b_2524,11602.836
00e12e8b_2525,11602.818
00e12e8b_2526,11602.891
00e12e8b_2527,11603.064
00e12e8b_2528,11603.069
00e12e8b_2529,11603.05
00e12e8b_2530,11603.05
00e12e8b_2531,11603.068
00e12e8b_2532,11602.996
00e12e8b_2533,11602.97
00e12e8b_2534,11602.966
00e12e8b_2535,11602.973
00e12e8b_2536,11602.999
00e12e8b_2537,11603.012
00e12e8b_2538,11603.071
00e12e8b_2539,11603.075
00e12e8b_2540,11603.102
00e12e8b_2541,11603.228
00e12e8b_2542,11603.236
00e12e8b_2543,11603.27
00e12e8b_2544,11603.312
00e12e8b_2545,11603.348
00e12e8b_2546,11603.328
00e12e8b_2547,11603.459
00e12e8b_2548,11603.438
00e12e8b_2549,11603.449
00e12e8b_2550,11603.438
00e12e8b_2551,11603.511
00e12e8b_2552,11603.55
00e12e8b_2553,11603.616
00e12e8b_2554,11603.62
00e12e8b_2555,11603.626
00e12e8b_2556,11603.626
00e12e8b_2557,11603.626
00e12e8b_2558,11603.622
00e12e8b_2559,11603.722
00e12e8b_2560,11603.718
00e12e8b_2561,11603.903
00e12e8b_2562,11603.961
00e12e8b_2563,11603.978
00e12e8b_2564,11603.967
00e12e8b_2565,11604.177
00e12e8b_2566,11604.21
00e12e8b_2567,11604.225
00e12e8b_2568,11604.234
00e12e8b_2569,11604.239
00e12e8b_2570,11604.249
00e12e8b_2571,11604.184
00e12e8b_2572,11604.204
00e12e8b_2573,11604.159
00e12e8b_2574,11604.207
00e12e8b_2575,11604.229
00e12e8b_2576,11604.246
00e12e8b_2577,11604.175
00e12e8b_2578,11604.29
00e12e8b_2579,11604.274
00e12e8b_2580,11604.258
00e12e8b_2581,11604.274
00e12e8b_2582,11604.268
00e12e8b_2583,11604.296
00e12e8b_2584,11604.213
00e12e8b_2585,11604.208
00e12e8b_2586,11604.2
00e12e8b_2587,11604.279
00e12e8b_2588,11604.36
00e12e8b_2589,11604.369
00e12e8b_2590,11604.387
00e12e8b_2591,11604.45
00e12e8b_2592,11604.585
00e12e8b_2593,11604.64
00e12e8b_2594,11604.64
00e12e8b_2595,11604.633
00e12e8b_2596,11604.649
00e12e8b_2597,11604.626
00e12e8b_2598,11604.626
00e12e8b_2599,11604.551
00e12e8b_2600,11604.572
00e12e8b_2601,11604.76
00e12e8b_2602,11604.788
00e12e8b_2603,11604.778
00e12e8b_2604,11604.799
00e12e8b_2605,11604.799
00e12e8b_2606,11604.815
00e12e8b_2607,11604.803
00e12e8b_2608,11604.8955
00e12e8b_2609,11604.889
00e12e8b_2610,11604.892
00e12e8b_2611,11604.929
00e12e8b_2612,11604.908
00e12e8b_2613,11604.941
00e12e8b_2614,11604.981
00e12e8b_2615,11604.963
00e12e8b_2616,11604.9795
00e12e8b_2617,11605.024
00e12e8b_2618,11605.046
00e12e8b_2619,11605.1045
00e12e8b_2620,11605.063
00e12e8b_2621,11605.039
00e12e8b_2622,11605.04
00e12e8b_2623,11605.048
00e12e8b_2624,11605.085
00e12e8b_2625,11605.089
00e12e8b_2626,11605.076
00e12e8b_2627,11605.395
00e12e8b_2628,11605.372
00e12e8b_2629,11605.372
00e12e8b_2630,11605.436
00e12e8b_2631,11605.433
00e12e8b_2632,11605.492
00e12e8b_2633,11605.553
00e12e8b_2634,11605.569
00e12e8b_2635,11605.569
00e12e8b_2636,11605.556
00e12e8b_2637,11605.62
00e12e8b_2638,11605.62
00e12e8b_2639,11605.676
00e12e8b_2640,11605.726
00e12e8b_2641,11605.726
00e12e8b_2642,11605.761
00e12e8b_2643,11605.788
00e12e8b_2644,11605.823
00e12e8b_2645,11605.934
00e12e8b_2646,11605.943
00e12e8b_2647,11605.905
00e12e8b_2648,11605.909
00e12e8b_2649,11605.925
00e12e8b_2650,11605.931
00e12e8b_2651,11605.914
00e12e8b_2652,11605.933
00e12e8b_2653,11606.101
00e12e8b_2654,11606.122
00e12e8b_2655,11606.139
00e12e8b_2656,11606.145
00e12e8b_2657,11606.126
00e12e8b_2658,11606.146
00e12e8b_2659,11606.145
00e12e8b_2660,11606.145
00e12e8b_2661,11606.138
00e12e8b_2662,11606.23
00e12e8b_2663,11606.304
00e12e8b_2664,11606.372
00e12e8b_2665,11606.401
00e12e8b_2666,11606.423
00e12e8b_2667,11606.427
00e12e8b_2668,11606.438
00e12e8b_2669,11606.582
00e12e8b_2670,11606.495
00e12e8b_2671,11606.506
00e12e8b_2672,11606.512
00e12e8b_2673,11606.5205
00e12e8b_2674,11606.517
00e12e8b_2675,11606.593
00e12e8b_2676,11606.585
00e12e8b_2677,11606.6875
00e12e8b_2678,11606.761
00e12e8b_2679,11606.803
00e12e8b_2680,11606.82
00e12e8b_2681,11606.82
00e12e8b_2682,11606.824
00e12e8b_2683,11606.852
00e12e8b_2684,11606.865
00e12e8b_2685,11606.875
00e12e8b_2686,11606.897
00e12e8b_2687,11606.929
00e12e8b_2688,11606.97
00e12e8b_2689,11606.902
00e12e8b_2690,11606.832
00e12e8b_2691,11606.852
00e12e8b_2692,11607.143
00e12e8b_2693,11607.127
00e12e8b_2694,11607.2295
00e12e8b_2695,11607.226
00e12e8b_2696,11607.216
00e12e8b_2697,11607.2
00e12e8b_2698,11607.16
00e12e8b_2699,11607.165
00e12e8b_2700,11607.186
00e12e8b_2701,11607.192
00e12e8b_2702,11607.192
00e12e8b_2703,11607.197
00e12e8b_2704,11607.215
00e12e8b_2705,11607.197
00e12e8b_2706,11607.3125
00e12e8b_2707,11607.297
00e12e8b_2708,11607.294
00e12e8b_2709,11607.341
00e12e8b_2710,11607.306
00e12e8b_2711,11607.229
00e12e8b_2712,11607.244
00e12e8b_2713,11607.171
00e12e8b_2714,11607.171
00e12e8b_2715,11607.164
00e12e8b_2716,11607.169
00e12e8b_2717,11607.178
00e12e8b_2718,11607.247
00e12e8b_2719,11607.192
00e12e8b_2720,11607.182
00e12e8b_2721,11607.182
00e12e8b_2722,11607.181
00e12e8b_2723,11607.196
00e12e8b_2724,11607.185
00e12e8b_2725,11607.239
00e12e8b_2726,11607.224
00e12e8b_2727,11607.222
00e12e8b_2728,11607.212
00e12e8b_2729,11607.331
00e12e8b_2730,11607.344
00e12e8b_2731,11607.339
00e12e8b_2732,11607.345
00e12e8b_2733,11607.312
00e12e8b_2734,11607.274
00e12e8b_2735,11607.265
00e12e8b_2736,11607.269
00e12e8b_2737,11607.266
00e12e8b_2738,11607.249
00e12e8b_2739,11607.189
00e12e8b_2740,11607.194
00e12e8b_2741,11607.193
00e12e8b_2742,11607.201
00e12e8b_2743,11607.182
00e12e8b_2744,11607.176
00e12e8b_2745,11607.1045
00e12e8b_2746,11607.0625
00e12e8b_2747,11607.045
00e12e8b_2748,11607.07
00e12e8b_2749,11607.154
00e12e8b_2750,11607.149
00e12e8b_2751,11607.175
00e12e8b_2752,11607.126
00e12e8b_2753,11607.053
00e12e8b_2754,11607.057
00e12e8b_2755,11607.002
00e12e8b_2756,11607.0205
00e12e8b_2757,11607.012
00e12e8b_2758,11607.012
00e12e8b_2759,11607.031
00e12e8b_2760,11607.014
00e12e8b_2761,11606.923
00e12e8b_2762,11606.926
00e12e8b_2763,11606.871
00e12e8b_2764,11606.87
00e12e8b_2765,11606.87
00e12e8b_2766,11606.855
00e12e8b_2767,11606.853
00e12e8b_2768,11606.852
00e12e8b_2769,11606.852
00e12e8b_2770,11606.884
00e12e8b_2771,11606.874
00e12e8b_2772,11606.896
00e12e8b_2773,11606.913
00e12e8b_2774,11606.913
00e12e8b_2775,11606.913
00e12e8b_2776,11606.847
00e12e8b_2777,11606.835
00e12e8b_2778,11606.831
00e12e8b_2779,11606.84
00e12e8b_2780,11606.847
00e12e8b_2781,11606.862
00e12e8b_2782,11606.861
00e12e8b_2783,11606.842
00e12e8b_2784,11606.831
00e12e8b_2785,11606.846
00e12e8b_2786,11606.913
00e12e8b_2787,11606.9
00e12e8b_2788,11606.759
00e12e8b_2789,11606.746
00e12e8b_2790,11606.743
00e12e8b_2791,11606.75
00e12e8b_2792,11606.847
00e12e8b_2793,11606.86
00e12e8b_2794,11606.846
00e12e8b_2795,11606.779
00e12e8b_2796,11606.763
00e12e8b_2797,11606.753
00e12e8b_2798,11606.764
00e12e8b_2799,11606.73
00e12e8b_2800,11606.742
00e12e8b_2801,11606.758
00e12e8b_2802,11606.728
00e12e8b_2803,11606.743
00e12e8b_2804,11606.729
00e12e8b_2805,11606.794
00e12e8b_2806,11606.783
00e12e8b_2807,11606.806
00e12e8b_2808,11606.761
00e12e8b_2809,11606.696
00e12e8b_2810,11606.678
00e12e8b_2811,11606.655
00e12e8b_2812,11606.676
00e12e8b_2813,11606.66
00e12e8b_2814,11606.651
00e12e8b_2815,11606.664
00e12e8b_2816,11606.66
00e12e8b_2817,11606.667
00e12e8b_2818,11606.667
00e12e8b_2819,11606.658
00e12e8b_2820,11606.652
00e12e8b_2821,11606.688
00e12e8b_2822,11606.676
00e12e8b_2823,11606.692
00e12e8b_2824,11606.714
00e12e8b_2825,11606.711
00e12e8b_2826,11606.712
00e12e8b_2827,11606.684
00e12e8b_2828,11606.672
00e12e8b_2829,11606.649
00e12e8b_2830,11606.64
00e12e8b_2831,11606.609
00e12e8b_2832,11606.644
00e12e8b_2833,11606.663
00e12e8b_2834,11606.639
00e12e8b_2835,11606.6
00e12e8b_2836,11606.583
00e12e8b_2837,11606.656
00e12e8b_2838,11606.672
00e12e8b_2839,11606.662
00e12e8b_2840,11606.652
00e12e8b_2841,11606.629
00e12e8b_2842,11606.639
00e12e8b_2843,11606.638
00e12e8b_2844,11606.633
00e12e8b_2845,11606.633
00e12e8b_2846,11606.639
00e12e8b_2847,11606.619
00e12e8b_2848,11606.614
00e12e8b_2849,11606.617
00e12e8b_2850,11606.655
00e12e8b_2851,11606.648
00e12e8b_2852,11606.651
00e12e8b_2853,11606.67
00e12e8b_2854,11606.611
00e12e8b_2855,11606.697
00e12e8b_2856,11606.724
00e12e8b_2857,11606.768
00e12e8b_2858,11606.763
00e12e8b_2859,11606.763
00e12e8b_2860,11606.762
00e12e8b_2861,11606.762
00e12e8b_2862,11606.759
00e12e8b_2863,11606.814
00e12e8b_2864,11606.814
00e12e8b_2865,11606.835
00e12e8b_2866,11606.814
00e12e8b_2867,11606.86
00e12e8b_2868,11606.9
00e12e8b_2869,11606.905
00e12e8b_2870,11606.9
00e12e8b_2871,11606.908
00e12e8b_2872,11606.9
00e12e8b_2873,11606.895
00e12e8b_2874,11606.8955
00e12e8b_2875,11606.8955
00e12e8b_2876,11606.881
00e12e8b_2877,11606.876
00e12e8b_2878,11606.876
00e12e8b_2879,11606.917
00e12e8b_2880,11606.987
00e12e8b_2881,11606.99
00e12e8b_2882,11606.996
00e12e8b_2883,11606.994
00e12e8b_2884,11606.993
00e12e8b_2885,11607.009
00e12e8b_2886,11607.013
00e12e8b_2887,11607.013
00e12e8b_2888,11606.963
00e12e8b_2889,11607.02
00e12e8b_2890,11606.985
00e12e8b_2891,11606.963
00e12e8b_2892,11606.959
00e12e8b_2893,11606.948
00e12e8b_2894,11606.914
00e12e8b_2895,11606.914
00e12e8b_2896,11606.914
00e12e8b_2897,11606.914
00e12e8b_2898,11606.758
00e12e8b_2899,11606.773
00e12e8b_2900,11606.69
00e12e8b_2901,11606.74
00e12e8b_2902,11606.818
00e12e8b_2903,11606.822
00e12e8b_2904,11606.819
00e12e8b_2905,11606.847
00e12e8b_2906,11606.832
00e12e8b_2907,11606.9
00e12e8b_2908,11606.887
00e12e8b_2909,11606.804
00e12e8b_2910,11606.804
00e12e8b_2911,11606.804
00e12e8b_2912,11606.795
00e12e8b_2913,11606.7705
00e12e8b_2914,11606.819
00e12e8b_2915,11606.811
00e12e8b_2916,11606.824
00e12e8b_2917,11606.871
00e12e8b_2918,11606.885
00e12e8b_2919,11606.823
00e12e8b_2920,11606.8125
00e12e8b_2921,11606.827
00e12e8b_2922,11606.85
00e12e8b_2923,11606.847
00e12e8b_2924,11606.885
00e12e8b_2925,11606.755
00e12e8b_2926,11606.668
00e12e8b_2927,11606.667
00e12e8b_2928,11606.659
00e12e8b_2929,11606.759
00e12e8b_2930,11606.767
00e12e8b_2931,11606.788
00e12e8b_2932,11606.7705
00e12e8b_2933,11606.776
00e12e8b_2934,11606.776
00e12e8b_2935,11606.747
00e12e8b_2936,11606.772
00e12e8b_2937,11606.757
00e12e8b_2938,11606.823
00e12e8b_2939,11606.847
00e12e8b_2940,11606.852
00e12e8b_2941,11606.845
00e12e8b_2942,11606.811
00e12e8b_2943,11606.79
00e12e8b_2944,11606.804
00e12e8b_2945,11606.816
00e12e8b_2946,11606.785
00e12e8b_2947,11606.811
00e12e8b_2948,11606.715
00e12e8b_2949,11606.646
00e12e8b_2950,11606.66
00e12e8b_2951,11606.651
00e12e8b_2952,11606.702
00e12e8b_2953,11606.736
00e12e8b_2954,11606.827
00e12e8b_2955,11606.749
00e12e8b_2956,11606.746
00e12e8b_2957,11606.753
00e12e8b_2958,11606.73
00e12e8b_2959,11606.762
00e12e8b_2960,11606.752
00e12e8b_2961,11606.763
00e12e8b_2962,11606.78
00e12e8b_2963,11606.76
00e12e8b_2964,11606.743
00e12e8b_2965,11606.742
00e12e8b_2966,11606.763
00e12e8b_2967,11606.755
00e12e8b_2968,11606.753
00e12e8b_2969,11606.623
00e12e8b_2970,11606.629
00e12e8b_2971,11606.591
00e12e8b_2972,11606.571
00e12e8b_2973,11606.622
00e12e8b_2974,11606.65
00e12e8b_2975,11606.648
00e12e8b_2976,11606.651
00e12e8b_2977,11606.483
00e12e8b_2978,11606.472
00e12e8b_2979,11606.472
00e12e8b_2980,11606.499
00e12e8b_2981,11606.5
00e12e8b_2982,11606.526
00e12e8b_2983,11606.563
00e12e8b_2984,11606.584
00e12e8b_2985,11606.58
00e12e8b_2986,11606.584
00e12e8b_2987,11606.621
00e12e8b_2988,11606.62
00e12e8b_2989,11606.427
00e12e8b_2990,11606.437
00e12e8b_2991,11606.375
00e12e8b_2992,11606.394
00e12e8b_2993,11606.393
00e12e8b_2994,11606.447
00e12e8b_2995,11606.51
00e12e8b_2996,11606.456
00e12e8b_2997,11606.442
00e12e8b_2998,11606.46
00e12e8b_2999,11606.45
00e12e8b_3000,11606.4375
00e12e8b_3001,11606.494
00e12e8b_3002,11606.473
00e12e8b_3003,11606.454
00e12e8b_3004,11606.525
00e12e8b_3005,11606.538
00e12e8b_3006,11606.503
00e12e8b_3007,11606.532
00e12e8b_3008,11606.5205
00e12e8b_3009,11606.574
00e12e8b_3010,11606.409
00e12e8b_3011,11606.378
00e12e8b_3012,11606.424
00e12e8b_3013,11606.503
00e12e8b_3014,11606.423
00e12e8b_3015,11606.361
00e12e8b_3016,11606.384
00e12e8b_3017,11606.405
00e12e8b_3018,11606.385
00e12e8b_3019,11606.41
00e12e8b_3020,11606.415
00e12e8b_3021,11606.418
00e12e8b_3022,11606.455
00e12e8b_3023,11606.386
00e12e8b_3024,11606.435
00e12e8b_3025,11606.35
00e12e8b_3026,11606.36
00e12e8b_3027,11606.462
00e12e8b_3028,11606.397
00e12e8b_3029,11606.202
00e12e8b_3030,11606.214
00e12e8b_3031,11606.219
00e12e8b_3032,11606.233
00e12e8b_3033,11606.23
00e12e8b_3034,11606.236
00e12e8b_3035,11606.206
00e12e8b_3036,11606.197
00e12e8b_3037,11606.183
00e12e8b_3038,11606.18
00e12e8b_3039,11606.203
00e12e8b_3040,11606.278
00e12e8b_3041,11606.266
00e12e8b_3042,11606.181
00e12e8b_3043,11606.198
00e12e8b_3044,11606.211
00e12e8b_3045,11606.216
00e12e8b_3046,11606.216
00e12e8b_3047,11606.216
00e12e8b_3048,11606.12
00e12e8b_3049,11606.06
00e12e8b_3050,11606.091
00e12e8b_3051,11606.147
00e12e8b_3052,11606.19
00e12e8b_3053,11606.114
00e12e8b_3054,11606.197
00e12e8b_3055,11606.166
00e12e8b_3056,11606.082
00e12e8b_3057,11606.067
00e12e8b_3058,11606.076
00e12e8b_3059,11606.064
00e12e8b_3060,11606.069
00e12e8b_3061,11606.094
00e12e8b_3062,11606.081
00e12e8b_3063,11606.063
00e12e8b_3064,11606.075
00e12e8b_3065,11606.059
00e12e8b_3066,11606.059
00e12e8b_3067,11606.009
00e12e8b_3068,11606.06
00e12e8b_3069,11606.089
00e12e8b_3070,11606.174
00e12e8b_3071,11606.083
00e12e8b_3072,11606.076
00e12e8b_3073,11606.076
00e12e8b_3074,11606.101
00e12e8b_3075,11606.101
00e12e8b_3076,11606.093
00e12e8b_3077,11606.093
00e12e8b_3078,11606.078
00e12e8b_3079,11606.1455
00e12e8b_3080,11606.251
00e12e8b_3081,11606.154
00e12e8b_3082,11606.154
00e12e8b_3083,11606.165
00e12e8b_3084,11606.269
00e12e8b_3085,11606.197
00e12e8b_3086,11606.218
00e12e8b_3087,11606.226
00e12e8b_3088,11606.236
00e12e8b_3089,11606.212
00e12e8b_3090,11606.32
00e12e8b_3091,11606.317
00e12e8b_3092,11606.353
00e12e8b_3093,11606.348
00e12e8b_3094,11606.352
00e12e8b_3095,11606.327
00e12e8b_3096,11606.333
00e12e8b_3097,11606.333
00e12e8b_3098,11606.337
00e12e8b_3099,11606.241
00e12e8b_3100,11606.268
00e12e8b_3101,11606.371
00e12e8b_3102,11606.287
00e12e8b_3103,11606.287
00e12e8b_3104,11606.281
00e12e8b_3105,11606.37
00e12e8b_3106,11606.31
00e12e8b_3107,11606.198
00e12e8b_3108,11606.222
00e12e8b_3109,11606.229
00e12e8b_3110,11606.198
00e12e8b_3111,11606.216
00e12e8b_3112,11606.231
00e12e8b_3113,11606.325
00e12e8b_3114,11606.344
00e12e8b_3115,11606.337
00e12e8b_3116,11606.309
00e12e8b_3117,11606.265
00e12e8b_3118,11606.279
00e12e8b_3119,11606.266
00e12e8b_3120,11606.281
00e12e8b_3121,11606.254
00e12e8b_3122,11606.251
00e12e8b_3123,11606.315
00e12e8b_3124,11606.261
00e12e8b_3125,11606.391
00e12e8b_3126,11606.3545
00e12e8b_3127,11606.342
00e12e8b_3128,11606.369
00e12e8b_3129,11606.353
00e12e8b_3130,11606.3545
00e12e8b_3131,11606.3545
00e12e8b_3132,11606.337
00e12e8b_3133,11606.32
00e12e8b_3134,11606.33
00e12e8b_3135,11606.339
00e12e8b_3136,11606.235
00e12e8b_3137,11606.2295
00e12e8b_3138,11606.298
00e12e8b_3139,11606.357
00e12e8b_3140,11606.298
00e12e8b_3141,11606.196
00e12e8b_3142,11606.185
00e12e8b_3143,11606.15
00e12e8b_3144,11606.044
00e12e8b_3145,11606.051
00e12e8b_3146,11606.176
00e12e8b_3147,11606.153
00e12e8b_3148,11606.075
00e12e8b_3149,11606.157
00e12e8b_3150,11606.157
00e12e8b_3151,11606.18
00e12e8b_3152,11606.155
00e12e8b_3153,11606.199
00e12e8b_3154,11606.214
00e12e8b_3155,11606.08
00e12e8b_3156,11606.059
00e12e8b_3157,11606.1455
00e12e8b_3158,11606.149
00e12e8b_3159,11606.152
00e12e8b_3160,11606.084
00e12e8b_3161,11606.128
00e12e8b_3162,11606.079
00e12e8b_3163,11606.002
00e12e8b_3164,11605.961
00e12e8b_3165,11606.033
00e12e8b_3166,11606.047
00e12e8b_3167,11605.943
00e12e8b_3168,11606.017
00e12e8b_3169,11606.081
00e12e8b_3170,11606.324
00e12e8b_3171,11606.324
00e12e8b_3172,11606.303
00e12e8b_3173,11606.327
00e12e8b_3174,11606.307
00e12e8b_3175,11606.307
00e12e8b_3176,11606.342
00e12e8b_3177,11606.342
00e12e8b_3178,11606.293
00e12e8b_3179,11606.258
00e12e8b_3180,11606.33
00e12e8b_3181,11606.29
00e12e8b_3182,11606.218
00e12e8b_3183,11606.281
00e12e8b_3184,11606.29
00e12e8b_3185,11606.294
00e12e8b_3186,11606.206
00e12e8b_3187,11606.23
00e12e8b_3188,11606.222
00e12e8b_3189,11606.511
00e12e8b_3190,11606.523
00e12e8b_3191,11606.487
00e12e8b_3192,11606.497
00e12e8b_3193,11606.478
00e12e8b_3194,11606.478
00e12e8b_3195,11606.39
00e12e8b_3196,11606.4
00e12e8b_3197,11606.416
00e12e8b_3198,11606.397
00e12e8b_3199,11606.444
00e12e8b_3200,11606.386
00e12e8b_3201,11606.366
00e12e8b_3202,11606.434
00e12e8b_3203,11606.506
00e12e8b_3204,11606.456
00e12e8b_3205,11606.4375
00e12e8b_3206,11606.4375
00e12e8b_3207,11606.549
00e12e8b_3208,11606.601
00e12e8b_3209,11606.532
00e12e8b_3210,11606.536
00e12e8b_3211,11606.376
00e12e8b_3212,11606.409
00e12e8b_3213,11606.418
00e12e8b_3214,11606.401
00e12e8b_3215,11606.553
00e12e8b_3216,11606.454
00e12e8b_3217,11606.492
00e12e8b_3218,11606.473
00e12e8b_3219,11606.437
00e12e8b_3220,11606.452
00e12e8b_3221,11606.509
00e12e8b_3222,11606.447
00e12e8b_3223,11606.3955
00e12e8b_3224,11606.436
00e12e8b_3225,11606.436
00e12e8b_3226,11606.458
00e12e8b_3227,11606.447
00e12e8b_3228,11606.448
00e12e8b_3229,11606.565
00e12e8b_3230,11606.583
00e12e8b_3231,11606.568
00e12e8b_3232,11606.587
00e12e8b_3233,11606.57
00e12e8b_3234,11606.556
00e12e8b_3235,11606.566
00e12e8b_3236,11606.566
00e12e8b_3237,11606.748
00e12e8b_3238,11606.669
00e12e8b_3239,11606.632
00e12e8b_3240,11606.66
00e12e8b_3241,11606.664
00e12e8b_3242,11606.685
00e12e8b_3243,11606.626
00e12e8b_3244,11606.684
00e12e8b_3245,11606.672
00e12e8b_3246,11606.682
00e12e8b_3247,11606.673
00e12e8b_3248,11606.613
00e12e8b_3249,11606.644
00e12e8b_3250,11606.619
00e12e8b_3251,11606.629
00e12e8b_3252,11606.622
00e12e8b_3253,11606.62
00e12e8b_3254,11606.623
00e12e8b_3255,11606.61
00e12e8b_3256,11606.548
00e12e8b_3257,11606.418
00e12e8b_3258,11606.413
00e12e8b_3259,11606.43
00e12e8b_3260,11606.394
00e12e8b_3261,11606.419
00e12e8b_3262,11606.447
00e12e8b_3263,11606.423
00e12e8b_3264,11606.434
00e12e8b_3265,11606.435
00e12e8b_3266,11606.375
00e12e8b_3267,11606.396
00e12e8b_3268,11606.42
00e12e8b_3269,11606.387
00e12e8b_3270,11606.387
00e12e8b_3271,11606.387
00e12e8b_3272,11606.394
00e12e8b_3273,11606.35
00e12e8b_3274,11606.35
00e12e8b_3275,11606.353
00e12e8b_3276,11606.339
00e12e8b_3277,11606.319
00e12e8b_3278,11606.297
00e12e8b_3279,11606.29
00e12e8b_3280,11606.28
00e12e8b_3281,11606.3
00e12e8b_3282,11606.442
00e12e8b_3283,11606.463
00e12e8b_3284,11606.461
00e12e8b_3285,11606.502
00e12e8b_3286,11606.508
00e12e8b_3287,11606.505
00e12e8b_3288,11606.505
00e12e8b_3289,11606.494
00e12e8b_3290,11606.498
00e12e8b_3291,11606.5
00e12e8b_3292,11606.494
00e12e8b_3293,11606.5205
00e12e8b_3294,11606.5205
00e12e8b_3295,11606.543
00e12e8b_3296,11606.543
00e12e8b_3297,11606.644
00e12e8b_3298,11606.638
00e12e8b_3299,11606.638
00e12e8b_3300,11606.644
00e12e8b_3301,11606.648
00e12e8b_3302,11606.666
00e12e8b_3303,11606.655
00e12e8b_3304,11606.621
00e12e8b_3305,11606.636
00e12e8b_3306,11606.643
00e12e8b_3307,11606.702
00e12e8b_3308,11606.7
00e12e8b_3309,11606.707
00e12e8b_3310,11606.696
00e12e8b_3311,11606.703
00e12e8b_3312,11606.703
00e12e8b_3313,11606.713
00e12e8b_3314,11606.708
00e12e8b_3315,11606.707
00e12e8b_3316,11606.707
00e12e8b_3317,11606.697
00e12e8b_3318,11606.702
00e12e8b_3319,11606.702
00e12e8b_3320,11606.717
00e12e8b_3321,11606.711
00e12e8b_3322,11606.724
00e12e8b_3323,11606.71
00e12e8b_3324,11606.71
00e12e8b_3325,11606.694
00e12e8b_3326,11606.71
00e12e8b_3327,11606.713
00e12e8b_3328,11606.71
00e12e8b_3329,11606.72
00e12e8b_3330,11606.695
00e12e8b_3331,11606.715
00e12e8b_3332,11606.712
00e12e8b_3333,11606.639
00e12e8b_3334,11606.646
00e12e8b_3335,11606.649
00e12e8b_3336,11606.665
00e12e8b_3337,11606.665
00e12e8b_3338,11606.665
00e12e8b_3339,11606.665
00e12e8b_3340,11606.658
00e12e8b_3341,11606.637
00e12e8b_3342,11606.644
00e12e8b_3343,11606.6455
00e12e8b_3344,11606.688
00e12e8b_3345,11606.69
00e12e8b_3346,11606.692
00e12e8b_3347,11606.868
00e12e8b_3348,11606.868
00e12e8b_3349,11606.85
00e12e8b_3350,11606.947
00e12e8b_3351,11606.95
00e12e8b_3352,11606.947
00e12e8b_3353,11606.947
00e12e8b_3354,11606.984
00e12e8b_3355,11606.981
00e12e8b_3356,11606.984
00e12e8b_3357,11606.984
00e12e8b_3358,11606.981
00e12e8b_3359,11606.968
00e12e8b_3360,11607.085
00e12e8b_3361,11607.108
00e12e8b_3362,11607.1455
00e12e8b_3363,11607.132
00e12e8b_3364,11607.134
00e12e8b_3365,11607.134
00e12e8b_3366,11607.068
00e12e8b_3367,11607.079
00e12e8b_3368,11607.048
00e12e8b_3369,11607.036
00e12e8b_3370,11607.036
00e12e8b_3371,11607.055
00e12e8b_3372,11607.039
00e12e8b_3373,11607.081
00e12e8b_3374,11607.059
00e12e8b_3375,11607.061
00e12e8b_3376,11607.059
00e12e8b_3377,11607.07
00e12e8b_3378,11607.07
00e12e8b_3379,11607.07
00e12e8b_3380,11607.09
00e12e8b_3381,11607.09
00e12e8b_3382,11607.09
00e12e8b_3383,11607.096
00e12e8b_3384,11607.041
00e12e8b_3385,11607.024
00e12e8b_3386,11607.052
00e12e8b_3387,11607.066
00e12e8b_3388,11606.857
00e12e8b_3389,11606.857
00e12e8b_3390,11606.857
00e12e8b_3391,11606.858
00e12e8b_3392,11606.886
00e12e8b_3393,11606.863
00e12e8b_3394,11606.8545
00e12e8b_3395,11606.864
00e12e8b_3396,11606.86
00e12e8b_3397,11606.842
00e12e8b_3398,11606.842
00e12e8b_3399,11606.812
00e12e8b_3400,11606.828
00e12e8b_3401,11606.828
00e12e8b_3402,11606.807
00e12e8b_3403,11606.852
00e12e8b_3404,11606.852
00e12e8b_3405,11606.852
00e12e8b_3406,11606.845
00e12e8b_3407,11606.845
00e12e8b_3408,11606.86
00e12e8b_3409,11606.86
00e12e8b_3410,11606.86
00e12e8b_3411,11606.852
00e12e8b_3412,11606.868
00e12e8b_3413,11606.95
00e12e8b_3414,11606.95
00e12e8b_3415,11606.95
00e12e8b_3416,11606.959
00e12e8b_3417,11606.993
00e12e8b_3418,11606.925
00e12e8b_3419,11606.952
00e12e8b_3420,11606.907
00e12e8b_3421,11606.917
00e12e8b_3422,11606.976
00e12e8b_3423,11606.976
00e12e8b_3424,11606.998
00e12e8b_3425,11606.997
00e12e8b_3426,11606.992
00e12e8b_3427,11607.0
00e12e8b_3428,11607.005
00e12e8b_3429,11606.996
00e12e8b_3430,11606.999
00e12e8b_3431,11607.003
00e12e8b_3432,11607.003
00e12e8b_3433,11607.003
00e12e8b_3434,11606.997
00e12e8b_3435,11606.997
00e12e8b_3436,11607.003
00e12e8b_3437,11606.992
00e12e8b_3438,11606.976
00e12e8b_3439,11606.997
00e12e8b_3440,11606.997
00e12e8b_3441,11606.997
00e12e8b_3442,11606.997
00e12e8b_3443,11606.997
00e12e8b_3444,11606.981
00e12e8b_3445,11606.997
00e12e8b_3446,11606.92
00e12e8b_3447,11607.02
00e12e8b_3448,11607.02
00e12e8b_3449,11607.02
00e12e8b_3450,11607.02
00e12e8b_3451,11607.02
00e12e8b_3452,11607.01
00e12e8b_3453,11607.003
00e12e8b_3454,11607.012
00e12e8b_3455,11607.017
00e12e8b_3456,11606.994
00e12e8b_3457,11607.016
00e12e8b_3458,11607.009
00e12e8b_3459,11607.078
00e12e8b_3460,11607.078
00e12e8b_3461,11607.113
00e12e8b_3462,11607.113
00e12e8b_3463,11607.059
00e12e8b_3464,11607.151
00e12e8b_3465,11607.182
00e12e8b_3466,11607.175
00e12e8b_3467,11607.271
00e12e8b_3468,11607.271
00e12e8b_3469,11607.252
00e12e8b_3470,11607.287
00e12e8b_3471,11607.265
00e12e8b_3472,11607.269
00e12e8b_3473,11607.284
00e12e8b_3474,11607.282
00e12e8b_3475,11607.282
00e12e8b_3476,11607.338
00e12e8b_3477,11607.329
00e12e8b_3478,11607.338
00e12e8b_3479,11607.307
00e12e8b_3480,11607.3125
00e12e8b_3481,11607.286
00e12e8b_3482,11607.375
00e12e8b_3483,11607.391
00e12e8b_3484,11607.618
00e12e8b_3485,11607.602
00e12e8b_3486,11607.611
00e12e8b_3487,11607.552
00e12e8b_3488,11607.552
00e12e8b_3489,11607.533
00e12e8b_3490,11607.528
00e12e8b_3491,11607.528
00e12e8b_3492,11607.556
00e12e8b_3493,11607.732
00e12e8b_3494,11607.719
00e12e8b_3495,11607.7
00e12e8b_3496,11607.7
00e12e8b_3497,11607.715
00e12e8b_3498,11607.715
00e12e8b_3499,11607.715
00e12e8b_3500,11607.77
00e12e8b_3501,11607.864
00e12e8b_3502,11607.856
00e12e8b_3503,11607.852
00e12e8b_3504,11607.879
00e12e8b_3505,11607.876
00e12e8b_3506,11607.95
00e12e8b_3507,11607.89
00e12e8b_3508,11607.894
00e12e8b_3509,11607.894
00e12e8b_3510,11607.888
00e12e8b_3511,11607.989
00e12e8b_3512,11607.989
00e12e8b_3513,11607.989
00e12e8b_3514,11607.989
00e12e8b_3515,11607.983
00e12e8b_3516,11607.965
00e12e8b_3517,11607.945
00e12e8b_3518,11607.963
00e12e8b_3519,11607.891
00e12e8b_3520,11607.909
00e12e8b_3521,11608.098
00e12e8b_3522,11608.097
00e12e8b_3523,11608.108
00e12e8b_3524,11608.107
00e12e8b_3525,11608.098
00e12e8b_3526,11608.122
00e12e8b_3527,11608.097
00e12e8b_3528,11608.199
00e12e8b_3529,11608.192
00e12e8b_3530,11608.192
00e12e8b_3531,11608.192
00e12e8b_3532,11608.198
00e12e8b_3533,11608.198
00e12e8b_3534,11608.248
00e12e8b_3535,11608.198
00e12e8b_3536,11608.26
00e12e8b_3537,11608.302
00e12e8b_3538,11608.296
00e12e8b_3539,11608.286
00e12e8b_3540,11608.286
00e12e8b_3541,11608.292
00e12e8b_3542,11608.161
00e12e8b_3543,11608.1455
00e12e8b_3544,11608.167
00e12e8b_3545,11608.187
00e12e8b_3546,11608.222
00e12e8b_3547,11608.229
00e12e8b_3548,11608.229
00e12e8b_3549,11608.222
00e12e8b_3550,11608.229
00e12e8b_3551,11608.211
00e12e8b_3552,11608.229
00e12e8b_3553,11608.261
00e12e8b_3554,11608.269
00e12e8b_3555,11608.242
00e12e8b_3556,11608.244
00e12e8b_3557,11608.239
00e12e8b_3558,11608.249
00e12e8b_3559,11608.227
00e12e8b_3560,11608.193
00e12e8b_3561,11608.22
00e12e8b_3562,11608.226
00e12e8b_3563,11608.309
00e12e8b_3564,11608.233
00e12e8b_3565,11608.25
00e12e8b_3566,11608.261
00e12e8b_3567,11608.25
00e12e8b_3568,11608.25
00e12e8b_3569,11608.25
00e12e8b_3570,11608.25
00e12e8b_3571,11608.225
00e12e8b_3572,11608.225
00e12e8b_3573,11608.235
00e12e8b_3574,11608.251
00e12e8b_3575,11608.24
00e12e8b_3576,11608.24
00e12e8b_3577,11608.251
00e12e8b_3578,11608.2705
00e12e8b_3579,11608.272
00e12e8b_3580,11608.265
00e12e8b_3581,11608.265
00e12e8b_3582,11608.232
00e12e8b_3583,11608.232
00e12e8b_3584,11608.146
00e12e8b_3585,11608.131
00e12e8b_3586,11608.153
00e12e8b_3587,11608.149
00e12e8b_3588,11608.126
00e12e8b_3589,11608.073
00e12e8b_3590,11608.082
00e12e8b_3591,11608.096
00e12e8b_3592,11608.11
00e12e8b_3593,11608.254
00e12e8b_3594,11608.25
00e12e8b_3595,11608.255
00e12e8b_3596,11608.229
00e12e8b_3597,11608.229
00e12e8b_3598,11608.219
00e12e8b_3599,11608.246
00e12e8b_3600,11608.246
00e12e8b_3601,11608.249
00e12e8b_3602,11608.212
00e12e8b_3603,11608.212
00e12e8b_3604,11608.214
00e12e8b_3605,11608.286
00e12e8b_3606,11608.269
00e12e8b_3607,11608.274
00e12e8b_3608,11608.239
00e12e8b_3609,11608.391
00e12e8b_3610,11608.411
00e12e8b_3611,11608.407
00e12e8b_3612,11608.409
00e12e8b_3613,11608.389
00e12e8b_3614,11608.409
00e12e8b_3615,11608.378
00e12e8b_3616,11608.399
00e12e8b_3617,11608.399
00e12e8b_3618,11608.397
00e12e8b_3619,11608.371
00e12e8b_3620,11608.377
00e12e8b_3621,11608.369
00e12e8b_3622,11608.384
00e12e8b_3623,11608.401
00e12e8b_3624,11608.387
00e12e8b_3625,11608.417
00e12e8b_3626,11608.418
00e12e8b_3627,11608.419
00e12e8b_3628,11608.431
00e12e8b_3629,11608.451
00e12e8b_3630,11608.358
00e12e8b_3631,11608.338
00e12e8b_3632,11608.368
00e12e8b_3633,11608.391
00e12e8b_3634,11608.402
00e12e8b_3635,11608.404
00e12e8b_3636,11608.393
00e12e8b_3637,11608.351
00e12e8b_3638,11608.351
00e12e8b_3639,11608.379
00e12e8b_3640,11608.4
00e12e8b_3641,11608.393
00e12e8b_3642,11608.382
00e12e8b_3643,11608.232
00e12e8b_3644,11608.243
00e12e8b_3645,11608.226
00e12e8b_3646,11608.228
00e12e8b_3647,11608.228
00e12e8b_3648,11608.228
00e12e8b_3649,11608.205
00e12e8b_3650,11608.205
00e12e8b_3651,11608.201
00e12e8b_3652,11608.221
00e12e8b_3653,11608.202
00e12e8b_3654,11608.201
00e12e8b_3655,11608.19
00e12e8b_3656,11608.162
00e12e8b_3657,11608.161
00e12e8b_3658,11608.141
00e12e8b_3659,11608.121
00e12e8b_3660,11608.148
00e12e8b_3661,11608.122
00e12e8b_3662,11608.127
00e12e8b_3663,11608.182
00e12e8b_3664,11608.175
00e12e8b_3665,11608.149
00e12e8b_3666,11608.141
00e12e8b_3667,11608.105
00e12e8b_3668,11608.1
00e12e8b_3669,11608.089
00e12e8b_3670,11608.067
00e12e8b_3671,11608.064
00e12e8b_3672,11608.064
00e12e8b_3673,11608.097
00e12e8b_3674,11608.106
00e12e8b_3675,11608.117
00e12e8b_3676,11608.135
00e12e8b_3677,11608.143
00e12e8b_3678,11608.131
00e12e8b_3679,11608.131
00e12e8b_3680,11608.083
00e12e8b_3681,11608.089
00e12e8b_3682,11608.074
00e12e8b_3683,11608.074
00e12e8b_3684,11608.069
00e12e8b_3685,11608.091
00e12e8b_3686,11608.078
00e12e8b_3687,11608.105
00e12e8b_3688,11608.058
00e12e8b_3689,11608.047
00e12e8b_3690,11608.067
00e12e8b_3691,11608.047
00e12e8b_3692,11608.059
00e12e8b_3693,11608.059
00e12e8b_3694,11608.037
00e12e8b_3695,11608.062
00e12e8b_3696,11608.075
00e12e8b_3697,11608.093
00e12e8b_3698,11608.107
00e12e8b_3699,11608.113
00e12e8b_3700,11608.12
00e12e8b_3701,11608.124
00e12e8b_3702,11608.133
00e12e8b_3703,11608.137
00e12e8b_3704,11608.115
00e12e8b_3705,11608.08
00e12e8b_3706,11608.085
00e12e8b_3707,11608.085
00e12e8b_3708,11608.091
00e12e8b_3709,11608.105
00e12e8b_3710,11608.075
00e12e8b_3711,11608.102
00e12e8b_3712,11608.101
00e12e8b_3713,11608.1045
00e12e8b_3714,11608.1045
00e12e8b_3715,11608.132
00e12e8b_3716,11608.088
00e12e8b_3717,11608.155
00e12e8b_3718,11608.117
00e12e8b_3719,11608.136
00e12e8b_3720,11608.136
00e12e8b_3721,11608.139
00e12e8b_3722,11608.139
00e12e8b_3723,11608.242
00e12e8b_3724,11608.278
00e12e8b_3725,11608.239
00e12e8b_3726,11608.215
00e12e8b_3727,11608.226
00e12e8b_3728,11608.251
00e12e8b_3729,11608.2
00e12e8b_3730,11608.198
00e12e8b_3731,11608.224
00e12e8b_3732,11608.224
00e12e8b_3733,11608.226
00e12e8b_3734,11608.198
00e12e8b_3735,11608.204
00e12e8b_3736,11608.241
00e12e8b_3737,11608.222
00e12e8b_3738,11608.263
00e12e8b_3739,11608.278
00e12e8b_3740,11608.284
00e12e8b_3741,11608.255
00e12e8b_3742,11608.21
00e12e8b_3743,11608.208
00e12e8b_3744,11608.206
00e12e8b_3745,11608.21
00e12e8b_3746,11608.229
00e12e8b_3747,11608.229
00e12e8b_3748,11608.143
00e12e8b_3749,11608.239
00e12e8b_3750,11608.217
00e12e8b_3751,11608.216
00e12e8b_3752,11608.213
00e12e8b_3753,11608.242
00e12e8b_3754,11608.257
00e12e8b_3755,11608.314
00e12e8b_3756,11608.298
00e12e8b_3757,11608.367
00e12e8b_3758,11608.31
00e12e8b_3759,11608.31
00e12e8b_3760,11608.316
00e12e8b_3761,11608.307
00e12e8b_3762,11608.299
00e12e8b_3763,11608.311
00e12e8b_3764,11608.3545
00e12e8b_3765,11608.415
00e12e8b_3766,11608.422
00e12e8b_3767,11608.421
00e12e8b_3768,11608.352
00e12e8b_3769,11608.4375
00e12e8b_3770,11608.422
00e12e8b_3771,11608.371
00e12e8b_3772,11608.364
00e12e8b_3773,11608.405
00e12e8b_3774,11608.416
00e12e8b_3775,11608.405
00e12e8b_3776,11608.373
00e12e8b_3777,11608.357
00e12e8b_3778,11608.389
00e12e8b_3779,11608.382
00e12e8b_3780,11608.465
00e12e8b_3781,11608.426
00e12e8b_3782,11608.484
00e12e8b_3783,11608.486
00e12e8b_3784,11608.449
00e12e8b_3785,11608.465
00e12e8b_3786,11608.475
00e12e8b_3787,11608.526
00e12e8b_3788,11608.523
00e12e8b_3789,11608.474
00e12e8b_3790,11608.474
00e12e8b_3791,11608.52
00e12e8b_3792,11608.54
00e12e8b_3793,11608.524
00e12e8b_3794,11608.55
00e12e8b_3795,11608.605
00e12e8b_3796,11608.59
00e12e8b_3797,11608.589
00e12e8b_3798,11608.563
00e12e8b_3799,11608.492
00e12e8b_3800,11608.904
00e12e8b_3801,11608.884
00e12e8b_3802,11608.888
00e12e8b_3803,11608.917
00e12e8b_3804,11608.915
00e12e8b_3805,11608.92
00e12e8b_3806,11608.957
00e12e8b_3807,11608.93
00e12e8b_3808,11608.957
00e12e8b_3809,11608.931
00e12e8b_3810,11609.017
00e12e8b_3811,11609.007
00e12e8b_3812,11608.93
00e12e8b_3813,11608.967
00e12e8b_3814,11609.024
00e12e8b_3815,11609.024
00e12e8b_3816,11609.09
00e12e8b_3817,11609.047
00e12e8b_3818,11609.046
00e12e8b_3819,11609.047
00e12e8b_3820,11609.047
00e12e8b_3821,11609.126
00e12e8b_3822,11609.049
00e12e8b_3823,11609.051
00e12e8b_3824,11609.038
00e12e8b_3825,11608.996
00e12e8b_3826,11609.004
00e12e8b_3827,11608.96
00e12e8b_3828,11608.939
00e12e8b_3829,11608.776
00e12e8b_3830,11609.024
00e12e8b_3831,11608.941
00e12e8b_3832,11608.787
00e12e8b_3833,11608.789
00e12e8b_3834,11608.935
00e12e8b_3835,11608.772
00e12e8b_3836,11608.782
00e12e8b_3837,11608.944
00e12e8b_3838,11608.772
00e12e8b_3839,11608.781
00e12e8b_3840,11608.848
00e12e8b_3841,11608.782
00e12e8b_3842,11608.782
00e12e8b_3843,11608.781
00e12e8b_3844,11608.755
00e12e8b_3845,11608.776
00e12e8b_3846,11608.771
00e12e8b_3847,11608.756
00e12e8b_3848,11608.804
00e12e8b_3849,11608.788
00e12e8b_3850,11608.759
00e12e8b_3851,11608.759
00e12e8b_3852,11608.738
00e12e8b_3853,11608.744
00e12e8b_3854,11608.754
00e12e8b_3855,11608.825
00e12e8b_3856,11608.76
00e12e8b_3857,11608.784
00e12e8b_3858,11608.76
00e12e8b_3859,11608.743
00e12e8b_3860,11608.733
00e12e8b_3861,11608.767
00e12e8b_3862,11608.741
00e12e8b_3863,11608.703
00e12e8b_3864,11608.702
00e12e8b_3865,11608.702
00e12e8b_3866,11608.703
00e12e8b_3867,11608.702
00e12e8b_3868,11608.706
00e12e8b_3869,11608.717
00e12e8b_3870,11608.738
00e12e8b_3871,11608.738
00e12e8b_3872,11608.739
00e12e8b_3873,11608.758
00e12e8b_3874,11608.741
00e12e8b_3875,11608.742
00e12e8b_3876,11608.772
00e12e8b_3877,11608.706
00e12e8b_3878,11608.703
00e12e8b_3879,11608.719
00e12e8b_3880,11608.741
00e12e8b_3881,11608.753
00e12e8b_3882,11608.737
00e12e8b_3883,11608.818
00e12e8b_3884,11608.815
00e12e8b_3885,11608.75
00e12e8b_3886,11608.757
00e12e8b_3887,11608.76
00e12e8b_3888,11608.743
00e12e8b_3889,11608.76
00e12e8b_3890,11608.818
00e12e8b_3891,11608.834
00e12e8b_3892,11608.947
00e12e8b_3893,11608.769
00e12e8b_3894,11608.769
00e12e8b_3895,11608.898
00e12e8b_3896,11608.769
00e12e8b_3897,11608.794
00e12e8b_3898,11608.917
00e12e8b_3899,11608.794
00e12e8b_3900,11608.798
00e12e8b_3901,11608.798
00e12e8b_3902,11608.792
00e12e8b_3903,11608.787
00e12e8b_3904,11608.824
00e12e8b_3905,11608.859
00e12e8b_3906,11608.86
00e12e8b_3907,11608.792
00e12e8b_3908,11608.861
00e12e8b_3909,11608.868
00e12e8b_3910,11608.803
00e12e8b_3911,11608.814
00e12e8b_3912,11608.801
00e12e8b_3913,11608.866
00e12e8b_3914,11608.801
00e12e8b_3915,11608.795
00e12e8b_3916,11608.865
00e12e8b_3917,11608.8
00e12e8b_3918,11608.795
00e12e8b_3919,11608.795
00e12e8b_3920,11608.86
00e12e8b_3921,11608.795
00e12e8b_3922,11608.782
00e12e8b_3923,11608.788
00e12e8b_3924,11608.854
00e12e8b_3925,11608.798
00e12e8b_3926,11608.798
00e12e8b_3927,11608.804
00e12e8b_3928,11608.779
00e12e8b_3929,11608.786
00e12e8b_3930,11608.786
00e12e8b_3931,11608.773
00e12e8b_3932,11608.772
00e12e8b_3933,11608.712
00e12e8b_3934,11608.732
00e12e8b_3935,11608.69
00e12e8b_3936,11608.725
00e12e8b_3937,11608.718
00e12e8b_3938,11608.682
00e12e8b_3939,11608.718
00e12e8b_3940,11608.682
00e12e8b_3941,11608.737
00e12e8b_3942,11608.71
00e12e8b_3943,11608.71
00e12e8b_3944,11608.71
00e12e8b_3945,11608.71
00e12e8b_3946,11608.71
00e12e8b_3947,11608.66
00e12e8b_3948,11608.696
00e12e8b_3949,11608.689
00e12e8b_3950,11608.687
00e12e8b_3951,11608.664
00e12e8b_3952,11608.732
00e12e8b_3953,11608.745
00e12e8b_3954,11608.765
00e12e8b_3955,11608.704
00e12e8b_3956,11608.653
00e12e8b_3957,11608.607
00e12e8b_3958,11608.658
00e12e8b_3959,11608.687
00e12e8b_3960,11608.636
00e12e8b_3961,11608.635
00e12e8b_3962,11608.653
00e12e8b_3963,11608.706
00e12e8b_3964,11608.671
00e12e8b_3965,11608.701
00e12e8b_3966,11608.701
00e12e8b_3967,11608.667
00e12e8b_3968,11608.668
00e12e8b_3969,11608.679
00e12e8b_3970,11608.679
00e12e8b_3971,11608.681
00e12e8b_3972,11608.685
00e12e8b_3973,11608.675
00e12e8b_3974,11608.639
00e12e8b_3975,11608.639
00e12e8b_3976,11608.65
00e12e8b_3977,11608.648
00e12e8b_3978,11608.589
00e12e8b_3979,11608.559
00e12e8b_3980,11608.559
00e12e8b_3981,11608.539
00e12e8b_3982,11608.542
00e12e8b_3983,11608.549
00e12e8b_3984,11608.542
00e12e8b_3985,11608.548
00e12e8b_3986,11608.548
00e12e8b_3987,11608.541
00e12e8b_3988,11608.603
00e12e8b_3989,11608.603
00e12e8b_3990,11608.585
00e12e8b_3991,11608.598
00e12e8b_3992,11608.585
00e12e8b_3993,11608.646
00e12e8b_3994,11608.653
00e12e8b_3995,11608.666
00e12e8b_3996,11608.645
00e12e8b_3997,11608.58
00e12e8b_3998,11608.559
00e12e8b_3999,11608.536
00e12e8b_4000,11608.553
00e12e8b_4001,11608.5
00e12e8b_4002,11608.5
00e12e8b_4003,11608.49
00e12e8b_4004,11608.495
00e12e8b_4005,11608.495
00e12e8b_4006,11608.495
00e12e8b_4007,11608.495
00e12e8b_4008,11608.504
00e12e8b_4009,11608.479
00e12e8b_4010,11608.409
00e12e8b_4011,11608.498
00e12e8b_4012,11608.499
00e12e8b_4013,11608.499
00e12e8b_4014,11608.505
00e12e8b_4015,11608.469
00e12e8b_4016,11608.469
00e12e8b_4017,11608.494
00e12e8b_4018,11608.496
00e12e8b_4019,11608.504
00e12e8b_4020,11608.514
00e12e8b_4021,11608.514
00e12e8b_4022,11608.53
00e12e8b_4023,11608.531
00e12e8b_4024,11608.506
00e12e8b_4025,11608.512
00e12e8b_4026,11608.501
00e12e8b_4027,11608.546
00e12e8b_4028,11608.558
00e12e8b_4029,11608.545
00e12e8b_4030,11608.527
00e12e8b_4031,11608.557
00e12e8b_4032,11608.55
00e12e8b_4033,11608.557
00e12e8b_4034,11608.557
00e12e8b_4035,11608.535
00e12e8b_4036,11608.525
00e12e8b_4037,11608.487
00e12e8b_4038,11608.459
00e12e8b_4039,11608.503
00e12e8b_4040,11608.499
00e12e8b_4041,11608.495
00e12e8b_4042,11608.28
00e12e8b_4043,11608.278
00e12e8b_4044,11608.278
00e12e8b_4045,11608.28
00e12e8b_4046,11608.28
00e12e8b_4047,11608.281
00e12e8b_4048,11608.281
00e12e8b_4049,11608.281
00e12e8b_4050,11608.289
00e12e8b_4051,11608.283
00e12e8b_4052,11608.3
00e12e8b_4053,11608.294
00e12e8b_4054,11608.294
00e12e8b_4055,11608.3
00e12e8b_4056,11608.264
00e12e8b_4057,11608.169
00e12e8b_4058,11608.205
00e12e8b_4059,11608.133
00e12e8b_4060,11608.133
00e12e8b_4061,11608.113
00e12e8b_4062,11608.132
00e12e8b_4063,11608.132
00e12e8b_4064,11608.069
00e12e8b_4065,11608.069
00e12e8b_4066,11608.073
00e12e8b_4067,11608.073
00e12e8b_4068,11608.068
00e12e8b_4069,11608.068
00e12e8b_4070,11608.076
00e12e8b_4071,11608.074
00e12e8b_4072,11608.059
00e12e8b_4073,11608.059
00e12e8b_4074,11608.026
00e12e8b_4075,11608.039
00e12e8b_4076,11608.028
00e12e8b_4077,11607.977
00e12e8b_4078,11607.93
00e12e8b_4079,11607.93
00e12e8b_4080,11607.957
00e12e8b_4081,11607.957
00e12e8b_4082,11607.901
00e12e8b_4083,11607.723
00e12e8b_4084,11607.723
00e12e8b_4085,11607.718
00e12e8b_4086,11607.659
00e12e8b_4087,11607.748
00e12e8b_4088,11607.691
00e12e8b_4089,11607.709
00e12e8b_4090,11607.727
00e12e8b_4091,11607.963
00e12e8b_4092,11607.94
00e12e8b_4093,11607.94
00e12e8b_4094,11607.946
00e12e8b_4095,11607.943
00e12e8b_4096,11607.937
00e12e8b_4097,11608.015
00e12e8b_4098,11607.956
00e12e8b_4099,11607.94
00e12e8b_4100,11607.919
00e12e8b_4101,11607.945
00e12e8b_4102,11607.946
00e12e8b_4103,11607.944
00e12e8b_4104,11607.948
00e12e8b_4105,11607.896
00e12e8b_4106,11608.13
00e12e8b_4107,11608.122
00e12e8b_4108,11608.175
00e12e8b_4109,11608.107
00e12e8b_4110,11608.102
00e12e8b_4111,11608.102
00e12e8b_4112,11608.133
00e12e8b_4113,11608.127
00e12e8b_4114,11608.149
00e12e8b_4115,11608.116
00e12e8b_4116,11608.648
00e12e8b_4117,11608.677
00e12e8b_4118,11608.679
00e12e8b_4119,11608.677
00e12e8b_4120,11608.682
00e12e8b_4121,11608.672
00e12e8b_4122,11608.691
00e12e8b_4123,11608.655
00e12e8b_4124,11608.677
00e12e8b_4125,11608.68
00e12e8b_4126,11608.606
00e12e8b_4127,11608.636
00e12e8b_4128,11608.601
00e12e8b_4129,11608.63
00e12e8b_4130,11608.626
00e12e8b_4131,11608.642
00e12e8b_4132,11608.65
00e12e8b_4133,11608.658
00e12e8b_4134,11608.672
00e12e8b_4135,11608.731
00e12e8b_4136,11608.724
00e12e8b_4137,11608.887
00e12e8b_4138,11608.877
00e12e8b_4139,11608.867
00e12e8b_4140,11608.876
00e12e8b_4141,11608.875
00e12e8b_4142,11608.878
00e12e8b_4143,11608.919
00e12e8b_4144,11608.854
00e12e8b_4145,11608.835
00e12e8b_4146,11608.773
00e12e8b_4147,11608.774
00e12e8b_4148,11608.774
00e12e8b_4149,11608.764
00e12e8b_4150,11608.796
00e12e8b_4151,11608.792
00e12e8b_4152,11608.767
00e12e8b_4153,11608.774
00e12e8b_4154,11608.765
00e12e8b_4155,11608.765
00e12e8b_4156,11608.767
00e12e8b_4157,11608.757
00e12e8b_4158,11608.767
00e12e8b_4159,11608.76
00e12e8b_4160,11608.752
00e12e8b_4161,11608.741
00e12e8b_4162,11608.804
00e12e8b_4163,11608.843
00e12e8b_4164,11608.843
00e12e8b_4165,11608.841
00e12e8b_4166,11608.841
00e12e8b_4167,11608.753
00e12e8b_4168,11608.805
00e12e8b_4169,11608.786
00e12e8b_4170,11608.798
00e12e8b_4171,11608.801
00e12e8b_4172,11608.719
00e12e8b_4173,11608.719
00e12e8b_4174,11608.722
00e12e8b_4175,11608.721
00e12e8b_4176,11608.721
00e12e8b_4177,11608.726
00e12e8b_4178,11608.71
00e12e8b_4179,11608.71
00e12e8b_4180,11608.692
00e12e8b_4181,11608.747
00e12e8b_4182,11608.747
00e12e8b_4183,11608.747
00e12e8b_4184,11608.744
00e12e8b_4185,11608.744
00e12e8b_4186,11608.776
00e12e8b_4187,11608.776
00e12e8b_4188,11608.716
00e12e8b_4189,11608.715
00e12e8b_4190,11608.716
00e12e8b_4191,11608.729
00e12e8b_4192,11608.729
00e12e8b_4193,11608.729
00e12e8b_4194,11608.73
00e12e8b_4195,11608.88
00e12e8b_4196,11608.855
00e12e8b_4197,11608.858
00e12e8b_4198,11608.874
00e12e8b_4199,11608.859
00e12e8b_4200,11608.858
00e12e8b_4201,11608.867
00e12e8b_4202,11608.861
00e12e8b_4203,11608.905
00e12e8b_4204,11608.905
00e12e8b_4205,11608.906
00e12e8b_4206,11608.906
00e12e8b_4207,11608.906
00e12e8b_4208,11608.899
00e12e8b_4209,11608.906
00e12e8b_4210,11608.906
00e12e8b_4211,11608.879
00e12e8b_4212,11608.866
00e12e8b_4213,11608.873
00e12e8b_4214,11608.873
00e12e8b_4215,11608.873
00e12e8b_4216,11608.863
00e12e8b_4217,11608.866
00e12e8b_4218,11608.818
00e12e8b_4219,11608.818
00e12e8b_4220,11608.829
00e12e8b_4221,11608.817
00e12e8b_4222,11608.829
00e12e8b_4223,11608.866
00e12e8b_4224,11608.878
00e12e8b_4225,11608.878
00e12e8b_4226,11608.84
00e12e8b_4227,11608.842
00e12e8b_4228,11608.842
00e12e8b_4229,11608.846
00e12e8b_4230,11608.838
00e12e8b_4231,11608.851
00e12e8b_4232,11608.851
00e12e8b_4233,11608.851
00e12e8b_4234,11608.857
00e12e8b_4235,11608.857
00e12e8b_4236,11608.871
00e12e8b_4237,11608.85
00e12e8b_4238,11608.871
00e12e8b_4239,11608.869
00e12e8b_4240,11608.869
00e12e8b_4241,11608.836
00e12e8b_4242,11608.843
00e12e8b_4243,11608.814
00e12e8b_4244,11608.835
00e12e8b_4245,11608.809
00e12e8b_4246,11608.839
00e12e8b_4247,11608.812
00e12e8b_4248,11608.866
00e12e8b_4249,11608.839
00e12e8b_4250,11608.866
00e12e8b_4251,11608.839
00e12e8b_4252,11608.866
00e12e8b_4253,11608.839
00e12e8b_4254,11608.866
00e12e8b_4255,11608.839
00e12e8b_4256,11608.883
00e12e8b_4257,11608.9375
00e12e8b_4258,11608.964
00e12e8b_4259,11608.953
00e12e8b_4260,11608.972
00e12e8b_4261,11608.972
00e12e8b_4262,11608.972
00e12e8b_4263,11608.973
00e12e8b_4264,11608.972
00e12e8b_4265,11608.973
00e12e8b_4266,11608.972
00e12e8b_4267,11608.973
00e12e8b_4268,11608.972
00e12e8b_4269,11608.978
00e12e8b_4270,11608.977
00e12e8b_4271,11608.978
00e12e8b_4272,11608.999
00e12e8b_4273,11609.0
00e12e8b_4274,11608.999
00e12e8b_4275,11609.011
00e12e8b_4276,11609.225
00e12e8b_4277,11609.226
00e12e8b_4278,11609.226
00e12e8b_4279,11609.226
00e12e8b_4280,11609.226
00e12e8b_4281,11609.226
00e12e8b_4282,11609.208
00e12e8b_4283,11609.207
00e12e8b_4284,11609.286
00e12e8b_4285,11609.285
00e12e8b_4286,11609.286
00e12e8b_4287,11609.292
00e12e8b_4288,11609.277
00e12e8b_4289,11609.299
00e12e8b_4290,11609.299
00e12e8b_4291,11609.292
00e12e8b_4292,11609.299
00e12e8b_4293,11609.292
00e12e8b_4294,11609.283
00e12e8b_4295,11609.292
00e12e8b_4296,11609.252
00e12e8b_4297,11609.289
00e12e8b_4298,11609.289
00e12e8b_4299,11609.289
00e12e8b_4300,11609.289
00e12e8b_4301,11609.273
00e12e8b_4302,11609.295
00e12e8b_4303,11609.279
00e12e8b_4304,11609.355
00e12e8b_4305,11609.346
00e12e8b_4306,11609.361
00e12e8b_4307,11609.355
00e12e8b_4308,11609.358
00e12e8b_4309,11609.359
00e12e8b_4310,11609.365
00e12e8b_4311,11609.359
00e12e8b_4312,11609.365
00e12e8b_4313,11609.365
00e12e8b_4314,11609.409
00e12e8b_4315,11609.394
00e12e8b_4316,11609.394
00e12e8b_4317,11609.394
00e12e8b_4318,11609.394
00e12e8b_4319,11609.402
00e12e8b_4320,11609.411
00e12e8b_4321,11609.411
00e12e8b_4322,11609.418
00e12e8b_4323,11609.411
00e12e8b_4324,11609.409
00e12e8b_4325,11609.409
00e12e8b_4326,11609.555
00e12e8b_4327,11609.61
00e12e8b_4328,11609.631
00e12e8b_4329,11609.603
00e12e8b_4330,11609.61
00e12e8b_4331,11609.6045
00e12e8b_4332,11609.61
00e12e8b_4333,11609.613
00e12e8b_4334,11609.613
00e12e8b_4335,11609.628
00e12e8b_4336,11609.709
00e12e8b_4337,11609.697
00e12e8b_4338,11609.72
00e12e8b_4339,11609.675
00e12e8b_4340,11609.683
00e12e8b_4341,11609.686
00e12e8b_4342,11609.672
00e12e8b_4343,11609.672
00e12e8b_4344,11609.672
00e12e8b_4345,11609.672
00e12e8b_4346,11609.679
00e12e8b_4347,11609.677
00e12e8b_4348,11609.677
00e12e8b_4349,11609.678
00e12e8b_4350,11609.677
00e12e8b_4351,11609.677
00e12e8b_4352,11609.669
00e12e8b_4353,11609.69
00e12e8b_4354,11609.69
00e12e8b_4355,11609.69
00e12e8b_4356,11609.71
00e12e8b_4357,11609.685
00e12e8b_4358,11609.669
00e12e8b_4359,11609.679
00e12e8b_4360,11609.705
00e12e8b_4361,11609.722
00e12e8b_4362,11609.718
00e12e8b_4363,11609.722
00e12e8b_4364,11609.715
00e12e8b_4365,11609.747
00e12e8b_4366,11609.784
00e12e8b_4367,11609.769
00e12e8b_4368,11609.783
00e12e8b_4369,11609.768
00e12e8b_4370,11609.79
00e12e8b_4371,11609.802
00e12e8b_4372,11609.721
00e12e8b_4373,11609.736
00e12e8b_4374,11609.669
00e12e8b_4375,11609.685
00e12e8b_4376,11609.67
00e12e8b_4377,11609.663
00e12e8b_4378,11609.686
00e12e8b_4379,11609.679
00e12e8b_4380,11609.674
00e12e8b_4381,11609.695
00e12e8b_4382,11609.695
00e12e8b_4383,11609.681
00e12e8b_4384,11609.695
00e12e8b_4385,11609.684
00e12e8b_4386,11609.686
00e12e8b_4387,11609.686
00e12e8b_4388,11609.686
00e12e8b_4389,11609.686
00e12e8b_4390,11609.664
00e12e8b_4391,11609.686
00e12e8b_4392,11609.685
00e12e8b_4393,11609.686
00e12e8b_4394,11609.686
00e12e8b_4395,11609.686
00e12e8b_4396,11609.671
00e12e8b_4397,11609.686
00e12e8b_4398,11609.692
00e12e8b_4399,11609.67
00e12e8b_4400,11609.671
00e12e8b_4401,11609.671
00e12e8b_4402,11609.678
00e12e8b_4403,11609.67
00e12e8b_4404,11609.678
00e12e8b_4405,11609.71
00e12e8b_4406,11609.731
00e12e8b_4407,11609.737
00e12e8b_4408,11609.759
00e12e8b_4409,11609.758
00e12e8b_4410,11609.759
00e12e8b_4411,11609.746
00e12e8b_4412,11609.748
00e12e8b_4413,11609.747
00e12e8b_4414,11609.742
00e12e8b_4415,11609.741
00e12e8b_4416,11609.741
00e12e8b_4417,11609.767
00e12e8b_4418,11609.821
00e12e8b_4419,11609.822
00e12e8b_4420,11609.821
00e12e8b_4421,11609.834
00e12e8b_4422,11609.8125
00e12e8b_4423,11609.888
00e12e8b_4424,11609.875
00e12e8b_4425,11609.866
00e12e8b_4426,11609.865
00e12e8b_4427,11609.866
00e12e8b_4428,11609.866
00e12e8b_4429,11609.911
00e12e8b_4430,11609.911
00e12e8b_4431,11609.904
00e12e8b_4432,11609.904
00e12e8b_4433,11609.889
00e12e8b_4434,11609.904
00e12e8b_4435,11609.884
00e12e8b_4436,11609.893
00e12e8b_4437,11609.904
00e12e8b_4438,11609.878
00e12e8b_4439,11609.925
00e12e8b_4440,11609.907
00e12e8b_4441,11609.908
00e12e8b_4442,11609.899
00e12e8b_4443,11609.92
00e12e8b_4444,11609.904
00e12e8b_4445,11609.883
00e12e8b_4446,11609.903
00e12e8b_4447,11609.879
00e12e8b_4448,11609.877
00e12e8b_4449,11609.877
00e12e8b_4450,11609.877
00e12e8b_4451,11609.876
00e12e8b_4452,11609.87
00e12e8b_4453,11609.887
00e12e8b_4454,11609.879
00e12e8b_4455,11609.9
00e12e8b_4456,11609.894
00e12e8b_4457,11609.913
00e12e8b_4458,11609.914
00e12e8b_4459,11609.905
00e12e8b_4460,11609.919
00e12e8b_4461,11609.919
00e12e8b_4462,11609.919
00e12e8b_4463,11609.919
00e12e8b_4464,11609.919
00e12e8b_4465,11609.919
00e12e8b_4466,11609.919
00e12e8b_4467,11609.935
00e12e8b_4468,11609.935
00e12e8b_4469,11609.935
00e12e8b_4470,11609.935
00e12e8b_4471,11609.935
00e12e8b_4472,11609.935
00e12e8b_4473,11609.935
00e12e8b_4474,11609.935
00e12e8b_4475,11609.934
00e12e8b_4476,11609.934
00e12e8b_4477,11609.934
00e12e8b_4478,11609.934
00e12e8b_4479,11609.948
00e12e8b_4480,11609.948
00e12e8b_4481,11609.948
00e12e8b_4482,11609.948
00e12e8b_4483,11609.935
00e12e8b_4484,11609.948
00e12e8b_4485,11610.157
00e12e8b_4486,11610.153
00e12e8b_4487,11610.153
00e12e8b_4488,11610.153
00e12e8b_4489,11610.153
00e12e8b_4490,11610.153
00e12e8b_4491,11610.153
00e12e8b_4492,11610.154
00e12e8b_4493,11610.252
00e12e8b_4494,11610.252
00e12e8b_4495,11610.252
00e12e8b_4496,11610.256
00e12e8b_4497,11610.256
00e12e8b_4498,11610.256
00e12e8b_4499,11610.241
00e12e8b_4500,11610.256
00e12e8b_4501,11610.256
00e12e8b_4502,11610.274
00e12e8b_4503,11610.274
00e12e8b_4504,11610.274
00e12e8b_4505,11610.274
00e12e8b_4506,11610.274
00e12e8b_4507,11610.274
00e12e8b_4508,11610.274
00e12e8b_4509,11610.274
00e12e8b_4510,11610.299
00e12e8b_4511,11610.297
00e12e8b_4512,11610.297
00e12e8b_4513,11610.299
00e12e8b_4514,11610.299
00e12e8b_4515,11610.285
00e12e8b_4516,11610.299
00e12e8b_4517,11610.299
00e12e8b_4518,11610.301
00e12e8b_4519,11610.301
00e12e8b_4520,11610.301
00e12e8b_4521,11610.301
00e12e8b_4522,11610.301
00e12e8b_4523,11610.303
00e12e8b_4524,11610.303
00e12e8b_4525,11610.303
00e12e8b_4526,11610.303
00e12e8b_4527,11610.303
00e12e8b_4528,11610.303
00e12e8b_4529,11610.303
00e12e8b_4530,11610.303
00e12e8b_4531,11610.344
00e12e8b_4532,11610.35
00e12e8b_4533,11610.344
00e12e8b_4534,11610.344
00e12e8b_4535,11610.344
00e12e8b_4536,11610.344
00e12e8b_4537,11610.344
00e12e8b_4538,11610.344
00e12e8b_4539,11610.355
00e12e8b_4540,11610.38
00e12e8b_4541,11610.38
00e12e8b_4542,11610.38
00e12e8b_4543,11610.38
00e12e8b_4544,11610.414
00e12e8b_4545,11610.414
00e12e8b_4546,11610.414
00e12e8b_4547,11610.414
00e12e8b_4548,11610.414
00e12e8b_4549,11610.414
00e12e8b_4550,11610.414
00e12e8b_4551,11610.414
00e12e8b_4552,11610.414
00e12e8b_4553,11610.414
00e12e8b_4554,11610.414
00e12e8b_4555,11610.4
00e12e8b_4556,11610.431
00e12e8b_4557,11610.431
00e12e8b_4558,11610.416
00e12e8b_4559,11610.443
00e12e8b_4560,11610.443
00e12e8b_4561,11610.447
00e12e8b_4562,11610.447
00e12e8b_4563,11610.447
00e12e8b_4564,11610.447
00e12e8b_4565,11610.453
00e12e8b_4566,11610.364
00e12e8b_4567,11610.364
00e12e8b_4568,11610.364
00e12e8b_4569,11610.369
00e12e8b_4570,11610.455
00e12e8b_4571,11610.455
00e12e8b_4572,11610.445
00e12e8b_4573,11610.445
00e12e8b_4574,11610.448
00e12e8b_4575,11610.448
00e12e8b_4576,11610.459
00e12e8b_4577,11610.459
00e12e8b_4578,11610.459
00e12e8b_4579,11610.459
00e12e8b_4580,11610.465
00e12e8b_4581,11610.465
00e12e8b_4582,11610.465
00e12e8b_4583,11610.472
00e12e8b_4584,11610.472
00e12e8b_4585,11610.472
00e12e8b_4586,11610.472
00e12e8b_4587,11610.478
00e12e8b_4588,11610.4795
00e12e8b_4589,11610.4795
00e12e8b_4590,11610.479
00e12e8b_4591,11610.513
00e12e8b_4592,11610.523
00e12e8b_4593,11610.49
00e12e8b_4594,11610.645
00e12e8b_4595,11610.645
00e12e8b_4596,11610.645
00e12e8b_4597,11610.653
00e12e8b_4598,11610.653
00e12e8b_4599,11610.653
00e12e8b_4600,11610.653
00e12e8b_4601,11610.653
00e12e8b_4602,11610.646
00e12e8b_4603,11610.646
00e12e8b_4604,11610.646
00e12e8b_4605,11610.646
00e12e8b_4606,11610.646
00e12e8b_4607,11610.646
00e12e8b_4608,11610.646
00e12e8b_4609,11610.646
00e12e8b_4610,11610.646
00e12e8b_4611,11610.661
00e12e8b_4612,11610.661
00e12e8b_4613,11610.647
00e12e8b_4614,11610.661
00e12e8b_4615,11610.655
00e12e8b_4616,11610.655
00e12e8b_4617,11610.649
00e12e8b_4618,11610.656
00e12e8b_4619,11610.644
00e12e8b_4620,11610.644
00e12e8b_4621,11610.644
00e12e8b_4622,11610.631
00e12e8b_4623,11610.619
00e12e8b_4624,11610.634
00e12e8b_4625,11610.634
00e12e8b_4626,11610.634
00e12e8b_4627,11610.643
00e12e8b_4628,11610.643
00e12e8b_4629,11610.643
00e12e8b_4630,11610.643
00e12e8b_4631,11610.643
00e12e8b_4632,11610.643
00e12e8b_4633,11610.643
00e12e8b_4634,11610.643
00e12e8b_4635,11610.608
00e12e8b_4636,11610.608
00e12e8b_4637,11610.608
00e12e8b_4638,11610.608
00e12e8b_4639,11610.614
00e12e8b_4640,11610.601
00e12e8b_4641,11610.614
00e12e8b_4642,11610.614
00e12e8b_4643,11610.614
00e12e8b_4644,11610.614
00e12e8b_4645,11610.619
00e12e8b_4646,11610.64
00e12e8b_4647,11610.64
00e12e8b_4648,11610.64
00e12e8b_4649,11610.652
00e12e8b_4650,11610.6455
00e12e8b_4651,11610.635
00e12e8b_4652,11610.643
00e12e8b_4653,11610.65
00e12e8b_4654,11610.65
00e12e8b_4655,11610.65
00e12e8b_4656,11610.656
00e12e8b_4657,11610.656
00e12e8b_4658,11610.63
00e12e8b_4659,11610.63
00e12e8b_4660,11610.63
00e12e8b_4661,11610.62
00e12e8b_4662,11610.62
00e12e8b_4663,11610.625
00e12e8b_4664,11610.647
00e12e8b_4665,11610.641
00e12e8b_4666,11610.627
00e12e8b_4667,11610.626
00e12e8b_4668,11610.63
00e12e8b_4669,11610.633
00e12e8b_4670,11610.613
00e12e8b_4671,11610.614
00e12e8b_4672,11610.621
00e12e8b_4673,11610.621
00e12e8b_4674,11610.691
00e12e8b_4675,11610.691
00e12e8b_4676,11610.693
00e12e8b_4677,11610.711
00e12e8b_4678,11610.727
00e12e8b_4679,11610.703
00e12e8b_4680,11610.679
00e12e8b_4681,11610.669
00e12e8b_4682,11610.654
00e12e8b_4683,11610.654
00e12e8b_4684,11610.654
00e12e8b_4685,11610.647
00e12e8b_4686,11610.647
00e12e8b_4687,11610.647
00e12e8b_4688,11610.647
00e12e8b_4689,11610.627
00e12e8b_4690,11610.635
00e12e8b_4691,11610.634
00e12e8b_4692,11610.639
00e12e8b_4693,11610.639
00e12e8b_4694,11610.631
00e12e8b_4695,11610.631
00e12e8b_4696,11610.631
00e12e8b_4697,11610.622
00e12e8b_4698,11610.642
00e12e8b_4699,11610.622
00e12e8b_4700,11610.622
00e12e8b_4701,11610.615
00e12e8b_4702,11610.636
00e12e8b_4703,11610.635
00e12e8b_4704,11610.654
00e12e8b_4705,11610.655
00e12e8b_4706,11610.655
00e12e8b_4707,11610.655
00e12e8b_4708,11610.655
00e12e8b_4709,11610.655
00e12e8b_4710,11610.655
00e12e8b_4711,11610.655
00e12e8b_4712,11610.629
00e12e8b_4713,11610.641
00e12e8b_4714,11610.641
00e12e8b_4715,11610.641
00e12e8b_4716,11610.632
00e12e8b_4717,11610.632
00e12e8b_4718,11610.723
00e12e8b_4719,11610.736
00e12e8b_4720,11610.74
00e12e8b_4721,11610.74
00e12e8b_4722,11610.749
00e12e8b_4723,11610.758
00e12e8b_4724,11610.77
00e12e8b_4725,11610.77
00e12e8b_4726,11610.77
00e12e8b_4727,11610.758
00e12e8b_4728,11610.761
00e12e8b_4729,11610.761
00e12e8b_4730,11610.772
00e12e8b_4731,11610.761
00e12e8b_4732,11610.777
00e12e8b_4733,11610.778
00e12e8b_4734,11610.804
00e12e8b_4735,11610.813
00e12e8b_4736,11610.825
00e12e8b_4737,11610.805
00e12e8b_4738,11610.819
00e12e8b_4739,11610.817
00e12e8b_4740,11610.82
00e12e8b_4741,11610.816
00e12e8b_4742,11610.816
00e12e8b_4743,11610.82
00e12e8b_4744,11610.855
00e12e8b_4745,11610.851
00e12e8b_4746,11610.851
00e12e8b_4747,11610.872
00e12e8b_4748,11610.872
00e12e8b_4749,11610.875
00e12e8b_4750,11610.875
00e12e8b_4751,11610.88
00e12e8b_4752,11610.891
00e12e8b_4753,11610.883
00e12e8b_4754,11610.871
00e12e8b_4755,11610.866
00e12e8b_4756,11610.875
00e12e8b_4757,11610.908
00e12e8b_4758,11610.92
00e12e8b_4759,11610.936
00e12e8b_4760,11610.923
00e12e8b_4761,11610.936
00e12e8b_4762,11610.936
00e12e8b_4763,11610.946
00e12e8b_4764,11610.946
00e12e8b_4765,11610.928
00e12e8b_4766,11610.934
00e12e8b_4767,11610.949
00e12e8b_4768,11610.949
00e12e8b_4769,11610.929
00e12e8b_4770,11610.946
00e12e8b_4771,11610.946
00e12e8b_4772,11610.826
00e12e8b_4773,11610.816
00e12e8b_4774,11610.812
00e12e8b_4775,11610.816
00e12e8b_4776,11610.824
00e12e8b_4777,11610.814
00e12e8b_4778,11610.83
00e12e8b_4779,11610.821
00e12e8b_4780,11610.845
00e12e8b_4781,11610.845
00e12e8b_4782,11610.841
00e12e8b_4783,11610.86
00e12e8b_4784,11610.847
00e12e8b_4785,11610.851
00e12e8b_4786,11610.859
00e12e8b_4787,11610.869
00e12e8b_4788,11610.863
00e12e8b_4789,11610.858
00e12e8b_4790,11610.863
00e12e8b_4791,11610.67
00e12e8b_4792,11610.675
00e12e8b_4793,11610.675
00e12e8b_4794,11610.677
00e12e8b_4795,11610.743
00e12e8b_4796,11610.748
00e12e8b_4797,11610.73
00e12e8b_4798,11610.721
00e12e8b_4799,11610.721
00e12e8b_4800,11610.648
00e12e8b_4801,11610.632
00e12e8b_4802,11610.641
00e12e8b_4803,11610.645
00e12e8b_4804,11610.65
00e12e8b_4805,11610.641
00e12e8b_4806,11610.654
00e12e8b_4807,11610.645
00e12e8b_4808,11610.643
00e12e8b_4809,11610.655
00e12e8b_4810,11610.652
00e12e8b_4811,11610.648
00e12e8b_4812,11610.669
00e12e8b_4813,11610.676
00e12e8b_4814,11610.666
00e12e8b_4815,11610.6045
00e12e8b_4816,11610.618
00e12e8b_4817,11610.587
00e12e8b_4818,11610.591
00e12e8b_4819,11610.546
00e12e8b_4820,11610.521
00e12e8b_4821,11610.517
00e12e8b_4822,11610.533
00e12e8b_4823,11610.52
00e12e8b_4824,11610.533
00e12e8b_4825,11610.516
00e12e8b_4826,11610.491
00e12e8b_4827,11610.496
00e12e8b_4828,11610.468
00e12e8b_4829,11610.459
00e12e8b_4830,11610.483
00e12e8b_4831,11610.483
00e12e8b_4832,11610.487
00e12e8b_4833,11610.481
00e12e8b_4834,11610.475
00e12e8b_4835,11610.484
00e12e8b_4836,11610.484
00e12e8b_4837,11610.484
00e12e8b_4838,11610.483
00e12e8b_4839,11610.483
00e12e8b_4840,11610.487
00e12e8b_4841,11610.478
00e12e8b_4842,11610.478
00e12e8b_4843,11610.481
00e12e8b_4844,11610.478
00e12e8b_4845,11610.461
00e12e8b_4846,11610.45
00e12e8b_4847,11610.45
00e12e8b_4848,11610.45
00e12e8b_4849,11610.447
00e12e8b_4850,11610.446
00e12e8b_4851,11610.473
00e12e8b_4852,11610.486
00e12e8b_4853,11610.49
00e12e8b_4854,11610.491
00e12e8b_4855,11610.491
00e12e8b_4856,11610.489
00e12e8b_4857,11610.496
00e12e8b_4858,11609.864
00e12e8b_4859,11609.862
00e12e8b_4860,11609.87
00e12e8b_4861,11609.87
00e12e8b_4862,11609.87
00e12e8b_4863,11609.87
00e12e8b_4864,11609.871
00e12e8b_4865,11609.881
00e12e8b_4866,11609.8955
00e12e8b_4867,11609.895
00e12e8b_4868,11609.867
00e12e8b_4869,11609.905
00e12e8b_4870,11609.901
00e12e8b_4871,11609.901
00e12e8b_4872,11609.897
00e12e8b_4873,11609.912
00e12e8b_4874,11609.913
00e12e8b_4875,11609.925
00e12e8b_4876,11609.913
00e12e8b_4877,11609.906
00e12e8b_4878,11609.906
00e12e8b_4879,11609.915
00e12e8b_4880,11609.895
00e12e8b_4881,11609.895
00e12e8b_4882,11609.915
00e12e8b_4883,11609.903
00e12e8b_4884,11609.947
00e12e8b_4885,11609.947
00e12e8b_4886,11609.94
00e12e8b_4887,11609.94
00e12e8b_4888,11609.94
00e12e8b_4889,11609.94
00e12e8b_4890,11609.952
00e12e8b_4891,11609.928
00e12e8b_4892,11609.953
00e12e8b_4893,11609.975
00e12e8b_4894,11609.975
00e12e8b_4895,11609.985
00e12e8b_4896,11609.985
00e12e8b_4897,11609.989
00e12e8b_4898,11609.989
00e12e8b_4899,11609.988
00e12e8b_4900,11610.011
00e12e8b_4901,11610.011
00e12e8b_4902,11610.0
00e12e8b_4903,11610.005
00e12e8b_4904,11610.012
00e12e8b_4905,11610.027
00e12e8b_4906,11610.023
00e12e8b_4907,11610.033
00e12e8b_4908,11610.033
00e12e8b_4909,11610.033
00e12e8b_4910,11610.013
00e12e8b_4911,11610.021
00e12e8b_4912,11610.023
00e12e8b_4913,11610.019
00e12e8b_4914,11610.097
00e12e8b_4915,11610.116
00e12e8b_4916,11610.123
00e12e8b_4917,11610.102
00e12e8b_4918,11610.095
00e12e8b_4919,11610.045
00e12e8b_4920,11610.038
00e12e8b_4921,11610.038
00e12e8b_4922,11610.024
00e12e8b_4923,11610.017
00e12e8b_4924,11610.0205
00e12e8b_4925,11610.046
00e12e8b_4926,11610.046
00e12e8b_4927,11610.046
00e12e8b_4928,11610.046
00e12e8b_4929,11610.046
00e12e8b_4930,11610.046
00e12e8b_4931,11610.028
00e12e8b_4932,11610.028
00e12e8b_4933,11610.016
00e12e8b_4934,11610.044
00e12e8b_4935,11610.04
00e12e8b_4936,11610.04
00e12e8b_4937,11610.034
00e12e8b_4938,11610.033
00e12e8b_4939,11610.045
00e12e8b_4940,11610.051
00e12e8b_4941,11610.051
00e12e8b_4942,11610.079
00e12e8b_4943,11610.057
00e12e8b_4944,11610.057
00e12e8b_4945,11610.05
00e12e8b_4946,11610.0625
00e12e8b_4947,11610.06
00e12e8b_4948,11610.058
00e12e8b_4949,11610.035
00e12e8b_4950,11610.035
00e12e8b_4951,11610.041
00e12e8b_4952,11610.095
00e12e8b_4953,11610.087
00e12e8b_4954,11610.109
00e12e8b_4955,11610.097
00e12e8b_4956,11610.042
00e12e8b_4957,11610.063
00e12e8b_4958,11610.066
00e12e8b_4959,11610.064
00e12e8b_4960,11610.063
00e12e8b_4961,11610.127
00e12e8b_4962,11610.139
00e12e8b_4963,11610.129
00e12e8b_4964,11610.122
00e12e8b_4965,11610.114
00e12e8b_4966,11610.096
00e12e8b_4967,11610.09
00e12e8b_4968,11610.081
00e12e8b_4969,11610.094
00e12e8b_4970,11610.086
00e12e8b_4971,11610.065
00e12e8b_4972,11610.053
00e12e8b_4973,11610.053
00e12e8b_4974,11610.053
00e12e8b_4975,11610.032
00e12e8b_4976,11610.059
00e12e8b_4977,11610.046
00e12e8b_4978,11610.05
00e12e8b_4979,11610.039
00e12e8b_4980,11609.999
00e12e8b_4981,11609.988
00e12e8b_4982,11610.045
00e12e8b_4983,11610.045
00e12e8b_4984,11610.063
00e12e8b_4985,11610.075
00e12e8b_4986,11610.07
00e12e8b_4987,11610.079
00e12e8b_4988,11610.057
00e12e8b_4989,11610.061
00e12e8b_4990,11610.078
00e12e8b_4991,11610.099
00e12e8b_4992,11610.09
00e12e8b_4993,11610.09
00e12e8b_4994,11610.091
00e12e8b_4995,11610.091
00e12e8b_4996,11610.087
00e12e8b_4997,11610.087
00e12e8b_4998,11610.094
00e12e8b_4999,11610.059
00e12e8b_5000,11610.058
00e12e8b_5001,11610.059
00e12e8b_5002,11610.058
00e12e8b_5003,11610.05
00e12e8b_5004,11610.059
00e12e8b_5005,11610.067
00e12e8b_5006,11610.064
00e12e8b_5007,11610.04
00e12e8b_5008,11610.031
00e12e8b_5009,11610.031
00e12e8b_5010,11610.03
00e12e8b_5011,11610.024
00e12e8b_5012,11610.019
00e12e8b_5013,11610.019
00e12e8b_5014,11610.054
00e12e8b_5015,11610.065
00e12e8b_5016,11610.026
00e12e8b_5017,11610.017
00e12e8b_5018,11610.017
00e12e8b_5019,11610.027
00e12e8b_5020,11610.011
00e12e8b_5021,11610.046
00e12e8b_5022,11610.046
00e12e8b_5023,11610.036
00e12e8b_5024,11610.045
00e12e8b_5025,11610.046
00e12e8b_5026,11610.044
00e12e8b_5027,11610.044
00e12e8b_5028,11610.044
00e12e8b_5029,11610.044
00e12e8b_5030,11610.039
00e12e8b_5031,11610.039
00e12e8b_5032,11610.103
00e12e8b_5033,11610.1
00e12e8b_5034,11610.103
00e12e8b_5035,11610.083
00e12e8b_5036,11610.091
00e12e8b_5037,11610.098
00e12e8b_5038,11610.047
00e12e8b_5039,11610.067
00e12e8b_5040,11610.054
00e12e8b_5041,11610.054
00e12e8b_5042,11610.098
00e12e8b_5043,11610.118
00e12e8b_5044,11610.118
00e12e8b_5045,11610.118
00e12e8b_5046,11610.119
00e12e8b_5047,11610.119
00e12e8b_5048,11610.119
00e12e8b_5049,11610.182
00e12e8b_5050,11610.164
00e12e8b_5051,11610.186
00e12e8b_5052,11610.207
00e12e8b_5053,11610.212
00e12e8b_5054,11610.175
00e12e8b_5055,11610.222
00e12e8b_5056,11610.234
00e12e8b_5057,11610.2705
00e12e8b_5058,11610.26
00e12e8b_5059,11610.363
00e12e8b_5060,11610.363
00e12e8b_5061,11610.352
00e12e8b_5062,11610.363
00e12e8b_5063,11610.369
00e12e8b_5064,11610.378
00e12e8b_5065,11610.366
00e12e8b_5066,11610.366
00e12e8b_5067,11610.424
00e12e8b_5068,11610.424
00e12e8b_5069,11610.428
00e12e8b_5070,11610.416
00e12e8b_5071,11610.428
00e12e8b_5072,11610.428
00e12e8b_5073,11610.506
00e12e8b_5074,11610.506
00e12e8b_5075,11610.506
00e12e8b_5076,11610.486
00e12e8b_5077,11610.486
00e12e8b_5078,11610.513
00e12e8b_5079,11610.513
00e12e8b_5080,11610.513
00e12e8b_5081,11610.524
00e12e8b_5082,11610.524
00e12e8b_5083,11610.36
00e12e8b_5084,11610.36
00e12e8b_5085,11610.366
00e12e8b_5086,11610.366
00e12e8b_5087,11610.489
00e12e8b_5088,11610.5
00e12e8b_5089,11610.5
00e12e8b_5090,11610.488
00e12e8b_5091,11610.5
00e12e8b_5092,11610.5
00e12e8b_5093,11610.488
00e12e8b_5094,11610.431
00e12e8b_5095,11610.45
00e12e8b_5096,11610.462
00e12e8b_5097,11610.466
00e12e8b_5098,11610.455
00e12e8b_5099,11610.455
00e12e8b_5100,11610.372
00e12e8b_5101,11610.379
00e12e8b_5102,11610.379
00e12e8b_5103,11610.443
00e12e8b_5104,11610.421
00e12e8b_5105,11610.433
00e12e8b_5106,11610.433
00e12e8b_5107,11610.435
00e12e8b_5108,11610.435
00e12e8b_5109,11610.473
00e12e8b_5110,11610.57
00e12e8b_5111,11610.554
00e12e8b_5112,11610.554
00e12e8b_5113,11610.56
00e12e8b_5114,11610.56
00e12e8b_5115,11610.64
00e12e8b_5116,11610.686
00e12e8b_5117,11610.686
00e12e8b_5118,11610.686
00e12e8b_5119,11610.759
00e12e8b_5120,11610.561
00e12e8b_5121,11610.599
00e12e8b_5122,11610.62
00e12e8b_5123,11610.626
00e12e8b_5124,11610.61
00e12e8b_5125,11610.631
00e12e8b_5126,11610.642
00e12e8b_5127,11610.628
00e12e8b_5128,11610.645
00e12e8b_5129,11610.66
00e12e8b_5130,11610.61
00e12e8b_5131,11610.653
00e12e8b_5132,11610.67
00e12e8b_5133,11610.641
00e12e8b_5134,11610.664
00e12e8b_5135,11610.657
00e12e8b_5136,11610.657
00e12e8b_5137,11610.674
00e12e8b_5138,11610.657
00e12e8b_5139,11610.662
00e12e8b_5140,11610.664
00e12e8b_5141,11610.68
00e12e8b_5142,11610.65
00e12e8b_5143,11610.65
00e12e8b_5144,11610.671
00e12e8b_5145,11610.678
00e12e8b_5146,11610.65
00e12e8b_5147,11610.645
00e12e8b_5148,11610.657
00e12e8b_5149,11610.686
00e12e8b_5150,11610.615
00e12e8b_5151,11610.6
00e12e8b_5152,11610.606
00e12e8b_5153,11610.622
00e12e8b_5154,11610.611
00e12e8b_5155,11610.622
00e12e8b_5156,11610.595
00e12e8b_5157,11610.593
00e12e8b_5158,11610.66
00e12e8b_5159,11610.666
00e12e8b_5160,11610.666
00e12e8b_5161,11610.643
00e12e8b_5162,11610.659
00e12e8b_5163,11610.633
00e12e8b_5164,11610.628
00e12e8b_5165,11610.631
00e12e8b_5166,11610.631
00e12e8b_5167,11610.631
00e12e8b_5168,11610.619
00e12e8b_5169,11610.544
00e12e8b_5170,11610.561
00e12e8b_5171,11610.593
00e12e8b_5172,11610.584
00e12e8b_5173,11610.584
00e12e8b_5174,11610.601
00e12e8b_5175,11610.585
00e12e8b_5176,11610.611
00e12e8b_5177,11610.6
00e12e8b_5178,11610.601
00e12e8b_5179,11610.611
00e12e8b_5180,11610.611
00e12e8b_5181,11610.611
00e12e8b_5182,11610.602
00e12e8b_5183,11610.611
00e12e8b_5184,11610.611
00e12e8b_5185,11610.602
00e12e8b_5186,11610.602
00e12e8b_5187,11610.604
00e12e8b_5188,11610.615
00e12e8b_5189,11610.615
00e12e8b_5190,11610.55
00e12e8b_5191,11610.55
00e12e8b_5192,11610.573
00e12e8b_5193,11610.617
00e12e8b_5194,11610.602
00e12e8b_5195,11610.602
00e12e8b_5196,11610.617
00e12e8b_5197,11610.681
00e12e8b_5198,11610.681
00e12e8b_5199,11610.665
00e12e8b_5200,11610.66
00e12e8b_5201,11610.651
00e12e8b_5202,11610.667
00e12e8b_5203,11610.359
00e12e8b_5204,11610.376
00e12e8b_5205,11610.368
00e12e8b_5206,11610.312
00e12e8b_5207,11610.313
00e12e8b_5208,11610.314
00e12e8b_5209,11610.341
00e12e8b_5210,11610.228
00e12e8b_5211,11610.196
00e12e8b_5212,11610.206
00e12e8b_5213,11610.198
00e12e8b_5214,11610.17
00e12e8b_5215,11610.16
00e12e8b_5216,11610.167
00e12e8b_5217,11610.23
00e12e8b_5218,11610.196
00e12e8b_5219,11610.237
00e12e8b_5220,11610.214
00e12e8b_5221,11610.239
00e12e8b_5222,11610.203
00e12e8b_5223,11610.203
00e12e8b_5224,11610.185
00e12e8b_5225,11610.176
00e12e8b_5226,11610.194
00e12e8b_5227,11610.204
00e12e8b_5228,11610.194
00e12e8b_5229,11610.204
00e12e8b_5230,11610.204
00e12e8b_5231,11610.204
00e12e8b_5232,11610.186
00e12e8b_5233,11610.186
00e12e8b_5234,11610.164
00e12e8b_5235,11610.177
00e12e8b_5236,11610.156
00e12e8b_5237,11610.176
00e12e8b_5238,11610.176
00e12e8b_5239,11610.282
00e12e8b_5240,11610.284
00e12e8b_5241,11610.286
00e12e8b_5242,11610.298
00e12e8b_5243,11610.276
00e12e8b_5244,11610.354
00e12e8b_5245,11610.366
00e12e8b_5246,11610.3955
00e12e8b_5247,11610.376
00e12e8b_5248,11610.3955
00e12e8b_5249,11610.383
00e12e8b_5250,11610.265
00e12e8b_5251,11610.291
00e12e8b_5252,11610.254
00e12e8b_5253,11610.29
00e12e8b_5254,11610.299
00e12e8b_5255,11610.261
00e12e8b_5256,11610.215
00e12e8b_5257,11610.224
00e12e8b_5258,11610.216
00e12e8b_5259,11610.216
00e12e8b_5260,11610.202
00e12e8b_5261,11610.196
00e12e8b_5262,11610.202
00e12e8b_5263,11610.194
00e12e8b_5264,11610.194
00e12e8b_5265,11610.189
00e12e8b_5266,11610.196
00e12e8b_5267,11610.196
00e12e8b_5268,11610.201
00e12e8b_5269,11610.201
00e12e8b_5270,11610.201
00e12e8b_5271,11610.201
00e12e8b_5272,11610.189
00e12e8b_5273,11610.203
00e12e8b_5274,11610.201
00e12e8b_5275,11610.201
00e12e8b_5276,11610.201
00e12e8b_5277,11610.208
00e12e8b_5278,11610.263
00e12e8b_5279,11610.263
00e12e8b_5280,11610.263
00e12e8b_5281,11610.263
00e12e8b_5282,11610.263
00e12e8b_5283,11610.263
00e12e8b_5284,11610.249
00e12e8b_5285,11610.274
00e12e8b_5286,11610.289
00e12e8b_5287,11610.275
00e12e8b_5288,11610.289
00e12e8b_5289,11610.275
00e12e8b_5290,11610.261
00e12e8b_5291,11610.273
00e12e8b_5292,11610.261
00e12e8b_5293,11610.254
00e12e8b_5294,11610.243
00e12e8b_5295,11610.27
00e12e8b_5296,11610.28
00e12e8b_5297,11610.28
00e12e8b_5298,11610.28
00e12e8b_5299,11610.28
00e12e8b_5300,11610.274
00e12e8b_5301,11610.274
00e12e8b_5302,11610.268
00e12e8b_5303,11610.254
00e12e8b_5304,11610.28
00e12e8b_5305,11610.268
00e12e8b_5306,11610.269
00e12e8b_5307,11610.272
00e12e8b_5308,11610.272
00e12e8b_5309,11610.277
00e12e8b_5310,11610.272
00e12e8b_5311,11610.2705
00e12e8b_5312,11610.2705
00e12e8b_5313,11610.264
00e12e8b_5314,11610.29
00e12e8b_5315,11610.283
00e12e8b_5316,11610.271
00e12e8b_5317,11610.29
00e12e8b_5318,11610.276
00e12e8b_5319,11610.278
00e12e8b_5320,11610.341
00e12e8b_5321,11610.328
00e12e8b_5322,11610.321
00e12e8b_5323,11610.291
00e12e8b_5324,11610.305
00e12e8b_5325,11610.298
00e12e8b_5326,11610.313
00e12e8b_5327,11610.32
00e12e8b_5328,11610.32
00e12e8b_5329,11610.313
00e12e8b_5330,11610.302
00e12e8b_5331,11610.286
00e12e8b_5332,11610.331
00e12e8b_5333,11610.331
00e12e8b_5334,11610.358
00e12e8b_5335,11610.35
00e12e8b_5336,11610.341
00e12e8b_5337,11610.335
00e12e8b_5338,11610.356
00e12e8b_5339,11610.341
00e12e8b_5340,11610.335
00e12e8b_5341,11610.326
00e12e8b_5342,11610.348
00e12e8b_5343,11610.353
00e12e8b_5344,11610.348
00e12e8b_5345,11610.348
00e12e8b_5346,11610.336
00e12e8b_5347,11610.341
00e12e8b_5348,11610.341
00e12e8b_5349,11610.35
00e12e8b_5350,11610.343
00e12e8b_5351,11610.355
00e12e8b_5352,11610.362
00e12e8b_5353,11610.362
00e12e8b_5354,11610.402
00e12e8b_5355,11610.3955
00e12e8b_5356,11610.415
00e12e8b_5357,11610.415
00e12e8b_5358,11610.3955
00e12e8b_5359,11610.392
00e12e8b_5360,11610.404
00e12e8b_5361,11610.415
00e12e8b_5362,11610.396
00e12e8b_5363,11610.246
00e12e8b_5364,11610.259
00e12e8b_5365,11610.259
00e12e8b_5366,11610.244
00e12e8b_5367,11610.259
00e12e8b_5368,11610.247
00e12e8b_5369,11610.246
00e12e8b_5370,11610.191
00e12e8b_5371,11610.191
00e12e8b_5372,11610.191
00e12e8b_5373,11610.191
00e12e8b_5374,11610.191
00e12e8b_5375,11610.211
00e12e8b_5376,11610.203
00e12e8b_5377,11610.203
00e12e8b_5378,11610.197
00e12e8b_5379,11610.202
00e12e8b_5380,11610.187
00e12e8b_5381,11610.175
00e12e8b_5382,11609.986
00e12e8b_5383,11609.979
00e12e8b_5384,11609.979
00e12e8b_5385,11609.979
00e12e8b_5386,11609.983
00e12e8b_5387,11609.957
00e12e8b_5388,11609.957
00e12e8b_5389,11609.957
00e12e8b_5390,11610.009
00e12e8b_5391,11610.002
00e12e8b_5392,11610.021
00e12e8b_5393,11610.007
00e12e8b_5394,11610.007
00e12e8b_5395,11610.007
00e12e8b_5396,11610.007
00e12e8b_5397,11610.012
00e12e8b_5398,11610.012
00e12e8b_5399,11610.014
00e12e8b_5400,11609.992
00e12e8b_5401,11610.006
00e12e8b_5402,11609.999
00e12e8b_5403,11609.999
00e12e8b_5404,11609.999
00e12e8b_5405,11610.016
00e12e8b_5406,11610.016
00e12e8b_5407,11610.016
00e12e8b_5408,11610.016
00e12e8b_5409,11610.026
00e12e8b_5410,11610.026
00e12e8b_5411,11610.026
00e12e8b_5412,11610.026
00e12e8b_5413,11610.009
00e12e8b_5414,11609.962
00e12e8b_5415,11609.944
00e12e8b_5416,11609.942
00e12e8b_5417,11609.944
00e12e8b_5418,11609.951
00e12e8b_5419,11609.944
00e12e8b_5420,11609.951
00e12e8b_5421,11609.951
00e12e8b_5422,11609.951
00e12e8b_5423,11609.971
00e12e8b_5424,11609.971
00e12e8b_5425,11609.951
00e12e8b_5426,11609.94
00e12e8b_5427,11609.942
00e12e8b_5428,11609.949
00e12e8b_5429,11609.94
00e12e8b_5430,11609.951
00e12e8b_5431,11609.944
00e12e8b_5432,11609.954
00e12e8b_5433,11609.954
00e12e8b_5434,11609.934
00e12e8b_5435,11609.954
00e12e8b_5436,11609.934
00e12e8b_5437,11609.942
00e12e8b_5438,11609.908
00e12e8b_5439,11609.916
00e12e8b_5440,11609.896
00e12e8b_5441,11609.916
00e12e8b_5442,11609.896
00e12e8b_5443,11609.86
00e12e8b_5444,11609.869
00e12e8b_5445,11609.869
00e12e8b_5446,11609.869
00e12e8b_5447,11609.869
00e12e8b_5448,11609.869
00e12e8b_5449,11609.869
00e12e8b_5450,11609.874
00e12e8b_5451,11609.875
00e12e8b_5452,11609.874
00e12e8b_5453,11609.875
00e12e8b_5454,11609.852
00e12e8b_5455,11609.744
00e12e8b_5456,11609.756
00e12e8b_5457,11609.735
00e12e8b_5458,11609.767
00e12e8b_5459,11609.735
00e12e8b_5460,11609.735
00e12e8b_5461,11609.769
00e12e8b_5462,11609.775
00e12e8b_5463,11609.764
00e12e8b_5464,11609.796
00e12e8b_5465,11609.796
00e12e8b_5466,11609.775
00e12e8b_5467,11609.79
00e12e8b_5468,11609.784
00e12e8b_5469,11609.796
00e12e8b_5470,11609.791
00e12e8b_5471,11609.736
00e12e8b_5472,11609.717
00e12e8b_5473,11609.681
00e12e8b_5474,11609.671
00e12e8b_5475,11609.671
00e12e8b_5476,11609.659
00e12e8b_5477,11609.687
00e12e8b_5478,11609.65
00e12e8b_5479,11609.671
00e12e8b_5480,11609.671
00e12e8b_5481,11609.677
00e12e8b_5482,11609.665
00e12e8b_5483,11609.662
00e12e8b_5484,11609.663
00e12e8b_5485,11609.663
00e12e8b_5486,11609.725
00e12e8b_5487,11609.725
00e12e8b_5488,11609.746
00e12e8b_5489,11609.768
00e12e8b_5490,11609.797
00e12e8b_5491,11609.793
00e12e8b_5492,11609.804
00e12e8b_5493,11609.824
00e12e8b_5494,11609.824
00e12e8b_5495,11609.844
00e12e8b_5496,11609.824
00e12e8b_5497,11609.824
00e12e8b_5498,11609.804
00e12e8b_5499,11609.824
00e12e8b_5500,11609.823
00e12e8b_5501,11609.8
00e12e8b_5502,11609.794
00e12e8b_5503,11609.803
00e12e8b_5504,11609.84
00e12e8b_5505,11609.827
00e12e8b_5506,11609.826
00e12e8b_5507,11609.8125
00e12e8b_5508,11609.818
00e12e8b_5509,11609.818
00e12e8b_5510,11609.818
00e12e8b_5511,11609.84
00e12e8b_5512,11609.809
00e12e8b_5513,11609.846
00e12e8b_5514,11609.84
00e12e8b_5515,11609.82
00e12e8b_5516,11609.798
00e12e8b_5517,11609.792
00e12e8b_5518,11609.797
00e12e8b_5519,11609.786
00e12e8b_5520,11609.804
00e12e8b_5521,11609.822
00e12e8b_5522,11609.803
00e12e8b_5523,11609.803
00e12e8b_5524,11609.791
00e12e8b_5525,11609.806
00e12e8b_5526,11609.791
00e12e8b_5527,11609.806
00e12e8b_5528,11609.806
00e12e8b_5529,11609.791
00e12e8b_5530,11609.828
00e12e8b_5531,11609.828
00e12e8b_5532,11609.842
00e12e8b_5533,11609.835
00e12e8b_5534,11609.835
00e12e8b_5535,11609.835
00e12e8b_5536,11609.8545
00e12e8b_5537,11609.8545
00e12e8b_5538,11609.835
00e12e8b_5539,11609.8545
00e12e8b_5540,11609.85
00e12e8b_5541,11609.83
00e12e8b_5542,11609.842
00e12e8b_5543,11609.812
00e12e8b_5544,11609.812
00e12e8b_5545,11609.816
00e12e8b_5546,11609.836
00e12e8b_5547,11609.816
00e12e8b_5548,11609.814
00e12e8b_5549,11609.828
00e12e8b_5550,11609.828
00e12e8b_5551,11609.828
00e12e8b_5552,11609.819
00e12e8b_5553,11609.839
00e12e8b_5554,11609.836
00e12e8b_5555,11609.843
00e12e8b_5556,11609.823
00e12e8b_5557,11609.816
00e12e8b_5558,11609.823
00e12e8b_5559,11609.89
00e12e8b_5560,11609.816
00e12e8b_5561,11609.816
00e12e8b_5562,11609.823
00e12e8b_5563,11609.862
00e12e8b_5564,11609.862
00e12e8b_5565,11609.862
00e12e8b_5566,11609.874
00e12e8b_5567,11609.864
00e12e8b_5568,11609.864
00e12e8b_5569,11609.864
00e12e8b_5570,11609.874
00e12e8b_5571,11609.867
00e12e8b_5572,11609.889
00e12e8b_5573,11609.883
00e12e8b_5574,11609.883
00e12e8b_5575,11609.883
00e12e8b_5576,11609.867
00e12e8b_5577,11609.872
00e12e8b_5578,11609.872
00e12e8b_5579,11609.863
00e12e8b_5580,11609.875
00e12e8b_5581,11609.875
00e12e8b_5582,11609.704
00e12e8b_5583,11609.717
00e12e8b_5584,11609.722
00e12e8b_5585,11609.728
00e12e8b_5586,11609.71
00e12e8b_5587,11609.702
00e12e8b_5588,11609.693
00e12e8b_5589,11609.693
00e12e8b_5590,11609.693
00e12e8b_5591,11609.693
00e12e8b_5592,11609.6875
00e12e8b_5593,11609.676
00e12e8b_5594,11609.693
00e12e8b_5595,11609.693
00e12e8b_5596,11609.74
00e12e8b_5597,11609.758
00e12e8b_5598,11609.721
00e12e8b_5599,11609.749
00e12e8b_5600,11609.749
00e12e8b_5601,11609.738
00e12e8b_5602,11609.745
00e12e8b_5603,11609.745
00e12e8b_5604,11609.745
00e12e8b_5605,11609.745
00e12e8b_5606,11609.752
00e12e8b_5607,11609.622
00e12e8b_5608,11609.634
00e12e8b_5609,11609.643
00e12e8b_5610,11609.643
00e12e8b_5611,11609.643
00e12e8b_5612,11609.614
00e12e8b_5613,11609.614
00e12e8b_5614,11609.635
00e12e8b_5615,11609.624
00e12e8b_5616,11609.624
00e12e8b_5617,11609.618
00e12e8b_5618,11609.608
00e12e8b_5619,11609.608
00e12e8b_5620,11609.622
00e12e8b_5621,11609.615
00e12e8b_5622,11609.614
00e12e8b_5623,11609.628
00e12e8b_5624,11609.641
00e12e8b_5625,11609.628
00e12e8b_5626,11609.628
00e12e8b_5627,11609.634
00e12e8b_5628,11609.634
00e12e8b_5629,11609.634
00e12e8b_5630,11609.634
00e12e8b_5631,11609.634
00e12e8b_5632,11609.634
00e12e8b_5633,11609.634
00e12e8b_5634,11609.622
00e12e8b_5635,11609.649
00e12e8b_5636,11609.634
00e12e8b_5637,11609.629
00e12e8b_5638,11609.629
00e12e8b_5639,11609.63
00e12e8b_5640,11609.629
00e12e8b_5641,11609.609
00e12e8b_5642,11609.608
00e12e8b_5643,11609.609
00e12e8b_5644,11609.593
00e12e8b_5645,11609.559
00e12e8b_5646,11609.567
00e12e8b_5647,11609.522
00e12e8b_5648,11609.522
00e12e8b_5649,11609.522
00e12e8b_5650,11609.522
00e12e8b_5651,11609.515
00e12e8b_5652,11609.526
00e12e8b_5653,11609.515
00e12e8b_5654,11609.515
00e12e8b_5655,11609.523
00e12e8b_5656,11609.515
00e12e8b_5657,11609.512
00e12e8b_5658,11609.52
00e12e8b_5659,11609.512
00e12e8b_5660,11609.543
00e12e8b_5661,11609.543
00e12e8b_5662,11609.531
00e12e8b_5663,11609.532
00e12e8b_5664,11609.532
00e12e8b_5665,11609.532
00e12e8b_5666,11609.538
00e12e8b_5667,11609.535
00e12e8b_5668,11609.544
00e12e8b_5669,11609.555
00e12e8b_5670,11609.555
00e12e8b_5671,11609.591
00e12e8b_5672,11609.597
00e12e8b_5673,11609.597
00e12e8b_5674,11609.597
00e12e8b_5675,11609.639
00e12e8b_5676,11609.639
00e12e8b_5677,11609.639
00e12e8b_5678,11609.639
00e12e8b_5679,11609.639
00e12e8b_5680,11609.659
00e12e8b_5681,11609.659
00e12e8b_5682,11609.652
00e12e8b_5683,11609.632
00e12e8b_5684,11609.652
00e12e8b_5685,11609.652
00e12e8b_5686,11609.468
00e12e8b_5687,11609.468
00e12e8b_5688,11609.468
00e12e8b_5689,11609.468
00e12e8b_5690,11609.468
00e12e8b_5691,11609.468
00e12e8b_5692,11609.468
00e12e8b_5693,11609.468
00e12e8b_5694,11609.468
00e12e8b_5695,11609.448
00e12e8b_5696,11609.468
00e12e8b_5697,11609.468
00e12e8b_5698,11609.448
00e12e8b_5699,11609.468
00e12e8b_5700,11609.468
00e12e8b_5701,11609.468
00e12e8b_5702,11609.462
00e12e8b_5703,11609.448
00e12e8b_5704,11609.468
00e12e8b_5705,11609.462
00e12e8b_5706,11609.462
00e12e8b_5707,11609.462
00e12e8b_5708,11609.468
00e12e8b_5709,11609.462
00e12e8b_5710,11609.462
00e12e8b_5711,11609.455
00e12e8b_5712,11609.466
00e12e8b_5713,11609.466
00e12e8b_5714,11609.466
00e12e8b_5715,11609.509
00e12e8b_5716,11609.516
00e12e8b_5717,11609.516
00e12e8b_5718,11609.509
00e12e8b_5719,11609.518
00e12e8b_5720,11609.518
00e12e8b_5721,11609.515
00e12e8b_5722,11609.53
00e12e8b_5723,11609.53
00e12e8b_5724,11609.538
00e12e8b_5725,11609.575
00e12e8b_5726,11609.556
00e12e8b_5727,11609.589
00e12e8b_5728,11609.589
00e12e8b_5729,11609.589
00e12e8b_5730,11609.589
00e12e8b_5731,11609.589
00e12e8b_5732,11609.589
00e12e8b_5733,11609.589
00e12e8b_5734,11609.589
00e12e8b_5735,11609.596
00e12e8b_5736,11609.594
00e12e8b_5737,11609.596
00e12e8b_5738,11609.613
00e12e8b_5739,11609.594
00e12e8b_5740,11609.613
00e12e8b_5741,11609.594
00e12e8b_5742,11609.594
00e12e8b_5743,11609.574
00e12e8b_5744,11609.562
00e12e8b_5745,11609.562
00e12e8b_5746,11609.581
00e12e8b_5747,11609.573
00e12e8b_5748,11609.573
00e12e8b_5749,11609.573
00e12e8b_5750,11609.562
00e12e8b_5751,11609.573
00e12e8b_5752,11609.573
00e12e8b_5753,11609.573
00e12e8b_5754,11609.573
00e12e8b_5755,11609.573
00e12e8b_5756,11609.573
00e12e8b_5757,11609.565
00e12e8b_5758,11609.572
00e12e8b_5759,11609.565
00e12e8b_5760,11609.589
00e12e8b_5761,11609.525
00e12e8b_5762,11609.525
00e12e8b_5763,11609.528
00e12e8b_5764,11609.528
00e12e8b_5765,11609.528
00e12e8b_5766,11609.5205
00e12e8b_5767,11609.543
00e12e8b_5768,11609.543
00e12e8b_5769,11609.543
00e12e8b_5770,11609.529
00e12e8b_5771,11609.523
00e12e8b_5772,11609.523
00e12e8b_5773,11609.523
00e12e8b_5774,11609.545
00e12e8b_5775,11609.542
00e12e8b_5776,11609.57
00e12e8b_5777,11609.551
00e12e8b_5778,11609.551
00e12e8b_5779,11609.551
00e12e8b_5780,11609.551
00e12e8b_5781,11609.551
00e12e8b_5782,11609.551
00e12e8b_5783,11609.614
00e12e8b_5784,11609.614
00e12e8b_5785,11609.616
00e12e8b_5786,11609.602
00e12e8b_5787,11609.616
00e12e8b_5788,11609.616
00e12e8b_5789,11609.605
00e12e8b_5790,11609.605
00e12e8b_5791,11609.595
00e12e8b_5792,11609.608
00e12e8b_5793,11609.608
00e12e8b_5794,11609.608
00e12e8b_5795,11609.608
00e12e8b_5796,11609.608
00e12e8b_5797,11609.595
00e12e8b_5798,11609.588
00e12e8b_5799,11609.588
00e12e8b_5800,11609.602
00e12e8b_5801,11609.602
00e12e8b_5802,11609.617
00e12e8b_5803,11609.617
00e12e8b_5804,11609.617
00e12e8b_5805,11609.617
00e12e8b_5806,11609.624
00e12e8b_5807,11609.626
00e12e8b_5808,11609.624
00e12e8b_5809,11609.65
00e12e8b_5810,11609.644
00e12e8b_5811,11609.644
00e12e8b_5812,11609.644
00e12e8b_5813,11609.663
00e12e8b_5814,11609.663
00e12e8b_5815,11609.663
00e12e8b_5816,11609.664
00e12e8b_5817,11609.626
00e12e8b_5818,11609.691
00e12e8b_5819,11609.706
00e12e8b_5820,11609.692
00e12e8b_5821,11609.706
00e12e8b_5822,11609.766
00e12e8b_5823,11609.752
00e12e8b_5824,11609.766
00e12e8b_5825,11609.766
00e12e8b_5826,11609.766
00e12e8b_5827,11609.766
00e12e8b_5828,11609.766
00e12e8b_5829,11609.766
00e12e8b_5830,11609.766
00e12e8b_5831,11609.766
00e12e8b_5832,11609.758
00e12e8b_5833,11609.758
00e12e8b_5834,11609.813
00e12e8b_5835,11609.807
00e12e8b_5836,11609.807
00e12e8b_5837,11609.807
00e12e8b_5838,11609.807
00e12e8b_5839,11609.807
00e12e8b_5840,11609.807
00e12e8b_5841,11609.934
00e12e8b_5842,11609.92
00e12e8b_5843,11609.934
00e12e8b_5844,11609.92
00e12e8b_5845,11609.934
00e12e8b_5846,11609.934
00e12e8b_5847,11609.934
00e12e8b_5848,11609.934
00e12e8b_5849,11609.934
00e12e8b_5850,11609.94
00e12e8b_5851,11609.917
00e12e8b_5852,11609.898
00e12e8b_5853,11609.884
00e12e8b_5854,11609.898
00e12e8b_5855,11609.898
00e12e8b_5856,11609.898
00e12e8b_5857,11609.884
00e12e8b_5858,11609.898
00e12e8b_5859,11609.898
00e12e8b_5860,11609.898
00e12e8b_5861,11609.898
00e12e8b_5862,11609.884
00e12e8b_5863,11609.898
00e12e8b_5864,11609.898
00e12e8b_5865,11609.898
00e12e8b_5866,11609.898
00e12e8b_5867,11609.898
00e12e8b_5868,11609.898
00e12e8b_5869,11609.898
00e12e8b_5870,11609.898
00e12e8b_5871,11609.884
00e12e8b_5872,11609.898
00e12e8b_5873,11609.904
00e12e8b_5874,11609.891
00e12e8b_5875,11609.904
00e12e8b_5876,11609.922
00e12e8b_5877,11609.923
00e12e8b_5878,11609.894
00e12e8b_5879,11609.894
00e12e8b_5880,11609.898
00e12e8b_5881,11609.898
00e12e8b_5882,11609.898
00e12e8b_5883,11609.902
00e12e8b_5884,11609.894
00e12e8b_5885,11609.894
00e12e8b_5886,11609.899
00e12e8b_5887,11609.893
00e12e8b_5888,11609.882
00e12e8b_5889,11609.882
00e12e8b_5890,11609.891
00e12e8b_5891,11609.891
00e12e8b_5892,11609.891
00e12e8b_5893,11609.882
00e12e8b_5894,11609.939
00e12e8b_5895,11609.939
00e12e8b_5896,11609.926
00e12e8b_5897,11609.926
00e12e8b_5898,11609.9375
00e12e8b_5899,11609.9375
00e12e8b_5900,11609.9375
00e12e8b_5901,11609.9375
00e12e8b_5902,11609.903
00e12e8b_5903,11609.903
00e12e8b_5904,11609.917
00e12e8b_5905,11609.927
00e12e8b_5906,11609.915
00e12e8b_5907,11609.927
00e12e8b_5908,11609.927
00e12e8b_5909,11609.967
00e12e8b_5910,11609.967
00e12e8b_5911,11609.983
00e12e8b_5912,11609.963
00e12e8b_5913,11609.924
00e12e8b_5914,11609.938
00e12e8b_5915,11609.935
00e12e8b_5916,11609.869
00e12e8b_5917,11609.876
00e12e8b_5918,11609.852
00e12e8b_5919,11609.804
00e12e8b_5920,11609.813
00e12e8b_5921,11609.808
00e12e8b_5922,11609.824
00e12e8b_5923,11609.817
00e12e8b_5924,11609.817
00e12e8b_5925,11609.824
00e12e8b_5926,11609.81
00e12e8b_5927,11609.816
00e12e8b_5928,11609.816
00e12e8b_5929,11609.816
00e12e8b_5930,11609.835
00e12e8b_5931,11609.842
00e12e8b_5932,11609.837
00e12e8b_5933,11609.784
00e12e8b_5934,11609.801
00e12e8b_5935,11609.788
00e12e8b_5936,11609.792
00e12e8b_5937,11609.821
00e12e8b_5938,11609.82
00e12e8b_5939,11609.854
00e12e8b_5940,11609.846
00e12e8b_5941,11609.846
00e12e8b_5942,11609.849
00e12e8b_5943,11609.857
00e12e8b_5944,11609.881
00e12e8b_5945,11609.881
00e12e8b_5946,11609.875
00e12e8b_5947,11609.868
00e12e8b_5948,11609.868
00e12e8b_5949,11609.8545
00e12e8b_5950,11609.889
00e12e8b_5951,11609.859
00e12e8b_5952,11609.87
00e12e8b_5953,11609.894
00e12e8b_5954,11609.896
00e12e8b_5955,11609.934
00e12e8b_5956,11609.9795
00e12e8b_5957,11609.939
00e12e8b_5958,11609.939
00e12e8b_5959,11609.969
00e12e8b_5960,11609.969
00e12e8b_5961,11609.979
00e12e8b_5962,11609.9795
00e12e8b_5963,11609.9795
00e12e8b_5964,11609.965
00e12e8b_5965,11609.965
00e12e8b_5966,11609.956
00e12e8b_5967,11609.965
00e12e8b_5968,11609.965
00e12e8b_5969,11609.963
00e12e8b_5970,11609.963
00e12e8b_5971,11609.963
00e12e8b_5972,11609.994
00e12e8b_5973,11609.985
00e12e8b_5974,11609.997
00e12e8b_5975,11609.992
00e12e8b_5976,11609.983
00e12e8b_5977,11610.023
00e12e8b_5978,11610.023
00e12e8b_5979,11610.048
00e12e8b_5980,11610.073
00e12e8b_5981,11610.066
00e12e8b_5982,11610.055
00e12e8b_5983,11610.058
00e12e8b_5984,11610.062
00e12e8b_5985,11610.062
00e12e8b_5986,11610.054
00e12e8b_5987,11610.054
00e12e8b_5988,11610.054
00e12e8b_5989,11610.054
00e12e8b_5990,11610.045
00e12e8b_5991,11610.054
00e12e8b_5992,11610.055
00e12e8b_5993,11610.054
00e12e8b_5994,11610.019
00e12e8b_5995,11610.02
00e12e8b_5996,11610.089
00e12e8b_5997,11610.089
00e12e8b_5998,11610.08
00e12e8b_5999,11610.091
00e12e8b_6000,11610.082
00e12e8b_6001,11610.082
00e12e8b_6002,11610.113
00e12e8b_6003,11610.081
00e12e8b_6004,11610.079
00e12e8b_6005,11610.079
00e12e8b_6006,11610.079
00e12e8b_6007,11610.088
00e12e8b_6008,11610.116
00e12e8b_6009,11610.088
00e12e8b_6010,11610.087
00e12e8b_6011,11610.103
00e12e8b_6012,11610.102
00e12e8b_6013,11610.102
00e12e8b_6014,11610.128
00e12e8b_6015,11610.118
00e12e8b_6016,11610.094
00e12e8b_6017,11610.089
00e12e8b_6018,11610.08
00e12e8b_6019,11610.13
00e12e8b_6020,11610.088
00e12e8b_6021,11610.119
00e12e8b_6022,11610.142
00e12e8b_6023,11610.17
00e12e8b_6024,11610.131
00e12e8b_6025,11610.201
00e12e8b_6026,11610.158
00e12e8b_6027,11610.186
00e12e8b_6028,11610.158
00e12e8b_6029,11610.153
00e12e8b_6030,11610.145
00e12e8b_6031,11610.195
00e12e8b_6032,11610.163
00e12e8b_6033,11610.19
00e12e8b_6034,11610.163
00e12e8b_6035,11610.163
00e12e8b_6036,11610.186
00e12e8b_6037,11610.161
00e12e8b_6038,11610.161
00e12e8b_6039,11610.224
00e12e8b_6040,11610.259
00e12e8b_6041,11610.231
00e12e8b_6042,11610.242
00e12e8b_6043,11610.251
00e12e8b_6044,11610.251
00e12e8b_6045,11610.278
00e12e8b_6046,11610.25
00e12e8b_6047,11610.25
00e12e8b_6048,11610.244
00e12e8b_6049,11610.283
00e12e8b_6050,11610.312
00e12e8b_6051,11610.283
00e12e8b_6052,11610.311
00e12e8b_6053,11610.216
00e12e8b_6054,11610.236
00e12e8b_6055,11610.243
00e12e8b_6056,11610.204
00e12e8b_6057,11610.204
00e12e8b_6058,11610.176
00e12e8b_6059,11610.209
00e12e8b_6060,11610.183
00e12e8b_6061,11610.291
00e12e8b_6062,11610.273
00e12e8b_6063,11610.302
00e12e8b_6064,11610.269
00e12e8b_6065,11610.3
00e12e8b_6066,11610.269
00e12e8b_6067,11610.31
00e12e8b_6068,11610.31
00e12e8b_6069,11610.32
00e12e8b_6070,11610.32
00e12e8b_6071,11610.32
00e12e8b_6072,11610.306
00e12e8b_6073,11610.368
00e12e8b_6074,11610.35
00e12e8b_6075,11610.34
00e12e8b_6076,11610.332
00e12e8b_6077,11610.37
00e12e8b_6078,11610.378
00e12e8b_6079,11610.324
00e12e8b_6080,11610.403
00e12e8b_6081,11610.367
00e12e8b_6082,11610.378
00e12e8b_6083,11610.403
00e12e8b_6084,11610.323
00e12e8b_6085,11610.323
00e12e8b_6086,11610.344
00e12e8b_6087,11610.346
00e12e8b_6088,11610.353
00e12e8b_6089,11610.352
00e12e8b_6090,11610.343
00e12e8b_6091,11610.401
00e12e8b_6092,11610.362
00e12e8b_6093,11610.383
00e12e8b_6094,11610.423
00e12e8b_6095,11610.384
00e12e8b_6096,11610.423
00e12e8b_6097,11610.408
00e12e8b_6098,11610.398
00e12e8b_6099,11610.421
00e12e8b_6100,11610.39
00e12e8b_6101,11610.392
00e12e8b_6102,11610.395
00e12e8b_6103,11610.396
00e12e8b_6104,11610.41
00e12e8b_6105,11610.43
00e12e8b_6106,11610.41
00e12e8b_6107,11610.4
00e12e8b_6108,11610.448
00e12e8b_6109,11610.417
00e12e8b_6110,11610.417
00e12e8b_6111,11610.456
00e12e8b_6112,11610.456
00e12e8b_6113,11610.425
00e12e8b_6114,11610.498
00e12e8b_6115,11610.478
00e12e8b_6116,11610.447
00e12e8b_6117,11610.492
00e12e8b_6118,11610.492
00e12e8b_6119,11610.492
00e12e8b_6120,11610.257
00e12e8b_6121,11610.509
00e12e8b_6122,11610.289
00e12e8b_6123,11610.509
00e12e8b_6124,11610.296
00e12e8b_6125,11610.456
00e12e8b_6126,11610.281
00e12e8b_6127,11610.269
00e12e8b_6128,11610.243
00e12e8b_6129,11610.274
00e12e8b_6130,11610.281
00e12e8b_6131,11610.267
00e12e8b_6132,11610.225
00e12e8b_6133,11610.274
00e12e8b_6134,11610.271
00e12e8b_6135,11610.248
00e12e8b_6136,11610.257
00e12e8b_6137,11610.263
00e12e8b_6138,11610.257
00e12e8b_6139,11610.226
00e12e8b_6140,11610.258
00e12e8b_6141,11610.246
00e12e8b_6142,11610.24
00e12e8b_6143,11610.2705
00e12e8b_6144,11610.248
00e12e8b_6145,11610.26
00e12e8b_6146,11610.254
00e12e8b_6147,11610.269
00e12e8b_6148,11610.256
00e12e8b_6149,11610.234
00e12e8b_6150,11610.258
00e12e8b_6151,11610.272
00e12e8b_6152,11610.272
00e12e8b_6153,11610.265
00e12e8b_6154,11610.275
00e12e8b_6155,11610.275
00e12e8b_6156,11610.275
00e12e8b_6157,11610.265
00e12e8b_6158,11610.275
00e12e8b_6159,11610.268
00e12e8b_6160,11610.321
00e12e8b_6161,11610.303
00e12e8b_6162,11610.321
00e12e8b_6163,11610.328
00e12e8b_6164,11610.328
00e12e8b_6165,11610.304
00e12e8b_6166,11610.288
00e12e8b_6167,11610.3
00e12e8b_6168,11610.259
00e12e8b_6169,11610.287
00e12e8b_6170,11610.259
00e12e8b_6171,11610.285
00e12e8b_6172,11610.287
00e12e8b_6173,11610.294
00e12e8b_6174,11610.305
00e12e8b_6175,11610.297
00e12e8b_6176,11610.297
00e12e8b_6177,11610.269
00e12e8b_6178,11610.297
00e12e8b_6179,11610.291
00e12e8b_6180,11610.296
00e12e8b_6181,11610.301
00e12e8b_6182,11610.331
00e12e8b_6183,11610.339
00e12e8b_6184,11610.331
00e12e8b_6185,11610.331
00e12e8b_6186,11610.316
00e12e8b_6187,11610.353
00e12e8b_6188,11610.346
00e12e8b_6189,11610.316
00e12e8b_6190,11610.346
00e12e8b_6191,11610.352
00e12e8b_6192,11610.316
00e12e8b_6193,11610.345
00e12e8b_6194,11610.345
00e12e8b_6195,11610.346
00e12e8b_6196,11610.339
00e12e8b_6197,11610.339
00e12e8b_6198,11610.307
00e12e8b_6199,11610.307
00e12e8b_6200,11610.308
00e12e8b_6201,11610.281
00e12e8b_6202,11610.278
00e12e8b_6203,11610.278
00e12e8b_6204,11610.278
00e12e8b_6205,11610.247
00e12e8b_6206,11610.313
00e12e8b_6207,11610.294
00e12e8b_6208,11610.287
00e12e8b_6209,11610.299
00e12e8b_6210,11610.263
00e12e8b_6211,11610.287
00e12e8b_6212,11610.299
00e12e8b_6213,11610.2705
00e12e8b_6214,11610.306
00e12e8b_6215,11610.306
00e12e8b_6216,11610.31
00e12e8b_6217,11610.323
00e12e8b_6218,11610.288
00e12e8b_6219,11610.3125
00e12e8b_6220,11610.317
00e12e8b_6221,11610.322
00e12e8b_6222,11610.31
00e12e8b_6223,11610.314
00e12e8b_6224,11610.322
00e12e8b_6225,11610.31
00e12e8b_6226,11610.314
00e12e8b_6227,11610.314
00e12e8b_6228,11610.326
00e12e8b_6229,11610.31
00e12e8b_6230,11610.31
00e12e8b_6231,11610.31
00e12e8b_6232,11610.33
00e12e8b_6233,11610.323
00e12e8b_6234,11610.33
00e12e8b_6235,11610.323
00e12e8b_6236,11610.323
00e12e8b_6237,11610.323
00e12e8b_6238,11610.441
00e12e8b_6239,11610.458
00e12e8b_6240,11610.4795
00e12e8b_6241,11610.382
00e12e8b_6242,11610.388
00e12e8b_6243,11610.422
00e12e8b_6244,11610.422
00e12e8b_6245,11610.421
00e12e8b_6246,11610.415
00e12e8b_6247,11610.402
00e12e8b_6248,11610.423
00e12e8b_6249,11610.301
00e12e8b_6250,11610.301
00e12e8b_6251,11610.347
00e12e8b_6252,11610.299
00e12e8b_6253,11610.345
00e12e8b_6254,11610.427
00e12e8b_6255,11610.333
00e12e8b_6256,11610.427
00e12e8b_6257,11610.434
00e12e8b_6258,11610.414
00e12e8b_6259,11610.375
00e12e8b_6260,11610.403
00e12e8b_6261,11610.399
00e12e8b_6262,11610.395
00e12e8b_6263,11610.421
00e12e8b_6264,11610.407
00e12e8b_6265,11610.414
00e12e8b_6266,11610.391
00e12e8b_6267,11610.402
00e12e8b_6268,11610.39
00e12e8b_6269,11610.407
00e12e8b_6270,11610.4375
00e12e8b_6271,11610.443
00e12e8b_6272,11610.452
00e12e8b_6273,11610.428
00e12e8b_6274,11610.42
00e12e8b_6275,11610.416
00e12e8b_6276,11610.416
00e12e8b_6277,11610.437
00e12e8b_6278,11610.42
00e12e8b_6279,11610.424
00e12e8b_6280,11610.437
00e12e8b_6281,11610.431
00e12e8b_6282,11610.436
00e12e8b_6283,11610.43
00e12e8b_6284,11610.425
00e12e8b_6285,11610.439
00e12e8b_6286,11610.431
00e12e8b_6287,11610.375
00e12e8b_6288,11610.391
00e12e8b_6289,11610.381
00e12e8b_6290,11610.393
00e12e8b_6291,11610.372
00e12e8b_6292,11610.414
00e12e8b_6293,11610.416
00e12e8b_6294,11610.38
00e12e8b_6295,11610.371
00e12e8b_6296,11610.41
00e12e8b_6297,11610.409
00e12e8b_6298,11610.398
00e12e8b_6299,11610.407
00e12e8b_6300,11610.391
00e12e8b_6301,11610.407
00e12e8b_6302,11610.407
00e12e8b_6303,11610.405
00e12e8b_6304,11610.426
00e12e8b_6305,11610.39
00e12e8b_6306,11610.3955
00e12e8b_6307,11610.399
00e12e8b_6308,11610.399
00e12e8b_6309,11610.399
00e12e8b_6310,11610.394
00e12e8b_6311,11610.277
00e12e8b_6312,11610.277
00e12e8b_6313,11610.248
00e12e8b_6314,11610.26
00e12e8b_6315,11610.215
00e12e8b_6316,11610.226
00e12e8b_6317,11610.188
00e12e8b_6318,11610.215
00e12e8b_6319,11610.26
00e12e8b_6320,11610.26
00e12e8b_6321,11610.249
00e12e8b_6322,11610.26
00e12e8b_6323,11610.233
00e12e8b_6324,11610.2705
00e12e8b_6325,11610.288
00e12e8b_6326,11610.286
00e12e8b_6327,11610.281
00e12e8b_6328,11610.273
00e12e8b_6329,11610.252
00e12e8b_6330,11610.243
00e12e8b_6331,11610.251
00e12e8b_6332,11610.275
00e12e8b_6333,11610.255
00e12e8b_6334,11610.298
00e12e8b_6335,11610.298
00e12e8b_6336,11610.298
00e12e8b_6337,11610.304
00e12e8b_6338,11610.29
00e12e8b_6339,11610.282
00e12e8b_6340,11610.275
00e12e8b_6341,11610.3
00e12e8b_6342,11610.3
00e12e8b_6343,11610.276
00e12e8b_6344,11610.277
00e12e8b_6345,11610.306
00e12e8b_6346,11610.325
00e12e8b_6347,11610.337
00e12e8b_6348,11610.35
00e12e8b_6349,11610.338
00e12e8b_6350,11610.345
00e12e8b_6351,11610.314
00e12e8b_6352,11610.337
00e12e8b_6353,11610.347
00e12e8b_6354,11610.337
00e12e8b_6355,11610.335
00e12e8b_6356,11610.43
00e12e8b_6357,11610.43
00e12e8b_6358,11610.442
00e12e8b_6359,11610.4375
00e12e8b_6360,11610.426
00e12e8b_6361,11610.419
00e12e8b_6362,11610.409
00e12e8b_6363,11610.421
00e12e8b_6364,11610.435
00e12e8b_6365,11610.429
00e12e8b_6366,11610.423
00e12e8b_6367,11610.406
00e12e8b_6368,11610.406
00e12e8b_6369,11610.412
00e12e8b_6370,11610.415
00e12e8b_6371,11610.419
00e12e8b_6372,11610.391
00e12e8b_6373,11610.402
00e12e8b_6374,11610.402
00e12e8b_6375,11610.415
00e12e8b_6376,11610.486
00e12e8b_6377,11610.477
00e12e8b_6378,11610.47
00e12e8b_6379,11610.247
00e12e8b_6380,11610.259
00e12e8b_6381,11610.264
00e12e8b_6382,11610.245
00e12e8b_6383,11610.378
