id,tvt
000d7d20_1442,11716.57
000d7d20_1443,11716.557
000d7d20_1444,11716.541
000d7d20_1445,11716.527
000d7d20_1446,11716.512
000d7d20_1447,11716.496
000d7d20_1448,11716.48
000d7d20_1449,11716.465
000d7d20_1450,11716.449
000d7d20_1451,11716.434
000d7d20_1452,11716.418
000d7d20_1453,11716.402
000d7d20_1454,11716.385
000d7d20_1455,11716.369
000d7d20_1456,11716.352
000d7d20_1457,11716.336
000d7d20_1458,11716.318
000d7d20_1459,11716.303
000d7d20_1460,11716.285
000d7d20_1461,11716.27
000d7d20_1462,11716.252
000d7d20_1463,11716.234
000d7d20_1464,11716.217
000d7d20_1465,11716.201
000d7d20_1466,11716.184
000d7d20_1467,11716.166
000d7d20_1468,11716.15
000d7d20_1469,11716.133
000d7d20_1470,11716.117
000d7d20_1471,11716.1
000d7d20_1472,11716.082
000d7d20_1473,11716.066
000d7d20_1474,11716.049
000d7d20_1475,11716.033
000d7d20_1476,11716.018
000d7d20_1477,11716.0
000d7d20_1478,11715.984
000d7d20_1479,11715.969
000d7d20_1480,11715.953
000d7d20_1481,11715.9375
000d7d20_1482,11715.922
000d7d20_1483,11715.906
000d7d20_1484,11715.891
000d7d20_1485,11715.875
000d7d20_1486,11715.861
000d7d20_1487,11715.846
000d7d20_1488,11715.83
000d7d20_1489,11715.816
000d7d20_1490,11715.801
000d7d20_1491,11715.787
000d7d20_1492,11715.773
000d7d20_1493,11715.758
000d7d20_1494,11715.744
000d7d20_1495,11715.732
000d7d20_1496,11715.719
000d7d20_1497,11715.705
000d7d20_1498,11715.693
000d7d20_1499,11715.68
000d7d20_1500,11715.668
000d7d20_1501,11715.656
000d7d20_1502,11715.645
000d7d20_1503,11715.633
000d7d20_1504,11715.621
000d7d20_1505,11715.611
000d7d20_1506,11715.602
000d7d20_1507,11715.59
000d7d20_1508,11715.58
000d7d20_1509,11715.57
000d7d20_1510,11715.5625
000d7d20_1511,11715.553
000d7d20_1512,11715.545
000d7d20_1513,11715.537
000d7d20_1514,11715.527
000d7d20_1515,11715.521
000d7d20_1516,11715.514
000d7d20_1517,11715.506
000d7d20_1518,11715.5
000d7d20_1519,11715.494
000d7d20_1520,11715.488
000d7d20_1521,11715.482
000d7d20_1522,11715.477
000d7d20_1523,11715.471
000d7d20_1524,11715.467
000d7d20_1525,11715.461
000d7d20_1526,11715.457
000d7d20_1527,11715.453
000d7d20_1528,11715.449
000d7d20_1529,11715.445
000d7d20_1530,11715.441
000d7d20_1531,11715.439
000d7d20_1532,11715.436
000d7d20_1533,11715.434
000d7d20_1534,11715.432
000d7d20_1535,11715.43
000d7d20_1536,11715.428
000d7d20_1537,11715.426
000d7d20_1538,11715.424
000d7d20_1539,11715.422
000d7d20_1540,11715.422
000d7d20_1541,11715.42
000d7d20_1542,11715.42
000d7d20_1543,11715.42
000d7d20_1544,11715.418
000d7d20_1545,11715.418
000d7d20_1546,11715.42
000d7d20_1547,11715.42
000d7d20_1548,11715.42
000d7d20_1549,11715.422
000d7d20_1550,11715.422
000d7d20_1551,11715.424
000d7d20_1552,11715.426
000d7d20_1553,11715.428
000d7d20_1554,11715.428
000d7d20_1555,11715.43
000d7d20_1556,11715.432
000d7d20_1557,11715.436
000d7d20_1558,11715.4375
000d7d20_1559,11715.439
000d7d20_1560,11715.441
000d7d20_1561,11715.445
000d7d20_1562,11715.447
000d7d20_1563,11715.451
000d7d20_1564,11715.453
000d7d20_1565,11715.457
000d7d20_1566,11715.459
000d7d20_1567,11715.463
000d7d20_1568,11715.465
000d7d20_1569,11715.469
000d7d20_1570,11715.471
000d7d20_1571,11715.475
000d7d20_1572,11715.479
000d7d20_1573,11715.48
000d7d20_1574,11715.482
000d7d20_1575,11715.486
000d7d20_1576,11715.488
000d7d20_1577,11715.492
000d7d20_1578,11715.494
000d7d20_1579,11715.496
000d7d20_1580,11715.5
000d7d20_1581,11715.502
000d7d20_1582,11715.504
000d7d20_1583,11715.506
000d7d20_1584,11715.508
000d7d20_1585,11715.51
000d7d20_1586,11715.512
000d7d20_1587,11715.514
000d7d20_1588,11715.516
000d7d20_1589,11715.516
000d7d20_1590,11715.518
000d7d20_1591,11715.52
000d7d20_1592,11715.52
000d7d20_1593,11715.521
000d7d20_1594,11715.521
000d7d20_1595,11715.523
000d7d20_1596,11715.523
000d7d20_1597,11715.525
000d7d20_1598,11715.525
000d7d20_1599,11715.525
000d7d20_1600,11715.527
000d7d20_1601,11715.527
000d7d20_1602,11715.527
000d7d20_1603,11715.527
000d7d20_1604,11715.527
000d7d20_1605,11715.527
000d7d20_1606,11715.527
000d7d20_1607,11715.529
000d7d20_1608,11715.527
000d7d20_1609,11715.527
000d7d20_1610,11715.527
000d7d20_1611,11715.527
000d7d20_1612,11715.527
000d7d20_1613,11715.527
000d7d20_1614,11715.525
000d7d20_1615,11715.525
000d7d20_1616,11715.525
000d7d20_1617,11715.523
000d7d20_1618,11715.523
000d7d20_1619,11715.521
000d7d20_1620,11715.521
000d7d20_1621,11715.52
000d7d20_1622,11715.518
000d7d20_1623,11715.518
000d7d20_1624,11715.516
000d7d20_1625,11715.514
000d7d20_1626,11715.512
000d7d20_1627,11715.512
000d7d20_1628,11715.51
000d7d20_1629,11715.508
000d7d20_1630,11715.506
000d7d20_1631,11715.504
000d7d20_1632,11715.502
000d7d20_1633,11715.5
000d7d20_1634,11715.498
000d7d20_1635,11715.496
000d7d20_1636,11715.494
000d7d20_1637,11715.492
000d7d20_1638,11715.49
000d7d20_1639,11715.488
000d7d20_1640,11715.486
000d7d20_1641,11715.482
000d7d20_1642,11715.48
000d7d20_1643,11715.479
000d7d20_1644,11715.477
000d7d20_1645,11715.475
000d7d20_1646,11715.473
000d7d20_1647,11715.471
000d7d20_1648,11715.469
000d7d20_1649,11715.467
000d7d20_1650,11715.465
000d7d20_1651,11715.463
000d7d20_1652,11715.459
000d7d20_1653,11715.457
000d7d20_1654,11715.455
000d7d20_1655,11715.453
000d7d20_1656,11715.451
000d7d20_1657,11715.449
000d7d20_1658,11715.447
000d7d20_1659,11715.445
000d7d20_1660,11715.445
000d7d20_1661,11715.443
000d7d20_1662,11715.441
000d7d20_1663,11715.439
000d7d20_1664,11715.4375
000d7d20_1665,11715.436
000d7d20_1666,11715.434
000d7d20_1667,11715.432
000d7d20_1668,11715.43
000d7d20_1669,11715.428
000d7d20_1670,11715.428
000d7d20_1671,11715.426
000d7d20_1672,11715.424
000d7d20_1673,11715.422
000d7d20_1674,11715.42
000d7d20_1675,11715.42
000d7d20_1676,11715.418
000d7d20_1677,11715.416
000d7d20_1678,11715.414
000d7d20_1679,11715.414
000d7d20_1680,11715.412
000d7d20_1681,11715.412
000d7d20_1682,11715.41
000d7d20_1683,11715.41
000d7d20_1684,11715.408
000d7d20_1685,11715.406
000d7d20_1686,11715.406
000d7d20_1687,11715.406
000d7d20_1688,11715.404
000d7d20_1689,11715.404
000d7d20_1690,11715.404
000d7d20_1691,11715.402
000d7d20_1692,11715.402
000d7d20_1693,11715.402
000d7d20_1694,11715.402
000d7d20_1695,11715.402
000d7d20_1696,11715.4
000d7d20_1697,11715.4
000d7d20_1698,11715.4
000d7d20_1699,11715.4
000d7d20_1700,11715.4
000d7d20_1701,11715.4
000d7d20_1702,11715.4
000d7d20_1703,11715.4
000d7d20_1704,11715.4
000d7d20_1705,11715.4
000d7d20_1706,11715.4
000d7d20_1707,11715.4
000d7d20_1708,11715.4
000d7d20_1709,11715.4
000d7d20_1710,11715.4
000d7d20_1711,11715.4
000d7d20_1712,11715.4
000d7d20_1713,11715.4
000d7d20_1714,11715.4
000d7d20_1715,11715.4
000d7d20_1716,11715.4
000d7d20_1717,11715.4
000d7d20_1718,11715.4
000d7d20_1719,11715.4
000d7d20_1720,11715.4
000d7d20_1721,11715.4
000d7d20_1722,11715.402
000d7d20_1723,11715.402
000d7d20_1724,11715.402
000d7d20_1725,11715.402
000d7d20_1726,11715.402
000d7d20_1727,11715.402
000d7d20_1728,11715.402
000d7d20_1729,11715.404
000d7d20_1730,11715.404
000d7d20_1731,11715.404
000d7d20_1732,11715.404
000d7d20_1733,11715.404
000d7d20_1734,11715.404
000d7d20_1735,11715.406
000d7d20_1736,11715.406
000d7d20_1737,11715.406
000d7d20_1738,11715.406
000d7d20_1739,11715.408
000d7d20_1740,11715.408
000d7d20_1741,11715.408
000d7d20_1742,11715.41
000d7d20_1743,11715.41
000d7d20_1744,11715.412
000d7d20_1745,11715.412
000d7d20_1746,11715.412
000d7d20_1747,11715.414
000d7d20_1748,11715.414
000d7d20_1749,11715.416
000d7d20_1750,11715.416
000d7d20_1751,11715.416
000d7d20_1752,11715.418
000d7d20_1753,11715.418
000d7d20_1754,11715.42
000d7d20_1755,11715.42
000d7d20_1756,11715.42
000d7d20_1757,11715.422
000d7d20_1758,11715.422
000d7d20_1759,11715.422
000d7d20_1760,11715.422
000d7d20_1761,11715.424
000d7d20_1762,11715.424
000d7d20_1763,11715.424
000d7d20_1764,11715.424
000d7d20_1765,11715.424
000d7d20_1766,11715.422
000d7d20_1767,11715.422
000d7d20_1768,11715.422
000d7d20_1769,11715.422
000d7d20_1770,11715.422
000d7d20_1771,11715.42
000d7d20_1772,11715.42
000d7d20_1773,11715.42
000d7d20_1774,11715.418
000d7d20_1775,11715.418
000d7d20_1776,11715.416
000d7d20_1777,11715.416
000d7d20_1778,11715.416
000d7d20_1779,11715.414
000d7d20_1780,11715.412
000d7d20_1781,11715.412
000d7d20_1782,11715.41
000d7d20_1783,11715.408
000d7d20_1784,11715.408
000d7d20_1785,11715.406
000d7d20_1786,11715.404
000d7d20_1787,11715.402
000d7d20_1788,11715.4
000d7d20_1789,11715.398
000d7d20_1790,11715.396
000d7d20_1791,11715.395
000d7d20_1792,11715.393
000d7d20_1793,11715.391
000d7d20_1794,11715.389
000d7d20_1795,11715.387
000d7d20_1796,11715.385
000d7d20_1797,11715.381
000d7d20_1798,11715.379
000d7d20_1799,11715.375
000d7d20_1800,11715.373
000d7d20_1801,11715.369
000d7d20_1802,11715.367
000d7d20_1803,11715.363
000d7d20_1804,11715.359
000d7d20_1805,11715.357
000d7d20_1806,11715.354
000d7d20_1807,11715.35
000d7d20_1808,11715.346
000d7d20_1809,11715.342
000d7d20_1810,11715.338
000d7d20_1811,11715.334
000d7d20_1812,11715.33
000d7d20_1813,11715.326
000d7d20_1814,11715.322
000d7d20_1815,11715.318
000d7d20_1816,11715.314
000d7d20_1817,11715.311
000d7d20_1818,11715.307
000d7d20_1819,11715.303
000d7d20_1820,11715.297
000d7d20_1821,11715.293
000d7d20_1822,11715.289
000d7d20_1823,11715.285
000d7d20_1824,11715.279
000d7d20_1825,11715.275
000d7d20_1826,11715.271
000d7d20_1827,11715.266
000d7d20_1828,11715.262
000d7d20_1829,11715.258
000d7d20_1830,11715.252
000d7d20_1831,11715.248
000d7d20_1832,11715.242
000d7d20_1833,11715.238
000d7d20_1834,11715.234
000d7d20_1835,11715.229
000d7d20_1836,11715.225
000d7d20_1837,11715.221
000d7d20_1838,11715.215
000d7d20_1839,11715.211
000d7d20_1840,11715.207
000d7d20_1841,11715.201
000d7d20_1842,11715.197
000d7d20_1843,11715.193
000d7d20_1844,11715.1875
000d7d20_1845,11715.184
000d7d20_1846,11715.18
000d7d20_1847,11715.174
000d7d20_1848,11715.17
000d7d20_1849,11715.166
000d7d20_1850,11715.16
000d7d20_1851,11715.156
000d7d20_1852,11715.15
000d7d20_1853,11715.146
000d7d20_1854,11715.143
000d7d20_1855,11715.137
000d7d20_1856,11715.133
000d7d20_1857,11715.129
000d7d20_1858,11715.123
000d7d20_1859,11715.119
000d7d20_1860,11715.113
000d7d20_1861,11715.109
000d7d20_1862,11715.105
000d7d20_1863,11715.1
000d7d20_1864,11715.096
000d7d20_1865,11715.092
000d7d20_1866,11715.088
000d7d20_1867,11715.082
000d7d20_1868,11715.078
000d7d20_1869,11715.074
000d7d20_1870,11715.07
000d7d20_1871,11715.064
000d7d20_1872,11715.061
000d7d20_1873,11715.057
000d7d20_1874,11715.053
000d7d20_1875,11715.049
000d7d20_1876,11715.045
000d7d20_1877,11715.039
000d7d20_1878,11715.035
000d7d20_1879,11715.031
000d7d20_1880,11715.027
000d7d20_1881,11715.021
000d7d20_1882,11715.018
000d7d20_1883,11715.014
000d7d20_1884,11715.01
000d7d20_1885,11715.006
000d7d20_1886,11715.0
000d7d20_1887,11714.996
000d7d20_1888,11714.992
000d7d20_1889,11714.988
000d7d20_1890,11714.984
000d7d20_1891,11714.98
000d7d20_1892,11714.975
000d7d20_1893,11714.971
000d7d20_1894,11714.967
000d7d20_1895,11714.963
000d7d20_1896,11714.959
000d7d20_1897,11714.955
000d7d20_1898,11714.953
000d7d20_1899,11714.949
000d7d20_1900,11714.945
000d7d20_1901,11714.941
000d7d20_1902,11714.9375
000d7d20_1903,11714.934
000d7d20_1904,11714.932
000d7d20_1905,11714.928
000d7d20_1906,11714.926
000d7d20_1907,11714.922
000d7d20_1908,11714.92
000d7d20_1909,11714.916
000d7d20_1910,11714.914
000d7d20_1911,11714.912
000d7d20_1912,11714.91
000d7d20_1913,11714.906
000d7d20_1914,11714.904
000d7d20_1915,11714.902
000d7d20_1916,11714.902
000d7d20_1917,11714.9
000d7d20_1918,11714.898
000d7d20_1919,11714.896
000d7d20_1920,11714.896
000d7d20_1921,11714.895
000d7d20_1922,11714.895
000d7d20_1923,11714.893
000d7d20_1924,11714.893
000d7d20_1925,11714.893
000d7d20_1926,11714.893
000d7d20_1927,11714.893
000d7d20_1928,11714.891
000d7d20_1929,11714.893
000d7d20_1930,11714.893
000d7d20_1931,11714.893
000d7d20_1932,11714.893
000d7d20_1933,11714.893
000d7d20_1934,11714.895
000d7d20_1935,11714.895
000d7d20_1936,11714.896
000d7d20_1937,11714.898
000d7d20_1938,11714.898
000d7d20_1939,11714.9
000d7d20_1940,11714.902
000d7d20_1941,11714.904
000d7d20_1942,11714.906
000d7d20_1943,11714.908
000d7d20_1944,11714.91
000d7d20_1945,11714.912
000d7d20_1946,11714.914
000d7d20_1947,11714.916
000d7d20_1948,11714.92
000d7d20_1949,11714.922
000d7d20_1950,11714.924
000d7d20_1951,11714.928
000d7d20_1952,11714.93
000d7d20_1953,11714.934
000d7d20_1954,11714.936
000d7d20_1955,11714.939
000d7d20_1956,11714.941
000d7d20_1957,11714.945
000d7d20_1958,11714.949
000d7d20_1959,11714.951
000d7d20_1960,11714.955
000d7d20_1961,11714.959
000d7d20_1962,11714.963
000d7d20_1963,11714.967
000d7d20_1964,11714.971
000d7d20_1965,11714.975
000d7d20_1966,11714.98
000d7d20_1967,11714.984
000d7d20_1968,11714.988
000d7d20_1969,11714.994
000d7d20_1970,11714.998
000d7d20_1971,11715.004
000d7d20_1972,11715.008
000d7d20_1973,11715.014
000d7d20_1974,11715.018
000d7d20_1975,11715.023
000d7d20_1976,11715.029
000d7d20_1977,11715.033
000d7d20_1978,11715.039
000d7d20_1979,11715.045
000d7d20_1980,11715.051
000d7d20_1981,11715.057
000d7d20_1982,11715.0625
000d7d20_1983,11715.068
000d7d20_1984,11715.074
000d7d20_1985,11715.08
000d7d20_1986,11715.086
000d7d20_1987,11715.092
000d7d20_1988,11715.098
000d7d20_1989,11715.104
000d7d20_1990,11715.111
000d7d20_1991,11715.117
000d7d20_1992,11715.123
000d7d20_1993,11715.129
000d7d20_1994,11715.137
000d7d20_1995,11715.143
000d7d20_1996,11715.148
000d7d20_1997,11715.154
000d7d20_1998,11715.162
000d7d20_1999,11715.168
000d7d20_2000,11715.176
000d7d20_2001,11715.182
000d7d20_2002,11715.1875
000d7d20_2003,11715.195
000d7d20_2004,11715.201
000d7d20_2005,11715.209
000d7d20_2006,11715.215
000d7d20_2007,11715.223
000d7d20_2008,11715.229
000d7d20_2009,11715.236
000d7d20_2010,11715.242
000d7d20_2011,11715.25
000d7d20_2012,11715.258
000d7d20_2013,11715.264
000d7d20_2014,11715.271
000d7d20_2015,11715.277
000d7d20_2016,11715.285
000d7d20_2017,11715.291
000d7d20_2018,11715.299
000d7d20_2019,11715.305
000d7d20_2020,11715.3125
000d7d20_2021,11715.318
000d7d20_2022,11715.324
000d7d20_2023,11715.332
000d7d20_2024,11715.338
000d7d20_2025,11715.344
000d7d20_2026,11715.35
000d7d20_2027,11715.357
000d7d20_2028,11715.363
000d7d20_2029,11715.369
000d7d20_2030,11715.375
000d7d20_2031,11715.381
000d7d20_2032,11715.387
000d7d20_2033,11715.393
000d7d20_2034,11715.398
000d7d20_2035,11715.404
000d7d20_2036,11715.41
000d7d20_2037,11715.416
000d7d20_2038,11715.422
000d7d20_2039,11715.428
000d7d20_2040,11715.434
000d7d20_2041,11715.439
000d7d20_2042,11715.445
000d7d20_2043,11715.451
000d7d20_2044,11715.457
000d7d20_2045,11715.461
000d7d20_2046,11715.467
000d7d20_2047,11715.473
000d7d20_2048,11715.479
000d7d20_2049,11715.484
000d7d20_2050,11715.49
000d7d20_2051,11715.494
000d7d20_2052,11715.5
000d7d20_2053,11715.506
000d7d20_2054,11715.512
000d7d20_2055,11715.518
000d7d20_2056,11715.523
000d7d20_2057,11715.529
000d7d20_2058,11715.533
000d7d20_2059,11715.539
000d7d20_2060,11715.545
000d7d20_2061,11715.551
000d7d20_2062,11715.557
000d7d20_2063,11715.561
000d7d20_2064,11715.566
000d7d20_2065,11715.572
000d7d20_2066,11715.578
000d7d20_2067,11715.584
000d7d20_2068,11715.588
000d7d20_2069,11715.594
000d7d20_2070,11715.6
000d7d20_2071,11715.605
000d7d20_2072,11715.609
000d7d20_2073,11715.615
000d7d20_2074,11715.621
000d7d20_2075,11715.625
000d7d20_2076,11715.631
000d7d20_2077,11715.637
000d7d20_2078,11715.641
000d7d20_2079,11715.646
000d7d20_2080,11715.652
000d7d20_2081,11715.658
000d7d20_2082,11715.664
000d7d20_2083,11715.668
000d7d20_2084,11715.674
000d7d20_2085,11715.68
000d7d20_2086,11715.686
000d7d20_2087,11715.689
000d7d20_2088,11715.695
000d7d20_2089,11715.701
000d7d20_2090,11715.705
000d7d20_2091,11715.711
000d7d20_2092,11715.717
000d7d20_2093,11715.723
000d7d20_2094,11715.727
000d7d20_2095,11715.732
000d7d20_2096,11715.738
000d7d20_2097,11715.742
000d7d20_2098,11715.748
000d7d20_2099,11715.752
000d7d20_2100,11715.758
000d7d20_2101,11715.764
000d7d20_2102,11715.768
000d7d20_2103,11715.773
000d7d20_2104,11715.777
000d7d20_2105,11715.783
000d7d20_2106,11715.787
000d7d20_2107,11715.793
000d7d20_2108,11715.797
000d7d20_2109,11715.803
000d7d20_2110,11715.807
000d7d20_2111,11715.8125
000d7d20_2112,11715.816
000d7d20_2113,11715.822
000d7d20_2114,11715.826
000d7d20_2115,11715.83
000d7d20_2116,11715.836
000d7d20_2117,11715.84
000d7d20_2118,11715.846
000d7d20_2119,11715.85
000d7d20_2120,11715.854
000d7d20_2121,11715.859
000d7d20_2122,11715.863
000d7d20_2123,11715.867
000d7d20_2124,11715.873
000d7d20_2125,11715.877
000d7d20_2126,11715.881
000d7d20_2127,11715.887
000d7d20_2128,11715.891
000d7d20_2129,11715.895
000d7d20_2130,11715.9
000d7d20_2131,11715.904
000d7d20_2132,11715.91
000d7d20_2133,11715.914
000d7d20_2134,11715.92
000d7d20_2135,11715.924
000d7d20_2136,11715.93
000d7d20_2137,11715.934
000d7d20_2138,11715.939
000d7d20_2139,11715.943
000d7d20_2140,11715.949
000d7d20_2141,11715.955
000d7d20_2142,11715.959
000d7d20_2143,11715.965
000d7d20_2144,11715.971
000d7d20_2145,11715.977
000d7d20_2146,11715.982
000d7d20_2147,11715.986
000d7d20_2148,11715.992
000d7d20_2149,11715.998
000d7d20_2150,11716.004
000d7d20_2151,11716.01
000d7d20_2152,11716.016
000d7d20_2153,11716.021
000d7d20_2154,11716.027
000d7d20_2155,11716.033
000d7d20_2156,11716.041
000d7d20_2157,11716.047
000d7d20_2158,11716.053
000d7d20_2159,11716.059
000d7d20_2160,11716.064
000d7d20_2161,11716.07
000d7d20_2162,11716.078
000d7d20_2163,11716.084
000d7d20_2164,11716.09
000d7d20_2165,11716.096
000d7d20_2166,11716.102
000d7d20_2167,11716.109
000d7d20_2168,11716.115
000d7d20_2169,11716.121
000d7d20_2170,11716.127
000d7d20_2171,11716.133
000d7d20_2172,11716.141
000d7d20_2173,11716.146
000d7d20_2174,11716.152
000d7d20_2175,11716.158
000d7d20_2176,11716.166
000d7d20_2177,11716.172
000d7d20_2178,11716.178
000d7d20_2179,11716.184
000d7d20_2180,11716.189
000d7d20_2181,11716.197
000d7d20_2182,11716.203
000d7d20_2183,11716.209
000d7d20_2184,11716.215
000d7d20_2185,11716.221
000d7d20_2186,11716.229
000d7d20_2187,11716.234
000d7d20_2188,11716.24
000d7d20_2189,11716.246
000d7d20_2190,11716.252
000d7d20_2191,11716.258
000d7d20_2192,11716.264
000d7d20_2193,11716.27
000d7d20_2194,11716.277
000d7d20_2195,11716.283
000d7d20_2196,11716.289
000d7d20_2197,11716.295
000d7d20_2198,11716.301
000d7d20_2199,11716.307
000d7d20_2200,11716.3125
000d7d20_2201,11716.318
000d7d20_2202,11716.324
000d7d20_2203,11716.33
000d7d20_2204,11716.336
000d7d20_2205,11716.342
000d7d20_2206,11716.346
000d7d20_2207,11716.352
000d7d20_2208,11716.357
000d7d20_2209,11716.363
000d7d20_2210,11716.369
000d7d20_2211,11716.375
000d7d20_2212,11716.379
000d7d20_2213,11716.385
000d7d20_2214,11716.391
000d7d20_2215,11716.396
000d7d20_2216,11716.4
000d7d20_2217,11716.406
000d7d20_2218,11716.412
000d7d20_2219,11716.418
000d7d20_2220,11716.424
000d7d20_2221,11716.428
000d7d20_2222,11716.434
000d7d20_2223,11716.439
000d7d20_2224,11716.445
000d7d20_2225,11716.451
000d7d20_2226,11716.457
000d7d20_2227,11716.463
000d7d20_2228,11716.469
000d7d20_2229,11716.475
000d7d20_2230,11716.48
000d7d20_2231,11716.486
000d7d20_2232,11716.494
000d7d20_2233,11716.5
000d7d20_2234,11716.506
000d7d20_2235,11716.514
000d7d20_2236,11716.521
000d7d20_2237,11716.527
000d7d20_2238,11716.535
000d7d20_2239,11716.543
000d7d20_2240,11716.549
000d7d20_2241,11716.557
000d7d20_2242,11716.564
000d7d20_2243,11716.572
000d7d20_2244,11716.58
000d7d20_2245,11716.588
000d7d20_2246,11716.596
000d7d20_2247,11716.604
000d7d20_2248,11716.611
000d7d20_2249,11716.621
000d7d20_2250,11716.629
000d7d20_2251,11716.637
000d7d20_2252,11716.646
000d7d20_2253,11716.654
000d7d20_2254,11716.664
000d7d20_2255,11716.672
000d7d20_2256,11716.682
000d7d20_2257,11716.689
000d7d20_2258,11716.699
000d7d20_2259,11716.709
000d7d20_2260,11716.717
000d7d20_2261,11716.727
000d7d20_2262,11716.736
000d7d20_2263,11716.746
000d7d20_2264,11716.756
000d7d20_2265,11716.766
000d7d20_2266,11716.775
000d7d20_2267,11716.785
000d7d20_2268,11716.795
000d7d20_2269,11716.805
000d7d20_2270,11716.816
000d7d20_2271,11716.826
000d7d20_2272,11716.838
000d7d20_2273,11716.848
000d7d20_2274,11716.859
000d7d20_2275,11716.871
000d7d20_2276,11716.881
000d7d20_2277,11716.893
000d7d20_2278,11716.904
000d7d20_2279,11716.918
000d7d20_2280,11716.93
000d7d20_2281,11716.941
000d7d20_2282,11716.953
000d7d20_2283,11716.967
000d7d20_2284,11716.98
000d7d20_2285,11716.992
000d7d20_2286,11717.006
000d7d20_2287,11717.02
000d7d20_2288,11717.033
000d7d20_2289,11717.047
000d7d20_2290,11717.061
000d7d20_2291,11717.074
000d7d20_2292,11717.088
000d7d20_2293,11717.102
000d7d20_2294,11717.117
000d7d20_2295,11717.131
000d7d20_2296,11717.146
000d7d20_2297,11717.162
000d7d20_2298,11717.176
000d7d20_2299,11717.191
000d7d20_2300,11717.207
000d7d20_2301,11717.223
000d7d20_2302,11717.238
000d7d20_2303,11717.254
000d7d20_2304,11717.271
000d7d20_2305,11717.287
000d7d20_2306,11717.303
000d7d20_2307,11717.32
000d7d20_2308,11717.336
000d7d20_2309,11717.354
000d7d20_2310,11717.371
000d7d20_2311,11717.387
000d7d20_2312,11717.404
000d7d20_2313,11717.422
000d7d20_2314,11717.439
000d7d20_2315,11717.457
000d7d20_2316,11717.475
000d7d20_2317,11717.492
000d7d20_2318,11717.51
000d7d20_2319,11717.527
000d7d20_2320,11717.545
000d7d20_2321,11717.5625
000d7d20_2322,11717.582
000d7d20_2323,11717.6
000d7d20_2324,11717.617
000d7d20_2325,11717.637
000d7d20_2326,11717.654
000d7d20_2327,11717.672
000d7d20_2328,11717.689
000d7d20_2329,11717.709
000d7d20_2330,11717.727
000d7d20_2331,11717.746
000d7d20_2332,11717.764
000d7d20_2333,11717.781
000d7d20_2334,11717.799
000d7d20_2335,11717.818
000d7d20_2336,11717.836
000d7d20_2337,11717.854
000d7d20_2338,11717.873
000d7d20_2339,11717.891
000d7d20_2340,11717.908
000d7d20_2341,11717.926
000d7d20_2342,11717.943
000d7d20_2343,11717.961
000d7d20_2344,11717.98
000d7d20_2345,11717.998
000d7d20_2346,11718.016
000d7d20_2347,11718.033
000d7d20_2348,11718.051
000d7d20_2349,11718.066
000d7d20_2350,11718.084
000d7d20_2351,11718.102
000d7d20_2352,11718.119
000d7d20_2353,11718.135
000d7d20_2354,11718.152
000d7d20_2355,11718.168
000d7d20_2356,11718.186
000d7d20_2357,11718.201
000d7d20_2358,11718.219
000d7d20_2359,11718.234
000d7d20_2360,11718.25
000d7d20_2361,11718.266
000d7d20_2362,11718.281
000d7d20_2363,11718.297
000d7d20_2364,11718.3125
000d7d20_2365,11718.328
000d7d20_2366,11718.344
000d7d20_2367,11718.359
000d7d20_2368,11718.375
000d7d20_2369,11718.389
000d7d20_2370,11718.404
000d7d20_2371,11718.418
000d7d20_2372,11718.432
000d7d20_2373,11718.447
000d7d20_2374,11718.461
000d7d20_2375,11718.475
000d7d20_2376,11718.486
000d7d20_2377,11718.5
000d7d20_2378,11718.514
000d7d20_2379,11718.525
000d7d20_2380,11718.537
000d7d20_2381,11718.549
000d7d20_2382,11718.561
000d7d20_2383,11718.572
000d7d20_2384,11718.584
000d7d20_2385,11718.594
000d7d20_2386,11718.604
000d7d20_2387,11718.615
000d7d20_2388,11718.625
000d7d20_2389,11718.633
000d7d20_2390,11718.643
000d7d20_2391,11718.652
000d7d20_2392,11718.66
000d7d20_2393,11718.668
000d7d20_2394,11718.676
000d7d20_2395,11718.684
000d7d20_2396,11718.691
000d7d20_2397,11718.697
000d7d20_2398,11718.703
000d7d20_2399,11718.711
000d7d20_2400,11718.715
000d7d20_2401,11718.721
000d7d20_2402,11718.727
000d7d20_2403,11718.73
000d7d20_2404,11718.736
000d7d20_2405,11718.74
000d7d20_2406,11718.744
000d7d20_2407,11718.746
000d7d20_2408,11718.75
000d7d20_2409,11718.752
000d7d20_2410,11718.756
000d7d20_2411,11718.758
000d7d20_2412,11718.76
000d7d20_2413,11718.762
000d7d20_2414,11718.762
000d7d20_2415,11718.764
000d7d20_2416,11718.764
000d7d20_2417,11718.766
000d7d20_2418,11718.766
000d7d20_2419,11718.766
000d7d20_2420,11718.766
000d7d20_2421,11718.766
000d7d20_2422,11718.764
000d7d20_2423,11718.764
000d7d20_2424,11718.762
000d7d20_2425,11718.762
000d7d20_2426,11718.76
000d7d20_2427,11718.758
000d7d20_2428,11718.756
000d7d20_2429,11718.752
000d7d20_2430,11718.75
000d7d20_2431,11718.746
000d7d20_2432,11718.744
000d7d20_2433,11718.74
000d7d20_2434,11718.736
000d7d20_2435,11718.732
000d7d20_2436,11718.729
000d7d20_2437,11718.725
000d7d20_2438,11718.719
000d7d20_2439,11718.713
000d7d20_2440,11718.709
000d7d20_2441,11718.703
000d7d20_2442,11718.697
000d7d20_2443,11718.691
000d7d20_2444,11718.686
000d7d20_2445,11718.68
000d7d20_2446,11718.672
000d7d20_2447,11718.666
000d7d20_2448,11718.658
000d7d20_2449,11718.65
000d7d20_2450,11718.645
000d7d20_2451,11718.637
000d7d20_2452,11718.629
000d7d20_2453,11718.621
000d7d20_2454,11718.613
000d7d20_2455,11718.605
000d7d20_2456,11718.596
000d7d20_2457,11718.588
000d7d20_2458,11718.58
000d7d20_2459,11718.572
000d7d20_2460,11718.5625
000d7d20_2461,11718.555
000d7d20_2462,11718.547
000d7d20_2463,11718.537
000d7d20_2464,11718.529
000d7d20_2465,11718.521
000d7d20_2466,11718.512
000d7d20_2467,11718.504
000d7d20_2468,11718.496
000d7d20_2469,11718.486
000d7d20_2470,11718.479
000d7d20_2471,11718.471
000d7d20_2472,11718.461
000d7d20_2473,11718.453
000d7d20_2474,11718.445
000d7d20_2475,11718.4375
000d7d20_2476,11718.43
000d7d20_2477,11718.42
000d7d20_2478,11718.412
000d7d20_2479,11718.404
000d7d20_2480,11718.396
000d7d20_2481,11718.389
000d7d20_2482,11718.381
000d7d20_2483,11718.371
000d7d20_2484,11718.363
000d7d20_2485,11718.355
000d7d20_2486,11718.348
000d7d20_2487,11718.34
000d7d20_2488,11718.332
000d7d20_2489,11718.324
000d7d20_2490,11718.316
000d7d20_2491,11718.309
000d7d20_2492,11718.301
000d7d20_2493,11718.293
000d7d20_2494,11718.285
000d7d20_2495,11718.277
000d7d20_2496,11718.27
000d7d20_2497,11718.262
000d7d20_2498,11718.254
000d7d20_2499,11718.246
000d7d20_2500,11718.238
000d7d20_2501,11718.23
000d7d20_2502,11718.223
000d7d20_2503,11718.215
000d7d20_2504,11718.207
000d7d20_2505,11718.199
000d7d20_2506,11718.193
000d7d20_2507,11718.186
000d7d20_2508,11718.178
000d7d20_2509,11718.172
000d7d20_2510,11718.164
000d7d20_2511,11718.156
000d7d20_2512,11718.15
000d7d20_2513,11718.145
000d7d20_2514,11718.137
000d7d20_2515,11718.131
000d7d20_2516,11718.125
000d7d20_2517,11718.119
000d7d20_2518,11718.113
000d7d20_2519,11718.107
000d7d20_2520,11718.102
000d7d20_2521,11718.096
000d7d20_2522,11718.09
000d7d20_2523,11718.086
000d7d20_2524,11718.08
000d7d20_2525,11718.076
000d7d20_2526,11718.072
000d7d20_2527,11718.068
000d7d20_2528,11718.064
000d7d20_2529,11718.061
000d7d20_2530,11718.057
000d7d20_2531,11718.053
000d7d20_2532,11718.051
000d7d20_2533,11718.047
000d7d20_2534,11718.045
000d7d20_2535,11718.043
000d7d20_2536,11718.041
000d7d20_2537,11718.039
000d7d20_2538,11718.039
000d7d20_2539,11718.037
000d7d20_2540,11718.035
000d7d20_2541,11718.035
000d7d20_2542,11718.035
000d7d20_2543,11718.035
000d7d20_2544,11718.035
000d7d20_2545,11718.035
000d7d20_2546,11718.035
000d7d20_2547,11718.037
000d7d20_2548,11718.037
000d7d20_2549,11718.039
000d7d20_2550,11718.039
000d7d20_2551,11718.041
000d7d20_2552,11718.043
000d7d20_2553,11718.045
000d7d20_2554,11718.047
000d7d20_2555,11718.049
000d7d20_2556,11718.051
000d7d20_2557,11718.053
000d7d20_2558,11718.055
000d7d20_2559,11718.059
000d7d20_2560,11718.061
000d7d20_2561,11718.0625
000d7d20_2562,11718.066
000d7d20_2563,11718.068
000d7d20_2564,11718.072
000d7d20_2565,11718.074
000d7d20_2566,11718.078
000d7d20_2567,11718.082
000d7d20_2568,11718.084
000d7d20_2569,11718.088
000d7d20_2570,11718.092
000d7d20_2571,11718.096
000d7d20_2572,11718.1
000d7d20_2573,11718.104
000d7d20_2574,11718.107
000d7d20_2575,11718.111
000d7d20_2576,11718.115
000d7d20_2577,11718.119
000d7d20_2578,11718.123
000d7d20_2579,11718.127
000d7d20_2580,11718.131
000d7d20_2581,11718.137
000d7d20_2582,11718.141
000d7d20_2583,11718.145
000d7d20_2584,11718.148
000d7d20_2585,11718.154
000d7d20_2586,11718.158
000d7d20_2587,11718.164
000d7d20_2588,11718.168
000d7d20_2589,11718.174
000d7d20_2590,11718.178
000d7d20_2591,11718.184
000d7d20_2592,11718.1875
000d7d20_2593,11718.193
000d7d20_2594,11718.197
000d7d20_2595,11718.203
000d7d20_2596,11718.209
000d7d20_2597,11718.213
000d7d20_2598,11718.219
000d7d20_2599,11718.225
000d7d20_2600,11718.23
000d7d20_2601,11718.236
000d7d20_2602,11718.242
000d7d20_2603,11718.248
000d7d20_2604,11718.254
000d7d20_2605,11718.26
000d7d20_2606,11718.266
000d7d20_2607,11718.271
000d7d20_2608,11718.277
000d7d20_2609,11718.283
000d7d20_2610,11718.291
000d7d20_2611,11718.297
000d7d20_2612,11718.303
000d7d20_2613,11718.311
000d7d20_2614,11718.316
000d7d20_2615,11718.322
000d7d20_2616,11718.33
000d7d20_2617,11718.336
000d7d20_2618,11718.342
000d7d20_2619,11718.35
000d7d20_2620,11718.355
000d7d20_2621,11718.361
000d7d20_2622,11718.369
000d7d20_2623,11718.375
000d7d20_2624,11718.381
000d7d20_2625,11718.389
000d7d20_2626,11718.395
000d7d20_2627,11718.402
000d7d20_2628,11718.408
000d7d20_2629,11718.414
000d7d20_2630,11718.422
000d7d20_2631,11718.428
000d7d20_2632,11718.436
000d7d20_2633,11718.441
000d7d20_2634,11718.449
000d7d20_2635,11718.455
000d7d20_2636,11718.463
000d7d20_2637,11718.469
000d7d20_2638,11718.477
000d7d20_2639,11718.484
000d7d20_2640,11718.49
000d7d20_2641,11718.498
000d7d20_2642,11718.504
000d7d20_2643,11718.512
000d7d20_2644,11718.52
000d7d20_2645,11718.527
000d7d20_2646,11718.533
000d7d20_2647,11718.541
000d7d20_2648,11718.549
000d7d20_2649,11718.555
000d7d20_2650,11718.5625
000d7d20_2651,11718.57
000d7d20_2652,11718.576
000d7d20_2653,11718.584
000d7d20_2654,11718.592
000d7d20_2655,11718.6
000d7d20_2656,11718.605
000d7d20_2657,11718.613
000d7d20_2658,11718.619
000d7d20_2659,11718.627
000d7d20_2660,11718.633
000d7d20_2661,11718.641
000d7d20_2662,11718.646
000d7d20_2663,11718.654
000d7d20_2664,11718.66
000d7d20_2665,11718.666
000d7d20_2666,11718.672
000d7d20_2667,11718.678
000d7d20_2668,11718.684
000d7d20_2669,11718.6875
000d7d20_2670,11718.693
000d7d20_2671,11718.699
000d7d20_2672,11718.703
000d7d20_2673,11718.709
000d7d20_2674,11718.713
000d7d20_2675,11718.717
000d7d20_2676,11718.721
000d7d20_2677,11718.725
000d7d20_2678,11718.729
000d7d20_2679,11718.732
000d7d20_2680,11718.734
000d7d20_2681,11718.736
000d7d20_2682,11718.74
000d7d20_2683,11718.742
000d7d20_2684,11718.744
000d7d20_2685,11718.746
000d7d20_2686,11718.746
000d7d20_2687,11718.748
000d7d20_2688,11718.748
000d7d20_2689,11718.75
000d7d20_2690,11718.75
000d7d20_2691,11718.75
000d7d20_2692,11718.75
000d7d20_2693,11718.75
000d7d20_2694,11718.748
000d7d20_2695,11718.748
000d7d20_2696,11718.746
000d7d20_2697,11718.746
000d7d20_2698,11718.744
000d7d20_2699,11718.742
000d7d20_2700,11718.74
000d7d20_2701,11718.738
000d7d20_2702,11718.736
000d7d20_2703,11718.732
000d7d20_2704,11718.73
000d7d20_2705,11718.727
000d7d20_2706,11718.723
000d7d20_2707,11718.719
000d7d20_2708,11718.715
000d7d20_2709,11718.711
000d7d20_2710,11718.705
000d7d20_2711,11718.701
000d7d20_2712,11718.695
000d7d20_2713,11718.689
000d7d20_2714,11718.684
000d7d20_2715,11718.678
000d7d20_2716,11718.67
000d7d20_2717,11718.662
000d7d20_2718,11718.656
000d7d20_2719,11718.646
000d7d20_2720,11718.639
000d7d20_2721,11718.631
000d7d20_2722,11718.621
000d7d20_2723,11718.611
000d7d20_2724,11718.602
000d7d20_2725,11718.59
000d7d20_2726,11718.58
000d7d20_2727,11718.568
000d7d20_2728,11718.557
000d7d20_2729,11718.543
000d7d20_2730,11718.531
000d7d20_2731,11718.518
000d7d20_2732,11718.504
000d7d20_2733,11718.49
000d7d20_2734,11718.477
000d7d20_2735,11718.461
000d7d20_2736,11718.445
000d7d20_2737,11718.43
000d7d20_2738,11718.414
000d7d20_2739,11718.396
000d7d20_2740,11718.381
000d7d20_2741,11718.363
000d7d20_2742,11718.346
000d7d20_2743,11718.326
000d7d20_2744,11718.309
000d7d20_2745,11718.289
000d7d20_2746,11718.27
000d7d20_2747,11718.25
000d7d20_2748,11718.229
000d7d20_2749,11718.209
000d7d20_2750,11718.1875
000d7d20_2751,11718.166
000d7d20_2752,11718.145
000d7d20_2753,11718.121
000d7d20_2754,11718.1
000d7d20_2755,11718.076
000d7d20_2756,11718.053
000d7d20_2757,11718.029
000d7d20_2758,11718.006
000d7d20_2759,11717.982
000d7d20_2760,11717.957
000d7d20_2761,11717.932
000d7d20_2762,11717.906
000d7d20_2763,11717.883
000d7d20_2764,11717.857
000d7d20_2765,11717.83
000d7d20_2766,11717.805
000d7d20_2767,11717.779
000d7d20_2768,11717.752
000d7d20_2769,11717.727
000d7d20_2770,11717.699
000d7d20_2771,11717.672
000d7d20_2772,11717.645
000d7d20_2773,11717.617
000d7d20_2774,11717.59
000d7d20_2775,11717.5625
000d7d20_2776,11717.533
000d7d20_2777,11717.506
000d7d20_2778,11717.477
000d7d20_2779,11717.449
000d7d20_2780,11717.42
000d7d20_2781,11717.391
000d7d20_2782,11717.361
000d7d20_2783,11717.332
000d7d20_2784,11717.303
000d7d20_2785,11717.271
000d7d20_2786,11717.242
000d7d20_2787,11717.211
000d7d20_2788,11717.182
000d7d20_2789,11717.15
000d7d20_2790,11717.121
000d7d20_2791,11717.09
000d7d20_2792,11717.059
000d7d20_2793,11717.027
000d7d20_2794,11716.996
000d7d20_2795,11716.965
000d7d20_2796,11716.934
000d7d20_2797,11716.902
000d7d20_2798,11716.871
000d7d20_2799,11716.84
000d7d20_2800,11716.809
000d7d20_2801,11716.775
000d7d20_2802,11716.744
000d7d20_2803,11716.713
000d7d20_2804,11716.682
000d7d20_2805,11716.65
000d7d20_2806,11716.617
000d7d20_2807,11716.586
000d7d20_2808,11716.555
000d7d20_2809,11716.521
000d7d20_2810,11716.49
000d7d20_2811,11716.459
000d7d20_2812,11716.428
000d7d20_2813,11716.395
000d7d20_2814,11716.363
000d7d20_2815,11716.332
000d7d20_2816,11716.301
000d7d20_2817,11716.27
000d7d20_2818,11716.238
000d7d20_2819,11716.209
000d7d20_2820,11716.178
000d7d20_2821,11716.146
000d7d20_2822,11716.117
000d7d20_2823,11716.088
000d7d20_2824,11716.057
000d7d20_2825,11716.027
000d7d20_2826,11715.998
000d7d20_2827,11715.971
000d7d20_2828,11715.941
000d7d20_2829,11715.914
000d7d20_2830,11715.885
000d7d20_2831,11715.857
000d7d20_2832,11715.83
000d7d20_2833,11715.803
000d7d20_2834,11715.777
000d7d20_2835,11715.75
000d7d20_2836,11715.725
000d7d20_2837,11715.699
000d7d20_2838,11715.674
000d7d20_2839,11715.65
000d7d20_2840,11715.625
000d7d20_2841,11715.602
000d7d20_2842,11715.578
000d7d20_2843,11715.555
000d7d20_2844,11715.533
000d7d20_2845,11715.51
000d7d20_2846,11715.488
000d7d20_2847,11715.467
000d7d20_2848,11715.445
000d7d20_2849,11715.426
000d7d20_2850,11715.404
000d7d20_2851,11715.385
000d7d20_2852,11715.365
000d7d20_2853,11715.346
000d7d20_2854,11715.326
000d7d20_2855,11715.309
000d7d20_2856,11715.291
000d7d20_2857,11715.273
000d7d20_2858,11715.256
000d7d20_2859,11715.238
000d7d20_2860,11715.223
000d7d20_2861,11715.207
000d7d20_2862,11715.191
000d7d20_2863,11715.176
000d7d20_2864,11715.16
000d7d20_2865,11715.146
000d7d20_2866,11715.133
000d7d20_2867,11715.119
000d7d20_2868,11715.107
000d7d20_2869,11715.096
000d7d20_2870,11715.084
000d7d20_2871,11715.072
000d7d20_2872,11715.061
000d7d20_2873,11715.051
000d7d20_2874,11715.041
000d7d20_2875,11715.031
000d7d20_2876,11715.021
000d7d20_2877,11715.014
000d7d20_2878,11715.004
000d7d20_2879,11714.996
000d7d20_2880,11714.99
000d7d20_2881,11714.982
000d7d20_2882,11714.977
000d7d20_2883,11714.971
000d7d20_2884,11714.965
000d7d20_2885,11714.959
000d7d20_2886,11714.955
000d7d20_2887,11714.951
000d7d20_2888,11714.947
000d7d20_2889,11714.943
000d7d20_2890,11714.939
000d7d20_2891,11714.9375
000d7d20_2892,11714.936
000d7d20_2893,11714.934
000d7d20_2894,11714.932
000d7d20_2895,11714.93
000d7d20_2896,11714.928
000d7d20_2897,11714.928
000d7d20_2898,11714.928
000d7d20_2899,11714.926
000d7d20_2900,11714.926
000d7d20_2901,11714.926
000d7d20_2902,11714.926
000d7d20_2903,11714.928
000d7d20_2904,11714.928
000d7d20_2905,11714.93
000d7d20_2906,11714.93
000d7d20_2907,11714.932
000d7d20_2908,11714.934
000d7d20_2909,11714.936
000d7d20_2910,11714.9375
000d7d20_2911,11714.939
000d7d20_2912,11714.941
000d7d20_2913,11714.943
000d7d20_2914,11714.947
000d7d20_2915,11714.949
000d7d20_2916,11714.953
000d7d20_2917,11714.955
000d7d20_2918,11714.959
000d7d20_2919,11714.963
000d7d20_2920,11714.967
000d7d20_2921,11714.971
000d7d20_2922,11714.975
000d7d20_2923,11714.98
000d7d20_2924,11714.984
000d7d20_2925,11714.99
000d7d20_2926,11714.994
000d7d20_2927,11715.0
000d7d20_2928,11715.006
000d7d20_2929,11715.012
000d7d20_2930,11715.016
000d7d20_2931,11715.023
000d7d20_2932,11715.029
000d7d20_2933,11715.035
000d7d20_2934,11715.041
000d7d20_2935,11715.049
000d7d20_2936,11715.055
000d7d20_2937,11715.061
000d7d20_2938,11715.068
000d7d20_2939,11715.076
000d7d20_2940,11715.082
000d7d20_2941,11715.09
000d7d20_2942,11715.098
000d7d20_2943,11715.105
000d7d20_2944,11715.111
000d7d20_2945,11715.119
000d7d20_2946,11715.127
000d7d20_2947,11715.135
000d7d20_2948,11715.143
000d7d20_2949,11715.15
000d7d20_2950,11715.156
000d7d20_2951,11715.164
000d7d20_2952,11715.172
000d7d20_2953,11715.18
000d7d20_2954,11715.186
000d7d20_2955,11715.193
000d7d20_2956,11715.199
000d7d20_2957,11715.207
000d7d20_2958,11715.213
000d7d20_2959,11715.221
000d7d20_2960,11715.227
000d7d20_2961,11715.232
000d7d20_2962,11715.238
000d7d20_2963,11715.246
000d7d20_2964,11715.25
000d7d20_2965,11715.256
000d7d20_2966,11715.262
000d7d20_2967,11715.268
000d7d20_2968,11715.271
000d7d20_2969,11715.275
000d7d20_2970,11715.281
000d7d20_2971,11715.285
000d7d20_2972,11715.289
000d7d20_2973,11715.293
000d7d20_2974,11715.295
000d7d20_2975,11715.299
000d7d20_2976,11715.301
000d7d20_2977,11715.305
000d7d20_2978,11715.307
000d7d20_2979,11715.309
000d7d20_2980,11715.311
000d7d20_2981,11715.3125
000d7d20_2982,11715.3125
000d7d20_2983,11715.314
000d7d20_2984,11715.314
000d7d20_2985,11715.314
000d7d20_2986,11715.314
000d7d20_2987,11715.314
000d7d20_2988,11715.3125
000d7d20_2989,11715.3125
000d7d20_2990,11715.311
000d7d20_2991,11715.311
000d7d20_2992,11715.309
000d7d20_2993,11715.307
000d7d20_2994,11715.303
000d7d20_2995,11715.301
000d7d20_2996,11715.299
000d7d20_2997,11715.295
000d7d20_2998,11715.291
000d7d20_2999,11715.287
000d7d20_3000,11715.283
000d7d20_3001,11715.279
000d7d20_3002,11715.275
000d7d20_3003,11715.271
000d7d20_3004,11715.266
000d7d20_3005,11715.26
000d7d20_3006,11715.254
000d7d20_3007,11715.25
000d7d20_3008,11715.244
000d7d20_3009,11715.236
000d7d20_3010,11715.23
000d7d20_3011,11715.225
000d7d20_3012,11715.219
000d7d20_3013,11715.211
000d7d20_3014,11715.203
000d7d20_3015,11715.197
000d7d20_3016,11715.189
000d7d20_3017,11715.182
000d7d20_3018,11715.174
000d7d20_3019,11715.166
000d7d20_3020,11715.156
000d7d20_3021,11715.148
000d7d20_3022,11715.141
000d7d20_3023,11715.131
000d7d20_3024,11715.121
000d7d20_3025,11715.113
000d7d20_3026,11715.104
000d7d20_3027,11715.094
000d7d20_3028,11715.084
000d7d20_3029,11715.074
000d7d20_3030,11715.064
000d7d20_3031,11715.055
000d7d20_3032,11715.045
000d7d20_3033,11715.035
000d7d20_3034,11715.025
000d7d20_3035,11715.014
000d7d20_3036,11715.004
000d7d20_3037,11714.994
000d7d20_3038,11714.982
000d7d20_3039,11714.971
000d7d20_3040,11714.961
000d7d20_3041,11714.949
000d7d20_3042,11714.9375
000d7d20_3043,11714.928
000d7d20_3044,11714.916
000d7d20_3045,11714.904
000d7d20_3046,11714.893
000d7d20_3047,11714.881
000d7d20_3048,11714.869
000d7d20_3049,11714.857
000d7d20_3050,11714.846
000d7d20_3051,11714.832
000d7d20_3052,11714.82
000d7d20_3053,11714.809
000d7d20_3054,11714.797
000d7d20_3055,11714.785
000d7d20_3056,11714.773
000d7d20_3057,11714.762
000d7d20_3058,11714.75
000d7d20_3059,11714.738
000d7d20_3060,11714.725
000d7d20_3061,11714.713
000d7d20_3062,11714.701
000d7d20_3063,11714.689
000d7d20_3064,11714.678
000d7d20_3065,11714.666
000d7d20_3066,11714.654
000d7d20_3067,11714.643
000d7d20_3068,11714.631
000d7d20_3069,11714.619
000d7d20_3070,11714.607
000d7d20_3071,11714.596
000d7d20_3072,11714.584
000d7d20_3073,11714.572
000d7d20_3074,11714.561
000d7d20_3075,11714.549
000d7d20_3076,11714.539
000d7d20_3077,11714.527
000d7d20_3078,11714.516
000d7d20_3079,11714.504
000d7d20_3080,11714.494
000d7d20_3081,11714.482
000d7d20_3082,11714.471
000d7d20_3083,11714.461
000d7d20_3084,11714.449
000d7d20_3085,11714.4375
000d7d20_3086,11714.428
000d7d20_3087,11714.416
000d7d20_3088,11714.406
000d7d20_3089,11714.395
000d7d20_3090,11714.385
000d7d20_3091,11714.375
000d7d20_3092,11714.363
000d7d20_3093,11714.354
000d7d20_3094,11714.344
000d7d20_3095,11714.334
000d7d20_3096,11714.324
000d7d20_3097,11714.314
000d7d20_3098,11714.305
000d7d20_3099,11714.295
000d7d20_3100,11714.285
000d7d20_3101,11714.275
000d7d20_3102,11714.268
000d7d20_3103,11714.258
000d7d20_3104,11714.25
000d7d20_3105,11714.24
000d7d20_3106,11714.232
000d7d20_3107,11714.225
000d7d20_3108,11714.217
000d7d20_3109,11714.209
000d7d20_3110,11714.201
000d7d20_3111,11714.193
000d7d20_3112,11714.186
000d7d20_3113,11714.18
000d7d20_3114,11714.172
000d7d20_3115,11714.166
000d7d20_3116,11714.16
000d7d20_3117,11714.152
000d7d20_3118,11714.146
000d7d20_3119,11714.141
000d7d20_3120,11714.135
000d7d20_3121,11714.129
000d7d20_3122,11714.123
000d7d20_3123,11714.119
000d7d20_3124,11714.113
000d7d20_3125,11714.109
000d7d20_3126,11714.104
000d7d20_3127,11714.1
000d7d20_3128,11714.096
000d7d20_3129,11714.092
000d7d20_3130,11714.088
000d7d20_3131,11714.084
000d7d20_3132,11714.08
000d7d20_3133,11714.078
000d7d20_3134,11714.074
000d7d20_3135,11714.07
000d7d20_3136,11714.068
000d7d20_3137,11714.066
000d7d20_3138,11714.0625
000d7d20_3139,11714.061
000d7d20_3140,11714.059
000d7d20_3141,11714.055
000d7d20_3142,11714.053
000d7d20_3143,11714.051
000d7d20_3144,11714.049
000d7d20_3145,11714.047
000d7d20_3146,11714.047
000d7d20_3147,11714.045
000d7d20_3148,11714.043
000d7d20_3149,11714.041
000d7d20_3150,11714.041
000d7d20_3151,11714.039
000d7d20_3152,11714.039
000d7d20_3153,11714.037
000d7d20_3154,11714.037
000d7d20_3155,11714.037
000d7d20_3156,11714.035
000d7d20_3157,11714.035
000d7d20_3158,11714.035
000d7d20_3159,11714.035
000d7d20_3160,11714.035
000d7d20_3161,11714.035
000d7d20_3162,11714.035
000d7d20_3163,11714.035
000d7d20_3164,11714.037
000d7d20_3165,11714.037
000d7d20_3166,11714.037
000d7d20_3167,11714.037
000d7d20_3168,11714.039
000d7d20_3169,11714.039
000d7d20_3170,11714.041
000d7d20_3171,11714.041
000d7d20_3172,11714.043
000d7d20_3173,11714.043
000d7d20_3174,11714.045
000d7d20_3175,11714.047
000d7d20_3176,11714.047
000d7d20_3177,11714.049
000d7d20_3178,11714.051
000d7d20_3179,11714.053
000d7d20_3180,11714.053
000d7d20_3181,11714.055
000d7d20_3182,11714.057
000d7d20_3183,11714.059
000d7d20_3184,11714.061
000d7d20_3185,11714.0625
000d7d20_3186,11714.0625
000d7d20_3187,11714.064
000d7d20_3188,11714.066
000d7d20_3189,11714.068
000d7d20_3190,11714.07
000d7d20_3191,11714.07
000d7d20_3192,11714.072
000d7d20_3193,11714.074
000d7d20_3194,11714.076
000d7d20_3195,11714.076
000d7d20_3196,11714.078
000d7d20_3197,11714.08
000d7d20_3198,11714.08
000d7d20_3199,11714.082
000d7d20_3200,11714.082
000d7d20_3201,11714.084
000d7d20_3202,11714.084
000d7d20_3203,11714.086
000d7d20_3204,11714.086
000d7d20_3205,11714.086
000d7d20_3206,11714.086
000d7d20_3207,11714.088
000d7d20_3208,11714.088
000d7d20_3209,11714.088
000d7d20_3210,11714.088
000d7d20_3211,11714.088
000d7d20_3212,11714.088
000d7d20_3213,11714.088
000d7d20_3214,11714.088
000d7d20_3215,11714.086
000d7d20_3216,11714.086
000d7d20_3217,11714.086
000d7d20_3218,11714.086
000d7d20_3219,11714.084
000d7d20_3220,11714.084
000d7d20_3221,11714.084
000d7d20_3222,11714.084
000d7d20_3223,11714.082
000d7d20_3224,11714.082
000d7d20_3225,11714.082
000d7d20_3226,11714.08
000d7d20_3227,11714.08
000d7d20_3228,11714.078
000d7d20_3229,11714.078
000d7d20_3230,11714.076
000d7d20_3231,11714.076
000d7d20_3232,11714.074
000d7d20_3233,11714.074
000d7d20_3234,11714.072
000d7d20_3235,11714.07
000d7d20_3236,11714.07
000d7d20_3237,11714.068
000d7d20_3238,11714.066
000d7d20_3239,11714.064
000d7d20_3240,11714.064
000d7d20_3241,11714.0625
000d7d20_3242,11714.061
000d7d20_3243,11714.059
000d7d20_3244,11714.057
000d7d20_3245,11714.055
000d7d20_3246,11714.053
000d7d20_3247,11714.051
000d7d20_3248,11714.049
000d7d20_3249,11714.047
000d7d20_3250,11714.047
000d7d20_3251,11714.045
000d7d20_3252,11714.043
000d7d20_3253,11714.041
000d7d20_3254,11714.037
000d7d20_3255,11714.035
000d7d20_3256,11714.033
000d7d20_3257,11714.031
000d7d20_3258,11714.029
000d7d20_3259,11714.027
000d7d20_3260,11714.025
000d7d20_3261,11714.023
000d7d20_3262,11714.021
000d7d20_3263,11714.02
000d7d20_3264,11714.018
000d7d20_3265,11714.014
000d7d20_3266,11714.012
000d7d20_3267,11714.01
000d7d20_3268,11714.008
000d7d20_3269,11714.006
000d7d20_3270,11714.004
000d7d20_3271,11714.002
000d7d20_3272,11714.0
000d7d20_3273,11713.998
000d7d20_3274,11713.994
000d7d20_3275,11713.992
000d7d20_3276,11713.99
000d7d20_3277,11713.988
000d7d20_3278,11713.986
000d7d20_3279,11713.984
000d7d20_3280,11713.982
000d7d20_3281,11713.98
000d7d20_3282,11713.979
000d7d20_3283,11713.977
000d7d20_3284,11713.975
000d7d20_3285,11713.971
000d7d20_3286,11713.969
000d7d20_3287,11713.967
000d7d20_3288,11713.965
000d7d20_3289,11713.963
000d7d20_3290,11713.961
000d7d20_3291,11713.959
000d7d20_3292,11713.957
000d7d20_3293,11713.953
000d7d20_3294,11713.951
000d7d20_3295,11713.949
000d7d20_3296,11713.947
000d7d20_3297,11713.943
000d7d20_3298,11713.941
000d7d20_3299,11713.939
000d7d20_3300,11713.9375
000d7d20_3301,11713.936
000d7d20_3302,11713.932
000d7d20_3303,11713.93
000d7d20_3304,11713.928
000d7d20_3305,11713.926
000d7d20_3306,11713.922
000d7d20_3307,11713.92
000d7d20_3308,11713.918
000d7d20_3309,11713.914
000d7d20_3310,11713.912
000d7d20_3311,11713.91
000d7d20_3312,11713.908
000d7d20_3313,11713.904
000d7d20_3314,11713.902
000d7d20_3315,11713.9
000d7d20_3316,11713.898
000d7d20_3317,11713.895
000d7d20_3318,11713.893
000d7d20_3319,11713.891
000d7d20_3320,11713.889
000d7d20_3321,11713.887
000d7d20_3322,11713.883
000d7d20_3323,11713.881
000d7d20_3324,11713.879
000d7d20_3325,11713.877
000d7d20_3326,11713.875
000d7d20_3327,11713.871
000d7d20_3328,11713.869
000d7d20_3329,11713.867
000d7d20_3330,11713.865
000d7d20_3331,11713.863
000d7d20_3332,11713.861
000d7d20_3333,11713.857
000d7d20_3334,11713.855
000d7d20_3335,11713.854
000d7d20_3336,11713.852
000d7d20_3337,11713.85
000d7d20_3338,11713.848
000d7d20_3339,11713.846
000d7d20_3340,11713.844
000d7d20_3341,11713.842
000d7d20_3342,11713.84
000d7d20_3343,11713.838
000d7d20_3344,11713.836
000d7d20_3345,11713.832
000d7d20_3346,11713.83
000d7d20_3347,11713.828
000d7d20_3348,11713.826
000d7d20_3349,11713.824
000d7d20_3350,11713.822
000d7d20_3351,11713.82
000d7d20_3352,11713.818
000d7d20_3353,11713.816
000d7d20_3354,11713.814
000d7d20_3355,11713.8125
000d7d20_3356,11713.811
000d7d20_3357,11713.809
000d7d20_3358,11713.807
000d7d20_3359,11713.805
000d7d20_3360,11713.803
000d7d20_3361,11713.801
000d7d20_3362,11713.801
000d7d20_3363,11713.799
000d7d20_3364,11713.797
000d7d20_3365,11713.795
000d7d20_3366,11713.793
000d7d20_3367,11713.791
000d7d20_3368,11713.789
000d7d20_3369,11713.787
000d7d20_3370,11713.785
000d7d20_3371,11713.783
000d7d20_3372,11713.781
000d7d20_3373,11713.779
000d7d20_3374,11713.777
000d7d20_3375,11713.775
000d7d20_3376,11713.773
000d7d20_3377,11713.771
000d7d20_3378,11713.77
000d7d20_3379,11713.768
000d7d20_3380,11713.766
000d7d20_3381,11713.764
000d7d20_3382,11713.76
000d7d20_3383,11713.758
000d7d20_3384,11713.756
000d7d20_3385,11713.752
000d7d20_3386,11713.75
000d7d20_3387,11713.746
000d7d20_3388,11713.744
000d7d20_3389,11713.74
000d7d20_3390,11713.738
000d7d20_3391,11713.734
000d7d20_3392,11713.73
000d7d20_3393,11713.729
000d7d20_3394,11713.725
000d7d20_3395,11713.721
000d7d20_3396,11713.719
000d7d20_3397,11713.715
000d7d20_3398,11713.711
000d7d20_3399,11713.707
000d7d20_3400,11713.705
000d7d20_3401,11713.701
000d7d20_3402,11713.697
000d7d20_3403,11713.693
000d7d20_3404,11713.689
000d7d20_3405,11713.686
000d7d20_3406,11713.682
000d7d20_3407,11713.678
000d7d20_3408,11713.674
000d7d20_3409,11713.672
000d7d20_3410,11713.668
000d7d20_3411,11713.664
000d7d20_3412,11713.66
000d7d20_3413,11713.656
000d7d20_3414,11713.652
000d7d20_3415,11713.648
000d7d20_3416,11713.645
000d7d20_3417,11713.641
000d7d20_3418,11713.637
000d7d20_3419,11713.633
000d7d20_3420,11713.629
000d7d20_3421,11713.625
000d7d20_3422,11713.621
000d7d20_3423,11713.617
000d7d20_3424,11713.613
000d7d20_3425,11713.609
000d7d20_3426,11713.604
000d7d20_3427,11713.6
000d7d20_3428,11713.596
000d7d20_3429,11713.592
000d7d20_3430,11713.588
000d7d20_3431,11713.584
000d7d20_3432,11713.58
000d7d20_3433,11713.576
000d7d20_3434,11713.572
000d7d20_3435,11713.568
000d7d20_3436,11713.564
000d7d20_3437,11713.561
000d7d20_3438,11713.557
000d7d20_3439,11713.553
000d7d20_3440,11713.549
000d7d20_3441,11713.545
000d7d20_3442,11713.541
000d7d20_3443,11713.537
000d7d20_3444,11713.533
000d7d20_3445,11713.529
000d7d20_3446,11713.525
000d7d20_3447,11713.521
000d7d20_3448,11713.52
000d7d20_3449,11713.516
000d7d20_3450,11713.512
000d7d20_3451,11713.508
000d7d20_3452,11713.506
000d7d20_3453,11713.502
000d7d20_3454,11713.5
000d7d20_3455,11713.496
000d7d20_3456,11713.494
000d7d20_3457,11713.49
000d7d20_3458,11713.488
000d7d20_3459,11713.484
000d7d20_3460,11713.482
000d7d20_3461,11713.48
000d7d20_3462,11713.479
000d7d20_3463,11713.477
000d7d20_3464,11713.475
000d7d20_3465,11713.471
000d7d20_3466,11713.469
000d7d20_3467,11713.467
000d7d20_3468,11713.465
000d7d20_3469,11713.463
000d7d20_3470,11713.461
000d7d20_3471,11713.459
000d7d20_3472,11713.457
000d7d20_3473,11713.455
000d7d20_3474,11713.453
000d7d20_3475,11713.451
000d7d20_3476,11713.447
000d7d20_3477,11713.445
000d7d20_3478,11713.443
000d7d20_3479,11713.441
000d7d20_3480,11713.439
000d7d20_3481,11713.4375
000d7d20_3482,11713.436
000d7d20_3483,11713.432
000d7d20_3484,11713.43
000d7d20_3485,11713.428
000d7d20_3486,11713.426
000d7d20_3487,11713.422
000d7d20_3488,11713.42
000d7d20_3489,11713.418
000d7d20_3490,11713.416
000d7d20_3491,11713.412
000d7d20_3492,11713.41
000d7d20_3493,11713.408
000d7d20_3494,11713.406
000d7d20_3495,11713.402
000d7d20_3496,11713.4
000d7d20_3497,11713.398
000d7d20_3498,11713.396
000d7d20_3499,11713.395
000d7d20_3500,11713.391
000d7d20_3501,11713.389
000d7d20_3502,11713.387
000d7d20_3503,11713.385
000d7d20_3504,11713.383
000d7d20_3505,11713.381
000d7d20_3506,11713.379
000d7d20_3507,11713.377
000d7d20_3508,11713.375
000d7d20_3509,11713.373
000d7d20_3510,11713.371
000d7d20_3511,11713.369
000d7d20_3512,11713.367
000d7d20_3513,11713.365
000d7d20_3514,11713.363
000d7d20_3515,11713.363
000d7d20_3516,11713.361
000d7d20_3517,11713.359
000d7d20_3518,11713.357
000d7d20_3519,11713.355
000d7d20_3520,11713.355
000d7d20_3521,11713.354
000d7d20_3522,11713.352
000d7d20_3523,11713.352
000d7d20_3524,11713.35
000d7d20_3525,11713.348
000d7d20_3526,11713.348
000d7d20_3527,11713.346
000d7d20_3528,11713.346
000d7d20_3529,11713.344
000d7d20_3530,11713.344
000d7d20_3531,11713.342
000d7d20_3532,11713.342
000d7d20_3533,11713.342
000d7d20_3534,11713.34
000d7d20_3535,11713.34
000d7d20_3536,11713.34
000d7d20_3537,11713.34
000d7d20_3538,11713.34
000d7d20_3539,11713.34
000d7d20_3540,11713.34
000d7d20_3541,11713.34
000d7d20_3542,11713.34
000d7d20_3543,11713.34
000d7d20_3544,11713.34
000d7d20_3545,11713.34
000d7d20_3546,11713.34
000d7d20_3547,11713.34
000d7d20_3548,11713.34
000d7d20_3549,11713.34
000d7d20_3550,11713.34
000d7d20_3551,11713.34
000d7d20_3552,11713.34
000d7d20_3553,11713.34
000d7d20_3554,11713.34
000d7d20_3555,11713.342
000d7d20_3556,11713.342
000d7d20_3557,11713.342
000d7d20_3558,11713.342
000d7d20_3559,11713.342
000d7d20_3560,11713.342
000d7d20_3561,11713.342
000d7d20_3562,11713.342
000d7d20_3563,11713.342
000d7d20_3564,11713.34
000d7d20_3565,11713.34
000d7d20_3566,11713.34
000d7d20_3567,11713.34
000d7d20_3568,11713.34
000d7d20_3569,11713.34
000d7d20_3570,11713.338
000d7d20_3571,11713.338
000d7d20_3572,11713.338
000d7d20_3573,11713.338
000d7d20_3574,11713.336
000d7d20_3575,11713.336
000d7d20_3576,11713.334
000d7d20_3577,11713.334
000d7d20_3578,11713.334
000d7d20_3579,11713.332
000d7d20_3580,11713.332
000d7d20_3581,11713.33
000d7d20_3582,11713.33
000d7d20_3583,11713.328
000d7d20_3584,11713.328
000d7d20_3585,11713.328
000d7d20_3586,11713.326
000d7d20_3587,11713.324
000d7d20_3588,11713.324
000d7d20_3589,11713.322
000d7d20_3590,11713.322
000d7d20_3591,11713.32
000d7d20_3592,11713.318
000d7d20_3593,11713.318
000d7d20_3594,11713.316
000d7d20_3595,11713.314
000d7d20_3596,11713.314
000d7d20_3597,11713.3125
000d7d20_3598,11713.311
000d7d20_3599,11713.311
000d7d20_3600,11713.309
000d7d20_3601,11713.307
000d7d20_3602,11713.307
000d7d20_3603,11713.305
000d7d20_3604,11713.305
000d7d20_3605,11713.303
000d7d20_3606,11713.301
000d7d20_3607,11713.301
000d7d20_3608,11713.299
000d7d20_3609,11713.297
000d7d20_3610,11713.297
000d7d20_3611,11713.295
000d7d20_3612,11713.293
000d7d20_3613,11713.293
000d7d20_3614,11713.291
000d7d20_3615,11713.289
000d7d20_3616,11713.289
000d7d20_3617,11713.287
000d7d20_3618,11713.287
000d7d20_3619,11713.285
000d7d20_3620,11713.285
000d7d20_3621,11713.285
000d7d20_3622,11713.283
000d7d20_3623,11713.283
000d7d20_3624,11713.283
000d7d20_3625,11713.283
000d7d20_3626,11713.283
000d7d20_3627,11713.283
000d7d20_3628,11713.283
000d7d20_3629,11713.283
000d7d20_3630,11713.283
000d7d20_3631,11713.283
000d7d20_3632,11713.283
000d7d20_3633,11713.285
000d7d20_3634,11713.285
000d7d20_3635,11713.287
000d7d20_3636,11713.287
000d7d20_3637,11713.289
000d7d20_3638,11713.291
000d7d20_3639,11713.293
000d7d20_3640,11713.293
000d7d20_3641,11713.295
000d7d20_3642,11713.297
000d7d20_3643,11713.299
000d7d20_3644,11713.301
000d7d20_3645,11713.303
000d7d20_3646,11713.307
000d7d20_3647,11713.309
000d7d20_3648,11713.311
000d7d20_3649,11713.314
000d7d20_3650,11713.316
000d7d20_3651,11713.32
000d7d20_3652,11713.322
000d7d20_3653,11713.326
000d7d20_3654,11713.328
000d7d20_3655,11713.332
000d7d20_3656,11713.336
000d7d20_3657,11713.338
000d7d20_3658,11713.342
000d7d20_3659,11713.346
000d7d20_3660,11713.35
000d7d20_3661,11713.352
000d7d20_3662,11713.355
000d7d20_3663,11713.359
000d7d20_3664,11713.363
000d7d20_3665,11713.367
000d7d20_3666,11713.371
000d7d20_3667,11713.375
000d7d20_3668,11713.379
000d7d20_3669,11713.383
000d7d20_3670,11713.387
000d7d20_3671,11713.391
000d7d20_3672,11713.395
000d7d20_3673,11713.398
000d7d20_3674,11713.402
000d7d20_3675,11713.406
000d7d20_3676,11713.412
000d7d20_3677,11713.416
000d7d20_3678,11713.42
000d7d20_3679,11713.424
000d7d20_3680,11713.43
000d7d20_3681,11713.434
000d7d20_3682,11713.439
000d7d20_3683,11713.443
000d7d20_3684,11713.447
000d7d20_3685,11713.453
000d7d20_3686,11713.457
000d7d20_3687,11713.463
000d7d20_3688,11713.467
000d7d20_3689,11713.473
000d7d20_3690,11713.477
000d7d20_3691,11713.482
000d7d20_3692,11713.488
000d7d20_3693,11713.492
000d7d20_3694,11713.498
000d7d20_3695,11713.502
000d7d20_3696,11713.508
000d7d20_3697,11713.512
000d7d20_3698,11713.518
000d7d20_3699,11713.521
000d7d20_3700,11713.525
000d7d20_3701,11713.531
000d7d20_3702,11713.535
000d7d20_3703,11713.539
000d7d20_3704,11713.545
000d7d20_3705,11713.549
000d7d20_3706,11713.553
000d7d20_3707,11713.557
000d7d20_3708,11713.561
000d7d20_3709,11713.564
000d7d20_3710,11713.568
000d7d20_3711,11713.572
000d7d20_3712,11713.576
000d7d20_3713,11713.58
000d7d20_3714,11713.582
000d7d20_3715,11713.586
000d7d20_3716,11713.59
000d7d20_3717,11713.592
000d7d20_3718,11713.596
000d7d20_3719,11713.598
000d7d20_3720,11713.6
000d7d20_3721,11713.604
000d7d20_3722,11713.605
000d7d20_3723,11713.607
000d7d20_3724,11713.609
000d7d20_3725,11713.611
000d7d20_3726,11713.613
000d7d20_3727,11713.615
000d7d20_3728,11713.617
000d7d20_3729,11713.619
000d7d20_3730,11713.621
000d7d20_3731,11713.621
000d7d20_3732,11713.623
000d7d20_3733,11713.625
000d7d20_3734,11713.625
000d7d20_3735,11713.625
000d7d20_3736,11713.627
000d7d20_3737,11713.627
000d7d20_3738,11713.627
000d7d20_3739,11713.627
000d7d20_3740,11713.627
000d7d20_3741,11713.627
000d7d20_3742,11713.627
000d7d20_3743,11713.627
000d7d20_3744,11713.627
000d7d20_3745,11713.627
000d7d20_3746,11713.625
000d7d20_3747,11713.625
000d7d20_3748,11713.625
000d7d20_3749,11713.623
000d7d20_3750,11713.623
000d7d20_3751,11713.621
000d7d20_3752,11713.621
000d7d20_3753,11713.619
000d7d20_3754,11713.619
000d7d20_3755,11713.617
000d7d20_3756,11713.615
000d7d20_3757,11713.613
000d7d20_3758,11713.611
000d7d20_3759,11713.609
000d7d20_3760,11713.607
000d7d20_3761,11713.605
000d7d20_3762,11713.604
000d7d20_3763,11713.6
000d7d20_3764,11713.598
000d7d20_3765,11713.596
000d7d20_3766,11713.592
000d7d20_3767,11713.59
000d7d20_3768,11713.586
000d7d20_3769,11713.584
000d7d20_3770,11713.58
000d7d20_3771,11713.576
000d7d20_3772,11713.572
000d7d20_3773,11713.57
000d7d20_3774,11713.566
000d7d20_3775,11713.5625
000d7d20_3776,11713.559
000d7d20_3777,11713.553
000d7d20_3778,11713.549
000d7d20_3779,11713.545
000d7d20_3780,11713.539
000d7d20_3781,11713.535
000d7d20_3782,11713.531
000d7d20_3783,11713.525
000d7d20_3784,11713.52
000d7d20_3785,11713.516
000d7d20_3786,11713.51
000d7d20_3787,11713.504
000d7d20_3788,11713.498
000d7d20_3789,11713.492
000d7d20_3790,11713.486
000d7d20_3791,11713.48
000d7d20_3792,11713.475
000d7d20_3793,11713.469
000d7d20_3794,11713.463
000d7d20_3795,11713.455
000d7d20_3796,11713.449
000d7d20_3797,11713.443
000d7d20_3798,11713.4375
000d7d20_3799,11713.43
000d7d20_3800,11713.424
000d7d20_3801,11713.416
000d7d20_3802,11713.41
000d7d20_3803,11713.402
000d7d20_3804,11713.396
000d7d20_3805,11713.391
000d7d20_3806,11713.383
000d7d20_3807,11713.377
000d7d20_3808,11713.369
000d7d20_3809,11713.363
000d7d20_3810,11713.357
000d7d20_3811,11713.352
000d7d20_3812,11713.344
000d7d20_3813,11713.338
000d7d20_3814,11713.332
000d7d20_3815,11713.326
000d7d20_3816,11713.32
000d7d20_3817,11713.314
000d7d20_3818,11713.309
000d7d20_3819,11713.303
000d7d20_3820,11713.297
000d7d20_3821,11713.291
000d7d20_3822,11713.285
000d7d20_3823,11713.279
000d7d20_3824,11713.273
000d7d20_3825,11713.27
000d7d20_3826,11713.264
000d7d20_3827,11713.258
000d7d20_3828,11713.254
000d7d20_3829,11713.248
000d7d20_3830,11713.244
000d7d20_3831,11713.238
000d7d20_3832,11713.234
000d7d20_3833,11713.23
000d7d20_3834,11713.225
000d7d20_3835,11713.221
000d7d20_3836,11713.217
000d7d20_3837,11713.213
000d7d20_3838,11713.209
000d7d20_3839,11713.207
000d7d20_3840,11713.203
000d7d20_3841,11713.199
000d7d20_3842,11713.197
000d7d20_3843,11713.193
000d7d20_3844,11713.191
000d7d20_3845,11713.189
000d7d20_3846,11713.1875
000d7d20_3847,11713.186
000d7d20_3848,11713.184
000d7d20_3849,11713.182
000d7d20_3850,11713.18
000d7d20_3851,11713.178
000d7d20_3852,11713.178
000d7d20_3853,11713.176
000d7d20_3854,11713.176
000d7d20_3855,11713.174
000d7d20_3856,11713.174
000d7d20_3857,11713.174
000d7d20_3858,11713.174
000d7d20_3859,11713.174
000d7d20_3860,11713.174
000d7d20_3861,11713.174
000d7d20_3862,11713.176
000d7d20_3863,11713.176
000d7d20_3864,11713.178
000d7d20_3865,11713.178
000d7d20_3866,11713.18
000d7d20_3867,11713.182
000d7d20_3868,11713.184
000d7d20_3869,11713.186
000d7d20_3870,11713.1875
000d7d20_3871,11713.189
000d7d20_3872,11713.191
000d7d20_3873,11713.195
000d7d20_3874,11713.197
000d7d20_3875,11713.199
000d7d20_3876,11713.203
000d7d20_3877,11713.207
000d7d20_3878,11713.209
000d7d20_3879,11713.213
000d7d20_3880,11713.217
000d7d20_3881,11713.221
000d7d20_3882,11713.225
000d7d20_3883,11713.229
000d7d20_3884,11713.232
000d7d20_3885,11713.236
000d7d20_3886,11713.24
000d7d20_3887,11713.244
000d7d20_3888,11713.248
000d7d20_3889,11713.252
000d7d20_3890,11713.256
000d7d20_3891,11713.262
000d7d20_3892,11713.266
000d7d20_3893,11713.27
000d7d20_3894,11713.273
000d7d20_3895,11713.279
000d7d20_3896,11713.283
000d7d20_3897,11713.287
000d7d20_3898,11713.293
000d7d20_3899,11713.297
000d7d20_3900,11713.303
000d7d20_3901,11713.307
000d7d20_3902,11713.3125
000d7d20_3903,11713.316
000d7d20_3904,11713.322
000d7d20_3905,11713.326
000d7d20_3906,11713.332
000d7d20_3907,11713.336
000d7d20_3908,11713.342
000d7d20_3909,11713.348
000d7d20_3910,11713.352
000d7d20_3911,11713.357
000d7d20_3912,11713.363
000d7d20_3913,11713.369
000d7d20_3914,11713.375
000d7d20_3915,11713.381
000d7d20_3916,11713.385
000d7d20_3917,11713.391
000d7d20_3918,11713.396
000d7d20_3919,11713.404
000d7d20_3920,11713.41
000d7d20_3921,11713.416
000d7d20_3922,11713.422
000d7d20_3923,11713.428
000d7d20_3924,11713.436
000d7d20_3925,11713.441
000d7d20_3926,11713.447
000d7d20_3927,11713.455
000d7d20_3928,11713.461
000d7d20_3929,11713.469
000d7d20_3930,11713.475
000d7d20_3931,11713.482
000d7d20_3932,11713.49
000d7d20_3933,11713.496
000d7d20_3934,11713.504
000d7d20_3935,11713.512
000d7d20_3936,11713.518
000d7d20_3937,11713.525
000d7d20_3938,11713.533
000d7d20_3939,11713.539
000d7d20_3940,11713.547
000d7d20_3941,11713.555
000d7d20_3942,11713.561
000d7d20_3943,11713.568
000d7d20_3944,11713.574
000d7d20_3945,11713.582
000d7d20_3946,11713.588
000d7d20_3947,11713.594
000d7d20_3948,11713.602
000d7d20_3949,11713.607
000d7d20_3950,11713.613
000d7d20_3951,11713.619
000d7d20_3952,11713.625
000d7d20_3953,11713.629
000d7d20_3954,11713.635
000d7d20_3955,11713.641
000d7d20_3956,11713.645
000d7d20_3957,11713.648
000d7d20_3958,11713.654
000d7d20_3959,11713.658
000d7d20_3960,11713.662
000d7d20_3961,11713.666
000d7d20_3962,11713.67
000d7d20_3963,11713.672
000d7d20_3964,11713.676
000d7d20_3965,11713.68
000d7d20_3966,11713.682
000d7d20_3967,11713.684
000d7d20_3968,11713.686
000d7d20_3969,11713.6875
000d7d20_3970,11713.6875
000d7d20_3971,11713.689
000d7d20_3972,11713.689
000d7d20_3973,11713.691
000d7d20_3974,11713.691
000d7d20_3975,11713.691
000d7d20_3976,11713.689
000d7d20_3977,11713.689
000d7d20_3978,11713.6875
000d7d20_3979,11713.6875
000d7d20_3980,11713.686
000d7d20_3981,11713.684
000d7d20_3982,11713.682
000d7d20_3983,11713.678
000d7d20_3984,11713.676
000d7d20_3985,11713.672
000d7d20_3986,11713.668
000d7d20_3987,11713.664
000d7d20_3988,11713.66
000d7d20_3989,11713.656
000d7d20_3990,11713.652
000d7d20_3991,11713.646
000d7d20_3992,11713.643
000d7d20_3993,11713.637
000d7d20_3994,11713.631
000d7d20_3995,11713.625
000d7d20_3996,11713.619
000d7d20_3997,11713.613
000d7d20_3998,11713.607
000d7d20_3999,11713.602
000d7d20_4000,11713.596
000d7d20_4001,11713.588
000d7d20_4002,11713.582
000d7d20_4003,11713.576
000d7d20_4004,11713.568
000d7d20_4005,11713.5625
000d7d20_4006,11713.555
000d7d20_4007,11713.549
000d7d20_4008,11713.543
000d7d20_4009,11713.535
000d7d20_4010,11713.529
000d7d20_4011,11713.521
000d7d20_4012,11713.516
000d7d20_4013,11713.508
000d7d20_4014,11713.502
000d7d20_4015,11713.494
000d7d20_4016,11713.488
000d7d20_4017,11713.482
000d7d20_4018,11713.477
000d7d20_4019,11713.471
000d7d20_4020,11713.463
000d7d20_4021,11713.459
000d7d20_4022,11713.453
000d7d20_4023,11713.447
000d7d20_4024,11713.441
000d7d20_4025,11713.4375
000d7d20_4026,11713.434
000d7d20_4027,11713.43
000d7d20_4028,11713.426
000d7d20_4029,11713.422
000d7d20_4030,11713.418
000d7d20_4031,11713.416
000d7d20_4032,11713.414
000d7d20_4033,11713.412
000d7d20_4034,11713.41
000d7d20_4035,11713.408
000d7d20_4036,11713.406
000d7d20_4037,11713.406
000d7d20_4038,11713.406
000d7d20_4039,11713.406
000d7d20_4040,11713.406
000d7d20_4041,11713.406
000d7d20_4042,11713.408
000d7d20_4043,11713.408
000d7d20_4044,11713.41
000d7d20_4045,11713.412
000d7d20_4046,11713.416
000d7d20_4047,11713.418
000d7d20_4048,11713.422
000d7d20_4049,11713.426
000d7d20_4050,11713.43
000d7d20_4051,11713.434
000d7d20_4052,11713.439
000d7d20_4053,11713.445
000d7d20_4054,11713.451
000d7d20_4055,11713.457
000d7d20_4056,11713.465
000d7d20_4057,11713.473
000d7d20_4058,11713.48
000d7d20_4059,11713.488
000d7d20_4060,11713.496
000d7d20_4061,11713.506
000d7d20_4062,11713.516
000d7d20_4063,11713.525
000d7d20_4064,11713.535
000d7d20_4065,11713.547
000d7d20_4066,11713.559
000d7d20_4067,11713.57
000d7d20_4068,11713.582
000d7d20_4069,11713.594
000d7d20_4070,11713.607
000d7d20_4071,11713.621
000d7d20_4072,11713.635
000d7d20_4073,11713.65
000d7d20_4074,11713.666
000d7d20_4075,11713.682
000d7d20_4076,11713.697
000d7d20_4077,11713.715
000d7d20_4078,11713.732
000d7d20_4079,11713.75
000d7d20_4080,11713.768
000d7d20_4081,11713.787
000d7d20_4082,11713.807
000d7d20_4083,11713.826
000d7d20_4084,11713.846
000d7d20_4085,11713.865
000d7d20_4086,11713.887
000d7d20_4087,11713.908
000d7d20_4088,11713.93
000d7d20_4089,11713.953
000d7d20_4090,11713.977
000d7d20_4091,11714.0
000d7d20_4092,11714.023
000d7d20_4093,11714.047
000d7d20_4094,11714.072
000d7d20_4095,11714.098
000d7d20_4096,11714.123
000d7d20_4097,11714.15
000d7d20_4098,11714.176
000d7d20_4099,11714.203
000d7d20_4100,11714.232
000d7d20_4101,11714.26
000d7d20_4102,11714.289
000d7d20_4103,11714.318
000d7d20_4104,11714.348
000d7d20_4105,11714.377
000d7d20_4106,11714.408
000d7d20_4107,11714.439
000d7d20_4108,11714.471
000d7d20_4109,11714.504
000d7d20_4110,11714.537
000d7d20_4111,11714.57
000d7d20_4112,11714.604
000d7d20_4113,11714.637
000d7d20_4114,11714.672
000d7d20_4115,11714.707
000d7d20_4116,11714.742
000d7d20_4117,11714.779
000d7d20_4118,11714.814
000d7d20_4119,11714.852
000d7d20_4120,11714.889
000d7d20_4121,11714.926
000d7d20_4122,11714.965
000d7d20_4123,11715.002
000d7d20_4124,11715.041
000d7d20_4125,11715.08
000d7d20_4126,11715.117
000d7d20_4127,11715.158
000d7d20_4128,11715.197
000d7d20_4129,11715.236
000d7d20_4130,11715.275
000d7d20_4131,11715.314
000d7d20_4132,11715.355
000d7d20_4133,11715.395
000d7d20_4134,11715.434
000d7d20_4135,11715.475
000d7d20_4136,11715.516
000d7d20_4137,11715.555
000d7d20_4138,11715.596
000d7d20_4139,11715.637
000d7d20_4140,11715.676
000d7d20_4141,11715.717
000d7d20_4142,11715.758
000d7d20_4143,11715.799
000d7d20_4144,11715.838
000d7d20_4145,11715.879
000d7d20_4146,11715.92
000d7d20_4147,11715.959
000d7d20_4148,11716.0
000d7d20_4149,11716.039
000d7d20_4150,11716.08
000d7d20_4151,11716.119
000d7d20_4152,11716.158
000d7d20_4153,11716.197
000d7d20_4154,11716.236
000d7d20_4155,11716.275
000d7d20_4156,11716.314
000d7d20_4157,11716.352
000d7d20_4158,11716.391
000d7d20_4159,11716.428
000d7d20_4160,11716.465
000d7d20_4161,11716.5
000d7d20_4162,11716.537
000d7d20_4163,11716.572
000d7d20_4164,11716.607
000d7d20_4165,11716.643
000d7d20_4166,11716.676
000d7d20_4167,11716.709
000d7d20_4168,11716.742
000d7d20_4169,11716.775
000d7d20_4170,11716.807
000d7d20_4171,11716.838
000d7d20_4172,11716.869
000d7d20_4173,11716.9
000d7d20_4174,11716.93
000d7d20_4175,11716.959
000d7d20_4176,11716.986
000d7d20_4177,11717.016
000d7d20_4178,11717.043
000d7d20_4179,11717.068
000d7d20_4180,11717.094
000d7d20_4181,11717.119
000d7d20_4182,11717.145
000d7d20_4183,11717.168
000d7d20_4184,11717.191
000d7d20_4185,11717.215
000d7d20_4186,11717.236
000d7d20_4187,11717.258
000d7d20_4188,11717.279
000d7d20_4189,11717.299
000d7d20_4190,11717.318
000d7d20_4191,11717.338
000d7d20_4192,11717.357
000d7d20_4193,11717.375
000d7d20_4194,11717.393
000d7d20_4195,11717.408
000d7d20_4196,11717.424
000d7d20_4197,11717.439
000d7d20_4198,11717.455
000d7d20_4199,11717.469
000d7d20_4200,11717.482
000d7d20_4201,11717.496
000d7d20_4202,11717.51
000d7d20_4203,11717.521
000d7d20_4204,11717.531
000d7d20_4205,11717.543
000d7d20_4206,11717.553
000d7d20_4207,11717.5625
000d7d20_4208,11717.57
000d7d20_4209,11717.578
000d7d20_4210,11717.586
000d7d20_4211,11717.594
000d7d20_4212,11717.6
000d7d20_4213,11717.605
000d7d20_4214,11717.611
000d7d20_4215,11717.615
000d7d20_4216,11717.621
000d7d20_4217,11717.625
000d7d20_4218,11717.627
000d7d20_4219,11717.631
000d7d20_4220,11717.633
000d7d20_4221,11717.637
000d7d20_4222,11717.639
000d7d20_4223,11717.639
000d7d20_4224,11717.641
000d7d20_4225,11717.641
000d7d20_4226,11717.643
000d7d20_4227,11717.643
000d7d20_4228,11717.643
000d7d20_4229,11717.643
000d7d20_4230,11717.643
000d7d20_4231,11717.643
000d7d20_4232,11717.641
000d7d20_4233,11717.641
000d7d20_4234,11717.639
000d7d20_4235,11717.637
000d7d20_4236,11717.635
000d7d20_4237,11717.633
000d7d20_4238,11717.631
000d7d20_4239,11717.629
000d7d20_4240,11717.627
000d7d20_4241,11717.625
000d7d20_4242,11717.623
000d7d20_4243,11717.619
000d7d20_4244,11717.617
000d7d20_4245,11717.615
000d7d20_4246,11717.613
000d7d20_4247,11717.609
000d7d20_4248,11717.607
000d7d20_4249,11717.605
000d7d20_4250,11717.602
000d7d20_4251,11717.6
000d7d20_4252,11717.598
000d7d20_4253,11717.594
000d7d20_4254,11717.592
000d7d20_4255,11717.59
000d7d20_4256,11717.586
000d7d20_4257,11717.584
000d7d20_4258,11717.582
000d7d20_4259,11717.578
000d7d20_4260,11717.576
000d7d20_4261,11717.574
000d7d20_4262,11717.572
000d7d20_4263,11717.57
000d7d20_4264,11717.568
000d7d20_4265,11717.566
000d7d20_4266,11717.564
000d7d20_4267,11717.5625
000d7d20_4268,11717.561
000d7d20_4269,11717.559
000d7d20_4270,11717.559
000d7d20_4271,11717.557
000d7d20_4272,11717.555
000d7d20_4273,11717.553
000d7d20_4274,11717.551
000d7d20_4275,11717.549
000d7d20_4276,11717.547
000d7d20_4277,11717.545
000d7d20_4278,11717.543
000d7d20_4279,11717.541
000d7d20_4280,11717.539
000d7d20_4281,11717.537
000d7d20_4282,11717.533
000d7d20_4283,11717.531
000d7d20_4284,11717.529
000d7d20_4285,11717.527
000d7d20_4286,11717.525
000d7d20_4287,11717.523
000d7d20_4288,11717.521
000d7d20_4289,11717.518
000d7d20_4290,11717.516
000d7d20_4291,11717.514
000d7d20_4292,11717.512
000d7d20_4293,11717.51
000d7d20_4294,11717.508
000d7d20_4295,11717.506
000d7d20_4296,11717.504
000d7d20_4297,11717.502
000d7d20_4298,11717.5
000d7d20_4299,11717.498
000d7d20_4300,11717.494
000d7d20_4301,11717.492
000d7d20_4302,11717.49
000d7d20_4303,11717.488
000d7d20_4304,11717.486
000d7d20_4305,11717.484
000d7d20_4306,11717.482
000d7d20_4307,11717.48
000d7d20_4308,11717.479
000d7d20_4309,11717.477
000d7d20_4310,11717.475
000d7d20_4311,11717.471
000d7d20_4312,11717.469
000d7d20_4313,11717.467
000d7d20_4314,11717.465
000d7d20_4315,11717.461
000d7d20_4316,11717.459
000d7d20_4317,11717.455
000d7d20_4318,11717.453
000d7d20_4319,11717.449
000d7d20_4320,11717.445
000d7d20_4321,11717.443
000d7d20_4322,11717.439
000d7d20_4323,11717.436
000d7d20_4324,11717.432
000d7d20_4325,11717.426
000d7d20_4326,11717.422
000d7d20_4327,11717.416
000d7d20_4328,11717.412
000d7d20_4329,11717.406
000d7d20_4330,11717.4
000d7d20_4331,11717.395
000d7d20_4332,11717.389
000d7d20_4333,11717.383
000d7d20_4334,11717.377
000d7d20_4335,11717.371
000d7d20_4336,11717.363
000d7d20_4337,11717.355
000d7d20_4338,11717.348
000d7d20_4339,11717.34
000d7d20_4340,11717.332
000d7d20_4341,11717.322
000d7d20_4342,11717.3125
000d7d20_4343,11717.303
000d7d20_4344,11717.293
000d7d20_4345,11717.283
000d7d20_4346,11717.271
000d7d20_4347,11717.26
000d7d20_4348,11717.246
000d7d20_4349,11717.234
000d7d20_4350,11717.221
000d7d20_4351,11717.207
000d7d20_4352,11717.193
000d7d20_4353,11717.178
000d7d20_4354,11717.162
000d7d20_4355,11717.146
000d7d20_4356,11717.129
000d7d20_4357,11717.111
000d7d20_4358,11717.094
000d7d20_4359,11717.074
000d7d20_4360,11717.057
000d7d20_4361,11717.037
000d7d20_4362,11717.016
000d7d20_4363,11716.996
000d7d20_4364,11716.975
000d7d20_4365,11716.951
000d7d20_4366,11716.928
000d7d20_4367,11716.904
000d7d20_4368,11716.881
000d7d20_4369,11716.855
000d7d20_4370,11716.83
000d7d20_4371,11716.805
000d7d20_4372,11716.777
000d7d20_4373,11716.75
000d7d20_4374,11716.723
000d7d20_4375,11716.693
000d7d20_4376,11716.666
000d7d20_4377,11716.635
000d7d20_4378,11716.605
000d7d20_4379,11716.574
000d7d20_4380,11716.543
000d7d20_4381,11716.51
000d7d20_4382,11716.479
000d7d20_4383,11716.445
000d7d20_4384,11716.412
000d7d20_4385,11716.377
000d7d20_4386,11716.342
000d7d20_4387,11716.307
000d7d20_4388,11716.27
000d7d20_4389,11716.232
000d7d20_4390,11716.195
000d7d20_4391,11716.156
000d7d20_4392,11716.117
000d7d20_4393,11716.076
000d7d20_4394,11716.037
000d7d20_4395,11715.996
000d7d20_4396,11715.955
000d7d20_4397,11715.914
000d7d20_4398,11715.871
000d7d20_4399,11715.828
000d7d20_4400,11715.785
000d7d20_4401,11715.742
000d7d20_4402,11715.699
000d7d20_4403,11715.654
000d7d20_4404,11715.611
000d7d20_4405,11715.566
000d7d20_4406,11715.521
000d7d20_4407,11715.477
000d7d20_4408,11715.432
000d7d20_4409,11715.387
000d7d20_4410,11715.34
000d7d20_4411,11715.295
000d7d20_4412,11715.25
000d7d20_4413,11715.205
000d7d20_4414,11715.158
000d7d20_4415,11715.113
000d7d20_4416,11715.068
000d7d20_4417,11715.023
000d7d20_4418,11714.979
000d7d20_4419,11714.934
000d7d20_4420,11714.889
000d7d20_4421,11714.844
000d7d20_4422,11714.799
000d7d20_4423,11714.756
000d7d20_4424,11714.711
000d7d20_4425,11714.668
000d7d20_4426,11714.625
000d7d20_4427,11714.582
000d7d20_4428,11714.539
000d7d20_4429,11714.496
000d7d20_4430,11714.455
000d7d20_4431,11714.412
000d7d20_4432,11714.371
000d7d20_4433,11714.33
000d7d20_4434,11714.289
000d7d20_4435,11714.248
000d7d20_4436,11714.207
000d7d20_4437,11714.168
000d7d20_4438,11714.129
000d7d20_4439,11714.09
000d7d20_4440,11714.051
000d7d20_4441,11714.014
000d7d20_4442,11713.977
000d7d20_4443,11713.939
000d7d20_4444,11713.902
000d7d20_4445,11713.867
000d7d20_4446,11713.832
000d7d20_4447,11713.797
000d7d20_4448,11713.762
000d7d20_4449,11713.729
000d7d20_4450,11713.693
000d7d20_4451,11713.662
000d7d20_4452,11713.629
000d7d20_4453,11713.598
000d7d20_4454,11713.566
000d7d20_4455,11713.535
000d7d20_4456,11713.506
000d7d20_4457,11713.477
000d7d20_4458,11713.447
000d7d20_4459,11713.42
000d7d20_4460,11713.393
000d7d20_4461,11713.365
000d7d20_4462,11713.338
000d7d20_4463,11713.3125
000d7d20_4464,11713.287
000d7d20_4465,11713.264
000d7d20_4466,11713.24
000d7d20_4467,11713.217
000d7d20_4468,11713.193
000d7d20_4469,11713.172
000d7d20_4470,11713.15
000d7d20_4471,11713.129
000d7d20_4472,11713.109
000d7d20_4473,11713.09
000d7d20_4474,11713.072
000d7d20_4475,11713.055
000d7d20_4476,11713.037
000d7d20_4477,11713.02
000d7d20_4478,11713.004
000d7d20_4479,11712.99
000d7d20_4480,11712.975
000d7d20_4481,11712.961
000d7d20_4482,11712.949
000d7d20_4483,11712.936
000d7d20_4484,11712.924
000d7d20_4485,11712.914
000d7d20_4486,11712.902
000d7d20_4487,11712.893
000d7d20_4488,11712.883
000d7d20_4489,11712.875
000d7d20_4490,11712.867
000d7d20_4491,11712.859
000d7d20_4492,11712.852
000d7d20_4493,11712.846
000d7d20_4494,11712.84
000d7d20_4495,11712.834
000d7d20_4496,11712.828
000d7d20_4497,11712.824
000d7d20_4498,11712.82
000d7d20_4499,11712.816
000d7d20_4500,11712.8125
000d7d20_4501,11712.811
000d7d20_4502,11712.809
000d7d20_4503,11712.807
000d7d20_4504,11712.805
000d7d20_4505,11712.803
000d7d20_4506,11712.803
000d7d20_4507,11712.803
000d7d20_4508,11712.803
000d7d20_4509,11712.803
000d7d20_4510,11712.803
000d7d20_4511,11712.805
000d7d20_4512,11712.805
000d7d20_4513,11712.807
000d7d20_4514,11712.809
000d7d20_4515,11712.811
000d7d20_4516,11712.8125
000d7d20_4517,11712.816
000d7d20_4518,11712.818
000d7d20_4519,11712.822
000d7d20_4520,11712.826
000d7d20_4521,11712.83
000d7d20_4522,11712.834
000d7d20_4523,11712.84
000d7d20_4524,11712.844
000d7d20_4525,11712.85
000d7d20_4526,11712.855
000d7d20_4527,11712.861
000d7d20_4528,11712.867
000d7d20_4529,11712.873
000d7d20_4530,11712.879
000d7d20_4531,11712.887
000d7d20_4532,11712.895
000d7d20_4533,11712.9
000d7d20_4534,11712.908
000d7d20_4535,11712.916
000d7d20_4536,11712.924
000d7d20_4537,11712.93
000d7d20_4538,11712.9375
000d7d20_4539,11712.945
000d7d20_4540,11712.953
000d7d20_4541,11712.961
000d7d20_4542,11712.969
000d7d20_4543,11712.979
000d7d20_4544,11712.986
000d7d20_4545,11712.994
000d7d20_4546,11713.002
000d7d20_4547,11713.01
000d7d20_4548,11713.018
000d7d20_4549,11713.025
000d7d20_4550,11713.031
000d7d20_4551,11713.039
000d7d20_4552,11713.047
000d7d20_4553,11713.053
000d7d20_4554,11713.061
000d7d20_4555,11713.066
000d7d20_4556,11713.072
000d7d20_4557,11713.078
000d7d20_4558,11713.084
000d7d20_4559,11713.09
000d7d20_4560,11713.096
000d7d20_4561,11713.1
000d7d20_4562,11713.105
000d7d20_4563,11713.109
000d7d20_4564,11713.113
000d7d20_4565,11713.117
000d7d20_4566,11713.121
000d7d20_4567,11713.123
000d7d20_4568,11713.127
000d7d20_4569,11713.129
000d7d20_4570,11713.131
000d7d20_4571,11713.133
000d7d20_4572,11713.135
000d7d20_4573,11713.137
000d7d20_4574,11713.137
000d7d20_4575,11713.137
000d7d20_4576,11713.139
000d7d20_4577,11713.137
000d7d20_4578,11713.137
000d7d20_4579,11713.137
000d7d20_4580,11713.135
000d7d20_4581,11713.133
000d7d20_4582,11713.131
000d7d20_4583,11713.127
000d7d20_4584,11713.125
000d7d20_4585,11713.121
000d7d20_4586,11713.117
000d7d20_4587,11713.113
000d7d20_4588,11713.109
000d7d20_4589,11713.105
000d7d20_4590,11713.1
000d7d20_4591,11713.096
000d7d20_4592,11713.09
000d7d20_4593,11713.084
000d7d20_4594,11713.078
000d7d20_4595,11713.072
000d7d20_4596,11713.066
000d7d20_4597,11713.061
000d7d20_4598,11713.055
000d7d20_4599,11713.049
000d7d20_4600,11713.041
000d7d20_4601,11713.035
000d7d20_4602,11713.027
000d7d20_4603,11713.02
000d7d20_4604,11713.014
000d7d20_4605,11713.006
000d7d20_4606,11712.998
000d7d20_4607,11712.99
000d7d20_4608,11712.982
000d7d20_4609,11712.975
000d7d20_4610,11712.967
000d7d20_4611,11712.959
000d7d20_4612,11712.953
000d7d20_4613,11712.945
000d7d20_4614,11712.9375
000d7d20_4615,11712.93
000d7d20_4616,11712.922
000d7d20_4617,11712.914
000d7d20_4618,11712.906
000d7d20_4619,11712.898
000d7d20_4620,11712.891
000d7d20_4621,11712.883
000d7d20_4622,11712.875
000d7d20_4623,11712.869
000d7d20_4624,11712.861
000d7d20_4625,11712.854
000d7d20_4626,11712.846
000d7d20_4627,11712.838
000d7d20_4628,11712.832
000d7d20_4629,11712.824
000d7d20_4630,11712.818
000d7d20_4631,11712.811
000d7d20_4632,11712.805
000d7d20_4633,11712.797
000d7d20_4634,11712.791
000d7d20_4635,11712.785
000d7d20_4636,11712.779
000d7d20_4637,11712.773
000d7d20_4638,11712.768
000d7d20_4639,11712.762
000d7d20_4640,11712.756
000d7d20_4641,11712.75
000d7d20_4642,11712.746
000d7d20_4643,11712.74
000d7d20_4644,11712.736
000d7d20_4645,11712.732
000d7d20_4646,11712.729
000d7d20_4647,11712.725
000d7d20_4648,11712.721
000d7d20_4649,11712.717
000d7d20_4650,11712.713
000d7d20_4651,11712.709
000d7d20_4652,11712.707
000d7d20_4653,11712.703
000d7d20_4654,11712.701
000d7d20_4655,11712.697
000d7d20_4656,11712.695
000d7d20_4657,11712.691
000d7d20_4658,11712.689
000d7d20_4659,11712.686
000d7d20_4660,11712.684
000d7d20_4661,11712.68
000d7d20_4662,11712.678
000d7d20_4663,11712.676
000d7d20_4664,11712.672
000d7d20_4665,11712.67
000d7d20_4666,11712.666
000d7d20_4667,11712.664
000d7d20_4668,11712.662
000d7d20_4669,11712.658
000d7d20_4670,11712.656
000d7d20_4671,11712.652
000d7d20_4672,11712.65
000d7d20_4673,11712.646
000d7d20_4674,11712.643
000d7d20_4675,11712.639
000d7d20_4676,11712.635
000d7d20_4677,11712.631
000d7d20_4678,11712.627
000d7d20_4679,11712.621
000d7d20_4680,11712.617
000d7d20_4681,11712.611
000d7d20_4682,11712.607
000d7d20_4683,11712.602
000d7d20_4684,11712.596
000d7d20_4685,11712.59
000d7d20_4686,11712.582
000d7d20_4687,11712.576
000d7d20_4688,11712.568
000d7d20_4689,11712.561
000d7d20_4690,11712.555
000d7d20_4691,11712.547
000d7d20_4692,11712.537
000d7d20_4693,11712.529
000d7d20_4694,11712.521
000d7d20_4695,11712.512
000d7d20_4696,11712.502
000d7d20_4697,11712.494
000d7d20_4698,11712.484
000d7d20_4699,11712.473
000d7d20_4700,11712.463
000d7d20_4701,11712.453
000d7d20_4702,11712.441
000d7d20_4703,11712.43
000d7d20_4704,11712.418
000d7d20_4705,11712.406
000d7d20_4706,11712.395
000d7d20_4707,11712.383
000d7d20_4708,11712.371
000d7d20_4709,11712.357
000d7d20_4710,11712.346
000d7d20_4711,11712.332
000d7d20_4712,11712.318
000d7d20_4713,11712.305
000d7d20_4714,11712.291
000d7d20_4715,11712.277
000d7d20_4716,11712.264
000d7d20_4717,11712.25
000d7d20_4718,11712.234
000d7d20_4719,11712.221
000d7d20_4720,11712.205
000d7d20_4721,11712.189
000d7d20_4722,11712.176
000d7d20_4723,11712.16
000d7d20_4724,11712.143
000d7d20_4725,11712.127
000d7d20_4726,11712.111
000d7d20_4727,11712.094
000d7d20_4728,11712.078
000d7d20_4729,11712.061
000d7d20_4730,11712.043
000d7d20_4731,11712.025
000d7d20_4732,11712.008
000d7d20_4733,11711.988
000d7d20_4734,11711.971
000d7d20_4735,11711.951
000d7d20_4736,11711.934
000d7d20_4737,11711.914
000d7d20_4738,11711.895
000d7d20_4739,11711.875
000d7d20_4740,11711.854
000d7d20_4741,11711.834
000d7d20_4742,11711.8125
000d7d20_4743,11711.793
000d7d20_4744,11711.771
000d7d20_4745,11711.75
000d7d20_4746,11711.729
000d7d20_4747,11711.707
000d7d20_4748,11711.684
000d7d20_4749,11711.662
000d7d20_4750,11711.641
000d7d20_4751,11711.617
000d7d20_4752,11711.596
000d7d20_4753,11711.572
000d7d20_4754,11711.551
000d7d20_4755,11711.527
000d7d20_4756,11711.506
000d7d20_4757,11711.484
000d7d20_4758,11711.461
000d7d20_4759,11711.439
000d7d20_4760,11711.418
000d7d20_4761,11711.396
000d7d20_4762,11711.373
000d7d20_4763,11711.354
000d7d20_4764,11711.332
000d7d20_4765,11711.311
000d7d20_4766,11711.291
000d7d20_4767,11711.27
000d7d20_4768,11711.25
000d7d20_4769,11711.23
000d7d20_4770,11711.211
000d7d20_4771,11711.191
000d7d20_4772,11711.174
000d7d20_4773,11711.154
000d7d20_4774,11711.137
000d7d20_4775,11711.119
000d7d20_4776,11711.102
000d7d20_4777,11711.084
000d7d20_4778,11711.066
000d7d20_4779,11711.051
000d7d20_4780,11711.035
000d7d20_4781,11711.02
000d7d20_4782,11711.004
000d7d20_4783,11710.99
000d7d20_4784,11710.975
000d7d20_4785,11710.961
000d7d20_4786,11710.949
000d7d20_4787,11710.936
000d7d20_4788,11710.924
000d7d20_4789,11710.912
000d7d20_4790,11710.9
000d7d20_4791,11710.891
000d7d20_4792,11710.881
000d7d20_4793,11710.871
000d7d20_4794,11710.863
000d7d20_4795,11710.854
000d7d20_4796,11710.846
000d7d20_4797,11710.84
000d7d20_4798,11710.834
000d7d20_4799,11710.828
000d7d20_4800,11710.822
000d7d20_4801,11710.818
000d7d20_4802,11710.814
000d7d20_4803,11710.811
000d7d20_4804,11710.809
000d7d20_4805,11710.807
000d7d20_4806,11710.807
000d7d20_4807,11710.807
000d7d20_4808,11710.807
000d7d20_4809,11710.809
000d7d20_4810,11710.811
000d7d20_4811,11710.8125
000d7d20_4812,11710.816
000d7d20_4813,11710.82
000d7d20_4814,11710.826
000d7d20_4815,11710.832
000d7d20_4816,11710.838
000d7d20_4817,11710.846
000d7d20_4818,11710.854
000d7d20_4819,11710.861
000d7d20_4820,11710.871
000d7d20_4821,11710.881
000d7d20_4822,11710.893
000d7d20_4823,11710.904
000d7d20_4824,11710.916
000d7d20_4825,11710.93
000d7d20_4826,11710.943
000d7d20_4827,11710.957
000d7d20_4828,11710.971
000d7d20_4829,11710.986
000d7d20_4830,11711.004
000d7d20_4831,11711.02
000d7d20_4832,11711.037
000d7d20_4833,11711.055
000d7d20_4834,11711.074
000d7d20_4835,11711.092
000d7d20_4836,11711.111
000d7d20_4837,11711.131
000d7d20_4838,11711.152
000d7d20_4839,11711.174
000d7d20_4840,11711.195
000d7d20_4841,11711.217
000d7d20_4842,11711.24
000d7d20_4843,11711.262
000d7d20_4844,11711.287
000d7d20_4845,11711.311
000d7d20_4846,11711.334
000d7d20_4847,11711.359
000d7d20_4848,11711.385
000d7d20_4849,11711.41
000d7d20_4850,11711.4375
000d7d20_4851,11711.463
000d7d20_4852,11711.49
000d7d20_4853,11711.518
000d7d20_4854,11711.545
000d7d20_4855,11711.572
000d7d20_4856,11711.6
000d7d20_4857,11711.629
000d7d20_4858,11711.656
000d7d20_4859,11711.686
000d7d20_4860,11711.715
000d7d20_4861,11711.744
000d7d20_4862,11711.773
000d7d20_4863,11711.803
000d7d20_4864,11711.832
000d7d20_4865,11711.861
000d7d20_4866,11711.891
000d7d20_4867,11711.92
000d7d20_4868,11711.949
000d7d20_4869,11711.977
000d7d20_4870,11712.006
000d7d20_4871,11712.035
000d7d20_4872,11712.064
000d7d20_4873,11712.094
000d7d20_4874,11712.123
000d7d20_4875,11712.152
000d7d20_4876,11712.18
000d7d20_4877,11712.209
000d7d20_4878,11712.236
000d7d20_4879,11712.264
000d7d20_4880,11712.291
000d7d20_4881,11712.318
000d7d20_4882,11712.346
000d7d20_4883,11712.373
000d7d20_4884,11712.398
000d7d20_4885,11712.426
000d7d20_4886,11712.451
000d7d20_4887,11712.477
000d7d20_4888,11712.502
000d7d20_4889,11712.527
000d7d20_4890,11712.551
000d7d20_4891,11712.574
000d7d20_4892,11712.598
000d7d20_4893,11712.621
000d7d20_4894,11712.645
000d7d20_4895,11712.666
000d7d20_4896,11712.6875
000d7d20_4897,11712.709
000d7d20_4898,11712.729
000d7d20_4899,11712.748
000d7d20_4900,11712.768
000d7d20_4901,11712.785
000d7d20_4902,11712.805
000d7d20_4903,11712.82
000d7d20_4904,11712.838
000d7d20_4905,11712.854
000d7d20_4906,11712.869
000d7d20_4907,11712.885
000d7d20_4908,11712.898
000d7d20_4909,11712.912
000d7d20_4910,11712.924
000d7d20_4911,11712.936
000d7d20_4912,11712.947
000d7d20_4913,11712.957
000d7d20_4914,11712.967
000d7d20_4915,11712.975
000d7d20_4916,11712.982
000d7d20_4917,11712.99
000d7d20_4918,11712.996
000d7d20_4919,11713.002
000d7d20_4920,11713.006
000d7d20_4921,11713.01
000d7d20_4922,11713.012
000d7d20_4923,11713.014
000d7d20_4924,11713.016
000d7d20_4925,11713.016
000d7d20_4926,11713.014
000d7d20_4927,11713.014
000d7d20_4928,11713.01
000d7d20_4929,11713.006
000d7d20_4930,11713.002
000d7d20_4931,11712.996
000d7d20_4932,11712.99
000d7d20_4933,11712.982
000d7d20_4934,11712.975
000d7d20_4935,11712.967
000d7d20_4936,11712.957
000d7d20_4937,11712.945
000d7d20_4938,11712.934
000d7d20_4939,11712.922
000d7d20_4940,11712.908
000d7d20_4941,11712.895
000d7d20_4942,11712.881
000d7d20_4943,11712.865
000d7d20_4944,11712.85
000d7d20_4945,11712.832
000d7d20_4946,11712.814
000d7d20_4947,11712.797
000d7d20_4948,11712.777
000d7d20_4949,11712.758
000d7d20_4950,11712.738
000d7d20_4951,11712.719
000d7d20_4952,11712.697
000d7d20_4953,11712.676
000d7d20_4954,11712.652
000d7d20_4955,11712.629
000d7d20_4956,11712.605
000d7d20_4957,11712.582
000d7d20_4958,11712.557
000d7d20_4959,11712.531
000d7d20_4960,11712.506
000d7d20_4961,11712.479
000d7d20_4962,11712.451
000d7d20_4963,11712.424
000d7d20_4964,11712.396
000d7d20_4965,11712.367
000d7d20_4966,11712.338
000d7d20_4967,11712.309
000d7d20_4968,11712.277
000d7d20_4969,11712.246
000d7d20_4970,11712.215
000d7d20_4971,11712.184
000d7d20_4972,11712.15
000d7d20_4973,11712.117
000d7d20_4974,11712.084
000d7d20_4975,11712.051
000d7d20_4976,11712.016
000d7d20_4977,11711.982
000d7d20_4978,11711.947
000d7d20_4979,11711.912
000d7d20_4980,11711.875
000d7d20_4981,11711.84
000d7d20_4982,11711.803
000d7d20_4983,11711.768
000d7d20_4984,11711.73
000d7d20_4985,11711.693
000d7d20_4986,11711.654
000d7d20_4987,11711.617
000d7d20_4988,11711.58
000d7d20_4989,11711.543
000d7d20_4990,11711.504
000d7d20_4991,11711.467
000d7d20_4992,11711.428
000d7d20_4993,11711.391
000d7d20_4994,11711.352
000d7d20_4995,11711.314
000d7d20_4996,11711.275
000d7d20_4997,11711.238
000d7d20_4998,11711.201
000d7d20_4999,11711.162
000d7d20_5000,11711.125
000d7d20_5001,11711.088
000d7d20_5002,11711.051
000d7d20_5003,11711.016
000d7d20_5004,11710.979
000d7d20_5005,11710.941
000d7d20_5006,11710.906
000d7d20_5007,11710.871
000d7d20_5008,11710.836
000d7d20_5009,11710.801
000d7d20_5010,11710.766
000d7d20_5011,11710.73
000d7d20_5012,11710.695
000d7d20_5013,11710.662
000d7d20_5014,11710.627
000d7d20_5015,11710.594
000d7d20_5016,11710.561
000d7d20_5017,11710.527
000d7d20_5018,11710.494
000d7d20_5019,11710.461
000d7d20_5020,11710.428
000d7d20_5021,11710.396
000d7d20_5022,11710.365
000d7d20_5023,11710.334
000d7d20_5024,11710.303
000d7d20_5025,11710.271
000d7d20_5026,11710.24
000d7d20_5027,11710.211
000d7d20_5028,11710.182
000d7d20_5029,11710.152
000d7d20_5030,11710.123
000d7d20_5031,11710.096
000d7d20_5032,11710.066
000d7d20_5033,11710.039
000d7d20_5034,11710.012
000d7d20_5035,11709.986
000d7d20_5036,11709.959
000d7d20_5037,11709.934
000d7d20_5038,11709.908
000d7d20_5039,11709.883
000d7d20_5040,11709.857
000d7d20_5041,11709.834
000d7d20_5042,11709.811
000d7d20_5043,11709.787
000d7d20_5044,11709.764
000d7d20_5045,11709.74
000d7d20_5046,11709.719
000d7d20_5047,11709.697
000d7d20_5048,11709.676
000d7d20_5049,11709.654
000d7d20_5050,11709.633
000d7d20_5051,11709.613
000d7d20_5052,11709.592
000d7d20_5053,11709.572
000d7d20_5054,11709.553
000d7d20_5055,11709.533
000d7d20_5056,11709.516
000d7d20_5057,11709.496
000d7d20_5058,11709.479
000d7d20_5059,11709.459
000d7d20_5060,11709.441
000d7d20_5061,11709.424
000d7d20_5062,11709.406
000d7d20_5063,11709.389
000d7d20_5064,11709.373
000d7d20_5065,11709.355
000d7d20_5066,11709.34
000d7d20_5067,11709.324
000d7d20_5068,11709.307
000d7d20_5069,11709.293
000d7d20_5070,11709.277
000d7d20_5071,11709.262
000d7d20_5072,11709.246
000d7d20_5073,11709.232
000d7d20_5074,11709.217
000d7d20_5075,11709.203
000d7d20_5076,11709.189
000d7d20_5077,11709.174
000d7d20_5078,11709.16
000d7d20_5079,11709.148
000d7d20_5080,11709.135
000d7d20_5081,11709.121
000d7d20_5082,11709.107
000d7d20_5083,11709.096
000d7d20_5084,11709.082
000d7d20_5085,11709.07
000d7d20_5086,11709.059
000d7d20_5087,11709.045
000d7d20_5088,11709.033
000d7d20_5089,11709.021
000d7d20_5090,11709.01
000d7d20_5091,11708.998
000d7d20_5092,11708.986
000d7d20_5093,11708.975
000d7d20_5094,11708.963
000d7d20_5095,11708.951
000d7d20_5096,11708.939
000d7d20_5097,11708.928
000d7d20_5098,11708.916
000d7d20_5099,11708.904
000d7d20_5100,11708.893
000d7d20_5101,11708.883
000d7d20_5102,11708.871
000d7d20_5103,11708.859
000d7d20_5104,11708.848
000d7d20_5105,11708.838
000d7d20_5106,11708.826
000d7d20_5107,11708.814
000d7d20_5108,11708.803
000d7d20_5109,11708.791
000d7d20_5110,11708.781
000d7d20_5111,11708.77
000d7d20_5112,11708.758
000d7d20_5113,11708.746
000d7d20_5114,11708.736
000d7d20_5115,11708.725
000d7d20_5116,11708.713
000d7d20_5117,11708.701
000d7d20_5118,11708.691
000d7d20_5119,11708.68
000d7d20_5120,11708.668
000d7d20_5121,11708.656
000d7d20_5122,11708.646
000d7d20_5123,11708.635
000d7d20_5124,11708.623
000d7d20_5125,11708.611
000d7d20_5126,11708.602
000d7d20_5127,11708.59
000d7d20_5128,11708.578
000d7d20_5129,11708.566
000d7d20_5130,11708.557
000d7d20_5131,11708.545
000d7d20_5132,11708.533
000d7d20_5133,11708.521
000d7d20_5134,11708.512
000d7d20_5135,11708.5
000d7d20_5136,11708.488
000d7d20_5137,11708.477
000d7d20_5138,11708.465
000d7d20_5139,11708.455
000d7d20_5140,11708.443
000d7d20_5141,11708.432
000d7d20_5142,11708.42
000d7d20_5143,11708.41
000d7d20_5144,11708.398
000d7d20_5145,11708.387
000d7d20_5146,11708.375
000d7d20_5147,11708.363
000d7d20_5148,11708.354
000d7d20_5149,11708.342
000d7d20_5150,11708.33
000d7d20_5151,11708.318
000d7d20_5152,11708.307
000d7d20_5153,11708.295
000d7d20_5154,11708.283
000d7d20_5155,11708.271
000d7d20_5156,11708.26
000d7d20_5157,11708.248
000d7d20_5158,11708.236
000d7d20_5159,11708.227
000d7d20_5160,11708.215
000d7d20_5161,11708.203
000d7d20_5162,11708.191
000d7d20_5163,11708.18
000d7d20_5164,11708.168
000d7d20_5165,11708.156
000d7d20_5166,11708.145
000d7d20_5167,11708.133
000d7d20_5168,11708.121
000d7d20_5169,11708.109
000d7d20_5170,11708.098
000d7d20_5171,11708.086
000d7d20_5172,11708.074
000d7d20_5173,11708.0625
000d7d20_5174,11708.051
000d7d20_5175,11708.039
000d7d20_5176,11708.029
000d7d20_5177,11708.018
000d7d20_5178,11708.006
000d7d20_5179,11707.996
000d7d20_5180,11707.984
000d7d20_5181,11707.975
000d7d20_5182,11707.965
000d7d20_5183,11707.955
000d7d20_5184,11707.945
000d7d20_5185,11707.936
000d7d20_5186,11707.926
000d7d20_5187,11707.916
000d7d20_5188,11707.906
000d7d20_5189,11707.896
000d7d20_5190,11707.887
000d7d20_5191,11707.877
000d7d20_5192,11707.869
000d7d20_5193,11707.859
000d7d20_5194,11707.85
000d7d20_5195,11707.842
000d7d20_5196,11707.832
000d7d20_5197,11707.824
000d7d20_5198,11707.816
000d7d20_5199,11707.807
000d7d20_5200,11707.799
000d7d20_5201,11707.791
000d7d20_5202,11707.783
000d7d20_5203,11707.775
000d7d20_5204,11707.768
000d7d20_5205,11707.76
000d7d20_5206,11707.752
000d7d20_5207,11707.744
000d7d20_5208,11707.738
000d7d20_5209,11707.73
000d7d20_5210,11707.723
000d7d20_5211,11707.717
000d7d20_5212,11707.711
000d7d20_5213,11707.703
000d7d20_5214,11707.697
000d7d20_5215,11707.691
000d7d20_5216,11707.686
000d7d20_5217,11707.678
000d7d20_5218,11707.672
000d7d20_5219,11707.668
000d7d20_5220,11707.662
000d7d20_5221,11707.656
000d7d20_5222,11707.65
000d7d20_5223,11707.646
000d7d20_5224,11707.641
000d7d20_5225,11707.637
000d7d20_5226,11707.631
000d7d20_5227,11707.627
000d7d20_5228,11707.623
000d7d20_5229,11707.619
000d7d20_5230,11707.613
000d7d20_5231,11707.609
000d7d20_5232,11707.607
000d7d20_5233,11707.604
000d7d20_5234,11707.6
000d7d20_5235,11707.596
000d7d20_5236,11707.594
000d7d20_5237,11707.59
000d7d20_5238,11707.588
000d7d20_5239,11707.586
000d7d20_5240,11707.584
000d7d20_5241,11707.58
000d7d20_5242,11707.578
000d7d20_5243,11707.578
000d7d20_5244,11707.576
000d7d20_5245,11707.574
000d7d20_5246,11707.572
000d7d20_5247,11707.572
000d7d20_5248,11707.57
000d7d20_5249,11707.57
000d7d20_5250,11707.57
000d7d20_5251,11707.57
000d7d20_5252,11707.57
000d7d20_5253,11707.57
000d7d20_5254,11707.57
000d7d20_5255,11707.57
000d7d20_5256,11707.57
000d7d20_5257,11707.572
000d7d20_5258,11707.572
000d7d20_5259,11707.574
000d7d20_5260,11707.576
000d7d20_5261,11707.578
000d7d20_5262,11707.58
000d7d20_5263,11707.582
000d7d20_5264,11707.584
000d7d20_5265,11707.586
000d7d20_5266,11707.59
000d7d20_5267,11707.592
000d7d20_5268,11707.596
000d7d20_5269,11707.6
000d7d20_5270,11707.602
000d7d20_5271,11707.605
000d7d20_5272,11707.609
000d7d20_5273,11707.615
000d7d20_5274,11707.619
000d7d20_5275,11707.623
000d7d20_5276,11707.629
000d7d20_5277,11707.635
00bbac68_1545,12184.297
00bbac68_1546,12184.313
00bbac68_1547,12184.331
00bbac68_1548,12184.348
00bbac68_1549,12184.365
00bbac68_1550,12184.382
00bbac68_1551,12184.398
00bbac68_1552,12184.415
00bbac68_1553,12184.432
00bbac68_1554,12184.448
00bbac68_1555,12184.464
00bbac68_1556,12184.4795
00bbac68_1557,12184.495
00bbac68_1558,12184.511
00bbac68_1559,12184.525
00bbac68_1560,12184.541
00bbac68_1561,12184.556
00bbac68_1562,12184.57
00bbac68_1563,12184.584
00bbac68_1564,12184.599
00bbac68_1565,12184.612
00bbac68_1566,12184.626
00bbac68_1567,12184.64
00bbac68_1568,12184.652
00bbac68_1569,12184.666
00bbac68_1570,12184.679
00bbac68_1571,12184.691
00bbac68_1572,12184.704
00bbac68_1573,12184.716
00bbac68_1574,12184.729
00bbac68_1575,12184.74
00bbac68_1576,12184.752
00bbac68_1577,12184.763
00bbac68_1578,12184.774
00bbac68_1579,12184.785
00bbac68_1580,12184.796
00bbac68_1581,12184.807
00bbac68_1582,12184.816
00bbac68_1583,12184.827
00bbac68_1584,12184.837
00bbac68_1585,12184.847
00bbac68_1586,12184.855
00bbac68_1587,12184.865
00bbac68_1588,12184.874
00bbac68_1589,12184.883
00bbac68_1590,12184.892
00bbac68_1591,12184.899
00bbac68_1592,12184.908
00bbac68_1593,12184.916
00bbac68_1594,12184.924
00bbac68_1595,12184.931
00bbac68_1596,12184.9375
00bbac68_1597,12184.945
00bbac68_1598,12184.951
00bbac68_1599,12184.958
00bbac68_1600,12184.964
00bbac68_1601,12184.971
00bbac68_1602,12184.977
00bbac68_1603,12184.981
00bbac68_1604,12184.987
00bbac68_1605,12184.992
00bbac68_1606,12184.997
00bbac68_1607,12185.002
00bbac68_1608,12185.007
00bbac68_1609,12185.012
00bbac68_1610,12185.016
00bbac68_1611,12185.02
00bbac68_1612,12185.024
00bbac68_1613,12185.027
00bbac68_1614,12185.031
00bbac68_1615,12185.035
00bbac68_1616,12185.038
00bbac68_1617,12185.041
00bbac68_1618,12185.044
00bbac68_1619,12185.047
00bbac68_1620,12185.049
00bbac68_1621,12185.051
00bbac68_1622,12185.054
00bbac68_1623,12185.056
00bbac68_1624,12185.057
00bbac68_1625,12185.059
00bbac68_1626,12185.061
00bbac68_1627,12185.062
00bbac68_1628,12185.063
00bbac68_1629,12185.064
00bbac68_1630,12185.065
00bbac68_1631,12185.066
00bbac68_1632,12185.067
00bbac68_1633,12185.067
00bbac68_1634,12185.068
00bbac68_1635,12185.069
00bbac68_1636,12185.069
00bbac68_1637,12185.069
00bbac68_1638,12185.07
00bbac68_1639,12185.07
00bbac68_1640,12185.07
00bbac68_1641,12185.07
00bbac68_1642,12185.07
00bbac68_1643,12185.07
00bbac68_1644,12185.069
00bbac68_1645,12185.069
00bbac68_1646,12185.068
00bbac68_1647,12185.067
00bbac68_1648,12185.066
00bbac68_1649,12185.065
00bbac68_1650,12185.064
00bbac68_1651,12185.0625
00bbac68_1652,12185.062
00bbac68_1653,12185.06
00bbac68_1654,12185.058
00bbac68_1655,12185.056
00bbac68_1656,12185.053
00bbac68_1657,12185.051
00bbac68_1658,12185.049
00bbac68_1659,12185.046
00bbac68_1660,12185.043
00bbac68_1661,12185.04
00bbac68_1662,12185.037
00bbac68_1663,12185.034
00bbac68_1664,12185.031
00bbac68_1665,12185.027
00bbac68_1666,12185.023
00bbac68_1667,12185.02
00bbac68_1668,12185.016
00bbac68_1669,12185.012
00bbac68_1670,12185.008
00bbac68_1671,12185.003
00bbac68_1672,12184.999
00bbac68_1673,12184.994
00bbac68_1674,12184.989
00bbac68_1675,12184.984
00bbac68_1676,12184.98
00bbac68_1677,12184.976
00bbac68_1678,12184.971
00bbac68_1679,12184.966
00bbac68_1680,12184.962
00bbac68_1681,12184.957
00bbac68_1682,12184.952
00bbac68_1683,12184.947
00bbac68_1684,12184.943
00bbac68_1685,12184.938
00bbac68_1686,12184.934
00bbac68_1687,12184.929
00bbac68_1688,12184.925
00bbac68_1689,12184.92
00bbac68_1690,12184.915
00bbac68_1691,12184.91
00bbac68_1692,12184.905
00bbac68_1693,12184.901
00bbac68_1694,12184.896
00bbac68_1695,12184.892
00bbac68_1696,12184.887
00bbac68_1697,12184.882
00bbac68_1698,12184.877
00bbac68_1699,12184.872
00bbac68_1700,12184.867
00bbac68_1701,12184.862
00bbac68_1702,12184.857
00bbac68_1703,12184.852
00bbac68_1704,12184.847
00bbac68_1705,12184.841
00bbac68_1706,12184.836
00bbac68_1707,12184.83
00bbac68_1708,12184.825
00bbac68_1709,12184.819
00bbac68_1710,12184.813
00bbac68_1711,12184.808
00bbac68_1712,12184.802
00bbac68_1713,12184.796
00bbac68_1714,12184.79
00bbac68_1715,12184.784
00bbac68_1716,12184.778
00bbac68_1717,12184.772
00bbac68_1718,12184.767
00bbac68_1719,12184.761
00bbac68_1720,12184.755
00bbac68_1721,12184.748
00bbac68_1722,12184.742
00bbac68_1723,12184.736
00bbac68_1724,12184.7295
00bbac68_1725,12184.724
00bbac68_1726,12184.717
00bbac68_1727,12184.711
00bbac68_1728,12184.705
00bbac68_1729,12184.698
00bbac68_1730,12184.692
00bbac68_1731,12184.686
00bbac68_1732,12184.68
00bbac68_1733,12184.673
00bbac68_1734,12184.666
00bbac68_1735,12184.66
00bbac68_1736,12184.653
00bbac68_1737,12184.646
00bbac68_1738,12184.64
00bbac68_1739,12184.632
00bbac68_1740,12184.625
00bbac68_1741,12184.618
00bbac68_1742,12184.61
00bbac68_1743,12184.603
00bbac68_1744,12184.595
00bbac68_1745,12184.587
00bbac68_1746,12184.579
00bbac68_1747,12184.571
00bbac68_1748,12184.5625
00bbac68_1749,12184.554
00bbac68_1750,12184.545
00bbac68_1751,12184.536
00bbac68_1752,12184.527
00bbac68_1753,12184.518
00bbac68_1754,12184.509
00bbac68_1755,12184.499
00bbac68_1756,12184.49
00bbac68_1757,12184.48
00bbac68_1758,12184.471
00bbac68_1759,12184.461
00bbac68_1760,12184.451
00bbac68_1761,12184.441
00bbac68_1762,12184.432
00bbac68_1763,12184.421
00bbac68_1764,12184.411
00bbac68_1765,12184.4
00bbac68_1766,12184.391
00bbac68_1767,12184.38
00bbac68_1768,12184.37
00bbac68_1769,12184.359
00bbac68_1770,12184.349
00bbac68_1771,12184.339
00bbac68_1772,12184.328
00bbac68_1773,12184.317
00bbac68_1774,12184.308
00bbac68_1775,12184.297
00bbac68_1776,12184.286
00bbac68_1777,12184.275
00bbac68_1778,12184.265
00bbac68_1779,12184.254
00bbac68_1780,12184.244
00bbac68_1781,12184.233
00bbac68_1782,12184.223
00bbac68_1783,12184.211
00bbac68_1784,12184.2
00bbac68_1785,12184.189
00bbac68_1786,12184.179
00bbac68_1787,12184.168
00bbac68_1788,12184.157
00bbac68_1789,12184.146
00bbac68_1790,12184.136
00bbac68_1791,12184.125
00bbac68_1792,12184.114
00bbac68_1793,12184.104
00bbac68_1794,12184.093
00bbac68_1795,12184.083
00bbac68_1796,12184.072
00bbac68_1797,12184.062
00bbac68_1798,12184.052
00bbac68_1799,12184.041
00bbac68_1800,12184.031
00bbac68_1801,12184.0205
00bbac68_1802,12184.011
00bbac68_1803,12184.001
00bbac68_1804,12183.991
00bbac68_1805,12183.981
00bbac68_1806,12183.972
00bbac68_1807,12183.962
00bbac68_1808,12183.952
00bbac68_1809,12183.942
00bbac68_1810,12183.933
00bbac68_1811,12183.924
00bbac68_1812,12183.915
00bbac68_1813,12183.905
00bbac68_1814,12183.896
00bbac68_1815,12183.888
00bbac68_1816,12183.879
00bbac68_1817,12183.871
00bbac68_1818,12183.862
00bbac68_1819,12183.8545
00bbac68_1820,12183.847
00bbac68_1821,12183.839
00bbac68_1822,12183.831
00bbac68_1823,12183.823
00bbac68_1824,12183.815
00bbac68_1825,12183.809
00bbac68_1826,12183.801
00bbac68_1827,12183.794
00bbac68_1828,12183.787
00bbac68_1829,12183.78
00bbac68_1830,12183.773
00bbac68_1831,12183.768
00bbac68_1832,12183.761
00bbac68_1833,12183.755
00bbac68_1834,12183.748
00bbac68_1835,12183.742
00bbac68_1836,12183.736
00bbac68_1837,12183.73
00bbac68_1838,12183.725
00bbac68_1839,12183.719
00bbac68_1840,12183.713
00bbac68_1841,12183.707
00bbac68_1842,12183.702
00bbac68_1843,12183.696
00bbac68_1844,12183.691
00bbac68_1845,12183.686
00bbac68_1846,12183.681
00bbac68_1847,12183.676
00bbac68_1848,12183.671
00bbac68_1849,12183.666
00bbac68_1850,12183.661
00bbac68_1851,12183.657
00bbac68_1852,12183.652
00bbac68_1853,12183.648
00bbac68_1854,12183.644
00bbac68_1855,12183.64
00bbac68_1856,12183.636
00bbac68_1857,12183.632
00bbac68_1858,12183.628
00bbac68_1859,12183.624
00bbac68_1860,12183.62
00bbac68_1861,12183.617
00bbac68_1862,12183.613
00bbac68_1863,12183.61
00bbac68_1864,12183.606
00bbac68_1865,12183.604
00bbac68_1866,12183.601
00bbac68_1867,12183.598
00bbac68_1868,12183.595
00bbac68_1869,12183.592
00bbac68_1870,12183.59
00bbac68_1871,12183.588
00bbac68_1872,12183.585
00bbac68_1873,12183.583
00bbac68_1874,12183.581
00bbac68_1875,12183.58
00bbac68_1876,12183.578
00bbac68_1877,12183.576
00bbac68_1878,12183.575
00bbac68_1879,12183.573
00bbac68_1880,12183.572
00bbac68_1881,12183.571
00bbac68_1882,12183.569
00bbac68_1883,12183.568
00bbac68_1884,12183.567
00bbac68_1885,12183.566
00bbac68_1886,12183.565
00bbac68_1887,12183.564
00bbac68_1888,12183.563
00bbac68_1889,12183.5625
00bbac68_1890,12183.5625
00bbac68_1891,12183.562
00bbac68_1892,12183.561
00bbac68_1893,12183.56
00bbac68_1894,12183.559
00bbac68_1895,12183.559
00bbac68_1896,12183.558
00bbac68_1897,12183.557
00bbac68_1898,12183.557
00bbac68_1899,12183.556
00bbac68_1900,12183.556
00bbac68_1901,12183.555
00bbac68_1902,12183.555
00bbac68_1903,12183.555
00bbac68_1904,12183.555
00bbac68_1905,12183.555
00bbac68_1906,12183.555
00bbac68_1907,12183.555
00bbac68_1908,12183.555
00bbac68_1909,12183.555
00bbac68_1910,12183.556
00bbac68_1911,12183.556
00bbac68_1912,12183.557
00bbac68_1913,12183.558
00bbac68_1914,12183.558
00bbac68_1915,12183.559
00bbac68_1916,12183.56
00bbac68_1917,12183.561
00bbac68_1918,12183.5625
00bbac68_1919,12183.563
00bbac68_1920,12183.564
00bbac68_1921,12183.566
00bbac68_1922,12183.567
00bbac68_1923,12183.569
00bbac68_1924,12183.57
00bbac68_1925,12183.572
00bbac68_1926,12183.574
00bbac68_1927,12183.576
00bbac68_1928,12183.577
00bbac68_1929,12183.579
00bbac68_1930,12183.581
00bbac68_1931,12183.582
00bbac68_1932,12183.584
00bbac68_1933,12183.585
00bbac68_1934,12183.587
00bbac68_1935,12183.588
00bbac68_1936,12183.59
00bbac68_1937,12183.591
00bbac68_1938,12183.593
00bbac68_1939,12183.594
00bbac68_1940,12183.595
00bbac68_1941,12183.597
00bbac68_1942,12183.598
00bbac68_1943,12183.599
00bbac68_1944,12183.6
00bbac68_1945,12183.601
00bbac68_1946,12183.601
00bbac68_1947,12183.602
00bbac68_1948,12183.602
00bbac68_1949,12183.603
00bbac68_1950,12183.603
00bbac68_1951,12183.604
00bbac68_1952,12183.604
00bbac68_1953,12183.604
00bbac68_1954,12183.604
00bbac68_1955,12183.604
00bbac68_1956,12183.604
00bbac68_1957,12183.604
00bbac68_1958,12183.604
00bbac68_1959,12183.604
00bbac68_1960,12183.604
00bbac68_1961,12183.603
00bbac68_1962,12183.603
00bbac68_1963,12183.602
00bbac68_1964,12183.602
00bbac68_1965,12183.601
00bbac68_1966,12183.6
00bbac68_1967,12183.599
00bbac68_1968,12183.598
00bbac68_1969,12183.597
00bbac68_1970,12183.596
00bbac68_1971,12183.595
00bbac68_1972,12183.593
00bbac68_1973,12183.592
00bbac68_1974,12183.59
00bbac68_1975,12183.589
00bbac68_1976,12183.587
00bbac68_1977,12183.585
00bbac68_1978,12183.583
00bbac68_1979,12183.581
00bbac68_1980,12183.58
00bbac68_1981,12183.578
00bbac68_1982,12183.576
00bbac68_1983,12183.574
00bbac68_1984,12183.572
00bbac68_1985,12183.57
00bbac68_1986,12183.568
00bbac68_1987,12183.566
00bbac68_1988,12183.564
00bbac68_1989,12183.5625
00bbac68_1990,12183.561
00bbac68_1991,12183.558
00bbac68_1992,12183.556
00bbac68_1993,12183.554
00bbac68_1994,12183.552
00bbac68_1995,12183.55
00bbac68_1996,12183.548
00bbac68_1997,12183.546
00bbac68_1998,12183.544
00bbac68_1999,12183.542
00bbac68_2000,12183.539
00bbac68_2001,12183.537
00bbac68_2002,12183.535
00bbac68_2003,12183.533
00bbac68_2004,12183.531
00bbac68_2005,12183.529
00bbac68_2006,12183.527
00bbac68_2007,12183.525
00bbac68_2008,12183.523
00bbac68_2009,12183.521
00bbac68_2010,12183.52
00bbac68_2011,12183.518
00bbac68_2012,12183.517
00bbac68_2013,12183.515
00bbac68_2014,12183.513
00bbac68_2015,12183.512
00bbac68_2016,12183.51
00bbac68_2017,12183.509
00bbac68_2018,12183.507
00bbac68_2019,12183.505
00bbac68_2020,12183.504
00bbac68_2021,12183.502
00bbac68_2022,12183.501
00bbac68_2023,12183.499
00bbac68_2024,12183.497
00bbac68_2025,12183.496
00bbac68_2026,12183.494
00bbac68_2027,12183.492
00bbac68_2028,12183.491
00bbac68_2029,12183.489
00bbac68_2030,12183.487
00bbac68_2031,12183.485
00bbac68_2032,12183.484
00bbac68_2033,12183.482
00bbac68_2034,12183.48
00bbac68_2035,12183.4795
00bbac68_2036,12183.478
00bbac68_2037,12183.476
00bbac68_2038,12183.474
00bbac68_2039,12183.473
00bbac68_2040,12183.471
00bbac68_2041,12183.469
00bbac68_2042,12183.468
00bbac68_2043,12183.466
00bbac68_2044,12183.464
00bbac68_2045,12183.462
00bbac68_2046,12183.461
00bbac68_2047,12183.459
00bbac68_2048,12183.457
00bbac68_2049,12183.455
00bbac68_2050,12183.454
00bbac68_2051,12183.452
00bbac68_2052,12183.45
00bbac68_2053,12183.449
00bbac68_2054,12183.447
00bbac68_2055,12183.446
00bbac68_2056,12183.444
00bbac68_2057,12183.443
00bbac68_2058,12183.441
00bbac68_2059,12183.44
00bbac68_2060,12183.438
00bbac68_2061,12183.4375
00bbac68_2062,12183.436
00bbac68_2063,12183.435
00bbac68_2064,12183.434
00bbac68_2065,12183.432
00bbac68_2066,12183.431
00bbac68_2067,12183.429
00bbac68_2068,12183.428
00bbac68_2069,12183.426
00bbac68_2070,12183.425
00bbac68_2071,12183.423
00bbac68_2072,12183.422
00bbac68_2073,12183.42
00bbac68_2074,12183.419
00bbac68_2075,12183.417
00bbac68_2076,12183.416
00bbac68_2077,12183.414
00bbac68_2078,12183.413
00bbac68_2079,12183.411
00bbac68_2080,12183.409
00bbac68_2081,12183.408
00bbac68_2082,12183.406
00bbac68_2083,12183.404
00bbac68_2084,12183.403
00bbac68_2085,12183.401
00bbac68_2086,12183.399
00bbac68_2087,12183.397
00bbac68_2088,12183.3955
00bbac68_2089,12183.395
00bbac68_2090,12183.393
00bbac68_2091,12183.391
00bbac68_2092,12183.39
00bbac68_2093,12183.388
00bbac68_2094,12183.386
00bbac68_2095,12183.385
00bbac68_2096,12183.384
00bbac68_2097,12183.382
00bbac68_2098,12183.381
00bbac68_2099,12183.38
00bbac68_2100,12183.378
00bbac68_2101,12183.377
00bbac68_2102,12183.376
00bbac68_2103,12183.375
00bbac68_2104,12183.374
00bbac68_2105,12183.373
00bbac68_2106,12183.372
00bbac68_2107,12183.371
00bbac68_2108,12183.37
00bbac68_2109,12183.369
00bbac68_2110,12183.369
00bbac68_2111,12183.368
00bbac68_2112,12183.367
00bbac68_2113,12183.367
00bbac68_2114,12183.367
00bbac68_2115,12183.366
00bbac68_2116,12183.366
00bbac68_2117,12183.365
00bbac68_2118,12183.365
00bbac68_2119,12183.365
00bbac68_2120,12183.365
00bbac68_2121,12183.364
00bbac68_2122,12183.364
00bbac68_2123,12183.364
00bbac68_2124,12183.364
00bbac68_2125,12183.363
00bbac68_2126,12183.363
00bbac68_2127,12183.363
00bbac68_2128,12183.362
00bbac68_2129,12183.362
00bbac68_2130,12183.362
00bbac68_2131,12183.361
00bbac68_2132,12183.361
00bbac68_2133,12183.36
00bbac68_2134,12183.36
00bbac68_2135,12183.359
00bbac68_2136,12183.359
00bbac68_2137,12183.358
00bbac68_2138,12183.357
00bbac68_2139,12183.357
00bbac68_2140,12183.356
00bbac68_2141,12183.355
00bbac68_2142,12183.3545
00bbac68_2143,12183.3545
00bbac68_2144,12183.354
00bbac68_2145,12183.353
00bbac68_2146,12183.353
00bbac68_2147,12183.352
00bbac68_2148,12183.351
00bbac68_2149,12183.351
00bbac68_2150,12183.35
00bbac68_2151,12183.35
00bbac68_2152,12183.349
00bbac68_2153,12183.349
00bbac68_2154,12183.348
00bbac68_2155,12183.348
00bbac68_2156,12183.348
00bbac68_2157,12183.348
00bbac68_2158,12183.347
00bbac68_2159,12183.347
00bbac68_2160,12183.347
00bbac68_2161,12183.347
00bbac68_2162,12183.347
00bbac68_2163,12183.347
00bbac68_2164,12183.348
00bbac68_2165,12183.348
00bbac68_2166,12183.348
00bbac68_2167,12183.349
00bbac68_2168,12183.349
00bbac68_2169,12183.349
00bbac68_2170,12183.35
00bbac68_2171,12183.35
00bbac68_2172,12183.351
00bbac68_2173,12183.351
00bbac68_2174,12183.352
00bbac68_2175,12183.353
00bbac68_2176,12183.353
00bbac68_2177,12183.354
00bbac68_2178,12183.3545
00bbac68_2179,12183.355
00bbac68_2180,12183.356
00bbac68_2181,12183.357
00bbac68_2182,12183.358
00bbac68_2183,12183.359
00bbac68_2184,12183.36
00bbac68_2185,12183.361
00bbac68_2186,12183.362
00bbac68_2187,12183.364
00bbac68_2188,12183.365
00bbac68_2189,12183.366
00bbac68_2190,12183.368
00bbac68_2191,12183.369
00bbac68_2192,12183.371
00bbac68_2193,12183.373
00bbac68_2194,12183.374
00bbac68_2195,12183.376
00bbac68_2196,12183.378
00bbac68_2197,12183.38
00bbac68_2198,12183.383
00bbac68_2199,12183.385
00bbac68_2200,12183.387
00bbac68_2201,12183.39
00bbac68_2202,12183.392
00bbac68_2203,12183.395
00bbac68_2204,12183.396
00bbac68_2205,12183.399
00bbac68_2206,12183.402
00bbac68_2207,12183.405
00bbac68_2208,12183.408
00bbac68_2209,12183.411
00bbac68_2210,12183.415
00bbac68_2211,12183.418
00bbac68_2212,12183.422
00bbac68_2213,12183.426
00bbac68_2214,12183.43
00bbac68_2215,12183.434
00bbac68_2216,12183.4375
00bbac68_2217,12183.441
00bbac68_2218,12183.446
00bbac68_2219,12183.45
00bbac68_2220,12183.455
00bbac68_2221,12183.46
00bbac68_2222,12183.465
00bbac68_2223,12183.47
00bbac68_2224,12183.475
00bbac68_2225,12183.4795
00bbac68_2226,12183.485
00bbac68_2227,12183.49
00bbac68_2228,12183.496
00bbac68_2229,12183.502
00bbac68_2230,12183.508
00bbac68_2231,12183.515
00bbac68_2232,12183.5205
00bbac68_2233,12183.527
00bbac68_2234,12183.533
00bbac68_2235,12183.54
00bbac68_2236,12183.547
00bbac68_2237,12183.554
00bbac68_2238,12183.561
00bbac68_2239,12183.567
00bbac68_2240,12183.574
00bbac68_2241,12183.581
00bbac68_2242,12183.588
00bbac68_2243,12183.595
00bbac68_2244,12183.603
00bbac68_2245,12183.609
00bbac68_2246,12183.616
00bbac68_2247,12183.624
00bbac68_2248,12183.631
00bbac68_2249,12183.638
00bbac68_2250,12183.6455
00bbac68_2251,12183.652
00bbac68_2252,12183.659
00bbac68_2253,12183.667
00bbac68_2254,12183.674
00bbac68_2255,12183.681
00bbac68_2256,12183.688
00bbac68_2257,12183.695
00bbac68_2258,12183.702
00bbac68_2259,12183.709
00bbac68_2260,12183.716
00bbac68_2261,12183.722
00bbac68_2262,12183.729
00bbac68_2263,12183.735
00bbac68_2264,12183.741
00bbac68_2265,12183.748
00bbac68_2266,12183.754
00bbac68_2267,12183.76
00bbac68_2268,12183.766
00bbac68_2269,12183.771
00bbac68_2270,12183.777
00bbac68_2271,12183.783
00bbac68_2272,12183.788
00bbac68_2273,12183.794
00bbac68_2274,12183.799
00bbac68_2275,12183.805
00bbac68_2276,12183.81
00bbac68_2277,12183.814
00bbac68_2278,12183.819
00bbac68_2279,12183.824
00bbac68_2280,12183.829
00bbac68_2281,12183.834
00bbac68_2282,12183.839
00bbac68_2283,12183.844
00bbac68_2284,12183.849
00bbac68_2285,12183.854
00bbac68_2286,12183.858
00bbac68_2287,12183.863
00bbac68_2288,12183.868
00bbac68_2289,12183.872
00bbac68_2290,12183.877
00bbac68_2291,12183.882
00bbac68_2292,12183.886
00bbac68_2293,12183.891
00bbac68_2294,12183.8955
00bbac68_2295,12183.899
00bbac68_2296,12183.904
00bbac68_2297,12183.908
00bbac68_2298,12183.912
00bbac68_2299,12183.917
00bbac68_2300,12183.921
00bbac68_2301,12183.925
00bbac68_2302,12183.929
00bbac68_2303,12183.933
00bbac68_2304,12183.9375
00bbac68_2305,12183.941
00bbac68_2306,12183.945
00bbac68_2307,12183.949
00bbac68_2308,12183.953
00bbac68_2309,12183.957
00bbac68_2310,12183.961
00bbac68_2311,12183.966
00bbac68_2312,12183.97
00bbac68_2313,12183.974
00bbac68_2314,12183.978
00bbac68_2315,12183.982
00bbac68_2316,12183.986
00bbac68_2317,12183.99
00bbac68_2318,12183.994
00bbac68_2319,12183.998
00bbac68_2320,12184.003
00bbac68_2321,12184.007
00bbac68_2322,12184.01
00bbac68_2323,12184.014
00bbac68_2324,12184.018
00bbac68_2325,12184.021
00bbac68_2326,12184.026
00bbac68_2327,12184.03
00bbac68_2328,12184.034
00bbac68_2329,12184.038
00bbac68_2330,12184.043
00bbac68_2331,12184.047
00bbac68_2332,12184.052
00bbac68_2333,12184.056
00bbac68_2334,12184.061
00bbac68_2335,12184.065
00bbac68_2336,12184.07
00bbac68_2337,12184.075
00bbac68_2338,12184.08
00bbac68_2339,12184.086
00bbac68_2340,12184.091
00bbac68_2341,12184.096
00bbac68_2342,12184.102
00bbac68_2343,12184.107
00bbac68_2344,12184.113
00bbac68_2345,12184.118
00bbac68_2346,12184.124
00bbac68_2347,12184.13
00bbac68_2348,12184.136
00bbac68_2349,12184.143
00bbac68_2350,12184.148
00bbac68_2351,12184.155
00bbac68_2352,12184.161
00bbac68_2353,12184.168
00bbac68_2354,12184.175
00bbac68_2355,12184.182
00bbac68_2356,12184.188
00bbac68_2357,12184.195
00bbac68_2358,12184.203
00bbac68_2359,12184.21
00bbac68_2360,12184.218
00bbac68_2361,12184.225
00bbac68_2362,12184.232
00bbac68_2363,12184.24
00bbac68_2364,12184.248
00bbac68_2365,12184.255
00bbac68_2366,12184.263
00bbac68_2367,12184.2705
00bbac68_2368,12184.278
00bbac68_2369,12184.287
00bbac68_2370,12184.295
00bbac68_2371,12184.304
00bbac68_2372,12184.312
00bbac68_2373,12184.32
00bbac68_2374,12184.329
00bbac68_2375,12184.339
00bbac68_2376,12184.348
00bbac68_2377,12184.357
00bbac68_2378,12184.367
00bbac68_2379,12184.378
00bbac68_2380,12184.388
00bbac68_2381,12184.398
00bbac68_2382,12184.409
00bbac68_2383,12184.42
00bbac68_2384,12184.432
00bbac68_2385,12184.443
00bbac68_2386,12184.455
00bbac68_2387,12184.467
00bbac68_2388,12184.4795
00bbac68_2389,12184.492
00bbac68_2390,12184.505
00bbac68_2391,12184.518
00bbac68_2392,12184.531
00bbac68_2393,12184.545
00bbac68_2394,12184.559
00bbac68_2395,12184.573
00bbac68_2396,12184.588
00bbac68_2397,12184.603
00bbac68_2398,12184.617
00bbac68_2399,12184.633
00bbac68_2400,12184.648
00bbac68_2401,12184.664
00bbac68_2402,12184.681
00bbac68_2403,12184.697
00bbac68_2404,12184.714
00bbac68_2405,12184.73
00bbac68_2406,12184.748
00bbac68_2407,12184.766
00bbac68_2408,12184.783
00bbac68_2409,12184.801
00bbac68_2410,12184.819
00bbac68_2411,12184.838
00bbac68_2412,12184.856
00bbac68_2413,12184.875
00bbac68_2414,12184.894
00bbac68_2415,12184.912
00bbac68_2416,12184.932
00bbac68_2417,12184.951
00bbac68_2418,12184.971
00bbac68_2419,12184.99
00bbac68_2420,12185.011
00bbac68_2421,12185.03
00bbac68_2422,12185.051
00bbac68_2423,12185.071
00bbac68_2424,12185.092
00bbac68_2425,12185.112
00bbac68_2426,12185.133
00bbac68_2427,12185.153
00bbac68_2428,12185.175
00bbac68_2429,12185.195
00bbac68_2430,12185.217
00bbac68_2431,12185.237
00bbac68_2432,12185.258
00bbac68_2433,12185.279
00bbac68_2434,12185.3
00bbac68_2435,12185.321
00bbac68_2436,12185.342
00bbac68_2437,12185.363
00bbac68_2438,12185.385
00bbac68_2439,12185.405
00bbac68_2440,12185.427
00bbac68_2441,12185.447
00bbac68_2442,12185.469
00bbac68_2443,12185.489
00bbac68_2444,12185.51
00bbac68_2445,12185.531
00bbac68_2446,12185.552
00bbac68_2447,12185.572
00bbac68_2448,12185.593
00bbac68_2449,12185.613
00bbac68_2450,12185.634
00bbac68_2451,12185.654
00bbac68_2452,12185.675
00bbac68_2453,12185.694
00bbac68_2454,12185.715
00bbac68_2455,12185.734
00bbac68_2456,12185.754
00bbac68_2457,12185.774
00bbac68_2458,12185.794
00bbac68_2459,12185.813
00bbac68_2460,12185.832
00bbac68_2461,12185.852
00bbac68_2462,12185.87
00bbac68_2463,12185.89
00bbac68_2464,12185.908
00bbac68_2465,12185.927
00bbac68_2466,12185.944
00bbac68_2467,12185.963
00bbac68_2468,12185.98
00bbac68_2469,12185.999
00bbac68_2470,12186.017
00bbac68_2471,12186.033
00bbac68_2472,12186.051
00bbac68_2473,12186.068
00bbac68_2474,12186.085
00bbac68_2475,12186.102
00bbac68_2476,12186.118
00bbac68_2477,12186.134
00bbac68_2478,12186.15
00bbac68_2479,12186.166
00bbac68_2480,12186.182
00bbac68_2481,12186.197
00bbac68_2482,12186.212
00bbac68_2483,12186.227
00bbac68_2484,12186.241
00bbac68_2485,12186.256
00bbac68_2486,12186.2705
00bbac68_2487,12186.284
00bbac68_2488,12186.297
00bbac68_2489,12186.311
00bbac68_2490,12186.323
00bbac68_2491,12186.336
00bbac68_2492,12186.349
00bbac68_2493,12186.36
00bbac68_2494,12186.373
00bbac68_2495,12186.385
00bbac68_2496,12186.3955
00bbac68_2497,12186.407
00bbac68_2498,12186.418
00bbac68_2499,12186.429
00bbac68_2500,12186.439
00bbac68_2501,12186.449
00bbac68_2502,12186.46
00bbac68_2503,12186.47
00bbac68_2504,12186.479
00bbac68_2505,12186.488
00bbac68_2506,12186.497
00bbac68_2507,12186.507
00bbac68_2508,12186.515
00bbac68_2509,12186.523
00bbac68_2510,12186.531
00bbac68_2511,12186.539
00bbac68_2512,12186.547
00bbac68_2513,12186.554
00bbac68_2514,12186.561
00bbac68_2515,12186.567
00bbac68_2516,12186.573
00bbac68_2517,12186.579
00bbac68_2518,12186.585
00bbac68_2519,12186.59
00bbac68_2520,12186.596
00bbac68_2521,12186.601
00bbac68_2522,12186.605
00bbac68_2523,12186.61
00bbac68_2524,12186.615
00bbac68_2525,12186.62
00bbac68_2526,12186.625
00bbac68_2527,12186.629
00bbac68_2528,12186.633
00bbac68_2529,12186.637
00bbac68_2530,12186.641
00bbac68_2531,12186.644
00bbac68_2532,12186.647
00bbac68_2533,12186.65
00bbac68_2534,12186.652
00bbac68_2535,12186.655
00bbac68_2536,12186.657
00bbac68_2537,12186.66
00bbac68_2538,12186.661
00bbac68_2539,12186.663
00bbac68_2540,12186.665
00bbac68_2541,12186.666
00bbac68_2542,12186.668
00bbac68_2543,12186.669
00bbac68_2544,12186.671
00bbac68_2545,12186.672
00bbac68_2546,12186.673
00bbac68_2547,12186.674
00bbac68_2548,12186.676
00bbac68_2549,12186.677
00bbac68_2550,12186.678
00bbac68_2551,12186.679
00bbac68_2552,12186.68
00bbac68_2553,12186.681
00bbac68_2554,12186.681
00bbac68_2555,12186.682
00bbac68_2556,12186.683
00bbac68_2557,12186.683
00bbac68_2558,12186.684
00bbac68_2559,12186.684
00bbac68_2560,12186.684
00bbac68_2561,12186.685
00bbac68_2562,12186.685
00bbac68_2563,12186.685
00bbac68_2564,12186.685
00bbac68_2565,12186.684
00bbac68_2566,12186.684
00bbac68_2567,12186.684
00bbac68_2568,12186.684
00bbac68_2569,12186.684
00bbac68_2570,12186.684
00bbac68_2571,12186.684
00bbac68_2572,12186.684
00bbac68_2573,12186.684
00bbac68_2574,12186.684
00bbac68_2575,12186.684
00bbac68_2576,12186.684
00bbac68_2577,12186.684
00bbac68_2578,12186.684
00bbac68_2579,12186.684
00bbac68_2580,12186.684
00bbac68_2581,12186.685
00bbac68_2582,12186.685
00bbac68_2583,12186.685
00bbac68_2584,12186.686
00bbac68_2585,12186.687
00bbac68_2586,12186.6875
00bbac68_2587,12186.6875
00bbac68_2588,12186.689
00bbac68_2589,12186.69
00bbac68_2590,12186.691
00bbac68_2591,12186.692
00bbac68_2592,12186.694
00bbac68_2593,12186.695
00bbac68_2594,12186.697
00bbac68_2595,12186.699
00bbac68_2596,12186.701
00bbac68_2597,12186.703
00bbac68_2598,12186.705
00bbac68_2599,12186.708
00bbac68_2600,12186.71
00bbac68_2601,12186.713
00bbac68_2602,12186.716
00bbac68_2603,12186.718
00bbac68_2604,12186.721
00bbac68_2605,12186.724
00bbac68_2606,12186.727
00bbac68_2607,12186.7295
00bbac68_2608,12186.732
00bbac68_2609,12186.736
00bbac68_2610,12186.739
00bbac68_2611,12186.743
00bbac68_2612,12186.747
00bbac68_2613,12186.751
00bbac68_2614,12186.755
00bbac68_2615,12186.759
00bbac68_2616,12186.763
00bbac68_2617,12186.768
00bbac68_2618,12186.772
00bbac68_2619,12186.776
00bbac68_2620,12186.781
00bbac68_2621,12186.786
00bbac68_2622,12186.792
00bbac68_2623,12186.797
00bbac68_2624,12186.802
00bbac68_2625,12186.808
00bbac68_2626,12186.8125
00bbac68_2627,12186.818
00bbac68_2628,12186.824
00bbac68_2629,12186.83
00bbac68_2630,12186.836
00bbac68_2631,12186.842
00bbac68_2632,12186.848
00bbac68_2633,12186.854
00bbac68_2634,12186.859
00bbac68_2635,12186.866
00bbac68_2636,12186.872
00bbac68_2637,12186.879
00bbac68_2638,12186.885
00bbac68_2639,12186.892
00bbac68_2640,12186.898
00bbac68_2641,12186.905
00bbac68_2642,12186.912
00bbac68_2643,12186.919
00bbac68_2644,12186.926
00bbac68_2645,12186.933
00bbac68_2646,12186.939
00bbac68_2647,12186.946
00bbac68_2648,12186.954
00bbac68_2649,12186.961
00bbac68_2650,12186.969
00bbac68_2651,12186.976
00bbac68_2652,12186.983
00bbac68_2653,12186.991
00bbac68_2654,12186.998
00bbac68_2655,12187.006
00bbac68_2656,12187.014
00bbac68_2657,12187.0205
00bbac68_2658,12187.028
00bbac68_2659,12187.036
00bbac68_2660,12187.044
00bbac68_2661,12187.051
00bbac68_2662,12187.059
00bbac68_2663,12187.066
00bbac68_2664,12187.074
00bbac68_2665,12187.081
00bbac68_2666,12187.089
00bbac68_2667,12187.096
00bbac68_2668,12187.104
00bbac68_2669,12187.111
00bbac68_2670,12187.118
00bbac68_2671,12187.126
00bbac68_2672,12187.133
00bbac68_2673,12187.141
00bbac68_2674,12187.147
00bbac68_2675,12187.155
00bbac68_2676,12187.162
00bbac68_2677,12187.169
00bbac68_2678,12187.176
00bbac68_2679,12187.183
00bbac68_2680,12187.189
00bbac68_2681,12187.196
00bbac68_2682,12187.203
00bbac68_2683,12187.209
00bbac68_2684,12187.216
00bbac68_2685,12187.223
00bbac68_2686,12187.229
00bbac68_2687,12187.234
00bbac68_2688,12187.24
00bbac68_2689,12187.246
00bbac68_2690,12187.252
00bbac68_2691,12187.258
00bbac68_2692,12187.264
00bbac68_2693,12187.27
00bbac68_2694,12187.274
00bbac68_2695,12187.279
00bbac68_2696,12187.284
00bbac68_2697,12187.289
00bbac68_2698,12187.294
00bbac68_2699,12187.299
00bbac68_2700,12187.304
00bbac68_2701,12187.309
00bbac68_2702,12187.3125
00bbac68_2703,12187.317
00bbac68_2704,12187.322
00bbac68_2705,12187.326
00bbac68_2706,12187.33
00bbac68_2707,12187.335
00bbac68_2708,12187.339
00bbac68_2709,12187.343
00bbac68_2710,12187.347
00bbac68_2711,12187.351
00bbac68_2712,12187.3545
00bbac68_2713,12187.358
00bbac68_2714,12187.362
00bbac68_2715,12187.366
00bbac68_2716,12187.37
00bbac68_2717,12187.374
00bbac68_2718,12187.378
00bbac68_2719,12187.382
00bbac68_2720,12187.386
00bbac68_2721,12187.39
00bbac68_2722,12187.395
00bbac68_2723,12187.398
00bbac68_2724,12187.402
00bbac68_2725,12187.406
00bbac68_2726,12187.41
00bbac68_2727,12187.415
00bbac68_2728,12187.419
00bbac68_2729,12187.423
00bbac68_2730,12187.427
00bbac68_2731,12187.431
00bbac68_2732,12187.436
00bbac68_2733,12187.439
00bbac68_2734,12187.444
00bbac68_2735,12187.448
00bbac68_2736,12187.452
00bbac68_2737,12187.457
00bbac68_2738,12187.461
00bbac68_2739,12187.466
00bbac68_2740,12187.471
00bbac68_2741,12187.475
00bbac68_2742,12187.4795
00bbac68_2743,12187.483
00bbac68_2744,12187.488
00bbac68_2745,12187.492
00bbac68_2746,12187.497
00bbac68_2747,12187.502
00bbac68_2748,12187.506
00bbac68_2749,12187.51
00bbac68_2750,12187.515
00bbac68_2751,12187.519
00bbac68_2752,12187.522
00bbac68_2753,12187.526
00bbac68_2754,12187.53
00bbac68_2755,12187.534
00bbac68_2756,12187.538
00bbac68_2757,12187.542
00bbac68_2758,12187.545
00bbac68_2759,12187.549
00bbac68_2760,12187.552
00bbac68_2761,12187.556
00bbac68_2762,12187.559
00bbac68_2763,12187.562
00bbac68_2764,12187.564
00bbac68_2765,12187.568
00bbac68_2766,12187.571
00bbac68_2767,12187.574
00bbac68_2768,12187.577
00bbac68_2769,12187.58
00bbac68_2770,12187.583
00bbac68_2771,12187.586
00bbac68_2772,12187.588
00bbac68_2773,12187.591
00bbac68_2774,12187.594
00bbac68_2775,12187.596
00bbac68_2776,12187.598
00bbac68_2777,12187.6
00bbac68_2778,12187.602
00bbac68_2779,12187.604
00bbac68_2780,12187.605
00bbac68_2781,12187.606
00bbac68_2782,12187.608
00bbac68_2783,12187.609
00bbac68_2784,12187.61
00bbac68_2785,12187.611
00bbac68_2786,12187.612
00bbac68_2787,12187.612
00bbac68_2788,12187.612
00bbac68_2789,12187.613
00bbac68_2790,12187.613
00bbac68_2791,12187.612
00bbac68_2792,12187.612
00bbac68_2793,12187.611
00bbac68_2794,12187.61
00bbac68_2795,12187.609
00bbac68_2796,12187.608
00bbac68_2797,12187.606
00bbac68_2798,12187.6045
00bbac68_2799,12187.603
00bbac68_2800,12187.601
00bbac68_2801,12187.598
00bbac68_2802,12187.595
00bbac68_2803,12187.592
00bbac68_2804,12187.588
00bbac68_2805,12187.585
00bbac68_2806,12187.581
00bbac68_2807,12187.576
00bbac68_2808,12187.572
00bbac68_2809,12187.567
00bbac68_2810,12187.5625
00bbac68_2811,12187.558
00bbac68_2812,12187.553
00bbac68_2813,12187.547
00bbac68_2814,12187.542
00bbac68_2815,12187.536
00bbac68_2816,12187.53
00bbac68_2817,12187.523
00bbac68_2818,12187.517
00bbac68_2819,12187.51
00bbac68_2820,12187.503
00bbac68_2821,12187.495
00bbac68_2822,12187.487
00bbac68_2823,12187.4795
00bbac68_2824,12187.472
00bbac68_2825,12187.463
00bbac68_2826,12187.454
00bbac68_2827,12187.445
00bbac68_2828,12187.437
00bbac68_2829,12187.427
00bbac68_2830,12187.417
00bbac68_2831,12187.407
00bbac68_2832,12187.396
00bbac68_2833,12187.386
00bbac68_2834,12187.375
00bbac68_2835,12187.363
00bbac68_2836,12187.352
00bbac68_2837,12187.339
00bbac68_2838,12187.327
00bbac68_2839,12187.313
00bbac68_2840,12187.301
00bbac68_2841,12187.287
00bbac68_2842,12187.273
00bbac68_2843,12187.26
00bbac68_2844,12187.245
00bbac68_2845,12187.23
00bbac68_2846,12187.215
00bbac68_2847,12187.199
00bbac68_2848,12187.184
00bbac68_2849,12187.167
00bbac68_2850,12187.15
00bbac68_2851,12187.134
00bbac68_2852,12187.116
00bbac68_2853,12187.099
00bbac68_2854,12187.08
00bbac68_2855,12187.0625
00bbac68_2856,12187.043
00bbac68_2857,12187.024
00bbac68_2858,12187.005
00bbac68_2859,12186.985
00bbac68_2860,12186.965
00bbac68_2861,12186.944
00bbac68_2862,12186.924
00bbac68_2863,12186.902
00bbac68_2864,12186.881
00bbac68_2865,12186.859
00bbac68_2866,12186.837
00bbac68_2867,12186.814
00bbac68_2868,12186.792
00bbac68_2869,12186.769
00bbac68_2870,12186.745
00bbac68_2871,12186.722
00bbac68_2872,12186.697
00bbac68_2873,12186.673
00bbac68_2874,12186.648
00bbac68_2875,12186.624
00bbac68_2876,12186.6
00bbac68_2877,12186.574
00bbac68_2878,12186.549
00bbac68_2879,12186.522
00bbac68_2880,12186.497
00bbac68_2881,12186.471
00bbac68_2882,12186.444
00bbac68_2883,12186.418
00bbac68_2884,12186.391
00bbac68_2885,12186.364
00bbac68_2886,12186.337
00bbac68_2887,12186.31
00bbac68_2888,12186.282
00bbac68_2889,12186.255
00bbac68_2890,12186.228
00bbac68_2891,12186.2
00bbac68_2892,12186.172
00bbac68_2893,12186.145
00bbac68_2894,12186.116
00bbac68_2895,12186.089
00bbac68_2896,12186.061
00bbac68_2897,12186.032
00bbac68_2898,12186.005
00bbac68_2899,12185.977
00bbac68_2900,12185.948
00bbac68_2901,12185.92
00bbac68_2902,12185.892
00bbac68_2903,12185.863
00bbac68_2904,12185.835
00bbac68_2905,12185.807
00bbac68_2906,12185.777
00bbac68_2907,12185.749
00bbac68_2908,12185.721
00bbac68_2909,12185.692
00bbac68_2910,12185.663
00bbac68_2911,12185.635
00bbac68_2912,12185.606
00bbac68_2913,12185.578
00bbac68_2914,12185.55
00bbac68_2915,12185.521
00bbac68_2916,12185.493
00bbac68_2917,12185.465
00bbac68_2918,12185.437
00bbac68_2919,12185.408
00bbac68_2920,12185.381
00bbac68_2921,12185.353
00bbac68_2922,12185.324
00bbac68_2923,12185.297
00bbac68_2924,12185.27
00bbac68_2925,12185.242
00bbac68_2926,12185.215
00bbac68_2927,12185.1875
00bbac68_2928,12185.16
00bbac68_2929,12185.134
00bbac68_2930,12185.107
00bbac68_2931,12185.081
00bbac68_2932,12185.055
00bbac68_2933,12185.028
00bbac68_2934,12185.002
00bbac68_2935,12184.977
00bbac68_2936,12184.951
00bbac68_2937,12184.927
00bbac68_2938,12184.901
00bbac68_2939,12184.877
00bbac68_2940,12184.853
00bbac68_2941,12184.828
00bbac68_2942,12184.805
00bbac68_2943,12184.781
00bbac68_2944,12184.759
00bbac68_2945,12184.735
00bbac68_2946,12184.714
00bbac68_2947,12184.691
00bbac68_2948,12184.67
00bbac68_2949,12184.647
00bbac68_2950,12184.627
00bbac68_2951,12184.605
00bbac68_2952,12184.585
00bbac68_2953,12184.564
00bbac68_2954,12184.544
00bbac68_2955,12184.524
00bbac68_2956,12184.505
00bbac68_2957,12184.485
00bbac68_2958,12184.467
00bbac68_2959,12184.448
00bbac68_2960,12184.43
00bbac68_2961,12184.412
00bbac68_2962,12184.394
00bbac68_2963,12184.376
00bbac68_2964,12184.359
00bbac68_2965,12184.342
00bbac68_2966,12184.325
00bbac68_2967,12184.309
00bbac68_2968,12184.293
00bbac68_2969,12184.276
00bbac68_2970,12184.261
00bbac68_2971,12184.246
00bbac68_2972,12184.23
00bbac68_2973,12184.216
00bbac68_2974,12184.201
00bbac68_2975,12184.187
00bbac68_2976,12184.173
00bbac68_2977,12184.159
00bbac68_2978,12184.1455
00bbac68_2979,12184.133
00bbac68_2980,12184.12
00bbac68_2981,12184.108
00bbac68_2982,12184.096
00bbac68_2983,12184.085
00bbac68_2984,12184.073
00bbac68_2985,12184.0625
00bbac68_2986,12184.052
00bbac68_2987,12184.042
00bbac68_2988,12184.032
00bbac68_2989,12184.022
00bbac68_2990,12184.014
00bbac68_2991,12184.005
00bbac68_2992,12183.996
00bbac68_2993,12183.988
00bbac68_2994,12183.9795
00bbac68_2995,12183.972
00bbac68_2996,12183.964
00bbac68_2997,12183.957
00bbac68_2998,12183.95
00bbac68_2999,12183.943
00bbac68_3000,12183.937
00bbac68_3001,12183.93
00bbac68_3002,12183.923
00bbac68_3003,12183.917
00bbac68_3004,12183.91
00bbac68_3005,12183.903
00bbac68_3006,12183.897
00bbac68_3007,12183.891
00bbac68_3008,12183.885
00bbac68_3009,12183.878
00bbac68_3010,12183.872
00bbac68_3011,12183.865
00bbac68_3012,12183.859
00bbac68_3013,12183.853
00bbac68_3014,12183.847
00bbac68_3015,12183.84
00bbac68_3016,12183.834
00bbac68_3017,12183.827
00bbac68_3018,12183.821
00bbac68_3019,12183.814
00bbac68_3020,12183.808
00bbac68_3021,12183.801
00bbac68_3022,12183.794
00bbac68_3023,12183.787
00bbac68_3024,12183.779
00bbac68_3025,12183.772
00bbac68_3026,12183.765
00bbac68_3027,12183.757
00bbac68_3028,12183.749
00bbac68_3029,12183.741
00bbac68_3030,12183.732
00bbac68_3031,12183.724
00bbac68_3032,12183.715
00bbac68_3033,12183.706
00bbac68_3034,12183.696
00bbac68_3035,12183.6875
00bbac68_3036,12183.678
00bbac68_3037,12183.668
00bbac68_3038,12183.658
00bbac68_3039,12183.648
00bbac68_3040,12183.639
00bbac68_3041,12183.629
00bbac68_3042,12183.619
00bbac68_3043,12183.609
00bbac68_3044,12183.599
00bbac68_3045,12183.589
00bbac68_3046,12183.579
00bbac68_3047,12183.569
00bbac68_3048,12183.56
00bbac68_3049,12183.549
00bbac68_3050,12183.539
00bbac68_3051,12183.529
00bbac68_3052,12183.52
00bbac68_3053,12183.511
00bbac68_3054,12183.501
00bbac68_3055,12183.491
00bbac68_3056,12183.482
00bbac68_3057,12183.473
00bbac68_3058,12183.464
00bbac68_3059,12183.455
00bbac68_3060,12183.446
00bbac68_3061,12183.438
00bbac68_3062,12183.43
00bbac68_3063,12183.421
00bbac68_3064,12183.413
00bbac68_3065,12183.405
00bbac68_3066,12183.397
00bbac68_3067,12183.39
00bbac68_3068,12183.382
00bbac68_3069,12183.375
00bbac68_3070,12183.368
00bbac68_3071,12183.36
00bbac68_3072,12183.3545
00bbac68_3073,12183.348
00bbac68_3074,12183.341
00bbac68_3075,12183.335
00bbac68_3076,12183.329
00bbac68_3077,12183.323
00bbac68_3078,12183.317
00bbac68_3079,12183.312
00bbac68_3080,12183.307
00bbac68_3081,12183.302
00bbac68_3082,12183.297
00bbac68_3083,12183.293
00bbac68_3084,12183.288
00bbac68_3085,12183.284
00bbac68_3086,12183.28
00bbac68_3087,12183.277
00bbac68_3088,12183.273
00bbac68_3089,12183.2705
00bbac68_3090,12183.269
00bbac68_3091,12183.266
00bbac68_3092,12183.264
00bbac68_3093,12183.262
00bbac68_3094,12183.261
00bbac68_3095,12183.26
00bbac68_3096,12183.259
00bbac68_3097,12183.258
00bbac68_3098,12183.258
00bbac68_3099,12183.258
00bbac68_3100,12183.259
00bbac68_3101,12183.26
00bbac68_3102,12183.261
00bbac68_3103,12183.263
00bbac68_3104,12183.265
00bbac68_3105,12183.267
00bbac68_3106,12183.27
00bbac68_3107,12183.273
00bbac68_3108,12183.277
00bbac68_3109,12183.281
00bbac68_3110,12183.286
00bbac68_3111,12183.291
00bbac68_3112,12183.297
00bbac68_3113,12183.303
00bbac68_3114,12183.31
00bbac68_3115,12183.316
00bbac68_3116,12183.324
00bbac68_3117,12183.332
00bbac68_3118,12183.34
00bbac68_3119,12183.349
00bbac68_3120,12183.358
00bbac68_3121,12183.368
00bbac68_3122,12183.378
00bbac68_3123,12183.389
00bbac68_3124,12183.4
00bbac68_3125,12183.412
00bbac68_3126,12183.424
00bbac68_3127,12183.436
00bbac68_3128,12183.448
00bbac68_3129,12183.462
00bbac68_3130,12183.476
00bbac68_3131,12183.489
00bbac68_3132,12183.504
00bbac68_3133,12183.519
00bbac68_3134,12183.533
00bbac68_3135,12183.549
00bbac68_3136,12183.565
00bbac68_3137,12183.582
00bbac68_3138,12183.599
00bbac68_3139,12183.616
00bbac68_3140,12183.634
00bbac68_3141,12183.651
00bbac68_3142,12183.67
00bbac68_3143,12183.688
00bbac68_3144,12183.707
00bbac68_3145,12183.726
00bbac68_3146,12183.745
00bbac68_3147,12183.765
00bbac68_3148,12183.784
00bbac68_3149,12183.805
00bbac68_3150,12183.825
00bbac68_3151,12183.846
00bbac68_3152,12183.866
00bbac68_3153,12183.888
00bbac68_3154,12183.909
00bbac68_3155,12183.931
00bbac68_3156,12183.953
00bbac68_3157,12183.975
00bbac68_3158,12183.997
00bbac68_3159,12184.02
00bbac68_3160,12184.043
00bbac68_3161,12184.065
00bbac68_3162,12184.089
00bbac68_3163,12184.112
00bbac68_3164,12184.136
00bbac68_3165,12184.16
00bbac68_3166,12184.184
00bbac68_3167,12184.208
00bbac68_3168,12184.231
00bbac68_3169,12184.256
00bbac68_3170,12184.28
00bbac68_3171,12184.305
00bbac68_3172,12184.33
00bbac68_3173,12184.3545
00bbac68_3174,12184.379
00bbac68_3175,12184.404
00bbac68_3176,12184.429
00bbac68_3177,12184.454
00bbac68_3178,12184.479
00bbac68_3179,12184.504
00bbac68_3180,12184.528
00bbac68_3181,12184.553
00bbac68_3182,12184.577
00bbac68_3183,12184.602
00bbac68_3184,12184.626
00bbac68_3185,12184.649
00bbac68_3186,12184.674
00bbac68_3187,12184.696
00bbac68_3188,12184.72
00bbac68_3189,12184.742
00bbac68_3190,12184.765
00bbac68_3191,12184.786
00bbac68_3192,12184.808
00bbac68_3193,12184.829
00bbac68_3194,12184.85
00bbac68_3195,12184.869
00bbac68_3196,12184.89
00bbac68_3197,12184.908
00bbac68_3198,12184.927
00bbac68_3199,12184.944
00bbac68_3200,12184.962
00bbac68_3201,12184.9795
00bbac68_3202,12184.995
00bbac68_3203,12185.012
00bbac68_3204,12185.027
00bbac68_3205,12185.042
00bbac68_3206,12185.057
00bbac68_3207,12185.071
00bbac68_3208,12185.085
00bbac68_3209,12185.099
00bbac68_3210,12185.111
00bbac68_3211,12185.124
00bbac68_3212,12185.136
00bbac68_3213,12185.147
00bbac68_3214,12185.158
00bbac68_3215,12185.169
00bbac68_3216,12185.179
00bbac68_3217,12185.1875
00bbac68_3218,12185.196
00bbac68_3219,12185.204
00bbac68_3220,12185.211
00bbac68_3221,12185.218
00bbac68_3222,12185.225
00bbac68_3223,12185.23
00bbac68_3224,12185.235
00bbac68_3225,12185.24
00bbac68_3226,12185.244
00bbac68_3227,12185.248
00bbac68_3228,12185.251
00bbac68_3229,12185.253
00bbac68_3230,12185.255
00bbac68_3231,12185.257
00bbac68_3232,12185.258
00bbac68_3233,12185.259
00bbac68_3234,12185.259
00bbac68_3235,12185.259
00bbac68_3236,12185.258
00bbac68_3237,12185.256
00bbac68_3238,12185.254
00bbac68_3239,12185.251
00bbac68_3240,12185.247
00bbac68_3241,12185.243
00bbac68_3242,12185.238
00bbac68_3243,12185.233
00bbac68_3244,12185.227
00bbac68_3245,12185.221
00bbac68_3246,12185.213
00bbac68_3247,12185.205
00bbac68_3248,12185.196
00bbac68_3249,12185.187
00bbac68_3250,12185.177
00bbac68_3251,12185.166
00bbac68_3252,12185.155
00bbac68_3253,12185.144
00bbac68_3254,12185.131
00bbac68_3255,12185.118
00bbac68_3256,12185.1045
00bbac68_3257,12185.09
00bbac68_3258,12185.075
00bbac68_3259,12185.06
00bbac68_3260,12185.044
00bbac68_3261,12185.027
00bbac68_3262,12185.011
00bbac68_3263,12184.993
00bbac68_3264,12184.975
00bbac68_3265,12184.956
00bbac68_3266,12184.9375
00bbac68_3267,12184.917
00bbac68_3268,12184.897
00bbac68_3269,12184.877
00bbac68_3270,12184.855
00bbac68_3271,12184.834
00bbac68_3272,12184.8125
00bbac68_3273,12184.79
00bbac68_3274,12184.768
00bbac68_3275,12184.744
00bbac68_3276,12184.721
00bbac68_3277,12184.697
00bbac68_3278,12184.674
00bbac68_3279,12184.649
00bbac68_3280,12184.625
00bbac68_3281,12184.602
00bbac68_3282,12184.577
00bbac68_3283,12184.553
00bbac68_3284,12184.528
00bbac68_3285,12184.504
00bbac68_3286,12184.4795
00bbac68_3287,12184.454
00bbac68_3288,12184.43
00bbac68_3289,12184.405
00bbac68_3290,12184.381
00bbac68_3291,12184.356
00bbac68_3292,12184.331
00bbac68_3293,12184.307
00bbac68_3294,12184.282
00bbac68_3295,12184.258
00bbac68_3296,12184.233
00bbac68_3297,12184.208
00bbac68_3298,12184.184
00bbac68_3299,12184.159
00bbac68_3300,12184.135
00bbac68_3301,12184.111
00bbac68_3302,12184.087
00bbac68_3303,12184.0625
00bbac68_3304,12184.038
00bbac68_3305,12184.015
00bbac68_3306,12183.99
00bbac68_3307,12183.967
00bbac68_3308,12183.943
00bbac68_3309,12183.919
00bbac68_3310,12183.8955
00bbac68_3311,12183.873
00bbac68_3312,12183.85
00bbac68_3313,12183.827
00bbac68_3314,12183.804
00bbac68_3315,12183.781
00bbac68_3316,12183.759
00bbac68_3317,12183.737
00bbac68_3318,12183.715
00bbac68_3319,12183.693
00bbac68_3320,12183.672
00bbac68_3321,12183.65
00bbac68_3322,12183.629
00bbac68_3323,12183.608
00bbac68_3324,12183.587
00bbac68_3325,12183.566
00bbac68_3326,12183.547
00bbac68_3327,12183.526
00bbac68_3328,12183.507
00bbac68_3329,12183.488
00bbac68_3330,12183.469
00bbac68_3331,12183.45
00bbac68_3332,12183.432
00bbac68_3333,12183.414
00bbac68_3334,12183.396
00bbac68_3335,12183.379
00bbac68_3336,12183.362
00bbac68_3337,12183.346
00bbac68_3338,12183.329
00bbac68_3339,12183.313
00bbac68_3340,12183.298
00bbac68_3341,12183.283
00bbac68_3342,12183.269
00bbac68_3343,12183.254
00bbac68_3344,12183.24
00bbac68_3345,12183.227
00bbac68_3346,12183.214
00bbac68_3347,12183.201
00bbac68_3348,12183.188
00bbac68_3349,12183.177
00bbac68_3350,12183.166
00bbac68_3351,12183.155
00bbac68_3352,12183.145
00bbac68_3353,12183.135
00bbac68_3354,12183.125
00bbac68_3355,12183.115
00bbac68_3356,12183.106
00bbac68_3357,12183.099
00bbac68_3358,12183.091
00bbac68_3359,12183.083
00bbac68_3360,12183.076
00bbac68_3361,12183.069
00bbac68_3362,12183.063
00bbac68_3363,12183.058
00bbac68_3364,12183.052
00bbac68_3365,12183.047
00bbac68_3366,12183.043
00bbac68_3367,12183.038
00bbac68_3368,12183.034
00bbac68_3369,12183.031
00bbac68_3370,12183.028
00bbac68_3371,12183.025
00bbac68_3372,12183.023
00bbac68_3373,12183.021
00bbac68_3374,12183.0205
00bbac68_3375,12183.019
00bbac68_3376,12183.018
00bbac68_3377,12183.018
00bbac68_3378,12183.018
00bbac68_3379,12183.018
00bbac68_3380,12183.019
00bbac68_3381,12183.02
00bbac68_3382,12183.0205
00bbac68_3383,12183.022
00bbac68_3384,12183.024
00bbac68_3385,12183.026
00bbac68_3386,12183.029
00bbac68_3387,12183.032
00bbac68_3388,12183.036
00bbac68_3389,12183.039
00bbac68_3390,12183.043
00bbac68_3391,12183.047
00bbac68_3392,12183.052
00bbac68_3393,12183.056
00bbac68_3394,12183.061
00bbac68_3395,12183.066
00bbac68_3396,12183.071
00bbac68_3397,12183.077
00bbac68_3398,12183.083
00bbac68_3399,12183.089
00bbac68_3400,12183.096
00bbac68_3401,12183.102
00bbac68_3402,12183.108
00bbac68_3403,12183.115
00bbac68_3404,12183.122
00bbac68_3405,12183.13
00bbac68_3406,12183.137
00bbac68_3407,12183.145
00bbac68_3408,12183.151
00bbac68_3409,12183.159
00bbac68_3410,12183.167
00bbac68_3411,12183.175
00bbac68_3412,12183.183
00bbac68_3413,12183.19
00bbac68_3414,12183.197
00bbac68_3415,12183.205
00bbac68_3416,12183.213
00bbac68_3417,12183.22
00bbac68_3418,12183.228
00bbac68_3419,12183.235
00bbac68_3420,12183.242
00bbac68_3421,12183.249
00bbac68_3422,12183.256
00bbac68_3423,12183.263
00bbac68_3424,12183.27
00bbac68_3425,12183.275
00bbac68_3426,12183.281
00bbac68_3427,12183.287
00bbac68_3428,12183.292
00bbac68_3429,12183.297
00bbac68_3430,12183.302
00bbac68_3431,12183.306
00bbac68_3432,12183.31
00bbac68_3433,12183.313
00bbac68_3434,12183.316
00bbac68_3435,12183.319
00bbac68_3436,12183.321
00bbac68_3437,12183.323
00bbac68_3438,12183.325
00bbac68_3439,12183.326
00bbac68_3440,12183.327
00bbac68_3441,12183.328
00bbac68_3442,12183.328
00bbac68_3443,12183.328
00bbac68_3444,12183.328
00bbac68_3445,12183.328
00bbac68_3446,12183.327
00bbac68_3447,12183.327
00bbac68_3448,12183.326
00bbac68_3449,12183.325
00bbac68_3450,12183.324
00bbac68_3451,12183.322
00bbac68_3452,12183.321
00bbac68_3453,12183.319
00bbac68_3454,12183.317
00bbac68_3455,12183.315
00bbac68_3456,12183.3125
00bbac68_3457,12183.311
00bbac68_3458,12183.308
00bbac68_3459,12183.305
00bbac68_3460,12183.302
00bbac68_3461,12183.298
00bbac68_3462,12183.295
00bbac68_3463,12183.291
00bbac68_3464,12183.287
00bbac68_3465,12183.284
00bbac68_3466,12183.28
00bbac68_3467,12183.276
00bbac68_3468,12183.272
00bbac68_3469,12183.27
00bbac68_3470,12183.266
00bbac68_3471,12183.262
00bbac68_3472,12183.258
00bbac68_3473,12183.254
00bbac68_3474,12183.25
00bbac68_3475,12183.246
00bbac68_3476,12183.243
00bbac68_3477,12183.239
00bbac68_3478,12183.235
00bbac68_3479,12183.231
00bbac68_3480,12183.228
00bbac68_3481,12183.224
00bbac68_3482,12183.22
00bbac68_3483,12183.215
00bbac68_3484,12183.211
00bbac68_3485,12183.207
00bbac68_3486,12183.202
00bbac68_3487,12183.197
00bbac68_3488,12183.193
00bbac68_3489,12183.188
00bbac68_3490,12183.184
00bbac68_3491,12183.179
00bbac68_3492,12183.173
00bbac68_3493,12183.168
00bbac68_3494,12183.163
00bbac68_3495,12183.157
00bbac68_3496,12183.152
00bbac68_3497,12183.146
00bbac68_3498,12183.142
00bbac68_3499,12183.136
00bbac68_3500,12183.13
00bbac68_3501,12183.124
00bbac68_3502,12183.118
00bbac68_3503,12183.112
00bbac68_3504,12183.106
00bbac68_3505,12183.101
00bbac68_3506,12183.095
00bbac68_3507,12183.089
00bbac68_3508,12183.083
00bbac68_3509,12183.076
00bbac68_3510,12183.07
00bbac68_3511,12183.064
00bbac68_3512,12183.059
00bbac68_3513,12183.053
00bbac68_3514,12183.047
00bbac68_3515,12183.041
00bbac68_3516,12183.035
00bbac68_3517,12183.029
00bbac68_3518,12183.023
00bbac68_3519,12183.018
00bbac68_3520,12183.012
00bbac68_3521,12183.006
00bbac68_3522,12183.0
00bbac68_3523,12182.994
00bbac68_3524,12182.989
00bbac68_3525,12182.983
00bbac68_3526,12182.978
00bbac68_3527,12182.973
00bbac68_3528,12182.967
00bbac68_3529,12182.962
00bbac68_3530,12182.957
00bbac68_3531,12182.952
00bbac68_3532,12182.947
00bbac68_3533,12182.942
00bbac68_3534,12182.9375
00bbac68_3535,12182.933
00bbac68_3536,12182.928
00bbac68_3537,12182.923
00bbac68_3538,12182.919
00bbac68_3539,12182.914
00bbac68_3540,12182.909
00bbac68_3541,12182.905
00bbac68_3542,12182.901
00bbac68_3543,12182.896
00bbac68_3544,12182.893
00bbac68_3545,12182.889
00bbac68_3546,12182.885
00bbac68_3547,12182.881
00bbac68_3548,12182.878
00bbac68_3549,12182.874
00bbac68_3550,12182.87
00bbac68_3551,12182.867
00bbac68_3552,12182.863
00bbac68_3553,12182.86
00bbac68_3554,12182.857
00bbac68_3555,12182.8545
00bbac68_3556,12182.852
00bbac68_3557,12182.849
00bbac68_3558,12182.847
00bbac68_3559,12182.844
00bbac68_3560,12182.842
00bbac68_3561,12182.839
00bbac68_3562,12182.837
00bbac68_3563,12182.835
00bbac68_3564,12182.833
00bbac68_3565,12182.831
00bbac68_3566,12182.83
00bbac68_3567,12182.828
00bbac68_3568,12182.826
00bbac68_3569,12182.825
00bbac68_3570,12182.824
00bbac68_3571,12182.823
00bbac68_3572,12182.822
00bbac68_3573,12182.821
00bbac68_3574,12182.82
00bbac68_3575,12182.819
00bbac68_3576,12182.819
00bbac68_3577,12182.818
00bbac68_3578,12182.818
00bbac68_3579,12182.818
00bbac68_3580,12182.818
00bbac68_3581,12182.818
00bbac68_3582,12182.818
00bbac68_3583,12182.818
00bbac68_3584,12182.818
00bbac68_3585,12182.818
00bbac68_3586,12182.819
00bbac68_3587,12182.819
00bbac68_3588,12182.82
00bbac68_3589,12182.821
00bbac68_3590,12182.822
00bbac68_3591,12182.824
00bbac68_3592,12182.825
00bbac68_3593,12182.827
00bbac68_3594,12182.829
00bbac68_3595,12182.831
00bbac68_3596,12182.832
00bbac68_3597,12182.835
00bbac68_3598,12182.837
00bbac68_3599,12182.839
00bbac68_3600,12182.842
00bbac68_3601,12182.844
00bbac68_3602,12182.847
00bbac68_3603,12182.85
00bbac68_3604,12182.853
00bbac68_3605,12182.855
00bbac68_3606,12182.858
00bbac68_3607,12182.861
00bbac68_3608,12182.864
00bbac68_3609,12182.867
00bbac68_3610,12182.87
00bbac68_3611,12182.872
00bbac68_3612,12182.875
00bbac68_3613,12182.878
00bbac68_3614,12182.881
00bbac68_3615,12182.883
00bbac68_3616,12182.886
00bbac68_3617,12182.888
00bbac68_3618,12182.891
00bbac68_3619,12182.893
00bbac68_3620,12182.895
00bbac68_3621,12182.8955
00bbac68_3622,12182.897
00bbac68_3623,12182.899
00bbac68_3624,12182.9
00bbac68_3625,12182.901
00bbac68_3626,12182.902
00bbac68_3627,12182.903
00bbac68_3628,12182.903
00bbac68_3629,12182.904
00bbac68_3630,12182.904
00bbac68_3631,12182.905
00bbac68_3632,12182.905
00bbac68_3633,12182.904
00bbac68_3634,12182.904
00bbac68_3635,12182.904
00bbac68_3636,12182.903
00bbac68_3637,12182.902
00bbac68_3638,12182.901
00bbac68_3639,12182.899
00bbac68_3640,12182.898
00bbac68_3641,12182.896
00bbac68_3642,12182.895
00bbac68_3643,12182.893
00bbac68_3644,12182.89
00bbac68_3645,12182.888
00bbac68_3646,12182.885
00bbac68_3647,12182.881
00bbac68_3648,12182.878
00bbac68_3649,12182.874
00bbac68_3650,12182.87
00bbac68_3651,12182.865
00bbac68_3652,12182.861
00bbac68_3653,12182.856
00bbac68_3654,12182.851
00bbac68_3655,12182.846
00bbac68_3656,12182.84
00bbac68_3657,12182.834
00bbac68_3658,12182.827
00bbac68_3659,12182.82
00bbac68_3660,12182.813
00bbac68_3661,12182.807
00bbac68_3662,12182.799
00bbac68_3663,12182.791
00bbac68_3664,12182.783
00bbac68_3665,12182.774
00bbac68_3666,12182.766
00bbac68_3667,12182.756
00bbac68_3668,12182.746
00bbac68_3669,12182.736
00bbac68_3670,12182.727
00bbac68_3671,12182.716
00bbac68_3672,12182.705
00bbac68_3673,12182.693
00bbac68_3674,12182.683
00bbac68_3675,12182.671
00bbac68_3676,12182.658
00bbac68_3677,12182.646
00bbac68_3678,12182.634
00bbac68_3679,12182.621
00bbac68_3680,12182.607
00bbac68_3681,12182.595
00bbac68_3682,12182.581
00bbac68_3683,12182.567
00bbac68_3684,12182.554
00bbac68_3685,12182.539
00bbac68_3686,12182.524
00bbac68_3687,12182.51
00bbac68_3688,12182.495
00bbac68_3689,12182.4795
00bbac68_3690,12182.465
00bbac68_3691,12182.449
00bbac68_3692,12182.434
00bbac68_3693,12182.418
00bbac68_3694,12182.402
00bbac68_3695,12182.387
00bbac68_3696,12182.37
00bbac68_3697,12182.3545
00bbac68_3698,12182.338
00bbac68_3699,12182.321
00bbac68_3700,12182.305
00bbac68_3701,12182.289
00bbac68_3702,12182.272
00bbac68_3703,12182.256
00bbac68_3704,12182.239
00bbac68_3705,12182.223
00bbac68_3706,12182.205
00bbac68_3707,12182.188
00bbac68_3708,12182.172
00bbac68_3709,12182.155
00bbac68_3710,12182.139
00bbac68_3711,12182.122
00bbac68_3712,12182.1045
00bbac68_3713,12182.088
00bbac68_3714,12182.071
00bbac68_3715,12182.054
00bbac68_3716,12182.037
00bbac68_3717,12182.0205
00bbac68_3718,12182.003
00bbac68_3719,12181.986
00bbac68_3720,12181.97
00bbac68_3721,12181.953
00bbac68_3722,12181.936
00bbac68_3723,12181.919
00bbac68_3724,12181.902
00bbac68_3725,12181.886
00bbac68_3726,12181.869
00bbac68_3727,12181.854
00bbac68_3728,12181.837
00bbac68_3729,12181.82
00bbac68_3730,12181.805
00bbac68_3731,12181.789
00bbac68_3732,12181.773
00bbac68_3733,12181.758
00bbac68_3734,12181.742
00bbac68_3735,12181.727
00bbac68_3736,12181.712
00bbac68_3737,12181.697
00bbac68_3738,12181.683
00bbac68_3739,12181.668
00bbac68_3740,12181.654
00bbac68_3741,12181.641
00bbac68_3742,12181.627
00bbac68_3743,12181.614
00bbac68_3744,12181.601
00bbac68_3745,12181.588
00bbac68_3746,12181.575
00bbac68_3747,12181.563
00bbac68_3748,12181.552
00bbac68_3749,12181.54
00bbac68_3750,12181.528
00bbac68_3751,12181.518
00bbac68_3752,12181.507
00bbac68_3753,12181.497
00bbac68_3754,12181.486
00bbac68_3755,12181.477
00bbac68_3756,12181.468
00bbac68_3757,12181.458
00bbac68_3758,12181.449
00bbac68_3759,12181.44
00bbac68_3760,12181.432
00bbac68_3761,12181.424
00bbac68_3762,12181.416
00bbac68_3763,12181.409
00bbac68_3764,12181.402
00bbac68_3765,12181.3955
00bbac68_3766,12181.389
00bbac68_3767,12181.383
00bbac68_3768,12181.377
00bbac68_3769,12181.371
00bbac68_3770,12181.366
00bbac68_3771,12181.361
00bbac68_3772,12181.357
00bbac68_3773,12181.354
00bbac68_3774,12181.35
00bbac68_3775,12181.346
00bbac68_3776,12181.343
00bbac68_3777,12181.34
00bbac68_3778,12181.338
00bbac68_3779,12181.335
00bbac68_3780,12181.333
00bbac68_3781,12181.332
00bbac68_3782,12181.33
00bbac68_3783,12181.329
00bbac68_3784,12181.328
00bbac68_3785,12181.328
00bbac68_3786,12181.328
00bbac68_3787,12181.328
00bbac68_3788,12181.329
00bbac68_3789,12181.33
00bbac68_3790,12181.331
00bbac68_3791,12181.333
00bbac68_3792,12181.334
00bbac68_3793,12181.337
00bbac68_3794,12181.339
00bbac68_3795,12181.341
00bbac68_3796,12181.344
00bbac68_3797,12181.347
00bbac68_3798,12181.351
00bbac68_3799,12181.354
00bbac68_3800,12181.357
00bbac68_3801,12181.361
00bbac68_3802,12181.365
00bbac68_3803,12181.37
00bbac68_3804,12181.374
00bbac68_3805,12181.379
00bbac68_3806,12181.383
00bbac68_3807,12181.388
00bbac68_3808,12181.393
00bbac68_3809,12181.397
00bbac68_3810,12181.403
00bbac68_3811,12181.408
00bbac68_3812,12181.413
00bbac68_3813,12181.419
00bbac68_3814,12181.424
00bbac68_3815,12181.43
00bbac68_3816,12181.436
00bbac68_3817,12181.441
00bbac68_3818,12181.446
00bbac68_3819,12181.452
00bbac68_3820,12181.458
00bbac68_3821,12181.464
00bbac68_3822,12181.47
00bbac68_3823,12181.477
00bbac68_3824,12181.482
00bbac68_3825,12181.488
00bbac68_3826,12181.494
00bbac68_3827,12181.501
00bbac68_3828,12181.507
00bbac68_3829,12181.513
00bbac68_3830,12181.519
00bbac68_3831,12181.525
00bbac68_3832,12181.531
00bbac68_3833,12181.537
00bbac68_3834,12181.543
00bbac68_3835,12181.55
00bbac68_3836,12181.556
00bbac68_3837,12181.562
00bbac68_3838,12181.568
00bbac68_3839,12181.574
00bbac68_3840,12181.58
00bbac68_3841,12181.586
00bbac68_3842,12181.592
00bbac68_3843,12181.598
00bbac68_3844,12181.604
00bbac68_3845,12181.608
00bbac68_3846,12181.614
00bbac68_3847,12181.62
00bbac68_3848,12181.625
00bbac68_3849,12181.631
00bbac68_3850,12181.636
00bbac68_3851,12181.642
00bbac68_3852,12181.646
00bbac68_3853,12181.651
00bbac68_3854,12181.656
00bbac68_3855,12181.661
00bbac68_3856,12181.666
00bbac68_3857,12181.671
00bbac68_3858,12181.676
00bbac68_3859,12181.68
00bbac68_3860,12181.685
00bbac68_3861,12181.688
00bbac68_3862,12181.692
00bbac68_3863,12181.696
00bbac68_3864,12181.7
00bbac68_3865,12181.704
00bbac68_3866,12181.708
00bbac68_3867,12181.712
00bbac68_3868,12181.715
00bbac68_3869,12181.719
00bbac68_3870,12181.722
00bbac68_3871,12181.726
00bbac68_3872,12181.729
00bbac68_3873,12181.731
00bbac68_3874,12181.734
00bbac68_3875,12181.737
00bbac68_3876,12181.739
00bbac68_3877,12181.742
00bbac68_3878,12181.745
00bbac68_3879,12181.747
00bbac68_3880,12181.749
00bbac68_3881,12181.752
00bbac68_3882,12181.754
00bbac68_3883,12181.756
00bbac68_3884,12181.758
00bbac68_3885,12181.759
00bbac68_3886,12181.761
00bbac68_3887,12181.763
00bbac68_3888,12181.764
00bbac68_3889,12181.765
00bbac68_3890,12181.767
00bbac68_3891,12181.768
00bbac68_3892,12181.769
00bbac68_3893,12181.77
00bbac68_3894,12181.7705
00bbac68_3895,12181.771
00bbac68_3896,12181.771
00bbac68_3897,12181.772
00bbac68_3898,12181.772
00bbac68_3899,12181.773
00bbac68_3900,12181.773
00bbac68_3901,12181.773
00bbac68_3902,12181.773
00bbac68_3903,12181.773
00bbac68_3904,12181.773
00bbac68_3905,12181.773
00bbac68_3906,12181.772
00bbac68_3907,12181.772
00bbac68_3908,12181.772
00bbac68_3909,12181.771
00bbac68_3910,12181.771
00bbac68_3911,12181.771
00bbac68_3912,12181.7705
00bbac68_3913,12181.7705
00bbac68_3914,12181.77
00bbac68_3915,12181.77
00bbac68_3916,12181.769
00bbac68_3917,12181.769
00bbac68_3918,12181.768
00bbac68_3919,12181.768
00bbac68_3920,12181.767
00bbac68_3921,12181.767
00bbac68_3922,12181.767
00bbac68_3923,12181.767
00bbac68_3924,12181.766
00bbac68_3925,12181.766
00bbac68_3926,12181.766
00bbac68_3927,12181.766
00bbac68_3928,12181.766
00bbac68_3929,12181.766
00bbac68_3930,12181.767
00bbac68_3931,12181.767
00bbac68_3932,12181.767
00bbac68_3933,12181.768
00bbac68_3934,12181.768
00bbac68_3935,12181.769
00bbac68_3936,12181.77
00bbac68_3937,12181.7705
00bbac68_3938,12181.771
00bbac68_3939,12181.772
00bbac68_3940,12181.773
00bbac68_3941,12181.774
00bbac68_3942,12181.775
00bbac68_3943,12181.776
00bbac68_3944,12181.778
00bbac68_3945,12181.779
00bbac68_3946,12181.781
00bbac68_3947,12181.782
00bbac68_3948,12181.784
00bbac68_3949,12181.786
00bbac68_3950,12181.787
00bbac68_3951,12181.789
00bbac68_3952,12181.791
00bbac68_3953,12181.793
00bbac68_3954,12181.795
00bbac68_3955,12181.797
00bbac68_3956,12181.8
00bbac68_3957,12181.802
00bbac68_3958,12181.805
00bbac68_3959,12181.807
00bbac68_3960,12181.81
00bbac68_3961,12181.8125
00bbac68_3962,12181.815
00bbac68_3963,12181.818
00bbac68_3964,12181.821
00bbac68_3965,12181.825
00bbac68_3966,12181.828
00bbac68_3967,12181.831
00bbac68_3968,12181.835
00bbac68_3969,12181.839
00bbac68_3970,12181.842
00bbac68_3971,12181.846
00bbac68_3972,12181.85
00bbac68_3973,12181.854
00bbac68_3974,12181.858
00bbac68_3975,12181.862
00bbac68_3976,12181.866
00bbac68_3977,12181.871
00bbac68_3978,12181.875
00bbac68_3979,12181.88
00bbac68_3980,12181.885
00bbac68_3981,12181.89
00bbac68_3982,12181.895
00bbac68_3983,12181.899
00bbac68_3984,12181.905
00bbac68_3985,12181.91
00bbac68_3986,12181.916
00bbac68_3987,12181.922
00bbac68_3988,12181.927
00bbac68_3989,12181.933
00bbac68_3990,12181.938
00bbac68_3991,12181.944
00bbac68_3992,12181.95
00bbac68_3993,12181.956
00bbac68_3994,12181.962
00bbac68_3995,12181.968
00bbac68_3996,12181.975
00bbac68_3997,12181.98
00bbac68_3998,12181.986
00bbac68_3999,12181.993
00bbac68_4000,12181.999
00bbac68_4001,12182.006
00bbac68_4002,12182.012
00bbac68_4003,12182.019
00bbac68_4004,12182.024
00bbac68_4005,12182.031
00bbac68_4006,12182.038
00bbac68_4007,12182.045
00bbac68_4008,12182.051
00bbac68_4009,12182.059
00bbac68_4010,12182.065
00bbac68_4011,12182.072
00bbac68_4012,12182.079
00bbac68_4013,12182.087
00bbac68_4014,12182.094
00bbac68_4015,12182.102
00bbac68_4016,12182.108
00bbac68_4017,12182.116
00bbac68_4018,12182.123
00bbac68_4019,12182.131
00bbac68_4020,12182.138
00bbac68_4021,12182.1455
00bbac68_4022,12182.152
00bbac68_4023,12182.159
00bbac68_4024,12182.167
00bbac68_4025,12182.174
00bbac68_4026,12182.182
00bbac68_4027,12182.188
00bbac68_4028,12182.195
00bbac68_4029,12182.203
00bbac68_4030,12182.21
00bbac68_4031,12182.217
00bbac68_4032,12182.225
00bbac68_4033,12182.231
00bbac68_4034,12182.238
00bbac68_4035,12182.245
00bbac68_4036,12182.251
00bbac68_4037,12182.258
00bbac68_4038,12182.264
00bbac68_4039,12182.2705
00bbac68_4040,12182.276
00bbac68_4041,12182.282
00bbac68_4042,12182.288
00bbac68_4043,12182.294
00bbac68_4044,12182.3
00bbac68_4045,12182.305
00bbac68_4046,12182.311
00bbac68_4047,12182.315
00bbac68_4048,12182.32
00bbac68_4049,12182.325
00bbac68_4050,12182.329
00bbac68_4051,12182.334
00bbac68_4052,12182.339
00bbac68_4053,12182.343
00bbac68_4054,12182.347
00bbac68_4055,12182.351
00bbac68_4056,12182.3545
00bbac68_4057,12182.357
00bbac68_4058,12182.361
00bbac68_4059,12182.364
00bbac68_4060,12182.368
00bbac68_4061,12182.371
00bbac68_4062,12182.374
00bbac68_4063,12182.377
00bbac68_4064,12182.38
00bbac68_4065,12182.382
00bbac68_4066,12182.385
00bbac68_4067,12182.387
00bbac68_4068,12182.389
00bbac68_4069,12182.391
00bbac68_4070,12182.393
00bbac68_4071,12182.394
00bbac68_4072,12182.3955
00bbac68_4073,12182.396
00bbac68_4074,12182.397
00bbac68_4075,12182.398
00bbac68_4076,12182.399
00bbac68_4077,12182.399
00bbac68_4078,12182.399
00bbac68_4079,12182.399
00bbac68_4080,12182.399
00bbac68_4081,12182.399
00bbac68_4082,12182.399
00bbac68_4083,12182.398
00bbac68_4084,12182.397
00bbac68_4085,12182.397
00bbac68_4086,12182.396
00bbac68_4087,12182.395
00bbac68_4088,12182.394
00bbac68_4089,12182.393
00bbac68_4090,12182.391
00bbac68_4091,12182.389
00bbac68_4092,12182.387
00bbac68_4093,12182.385
00bbac68_4094,12182.383
00bbac68_4095,12182.381
00bbac68_4096,12182.378
00bbac68_4097,12182.376
00bbac68_4098,12182.373
00bbac68_4099,12182.371
00bbac68_4100,12182.368
00bbac68_4101,12182.365
00bbac68_4102,12182.362
00bbac68_4103,12182.359
00bbac68_4104,12182.356
00bbac68_4105,12182.354
00bbac68_4106,12182.35
00bbac68_4107,12182.347
00bbac68_4108,12182.343
00bbac68_4109,12182.339
00bbac68_4110,12182.336
00bbac68_4111,12182.332
00bbac68_4112,12182.328
00bbac68_4113,12182.324
00bbac68_4114,12182.32
00bbac68_4115,12182.315
00bbac68_4116,12182.312
00bbac68_4117,12182.308
00bbac68_4118,12182.303
00bbac68_4119,12182.298
00bbac68_4120,12182.294
00bbac68_4121,12182.289
00bbac68_4122,12182.284
00bbac68_4123,12182.279
00bbac68_4124,12182.274
00bbac68_4125,12182.27
00bbac68_4126,12182.265
00bbac68_4127,12182.26
00bbac68_4128,12182.254
00bbac68_4129,12182.249
00bbac68_4130,12182.244
00bbac68_4131,12182.238
00bbac68_4132,12182.233
00bbac68_4133,12182.229
00bbac68_4134,12182.223
00bbac68_4135,12182.218
00bbac68_4136,12182.212
00bbac68_4137,12182.206
00bbac68_4138,12182.201
00bbac68_4139,12182.195
00bbac68_4140,12182.189
00bbac68_4141,12182.184
00bbac68_4142,12182.179
00bbac68_4143,12182.173
00bbac68_4144,12182.167
00bbac68_4145,12182.161
00bbac68_4146,12182.155
00bbac68_4147,12182.15
00bbac68_4148,12182.145
00bbac68_4149,12182.139
00bbac68_4150,12182.134
00bbac68_4151,12182.128
00bbac68_4152,12182.123
00bbac68_4153,12182.117
00bbac68_4154,12182.112
00bbac68_4155,12182.106
00bbac68_4156,12182.102
00bbac68_4157,12182.096
00bbac68_4158,12182.091
00bbac68_4159,12182.086
00bbac68_4160,12182.08
00bbac68_4161,12182.075
00bbac68_4162,12182.07
00bbac68_4163,12182.065
00bbac68_4164,12182.06
00bbac68_4165,12182.055
00bbac68_4166,12182.05
00bbac68_4167,12182.045
00bbac68_4168,12182.04
00bbac68_4169,12182.035
00bbac68_4170,12182.03
00bbac68_4171,12182.025
00bbac68_4172,12182.0205
00bbac68_4173,12182.016
00bbac68_4174,12182.011
00bbac68_4175,12182.006
00bbac68_4176,12182.001
00bbac68_4177,12181.996
00bbac68_4178,12181.991
00bbac68_4179,12181.986
00bbac68_4180,12181.982
00bbac68_4181,12181.978
00bbac68_4182,12181.974
00bbac68_4183,12181.969
00bbac68_4184,12181.965
00bbac68_4185,12181.96
00bbac68_4186,12181.956
00bbac68_4187,12181.952
00bbac68_4188,12181.948
00bbac68_4189,12181.943
00bbac68_4190,12181.939
00bbac68_4191,12181.937
00bbac68_4192,12181.933
00bbac68_4193,12181.929
00bbac68_4194,12181.925
00bbac68_4195,12181.922
00bbac68_4196,12181.918
00bbac68_4197,12181.915
00bbac68_4198,12181.911
00bbac68_4199,12181.908
00bbac68_4200,12181.905
00bbac68_4201,12181.901
00bbac68_4202,12181.898
00bbac68_4203,12181.8955
00bbac68_4204,12181.893
00bbac68_4205,12181.89
00bbac68_4206,12181.887
00bbac68_4207,12181.885
00bbac68_4208,12181.882
00bbac68_4209,12181.879
00bbac68_4210,12181.876
00bbac68_4211,12181.873
00bbac68_4212,12181.87
00bbac68_4213,12181.867
00bbac68_4214,12181.864
00bbac68_4215,12181.861
00bbac68_4216,12181.858
00bbac68_4217,12181.855
00bbac68_4218,12181.853
00bbac68_4219,12181.851
00bbac68_4220,12181.848
00bbac68_4221,12181.845
00bbac68_4222,12181.842
00bbac68_4223,12181.84
00bbac68_4224,12181.837
00bbac68_4225,12181.835
00bbac68_4226,12181.832
00bbac68_4227,12181.83
00bbac68_4228,12181.827
00bbac68_4229,12181.825
00bbac68_4230,12181.823
00bbac68_4231,12181.821
00bbac68_4232,12181.819
00bbac68_4233,12181.817
00bbac68_4234,12181.815
00bbac68_4235,12181.814
00bbac68_4236,12181.8125
00bbac68_4237,12181.812
00bbac68_4238,12181.811
00bbac68_4239,12181.81
00bbac68_4240,12181.809
00bbac68_4241,12181.808
00bbac68_4242,12181.807
00bbac68_4243,12181.807
00bbac68_4244,12181.807
00bbac68_4245,12181.807
00bbac68_4246,12181.807
00bbac68_4247,12181.807
00bbac68_4248,12181.807
00bbac68_4249,12181.808
00bbac68_4250,12181.808
00bbac68_4251,12181.809
00bbac68_4252,12181.81
00bbac68_4253,12181.811
00bbac68_4254,12181.812
00bbac68_4255,12181.813
00bbac68_4256,12181.814
00bbac68_4257,12181.816
00bbac68_4258,12181.818
00bbac68_4259,12181.819
00bbac68_4260,12181.821
00bbac68_4261,12181.823
00bbac68_4262,12181.825
00bbac68_4263,12181.827
00bbac68_4264,12181.829
00bbac68_4265,12181.831
00bbac68_4266,12181.833
00bbac68_4267,12181.835
00bbac68_4268,12181.838
00bbac68_4269,12181.84
00bbac68_4270,12181.842
00bbac68_4271,12181.845
00bbac68_4272,12181.847
00bbac68_4273,12181.85
00bbac68_4274,12181.852
00bbac68_4275,12181.8545
00bbac68_4276,12181.857
00bbac68_4277,12181.86
00bbac68_4278,12181.863
00bbac68_4279,12181.865
00bbac68_4280,12181.868
00bbac68_4281,12181.872
00bbac68_4282,12181.875
00bbac68_4283,12181.878
00bbac68_4284,12181.881
00bbac68_4285,12181.884
00bbac68_4286,12181.888
00bbac68_4287,12181.891
00bbac68_4288,12181.895
00bbac68_4289,12181.897
00bbac68_4290,12181.901
00bbac68_4291,12181.905
00bbac68_4292,12181.909
00bbac68_4293,12181.913
00bbac68_4294,12181.917
00bbac68_4295,12181.921
00bbac68_4296,12181.925
00bbac68_4297,12181.93
00bbac68_4298,12181.934
00bbac68_4299,12181.9375
00bbac68_4300,12181.942
00bbac68_4301,12181.946
00bbac68_4302,12181.95
00bbac68_4303,12181.954
00bbac68_4304,12181.958
00bbac68_4305,12181.962
00bbac68_4306,12181.966
00bbac68_4307,12181.97
00bbac68_4308,12181.974
00bbac68_4309,12181.978
00bbac68_4310,12181.98
00bbac68_4311,12181.984
00bbac68_4312,12181.988
00bbac68_4313,12181.991
00bbac68_4314,12181.995
00bbac68_4315,12181.998
00bbac68_4316,12182.001
00bbac68_4317,12182.004
00bbac68_4318,12182.007
00bbac68_4319,12182.01
00bbac68_4320,12182.013
00bbac68_4321,12182.016
00bbac68_4322,12182.019
00bbac68_4323,12182.0205
00bbac68_4324,12182.023
00bbac68_4325,12182.026
00bbac68_4326,12182.028
00bbac68_4327,12182.03
00bbac68_4328,12182.033
00bbac68_4329,12182.035
00bbac68_4330,12182.037
00bbac68_4331,12182.039
00bbac68_4332,12182.041
00bbac68_4333,12182.043
00bbac68_4334,12182.045
00bbac68_4335,12182.047
00bbac68_4336,12182.048
00bbac68_4337,12182.05
00bbac68_4338,12182.051
00bbac68_4339,12182.053
00bbac68_4340,12182.054
00bbac68_4341,12182.056
00bbac68_4342,12182.057
00bbac68_4343,12182.058
00bbac68_4344,12182.059
00bbac68_4345,12182.06
00bbac68_4346,12182.061
00bbac68_4347,12182.062
00bbac68_4348,12182.0625
00bbac68_4349,12182.0625
00bbac68_4350,12182.063
00bbac68_4351,12182.063
00bbac68_4352,12182.064
00bbac68_4353,12182.064
00bbac68_4354,12182.064
00bbac68_4355,12182.064
00bbac68_4356,12182.063
00bbac68_4357,12182.063
00bbac68_4358,12182.0625
00bbac68_4359,12182.062
00bbac68_4360,12182.061
00bbac68_4361,12182.059
00bbac68_4362,12182.057
00bbac68_4363,12182.056
00bbac68_4364,12182.053
00bbac68_4365,12182.051
00bbac68_4366,12182.049
00bbac68_4367,12182.046
00bbac68_4368,12182.043
00bbac68_4369,12182.04
00bbac68_4370,12182.037
00bbac68_4371,12182.034
00bbac68_4372,12182.03
00bbac68_4373,12182.027
00bbac68_4374,12182.023
00bbac68_4375,12182.02
00bbac68_4376,12182.016
00bbac68_4377,12182.012
00bbac68_4378,12182.007
00bbac68_4379,12182.002
00bbac68_4380,12181.998
00bbac68_4381,12181.992
00bbac68_4382,12181.987
00bbac68_4383,12181.982
00bbac68_4384,12181.977
00bbac68_4385,12181.971
00bbac68_4386,12181.966
00bbac68_4387,12181.96
00bbac68_4388,12181.953
00bbac68_4389,12181.947
00bbac68_4390,12181.941
00bbac68_4391,12181.935
00bbac68_4392,12181.929
00bbac68_4393,12181.922
00bbac68_4394,12181.915
00bbac68_4395,12181.908
00bbac68_4396,12181.901
00bbac68_4397,12181.895
00bbac68_4398,12181.888
00bbac68_4399,12181.88
00bbac68_4400,12181.872
00bbac68_4401,12181.864
00bbac68_4402,12181.856
00bbac68_4403,12181.849
00bbac68_4404,12181.84
00bbac68_4405,12181.832
00bbac68_4406,12181.823
00bbac68_4407,12181.814
00bbac68_4408,12181.806
00bbac68_4409,12181.796
00bbac68_4410,12181.787
00bbac68_4411,12181.778
00bbac68_4412,12181.769
00bbac68_4413,12181.76
00bbac68_4414,12181.75
00bbac68_4415,12181.74
00bbac68_4416,12181.73
00bbac68_4417,12181.722
00bbac68_4418,12181.712
00bbac68_4419,12181.701
00bbac68_4420,12181.691
00bbac68_4421,12181.682
00bbac68_4422,12181.672
00bbac68_4423,12181.662
00bbac68_4424,12181.651
00bbac68_4425,12181.642
00bbac68_4426,12181.631
00bbac68_4427,12181.621
00bbac68_4428,12181.61
00bbac68_4429,12181.6
00bbac68_4430,12181.589
00bbac68_4431,12181.579
00bbac68_4432,12181.568
00bbac68_4433,12181.558
00bbac68_4434,12181.547
00bbac68_4435,12181.536
00bbac68_4436,12181.524
00bbac68_4437,12181.514
00bbac68_4438,12181.503
00bbac68_4439,12181.491
00bbac68_4440,12181.48
00bbac68_4441,12181.469
00bbac68_4442,12181.458
00bbac68_4443,12181.447
00bbac68_4444,12181.436
00bbac68_4445,12181.424
00bbac68_4446,12181.413
00bbac68_4447,12181.401
00bbac68_4448,12181.39
00bbac68_4449,12181.379
00bbac68_4450,12181.367
00bbac68_4451,12181.355
00bbac68_4452,12181.344
00bbac68_4453,12181.332
00bbac68_4454,12181.321
00bbac68_4455,12181.31
00bbac68_4456,12181.298
00bbac68_4457,12181.286
00bbac68_4458,12181.274
00bbac68_4459,12181.264
00bbac68_4460,12181.252
00bbac68_4461,12181.24
00bbac68_4462,12181.2295
00bbac68_4463,12181.218
00bbac68_4464,12181.207
00bbac68_4465,12181.196
00bbac68_4466,12181.186
00bbac68_4467,12181.175
00bbac68_4468,12181.164
00bbac68_4469,12181.153
00bbac68_4470,12181.143
00bbac68_4471,12181.132
00bbac68_4472,12181.122
00bbac68_4473,12181.112
00bbac68_4474,12181.102
00bbac68_4475,12181.092
00bbac68_4476,12181.083
00bbac68_4477,12181.073
00bbac68_4478,12181.063
00bbac68_4479,12181.055
00bbac68_4480,12181.046
00bbac68_4481,12181.037
00bbac68_4482,12181.028
00bbac68_4483,12181.0205
00bbac68_4484,12181.012
00bbac68_4485,12181.004
00bbac68_4486,12180.996
00bbac68_4487,12180.989
00bbac68_4488,12180.981
00bbac68_4489,12180.975
00bbac68_4490,12180.967
00bbac68_4491,12180.96
00bbac68_4492,12180.953
00bbac68_4493,12180.946
00bbac68_4494,12180.939
00bbac68_4495,12180.933
00bbac68_4496,12180.926
00bbac68_4497,12180.919
00bbac68_4498,12180.912
00bbac68_4499,12180.905
00bbac68_4500,12180.899
00bbac68_4501,12180.893
00bbac68_4502,12180.886
00bbac68_4503,12180.88
00bbac68_4504,12180.874
00bbac68_4505,12180.867
00bbac68_4506,12180.861
00bbac68_4507,12180.855
00bbac68_4508,12180.85
00bbac68_4509,12180.844
00bbac68_4510,12180.839
00bbac68_4511,12180.833
00bbac68_4512,12180.827
00bbac68_4513,12180.822
00bbac68_4514,12180.816
00bbac68_4515,12180.812
00bbac68_4516,12180.807
00bbac68_4517,12180.802
00bbac68_4518,12180.797
00bbac68_4519,12180.792
00bbac68_4520,12180.788
00bbac68_4521,12180.784
00bbac68_4522,12180.78
00bbac68_4523,12180.776
00bbac68_4524,12180.773
00bbac68_4525,12180.77
00bbac68_4526,12180.767
00bbac68_4527,12180.764
00bbac68_4528,12180.762
00bbac68_4529,12180.759
00bbac68_4530,12180.757
00bbac68_4531,12180.754
00bbac68_4532,12180.752
00bbac68_4533,12180.75
00bbac68_4534,12180.748
00bbac68_4535,12180.747
00bbac68_4536,12180.745
00bbac68_4537,12180.744
00bbac68_4538,12180.743
00bbac68_4539,12180.741
00bbac68_4540,12180.74
00bbac68_4541,12180.739
00bbac68_4542,12180.738
00bbac68_4543,12180.737
00bbac68_4544,12180.736
00bbac68_4545,12180.734
00bbac68_4546,12180.733
00bbac68_4547,12180.732
00bbac68_4548,12180.731
00bbac68_4549,12180.73
00bbac68_4550,12180.729
00bbac68_4551,12180.728
00bbac68_4552,12180.726
00bbac68_4553,12180.725
00bbac68_4554,12180.724
00bbac68_4555,12180.722
00bbac68_4556,12180.721
00bbac68_4557,12180.719
00bbac68_4558,12180.718
00bbac68_4559,12180.717
00bbac68_4560,12180.715
00bbac68_4561,12180.714
00bbac68_4562,12180.713
00bbac68_4563,12180.712
00bbac68_4564,12180.71
00bbac68_4565,12180.709
00bbac68_4566,12180.708
00bbac68_4567,12180.707
00bbac68_4568,12180.705
00bbac68_4569,12180.704
00bbac68_4570,12180.703
00bbac68_4571,12180.701
00bbac68_4572,12180.7
00bbac68_4573,12180.698
00bbac68_4574,12180.697
00bbac68_4575,12180.695
00bbac68_4576,12180.693
00bbac68_4577,12180.691
00bbac68_4578,12180.689
00bbac68_4579,12180.688
00bbac68_4580,12180.687
00bbac68_4581,12180.684
00bbac68_4582,12180.682
00bbac68_4583,12180.68
00bbac68_4584,12180.678
00bbac68_4585,12180.675
00bbac68_4586,12180.673
00bbac68_4587,12180.67
00bbac68_4588,12180.667
00bbac68_4589,12180.664
00bbac68_4590,12180.661
00bbac68_4591,12180.658
00bbac68_4592,12180.654
00bbac68_4593,12180.65
00bbac68_4594,12180.646
00bbac68_4595,12180.642
00bbac68_4596,12180.638
00bbac68_4597,12180.633
00bbac68_4598,12180.628
00bbac68_4599,12180.622
00bbac68_4600,12180.616
00bbac68_4601,12180.61
00bbac68_4602,12180.6045
00bbac68_4603,12180.599
00bbac68_4604,12180.592
00bbac68_4605,12180.585
00bbac68_4606,12180.578
00bbac68_4607,12180.571
00bbac68_4608,12180.564
00bbac68_4609,12180.557
00bbac68_4610,12180.549
00bbac68_4611,12180.541
00bbac68_4612,12180.533
00bbac68_4613,12180.525
00bbac68_4614,12180.517
00bbac68_4615,12180.509
00bbac68_4616,12180.5
00bbac68_4617,12180.49
00bbac68_4618,12180.481
00bbac68_4619,12180.473
00bbac68_4620,12180.463
00bbac68_4621,12180.453
00bbac68_4622,12180.443
00bbac68_4623,12180.433
00bbac68_4624,12180.423
00bbac68_4625,12180.412
00bbac68_4626,12180.401
00bbac68_4627,12180.391
00bbac68_4628,12180.379
00bbac68_4629,12180.368
00bbac68_4630,12180.356
00bbac68_4631,12180.345
00bbac68_4632,12180.332
00bbac68_4633,12180.32
00bbac68_4634,12180.308
00bbac68_4635,12180.295
00bbac68_4636,12180.281
00bbac68_4637,12180.269
00bbac68_4638,12180.255
00bbac68_4639,12180.241
00bbac68_4640,12180.227
00bbac68_4641,12180.212
00bbac68_4642,12180.197
00bbac68_4643,12180.183
00bbac68_4644,12180.167
00bbac68_4645,12180.151
00bbac68_4646,12180.135
00bbac68_4647,12180.119
00bbac68_4648,12180.103
00bbac68_4649,12180.085
00bbac68_4650,12180.068
00bbac68_4651,12180.051
00bbac68_4652,12180.033
00bbac68_4653,12180.016
00bbac68_4654,12179.997
00bbac68_4655,12179.979
00bbac68_4656,12179.96
00bbac68_4657,12179.941
00bbac68_4658,12179.923
00bbac68_4659,12179.903
00bbac68_4660,12179.884
00bbac68_4661,12179.863
00bbac68_4662,12179.844
00bbac68_4663,12179.823
00bbac68_4664,12179.803
00bbac68_4665,12179.781
00bbac68_4666,12179.761
00bbac68_4667,12179.739
00bbac68_4668,12179.718
00bbac68_4669,12179.695
00bbac68_4670,12179.674
00bbac68_4671,12179.651
00bbac68_4672,12179.629
00bbac68_4673,12179.606
00bbac68_4674,12179.584
00bbac68_4675,12179.562
00bbac68_4676,12179.538
00bbac68_4677,12179.515
00bbac68_4678,12179.491
00bbac68_4679,12179.468
00bbac68_4680,12179.444
00bbac68_4681,12179.42
00bbac68_4682,12179.3955
00bbac68_4683,12179.371
00bbac68_4684,12179.347
00bbac68_4685,12179.322
00bbac68_4686,12179.297
00bbac68_4687,12179.271
00bbac68_4688,12179.246
00bbac68_4689,12179.221
00bbac68_4690,12179.194
00bbac68_4691,12179.169
00bbac68_4692,12179.143
00bbac68_4693,12179.116
00bbac68_4694,12179.09
00bbac68_4695,12179.063
00bbac68_4696,12179.036
00bbac68_4697,12179.01
00bbac68_4698,12178.982
00bbac68_4699,12178.956
00bbac68_4700,12178.929
00bbac68_4701,12178.901
00bbac68_4702,12178.874
00bbac68_4703,12178.848
00bbac68_4704,12178.82
00bbac68_4705,12178.793
00bbac68_4706,12178.766
00bbac68_4707,12178.739
00bbac68_4708,12178.712
00bbac68_4709,12178.685
00bbac68_4710,12178.658
00bbac68_4711,12178.631
00bbac68_4712,12178.6045
00bbac68_4713,12178.577
00bbac68_4714,12178.551
00bbac68_4715,12178.524
00bbac68_4716,12178.498
00bbac68_4717,12178.472
00bbac68_4718,12178.446
00bbac68_4719,12178.42
00bbac68_4720,12178.394
00bbac68_4721,12178.368
00bbac68_4722,12178.343
00bbac68_4723,12178.316
00bbac68_4724,12178.291
00bbac68_4725,12178.266
00bbac68_4726,12178.24
00bbac68_4727,12178.215
00bbac68_4728,12178.19
00bbac68_4729,12178.165
00bbac68_4730,12178.14
00bbac68_4731,12178.115
00bbac68_4732,12178.09
00bbac68_4733,12178.065
00bbac68_4734,12178.04
00bbac68_4735,12178.016
00bbac68_4736,12177.991
00bbac68_4737,12177.966
00bbac68_4738,12177.941
00bbac68_4739,12177.917
00bbac68_4740,12177.893
00bbac68_4741,12177.868
00bbac68_4742,12177.845
00bbac68_4743,12177.82
00bbac68_4744,12177.797
00bbac68_4745,12177.773
00bbac68_4746,12177.75
00bbac68_4747,12177.727
00bbac68_4748,12177.704
00bbac68_4749,12177.681
00bbac68_4750,12177.659
00bbac68_4751,12177.637
00bbac68_4752,12177.615
00bbac68_4753,12177.594
00bbac68_4754,12177.573
00bbac68_4755,12177.552
00bbac68_4756,12177.532
00bbac68_4757,12177.512
00bbac68_4758,12177.492
00bbac68_4759,12177.473
00bbac68_4760,12177.453
00bbac68_4761,12177.435
00bbac68_4762,12177.416
00bbac68_4763,12177.398
00bbac68_4764,12177.381
00bbac68_4765,12177.363
00bbac68_4766,12177.347
00bbac68_4767,12177.33
00bbac68_4768,12177.313
00bbac68_4769,12177.298
00bbac68_4770,12177.282
00bbac68_4771,12177.267
00bbac68_4772,12177.252
00bbac68_4773,12177.237
00bbac68_4774,12177.223
00bbac68_4775,12177.209
00bbac68_4776,12177.195
00bbac68_4777,12177.182
00bbac68_4778,12177.168
00bbac68_4779,12177.155
00bbac68_4780,12177.143
00bbac68_4781,12177.131
00bbac68_4782,12177.119
00bbac68_4783,12177.107
00bbac68_4784,12177.096
00bbac68_4785,12177.085
00bbac68_4786,12177.074
00bbac68_4787,12177.064
00bbac68_4788,12177.055
00bbac68_4789,12177.045
00bbac68_4790,12177.036
00bbac68_4791,12177.027
00bbac68_4792,12177.019
00bbac68_4793,12177.011
00bbac68_4794,12177.003
00bbac68_4795,12176.996
00bbac68_4796,12176.989
00bbac68_4797,12176.982
00bbac68_4798,12176.977
00bbac68_4799,12176.972
00bbac68_4800,12176.967
00bbac68_4801,12176.962
00bbac68_4802,12176.958
00bbac68_4803,12176.954
00bbac68_4804,12176.951
00bbac68_4805,12176.948
00bbac68_4806,12176.945
00bbac68_4807,12176.944
00bbac68_4808,12176.942
00bbac68_4809,12176.941
00bbac68_4810,12176.94
00bbac68_4811,12176.939
00bbac68_4812,12176.939
00bbac68_4813,12176.939
00bbac68_4814,12176.94
00bbac68_4815,12176.94
00bbac68_4816,12176.941
00bbac68_4817,12176.942
00bbac68_4818,12176.943
00bbac68_4819,12176.945
00bbac68_4820,12176.947
00bbac68_4821,12176.949
00bbac68_4822,12176.951
00bbac68_4823,12176.954
00bbac68_4824,12176.957
00bbac68_4825,12176.96
00bbac68_4826,12176.963
00bbac68_4827,12176.966
00bbac68_4828,12176.97
00bbac68_4829,12176.973
00bbac68_4830,12176.977
00bbac68_4831,12176.98
00bbac68_4832,12176.985
00bbac68_4833,12176.989
00bbac68_4834,12176.994
00bbac68_4835,12176.998
00bbac68_4836,12177.003
00bbac68_4837,12177.008
00bbac68_4838,12177.013
00bbac68_4839,12177.019
00bbac68_4840,12177.023
00bbac68_4841,12177.029
00bbac68_4842,12177.035
00bbac68_4843,12177.041
00bbac68_4844,12177.047
00bbac68_4845,12177.054
00bbac68_4846,12177.06
00bbac68_4847,12177.066
00bbac68_4848,12177.073
00bbac68_4849,12177.08
00bbac68_4850,12177.087
00bbac68_4851,12177.094
00bbac68_4852,12177.101
00bbac68_4853,12177.107
00bbac68_4854,12177.114
00bbac68_4855,12177.122
00bbac68_4856,12177.129
00bbac68_4857,12177.136
00bbac68_4858,12177.144
00bbac68_4859,12177.15
00bbac68_4860,12177.158
00bbac68_4861,12177.165
00bbac68_4862,12177.173
00bbac68_4863,12177.181
00bbac68_4864,12177.1875
00bbac68_4865,12177.194
00bbac68_4866,12177.202
00bbac68_4867,12177.209
00bbac68_4868,12177.216
00bbac68_4869,12177.223
00bbac68_4870,12177.2295
00bbac68_4871,12177.236
00bbac68_4872,12177.242
00bbac68_4873,12177.249
00bbac68_4874,12177.255
00bbac68_4875,12177.261
00bbac68_4876,12177.267
00bbac68_4877,12177.272
00bbac68_4878,12177.277
00bbac68_4879,12177.283
00bbac68_4880,12177.288
00bbac68_4881,12177.293
00bbac68_4882,12177.298
00bbac68_4883,12177.303
00bbac68_4884,12177.307
00bbac68_4885,12177.311
00bbac68_4886,12177.314
00bbac68_4887,12177.318
00bbac68_4888,12177.322
00bbac68_4889,12177.325
00bbac68_4890,12177.328
00bbac68_4891,12177.331
00bbac68_4892,12177.334
00bbac68_4893,12177.337
00bbac68_4894,12177.339
00bbac68_4895,12177.341
00bbac68_4896,12177.344
00bbac68_4897,12177.346
00bbac68_4898,12177.348
00bbac68_4899,12177.349
00bbac68_4900,12177.351
00bbac68_4901,12177.352
00bbac68_4902,12177.354
00bbac68_4903,12177.3545
00bbac68_4904,12177.355
00bbac68_4905,12177.356
00bbac68_4906,12177.357
00bbac68_4907,12177.357
00bbac68_4908,12177.357
00bbac68_4909,12177.357
00bbac68_4910,12177.357
00bbac68_4911,12177.357
00bbac68_4912,12177.356
00bbac68_4913,12177.355
00bbac68_4914,12177.3545
00bbac68_4915,12177.354
00bbac68_4916,12177.353
00bbac68_4917,12177.351
00bbac68_4918,12177.349
00bbac68_4919,12177.347
00bbac68_4920,12177.345
00bbac68_4921,12177.343
00bbac68_4922,12177.34
00bbac68_4923,12177.337
00bbac68_4924,12177.334
00bbac68_4925,12177.331
00bbac68_4926,12177.327
00bbac68_4927,12177.323
00bbac68_4928,12177.319
00bbac68_4929,12177.315
00bbac68_4930,12177.312
00bbac68_4931,12177.307
00bbac68_4932,12177.302
00bbac68_4933,12177.297
00bbac68_4934,12177.292
00bbac68_4935,12177.286
00bbac68_4936,12177.281
00bbac68_4937,12177.275
00bbac68_4938,12177.27
00bbac68_4939,12177.265
00bbac68_4940,12177.259
00bbac68_4941,12177.254
00bbac68_4942,12177.248
00bbac68_4943,12177.243
00bbac68_4944,12177.237
00bbac68_4945,12177.232
00bbac68_4946,12177.227
00bbac68_4947,12177.222
00bbac68_4948,12177.217
00bbac68_4949,12177.211
00bbac68_4950,12177.206
00bbac68_4951,12177.2
00bbac68_4952,12177.195
00bbac68_4953,12177.19
00bbac68_4954,12177.185
00bbac68_4955,12177.18
00bbac68_4956,12177.174
00bbac68_4957,12177.169
00bbac68_4958,12177.163
00bbac68_4959,12177.158
00bbac68_4960,12177.153
00bbac68_4961,12177.147
00bbac68_4962,12177.143
00bbac68_4963,12177.137
00bbac68_4964,12177.132
00bbac68_4965,12177.126
00bbac68_4966,12177.121
00bbac68_4967,12177.115
00bbac68_4968,12177.11
00bbac68_4969,12177.1045
00bbac68_4970,12177.099
00bbac68_4971,12177.094
00bbac68_4972,12177.089
00bbac68_4973,12177.083
00bbac68_4974,12177.078
00bbac68_4975,12177.072
00bbac68_4976,12177.067
00bbac68_4977,12177.0625
00bbac68_4978,12177.058
00bbac68_4979,12177.053
00bbac68_4980,12177.049
00bbac68_4981,12177.044
00bbac68_4982,12177.04
00bbac68_4983,12177.035
00bbac68_4984,12177.031
00bbac68_4985,12177.028
00bbac68_4986,12177.024
00bbac68_4987,12177.0205
00bbac68_4988,12177.017
00bbac68_4989,12177.014
00bbac68_4990,12177.011
00bbac68_4991,12177.008
00bbac68_4992,12177.005
00bbac68_4993,12177.002
00bbac68_4994,12176.999
00bbac68_4995,12176.996
00bbac68_4996,12176.993
00bbac68_4997,12176.991
00bbac68_4998,12176.988
00bbac68_4999,12176.986
00bbac68_5000,12176.984
00bbac68_5001,12176.982
00bbac68_5002,12176.98
00bbac68_5003,12176.979
00bbac68_5004,12176.977
00bbac68_5005,12176.975
00bbac68_5006,12176.973
00bbac68_5007,12176.972
00bbac68_5008,12176.97
00bbac68_5009,12176.969
00bbac68_5010,12176.967
00bbac68_5011,12176.966
00bbac68_5012,12176.964
00bbac68_5013,12176.963
00bbac68_5014,12176.962
00bbac68_5015,12176.96
00bbac68_5016,12176.959
00bbac68_5017,12176.958
00bbac68_5018,12176.957
00bbac68_5019,12176.956
00bbac68_5020,12176.955
00bbac68_5021,12176.954
00bbac68_5022,12176.953
00bbac68_5023,12176.952
00bbac68_5024,12176.952
00bbac68_5025,12176.951
00bbac68_5026,12176.951
00bbac68_5027,12176.951
00bbac68_5028,12176.95
00bbac68_5029,12176.95
00bbac68_5030,12176.95
00bbac68_5031,12176.95
00bbac68_5032,12176.95
00bbac68_5033,12176.951
00bbac68_5034,12176.951
00bbac68_5035,12176.951
00bbac68_5036,12176.951
00bbac68_5037,12176.952
00bbac68_5038,12176.952
00bbac68_5039,12176.952
00bbac68_5040,12176.953
00bbac68_5041,12176.953
00bbac68_5042,12176.953
00bbac68_5043,12176.953
00bbac68_5044,12176.954
00bbac68_5045,12176.954
00bbac68_5046,12176.954
00bbac68_5047,12176.954
00bbac68_5048,12176.953
00bbac68_5049,12176.953
00bbac68_5050,12176.953
00bbac68_5051,12176.952
00bbac68_5052,12176.951
00bbac68_5053,12176.95
00bbac68_5054,12176.949
00bbac68_5055,12176.948
00bbac68_5056,12176.946
00bbac68_5057,12176.944
00bbac68_5058,12176.942
00bbac68_5059,12176.94
00bbac68_5060,12176.938
00bbac68_5061,12176.936
00bbac68_5062,12176.933
00bbac68_5063,12176.93
00bbac68_5064,12176.927
00bbac68_5065,12176.923
00bbac68_5066,12176.92
00bbac68_5067,12176.916
00bbac68_5068,12176.912
00bbac68_5069,12176.907
00bbac68_5070,12176.903
00bbac68_5071,12176.899
00bbac68_5072,12176.895
00bbac68_5073,12176.89
00bbac68_5074,12176.885
00bbac68_5075,12176.88
00bbac68_5076,12176.874
00bbac68_5077,12176.869
00bbac68_5078,12176.863
00bbac68_5079,12176.857
00bbac68_5080,12176.851
00bbac68_5081,12176.845
00bbac68_5082,12176.838
00bbac68_5083,12176.831
00bbac68_5084,12176.824
00bbac68_5085,12176.817
00bbac68_5086,12176.81
00bbac68_5087,12176.802
00bbac68_5088,12176.794
00bbac68_5089,12176.786
00bbac68_5090,12176.777
00bbac68_5091,12176.769
00bbac68_5092,12176.76
00bbac68_5093,12176.75
00bbac68_5094,12176.741
00bbac68_5095,12176.731
00bbac68_5096,12176.722
00bbac68_5097,12176.711
00bbac68_5098,12176.701
00bbac68_5099,12176.69
00bbac68_5100,12176.68
00bbac68_5101,12176.668
00bbac68_5102,12176.656
00bbac68_5103,12176.645
00bbac68_5104,12176.633
00bbac68_5105,12176.62
00bbac68_5106,12176.607
00bbac68_5107,12176.595
00bbac68_5108,12176.581
00bbac68_5109,12176.568
00bbac68_5110,12176.555
00bbac68_5111,12176.54
00bbac68_5112,12176.526
00bbac68_5113,12176.512
00bbac68_5114,12176.497
00bbac68_5115,12176.482
00bbac68_5116,12176.468
00bbac68_5117,12176.452
00bbac68_5118,12176.437
00bbac68_5119,12176.421
00bbac68_5120,12176.405
00bbac68_5121,12176.39
00bbac68_5122,12176.373
00bbac68_5123,12176.357
00bbac68_5124,12176.341
00bbac68_5125,12176.324
00bbac68_5126,12176.308
00bbac68_5127,12176.291
00bbac68_5128,12176.274
00bbac68_5129,12176.258
00bbac68_5130,12176.241
00bbac68_5131,12176.225
00bbac68_5132,12176.208
00bbac68_5133,12176.191
00bbac68_5134,12176.175
00bbac68_5135,12176.158
00bbac68_5136,12176.142
00bbac68_5137,12176.125
00bbac68_5138,12176.108
00bbac68_5139,12176.092
00bbac68_5140,12176.075
00bbac68_5141,12176.059
00bbac68_5142,12176.043
00bbac68_5143,12176.026
00bbac68_5144,12176.01
00bbac68_5145,12175.993
00bbac68_5146,12175.978
00bbac68_5147,12175.961
00bbac68_5148,12175.944
00bbac68_5149,12175.929
00bbac68_5150,12175.912
00bbac68_5151,12175.896
00bbac68_5152,12175.88
00bbac68_5153,12175.864
00bbac68_5154,12175.849
00bbac68_5155,12175.832
00bbac68_5156,12175.816
00bbac68_5157,12175.801
00bbac68_5158,12175.785
00bbac68_5159,12175.77
00bbac68_5160,12175.754
00bbac68_5161,12175.738
00bbac68_5162,12175.724
00bbac68_5163,12175.709
00bbac68_5164,12175.694
00bbac68_5165,12175.68
00bbac68_5166,12175.665
00bbac68_5167,12175.651
00bbac68_5168,12175.637
00bbac68_5169,12175.623
00bbac68_5170,12175.609
00bbac68_5171,12175.596
00bbac68_5172,12175.583
00bbac68_5173,12175.569
00bbac68_5174,12175.557
00bbac68_5175,12175.544
00bbac68_5176,12175.532
00bbac68_5177,12175.52
00bbac68_5178,12175.508
00bbac68_5179,12175.497
00bbac68_5180,12175.485
00bbac68_5181,12175.475
00bbac68_5182,12175.464
00bbac68_5183,12175.453
00bbac68_5184,12175.443
00bbac68_5185,12175.433
00bbac68_5186,12175.423
00bbac68_5187,12175.414
00bbac68_5188,12175.404
00bbac68_5189,12175.3955
00bbac68_5190,12175.387
00bbac68_5191,12175.378
00bbac68_5192,12175.37
00bbac68_5193,12175.362
00bbac68_5194,12175.3545
00bbac68_5195,12175.347
00bbac68_5196,12175.34
00bbac68_5197,12175.332
00bbac68_5198,12175.325
00bbac68_5199,12175.318
00bbac68_5200,12175.3125
00bbac68_5201,12175.307
00bbac68_5202,12175.3
00bbac68_5203,12175.294
00bbac68_5204,12175.289
00bbac68_5205,12175.283
00bbac68_5206,12175.278
00bbac68_5207,12175.273
00bbac68_5208,12175.269
00bbac68_5209,12175.265
00bbac68_5210,12175.261
00bbac68_5211,12175.257
00bbac68_5212,12175.253
00bbac68_5213,12175.249
00bbac68_5214,12175.246
00bbac68_5215,12175.243
00bbac68_5216,12175.241
00bbac68_5217,12175.238
00bbac68_5218,12175.236
00bbac68_5219,12175.234
00bbac68_5220,12175.232
00bbac68_5221,12175.231
00bbac68_5222,12175.2295
00bbac68_5223,12175.229
00bbac68_5224,12175.228
00bbac68_5225,12175.227
00bbac68_5226,12175.226
00bbac68_5227,12175.226
00bbac68_5228,12175.225
00bbac68_5229,12175.224
00bbac68_5230,12175.224
00bbac68_5231,12175.224
00bbac68_5232,12175.223
00bbac68_5233,12175.223
00bbac68_5234,12175.223
00bbac68_5235,12175.222
00bbac68_5236,12175.222
00bbac68_5237,12175.221
00bbac68_5238,12175.221
00bbac68_5239,12175.221
00bbac68_5240,12175.22
00bbac68_5241,12175.22
00bbac68_5242,12175.219
00bbac68_5243,12175.219
00bbac68_5244,12175.218
00bbac68_5245,12175.218
00bbac68_5246,12175.217
00bbac68_5247,12175.217
00bbac68_5248,12175.216
00bbac68_5249,12175.215
00bbac68_5250,12175.214
00bbac68_5251,12175.214
00bbac68_5252,12175.213
00bbac68_5253,12175.212
00bbac68_5254,12175.211
00bbac68_5255,12175.21
00bbac68_5256,12175.209
00bbac68_5257,12175.207
00bbac68_5258,12175.206
00bbac68_5259,12175.204
00bbac68_5260,12175.203
00bbac68_5261,12175.201
00bbac68_5262,12175.199
00bbac68_5263,12175.197
00bbac68_5264,12175.195
00bbac68_5265,12175.193
00bbac68_5266,12175.191
00bbac68_5267,12175.189
00bbac68_5268,12175.187
00bbac68_5269,12175.185
00bbac68_5270,12175.182
00bbac68_5271,12175.179
00bbac68_5272,12175.176
00bbac68_5273,12175.172
00bbac68_5274,12175.169
00bbac68_5275,12175.165
00bbac68_5276,12175.161
00bbac68_5277,12175.156
00bbac68_5278,12175.151
00bbac68_5279,12175.147
00bbac68_5280,12175.142
00bbac68_5281,12175.137
00bbac68_5282,12175.131
00bbac68_5283,12175.125
00bbac68_5284,12175.119
00bbac68_5285,12175.112
00bbac68_5286,12175.105
00bbac68_5287,12175.099
00bbac68_5288,12175.091
00bbac68_5289,12175.083
00bbac68_5290,12175.075
00bbac68_5291,12175.067
00bbac68_5292,12175.059
00bbac68_5293,12175.05
00bbac68_5294,12175.04
00bbac68_5295,12175.03
00bbac68_5296,12175.0205
00bbac68_5297,12175.011
00bbac68_5298,12175.0
00bbac68_5299,12174.989
00bbac68_5300,12174.978
00bbac68_5301,12174.966
00bbac68_5302,12174.954
00bbac68_5303,12174.942
00bbac68_5304,12174.93
00bbac68_5305,12174.917
00bbac68_5306,12174.903
00bbac68_5307,12174.89
00bbac68_5308,12174.876
00bbac68_5309,12174.862
00bbac68_5310,12174.848
00bbac68_5311,12174.833
00bbac68_5312,12174.818
00bbac68_5313,12174.803
00bbac68_5314,12174.787
00bbac68_5315,12174.771
00bbac68_5316,12174.756
00bbac68_5317,12174.739
00bbac68_5318,12174.723
00bbac68_5319,12174.705
00bbac68_5320,12174.688
00bbac68_5321,12174.671
00bbac68_5322,12174.653
00bbac68_5323,12174.635
00bbac68_5324,12174.616
00bbac68_5325,12174.598
00bbac68_5326,12174.579
00bbac68_5327,12174.56
00bbac68_5328,12174.54
00bbac68_5329,12174.5205
00bbac68_5330,12174.5
00bbac68_5331,12174.4795
00bbac68_5332,12174.46
00bbac68_5333,12174.438
00bbac68_5334,12174.418
00bbac68_5335,12174.397
00bbac68_5336,12174.376
00bbac68_5337,12174.3545
00bbac68_5338,12174.334
00bbac68_5339,12174.312
00bbac68_5340,12174.29
00bbac68_5341,12174.269
00bbac68_5342,12174.246
00bbac68_5343,12174.225
00bbac68_5344,12174.202
00bbac68_5345,12174.18
00bbac68_5346,12174.157
00bbac68_5347,12174.135
00bbac68_5348,12174.112
00bbac68_5349,12174.089
00bbac68_5350,12174.066
00bbac68_5351,12174.044
00bbac68_5352,12174.021
00bbac68_5353,12173.999
00bbac68_5354,12173.977
00bbac68_5355,12173.954
00bbac68_5356,12173.932
00bbac68_5357,12173.909
00bbac68_5358,12173.887
00bbac68_5359,12173.865
00bbac68_5360,12173.843
00bbac68_5361,12173.821
00bbac68_5362,12173.8
00bbac68_5363,12173.777
00bbac68_5364,12173.756
00bbac68_5365,12173.734
00bbac68_5366,12173.713
00bbac68_5367,12173.691
00bbac68_5368,12173.671
00bbac68_5369,12173.649
00bbac68_5370,12173.629
00bbac68_5371,12173.608
00bbac68_5372,12173.588
00bbac68_5373,12173.567
00bbac68_5374,12173.547
00bbac68_5375,12173.527
00bbac68_5376,12173.508
00bbac68_5377,12173.488
00bbac68_5378,12173.469
00bbac68_5379,12173.449
00bbac68_5380,12173.431
00bbac68_5381,12173.411
00bbac68_5382,12173.393
00bbac68_5383,12173.374
00bbac68_5384,12173.355
00bbac68_5385,12173.337
00bbac68_5386,12173.319
00bbac68_5387,12173.301
00bbac68_5388,12173.283
00bbac68_5389,12173.266
00bbac68_5390,12173.248
00bbac68_5391,12173.23
00bbac68_5392,12173.214
00bbac68_5393,12173.196
00bbac68_5394,12173.18
00bbac68_5395,12173.163
00bbac68_5396,12173.146
00bbac68_5397,12173.131
00bbac68_5398,12173.115
00bbac68_5399,12173.099
00bbac68_5400,12173.084
00bbac68_5401,12173.068
00bbac68_5402,12173.054
00bbac68_5403,12173.038
00bbac68_5404,12173.023
00bbac68_5405,12173.01
00bbac68_5406,12172.995
00bbac68_5407,12172.981
00bbac68_5408,12172.968
00bbac68_5409,12172.954
00bbac68_5410,12172.94
00bbac68_5411,12172.927
00bbac68_5412,12172.914
00bbac68_5413,12172.901
00bbac68_5414,12172.889
00bbac68_5415,12172.876
00bbac68_5416,12172.863
00bbac68_5417,12172.852
00bbac68_5418,12172.84
00bbac68_5419,12172.828
00bbac68_5420,12172.816
00bbac68_5421,12172.805
00bbac68_5422,12172.793
00bbac68_5423,12172.782
00bbac68_5424,12172.771
00bbac68_5425,12172.761
00bbac68_5426,12172.75
00bbac68_5427,12172.739
00bbac68_5428,12172.729
00bbac68_5429,12172.719
00bbac68_5430,12172.709
00bbac68_5431,12172.699
00bbac68_5432,12172.689
00bbac68_5433,12172.68
00bbac68_5434,12172.67
00bbac68_5435,12172.661
00bbac68_5436,12172.651
00bbac68_5437,12172.643
00bbac68_5438,12172.634
00bbac68_5439,12172.625
00bbac68_5440,12172.617
00bbac68_5441,12172.608
00bbac68_5442,12172.601
00bbac68_5443,12172.594
00bbac68_5444,12172.586
00bbac68_5445,12172.579
00bbac68_5446,12172.572
00bbac68_5447,12172.565
00bbac68_5448,12172.559
00bbac68_5449,12172.553
00bbac68_5450,12172.546
00bbac68_5451,12172.541
00bbac68_5452,12172.535
00bbac68_5453,12172.529
00bbac68_5454,12172.524
00bbac68_5455,12172.52
00bbac68_5456,12172.515
00bbac68_5457,12172.511
00bbac68_5458,12172.507
00bbac68_5459,12172.503
00bbac68_5460,12172.499
00bbac68_5461,12172.496
00bbac68_5462,12172.493
00bbac68_5463,12172.49
00bbac68_5464,12172.488
00bbac68_5465,12172.486
00bbac68_5466,12172.484
00bbac68_5467,12172.482
00bbac68_5468,12172.481
00bbac68_5469,12172.48
00bbac68_5470,12172.4795
00bbac68_5471,12172.479
00bbac68_5472,12172.478
00bbac68_5473,12172.478
00bbac68_5474,12172.478
00bbac68_5475,12172.478
00bbac68_5476,12172.478
00bbac68_5477,12172.478
00bbac68_5478,12172.479
00bbac68_5479,12172.479
00bbac68_5480,12172.4795
00bbac68_5481,12172.48
00bbac68_5482,12172.482
00bbac68_5483,12172.483
00bbac68_5484,12172.484
00bbac68_5485,12172.486
00bbac68_5486,12172.488
00bbac68_5487,12172.489
00bbac68_5488,12172.491
00bbac68_5489,12172.493
00bbac68_5490,12172.495
00bbac68_5491,12172.498
00bbac68_5492,12172.5
00bbac68_5493,12172.502
00bbac68_5494,12172.504
00bbac68_5495,12172.507
00bbac68_5496,12172.509
00bbac68_5497,12172.511
00bbac68_5498,12172.514
00bbac68_5499,12172.516
00bbac68_5500,12172.518
00bbac68_5501,12172.52
00bbac68_5502,12172.521
00bbac68_5503,12172.523
00bbac68_5504,12172.524
00bbac68_5505,12172.526
00bbac68_5506,12172.527
00bbac68_5507,12172.529
00bbac68_5508,12172.53
00bbac68_5509,12172.531
00bbac68_5510,12172.532
00bbac68_5511,12172.533
00bbac68_5512,12172.533
00bbac68_5513,12172.534
00bbac68_5514,12172.534
00bbac68_5515,12172.534
00bbac68_5516,12172.534
00bbac68_5517,12172.534
00bbac68_5518,12172.534
00bbac68_5519,12172.533
00bbac68_5520,12172.532
00bbac68_5521,12172.531
00bbac68_5522,12172.53
00bbac68_5523,12172.528
00bbac68_5524,12172.527
00bbac68_5525,12172.525
00bbac68_5526,12172.523
00bbac68_5527,12172.5205
00bbac68_5528,12172.519
00bbac68_5529,12172.516
00bbac68_5530,12172.513
00bbac68_5531,12172.51
00bbac68_5532,12172.506
00bbac68_5533,12172.502
00bbac68_5534,12172.498
00bbac68_5535,12172.493
00bbac68_5536,12172.489
00bbac68_5537,12172.483
00bbac68_5538,12172.479
00bbac68_5539,12172.472
00bbac68_5540,12172.466
00bbac68_5541,12172.459
00bbac68_5542,12172.451
00bbac68_5543,12172.443
00bbac68_5544,12172.436
00bbac68_5545,12172.427
00bbac68_5546,12172.418
00bbac68_5547,12172.409
00bbac68_5548,12172.399
00bbac68_5549,12172.389
00bbac68_5550,12172.378
00bbac68_5551,12172.367
00bbac68_5552,12172.355
00bbac68_5553,12172.343
00bbac68_5554,12172.33
00bbac68_5555,12172.317
00bbac68_5556,12172.304
00bbac68_5557,12172.289
00bbac68_5558,12172.274
00bbac68_5559,12172.259
00bbac68_5560,12172.243
00bbac68_5561,12172.227
00bbac68_5562,12172.21
00bbac68_5563,12172.192
00bbac68_5564,12172.174
00bbac68_5565,12172.155
00bbac68_5566,12172.136
00bbac68_5567,12172.116
00bbac68_5568,12172.096
00bbac68_5569,12172.074
00bbac68_5570,12172.053
00bbac68_5571,12172.03
00bbac68_5572,12172.007
00bbac68_5573,12171.982
00bbac68_5574,12171.958
00bbac68_5575,12171.933
00bbac68_5576,12171.907
00bbac68_5577,12171.881
00bbac68_5578,12171.854
00bbac68_5579,12171.825
00bbac68_5580,12171.797
00bbac68_5581,12171.767
00bbac68_5582,12171.737
00bbac68_5583,12171.706
00bbac68_5584,12171.674
00bbac68_5585,12171.642
00bbac68_5586,12171.608
00bbac68_5587,12171.574
00bbac68_5588,12171.54
00bbac68_5589,12171.504
00bbac68_5590,12171.468
00bbac68_5591,12171.431
00bbac68_5592,12171.393
00bbac68_5593,12171.354
00bbac68_5594,12171.314
00bbac68_5595,12171.274
00bbac68_5596,12171.233
00bbac68_5597,12171.191
00bbac68_5598,12171.148
00bbac68_5599,12171.1045
00bbac68_5600,12171.061
00bbac68_5601,12171.015
00bbac68_5602,12170.969
00bbac68_5603,12170.922
00bbac68_5604,12170.873
00bbac68_5605,12170.824
00bbac68_5606,12170.774
00bbac68_5607,12170.723
00bbac68_5608,12170.671
00bbac68_5609,12170.618
00bbac68_5610,12170.564
00bbac68_5611,12170.51
00bbac68_5612,12170.455
00bbac68_5613,12170.398
00bbac68_5614,12170.341
00bbac68_5615,12170.282
00bbac68_5616,12170.224
00bbac68_5617,12170.163
00bbac68_5618,12170.103
00bbac68_5619,12170.04
00bbac68_5620,12169.978
00bbac68_5621,12169.914
00bbac68_5622,12169.85
00bbac68_5623,12169.784
00bbac68_5624,12169.718
00bbac68_5625,12169.65
00bbac68_5626,12169.583
00bbac68_5627,12169.514
00bbac68_5628,12169.444
00bbac68_5629,12169.374
00bbac68_5630,12169.303
00bbac68_5631,12169.231
00bbac68_5632,12169.158
00bbac68_5633,12169.085
00bbac68_5634,12169.011
00bbac68_5635,12168.937
00bbac68_5636,12168.861
00bbac68_5637,12168.785
00bbac68_5638,12168.708
00bbac68_5639,12168.631
00bbac68_5640,12168.553
00bbac68_5641,12168.475
00bbac68_5642,12168.3955
00bbac68_5643,12168.316
00bbac68_5644,12168.235
00bbac68_5645,12168.155
00bbac68_5646,12168.073
00bbac68_5647,12167.992
00bbac68_5648,12167.909
00bbac68_5649,12167.826
00bbac68_5650,12167.743
00bbac68_5651,12167.659
00bbac68_5652,12167.575
00bbac68_5653,12167.49
00bbac68_5654,12167.405
00bbac68_5655,12167.32
00bbac68_5656,12167.234
00bbac68_5657,12167.148
00bbac68_5658,12167.0625
00bbac68_5659,12166.976
00bbac68_5660,12166.889
00bbac68_5661,12166.802
00bbac68_5662,12166.714
00bbac68_5663,12166.626
00bbac68_5664,12166.538
00bbac68_5665,12166.45
00bbac68_5666,12166.361
00bbac68_5667,12166.272
00bbac68_5668,12166.183
00bbac68_5669,12166.093
00bbac68_5670,12166.003
00bbac68_5671,12165.913
00bbac68_5672,12165.823
00bbac68_5673,12165.732
00bbac68_5674,12165.642
00bbac68_5675,12165.551
00bbac68_5676,12165.46
00bbac68_5677,12165.369
00bbac68_5678,12165.278
00bbac68_5679,12165.1875
00bbac68_5680,12165.097
00bbac68_5681,12165.006
00bbac68_5682,12164.915
00bbac68_5683,12164.824
00bbac68_5684,12164.733
00bbac68_5685,12164.644
00bbac68_5686,12164.553
00bbac68_5687,12164.463
00bbac68_5688,12164.373
00bbac68_5689,12164.283
00bbac68_5690,12164.193
00bbac68_5691,12164.1045
00bbac68_5692,12164.016
00bbac68_5693,12163.927
00bbac68_5694,12163.838
00bbac68_5695,12163.75
00bbac68_5696,12163.662
00bbac68_5697,12163.574
00bbac68_5698,12163.487
00bbac68_5699,12163.4
00bbac68_5700,12163.314
00bbac68_5701,12163.229
00bbac68_5702,12163.143
00bbac68_5703,12163.058
00bbac68_5704,12162.973
00bbac68_5705,12162.889
00bbac68_5706,12162.806
00bbac68_5707,12162.723
00bbac68_5708,12162.64
00bbac68_5709,12162.558
00bbac68_5710,12162.477
00bbac68_5711,12162.3955
00bbac68_5712,12162.314
00bbac68_5713,12162.234
00bbac68_5714,12162.155
00bbac68_5715,12162.076
00bbac68_5716,12161.997
00bbac68_5717,12161.92
00bbac68_5718,12161.843
00bbac68_5719,12161.766
00bbac68_5720,12161.689
00bbac68_5721,12161.614
00bbac68_5722,12161.539
00bbac68_5723,12161.465
00bbac68_5724,12161.391
00bbac68_5725,12161.317
00bbac68_5726,12161.245
00bbac68_5727,12161.173
00bbac68_5728,12161.102
00bbac68_5729,12161.031
00bbac68_5730,12160.961
00bbac68_5731,12160.891
00bbac68_5732,12160.821
00bbac68_5733,12160.753
00bbac68_5734,12160.685
00bbac68_5735,12160.617
00bbac68_5736,12160.551
00bbac68_5737,12160.484
00bbac68_5738,12160.419
00bbac68_5739,12160.3545
00bbac68_5740,12160.291
00bbac68_5741,12160.228
00bbac68_5742,12160.166
00bbac68_5743,12160.1045
00bbac68_5744,12160.043
00bbac68_5745,12159.983
00bbac68_5746,12159.924
00bbac68_5747,12159.865
00bbac68_5748,12159.808
00bbac68_5749,12159.75
00bbac68_5750,12159.693
00bbac68_5751,12159.639
00bbac68_5752,12159.584
00bbac68_5753,12159.53
00bbac68_5754,12159.477
00bbac68_5755,12159.425
00bbac68_5756,12159.373
00bbac68_5757,12159.322
00bbac68_5758,12159.273
00bbac68_5759,12159.224
00bbac68_5760,12159.176
00bbac68_5761,12159.129
00bbac68_5762,12159.082
00bbac68_5763,12159.036
00bbac68_5764,12158.991
00bbac68_5765,12158.947
00bbac68_5766,12158.903
00bbac68_5767,12158.86
00bbac68_5768,12158.819
00bbac68_5769,12158.777
00bbac68_5770,12158.737
00bbac68_5771,12158.697
00bbac68_5772,12158.658
00bbac68_5773,12158.62
00bbac68_5774,12158.582
00bbac68_5775,12158.546
00bbac68_5776,12158.51
00bbac68_5777,12158.474
00bbac68_5778,12158.439
00bbac68_5779,12158.405
00bbac68_5780,12158.371
00bbac68_5781,12158.338
00bbac68_5782,12158.306
00bbac68_5783,12158.274
00bbac68_5784,12158.243
00bbac68_5785,12158.213
00bbac68_5786,12158.183
00bbac68_5787,12158.153
00bbac68_5788,12158.124
00bbac68_5789,12158.096
00bbac68_5790,12158.068
00bbac68_5791,12158.041
00bbac68_5792,12158.015
00bbac68_5793,12157.988
00bbac68_5794,12157.962
00bbac68_5795,12157.9375
00bbac68_5796,12157.912
00bbac68_5797,12157.888
00bbac68_5798,12157.863
00bbac68_5799,12157.84
00bbac68_5800,12157.816
00bbac68_5801,12157.794
00bbac68_5802,12157.771
00bbac68_5803,12157.75
00bbac68_5804,12157.728
00bbac68_5805,12157.707
00bbac68_5806,12157.687
00bbac68_5807,12157.666
00bbac68_5808,12157.6455
00bbac68_5809,12157.626
00bbac68_5810,12157.606
00bbac68_5811,12157.587
00bbac68_5812,12157.568
00bbac68_5813,12157.55
00bbac68_5814,12157.531
00bbac68_5815,12157.514
00bbac68_5816,12157.496
00bbac68_5817,12157.479
00bbac68_5818,12157.461
00bbac68_5819,12157.443
00bbac68_5820,12157.427
00bbac68_5821,12157.41
00bbac68_5822,12157.393
00bbac68_5823,12157.377
00bbac68_5824,12157.36
00bbac68_5825,12157.344
00bbac68_5826,12157.328
00bbac68_5827,12157.3125
00bbac68_5828,12157.297
00bbac68_5829,12157.281
00bbac68_5830,12157.266
00bbac68_5831,12157.25
00bbac68_5832,12157.234
00bbac68_5833,12157.219
00bbac68_5834,12157.203
00bbac68_5835,12157.188
00bbac68_5836,12157.173
00bbac68_5837,12157.157
00bbac68_5838,12157.143
00bbac68_5839,12157.128
00bbac68_5840,12157.112
00bbac68_5841,12157.098
00bbac68_5842,12157.082
00bbac68_5843,12157.067
00bbac68_5844,12157.052
00bbac68_5845,12157.037
00bbac68_5846,12157.021
00bbac68_5847,12157.007
00bbac68_5848,12156.991
00bbac68_5849,12156.976
00bbac68_5850,12156.961
00bbac68_5851,12156.945
00bbac68_5852,12156.93
00bbac68_5853,12156.915
00bbac68_5854,12156.899
00bbac68_5855,12156.884
00bbac68_5856,12156.868
00bbac68_5857,12156.854
00bbac68_5858,12156.838
00bbac68_5859,12156.822
00bbac68_5860,12156.807
00bbac68_5861,12156.79
00bbac68_5862,12156.774
00bbac68_5863,12156.759
00bbac68_5864,12156.742
00bbac68_5865,12156.726
00bbac68_5866,12156.71
00bbac68_5867,12156.693
00bbac68_5868,12156.678
00bbac68_5869,12156.661
00bbac68_5870,12156.645
00bbac68_5871,12156.629
00bbac68_5872,12156.612
00bbac68_5873,12156.596
00bbac68_5874,12156.579
00bbac68_5875,12156.563
00bbac68_5876,12156.547
00bbac68_5877,12156.53
00bbac68_5878,12156.514
00bbac68_5879,12156.497
00bbac68_5880,12156.48
00bbac68_5881,12156.464
00bbac68_5882,12156.446
00bbac68_5883,12156.43
00bbac68_5884,12156.413
00bbac68_5885,12156.3955
00bbac68_5886,12156.378
00bbac68_5887,12156.36
00bbac68_5888,12156.344
00bbac68_5889,12156.326
00bbac68_5890,12156.308
00bbac68_5891,12156.29
00bbac68_5892,12156.272
00bbac68_5893,12156.254
00bbac68_5894,12156.236
00bbac68_5895,12156.218
00bbac68_5896,12156.199
00bbac68_5897,12156.18
00bbac68_5898,12156.161
00bbac68_5899,12156.143
00bbac68_5900,12156.123
00bbac68_5901,12156.104
00bbac68_5902,12156.084
00bbac68_5903,12156.064
00bbac68_5904,12156.045
00bbac68_5905,12156.024
00bbac68_5906,12156.004
00bbac68_5907,12155.983
00bbac68_5908,12155.963
00bbac68_5909,12155.942
00bbac68_5910,12155.921
00bbac68_5911,12155.9
00bbac68_5912,12155.879
00bbac68_5913,12155.857
00bbac68_5914,12155.836
00bbac68_5915,12155.813
00bbac68_5916,12155.792
00bbac68_5917,12155.77
00bbac68_5918,12155.747
00bbac68_5919,12155.725
00bbac68_5920,12155.702
00bbac68_5921,12155.68
00bbac68_5922,12155.656
00bbac68_5923,12155.634
00bbac68_5924,12155.61
00bbac68_5925,12155.587
00bbac68_5926,12155.563
00bbac68_5927,12155.54
00bbac68_5928,12155.516
00bbac68_5929,12155.492
00bbac68_5930,12155.469
00bbac68_5931,12155.444
00bbac68_5932,12155.421
00bbac68_5933,12155.396
00bbac68_5934,12155.373
00bbac68_5935,12155.349
00bbac68_5936,12155.324
00bbac68_5937,12155.301
00bbac68_5938,12155.276
00bbac68_5939,12155.252
00bbac68_5940,12155.229
00bbac68_5941,12155.204
00bbac68_5942,12155.18
00bbac68_5943,12155.155
00bbac68_5944,12155.131
00bbac68_5945,12155.107
00bbac68_5946,12155.083
00bbac68_5947,12155.059
00bbac68_5948,12155.034
00bbac68_5949,12155.011
00bbac68_5950,12154.986
00bbac68_5951,12154.962
00bbac68_5952,12154.938
00bbac68_5953,12154.914
00bbac68_5954,12154.891
00bbac68_5955,12154.867
00bbac68_5956,12154.843
00bbac68_5957,12154.819
00bbac68_5958,12154.796
00bbac68_5959,12154.771
00bbac68_5960,12154.748
00bbac68_5961,12154.725
00bbac68_5962,12154.701
00bbac68_5963,12154.678
00bbac68_5964,12154.654
00bbac68_5965,12154.632
00bbac68_5966,12154.608
00bbac68_5967,12154.586
00bbac68_5968,12154.563
00bbac68_5969,12154.54
00bbac68_5970,12154.518
00bbac68_5971,12154.495
00bbac68_5972,12154.473
00bbac68_5973,12154.451
00bbac68_5974,12154.429
00bbac68_5975,12154.407
00bbac68_5976,12154.386
00bbac68_5977,12154.364
00bbac68_5978,12154.343
00bbac68_5979,12154.321
00bbac68_5980,12154.301
00bbac68_5981,12154.28
00bbac68_5982,12154.26
00bbac68_5983,12154.239
00bbac68_5984,12154.22
00bbac68_5985,12154.2
00bbac68_5986,12154.181
00bbac68_5987,12154.162
00bbac68_5988,12154.143
00bbac68_5989,12154.124
00bbac68_5990,12154.105
00bbac68_5991,12154.088
00bbac68_5992,12154.07
00bbac68_5993,12154.052
00bbac68_5994,12154.035
00bbac68_5995,12154.018
00bbac68_5996,12154.001
00bbac68_5997,12153.984
00bbac68_5998,12153.968
00bbac68_5999,12153.952
00bbac68_6000,12153.937
00bbac68_6001,12153.921
00bbac68_6002,12153.905
00bbac68_6003,12153.891
00bbac68_6004,12153.876
00bbac68_6005,12153.861
00bbac68_6006,12153.848
00bbac68_6007,12153.834
00bbac68_6008,12153.82
00bbac68_6009,12153.807
00bbac68_6010,12153.794
00bbac68_6011,12153.782
00bbac68_6012,12153.77
00bbac68_6013,12153.758
00bbac68_6014,12153.746
00bbac68_6015,12153.735
00bbac68_6016,12153.725
00bbac68_6017,12153.714
00bbac68_6018,12153.703
00bbac68_6019,12153.693
00bbac68_6020,12153.684
00bbac68_6021,12153.674
00bbac68_6022,12153.665
00bbac68_6023,12153.656
00bbac68_6024,12153.647
00bbac68_6025,12153.64
00bbac68_6026,12153.632
00bbac68_6027,12153.624
00bbac68_6028,12153.616
00bbac68_6029,12153.609
00bbac68_6030,12153.603
00bbac68_6031,12153.596
00bbac68_6032,12153.589
00bbac68_6033,12153.583
00bbac68_6034,12153.577
00bbac68_6035,12153.571
00bbac68_6036,12153.566
00bbac68_6037,12153.561
00bbac68_6038,12153.556
00bbac68_6039,12153.551
00bbac68_6040,12153.547
00bbac68_6041,12153.543
00bbac68_6042,12153.539
00bbac68_6043,12153.535
00bbac68_6044,12153.531
00bbac68_6045,12153.528
00bbac68_6046,12153.525
00bbac68_6047,12153.522
00bbac68_6048,12153.5205
00bbac68_6049,12153.518
00bbac68_6050,12153.516
00bbac68_6051,12153.514
00bbac68_6052,12153.513
00bbac68_6053,12153.511
00bbac68_6054,12153.51
00bbac68_6055,12153.509
00bbac68_6056,12153.508
00bbac68_6057,12153.507
00bbac68_6058,12153.506
00bbac68_6059,12153.505
00bbac68_6060,12153.505
00bbac68_6061,12153.505
00bbac68_6062,12153.505
00bbac68_6063,12153.505
00bbac68_6064,12153.505
00bbac68_6065,12153.505
00bbac68_6066,12153.506
00bbac68_6067,12153.507
00bbac68_6068,12153.508
00bbac68_6069,12153.509
00bbac68_6070,12153.51
00bbac68_6071,12153.511
00bbac68_6072,12153.513
00bbac68_6073,12153.515
00bbac68_6074,12153.517
00bbac68_6075,12153.519
00bbac68_6076,12153.5205
00bbac68_6077,12153.522
00bbac68_6078,12153.525
00bbac68_6079,12153.527
00bbac68_6080,12153.53
00bbac68_6081,12153.533
00bbac68_6082,12153.537
00bbac68_6083,12153.54
00bbac68_6084,12153.544
00bbac68_6085,12153.547
00bbac68_6086,12153.551
00bbac68_6087,12153.555
00bbac68_6088,12153.559
00bbac68_6089,12153.563
00bbac68_6090,12153.567
00bbac68_6091,12153.572
00bbac68_6092,12153.576
00bbac68_6093,12153.581
00bbac68_6094,12153.586
00bbac68_6095,12153.59
00bbac68_6096,12153.595
00bbac68_6097,12153.6
00bbac68_6098,12153.6045
00bbac68_6099,12153.609
00bbac68_6100,12153.614
00bbac68_6101,12153.62
00bbac68_6102,12153.625
00bbac68_6103,12153.63
00bbac68_6104,12153.635
00bbac68_6105,12153.64
00bbac68_6106,12153.645
00bbac68_6107,12153.649
00bbac68_6108,12153.654
00bbac68_6109,12153.66
00bbac68_6110,12153.665
00bbac68_6111,12153.67
00bbac68_6112,12153.675
00bbac68_6113,12153.68
00bbac68_6114,12153.685
00bbac68_6115,12153.689
00bbac68_6116,12153.694
00bbac68_6117,12153.699
00bbac68_6118,12153.703
00bbac68_6119,12153.708
00bbac68_6120,12153.713
00bbac68_6121,12153.717
00bbac68_6122,12153.722
00bbac68_6123,12153.726
00bbac68_6124,12153.73
00bbac68_6125,12153.734
00bbac68_6126,12153.738
00bbac68_6127,12153.743
00bbac68_6128,12153.747
00bbac68_6129,12153.751
00bbac68_6130,12153.755
00bbac68_6131,12153.76
00bbac68_6132,12153.764
00bbac68_6133,12153.768
00bbac68_6134,12153.771
00bbac68_6135,12153.774
00bbac68_6136,12153.778
00bbac68_6137,12153.782
00bbac68_6138,12153.785
00bbac68_6139,12153.789
00bbac68_6140,12153.792
00bbac68_6141,12153.796
00bbac68_6142,12153.799
00bbac68_6143,12153.802
00bbac68_6144,12153.805
00bbac68_6145,12153.808
00bbac68_6146,12153.81
00bbac68_6147,12153.8125
00bbac68_6148,12153.814
00bbac68_6149,12153.817
00bbac68_6150,12153.819
00bbac68_6151,12153.821
00bbac68_6152,12153.823
00bbac68_6153,12153.825
00bbac68_6154,12153.827
00bbac68_6155,12153.829
00bbac68_6156,12153.831
00bbac68_6157,12153.832
00bbac68_6158,12153.833
00bbac68_6159,12153.834
00bbac68_6160,12153.835
00bbac68_6161,12153.836
00bbac68_6162,12153.837
00bbac68_6163,12153.837
00bbac68_6164,12153.838
00bbac68_6165,12153.838
00bbac68_6166,12153.838
00bbac68_6167,12153.838
00bbac68_6168,12153.838
00bbac68_6169,12153.838
00bbac68_6170,12153.838
00bbac68_6171,12153.837
00bbac68_6172,12153.837
00bbac68_6173,12153.836
00bbac68_6174,12153.835
00bbac68_6175,12153.834
00bbac68_6176,12153.833
00bbac68_6177,12153.832
00bbac68_6178,12153.831
00bbac68_6179,12153.83
00bbac68_6180,12153.829
00bbac68_6181,12153.828
00bbac68_6182,12153.826
00bbac68_6183,12153.825
00bbac68_6184,12153.823
00bbac68_6185,12153.822
00bbac68_6186,12153.82
00bbac68_6187,12153.818
00bbac68_6188,12153.817
00bbac68_6189,12153.815
00bbac68_6190,12153.813
00bbac68_6191,12153.812
00bbac68_6192,12153.81
00bbac68_6193,12153.808
00bbac68_6194,12153.806
00bbac68_6195,12153.804
00bbac68_6196,12153.802
00bbac68_6197,12153.8
00bbac68_6198,12153.798
00bbac68_6199,12153.796
00bbac68_6200,12153.794
00bbac68_6201,12153.792
00bbac68_6202,12153.79
00bbac68_6203,12153.788
00bbac68_6204,12153.786
00bbac68_6205,12153.784
00bbac68_6206,12153.782
00bbac68_6207,12153.78
00bbac68_6208,12153.778
00bbac68_6209,12153.776
00bbac68_6210,12153.774
00bbac68_6211,12153.771
00bbac68_6212,12153.77
00bbac68_6213,12153.768
00bbac68_6214,12153.765
00bbac68_6215,12153.763
00bbac68_6216,12153.76
00bbac68_6217,12153.757
00bbac68_6218,12153.755
00bbac68_6219,12153.752
00bbac68_6220,12153.749
00bbac68_6221,12153.746
00bbac68_6222,12153.743
00bbac68_6223,12153.74
00bbac68_6224,12153.738
00bbac68_6225,12153.734
00bbac68_6226,12153.731
00bbac68_6227,12153.729
00bbac68_6228,12153.726
00bbac68_6229,12153.723
00bbac68_6230,12153.72
00bbac68_6231,12153.716
00bbac68_6232,12153.713
00bbac68_6233,12153.71
00bbac68_6234,12153.706
00bbac68_6235,12153.703
00bbac68_6236,12153.7
00bbac68_6237,12153.696
00bbac68_6238,12153.693
00bbac68_6239,12153.689
00bbac68_6240,12153.687
00bbac68_6241,12153.683
00bbac68_6242,12153.68
00bbac68_6243,12153.677
00bbac68_6244,12153.673
00bbac68_6245,12153.67
00bbac68_6246,12153.666
00bbac68_6247,12153.663
00bbac68_6248,12153.66
00bbac68_6249,12153.656
00bbac68_6250,12153.653
00bbac68_6251,12153.65
00bbac68_6252,12153.647
00bbac68_6253,12153.645
00bbac68_6254,12153.642
00bbac68_6255,12153.639
00bbac68_6256,12153.636
00bbac68_6257,12153.633
00bbac68_6258,12153.63
00bbac68_6259,12153.627
00bbac68_6260,12153.625
00bbac68_6261,12153.622
00bbac68_6262,12153.619
00bbac68_6263,12153.617
00bbac68_6264,12153.614
00bbac68_6265,12153.612
00bbac68_6266,12153.609
00bbac68_6267,12153.607
00bbac68_6268,12153.605
00bbac68_6269,12153.603
00bbac68_6270,12153.601
00bbac68_6271,12153.598
00bbac68_6272,12153.596
00bbac68_6273,12153.594
00bbac68_6274,12153.591
00bbac68_6275,12153.589
00bbac68_6276,12153.587
00bbac68_6277,12153.584
00bbac68_6278,12153.582
00bbac68_6279,12153.58
00bbac68_6280,12153.578
00bbac68_6281,12153.576
00bbac68_6282,12153.574
00bbac68_6283,12153.572
00bbac68_6284,12153.57
00bbac68_6285,12153.569
00bbac68_6286,12153.567
00bbac68_6287,12153.565
00bbac68_6288,12153.564
00bbac68_6289,12153.5625
00bbac68_6290,12153.562
00bbac68_6291,12153.56
00bbac68_6292,12153.558
00bbac68_6293,12153.557
00bbac68_6294,12153.555
00bbac68_6295,12153.554
00bbac68_6296,12153.552
00bbac68_6297,12153.551
00bbac68_6298,12153.55
00bbac68_6299,12153.549
00bbac68_6300,12153.547
00bbac68_6301,12153.546
00bbac68_6302,12153.545
00bbac68_6303,12153.545
00bbac68_6304,12153.544
00bbac68_6305,12153.543
00bbac68_6306,12153.543
00bbac68_6307,12153.543
00bbac68_6308,12153.542
00bbac68_6309,12153.542
00bbac68_6310,12153.542
00bbac68_6311,12153.542
00bbac68_6312,12153.543
00bbac68_6313,12153.543
00bbac68_6314,12153.544
00bbac68_6315,12153.545
00bbac68_6316,12153.546
00bbac68_6317,12153.547
00bbac68_6318,12153.548
00bbac68_6319,12153.549
00bbac68_6320,12153.551
00bbac68_6321,12153.553
00bbac68_6322,12153.555
00bbac68_6323,12153.556
00bbac68_6324,12153.558
00bbac68_6325,12153.56
00bbac68_6326,12153.562
00bbac68_6327,12153.564
00bbac68_6328,12153.566
00bbac68_6329,12153.568
00bbac68_6330,12153.571
00bbac68_6331,12153.573
00bbac68_6332,12153.576
00bbac68_6333,12153.578
00bbac68_6334,12153.581
00bbac68_6335,12153.584
00bbac68_6336,12153.586
00bbac68_6337,12153.589
00bbac68_6338,12153.592
00bbac68_6339,12153.595
00bbac68_6340,12153.598
00bbac68_6341,12153.601
00bbac68_6342,12153.604
00bbac68_6343,12153.606
00bbac68_6344,12153.609
00bbac68_6345,12153.612
00bbac68_6346,12153.615
00bbac68_6347,12153.619
00bbac68_6348,12153.622
00bbac68_6349,12153.625
00bbac68_6350,12153.629
00bbac68_6351,12153.632
00bbac68_6352,12153.636
00bbac68_6353,12153.639
00bbac68_6354,12153.643
00bbac68_6355,12153.646
00bbac68_6356,12153.65
00bbac68_6357,12153.654
00bbac68_6358,12153.658
00bbac68_6359,12153.662
00bbac68_6360,12153.666
00bbac68_6361,12153.67
00bbac68_6362,12153.674
00bbac68_6363,12153.679
00bbac68_6364,12153.683
00bbac68_6365,12153.6875
00bbac68_6366,12153.691
00bbac68_6367,12153.696
00bbac68_6368,12153.7
00bbac68_6369,12153.705
00bbac68_6370,12153.71
00bbac68_6371,12153.715
00bbac68_6372,12153.72
00bbac68_6373,12153.725
00bbac68_6374,12153.7295
00bbac68_6375,12153.735
00bbac68_6376,12153.74
00bbac68_6377,12153.745
00bbac68_6378,12153.751
00bbac68_6379,12153.756
00bbac68_6380,12153.762
00bbac68_6381,12153.767
00bbac68_6382,12153.772
00bbac68_6383,12153.778
00bbac68_6384,12153.783
00bbac68_6385,12153.789
00bbac68_6386,12153.795
00bbac68_6387,12153.801
00bbac68_6388,12153.806
00bbac68_6389,12153.812
00bbac68_6390,12153.817
00bbac68_6391,12153.823
00bbac68_6392,12153.829
00bbac68_6393,12153.835
00bbac68_6394,12153.841
00bbac68_6395,12153.847
00bbac68_6396,12153.853
00bbac68_6397,12153.858
00bbac68_6398,12153.864
00bbac68_6399,12153.87
00bbac68_6400,12153.875
00bbac68_6401,12153.881
00bbac68_6402,12153.887
00bbac68_6403,12153.893
00bbac68_6404,12153.897
00bbac68_6405,12153.903
00bbac68_6406,12153.908
00bbac68_6407,12153.914
00bbac68_6408,12153.919
00bbac68_6409,12153.925
00bbac68_6410,12153.93
00bbac68_6411,12153.936
00bbac68_6412,12153.94
00bbac68_6413,12153.945
00bbac68_6414,12153.95
00bbac68_6415,12153.956
00bbac68_6416,12153.961
00bbac68_6417,12153.966
00bbac68_6418,12153.971
00bbac68_6419,12153.976
00bbac68_6420,12153.98
00bbac68_6421,12153.985
00bbac68_6422,12153.99
00bbac68_6423,12153.994
00bbac68_6424,12153.999
00bbac68_6425,12154.004
00bbac68_6426,12154.009
00bbac68_6427,12154.014
00bbac68_6428,12154.018
00bbac68_6429,12154.022
00bbac68_6430,12154.027
00bbac68_6431,12154.031
00bbac68_6432,12154.036
00bbac68_6433,12154.04
00bbac68_6434,12154.045
00bbac68_6435,12154.049
00bbac68_6436,12154.053
00bbac68_6437,12154.057
00bbac68_6438,12154.061
00bbac68_6439,12154.064
00bbac68_6440,12154.068
00bbac68_6441,12154.072
00bbac68_6442,12154.075
00bbac68_6443,12154.078
00bbac68_6444,12154.082
00bbac68_6445,12154.085
00bbac68_6446,12154.088
00bbac68_6447,12154.09
00bbac68_6448,12154.093
00bbac68_6449,12154.095
00bbac68_6450,12154.097
00bbac68_6451,12154.099
00bbac68_6452,12154.101
00bbac68_6453,12154.103
00bbac68_6454,12154.104
00bbac68_6455,12154.105
00bbac68_6456,12154.106
00bbac68_6457,12154.107
00bbac68_6458,12154.108
00bbac68_6459,12154.109
00bbac68_6460,12154.109
00bbac68_6461,12154.109
00bbac68_6462,12154.11
00bbac68_6463,12154.11
00bbac68_6464,12154.11
00bbac68_6465,12154.109
00bbac68_6466,12154.109
00bbac68_6467,12154.108
00bbac68_6468,12154.108
00bbac68_6469,12154.107
00bbac68_6470,12154.106
00bbac68_6471,12154.105
00bbac68_6472,12154.1045
00bbac68_6473,12154.104
00bbac68_6474,12154.102
00bbac68_6475,12154.101
00bbac68_6476,12154.1
00bbac68_6477,12154.098
00bbac68_6478,12154.097
00bbac68_6479,12154.096
00bbac68_6480,12154.094
00bbac68_6481,12154.093
00bbac68_6482,12154.091
00bbac68_6483,12154.089
00bbac68_6484,12154.087
00bbac68_6485,12154.085
00bbac68_6486,12154.083
00bbac68_6487,12154.081
00bbac68_6488,12154.079
00bbac68_6489,12154.077
00bbac68_6490,12154.075
00bbac68_6491,12154.073
00bbac68_6492,12154.071
00bbac68_6493,12154.069
00bbac68_6494,12154.067
00bbac68_6495,12154.064
00bbac68_6496,12154.0625
00bbac68_6497,12154.061
00bbac68_6498,12154.059
00bbac68_6499,12154.056
00bbac68_6500,12154.054
00bbac68_6501,12154.051
00bbac68_6502,12154.049
00bbac68_6503,12154.046
00bbac68_6504,12154.044
00bbac68_6505,12154.041
00bbac68_6506,12154.039
00bbac68_6507,12154.036
00bbac68_6508,12154.033
00bbac68_6509,12154.03
00bbac68_6510,12154.028
00bbac68_6511,12154.025
00bbac68_6512,12154.022
00bbac68_6513,12154.02
00bbac68_6514,12154.017
00bbac68_6515,12154.013
00bbac68_6516,12154.01
00bbac68_6517,12154.006
00bbac68_6518,12154.003
00bbac68_6519,12153.999
00bbac68_6520,12153.995
00bbac68_6521,12153.991
00bbac68_6522,12153.988
00bbac68_6523,12153.984
00bbac68_6524,12153.98
00bbac68_6525,12153.977
00bbac68_6526,12153.973
00bbac68_6527,12153.969
00bbac68_6528,12153.966
00bbac68_6529,12153.962
00bbac68_6530,12153.958
00bbac68_6531,12153.954
00bbac68_6532,12153.95
00bbac68_6533,12153.946
00bbac68_6534,12153.942
00bbac68_6535,12153.938
00bbac68_6536,12153.935
00bbac68_6537,12153.931
00bbac68_6538,12153.926
00bbac68_6539,12153.922
00bbac68_6540,12153.918
00bbac68_6541,12153.914
00bbac68_6542,12153.91
00bbac68_6543,12153.907
00bbac68_6544,12153.903
00bbac68_6545,12153.899
00bbac68_6546,12153.896
00bbac68_6547,12153.893
00bbac68_6548,12153.89
00bbac68_6549,12153.887
00bbac68_6550,12153.884
00bbac68_6551,12153.88
00bbac68_6552,12153.877
00bbac68_6553,12153.874
00bbac68_6554,12153.871
00bbac68_6555,12153.869
00bbac68_6556,12153.866
00bbac68_6557,12153.863
00bbac68_6558,12153.86
00bbac68_6559,12153.857
00bbac68_6560,12153.8545
00bbac68_6561,12153.853
00bbac68_6562,12153.85
00bbac68_6563,12153.848
00bbac68_6564,12153.845
00bbac68_6565,12153.843
00bbac68_6566,12153.84
00bbac68_6567,12153.838
00bbac68_6568,12153.836
00bbac68_6569,12153.833
00bbac68_6570,12153.831
00bbac68_6571,12153.829
00bbac68_6572,12153.827
00bbac68_6573,12153.825
00bbac68_6574,12153.823
00bbac68_6575,12153.821
00bbac68_6576,12153.819
00bbac68_6577,12153.817
00bbac68_6578,12153.815
00bbac68_6579,12153.813
00bbac68_6580,12153.8125
00bbac68_6581,12153.811
00bbac68_6582,12153.81
00bbac68_6583,12153.809
00bbac68_6584,12153.808
00bbac68_6585,12153.807
00bbac68_6586,12153.806
00bbac68_6587,12153.806
00bbac68_6588,12153.805
00bbac68_6589,12153.805
00bbac68_6590,12153.805
00bbac68_6591,12153.805
00bbac68_6592,12153.805
00bbac68_6593,12153.806
00bbac68_6594,12153.806
00bbac68_6595,12153.807
00bbac68_6596,12153.807
00bbac68_6597,12153.808
00bbac68_6598,12153.809
00bbac68_6599,12153.81
00bbac68_6600,12153.811
00bbac68_6601,12153.8125
00bbac68_6602,12153.813
00bbac68_6603,12153.815
00bbac68_6604,12153.816
00bbac68_6605,12153.818
00bbac68_6606,12153.82
00bbac68_6607,12153.822
00bbac68_6608,12153.824
00bbac68_6609,12153.826
00bbac68_6610,12153.828
00bbac68_6611,12153.831
00bbac68_6612,12153.833
00bbac68_6613,12153.836
00bbac68_6614,12153.839
00bbac68_6615,12153.842
00bbac68_6616,12153.845
00bbac68_6617,12153.848
00bbac68_6618,12153.851
00bbac68_6619,12153.8545
00bbac68_6620,12153.857
00bbac68_6621,12153.861
00bbac68_6622,12153.865
00bbac68_6623,12153.869
00bbac68_6624,12153.873
00bbac68_6625,12153.877
00bbac68_6626,12153.881
00bbac68_6627,12153.885
00bbac68_6628,12153.889
00bbac68_6629,12153.894
00bbac68_6630,12153.897
00bbac68_6631,12153.901
00bbac68_6632,12153.906
00bbac68_6633,12153.91
00bbac68_6634,12153.915
00bbac68_6635,12153.919
00bbac68_6636,12153.924
00bbac68_6637,12153.928
00bbac68_6638,12153.933
00bbac68_6639,12153.9375
00bbac68_6640,12153.941
00bbac68_6641,12153.946
00bbac68_6642,12153.951
00bbac68_6643,12153.956
00bbac68_6644,12153.961
00bbac68_6645,12153.966
00bbac68_6646,12153.971
00bbac68_6647,12153.976
00bbac68_6648,12153.98
00bbac68_6649,12153.985
00bbac68_6650,12153.99
00bbac68_6651,12153.995
00bbac68_6652,12154.001
00bbac68_6653,12154.006
00bbac68_6654,12154.012
00bbac68_6655,12154.017
00bbac68_6656,12154.022
00bbac68_6657,12154.027
00bbac68_6658,12154.033
00bbac68_6659,12154.039
00bbac68_6660,12154.044
00bbac68_6661,12154.05
00bbac68_6662,12154.056
00bbac68_6663,12154.062
00bbac68_6664,12154.067
00bbac68_6665,12154.073
00bbac68_6666,12154.08
00bbac68_6667,12154.086
00bbac68_6668,12154.092
00bbac68_6669,12154.098
00bbac68_6670,12154.1045
00bbac68_6671,12154.11
00bbac68_6672,12154.116
00bbac68_6673,12154.122
00bbac68_6674,12154.129
00bbac68_6675,12154.135
00bbac68_6676,12154.141
00bbac68_6677,12154.146
00bbac68_6678,12154.152
00bbac68_6679,12154.158
00bbac68_6680,12154.164
00bbac68_6681,12154.17
00bbac68_6682,12154.176
00bbac68_6683,12154.181
00bbac68_6684,12154.187
00bbac68_6685,12154.191
00bbac68_6686,12154.197
00bbac68_6687,12154.202
00bbac68_6688,12154.207
00bbac68_6689,12154.213
00bbac68_6690,12154.217
00bbac68_6691,12154.222
00bbac68_6692,12154.227
00bbac68_6693,12154.231
00bbac68_6694,12154.235
00bbac68_6695,12154.239
00bbac68_6696,12154.244
00bbac68_6697,12154.248
00bbac68_6698,12154.252
00bbac68_6699,12154.256
00bbac68_6700,12154.26
00bbac68_6701,12154.264
00bbac68_6702,12154.267
00bbac68_6703,12154.2705
00bbac68_6704,12154.273
00bbac68_6705,12154.277
00bbac68_6706,12154.28
00bbac68_6707,12154.283
00bbac68_6708,12154.286
00bbac68_6709,12154.289
00bbac68_6710,12154.292
00bbac68_6711,12154.294
00bbac68_6712,12154.297
00bbac68_6713,12154.3
00bbac68_6714,12154.302
00bbac68_6715,12154.304
00bbac68_6716,12154.307
00bbac68_6717,12154.309
00bbac68_6718,12154.312
00bbac68_6719,12154.313
00bbac68_6720,12154.315
00bbac68_6721,12154.318
00bbac68_6722,12154.32
00bbac68_6723,12154.322
00bbac68_6724,12154.324
00bbac68_6725,12154.326
00bbac68_6726,12154.328
00bbac68_6727,12154.329
00bbac68_6728,12154.331
00bbac68_6729,12154.332
00bbac68_6730,12154.334
00bbac68_6731,12154.335
00bbac68_6732,12154.336
00bbac68_6733,12154.337
00bbac68_6734,12154.338
00bbac68_6735,12154.339
00bbac68_6736,12154.34
00bbac68_6737,12154.34
00bbac68_6738,12154.341
00bbac68_6739,12154.341
00bbac68_6740,12154.342
00bbac68_6741,12154.342
00bbac68_6742,12154.342
00bbac68_6743,12154.342
00bbac68_6744,12154.341
00bbac68_6745,12154.341
00bbac68_6746,12154.34
00bbac68_6747,12154.34
00bbac68_6748,12154.339
00bbac68_6749,12154.338
00bbac68_6750,12154.336
00bbac68_6751,12154.335
00bbac68_6752,12154.333
00bbac68_6753,12154.332
00bbac68_6754,12154.33
00bbac68_6755,12154.327
00bbac68_6756,12154.325
00bbac68_6757,12154.323
00bbac68_6758,12154.32
00bbac68_6759,12154.318
00bbac68_6760,12154.315
00bbac68_6761,12154.3125
00bbac68_6762,12154.31
00bbac68_6763,12154.306
00bbac68_6764,12154.303
00bbac68_6765,12154.299
00bbac68_6766,12154.296
00bbac68_6767,12154.292
00bbac68_6768,12154.288
00bbac68_6769,12154.284
00bbac68_6770,12154.28
00bbac68_6771,12154.276
00bbac68_6772,12154.272
00bbac68_6773,12154.269
00bbac68_6774,12154.264
00bbac68_6775,12154.26
00bbac68_6776,12154.256
00bbac68_6777,12154.251
00bbac68_6778,12154.247
00bbac68_6779,12154.242
00bbac68_6780,12154.238
00bbac68_6781,12154.233
00bbac68_6782,12154.229
00bbac68_6783,12154.224
00bbac68_6784,12154.219
00bbac68_6785,12154.214
00bbac68_6786,12154.209
00bbac68_6787,12154.204
00bbac68_6788,12154.199
00bbac68_6789,12154.193
00bbac68_6790,12154.188
00bbac68_6791,12154.184
00bbac68_6792,12154.178
00bbac68_6793,12154.173
00bbac68_6794,12154.167
00bbac68_6795,12154.161
00bbac68_6796,12154.154
00bbac68_6797,12154.148
00bbac68_6798,12154.143
00bbac68_6799,12154.136
00bbac68_6800,12154.13
00bbac68_6801,12154.123
00bbac68_6802,12154.117
00bbac68_6803,12154.11
00bbac68_6804,12154.104
00bbac68_6805,12154.098
00bbac68_6806,12154.091
00bbac68_6807,12154.085
00bbac68_6808,12154.079
00bbac68_6809,12154.072
00bbac68_6810,12154.066
00bbac68_6811,12154.061
00bbac68_6812,12154.055
00bbac68_6813,12154.049
00bbac68_6814,12154.043
00bbac68_6815,12154.037
00bbac68_6816,12154.031
00bbac68_6817,12154.025
00bbac68_6818,12154.02
00bbac68_6819,12154.015
00bbac68_6820,12154.009
00bbac68_6821,12154.004
00bbac68_6822,12153.998
00bbac68_6823,12153.993
00bbac68_6824,12153.987
00bbac68_6825,12153.982
00bbac68_6826,12153.978
00bbac68_6827,12153.973
00bbac68_6828,12153.969
00bbac68_6829,12153.964
00bbac68_6830,12153.96
00bbac68_6831,12153.955
00bbac68_6832,12153.951
00bbac68_6833,12153.947
00bbac68_6834,12153.943
00bbac68_6835,12153.939
00bbac68_6836,12153.937
00bbac68_6837,12153.933
00bbac68_6838,12153.93
00bbac68_6839,12153.926
00bbac68_6840,12153.923
00bbac68_6841,12153.92
00bbac68_6842,12153.917
00bbac68_6843,12153.914
00bbac68_6844,12153.911
00bbac68_6845,12153.908
00bbac68_6846,12153.906
00bbac68_6847,12153.903
00bbac68_6848,12153.901
00bbac68_6849,12153.899
00bbac68_6850,12153.897
00bbac68_6851,12153.8955
00bbac68_6852,12153.895
00bbac68_6853,12153.893
00bbac68_6854,12153.892
00bbac68_6855,12153.891
00bbac68_6856,12153.89
00bbac68_6857,12153.89
00bbac68_6858,12153.889
00bbac68_6859,12153.889
00bbac68_6860,12153.889
00bbac68_6861,12153.889
00bbac68_6862,12153.889
00bbac68_6863,12153.889
00bbac68_6864,12153.89
00bbac68_6865,12153.891
00bbac68_6866,12153.891
00bbac68_6867,12153.892
00bbac68_6868,12153.893
00bbac68_6869,12153.895
00bbac68_6870,12153.8955
00bbac68_6871,12153.897
00bbac68_6872,12153.898
00bbac68_6873,12153.9
00bbac68_6874,12153.902
00bbac68_6875,12153.904
00bbac68_6876,12153.907
00bbac68_6877,12153.909
00bbac68_6878,12153.912
00bbac68_6879,12153.914
00bbac68_6880,12153.917
00bbac68_6881,12153.92
00bbac68_6882,12153.923
00bbac68_6883,12153.926
00bbac68_6884,12153.93
00bbac68_6885,12153.933
00bbac68_6886,12153.937
00bbac68_6887,12153.94
00bbac68_6888,12153.944
00bbac68_6889,12153.948
00bbac68_6890,12153.952
00bbac68_6891,12153.957
00bbac68_6892,12153.962
00bbac68_6893,12153.966
00bbac68_6894,12153.971
00bbac68_6895,12153.976
00bbac68_6896,12153.981
00bbac68_6897,12153.986
00bbac68_6898,12153.991
00bbac68_6899,12153.997
00bbac68_6900,12154.003
00bbac68_6901,12154.009
00bbac68_6902,12154.015
00bbac68_6903,12154.0205
00bbac68_6904,12154.026
00bbac68_6905,12154.032
00bbac68_6906,12154.039
00bbac68_6907,12154.045
00bbac68_6908,12154.052
00bbac68_6909,12154.059
00bbac68_6910,12154.065
00bbac68_6911,12154.072
00bbac68_6912,12154.079
00bbac68_6913,12154.086
00bbac68_6914,12154.093
00bbac68_6915,12154.101
00bbac68_6916,12154.107
00bbac68_6917,12154.115
00bbac68_6918,12154.122
00bbac68_6919,12154.13
00bbac68_6920,12154.137
00bbac68_6921,12154.145
00bbac68_6922,12154.151
00bbac68_6923,12154.159
00bbac68_6924,12154.166
00bbac68_6925,12154.174
00bbac68_6926,12154.181
00bbac68_6927,12154.188
00bbac68_6928,12154.195
00bbac68_6929,12154.202
00bbac68_6930,12154.21
00bbac68_6931,12154.217
00bbac68_6932,12154.224
00bbac68_6933,12154.23
00bbac68_6934,12154.237
00bbac68_6935,12154.244
00bbac68_6936,12154.251
00bbac68_6937,12154.258
00bbac68_6938,12154.264
00bbac68_6939,12154.2705
00bbac68_6940,12154.276
00bbac68_6941,12154.282
00bbac68_6942,12154.289
00bbac68_6943,12154.295
00bbac68_6944,12154.301
00bbac68_6945,12154.307
00bbac68_6946,12154.312
00bbac68_6947,12154.317
00bbac68_6948,12154.322
00bbac68_6949,12154.327
00bbac68_6950,12154.332
00bbac68_6951,12154.337
00bbac68_6952,12154.342
00bbac68_6953,12154.346
00bbac68_6954,12154.351
00bbac68_6955,12154.3545
00bbac68_6956,12154.359
00bbac68_6957,12154.363
00bbac68_6958,12154.366
00bbac68_6959,12154.37
00bbac68_6960,12154.374
00bbac68_6961,12154.377
00bbac68_6962,12154.381
00bbac68_6963,12154.384
00bbac68_6964,12154.387
00bbac68_6965,12154.39
00bbac68_6966,12154.393
00bbac68_6967,12154.395
00bbac68_6968,12154.397
00bbac68_6969,12154.399
00bbac68_6970,12154.401
00bbac68_6971,12154.403
00bbac68_6972,12154.404
00bbac68_6973,12154.406
00bbac68_6974,12154.407
00bbac68_6975,12154.408
00bbac68_6976,12154.409
00bbac68_6977,12154.409
00bbac68_6978,12154.409
00bbac68_6979,12154.41
00bbac68_6980,12154.41
00bbac68_6981,12154.41
00bbac68_6982,12154.41
00bbac68_6983,12154.409
00bbac68_6984,12154.409
00bbac68_6985,12154.408
00bbac68_6986,12154.407
00bbac68_6987,12154.406
00bbac68_6988,12154.405
00bbac68_6989,12154.404
00bbac68_6990,12154.402
00bbac68_6991,12154.4
00bbac68_6992,12154.398
00bbac68_6993,12154.396
00bbac68_6994,12154.394
00bbac68_6995,12154.392
00bbac68_6996,12154.389
00bbac68_6997,12154.386
00bbac68_6998,12154.384
00bbac68_6999,12154.381
00bbac68_7000,12154.378
00bbac68_7001,12154.375
00bbac68_7002,12154.372
00bbac68_7003,12154.368
00bbac68_7004,12154.365
00bbac68_7005,12154.361
00bbac68_7006,12154.357
00bbac68_7007,12154.354
00bbac68_7008,12154.35
00bbac68_7009,12154.346
00bbac68_7010,12154.341
00bbac68_7011,12154.337
00bbac68_7012,12154.332
00bbac68_7013,12154.327
00bbac68_7014,12154.322
00bbac68_7015,12154.317
00bbac68_7016,12154.3125
00bbac68_7017,12154.308
00bbac68_7018,12154.303
00bbac68_7019,12154.297
00bbac68_7020,12154.292
00bbac68_7021,12154.286
00bbac68_7022,12154.28
00bbac68_7023,12154.274
00bbac68_7024,12154.269
00bbac68_7025,12154.263
00bbac68_7026,12154.257
00bbac68_7027,12154.25
00bbac68_7028,12154.244
00bbac68_7029,12154.238
00bbac68_7030,12154.231
00bbac68_7031,12154.225
00bbac68_7032,12154.219
00bbac68_7033,12154.212
00bbac68_7034,12154.205
00bbac68_7035,12154.197
00bbac68_7036,12154.19
00bbac68_7037,12154.184
00bbac68_7038,12154.176
00bbac68_7039,12154.169
00bbac68_7040,12154.161
00bbac68_7041,12154.154
00bbac68_7042,12154.146
00bbac68_7043,12154.14
00bbac68_7044,12154.132
00bbac68_7045,12154.125
00bbac68_7046,12154.118
00bbac68_7047,12154.111
00bbac68_7048,12154.1045
00bbac68_7049,12154.098
00bbac68_7050,12154.091
00bbac68_7051,12154.084
00bbac68_7052,12154.077
00bbac68_7053,12154.071
00bbac68_7054,12154.064
00bbac68_7055,12154.058
00bbac68_7056,12154.052
00bbac68_7057,12154.046
00bbac68_7058,12154.039
00bbac68_7059,12154.033
00bbac68_7060,12154.027
00bbac68_7061,12154.021
00bbac68_7062,12154.015
00bbac68_7063,12154.009
00bbac68_7064,12154.004
00bbac68_7065,12153.998
00bbac68_7066,12153.992
00bbac68_7067,12153.986
00bbac68_7068,12153.98
00bbac68_7069,12153.976
00bbac68_7070,12153.97
00bbac68_7071,12153.965
00bbac68_7072,12153.96
00bbac68_7073,12153.955
00bbac68_7074,12153.95
00bbac68_7075,12153.945
00bbac68_7076,12153.94
00bbac68_7077,12153.936
00bbac68_7078,12153.931
00bbac68_7079,12153.927
00bbac68_7080,12153.923
00bbac68_7081,12153.918
00bbac68_7082,12153.914
00bbac68_7083,12153.91
00bbac68_7084,12153.906
00bbac68_7085,12153.902
00bbac68_7086,12153.899
00bbac68_7087,12153.8955
00bbac68_7088,12153.892
00bbac68_7089,12153.889
00bbac68_7090,12153.886
00bbac68_7091,12153.883
00bbac68_7092,12153.88
00bbac68_7093,12153.877
00bbac68_7094,12153.874
00bbac68_7095,12153.872
00bbac68_7096,12153.87
00bbac68_7097,12153.867
00bbac68_7098,12153.865
00bbac68_7099,12153.863
00bbac68_7100,12153.861
00bbac68_7101,12153.86
00bbac68_7102,12153.858
00bbac68_7103,12153.857
00bbac68_7104,12153.856
00bbac68_7105,12153.8545
00bbac68_7106,12153.854
00bbac68_7107,12153.854
00bbac68_7108,12153.853
00bbac68_7109,12153.852
00bbac68_7110,12153.852
00bbac68_7111,12153.852
00bbac68_7112,12153.851
00bbac68_7113,12153.851
00bbac68_7114,12153.851
00bbac68_7115,12153.851
00bbac68_7116,12153.851
00bbac68_7117,12153.851
00bbac68_7118,12153.852
00bbac68_7119,12153.852
00bbac68_7120,12153.852
00bbac68_7121,12153.853
00bbac68_7122,12153.853
00bbac68_7123,12153.854
00bbac68_7124,12153.8545
00bbac68_7125,12153.855
00bbac68_7126,12153.856
00bbac68_7127,12153.857
00bbac68_7128,12153.858
00bbac68_7129,12153.859
00bbac68_7130,12153.86
00bbac68_7131,12153.861
00bbac68_7132,12153.863
00bbac68_7133,12153.864
00bbac68_7134,12153.866
00bbac68_7135,12153.868
00bbac68_7136,12153.87
00bbac68_7137,12153.872
00bbac68_7138,12153.874
00bbac68_7139,12153.876
00bbac68_7140,12153.878
00bbac68_7141,12153.88
00bbac68_7142,12153.883
00bbac68_7143,12153.885
00bbac68_7144,12153.888
00bbac68_7145,12153.89
00bbac68_7146,12153.893
00bbac68_7147,12153.895
00bbac68_7148,12153.897
00bbac68_7149,12153.899
00bbac68_7150,12153.902
00bbac68_7151,12153.905
00bbac68_7152,12153.907
00bbac68_7153,12153.91
00bbac68_7154,12153.912
00bbac68_7155,12153.915
00bbac68_7156,12153.917
00bbac68_7157,12153.92
00bbac68_7158,12153.922
00bbac68_7159,12153.925
00bbac68_7160,12153.927
00bbac68_7161,12153.93
00bbac68_7162,12153.932
00bbac68_7163,12153.934
00bbac68_7164,12153.936
00bbac68_7165,12153.9375
00bbac68_7166,12153.939
00bbac68_7167,12153.941
00bbac68_7168,12153.943
00bbac68_7169,12153.945
00bbac68_7170,12153.946
00bbac68_7171,12153.948
00bbac68_7172,12153.95
00bbac68_7173,12153.951
00bbac68_7174,12153.953
00bbac68_7175,12153.954
00bbac68_7176,12153.956
00bbac68_7177,12153.957
00bbac68_7178,12153.958
00bbac68_7179,12153.959
00bbac68_7180,12153.96
00bbac68_7181,12153.961
00bbac68_7182,12153.962
00bbac68_7183,12153.962
00bbac68_7184,12153.963
00bbac68_7185,12153.963
00bbac68_7186,12153.963
00bbac68_7187,12153.963
00bbac68_7188,12153.963
00bbac68_7189,12153.963
00bbac68_7190,12153.963
00bbac68_7191,12153.963
00bbac68_7192,12153.962
00bbac68_7193,12153.962
00bbac68_7194,12153.961
00bbac68_7195,12153.96
00bbac68_7196,12153.959
00bbac68_7197,12153.958
00bbac68_7198,12153.957
00bbac68_7199,12153.955
00bbac68_7200,12153.954
00bbac68_7201,12153.952
00bbac68_7202,12153.95
00bbac68_7203,12153.948
00bbac68_7204,12153.945
00bbac68_7205,12153.943
00bbac68_7206,12153.94
00bbac68_7207,12153.9375
00bbac68_7208,12153.935
00bbac68_7209,12153.932
00bbac68_7210,12153.929
00bbac68_7211,12153.925
00bbac68_7212,12153.922
00bbac68_7213,12153.918
00bbac68_7214,12153.914
00bbac68_7215,12153.91
00bbac68_7216,12153.905
00bbac68_7217,12153.901
00bbac68_7218,12153.896
00bbac68_7219,12153.892
00bbac68_7220,12153.887
00bbac68_7221,12153.882
00bbac68_7222,12153.877
00bbac68_7223,12153.872
00bbac68_7224,12153.867
00bbac68_7225,12153.862
00bbac68_7226,12153.857
00bbac68_7227,12153.852
00bbac68_7228,12153.847
00bbac68_7229,12153.841
00bbac68_7230,12153.835
00bbac68_7231,12153.829
00bbac68_7232,12153.823
00bbac68_7233,12153.817
00bbac68_7234,12153.812
00bbac68_7235,12153.806
00bbac68_7236,12153.8
00bbac68_7237,12153.793
00bbac68_7238,12153.787
00bbac68_7239,12153.781
00bbac68_7240,12153.775
00bbac68_7241,12153.77
00bbac68_7242,12153.763
00bbac68_7243,12153.757
00bbac68_7244,12153.751
00bbac68_7245,12153.745
00bbac68_7246,12153.738
00bbac68_7247,12153.732
00bbac68_7248,12153.726
00bbac68_7249,12153.72
00bbac68_7250,12153.713
00bbac68_7251,12153.707
00bbac68_7252,12153.7
00bbac68_7253,12153.694
00bbac68_7254,12153.6875
00bbac68_7255,12153.682
00bbac68_7256,12153.675
00bbac68_7257,12153.668
00bbac68_7258,12153.662
00bbac68_7259,12153.655
00bbac68_7260,12153.649
00bbac68_7261,12153.644
00bbac68_7262,12153.637
00bbac68_7263,12153.631
00bbac68_7264,12153.624
00bbac68_7265,12153.618
00bbac68_7266,12153.612
00bbac68_7267,12153.606
00bbac68_7268,12153.6
00bbac68_7269,12153.594
00bbac68_7270,12153.588
00bbac68_7271,12153.582
00bbac68_7272,12153.577
00bbac68_7273,12153.571
00bbac68_7274,12153.565
00bbac68_7275,12153.561
00bbac68_7276,12153.555
00bbac68_7277,12153.55
00bbac68_7278,12153.545
00bbac68_7279,12153.539
00bbac68_7280,12153.534
00bbac68_7281,12153.529
00bbac68_7282,12153.525
00bbac68_7283,12153.5205
00bbac68_7284,12153.517
00bbac68_7285,12153.513
00bbac68_7286,12153.509
00bbac68_7287,12153.506
00bbac68_7288,12153.503
00bbac68_7289,12153.5
00bbac68_7290,12153.497
00bbac68_7291,12153.494
00bbac68_7292,12153.492
00bbac68_7293,12153.49
00bbac68_7294,12153.488
00bbac68_7295,12153.486
00bbac68_7296,12153.484
00bbac68_7297,12153.483
00bbac68_7298,12153.482
00bbac68_7299,12153.481
00bbac68_7300,12153.481
00bbac68_7301,12153.48
00bbac68_7302,12153.48
00bbac68_7303,12153.48
00bbac68_7304,12153.48
00bbac68_7305,12153.481
00bbac68_7306,12153.481
00bbac68_7307,12153.482
00bbac68_7308,12153.483
00bbac68_7309,12153.485
00bbac68_7310,12153.486
00bbac68_7311,12153.488
00bbac68_7312,12153.49
00bbac68_7313,12153.492
00bbac68_7314,12153.494
00bbac68_7315,12153.497
00bbac68_7316,12153.499
00bbac68_7317,12153.502
00bbac68_7318,12153.505
00bbac68_7319,12153.509
00bbac68_7320,12153.512
00bbac68_7321,12153.516
00bbac68_7322,12153.52
00bbac68_7323,12153.523
00bbac68_7324,12153.527
00bbac68_7325,12153.532
00bbac68_7326,12153.536
00bbac68_7327,12153.541
00bbac68_7328,12153.546
00bbac68_7329,12153.551
00bbac68_7330,12153.556
00bbac68_7331,12153.561
00bbac68_7332,12153.566
00bbac68_7333,12153.571
00bbac68_7334,12153.577
00bbac68_7335,12153.583
00bbac68_7336,12153.588
00bbac68_7337,12153.594
00bbac68_7338,12153.6
00bbac68_7339,12153.605
00bbac68_7340,12153.611
00bbac68_7341,12153.618
00bbac68_7342,12153.624
00bbac68_7343,12153.63
00bbac68_7344,12153.636
00bbac68_7345,12153.643
00bbac68_7346,12153.648
00bbac68_7347,12153.655
00bbac68_7348,12153.661
00bbac68_7349,12153.668
00bbac68_7350,12153.674
00bbac68_7351,12153.681
00bbac68_7352,12153.6875
00bbac68_7353,12153.694
00bbac68_7354,12153.701
00bbac68_7355,12153.708
00bbac68_7356,12153.715
00bbac68_7357,12153.722
00bbac68_7358,12153.729
00bbac68_7359,12153.735
00bbac68_7360,12153.742
00bbac68_7361,12153.749
00bbac68_7362,12153.756
00bbac68_7363,12153.764
00bbac68_7364,12153.7705
00bbac68_7365,12153.777
00bbac68_7366,12153.784
00bbac68_7367,12153.792
00bbac68_7368,12153.799
00bbac68_7369,12153.807
00bbac68_7370,12153.813
00bbac68_7371,12153.82
00bbac68_7372,12153.828
00bbac68_7373,12153.835
00bbac68_7374,12153.842
00bbac68_7375,12153.85
00bbac68_7376,12153.856
00bbac68_7377,12153.863
00bbac68_7378,12153.87
00bbac68_7379,12153.878
00bbac68_7380,12153.885
00bbac68_7381,12153.892
00bbac68_7382,12153.898
00bbac68_7383,12153.906
00bbac68_7384,12153.913
00bbac68_7385,12153.92
00bbac68_7386,12153.927
00bbac68_7387,12153.934
00bbac68_7388,12153.939
00bbac68_7389,12153.946
00bbac68_7390,12153.953
00bbac68_7391,12153.959
00bbac68_7392,12153.965
00bbac68_7393,12153.972
00bbac68_7394,12153.978
00bbac68_7395,12153.983
00bbac68_7396,12153.988
00bbac68_7397,12153.994
00bbac68_7398,12154.0
00bbac68_7399,12154.005
00bbac68_7400,12154.01
00bbac68_7401,12154.016
00bbac68_7402,12154.0205
00bbac68_7403,12154.025
00bbac68_7404,12154.03
00bbac68_7405,12154.035
00bbac68_7406,12154.04
00bbac68_7407,12154.044
00bbac68_7408,12154.049
00bbac68_7409,12154.053
00bbac68_7410,12154.058
00bbac68_7411,12154.062
00bbac68_7412,12154.065
00bbac68_7413,12154.069
00bbac68_7414,12154.073
00bbac68_7415,12154.077
00bbac68_7416,12154.081
00bbac68_7417,12154.084
00bbac68_7418,12154.088
00bbac68_7419,12154.091
00bbac68_7420,12154.095
00bbac68_7421,12154.098
00bbac68_7422,12154.101
00bbac68_7423,12154.104
00bbac68_7424,12154.106
00bbac68_7425,12154.109
00bbac68_7426,12154.112
00bbac68_7427,12154.114
00bbac68_7428,12154.117
00bbac68_7429,12154.119
00bbac68_7430,12154.121
00bbac68_7431,12154.123
00bbac68_7432,12154.125
00bbac68_7433,12154.126
00bbac68_7434,12154.128
00bbac68_7435,12154.13
00bbac68_7436,12154.131
00bbac68_7437,12154.132
00bbac68_7438,12154.134
00bbac68_7439,12154.135
00bbac68_7440,12154.136
00bbac68_7441,12154.137
00bbac68_7442,12154.138
00bbac68_7443,12154.139
00bbac68_7444,12154.14
00bbac68_7445,12154.141
00bbac68_7446,12154.141
00bbac68_7447,12154.142
00bbac68_7448,12154.142
00bbac68_7449,12154.143
00bbac68_7450,12154.143
00bbac68_7451,12154.144
00bbac68_7452,12154.144
00bbac68_7453,12154.144
00bbac68_7454,12154.145
00bbac68_7455,12154.145
00bbac68_7456,12154.145
00bbac68_7457,12154.145
00bbac68_7458,12154.145
00bbac68_7459,12154.147
00bbac68_7460,12154.147
00bbac68_7461,12154.148
00bbac68_7462,12154.148
00bbac68_7463,12154.148
00bbac68_7464,12154.149
00bbac68_7465,12154.149
00bbac68_7466,12154.149
00bbac68_7467,12154.149
00bbac68_7468,12154.149
00bbac68_7469,12154.149
00bbac68_7470,12154.149
00bbac68_7471,12154.149
00bbac68_7472,12154.149
00bbac68_7473,12154.149
00bbac68_7474,12154.149
00bbac68_7475,12154.149
00bbac68_7476,12154.149
00bbac68_7477,12154.148
00bbac68_7478,12154.148
00bbac68_7479,12154.147
00bbac68_7480,12154.147
00bbac68_7481,12154.147
00bbac68_7482,12154.146
00bbac68_7483,12154.1455
00bbac68_7484,12154.1455
00bbac68_7485,12154.145
00bbac68_7486,12154.144
00bbac68_7487,12154.144
00bbac68_7488,12154.143
00bbac68_7489,12154.142
00bbac68_7490,12154.141
00bbac68_7491,12154.14
00bbac68_7492,12154.139
00bbac68_7493,12154.138
00bbac68_7494,12154.137
00bbac68_7495,12154.136
00bbac68_7496,12154.135
00bbac68_7497,12154.134
00bbac68_7498,12154.133
00bbac68_7499,12154.131
00bbac68_7500,12154.13
00bbac68_7501,12154.129
00bbac68_7502,12154.127
00bbac68_7503,12154.126
00bbac68_7504,12154.124
00bbac68_7505,12154.123
00bbac68_7506,12154.121
00bbac68_7507,12154.119
00bbac68_7508,12154.118
00bbac68_7509,12154.116
00bbac68_7510,12154.114
00bbac68_7511,12154.113
00bbac68_7512,12154.111
00bbac68_7513,12154.109
00bbac68_7514,12154.107
00bbac68_7515,12154.105
00bbac68_7516,12154.104
00bbac68_7517,12154.102
00bbac68_7518,12154.1
00bbac68_7519,12154.098
00bbac68_7520,12154.096
00bbac68_7521,12154.094
00bbac68_7522,12154.091
00bbac68_7523,12154.089
00bbac68_7524,12154.087
00bbac68_7525,12154.084
00bbac68_7526,12154.082
00bbac68_7527,12154.08
00bbac68_7528,12154.077
00bbac68_7529,12154.075
00bbac68_7530,12154.072
00bbac68_7531,12154.07
00bbac68_7532,12154.067
00bbac68_7533,12154.064
00bbac68_7534,12154.0625
00bbac68_7535,12154.06
00bbac68_7536,12154.057
00bbac68_7537,12154.054
00bbac68_7538,12154.051
00bbac68_7539,12154.049
00bbac68_7540,12154.046
00bbac68_7541,12154.043
00bbac68_7542,12154.04
00bbac68_7543,12154.037
00bbac68_7544,12154.034
00bbac68_7545,12154.03
00bbac68_7546,12154.027
00bbac68_7547,12154.024
00bbac68_7548,12154.021
00bbac68_7549,12154.019
00bbac68_7550,12154.015
00bbac68_7551,12154.012
00bbac68_7552,12154.009
00bbac68_7553,12154.005
00bbac68_7554,12154.002
00bbac68_7555,12153.998
00bbac68_7556,12153.995
00bbac68_7557,12153.991
00bbac68_7558,12153.988
00e12e8b_2083,11575.883
00e12e8b_2084,11575.885
00e12e8b_2085,11575.887
00e12e8b_2086,11575.89
00e12e8b_2087,11575.892
00e12e8b_2088,11575.895
00e12e8b_2089,11575.896
00e12e8b_2090,11575.899
00e12e8b_2091,11575.902
00e12e8b_2092,11575.905
00e12e8b_2093,11575.908
00e12e8b_2094,11575.911
00e12e8b_2095,11575.914
00e12e8b_2096,11575.917
00e12e8b_2097,11575.921
00e12e8b_2098,11575.924
00e12e8b_2099,11575.928
00e12e8b_2100,11575.932
00e12e8b_2101,11575.935
00e12e8b_2102,11575.938
00e12e8b_2103,11575.942
00e12e8b_2104,11575.946
00e12e8b_2105,11575.951
00e12e8b_2106,11575.955
00e12e8b_2107,11575.959
00e12e8b_2108,11575.964
00e12e8b_2109,11575.968
00e12e8b_2110,11575.973
00e12e8b_2111,11575.977
00e12e8b_2112,11575.981
00e12e8b_2113,11575.986
00e12e8b_2114,11575.991
00e12e8b_2115,11575.996
00e12e8b_2116,11576.001
00e12e8b_2117,11576.006
00e12e8b_2118,11576.011
00e12e8b_2119,11576.016
00e12e8b_2120,11576.0205
00e12e8b_2121,11576.025
00e12e8b_2122,11576.031
00e12e8b_2123,11576.036
00e12e8b_2124,11576.041
00e12e8b_2125,11576.047
00e12e8b_2126,11576.052
00e12e8b_2127,11576.057
00e12e8b_2128,11576.0625
00e12e8b_2129,11576.067
00e12e8b_2130,11576.073
00e12e8b_2131,11576.078
00e12e8b_2132,11576.084
00e12e8b_2133,11576.089
00e12e8b_2134,11576.094
00e12e8b_2135,11576.1
00e12e8b_2136,11576.1045
00e12e8b_2137,11576.109
00e12e8b_2138,11576.115
00e12e8b_2139,11576.12
00e12e8b_2140,11576.125
00e12e8b_2141,11576.13
00e12e8b_2142,11576.135
00e12e8b_2143,11576.14
00e12e8b_2144,11576.144
00e12e8b_2145,11576.148
00e12e8b_2146,11576.153
00e12e8b_2147,11576.157
00e12e8b_2148,11576.162
00e12e8b_2149,11576.166
00e12e8b_2150,11576.171
00e12e8b_2151,11576.175
00e12e8b_2152,11576.179
00e12e8b_2153,11576.184
00e12e8b_2154,11576.1875
00e12e8b_2155,11576.191
00e12e8b_2156,11576.195
00e12e8b_2157,11576.199
00e12e8b_2158,11576.203
00e12e8b_2159,11576.207
00e12e8b_2160,11576.211
00e12e8b_2161,11576.215
00e12e8b_2162,11576.219
00e12e8b_2163,11576.223
00e12e8b_2164,11576.226
00e12e8b_2165,11576.2295
00e12e8b_2166,11576.232
00e12e8b_2167,11576.236
00e12e8b_2168,11576.239
00e12e8b_2169,11576.243
00e12e8b_2170,11576.246
00e12e8b_2171,11576.25
00e12e8b_2172,11576.253
00e12e8b_2173,11576.256
00e12e8b_2174,11576.26
00e12e8b_2175,11576.263
00e12e8b_2176,11576.266
00e12e8b_2177,11576.269
00e12e8b_2178,11576.272
00e12e8b_2179,11576.275
00e12e8b_2180,11576.277
00e12e8b_2181,11576.28
00e12e8b_2182,11576.283
00e12e8b_2183,11576.285
00e12e8b_2184,11576.288
00e12e8b_2185,11576.29
00e12e8b_2186,11576.292
00e12e8b_2187,11576.295
00e12e8b_2188,11576.296
00e12e8b_2189,11576.298
00e12e8b_2190,11576.3
00e12e8b_2191,11576.301
00e12e8b_2192,11576.303
00e12e8b_2193,11576.304
00e12e8b_2194,11576.305
00e12e8b_2195,11576.306
00e12e8b_2196,11576.306
00e12e8b_2197,11576.307
00e12e8b_2198,11576.307
00e12e8b_2199,11576.307
00e12e8b_2200,11576.307
00e12e8b_2201,11576.307
00e12e8b_2202,11576.307
00e12e8b_2203,11576.306
00e12e8b_2204,11576.306
00e12e8b_2205,11576.305
00e12e8b_2206,11576.304
00e12e8b_2207,11576.303
00e12e8b_2208,11576.302
00e12e8b_2209,11576.3
00e12e8b_2210,11576.299
00e12e8b_2211,11576.297
00e12e8b_2212,11576.295
00e12e8b_2213,11576.293
00e12e8b_2214,11576.291
00e12e8b_2215,11576.288
00e12e8b_2216,11576.286
00e12e8b_2217,11576.283
00e12e8b_2218,11576.28
00e12e8b_2219,11576.278
00e12e8b_2220,11576.275
00e12e8b_2221,11576.272
00e12e8b_2222,11576.27
00e12e8b_2223,11576.267
00e12e8b_2224,11576.263
00e12e8b_2225,11576.26
00e12e8b_2226,11576.256
00e12e8b_2227,11576.252
00e12e8b_2228,11576.248
00e12e8b_2229,11576.244
00e12e8b_2230,11576.24
00e12e8b_2231,11576.236
00e12e8b_2232,11576.231
00e12e8b_2233,11576.227
00e12e8b_2234,11576.223
00e12e8b_2235,11576.218
00e12e8b_2236,11576.213
00e12e8b_2237,11576.207
00e12e8b_2238,11576.202
00e12e8b_2239,11576.197
00e12e8b_2240,11576.191
00e12e8b_2241,11576.187
00e12e8b_2242,11576.181
00e12e8b_2243,11576.175
00e12e8b_2244,11576.169
00e12e8b_2245,11576.163
00e12e8b_2246,11576.157
00e12e8b_2247,11576.15
00e12e8b_2248,11576.145
00e12e8b_2249,11576.138
00e12e8b_2250,11576.132
00e12e8b_2251,11576.125
00e12e8b_2252,11576.118
00e12e8b_2253,11576.111
00e12e8b_2254,11576.1045
00e12e8b_2255,11576.097
00e12e8b_2256,11576.09
00e12e8b_2257,11576.083
00e12e8b_2258,11576.075
00e12e8b_2259,11576.068
00e12e8b_2260,11576.061
00e12e8b_2261,11576.054
00e12e8b_2262,11576.046
00e12e8b_2263,11576.039
00e12e8b_2264,11576.031
00e12e8b_2265,11576.024
00e12e8b_2266,11576.018
00e12e8b_2267,11576.01
00e12e8b_2268,11576.003
00e12e8b_2269,11575.996
00e12e8b_2270,11575.99
00e12e8b_2271,11575.983
00e12e8b_2272,11575.977
00e12e8b_2273,11575.971
00e12e8b_2274,11575.965
00e12e8b_2275,11575.959
00e12e8b_2276,11575.953
00e12e8b_2277,11575.948
00e12e8b_2278,11575.942
00e12e8b_2279,11575.9375
00e12e8b_2280,11575.933
00e12e8b_2281,11575.928
00e12e8b_2282,11575.924
00e12e8b_2283,11575.92
00e12e8b_2284,11575.915
00e12e8b_2285,11575.912
00e12e8b_2286,11575.908
00e12e8b_2287,11575.905
00e12e8b_2288,11575.902
00e12e8b_2289,11575.899
00e12e8b_2290,11575.896
00e12e8b_2291,11575.895
00e12e8b_2292,11575.892
00e12e8b_2293,11575.89
00e12e8b_2294,11575.889
00e12e8b_2295,11575.887
00e12e8b_2296,11575.886
00e12e8b_2297,11575.884
00e12e8b_2298,11575.883
00e12e8b_2299,11575.883
00e12e8b_2300,11575.882
00e12e8b_2301,11575.882
00e12e8b_2302,11575.882
00e12e8b_2303,11575.882
00e12e8b_2304,11575.883
00e12e8b_2305,11575.884
00e12e8b_2306,11575.886
00e12e8b_2307,11575.887
00e12e8b_2308,11575.889
00e12e8b_2309,11575.892
00e12e8b_2310,11575.895
00e12e8b_2311,11575.897
00e12e8b_2312,11575.9
00e12e8b_2313,11575.904
00e12e8b_2314,11575.908
00e12e8b_2315,11575.912
00e12e8b_2316,11575.917
00e12e8b_2317,11575.922
00e12e8b_2318,11575.928
00e12e8b_2319,11575.934
00e12e8b_2320,11575.939
00e12e8b_2321,11575.945
00e12e8b_2322,11575.952
00e12e8b_2323,11575.96
00e12e8b_2324,11575.967
00e12e8b_2325,11575.975
00e12e8b_2326,11575.983
00e12e8b_2327,11575.992
00e12e8b_2328,11576.001
00e12e8b_2329,11576.011
00e12e8b_2330,11576.0205
00e12e8b_2331,11576.03
00e12e8b_2332,11576.041
00e12e8b_2333,11576.052
00e12e8b_2334,11576.0625
00e12e8b_2335,11576.074
00e12e8b_2336,11576.086
00e12e8b_2337,11576.098
00e12e8b_2338,11576.11
00e12e8b_2339,11576.123
00e12e8b_2340,11576.137
00e12e8b_2341,11576.15
00e12e8b_2342,11576.164
00e12e8b_2343,11576.179
00e12e8b_2344,11576.193
00e12e8b_2345,11576.208
00e12e8b_2346,11576.224
00e12e8b_2347,11576.239
00e12e8b_2348,11576.256
00e12e8b_2349,11576.272
00e12e8b_2350,11576.289
00e12e8b_2351,11576.307
00e12e8b_2352,11576.324
00e12e8b_2353,11576.343
00e12e8b_2354,11576.36
00e12e8b_2355,11576.379
00e12e8b_2356,11576.398
00e12e8b_2357,11576.417
00e12e8b_2358,11576.437
00e12e8b_2359,11576.456
00e12e8b_2360,11576.476
00e12e8b_2361,11576.496
00e12e8b_2362,11576.516
00e12e8b_2363,11576.536
00e12e8b_2364,11576.557
00e12e8b_2365,11576.577
00e12e8b_2366,11576.598
00e12e8b_2367,11576.619
00e12e8b_2368,11576.64
00e12e8b_2369,11576.661
00e12e8b_2370,11576.683
00e12e8b_2371,11576.704
00e12e8b_2372,11576.726
00e12e8b_2373,11576.747
00e12e8b_2374,11576.77
00e12e8b_2375,11576.791
00e12e8b_2376,11576.813
00e12e8b_2377,11576.836
00e12e8b_2378,11576.858
00e12e8b_2379,11576.881
00e12e8b_2380,11576.903
00e12e8b_2381,11576.926
00e12e8b_2382,11576.949
00e12e8b_2383,11576.972
00e12e8b_2384,11576.995
00e12e8b_2385,11577.019
00e12e8b_2386,11577.042
00e12e8b_2387,11577.065
00e12e8b_2388,11577.089
00e12e8b_2389,11577.112
00e12e8b_2390,11577.137
00e12e8b_2391,11577.16
00e12e8b_2392,11577.184
00e12e8b_2393,11577.208
00e12e8b_2394,11577.231
00e12e8b_2395,11577.256
00e12e8b_2396,11577.28
00e12e8b_2397,11577.304
00e12e8b_2398,11577.328
00e12e8b_2399,11577.353
00e12e8b_2400,11577.377
00e12e8b_2401,11577.401
00e12e8b_2402,11577.426
00e12e8b_2403,11577.45
00e12e8b_2404,11577.474
00e12e8b_2405,11577.498
00e12e8b_2406,11577.522
00e12e8b_2407,11577.547
00e12e8b_2408,11577.571
00e12e8b_2409,11577.595
00e12e8b_2410,11577.619
00e12e8b_2411,11577.643
00e12e8b_2412,11577.666
00e12e8b_2413,11577.69
00e12e8b_2414,11577.714
00e12e8b_2415,11577.736
00e12e8b_2416,11577.76
00e12e8b_2417,11577.782
00e12e8b_2418,11577.805
00e12e8b_2419,11577.827
00e12e8b_2420,11577.85
00e12e8b_2421,11577.871
00e12e8b_2422,11577.893
00e12e8b_2423,11577.914
00e12e8b_2424,11577.935
00e12e8b_2425,11577.955
00e12e8b_2426,11577.976
00e12e8b_2427,11577.996
00e12e8b_2428,11578.016
00e12e8b_2429,11578.035
00e12e8b_2430,11578.055
00e12e8b_2431,11578.074
00e12e8b_2432,11578.093
00e12e8b_2433,11578.111
00e12e8b_2434,11578.129
00e12e8b_2435,11578.146
00e12e8b_2436,11578.164
00e12e8b_2437,11578.182
00e12e8b_2438,11578.198
00e12e8b_2439,11578.215
00e12e8b_2440,11578.23
00e12e8b_2441,11578.246
00e12e8b_2442,11578.262
00e12e8b_2443,11578.276
00e12e8b_2444,11578.291
00e12e8b_2445,11578.306
00e12e8b_2446,11578.319
00e12e8b_2447,11578.333
00e12e8b_2448,11578.346
00e12e8b_2449,11578.359
00e12e8b_2450,11578.372
00e12e8b_2451,11578.384
00e12e8b_2452,11578.396
00e12e8b_2453,11578.408
00e12e8b_2454,11578.419
00e12e8b_2455,11578.43
00e12e8b_2456,11578.44
00e12e8b_2457,11578.451
00e12e8b_2458,11578.461
00e12e8b_2459,11578.471
00e12e8b_2460,11578.4795
00e12e8b_2461,11578.488
00e12e8b_2462,11578.496
00e12e8b_2463,11578.504
00e12e8b_2464,11578.512
00e12e8b_2465,11578.519
00e12e8b_2466,11578.525
00e12e8b_2467,11578.532
00e12e8b_2468,11578.538
00e12e8b_2469,11578.544
00e12e8b_2470,11578.549
00e12e8b_2471,11578.554
00e12e8b_2472,11578.559
00e12e8b_2473,11578.5625
00e12e8b_2474,11578.566
00e12e8b_2475,11578.569
00e12e8b_2476,11578.572
00e12e8b_2477,11578.575
00e12e8b_2478,11578.578
00e12e8b_2479,11578.58
00e12e8b_2480,11578.581
00e12e8b_2481,11578.583
00e12e8b_2482,11578.584
00e12e8b_2483,11578.585
00e12e8b_2484,11578.585
00e12e8b_2485,11578.585
00e12e8b_2486,11578.585
00e12e8b_2487,11578.585
00e12e8b_2488,11578.584
00e12e8b_2489,11578.583
00e12e8b_2490,11578.581
00e12e8b_2491,11578.58
00e12e8b_2492,11578.578
00e12e8b_2493,11578.576
00e12e8b_2494,11578.573
00e12e8b_2495,11578.571
00e12e8b_2496,11578.568
00e12e8b_2497,11578.565
00e12e8b_2498,11578.5625
00e12e8b_2499,11578.56
00e12e8b_2500,11578.557
00e12e8b_2501,11578.553
00e12e8b_2502,11578.549
00e12e8b_2503,11578.546
00e12e8b_2504,11578.542
00e12e8b_2505,11578.538
00e12e8b_2506,11578.534
00e12e8b_2507,11578.53
00e12e8b_2508,11578.526
00e12e8b_2509,11578.521
00e12e8b_2510,11578.518
00e12e8b_2511,11578.513
00e12e8b_2512,11578.509
00e12e8b_2513,11578.504
00e12e8b_2514,11578.499
00e12e8b_2515,11578.494
00e12e8b_2516,11578.489
00e12e8b_2517,11578.484
00e12e8b_2518,11578.4795
00e12e8b_2519,11578.475
00e12e8b_2520,11578.47
00e12e8b_2521,11578.465
00e12e8b_2522,11578.459
00e12e8b_2523,11578.454
00e12e8b_2524,11578.448
00e12e8b_2525,11578.443
00e12e8b_2526,11578.4375
00e12e8b_2527,11578.433
00e12e8b_2528,11578.427
00e12e8b_2529,11578.421
00e12e8b_2530,11578.416
00e12e8b_2531,11578.41
00e12e8b_2532,11578.404
00e12e8b_2533,11578.399
00e12e8b_2534,11578.394
00e12e8b_2535,11578.389
00e12e8b_2536,11578.383
00e12e8b_2537,11578.377
00e12e8b_2538,11578.372
00e12e8b_2539,11578.367
00e12e8b_2540,11578.361
00e12e8b_2541,11578.356
00e12e8b_2542,11578.352
00e12e8b_2543,11578.347
00e12e8b_2544,11578.342
00e12e8b_2545,11578.336
00e12e8b_2546,11578.331
00e12e8b_2547,11578.326
00e12e8b_2548,11578.322
00e12e8b_2549,11578.317
00e12e8b_2550,11578.3125
00e12e8b_2551,11578.308
00e12e8b_2552,11578.303
00e12e8b_2553,11578.298
00e12e8b_2554,11578.294
00e12e8b_2555,11578.289
00e12e8b_2556,11578.285
00e12e8b_2557,11578.28
00e12e8b_2558,11578.276
00e12e8b_2559,11578.271
00e12e8b_2560,11578.268
00e12e8b_2561,11578.264
00e12e8b_2562,11578.26
00e12e8b_2563,11578.256
00e12e8b_2564,11578.252
00e12e8b_2565,11578.249
00e12e8b_2566,11578.246
00e12e8b_2567,11578.242
00e12e8b_2568,11578.239
00e12e8b_2569,11578.236
00e12e8b_2570,11578.233
00e12e8b_2571,11578.23
00e12e8b_2572,11578.229
00e12e8b_2573,11578.226
00e12e8b_2574,11578.224
00e12e8b_2575,11578.222
00e12e8b_2576,11578.22
00e12e8b_2577,11578.218
00e12e8b_2578,11578.217
00e12e8b_2579,11578.215
00e12e8b_2580,11578.214
00e12e8b_2581,11578.213
00e12e8b_2582,11578.212
00e12e8b_2583,11578.211
00e12e8b_2584,11578.21
00e12e8b_2585,11578.21
00e12e8b_2586,11578.209
00e12e8b_2587,11578.209
00e12e8b_2588,11578.209
00e12e8b_2589,11578.209
00e12e8b_2590,11578.209
00e12e8b_2591,11578.21
00e12e8b_2592,11578.21
00e12e8b_2593,11578.211
00e12e8b_2594,11578.212
00e12e8b_2595,11578.213
00e12e8b_2596,11578.214
00e12e8b_2597,11578.216
00e12e8b_2598,11578.217
00e12e8b_2599,11578.219
00e12e8b_2600,11578.22
00e12e8b_2601,11578.222
00e12e8b_2602,11578.223
00e12e8b_2603,11578.225
00e12e8b_2604,11578.226
00e12e8b_2605,11578.228
00e12e8b_2606,11578.2295
00e12e8b_2607,11578.23
00e12e8b_2608,11578.232
00e12e8b_2609,11578.234
00e12e8b_2610,11578.235
00e12e8b_2611,11578.237
00e12e8b_2612,11578.239
00e12e8b_2613,11578.241
00e12e8b_2614,11578.242
00e12e8b_2615,11578.244
00e12e8b_2616,11578.246
00e12e8b_2617,11578.248
00e12e8b_2618,11578.25
00e12e8b_2619,11578.252
00e12e8b_2620,11578.254
00e12e8b_2621,11578.256
00e12e8b_2622,11578.259
00e12e8b_2623,11578.261
00e12e8b_2624,11578.263
00e12e8b_2625,11578.265
00e12e8b_2626,11578.268
00e12e8b_2627,11578.27
00e12e8b_2628,11578.271
00e12e8b_2629,11578.274
00e12e8b_2630,11578.276
00e12e8b_2631,11578.278
00e12e8b_2632,11578.281
00e12e8b_2633,11578.283
00e12e8b_2634,11578.286
00e12e8b_2635,11578.288
00e12e8b_2636,11578.291
00e12e8b_2637,11578.294
00e12e8b_2638,11578.296
00e12e8b_2639,11578.299
00e12e8b_2640,11578.301
00e12e8b_2641,11578.303
00e12e8b_2642,11578.306
00e12e8b_2643,11578.308
00e12e8b_2644,11578.31
00e12e8b_2645,11578.3125
00e12e8b_2646,11578.314
00e12e8b_2647,11578.316
00e12e8b_2648,11578.317
00e12e8b_2649,11578.319
00e12e8b_2650,11578.321
00e12e8b_2651,11578.322
00e12e8b_2652,11578.324
00e12e8b_2653,11578.325
00e12e8b_2654,11578.326
00e12e8b_2655,11578.327
00e12e8b_2656,11578.328
00e12e8b_2657,11578.328
00e12e8b_2658,11578.329
00e12e8b_2659,11578.329
00e12e8b_2660,11578.33
00e12e8b_2661,11578.33
00e12e8b_2662,11578.33
00e12e8b_2663,11578.33
00e12e8b_2664,11578.33
00e12e8b_2665,11578.33
00e12e8b_2666,11578.33
00e12e8b_2667,11578.329
00e12e8b_2668,11578.329
00e12e8b_2669,11578.329
00e12e8b_2670,11578.328
00e12e8b_2671,11578.328
00e12e8b_2672,11578.327
00e12e8b_2673,11578.327
00e12e8b_2674,11578.326
00e12e8b_2675,11578.325
00e12e8b_2676,11578.324
00e12e8b_2677,11578.324
00e12e8b_2678,11578.323
00e12e8b_2679,11578.322
00e12e8b_2680,11578.321
00e12e8b_2681,11578.32
00e12e8b_2682,11578.318
00e12e8b_2683,11578.317
00e12e8b_2684,11578.316
00e12e8b_2685,11578.315
00e12e8b_2686,11578.313
00e12e8b_2687,11578.3125
00e12e8b_2688,11578.312
00e12e8b_2689,11578.31
00e12e8b_2690,11578.309
00e12e8b_2691,11578.307
00e12e8b_2692,11578.305
00e12e8b_2693,11578.303
00e12e8b_2694,11578.302
00e12e8b_2695,11578.3
00e12e8b_2696,11578.298
00e12e8b_2697,11578.296
00e12e8b_2698,11578.294
00e12e8b_2699,11578.292
00e12e8b_2700,11578.29
00e12e8b_2701,11578.288
00e12e8b_2702,11578.286
00e12e8b_2703,11578.284
00e12e8b_2704,11578.281
00e12e8b_2705,11578.279
00e12e8b_2706,11578.277
00e12e8b_2707,11578.274
00e12e8b_2708,11578.272
00e12e8b_2709,11578.27
00e12e8b_2710,11578.268
00e12e8b_2711,11578.265
00e12e8b_2712,11578.263
00e12e8b_2713,11578.26
00e12e8b_2714,11578.258
00e12e8b_2715,11578.255
00e12e8b_2716,11578.253
00e12e8b_2717,11578.25
00e12e8b_2718,11578.248
00e12e8b_2719,11578.245
00e12e8b_2720,11578.243
00e12e8b_2721,11578.24
00e12e8b_2722,11578.238
00e12e8b_2723,11578.236
00e12e8b_2724,11578.234
00e12e8b_2725,11578.232
00e12e8b_2726,11578.23
00e12e8b_2727,11578.229
00e12e8b_2728,11578.227
00e12e8b_2729,11578.226
00e12e8b_2730,11578.224
00e12e8b_2731,11578.223
00e12e8b_2732,11578.222
00e12e8b_2733,11578.221
00e12e8b_2734,11578.22
00e12e8b_2735,11578.219
00e12e8b_2736,11578.218
00e12e8b_2737,11578.217
00e12e8b_2738,11578.217
00e12e8b_2739,11578.217
00e12e8b_2740,11578.216
00e12e8b_2741,11578.216
00e12e8b_2742,11578.217
00e12e8b_2743,11578.217
00e12e8b_2744,11578.217
00e12e8b_2745,11578.218
00e12e8b_2746,11578.219
00e12e8b_2747,11578.219
00e12e8b_2748,11578.22
00e12e8b_2749,11578.222
00e12e8b_2750,11578.223
00e12e8b_2751,11578.224
00e12e8b_2752,11578.226
00e12e8b_2753,11578.228
00e12e8b_2754,11578.229
00e12e8b_2755,11578.23
00e12e8b_2756,11578.233
00e12e8b_2757,11578.235
00e12e8b_2758,11578.237
00e12e8b_2759,11578.24
00e12e8b_2760,11578.242
00e12e8b_2761,11578.245
00e12e8b_2762,11578.248
00e12e8b_2763,11578.251
00e12e8b_2764,11578.254
00e12e8b_2765,11578.257
00e12e8b_2766,11578.26
00e12e8b_2767,11578.264
00e12e8b_2768,11578.267
00e12e8b_2769,11578.2705
00e12e8b_2770,11578.274
00e12e8b_2771,11578.278
00e12e8b_2772,11578.282
00e12e8b_2773,11578.287
00e12e8b_2774,11578.291
00e12e8b_2775,11578.296
00e12e8b_2776,11578.3
00e12e8b_2777,11578.305
00e12e8b_2778,11578.31
00e12e8b_2779,11578.315
00e12e8b_2780,11578.32
00e12e8b_2781,11578.325
00e12e8b_2782,11578.331
00e12e8b_2783,11578.337
00e12e8b_2784,11578.342
00e12e8b_2785,11578.348
00e12e8b_2786,11578.354
00e12e8b_2787,11578.359
00e12e8b_2788,11578.366
00e12e8b_2789,11578.372
00e12e8b_2790,11578.378
00e12e8b_2791,11578.385
00e12e8b_2792,11578.391
00e12e8b_2793,11578.397
00e12e8b_2794,11578.403
00e12e8b_2795,11578.41
00e12e8b_2796,11578.417
00e12e8b_2797,11578.423
00e12e8b_2798,11578.43
00e12e8b_2799,11578.437
00e12e8b_2800,11578.442
00e12e8b_2801,11578.449
00e12e8b_2802,11578.456
00e12e8b_2803,11578.463
00e12e8b_2804,11578.47
00e12e8b_2805,11578.477
00e12e8b_2806,11578.482
00e12e8b_2807,11578.489
00e12e8b_2808,11578.496
00e12e8b_2809,11578.503
00e12e8b_2810,11578.51
00e12e8b_2811,11578.516
00e12e8b_2812,11578.522
00e12e8b_2813,11578.529
00e12e8b_2814,11578.535
00e12e8b_2815,11578.542
00e12e8b_2816,11578.549
00e12e8b_2817,11578.555
00e12e8b_2818,11578.562
00e12e8b_2819,11578.567
00e12e8b_2820,11578.574
00e12e8b_2821,11578.58
00e12e8b_2822,11578.586
00e12e8b_2823,11578.592
00e12e8b_2824,11578.599
00e12e8b_2825,11578.6045
00e12e8b_2826,11578.61
00e12e8b_2827,11578.616
00e12e8b_2828,11578.621
00e12e8b_2829,11578.627
00e12e8b_2830,11578.633
00e12e8b_2831,11578.638
00e12e8b_2832,11578.643
00e12e8b_2833,11578.647
00e12e8b_2834,11578.652
00e12e8b_2835,11578.657
00e12e8b_2836,11578.661
00e12e8b_2837,11578.665
00e12e8b_2838,11578.669
00e12e8b_2839,11578.673
00e12e8b_2840,11578.676
00e12e8b_2841,11578.68
00e12e8b_2842,11578.683
00e12e8b_2843,11578.686
00e12e8b_2844,11578.688
00e12e8b_2845,11578.691
00e12e8b_2846,11578.693
00e12e8b_2847,11578.696
00e12e8b_2848,11578.698
00e12e8b_2849,11578.7
00e12e8b_2850,11578.702
00e12e8b_2851,11578.704
00e12e8b_2852,11578.706
00e12e8b_2853,11578.707
00e12e8b_2854,11578.709
00e12e8b_2855,11578.711
00e12e8b_2856,11578.712
00e12e8b_2857,11578.713
00e12e8b_2858,11578.715
00e12e8b_2859,11578.716
00e12e8b_2860,11578.718
00e12e8b_2861,11578.719
00e12e8b_2862,11578.72
00e12e8b_2863,11578.722
00e12e8b_2864,11578.723
00e12e8b_2865,11578.725
00e12e8b_2866,11578.726
00e12e8b_2867,11578.728
00e12e8b_2868,11578.729
00e12e8b_2869,11578.73
00e12e8b_2870,11578.731
00e12e8b_2871,11578.733
00e12e8b_2872,11578.735
00e12e8b_2873,11578.736
00e12e8b_2874,11578.738
00e12e8b_2875,11578.739
00e12e8b_2876,11578.741
00e12e8b_2877,11578.743
00e12e8b_2878,11578.745
00e12e8b_2879,11578.747
00e12e8b_2880,11578.748
00e12e8b_2881,11578.751
00e12e8b_2882,11578.753
00e12e8b_2883,11578.755
00e12e8b_2884,11578.757
00e12e8b_2885,11578.759
00e12e8b_2886,11578.761
00e12e8b_2887,11578.763
00e12e8b_2888,11578.765
00e12e8b_2889,11578.768
00e12e8b_2890,11578.77
00e12e8b_2891,11578.772
00e12e8b_2892,11578.775
00e12e8b_2893,11578.778
00e12e8b_2894,11578.781
00e12e8b_2895,11578.784
00e12e8b_2896,11578.788
00e12e8b_2897,11578.792
00e12e8b_2898,11578.796
00e12e8b_2899,11578.8
00e12e8b_2900,11578.804
00e12e8b_2901,11578.809
00e12e8b_2902,11578.813
00e12e8b_2903,11578.819
00e12e8b_2904,11578.825
00e12e8b_2905,11578.831
00e12e8b_2906,11578.837
00e12e8b_2907,11578.844
00e12e8b_2908,11578.852
00e12e8b_2909,11578.858
00e12e8b_2910,11578.866
00e12e8b_2911,11578.875
00e12e8b_2912,11578.884
00e12e8b_2913,11578.893
00e12e8b_2914,11578.902
00e12e8b_2915,11578.912
00e12e8b_2916,11578.923
00e12e8b_2917,11578.934
00e12e8b_2918,11578.945
00e12e8b_2919,11578.957
00e12e8b_2920,11578.97
00e12e8b_2921,11578.982
00e12e8b_2922,11578.996
00e12e8b_2923,11579.01
00e12e8b_2924,11579.024
00e12e8b_2925,11579.039
00e12e8b_2926,11579.055
00e12e8b_2927,11579.07
00e12e8b_2928,11579.086
00e12e8b_2929,11579.104
00e12e8b_2930,11579.12
00e12e8b_2931,11579.138
00e12e8b_2932,11579.156
00e12e8b_2933,11579.175
00e12e8b_2934,11579.194
00e12e8b_2935,11579.214
00e12e8b_2936,11579.233
00e12e8b_2937,11579.254
00e12e8b_2938,11579.275
00e12e8b_2939,11579.297
00e12e8b_2940,11579.318
00e12e8b_2941,11579.341
00e12e8b_2942,11579.364
00e12e8b_2943,11579.387
00e12e8b_2944,11579.411
00e12e8b_2945,11579.435
00e12e8b_2946,11579.459
00e12e8b_2947,11579.484
00e12e8b_2948,11579.51
00e12e8b_2949,11579.535
00e12e8b_2950,11579.562
00e12e8b_2951,11579.588
00e12e8b_2952,11579.615
00e12e8b_2953,11579.643
00e12e8b_2954,11579.67
00e12e8b_2955,11579.698
00e12e8b_2956,11579.728
00e12e8b_2957,11579.756
00e12e8b_2958,11579.786
00e12e8b_2959,11579.816
00e12e8b_2960,11579.847
00e12e8b_2961,11579.877
00e12e8b_2962,11579.909
00e12e8b_2963,11579.94
00e12e8b_2964,11579.973
00e12e8b_2965,11580.006
00e12e8b_2966,11580.038
00e12e8b_2967,11580.072
00e12e8b_2968,11580.106
00e12e8b_2969,11580.141
00e12e8b_2970,11580.175
00e12e8b_2971,11580.21
00e12e8b_2972,11580.246
00e12e8b_2973,11580.282
00e12e8b_2974,11580.318
00e12e8b_2975,11580.3545
00e12e8b_2976,11580.392
00e12e8b_2977,11580.429
00e12e8b_2978,11580.467
00e12e8b_2979,11580.504
00e12e8b_2980,11580.542
00e12e8b_2981,11580.58
00e12e8b_2982,11580.618
00e12e8b_2983,11580.657
00e12e8b_2984,11580.696
00e12e8b_2985,11580.735
00e12e8b_2986,11580.774
00e12e8b_2987,11580.813
00e12e8b_2988,11580.853
00e12e8b_2989,11580.893
00e12e8b_2990,11580.932
00e12e8b_2991,11580.972
00e12e8b_2992,11581.011
00e12e8b_2993,11581.051
00e12e8b_2994,11581.091
00e12e8b_2995,11581.131
00e12e8b_2996,11581.171
00e12e8b_2997,11581.21
00e12e8b_2998,11581.25
00e12e8b_2999,11581.289
00e12e8b_3000,11581.329
00e12e8b_3001,11581.368
00e12e8b_3002,11581.408
00e12e8b_3003,11581.447
00e12e8b_3004,11581.486
00e12e8b_3005,11581.524
00e12e8b_3006,11581.563
00e12e8b_3007,11581.602
00e12e8b_3008,11581.641
00e12e8b_3009,11581.679
00e12e8b_3010,11581.716
00e12e8b_3011,11581.754
00e12e8b_3012,11581.791
00e12e8b_3013,11581.829
00e12e8b_3014,11581.866
00e12e8b_3015,11581.903
00e12e8b_3016,11581.939
00e12e8b_3017,11581.976
00e12e8b_3018,11582.012
00e12e8b_3019,11582.047
00e12e8b_3020,11582.082
00e12e8b_3021,11582.117
00e12e8b_3022,11582.151
00e12e8b_3023,11582.186
00e12e8b_3024,11582.22
00e12e8b_3025,11582.253
00e12e8b_3026,11582.285
00e12e8b_3027,11582.317
00e12e8b_3028,11582.349
00e12e8b_3029,11582.38
00e12e8b_3030,11582.411
00e12e8b_3031,11582.441
00e12e8b_3032,11582.471
00e12e8b_3033,11582.5
00e12e8b_3034,11582.529
00e12e8b_3035,11582.557
00e12e8b_3036,11582.584
00e12e8b_3037,11582.611
00e12e8b_3038,11582.638
00e12e8b_3039,11582.663
00e12e8b_3040,11582.688
00e12e8b_3041,11582.713
00e12e8b_3042,11582.736
00e12e8b_3043,11582.76
00e12e8b_3044,11582.782
00e12e8b_3045,11582.804
00e12e8b_3046,11582.825
00e12e8b_3047,11582.847
00e12e8b_3048,11582.866
00e12e8b_3049,11582.886
00e12e8b_3050,11582.905
00e12e8b_3051,11582.923
00e12e8b_3052,11582.941
00e12e8b_3053,11582.958
00e12e8b_3054,11582.975
00e12e8b_3055,11582.99
00e12e8b_3056,11583.006
00e12e8b_3057,11583.0205
00e12e8b_3058,11583.034
00e12e8b_3059,11583.048
00e12e8b_3060,11583.061
00e12e8b_3061,11583.072
00e12e8b_3062,11583.084
00e12e8b_3063,11583.095
00e12e8b_3064,11583.1045
00e12e8b_3065,11583.113
00e12e8b_3066,11583.122
00e12e8b_3067,11583.13
00e12e8b_3068,11583.138
00e12e8b_3069,11583.145
00e12e8b_3070,11583.15
00e12e8b_3071,11583.156
00e12e8b_3072,11583.161
00e12e8b_3073,11583.165
00e12e8b_3074,11583.169
00e12e8b_3075,11583.172
00e12e8b_3076,11583.175
00e12e8b_3077,11583.177
00e12e8b_3078,11583.178
00e12e8b_3079,11583.179
00e12e8b_3080,11583.179
00e12e8b_3081,11583.179
00e12e8b_3082,11583.178
00e12e8b_3083,11583.177
00e12e8b_3084,11583.175
00e12e8b_3085,11583.173
00e12e8b_3086,11583.17
00e12e8b_3087,11583.167
00e12e8b_3088,11583.163
00e12e8b_3089,11583.159
00e12e8b_3090,11583.155
00e12e8b_3091,11583.15
00e12e8b_3092,11583.1455
00e12e8b_3093,11583.141
00e12e8b_3094,11583.135
00e12e8b_3095,11583.129
00e12e8b_3096,11583.123
00e12e8b_3097,11583.117
00e12e8b_3098,11583.11
00e12e8b_3099,11583.103
00e12e8b_3100,11583.096
00e12e8b_3101,11583.088
00e12e8b_3102,11583.08
00e12e8b_3103,11583.072
00e12e8b_3104,11583.063
00e12e8b_3105,11583.055
00e12e8b_3106,11583.046
00e12e8b_3107,11583.036
00e12e8b_3108,11583.027
00e12e8b_3109,11583.018
00e12e8b_3110,11583.007
00e12e8b_3111,11582.997
00e12e8b_3112,11582.986
00e12e8b_3113,11582.976
00e12e8b_3114,11582.965
00e12e8b_3115,11582.954
00e12e8b_3116,11582.942
00e12e8b_3117,11582.931
00e12e8b_3118,11582.919
00e12e8b_3119,11582.907
00e12e8b_3120,11582.8955
00e12e8b_3121,11582.884
00e12e8b_3122,11582.871
00e12e8b_3123,11582.858
00e12e8b_3124,11582.847
00e12e8b_3125,11582.834
00e12e8b_3126,11582.821
00e12e8b_3127,11582.808
00e12e8b_3128,11582.795
00e12e8b_3129,11582.782
00e12e8b_3130,11582.77
00e12e8b_3131,11582.756
00e12e8b_3132,11582.743
00e12e8b_3133,11582.73
00e12e8b_3134,11582.717
00e12e8b_3135,11582.704
00e12e8b_3136,11582.691
00e12e8b_3137,11582.679
00e12e8b_3138,11582.666
00e12e8b_3139,11582.653
00e12e8b_3140,11582.641
00e12e8b_3141,11582.628
00e12e8b_3142,11582.615
00e12e8b_3143,11582.603
00e12e8b_3144,11582.591
00e12e8b_3145,11582.578
00e12e8b_3146,11582.566
00e12e8b_3147,11582.555
00e12e8b_3148,11582.543
00e12e8b_3149,11582.532
00e12e8b_3150,11582.5205
00e12e8b_3151,11582.51
00e12e8b_3152,11582.499
00e12e8b_3153,11582.488
00e12e8b_3154,11582.479
00e12e8b_3155,11582.468
00e12e8b_3156,11582.458
00e12e8b_3157,11582.448
00e12e8b_3158,11582.439
00e12e8b_3159,11582.43
00e12e8b_3160,11582.421
00e12e8b_3161,11582.412
00e12e8b_3162,11582.403
00e12e8b_3163,11582.3955
00e12e8b_3164,11582.387
00e12e8b_3165,11582.379
00e12e8b_3166,11582.371
00e12e8b_3167,11582.363
00e12e8b_3168,11582.355
00e12e8b_3169,11582.349
00e12e8b_3170,11582.341
00e12e8b_3171,11582.334
00e12e8b_3172,11582.327
00e12e8b_3173,11582.32
00e12e8b_3174,11582.313
00e12e8b_3175,11582.307
00e12e8b_3176,11582.3
00e12e8b_3177,11582.294
00e12e8b_3178,11582.288
00e12e8b_3179,11582.282
00e12e8b_3180,11582.276
00e12e8b_3181,11582.2705
00e12e8b_3182,11582.266
00e12e8b_3183,11582.261
00e12e8b_3184,11582.256
00e12e8b_3185,11582.251
00e12e8b_3186,11582.247
00e12e8b_3187,11582.243
00e12e8b_3188,11582.239
00e12e8b_3189,11582.235
00e12e8b_3190,11582.232
00e12e8b_3191,11582.2295
00e12e8b_3192,11582.227
00e12e8b_3193,11582.224
00e12e8b_3194,11582.221
00e12e8b_3195,11582.219
00e12e8b_3196,11582.217
00e12e8b_3197,11582.215
00e12e8b_3198,11582.213
00e12e8b_3199,11582.211
00e12e8b_3200,11582.21
00e12e8b_3201,11582.209
00e12e8b_3202,11582.208
00e12e8b_3203,11582.208
00e12e8b_3204,11582.208
00e12e8b_3205,11582.207
00e12e8b_3206,11582.207
00e12e8b_3207,11582.208
00e12e8b_3208,11582.208
00e12e8b_3209,11582.209
00e12e8b_3210,11582.21
00e12e8b_3211,11582.211
00e12e8b_3212,11582.212
00e12e8b_3213,11582.213
00e12e8b_3214,11582.214
00e12e8b_3215,11582.215
00e12e8b_3216,11582.216
00e12e8b_3217,11582.218
00e12e8b_3218,11582.219
00e12e8b_3219,11582.221
00e12e8b_3220,11582.222
00e12e8b_3221,11582.224
00e12e8b_3222,11582.226
00e12e8b_3223,11582.227
00e12e8b_3224,11582.229
00e12e8b_3225,11582.2295
00e12e8b_3226,11582.231
00e12e8b_3227,11582.232
00e12e8b_3228,11582.234
00e12e8b_3229,11582.235
00e12e8b_3230,11582.236
00e12e8b_3231,11582.237
00e12e8b_3232,11582.239
00e12e8b_3233,11582.24
00e12e8b_3234,11582.241
00e12e8b_3235,11582.242
00e12e8b_3236,11582.242
00e12e8b_3237,11582.243
00e12e8b_3238,11582.244
00e12e8b_3239,11582.246
00e12e8b_3240,11582.247
00e12e8b_3241,11582.248
00e12e8b_3242,11582.249
00e12e8b_3243,11582.251
00e12e8b_3244,11582.252
00e12e8b_3245,11582.253
00e12e8b_3246,11582.255
00e12e8b_3247,11582.256
00e12e8b_3248,11582.258
00e12e8b_3249,11582.26
00e12e8b_3250,11582.261
00e12e8b_3251,11582.263
00e12e8b_3252,11582.265
00e12e8b_3253,11582.267
00e12e8b_3254,11582.269
00e12e8b_3255,11582.2705
00e12e8b_3256,11582.272
00e12e8b_3257,11582.275
00e12e8b_3258,11582.277
00e12e8b_3259,11582.28
00e12e8b_3260,11582.282
00e12e8b_3261,11582.285
00e12e8b_3262,11582.287
00e12e8b_3263,11582.29
00e12e8b_3264,11582.293
00e12e8b_3265,11582.296
00e12e8b_3266,11582.299
00e12e8b_3267,11582.302
00e12e8b_3268,11582.305
00e12e8b_3269,11582.308
00e12e8b_3270,11582.311
00e12e8b_3271,11582.314
00e12e8b_3272,11582.317
00e12e8b_3273,11582.32
00e12e8b_3274,11582.324
00e12e8b_3275,11582.327
00e12e8b_3276,11582.331
00e12e8b_3277,11582.335
00e12e8b_3278,11582.338
00e12e8b_3279,11582.342
00e12e8b_3280,11582.346
00e12e8b_3281,11582.35
00e12e8b_3282,11582.354
00e12e8b_3283,11582.357
00e12e8b_3284,11582.362
00e12e8b_3285,11582.366
00e12e8b_3286,11582.37
00e12e8b_3287,11582.375
00e12e8b_3288,11582.379
00e12e8b_3289,11582.384
00e12e8b_3290,11582.388
00e12e8b_3291,11582.393
00e12e8b_3292,11582.397
00e12e8b_3293,11582.401
00e12e8b_3294,11582.406
00e12e8b_3295,11582.41
00e12e8b_3296,11582.415
00e12e8b_3297,11582.419
00e12e8b_3298,11582.424
00e12e8b_3299,11582.428
00e12e8b_3300,11582.432
00e12e8b_3301,11582.437
00e12e8b_3302,11582.44
00e12e8b_3303,11582.444
00e12e8b_3304,11582.448
00e12e8b_3305,11582.451
00e12e8b_3306,11582.455
00e12e8b_3307,11582.459
00e12e8b_3308,11582.462
00e12e8b_3309,11582.465
00e12e8b_3310,11582.469
00e12e8b_3311,11582.472
00e12e8b_3312,11582.475
00e12e8b_3313,11582.478
00e12e8b_3314,11582.48
00e12e8b_3315,11582.482
00e12e8b_3316,11582.485
00e12e8b_3317,11582.488
00e12e8b_3318,11582.49
00e12e8b_3319,11582.493
00e12e8b_3320,11582.495
00e12e8b_3321,11582.497
00e12e8b_3322,11582.499
00e12e8b_3323,11582.501
00e12e8b_3324,11582.503
00e12e8b_3325,11582.504
00e12e8b_3326,11582.506
00e12e8b_3327,11582.507
00e12e8b_3328,11582.508
00e12e8b_3329,11582.509
00e12e8b_3330,11582.51
00e12e8b_3331,11582.51
00e12e8b_3332,11582.51
00e12e8b_3333,11582.51
00e12e8b_3334,11582.51
00e12e8b_3335,11582.509
00e12e8b_3336,11582.508
00e12e8b_3337,11582.507
00e12e8b_3338,11582.506
00e12e8b_3339,11582.504
00e12e8b_3340,11582.502
00e12e8b_3341,11582.499
00e12e8b_3342,11582.496
00e12e8b_3343,11582.493
00e12e8b_3344,11582.49
00e12e8b_3345,11582.486
00e12e8b_3346,11582.481
00e12e8b_3347,11582.477
00e12e8b_3348,11582.472
00e12e8b_3349,11582.467
00e12e8b_3350,11582.461
00e12e8b_3351,11582.455
00e12e8b_3352,11582.448
00e12e8b_3353,11582.441
00e12e8b_3354,11582.434
00e12e8b_3355,11582.426
00e12e8b_3356,11582.418
00e12e8b_3357,11582.409
00e12e8b_3358,11582.399
00e12e8b_3359,11582.391
00e12e8b_3360,11582.38
00e12e8b_3361,11582.37
00e12e8b_3362,11582.358
00e12e8b_3363,11582.348
00e12e8b_3364,11582.336
00e12e8b_3365,11582.324
00e12e8b_3366,11582.312
00e12e8b_3367,11582.298
00e12e8b_3368,11582.285
00e12e8b_3369,11582.2705
00e12e8b_3370,11582.257
00e12e8b_3371,11582.242
00e12e8b_3372,11582.227
00e12e8b_3373,11582.211
00e12e8b_3374,11582.195
00e12e8b_3375,11582.179
00e12e8b_3376,11582.161
00e12e8b_3377,11582.144
00e12e8b_3378,11582.126
00e12e8b_3379,11582.107
00e12e8b_3380,11582.089
00e12e8b_3381,11582.07
00e12e8b_3382,11582.05
00e12e8b_3383,11582.03
00e12e8b_3384,11582.01
00e12e8b_3385,11581.988
00e12e8b_3386,11581.967
00e12e8b_3387,11581.945
00e12e8b_3388,11581.923
00e12e8b_3389,11581.9
00e12e8b_3390,11581.877
00e12e8b_3391,11581.854
00e12e8b_3392,11581.829
00e12e8b_3393,11581.805
00e12e8b_3394,11581.779
00e12e8b_3395,11581.754
00e12e8b_3396,11581.729
00e12e8b_3397,11581.701
00e12e8b_3398,11581.675
00e12e8b_3399,11581.647
00e12e8b_3400,11581.619
00e12e8b_3401,11581.591
00e12e8b_3402,11581.5625
00e12e8b_3403,11581.533
00e12e8b_3404,11581.503
00e12e8b_3405,11581.473
00e12e8b_3406,11581.442
00e12e8b_3407,11581.411
00e12e8b_3408,11581.38
00e12e8b_3409,11581.349
00e12e8b_3410,11581.316
00e12e8b_3411,11581.284
00e12e8b_3412,11581.251
00e12e8b_3413,11581.219
00e12e8b_3414,11581.186
00e12e8b_3415,11581.152
00e12e8b_3416,11581.118
00e12e8b_3417,11581.084
00e12e8b_3418,11581.05
00e12e8b_3419,11581.016
00e12e8b_3420,11580.98
00e12e8b_3421,11580.946
00e12e8b_3422,11580.911
00e12e8b_3423,11580.876
00e12e8b_3424,11580.84
00e12e8b_3425,11580.805
00e12e8b_3426,11580.769
00e12e8b_3427,11580.732
00e12e8b_3428,11580.697
00e12e8b_3429,11580.661
00e12e8b_3430,11580.625
00e12e8b_3431,11580.589
00e12e8b_3432,11580.554
00e12e8b_3433,11580.518
00e12e8b_3434,11580.481
00e12e8b_3435,11580.446
00e12e8b_3436,11580.41
00e12e8b_3437,11580.375
00e12e8b_3438,11580.339
00e12e8b_3439,11580.304
00e12e8b_3440,11580.268
00e12e8b_3441,11580.232
00e12e8b_3442,11580.196
00e12e8b_3443,11580.161
00e12e8b_3444,11580.126
00e12e8b_3445,11580.091
00e12e8b_3446,11580.056
00e12e8b_3447,11580.021
00e12e8b_3448,11579.986
00e12e8b_3449,11579.951
00e12e8b_3450,11579.917
00e12e8b_3451,11579.883
00e12e8b_3452,11579.849
00e12e8b_3453,11579.814
00e12e8b_3454,11579.781
00e12e8b_3455,11579.747
00e12e8b_3456,11579.714
00e12e8b_3457,11579.681
00e12e8b_3458,11579.648
00e12e8b_3459,11579.615
00e12e8b_3460,11579.583
00e12e8b_3461,11579.552
00e12e8b_3462,11579.52
00e12e8b_3463,11579.488
00e12e8b_3464,11579.457
00e12e8b_3465,11579.427
00e12e8b_3466,11579.396
00e12e8b_3467,11579.367
00e12e8b_3468,11579.338
00e12e8b_3469,11579.31
00e12e8b_3470,11579.281
00e12e8b_3471,11579.254
00e12e8b_3472,11579.227
00e12e8b_3473,11579.2
00e12e8b_3474,11579.174
00e12e8b_3475,11579.148
00e12e8b_3476,11579.124
00e12e8b_3477,11579.1
00e12e8b_3478,11579.075
00e12e8b_3479,11579.052
00e12e8b_3480,11579.028
00e12e8b_3481,11579.006
00e12e8b_3482,11578.984
00e12e8b_3483,11578.963
00e12e8b_3484,11578.942
00e12e8b_3485,11578.922
00e12e8b_3486,11578.902
00e12e8b_3487,11578.883
00e12e8b_3488,11578.864
00e12e8b_3489,11578.846
00e12e8b_3490,11578.828
00e12e8b_3491,11578.811
00e12e8b_3492,11578.794
00e12e8b_3493,11578.777
00e12e8b_3494,11578.761
00e12e8b_3495,11578.746
00e12e8b_3496,11578.73
00e12e8b_3497,11578.716
00e12e8b_3498,11578.702
00e12e8b_3499,11578.688
00e12e8b_3500,11578.676
00e12e8b_3501,11578.663
00e12e8b_3502,11578.651
00e12e8b_3503,11578.64
00e12e8b_3504,11578.629
00e12e8b_3505,11578.618
00e12e8b_3506,11578.608
00e12e8b_3507,11578.599
00e12e8b_3508,11578.59
00e12e8b_3509,11578.581
00e12e8b_3510,11578.573
00e12e8b_3511,11578.565
00e12e8b_3512,11578.559
00e12e8b_3513,11578.552
00e12e8b_3514,11578.545
00e12e8b_3515,11578.539
00e12e8b_3516,11578.534
00e12e8b_3517,11578.529
00e12e8b_3518,11578.525
00e12e8b_3519,11578.5205
00e12e8b_3520,11578.518
00e12e8b_3521,11578.515
00e12e8b_3522,11578.512
00e12e8b_3523,11578.51
00e12e8b_3524,11578.508
00e12e8b_3525,11578.506
00e12e8b_3526,11578.505
00e12e8b_3527,11578.504
00e12e8b_3528,11578.504
00e12e8b_3529,11578.503
00e12e8b_3530,11578.504
00e12e8b_3531,11578.504
00e12e8b_3532,11578.505
00e12e8b_3533,11578.506
00e12e8b_3534,11578.507
00e12e8b_3535,11578.509
00e12e8b_3536,11578.511
00e12e8b_3537,11578.513
00e12e8b_3538,11578.516
00e12e8b_3539,11578.519
00e12e8b_3540,11578.521
00e12e8b_3541,11578.524
00e12e8b_3542,11578.527
00e12e8b_3543,11578.531
00e12e8b_3544,11578.535
00e12e8b_3545,11578.539
00e12e8b_3546,11578.543
00e12e8b_3547,11578.548
00e12e8b_3548,11578.552
00e12e8b_3549,11578.557
00e12e8b_3550,11578.562
00e12e8b_3551,11578.566
00e12e8b_3552,11578.571
00e12e8b_3553,11578.577
00e12e8b_3554,11578.582
00e12e8b_3555,11578.588
00e12e8b_3556,11578.594
00e12e8b_3557,11578.6
00e12e8b_3558,11578.605
00e12e8b_3559,11578.611
00e12e8b_3560,11578.617
00e12e8b_3561,11578.624
00e12e8b_3562,11578.63
00e12e8b_3563,11578.637
00e12e8b_3564,11578.643
00e12e8b_3565,11578.649
00e12e8b_3566,11578.655
00e12e8b_3567,11578.662
00e12e8b_3568,11578.669
00e12e8b_3569,11578.675
00e12e8b_3570,11578.682
00e12e8b_3571,11578.6875
00e12e8b_3572,11578.694
00e12e8b_3573,11578.701
00e12e8b_3574,11578.707
00e12e8b_3575,11578.714
00e12e8b_3576,11578.72
00e12e8b_3577,11578.727
00e12e8b_3578,11578.733
00e12e8b_3579,11578.739
00e12e8b_3580,11578.746
00e12e8b_3581,11578.752
00e12e8b_3582,11578.759
00e12e8b_3583,11578.765
00e12e8b_3584,11578.771
00e12e8b_3585,11578.777
00e12e8b_3586,11578.783
00e12e8b_3587,11578.789
00e12e8b_3588,11578.796
00e12e8b_3589,11578.802
00e12e8b_3590,11578.808
00e12e8b_3591,11578.813
00e12e8b_3592,11578.819
00e12e8b_3593,11578.825
00e12e8b_3594,11578.831
00e12e8b_3595,11578.836
00e12e8b_3596,11578.842
00e12e8b_3597,11578.848
00e12e8b_3598,11578.854
00e12e8b_3599,11578.859
00e12e8b_3600,11578.865
00e12e8b_3601,11578.871
00e12e8b_3602,11578.876
00e12e8b_3603,11578.882
00e12e8b_3604,11578.888
00e12e8b_3605,11578.893
00e12e8b_3606,11578.898
00e12e8b_3607,11578.904
00e12e8b_3608,11578.909
00e12e8b_3609,11578.915
00e12e8b_3610,11578.92
00e12e8b_3611,11578.925
00e12e8b_3612,11578.931
00e12e8b_3613,11578.936
00e12e8b_3614,11578.94
00e12e8b_3615,11578.945
00e12e8b_3616,11578.95
00e12e8b_3617,11578.954
00e12e8b_3618,11578.959
00e12e8b_3619,11578.964
00e12e8b_3620,11578.968
00e12e8b_3621,11578.973
00e12e8b_3622,11578.977
00e12e8b_3623,11578.981
00e12e8b_3624,11578.985
00e12e8b_3625,11578.99
00e12e8b_3626,11578.995
00e12e8b_3627,11578.999
00e12e8b_3628,11579.004
00e12e8b_3629,11579.009
00e12e8b_3630,11579.013
00e12e8b_3631,11579.018
00e12e8b_3632,11579.022
00e12e8b_3633,11579.026
00e12e8b_3634,11579.031
00e12e8b_3635,11579.036
00e12e8b_3636,11579.04
00e12e8b_3637,11579.045
00e12e8b_3638,11579.05
00e12e8b_3639,11579.055
00e12e8b_3640,11579.059
00e12e8b_3641,11579.063
00e12e8b_3642,11579.068
00e12e8b_3643,11579.073
00e12e8b_3644,11579.078
00e12e8b_3645,11579.082
00e12e8b_3646,11579.087
00e12e8b_3647,11579.092
00e12e8b_3648,11579.097
00e12e8b_3649,11579.103
00e12e8b_3650,11579.107
00e12e8b_3651,11579.112
00e12e8b_3652,11579.118
00e12e8b_3653,11579.123
00e12e8b_3654,11579.129
00e12e8b_3655,11579.135
00e12e8b_3656,11579.141
00e12e8b_3657,11579.147
00e12e8b_3658,11579.153
00e12e8b_3659,11579.16
00e12e8b_3660,11579.166
00e12e8b_3661,11579.173
00e12e8b_3662,11579.18
00e12e8b_3663,11579.187
00e12e8b_3664,11579.193
00e12e8b_3665,11579.201
00e12e8b_3666,11579.208
00e12e8b_3667,11579.215
00e12e8b_3668,11579.222
00e12e8b_3669,11579.229
00e12e8b_3670,11579.235
00e12e8b_3671,11579.242
00e12e8b_3672,11579.249
00e12e8b_3673,11579.256
00e12e8b_3674,11579.263
00e12e8b_3675,11579.27
00e12e8b_3676,11579.276
00e12e8b_3677,11579.283
00e12e8b_3678,11579.29
00e12e8b_3679,11579.296
00e12e8b_3680,11579.303
00e12e8b_3681,11579.31
00e12e8b_3682,11579.316
00e12e8b_3683,11579.322
00e12e8b_3684,11579.329
00e12e8b_3685,11579.336
00e12e8b_3686,11579.342
00e12e8b_3687,11579.349
00e12e8b_3688,11579.3545
00e12e8b_3689,11579.361
00e12e8b_3690,11579.367
00e12e8b_3691,11579.374
00e12e8b_3692,11579.38
00e12e8b_3693,11579.386
00e12e8b_3694,11579.393
00e12e8b_3695,11579.398
00e12e8b_3696,11579.404
00e12e8b_3697,11579.41
00e12e8b_3698,11579.416
00e12e8b_3699,11579.422
00e12e8b_3700,11579.427
00e12e8b_3701,11579.433
00e12e8b_3702,11579.438
00e12e8b_3703,11579.444
00e12e8b_3704,11579.449
00e12e8b_3705,11579.455
00e12e8b_3706,11579.46
00e12e8b_3707,11579.465
00e12e8b_3708,11579.47
00e12e8b_3709,11579.475
00e12e8b_3710,11579.4795
00e12e8b_3711,11579.484
00e12e8b_3712,11579.488
00e12e8b_3713,11579.492
00e12e8b_3714,11579.497
00e12e8b_3715,11579.5
00e12e8b_3716,11579.504
00e12e8b_3717,11579.507
00e12e8b_3718,11579.51
00e12e8b_3719,11579.513
00e12e8b_3720,11579.516
00e12e8b_3721,11579.518
00e12e8b_3722,11579.52
00e12e8b_3723,11579.521
00e12e8b_3724,11579.522
00e12e8b_3725,11579.523
00e12e8b_3726,11579.524
00e12e8b_3727,11579.524
00e12e8b_3728,11579.525
00e12e8b_3729,11579.524
00e12e8b_3730,11579.524
00e12e8b_3731,11579.523
00e12e8b_3732,11579.522
00e12e8b_3733,11579.521
00e12e8b_3734,11579.52
00e12e8b_3735,11579.518
00e12e8b_3736,11579.516
00e12e8b_3737,11579.514
00e12e8b_3738,11579.511
00e12e8b_3739,11579.508
00e12e8b_3740,11579.505
00e12e8b_3741,11579.501
00e12e8b_3742,11579.498
00e12e8b_3743,11579.494
00e12e8b_3744,11579.489
00e12e8b_3745,11579.485
00e12e8b_3746,11579.48
00e12e8b_3747,11579.476
00e12e8b_3748,11579.471
00e12e8b_3749,11579.466
00e12e8b_3750,11579.46
00e12e8b_3751,11579.455
00e12e8b_3752,11579.449
00e12e8b_3753,11579.443
00e12e8b_3754,11579.437
00e12e8b_3755,11579.431
00e12e8b_3756,11579.424
00e12e8b_3757,11579.417
00e12e8b_3758,11579.409
00e12e8b_3759,11579.402
00e12e8b_3760,11579.395
00e12e8b_3761,11579.387
00e12e8b_3762,11579.379
00e12e8b_3763,11579.37
00e12e8b_3764,11579.362
00e12e8b_3765,11579.354
00e12e8b_3766,11579.345
00e12e8b_3767,11579.336
00e12e8b_3768,11579.326
00e12e8b_3769,11579.317
00e12e8b_3770,11579.308
00e12e8b_3771,11579.298
00e12e8b_3772,11579.288
00e12e8b_3773,11579.278
00e12e8b_3774,11579.268
00e12e8b_3775,11579.258
00e12e8b_3776,11579.247
00e12e8b_3777,11579.236
00e12e8b_3778,11579.226
00e12e8b_3779,11579.215
00e12e8b_3780,11579.204
00e12e8b_3781,11579.192
00e12e8b_3782,11579.182
00e12e8b_3783,11579.17
00e12e8b_3784,11579.159
00e12e8b_3785,11579.147
00e12e8b_3786,11579.137
00e12e8b_3787,11579.125
00e12e8b_3788,11579.113
00e12e8b_3789,11579.102
00e12e8b_3790,11579.09
00e12e8b_3791,11579.078
00e12e8b_3792,11579.065
00e12e8b_3793,11579.054
00e12e8b_3794,11579.041
00e12e8b_3795,11579.029
00e12e8b_3796,11579.017
00e12e8b_3797,11579.004
00e12e8b_3798,11578.991
00e12e8b_3799,11578.979
00e12e8b_3800,11578.967
00e12e8b_3801,11578.954
00e12e8b_3802,11578.941
00e12e8b_3803,11578.929
00e12e8b_3804,11578.916
00e12e8b_3805,11578.904
00e12e8b_3806,11578.892
00e12e8b_3807,11578.88
00e12e8b_3808,11578.867
00e12e8b_3809,11578.855
00e12e8b_3810,11578.844
00e12e8b_3811,11578.832
00e12e8b_3812,11578.82
00e12e8b_3813,11578.809
00e12e8b_3814,11578.797
00e12e8b_3815,11578.786
00e12e8b_3816,11578.775
00e12e8b_3817,11578.765
00e12e8b_3818,11578.754
00e12e8b_3819,11578.743
00e12e8b_3820,11578.732
00e12e8b_3821,11578.723
00e12e8b_3822,11578.713
00e12e8b_3823,11578.703
00e12e8b_3824,11578.693
00e12e8b_3825,11578.684
00e12e8b_3826,11578.675
00e12e8b_3827,11578.666
00e12e8b_3828,11578.657
00e12e8b_3829,11578.648
00e12e8b_3830,11578.641
00e12e8b_3831,11578.633
00e12e8b_3832,11578.625
00e12e8b_3833,11578.618
00e12e8b_3834,11578.611
00e12e8b_3835,11578.6045
00e12e8b_3836,11578.598
00e12e8b_3837,11578.592
00e12e8b_3838,11578.587
00e12e8b_3839,11578.581
00e12e8b_3840,11578.576
00e12e8b_3841,11578.572
00e12e8b_3842,11578.567
00e12e8b_3843,11578.563
00e12e8b_3844,11578.56
00e12e8b_3845,11578.557
00e12e8b_3846,11578.554
00e12e8b_3847,11578.551
00e12e8b_3848,11578.549
00e12e8b_3849,11578.547
00e12e8b_3850,11578.546
00e12e8b_3851,11578.545
00e12e8b_3852,11578.544
00e12e8b_3853,11578.544
00e12e8b_3854,11578.544
00e12e8b_3855,11578.545
00e12e8b_3856,11578.546
00e12e8b_3857,11578.547
00e12e8b_3858,11578.548
00e12e8b_3859,11578.55
00e12e8b_3860,11578.553
00e12e8b_3861,11578.555
00e12e8b_3862,11578.558
00e12e8b_3863,11578.562
00e12e8b_3864,11578.564
00e12e8b_3865,11578.568
00e12e8b_3866,11578.573
00e12e8b_3867,11578.578
00e12e8b_3868,11578.583
00e12e8b_3869,11578.589
00e12e8b_3870,11578.595
00e12e8b_3871,11578.602
00e12e8b_3872,11578.608
00e12e8b_3873,11578.616
00e12e8b_3874,11578.624
00e12e8b_3875,11578.632
00e12e8b_3876,11578.641
00e12e8b_3877,11578.649
00e12e8b_3878,11578.659
00e12e8b_3879,11578.668
00e12e8b_3880,11578.679
00e12e8b_3881,11578.688
00e12e8b_3882,11578.699
00e12e8b_3883,11578.71
00e12e8b_3884,11578.722
00e12e8b_3885,11578.732
00e12e8b_3886,11578.744
00e12e8b_3887,11578.756
00e12e8b_3888,11578.769
00e12e8b_3889,11578.78
00e12e8b_3890,11578.793
00e12e8b_3891,11578.806
00e12e8b_3892,11578.818
00e12e8b_3893,11578.831
00e12e8b_3894,11578.844
00e12e8b_3895,11578.856
00e12e8b_3896,11578.869
00e12e8b_3897,11578.883
00e12e8b_3898,11578.8955
00e12e8b_3899,11578.909
00e12e8b_3900,11578.922
00e12e8b_3901,11578.935
00e12e8b_3902,11578.947
00e12e8b_3903,11578.96
00e12e8b_3904,11578.973
00e12e8b_3905,11578.985
00e12e8b_3906,11578.997
00e12e8b_3907,11579.009
00e12e8b_3908,11579.0205
00e12e8b_3909,11579.032
00e12e8b_3910,11579.044
00e12e8b_3911,11579.055
00e12e8b_3912,11579.065
00e12e8b_3913,11579.076
00e12e8b_3914,11579.087
00e12e8b_3915,11579.098
00e12e8b_3916,11579.108
00e12e8b_3917,11579.118
00e12e8b_3918,11579.128
00e12e8b_3919,11579.138
00e12e8b_3920,11579.147
00e12e8b_3921,11579.156
00e12e8b_3922,11579.166
00e12e8b_3923,11579.175
00e12e8b_3924,11579.184
00e12e8b_3925,11579.191
00e12e8b_3926,11579.2
00e12e8b_3927,11579.208
00e12e8b_3928,11579.216
00e12e8b_3929,11579.224
00e12e8b_3930,11579.231
00e12e8b_3931,11579.238
00e12e8b_3932,11579.245
00e12e8b_3933,11579.252
00e12e8b_3934,11579.259
00e12e8b_3935,11579.265
00e12e8b_3936,11579.2705
00e12e8b_3937,11579.276
00e12e8b_3938,11579.281
00e12e8b_3939,11579.286
00e12e8b_3940,11579.29
00e12e8b_3941,11579.294
00e12e8b_3942,11579.298
00e12e8b_3943,11579.302
00e12e8b_3944,11579.305
00e12e8b_3945,11579.308
00e12e8b_3946,11579.31
00e12e8b_3947,11579.312
00e12e8b_3948,11579.3125
00e12e8b_3949,11579.313
00e12e8b_3950,11579.314
00e12e8b_3951,11579.314
00e12e8b_3952,11579.313
00e12e8b_3953,11579.3125
00e12e8b_3954,11579.312
00e12e8b_3955,11579.31
00e12e8b_3956,11579.308
00e12e8b_3957,11579.305
00e12e8b_3958,11579.302
00e12e8b_3959,11579.298
00e12e8b_3960,11579.294
00e12e8b_3961,11579.289
00e12e8b_3962,11579.284
00e12e8b_3963,11579.278
00e12e8b_3964,11579.272
00e12e8b_3965,11579.266
00e12e8b_3966,11579.259
00e12e8b_3967,11579.252
00e12e8b_3968,11579.243
00e12e8b_3969,11579.235
00e12e8b_3970,11579.226
00e12e8b_3971,11579.217
00e12e8b_3972,11579.206
00e12e8b_3973,11579.195
00e12e8b_3974,11579.184
00e12e8b_3975,11579.172
00e12e8b_3976,11579.159
00e12e8b_3977,11579.146
00e12e8b_3978,11579.132
00e12e8b_3979,11579.118
00e12e8b_3980,11579.103
00e12e8b_3981,11579.087
00e12e8b_3982,11579.071
00e12e8b_3983,11579.055
00e12e8b_3984,11579.037
00e12e8b_3985,11579.019
00e12e8b_3986,11579.0
00e12e8b_3987,11578.981
00e12e8b_3988,11578.961
00e12e8b_3989,11578.941
00e12e8b_3990,11578.92
00e12e8b_3991,11578.898
00e12e8b_3992,11578.877
00e12e8b_3993,11578.8545
00e12e8b_3994,11578.831
00e12e8b_3995,11578.808
00e12e8b_3996,11578.783
00e12e8b_3997,11578.759
00e12e8b_3998,11578.733
00e12e8b_3999,11578.707
00e12e8b_4000,11578.681
00e12e8b_4001,11578.654
00e12e8b_4002,11578.627
00e12e8b_4003,11578.6
00e12e8b_4004,11578.571
00e12e8b_4005,11578.543
00e12e8b_4006,11578.514
00e12e8b_4007,11578.484
00e12e8b_4008,11578.454
00e12e8b_4009,11578.424
00e12e8b_4010,11578.394
00e12e8b_4011,11578.362
00e12e8b_4012,11578.331
00e12e8b_4013,11578.3
00e12e8b_4014,11578.268
00e12e8b_4015,11578.235
00e12e8b_4016,11578.203
00e12e8b_4017,11578.17
00e12e8b_4018,11578.137
00e12e8b_4019,11578.103
00e12e8b_4020,11578.069
00e12e8b_4021,11578.035
00e12e8b_4022,11578.001
00e12e8b_4023,11577.966
00e12e8b_4024,11577.932
00e12e8b_4025,11577.896
00e12e8b_4026,11577.861
00e12e8b_4027,11577.827
00e12e8b_4028,11577.791
00e12e8b_4029,11577.756
00e12e8b_4030,11577.72
00e12e8b_4031,11577.684
00e12e8b_4032,11577.647
00e12e8b_4033,11577.611
00e12e8b_4034,11577.575
00e12e8b_4035,11577.538
00e12e8b_4036,11577.501
00e12e8b_4037,11577.464
00e12e8b_4038,11577.427
00e12e8b_4039,11577.39
00e12e8b_4040,11577.353
00e12e8b_4041,11577.315
00e12e8b_4042,11577.277
00e12e8b_4043,11577.24
00e12e8b_4044,11577.203
00e12e8b_4045,11577.166
00e12e8b_4046,11577.129
00e12e8b_4047,11577.092
00e12e8b_4048,11577.055
00e12e8b_4049,11577.019
00e12e8b_4050,11576.981
00e12e8b_4051,11576.944
00e12e8b_4052,11576.908
00e12e8b_4053,11576.872
00e12e8b_4054,11576.836
00e12e8b_4055,11576.8
00e12e8b_4056,11576.764
00e12e8b_4057,11576.729
00e12e8b_4058,11576.692
00e12e8b_4059,11576.657
00e12e8b_4060,11576.622
00e12e8b_4061,11576.588
00e12e8b_4062,11576.554
00e12e8b_4063,11576.52
00e12e8b_4064,11576.485
00e12e8b_4065,11576.451
00e12e8b_4066,11576.418
00e12e8b_4067,11576.386
00e12e8b_4068,11576.353
00e12e8b_4069,11576.32
00e12e8b_4070,11576.288
00e12e8b_4071,11576.257
00e12e8b_4072,11576.225
00e12e8b_4073,11576.194
00e12e8b_4074,11576.163
00e12e8b_4075,11576.133
00e12e8b_4076,11576.103
00e12e8b_4077,11576.072
00e12e8b_4078,11576.043
00e12e8b_4079,11576.014
00e12e8b_4080,11575.984
00e12e8b_4081,11575.956
00e12e8b_4082,11575.928
00e12e8b_4083,11575.899
00e12e8b_4084,11575.871
00e12e8b_4085,11575.844
00e12e8b_4086,11575.817
00e12e8b_4087,11575.79
00e12e8b_4088,11575.764
00e12e8b_4089,11575.737
00e12e8b_4090,11575.712
00e12e8b_4091,11575.687
00e12e8b_4092,11575.662
00e12e8b_4093,11575.637
00e12e8b_4094,11575.612
00e12e8b_4095,11575.589
00e12e8b_4096,11575.565
00e12e8b_4097,11575.542
00e12e8b_4098,11575.52
00e12e8b_4099,11575.497
00e12e8b_4100,11575.476
00e12e8b_4101,11575.454
00e12e8b_4102,11575.433
00e12e8b_4103,11575.412
00e12e8b_4104,11575.392
00e12e8b_4105,11575.372
00e12e8b_4106,11575.354
00e12e8b_4107,11575.335
00e12e8b_4108,11575.317
00e12e8b_4109,11575.3
00e12e8b_4110,11575.283
00e12e8b_4111,11575.267
00e12e8b_4112,11575.25
00e12e8b_4113,11575.235
00e12e8b_4114,11575.221
00e12e8b_4115,11575.206
00e12e8b_4116,11575.191
00e12e8b_4117,11575.179
00e12e8b_4118,11575.165
00e12e8b_4119,11575.152
00e12e8b_4120,11575.14
00e12e8b_4121,11575.128
00e12e8b_4122,11575.116
00e12e8b_4123,11575.1045
00e12e8b_4124,11575.094
00e12e8b_4125,11575.083
00e12e8b_4126,11575.073
00e12e8b_4127,11575.063
00e12e8b_4128,11575.054
00e12e8b_4129,11575.045
00e12e8b_4130,11575.036
00e12e8b_4131,11575.027
00e12e8b_4132,11575.019
00e12e8b_4133,11575.011
00e12e8b_4134,11575.003
00e12e8b_4135,11574.995
00e12e8b_4136,11574.988
00e12e8b_4137,11574.981
00e12e8b_4138,11574.975
00e12e8b_4139,11574.968
00e12e8b_4140,11574.962
00e12e8b_4141,11574.956
00e12e8b_4142,11574.951
00e12e8b_4143,11574.945
00e12e8b_4144,11574.94
00e12e8b_4145,11574.936
00e12e8b_4146,11574.931
00e12e8b_4147,11574.927
00e12e8b_4148,11574.923
00e12e8b_4149,11574.919
00e12e8b_4150,11574.915
00e12e8b_4151,11574.912
00e12e8b_4152,11574.909
00e12e8b_4153,11574.906
00e12e8b_4154,11574.904
00e12e8b_4155,11574.902
00e12e8b_4156,11574.9
00e12e8b_4157,11574.898
00e12e8b_4158,11574.896
00e12e8b_4159,11574.8955
00e12e8b_4160,11574.895
00e12e8b_4161,11574.893
00e12e8b_4162,11574.892
00e12e8b_4163,11574.891
00e12e8b_4164,11574.891
00e12e8b_4165,11574.89
00e12e8b_4166,11574.889
00e12e8b_4167,11574.889
00e12e8b_4168,11574.888
00e12e8b_4169,11574.888
00e12e8b_4170,11574.888
00e12e8b_4171,11574.888
00e12e8b_4172,11574.888
00e12e8b_4173,11574.888
00e12e8b_4174,11574.888
00e12e8b_4175,11574.888
00e12e8b_4176,11574.888
00e12e8b_4177,11574.889
00e12e8b_4178,11574.889
00e12e8b_4179,11574.89
00e12e8b_4180,11574.891
00e12e8b_4181,11574.892
00e12e8b_4182,11574.892
00e12e8b_4183,11574.893
00e12e8b_4184,11574.894
00e12e8b_4185,11574.895
00e12e8b_4186,11574.8955
00e12e8b_4187,11574.896
00e12e8b_4188,11574.897
00e12e8b_4189,11574.899
00e12e8b_4190,11574.9
00e12e8b_4191,11574.901
00e12e8b_4192,11574.902
00e12e8b_4193,11574.904
00e12e8b_4194,11574.905
00e12e8b_4195,11574.906
00e12e8b_4196,11574.908
00e12e8b_4197,11574.909
00e12e8b_4198,11574.911
00e12e8b_4199,11574.913
00e12e8b_4200,11574.914
00e12e8b_4201,11574.916
00e12e8b_4202,11574.917
00e12e8b_4203,11574.918
00e12e8b_4204,11574.92
00e12e8b_4205,11574.921
00e12e8b_4206,11574.923
00e12e8b_4207,11574.924
00e12e8b_4208,11574.925
00e12e8b_4209,11574.926
00e12e8b_4210,11574.927
00e12e8b_4211,11574.928
00e12e8b_4212,11574.929
00e12e8b_4213,11574.93
00e12e8b_4214,11574.93
00e12e8b_4215,11574.931
00e12e8b_4216,11574.931
00e12e8b_4217,11574.931
00e12e8b_4218,11574.931
00e12e8b_4219,11574.931
00e12e8b_4220,11574.931
00e12e8b_4221,11574.931
00e12e8b_4222,11574.931
00e12e8b_4223,11574.931
00e12e8b_4224,11574.93
00e12e8b_4225,11574.93
00e12e8b_4226,11574.929
00e12e8b_4227,11574.929
00e12e8b_4228,11574.928
00e12e8b_4229,11574.927
00e12e8b_4230,11574.927
00e12e8b_4231,11574.926
00e12e8b_4232,11574.925
00e12e8b_4233,11574.924
00e12e8b_4234,11574.924
00e12e8b_4235,11574.923
00e12e8b_4236,11574.922
00e12e8b_4237,11574.921
00e12e8b_4238,11574.92
00e12e8b_4239,11574.919
00e12e8b_4240,11574.918
00e12e8b_4241,11574.918
00e12e8b_4242,11574.917
00e12e8b_4243,11574.916
00e12e8b_4244,11574.915
00e12e8b_4245,11574.915
00e12e8b_4246,11574.914
00e12e8b_4247,11574.913
00e12e8b_4248,11574.913
00e12e8b_4249,11574.912
00e12e8b_4250,11574.912
00e12e8b_4251,11574.912
00e12e8b_4252,11574.911
00e12e8b_4253,11574.911
00e12e8b_4254,11574.911
00e12e8b_4255,11574.91
00e12e8b_4256,11574.91
00e12e8b_4257,11574.91
00e12e8b_4258,11574.91
00e12e8b_4259,11574.91
00e12e8b_4260,11574.911
00e12e8b_4261,11574.911
00e12e8b_4262,11574.911
00e12e8b_4263,11574.911
00e12e8b_4264,11574.912
00e12e8b_4265,11574.912
00e12e8b_4266,11574.913
00e12e8b_4267,11574.914
00e12e8b_4268,11574.915
00e12e8b_4269,11574.916
00e12e8b_4270,11574.917
00e12e8b_4271,11574.918
00e12e8b_4272,11574.919
00e12e8b_4273,11574.92
00e12e8b_4274,11574.922
00e12e8b_4275,11574.923
00e12e8b_4276,11574.925
00e12e8b_4277,11574.926
00e12e8b_4278,11574.928
00e12e8b_4279,11574.93
00e12e8b_4280,11574.932
00e12e8b_4281,11574.934
00e12e8b_4282,11574.937
00e12e8b_4283,11574.938
00e12e8b_4284,11574.941
00e12e8b_4285,11574.944
00e12e8b_4286,11574.947
00e12e8b_4287,11574.95
00e12e8b_4288,11574.953
00e12e8b_4289,11574.957
00e12e8b_4290,11574.96
00e12e8b_4291,11574.964
00e12e8b_4292,11574.968
00e12e8b_4293,11574.972
00e12e8b_4294,11574.976
00e12e8b_4295,11574.9795
00e12e8b_4296,11574.984
00e12e8b_4297,11574.988
00e12e8b_4298,11574.993
00e12e8b_4299,11574.998
00e12e8b_4300,11575.003
00e12e8b_4301,11575.009
00e12e8b_4302,11575.014
00e12e8b_4303,11575.019
00e12e8b_4304,11575.024
00e12e8b_4305,11575.029
00e12e8b_4306,11575.035
00e12e8b_4307,11575.04
00e12e8b_4308,11575.045
00e12e8b_4309,11575.05
00e12e8b_4310,11575.056
00e12e8b_4311,11575.061
00e12e8b_4312,11575.065
00e12e8b_4313,11575.07
00e12e8b_4314,11575.075
00e12e8b_4315,11575.08
00e12e8b_4316,11575.085
00e12e8b_4317,11575.089
00e12e8b_4318,11575.094
00e12e8b_4319,11575.099
00e12e8b_4320,11575.1045
00e12e8b_4321,11575.109
00e12e8b_4322,11575.114
00e12e8b_4323,11575.119
00e12e8b_4324,11575.124
00e12e8b_4325,11575.129
00e12e8b_4326,11575.135
00e12e8b_4327,11575.14
00e12e8b_4328,11575.145
00e12e8b_4329,11575.149
00e12e8b_4330,11575.154
00e12e8b_4331,11575.159
00e12e8b_4332,11575.164
00e12e8b_4333,11575.169
00e12e8b_4334,11575.174
00e12e8b_4335,11575.179
00e12e8b_4336,11575.184
00e12e8b_4337,11575.188
00e12e8b_4338,11575.193
00e12e8b_4339,11575.198
00e12e8b_4340,11575.202
00e12e8b_4341,11575.207
00e12e8b_4342,11575.212
00e12e8b_4343,11575.217
00e12e8b_4344,11575.222
00e12e8b_4345,11575.227
00e12e8b_4346,11575.23
00e12e8b_4347,11575.235
00e12e8b_4348,11575.24
00e12e8b_4349,11575.244
00e12e8b_4350,11575.249
00e12e8b_4351,11575.253
00e12e8b_4352,11575.257
00e12e8b_4353,11575.261
00e12e8b_4354,11575.266
00e12e8b_4355,11575.27
00e12e8b_4356,11575.272
00e12e8b_4357,11575.276
00e12e8b_4358,11575.28
00e12e8b_4359,11575.283
00e12e8b_4360,11575.286
00e12e8b_4361,11575.289
00e12e8b_4362,11575.292
00e12e8b_4363,11575.295
00e12e8b_4364,11575.298
00e12e8b_4365,11575.3
00e12e8b_4366,11575.303
00e12e8b_4367,11575.305
00e12e8b_4368,11575.307
00e12e8b_4369,11575.309
00e12e8b_4370,11575.31
00e12e8b_4371,11575.312
00e12e8b_4372,11575.3125
00e12e8b_4373,11575.313
00e12e8b_4374,11575.314
00e12e8b_4375,11575.315
00e12e8b_4376,11575.315
00e12e8b_4377,11575.316
00e12e8b_4378,11575.316
00e12e8b_4379,11575.316
00e12e8b_4380,11575.316
00e12e8b_4381,11575.315
00e12e8b_4382,11575.315
00e12e8b_4383,11575.314
00e12e8b_4384,11575.313
00e12e8b_4385,11575.3125
00e12e8b_4386,11575.312
00e12e8b_4387,11575.31
00e12e8b_4388,11575.308
00e12e8b_4389,11575.306
00e12e8b_4390,11575.304
00e12e8b_4391,11575.301
00e12e8b_4392,11575.298
00e12e8b_4393,11575.295
00e12e8b_4394,11575.291
00e12e8b_4395,11575.288
00e12e8b_4396,11575.284
00e12e8b_4397,11575.279
00e12e8b_4398,11575.275
00e12e8b_4399,11575.2705
00e12e8b_4400,11575.266
00e12e8b_4401,11575.261
00e12e8b_4402,11575.255
00e12e8b_4403,11575.249
00e12e8b_4404,11575.243
00e12e8b_4405,11575.237
00e12e8b_4406,11575.23
00e12e8b_4407,11575.224
00e12e8b_4408,11575.217
00e12e8b_4409,11575.21
00e12e8b_4410,11575.203
00e12e8b_4411,11575.195
00e12e8b_4412,11575.1875
00e12e8b_4413,11575.18
00e12e8b_4414,11575.172
00e12e8b_4415,11575.164
00e12e8b_4416,11575.156
00e12e8b_4417,11575.148
00e12e8b_4418,11575.141
00e12e8b_4419,11575.133
00e12e8b_4420,11575.124
00e12e8b_4421,11575.115
00e12e8b_4422,11575.107
00e12e8b_4423,11575.099
00e12e8b_4424,11575.09
00e12e8b_4425,11575.081
00e12e8b_4426,11575.071
00e12e8b_4427,11575.0625
00e12e8b_4428,11575.053
00e12e8b_4429,11575.043
00e12e8b_4430,11575.033
00e12e8b_4431,11575.022
00e12e8b_4432,11575.013
00e12e8b_4433,11575.003
00e12e8b_4434,11574.992
00e12e8b_4435,11574.981
00e12e8b_4436,11574.971
00e12e8b_4437,11574.961
00e12e8b_4438,11574.95
00e12e8b_4439,11574.938
00e12e8b_4440,11574.928
00e12e8b_4441,11574.917
00e12e8b_4442,11574.905
00e12e8b_4443,11574.895
00e12e8b_4444,11574.883
00e12e8b_4445,11574.871
00e12e8b_4446,11574.859
00e12e8b_4447,11574.848
00e12e8b_4448,11574.836
00e12e8b_4449,11574.824
00e12e8b_4450,11574.812
00e12e8b_4451,11574.8
00e12e8b_4452,11574.788
00e12e8b_4453,11574.775
00e12e8b_4454,11574.764
00e12e8b_4455,11574.751
00e12e8b_4456,11574.738
00e12e8b_4457,11574.727
00e12e8b_4458,11574.714
00e12e8b_4459,11574.701
00e12e8b_4460,11574.688
00e12e8b_4461,11574.676
00e12e8b_4462,11574.664
00e12e8b_4463,11574.651
00e12e8b_4464,11574.639
00e12e8b_4465,11574.626
00e12e8b_4466,11574.613
00e12e8b_4467,11574.601
00e12e8b_4468,11574.588
00e12e8b_4469,11574.575
00e12e8b_4470,11574.5625
00e12e8b_4471,11574.551
00e12e8b_4472,11574.538
00e12e8b_4473,11574.525
00e12e8b_4474,11574.514
00e12e8b_4475,11574.501
00e12e8b_4476,11574.489
00e12e8b_4477,11574.477
00e12e8b_4478,11574.465
00e12e8b_4479,11574.453
00e12e8b_4480,11574.44
00e12e8b_4481,11574.429
00e12e8b_4482,11574.417
00e12e8b_4483,11574.405
00e12e8b_4484,11574.394
00e12e8b_4485,11574.382
00e12e8b_4486,11574.37
00e12e8b_4487,11574.358
00e12e8b_4488,11574.348
00e12e8b_4489,11574.336
00e12e8b_4490,11574.325
00e12e8b_4491,11574.314
00e12e8b_4492,11574.304
00e12e8b_4493,11574.293
00e12e8b_4494,11574.282
00e12e8b_4495,11574.271
00e12e8b_4496,11574.262
00e12e8b_4497,11574.251
00e12e8b_4498,11574.241
00e12e8b_4499,11574.231
00e12e8b_4500,11574.222
00e12e8b_4501,11574.212
00e12e8b_4502,11574.202
00e12e8b_4503,11574.193
00e12e8b_4504,11574.185
00e12e8b_4505,11574.176
00e12e8b_4506,11574.168
00e12e8b_4507,11574.16
00e12e8b_4508,11574.152
00e12e8b_4509,11574.145
00e12e8b_4510,11574.138
00e12e8b_4511,11574.131
00e12e8b_4512,11574.124
00e12e8b_4513,11574.117
00e12e8b_4514,11574.111
00e12e8b_4515,11574.106
00e12e8b_4516,11574.101
00e12e8b_4517,11574.096
00e12e8b_4518,11574.092
00e12e8b_4519,11574.087
00e12e8b_4520,11574.083
00e12e8b_4521,11574.079
00e12e8b_4522,11574.075
00e12e8b_4523,11574.072
00e12e8b_4524,11574.069
00e12e8b_4525,11574.066
00e12e8b_4526,11574.064
00e12e8b_4527,11574.0625
00e12e8b_4528,11574.061
00e12e8b_4529,11574.06
00e12e8b_4530,11574.058
00e12e8b_4531,11574.057
00e12e8b_4532,11574.057
00e12e8b_4533,11574.057
00e12e8b_4534,11574.057
00e12e8b_4535,11574.057
00e12e8b_4536,11574.058
00e12e8b_4537,11574.058
00e12e8b_4538,11574.059
00e12e8b_4539,11574.061
00e12e8b_4540,11574.062
00e12e8b_4541,11574.063
00e12e8b_4542,11574.065
00e12e8b_4543,11574.067
00e12e8b_4544,11574.07
00e12e8b_4545,11574.072
00e12e8b_4546,11574.075
00e12e8b_4547,11574.077
00e12e8b_4548,11574.08
00e12e8b_4549,11574.084
00e12e8b_4550,11574.087
00e12e8b_4551,11574.091
00e12e8b_4552,11574.094
00e12e8b_4553,11574.098
00e12e8b_4554,11574.102
00e12e8b_4555,11574.105
00e12e8b_4556,11574.11
00e12e8b_4557,11574.114
00e12e8b_4558,11574.119
00e12e8b_4559,11574.123
00e12e8b_4560,11574.128
00e12e8b_4561,11574.133
00e12e8b_4562,11574.139
00e12e8b_4563,11574.144
00e12e8b_4564,11574.149
00e12e8b_4565,11574.154
00e12e8b_4566,11574.16
00e12e8b_4567,11574.166
00e12e8b_4568,11574.173
00e12e8b_4569,11574.179
00e12e8b_4570,11574.186
00e12e8b_4571,11574.191
00e12e8b_4572,11574.198
00e12e8b_4573,11574.205
00e12e8b_4574,11574.212
00e12e8b_4575,11574.22
00e12e8b_4576,11574.227
00e12e8b_4577,11574.233
00e12e8b_4578,11574.241
00e12e8b_4579,11574.248
00e12e8b_4580,11574.256
00e12e8b_4581,11574.264
00e12e8b_4582,11574.2705
00e12e8b_4583,11574.278
00e12e8b_4584,11574.286
00e12e8b_4585,11574.295
00e12e8b_4586,11574.303
00e12e8b_4587,11574.311
00e12e8b_4588,11574.319
00e12e8b_4589,11574.328
00e12e8b_4590,11574.336
00e12e8b_4591,11574.345
00e12e8b_4592,11574.354
00e12e8b_4593,11574.362
00e12e8b_4594,11574.371
00e12e8b_4595,11574.381
00e12e8b_4596,11574.39
00e12e8b_4597,11574.398
00e12e8b_4598,11574.408
00e12e8b_4599,11574.417
00e12e8b_4600,11574.427
00e12e8b_4601,11574.436
00e12e8b_4602,11574.445
00e12e8b_4603,11574.455
00e12e8b_4604,11574.464
00e12e8b_4605,11574.474
00e12e8b_4606,11574.483
00e12e8b_4607,11574.492
00e12e8b_4608,11574.502
00e12e8b_4609,11574.512
00e12e8b_4610,11574.5205
00e12e8b_4611,11574.53
00e12e8b_4612,11574.54
00e12e8b_4613,11574.549
00e12e8b_4614,11574.559
00e12e8b_4615,11574.567
00e12e8b_4616,11574.576
00e12e8b_4617,11574.585
00e12e8b_4618,11574.593
00e12e8b_4619,11574.601
00e12e8b_4620,11574.608
00e12e8b_4621,11574.616
00e12e8b_4622,11574.623
00e12e8b_4623,11574.63
00e12e8b_4624,11574.637
00e12e8b_4625,11574.644
00e12e8b_4626,11574.649
00e12e8b_4627,11574.655
00e12e8b_4628,11574.661
00e12e8b_4629,11574.667
00e12e8b_4630,11574.672
00e12e8b_4631,11574.677
00e12e8b_4632,11574.682
00e12e8b_4633,11574.687
00e12e8b_4634,11574.69
00e12e8b_4635,11574.694
00e12e8b_4636,11574.698
00e12e8b_4637,11574.702
00e12e8b_4638,11574.705
00e12e8b_4639,11574.708
00e12e8b_4640,11574.711
00e12e8b_4641,11574.713
00e12e8b_4642,11574.716
00e12e8b_4643,11574.718
00e12e8b_4644,11574.72
00e12e8b_4645,11574.722
00e12e8b_4646,11574.723
00e12e8b_4647,11574.724
00e12e8b_4648,11574.725
00e12e8b_4649,11574.726
00e12e8b_4650,11574.727
00e12e8b_4651,11574.727
00e12e8b_4652,11574.727
00e12e8b_4653,11574.727
00e12e8b_4654,11574.726
00e12e8b_4655,11574.725
00e12e8b_4656,11574.724
00e12e8b_4657,11574.723
00e12e8b_4658,11574.722
00e12e8b_4659,11574.72
00e12e8b_4660,11574.718
00e12e8b_4661,11574.716
00e12e8b_4662,11574.713
00e12e8b_4663,11574.71
00e12e8b_4664,11574.707
00e12e8b_4665,11574.704
00e12e8b_4666,11574.701
00e12e8b_4667,11574.697
00e12e8b_4668,11574.693
00e12e8b_4669,11574.688
00e12e8b_4670,11574.684
00e12e8b_4671,11574.679
00e12e8b_4672,11574.674
00e12e8b_4673,11574.669
00e12e8b_4674,11574.663
00e12e8b_4675,11574.657
00e12e8b_4676,11574.65
00e12e8b_4677,11574.645
00e12e8b_4678,11574.638
00e12e8b_4679,11574.631
00e12e8b_4680,11574.623
00e12e8b_4681,11574.616
00e12e8b_4682,11574.608
00e12e8b_4683,11574.601
00e12e8b_4684,11574.593
00e12e8b_4685,11574.585
00e12e8b_4686,11574.576
00e12e8b_4687,11574.567
00e12e8b_4688,11574.56
00e12e8b_4689,11574.551
00e12e8b_4690,11574.542
00e12e8b_4691,11574.532
00e12e8b_4692,11574.523
00e12e8b_4693,11574.515
00e12e8b_4694,11574.505
00e12e8b_4695,11574.495
00e12e8b_4696,11574.486
00e12e8b_4697,11574.477
00e12e8b_4698,11574.467
00e12e8b_4699,11574.457
00e12e8b_4700,11574.447
00e12e8b_4701,11574.4375
00e12e8b_4702,11574.427
00e12e8b_4703,11574.417
00e12e8b_4704,11574.406
00e12e8b_4705,11574.396
00e12e8b_4706,11574.386
00e12e8b_4707,11574.375
00e12e8b_4708,11574.364
00e12e8b_4709,11574.354
00e12e8b_4710,11574.343
00e12e8b_4711,11574.332
00e12e8b_4712,11574.321
00e12e8b_4713,11574.31
00e12e8b_4714,11574.299
00e12e8b_4715,11574.288
00e12e8b_4716,11574.276
00e12e8b_4717,11574.266
00e12e8b_4718,11574.254
00e12e8b_4719,11574.242
00e12e8b_4720,11574.23
00e12e8b_4721,11574.219
00e12e8b_4722,11574.207
00e12e8b_4723,11574.195
00e12e8b_4724,11574.184
00e12e8b_4725,11574.171
00e12e8b_4726,11574.158
00e12e8b_4727,11574.146
00e12e8b_4728,11574.134
00e12e8b_4729,11574.121
00e12e8b_4730,11574.108
00e12e8b_4731,11574.096
00e12e8b_4732,11574.082
00e12e8b_4733,11574.069
00e12e8b_4734,11574.057
00e12e8b_4735,11574.044
00e12e8b_4736,11574.031
00e12e8b_4737,11574.019
00e12e8b_4738,11574.006
00e12e8b_4739,11573.993
00e12e8b_4740,11573.981
00e12e8b_4741,11573.969
00e12e8b_4742,11573.957
00e12e8b_4743,11573.944
00e12e8b_4744,11573.933
00e12e8b_4745,11573.92
00e12e8b_4746,11573.908
00e12e8b_4747,11573.896
00e12e8b_4748,11573.885
00e12e8b_4749,11573.873
00e12e8b_4750,11573.861
00e12e8b_4751,11573.85
00e12e8b_4752,11573.838
00e12e8b_4753,11573.826
00e12e8b_4754,11573.814
00e12e8b_4755,11573.803
00e12e8b_4756,11573.791
00e12e8b_4757,11573.779
00e12e8b_4758,11573.768
00e12e8b_4759,11573.756
00e12e8b_4760,11573.744
00e12e8b_4761,11573.733
00e12e8b_4762,11573.722
00e12e8b_4763,11573.71
00e12e8b_4764,11573.699
00e12e8b_4765,11573.6875
00e12e8b_4766,11573.677
00e12e8b_4767,11573.665
00e12e8b_4768,11573.654
00e12e8b_4769,11573.643
00e12e8b_4770,11573.632
00e12e8b_4771,11573.62
00e12e8b_4772,11573.609
00e12e8b_4773,11573.599
00e12e8b_4774,11573.587
00e12e8b_4775,11573.576
00e12e8b_4776,11573.564
00e12e8b_4777,11573.554
00e12e8b_4778,11573.542
00e12e8b_4779,11573.531
00e12e8b_4780,11573.52
00e12e8b_4781,11573.508
00e12e8b_4782,11573.497
00e12e8b_4783,11573.485
00e12e8b_4784,11573.474
00e12e8b_4785,11573.463
00e12e8b_4786,11573.451
00e12e8b_4787,11573.439
00e12e8b_4788,11573.428
00e12e8b_4789,11573.416
00e12e8b_4790,11573.403
00e12e8b_4791,11573.392
00e12e8b_4792,11573.38
00e12e8b_4793,11573.368
00e12e8b_4794,11573.355
00e12e8b_4795,11573.344
00e12e8b_4796,11573.331
00e12e8b_4797,11573.318
00e12e8b_4798,11573.307
00e12e8b_4799,11573.294
00e12e8b_4800,11573.281
00e12e8b_4801,11573.27
00e12e8b_4802,11573.257
00e12e8b_4803,11573.244
00e12e8b_4804,11573.231
00e12e8b_4805,11573.22
00e12e8b_4806,11573.207
00e12e8b_4807,11573.194
00e12e8b_4808,11573.182
00e12e8b_4809,11573.169
00e12e8b_4810,11573.156
00e12e8b_4811,11573.143
00e12e8b_4812,11573.13
00e12e8b_4813,11573.116
00e12e8b_4814,11573.104
00e12e8b_4815,11573.09
00e12e8b_4816,11573.076
00e12e8b_4817,11573.0625
00e12e8b_4818,11573.049
00e12e8b_4819,11573.035
00e12e8b_4820,11573.0205
00e12e8b_4821,11573.007
00e12e8b_4822,11572.993
00e12e8b_4823,11572.979
00e12e8b_4824,11572.965
00e12e8b_4825,11572.95
00e12e8b_4826,11572.937
00e12e8b_4827,11572.922
00e12e8b_4828,11572.907
00e12e8b_4829,11572.894
00e12e8b_4830,11572.879
00e12e8b_4831,11572.864
00e12e8b_4832,11572.85
00e12e8b_4833,11572.835
00e12e8b_4834,11572.819
00e12e8b_4835,11572.805
00e12e8b_4836,11572.789
00e12e8b_4837,11572.773
00e12e8b_4838,11572.758
00e12e8b_4839,11572.742
00e12e8b_4840,11572.727
00e12e8b_4841,11572.711
00e12e8b_4842,11572.694
00e12e8b_4843,11572.678
00e12e8b_4844,11572.661
00e12e8b_4845,11572.645
00e12e8b_4846,11572.627
00e12e8b_4847,11572.609
00e12e8b_4848,11572.592
00e12e8b_4849,11572.574
00e12e8b_4850,11572.556
00e12e8b_4851,11572.537
00e12e8b_4852,11572.519
00e12e8b_4853,11572.5
00e12e8b_4854,11572.48
00e12e8b_4855,11572.461
00e12e8b_4856,11572.441
00e12e8b_4857,11572.422
00e12e8b_4858,11572.401
00e12e8b_4859,11572.381
00e12e8b_4860,11572.36
00e12e8b_4861,11572.339
00e12e8b_4862,11572.317
00e12e8b_4863,11572.296
00e12e8b_4864,11572.274
00e12e8b_4865,11572.252
00e12e8b_4866,11572.2295
00e12e8b_4867,11572.207
00e12e8b_4868,11572.186
00e12e8b_4869,11572.162
00e12e8b_4870,11572.14
00e12e8b_4871,11572.117
00e12e8b_4872,11572.095
00e12e8b_4873,11572.072
00e12e8b_4874,11572.049
00e12e8b_4875,11572.026
00e12e8b_4876,11572.004
00e12e8b_4877,11571.98
00e12e8b_4878,11571.958
00e12e8b_4879,11571.936
00e12e8b_4880,11571.912
00e12e8b_4881,11571.89
00e12e8b_4882,11571.866
00e12e8b_4883,11571.844
00e12e8b_4884,11571.82
00e12e8b_4885,11571.797
00e12e8b_4886,11571.774
00e12e8b_4887,11571.751
00e12e8b_4888,11571.728
00e12e8b_4889,11571.705
00e12e8b_4890,11571.682
00e12e8b_4891,11571.658
00e12e8b_4892,11571.636
00e12e8b_4893,11571.612
00e12e8b_4894,11571.589
00e12e8b_4895,11571.565
00e12e8b_4896,11571.543
00e12e8b_4897,11571.52
00e12e8b_4898,11571.496
00e12e8b_4899,11571.473
00e12e8b_4900,11571.449
00e12e8b_4901,11571.426
00e12e8b_4902,11571.402
00e12e8b_4903,11571.378
00e12e8b_4904,11571.3545
00e12e8b_4905,11571.331
00e12e8b_4906,11571.308
00e12e8b_4907,11571.285
00e12e8b_4908,11571.262
00e12e8b_4909,11571.238
00e12e8b_4910,11571.215
00e12e8b_4911,11571.192
00e12e8b_4912,11571.169
00e12e8b_4913,11571.146
00e12e8b_4914,11571.124
00e12e8b_4915,11571.102
00e12e8b_4916,11571.079
00e12e8b_4917,11571.057
00e12e8b_4918,11571.034
00e12e8b_4919,11571.012
00e12e8b_4920,11570.989
00e12e8b_4921,11570.968
00e12e8b_4922,11570.946
00e12e8b_4923,11570.925
00e12e8b_4924,11570.903
00e12e8b_4925,11570.882
00e12e8b_4926,11570.861
00e12e8b_4927,11570.841
00e12e8b_4928,11570.82
00e12e8b_4929,11570.801
00e12e8b_4930,11570.781
00e12e8b_4931,11570.762
00e12e8b_4932,11570.742
00e12e8b_4933,11570.723
00e12e8b_4934,11570.704
00e12e8b_4935,11570.686
00e12e8b_4936,11570.667
00e12e8b_4937,11570.648
00e12e8b_4938,11570.63
00e12e8b_4939,11570.612
00e12e8b_4940,11570.594
00e12e8b_4941,11570.575
00e12e8b_4942,11570.558
00e12e8b_4943,11570.539
00e12e8b_4944,11570.521
00e12e8b_4945,11570.503
00e12e8b_4946,11570.485
00e12e8b_4947,11570.467
00e12e8b_4948,11570.449
00e12e8b_4949,11570.432
00e12e8b_4950,11570.414
00e12e8b_4951,11570.396
00e12e8b_4952,11570.379
00e12e8b_4953,11570.362
00e12e8b_4954,11570.345
00e12e8b_4955,11570.328
00e12e8b_4956,11570.311
00e12e8b_4957,11570.294
00e12e8b_4958,11570.277
00e12e8b_4959,11570.261
00e12e8b_4960,11570.245
00e12e8b_4961,11570.229
00e12e8b_4962,11570.213
00e12e8b_4963,11570.197
00e12e8b_4964,11570.181
00e12e8b_4965,11570.166
00e12e8b_4966,11570.15
00e12e8b_4967,11570.135
00e12e8b_4968,11570.12
00e12e8b_4969,11570.105
00e12e8b_4970,11570.091
00e12e8b_4971,11570.076
00e12e8b_4972,11570.0625
00e12e8b_4973,11570.049
00e12e8b_4974,11570.035
00e12e8b_4975,11570.021
00e12e8b_4976,11570.009
00e12e8b_4977,11569.996
00e12e8b_4978,11569.983
00e12e8b_4979,11569.972
00e12e8b_4980,11569.96
00e12e8b_4981,11569.948
00e12e8b_4982,11569.9375
00e12e8b_4983,11569.927
00e12e8b_4984,11569.916
00e12e8b_4985,11569.905
00e12e8b_4986,11569.8955
00e12e8b_4987,11569.886
00e12e8b_4988,11569.876
00e12e8b_4989,11569.866
00e12e8b_4990,11569.857
00e12e8b_4991,11569.848
00e12e8b_4992,11569.839
00e12e8b_4993,11569.83
00e12e8b_4994,11569.821
00e12e8b_4995,11569.8125
00e12e8b_4996,11569.804
00e12e8b_4997,11569.795
00e12e8b_4998,11569.787
00e12e8b_4999,11569.778
00e12e8b_5000,11569.7705
00e12e8b_5001,11569.762
00e12e8b_5002,11569.753
00e12e8b_5003,11569.745
00e12e8b_5004,11569.736
00e12e8b_5005,11569.728
00e12e8b_5006,11569.72
00e12e8b_5007,11569.711
00e12e8b_5008,11569.703
00e12e8b_5009,11569.694
00e12e8b_5010,11569.686
00e12e8b_5011,11569.678
00e12e8b_5012,11569.669
00e12e8b_5013,11569.66
00e12e8b_5014,11569.651
00e12e8b_5015,11569.644
00e12e8b_5016,11569.635
00e12e8b_5017,11569.626
00e12e8b_5018,11569.617
00e12e8b_5019,11569.608
00e12e8b_5020,11569.6
00e12e8b_5021,11569.591
00e12e8b_5022,11569.582
00e12e8b_5023,11569.573
00e12e8b_5024,11569.564
00e12e8b_5025,11569.556
00e12e8b_5026,11569.546
00e12e8b_5027,11569.537
00e12e8b_5028,11569.527
00e12e8b_5029,11569.518
00e12e8b_5030,11569.509
00e12e8b_5031,11569.499
00e12e8b_5032,11569.489
00e12e8b_5033,11569.4795
00e12e8b_5034,11569.47
00e12e8b_5035,11569.46
00e12e8b_5036,11569.45
00e12e8b_5037,11569.44
00e12e8b_5038,11569.43
00e12e8b_5039,11569.42
00e12e8b_5040,11569.41
00e12e8b_5041,11569.399
00e12e8b_5042,11569.389
00e12e8b_5043,11569.378
00e12e8b_5044,11569.367
00e12e8b_5045,11569.356
00e12e8b_5046,11569.346
00e12e8b_5047,11569.335
00e12e8b_5048,11569.324
00e12e8b_5049,11569.3125
00e12e8b_5050,11569.302
00e12e8b_5051,11569.29
00e12e8b_5052,11569.279
00e12e8b_5053,11569.268
00e12e8b_5054,11569.256
00e12e8b_5055,11569.244
00e12e8b_5056,11569.232
00e12e8b_5057,11569.221
00e12e8b_5058,11569.209
00e12e8b_5059,11569.198
00e12e8b_5060,11569.187
00e12e8b_5061,11569.175
00e12e8b_5062,11569.163
00e12e8b_5063,11569.152
00e12e8b_5064,11569.141
00e12e8b_5065,11569.129
00e12e8b_5066,11569.118
00e12e8b_5067,11569.106
00e12e8b_5068,11569.096
00e12e8b_5069,11569.084
00e12e8b_5070,11569.073
00e12e8b_5071,11569.062
00e12e8b_5072,11569.051
00e12e8b_5073,11569.039
00e12e8b_5074,11569.028
00e12e8b_5075,11569.017
00e12e8b_5076,11569.005
00e12e8b_5077,11568.994
00e12e8b_5078,11568.982
00e12e8b_5079,11568.971
00e12e8b_5080,11568.959
00e12e8b_5081,11568.947
00e12e8b_5082,11568.936
00e12e8b_5083,11568.924
00e12e8b_5084,11568.912
00e12e8b_5085,11568.9
00e12e8b_5086,11568.889
00e12e8b_5087,11568.876
00e12e8b_5088,11568.864
00e12e8b_5089,11568.852
00e12e8b_5090,11568.84
00e12e8b_5091,11568.827
00e12e8b_5092,11568.815
00e12e8b_5093,11568.804
00e12e8b_5094,11568.791
00e12e8b_5095,11568.779
00e12e8b_5096,11568.767
00e12e8b_5097,11568.755
00e12e8b_5098,11568.743
00e12e8b_5099,11568.73
00e12e8b_5100,11568.719
00e12e8b_5101,11568.708
00e12e8b_5102,11568.696
00e12e8b_5103,11568.685
00e12e8b_5104,11568.673
00e12e8b_5105,11568.662
00e12e8b_5106,11568.651
00e12e8b_5107,11568.64
00e12e8b_5108,11568.629
00e12e8b_5109,11568.618
00e12e8b_5110,11568.607
00e12e8b_5111,11568.597
00e12e8b_5112,11568.587
00e12e8b_5113,11568.576
00e12e8b_5114,11568.565
00e12e8b_5115,11568.556
00e12e8b_5116,11568.545
00e12e8b_5117,11568.534
00e12e8b_5118,11568.524
00e12e8b_5119,11568.514
00e12e8b_5120,11568.504
00e12e8b_5121,11568.493
00e12e8b_5122,11568.483
00e12e8b_5123,11568.473
00e12e8b_5124,11568.463
00e12e8b_5125,11568.452
00e12e8b_5126,11568.442
00e12e8b_5127,11568.432
00e12e8b_5128,11568.421
00e12e8b_5129,11568.41
00e12e8b_5130,11568.399
00e12e8b_5131,11568.389
00e12e8b_5132,11568.378
00e12e8b_5133,11568.366
00e12e8b_5134,11568.355
00e12e8b_5135,11568.344
00e12e8b_5136,11568.333
00e12e8b_5137,11568.321
00e12e8b_5138,11568.31
00e12e8b_5139,11568.298
00e12e8b_5140,11568.286
00e12e8b_5141,11568.274
00e12e8b_5142,11568.263
00e12e8b_5143,11568.251
00e12e8b_5144,11568.239
00e12e8b_5145,11568.229
00e12e8b_5146,11568.217
00e12e8b_5147,11568.205
00e12e8b_5148,11568.193
00e12e8b_5149,11568.183
00e12e8b_5150,11568.172
00e12e8b_5151,11568.16
00e12e8b_5152,11568.149
00e12e8b_5153,11568.139
00e12e8b_5154,11568.128
00e12e8b_5155,11568.118
00e12e8b_5156,11568.107
00e12e8b_5157,11568.098
00e12e8b_5158,11568.088
00e12e8b_5159,11568.077
00e12e8b_5160,11568.067
00e12e8b_5161,11568.059
00e12e8b_5162,11568.049
00e12e8b_5163,11568.039
00e12e8b_5164,11568.029
00e12e8b_5165,11568.0205
00e12e8b_5166,11568.012
00e12e8b_5167,11568.002
00e12e8b_5168,11567.993
00e12e8b_5169,11567.984
00e12e8b_5170,11567.976
00e12e8b_5171,11567.967
00e12e8b_5172,11567.958
00e12e8b_5173,11567.949
00e12e8b_5174,11567.94
00e12e8b_5175,11567.931
00e12e8b_5176,11567.922
00e12e8b_5177,11567.913
00e12e8b_5178,11567.904
00e12e8b_5179,11567.8955
00e12e8b_5180,11567.886
00e12e8b_5181,11567.877
00e12e8b_5182,11567.867
00e12e8b_5183,11567.857
00e12e8b_5184,11567.848
00e12e8b_5185,11567.838
00e12e8b_5186,11567.827
00e12e8b_5187,11567.816
00e12e8b_5188,11567.807
00e12e8b_5189,11567.796
00e12e8b_5190,11567.785
00e12e8b_5191,11567.773
00e12e8b_5192,11567.763
00e12e8b_5193,11567.752
00e12e8b_5194,11567.74
00e12e8b_5195,11567.7295
00e12e8b_5196,11567.718
00e12e8b_5197,11567.706
00e12e8b_5198,11567.694
00e12e8b_5199,11567.683
00e12e8b_5200,11567.671
00e12e8b_5201,11567.659
00e12e8b_5202,11567.647
00e12e8b_5203,11567.636
00e12e8b_5204,11567.623
00e12e8b_5205,11567.611
00e12e8b_5206,11567.599
00e12e8b_5207,11567.587
00e12e8b_5208,11567.574
00e12e8b_5209,11567.562
00e12e8b_5210,11567.549
00e12e8b_5211,11567.536
00e12e8b_5212,11567.523
00e12e8b_5213,11567.511
00e12e8b_5214,11567.497
00e12e8b_5215,11567.484
00e12e8b_5216,11567.472
00e12e8b_5217,11567.458
00e12e8b_5218,11567.444
00e12e8b_5219,11567.431
00e12e8b_5220,11567.417
00e12e8b_5221,11567.402
00e12e8b_5222,11567.389
00e12e8b_5223,11567.374
00e12e8b_5224,11567.359
00e12e8b_5225,11567.344
00e12e8b_5226,11567.329
00e12e8b_5227,11567.313
00e12e8b_5228,11567.298
00e12e8b_5229,11567.281
00e12e8b_5230,11567.265
00e12e8b_5231,11567.248
00e12e8b_5232,11567.23
00e12e8b_5233,11567.213
00e12e8b_5234,11567.195
00e12e8b_5235,11567.177
00e12e8b_5236,11567.158
00e12e8b_5237,11567.139
00e12e8b_5238,11567.119
00e12e8b_5239,11567.1
00e12e8b_5240,11567.079
00e12e8b_5241,11567.059
00e12e8b_5242,11567.038
00e12e8b_5243,11567.017
00e12e8b_5244,11566.995
00e12e8b_5245,11566.973
00e12e8b_5246,11566.95
00e12e8b_5247,11566.928
00e12e8b_5248,11566.905
00e12e8b_5249,11566.882
00e12e8b_5250,11566.858
00e12e8b_5251,11566.834
00e12e8b_5252,11566.811
00e12e8b_5253,11566.786
00e12e8b_5254,11566.762
00e12e8b_5255,11566.737
00e12e8b_5256,11566.712
00e12e8b_5257,11566.6875
00e12e8b_5258,11566.662
00e12e8b_5259,11566.637
00e12e8b_5260,11566.61
00e12e8b_5261,11566.585
00e12e8b_5262,11566.559
00e12e8b_5263,11566.532
00e12e8b_5264,11566.505
00e12e8b_5265,11566.479
00e12e8b_5266,11566.451
00e12e8b_5267,11566.424
00e12e8b_5268,11566.396
00e12e8b_5269,11566.369
00e12e8b_5270,11566.341
00e12e8b_5271,11566.313
00e12e8b_5272,11566.284
00e12e8b_5273,11566.256
00e12e8b_5274,11566.227
00e12e8b_5275,11566.197
00e12e8b_5276,11566.168
00e12e8b_5277,11566.138
00e12e8b_5278,11566.108
00e12e8b_5279,11566.078
00e12e8b_5280,11566.047
00e12e8b_5281,11566.017
00e12e8b_5282,11565.985
00e12e8b_5283,11565.954
00e12e8b_5284,11565.922
00e12e8b_5285,11565.891
00e12e8b_5286,11565.858
00e12e8b_5287,11565.826
00e12e8b_5288,11565.794
00e12e8b_5289,11565.761
00e12e8b_5290,11565.728
00e12e8b_5291,11565.695
00e12e8b_5292,11565.661
00e12e8b_5293,11565.628
00e12e8b_5294,11565.595
00e12e8b_5295,11565.561
00e12e8b_5296,11565.526
00e12e8b_5297,11565.492
00e12e8b_5298,11565.458
00e12e8b_5299,11565.423
00e12e8b_5300,11565.389
00e12e8b_5301,11565.354
00e12e8b_5302,11565.318
00e12e8b_5303,11565.283
00e12e8b_5304,11565.247
00e12e8b_5305,11565.211
00e12e8b_5306,11565.176
00e12e8b_5307,11565.139
00e12e8b_5308,11565.103
00e12e8b_5309,11565.065
00e12e8b_5310,11565.028
00e12e8b_5311,11564.991
00e12e8b_5312,11564.954
00e12e8b_5313,11564.916
00e12e8b_5314,11564.879
00e12e8b_5315,11564.841
00e12e8b_5316,11564.802
00e12e8b_5317,11564.764
00e12e8b_5318,11564.725
00e12e8b_5319,11564.687
00e12e8b_5320,11564.647
00e12e8b_5321,11564.608
00e12e8b_5322,11564.568
00e12e8b_5323,11564.529
00e12e8b_5324,11564.489
00e12e8b_5325,11564.45
00e12e8b_5326,11564.41
00e12e8b_5327,11564.37
00e12e8b_5328,11564.33
00e12e8b_5329,11564.29
00e12e8b_5330,11564.25
00e12e8b_5331,11564.21
00e12e8b_5332,11564.171
00e12e8b_5333,11564.131
00e12e8b_5334,11564.091
00e12e8b_5335,11564.052
00e12e8b_5336,11564.013
00e12e8b_5337,11563.973
00e12e8b_5338,11563.934
00e12e8b_5339,11563.895
00e12e8b_5340,11563.855
00e12e8b_5341,11563.817
00e12e8b_5342,11563.778
00e12e8b_5343,11563.739
00e12e8b_5344,11563.701
00e12e8b_5345,11563.662
00e12e8b_5346,11563.624
00e12e8b_5347,11563.586
00e12e8b_5348,11563.548
00e12e8b_5349,11563.51
00e12e8b_5350,11563.472
00e12e8b_5351,11563.434
00e12e8b_5352,11563.396
00e12e8b_5353,11563.358
00e12e8b_5354,11563.321
00e12e8b_5355,11563.283
00e12e8b_5356,11563.246
00e12e8b_5357,11563.209
00e12e8b_5358,11563.172
00e12e8b_5359,11563.135
00e12e8b_5360,11563.098
00e12e8b_5361,11563.062
00e12e8b_5362,11563.024
00e12e8b_5363,11562.988
00e12e8b_5364,11562.952
00e12e8b_5365,11562.916
00e12e8b_5366,11562.88
00e12e8b_5367,11562.844
00e12e8b_5368,11562.809
00e12e8b_5369,11562.772
00e12e8b_5370,11562.737
00e12e8b_5371,11562.702
00e12e8b_5372,11562.667
00e12e8b_5373,11562.632
00e12e8b_5374,11562.597
00e12e8b_5375,11562.562
00e12e8b_5376,11562.527
00e12e8b_5377,11562.493
00e12e8b_5378,11562.459
00e12e8b_5379,11562.425
00e12e8b_5380,11562.391
00e12e8b_5381,11562.357
00e12e8b_5382,11562.324
00e12e8b_5383,11562.291
00e12e8b_5384,11562.258
00e12e8b_5385,11562.226
00e12e8b_5386,11562.194
00e12e8b_5387,11562.162
00e12e8b_5388,11562.131
00e12e8b_5389,11562.1
00e12e8b_5390,11562.069
00e12e8b_5391,11562.039
00e12e8b_5392,11562.009
00e12e8b_5393,11561.9795
00e12e8b_5394,11561.95
00e12e8b_5395,11561.921
00e12e8b_5396,11561.892
00e12e8b_5397,11561.863
00e12e8b_5398,11561.835
00e12e8b_5399,11561.807
00e12e8b_5400,11561.779
00e12e8b_5401,11561.752
00e12e8b_5402,11561.725
00e12e8b_5403,11561.697
00e12e8b_5404,11561.671
00e12e8b_5405,11561.645
00e12e8b_5406,11561.617
00e12e8b_5407,11561.592
00e12e8b_5408,11561.565
00e12e8b_5409,11561.539
00e12e8b_5410,11561.514
00e12e8b_5411,11561.487
00e12e8b_5412,11561.462
00e12e8b_5413,11561.437
00e12e8b_5414,11561.41
00e12e8b_5415,11561.385
00e12e8b_5416,11561.359
00e12e8b_5417,11561.334
00e12e8b_5418,11561.309
00e12e8b_5419,11561.283
00e12e8b_5420,11561.258
00e12e8b_5421,11561.232
00e12e8b_5422,11561.206
00e12e8b_5423,11561.181
00e12e8b_5424,11561.155
00e12e8b_5425,11561.13
00e12e8b_5426,11561.104
00e12e8b_5427,11561.078
00e12e8b_5428,11561.053
00e12e8b_5429,11561.026
00e12e8b_5430,11561.0
00e12e8b_5431,11560.975
00e12e8b_5432,11560.948
00e12e8b_5433,11560.922
00e12e8b_5434,11560.8955
00e12e8b_5435,11560.869
00e12e8b_5436,11560.844
00e12e8b_5437,11560.817
00e12e8b_5438,11560.791
00e12e8b_5439,11560.765
00e12e8b_5440,11560.739
00e12e8b_5441,11560.713
00e12e8b_5442,11560.687
00e12e8b_5443,11560.661
00e12e8b_5444,11560.635
00e12e8b_5445,11560.609
00e12e8b_5446,11560.584
00e12e8b_5447,11560.558
00e12e8b_5448,11560.532
00e12e8b_5449,11560.506
00e12e8b_5450,11560.48
00e12e8b_5451,11560.454
00e12e8b_5452,11560.429
00e12e8b_5453,11560.402
00e12e8b_5454,11560.376
00e12e8b_5455,11560.35
00e12e8b_5456,11560.323
00e12e8b_5457,11560.297
00e12e8b_5458,11560.2705
00e12e8b_5459,11560.244
00e12e8b_5460,11560.217
00e12e8b_5461,11560.19
00e12e8b_5462,11560.163
00e12e8b_5463,11560.136
00e12e8b_5464,11560.108
00e12e8b_5465,11560.081
00e12e8b_5466,11560.053
00e12e8b_5467,11560.025
00e12e8b_5468,11559.997
00e12e8b_5469,11559.969
00e12e8b_5470,11559.939
00e12e8b_5471,11559.91
00e12e8b_5472,11559.882
00e12e8b_5473,11559.853
00e12e8b_5474,11559.822
00e12e8b_5475,11559.793
00e12e8b_5476,11559.764
00e12e8b_5477,11559.733
00e12e8b_5478,11559.703
00e12e8b_5479,11559.673
00e12e8b_5480,11559.643
00e12e8b_5481,11559.612
00e12e8b_5482,11559.582
00e12e8b_5483,11559.551
00e12e8b_5484,11559.5205
00e12e8b_5485,11559.489
00e12e8b_5486,11559.458
00e12e8b_5487,11559.428
00e12e8b_5488,11559.396
00e12e8b_5489,11559.365
00e12e8b_5490,11559.334
00e12e8b_5491,11559.303
00e12e8b_5492,11559.271
00e12e8b_5493,11559.24
00e12e8b_5494,11559.209
00e12e8b_5495,11559.178
00e12e8b_5496,11559.1455
00e12e8b_5497,11559.114
00e12e8b_5498,11559.083
00e12e8b_5499,11559.052
00e12e8b_5500,11559.02
00e12e8b_5501,11558.988
00e12e8b_5502,11558.956
00e12e8b_5503,11558.925
00e12e8b_5504,11558.893
00e12e8b_5505,11558.86
00e12e8b_5506,11558.829
00e12e8b_5507,11558.797
00e12e8b_5508,11558.765
00e12e8b_5509,11558.733
00e12e8b_5510,11558.701
00e12e8b_5511,11558.669
00e12e8b_5512,11558.638
00e12e8b_5513,11558.605
00e12e8b_5514,11558.573
00e12e8b_5515,11558.542
00e12e8b_5516,11558.51
00e12e8b_5517,11558.478
00e12e8b_5518,11558.446
00e12e8b_5519,11558.414
00e12e8b_5520,11558.382
00e12e8b_5521,11558.351
00e12e8b_5522,11558.318
00e12e8b_5523,11558.287
00e12e8b_5524,11558.256
00e12e8b_5525,11558.224
00e12e8b_5526,11558.192
00e12e8b_5527,11558.161
00e12e8b_5528,11558.13
00e12e8b_5529,11558.1
00e12e8b_5530,11558.068
00e12e8b_5531,11558.037
00e12e8b_5532,11558.007
00e12e8b_5533,11557.977
00e12e8b_5534,11557.946
00e12e8b_5535,11557.915
00e12e8b_5536,11557.886
00e12e8b_5537,11557.855
00e12e8b_5538,11557.825
00e12e8b_5539,11557.796
00e12e8b_5540,11557.766
00e12e8b_5541,11557.736
00e12e8b_5542,11557.707
00e12e8b_5543,11557.679
00e12e8b_5544,11557.649
00e12e8b_5545,11557.621
00e12e8b_5546,11557.593
00e12e8b_5547,11557.565
00e12e8b_5548,11557.537
00e12e8b_5549,11557.51
00e12e8b_5550,11557.482
00e12e8b_5551,11557.456
00e12e8b_5552,11557.43
00e12e8b_5553,11557.403
00e12e8b_5554,11557.377
00e12e8b_5555,11557.352
00e12e8b_5556,11557.326
00e12e8b_5557,11557.301
00e12e8b_5558,11557.276
00e12e8b_5559,11557.252
00e12e8b_5560,11557.229
00e12e8b_5561,11557.204
00e12e8b_5562,11557.182
00e12e8b_5563,11557.158
00e12e8b_5564,11557.136
00e12e8b_5565,11557.114
00e12e8b_5566,11557.092
00e12e8b_5567,11557.07
00e12e8b_5568,11557.05
00e12e8b_5569,11557.029
00e12e8b_5570,11557.009
00e12e8b_5571,11556.989
00e12e8b_5572,11556.97
00e12e8b_5573,11556.95
00e12e8b_5574,11556.932
00e12e8b_5575,11556.913
00e12e8b_5576,11556.8955
00e12e8b_5577,11556.878
00e12e8b_5578,11556.861
00e12e8b_5579,11556.844
00e12e8b_5580,11556.828
00e12e8b_5581,11556.812
00e12e8b_5582,11556.796
00e12e8b_5583,11556.78
00e12e8b_5584,11556.766
00e12e8b_5585,11556.75
00e12e8b_5586,11556.735
00e12e8b_5587,11556.721
00e12e8b_5588,11556.707
00e12e8b_5589,11556.692
00e12e8b_5590,11556.679
00e12e8b_5591,11556.666
00e12e8b_5592,11556.652
00e12e8b_5593,11556.64
00e12e8b_5594,11556.627
00e12e8b_5595,11556.614
00e12e8b_5596,11556.603
00e12e8b_5597,11556.591
00e12e8b_5598,11556.579
00e12e8b_5599,11556.567
00e12e8b_5600,11556.556
00e12e8b_5601,11556.545
00e12e8b_5602,11556.534
00e12e8b_5603,11556.523
00e12e8b_5604,11556.512
00e12e8b_5605,11556.502
00e12e8b_5606,11556.491
00e12e8b_5607,11556.48
00e12e8b_5608,11556.47
00e12e8b_5609,11556.46
00e12e8b_5610,11556.449
00e12e8b_5611,11556.439
00e12e8b_5612,11556.43
00e12e8b_5613,11556.419
00e12e8b_5614,11556.409
00e12e8b_5615,11556.399
00e12e8b_5616,11556.389
00e12e8b_5617,11556.379
00e12e8b_5618,11556.369
00e12e8b_5619,11556.359
00e12e8b_5620,11556.349
00e12e8b_5621,11556.339
00e12e8b_5622,11556.329
00e12e8b_5623,11556.319
00e12e8b_5624,11556.31
00e12e8b_5625,11556.3
00e12e8b_5626,11556.29
00e12e8b_5627,11556.279
00e12e8b_5628,11556.27
00e12e8b_5629,11556.26
00e12e8b_5630,11556.25
00e12e8b_5631,11556.24
00e12e8b_5632,11556.23
00e12e8b_5633,11556.22
00e12e8b_5634,11556.21
00e12e8b_5635,11556.2
00e12e8b_5636,11556.19
00e12e8b_5637,11556.18
00e12e8b_5638,11556.17
00e12e8b_5639,11556.159
00e12e8b_5640,11556.148
00e12e8b_5641,11556.138
00e12e8b_5642,11556.127
00e12e8b_5643,11556.116
00e12e8b_5644,11556.1045
00e12e8b_5645,11556.093
00e12e8b_5646,11556.081
00e12e8b_5647,11556.069
00e12e8b_5648,11556.058
00e12e8b_5649,11556.045
00e12e8b_5650,11556.032
00e12e8b_5651,11556.02
00e12e8b_5652,11556.007
00e12e8b_5653,11555.993
00e12e8b_5654,11555.9795
00e12e8b_5655,11555.966
00e12e8b_5656,11555.952
00e12e8b_5657,11555.9375
00e12e8b_5658,11555.923
00e12e8b_5659,11555.907
00e12e8b_5660,11555.893
00e12e8b_5661,11555.877
00e12e8b_5662,11555.86
00e12e8b_5663,11555.844
00e12e8b_5664,11555.827
00e12e8b_5665,11555.811
00e12e8b_5666,11555.793
00e12e8b_5667,11555.775
00e12e8b_5668,11555.758
00e12e8b_5669,11555.739
00e12e8b_5670,11555.721
00e12e8b_5671,11555.702
00e12e8b_5672,11555.683
00e12e8b_5673,11555.663
00e12e8b_5674,11555.644
00e12e8b_5675,11555.623
00e12e8b_5676,11555.603
00e12e8b_5677,11555.582
00e12e8b_5678,11555.561
00e12e8b_5679,11555.539
00e12e8b_5680,11555.518
00e12e8b_5681,11555.495
00e12e8b_5682,11555.473
00e12e8b_5683,11555.45
00e12e8b_5684,11555.427
00e12e8b_5685,11555.403
00e12e8b_5686,11555.38
00e12e8b_5687,11555.355
00e12e8b_5688,11555.331
00e12e8b_5689,11555.307
00e12e8b_5690,11555.282
00e12e8b_5691,11555.257
00e12e8b_5692,11555.23
00e12e8b_5693,11555.205
00e12e8b_5694,11555.179
00e12e8b_5695,11555.151
00e12e8b_5696,11555.125
00e12e8b_5697,11555.097
00e12e8b_5698,11555.069
00e12e8b_5699,11555.041
00e12e8b_5700,11555.013
00e12e8b_5701,11554.984
00e12e8b_5702,11554.955
00e12e8b_5703,11554.927
00e12e8b_5704,11554.897
00e12e8b_5705,11554.868
00e12e8b_5706,11554.838
00e12e8b_5707,11554.808
00e12e8b_5708,11554.778
00e12e8b_5709,11554.747
00e12e8b_5710,11554.717
00e12e8b_5711,11554.686
00e12e8b_5712,11554.655
00e12e8b_5713,11554.624
00e12e8b_5714,11554.593
00e12e8b_5715,11554.561
00e12e8b_5716,11554.529
00e12e8b_5717,11554.497
00e12e8b_5718,11554.465
00e12e8b_5719,11554.433
00e12e8b_5720,11554.401
00e12e8b_5721,11554.369
00e12e8b_5722,11554.337
00e12e8b_5723,11554.305
00e12e8b_5724,11554.272
00e12e8b_5725,11554.24
00e12e8b_5726,11554.209
00e12e8b_5727,11554.177
00e12e8b_5728,11554.145
00e12e8b_5729,11554.113
00e12e8b_5730,11554.081
00e12e8b_5731,11554.05
00e12e8b_5732,11554.019
00e12e8b_5733,11553.988
00e12e8b_5734,11553.957
00e12e8b_5735,11553.927
00e12e8b_5736,11553.896
00e12e8b_5737,11553.866
00e12e8b_5738,11553.836
00e12e8b_5739,11553.807
00e12e8b_5740,11553.777
00e12e8b_5741,11553.748
00e12e8b_5742,11553.72
00e12e8b_5743,11553.691
00e12e8b_5744,11553.663
00e12e8b_5745,11553.635
00e12e8b_5746,11553.607
00e12e8b_5747,11553.58
00e12e8b_5748,11553.554
00e12e8b_5749,11553.527
00e12e8b_5750,11553.501
00e12e8b_5751,11553.476
00e12e8b_5752,11553.45
00e12e8b_5753,11553.425
00e12e8b_5754,11553.4
00e12e8b_5755,11553.376
00e12e8b_5756,11553.353
00e12e8b_5757,11553.329
00e12e8b_5758,11553.307
00e12e8b_5759,11553.284
00e12e8b_5760,11553.262
00e12e8b_5761,11553.24
00e12e8b_5762,11553.219
00e12e8b_5763,11553.198
00e12e8b_5764,11553.178
00e12e8b_5765,11553.158
00e12e8b_5766,11553.139
00e12e8b_5767,11553.12
00e12e8b_5768,11553.102
00e12e8b_5769,11553.084
00e12e8b_5770,11553.066
00e12e8b_5771,11553.05
00e12e8b_5772,11553.033
00e12e8b_5773,11553.018
00e12e8b_5774,11553.003
00e12e8b_5775,11552.988
00e12e8b_5776,11552.974
00e12e8b_5777,11552.96
00e12e8b_5778,11552.946
00e12e8b_5779,11552.935
00e12e8b_5780,11552.922
00e12e8b_5781,11552.91
00e12e8b_5782,11552.899
00e12e8b_5783,11552.889
00e12e8b_5784,11552.879
00e12e8b_5785,11552.869
00e12e8b_5786,11552.86
00e12e8b_5787,11552.853
00e12e8b_5788,11552.845
00e12e8b_5789,11552.838
00e12e8b_5790,11552.831
00e12e8b_5791,11552.825
00e12e8b_5792,11552.82
00e12e8b_5793,11552.815
00e12e8b_5794,11552.811
00e12e8b_5795,11552.807
00e12e8b_5796,11552.804
00e12e8b_5797,11552.8
00e12e8b_5798,11552.798
00e12e8b_5799,11552.796
00e12e8b_5800,11552.794
00e12e8b_5801,11552.793
00e12e8b_5802,11552.792
00e12e8b_5803,11552.791
00e12e8b_5804,11552.792
00e12e8b_5805,11552.792
00e12e8b_5806,11552.793
00e12e8b_5807,11552.795
00e12e8b_5808,11552.797
00e12e8b_5809,11552.8
00e12e8b_5810,11552.803
00e12e8b_5811,11552.807
00e12e8b_5812,11552.811
00e12e8b_5813,11552.814
00e12e8b_5814,11552.82
00e12e8b_5815,11552.825
00e12e8b_5816,11552.832
00e12e8b_5817,11552.838
00e12e8b_5818,11552.845
00e12e8b_5819,11552.853
00e12e8b_5820,11552.86
00e12e8b_5821,11552.868
00e12e8b_5822,11552.877
00e12e8b_5823,11552.886
00e12e8b_5824,11552.8955
00e12e8b_5825,11552.905
00e12e8b_5826,11552.915
00e12e8b_5827,11552.926
00e12e8b_5828,11552.9375
00e12e8b_5829,11552.948
00e12e8b_5830,11552.96
00e12e8b_5831,11552.973
00e12e8b_5832,11552.984
00e12e8b_5833,11552.997
00e12e8b_5834,11553.01
00e12e8b_5835,11553.023
00e12e8b_5836,11553.037
00e12e8b_5837,11553.051
00e12e8b_5838,11553.064
00e12e8b_5839,11553.079
00e12e8b_5840,11553.093
00e12e8b_5841,11553.107
00e12e8b_5842,11553.122
00e12e8b_5843,11553.138
00e12e8b_5844,11553.152
00e12e8b_5845,11553.167
00e12e8b_5846,11553.183
00e12e8b_5847,11553.197
00e12e8b_5848,11553.213
00e12e8b_5849,11553.228
00e12e8b_5850,11553.243
00e12e8b_5851,11553.259
00e12e8b_5852,11553.273
00e12e8b_5853,11553.289
00e12e8b_5854,11553.305
00e12e8b_5855,11553.319
00e12e8b_5856,11553.335
00e12e8b_5857,11553.35
00e12e8b_5858,11553.365
00e12e8b_5859,11553.38
00e12e8b_5860,11553.395
00e12e8b_5861,11553.409
00e12e8b_5862,11553.424
00e12e8b_5863,11553.4375
00e12e8b_5864,11553.452
00e12e8b_5865,11553.467
00e12e8b_5866,11553.48
00e12e8b_5867,11553.494
00e12e8b_5868,11553.508
00e12e8b_5869,11553.521
00e12e8b_5870,11553.535
00e12e8b_5871,11553.548
00e12e8b_5872,11553.561
00e12e8b_5873,11553.573
00e12e8b_5874,11553.586
00e12e8b_5875,11553.599
00e12e8b_5876,11553.61
00e12e8b_5877,11553.622
00e12e8b_5878,11553.634
00e12e8b_5879,11553.6455
00e12e8b_5880,11553.657
00e12e8b_5881,11553.668
00e12e8b_5882,11553.679
00e12e8b_5883,11553.689
00e12e8b_5884,11553.699
00e12e8b_5885,11553.709
00e12e8b_5886,11553.719
00e12e8b_5887,11553.728
00e12e8b_5888,11553.736
00e12e8b_5889,11553.744
00e12e8b_5890,11553.752
00e12e8b_5891,11553.76
00e12e8b_5892,11553.767
00e12e8b_5893,11553.774
00e12e8b_5894,11553.78
00e12e8b_5895,11553.787
00e12e8b_5896,11553.793
00e12e8b_5897,11553.799
00e12e8b_5898,11553.804
00e12e8b_5899,11553.809
00e12e8b_5900,11553.813
00e12e8b_5901,11553.817
00e12e8b_5902,11553.821
00e12e8b_5903,11553.825
00e12e8b_5904,11553.828
00e12e8b_5905,11553.831
00e12e8b_5906,11553.833
00e12e8b_5907,11553.836
00e12e8b_5908,11553.837
00e12e8b_5909,11553.839
00e12e8b_5910,11553.84
00e12e8b_5911,11553.841
00e12e8b_5912,11553.842
00e12e8b_5913,11553.842
00e12e8b_5914,11553.842
00e12e8b_5915,11553.842
00e12e8b_5916,11553.841
00e12e8b_5917,11553.84
00e12e8b_5918,11553.839
00e12e8b_5919,11553.837
00e12e8b_5920,11553.836
00e12e8b_5921,11553.834
00e12e8b_5922,11553.832
00e12e8b_5923,11553.829
00e12e8b_5924,11553.827
00e12e8b_5925,11553.824
00e12e8b_5926,11553.821
00e12e8b_5927,11553.817
00e12e8b_5928,11553.814
00e12e8b_5929,11553.811
00e12e8b_5930,11553.807
00e12e8b_5931,11553.803
00e12e8b_5932,11553.798
00e12e8b_5933,11553.793
00e12e8b_5934,11553.788
00e12e8b_5935,11553.783
00e12e8b_5936,11553.778
00e12e8b_5937,11553.772
00e12e8b_5938,11553.767
00e12e8b_5939,11553.761
00e12e8b_5940,11553.754
00e12e8b_5941,11553.748
00e12e8b_5942,11553.741
00e12e8b_5943,11553.734
00e12e8b_5944,11553.728
00e12e8b_5945,11553.72
00e12e8b_5946,11553.713
00e12e8b_5947,11553.705
00e12e8b_5948,11553.698
00e12e8b_5949,11553.69
00e12e8b_5950,11553.683
00e12e8b_5951,11553.675
00e12e8b_5952,11553.667
00e12e8b_5953,11553.658
00e12e8b_5954,11553.65
00e12e8b_5955,11553.643
00e12e8b_5956,11553.634
00e12e8b_5957,11553.626
00e12e8b_5958,11553.617
00e12e8b_5959,11553.608
00e12e8b_5960,11553.6
00e12e8b_5961,11553.591
00e12e8b_5962,11553.582
00e12e8b_5963,11553.573
00e12e8b_5964,11553.564
00e12e8b_5965,11553.556
00e12e8b_5966,11553.547
00e12e8b_5967,11553.537
00e12e8b_5968,11553.528
00e12e8b_5969,11553.52
00e12e8b_5970,11553.511
00e12e8b_5971,11553.501
00e12e8b_5972,11553.492
00e12e8b_5973,11553.483
00e12e8b_5974,11553.474
00e12e8b_5975,11553.465
00e12e8b_5976,11553.456
00e12e8b_5977,11553.447
00e12e8b_5978,11553.4375
00e12e8b_5979,11553.429
00e12e8b_5980,11553.42
00e12e8b_5981,11553.411
00e12e8b_5982,11553.402
00e12e8b_5983,11553.394
00e12e8b_5984,11553.386
00e12e8b_5985,11553.377
00e12e8b_5986,11553.368
00e12e8b_5987,11553.359
00e12e8b_5988,11553.352
00e12e8b_5989,11553.343
00e12e8b_5990,11553.335
00e12e8b_5991,11553.327
00e12e8b_5992,11553.319
00e12e8b_5993,11553.311
00e12e8b_5994,11553.303
00e12e8b_5995,11553.296
00e12e8b_5996,11553.288
00e12e8b_5997,11553.28
00e12e8b_5998,11553.273
00e12e8b_5999,11553.267
00e12e8b_6000,11553.26
00e12e8b_6001,11553.253
00e12e8b_6002,11553.246
00e12e8b_6003,11553.24
00e12e8b_6004,11553.234
00e12e8b_6005,11553.229
00e12e8b_6006,11553.224
00e12e8b_6007,11553.218
00e12e8b_6008,11553.214
00e12e8b_6009,11553.209
00e12e8b_6010,11553.204
00e12e8b_6011,11553.2
00e12e8b_6012,11553.196
00e12e8b_6013,11553.192
00e12e8b_6014,11553.188
00e12e8b_6015,11553.186
00e12e8b_6016,11553.183
00e12e8b_6017,11553.18
00e12e8b_6018,11553.177
00e12e8b_6019,11553.174
00e12e8b_6020,11553.172
00e12e8b_6021,11553.17
00e12e8b_6022,11553.168
00e12e8b_6023,11553.166
00e12e8b_6024,11553.165
00e12e8b_6025,11553.164
00e12e8b_6026,11553.163
00e12e8b_6027,11553.162
00e12e8b_6028,11553.161
00e12e8b_6029,11553.161
00e12e8b_6030,11553.161
00e12e8b_6031,11553.161
00e12e8b_6032,11553.161
00e12e8b_6033,11553.161
00e12e8b_6034,11553.161
00e12e8b_6035,11553.162
00e12e8b_6036,11553.163
00e12e8b_6037,11553.164
00e12e8b_6038,11553.165
00e12e8b_6039,11553.166
00e12e8b_6040,11553.167
00e12e8b_6041,11553.169
00e12e8b_6042,11553.17
00e12e8b_6043,11553.172
00e12e8b_6044,11553.174
00e12e8b_6045,11553.176
00e12e8b_6046,11553.179
00e12e8b_6047,11553.181
00e12e8b_6048,11553.184
00e12e8b_6049,11553.187
00e12e8b_6050,11553.189
00e12e8b_6051,11553.193
00e12e8b_6052,11553.196
00e12e8b_6053,11553.2
00e12e8b_6054,11553.204
00e12e8b_6055,11553.208
00e12e8b_6056,11553.212
00e12e8b_6057,11553.217
00e12e8b_6058,11553.221
00e12e8b_6059,11553.226
00e12e8b_6060,11553.23
00e12e8b_6061,11553.234
00e12e8b_6062,11553.239
00e12e8b_6063,11553.244
00e12e8b_6064,11553.25
00e12e8b_6065,11553.255
00e12e8b_6066,11553.26
00e12e8b_6067,11553.265
00e12e8b_6068,11553.27
00e12e8b_6069,11553.274
00e12e8b_6070,11553.278
00e12e8b_6071,11553.283
00e12e8b_6072,11553.288
00e12e8b_6073,11553.293
00e12e8b_6074,11553.297
00e12e8b_6075,11553.301
00e12e8b_6076,11553.305
00e12e8b_6077,11553.309
00e12e8b_6078,11553.3125
00e12e8b_6079,11553.315
00e12e8b_6080,11553.319
00e12e8b_6081,11553.322
00e12e8b_6082,11553.325
00e12e8b_6083,11553.327
00e12e8b_6084,11553.329
00e12e8b_6085,11553.331
00e12e8b_6086,11553.333
00e12e8b_6087,11553.335
00e12e8b_6088,11553.336
00e12e8b_6089,11553.337
00e12e8b_6090,11553.338
00e12e8b_6091,11553.338
00e12e8b_6092,11553.338
00e12e8b_6093,11553.338
00e12e8b_6094,11553.338
00e12e8b_6095,11553.337
00e12e8b_6096,11553.336
00e12e8b_6097,11553.335
00e12e8b_6098,11553.334
00e12e8b_6099,11553.332
00e12e8b_6100,11553.33
00e12e8b_6101,11553.328
00e12e8b_6102,11553.326
00e12e8b_6103,11553.323
00e12e8b_6104,11553.321
00e12e8b_6105,11553.317
00e12e8b_6106,11553.314
00e12e8b_6107,11553.311
00e12e8b_6108,11553.307
00e12e8b_6109,11553.303
00e12e8b_6110,11553.298
00e12e8b_6111,11553.293
00e12e8b_6112,11553.288
00e12e8b_6113,11553.283
00e12e8b_6114,11553.277
00e12e8b_6115,11553.272
00e12e8b_6116,11553.267
00e12e8b_6117,11553.26
00e12e8b_6118,11553.254
00e12e8b_6119,11553.247
00e12e8b_6120,11553.24
00e12e8b_6121,11553.233
00e12e8b_6122,11553.227
00e12e8b_6123,11553.219
00e12e8b_6124,11553.211
00e12e8b_6125,11553.203
00e12e8b_6126,11553.194
00e12e8b_6127,11553.186
00e12e8b_6128,11553.178
00e12e8b_6129,11553.168
00e12e8b_6130,11553.159
00e12e8b_6131,11553.149
00e12e8b_6132,11553.14
00e12e8b_6133,11553.13
00e12e8b_6134,11553.119
00e12e8b_6135,11553.109
00e12e8b_6136,11553.099
00e12e8b_6137,11553.088
00e12e8b_6138,11553.076
00e12e8b_6139,11553.065
00e12e8b_6140,11553.054
00e12e8b_6141,11553.042
00e12e8b_6142,11553.03
00e12e8b_6143,11553.019
00e12e8b_6144,11553.006
00e12e8b_6145,11552.994
00e12e8b_6146,11552.981
00e12e8b_6147,11552.969
00e12e8b_6148,11552.956
00e12e8b_6149,11552.943
00e12e8b_6150,11552.931
00e12e8b_6151,11552.917
00e12e8b_6152,11552.904
00e12e8b_6153,11552.891
00e12e8b_6154,11552.877
00e12e8b_6155,11552.863
00e12e8b_6156,11552.85
00e12e8b_6157,11552.835
00e12e8b_6158,11552.821
00e12e8b_6159,11552.807
00e12e8b_6160,11552.792
00e12e8b_6161,11552.777
00e12e8b_6162,11552.763
00e12e8b_6163,11552.748
00e12e8b_6164,11552.733
00e12e8b_6165,11552.719
00e12e8b_6166,11552.704
00e12e8b_6167,11552.688
00e12e8b_6168,11552.674
00e12e8b_6169,11552.658
00e12e8b_6170,11552.643
00e12e8b_6171,11552.627
00e12e8b_6172,11552.612
00e12e8b_6173,11552.597
00e12e8b_6174,11552.58
00e12e8b_6175,11552.564
00e12e8b_6176,11552.549
00e12e8b_6177,11552.533
00e12e8b_6178,11552.518
00e12e8b_6179,11552.501
00e12e8b_6180,11552.485
00e12e8b_6181,11552.469
00e12e8b_6182,11552.453
00e12e8b_6183,11552.437
00e12e8b_6184,11552.42
00e12e8b_6185,11552.404
00e12e8b_6186,11552.388
00e12e8b_6187,11552.371
00e12e8b_6188,11552.355
00e12e8b_6189,11552.339
00e12e8b_6190,11552.322
00e12e8b_6191,11552.307
00e12e8b_6192,11552.29
00e12e8b_6193,11552.274
00e12e8b_6194,11552.258
00e12e8b_6195,11552.242
00e12e8b_6196,11552.226
00e12e8b_6197,11552.21
00e12e8b_6198,11552.194
00e12e8b_6199,11552.179
00e12e8b_6200,11552.163
00e12e8b_6201,11552.147
00e12e8b_6202,11552.132
00e12e8b_6203,11552.117
00e12e8b_6204,11552.102
00e12e8b_6205,11552.086
00e12e8b_6206,11552.071
00e12e8b_6207,11552.057
00e12e8b_6208,11552.041
00e12e8b_6209,11552.026
00e12e8b_6210,11552.012
00e12e8b_6211,11551.997
00e12e8b_6212,11551.982
00e12e8b_6213,11551.969
00e12e8b_6214,11551.954
00e12e8b_6215,11551.94
00e12e8b_6216,11551.926
00e12e8b_6217,11551.912
00e12e8b_6218,11551.898
00e12e8b_6219,11551.885
00e12e8b_6220,11551.871
00e12e8b_6221,11551.858
00e12e8b_6222,11551.845
00e12e8b_6223,11551.832
00e12e8b_6224,11551.819
00e12e8b_6225,11551.807
00e12e8b_6226,11551.794
00e12e8b_6227,11551.781
00e12e8b_6228,11551.77
00e12e8b_6229,11551.758
00e12e8b_6230,11551.745
00e12e8b_6231,11551.733
00e12e8b_6232,11551.722
00e12e8b_6233,11551.71
00e12e8b_6234,11551.699
00e12e8b_6235,11551.6875
00e12e8b_6236,11551.677
00e12e8b_6237,11551.666
00e12e8b_6238,11551.655
00e12e8b_6239,11551.6455
00e12e8b_6240,11551.635
00e12e8b_6241,11551.625
00e12e8b_6242,11551.615
00e12e8b_6243,11551.605
00e12e8b_6244,11551.596
00e12e8b_6245,11551.586
00e12e8b_6246,11551.576
00e12e8b_6247,11551.567
00e12e8b_6248,11551.558
00e12e8b_6249,11551.549
00e12e8b_6250,11551.54
00e12e8b_6251,11551.53
00e12e8b_6252,11551.521
00e12e8b_6253,11551.513
00e12e8b_6254,11551.504
00e12e8b_6255,11551.495
00e12e8b_6256,11551.485
00e12e8b_6257,11551.477
00e12e8b_6258,11551.468
00e12e8b_6259,11551.459
00e12e8b_6260,11551.45
00e12e8b_6261,11551.44
00e12e8b_6262,11551.432
00e12e8b_6263,11551.423
00e12e8b_6264,11551.413
00e12e8b_6265,11551.404
00e12e8b_6266,11551.395
00e12e8b_6267,11551.386
00e12e8b_6268,11551.376
00e12e8b_6269,11551.367
00e12e8b_6270,11551.357
00e12e8b_6271,11551.348
00e12e8b_6272,11551.339
00e12e8b_6273,11551.329
00e12e8b_6274,11551.32
00e12e8b_6275,11551.311
00e12e8b_6276,11551.302
00e12e8b_6277,11551.292
00e12e8b_6278,11551.283
00e12e8b_6279,11551.273
00e12e8b_6280,11551.265
00e12e8b_6281,11551.255
00e12e8b_6282,11551.246
00e12e8b_6283,11551.237
00e12e8b_6284,11551.229
00e12e8b_6285,11551.22
00e12e8b_6286,11551.211
00e12e8b_6287,11551.202
00e12e8b_6288,11551.193
00e12e8b_6289,11551.185
00e12e8b_6290,11551.176
00e12e8b_6291,11551.167
00e12e8b_6292,11551.158
00e12e8b_6293,11551.149
00e12e8b_6294,11551.142
00e12e8b_6295,11551.133
00e12e8b_6296,11551.125
00e12e8b_6297,11551.116
00e12e8b_6298,11551.107
00e12e8b_6299,11551.1
00e12e8b_6300,11551.092
00e12e8b_6301,11551.083
00e12e8b_6302,11551.075
00e12e8b_6303,11551.067
00e12e8b_6304,11551.06
00e12e8b_6305,11551.051
00e12e8b_6306,11551.043
00e12e8b_6307,11551.035
00e12e8b_6308,11551.027
00e12e8b_6309,11551.02
00e12e8b_6310,11551.013
00e12e8b_6311,11551.005
00e12e8b_6312,11550.997
00e12e8b_6313,11550.989
00e12e8b_6314,11550.982
00e12e8b_6315,11550.975
00e12e8b_6316,11550.967
00e12e8b_6317,11550.96
00e12e8b_6318,11550.952
00e12e8b_6319,11550.945
00e12e8b_6320,11550.938
00e12e8b_6321,11550.931
00e12e8b_6322,11550.924
00e12e8b_6323,11550.917
00e12e8b_6324,11550.91
00e12e8b_6325,11550.903
00e12e8b_6326,11550.896
00e12e8b_6327,11550.89
00e12e8b_6328,11550.883
00e12e8b_6329,11550.876
00e12e8b_6330,11550.87
00e12e8b_6331,11550.863
00e12e8b_6332,11550.856
00e12e8b_6333,11550.851
00e12e8b_6334,11550.844
00e12e8b_6335,11550.838
00e12e8b_6336,11550.831
00e12e8b_6337,11550.825
00e12e8b_6338,11550.819
00e12e8b_6339,11550.8125
00e12e8b_6340,11550.807
00e12e8b_6341,11550.801
00e12e8b_6342,11550.795
00e12e8b_6343,11550.789
00e12e8b_6344,11550.783
00e12e8b_6345,11550.777
00e12e8b_6346,11550.772
00e12e8b_6347,11550.767
00e12e8b_6348,11550.761
00e12e8b_6349,11550.756
00e12e8b_6350,11550.75
00e12e8b_6351,11550.745
00e12e8b_6352,11550.739
00e12e8b_6353,11550.734
00e12e8b_6354,11550.7295
00e12e8b_6355,11550.724
00e12e8b_6356,11550.719
00e12e8b_6357,11550.714
00e12e8b_6358,11550.709
00e12e8b_6359,11550.704
00e12e8b_6360,11550.699
00e12e8b_6361,11550.694
00e12e8b_6362,11550.69
00e12e8b_6363,11550.686
00e12e8b_6364,11550.681
00e12e8b_6365,11550.677
00e12e8b_6366,11550.672
00e12e8b_6367,11550.668
00e12e8b_6368,11550.663
00e12e8b_6369,11550.659
00e12e8b_6370,11550.655
00e12e8b_6371,11550.651
00e12e8b_6372,11550.647
00e12e8b_6373,11550.644
00e12e8b_6374,11550.64
00e12e8b_6375,11550.636
00e12e8b_6376,11550.632
00e12e8b_6377,11550.628
00e12e8b_6378,11550.624
00e12e8b_6379,11550.621
00e12e8b_6380,11550.617
00e12e8b_6381,11550.614
00e12e8b_6382,11550.61
00e12e8b_6383,11550.607
