id,tvt
000d7d20_1442,11748.876
000d7d20_1443,11748.87
000d7d20_1444,11749.073
000d7d20_1445,11749.114
000d7d20_1446,11749.207
000d7d20_1447,11749.248
000d7d20_1448,11749.184
000d7d20_1449,11749.246
000d7d20_1450,11749.285
000d7d20_1451,11749.284
000d7d20_1452,11749.362
000d7d20_1453,11749.341
000d7d20_1454,11749.326
000d7d20_1455,11749.294
000d7d20_1456,11749.31
000d7d20_1457,11749.303
000d7d20_1458,11749.351
000d7d20_1459,11749.392
000d7d20_1460,11749.334
000d7d20_1461,11749.367
000d7d20_1462,11749.418
000d7d20_1463,11749.427
000d7d20_1464,11749.477
000d7d20_1465,11749.585
000d7d20_1466,11749.634
000d7d20_1467,11749.695
000d7d20_1468,11749.732
000d7d20_1469,11749.82
000d7d20_1470,11749.83
000d7d20_1471,11749.902
000d7d20_1472,11749.899
000d7d20_1473,11749.917
000d7d20_1474,11750.23
000d7d20_1475,11750.251
000d7d20_1476,11750.212
000d7d20_1477,11750.2
000d7d20_1478,11750.178
000d7d20_1479,11750.167
000d7d20_1480,11750.158
000d7d20_1481,11750.047
000d7d20_1482,11750.089
000d7d20_1483,11750.109
000d7d20_1484,11750.138
000d7d20_1485,11750.125
000d7d20_1486,11750.186
000d7d20_1487,11750.186
000d7d20_1488,11750.235
000d7d20_1489,11750.162
000d7d20_1490,11750.03
000d7d20_1491,11750.019
000d7d20_1492,11749.967
000d7d20_1493,11749.995
000d7d20_1494,11749.949
000d7d20_1495,11749.952
000d7d20_1496,11749.947
000d7d20_1497,11749.933
000d7d20_1498,11749.883
000d7d20_1499,11749.86
000d7d20_1500,11749.831
000d7d20_1501,11749.847
000d7d20_1502,11749.861
000d7d20_1503,11749.925
000d7d20_1504,11749.951
000d7d20_1505,11749.938
000d7d20_1506,11750.043
000d7d20_1507,11749.978
000d7d20_1508,11749.906
000d7d20_1509,11749.804
000d7d20_1510,11749.829
000d7d20_1511,11749.682
000d7d20_1512,11749.69
000d7d20_1513,11749.609
000d7d20_1514,11749.811
000d7d20_1515,11749.902
000d7d20_1516,11749.96
000d7d20_1517,11749.915
000d7d20_1518,11749.963
000d7d20_1519,11749.987
000d7d20_1520,11749.947
000d7d20_1521,11749.918
000d7d20_1522,11749.882
000d7d20_1523,11750.239
000d7d20_1524,11750.327
000d7d20_1525,11750.368
000d7d20_1526,11750.324
000d7d20_1527,11750.506
000d7d20_1528,11750.528
000d7d20_1529,11750.525
000d7d20_1530,11750.697
000d7d20_1531,11750.643
000d7d20_1532,11750.665
000d7d20_1533,11750.788
000d7d20_1534,11750.711
000d7d20_1535,11750.688
000d7d20_1536,11750.672
000d7d20_1537,11750.691
000d7d20_1538,11750.738
000d7d20_1539,11750.734
000d7d20_1540,11750.707
000d7d20_1541,11750.544
000d7d20_1542,11750.521
000d7d20_1543,11750.548
000d7d20_1544,11750.55
000d7d20_1545,11750.559
000d7d20_1546,11750.554
000d7d20_1547,11750.484
000d7d20_1548,11750.488
000d7d20_1549,11750.478
000d7d20_1550,11750.424
000d7d20_1551,11750.505
000d7d20_1552,11750.465
000d7d20_1553,11750.531
000d7d20_1554,11750.498
000d7d20_1555,11750.541
000d7d20_1556,11750.549
000d7d20_1557,11750.51
000d7d20_1558,11750.425
000d7d20_1559,11750.378
000d7d20_1560,11750.336
000d7d20_1561,11750.265
000d7d20_1562,11750.242
000d7d20_1563,11750.181
000d7d20_1564,11750.491
000d7d20_1565,11750.828
000d7d20_1566,11750.741
000d7d20_1567,11750.925
000d7d20_1568,11751.37
000d7d20_1569,11751.319
000d7d20_1570,11751.528
000d7d20_1571,11750.944
000d7d20_1572,11751.526
000d7d20_1573,11751.423
000d7d20_1574,11751.455
000d7d20_1575,11751.353
000d7d20_1576,11751.115
000d7d20_1577,11751.138
000d7d20_1578,11751.314
000d7d20_1579,11751.334
000d7d20_1580,11751.444
000d7d20_1581,11751.355
000d7d20_1582,11751.321
000d7d20_1583,11750.9795
000d7d20_1584,11750.983
000d7d20_1585,11750.97
000d7d20_1586,11750.939
000d7d20_1587,11750.889
000d7d20_1588,11750.918
000d7d20_1589,11750.974
000d7d20_1590,11750.93
000d7d20_1591,11750.878
000d7d20_1592,11750.861
000d7d20_1593,11750.766
000d7d20_1594,11750.756
000d7d20_1595,11750.733
000d7d20_1596,11750.722
000d7d20_1597,11750.763
000d7d20_1598,11750.759
000d7d20_1599,11750.712
000d7d20_1600,11750.674
000d7d20_1601,11750.632
000d7d20_1602,11750.597
000d7d20_1603,11750.589
000d7d20_1604,11750.543
000d7d20_1605,11750.394
000d7d20_1606,11750.376
000d7d20_1607,11750.353
000d7d20_1608,11750.348
000d7d20_1609,11750.379
000d7d20_1610,11750.315
000d7d20_1611,11751.158
000d7d20_1612,11751.17
000d7d20_1613,11751.151
000d7d20_1614,11751.154
000d7d20_1615,11751.201
000d7d20_1616,11751.17
000d7d20_1617,11751.19
000d7d20_1618,11751.164
000d7d20_1619,11751.175
000d7d20_1620,11751.165
000d7d20_1621,11751.114
000d7d20_1622,11751.095
000d7d20_1623,11751.04
000d7d20_1624,11751.057
000d7d20_1625,11750.978
000d7d20_1626,11750.891
000d7d20_1627,11750.943
000d7d20_1628,11750.857
000d7d20_1629,11750.842
000d7d20_1630,11750.902
000d7d20_1631,11750.803
000d7d20_1632,11750.844
000d7d20_1633,11750.886
000d7d20_1634,11750.869
000d7d20_1635,11750.764
000d7d20_1636,11750.683
000d7d20_1637,11750.689
000d7d20_1638,11750.536
000d7d20_1639,11750.554
000d7d20_1640,11750.575
000d7d20_1641,11750.541
000d7d20_1642,11750.57
000d7d20_1643,11750.573
000d7d20_1644,11750.565
000d7d20_1645,11750.566
000d7d20_1646,11750.506
000d7d20_1647,11750.548
000d7d20_1648,11750.528
000d7d20_1649,11750.517
000d7d20_1650,11750.533
000d7d20_1651,11750.509
000d7d20_1652,11750.508
000d7d20_1653,11750.421
000d7d20_1654,11750.362
000d7d20_1655,11750.324
000d7d20_1656,11750.285
000d7d20_1657,11750.234
000d7d20_1658,11750.211
000d7d20_1659,11750.138
000d7d20_1660,11750.108
000d7d20_1661,11750.122
000d7d20_1662,11750.079
000d7d20_1663,11750.193
000d7d20_1664,11750.089
000d7d20_1665,11750.2
000d7d20_1666,11750.141
000d7d20_1667,11749.617
000d7d20_1668,11749.528
000d7d20_1669,11749.546
000d7d20_1670,11749.544
000d7d20_1671,11749.66
000d7d20_1672,11749.642
000d7d20_1673,11749.626
000d7d20_1674,11749.525
000d7d20_1675,11749.562
000d7d20_1676,11749.632
000d7d20_1677,11749.623
000d7d20_1678,11749.613
000d7d20_1679,11749.606
000d7d20_1680,11749.56
000d7d20_1681,11749.564
000d7d20_1682,11749.551
000d7d20_1683,11749.58
000d7d20_1684,11749.519
000d7d20_1685,11749.564
000d7d20_1686,11749.61
000d7d20_1687,11749.536
000d7d20_1688,11749.564
000d7d20_1689,11750.382
000d7d20_1690,11750.433
000d7d20_1691,11750.313
000d7d20_1692,11750.242
000d7d20_1693,11750.238
000d7d20_1694,11750.189
000d7d20_1695,11750.193
000d7d20_1696,11750.217
000d7d20_1697,11750.189
000d7d20_1698,11750.207
000d7d20_1699,11750.219
000d7d20_1700,11750.182
000d7d20_1701,11750.131
000d7d20_1702,11750.14
000d7d20_1703,11750.125
000d7d20_1704,11750.18
000d7d20_1705,11750.133
000d7d20_1706,11750.103
000d7d20_1707,11750.098
000d7d20_1708,11750.028
000d7d20_1709,11750.05
000d7d20_1710,11749.985
000d7d20_1711,11750.002
000d7d20_1712,11749.955
000d7d20_1713,11749.926
000d7d20_1714,11749.841
000d7d20_1715,11749.841
000d7d20_1716,11749.805
000d7d20_1717,11749.81
000d7d20_1718,11749.724
000d7d20_1719,11749.823
000d7d20_1720,11749.779
000d7d20_1721,11749.835
000d7d20_1722,11749.744
000d7d20_1723,11749.773
000d7d20_1724,11749.747
000d7d20_1725,11749.707
000d7d20_1726,11749.651
000d7d20_1727,11749.736
000d7d20_1728,11749.67
000d7d20_1729,11749.56
000d7d20_1730,11749.597
000d7d20_1731,11749.526
000d7d20_1732,11749.6045
000d7d20_1733,11749.613
000d7d20_1734,11749.549
000d7d20_1735,11749.543
000d7d20_1736,11749.605
000d7d20_1737,11749.602
000d7d20_1738,11749.533
000d7d20_1739,11749.537
000d7d20_1740,11749.535
000d7d20_1741,11749.547
000d7d20_1742,11749.607
000d7d20_1743,11749.552
000d7d20_1744,11749.557
000d7d20_1745,11749.539
000d7d20_1746,11749.523
000d7d20_1747,11749.524
000d7d20_1748,11749.46
000d7d20_1749,11749.494
000d7d20_1750,11749.51
000d7d20_1751,11749.506
000d7d20_1752,11749.471
000d7d20_1753,11749.518
000d7d20_1754,11749.525
000d7d20_1755,11749.445
000d7d20_1756,11749.444
000d7d20_1757,11749.458
000d7d20_1758,11749.469
000d7d20_1759,11749.471
000d7d20_1760,11749.5
000d7d20_1761,11749.465
000d7d20_1762,11749.395
000d7d20_1763,11749.438
000d7d20_1764,11749.449
000d7d20_1765,11749.368
000d7d20_1766,11749.411
000d7d20_1767,11749.391
000d7d20_1768,11749.386
000d7d20_1769,11749.354
000d7d20_1770,11749.411
000d7d20_1771,11749.394
000d7d20_1772,11749.393
000d7d20_1773,11749.356
000d7d20_1774,11749.385
000d7d20_1775,11749.363
000d7d20_1776,11750.273
000d7d20_1777,11749.642
000d7d20_1778,11749.641
000d7d20_1779,11749.631
000d7d20_1780,11749.511
000d7d20_1781,11749.538
000d7d20_1782,11749.526
000d7d20_1783,11749.463
000d7d20_1784,11749.455
000d7d20_1785,11749.465
000d7d20_1786,11749.428
000d7d20_1787,11749.363
000d7d20_1788,11749.411
000d7d20_1789,11749.391
000d7d20_1790,11749.415
000d7d20_1791,11749.451
000d7d20_1792,11749.423
000d7d20_1793,11749.499
000d7d20_1794,11749.434
000d7d20_1795,11749.425
000d7d20_1796,11749.447
000d7d20_1797,11749.421
000d7d20_1798,11749.407
000d7d20_1799,11749.403
000d7d20_1800,11749.331
000d7d20_1801,11749.276
000d7d20_1802,11749.109
000d7d20_1803,11748.908
000d7d20_1804,11748.941
000d7d20_1805,11748.921
000d7d20_1806,11748.927
000d7d20_1807,11748.936
000d7d20_1808,11748.91
000d7d20_1809,11748.913
000d7d20_1810,11748.897
000d7d20_1811,11748.905
000d7d20_1812,11748.932
000d7d20_1813,11748.8125
000d7d20_1814,11748.833
000d7d20_1815,11748.754
000d7d20_1816,11748.74
000d7d20_1817,11748.71
000d7d20_1818,11748.703
000d7d20_1819,11748.755
000d7d20_1820,11748.7295
000d7d20_1821,11748.76
000d7d20_1822,11748.757
000d7d20_1823,11748.74
000d7d20_1824,11748.772
000d7d20_1825,11748.835
000d7d20_1826,11748.864
000d7d20_1827,11748.831
000d7d20_1828,11748.749
000d7d20_1829,11748.838
000d7d20_1830,11748.724
000d7d20_1831,11748.801
000d7d20_1832,11748.8125
000d7d20_1833,11748.832
000d7d20_1834,11748.8125
000d7d20_1835,11748.834
000d7d20_1836,11748.932
000d7d20_1837,11748.754
000d7d20_1838,11748.71
000d7d20_1839,11748.749
000d7d20_1840,11748.768
000d7d20_1841,11748.736
000d7d20_1842,11748.797
000d7d20_1843,11748.759
000d7d20_1844,11748.709
000d7d20_1845,11748.634
000d7d20_1846,11748.6045
000d7d20_1847,11748.741
000d7d20_1848,11748.689
000d7d20_1849,11748.748
000d7d20_1850,11748.572
000d7d20_1851,11748.57
000d7d20_1852,11748.498
000d7d20_1853,11748.595
000d7d20_1854,11748.614
000d7d20_1855,11748.578
000d7d20_1856,11748.623
000d7d20_1857,11748.625
000d7d20_1858,11748.564
000d7d20_1859,11749.527
000d7d20_1860,11749.483
000d7d20_1861,11749.487
000d7d20_1862,11749.504
000d7d20_1863,11749.483
000d7d20_1864,11749.4375
000d7d20_1865,11749.437
000d7d20_1866,11749.3955
000d7d20_1867,11749.436
000d7d20_1868,11749.385
000d7d20_1869,11749.395
000d7d20_1870,11749.411
000d7d20_1871,11749.323
000d7d20_1872,11749.432
000d7d20_1873,11749.408
000d7d20_1874,11749.357
000d7d20_1875,11749.329
000d7d20_1876,11749.332
000d7d20_1877,11749.304
000d7d20_1878,11749.256
000d7d20_1879,11749.158
000d7d20_1880,11749.201
000d7d20_1881,11749.156
000d7d20_1882,11749.111
000d7d20_1883,11749.212
000d7d20_1884,11749.217
000d7d20_1885,11749.248
000d7d20_1886,11749.238
000d7d20_1887,11749.105
000d7d20_1888,11749.154
000d7d20_1889,11749.129
000d7d20_1890,11749.135
000d7d20_1891,11749.12
000d7d20_1892,11749.098
000d7d20_1893,11749.036
000d7d20_1894,11749.231
000d7d20_1895,11749.207
000d7d20_1896,11749.171
000d7d20_1897,11749.138
000d7d20_1898,11749.097
000d7d20_1899,11749.112
000d7d20_1900,11749.107
000d7d20_1901,11749.02
000d7d20_1902,11748.995
000d7d20_1903,11749.067
000d7d20_1904,11748.877
000d7d20_1905,11748.994
000d7d20_1906,11748.967
000d7d20_1907,11748.927
000d7d20_1908,11748.985
000d7d20_1909,11748.8955
000d7d20_1910,11748.873
000d7d20_1911,11748.893
000d7d20_1912,11748.898
000d7d20_1913,11749.004
000d7d20_1914,11749.119
000d7d20_1915,11749.133
000d7d20_1916,11749.121
000d7d20_1917,11749.136
000d7d20_1918,11749.223
000d7d20_1919,11749.206
000d7d20_1920,11749.238
000d7d20_1921,11748.903
000d7d20_1922,11748.904
000d7d20_1923,11748.82
000d7d20_1924,11748.796
000d7d20_1925,11748.814
000d7d20_1926,11748.812
000d7d20_1927,11748.836
000d7d20_1928,11748.811
000d7d20_1929,11748.728
000d7d20_1930,11748.764
000d7d20_1931,11748.76
000d7d20_1932,11748.815
000d7d20_1933,11748.92
000d7d20_1934,11749.154
000d7d20_1935,11749.468
000d7d20_1936,11749.367
000d7d20_1937,11750.341
000d7d20_1938,11750.296
000d7d20_1939,11750.284
000d7d20_1940,11751.531
000d7d20_1941,11751.389
000d7d20_1942,11751.31
000d7d20_1943,11751.467
000d7d20_1944,11751.705
000d7d20_1945,11751.67
000d7d20_1946,11751.655
000d7d20_1947,11751.633
000d7d20_1948,11751.75
000d7d20_1949,11752.004
000d7d20_1950,11752.03
000d7d20_1951,11752.041
000d7d20_1952,11752.067
000d7d20_1953,11752.043
000d7d20_1954,11752.091
000d7d20_1955,11752.066
000d7d20_1956,11752.074
000d7d20_1957,11752.032
000d7d20_1958,11752.061
000d7d20_1959,11751.984
000d7d20_1960,11752.03
000d7d20_1961,11751.924
000d7d20_1962,11751.707
000d7d20_1963,11750.991
000d7d20_1964,11750.714
000d7d20_1965,11750.728
000d7d20_1966,11750.711
000d7d20_1967,11750.732
000d7d20_1968,11750.764
000d7d20_1969,11750.723
000d7d20_1970,11750.7
000d7d20_1971,11750.707
000d7d20_1972,11750.6875
000d7d20_1973,11750.673
000d7d20_1974,11750.693
000d7d20_1975,11750.637
000d7d20_1976,11750.645
000d7d20_1977,11750.653
000d7d20_1978,11750.601
000d7d20_1979,11750.649
000d7d20_1980,11750.636
000d7d20_1981,11750.605
000d7d20_1982,11750.597
000d7d20_1983,11750.642
000d7d20_1984,11750.6
000d7d20_1985,11750.578
000d7d20_1986,11750.575
000d7d20_1987,11750.463
000d7d20_1988,11750.437
000d7d20_1989,11750.493
000d7d20_1990,11750.467
000d7d20_1991,11750.474
000d7d20_1992,11750.445
000d7d20_1993,11750.456
000d7d20_1994,11750.395
000d7d20_1995,11750.43
000d7d20_1996,11750.438
000d7d20_1997,11750.46
000d7d20_1998,11750.476
000d7d20_1999,11750.498
000d7d20_2000,11750.488
000d7d20_2001,11750.412
000d7d20_2002,11750.439
000d7d20_2003,11750.45
000d7d20_2004,11750.423
000d7d20_2005,11750.458
000d7d20_2006,11750.44
000d7d20_2007,11750.517
000d7d20_2008,11750.502
000d7d20_2009,11750.896
000d7d20_2010,11751.0
000d7d20_2011,11750.999
000d7d20_2012,11751.788
000d7d20_2013,11751.824
000d7d20_2014,11751.721
000d7d20_2015,11751.624
000d7d20_2016,11751.655
000d7d20_2017,11751.872
000d7d20_2018,11752.313
000d7d20_2019,11752.662
000d7d20_2020,11753.321
000d7d20_2021,11753.364
000d7d20_2022,11753.376
000d7d20_2023,11753.361
000d7d20_2024,11753.479
000d7d20_2025,11753.42
000d7d20_2026,11753.374
000d7d20_2027,11753.365
000d7d20_2028,11753.459
000d7d20_2029,11753.578
000d7d20_2030,11753.687
000d7d20_2031,11753.737
000d7d20_2032,11753.709
000d7d20_2033,11753.697
000d7d20_2034,11753.781
000d7d20_2035,11753.746
000d7d20_2036,11753.763
000d7d20_2037,11753.71
000d7d20_2038,11753.735
000d7d20_2039,11753.777
000d7d20_2040,11753.817
000d7d20_2041,11753.618
000d7d20_2042,11753.669
000d7d20_2043,11753.735
000d7d20_2044,11753.721
000d7d20_2045,11753.749
000d7d20_2046,11753.701
000d7d20_2047,11753.72
000d7d20_2048,11753.684
000d7d20_2049,11753.735
000d7d20_2050,11753.733
000d7d20_2051,11753.663
000d7d20_2052,11753.19
000d7d20_2053,11753.092
000d7d20_2054,11753.095
000d7d20_2055,11753.165
000d7d20_2056,11753.156
000d7d20_2057,11753.113
000d7d20_2058,11753.166
000d7d20_2059,11753.155
000d7d20_2060,11752.319
000d7d20_2061,11752.329
000d7d20_2062,11752.289
000d7d20_2063,11752.292
000d7d20_2064,11752.229
000d7d20_2065,11752.225
000d7d20_2066,11752.281
000d7d20_2067,11752.296
000d7d20_2068,11752.309
000d7d20_2069,11752.375
000d7d20_2070,11752.321
000d7d20_2071,11752.391
000d7d20_2072,11752.427
000d7d20_2073,11752.444
000d7d20_2074,11752.399
000d7d20_2075,11752.409
000d7d20_2076,11752.47
000d7d20_2077,11752.416
000d7d20_2078,11752.342
000d7d20_2079,11752.335
000d7d20_2080,11752.389
000d7d20_2081,11752.395
000d7d20_2082,11752.451
000d7d20_2083,11752.402
000d7d20_2084,11752.477
000d7d20_2085,11752.549
000d7d20_2086,11752.428
000d7d20_2087,11752.533
000d7d20_2088,11752.382
000d7d20_2089,11752.444
000d7d20_2090,11752.441
000d7d20_2091,11752.467
000d7d20_2092,11752.493
000d7d20_2093,11752.49
000d7d20_2094,11752.511
000d7d20_2095,11752.428
000d7d20_2096,11752.498
000d7d20_2097,11752.451
000d7d20_2098,11752.455
000d7d20_2099,11752.539
000d7d20_2100,11752.589
000d7d20_2101,11752.626
000d7d20_2102,11752.681
000d7d20_2103,11752.677
000d7d20_2104,11752.692
000d7d20_2105,11752.59
000d7d20_2106,11752.611
000d7d20_2107,11752.596
000d7d20_2108,11752.57
000d7d20_2109,11752.607
000d7d20_2110,11752.414
000d7d20_2111,11752.469
000d7d20_2112,11752.459
000d7d20_2113,11752.693
000d7d20_2114,11751.998
000d7d20_2115,11752.644
000d7d20_2116,11752.498
000d7d20_2117,11752.573
000d7d20_2118,11752.246
000d7d20_2119,11752.318
000d7d20_2120,11752.517
000d7d20_2121,11752.282
000d7d20_2122,11752.461
000d7d20_2123,11752.522
000d7d20_2124,11752.474
000d7d20_2125,11752.532
000d7d20_2126,11752.637
000d7d20_2127,11752.615
000d7d20_2128,11752.546
000d7d20_2129,11752.608
000d7d20_2130,11752.548
000d7d20_2131,11752.667
000d7d20_2132,11752.683
000d7d20_2133,11752.6875
000d7d20_2134,11752.714
000d7d20_2135,11752.687
000d7d20_2136,11752.777
000d7d20_2137,11752.649
000d7d20_2138,11752.675
000d7d20_2139,11752.767
000d7d20_2140,11752.71
000d7d20_2141,11752.753
000d7d20_2142,11752.765
000d7d20_2143,11752.702
000d7d20_2144,11752.72
000d7d20_2145,11752.566
000d7d20_2146,11751.989
000d7d20_2147,11751.835
000d7d20_2148,11751.871
000d7d20_2149,11751.56
000d7d20_2150,11751.584
000d7d20_2151,11751.569
000d7d20_2152,11751.531
000d7d20_2153,11751.531
000d7d20_2154,11751.515
000d7d20_2155,11751.555
000d7d20_2156,11751.503
000d7d20_2157,11751.454
000d7d20_2158,11751.458
000d7d20_2159,11751.551
000d7d20_2160,11751.567
000d7d20_2161,11751.536
000d7d20_2162,11751.553
000d7d20_2163,11751.561
000d7d20_2164,11751.577
000d7d20_2165,11751.581
000d7d20_2166,11751.546
000d7d20_2167,11751.57
000d7d20_2168,11751.568
000d7d20_2169,11751.543
000d7d20_2170,11751.579
000d7d20_2171,11751.613
000d7d20_2172,11751.695
000d7d20_2173,11751.748
000d7d20_2174,11751.763
000d7d20_2175,11751.725
000d7d20_2176,11751.628
000d7d20_2177,11751.686
000d7d20_2178,11751.702
000d7d20_2179,11751.586
000d7d20_2180,11751.581
000d7d20_2181,11752.5205
000d7d20_2182,11752.497
000d7d20_2183,11752.542
000d7d20_2184,11752.545
000d7d20_2185,11752.538
000d7d20_2186,11752.534
000d7d20_2187,11752.511
000d7d20_2188,11752.551
000d7d20_2189,11752.49
000d7d20_2190,11752.452
000d7d20_2191,11752.466
000d7d20_2192,11752.524
000d7d20_2193,11752.429
000d7d20_2194,11752.481
000d7d20_2195,11752.445
000d7d20_2196,11752.489
000d7d20_2197,11752.419
000d7d20_2198,11752.422
000d7d20_2199,11752.444
000d7d20_2200,11752.473
000d7d20_2201,11752.41
000d7d20_2202,11752.431
000d7d20_2203,11752.398
000d7d20_2204,11752.396
000d7d20_2205,11752.354
000d7d20_2206,11752.306
000d7d20_2207,11751.962
000d7d20_2208,11752.008
000d7d20_2209,11752.033
000d7d20_2210,11752.047
000d7d20_2211,11752.03
000d7d20_2212,11752.015
000d7d20_2213,11751.973
000d7d20_2214,11751.971
000d7d20_2215,11751.857
000d7d20_2216,11751.9
000d7d20_2217,11751.752
000d7d20_2218,11751.677
000d7d20_2219,11751.651
000d7d20_2220,11751.657
000d7d20_2221,11751.628
000d7d20_2222,11751.67
000d7d20_2223,11751.74
000d7d20_2224,11751.716
000d7d20_2225,11751.73
000d7d20_2226,11751.77
000d7d20_2227,11751.702
000d7d20_2228,11751.71
000d7d20_2229,11751.749
000d7d20_2230,11751.739
000d7d20_2231,11751.625
000d7d20_2232,11751.669
000d7d20_2233,11751.645
000d7d20_2234,11751.663
000d7d20_2235,11751.645
000d7d20_2236,11751.783
000d7d20_2237,11751.874
000d7d20_2238,11751.818
000d7d20_2239,11751.82
000d7d20_2240,11752.215
000d7d20_2241,11752.229
000d7d20_2242,11752.263
000d7d20_2243,11752.64
000d7d20_2244,11752.588
000d7d20_2245,11752.559
000d7d20_2246,11752.571
000d7d20_2247,11752.616
000d7d20_2248,11752.556
000d7d20_2249,11752.597
000d7d20_2250,11752.63
000d7d20_2251,11752.705
000d7d20_2252,11752.661
000d7d20_2253,11752.846
000d7d20_2254,11752.811
000d7d20_2255,11752.807
000d7d20_2256,11752.87
000d7d20_2257,11752.871
000d7d20_2258,11752.902
000d7d20_2259,11752.871
000d7d20_2260,11752.89
000d7d20_2261,11752.902
000d7d20_2262,11752.839
000d7d20_2263,11752.849
000d7d20_2264,11752.837
000d7d20_2265,11752.839
000d7d20_2266,11753.278
000d7d20_2267,11753.297
000d7d20_2268,11753.308
000d7d20_2269,11753.346
000d7d20_2270,11753.24
000d7d20_2271,11753.303
000d7d20_2272,11753.3955
000d7d20_2273,11753.42
000d7d20_2274,11753.3545
000d7d20_2275,11753.332
000d7d20_2276,11753.294
000d7d20_2277,11753.317
000d7d20_2278,11753.293
000d7d20_2279,11753.034
000d7d20_2280,11752.891
000d7d20_2281,11752.629
000d7d20_2282,11752.6455
000d7d20_2283,11752.615
000d7d20_2284,11752.612
000d7d20_2285,11752.614
000d7d20_2286,11752.672
000d7d20_2287,11752.55
000d7d20_2288,11752.37
000d7d20_2289,11752.26
000d7d20_2290,11752.151
000d7d20_2291,11752.291
000d7d20_2292,11752.345
000d7d20_2293,11752.332
000d7d20_2294,11752.306
000d7d20_2295,11752.261
000d7d20_2296,11752.181
000d7d20_2297,11752.284
000d7d20_2298,11752.324
000d7d20_2299,11752.26
000d7d20_2300,11752.258
000d7d20_2301,11752.334
000d7d20_2302,11752.288
000d7d20_2303,11752.244
000d7d20_2304,11752.143
000d7d20_2305,11752.129
000d7d20_2306,11752.047
000d7d20_2307,11752.064
000d7d20_2308,11752.081
000d7d20_2309,11751.987
000d7d20_2310,11752.035
000d7d20_2311,11751.978
000d7d20_2312,11751.994
000d7d20_2313,11752.007
000d7d20_2314,11752.061
000d7d20_2315,11751.976
000d7d20_2316,11751.938
000d7d20_2317,11751.989
000d7d20_2318,11751.882
000d7d20_2319,11751.838
000d7d20_2320,11751.929
000d7d20_2321,11751.854
000d7d20_2322,11751.949
000d7d20_2323,11751.947
000d7d20_2324,11751.935
000d7d20_2325,11751.893
000d7d20_2326,11751.836
000d7d20_2327,11751.874
000d7d20_2328,11752.332
000d7d20_2329,11752.709
000d7d20_2330,11752.753
000d7d20_2331,11753.926
000d7d20_2332,11753.84
000d7d20_2333,11753.765
000d7d20_2334,11753.741
000d7d20_2335,11753.844
000d7d20_2336,11753.706
000d7d20_2337,11753.701
000d7d20_2338,11753.793
000d7d20_2339,11753.711
000d7d20_2340,11753.68
000d7d20_2341,11753.602
000d7d20_2342,11753.634
000d7d20_2343,11753.628
000d7d20_2344,11753.654
000d7d20_2345,11753.839
000d7d20_2346,11753.827
000d7d20_2347,11753.79
000d7d20_2348,11753.724
000d7d20_2349,11753.699
000d7d20_2350,11754.076
000d7d20_2351,11754.082
000d7d20_2352,11754.004
000d7d20_2353,11754.095
000d7d20_2354,11754.117
000d7d20_2355,11754.132
000d7d20_2356,11754.14
000d7d20_2357,11754.102
000d7d20_2358,11754.066
000d7d20_2359,11754.099
000d7d20_2360,11754.032
000d7d20_2361,11754.033
000d7d20_2362,11753.905
000d7d20_2363,11753.579
000d7d20_2364,11753.472
000d7d20_2365,11752.867
000d7d20_2366,11752.653
000d7d20_2367,11752.628
000d7d20_2368,11752.522
000d7d20_2369,11752.478
000d7d20_2370,11752.496
000d7d20_2371,11752.132
000d7d20_2372,11752.111
000d7d20_2373,11752.075
000d7d20_2374,11751.83
000d7d20_2375,11751.546
000d7d20_2376,11751.493
000d7d20_2377,11751.88
000d7d20_2378,11751.823
000d7d20_2379,11751.326
000d7d20_2380,11751.375
000d7d20_2381,11751.346
000d7d20_2382,11751.351
000d7d20_2383,11751.204
000d7d20_2384,11751.229
000d7d20_2385,11751.67
000d7d20_2386,11752.215
000d7d20_2387,11752.121
000d7d20_2388,11752.061
000d7d20_2389,11751.913
000d7d20_2390,11752.097
000d7d20_2391,11752.997
000d7d20_2392,11752.9375
000d7d20_2393,11752.963
000d7d20_2394,11752.9375
000d7d20_2395,11752.8125
000d7d20_2396,11752.788
000d7d20_2397,11753.09
000d7d20_2398,11753.02
000d7d20_2399,11752.966
000d7d20_2400,11753.106
000d7d20_2401,11752.9375
000d7d20_2402,11752.838
000d7d20_2403,11752.813
000d7d20_2404,11752.576
000d7d20_2405,11752.658
000d7d20_2406,11752.606
000d7d20_2407,11752.677
000d7d20_2408,11752.632
000d7d20_2409,11752.687
000d7d20_2410,11752.591
000d7d20_2411,11752.736
000d7d20_2412,11752.592
000d7d20_2413,11752.618
000d7d20_2414,11752.601
000d7d20_2415,11752.715
000d7d20_2416,11752.618
000d7d20_2417,11752.737
000d7d20_2418,11752.762
000d7d20_2419,11752.477
000d7d20_2420,11752.42
000d7d20_2421,11752.437
000d7d20_2422,11752.4
000d7d20_2423,11752.388
000d7d20_2424,11752.362
000d7d20_2425,11752.193
000d7d20_2426,11752.169
000d7d20_2427,11752.041
000d7d20_2428,11752.116
000d7d20_2429,11752.021
000d7d20_2430,11751.974
000d7d20_2431,11752.131
000d7d20_2432,11752.07
000d7d20_2433,11752.081
000d7d20_2434,11752.166
000d7d20_2435,11752.092
000d7d20_2436,11752.268
000d7d20_2437,11752.329
000d7d20_2438,11752.887
000d7d20_2439,11752.766
000d7d20_2440,11752.675
000d7d20_2441,11752.811
000d7d20_2442,11752.827
000d7d20_2443,11752.851
000d7d20_2444,11752.774
000d7d20_2445,11752.802
000d7d20_2446,11752.43
000d7d20_2447,11751.995
000d7d20_2448,11751.971
000d7d20_2449,11751.84
000d7d20_2450,11751.793
000d7d20_2451,11751.71
000d7d20_2452,11751.599
000d7d20_2453,11751.269
000d7d20_2454,11751.122
000d7d20_2455,11751.124
000d7d20_2456,11751.025
000d7d20_2457,11750.979
000d7d20_2458,11750.932
000d7d20_2459,11750.958
000d7d20_2460,11750.842
000d7d20_2461,11750.759
000d7d20_2462,11750.748
000d7d20_2463,11750.742
000d7d20_2464,11750.775
000d7d20_2465,11750.773
000d7d20_2466,11750.738
000d7d20_2467,11750.731
000d7d20_2468,11750.651
000d7d20_2469,11750.615
000d7d20_2470,11750.594
000d7d20_2471,11750.621
000d7d20_2472,11750.572
000d7d20_2473,11750.624
000d7d20_2474,11750.559
000d7d20_2475,11750.31
000d7d20_2476,11750.323
000d7d20_2477,11750.357
000d7d20_2478,11750.204
000d7d20_2479,11750.082
000d7d20_2480,11750.076
000d7d20_2481,11750.028
000d7d20_2482,11749.946
000d7d20_2483,11750.017
000d7d20_2484,11750.0
000d7d20_2485,11749.912
000d7d20_2486,11749.794
000d7d20_2487,11749.844
000d7d20_2488,11749.779
000d7d20_2489,11749.849
000d7d20_2490,11749.765
000d7d20_2491,11749.811
000d7d20_2492,11749.765
000d7d20_2493,11749.772
000d7d20_2494,11749.816
000d7d20_2495,11749.827
000d7d20_2496,11749.748
000d7d20_2497,11749.715
000d7d20_2498,11749.709
000d7d20_2499,11749.705
000d7d20_2500,11749.729
000d7d20_2501,11749.716
000d7d20_2502,11749.656
000d7d20_2503,11749.613
000d7d20_2504,11749.628
000d7d20_2505,11749.597
000d7d20_2506,11749.558
000d7d20_2507,11749.59
000d7d20_2508,11749.556
000d7d20_2509,11749.595
000d7d20_2510,11749.539
000d7d20_2511,11749.58
000d7d20_2512,11749.544
000d7d20_2513,11749.566
000d7d20_2514,11749.491
000d7d20_2515,11749.516
000d7d20_2516,11749.516
000d7d20_2517,11749.539
000d7d20_2518,11749.582
000d7d20_2519,11749.624
000d7d20_2520,11749.501
000d7d20_2521,11749.451
000d7d20_2522,11749.509
000d7d20_2523,11749.467
000d7d20_2524,11749.443
000d7d20_2525,11749.492
000d7d20_2526,11749.756
000d7d20_2527,11749.649
000d7d20_2528,11749.634
000d7d20_2529,11749.699
000d7d20_2530,11749.593
000d7d20_2531,11749.537
000d7d20_2532,11749.605
000d7d20_2533,11749.646
000d7d20_2534,11749.599
000d7d20_2535,11749.616
000d7d20_2536,11749.589
000d7d20_2537,11749.587
000d7d20_2538,11749.606
000d7d20_2539,11749.619
000d7d20_2540,11749.616
000d7d20_2541,11749.626
000d7d20_2542,11749.53
000d7d20_2543,11749.532
000d7d20_2544,11749.555
000d7d20_2545,11749.544
000d7d20_2546,11749.539
000d7d20_2547,11749.466
000d7d20_2548,11749.424
000d7d20_2549,11749.398
000d7d20_2550,11749.452
000d7d20_2551,11749.423
000d7d20_2552,11749.457
000d7d20_2553,11749.437
000d7d20_2554,11749.373
000d7d20_2555,11749.415
000d7d20_2556,11749.415
000d7d20_2557,11749.417
000d7d20_2558,11749.406
000d7d20_2559,11749.375
000d7d20_2560,11749.372
000d7d20_2561,11749.35
000d7d20_2562,11749.409
000d7d20_2563,11749.46
000d7d20_2564,11749.452
000d7d20_2565,11749.417
000d7d20_2566,11749.425
000d7d20_2567,11749.408
000d7d20_2568,11749.395
000d7d20_2569,11749.428
000d7d20_2570,11749.483
000d7d20_2571,11749.397
000d7d20_2572,11749.455
000d7d20_2573,11749.474
000d7d20_2574,11749.416
000d7d20_2575,11749.405
000d7d20_2576,11749.43
000d7d20_2577,11749.412
000d7d20_2578,11749.459
000d7d20_2579,11749.465
000d7d20_2580,11749.432
000d7d20_2581,11749.34
000d7d20_2582,11749.412
000d7d20_2583,11749.389
000d7d20_2584,11749.423
000d7d20_2585,11749.457
000d7d20_2586,11749.427
000d7d20_2587,11749.464
000d7d20_2588,11749.437
000d7d20_2589,11749.3125
000d7d20_2590,11749.407
000d7d20_2591,11749.381
000d7d20_2592,11749.372
000d7d20_2593,11749.352
000d7d20_2594,11749.302
000d7d20_2595,11749.308
000d7d20_2596,11749.318
000d7d20_2597,11749.302
000d7d20_2598,11749.302
000d7d20_2599,11749.19
000d7d20_2600,11749.274
000d7d20_2601,11749.292
000d7d20_2602,11749.32
000d7d20_2603,11749.182
000d7d20_2604,11749.255
000d7d20_2605,11749.251
000d7d20_2606,11749.251
000d7d20_2607,11749.548
000d7d20_2608,11749.522
000d7d20_2609,11749.571
000d7d20_2610,11749.451
000d7d20_2611,11749.55
000d7d20_2612,11749.483
000d7d20_2613,11749.45
000d7d20_2614,11749.501
000d7d20_2615,11749.442
000d7d20_2616,11749.458
000d7d20_2617,11749.566
000d7d20_2618,11749.55
000d7d20_2619,11749.504
000d7d20_2620,11749.59
000d7d20_2621,11749.577
000d7d20_2622,11749.493
000d7d20_2623,11749.475
000d7d20_2624,11749.495
000d7d20_2625,11749.53
000d7d20_2626,11749.509
000d7d20_2627,11749.609
000d7d20_2628,11749.607
000d7d20_2629,11749.549
000d7d20_2630,11749.466
000d7d20_2631,11749.515
000d7d20_2632,11749.517
000d7d20_2633,11749.478
000d7d20_2634,11749.407
000d7d20_2635,11749.443
000d7d20_2636,11749.447
000d7d20_2637,11749.546
000d7d20_2638,11749.523
000d7d20_2639,11749.42
000d7d20_2640,11749.409
000d7d20_2641,11749.452
000d7d20_2642,11749.416
000d7d20_2643,11749.351
000d7d20_2644,11749.327
000d7d20_2645,11749.328
000d7d20_2646,11749.337
000d7d20_2647,11749.34
000d7d20_2648,11749.363
000d7d20_2649,11749.374
000d7d20_2650,11749.301
000d7d20_2651,11749.3545
000d7d20_2652,11749.309
000d7d20_2653,11749.293
000d7d20_2654,11749.336
000d7d20_2655,11749.283
000d7d20_2656,11749.305
000d7d20_2657,11749.352
000d7d20_2658,11749.391
000d7d20_2659,11749.411
000d7d20_2660,11749.404
000d7d20_2661,11749.396
000d7d20_2662,11749.278
000d7d20_2663,11749.309
000d7d20_2664,11749.249
000d7d20_2665,11749.311
000d7d20_2666,11749.306
000d7d20_2667,11749.32
000d7d20_2668,11749.321
000d7d20_2669,11749.389
000d7d20_2670,11749.311
000d7d20_2671,11749.37
000d7d20_2672,11749.427
000d7d20_2673,11749.36
000d7d20_2674,11749.355
000d7d20_2675,11749.373
000d7d20_2676,11749.425
000d7d20_2677,11749.349
000d7d20_2678,11749.479
000d7d20_2679,11749.373
000d7d20_2680,11749.411
000d7d20_2681,11749.47
000d7d20_2682,11749.377
000d7d20_2683,11749.355
000d7d20_2684,11749.393
000d7d20_2685,11749.453
000d7d20_2686,11749.519
000d7d20_2687,11749.459
000d7d20_2688,11749.48
000d7d20_2689,11749.542
000d7d20_2690,11749.531
000d7d20_2691,11749.49
000d7d20_2692,11749.434
000d7d20_2693,11749.478
000d7d20_2694,11749.422
000d7d20_2695,11749.495
000d7d20_2696,11749.5
000d7d20_2697,11749.47
000d7d20_2698,11749.537
000d7d20_2699,11749.554
000d7d20_2700,11749.929
000d7d20_2701,11749.81
000d7d20_2702,11749.743
000d7d20_2703,11749.845
000d7d20_2704,11749.754
000d7d20_2705,11749.787
000d7d20_2706,11749.741
000d7d20_2707,11749.742
000d7d20_2708,11749.77
000d7d20_2709,11749.776
000d7d20_2710,11749.764
000d7d20_2711,11749.728
000d7d20_2712,11749.757
000d7d20_2713,11749.653
000d7d20_2714,11749.731
000d7d20_2715,11749.766
000d7d20_2716,11749.811
000d7d20_2717,11749.845
000d7d20_2718,11749.826
000d7d20_2719,11749.851
000d7d20_2720,11749.807
000d7d20_2721,11749.832
000d7d20_2722,11749.804
000d7d20_2723,11749.871
000d7d20_2724,11749.865
000d7d20_2725,11749.839
000d7d20_2726,11749.943
000d7d20_2727,11749.937
000d7d20_2728,11749.939
000d7d20_2729,11749.896
000d7d20_2730,11750.186
000d7d20_2731,11750.29
000d7d20_2732,11750.285
000d7d20_2733,11750.285
000d7d20_2734,11750.372
000d7d20_2735,11750.336
000d7d20_2736,11750.379
000d7d20_2737,11750.521
000d7d20_2738,11750.464
000d7d20_2739,11750.457
000d7d20_2740,11750.427
000d7d20_2741,11750.479
000d7d20_2742,11750.473
000d7d20_2743,11750.601
000d7d20_2744,11750.666
000d7d20_2745,11750.699
000d7d20_2746,11750.821
000d7d20_2747,11750.787
000d7d20_2748,11750.745
000d7d20_2749,11750.802
000d7d20_2750,11750.793
000d7d20_2751,11750.793
000d7d20_2752,11750.767
000d7d20_2753,11750.804
000d7d20_2754,11750.77
000d7d20_2755,11750.7705
000d7d20_2756,11750.743
000d7d20_2757,11750.767
000d7d20_2758,11750.744
000d7d20_2759,11750.788
000d7d20_2760,11750.779
000d7d20_2761,11750.975
000d7d20_2762,11750.805
000d7d20_2763,11750.846
000d7d20_2764,11750.927
000d7d20_2765,11750.958
000d7d20_2766,11750.905
000d7d20_2767,11750.908
000d7d20_2768,11750.936
000d7d20_2769,11751.02
000d7d20_2770,11750.926
000d7d20_2771,11750.709
000d7d20_2772,11750.984
000d7d20_2773,11750.806
000d7d20_2774,11750.796
000d7d20_2775,11750.822
000d7d20_2776,11750.74
000d7d20_2777,11750.684
000d7d20_2778,11750.6875
000d7d20_2779,11750.717
000d7d20_2780,11750.679
000d7d20_2781,11750.735
000d7d20_2782,11750.784
000d7d20_2783,11750.706
000d7d20_2784,11750.833
000d7d20_2785,11750.882
000d7d20_2786,11750.814
000d7d20_2787,11750.878
000d7d20_2788,11750.894
000d7d20_2789,11750.783
000d7d20_2790,11750.867
000d7d20_2791,11750.626
000d7d20_2792,11750.6875
000d7d20_2793,11750.613
000d7d20_2794,11750.61
000d7d20_2795,11750.664
000d7d20_2796,11750.622
000d7d20_2797,11750.636
000d7d20_2798,11750.623
000d7d20_2799,11750.686
000d7d20_2800,11750.633
000d7d20_2801,11750.615
000d7d20_2802,11750.578
000d7d20_2803,11750.614
000d7d20_2804,11750.581
000d7d20_2805,11750.687
000d7d20_2806,11750.652
000d7d20_2807,11750.626
000d7d20_2808,11750.568
000d7d20_2809,11750.355
000d7d20_2810,11750.415
000d7d20_2811,11750.246
000d7d20_2812,11750.205
000d7d20_2813,11750.19
000d7d20_2814,11750.08
000d7d20_2815,11750.164
000d7d20_2816,11750.181
000d7d20_2817,11750.246
000d7d20_2818,11750.253
000d7d20_2819,11750.229
000d7d20_2820,11750.213
000d7d20_2821,11750.158
000d7d20_2822,11750.164
000d7d20_2823,11750.247
000d7d20_2824,11750.188
000d7d20_2825,11750.177
000d7d20_2826,11750.166
000d7d20_2827,11750.2295
000d7d20_2828,11750.161
000d7d20_2829,11750.165
000d7d20_2830,11750.104
000d7d20_2831,11750.172
000d7d20_2832,11750.194
000d7d20_2833,11750.094
000d7d20_2834,11750.132
000d7d20_2835,11750.136
000d7d20_2836,11750.05
000d7d20_2837,11750.008
000d7d20_2838,11750.068
000d7d20_2839,11750.064
000d7d20_2840,11750.058
000d7d20_2841,11750.008
000d7d20_2842,11750.061
000d7d20_2843,11750.055
000d7d20_2844,11750.084
000d7d20_2845,11749.975
000d7d20_2846,11750.008
000d7d20_2847,11749.99
000d7d20_2848,11749.945
000d7d20_2849,11749.981
000d7d20_2850,11750.008
000d7d20_2851,11749.998
000d7d20_2852,11750.017
000d7d20_2853,11749.997
000d7d20_2854,11750.034
000d7d20_2855,11749.947
000d7d20_2856,11749.95
000d7d20_2857,11749.978
000d7d20_2858,11749.951
000d7d20_2859,11749.952
000d7d20_2860,11749.829
000d7d20_2861,11750.094
000d7d20_2862,11750.172
000d7d20_2863,11750.19
000d7d20_2864,11750.145
000d7d20_2865,11750.141
000d7d20_2866,11750.084
000d7d20_2867,11750.065
000d7d20_2868,11750.123
000d7d20_2869,11750.1875
000d7d20_2870,11750.131
000d7d20_2871,11750.115
000d7d20_2872,11750.149
000d7d20_2873,11750.152
000d7d20_2874,11750.118
000d7d20_2875,11750.135
000d7d20_2876,11750.148
000d7d20_2877,11750.083
000d7d20_2878,11750.069
000d7d20_2879,11750.06
000d7d20_2880,11750.096
000d7d20_2881,11750.08
000d7d20_2882,11750.014
000d7d20_2883,11750.046
000d7d20_2884,11750.079
000d7d20_2885,11750.123
000d7d20_2886,11749.999
000d7d20_2887,11750.017
000d7d20_2888,11749.994
000d7d20_2889,11749.965
000d7d20_2890,11749.9795
000d7d20_2891,11749.998
000d7d20_2892,11749.947
000d7d20_2893,11750.004
000d7d20_2894,11749.961
000d7d20_2895,11749.99
000d7d20_2896,11749.976
000d7d20_2897,11749.961
000d7d20_2898,11750.033
000d7d20_2899,11749.959
000d7d20_2900,11749.945
000d7d20_2901,11749.915
000d7d20_2902,11749.92
000d7d20_2903,11749.899
000d7d20_2904,11749.897
000d7d20_2905,11749.898
000d7d20_2906,11749.948
000d7d20_2907,11749.928
000d7d20_2908,11749.842
000d7d20_2909,11749.881
000d7d20_2910,11749.865
000d7d20_2911,11749.84
000d7d20_2912,11749.874
000d7d20_2913,11749.85
000d7d20_2914,11749.837
000d7d20_2915,11749.785
000d7d20_2916,11749.762
000d7d20_2917,11749.745
000d7d20_2918,11749.805
000d7d20_2919,11749.787
000d7d20_2920,11749.768
000d7d20_2921,11749.642
000d7d20_2922,11749.73
000d7d20_2923,11749.689
000d7d20_2924,11749.677
000d7d20_2925,11749.734
000d7d20_2926,11749.757
000d7d20_2927,11749.67
000d7d20_2928,11749.693
000d7d20_2929,11749.685
000d7d20_2930,11749.709
000d7d20_2931,11749.669
000d7d20_2932,11749.63
000d7d20_2933,11749.555
000d7d20_2934,11749.422
000d7d20_2935,11749.361
000d7d20_2936,11749.33
000d7d20_2937,11749.253
000d7d20_2938,11749.209
000d7d20_2939,11749.278
000d7d20_2940,11749.399
000d7d20_2941,11749.436
000d7d20_2942,11749.281
000d7d20_2943,11749.279
000d7d20_2944,11749.17
000d7d20_2945,11749.152
000d7d20_2946,11749.152
000d7d20_2947,11749.175
000d7d20_2948,11749.25
000d7d20_2949,11749.222
000d7d20_2950,11749.188
000d7d20_2951,11749.137
000d7d20_2952,11749.156
000d7d20_2953,11749.164
000d7d20_2954,11749.107
000d7d20_2955,11749.194
000d7d20_2956,11749.257
000d7d20_2957,11749.143
000d7d20_2958,11749.177
000d7d20_2959,11749.166
000d7d20_2960,11749.182
000d7d20_2961,11749.121
000d7d20_2962,11749.177
000d7d20_2963,11749.193
000d7d20_2964,11749.147
000d7d20_2965,11749.308
000d7d20_2966,11749.177
000d7d20_2967,11749.244
000d7d20_2968,11749.291
000d7d20_2969,11749.218
000d7d20_2970,11749.215
000d7d20_2971,11749.193
000d7d20_2972,11749.134
000d7d20_2973,11749.186
000d7d20_2974,11749.22
000d7d20_2975,11749.182
000d7d20_2976,11749.269
000d7d20_2977,11749.15
000d7d20_2978,11749.179
000d7d20_2979,11749.169
000d7d20_2980,11749.151
000d7d20_2981,11749.108
000d7d20_2982,11749.114
000d7d20_2983,11749.08
000d7d20_2984,11749.047
000d7d20_2985,11749.078
000d7d20_2986,11748.98
000d7d20_2987,11748.971
000d7d20_2988,11748.938
000d7d20_2989,11748.959
000d7d20_2990,11748.935
000d7d20_2991,11748.966
000d7d20_2992,11748.8955
000d7d20_2993,11748.863
000d7d20_2994,11748.881
000d7d20_2995,11748.802
000d7d20_2996,11748.702
000d7d20_2997,11748.622
000d7d20_2998,11748.619
000d7d20_2999,11748.646
000d7d20_3000,11748.678
000d7d20_3001,11748.672
000d7d20_3002,11748.652
000d7d20_3003,11748.654
000d7d20_3004,11748.657
000d7d20_3005,11748.659
000d7d20_3006,11748.68
000d7d20_3007,11748.686
000d7d20_3008,11748.644
000d7d20_3009,11748.674
000d7d20_3010,11748.647
000d7d20_3011,11748.642
000d7d20_3012,11748.601
000d7d20_3013,11748.636
000d7d20_3014,11748.612
000d7d20_3015,11748.786
000d7d20_3016,11748.83
000d7d20_3017,11748.829
000d7d20_3018,11748.754
000d7d20_3019,11748.759
000d7d20_3020,11748.766
000d7d20_3021,11748.79
000d7d20_3022,11748.7705
000d7d20_3023,11748.776
000d7d20_3024,11749.27
000d7d20_3025,11749.228
000d7d20_3026,11749.286
000d7d20_3027,11749.2295
000d7d20_3028,11749.213
000d7d20_3029,11749.18
000d7d20_3030,11749.133
000d7d20_3031,11749.245
000d7d20_3032,11749.192
000d7d20_3033,11749.17
000d7d20_3034,11749.077
000d7d20_3035,11749.073
000d7d20_3036,11749.098
000d7d20_3037,11749.114
000d7d20_3038,11749.14
000d7d20_3039,11749.128
000d7d20_3040,11749.137
000d7d20_3041,11749.118
000d7d20_3042,11749.124
000d7d20_3043,11749.1045
000d7d20_3044,11749.061
000d7d20_3045,11749.047
000d7d20_3046,11749.043
000d7d20_3047,11748.704
000d7d20_3048,11748.741
000d7d20_3049,11748.764
000d7d20_3050,11748.888
000d7d20_3051,11748.778
000d7d20_3052,11748.7295
000d7d20_3053,11748.805
000d7d20_3054,11748.799
000d7d20_3055,11748.7705
000d7d20_3056,11748.813
000d7d20_3057,11748.818
000d7d20_3058,11748.764
000d7d20_3059,11748.766
000d7d20_3060,11748.807
000d7d20_3061,11748.66
000d7d20_3062,11748.702
000d7d20_3063,11748.648
000d7d20_3064,11748.75
000d7d20_3065,11748.808
000d7d20_3066,11748.826
000d7d20_3067,11748.861
000d7d20_3068,11748.849
000d7d20_3069,11748.945
000d7d20_3070,11748.995
000d7d20_3071,11748.926
000d7d20_3072,11748.913
000d7d20_3073,11748.891
000d7d20_3074,11748.851
000d7d20_3075,11748.854
000d7d20_3076,11748.79
000d7d20_3077,11748.757
000d7d20_3078,11748.736
000d7d20_3079,11748.805
000d7d20_3080,11748.754
000d7d20_3081,11748.767
000d7d20_3082,11748.838
000d7d20_3083,11748.835
000d7d20_3084,11748.85
000d7d20_3085,11748.685
000d7d20_3086,11748.745
000d7d20_3087,11748.972
000d7d20_3088,11748.97
000d7d20_3089,11748.862
000d7d20_3090,11748.966
000d7d20_3091,11748.924
000d7d20_3092,11748.934
000d7d20_3093,11748.938
000d7d20_3094,11748.954
000d7d20_3095,11748.906
000d7d20_3096,11748.813
000d7d20_3097,11748.827
000d7d20_3098,11748.75
000d7d20_3099,11748.742
000d7d20_3100,11748.843
000d7d20_3101,11748.774
000d7d20_3102,11748.835
000d7d20_3103,11748.694
000d7d20_3104,11748.643
000d7d20_3105,11749.521
000d7d20_3106,11749.48
000d7d20_3107,11749.833
000d7d20_3108,11749.799
000d7d20_3109,11749.893
000d7d20_3110,11749.926
000d7d20_3111,11749.863
000d7d20_3112,11749.749
000d7d20_3113,11749.646
000d7d20_3114,11749.687
000d7d20_3115,11749.68
000d7d20_3116,11749.665
000d7d20_3117,11749.636
000d7d20_3118,11749.633
000d7d20_3119,11749.63
000d7d20_3120,11749.624
000d7d20_3121,11749.567
000d7d20_3122,11749.608
000d7d20_3123,11749.652
000d7d20_3124,11749.63
000d7d20_3125,11749.635
000d7d20_3126,11749.598
000d7d20_3127,11749.605
000d7d20_3128,11749.659
000d7d20_3129,11749.657
000d7d20_3130,11749.573
000d7d20_3131,11749.588
000d7d20_3132,11749.597
000d7d20_3133,11749.573
000d7d20_3134,11749.507
000d7d20_3135,11749.509
000d7d20_3136,11749.479
000d7d20_3137,11749.527
000d7d20_3138,11749.503
000d7d20_3139,11749.404
000d7d20_3140,11749.421
000d7d20_3141,11749.306
000d7d20_3142,11749.296
000d7d20_3143,11749.262
000d7d20_3144,11749.267
000d7d20_3145,11749.21
000d7d20_3146,11749.159
000d7d20_3147,11749.096
000d7d20_3148,11749.0625
000d7d20_3149,11749.068
000d7d20_3150,11749.089
000d7d20_3151,11749.026
000d7d20_3152,11749.143
000d7d20_3153,11749.072
000d7d20_3154,11749.154
000d7d20_3155,11749.0625
000d7d20_3156,11749.111
000d7d20_3157,11749.048
000d7d20_3158,11749.058
000d7d20_3159,11749.08
000d7d20_3160,11749.055
000d7d20_3161,11749.025
000d7d20_3162,11749.011
000d7d20_3163,11749.074
000d7d20_3164,11748.986
000d7d20_3165,11748.982
000d7d20_3166,11748.989
000d7d20_3167,11748.986
000d7d20_3168,11748.9795
000d7d20_3169,11748.941
000d7d20_3170,11748.938
000d7d20_3171,11748.962
000d7d20_3172,11748.905
000d7d20_3173,11748.954
000d7d20_3174,11748.926
000d7d20_3175,11748.953
000d7d20_3176,11748.912
000d7d20_3177,11748.897
000d7d20_3178,11748.962
000d7d20_3179,11748.944
000d7d20_3180,11748.83
000d7d20_3181,11748.845
000d7d20_3182,11748.744
000d7d20_3183,11748.61
000d7d20_3184,11748.478
000d7d20_3185,11748.563
000d7d20_3186,11749.496
000d7d20_3187,11749.464
000d7d20_3188,11749.394
000d7d20_3189,11749.308
000d7d20_3190,11749.346
000d7d20_3191,11749.279
000d7d20_3192,11749.326
000d7d20_3193,11749.335
000d7d20_3194,11749.348
000d7d20_3195,11749.316
000d7d20_3196,11749.294
000d7d20_3197,11749.344
000d7d20_3198,11749.303
000d7d20_3199,11749.311
000d7d20_3200,11748.853
000d7d20_3201,11748.812
000d7d20_3202,11748.838
000d7d20_3203,11748.817
000d7d20_3204,11748.812
000d7d20_3205,11748.763
000d7d20_3206,11748.788
000d7d20_3207,11748.737
000d7d20_3208,11748.654
000d7d20_3209,11748.639
000d7d20_3210,11748.594
000d7d20_3211,11748.651
000d7d20_3212,11748.625
000d7d20_3213,11748.714
000d7d20_3214,11748.693
000d7d20_3215,11748.635
000d7d20_3216,11748.674
000d7d20_3217,11748.672
000d7d20_3218,11748.657
000d7d20_3219,11748.633
000d7d20_3220,11748.516
000d7d20_3221,11748.503
000d7d20_3222,11748.507
000d7d20_3223,11748.508
000d7d20_3224,11748.462
000d7d20_3225,11748.468
000d7d20_3226,11748.507
000d7d20_3227,11748.535
000d7d20_3228,11748.699
000d7d20_3229,11748.541
000d7d20_3230,11748.377
000d7d20_3231,11748.31
000d7d20_3232,11748.402
000d7d20_3233,11748.348
000d7d20_3234,11748.314
000d7d20_3235,11748.273
000d7d20_3236,11748.302
000d7d20_3237,11748.266
000d7d20_3238,11748.194
000d7d20_3239,11748.138
000d7d20_3240,11748.0625
000d7d20_3241,11748.153
000d7d20_3242,11748.229
000d7d20_3243,11748.212
000d7d20_3244,11748.232
000d7d20_3245,11748.182
000d7d20_3246,11748.233
000d7d20_3247,11748.23
000d7d20_3248,11748.166
000d7d20_3249,11748.222
000d7d20_3250,11748.077
000d7d20_3251,11748.135
000d7d20_3252,11748.105
000d7d20_3253,11748.047
000d7d20_3254,11748.208
000d7d20_3255,11748.251
000d7d20_3256,11748.21
000d7d20_3257,11748.226
000d7d20_3258,11748.255
000d7d20_3259,11748.203
000d7d20_3260,11748.117
000d7d20_3261,11748.153
000d7d20_3262,11748.132
000d7d20_3263,11748.135
000d7d20_3264,11748.808
000d7d20_3265,11748.804
000d7d20_3266,11748.742
000d7d20_3267,11748.806
000d7d20_3268,11748.842
000d7d20_3269,11748.766
000d7d20_3270,11748.892
000d7d20_3271,11748.836
000d7d20_3272,11748.849
000d7d20_3273,11748.839
000d7d20_3274,11748.836
000d7d20_3275,11748.79
000d7d20_3276,11748.852
000d7d20_3277,11748.856
000d7d20_3278,11748.869
000d7d20_3279,11748.883
000d7d20_3280,11748.816
000d7d20_3281,11748.821
000d7d20_3282,11748.754
000d7d20_3283,11748.816
000d7d20_3284,11748.802
000d7d20_3285,11748.749
000d7d20_3286,11748.853
000d7d20_3287,11748.846
000d7d20_3288,11748.567
000d7d20_3289,11748.526
000d7d20_3290,11748.597
000d7d20_3291,11748.564
000d7d20_3292,11748.589
000d7d20_3293,11748.557
000d7d20_3294,11748.474
000d7d20_3295,11748.497
000d7d20_3296,11748.552
000d7d20_3297,11748.589
000d7d20_3298,11748.648
000d7d20_3299,11748.716
000d7d20_3300,11748.65
000d7d20_3301,11748.677
000d7d20_3302,11748.676
000d7d20_3303,11748.6455
000d7d20_3304,11748.682
000d7d20_3305,11748.644
000d7d20_3306,11748.678
000d7d20_3307,11748.695
000d7d20_3308,11748.725
000d7d20_3309,11748.703
000d7d20_3310,11748.642
000d7d20_3311,11748.743
000d7d20_3312,11748.76
000d7d20_3313,11748.993
000d7d20_3314,11749.04
000d7d20_3315,11748.993
000d7d20_3316,11748.983
000d7d20_3317,11749.037
000d7d20_3318,11749.012
000d7d20_3319,11749.091
000d7d20_3320,11749.1875
000d7d20_3321,11749.264
000d7d20_3322,11749.191
000d7d20_3323,11749.234
000d7d20_3324,11749.262
000d7d20_3325,11749.262
000d7d20_3326,11749.261
000d7d20_3327,11749.288
000d7d20_3328,11749.257
000d7d20_3329,11749.235
000d7d20_3330,11749.221
000d7d20_3331,11749.141
000d7d20_3332,11749.194
000d7d20_3333,11749.17
000d7d20_3334,11749.088
000d7d20_3335,11749.127
000d7d20_3336,11749.124
000d7d20_3337,11749.078
000d7d20_3338,11749.085
000d7d20_3339,11749.101
000d7d20_3340,11749.113
000d7d20_3341,11749.171
000d7d20_3342,11749.149
000d7d20_3343,11749.145
000d7d20_3344,11749.113
000d7d20_3345,11749.197
000d7d20_3346,11749.136
000d7d20_3347,11749.13
000d7d20_3348,11749.92
000d7d20_3349,11749.978
000d7d20_3350,11749.901
000d7d20_3351,11749.925
000d7d20_3352,11749.951
000d7d20_3353,11749.917
000d7d20_3354,11749.963
000d7d20_3355,11749.8955
000d7d20_3356,11749.838
000d7d20_3357,11749.83
000d7d20_3358,11749.915
000d7d20_3359,11749.792
000d7d20_3360,11749.816
000d7d20_3361,11749.829
000d7d20_3362,11749.837
000d7d20_3363,11749.768
000d7d20_3364,11749.766
000d7d20_3365,11749.71
000d7d20_3366,11749.6455
000d7d20_3367,11749.659
000d7d20_3368,11749.8
000d7d20_3369,11749.798
000d7d20_3370,11749.819
000d7d20_3371,11749.657
000d7d20_3372,11749.622
000d7d20_3373,11749.524
000d7d20_3374,11749.531
000d7d20_3375,11749.619
000d7d20_3376,11749.578
000d7d20_3377,11749.577
000d7d20_3378,11749.565
000d7d20_3379,11749.562
000d7d20_3380,11749.556
000d7d20_3381,11749.596
000d7d20_3382,11749.545
000d7d20_3383,11749.53
000d7d20_3384,11749.555
000d7d20_3385,11749.441
000d7d20_3386,11749.423
000d7d20_3387,11749.39
000d7d20_3388,11749.289
000d7d20_3389,11749.372
000d7d20_3390,11749.349
000d7d20_3391,11749.378
000d7d20_3392,11749.464
000d7d20_3393,11749.454
000d7d20_3394,11749.409
000d7d20_3395,11749.313
000d7d20_3396,11749.338
000d7d20_3397,11749.194
000d7d20_3398,11749.197
000d7d20_3399,11749.22
000d7d20_3400,11749.157
000d7d20_3401,11749.266
000d7d20_3402,11749.206
000d7d20_3403,11749.2705
000d7d20_3404,11749.266
000d7d20_3405,11749.265
000d7d20_3406,11749.233
000d7d20_3407,11749.2295
000d7d20_3408,11749.203
000d7d20_3409,11749.257
000d7d20_3410,11749.259
000d7d20_3411,11749.229
000d7d20_3412,11749.245
000d7d20_3413,11749.147
000d7d20_3414,11749.245
000d7d20_3415,11749.249
000d7d20_3416,11749.243
000d7d20_3417,11749.25
000d7d20_3418,11749.243
000d7d20_3419,11749.234
000d7d20_3420,11749.264
000d7d20_3421,11749.266
000d7d20_3422,11749.329
000d7d20_3423,11749.33
000d7d20_3424,11749.285
000d7d20_3425,11749.287
000d7d20_3426,11749.322
000d7d20_3427,11749.304
000d7d20_3428,11749.232
000d7d20_3429,11749.285
000d7d20_3430,11749.262
000d7d20_3431,11749.215
000d7d20_3432,11749.27
000d7d20_3433,11749.492
000d7d20_3434,11749.483
000d7d20_3435,11749.489
000d7d20_3436,11749.47
000d7d20_3437,11749.516
000d7d20_3438,11749.421
000d7d20_3439,11749.501
000d7d20_3440,11749.465
000d7d20_3441,11749.421
000d7d20_3442,11749.489
000d7d20_3443,11749.497
000d7d20_3444,11749.521
000d7d20_3445,11749.553
000d7d20_3446,11749.557
000d7d20_3447,11749.544
000d7d20_3448,11749.575
000d7d20_3449,11749.595
000d7d20_3450,11749.501
000d7d20_3451,11749.548
000d7d20_3452,11749.515
000d7d20_3453,11749.439
000d7d20_3454,11749.454
000d7d20_3455,11749.518
000d7d20_3456,11749.441
000d7d20_3457,11749.463
000d7d20_3458,11749.586
000d7d20_3459,11749.511
000d7d20_3460,11749.503
000d7d20_3461,11749.519
000d7d20_3462,11749.402
000d7d20_3463,11749.466
000d7d20_3464,11749.454
000d7d20_3465,11749.509
000d7d20_3466,11749.539
000d7d20_3467,11749.568
000d7d20_3468,11749.574
000d7d20_3469,11749.589
000d7d20_3470,11749.592
000d7d20_3471,11749.673
000d7d20_3472,11749.602
000d7d20_3473,11749.593
000d7d20_3474,11749.535
000d7d20_3475,11749.508
000d7d20_3476,11749.511
000d7d20_3477,11749.529
000d7d20_3478,11749.473
000d7d20_3479,11749.56
000d7d20_3480,11749.558
000d7d20_3481,11749.491
000d7d20_3482,11749.581
000d7d20_3483,11749.369
000d7d20_3484,11749.347
000d7d20_3485,11749.366
000d7d20_3486,11749.35
000d7d20_3487,11749.393
000d7d20_3488,11749.39
000d7d20_3489,11749.421
000d7d20_3490,11749.387
000d7d20_3491,11749.365
000d7d20_3492,11749.205
000d7d20_3493,11749.237
000d7d20_3494,11749.279
000d7d20_3495,11749.17
000d7d20_3496,11749.226
000d7d20_3497,11749.208
000d7d20_3498,11749.222
000d7d20_3499,11749.282
000d7d20_3500,11749.238
000d7d20_3501,11749.125
000d7d20_3502,11749.141
000d7d20_3503,11749.128
000d7d20_3504,11749.023
000d7d20_3505,11748.95
000d7d20_3506,11749.061
000d7d20_3507,11749.007
000d7d20_3508,11748.96
000d7d20_3509,11748.959
000d7d20_3510,11748.954
000d7d20_3511,11748.975
000d7d20_3512,11749.026
000d7d20_3513,11749.044
000d7d20_3514,11749.051
000d7d20_3515,11749.047
000d7d20_3516,11749.062
000d7d20_3517,11749.108
000d7d20_3518,11749.419
000d7d20_3519,11749.367
000d7d20_3520,11749.419
000d7d20_3521,11749.382
000d7d20_3522,11749.371
000d7d20_3523,11749.356
000d7d20_3524,11749.32
000d7d20_3525,11749.429
000d7d20_3526,11749.506
000d7d20_3527,11749.448
000d7d20_3528,11749.451
000d7d20_3529,11749.452
000d7d20_3530,11749.463
000d7d20_3531,11749.41
000d7d20_3532,11749.45
000d7d20_3533,11749.43
000d7d20_3534,11749.464
000d7d20_3535,11749.42
000d7d20_3536,11749.278
000d7d20_3537,11749.261
000d7d20_3538,11749.269
000d7d20_3539,11749.194
000d7d20_3540,11749.164
000d7d20_3541,11749.138
000d7d20_3542,11749.215
000d7d20_3543,11749.167
000d7d20_3544,11749.184
000d7d20_3545,11749.182
000d7d20_3546,11749.252
000d7d20_3547,11749.138
000d7d20_3548,11749.182
000d7d20_3549,11749.142
000d7d20_3550,11749.165
000d7d20_3551,11749.196
000d7d20_3552,11749.191
000d7d20_3553,11749.233
000d7d20_3554,11749.155
000d7d20_3555,11749.151
000d7d20_3556,11749.176
000d7d20_3557,11749.144
000d7d20_3558,11749.113
000d7d20_3559,11749.137
000d7d20_3560,11749.123
000d7d20_3561,11749.189
000d7d20_3562,11749.13
000d7d20_3563,11749.107
000d7d20_3564,11749.148
000d7d20_3565,11749.1
000d7d20_3566,11749.169
000d7d20_3567,11749.008
000d7d20_3568,11749.085
000d7d20_3569,11749.173
000d7d20_3570,11749.146
000d7d20_3571,11749.078
000d7d20_3572,11749.09
000d7d20_3573,11749.038
000d7d20_3574,11749.056
000d7d20_3575,11749.026
000d7d20_3576,11748.996
000d7d20_3577,11748.963
000d7d20_3578,11748.93
000d7d20_3579,11748.88
000d7d20_3580,11748.821
000d7d20_3581,11748.806
000d7d20_3582,11748.815
000d7d20_3583,11748.763
000d7d20_3584,11748.847
000d7d20_3585,11748.779
000d7d20_3586,11748.7295
000d7d20_3587,11748.72
000d7d20_3588,11748.714
000d7d20_3589,11748.663
000d7d20_3590,11748.706
000d7d20_3591,11748.69
000d7d20_3592,11748.628
000d7d20_3593,11748.579
000d7d20_3594,11748.508
000d7d20_3595,11748.488
000d7d20_3596,11748.441
000d7d20_3597,11748.39
000d7d20_3598,11748.312
000d7d20_3599,11748.219
000d7d20_3600,11748.426
000d7d20_3601,11748.253
000d7d20_3602,11748.26
000d7d20_3603,11748.256
000d7d20_3604,11748.05
000d7d20_3605,11748.004
000d7d20_3606,11748.226
000d7d20_3607,11748.722
000d7d20_3608,11748.639
000d7d20_3609,11748.729
000d7d20_3610,11748.699
000d7d20_3611,11748.581
000d7d20_3612,11748.676
000d7d20_3613,11748.565
000d7d20_3614,11748.296
000d7d20_3615,11748.367
000d7d20_3616,11748.277
000d7d20_3617,11748.347
000d7d20_3618,11748.316
000d7d20_3619,11748.433
000d7d20_3620,11748.247
000d7d20_3621,11748.315
000d7d20_3622,11748.302
000d7d20_3623,11748.169
000d7d20_3624,11748.365
000d7d20_3625,11748.218
000d7d20_3626,11748.279
000d7d20_3627,11748.088
000d7d20_3628,11748.178
000d7d20_3629,11748.133
000d7d20_3630,11748.014
000d7d20_3631,11748.145
000d7d20_3632,11747.998
000d7d20_3633,11748.129
000d7d20_3634,11748.021
000d7d20_3635,11748.169
000d7d20_3636,11748.137
000d7d20_3637,11748.004
000d7d20_3638,11748.061
000d7d20_3639,11748.0
000d7d20_3640,11748.082
000d7d20_3641,11748.032
000d7d20_3642,11747.948
000d7d20_3643,11748.037
000d7d20_3644,11747.983
000d7d20_3645,11747.884
000d7d20_3646,11747.977
000d7d20_3647,11748.001
000d7d20_3648,11747.97
000d7d20_3649,11747.904
000d7d20_3650,11747.986
000d7d20_3651,11747.963
000d7d20_3652,11747.955
000d7d20_3653,11748.022
000d7d20_3654,11748.017
000d7d20_3655,11747.998
000d7d20_3656,11747.957
000d7d20_3657,11747.924
000d7d20_3658,11747.968
000d7d20_3659,11747.893
000d7d20_3660,11747.9
000d7d20_3661,11747.954
000d7d20_3662,11747.786
000d7d20_3663,11747.855
000d7d20_3664,11747.871
000d7d20_3665,11747.979
000d7d20_3666,11747.899
000d7d20_3667,11747.919
000d7d20_3668,11747.755
000d7d20_3669,11747.771
000d7d20_3670,11747.571
000d7d20_3671,11747.483
000d7d20_3672,11747.5205
000d7d20_3673,11747.474
000d7d20_3674,11747.483
000d7d20_3675,11747.405
000d7d20_3676,11747.462
000d7d20_3677,11747.505
000d7d20_3678,11747.533
000d7d20_3679,11747.492
000d7d20_3680,11747.497
000d7d20_3681,11747.456
000d7d20_3682,11747.488
000d7d20_3683,11747.4795
000d7d20_3684,11747.457
000d7d20_3685,11747.547
000d7d20_3686,11747.585
000d7d20_3687,11747.585
000d7d20_3688,11747.581
000d7d20_3689,11747.606
000d7d20_3690,11747.521
000d7d20_3691,11747.836
000d7d20_3692,11747.86
000d7d20_3693,11747.813
000d7d20_3694,11747.73
000d7d20_3695,11747.793
000d7d20_3696,11747.832
000d7d20_3697,11747.788
000d7d20_3698,11747.727
000d7d20_3699,11747.781
000d7d20_3700,11747.642
000d7d20_3701,11747.576
000d7d20_3702,11747.607
000d7d20_3703,11747.557
000d7d20_3704,11747.561
000d7d20_3705,11747.555
000d7d20_3706,11747.524
000d7d20_3707,11747.566
000d7d20_3708,11747.508
000d7d20_3709,11747.515
000d7d20_3710,11747.52
000d7d20_3711,11747.546
000d7d20_3712,11747.521
000d7d20_3713,11747.514
000d7d20_3714,11747.529
000d7d20_3715,11747.549
000d7d20_3716,11747.548
000d7d20_3717,11747.555
000d7d20_3718,11747.524
000d7d20_3719,11747.557
000d7d20_3720,11747.8545
000d7d20_3721,11748.028
000d7d20_3722,11748.026
000d7d20_3723,11748.014
000d7d20_3724,11748.006
000d7d20_3725,11748.045
000d7d20_3726,11748.028
000d7d20_3727,11748.278
000d7d20_3728,11748.976
000d7d20_3729,11748.959
000d7d20_3730,11748.94
000d7d20_3731,11748.337
000d7d20_3732,11748.288
000d7d20_3733,11747.995
000d7d20_3734,11747.955
000d7d20_3735,11747.968
000d7d20_3736,11747.862
000d7d20_3737,11747.843
000d7d20_3738,11747.796
000d7d20_3739,11747.648
000d7d20_3740,11747.636
000d7d20_3741,11747.765
000d7d20_3742,11747.571
000d7d20_3743,11747.606
000d7d20_3744,11747.58
000d7d20_3745,11747.611
000d7d20_3746,11747.63
000d7d20_3747,11747.466
000d7d20_3748,11747.189
000d7d20_3749,11747.09
000d7d20_3750,11746.762
000d7d20_3751,11746.752
000d7d20_3752,11745.97
000d7d20_3753,11745.967
000d7d20_3754,11745.974
000d7d20_3755,11745.387
000d7d20_3756,11745.123
000d7d20_3757,11745.03
000d7d20_3758,11745.035
000d7d20_3759,11744.993
000d7d20_3760,11744.933
000d7d20_3761,11744.868
000d7d20_3762,11744.656
000d7d20_3763,11744.64
000d7d20_3764,11744.319
000d7d20_3765,11744.361
000d7d20_3766,11744.37
000d7d20_3767,11744.234
000d7d20_3768,11744.197
000d7d20_3769,11744.239
000d7d20_3770,11744.224
000d7d20_3771,11744.232
000d7d20_3772,11744.269
000d7d20_3773,11744.287
000d7d20_3774,11744.268
000d7d20_3775,11744.3125
000d7d20_3776,11744.563
000d7d20_3777,11744.543
000d7d20_3778,11744.492
000d7d20_3779,11744.597
000d7d20_3780,11744.572
000d7d20_3781,11744.7295
000d7d20_3782,11744.661
000d7d20_3783,11744.629
000d7d20_3784,11744.608
000d7d20_3785,11744.479
000d7d20_3786,11744.522
000d7d20_3787,11744.51
000d7d20_3788,11744.473
000d7d20_3789,11744.447
000d7d20_3790,11744.346
000d7d20_3791,11744.216
000d7d20_3792,11744.118
000d7d20_3793,11744.173
000d7d20_3794,11744.068
000d7d20_3795,11743.852
000d7d20_3796,11743.752
000d7d20_3797,11743.571
000d7d20_3798,11743.585
000d7d20_3799,11743.51
000d7d20_3800,11743.575
000d7d20_3801,11743.811
000d7d20_3802,11743.66
000d7d20_3803,11743.885
000d7d20_3804,11743.754
000d7d20_3805,11743.722
000d7d20_3806,11743.691
000d7d20_3807,11743.652
000d7d20_3808,11743.559
000d7d20_3809,11743.5
000d7d20_3810,11743.491
000d7d20_3811,11743.48
000d7d20_3812,11743.11
000d7d20_3813,11743.307
000d7d20_3814,11743.378
000d7d20_3815,11743.406
000d7d20_3816,11743.418
000d7d20_3817,11743.516
000d7d20_3818,11743.511
000d7d20_3819,11743.412
000d7d20_3820,11743.448
000d7d20_3821,11743.333
000d7d20_3822,11743.28
000d7d20_3823,11743.049
000d7d20_3824,11742.83
000d7d20_3825,11742.781
000d7d20_3826,11742.683
000d7d20_3827,11742.657
000d7d20_3828,11742.645
000d7d20_3829,11742.698
000d7d20_3830,11742.776
000d7d20_3831,11742.733
000d7d20_3832,11742.837
000d7d20_3833,11742.7705
000d7d20_3834,11742.766
000d7d20_3835,11742.762
000d7d20_3836,11742.799
000d7d20_3837,11742.488
000d7d20_3838,11742.6875
000d7d20_3839,11742.833
000d7d20_3840,11742.797
000d7d20_3841,11742.694
000d7d20_3842,11742.651
000d7d20_3843,11742.657
000d7d20_3844,11742.655
000d7d20_3845,11742.671
000d7d20_3846,11742.631
000d7d20_3847,11742.46
000d7d20_3848,11742.341
000d7d20_3849,11742.377
000d7d20_3850,11742.424
000d7d20_3851,11742.361
000d7d20_3852,11742.359
000d7d20_3853,11742.315
000d7d20_3854,11742.223
000d7d20_3855,11742.157
000d7d20_3856,11741.947
000d7d20_3857,11742.007
000d7d20_3858,11742.115
000d7d20_3859,11742.998
000d7d20_3860,11742.993
000d7d20_3861,11742.7705
000d7d20_3862,11742.788
000d7d20_3863,11742.672
000d7d20_3864,11742.732
000d7d20_3865,11742.667
000d7d20_3866,11742.673
000d7d20_3867,11742.567
000d7d20_3868,11742.607
000d7d20_3869,11742.604
000d7d20_3870,11742.4795
000d7d20_3871,11742.477
000d7d20_3872,11742.212
000d7d20_3873,11742.165
000d7d20_3874,11742.173
000d7d20_3875,11742.135
000d7d20_3876,11742.194
000d7d20_3877,11742.136
000d7d20_3878,11742.123
000d7d20_3879,11742.184
000d7d20_3880,11742.018
000d7d20_3881,11741.993
000d7d20_3882,11742.07
000d7d20_3883,11742.296
000d7d20_3884,11742.2295
000d7d20_3885,11742.348
000d7d20_3886,11742.2705
000d7d20_3887,11742.269
000d7d20_3888,11742.262
000d7d20_3889,11741.99
000d7d20_3890,11742.455
000d7d20_3891,11742.291
000d7d20_3892,11742.326
000d7d20_3893,11742.142
000d7d20_3894,11741.853
000d7d20_3895,11741.496
000d7d20_3896,11741.558
000d7d20_3897,11741.318
000d7d20_3898,11741.112
000d7d20_3899,11741.082
000d7d20_3900,11741.254
000d7d20_3901,11741.206
000d7d20_3902,11740.757
000d7d20_3903,11740.653
000d7d20_3904,11740.679
000d7d20_3905,11740.922
000d7d20_3906,11741.684
000d7d20_3907,11741.705
000d7d20_3908,11741.36
000d7d20_3909,11741.309
000d7d20_3910,11741.263
000d7d20_3911,11741.379
000d7d20_3912,11741.244
000d7d20_3913,11741.026
000d7d20_3914,11740.902
000d7d20_3915,11740.738
000d7d20_3916,11740.568
000d7d20_3917,11740.42
000d7d20_3918,11740.528
000d7d20_3919,11740.541
000d7d20_3920,11740.517
000d7d20_3921,11740.522
000d7d20_3922,11740.571
000d7d20_3923,11740.624
000d7d20_3924,11740.555
000d7d20_3925,11740.233
000d7d20_3926,11740.01
000d7d20_3927,11739.979
000d7d20_3928,11739.949
000d7d20_3929,11740.013
000d7d20_3930,11740.07
000d7d20_3931,11740.077
000d7d20_3932,11740.127
000d7d20_3933,11740.077
000d7d20_3934,11740.094
000d7d20_3935,11740.127
000d7d20_3936,11739.976
000d7d20_3937,11739.962
000d7d20_3938,11740.021
000d7d20_3939,11739.971
000d7d20_3940,11739.95
000d7d20_3941,11739.963
000d7d20_3942,11739.924
000d7d20_3943,11739.994
000d7d20_3944,11739.99
000d7d20_3945,11739.938
000d7d20_3946,11739.932
000d7d20_3947,11739.921
000d7d20_3948,11740.023
000d7d20_3949,11740.024
000d7d20_3950,11739.977
000d7d20_3951,11739.967
000d7d20_3952,11739.964
000d7d20_3953,11739.902
000d7d20_3954,11739.932
000d7d20_3955,11739.889
000d7d20_3956,11739.91
000d7d20_3957,11739.938
000d7d20_3958,11739.9
000d7d20_3959,11740.137
000d7d20_3960,11740.097
000d7d20_3961,11740.19
000d7d20_3962,11740.131
000d7d20_3963,11740.123
000d7d20_3964,11740.083
000d7d20_3965,11740.016
000d7d20_3966,11739.986
000d7d20_3967,11740.004
000d7d20_3968,11740.025
000d7d20_3969,11740.091
000d7d20_3970,11740.032
000d7d20_3971,11740.067
000d7d20_3972,11740.155
000d7d20_3973,11740.089
000d7d20_3974,11740.077
000d7d20_3975,11740.025
000d7d20_3976,11740.06
000d7d20_3977,11739.922
000d7d20_3978,11739.748
000d7d20_3979,11739.828
000d7d20_3980,11739.909
000d7d20_3981,11739.95
000d7d20_3982,11740.018
000d7d20_3983,11740.018
000d7d20_3984,11739.916
000d7d20_3985,11739.926
000d7d20_3986,11739.952
000d7d20_3987,11739.96
000d7d20_3988,11739.828
000d7d20_3989,11739.888
000d7d20_3990,11739.886
000d7d20_3991,11739.949
000d7d20_3992,11739.956
000d7d20_3993,11739.995
000d7d20_3994,11739.972
000d7d20_3995,11739.956
000d7d20_3996,11740.125
000d7d20_3997,11740.211
000d7d20_3998,11740.167
000d7d20_3999,11740.097
000d7d20_4000,11740.152
000d7d20_4001,11740.009
000d7d20_4002,11740.021
000d7d20_4003,11739.994
000d7d20_4004,11740.042
000d7d20_4005,11740.039
000d7d20_4006,11740.052
000d7d20_4007,11740.066
000d7d20_4008,11740.131
000d7d20_4009,11739.994
000d7d20_4010,11740.022
000d7d20_4011,11740.026
000d7d20_4012,11740.157
000d7d20_4013,11740.159
000d7d20_4014,11740.255
000d7d20_4015,11740.137
000d7d20_4016,11740.106
000d7d20_4017,11739.992
000d7d20_4018,11739.965
000d7d20_4019,11740.0205
000d7d20_4020,11739.995
000d7d20_4021,11739.981
000d7d20_4022,11740.005
000d7d20_4023,11739.957
000d7d20_4024,11739.965
000d7d20_4025,11739.935
000d7d20_4026,11739.884
000d7d20_4027,11739.846
000d7d20_4028,11739.81
000d7d20_4029,11739.792
000d7d20_4030,11739.811
000d7d20_4031,11739.761
000d7d20_4032,11739.723
000d7d20_4033,11739.682
000d7d20_4034,11739.587
000d7d20_4035,11739.59
000d7d20_4036,11739.543
000d7d20_4037,11739.795
000d7d20_4038,11739.754
000d7d20_4039,11739.835
000d7d20_4040,11739.701
000d7d20_4041,11739.79
000d7d20_4042,11739.837
000d7d20_4043,11739.784
000d7d20_4044,11739.829
000d7d20_4045,11739.868
000d7d20_4046,11739.811
000d7d20_4047,11739.829
000d7d20_4048,11739.845
000d7d20_4049,11739.821
000d7d20_4050,11739.835
000d7d20_4051,11739.823
000d7d20_4052,11739.842
000d7d20_4053,11739.848
000d7d20_4054,11739.882
000d7d20_4055,11739.838
000d7d20_4056,11739.799
000d7d20_4057,11739.868
000d7d20_4058,11739.79
000d7d20_4059,11739.774
000d7d20_4060,11739.845
000d7d20_4061,11739.792
000d7d20_4062,11739.791
000d7d20_4063,11739.765
000d7d20_4064,11739.681
000d7d20_4065,11739.691
000d7d20_4066,11739.789
000d7d20_4067,11739.705
000d7d20_4068,11739.712
000d7d20_4069,11739.693
000d7d20_4070,11739.695
000d7d20_4071,11739.726
000d7d20_4072,11739.606
000d7d20_4073,11739.653
000d7d20_4074,11739.742
000d7d20_4075,11739.7
000d7d20_4076,11739.618
000d7d20_4077,11739.652
000d7d20_4078,11739.623
000d7d20_4079,11739.616
000d7d20_4080,11739.609
000d7d20_4081,11739.571
000d7d20_4082,11739.445
000d7d20_4083,11739.396
000d7d20_4084,11739.327
000d7d20_4085,11739.345
000d7d20_4086,11739.252
000d7d20_4087,11739.335
000d7d20_4088,11739.314
000d7d20_4089,11739.329
000d7d20_4090,11739.333
000d7d20_4091,11739.345
000d7d20_4092,11739.332
000d7d20_4093,11739.358
000d7d20_4094,11739.318
000d7d20_4095,11739.382
000d7d20_4096,11739.251
000d7d20_4097,11739.31
000d7d20_4098,11739.408
000d7d20_4099,11739.315
000d7d20_4100,11739.2705
000d7d20_4101,11739.249
000d7d20_4102,11739.297
000d7d20_4103,11739.255
000d7d20_4104,11739.367
000d7d20_4105,11739.261
000d7d20_4106,11739.019
000d7d20_4107,11739.321
000d7d20_4108,11739.258
000d7d20_4109,11739.252
000d7d20_4110,11739.302
000d7d20_4111,11739.265
000d7d20_4112,11739.288
000d7d20_4113,11739.305
000d7d20_4114,11739.283
000d7d20_4115,11739.318
000d7d20_4116,11739.29
000d7d20_4117,11739.325
000d7d20_4118,11739.276
000d7d20_4119,11739.341
000d7d20_4120,11739.324
000d7d20_4121,11739.308
000d7d20_4122,11739.32
000d7d20_4123,11739.309
000d7d20_4124,11739.308
000d7d20_4125,11739.168
000d7d20_4126,11739.186
000d7d20_4127,11739.239
000d7d20_4128,11739.241
000d7d20_4129,11739.241
000d7d20_4130,11739.316
000d7d20_4131,11739.349
000d7d20_4132,11739.38
000d7d20_4133,11739.415
000d7d20_4134,11739.4795
000d7d20_4135,11739.428
000d7d20_4136,11739.374
000d7d20_4137,11739.438
000d7d20_4138,11739.434
000d7d20_4139,11739.351
000d7d20_4140,11739.397
000d7d20_4141,11739.399
000d7d20_4142,11739.432
000d7d20_4143,11739.39
000d7d20_4144,11739.42
000d7d20_4145,11739.441
000d7d20_4146,11739.354
000d7d20_4147,11739.396
000d7d20_4148,11739.413
000d7d20_4149,11739.446
000d7d20_4150,11739.5205
000d7d20_4151,11739.532
000d7d20_4152,11739.623
000d7d20_4153,11739.665
000d7d20_4154,11739.753
000d7d20_4155,11739.75
000d7d20_4156,11739.686
000d7d20_4157,11739.727
000d7d20_4158,11739.675
000d7d20_4159,11739.619
000d7d20_4160,11739.639
000d7d20_4161,11739.642
000d7d20_4162,11739.6455
000d7d20_4163,11739.725
000d7d20_4164,11739.743
000d7d20_4165,11739.748
000d7d20_4166,11739.801
000d7d20_4167,11739.75
000d7d20_4168,11739.57
000d7d20_4169,11739.076
000d7d20_4170,11738.9795
000d7d20_4171,11739.039
000d7d20_4172,11739.006
000d7d20_4173,11739.103
000d7d20_4174,11739.172
000d7d20_4175,11739.192
000d7d20_4176,11739.179
000d7d20_4177,11739.009
000d7d20_4178,11738.866
000d7d20_4179,11739.048
000d7d20_4180,11739.2705
000d7d20_4181,11739.265
000d7d20_4182,11739.272
000d7d20_4183,11739.278
000d7d20_4184,11739.229
000d7d20_4185,11739.245
000d7d20_4186,11739.275
000d7d20_4187,11739.262
000d7d20_4188,11739.225
000d7d20_4189,11739.244
000d7d20_4190,11739.262
000d7d20_4191,11739.191
000d7d20_4192,11739.344
000d7d20_4193,11739.21
000d7d20_4194,11739.21
000d7d20_4195,11739.201
000d7d20_4196,11739.203
000d7d20_4197,11739.15
000d7d20_4198,11739.215
000d7d20_4199,11739.17
000d7d20_4200,11739.115
000d7d20_4201,11739.159
000d7d20_4202,11739.133
000d7d20_4203,11739.077
000d7d20_4204,11739.074
000d7d20_4205,11739.089
000d7d20_4206,11739.021
000d7d20_4207,11739.091
000d7d20_4208,11739.069
000d7d20_4209,11739.193
000d7d20_4210,11739.194
000d7d20_4211,11739.164
000d7d20_4212,11739.146
000d7d20_4213,11739.201
000d7d20_4214,11739.14
000d7d20_4215,11739.148
000d7d20_4216,11739.214
000d7d20_4217,11739.158
000d7d20_4218,11739.076
000d7d20_4219,11739.082
000d7d20_4220,11739.144
000d7d20_4221,11739.162
000d7d20_4222,11739.096
000d7d20_4223,11739.022
000d7d20_4224,11739.023
000d7d20_4225,11738.766
000d7d20_4226,11738.833
000d7d20_4227,11738.806
000d7d20_4228,11738.767
000d7d20_4229,11738.978
000d7d20_4230,11738.987
000d7d20_4231,11738.928
000d7d20_4232,11738.976
000d7d20_4233,11738.851
000d7d20_4234,11738.76
000d7d20_4235,11738.934
000d7d20_4236,11738.959
000d7d20_4237,11738.922
000d7d20_4238,11739.016
000d7d20_4239,11739.025
000d7d20_4240,11738.959
000d7d20_4241,11738.915
000d7d20_4242,11738.945
000d7d20_4243,11738.905
000d7d20_4244,11738.944
000d7d20_4245,11738.956
000d7d20_4246,11738.9795
000d7d20_4247,11738.964
000d7d20_4248,11738.869
000d7d20_4249,11739.042
000d7d20_4250,11738.92
000d7d20_4251,11738.909
000d7d20_4252,11739.079
000d7d20_4253,11738.972
000d7d20_4254,11739.191
000d7d20_4255,11739.212
000d7d20_4256,11739.123
000d7d20_4257,11739.132
000d7d20_4258,11739.122
000d7d20_4259,11739.188
000d7d20_4260,11739.216
000d7d20_4261,11739.154
000d7d20_4262,11739.161
000d7d20_4263,11739.049
000d7d20_4264,11739.116
000d7d20_4265,11738.935
000d7d20_4266,11738.97
000d7d20_4267,11738.926
000d7d20_4268,11738.928
000d7d20_4269,11738.659
000d7d20_4270,11738.977
000d7d20_4271,11738.796
000d7d20_4272,11738.754
000d7d20_4273,11738.755
000d7d20_4274,11738.7705
000d7d20_4275,11738.901
000d7d20_4276,11738.7705
000d7d20_4277,11739.079
000d7d20_4278,11738.923
000d7d20_4279,11738.808
000d7d20_4280,11738.795
000d7d20_4281,11738.892
000d7d20_4282,11738.733
000d7d20_4283,11738.97
000d7d20_4284,11738.861
000d7d20_4285,11739.029
000d7d20_4286,11739.011
000d7d20_4287,11738.895
000d7d20_4288,11739.0625
000d7d20_4289,11739.115
000d7d20_4290,11739.018
000d7d20_4291,11739.003
000d7d20_4292,11738.983
000d7d20_4293,11738.98
000d7d20_4294,11738.979
000d7d20_4295,11739.026
000d7d20_4296,11738.843
000d7d20_4297,11738.872
000d7d20_4298,11738.946
000d7d20_4299,11738.973
000d7d20_4300,11739.012
000d7d20_4301,11739.016
000d7d20_4302,11739.03
000d7d20_4303,11739.017
000d7d20_4304,11739.001
000d7d20_4305,11738.976
000d7d20_4306,11738.954
000d7d20_4307,11739.015
000d7d20_4308,11739.252
000d7d20_4309,11739.224
000d7d20_4310,11739.218
000d7d20_4311,11739.194
000d7d20_4312,11739.163
000d7d20_4313,11739.186
000d7d20_4314,11739.195
000d7d20_4315,11739.2295
000d7d20_4316,11739.284
000d7d20_4317,11739.216
000d7d20_4318,11739.284
000d7d20_4319,11739.279
000d7d20_4320,11739.194
000d7d20_4321,11739.345
000d7d20_4322,11739.345
000d7d20_4323,11739.17
000d7d20_4324,11739.341
000d7d20_4325,11739.357
000d7d20_4326,11739.232
000d7d20_4327,11739.238
000d7d20_4328,11739.304
000d7d20_4329,11739.606
000d7d20_4330,11739.531
000d7d20_4331,11739.59
000d7d20_4332,11739.3955
000d7d20_4333,11739.418
000d7d20_4334,11739.394
000d7d20_4335,11739.329
000d7d20_4336,11739.462
000d7d20_4337,11739.332
000d7d20_4338,11739.313
000d7d20_4339,11739.307
000d7d20_4340,11739.314
000d7d20_4341,11739.331
000d7d20_4342,11739.132
000d7d20_4343,11739.114
000d7d20_4344,11739.134
000d7d20_4345,11739.16
000d7d20_4346,11739.182
000d7d20_4347,11739.167
000d7d20_4348,11739.111
000d7d20_4349,11739.08
000d7d20_4350,11739.189
000d7d20_4351,11739.195
000d7d20_4352,11739.242
000d7d20_4353,11739.208
000d7d20_4354,11739.341
000d7d20_4355,11739.332
000d7d20_4356,11739.245
000d7d20_4357,11739.164
000d7d20_4358,11739.093
000d7d20_4359,11739.093
000d7d20_4360,11739.08
000d7d20_4361,11739.091
000d7d20_4362,11739.063
000d7d20_4363,11739.04
000d7d20_4364,11739.011
000d7d20_4365,11738.99
000d7d20_4366,11739.093
000d7d20_4367,11739.047
000d7d20_4368,11739.083
000d7d20_4369,11739.102
000d7d20_4370,11739.044
000d7d20_4371,11739.017
000d7d20_4372,11739.105
000d7d20_4373,11739.069
000d7d20_4374,11739.071
000d7d20_4375,11739.079
000d7d20_4376,11739.166
000d7d20_4377,11739.07
000d7d20_4378,11739.132
000d7d20_4379,11739.179
000d7d20_4380,11739.178
000d7d20_4381,11739.295
000d7d20_4382,11739.135
000d7d20_4383,11739.307
000d7d20_4384,11739.216
000d7d20_4385,11739.282
000d7d20_4386,11739.302
000d7d20_4387,11739.312
000d7d20_4388,11739.346
000d7d20_4389,11739.316
000d7d20_4390,11739.318
000d7d20_4391,11739.406
000d7d20_4392,11739.444
000d7d20_4393,11739.317
000d7d20_4394,11739.283
000d7d20_4395,11739.3
000d7d20_4396,11739.279
000d7d20_4397,11739.351
000d7d20_4398,11739.28
000d7d20_4399,11739.275
000d7d20_4400,11739.269
000d7d20_4401,11739.263
000d7d20_4402,11739.302
000d7d20_4403,11739.175
000d7d20_4404,11739.214
000d7d20_4405,11739.256
000d7d20_4406,11739.506
000d7d20_4407,11739.632
000d7d20_4408,11739.571
000d7d20_4409,11739.541
000d7d20_4410,11739.506
000d7d20_4411,11739.613
000d7d20_4412,11739.578
000d7d20_4413,11739.526
000d7d20_4414,11739.676
000d7d20_4415,11739.628
000d7d20_4416,11739.684
000d7d20_4417,11739.733
000d7d20_4418,11739.692
000d7d20_4419,11739.628
000d7d20_4420,11739.696
000d7d20_4421,11739.667
000d7d20_4422,11739.653
000d7d20_4423,11739.724
000d7d20_4424,11739.716
000d7d20_4425,11739.66
000d7d20_4426,11739.577
000d7d20_4427,11739.506
000d7d20_4428,11739.336
000d7d20_4429,11739.376
000d7d20_4430,11739.427
000d7d20_4431,11739.467
000d7d20_4432,11739.474
000d7d20_4433,11739.638
000d7d20_4434,11739.789
000d7d20_4435,11739.879
000d7d20_4436,11739.87
000d7d20_4437,11739.946
000d7d20_4438,11739.869
000d7d20_4439,11739.847
000d7d20_4440,11739.716
000d7d20_4441,11739.774
000d7d20_4442,11739.738
000d7d20_4443,11739.739
000d7d20_4444,11739.6875
000d7d20_4445,11740.113
000d7d20_4446,11739.853
000d7d20_4447,11739.913
000d7d20_4448,11739.937
000d7d20_4449,11739.898
000d7d20_4450,11739.882
000d7d20_4451,11739.822
000d7d20_4452,11739.892
000d7d20_4453,11739.886
000d7d20_4454,11739.697
000d7d20_4455,11739.5
000d7d20_4456,11739.49
000d7d20_4457,11739.394
000d7d20_4458,11739.487
000d7d20_4459,11739.581
000d7d20_4460,11739.516
000d7d20_4461,11739.534
000d7d20_4462,11739.7
000d7d20_4463,11739.637
000d7d20_4464,11739.699
000d7d20_4465,11739.596
000d7d20_4466,11739.543
000d7d20_4467,11739.615
000d7d20_4468,11739.475
000d7d20_4469,11739.448
000d7d20_4470,11739.365
000d7d20_4471,11739.587
000d7d20_4472,11739.558
000d7d20_4473,11739.574
000d7d20_4474,11739.676
000d7d20_4475,11739.628
000d7d20_4476,11739.544
000d7d20_4477,11739.536
000d7d20_4478,11739.3545
000d7d20_4479,11739.365
000d7d20_4480,11739.502
000d7d20_4481,11739.525
000d7d20_4482,11739.463
000d7d20_4483,11739.49
000d7d20_4484,11739.506
000d7d20_4485,11739.473
000d7d20_4486,11739.589
000d7d20_4487,11739.609
000d7d20_4488,11739.636
000d7d20_4489,11739.64
000d7d20_4490,11739.694
000d7d20_4491,11739.672
000d7d20_4492,11739.6875
000d7d20_4493,11739.675
000d7d20_4494,11739.565
000d7d20_4495,11739.465
000d7d20_4496,11739.444
000d7d20_4497,11739.458
000d7d20_4498,11739.454
000d7d20_4499,11739.463
000d7d20_4500,11739.527
000d7d20_4501,11739.577
000d7d20_4502,11739.82
000d7d20_4503,11739.592
000d7d20_4504,11739.556
000d7d20_4505,11739.603
000d7d20_4506,11739.617
000d7d20_4507,11739.738
000d7d20_4508,11739.658
000d7d20_4509,11739.646
000d7d20_4510,11739.632
000d7d20_4511,11739.646
000d7d20_4512,11739.645
000d7d20_4513,11739.64
000d7d20_4514,11739.612
000d7d20_4515,11739.592
000d7d20_4516,11739.558
000d7d20_4517,11739.527
000d7d20_4518,11739.572
000d7d20_4519,11739.684
000d7d20_4520,11739.627
000d7d20_4521,11739.574
000d7d20_4522,11739.477
000d7d20_4523,11739.525
000d7d20_4524,11739.598
000d7d20_4525,11739.569
000d7d20_4526,11739.369
000d7d20_4527,11739.413
000d7d20_4528,11739.541
000d7d20_4529,11739.55
000d7d20_4530,11739.554
000d7d20_4531,11739.386
000d7d20_4532,11739.473
000d7d20_4533,11739.571
000d7d20_4534,11739.582
000d7d20_4535,11739.555
000d7d20_4536,11739.572
000d7d20_4537,11739.69
000d7d20_4538,11739.692
000d7d20_4539,11739.692
000d7d20_4540,11739.785
000d7d20_4541,11739.755
000d7d20_4542,11739.85
000d7d20_4543,11739.776
000d7d20_4544,11739.734
000d7d20_4545,11739.778
000d7d20_4546,11739.66
000d7d20_4547,11739.776
000d7d20_4548,11739.666
000d7d20_4549,11739.726
000d7d20_4550,11739.696
000d7d20_4551,11739.69
000d7d20_4552,11739.708
000d7d20_4553,11739.681
000d7d20_4554,11739.638
000d7d20_4555,11739.692
000d7d20_4556,11739.725
000d7d20_4557,11739.708
000d7d20_4558,11739.737
000d7d20_4559,11739.713
000d7d20_4560,11739.691
000d7d20_4561,11739.689
000d7d20_4562,11739.722
000d7d20_4563,11739.722
000d7d20_4564,11739.748
000d7d20_4565,11739.645
000d7d20_4566,11739.719
000d7d20_4567,11739.624
000d7d20_4568,11739.654
000d7d20_4569,11739.686
000d7d20_4570,11739.62
000d7d20_4571,11739.638
000d7d20_4572,11739.71
000d7d20_4573,11739.669
000d7d20_4574,11739.67
000d7d20_4575,11739.63
000d7d20_4576,11739.626
000d7d20_4577,11739.615
000d7d20_4578,11739.635
000d7d20_4579,11739.6045
000d7d20_4580,11739.625
000d7d20_4581,11739.65
000d7d20_4582,11739.62
000d7d20_4583,11739.666
000d7d20_4584,11739.612
000d7d20_4585,11739.607
000d7d20_4586,11739.581
000d7d20_4587,11739.656
000d7d20_4588,11739.665
000d7d20_4589,11739.622
000d7d20_4590,11739.623
000d7d20_4591,11739.689
000d7d20_4592,11739.641
000d7d20_4593,11739.641
000d7d20_4594,11739.631
000d7d20_4595,11739.648
000d7d20_4596,11739.59
000d7d20_4597,11739.605
000d7d20_4598,11739.6
000d7d20_4599,11739.64
000d7d20_4600,11739.637
000d7d20_4601,11739.59
000d7d20_4602,11739.605
000d7d20_4603,11739.52
000d7d20_4604,11739.542
000d7d20_4605,11739.555
000d7d20_4606,11739.567
000d7d20_4607,11739.576
000d7d20_4608,11739.546
000d7d20_4609,11739.577
000d7d20_4610,11739.525
000d7d20_4611,11739.535
000d7d20_4612,11739.487
000d7d20_4613,11739.495
000d7d20_4614,11739.507
000d7d20_4615,11739.52
000d7d20_4616,11739.492
000d7d20_4617,11739.49
000d7d20_4618,11739.452
000d7d20_4619,11739.438
000d7d20_4620,11739.456
000d7d20_4621,11739.535
000d7d20_4622,11739.428
000d7d20_4623,11739.461
000d7d20_4624,11739.493
000d7d20_4625,11739.471
000d7d20_4626,11739.48
000d7d20_4627,11739.476
000d7d20_4628,11739.443
000d7d20_4629,11739.455
000d7d20_4630,11739.46
000d7d20_4631,11739.47
000d7d20_4632,11739.498
000d7d20_4633,11739.47
000d7d20_4634,11739.413
000d7d20_4635,11739.4
000d7d20_4636,11739.401
000d7d20_4637,11739.371
000d7d20_4638,11739.407
000d7d20_4639,11739.376
000d7d20_4640,11739.47
000d7d20_4641,11739.418
000d7d20_4642,11739.386
000d7d20_4643,11739.407
000d7d20_4644,11739.365
000d7d20_4645,11739.422
000d7d20_4646,11739.369
000d7d20_4647,11739.448
000d7d20_4648,11739.412
000d7d20_4649,11739.481
000d7d20_4650,11739.464
000d7d20_4651,11739.454
000d7d20_4652,11739.384
000d7d20_4653,11739.384
000d7d20_4654,11739.509
000d7d20_4655,11739.424
000d7d20_4656,11739.544
000d7d20_4657,11739.424
000d7d20_4658,11739.423
000d7d20_4659,11739.499
000d7d20_4660,11739.469
000d7d20_4661,11739.557
000d7d20_4662,11739.558
000d7d20_4663,11739.508
000d7d20_4664,11739.488
000d7d20_4665,11739.482
000d7d20_4666,11739.484
000d7d20_4667,11739.408
000d7d20_4668,11739.385
000d7d20_4669,11739.413
000d7d20_4670,11739.401
000d7d20_4671,11739.451
000d7d20_4672,11739.389
000d7d20_4673,11739.402
000d7d20_4674,11739.418
000d7d20_4675,11739.442
000d7d20_4676,11739.424
000d7d20_4677,11739.364
000d7d20_4678,11739.414
000d7d20_4679,11739.373
000d7d20_4680,11739.373
000d7d20_4681,11739.487
000d7d20_4682,11739.434
000d7d20_4683,11739.384
000d7d20_4684,11739.306
000d7d20_4685,11739.349
000d7d20_4686,11739.455
000d7d20_4687,11739.422
000d7d20_4688,11739.405
000d7d20_4689,11739.412
000d7d20_4690,11739.431
000d7d20_4691,11739.351
000d7d20_4692,11739.422
000d7d20_4693,11739.365
000d7d20_4694,11739.307
000d7d20_4695,11739.375
000d7d20_4696,11739.347
000d7d20_4697,11739.298
000d7d20_4698,11739.248
000d7d20_4699,11739.277
000d7d20_4700,11739.224
000d7d20_4701,11739.234
000d7d20_4702,11739.226
000d7d20_4703,11739.199
000d7d20_4704,11739.09
000d7d20_4705,11739.096
000d7d20_4706,11739.23
000d7d20_4707,11739.103
000d7d20_4708,11739.319
000d7d20_4709,11739.174
000d7d20_4710,11739.533
000d7d20_4711,11739.617
000d7d20_4712,11739.555
000d7d20_4713,11739.743
000d7d20_4714,11739.713
000d7d20_4715,11739.594
000d7d20_4716,11739.615
000d7d20_4717,11739.574
000d7d20_4718,11739.324
000d7d20_4719,11739.305
000d7d20_4720,11739.275
000d7d20_4721,11739.301
000d7d20_4722,11739.262
000d7d20_4723,11739.186
000d7d20_4724,11739.1
000d7d20_4725,11739.111
000d7d20_4726,11739.178
000d7d20_4727,11739.147
000d7d20_4728,11739.143
000d7d20_4729,11739.09
000d7d20_4730,11739.089
000d7d20_4731,11739.277
000d7d20_4732,11739.345
000d7d20_4733,11739.291
000d7d20_4734,11739.301
000d7d20_4735,11739.282
000d7d20_4736,11739.15
000d7d20_4737,11739.245
000d7d20_4738,11738.755
000d7d20_4739,11738.679
000d7d20_4740,11738.799
000d7d20_4741,11738.797
000d7d20_4742,11738.797
000d7d20_4743,11738.525
000d7d20_4744,11738.581
000d7d20_4745,11738.556
000d7d20_4746,11738.509
000d7d20_4747,11738.653
000d7d20_4748,11738.514
000d7d20_4749,11737.938
000d7d20_4750,11738.541
000d7d20_4751,11738.698
000d7d20_4752,11738.09
000d7d20_4753,11738.451
000d7d20_4754,11738.479
000d7d20_4755,11738.377
000d7d20_4756,11737.846
000d7d20_4757,11738.349
000d7d20_4758,11738.351
000d7d20_4759,11738.317
000d7d20_4760,11737.653
000d7d20_4761,11737.603
000d7d20_4762,11737.672
000d7d20_4763,11737.719
000d7d20_4764,11737.692
000d7d20_4765,11737.977
000d7d20_4766,11738.218
000d7d20_4767,11738.091
000d7d20_4768,11737.626
000d7d20_4769,11737.62
000d7d20_4770,11737.961
000d7d20_4771,11738.079
000d7d20_4772,11737.971
000d7d20_4773,11737.986
000d7d20_4774,11737.938
000d7d20_4775,11737.865
000d7d20_4776,11737.874
000d7d20_4777,11737.854
000d7d20_4778,11737.987
000d7d20_4779,11738.048
000d7d20_4780,11738.156
000d7d20_4781,11738.351
000d7d20_4782,11738.154
000d7d20_4783,11738.077
000d7d20_4784,11738.155
000d7d20_4785,11738.292
000d7d20_4786,11738.245
000d7d20_4787,11738.306
000d7d20_4788,11738.3
000d7d20_4789,11738.284
000d7d20_4790,11738.267
000d7d20_4791,11738.218
000d7d20_4792,11738.179
000d7d20_4793,11738.066
000d7d20_4794,11738.064
000d7d20_4795,11738.247
000d7d20_4796,11738.076
000d7d20_4797,11738.1455
000d7d20_4798,11738.265
000d7d20_4799,11738.33
000d7d20_4800,11738.395
000d7d20_4801,11738.441
000d7d20_4802,11738.579
000d7d20_4803,11738.564
000d7d20_4804,11738.612
000d7d20_4805,11738.55
000d7d20_4806,11738.56
000d7d20_4807,11738.558
000d7d20_4808,11738.611
000d7d20_4809,11738.833
000d7d20_4810,11738.793
000d7d20_4811,11738.812
000d7d20_4812,11738.811
000d7d20_4813,11738.799
000d7d20_4814,11738.777
000d7d20_4815,11738.812
000d7d20_4816,11738.762
000d7d20_4817,11738.804
000d7d20_4818,11738.829
000d7d20_4819,11738.893
000d7d20_4820,11738.914
000d7d20_4821,11738.842
000d7d20_4822,11738.848
000d7d20_4823,11738.764
000d7d20_4824,11738.746
000d7d20_4825,11738.788
000d7d20_4826,11738.778
000d7d20_4827,11738.801
000d7d20_4828,11739.151
000d7d20_4829,11738.966
000d7d20_4830,11739.013
000d7d20_4831,11739.0205
000d7d20_4832,11739.005
000d7d20_4833,11739.032
000d7d20_4834,11738.913
000d7d20_4835,11738.909
000d7d20_4836,11738.976
000d7d20_4837,11738.723
000d7d20_4838,11738.679
000d7d20_4839,11738.63
000d7d20_4840,11738.484
000d7d20_4841,11738.485
000d7d20_4842,11738.473
000d7d20_4843,11738.423
000d7d20_4844,11738.245
000d7d20_4845,11737.833
000d7d20_4846,11738.213
000d7d20_4847,11738.112
000d7d20_4848,11738.158
000d7d20_4849,11738.283
000d7d20_4850,11738.209
000d7d20_4851,11738.246
000d7d20_4852,11738.319
000d7d20_4853,11738.271
000d7d20_4854,11737.976
000d7d20_4855,11737.951
000d7d20_4856,11738.081
000d7d20_4857,11738.086
000d7d20_4858,11738.053
000d7d20_4859,11737.622
000d7d20_4860,11737.584
000d7d20_4861,11737.511
000d7d20_4862,11737.583
000d7d20_4863,11737.587
000d7d20_4864,11738.049
000d7d20_4865,11738.143
000d7d20_4866,11738.086
000d7d20_4867,11737.726
000d7d20_4868,11737.547
000d7d20_4869,11737.888
000d7d20_4870,11737.967
000d7d20_4871,11738.123
000d7d20_4872,11738.036
000d7d20_4873,11738.003
000d7d20_4874,11737.914
000d7d20_4875,11737.914
000d7d20_4876,11737.999
000d7d20_4877,11737.976
000d7d20_4878,11738.035
000d7d20_4879,11737.957
000d7d20_4880,11737.945
000d7d20_4881,11737.851
000d7d20_4882,11737.891
000d7d20_4883,11737.927
000d7d20_4884,11737.571
000d7d20_4885,11737.915
000d7d20_4886,11738.151
000d7d20_4887,11737.937
000d7d20_4888,11737.882
000d7d20_4889,11737.555
000d7d20_4890,11737.547
000d7d20_4891,11737.445
000d7d20_4892,11737.465
000d7d20_4893,11737.53
000d7d20_4894,11737.769
000d7d20_4895,11737.759
000d7d20_4896,11737.762
000d7d20_4897,11737.728
000d7d20_4898,11737.654
000d7d20_4899,11737.477
000d7d20_4900,11737.234
000d7d20_4901,11737.233
000d7d20_4902,11737.235
000d7d20_4903,11737.233
000d7d20_4904,11737.135
000d7d20_4905,11737.25
000d7d20_4906,11737.175
000d7d20_4907,11737.096
000d7d20_4908,11737.081
000d7d20_4909,11737.148
000d7d20_4910,11737.111
000d7d20_4911,11737.055
000d7d20_4912,11737.242
000d7d20_4913,11737.656
000d7d20_4914,11737.7
000d7d20_4915,11737.721
000d7d20_4916,11737.759
000d7d20_4917,11737.914
000d7d20_4918,11737.874
000d7d20_4919,11737.875
000d7d20_4920,11737.783
000d7d20_4921,11737.667
000d7d20_4922,11737.368
000d7d20_4923,11737.353
000d7d20_4924,11737.506
000d7d20_4925,11737.645
000d7d20_4926,11737.696
000d7d20_4927,11737.986
000d7d20_4928,11738.043
000d7d20_4929,11737.57
000d7d20_4930,11737.821
000d7d20_4931,11737.668
000d7d20_4932,11737.642
000d7d20_4933,11737.24
000d7d20_4934,11737.581
000d7d20_4935,11737.971
000d7d20_4936,11737.545
000d7d20_4937,11737.535
000d7d20_4938,11737.536
000d7d20_4939,11738.031
000d7d20_4940,11737.729
000d7d20_4941,11737.619
000d7d20_4942,11737.583
000d7d20_4943,11737.432
000d7d20_4944,11737.468
000d7d20_4945,11737.974
000d7d20_4946,11737.499
000d7d20_4947,11737.479
000d7d20_4948,11737.488
000d7d20_4949,11737.594
000d7d20_4950,11738.056
000d7d20_4951,11738.091
000d7d20_4952,11738.065
000d7d20_4953,11738.03
000d7d20_4954,11738.003
000d7d20_4955,11738.037
000d7d20_4956,11738.083
000d7d20_4957,11737.52
000d7d20_4958,11738.096
000d7d20_4959,11738.191
000d7d20_4960,11738.18
000d7d20_4961,11738.212
000d7d20_4962,11738.33
000d7d20_4963,11738.376
000d7d20_4964,11738.332
000d7d20_4965,11738.287
000d7d20_4966,11738.239
000d7d20_4967,11738.135
000d7d20_4968,11738.136
000d7d20_4969,11738.144
000d7d20_4970,11738.4
000d7d20_4971,11738.307
000d7d20_4972,11738.333
000d7d20_4973,11738.428
000d7d20_4974,11738.525
000d7d20_4975,11738.255
000d7d20_4976,11738.294
000d7d20_4977,11738.364
000d7d20_4978,11738.32
000d7d20_4979,11738.248
000d7d20_4980,11738.335
000d7d20_4981,11738.339
000d7d20_4982,11738.253
000d7d20_4983,11738.355
000d7d20_4984,11738.308
000d7d20_4985,11738.389
000d7d20_4986,11738.267
000d7d20_4987,11738.305
000d7d20_4988,11738.283
000d7d20_4989,11738.274
000d7d20_4990,11738.292
000d7d20_4991,11738.259
000d7d20_4992,11738.278
000d7d20_4993,11738.3
000d7d20_4994,11738.293
000d7d20_4995,11738.304
000d7d20_4996,11738.358
000d7d20_4997,11738.28
000d7d20_4998,11738.378
000d7d20_4999,11738.326
000d7d20_5000,11738.3545
000d7d20_5001,11738.374
000d7d20_5002,11738.443
000d7d20_5003,11738.395
000d7d20_5004,11738.536
000d7d20_5005,11738.571
000d7d20_5006,11738.439
000d7d20_5007,11738.653
000d7d20_5008,11738.771
000d7d20_5009,11738.802
000d7d20_5010,11738.747
000d7d20_5011,11738.726
000d7d20_5012,11738.77
000d7d20_5013,11738.774
000d7d20_5014,11738.764
000d7d20_5015,11738.758
000d7d20_5016,11738.783
000d7d20_5017,11738.724
000d7d20_5018,11738.7295
000d7d20_5019,11738.682
000d7d20_5020,11738.714
000d7d20_5021,11738.74
000d7d20_5022,11738.693
000d7d20_5023,11738.681
000d7d20_5024,11738.594
000d7d20_5025,11738.622
000d7d20_5026,11738.613
000d7d20_5027,11738.654
000d7d20_5028,11738.598
000d7d20_5029,11738.517
000d7d20_5030,11738.509
000d7d20_5031,11738.57
000d7d20_5032,11738.588
000d7d20_5033,11738.567
000d7d20_5034,11738.548
000d7d20_5035,11738.555
000d7d20_5036,11738.615
000d7d20_5037,11738.594
000d7d20_5038,11738.579
000d7d20_5039,11738.588
000d7d20_5040,11738.59
000d7d20_5041,11738.578
000d7d20_5042,11738.544
000d7d20_5043,11738.603
000d7d20_5044,11738.541
000d7d20_5045,11738.609
000d7d20_5046,11738.562
000d7d20_5047,11738.543
000d7d20_5048,11738.653
000d7d20_5049,11738.59
000d7d20_5050,11738.579
000d7d20_5051,11738.659
000d7d20_5052,11738.782
000d7d20_5053,11738.738
000d7d20_5054,11738.722
000d7d20_5055,11738.7295
000d7d20_5056,11738.751
000d7d20_5057,11738.755
000d7d20_5058,11738.725
000d7d20_5059,11738.808
000d7d20_5060,11738.808
000d7d20_5061,11738.954
000d7d20_5062,11738.962
000d7d20_5063,11738.8955
000d7d20_5064,11738.942
000d7d20_5065,11738.928
000d7d20_5066,11738.906
000d7d20_5067,11738.836
000d7d20_5068,11738.87
000d7d20_5069,11738.939
000d7d20_5070,11739.049
000d7d20_5071,11739.017
000d7d20_5072,11739.052
000d7d20_5073,11739.086
000d7d20_5074,11739.053
000d7d20_5075,11739.082
000d7d20_5076,11739.07
000d7d20_5077,11738.962
000d7d20_5078,11739.053
000d7d20_5079,11739.101
000d7d20_5080,11739.196
000d7d20_5081,11739.226
000d7d20_5082,11739.258
000d7d20_5083,11739.204
000d7d20_5084,11739.195
000d7d20_5085,11739.154
000d7d20_5086,11739.212
000d7d20_5087,11739.219
000d7d20_5088,11739.179
000d7d20_5089,11739.167
000d7d20_5090,11739.315
000d7d20_5091,11739.287
000d7d20_5092,11739.29
000d7d20_5093,11739.338
000d7d20_5094,11739.362
000d7d20_5095,11739.418
000d7d20_5096,11739.38
000d7d20_5097,11739.387
000d7d20_5098,11739.459
000d7d20_5099,11739.43
000d7d20_5100,11739.401
000d7d20_5101,11739.384
000d7d20_5102,11739.435
000d7d20_5103,11739.275
000d7d20_5104,11739.421
000d7d20_5105,11739.347
000d7d20_5106,11739.29
000d7d20_5107,11739.332
000d7d20_5108,11739.319
000d7d20_5109,11739.346
000d7d20_5110,11739.43
000d7d20_5111,11739.42
000d7d20_5112,11739.377
000d7d20_5113,11739.371
000d7d20_5114,11739.3545
000d7d20_5115,11739.374
000d7d20_5116,11739.393
000d7d20_5117,11739.458
000d7d20_5118,11739.508
000d7d20_5119,11739.448
000d7d20_5120,11739.435
000d7d20_5121,11739.423
000d7d20_5122,11739.45
000d7d20_5123,11739.392
000d7d20_5124,11739.403
000d7d20_5125,11739.439
000d7d20_5126,11739.398
000d7d20_5127,11739.399
000d7d20_5128,11739.363
000d7d20_5129,11739.23
000d7d20_5130,11739.259
000d7d20_5131,11739.155
000d7d20_5132,11739.105
000d7d20_5133,11739.341
000d7d20_5134,11739.328
000d7d20_5135,11739.314
000d7d20_5136,11739.461
000d7d20_5137,11739.387
000d7d20_5138,11739.384
000d7d20_5139,11739.309
000d7d20_5140,11739.326
000d7d20_5141,11739.327
000d7d20_5142,11739.395
000d7d20_5143,11739.399
000d7d20_5144,11739.357
000d7d20_5145,11739.405
000d7d20_5146,11739.414
000d7d20_5147,11739.406
000d7d20_5148,11739.201
000d7d20_5149,11739.315
000d7d20_5150,11739.301
000d7d20_5151,11739.369
000d7d20_5152,11739.379
000d7d20_5153,11739.478
000d7d20_5154,11739.458
000d7d20_5155,11739.473
000d7d20_5156,11739.358
000d7d20_5157,11739.427
000d7d20_5158,11739.385
000d7d20_5159,11739.365
000d7d20_5160,11739.43
000d7d20_5161,11739.494
000d7d20_5162,11739.452
000d7d20_5163,11739.571
000d7d20_5164,11739.507
000d7d20_5165,11739.397
000d7d20_5166,11739.466
000d7d20_5167,11739.492
000d7d20_5168,11739.494
000d7d20_5169,11739.528
000d7d20_5170,11739.442
000d7d20_5171,11739.521
000d7d20_5172,11739.459
000d7d20_5173,11739.371
000d7d20_5174,11739.441
000d7d20_5175,11739.408
000d7d20_5176,11739.433
000d7d20_5177,11739.429
000d7d20_5178,11739.58
000d7d20_5179,11739.502
000d7d20_5180,11739.639
000d7d20_5181,11739.518
000d7d20_5182,11739.64
000d7d20_5183,11739.524
000d7d20_5184,11739.605
000d7d20_5185,11739.436
000d7d20_5186,11739.675
000d7d20_5187,11739.501
000d7d20_5188,11739.549
000d7d20_5189,11739.556
000d7d20_5190,11739.553
000d7d20_5191,11739.511
000d7d20_5192,11739.354
000d7d20_5193,11739.301
000d7d20_5194,11739.259
000d7d20_5195,11739.243
000d7d20_5196,11739.181
000d7d20_5197,11739.231
000d7d20_5198,11739.245
000d7d20_5199,11739.273
000d7d20_5200,11739.322
000d7d20_5201,11738.931
000d7d20_5202,11738.949
000d7d20_5203,11738.827
000d7d20_5204,11738.845
000d7d20_5205,11738.826
000d7d20_5206,11738.452
000d7d20_5207,11738.495
000d7d20_5208,11738.484
000d7d20_5209,11738.426
000d7d20_5210,11738.41
000d7d20_5211,11738.31
000d7d20_5212,11738.294
000d7d20_5213,11738.313
000d7d20_5214,11738.343
000d7d20_5215,11738.411
000d7d20_5216,11738.345
000d7d20_5217,11738.31
000d7d20_5218,11738.359
000d7d20_5219,11738.531
000d7d20_5220,11738.151
000d7d20_5221,11738.063
000d7d20_5222,11737.856
000d7d20_5223,11737.885
000d7d20_5224,11737.867
000d7d20_5225,11737.869
000d7d20_5226,11737.9375
000d7d20_5227,11737.965
000d7d20_5228,11737.796
000d7d20_5229,11737.91
000d7d20_5230,11737.791
000d7d20_5231,11737.89
000d7d20_5232,11737.736
000d7d20_5233,11738.146
000d7d20_5234,11737.995
000d7d20_5235,11737.736
000d7d20_5236,11737.756
000d7d20_5237,11738.005
000d7d20_5238,11737.84
000d7d20_5239,11737.752
000d7d20_5240,11737.767
000d7d20_5241,11737.712
000d7d20_5242,11737.616
000d7d20_5243,11737.638
000d7d20_5244,11737.655
000d7d20_5245,11737.674
000d7d20_5246,11737.426
000d7d20_5247,11737.43
000d7d20_5248,11737.347
000d7d20_5249,11737.356
000d7d20_5250,11737.184
000d7d20_5251,11737.172
000d7d20_5252,11737.431
000d7d20_5253,11737.388
000d7d20_5254,11737.488
000d7d20_5255,11737.472
000d7d20_5256,11737.25
000d7d20_5257,11736.91
000d7d20_5258,11736.878
000d7d20_5259,11736.872
000d7d20_5260,11736.829
000d7d20_5261,11736.724
000d7d20_5262,11736.706
000d7d20_5263,11736.603
000d7d20_5264,11736.592
000d7d20_5265,11736.609
000d7d20_5266,11736.613
000d7d20_5267,11736.472
000d7d20_5268,11736.445
000d7d20_5269,11736.283
000d7d20_5270,11736.241
000d7d20_5271,11736.314
000d7d20_5272,11736.344
000d7d20_5273,11736.624
000d7d20_5274,11736.933
000d7d20_5275,11737.38
000d7d20_5276,11737.271
000d7d20_5277,11737.311
00bbac68_1545,12226.216
00bbac68_1546,12226.246
00bbac68_1547,12226.328
00bbac68_1548,12226.271
00bbac68_1549,12226.326
00bbac68_1550,12226.574
00bbac68_1551,12226.392
00bbac68_1552,12226.519
00bbac68_1553,12226.454
00bbac68_1554,12226.648
00bbac68_1555,12226.66
00bbac68_1556,12226.737
00bbac68_1557,12226.715
00bbac68_1558,12226.731
00bbac68_1559,12226.636
00bbac68_1560,12226.724
00bbac68_1561,12226.731
00bbac68_1562,12226.686
00bbac68_1563,12226.656
00bbac68_1564,12226.794
00bbac68_1565,12226.645
00bbac68_1566,12226.659
00bbac68_1567,12226.599
00bbac68_1568,12226.705
00bbac68_1569,12226.69
00bbac68_1570,12226.662
00bbac68_1571,12226.679
00bbac68_1572,12226.71
00bbac68_1573,12226.636
00bbac68_1574,12226.698
00bbac68_1575,12226.639
00bbac68_1576,12226.721
00bbac68_1577,12226.7295
00bbac68_1578,12226.622
00bbac68_1579,12226.763
00bbac68_1580,12226.646
00bbac68_1581,12226.657
00bbac68_1582,12226.678
00bbac68_1583,12226.679
00bbac68_1584,12226.6455
00bbac68_1585,12226.654
00bbac68_1586,12226.775
00bbac68_1587,12226.705
00bbac68_1588,12226.703
00bbac68_1589,12226.807
00bbac68_1590,12226.774
00bbac68_1591,12226.93
00bbac68_1592,12226.95
00bbac68_1593,12227.015
00bbac68_1594,12226.942
00bbac68_1595,12226.948
00bbac68_1596,12226.862
00bbac68_1597,12226.851
00bbac68_1598,12226.892
00bbac68_1599,12226.936
00bbac68_1600,12228.682
00bbac68_1601,12228.614
00bbac68_1602,12228.621
00bbac68_1603,12228.588
00bbac68_1604,12228.532
00bbac68_1605,12228.613
00bbac68_1606,12228.69
00bbac68_1607,12228.713
00bbac68_1608,12230.296
00bbac68_1609,12230.319
00bbac68_1610,12230.324
00bbac68_1611,12230.303
00bbac68_1612,12230.397
00bbac68_1613,12230.353
00bbac68_1614,12230.375
00bbac68_1615,12230.364
00bbac68_1616,12230.399
00bbac68_1617,12230.39
00bbac68_1618,12230.518
00bbac68_1619,12230.503
00bbac68_1620,12230.435
00bbac68_1621,12230.516
00bbac68_1622,12230.513
00bbac68_1623,12230.527
00bbac68_1624,12230.582
00bbac68_1625,12230.656
00bbac68_1626,12230.664
00bbac68_1627,12230.64
00bbac68_1628,12230.572
00bbac68_1629,12230.568
00bbac68_1630,12230.657
00bbac68_1631,12230.668
00bbac68_1632,12230.699
00bbac68_1633,12230.6455
00bbac68_1634,12230.733
00bbac68_1635,12230.8125
00bbac68_1636,12230.768
00bbac68_1637,12230.721
00bbac68_1638,12230.735
00bbac68_1639,12230.763
00bbac68_1640,12230.787
00bbac68_1641,12230.771
00bbac68_1642,12230.711
00bbac68_1643,12230.632
00bbac68_1644,12230.743
00bbac68_1645,12230.852
00bbac68_1646,12230.797
00bbac68_1647,12230.781
00bbac68_1648,12230.783
00bbac68_1649,12230.801
00bbac68_1650,12230.857
00bbac68_1651,12230.977
00bbac68_1652,12230.883
00bbac68_1653,12230.731
00bbac68_1654,12230.749
00bbac68_1655,12230.709
00bbac68_1656,12230.682
00bbac68_1657,12230.806
00bbac68_1658,12230.874
00bbac68_1659,12230.932
00bbac68_1660,12230.965
00bbac68_1661,12230.958
00bbac68_1662,12230.902
00bbac68_1663,12230.833
00bbac68_1664,12230.84
00bbac68_1665,12230.892
00bbac68_1666,12230.858
00bbac68_1667,12230.857
00bbac68_1668,12230.801
00bbac68_1669,12230.83
00bbac68_1670,12230.831
00bbac68_1671,12230.683
00bbac68_1672,12230.769
00bbac68_1673,12230.736
00bbac68_1674,12230.711
00bbac68_1675,12230.872
00bbac68_1676,12230.869
00bbac68_1677,12230.693
00bbac68_1678,12230.708
00bbac68_1679,12230.74
00bbac68_1680,12230.7705
00bbac68_1681,12230.881
00bbac68_1682,12230.916
00bbac68_1683,12230.944
00bbac68_1684,12230.94
00bbac68_1685,12233.13
00bbac68_1686,12233.055
00bbac68_1687,12233.074
00bbac68_1688,12233.008
00bbac68_1689,12233.04
00bbac68_1690,12232.938
00bbac68_1691,12232.939
00bbac68_1692,12233.163
00bbac68_1693,12233.102
00bbac68_1694,12233.109
00bbac68_1695,12233.001
00bbac68_1696,12232.993
00bbac68_1697,12233.017
00bbac68_1698,12233.135
00bbac68_1699,12233.161
00bbac68_1700,12233.2
00bbac68_1701,12233.199
00bbac68_1702,12233.208
00bbac68_1703,12233.162
00bbac68_1704,12233.207
00bbac68_1705,12233.33
00bbac68_1706,12233.502
00bbac68_1707,12234.027
00bbac68_1708,12234.184
00bbac68_1709,12234.193
00bbac68_1710,12234.119
00bbac68_1711,12234.087
00bbac68_1712,12234.181
00bbac68_1713,12234.1875
00bbac68_1714,12234.188
00bbac68_1715,12234.155
00bbac68_1716,12233.977
00bbac68_1717,12234.064
00bbac68_1718,12234.091
00bbac68_1719,12234.093
00bbac68_1720,12233.93
00bbac68_1721,12233.848
00bbac68_1722,12233.89
00bbac68_1723,12233.942
00bbac68_1724,12233.846
00bbac68_1725,12234.005
00bbac68_1726,12234.104
00bbac68_1727,12233.971
00bbac68_1728,12233.906
00bbac68_1729,12233.944
00bbac68_1730,12234.062
00bbac68_1731,12234.216
00bbac68_1732,12234.22
00bbac68_1733,12234.156
00bbac68_1734,12234.204
00bbac68_1735,12234.201
00bbac68_1736,12234.159
00bbac68_1737,12234.142
00bbac68_1738,12234.073
00bbac68_1739,12233.971
00bbac68_1740,12233.767
00bbac68_1741,12233.475
00bbac68_1742,12233.138
00bbac68_1743,12233.301
00bbac68_1744,12233.335
00bbac68_1745,12233.406
00bbac68_1746,12233.344
00bbac68_1747,12233.302
00bbac68_1748,12233.301
00bbac68_1749,12233.331
00bbac68_1750,12233.354
00bbac68_1751,12233.486
00bbac68_1752,12233.419
00bbac68_1753,12233.453
00bbac68_1754,12233.839
00bbac68_1755,12234.06
00bbac68_1756,12234.046
00bbac68_1757,12233.946
00bbac68_1758,12233.868
00bbac68_1759,12233.854
00bbac68_1760,12233.965
00bbac68_1761,12233.925
00bbac68_1762,12233.894
00bbac68_1763,12233.939
00bbac68_1764,12233.89
00bbac68_1765,12233.86
00bbac68_1766,12233.627
00bbac68_1767,12233.771
00bbac68_1768,12233.662
00bbac68_1769,12233.785
00bbac68_1770,12233.932
00bbac68_1771,12234.012
00bbac68_1772,12233.899
00bbac68_1773,12233.877
00bbac68_1774,12233.864
00bbac68_1775,12233.916
00bbac68_1776,12233.883
00bbac68_1777,12233.813
00bbac68_1778,12233.669
00bbac68_1779,12233.7
00bbac68_1780,12233.72
00bbac68_1781,12233.622
00bbac68_1782,12233.635
00bbac68_1783,12233.6455
00bbac68_1784,12233.568
00bbac68_1785,12233.352
00bbac68_1786,12233.522
00bbac68_1787,12233.439
00bbac68_1788,12233.432
00bbac68_1789,12233.4795
00bbac68_1790,12233.549
00bbac68_1791,12233.514
00bbac68_1792,12233.468
00bbac68_1793,12233.502
00bbac68_1794,12233.525
00bbac68_1795,12233.542
00bbac68_1796,12234.537
00bbac68_1797,12234.48
00bbac68_1798,12234.495
00bbac68_1799,12234.364
00bbac68_1800,12234.34
00bbac68_1801,12234.313
00bbac68_1802,12234.399
00bbac68_1803,12234.541
00bbac68_1804,12234.497
00bbac68_1805,12234.512
00bbac68_1806,12234.399
00bbac68_1807,12234.472
00bbac68_1808,12234.266
00bbac68_1809,12234.269
00bbac68_1810,12234.334
00bbac68_1811,12234.327
00bbac68_1812,12234.332
00bbac68_1813,12234.342
00bbac68_1814,12234.397
00bbac68_1815,12234.457
00bbac68_1816,12234.406
00bbac68_1817,12234.403
00bbac68_1818,12234.291
00bbac68_1819,12234.395
00bbac68_1820,12234.401
00bbac68_1821,12234.202
00bbac68_1822,12234.188
00bbac68_1823,12234.124
00bbac68_1824,12235.764
00bbac68_1825,12235.675
00bbac68_1826,12235.8955
00bbac68_1827,12235.857
00bbac68_1828,12235.877
00bbac68_1829,12235.841
00bbac68_1830,12235.486
00bbac68_1831,12235.272
00bbac68_1832,12235.225
00bbac68_1833,12235.187
00bbac68_1834,12235.024
00bbac68_1835,12235.224
00bbac68_1836,12235.139
00bbac68_1837,12234.961
00bbac68_1838,12234.875
00bbac68_1839,12234.976
00bbac68_1840,12234.8545
00bbac68_1841,12234.808
00bbac68_1842,12234.709
00bbac68_1843,12234.645
00bbac68_1844,12234.703
00bbac68_1845,12234.623
00bbac68_1846,12234.563
00bbac68_1847,12234.667
00bbac68_1848,12234.718
00bbac68_1849,12234.622
00bbac68_1850,12234.597
00bbac68_1851,12234.596
00bbac68_1852,12234.386
00bbac68_1853,12234.598
00bbac68_1854,12234.638
00bbac68_1855,12234.602
00bbac68_1856,12234.647
00bbac68_1857,12234.538
00bbac68_1858,12234.511
00bbac68_1859,12234.512
00bbac68_1860,12234.519
00bbac68_1861,12234.547
00bbac68_1862,12234.39
00bbac68_1863,12234.364
00bbac68_1864,12234.361
00bbac68_1865,12234.554
00bbac68_1866,12234.513
00bbac68_1867,12234.507
00bbac68_1868,12234.551
00bbac68_1869,12234.427
00bbac68_1870,12234.381
00bbac68_1871,12234.532
00bbac68_1872,12234.537
00bbac68_1873,12234.62
00bbac68_1874,12234.499
00bbac68_1875,12234.498
00bbac68_1876,12234.558
00bbac68_1877,12234.401
00bbac68_1878,12234.338
00bbac68_1879,12234.208
00bbac68_1880,12234.202
00bbac68_1881,12234.092
00bbac68_1882,12234.086
00bbac68_1883,12234.109
00bbac68_1884,12234.208
00bbac68_1885,12236.615
00bbac68_1886,12236.545
00bbac68_1887,12236.585
00bbac68_1888,12236.592
00bbac68_1889,12236.583
00bbac68_1890,12236.554
00bbac68_1891,12236.577
00bbac68_1892,12236.263
00bbac68_1893,12236.277
00bbac68_1894,12236.212
00bbac68_1895,12236.214
00bbac68_1896,12236.133
00bbac68_1897,12236.061
00bbac68_1898,12235.994
00bbac68_1899,12236.019
00bbac68_1900,12236.16
00bbac68_1901,12236.142
00bbac68_1902,12236.077
00bbac68_1903,12236.164
00bbac68_1904,12236.147
00bbac68_1905,12236.082
00bbac68_1906,12236.0625
00bbac68_1907,12235.933
00bbac68_1908,12235.956
00bbac68_1909,12235.92
00bbac68_1910,12235.714
00bbac68_1911,12235.537
00bbac68_1912,12235.613
00bbac68_1913,12235.667
00bbac68_1914,12235.709
00bbac68_1915,12235.8545
00bbac68_1916,12235.892
00bbac68_1917,12235.253
00bbac68_1918,12235.255
00bbac68_1919,12235.257
00bbac68_1920,12235.298
00bbac68_1921,12235.262
00bbac68_1922,12235.219
00bbac68_1923,12235.111
00bbac68_1924,12235.129
00bbac68_1925,12235.103
00bbac68_1926,12235.184
00bbac68_1927,12235.063
00bbac68_1928,12234.823
00bbac68_1929,12234.81
00bbac68_1930,12234.763
00bbac68_1931,12234.512
00bbac68_1932,12234.508
00bbac68_1933,12234.6045
00bbac68_1934,12234.722
00bbac68_1935,12234.721
00bbac68_1936,12234.768
00bbac68_1937,12234.729
00bbac68_1938,12234.735
00bbac68_1939,12234.754
00bbac68_1940,12234.671
00bbac68_1941,12234.626
00bbac68_1942,12234.558
00bbac68_1943,12234.723
00bbac68_1944,12234.616
00bbac68_1945,12236.52
00bbac68_1946,12236.529
00bbac68_1947,12236.378
00bbac68_1948,12236.384
00bbac68_1949,12236.438
00bbac68_1950,12236.341
00bbac68_1951,12236.352
00bbac68_1952,12236.356
00bbac68_1953,12236.484
00bbac68_1954,12236.438
00bbac68_1955,12236.504
00bbac68_1956,12236.1875
00bbac68_1957,12236.111
00bbac68_1958,12236.045
00bbac68_1959,12235.975
00bbac68_1960,12236.021
00bbac68_1961,12236.129
00bbac68_1962,12236.083
00bbac68_1963,12235.966
00bbac68_1964,12235.985
00bbac68_1965,12236.004
00bbac68_1966,12236.145
00bbac68_1967,12236.19
00bbac68_1968,12236.106
00bbac68_1969,12236.056
00bbac68_1970,12236.0625
00bbac68_1971,12235.844
00bbac68_1972,12235.798
00bbac68_1973,12235.868
00bbac68_1974,12235.953
00bbac68_1975,12235.992
00bbac68_1976,12235.947
00bbac68_1977,12235.87
00bbac68_1978,12235.92
00bbac68_1979,12235.894
00bbac68_1980,12235.817
00bbac68_1981,12235.902
00bbac68_1982,12235.877
00bbac68_1983,12235.78
00bbac68_1984,12235.802
00bbac68_1985,12235.824
00bbac68_1986,12236.004
00bbac68_1987,12235.539
00bbac68_1988,12235.331
00bbac68_1989,12235.27
00bbac68_1990,12235.276
00bbac68_1991,12235.062
00bbac68_1992,12235.119
00bbac68_1993,12235.079
00bbac68_1994,12235.201
00bbac68_1995,12235.261
00bbac68_1996,12235.259
00bbac68_1997,12235.243
00bbac68_1998,12235.214
00bbac68_1999,12235.146
00bbac68_2000,12235.201
00bbac68_2001,12235.262
00bbac68_2002,12235.08
00bbac68_2003,12234.962
00bbac68_2004,12234.872
00bbac68_2005,12234.864
00bbac68_2006,12234.65
00bbac68_2007,12234.688
00bbac68_2008,12234.697
00bbac68_2009,12236.882
00bbac68_2010,12236.747
00bbac68_2011,12236.784
00bbac68_2012,12236.858
00bbac68_2013,12236.949
00bbac68_2014,12236.855
00bbac68_2015,12236.882
00bbac68_2016,12236.9
00bbac68_2017,12236.935
00bbac68_2018,12236.891
00bbac68_2019,12236.925
00bbac68_2020,12236.952
00bbac68_2021,12236.642
00bbac68_2022,12236.543
00bbac68_2023,12236.565
00bbac68_2024,12236.715
00bbac68_2025,12236.95
00bbac68_2026,12236.94
00bbac68_2027,12236.91
00bbac68_2028,12236.94
00bbac68_2029,12236.953
00bbac68_2030,12236.948
00bbac68_2031,12236.729
00bbac68_2032,12236.795
00bbac68_2033,12236.517
00bbac68_2034,12236.537
00bbac68_2035,12236.597
00bbac68_2036,12236.542
00bbac68_2037,12236.53
00bbac68_2038,12236.591
00bbac68_2039,12236.637
00bbac68_2040,12236.557
00bbac68_2041,12236.607
00bbac68_2042,12236.634
00bbac68_2043,12236.609
00bbac68_2044,12236.608
00bbac68_2045,12236.668
00bbac68_2046,12236.534
00bbac68_2047,12237.222
00bbac68_2048,12237.2705
00bbac68_2049,12237.157
00bbac68_2050,12237.177
00bbac68_2051,12237.071
00bbac68_2052,12237.09
00bbac68_2053,12237.225
00bbac68_2054,12237.217
00bbac68_2055,12237.231
00bbac68_2056,12237.212
00bbac68_2057,12237.115
00bbac68_2058,12237.051
00bbac68_2059,12237.11
00bbac68_2060,12237.058
00bbac68_2061,12237.119
00bbac68_2062,12237.125
00bbac68_2063,12237.12
00bbac68_2064,12237.1
00bbac68_2065,12237.06
00bbac68_2066,12236.93
00bbac68_2067,12236.993
00bbac68_2068,12236.91
00bbac68_2069,12236.991
00bbac68_2070,12236.918
00bbac68_2071,12236.85
00bbac68_2072,12236.87
00bbac68_2073,12236.796
00bbac68_2074,12236.841
00bbac68_2075,12236.94
00bbac68_2076,12236.968
00bbac68_2077,12236.974
00bbac68_2078,12237.033
00bbac68_2079,12236.983
00bbac68_2080,12237.021
00bbac68_2081,12237.069
00bbac68_2082,12237.142
00bbac68_2083,12236.863
00bbac68_2084,12236.81
00bbac68_2085,12236.889
00bbac68_2086,12236.88
00bbac68_2087,12236.841
00bbac68_2088,12236.788
00bbac68_2089,12236.8125
00bbac68_2090,12236.941
00bbac68_2091,12236.933
00bbac68_2092,12236.922
00bbac68_2093,12236.836
00bbac68_2094,12236.71
00bbac68_2095,12236.708
00bbac68_2096,12236.775
00bbac68_2097,12236.738
00bbac68_2098,12236.861
00bbac68_2099,12236.864
00bbac68_2100,12236.763
00bbac68_2101,12237.429
00bbac68_2102,12237.46
00bbac68_2103,12237.485
00bbac68_2104,12237.576
00bbac68_2105,12237.619
00bbac68_2106,12237.583
00bbac68_2107,12237.577
00bbac68_2108,12237.582
00bbac68_2109,12237.5
00bbac68_2110,12237.441
00bbac68_2111,12237.332
00bbac68_2112,12237.338
00bbac68_2113,12237.3955
00bbac68_2114,12237.321
00bbac68_2115,12237.364
00bbac68_2116,12237.322
00bbac68_2117,12237.403
00bbac68_2118,12237.383
00bbac68_2119,12237.351
00bbac68_2120,12237.355
00bbac68_2121,12237.389
00bbac68_2122,12237.354
00bbac68_2123,12237.55
00bbac68_2124,12237.482
00bbac68_2125,12237.438
00bbac68_2126,12237.45
00bbac68_2127,12237.436
00bbac68_2128,12237.451
00bbac68_2129,12237.424
00bbac68_2130,12237.417
00bbac68_2131,12237.223
00bbac68_2132,12237.205
00bbac68_2133,12237.233
00bbac68_2134,12237.404
00bbac68_2135,12237.287
00bbac68_2136,12237.341
00bbac68_2137,12237.34
00bbac68_2138,12237.237
00bbac68_2139,12237.436
00bbac68_2140,12237.499
00bbac68_2141,12237.246
00bbac68_2142,12237.314
00bbac68_2143,12237.301
00bbac68_2144,12237.319
00bbac68_2145,12237.31
00bbac68_2146,12237.288
00bbac68_2147,12237.284
00bbac68_2148,12237.288
00bbac68_2149,12237.252
00bbac68_2150,12237.307
00bbac68_2151,12237.255
00bbac68_2152,12237.331
00bbac68_2153,12237.293
00bbac68_2154,12237.234
00bbac68_2155,12237.228
00bbac68_2156,12237.213
00bbac68_2157,12237.1
00bbac68_2158,12237.126
00bbac68_2159,12237.188
00bbac68_2160,12237.103
00bbac68_2161,12237.06
00bbac68_2162,12237.062
00bbac68_2163,12236.95
00bbac68_2164,12237.1
00bbac68_2165,12237.161
00bbac68_2166,12237.011
00bbac68_2167,12237.03
00bbac68_2168,12236.989
00bbac68_2169,12236.952
00bbac68_2170,12237.018
00bbac68_2171,12236.897
00bbac68_2172,12236.913
00bbac68_2173,12236.888
00bbac68_2174,12236.986
00bbac68_2175,12236.851
00bbac68_2176,12236.863
00bbac68_2177,12236.793
00bbac68_2178,12236.872
00bbac68_2179,12236.824
00bbac68_2180,12236.846
00bbac68_2181,12236.8955
00bbac68_2182,12236.919
00bbac68_2183,12236.93
00bbac68_2184,12236.758
00bbac68_2185,12236.802
00bbac68_2186,12236.953
00bbac68_2187,12237.085
00bbac68_2188,12237.035
00bbac68_2189,12237.598
00bbac68_2190,12237.502
00bbac68_2191,12237.401
00bbac68_2192,12237.33
00bbac68_2193,12237.507
00bbac68_2194,12237.641
00bbac68_2195,12239.143
00bbac68_2196,12239.051
00bbac68_2197,12238.963
00bbac68_2198,12239.124
00bbac68_2199,12239.047
00bbac68_2200,12239.067
00bbac68_2201,12238.966
00bbac68_2202,12238.791
00bbac68_2203,12238.836
00bbac68_2204,12238.88
00bbac68_2205,12238.862
00bbac68_2206,12238.621
00bbac68_2207,12238.62
00bbac68_2208,12238.633
00bbac68_2209,12238.725
00bbac68_2210,12238.853
00bbac68_2211,12238.874
00bbac68_2212,12238.788
00bbac68_2213,12238.767
00bbac68_2214,12238.755
00bbac68_2215,12238.759
00bbac68_2216,12238.454
00bbac68_2217,12238.5205
00bbac68_2218,12238.341
00bbac68_2219,12238.481
00bbac68_2220,12238.455
00bbac68_2221,12238.262
00bbac68_2222,12238.596
00bbac68_2223,12238.705
00bbac68_2224,12238.662
00bbac68_2225,12238.809
00bbac68_2226,12238.635
00bbac68_2227,12238.5
00bbac68_2228,12238.416
00bbac68_2229,12238.494
00bbac68_2230,12238.436
00bbac68_2231,12238.481
00bbac68_2232,12238.451
00bbac68_2233,12238.367
00bbac68_2234,12238.142
00bbac68_2235,12238.143
00bbac68_2236,12238.122
00bbac68_2237,12237.839
00bbac68_2238,12237.937
00bbac68_2239,12237.935
00bbac68_2240,12238.001
00bbac68_2241,12237.954
00bbac68_2242,12237.999
00bbac68_2243,12237.833
00bbac68_2244,12237.906
00bbac68_2245,12237.909
00bbac68_2246,12238.059
00bbac68_2247,12237.935
00bbac68_2248,12238.037
00bbac68_2249,12238.058
00bbac68_2250,12237.891
00bbac68_2251,12237.798
00bbac68_2252,12237.717
00bbac68_2253,12237.73
00bbac68_2254,12237.706
00bbac68_2255,12237.44
00bbac68_2256,12237.544
00bbac68_2257,12237.686
00bbac68_2258,12237.701
00bbac68_2259,12237.717
00bbac68_2260,12237.793
00bbac68_2261,12237.829
00bbac68_2262,12237.713
00bbac68_2263,12237.841
00bbac68_2264,12238.103
00bbac68_2265,12238.676
00bbac68_2266,12238.777
00bbac68_2267,12238.811
00bbac68_2268,12238.734
00bbac68_2269,12238.832
00bbac68_2270,12238.774
00bbac68_2271,12238.765
00bbac68_2272,12238.755
00bbac68_2273,12238.751
00bbac68_2274,12238.798
00bbac68_2275,12238.761
00bbac68_2276,12238.604
00bbac68_2277,12238.697
00bbac68_2278,12238.83
00bbac68_2279,12238.746
00bbac68_2280,12240.117
00bbac68_2281,12240.061
00bbac68_2282,12240.026
00bbac68_2283,12240.029
00bbac68_2284,12240.107
00bbac68_2285,12240.104
00bbac68_2286,12240.05
00bbac68_2287,12240.053
00bbac68_2288,12239.977
00bbac68_2289,12239.88
00bbac68_2290,12239.967
00bbac68_2291,12239.829
00bbac68_2292,12239.913
00bbac68_2293,12239.867
00bbac68_2294,12239.88
00bbac68_2295,12239.882
00bbac68_2296,12239.933
00bbac68_2297,12239.864
00bbac68_2298,12239.904
00bbac68_2299,12239.916
00bbac68_2300,12239.941
00bbac68_2301,12239.938
00bbac68_2302,12239.829
00bbac68_2303,12239.816
00bbac68_2304,12239.891
00bbac68_2305,12239.754
00bbac68_2306,12239.782
00bbac68_2307,12239.803
00bbac68_2308,12239.935
00bbac68_2309,12239.82
00bbac68_2310,12239.66
00bbac68_2311,12239.63
00bbac68_2312,12239.347
00bbac68_2313,12239.462
00bbac68_2314,12239.507
00bbac68_2315,12239.603
00bbac68_2316,12239.608
00bbac68_2317,12239.799
00bbac68_2318,12239.773
00bbac68_2319,12239.831
00bbac68_2320,12239.766
00bbac68_2321,12239.247
00bbac68_2322,12239.267
00bbac68_2323,12239.341
00bbac68_2324,12239.24
00bbac68_2325,12239.292
00bbac68_2326,12239.101
00bbac68_2327,12238.941
00bbac68_2328,12238.867
00bbac68_2329,12238.758
00bbac68_2330,12239.311
00bbac68_2331,12239.365
00bbac68_2332,12239.366
00bbac68_2333,12239.343
00bbac68_2334,12240.671
00bbac68_2335,12240.355
00bbac68_2336,12240.039
00bbac68_2337,12240.063
00bbac68_2338,12240.007
00bbac68_2339,12240.023
00bbac68_2340,12240.027
00bbac68_2341,12239.963
00bbac68_2342,12239.872
00bbac68_2343,12239.751
00bbac68_2344,12239.663
00bbac68_2345,12239.72
00bbac68_2346,12239.892
00bbac68_2347,12239.87
00bbac68_2348,12239.904
00bbac68_2349,12239.828
00bbac68_2350,12239.685
00bbac68_2351,12239.5625
00bbac68_2352,12239.507
00bbac68_2353,12239.444
00bbac68_2354,12239.382
00bbac68_2355,12239.443
00bbac68_2356,12239.336
00bbac68_2357,12239.358
00bbac68_2358,12239.445
00bbac68_2359,12239.349
00bbac68_2360,12239.209
00bbac68_2361,12239.068
00bbac68_2362,12239.1045
00bbac68_2363,12238.731
00bbac68_2364,12238.541
00bbac68_2365,12238.408
00bbac68_2366,12238.515
00bbac68_2367,12238.517
00bbac68_2368,12238.502
00bbac68_2369,12238.487
00bbac68_2370,12238.456
00bbac68_2371,12238.463
00bbac68_2372,12238.526
00bbac68_2373,12238.518
00bbac68_2374,12238.496
00bbac68_2375,12238.184
00bbac68_2376,12238.216
00bbac68_2377,12238.201
00bbac68_2378,12238.19
00bbac68_2379,12238.212
00bbac68_2380,12238.174
00bbac68_2381,12240.504
00bbac68_2382,12240.333
00bbac68_2383,12240.268
00bbac68_2384,12240.251
00bbac68_2385,12240.298
00bbac68_2386,12240.297
00bbac68_2387,12240.415
00bbac68_2388,12240.34
00bbac68_2389,12240.229
00bbac68_2390,12240.286
00bbac68_2391,12240.284
00bbac68_2392,12240.394
00bbac68_2393,12240.25
00bbac68_2394,12240.32
00bbac68_2395,12239.997
00bbac68_2396,12240.173
00bbac68_2397,12240.0625
00bbac68_2398,12240.043
00bbac68_2399,12240.027
00bbac68_2400,12240.069
00bbac68_2401,12240.129
00bbac68_2402,12240.112
00bbac68_2403,12239.959
00bbac68_2404,12240.085
00bbac68_2405,12240.009
00bbac68_2406,12239.844
00bbac68_2407,12239.807
00bbac68_2408,12239.89
00bbac68_2409,12239.644
00bbac68_2410,12239.612
00bbac68_2411,12239.511
00bbac68_2412,12239.509
00bbac68_2413,12239.819
00bbac68_2414,12239.784
00bbac68_2415,12239.751
00bbac68_2416,12239.633
00bbac68_2417,12239.712
00bbac68_2418,12239.644
00bbac68_2419,12239.643
00bbac68_2420,12239.523
00bbac68_2421,12239.361
00bbac68_2422,12239.435
00bbac68_2423,12239.485
00bbac68_2424,12239.534
00bbac68_2425,12239.563
00bbac68_2426,12239.606
00bbac68_2427,12239.509
00bbac68_2428,12239.601
00bbac68_2429,12239.609
00bbac68_2430,12239.553
00bbac68_2431,12239.48
00bbac68_2432,12239.275
00bbac68_2433,12239.188
00bbac68_2434,12239.188
00bbac68_2435,12239.154
00bbac68_2436,12239.241
00bbac68_2437,12240.469
00bbac68_2438,12240.493
00bbac68_2439,12240.562
00bbac68_2440,12240.665
00bbac68_2441,12240.671
00bbac68_2442,12240.63
00bbac68_2443,12240.457
00bbac68_2444,12240.391
00bbac68_2445,12240.248
00bbac68_2446,12240.027
00bbac68_2447,12240.079
00bbac68_2448,12240.061
00bbac68_2449,12240.027
00bbac68_2450,12240.212
00bbac68_2451,12240.305
00bbac68_2452,12240.462
00bbac68_2453,12240.429
00bbac68_2454,12240.422
00bbac68_2455,12240.355
00bbac68_2456,12240.2
00bbac68_2457,12240.061
00bbac68_2458,12240.073
00bbac68_2459,12239.837
00bbac68_2460,12239.931
00bbac68_2461,12239.828
00bbac68_2462,12239.864
00bbac68_2463,12239.804
00bbac68_2464,12239.776
00bbac68_2465,12239.769
00bbac68_2466,12239.853
00bbac68_2467,12239.894
00bbac68_2468,12239.777
00bbac68_2469,12240.153
00bbac68_2470,12240.261
00bbac68_2471,12240.164
00bbac68_2472,12240.183
00bbac68_2473,12240.15
00bbac68_2474,12240.003
00bbac68_2475,12240.126
00bbac68_2476,12240.2
00bbac68_2477,12240.247
00bbac68_2478,12240.308
00bbac68_2479,12240.147
00bbac68_2480,12240.163
00bbac68_2481,12240.105
00bbac68_2482,12239.979
00bbac68_2483,12239.9795
00bbac68_2484,12239.996
00bbac68_2485,12239.995
00bbac68_2486,12239.957
00bbac68_2487,12239.921
00bbac68_2488,12239.972
00bbac68_2489,12241.287
00bbac68_2490,12241.24
00bbac68_2491,12241.232
00bbac68_2492,12241.24
00bbac68_2493,12241.262
00bbac68_2494,12241.087
00bbac68_2495,12241.107
00bbac68_2496,12241.048
00bbac68_2497,12240.971
00bbac68_2498,12240.701
00bbac68_2499,12240.747
00bbac68_2500,12240.697
00bbac68_2501,12240.738
00bbac68_2502,12240.892
00bbac68_2503,12240.8125
00bbac68_2504,12240.698
00bbac68_2505,12240.66
00bbac68_2506,12240.4
00bbac68_2507,12240.328
00bbac68_2508,12240.259
00bbac68_2509,12240.338
00bbac68_2510,12240.319
00bbac68_2511,12240.273
00bbac68_2512,12240.372
00bbac68_2513,12240.336
00bbac68_2514,12240.247
00bbac68_2515,12240.419
00bbac68_2516,12240.294
00bbac68_2517,12240.07
00bbac68_2518,12239.947
00bbac68_2519,12239.974
00bbac68_2520,12239.778
00bbac68_2521,12239.938
00bbac68_2522,12239.859
00bbac68_2523,12239.928
00bbac68_2524,12239.805
00bbac68_2525,12239.796
00bbac68_2526,12239.914
00bbac68_2527,12239.68
00bbac68_2528,12239.738
00bbac68_2529,12239.765
00bbac68_2530,12239.736
00bbac68_2531,12239.715
00bbac68_2532,12239.693
00bbac68_2533,12239.661
00bbac68_2534,12239.626
00bbac68_2535,12239.826
00bbac68_2536,12239.776
00bbac68_2537,12239.785
00bbac68_2538,12239.771
00bbac68_2539,12239.734
00bbac68_2540,12239.616
00bbac68_2541,12239.53
00bbac68_2542,12239.403
00bbac68_2543,12239.314
00bbac68_2544,12239.442
00bbac68_2545,12239.125
00bbac68_2546,12239.168
00bbac68_2547,12239.252
00bbac68_2548,12239.129
00bbac68_2549,12238.957
00bbac68_2550,12238.921
00bbac68_2551,12238.585
00bbac68_2552,12238.597
00bbac68_2553,12238.661
00bbac68_2554,12238.417
00bbac68_2555,12238.292
00bbac68_2556,12238.48
00bbac68_2557,12238.539
00bbac68_2558,12238.749
00bbac68_2559,12238.907
00bbac68_2560,12238.803
00bbac68_2561,12238.879
00bbac68_2562,12238.458
00bbac68_2563,12238.456
00bbac68_2564,12238.386
00bbac68_2565,12238.484
00bbac68_2566,12238.362
00bbac68_2567,12240.319
00bbac68_2568,12240.286
00bbac68_2569,12240.327
00bbac68_2570,12240.345
00bbac68_2571,12240.24
00bbac68_2572,12240.212
00bbac68_2573,12240.241
00bbac68_2574,12240.147
00bbac68_2575,12240.279
00bbac68_2576,12240.131
00bbac68_2577,12240.063
00bbac68_2578,12239.826
00bbac68_2579,12239.77
00bbac68_2580,12239.661
00bbac68_2581,12240.597
00bbac68_2582,12240.567
00bbac68_2583,12240.654
00bbac68_2584,12240.596
00bbac68_2585,12240.614
00bbac68_2586,12240.567
00bbac68_2587,12240.413
00bbac68_2588,12240.607
00bbac68_2589,12240.736
00bbac68_2590,12240.527
00bbac68_2591,12240.625
00bbac68_2592,12240.663
00bbac68_2593,12240.637
00bbac68_2594,12240.619
00bbac68_2595,12240.661
00bbac68_2596,12240.643
00bbac68_2597,12240.593
00bbac68_2598,12240.71
00bbac68_2599,12240.674
00bbac68_2600,12240.633
00bbac68_2601,12240.678
00bbac68_2602,12240.622
00bbac68_2603,12240.659
00bbac68_2604,12240.725
00bbac68_2605,12240.649
00bbac68_2606,12240.786
00bbac68_2607,12240.799
00bbac68_2608,12240.701
00bbac68_2609,12240.78
00bbac68_2610,12240.809
00bbac68_2611,12240.506
00bbac68_2612,12240.475
00bbac68_2613,12240.567
00bbac68_2614,12240.583
00bbac68_2615,12240.359
00bbac68_2616,12240.307
00bbac68_2617,12240.141
00bbac68_2618,12240.186
00bbac68_2619,12240.315
00bbac68_2620,12240.123
00bbac68_2621,12240.111
00bbac68_2622,12240.171
00bbac68_2623,12240.144
00bbac68_2624,12240.2
00bbac68_2625,12240.013
00bbac68_2626,12239.775
00bbac68_2627,12239.718
00bbac68_2628,12239.753
00bbac68_2629,12239.768
00bbac68_2630,12239.67
00bbac68_2631,12239.664
00bbac68_2632,12239.655
00bbac68_2633,12239.729
00bbac68_2634,12239.596
00bbac68_2635,12239.571
00bbac68_2636,12239.568
00bbac68_2637,12239.489
00bbac68_2638,12239.461
00bbac68_2639,12239.62
00bbac68_2640,12239.455
00bbac68_2641,12239.401
00bbac68_2642,12239.468
00bbac68_2643,12239.338
00bbac68_2644,12239.466
00bbac68_2645,12239.2705
00bbac68_2646,12239.259
00bbac68_2647,12239.383
00bbac68_2648,12239.083
00bbac68_2649,12239.163
00bbac68_2650,12239.135
00bbac68_2651,12239.276
00bbac68_2652,12239.13
00bbac68_2653,12239.208
00bbac68_2654,12239.089
00bbac68_2655,12239.13
00bbac68_2656,12238.876
00bbac68_2657,12238.713
00bbac68_2658,12238.68
00bbac68_2659,12238.588
00bbac68_2660,12238.751
00bbac68_2661,12238.551
00bbac68_2662,12238.627
00bbac68_2663,12238.64
00bbac68_2664,12238.466
00bbac68_2665,12238.697
00bbac68_2666,12238.38
00bbac68_2667,12238.101
00bbac68_2668,12238.236
00bbac68_2669,12238.349
00bbac68_2670,12238.118
00bbac68_2671,12238.13
00bbac68_2672,12238.125
00bbac68_2673,12238.081
00bbac68_2674,12238.203
00bbac68_2675,12238.147
00bbac68_2676,12238.289
00bbac68_2677,12238.283
00bbac68_2678,12238.11
00bbac68_2679,12238.103
00bbac68_2680,12238.088
00bbac68_2681,12239.564
00bbac68_2682,12239.604
00bbac68_2683,12239.556
00bbac68_2684,12239.421
00bbac68_2685,12239.238
00bbac68_2686,12239.102
00bbac68_2687,12239.1045
00bbac68_2688,12239.116
00bbac68_2689,12239.169
00bbac68_2690,12239.168
00bbac68_2691,12239.09
00bbac68_2692,12239.1045
00bbac68_2693,12238.901
00bbac68_2694,12238.711
00bbac68_2695,12238.647
00bbac68_2696,12238.592
00bbac68_2697,12238.622
00bbac68_2698,12238.686
00bbac68_2699,12238.614
00bbac68_2700,12238.631
00bbac68_2701,12238.713
00bbac68_2702,12238.365
00bbac68_2703,12238.361
00bbac68_2704,12238.171
00bbac68_2705,12238.167
00bbac68_2706,12238.086
00bbac68_2707,12238.198
00bbac68_2708,12238.175
00bbac68_2709,12238.098
00bbac68_2710,12238.266
00bbac68_2711,12238.346
00bbac68_2712,12238.252
00bbac68_2713,12238.212
00bbac68_2714,12238.158
00bbac68_2715,12238.364
00bbac68_2716,12238.248
00bbac68_2717,12240.086
00bbac68_2718,12240.227
00bbac68_2719,12240.159
00bbac68_2720,12240.195
00bbac68_2721,12239.991
00bbac68_2722,12239.825
00bbac68_2723,12239.711
00bbac68_2724,12239.609
00bbac68_2725,12239.632
00bbac68_2726,12239.729
00bbac68_2727,12239.605
00bbac68_2728,12239.665
00bbac68_2729,12239.553
00bbac68_2730,12239.48
00bbac68_2731,12239.317
00bbac68_2732,12239.241
00bbac68_2733,12239.159
00bbac68_2734,12239.049
00bbac68_2735,12239.105
00bbac68_2736,12239.097
00bbac68_2737,12239.079
00bbac68_2738,12238.858
00bbac68_2739,12238.8
00bbac68_2740,12238.847
00bbac68_2741,12238.794
00bbac68_2742,12238.79
00bbac68_2743,12238.667
00bbac68_2744,12238.765
00bbac68_2745,12238.82
00bbac68_2746,12238.419
00bbac68_2747,12238.417
00bbac68_2748,12238.033
00bbac68_2749,12238.063
00bbac68_2750,12238.041
00bbac68_2751,12237.963
00bbac68_2752,12237.998
00bbac68_2753,12237.839
00bbac68_2754,12238.014
00bbac68_2755,12238.363
00bbac68_2756,12238.171
00bbac68_2757,12238.301
00bbac68_2758,12238.246
00bbac68_2759,12238.402
00bbac68_2760,12238.112
00bbac68_2761,12237.714
00bbac68_2762,12238.013
00bbac68_2763,12238.109
00bbac68_2764,12238.103
00bbac68_2765,12238.029
00bbac68_2766,12237.956
00bbac68_2767,12238.08
00bbac68_2768,12238.066
00bbac68_2769,12238.162
00bbac68_2770,12238.059
00bbac68_2771,12237.959
00bbac68_2772,12238.108
00bbac68_2773,12237.907
00bbac68_2774,12238.0205
00bbac68_2775,12237.91
00bbac68_2776,12237.745
00bbac68_2777,12237.888
00bbac68_2778,12237.862
00bbac68_2779,12237.922
00bbac68_2780,12237.964
00bbac68_2781,12237.758
00bbac68_2782,12237.767
00bbac68_2783,12237.609
00bbac68_2784,12237.673
00bbac68_2785,12237.737
00bbac68_2786,12237.642
00bbac68_2787,12237.52
00bbac68_2788,12237.409
00bbac68_2789,12237.574
00bbac68_2790,12237.643
00bbac68_2791,12237.542
00bbac68_2792,12237.643
00bbac68_2793,12237.434
00bbac68_2794,12237.988
00bbac68_2795,12238.068
00bbac68_2796,12238.037
00bbac68_2797,12238.161
00bbac68_2798,12238.002
00bbac68_2799,12237.917
00bbac68_2800,12237.987
00bbac68_2801,12237.804
00bbac68_2802,12237.776
00bbac68_2803,12237.715
00bbac68_2804,12237.815
00bbac68_2805,12237.704
00bbac68_2806,12237.629
00bbac68_2807,12237.73
00bbac68_2808,12237.714
00bbac68_2809,12237.55
00bbac68_2810,12237.497
00bbac68_2811,12237.452
00bbac68_2812,12237.544
00bbac68_2813,12237.475
00bbac68_2814,12237.535
00bbac68_2815,12237.252
00bbac68_2816,12237.269
00bbac68_2817,12237.382
00bbac68_2818,12237.297
00bbac68_2819,12237.42
00bbac68_2820,12237.295
00bbac68_2821,12237.296
00bbac68_2822,12237.302
00bbac68_2823,12237.187
00bbac68_2824,12237.271
00bbac68_2825,12237.224
00bbac68_2826,12236.958
00bbac68_2827,12237.09
00bbac68_2828,12237.17
00bbac68_2829,12237.0625
00bbac68_2830,12237.119
00bbac68_2831,12237.062
00bbac68_2832,12237.073
00bbac68_2833,12236.913
00bbac68_2834,12236.929
00bbac68_2835,12236.564
00bbac68_2836,12236.886
00bbac68_2837,12236.763
00bbac68_2838,12236.806
00bbac68_2839,12236.838
00bbac68_2840,12236.539
00bbac68_2841,12236.6
00bbac68_2842,12236.698
00bbac68_2843,12236.711
00bbac68_2844,12236.734
00bbac68_2845,12236.664
00bbac68_2846,12237.553
00bbac68_2847,12237.609
00bbac68_2848,12237.568
00bbac68_2849,12237.56
00bbac68_2850,12237.517
00bbac68_2851,12237.484
00bbac68_2852,12237.696
00bbac68_2853,12237.671
00bbac68_2854,12237.627
00bbac68_2855,12237.695
00bbac68_2856,12237.698
00bbac68_2857,12237.614
00bbac68_2858,12237.602
00bbac68_2859,12237.734
00bbac68_2860,12237.553
00bbac68_2861,12237.513
00bbac68_2862,12237.674
00bbac68_2863,12237.529
00bbac68_2864,12237.498
00bbac68_2865,12237.401
00bbac68_2866,12237.502
00bbac68_2867,12237.476
00bbac68_2868,12237.528
00bbac68_2869,12237.506
00bbac68_2870,12237.573
00bbac68_2871,12237.562
00bbac68_2872,12237.539
00bbac68_2873,12237.459
00bbac68_2874,12237.432
00bbac68_2875,12237.43
00bbac68_2876,12237.507
00bbac68_2877,12237.523
00bbac68_2878,12237.418
00bbac68_2879,12237.414
00bbac68_2880,12237.437
00bbac68_2881,12237.355
00bbac68_2882,12237.188
00bbac68_2883,12237.187
00bbac68_2884,12237.18
00bbac68_2885,12237.247
00bbac68_2886,12237.189
00bbac68_2887,12237.109
00bbac68_2888,12237.149
00bbac68_2889,12237.125
00bbac68_2890,12237.069
00bbac68_2891,12236.968
00bbac68_2892,12237.034
00bbac68_2893,12237.379
00bbac68_2894,12237.335
00bbac68_2895,12237.283
00bbac68_2896,12237.272
00bbac68_2897,12237.297
00bbac68_2898,12237.266
00bbac68_2899,12237.298
00bbac68_2900,12237.297
00bbac68_2901,12237.261
00bbac68_2902,12237.32
00bbac68_2903,12237.296
00bbac68_2904,12237.258
00bbac68_2905,12237.45
00bbac68_2906,12237.465
00bbac68_2907,12237.377
00bbac68_2908,12237.463
00bbac68_2909,12237.379
00bbac68_2910,12237.452
00bbac68_2911,12238.598
00bbac68_2912,12238.53
00bbac68_2913,12238.568
00bbac68_2914,12238.535
00bbac68_2915,12238.411
00bbac68_2916,12238.51
00bbac68_2917,12238.4375
00bbac68_2918,12238.261
00bbac68_2919,12238.178
00bbac68_2920,12238.232
00bbac68_2921,12238.179
00bbac68_2922,12238.131
00bbac68_2923,12238.128
00bbac68_2924,12238.085
00bbac68_2925,12237.965
00bbac68_2926,12237.966
00bbac68_2927,12237.978
00bbac68_2928,12237.904
00bbac68_2929,12237.977
00bbac68_2930,12237.947
00bbac68_2931,12237.893
00bbac68_2932,12237.995
00bbac68_2933,12238.003
00bbac68_2934,12238.0
00bbac68_2935,12237.975
00bbac68_2936,12237.966
00bbac68_2937,12237.837
00bbac68_2938,12238.007
00bbac68_2939,12237.906
00bbac68_2940,12237.922
00bbac68_2941,12237.907
00bbac68_2942,12237.948
00bbac68_2943,12237.913
00bbac68_2944,12238.002
00bbac68_2945,12237.943
00bbac68_2946,12237.98
00bbac68_2947,12237.9795
00bbac68_2948,12238.032
00bbac68_2949,12238.067
00bbac68_2950,12238.029
00bbac68_2951,12237.949
00bbac68_2952,12238.002
00bbac68_2953,12237.966
00bbac68_2954,12237.948
00bbac68_2955,12237.739
00bbac68_2956,12238.455
00bbac68_2957,12238.331
00bbac68_2958,12238.373
00bbac68_2959,12238.413
00bbac68_2960,12238.353
00bbac68_2961,12238.294
00bbac68_2962,12238.272
00bbac68_2963,12238.283
00bbac68_2964,12238.256
00bbac68_2965,12238.274
00bbac68_2966,12238.326
00bbac68_2967,12238.375
00bbac68_2968,12238.253
00bbac68_2969,12238.209
00bbac68_2970,12238.355
00bbac68_2971,12238.322
00bbac68_2972,12238.253
00bbac68_2973,12238.215
00bbac68_2974,12238.308
00bbac68_2975,12238.2295
00bbac68_2976,12238.283
00bbac68_2977,12238.215
00bbac68_2978,12238.19
00bbac68_2979,12238.084
00bbac68_2980,12237.935
00bbac68_2981,12237.982
00bbac68_2982,12237.9795
00bbac68_2983,12240.067
00bbac68_2984,12240.052
00bbac68_2985,12240.089
00bbac68_2986,12240.04
00bbac68_2987,12240.0205
00bbac68_2988,12239.997
00bbac68_2989,12240.046
00bbac68_2990,12240.0205
00bbac68_2991,12239.841
00bbac68_2992,12239.915
00bbac68_2993,12240.229
00bbac68_2994,12240.119
00bbac68_2995,12240.141
00bbac68_2996,12240.217
00bbac68_2997,12240.149
00bbac68_2998,12240.155
00bbac68_2999,12240.16
00bbac68_3000,12240.242
00bbac68_3001,12240.223
00bbac68_3002,12240.251
00bbac68_3003,12240.203
00bbac68_3004,12240.142
00bbac68_3005,12240.186
00bbac68_3006,12240.247
00bbac68_3007,12240.242
00bbac68_3008,12240.196
00bbac68_3009,12240.162
00bbac68_3010,12240.1
00bbac68_3011,12240.213
00bbac68_3012,12240.164
00bbac68_3013,12240.097
00bbac68_3014,12240.217
00bbac68_3015,12240.182
00bbac68_3016,12240.201
00bbac68_3017,12240.149
00bbac68_3018,12240.233
00bbac68_3019,12240.255
00bbac68_3020,12240.232
00bbac68_3021,12240.283
00bbac68_3022,12240.158
00bbac68_3023,12240.208
00bbac68_3024,12240.135
00bbac68_3025,12240.231
00bbac68_3026,12240.338
00bbac68_3027,12240.373
00bbac68_3028,12240.257
00bbac68_3029,12240.338
00bbac68_3030,12240.283
00bbac68_3031,12240.213
00bbac68_3032,12240.205
00bbac68_3033,12240.298
00bbac68_3034,12240.232
00bbac68_3035,12240.164
00bbac68_3036,12240.229
00bbac68_3037,12240.127
00bbac68_3038,12240.1
00bbac68_3039,12240.259
00bbac68_3040,12240.03
00bbac68_3041,12239.992
00bbac68_3042,12240.175
00bbac68_3043,12240.255
00bbac68_3044,12240.204
00bbac68_3045,12240.212
00bbac68_3046,12240.203
00bbac68_3047,12240.104
00bbac68_3048,12240.095
00bbac68_3049,12240.143
00bbac68_3050,12240.448
00bbac68_3051,12240.249
00bbac68_3052,12240.387
00bbac68_3053,12240.56
00bbac68_3054,12240.762
00bbac68_3055,12240.7705
00bbac68_3056,12240.625
00bbac68_3057,12240.77
00bbac68_3058,12240.751
00bbac68_3059,12240.686
00bbac68_3060,12241.0205
00bbac68_3061,12240.937
00bbac68_3062,12240.932
00bbac68_3063,12240.999
00bbac68_3064,12241.091
00bbac68_3065,12241.0205
00bbac68_3066,12241.13
00bbac68_3067,12241.011
00bbac68_3068,12241.076
00bbac68_3069,12241.179
00bbac68_3070,12241.061
00bbac68_3071,12241.056
00bbac68_3072,12241.165
00bbac68_3073,12241.028
00bbac68_3074,12241.136
00bbac68_3075,12241.223
00bbac68_3076,12241.154
00bbac68_3077,12240.964
00bbac68_3078,12241.025
00bbac68_3079,12241.063
00bbac68_3080,12241.068
00bbac68_3081,12241.188
00bbac68_3082,12241.145
00bbac68_3083,12241.113
00bbac68_3084,12241.171
00bbac68_3085,12241.033
00bbac68_3086,12240.981
00bbac68_3087,12240.951
00bbac68_3088,12241.095
00bbac68_3089,12241.106
00bbac68_3090,12241.043
00bbac68_3091,12240.967
00bbac68_3092,12240.934
00bbac68_3093,12241.049
00bbac68_3094,12241.028
00bbac68_3095,12241.296
00bbac68_3096,12241.221
00bbac68_3097,12241.182
00bbac68_3098,12241.253
00bbac68_3099,12241.199
00bbac68_3100,12241.143
00bbac68_3101,12241.258
00bbac68_3102,12241.115
00bbac68_3103,12241.162
00bbac68_3104,12241.209
00bbac68_3105,12241.369
00bbac68_3106,12241.22
00bbac68_3107,12241.225
00bbac68_3108,12241.221
00bbac68_3109,12241.239
00bbac68_3110,12241.262
00bbac68_3111,12241.248
00bbac68_3112,12241.278
00bbac68_3113,12241.258
00bbac68_3114,12241.288
00bbac68_3115,12241.268
00bbac68_3116,12241.344
00bbac68_3117,12241.296
00bbac68_3118,12241.288
00bbac68_3119,12241.281
00bbac68_3120,12241.371
00bbac68_3121,12241.282
00bbac68_3122,12241.23
00bbac68_3123,12241.169
00bbac68_3124,12241.177
00bbac68_3125,12241.185
00bbac68_3126,12241.183
00bbac68_3127,12241.222
00bbac68_3128,12241.205
00bbac68_3129,12241.395
00bbac68_3130,12241.524
00bbac68_3131,12241.469
00bbac68_3132,12241.495
00bbac68_3133,12242.279
00bbac68_3134,12242.226
00bbac68_3135,12242.303
00bbac68_3136,12242.313
00bbac68_3137,12242.297
00bbac68_3138,12242.34
00bbac68_3139,12242.362
00bbac68_3140,12242.412
00bbac68_3141,12242.515
00bbac68_3142,12242.418
00bbac68_3143,12242.327
00bbac68_3144,12242.333
00bbac68_3145,12242.381
00bbac68_3146,12242.364
00bbac68_3147,12242.389
00bbac68_3148,12242.435
00bbac68_3149,12242.404
00bbac68_3150,12242.342
00bbac68_3151,12242.28
00bbac68_3152,12242.283
00bbac68_3153,12242.276
00bbac68_3154,12242.263
00bbac68_3155,12242.335
00bbac68_3156,12242.307
00bbac68_3157,12242.365
00bbac68_3158,12243.265
00bbac68_3159,12243.2705
00bbac68_3160,12243.294
00bbac68_3161,12243.293
00bbac68_3162,12243.279
00bbac68_3163,12243.311
00bbac68_3164,12243.331
00bbac68_3165,12243.412
00bbac68_3166,12243.409
00bbac68_3167,12243.43
00bbac68_3168,12243.115
00bbac68_3169,12243.136
00bbac68_3170,12243.134
00bbac68_3171,12243.16
00bbac68_3172,12243.135
00bbac68_3173,12242.974
00bbac68_3174,12242.935
00bbac68_3175,12243.181
00bbac68_3176,12243.05
00bbac68_3177,12243.046
00bbac68_3178,12242.853
00bbac68_3179,12242.785
00bbac68_3180,12242.894
00bbac68_3181,12242.826
00bbac68_3182,12242.891
00bbac68_3183,12243.016
00bbac68_3184,12243.038
00bbac68_3185,12242.974
00bbac68_3186,12243.022
00bbac68_3187,12242.968
00bbac68_3188,12243.032
00bbac68_3189,12243.106
00bbac68_3190,12243.784
00bbac68_3191,12243.911
00bbac68_3192,12244.044
00bbac68_3193,12244.846
00bbac68_3194,12244.906
00bbac68_3195,12244.904
00bbac68_3196,12244.861
00bbac68_3197,12244.866
00bbac68_3198,12244.798
00bbac68_3199,12244.845
00bbac68_3200,12244.878
00bbac68_3201,12244.851
00bbac68_3202,12244.96
00bbac68_3203,12244.816
00bbac68_3204,12244.587
00bbac68_3205,12244.809
00bbac68_3206,12244.865
00bbac68_3207,12244.866
00bbac68_3208,12244.895
00bbac68_3209,12244.921
00bbac68_3210,12244.819
00bbac68_3211,12244.772
00bbac68_3212,12244.737
00bbac68_3213,12244.705
00bbac68_3214,12244.796
00bbac68_3215,12244.696
00bbac68_3216,12244.702
00bbac68_3217,12244.663
00bbac68_3218,12244.686
00bbac68_3219,12244.604
00bbac68_3220,12244.432
00bbac68_3221,12244.418
00bbac68_3222,12244.381
00bbac68_3223,12244.3125
00bbac68_3224,12244.178
00bbac68_3225,12244.415
00bbac68_3226,12244.467
00bbac68_3227,12244.493
00bbac68_3228,12244.525
00bbac68_3229,12244.466
00bbac68_3230,12244.494
00bbac68_3231,12244.416
00bbac68_3232,12244.319
00bbac68_3233,12244.268
00bbac68_3234,12244.346
00bbac68_3235,12244.259
00bbac68_3236,12244.154
00bbac68_3237,12243.838
00bbac68_3238,12243.911
00bbac68_3239,12243.869
00bbac68_3240,12243.895
00bbac68_3241,12244.279
00bbac68_3242,12244.327
00bbac68_3243,12244.332
00bbac68_3244,12244.156
00bbac68_3245,12243.903
00bbac68_3246,12243.933
00bbac68_3247,12243.846
00bbac68_3248,12243.706
00bbac68_3249,12243.63
00bbac68_3250,12243.661
00bbac68_3251,12243.676
00bbac68_3252,12243.857
00bbac68_3253,12244.055
00bbac68_3254,12243.8955
00bbac68_3255,12243.704
00bbac68_3256,12243.571
00bbac68_3257,12243.544
00bbac68_3258,12243.577
00bbac68_3259,12243.998
00bbac68_3260,12243.927
00bbac68_3261,12243.649
00bbac68_3262,12243.72
00bbac68_3263,12243.757
00bbac68_3264,12243.735
00bbac68_3265,12243.708
00bbac68_3266,12243.759
00bbac68_3267,12243.743
00bbac68_3268,12244.23
00bbac68_3269,12243.801
00bbac68_3270,12243.726
00bbac68_3271,12243.743
00bbac68_3272,12243.874
00bbac68_3273,12243.74
00bbac68_3274,12243.7295
00bbac68_3275,12243.814
00bbac68_3276,12243.843
00bbac68_3277,12243.767
00bbac68_3278,12243.792
00bbac68_3279,12243.825
00bbac68_3280,12243.811
00bbac68_3281,12243.816
00bbac68_3282,12243.979
00bbac68_3283,12243.903
00bbac68_3284,12243.887
00bbac68_3285,12243.952
00bbac68_3286,12244.16
00bbac68_3287,12244.021
00bbac68_3288,12244.015
00bbac68_3289,12244.236
00bbac68_3290,12244.094
00bbac68_3291,12244.236
00bbac68_3292,12244.139
00bbac68_3293,12244.168
00bbac68_3294,12244.373
00bbac68_3295,12244.408
00bbac68_3296,12244.097
00bbac68_3297,12244.343
00bbac68_3298,12244.463
00bbac68_3299,12244.541
00bbac68_3300,12244.547
00bbac68_3301,12244.714
00bbac68_3302,12244.838
00bbac68_3303,12244.814
00bbac68_3304,12244.757
00bbac68_3305,12244.837
00bbac68_3306,12244.916
00bbac68_3307,12244.894
00bbac68_3308,12244.955
00bbac68_3309,12245.295
00bbac68_3310,12245.311
00bbac68_3311,12245.315
00bbac68_3312,12245.389
00bbac68_3313,12245.325
00bbac68_3314,12245.285
00bbac68_3315,12245.321
00bbac68_3316,12245.265
00bbac68_3317,12245.236
00bbac68_3318,12245.215
00bbac68_3319,12245.291
00bbac68_3320,12245.276
00bbac68_3321,12245.265
00bbac68_3322,12245.369
00bbac68_3323,12245.372
00bbac68_3324,12245.397
00bbac68_3325,12245.388
00bbac68_3326,12245.353
00bbac68_3327,12245.481
00bbac68_3328,12245.356
00bbac68_3329,12245.39
00bbac68_3330,12245.395
00bbac68_3331,12245.382
00bbac68_3332,12245.408
00bbac68_3333,12245.398
00bbac68_3334,12245.444
00bbac68_3335,12245.308
00bbac68_3336,12245.382
00bbac68_3337,12245.4375
00bbac68_3338,12245.412
00bbac68_3339,12244.921
00bbac68_3340,12244.722
00bbac68_3341,12244.8955
00bbac68_3342,12244.969
00bbac68_3343,12244.943
00bbac68_3344,12244.74
00bbac68_3345,12244.683
00bbac68_3346,12244.7295
00bbac68_3347,12245.316
00bbac68_3348,12245.211
00bbac68_3349,12245.27
00bbac68_3350,12244.773
00bbac68_3351,12244.645
00bbac68_3352,12244.621
00bbac68_3353,12244.701
00bbac68_3354,12244.688
00bbac68_3355,12244.702
00bbac68_3356,12244.742
00bbac68_3357,12244.785
00bbac68_3358,12244.8955
00bbac68_3359,12244.957
00bbac68_3360,12244.802
00bbac68_3361,12244.814
00bbac68_3362,12244.711
00bbac68_3363,12245.343
00bbac68_3364,12244.867
00bbac68_3365,12244.751
00bbac68_3366,12244.85
00bbac68_3367,12244.885
00bbac68_3368,12244.901
00bbac68_3369,12245.417
00bbac68_3370,12245.023
00bbac68_3371,12244.873
00bbac68_3372,12245.309
00bbac68_3373,12245.483
00bbac68_3374,12245.47
00bbac68_3375,12245.502
00bbac68_3376,12245.424
00bbac68_3377,12245.34
00bbac68_3378,12245.343
00bbac68_3379,12245.362
00bbac68_3380,12245.429
00bbac68_3381,12245.415
00bbac68_3382,12245.418
00bbac68_3383,12245.386
00bbac68_3384,12245.3955
00bbac68_3385,12245.34
00bbac68_3386,12245.397
00bbac68_3387,12245.34
00bbac68_3388,12245.366
00bbac68_3389,12245.473
00bbac68_3390,12245.482
00bbac68_3391,12245.488
00bbac68_3392,12245.384
00bbac68_3393,12245.475
00bbac68_3394,12245.442
00bbac68_3395,12245.375
00bbac68_3396,12245.446
00bbac68_3397,12245.352
00bbac68_3398,12245.312
00bbac68_3399,12245.304
00bbac68_3400,12245.292
00bbac68_3401,12245.304
00bbac68_3402,12245.224
00bbac68_3403,12245.241
00bbac68_3404,12245.134
00bbac68_3405,12245.197
00bbac68_3406,12245.12
00bbac68_3407,12245.15
00bbac68_3408,12244.822
00bbac68_3409,12244.883
00bbac68_3410,12244.905
00bbac68_3411,12244.96
00bbac68_3412,12245.08
00bbac68_3413,12245.0
00bbac68_3414,12245.039
00bbac68_3415,12244.992
00bbac68_3416,12245.138
00bbac68_3417,12245.133
00bbac68_3418,12245.105
00bbac68_3419,12245.153
00bbac68_3420,12245.32
00bbac68_3421,12245.304
00bbac68_3422,12245.167
00bbac68_3423,12245.147
00bbac68_3424,12245.274
00bbac68_3425,12245.187
00bbac68_3426,12245.198
00bbac68_3427,12245.205
00bbac68_3428,12245.132
00bbac68_3429,12245.142
00bbac68_3430,12245.171
00bbac68_3431,12245.178
00bbac68_3432,12245.163
00bbac68_3433,12245.176
00bbac68_3434,12245.128
00bbac68_3435,12244.988
00bbac68_3436,12245.094
00bbac68_3437,12245.193
00bbac68_3438,12245.096
00bbac68_3439,12245.066
00bbac68_3440,12245.099
00bbac68_3441,12245.078
00bbac68_3442,12245.09
00bbac68_3443,12245.1
00bbac68_3444,12245.069
00bbac68_3445,12245.096
00bbac68_3446,12245.024
00bbac68_3447,12244.839
00bbac68_3448,12244.7705
00bbac68_3449,12244.545
00bbac68_3450,12244.586
00bbac68_3451,12244.458
00bbac68_3452,12244.413
00bbac68_3453,12244.473
00bbac68_3454,12244.483
00bbac68_3455,12244.468
00bbac68_3456,12244.306
00bbac68_3457,12244.062
00bbac68_3458,12244.081
00bbac68_3459,12244.016
00bbac68_3460,12243.957
00bbac68_3461,12244.009
00bbac68_3462,12243.94
00bbac68_3463,12243.91
00bbac68_3464,12243.871
00bbac68_3465,12243.846
00bbac68_3466,12243.842
00bbac68_3467,12243.889
00bbac68_3468,12243.906
00bbac68_3469,12243.89
00bbac68_3470,12243.858
00bbac68_3471,12244.278
00bbac68_3472,12244.47
00bbac68_3473,12244.306
00bbac68_3474,12243.878
00bbac68_3475,12244.37
00bbac68_3476,12244.501
00bbac68_3477,12244.6
00bbac68_3478,12244.708
00bbac68_3479,12244.665
00bbac68_3480,12244.738
00bbac68_3481,12244.735
00bbac68_3482,12244.722
00bbac68_3483,12244.788
00bbac68_3484,12244.835
00bbac68_3485,12244.9375
00bbac68_3486,12244.896
00bbac68_3487,12244.856
00bbac68_3488,12244.796
00bbac68_3489,12244.8
00bbac68_3490,12244.791
00bbac68_3491,12244.795
00bbac68_3492,12244.874
00bbac68_3493,12244.95
00bbac68_3494,12244.905
00bbac68_3495,12244.846
00bbac68_3496,12244.907
00bbac68_3497,12244.789
00bbac68_3498,12244.789
00bbac68_3499,12244.8125
00bbac68_3500,12244.811
00bbac68_3501,12244.788
00bbac68_3502,12244.151
00bbac68_3503,12244.109
00bbac68_3504,12244.503
00bbac68_3505,12244.7295
00bbac68_3506,12244.097
00bbac68_3507,12244.092
00bbac68_3508,12244.231
00bbac68_3509,12244.448
00bbac68_3510,12244.288
00bbac68_3511,12244.21
00bbac68_3512,12244.033
00bbac68_3513,12244.071
00bbac68_3514,12244.117
00bbac68_3515,12244.015
00bbac68_3516,12244.063
00bbac68_3517,12244.028
00bbac68_3518,12243.98
00bbac68_3519,12244.04
00bbac68_3520,12244.458
00bbac68_3521,12244.293
00bbac68_3522,12243.921
00bbac68_3523,12243.89
00bbac68_3524,12243.9
00bbac68_3525,12243.894
00bbac68_3526,12243.81
00bbac68_3527,12243.832
00bbac68_3528,12243.955
00bbac68_3529,12243.873
00bbac68_3530,12243.815
00bbac68_3531,12243.826
00bbac68_3532,12243.811
00bbac68_3533,12243.78
00bbac68_3534,12243.84
00bbac68_3535,12243.815
00bbac68_3536,12243.945
00bbac68_3537,12243.973
00bbac68_3538,12244.068
00bbac68_3539,12243.962
00bbac68_3540,12243.951
00bbac68_3541,12243.939
00bbac68_3542,12243.882
00bbac68_3543,12243.917
00bbac68_3544,12244.087
00bbac68_3545,12244.097
00bbac68_3546,12243.974
00bbac68_3547,12243.739
00bbac68_3548,12243.703
00bbac68_3549,12243.271
00bbac68_3550,12243.178
00bbac68_3551,12243.311
00bbac68_3552,12242.994
00bbac68_3553,12243.017
00bbac68_3554,12243.047
00bbac68_3555,12243.059
00bbac68_3556,12242.995
00bbac68_3557,12243.143
00bbac68_3558,12242.977
00bbac68_3559,12242.969
00bbac68_3560,12243.053
00bbac68_3561,12242.882
00bbac68_3562,12242.882
00bbac68_3563,12242.928
00bbac68_3564,12242.974
00bbac68_3565,12243.024
00bbac68_3566,12242.91
00bbac68_3567,12243.001
00bbac68_3568,12243.074
00bbac68_3569,12242.943
00bbac68_3570,12242.992
00bbac68_3571,12242.949
00bbac68_3572,12242.786
00bbac68_3573,12242.605
00bbac68_3574,12242.692
00bbac68_3575,12242.409
00bbac68_3576,12242.1045
00bbac68_3577,12242.166
00bbac68_3578,12242.064
00bbac68_3579,12242.064
00bbac68_3580,12242.074
00bbac68_3581,12242.105
00bbac68_3582,12241.925
00bbac68_3583,12242.01
00bbac68_3584,12241.838
00bbac68_3585,12241.807
00bbac68_3586,12241.744
00bbac68_3587,12241.73
00bbac68_3588,12241.73
00bbac68_3589,12241.767
00bbac68_3590,12241.756
00bbac68_3591,12241.707
00bbac68_3592,12241.689
00bbac68_3593,12241.667
00bbac68_3594,12241.725
00bbac68_3595,12241.727
00bbac68_3596,12241.657
00bbac68_3597,12241.673
00bbac68_3598,12241.664
00bbac68_3599,12241.562
00bbac68_3600,12241.464
00bbac68_3601,12241.423
00bbac68_3602,12241.417
00bbac68_3603,12241.358
00bbac68_3604,12241.394
00bbac68_3605,12241.389
00bbac68_3606,12241.287
00bbac68_3607,12241.138
00bbac68_3608,12241.148
00bbac68_3609,12241.052
00bbac68_3610,12241.069
00bbac68_3611,12241.028
00bbac68_3612,12241.184
00bbac68_3613,12241.169
00bbac68_3614,12241.282
00bbac68_3615,12241.293
00bbac68_3616,12241.281
00bbac68_3617,12241.353
00bbac68_3618,12241.348
00bbac68_3619,12241.28
00bbac68_3620,12241.251
00bbac68_3621,12241.276
00bbac68_3622,12241.337
00bbac68_3623,12241.35
00bbac68_3624,12241.279
00bbac68_3625,12241.292
00bbac68_3626,12241.325
00bbac68_3627,12241.337
00bbac68_3628,12241.245
00bbac68_3629,12241.194
00bbac68_3630,12241.347
00bbac68_3631,12241.281
00bbac68_3632,12241.357
00bbac68_3633,12241.2295
00bbac68_3634,12241.197
00bbac68_3635,12241.249
00bbac68_3636,12241.211
00bbac68_3637,12241.239
00bbac68_3638,12241.129
00bbac68_3639,12241.106
00bbac68_3640,12241.048
00bbac68_3641,12240.959
00bbac68_3642,12240.893
00bbac68_3643,12241.014
00bbac68_3644,12241.011
00bbac68_3645,12241.101
00bbac68_3646,12240.992
00bbac68_3647,12240.98
00bbac68_3648,12241.053
00bbac68_3649,12240.858
00bbac68_3650,12240.773
00bbac68_3651,12240.9375
00bbac68_3652,12240.949
00bbac68_3653,12241.065
00bbac68_3654,12240.996
00bbac68_3655,12240.936
00bbac68_3656,12240.855
00bbac68_3657,12240.798
00bbac68_3658,12240.751
00bbac68_3659,12240.805
00bbac68_3660,12240.857
00bbac68_3661,12240.725
00bbac68_3662,12240.746
00bbac68_3663,12240.844
00bbac68_3664,12240.845
00bbac68_3665,12240.711
00bbac68_3666,12240.713
00bbac68_3667,12240.791
00bbac68_3668,12240.638
00bbac68_3669,12240.68
00bbac68_3670,12240.447
00bbac68_3671,12240.518
00bbac68_3672,12240.64
00bbac68_3673,12240.651
00bbac68_3674,12240.662
00bbac68_3675,12240.625
00bbac68_3676,12240.56
00bbac68_3677,12240.501
00bbac68_3678,12240.544
00bbac68_3679,12240.611
00bbac68_3680,12240.445
00bbac68_3681,12240.688
00bbac68_3682,12240.618
00bbac68_3683,12240.362
00bbac68_3684,12240.395
00bbac68_3685,12240.429
00bbac68_3686,12240.473
00bbac68_3687,12240.658
00bbac68_3688,12240.527
00bbac68_3689,12240.543
00bbac68_3690,12240.459
00bbac68_3691,12240.393
00bbac68_3692,12240.464
00bbac68_3693,12240.475
00bbac68_3694,12240.492
00bbac68_3695,12240.47
00bbac68_3696,12240.486
00bbac68_3697,12240.682
00bbac68_3698,12240.52
00bbac68_3699,12240.557
00bbac68_3700,12240.671
00bbac68_3701,12240.711
00bbac68_3702,12240.712
00bbac68_3703,12240.578
00bbac68_3704,12240.633
00bbac68_3705,12240.745
00bbac68_3706,12240.819
00bbac68_3707,12240.883
00bbac68_3708,12240.783
00bbac68_3709,12240.699
00bbac68_3710,12240.701
00bbac68_3711,12240.589
00bbac68_3712,12240.638
00bbac68_3713,12240.607
00bbac68_3714,12240.782
00bbac68_3715,12240.717
00bbac68_3716,12240.618
00bbac68_3717,12240.653
00bbac68_3718,12240.775
00bbac68_3719,12240.639
00bbac68_3720,12240.631
00bbac68_3721,12240.57
00bbac68_3722,12240.712
00bbac68_3723,12240.564
00bbac68_3724,12240.527
00bbac68_3725,12240.625
00bbac68_3726,12240.531
00bbac68_3727,12240.556
00bbac68_3728,12240.676
00bbac68_3729,12240.578
00bbac68_3730,12240.672
00bbac68_3731,12240.634
00bbac68_3732,12240.536
00bbac68_3733,12240.69
00bbac68_3734,12240.609
00bbac68_3735,12240.571
00bbac68_3736,12240.516
00bbac68_3737,12240.68
00bbac68_3738,12240.435
00bbac68_3739,12240.568
00bbac68_3740,12240.452
00bbac68_3741,12240.519
00bbac68_3742,12240.527
00bbac68_3743,12240.461
00bbac68_3744,12240.461
00bbac68_3745,12240.332
00bbac68_3746,12240.394
00bbac68_3747,12240.24
00bbac68_3748,12240.334
00bbac68_3749,12240.341
00bbac68_3750,12240.18
00bbac68_3751,12240.153
00bbac68_3752,12240.161
00bbac68_3753,12240.023
00bbac68_3754,12240.06
00bbac68_3755,12240.097
00bbac68_3756,12240.069
00bbac68_3757,12239.816
00bbac68_3758,12239.849
00bbac68_3759,12239.845
00bbac68_3760,12239.784
00bbac68_3761,12239.817
00bbac68_3762,12239.88
00bbac68_3763,12239.901
00bbac68_3764,12239.931
00bbac68_3765,12239.935
00bbac68_3766,12239.947
00bbac68_3767,12239.938
00bbac68_3768,12239.775
00bbac68_3769,12239.608
00bbac68_3770,12239.478
00bbac68_3771,12239.432
00bbac68_3772,12239.952
00bbac68_3773,12240.437
00bbac68_3774,12240.444
00bbac68_3775,12240.363
00bbac68_3776,12240.274
00bbac68_3777,12239.75
00bbac68_3778,12239.734
00bbac68_3779,12239.48
00bbac68_3780,12239.524
00bbac68_3781,12239.587
00bbac68_3782,12239.525
00bbac68_3783,12239.47
00bbac68_3784,12239.349
00bbac68_3785,12239.156
00bbac68_3786,12238.918
00bbac68_3787,12238.898
00bbac68_3788,12238.832
00bbac68_3789,12238.814
00bbac68_3790,12238.815
00bbac68_3791,12238.696
00bbac68_3792,12238.628
00bbac68_3793,12238.818
00bbac68_3794,12238.637
00bbac68_3795,12238.5625
00bbac68_3796,12238.454
00bbac68_3797,12238.384
00bbac68_3798,12238.338
00bbac68_3799,12238.529
00bbac68_3800,12238.519
00bbac68_3801,12238.844
00bbac68_3802,12238.745
00bbac68_3803,12238.517
00bbac68_3804,12238.69
00bbac68_3805,12238.628
00bbac68_3806,12238.355
00bbac68_3807,12238.461
00bbac68_3808,12238.183
00bbac68_3809,12238.211
00bbac68_3810,12238.244
00bbac68_3811,12238.077
00bbac68_3812,12238.162
00bbac68_3813,12238.113
00bbac68_3814,12238.169
00bbac68_3815,12237.958
00bbac68_3816,12238.035
00bbac68_3817,12237.925
00bbac68_3818,12237.942
00bbac68_3819,12237.652
00bbac68_3820,12237.889
00bbac68_3821,12237.69
00bbac68_3822,12237.833
00bbac68_3823,12237.6045
00bbac68_3824,12237.823
00bbac68_3825,12237.686
00bbac68_3826,12237.673
00bbac68_3827,12237.758
00bbac68_3828,12237.673
00bbac68_3829,12238.023
00bbac68_3830,12237.796
00bbac68_3831,12237.597
00bbac68_3832,12237.789
00bbac68_3833,12237.826
00bbac68_3834,12237.661
00bbac68_3835,12237.875
00bbac68_3836,12237.851
00bbac68_3837,12238.013
00bbac68_3838,12237.891
00bbac68_3839,12237.878
00bbac68_3840,12237.787
00bbac68_3841,12237.901
00bbac68_3842,12237.954
00bbac68_3843,12237.927
00bbac68_3844,12237.837
00bbac68_3845,12237.791
00bbac68_3846,12237.813
00bbac68_3847,12237.85
00bbac68_3848,12237.901
00bbac68_3849,12237.818
00bbac68_3850,12237.673
00bbac68_3851,12237.738
00bbac68_3852,12237.777
00bbac68_3853,12237.837
00bbac68_3854,12237.832
00bbac68_3855,12237.687
00bbac68_3856,12237.702
00bbac68_3857,12237.736
00bbac68_3858,12237.603
00bbac68_3859,12237.528
00bbac68_3860,12237.546
00bbac68_3861,12237.503
00bbac68_3862,12237.543
00bbac68_3863,12237.537
00bbac68_3864,12237.408
00bbac68_3865,12237.334
00bbac68_3866,12237.338
00bbac68_3867,12237.293
00bbac68_3868,12237.323
00bbac68_3869,12237.382
00bbac68_3870,12237.381
00bbac68_3871,12237.411
00bbac68_3872,12237.394
00bbac68_3873,12237.392
00bbac68_3874,12237.317
00bbac68_3875,12237.308
00bbac68_3876,12237.234
00bbac68_3877,12237.316
00bbac68_3878,12237.27
00bbac68_3879,12237.375
00bbac68_3880,12237.215
00bbac68_3881,12237.101
00bbac68_3882,12237.086
00bbac68_3883,12236.932
00bbac68_3884,12237.145
00bbac68_3885,12237.078
00bbac68_3886,12237.17
00bbac68_3887,12237.033
00bbac68_3888,12236.949
00bbac68_3889,12237.185
00bbac68_3890,12237.032
00bbac68_3891,12237.037
00bbac68_3892,12237.055
00bbac68_3893,12237.007
00bbac68_3894,12236.9795
00bbac68_3895,12236.903
00bbac68_3896,12236.74
00bbac68_3897,12236.82
00bbac68_3898,12236.898
00bbac68_3899,12236.915
00bbac68_3900,12236.889
00bbac68_3901,12236.907
00bbac68_3902,12237.134
00bbac68_3903,12236.904
00bbac68_3904,12236.831
00bbac68_3905,12236.931
00bbac68_3906,12236.879
00bbac68_3907,12236.778
00bbac68_3908,12236.668
00bbac68_3909,12236.982
00bbac68_3910,12236.731
00bbac68_3911,12236.655
00bbac68_3912,12236.663
00bbac68_3913,12236.633
00bbac68_3914,12236.895
00bbac68_3915,12236.335
00bbac68_3916,12236.262
00bbac68_3917,12236.157
00bbac68_3918,12236.197
00bbac68_3919,12236.413
00bbac68_3920,12236.26
00bbac68_3921,12236.291
00bbac68_3922,12236.147
00bbac68_3923,12236.213
00bbac68_3924,12236.125
00bbac68_3925,12236.001
00bbac68_3926,12235.954
00bbac68_3927,12236.191
00bbac68_3928,12235.6875
00bbac68_3929,12235.651
00bbac68_3930,12235.805
00bbac68_3931,12235.55
00bbac68_3932,12235.703
00bbac68_3933,12236.043
00bbac68_3934,12235.604
00bbac68_3935,12235.517
00bbac68_3936,12235.551
00bbac68_3937,12235.395
00bbac68_3938,12235.368
00bbac68_3939,12235.476
00bbac68_3940,12235.32
00bbac68_3941,12235.201
00bbac68_3942,12235.548
00bbac68_3943,12235.253
00bbac68_3944,12235.359
00bbac68_3945,12235.334
00bbac68_3946,12235.243
00bbac68_3947,12235.397
00bbac68_3948,12235.194
00bbac68_3949,12235.401
00bbac68_3950,12235.015
00bbac68_3951,12235.264
00bbac68_3952,12234.485
00bbac68_3953,12234.416
00bbac68_3954,12234.52
00bbac68_3955,12234.264
00bbac68_3956,12234.446
00bbac68_3957,12234.232
00bbac68_3958,12234.448
00bbac68_3959,12234.191
00bbac68_3960,12234.3545
00bbac68_3961,12234.128
00bbac68_3962,12234.293
00bbac68_3963,12233.95
00bbac68_3964,12233.963
00bbac68_3965,12233.777
00bbac68_3966,12233.937
00bbac68_3967,12233.778
00bbac68_3968,12233.942
00bbac68_3969,12233.794
00bbac68_3970,12233.867
00bbac68_3971,12233.782
00bbac68_3972,12234.039
00bbac68_3973,12233.781
00bbac68_3974,12233.976
00bbac68_3975,12233.856
00bbac68_3976,12233.931
00bbac68_3977,12233.81
00bbac68_3978,12233.971
00bbac68_3979,12233.713
00bbac68_3980,12233.887
00bbac68_3981,12233.655
00bbac68_3982,12233.839
00bbac68_3983,12233.569
00bbac68_3984,12233.553
00bbac68_3985,12233.769
00bbac68_3986,12233.588
00bbac68_3987,12233.754
00bbac68_3988,12233.556
00bbac68_3989,12233.748
00bbac68_3990,12233.551
00bbac68_3991,12233.549
00bbac68_3992,12233.418
00bbac68_3993,12233.396
00bbac68_3994,12233.616
00bbac68_3995,12233.457
00bbac68_3996,12233.589
00bbac68_3997,12233.453
00bbac68_3998,12233.582
00bbac68_3999,12233.316
00bbac68_4000,12233.24
00bbac68_4001,12233.514
00bbac68_4002,12233.1455
00bbac68_4003,12233.28
00bbac68_4004,12233.191
00bbac68_4005,12233.17
00bbac68_4006,12233.312
00bbac68_4007,12233.039
00bbac68_4008,12232.909
00bbac68_4009,12232.996
00bbac68_4010,12232.965
00bbac68_4011,12233.04
00bbac68_4012,12232.791
00bbac68_4013,12232.905
00bbac68_4014,12233.113
00bbac68_4015,12232.935
00bbac68_4016,12233.042
00bbac68_4017,12233.101
00bbac68_4018,12232.894
00bbac68_4019,12232.8125
00bbac68_4020,12233.004
00bbac68_4021,12232.767
00bbac68_4022,12232.66
00bbac68_4023,12232.9
00bbac68_4024,12232.672
00bbac68_4025,12232.675
00bbac68_4026,12232.781
00bbac68_4027,12232.614
00bbac68_4028,12232.642
00bbac68_4029,12232.851
00bbac68_4030,12232.667
00bbac68_4031,12232.589
00bbac68_4032,12232.66
00bbac68_4033,12232.461
00bbac68_4034,12232.477
00bbac68_4035,12232.448
00bbac68_4036,12232.645
00bbac68_4037,12232.521
00bbac68_4038,12232.504
00bbac68_4039,12232.699
00bbac68_4040,12232.582
00bbac68_4041,12232.264
00bbac68_4042,12232.031
00bbac68_4043,12232.238
00bbac68_4044,12232.031
00bbac68_4045,12232.037
00bbac68_4046,12232.053
00bbac68_4047,12232.081
00bbac68_4048,12231.989
00bbac68_4049,12232.018
00bbac68_4050,12231.899
00bbac68_4051,12232.02
00bbac68_4052,12232.046
00bbac68_4053,12231.961
00bbac68_4054,12231.947
00bbac68_4055,12232.003
00bbac68_4056,12231.84
00bbac68_4057,12231.898
00bbac68_4058,12231.969
00bbac68_4059,12232.128
00bbac68_4060,12231.977
00bbac68_4061,12231.985
00bbac68_4062,12231.742
00bbac68_4063,12231.803
00bbac68_4064,12231.829
00bbac68_4065,12231.742
00bbac68_4066,12231.666
00bbac68_4067,12231.758
00bbac68_4068,12231.775
00bbac68_4069,12231.855
00bbac68_4070,12231.751
00bbac68_4071,12231.727
00bbac68_4072,12231.815
00bbac68_4073,12231.807
00bbac68_4074,12231.736
00bbac68_4075,12231.769
00bbac68_4076,12231.757
00bbac68_4077,12231.876
00bbac68_4078,12231.766
00bbac68_4079,12231.64
00bbac68_4080,12231.69
00bbac68_4081,12231.712
00bbac68_4082,12231.617
00bbac68_4083,12231.585
00bbac68_4084,12231.547
00bbac68_4085,12231.671
00bbac68_4086,12231.457
00bbac68_4087,12231.509
00bbac68_4088,12231.401
00bbac68_4089,12231.353
00bbac68_4090,12231.373
00bbac68_4091,12231.326
00bbac68_4092,12231.352
00bbac68_4093,12231.316
00bbac68_4094,12231.184
00bbac68_4095,12231.199
00bbac68_4096,12231.315
00bbac68_4097,12231.253
00bbac68_4098,12231.241
00bbac68_4099,12231.266
00bbac68_4100,12231.213
00bbac68_4101,12231.271
00bbac68_4102,12231.368
00bbac68_4103,12231.214
00bbac68_4104,12231.2
00bbac68_4105,12231.3
00bbac68_4106,12231.144
00bbac68_4107,12231.211
00bbac68_4108,12231.26
00bbac68_4109,12231.23
00bbac68_4110,12231.202
00bbac68_4111,12231.163
00bbac68_4112,12231.203
00bbac68_4113,12231.08
00bbac68_4114,12231.035
00bbac68_4115,12231.033
00bbac68_4116,12231.133
00bbac68_4117,12231.15
00bbac68_4118,12230.913
00bbac68_4119,12230.645
00bbac68_4120,12230.479
00bbac68_4121,12231.085
00bbac68_4122,12231.048
00bbac68_4123,12230.409
00bbac68_4124,12230.346
00bbac68_4125,12230.308
00bbac68_4126,12230.268
00bbac68_4127,12230.333
00bbac68_4128,12230.319
00bbac68_4129,12230.338
00bbac68_4130,12230.38
00bbac68_4131,12230.345
00bbac68_4132,12230.362
00bbac68_4133,12230.148
00bbac68_4134,12229.98
00bbac68_4135,12230.031
00bbac68_4136,12229.992
00bbac68_4137,12230.098
00bbac68_4138,12230.128
00bbac68_4139,12229.966
00bbac68_4140,12230.093
00bbac68_4141,12230.334
00bbac68_4142,12230.359
00bbac68_4143,12230.38
00bbac68_4144,12230.41
00bbac68_4145,12230.289
00bbac68_4146,12230.274
00bbac68_4147,12230.291
00bbac68_4148,12230.08
00bbac68_4149,12230.055
00bbac68_4150,12230.012
00bbac68_4151,12229.905
00bbac68_4152,12229.883
00bbac68_4153,12229.802
00bbac68_4154,12229.868
00bbac68_4155,12229.821
00bbac68_4156,12229.787
00bbac68_4157,12229.67
00bbac68_4158,12229.636
00bbac68_4159,12229.791
00bbac68_4160,12229.768
00bbac68_4161,12229.688
00bbac68_4162,12229.681
00bbac68_4163,12229.706
00bbac68_4164,12229.647
00bbac68_4165,12229.777
00bbac68_4166,12229.702
00bbac68_4167,12229.597
00bbac68_4168,12229.296
00bbac68_4169,12229.243
00bbac68_4170,12229.252
00bbac68_4171,12229.29
00bbac68_4172,12229.27
00bbac68_4173,12229.358
00bbac68_4174,12229.512
00bbac68_4175,12229.516
00bbac68_4176,12229.51
00bbac68_4177,12229.33
00bbac68_4178,12229.337
00bbac68_4179,12229.354
00bbac68_4180,12229.336
00bbac68_4181,12229.278
00bbac68_4182,12229.455
00bbac68_4183,12229.75
00bbac68_4184,12230.472
00bbac68_4185,12230.746
00bbac68_4186,12230.763
00bbac68_4187,12230.737
00bbac68_4188,12230.813
00bbac68_4189,12230.691
00bbac68_4190,12230.786
00bbac68_4191,12230.872
00bbac68_4192,12230.583
00bbac68_4193,12230.594
00bbac68_4194,12230.841
00bbac68_4195,12230.885
00bbac68_4196,12230.652
00bbac68_4197,12230.315
00bbac68_4198,12230.301
00bbac68_4199,12230.299
00bbac68_4200,12230.364
00bbac68_4201,12230.992
00bbac68_4202,12231.0
00bbac68_4203,12230.98
00bbac68_4204,12231.09
00bbac68_4205,12231.139
00bbac68_4206,12231.034
00bbac68_4207,12231.089
00bbac68_4208,12231.083
00bbac68_4209,12230.973
00bbac68_4210,12231.048
00bbac68_4211,12231.066
00bbac68_4212,12231.07
00bbac68_4213,12231.148
00bbac68_4214,12231.129
00bbac68_4215,12231.006
00bbac68_4216,12231.039
00bbac68_4217,12231.069
00bbac68_4218,12230.987
00bbac68_4219,12231.034
00bbac68_4220,12230.973
00bbac68_4221,12231.014
00bbac68_4222,12230.859
00bbac68_4223,12230.866
00bbac68_4224,12230.841
00bbac68_4225,12230.664
00bbac68_4226,12230.612
00bbac68_4227,12230.6045
00bbac68_4228,12230.713
00bbac68_4229,12230.589
00bbac68_4230,12230.674
00bbac68_4231,12230.736
00bbac68_4232,12230.885
00bbac68_4233,12230.72
00bbac68_4234,12230.703
00bbac68_4235,12230.632
00bbac68_4236,12230.627
00bbac68_4237,12230.619
00bbac68_4238,12230.648
00bbac68_4239,12230.626
00bbac68_4240,12230.693
00bbac68_4241,12230.649
00bbac68_4242,12230.642
00bbac68_4243,12230.642
00bbac68_4244,12230.663
00bbac68_4245,12230.586
00bbac68_4246,12230.522
00bbac68_4247,12230.781
00bbac68_4248,12230.729
00bbac68_4249,12230.7295
00bbac68_4250,12230.663
00bbac68_4251,12230.676
00bbac68_4252,12230.667
00bbac68_4253,12230.579
00bbac68_4254,12230.672
00bbac68_4255,12230.58
00bbac68_4256,12230.673
00bbac68_4257,12230.699
00bbac68_4258,12230.683
00bbac68_4259,12230.701
00bbac68_4260,12230.812
00bbac68_4261,12230.766
00bbac68_4262,12230.739
00bbac68_4263,12230.802
00bbac68_4264,12230.754
00bbac68_4265,12230.638
00bbac68_4266,12230.655
00bbac68_4267,12230.768
00bbac68_4268,12230.784
00bbac68_4269,12230.847
00bbac68_4270,12230.766
00bbac68_4271,12230.749
00bbac68_4272,12230.779
00bbac68_4273,12230.832
00bbac68_4274,12230.758
00bbac68_4275,12230.799
00bbac68_4276,12230.842
00bbac68_4277,12230.793
00bbac68_4278,12230.812
00bbac68_4279,12230.828
00bbac68_4280,12230.689
00bbac68_4281,12230.64
00bbac68_4282,12230.688
00bbac68_4283,12230.636
00bbac68_4284,12230.76
00bbac68_4285,12230.813
00bbac68_4286,12230.773
00bbac68_4287,12230.753
00bbac68_4288,12230.769
00bbac68_4289,12230.79
00bbac68_4290,12230.687
00bbac68_4291,12230.614
00bbac68_4292,12230.637
00bbac68_4293,12230.721
00bbac68_4294,12230.727
00bbac68_4295,12230.683
00bbac68_4296,12230.679
00bbac68_4297,12230.593
00bbac68_4298,12230.586
00bbac68_4299,12230.561
00bbac68_4300,12230.606
00bbac68_4301,12230.487
00bbac68_4302,12230.51
00bbac68_4303,12230.474
00bbac68_4304,12230.356
00bbac68_4305,12230.137
00bbac68_4306,12230.378
00bbac68_4307,12230.228
00bbac68_4308,12230.444
00bbac68_4309,12230.3
00bbac68_4310,12230.425
00bbac68_4311,12230.658
00bbac68_4312,12229.857
00bbac68_4313,12229.943
00bbac68_4314,12229.892
00bbac68_4315,12230.188
00bbac68_4316,12230.165
00bbac68_4317,12230.107
00bbac68_4318,12230.128
00bbac68_4319,12230.1455
00bbac68_4320,12230.0205
00bbac68_4321,12229.875
00bbac68_4322,12229.899
00bbac68_4323,12229.832
00bbac68_4324,12229.756
00bbac68_4325,12229.829
00bbac68_4326,12229.842
00bbac68_4327,12229.655
00bbac68_4328,12229.83
00bbac68_4329,12229.741
00bbac68_4330,12229.69
00bbac68_4331,12229.598
00bbac68_4332,12229.444
00bbac68_4333,12229.461
00bbac68_4334,12229.547
00bbac68_4335,12229.393
00bbac68_4336,12229.384
00bbac68_4337,12229.424
00bbac68_4338,12229.503
00bbac68_4339,12229.514
00bbac68_4340,12229.476
00bbac68_4341,12229.328
00bbac68_4342,12229.358
00bbac68_4343,12229.354
00bbac68_4344,12229.304
00bbac68_4345,12229.333
00bbac68_4346,12229.367
00bbac68_4347,12229.21
00bbac68_4348,12229.321
00bbac68_4349,12229.362
00bbac68_4350,12229.354
00bbac68_4351,12229.419
00bbac68_4352,12229.284
00bbac68_4353,12229.228
00bbac68_4354,12229.329
00bbac68_4355,12229.289
00bbac68_4356,12229.331
00bbac68_4357,12229.231
00bbac68_4358,12229.239
00bbac68_4359,12229.237
00bbac68_4360,12229.227
00bbac68_4361,12229.275
00bbac68_4362,12229.315
00bbac68_4363,12229.174
00bbac68_4364,12229.1455
00bbac68_4365,12229.135
00bbac68_4366,12229.294
00bbac68_4367,12229.279
00bbac68_4368,12229.318
00bbac68_4369,12229.248
00bbac68_4370,12229.163
00bbac68_4371,12229.246
00bbac68_4372,12229.293
00bbac68_4373,12229.162
00bbac68_4374,12229.241
00bbac68_4375,12229.157
00bbac68_4376,12229.204
00bbac68_4377,12229.267
00bbac68_4378,12229.122
00bbac68_4379,12229.249
00bbac68_4380,12229.226
00bbac68_4381,12229.273
00bbac68_4382,12229.326
00bbac68_4383,12229.299
00bbac68_4384,12229.496
00bbac68_4385,12229.446
00bbac68_4386,12229.454
00bbac68_4387,12229.449
00bbac68_4388,12229.384
00bbac68_4389,12229.4375
00bbac68_4390,12229.4795
00bbac68_4391,12229.56
00bbac68_4392,12229.528
00bbac68_4393,12229.511
00bbac68_4394,12229.415
00bbac68_4395,12229.402
00bbac68_4396,12229.427
00bbac68_4397,12229.427
00bbac68_4398,12229.49
00bbac68_4399,12229.332
00bbac68_4400,12229.33
00bbac68_4401,12229.246
00bbac68_4402,12229.338
00bbac68_4403,12229.367
00bbac68_4404,12229.324
00bbac68_4405,12229.45
00bbac68_4406,12229.44
00bbac68_4407,12229.61
00bbac68_4408,12229.468
00bbac68_4409,12229.559
00bbac68_4410,12229.704
00bbac68_4411,12229.519
00bbac68_4412,12229.447
00bbac68_4413,12229.591
00bbac68_4414,12229.583
00bbac68_4415,12229.611
00bbac68_4416,12229.619
00bbac68_4417,12229.598
00bbac68_4418,12229.499
00bbac68_4419,12229.493
00bbac68_4420,12229.554
00bbac68_4421,12229.602
00bbac68_4422,12229.544
00bbac68_4423,12229.409
00bbac68_4424,12229.398
00bbac68_4425,12229.382
00bbac68_4426,12229.425
00bbac68_4427,12229.45
00bbac68_4428,12229.4
00bbac68_4429,12229.41
00bbac68_4430,12229.505
00bbac68_4431,12229.541
00bbac68_4432,12229.475
00bbac68_4433,12229.394
00bbac68_4434,12229.26
00bbac68_4435,12228.972
00bbac68_4436,12228.897
00bbac68_4437,12228.931
00bbac68_4438,12228.947
00bbac68_4439,12228.8125
00bbac68_4440,12228.904
00bbac68_4441,12228.87
00bbac68_4442,12228.924
00bbac68_4443,12228.904
00bbac68_4444,12228.889
00bbac68_4445,12228.978
00bbac68_4446,12228.884
00bbac68_4447,12228.874
00bbac68_4448,12228.871
00bbac68_4449,12228.945
00bbac68_4450,12228.986
00bbac68_4451,12229.028
00bbac68_4452,12228.91
00bbac68_4453,12228.923
00bbac68_4454,12228.898
00bbac68_4455,12228.935
00bbac68_4456,12228.933
00bbac68_4457,12228.934
00bbac68_4458,12228.914
00bbac68_4459,12228.916
00bbac68_4460,12228.881
00bbac68_4461,12228.883
00bbac68_4462,12228.887
00bbac68_4463,12228.829
00bbac68_4464,12228.789
00bbac68_4465,12228.77
00bbac68_4466,12228.8
00bbac68_4467,12228.85
00bbac68_4468,12228.827
00bbac68_4469,12228.823
00bbac68_4470,12228.952
00bbac68_4471,12228.913
00bbac68_4472,12228.876
00bbac68_4473,12228.967
00bbac68_4474,12228.981
00bbac68_4475,12228.907
00bbac68_4476,12228.89
00bbac68_4477,12229.231
00bbac68_4478,12229.133
00bbac68_4479,12229.372
00bbac68_4480,12229.411
00bbac68_4481,12229.333
00bbac68_4482,12229.159
00bbac68_4483,12228.944
00bbac68_4484,12228.934
00bbac68_4485,12228.935
00bbac68_4486,12228.945
00bbac68_4487,12228.828
00bbac68_4488,12228.927
00bbac68_4489,12228.949
00bbac68_4490,12228.841
00bbac68_4491,12228.8545
00bbac68_4492,12228.779
00bbac68_4493,12228.87
00bbac68_4494,12228.793
00bbac68_4495,12228.757
00bbac68_4496,12228.772
00bbac68_4497,12228.764
00bbac68_4498,12228.729
00bbac68_4499,12228.659
00bbac68_4500,12228.751
00bbac68_4501,12228.737
00bbac68_4502,12228.763
00bbac68_4503,12228.702
00bbac68_4504,12228.705
00bbac68_4505,12228.702
00bbac68_4506,12228.662
00bbac68_4507,12228.488
00bbac68_4508,12228.553
00bbac68_4509,12228.53
00bbac68_4510,12228.443
00bbac68_4511,12228.573
00bbac68_4512,12228.475
00bbac68_4513,12228.623
00bbac68_4514,12228.403
00bbac68_4515,12228.6045
00bbac68_4516,12228.423
00bbac68_4517,12228.41
00bbac68_4518,12228.465
00bbac68_4519,12228.52
00bbac68_4520,12228.424
00bbac68_4521,12228.367
00bbac68_4522,12228.397
00bbac68_4523,12228.448
00bbac68_4524,12228.388
00bbac68_4525,12228.371
00bbac68_4526,12228.379
00bbac68_4527,12228.426
00bbac68_4528,12228.375
00bbac68_4529,12228.31
00bbac68_4530,12228.25
00bbac68_4531,12228.375
00bbac68_4532,12228.396
00bbac68_4533,12228.364
00bbac68_4534,12228.372
00bbac68_4535,12228.241
00bbac68_4536,12228.347
00bbac68_4537,12228.229
00bbac68_4538,12228.293
00bbac68_4539,12228.292
00bbac68_4540,12228.181
00bbac68_4541,12228.1
00bbac68_4542,12228.175
00bbac68_4543,12228.167
00bbac68_4544,12227.974
00bbac68_4545,12227.953
00bbac68_4546,12227.923
00bbac68_4547,12227.968
00bbac68_4548,12227.995
00bbac68_4549,12227.998
00bbac68_4550,12227.87
00bbac68_4551,12227.788
00bbac68_4552,12227.824
00bbac68_4553,12227.777
00bbac68_4554,12227.57
00bbac68_4555,12227.458
00bbac68_4556,12227.554
00bbac68_4557,12227.619
00bbac68_4558,12227.598
00bbac68_4559,12227.597
00bbac68_4560,12227.639
00bbac68_4561,12227.752
00bbac68_4562,12227.694
00bbac68_4563,12227.585
00bbac68_4564,12227.486
00bbac68_4565,12227.473
00bbac68_4566,12227.426
00bbac68_4567,12227.405
00bbac68_4568,12227.554
00bbac68_4569,12227.599
00bbac68_4570,12227.708
00bbac68_4571,12227.568
00bbac68_4572,12227.455
00bbac68_4573,12227.818
00bbac68_4574,12227.71
00bbac68_4575,12227.602
00bbac68_4576,12227.693
00bbac68_4577,12227.634
00bbac68_4578,12227.626
00bbac68_4579,12227.647
00bbac68_4580,12227.748
00bbac68_4581,12227.574
00bbac68_4582,12227.477
00bbac68_4583,12227.597
00bbac68_4584,12227.714
00bbac68_4585,12227.466
00bbac68_4586,12227.476
00bbac68_4587,12227.396
00bbac68_4588,12227.332
00bbac68_4589,12227.575
00bbac68_4590,12227.542
00bbac68_4591,12227.578
00bbac68_4592,12227.488
00bbac68_4593,12227.388
00bbac68_4594,12227.501
00bbac68_4595,12226.14
00bbac68_4596,12225.893
00bbac68_4597,12226.169
00bbac68_4598,12226.174
00bbac68_4599,12226.085
00bbac68_4600,12225.848
00bbac68_4601,12225.822
00bbac68_4602,12225.824
00bbac68_4603,12225.716
00bbac68_4604,12225.82
00bbac68_4605,12225.815
00bbac68_4606,12225.789
00bbac68_4607,12225.692
00bbac68_4608,12225.614
00bbac68_4609,12225.632
00bbac68_4610,12225.559
00bbac68_4611,12225.504
00bbac68_4612,12225.526
00bbac68_4613,12225.397
00bbac68_4614,12225.299
00bbac68_4615,12225.224
00bbac68_4616,12225.303
00bbac68_4617,12225.396
00bbac68_4618,12225.496
00bbac68_4619,12225.502
00bbac68_4620,12225.38
00bbac68_4621,12225.235
00bbac68_4622,12225.133
00bbac68_4623,12225.051
00bbac68_4624,12224.995
00bbac68_4625,12225.028
00bbac68_4626,12225.004
00bbac68_4627,12224.981
00bbac68_4628,12225.03
00bbac68_4629,12225.014
00bbac68_4630,12224.983
00bbac68_4631,12224.999
00bbac68_4632,12225.023
00bbac68_4633,12224.831
00bbac68_4634,12224.81
00bbac68_4635,12225.276
00bbac68_4636,12225.373
00bbac68_4637,12225.388
00bbac68_4638,12225.357
00bbac68_4639,12225.292
00bbac68_4640,12225.266
00bbac68_4641,12225.327
00bbac68_4642,12225.164
00bbac68_4643,12225.092
00bbac68_4644,12224.888
00bbac68_4645,12225.035
00bbac68_4646,12225.015
00bbac68_4647,12224.952
00bbac68_4648,12224.922
00bbac68_4649,12225.186
00bbac68_4650,12225.138
00bbac68_4651,12225.145
00bbac68_4652,12225.026
00bbac68_4653,12224.919
00bbac68_4654,12225.024
00bbac68_4655,12224.896
00bbac68_4656,12225.156
00bbac68_4657,12225.114
00bbac68_4658,12225.089
00bbac68_4659,12225.103
00bbac68_4660,12225.054
00bbac68_4661,12225.133
00bbac68_4662,12224.997
00bbac68_4663,12225.036
00bbac68_4664,12224.968
00bbac68_4665,12224.914
00bbac68_4666,12224.62
00bbac68_4667,12224.717
00bbac68_4668,12224.633
00bbac68_4669,12224.57
00bbac68_4670,12224.371
00bbac68_4671,12224.436
00bbac68_4672,12224.467
00bbac68_4673,12224.361
00bbac68_4674,12224.355
00bbac68_4675,12224.258
00bbac68_4676,12224.167
00bbac68_4677,12224.042
00bbac68_4678,12223.932
00bbac68_4679,12223.923
00bbac68_4680,12224.024
00bbac68_4681,12223.904
00bbac68_4682,12223.846
00bbac68_4683,12223.6455
00bbac68_4684,12223.786
00bbac68_4685,12223.82
00bbac68_4686,12223.354
00bbac68_4687,12223.324
00bbac68_4688,12223.562
00bbac68_4689,12223.534
00bbac68_4690,12223.558
00bbac68_4691,12223.584
00bbac68_4692,12223.686
00bbac68_4693,12223.622
00bbac68_4694,12223.508
00bbac68_4695,12223.546
00bbac68_4696,12223.545
00bbac68_4697,12223.511
00bbac68_4698,12223.571
00bbac68_4699,12223.766
00bbac68_4700,12223.7295
00bbac68_4701,12223.7705
00bbac68_4702,12223.645
00bbac68_4703,12223.777
00bbac68_4704,12223.753
00bbac68_4705,12223.771
00bbac68_4706,12223.714
00bbac68_4707,12223.704
00bbac68_4708,12223.73
00bbac68_4709,12223.755
00bbac68_4710,12223.584
00bbac68_4711,12223.487
00bbac68_4712,12223.667
00bbac68_4713,12223.68
00bbac68_4714,12223.669
00bbac68_4715,12223.697
00bbac68_4716,12223.625
00bbac68_4717,12223.473
00bbac68_4718,12223.393
00bbac68_4719,12223.353
00bbac68_4720,12223.375
00bbac68_4721,12223.536
00bbac68_4722,12223.605
00bbac68_4723,12223.672
00bbac68_4724,12223.685
00bbac68_4725,12223.677
00bbac68_4726,12223.71
00bbac68_4727,12223.859
00bbac68_4728,12223.862
00bbac68_4729,12223.941
00bbac68_4730,12223.786
00bbac68_4731,12223.688
00bbac68_4732,12223.748
00bbac68_4733,12223.661
00bbac68_4734,12223.496
00bbac68_4735,12223.53
00bbac68_4736,12223.589
00bbac68_4737,12223.355
00bbac68_4738,12223.341
00bbac68_4739,12223.309
00bbac68_4740,12223.342
00bbac68_4741,12223.251
00bbac68_4742,12223.2295
00bbac68_4743,12223.2
00bbac68_4744,12223.312
00bbac68_4745,12223.12
00bbac68_4746,12222.954
00bbac68_4747,12222.94
00bbac68_4748,12222.895
00bbac68_4749,12222.867
00bbac68_4750,12222.827
00bbac68_4751,12222.714
00bbac68_4752,12222.676
00bbac68_4753,12222.651
00bbac68_4754,12222.684
00bbac68_4755,12222.863
00bbac68_4756,12222.848
00bbac68_4757,12222.721
00bbac68_4758,12222.899
00bbac68_4759,12222.759
00bbac68_4760,12222.651
00bbac68_4761,12222.611
00bbac68_4762,12222.606
00bbac68_4763,12222.475
00bbac68_4764,12222.488
00bbac68_4765,12222.483
00bbac68_4766,12222.398
00bbac68_4767,12222.421
00bbac68_4768,12222.489
00bbac68_4769,12222.393
00bbac68_4770,12222.433
00bbac68_4771,12222.677
00bbac68_4772,12222.369
00bbac68_4773,12222.418
00bbac68_4774,12222.283
00bbac68_4775,12222.352
00bbac68_4776,12222.306
00bbac68_4777,12222.57
00bbac68_4778,12222.477
00bbac68_4779,12222.4375
00bbac68_4780,12222.376
00bbac68_4781,12222.498
00bbac68_4782,12222.482
00bbac68_4783,12222.442
00bbac68_4784,12222.443
00bbac68_4785,12222.587
00bbac68_4786,12222.559
00bbac68_4787,12222.676
00bbac68_4788,12222.706
00bbac68_4789,12222.747
00bbac68_4790,12222.71
00bbac68_4791,12222.749
00bbac68_4792,12222.797
00bbac68_4793,12222.8125
00bbac68_4794,12222.744
00bbac68_4795,12222.787
00bbac68_4796,12222.588
00bbac68_4797,12222.489
00bbac68_4798,12222.46
00bbac68_4799,12222.527
00bbac68_4800,12222.77
00bbac68_4801,12222.659
00bbac68_4802,12222.773
00bbac68_4803,12222.748
00bbac68_4804,12222.728
00bbac68_4805,12222.781
00bbac68_4806,12222.666
00bbac68_4807,12222.759
00bbac68_4808,12222.796
00bbac68_4809,12222.639
00bbac68_4810,12222.856
00bbac68_4811,12222.658
00bbac68_4812,12222.728
00bbac68_4813,12222.936
00bbac68_4814,12222.867
00bbac68_4815,12222.639
00bbac68_4816,12222.69
00bbac68_4817,12222.602
00bbac68_4818,12222.551
00bbac68_4819,12222.656
00bbac68_4820,12222.652
00bbac68_4821,12222.71
00bbac68_4822,12222.586
00bbac68_4823,12222.506
00bbac68_4824,12222.431
00bbac68_4825,12222.418
00bbac68_4826,12222.493
00bbac68_4827,12222.362
00bbac68_4828,12222.436
00bbac68_4829,12222.226
00bbac68_4830,12222.1875
00bbac68_4831,12222.173
00bbac68_4832,12222.071
00bbac68_4833,12222.106
00bbac68_4834,12221.997
00bbac68_4835,12222.069
00bbac68_4836,12222.088
00bbac68_4837,12222.108
00bbac68_4838,12222.139
00bbac68_4839,12222.063
00bbac68_4840,12222.113
00bbac68_4841,12222.008
00bbac68_4842,12221.852
00bbac68_4843,12221.859
00bbac68_4844,12221.842
00bbac68_4845,12221.833
00bbac68_4846,12221.882
00bbac68_4847,12222.037
00bbac68_4848,12222.099
00bbac68_4849,12221.994
00bbac68_4850,12221.896
00bbac68_4851,12221.889
00bbac68_4852,12222.033
00bbac68_4853,12222.088
00bbac68_4854,12222.049
00bbac68_4855,12222.028
00bbac68_4856,12221.889
00bbac68_4857,12221.718
00bbac68_4858,12221.813
00bbac68_4859,12221.916
00bbac68_4860,12222.099
00bbac68_4861,12222.055
00bbac68_4862,12221.906
00bbac68_4863,12222.419
00bbac68_4864,12222.285
00bbac68_4865,12222.287
00bbac68_4866,12222.484
00bbac68_4867,12222.577
00bbac68_4868,12222.293
00bbac68_4869,12222.319
00bbac68_4870,12222.228
00bbac68_4871,12222.197
00bbac68_4872,12222.205
00bbac68_4873,12222.155
00bbac68_4874,12222.158
00bbac68_4875,12222.127
00bbac68_4876,12222.083
00bbac68_4877,12221.993
00bbac68_4878,12222.035
00bbac68_4879,12222.049
00bbac68_4880,12222.129
00bbac68_4881,12222.097
00bbac68_4882,12222.003
00bbac68_4883,12221.936
00bbac68_4884,12221.884
00bbac68_4885,12221.926
00bbac68_4886,12221.849
00bbac68_4887,12221.847
00bbac68_4888,12221.929
00bbac68_4889,12222.123
00bbac68_4890,12222.189
00bbac68_4891,12222.143
00bbac68_4892,12221.853
00bbac68_4893,12221.749
00bbac68_4894,12221.949
00bbac68_4895,12222.065
00bbac68_4896,12221.852
00bbac68_4897,12221.967
00bbac68_4898,12222.078
00bbac68_4899,12221.89
00bbac68_4900,12221.913
00bbac68_4901,12222.052
00bbac68_4902,12222.05
00bbac68_4903,12221.903
00bbac68_4904,12221.783
00bbac68_4905,12221.856
00bbac68_4906,12221.882
00bbac68_4907,12221.863
00bbac68_4908,12222.091
00bbac68_4909,12221.887
00bbac68_4910,12221.986
00bbac68_4911,12222.114
00bbac68_4912,12222.201
00bbac68_4913,12222.129
00bbac68_4914,12221.976
00bbac68_4915,12221.76
00bbac68_4916,12221.928
00bbac68_4917,12221.943
00bbac68_4918,12222.031
00bbac68_4919,12222.085
00bbac68_4920,12222.07
00bbac68_4921,12221.995
00bbac68_4922,12221.923
00bbac68_4923,12221.919
00bbac68_4924,12221.949
00bbac68_4925,12222.089
00bbac68_4926,12222.097
00bbac68_4927,12222.011
00bbac68_4928,12222.003
00bbac68_4929,12221.747
00bbac68_4930,12222.005
00bbac68_4931,12221.954
00bbac68_4932,12221.72
00bbac68_4933,12221.75
00bbac68_4934,12221.849
00bbac68_4935,12221.97
00bbac68_4936,12221.94
00bbac68_4937,12221.941
00bbac68_4938,12221.771
00bbac68_4939,12221.763
00bbac68_4940,12221.757
00bbac68_4941,12221.708
00bbac68_4942,12222.028
00bbac68_4943,12222.21
00bbac68_4944,12222.019
00bbac68_4945,12221.999
00bbac68_4946,12222.334
00bbac68_4947,12222.3125
00bbac68_4948,12222.36
00bbac68_4949,12222.068
00bbac68_4950,12222.049
00bbac68_4951,12222.238
00bbac68_4952,12222.231
00bbac68_4953,12222.094
00bbac68_4954,12222.134
00bbac68_4955,12222.192
00bbac68_4956,12222.105
00bbac68_4957,12222.002
00bbac68_4958,12222.022
00bbac68_4959,12222.048
00bbac68_4960,12221.992
00bbac68_4961,12221.8955
00bbac68_4962,12222.099
00bbac68_4963,12222.052
00bbac68_4964,12221.872
00bbac68_4965,12221.963
00bbac68_4966,12221.993
00bbac68_4967,12222.056
00bbac68_4968,12222.086
00bbac68_4969,12222.059
00bbac68_4970,12222.143
00bbac68_4971,12222.16
00bbac68_4972,12222.209
00bbac68_4973,12224.198
00bbac68_4974,12225.106
00bbac68_4975,12225.172
00bbac68_4976,12224.966
00bbac68_4977,12224.993
00bbac68_4978,12224.579
00bbac68_4979,12224.567
00bbac68_4980,12224.676
00bbac68_4981,12224.68
00bbac68_4982,12225.23
00bbac68_4983,12225.286
00bbac68_4984,12225.202
00bbac68_4985,12225.233
00bbac68_4986,12225.672
00bbac68_4987,12226.282
00bbac68_4988,12226.434
00bbac68_4989,12226.46
00bbac68_4990,12226.372
00bbac68_4991,12226.291
00bbac68_4992,12226.224
00bbac68_4993,12226.235
00bbac68_4994,12226.248
00bbac68_4995,12226.176
00bbac68_4996,12226.167
00bbac68_4997,12226.316
00bbac68_4998,12226.333
00bbac68_4999,12226.381
00bbac68_5000,12226.532
00bbac68_5001,12226.521
00bbac68_5002,12226.419
00bbac68_5003,12226.384
00bbac68_5004,12226.467
00bbac68_5005,12226.468
00bbac68_5006,12226.475
00bbac68_5007,12226.43
00bbac68_5008,12226.215
00bbac68_5009,12226.278
00bbac68_5010,12225.174
00bbac68_5011,12225.299
00bbac68_5012,12225.296
00bbac68_5013,12225.168
00bbac68_5014,12225.055
00bbac68_5015,12225.088
00bbac68_5016,12225.292
00bbac68_5017,12225.177
00bbac68_5018,12225.308
00bbac68_5019,12225.219
00bbac68_5020,12225.281
00bbac68_5021,12225.529
00bbac68_5022,12225.604
00bbac68_5023,12225.62
00bbac68_5024,12226.27
00bbac68_5025,12226.291
00bbac68_5026,12226.2295
00bbac68_5027,12226.227
00bbac68_5028,12226.286
00bbac68_5029,12226.228
00bbac68_5030,12226.316
00bbac68_5031,12226.39
00bbac68_5032,12226.1875
00bbac68_5033,12226.046
00bbac68_5034,12226.13
00bbac68_5035,12226.208
00bbac68_5036,12226.236
00bbac68_5037,12226.342
00bbac68_5038,12226.317
00bbac68_5039,12226.25
00bbac68_5040,12226.324
00bbac68_5041,12226.235
00bbac68_5042,12226.267
00bbac68_5043,12226.38
00bbac68_5044,12226.627
00bbac68_5045,12226.603
00bbac68_5046,12226.608
00bbac68_5047,12226.581
00bbac68_5048,12226.629
00bbac68_5049,12226.647
00bbac68_5050,12226.623
00bbac68_5051,12226.551
00bbac68_5052,12226.404
00bbac68_5053,12226.394
00bbac68_5054,12226.615
00bbac68_5055,12226.551
00bbac68_5056,12226.535
00bbac68_5057,12226.622
00bbac68_5058,12226.585
00bbac68_5059,12226.643
00bbac68_5060,12226.569
00bbac68_5061,12226.555
00bbac68_5062,12226.632
00bbac68_5063,12226.605
00bbac68_5064,12226.5625
00bbac68_5065,12226.504
00bbac68_5066,12226.591
00bbac68_5067,12226.578
00bbac68_5068,12226.581
00bbac68_5069,12226.737
00bbac68_5070,12226.768
00bbac68_5071,12226.639
00bbac68_5072,12226.645
00bbac68_5073,12226.675
00bbac68_5074,12226.677
00bbac68_5075,12226.696
00bbac68_5076,12226.611
00bbac68_5077,12226.692
00bbac68_5078,12226.736
00bbac68_5079,12226.603
00bbac68_5080,12226.691
00bbac68_5081,12226.622
00bbac68_5082,12226.692
00bbac68_5083,12226.708
00bbac68_5084,12226.676
00bbac68_5085,12226.696
00bbac68_5086,12226.486
00bbac68_5087,12226.61
00bbac68_5088,12226.582
00bbac68_5089,12226.595
00bbac68_5090,12226.666
00bbac68_5091,12226.538
00bbac68_5092,12226.387
00bbac68_5093,12226.204
00bbac68_5094,12226.429
00bbac68_5095,12226.531
00bbac68_5096,12226.522
00bbac68_5097,12226.572
00bbac68_5098,12226.529
00bbac68_5099,12226.558
00bbac68_5100,12226.668
00bbac68_5101,12226.559
00bbac68_5102,12226.526
00bbac68_5103,12226.347
00bbac68_5104,12226.223
00bbac68_5105,12226.071
00bbac68_5106,12226.106
00bbac68_5107,12225.972
00bbac68_5108,12225.88
00bbac68_5109,12226.121
00bbac68_5110,12226.116
00bbac68_5111,12226.106
00bbac68_5112,12226.161
00bbac68_5113,12226.152
00bbac68_5114,12226.153
00bbac68_5115,12226.159
00bbac68_5116,12226.029
00bbac68_5117,12226.128
00bbac68_5118,12226.023
00bbac68_5119,12225.796
00bbac68_5120,12226.096
00bbac68_5121,12226.018
00bbac68_5122,12225.94
00bbac68_5123,12225.776
00bbac68_5124,12225.857
00bbac68_5125,12225.59
00bbac68_5126,12225.635
00bbac68_5127,12225.822
00bbac68_5128,12225.808
00bbac68_5129,12225.823
00bbac68_5130,12225.736
00bbac68_5131,12225.793
00bbac68_5132,12225.706
00bbac68_5133,12225.722
00bbac68_5134,12225.679
00bbac68_5135,12225.701
00bbac68_5136,12225.678
00bbac68_5137,12225.635
00bbac68_5138,12225.475
00bbac68_5139,12225.585
00bbac68_5140,12225.634
00bbac68_5141,12225.635
00bbac68_5142,12225.626
00bbac68_5143,12225.659
00bbac68_5144,12225.611
00bbac68_5145,12225.641
00bbac68_5146,12225.607
00bbac68_5147,12225.627
00bbac68_5148,12225.62
00bbac68_5149,12225.728
00bbac68_5150,12226.022
00bbac68_5151,12226.058
00bbac68_5152,12226.339
00bbac68_5153,12226.336
00bbac68_5154,12226.331
00bbac68_5155,12226.363
00bbac68_5156,12226.409
00bbac68_5157,12226.735
00bbac68_5158,12227.028
00bbac68_5159,12226.139
00bbac68_5160,12225.189
00bbac68_5161,12223.29
00bbac68_5162,12223.204
00bbac68_5163,12223.579
00bbac68_5164,12223.526
00bbac68_5165,12223.475
00bbac68_5166,12223.49
00bbac68_5167,12223.466
00bbac68_5168,12223.432
00bbac68_5169,12223.444
00bbac68_5170,12223.278
00bbac68_5171,12222.915
00bbac68_5172,12222.848
00bbac68_5173,12222.863
00bbac68_5174,12222.874
00bbac68_5175,12222.799
00bbac68_5176,12222.932
00bbac68_5177,12223.045
00bbac68_5178,12223.131
00bbac68_5179,12222.936
00bbac68_5180,12222.851
00bbac68_5181,12223.029
00bbac68_5182,12223.118
00bbac68_5183,12223.1045
00bbac68_5184,12222.926
00bbac68_5185,12222.703
00bbac68_5186,12222.668
00bbac68_5187,12223.714
00bbac68_5188,12223.737
00bbac68_5189,12223.705
00bbac68_5190,12223.85
00bbac68_5191,12223.912
00bbac68_5192,12223.684
00bbac68_5193,12223.617
00bbac68_5194,12223.564
00bbac68_5195,12223.568
00bbac68_5196,12223.874
00bbac68_5197,12223.817
00bbac68_5198,12223.582
00bbac68_5199,12223.735
00bbac68_5200,12224.467
00bbac68_5201,12225.225
00bbac68_5202,12225.436
00bbac68_5203,12225.409
00bbac68_5204,12225.35
00bbac68_5205,12225.427
00bbac68_5206,12225.357
00bbac68_5207,12225.214
00bbac68_5208,12223.446
00bbac68_5209,12223.44
00bbac68_5210,12223.402
00bbac68_5211,12223.601
00bbac68_5212,12223.696
00bbac68_5213,12223.3955
00bbac68_5214,12223.318
00bbac68_5215,12223.526
00bbac68_5216,12223.561
00bbac68_5217,12223.578
00bbac68_5218,12223.526
00bbac68_5219,12223.443
00bbac68_5220,12223.162
00bbac68_5221,12223.014
00bbac68_5222,12222.961
00bbac68_5223,12222.95
00bbac68_5224,12222.507
00bbac68_5225,12221.489
00bbac68_5226,12221.5205
00bbac68_5227,12221.6875
00bbac68_5228,12221.567
00bbac68_5229,12221.587
00bbac68_5230,12221.945
00bbac68_5231,12222.036
00bbac68_5232,12221.98
00bbac68_5233,12221.814
00bbac68_5234,12221.684
00bbac68_5235,12221.722
00bbac68_5236,12221.745
00bbac68_5237,12221.98
00bbac68_5238,12221.876
00bbac68_5239,12221.808
00bbac68_5240,12221.824
00bbac68_5241,12221.613
00bbac68_5242,12221.593
00bbac68_5243,12221.314
00bbac68_5244,12221.449
00bbac68_5245,12221.47
00bbac68_5246,12221.55
00bbac68_5247,12221.677
00bbac68_5248,12221.641
00bbac68_5249,12221.338
00bbac68_5250,12221.383
00bbac68_5251,12221.3125
00bbac68_5252,12221.2295
00bbac68_5253,12221.247
00bbac68_5254,12221.264
00bbac68_5255,12221.28
00bbac68_5256,12220.869
00bbac68_5257,12221.129
00bbac68_5258,12222.233
00bbac68_5259,12222.302
00bbac68_5260,12222.259
00bbac68_5261,12222.3
00bbac68_5262,12222.606
00bbac68_5263,12222.568
00bbac68_5264,12222.734
00bbac68_5265,12222.685
00bbac68_5266,12222.538
00bbac68_5267,12223.144
00bbac68_5268,12224.895
00bbac68_5269,12225.015
00bbac68_5270,12225.89
00bbac68_5271,12225.024
00bbac68_5272,12224.654
00bbac68_5273,12225.298
00bbac68_5274,12225.117
00bbac68_5275,12224.917
00bbac68_5276,12225.064
00bbac68_5277,12224.984
00bbac68_5278,12224.974
00bbac68_5279,12225.576
00bbac68_5280,12225.476
00bbac68_5281,12225.601
00bbac68_5282,12225.476
00bbac68_5283,12224.855
00bbac68_5284,12224.983
00bbac68_5285,12224.813
00bbac68_5286,12224.973
00bbac68_5287,12224.934
00bbac68_5288,12225.09
00bbac68_5289,12225.76
00bbac68_5290,12225.564
00bbac68_5291,12225.632
00bbac68_5292,12225.4375
00bbac68_5293,12225.507
00bbac68_5294,12225.404
00bbac68_5295,12225.5205
00bbac68_5296,12225.657
00bbac68_5297,12225.403
00bbac68_5298,12225.576
00bbac68_5299,12225.589
00bbac68_5300,12225.677
00bbac68_5301,12225.361
00bbac68_5302,12225.449
00bbac68_5303,12225.399
00bbac68_5304,12225.648
00bbac68_5305,12225.717
00bbac68_5306,12225.482
00bbac68_5307,12225.684
00bbac68_5308,12225.414
00bbac68_5309,12225.601
00bbac68_5310,12225.28
00bbac68_5311,12225.536
00bbac68_5312,12225.47
00bbac68_5313,12225.673
00bbac68_5314,12225.3125
00bbac68_5315,12225.451
00bbac68_5316,12225.508
00bbac68_5317,12225.265
00bbac68_5318,12225.455
00bbac68_5319,12225.301
00bbac68_5320,12225.408
00bbac68_5321,12225.353
00bbac68_5322,12225.523
00bbac68_5323,12225.503
00bbac68_5324,12225.5625
00bbac68_5325,12225.251
00bbac68_5326,12225.447
00bbac68_5327,12225.284
00bbac68_5328,12225.497
00bbac68_5329,12225.345
00bbac68_5330,12225.382
00bbac68_5331,12225.344
00bbac68_5332,12225.61
00bbac68_5333,12225.42
00bbac68_5334,12225.554
00bbac68_5335,12225.4795
00bbac68_5336,12225.232
00bbac68_5337,12225.397
00bbac68_5338,12225.398
00bbac68_5339,12225.357
00bbac68_5340,12224.97
00bbac68_5341,12225.126
00bbac68_5342,12225.009
00bbac68_5343,12225.096
00bbac68_5344,12224.92
00bbac68_5345,12225.22
00bbac68_5346,12225.098
00bbac68_5347,12225.125
00bbac68_5348,12224.93
00bbac68_5349,12225.252
00bbac68_5350,12225.501
00bbac68_5351,12225.486
00bbac68_5352,12225.342
00bbac68_5353,12225.384
00bbac68_5354,12225.316
00bbac68_5355,12225.686
00bbac68_5356,12225.488
00bbac68_5357,12225.742
00bbac68_5358,12225.374
00bbac68_5359,12225.428
00bbac68_5360,12225.273
00bbac68_5361,12225.399
00bbac68_5362,12225.167
00bbac68_5363,12225.216
00bbac68_5364,12225.328
00bbac68_5365,12224.965
00bbac68_5366,12225.145
00bbac68_5367,12225.042
00bbac68_5368,12225.371
00bbac68_5369,12225.161
00bbac68_5370,12225.456
00bbac68_5371,12225.299
00bbac68_5372,12225.351
00bbac68_5373,12225.09
00bbac68_5374,12225.042
00bbac68_5375,12224.77
00bbac68_5376,12225.182
00bbac68_5377,12224.999
00bbac68_5378,12225.073
00bbac68_5379,12224.903
00bbac68_5380,12225.11
00bbac68_5381,12225.054
00bbac68_5382,12224.836
00bbac68_5383,12224.695
00bbac68_5384,12225.044
00bbac68_5385,12225.052
00bbac68_5386,12224.969
00bbac68_5387,12225.203
00bbac68_5388,12224.858
00bbac68_5389,12224.687
00bbac68_5390,12224.896
00bbac68_5391,12224.968
00bbac68_5392,12224.895
00bbac68_5393,12225.016
00bbac68_5394,12225.037
00bbac68_5395,12224.88
00bbac68_5396,12225.052
00bbac68_5397,12225.028
00bbac68_5398,12225.106
00bbac68_5399,12225.067
00bbac68_5400,12225.011
00bbac68_5401,12224.927
00bbac68_5402,12224.91
00bbac68_5403,12224.954
00bbac68_5404,12224.953
00bbac68_5405,12224.832
00bbac68_5406,12224.789
00bbac68_5407,12224.7705
00bbac68_5408,12224.831
00bbac68_5409,12224.775
00bbac68_5410,12224.767
00bbac68_5411,12224.917
00bbac68_5412,12224.799
00bbac68_5413,12224.852
00bbac68_5414,12224.83
00bbac68_5415,12224.923
00bbac68_5416,12224.889
00bbac68_5417,12224.807
00bbac68_5418,12224.8125
00bbac68_5419,12224.895
00bbac68_5420,12224.883
00bbac68_5421,12224.89
00bbac68_5422,12224.859
00bbac68_5423,12224.8545
00bbac68_5424,12224.89
00bbac68_5425,12224.928
00bbac68_5426,12224.928
00bbac68_5427,12224.949
00bbac68_5428,12224.962
00bbac68_5429,12224.462
00bbac68_5430,12224.048
00bbac68_5431,12223.402
00bbac68_5432,12223.352
00bbac68_5433,12223.672
00bbac68_5434,12224.615
00bbac68_5435,12224.528
00bbac68_5436,12224.338
00bbac68_5437,12222.485
00bbac68_5438,12222.472
00bbac68_5439,12222.491
00bbac68_5440,12222.745
00bbac68_5441,12222.778
00bbac68_5442,12224.675
00bbac68_5443,12225.227
00bbac68_5444,12225.204
00bbac68_5445,12225.026
00bbac68_5446,12224.344
00bbac68_5447,12222.565
00bbac68_5448,12223.024
00bbac68_5449,12224.619
00bbac68_5450,12224.334
00bbac68_5451,12222.789
00bbac68_5452,12222.229
00bbac68_5453,12222.272
00bbac68_5454,12222.572
00bbac68_5455,12222.4375
00bbac68_5456,12222.329
00bbac68_5457,12222.321
00bbac68_5458,12222.371
00bbac68_5459,12224.306
00bbac68_5460,12224.838
00bbac68_5461,12224.831
00bbac68_5462,12224.744
00bbac68_5463,12224.7295
00bbac68_5464,12224.614
00bbac68_5465,12224.609
00bbac68_5466,12224.657
00bbac68_5467,12224.592
00bbac68_5468,12224.505
00bbac68_5469,12224.4375
00bbac68_5470,12224.477
00bbac68_5471,12224.412
00bbac68_5472,12224.391
00bbac68_5473,12224.426
00bbac68_5474,12220.999
00bbac68_5475,12219.015
00bbac68_5476,12218.919
00bbac68_5477,12218.958
00bbac68_5478,12218.972
00bbac68_5479,12220.444
00bbac68_5480,12221.101
00bbac68_5481,12221.733
00bbac68_5482,12223.48
00bbac68_5483,12223.816
00bbac68_5484,12223.616
00bbac68_5485,12223.791
00bbac68_5486,12223.253
00bbac68_5487,12223.226
00bbac68_5488,12222.821
00bbac68_5489,12221.849
00bbac68_5490,12221.268
00bbac68_5491,12221.195
00bbac68_5492,12221.147
00bbac68_5493,12221.117
00bbac68_5494,12221.059
00bbac68_5495,12221.002
00bbac68_5496,12221.049
00bbac68_5497,12221.154
00bbac68_5498,12221.037
00bbac68_5499,12220.473
00bbac68_5500,12220.475
00bbac68_5501,12220.46
00bbac68_5502,12220.422
00bbac68_5503,12220.395
00bbac68_5504,12220.378
00bbac68_5505,12220.345
00bbac68_5506,12220.219
00bbac68_5507,12220.123
00bbac68_5508,12220.359
00bbac68_5509,12219.971
00bbac68_5510,12219.928
00bbac68_5511,12219.895
00bbac68_5512,12220.332
00bbac68_5513,12220.325
00bbac68_5514,12220.307
00bbac68_5515,12220.2705
00bbac68_5516,12220.368
00bbac68_5517,12220.585
00bbac68_5518,12220.629
00bbac68_5519,12220.623
00bbac68_5520,12220.488
00bbac68_5521,12220.368
00bbac68_5522,12220.225
00bbac68_5523,12220.151
00bbac68_5524,12220.249
00bbac68_5525,12220.197
00bbac68_5526,12220.175
00bbac68_5527,12220.261
00bbac68_5528,12220.119
00bbac68_5529,12219.99
00bbac68_5530,12219.994
00bbac68_5531,12219.794
00bbac68_5532,12219.789
00bbac68_5533,12219.645
00bbac68_5534,12219.676
00bbac68_5535,12219.668
00bbac68_5536,12219.652
00bbac68_5537,12219.621
00bbac68_5538,12219.68
00bbac68_5539,12219.693
00bbac68_5540,12219.541
00bbac68_5541,12219.557
00bbac68_5542,12219.552
00bbac68_5543,12219.576
00bbac68_5544,12219.665
00bbac68_5545,12219.53
00bbac68_5546,12219.484
00bbac68_5547,12219.557
00bbac68_5548,12219.492
00bbac68_5549,12219.488
00bbac68_5550,12219.592
00bbac68_5551,12219.486
00bbac68_5552,12219.112
00bbac68_5553,12219.086
00bbac68_5554,12219.036
00bbac68_5555,12219.092
00bbac68_5556,12219.034
00bbac68_5557,12219.343
00bbac68_5558,12219.342
00bbac68_5559,12219.299
00bbac68_5560,12219.289
00bbac68_5561,12219.433
00bbac68_5562,12219.06
00bbac68_5563,12218.901
00bbac68_5564,12218.868
00bbac68_5565,12218.852
00bbac68_5566,12218.854
00bbac68_5567,12218.957
00bbac68_5568,12218.877
00bbac68_5569,12218.818
00bbac68_5570,12218.817
00bbac68_5571,12218.779
00bbac68_5572,12218.855
00bbac68_5573,12218.909
00bbac68_5574,12218.792
00bbac68_5575,12218.75
00bbac68_5576,12218.868
00bbac68_5577,12218.847
00bbac68_5578,12218.788
00bbac68_5579,12218.77
00bbac68_5580,12219.0205
00bbac68_5581,12219.122
00bbac68_5582,12219.175
00bbac68_5583,12219.145
00bbac68_5584,12219.093
00bbac68_5585,12219.167
00bbac68_5586,12219.124
00bbac68_5587,12219.1875
00bbac68_5588,12218.885
00bbac68_5589,12219.02
00bbac68_5590,12218.6455
00bbac68_5591,12219.08
00bbac68_5592,12219.045
00bbac68_5593,12219.016
00bbac68_5594,12218.685
00bbac68_5595,12218.7
00bbac68_5596,12219.004
00bbac68_5597,12219.122
00bbac68_5598,12219.172
00bbac68_5599,12219.235
00bbac68_5600,12219.157
00bbac68_5601,12219.167
00bbac68_5602,12219.171
00bbac68_5603,12219.11
00bbac68_5604,12218.952
00bbac68_5605,12218.571
00bbac68_5606,12218.406
00bbac68_5607,12218.371
00bbac68_5608,12218.381
00bbac68_5609,12218.34
00bbac68_5610,12218.65
00bbac68_5611,12218.569
00bbac68_5612,12218.221
00bbac68_5613,12218.156
00bbac68_5614,12218.056
00bbac68_5615,12218.391
00bbac68_5616,12218.596
00bbac68_5617,12218.16
00bbac68_5618,12218.044
00bbac68_5619,12218.068
00bbac68_5620,12218.102
00bbac68_5621,12217.956
00bbac68_5622,12217.9795
00bbac68_5623,12217.982
00bbac68_5624,12218.043
00bbac68_5625,12218.0205
00bbac68_5626,12218.086
00bbac68_5627,12217.992
00bbac68_5628,12217.926
00bbac68_5629,12217.789
00bbac68_5630,12217.905
00bbac68_5631,12217.85
00bbac68_5632,12217.863
00bbac68_5633,12217.844
00bbac68_5634,12217.675
00bbac68_5635,12217.571
00bbac68_5636,12217.546
00bbac68_5637,12217.274
00bbac68_5638,12217.326
00bbac68_5639,12217.329
00bbac68_5640,12217.275
00bbac68_5641,12217.37
00bbac68_5642,12217.262
00bbac68_5643,12217.167
00bbac68_5644,12217.13
00bbac68_5645,12217.106
00bbac68_5646,12217.039
00bbac68_5647,12217.193
00bbac68_5648,12217.239
00bbac68_5649,12217.147
00bbac68_5650,12217.212
00bbac68_5651,12217.211
00bbac68_5652,12217.188
00bbac68_5653,12217.17
00bbac68_5654,12217.162
00bbac68_5655,12217.145
00bbac68_5656,12217.146
00bbac68_5657,12217.141
00bbac68_5658,12216.89
00bbac68_5659,12216.601
00bbac68_5660,12216.129
00bbac68_5661,12216.159
00bbac68_5662,12216.013
00bbac68_5663,12215.982
00bbac68_5664,12216.059
00bbac68_5665,12216.071
00bbac68_5666,12216.03
00bbac68_5667,12215.937
00bbac68_5668,12215.8955
00bbac68_5669,12215.878
00bbac68_5670,12215.932
00bbac68_5671,12215.947
00bbac68_5672,12215.942
00bbac68_5673,12215.87
00bbac68_5674,12215.992
00bbac68_5675,12216.1045
00bbac68_5676,12216.093
00bbac68_5677,12216.17
00bbac68_5678,12216.139
00bbac68_5679,12215.908
00bbac68_5680,12215.869
00bbac68_5681,12215.776
00bbac68_5682,12215.46
00bbac68_5683,12215.541
00bbac68_5684,12215.525
00bbac68_5685,12215.484
00bbac68_5686,12215.724
00bbac68_5687,12215.882
00bbac68_5688,12215.854
00bbac68_5689,12215.793
00bbac68_5690,12215.854
00bbac68_5691,12215.888
00bbac68_5692,12215.69
00bbac68_5693,12215.69
00bbac68_5694,12215.746
00bbac68_5695,12215.575
00bbac68_5696,12215.416
00bbac68_5697,12215.441
00bbac68_5698,12215.423
00bbac68_5699,12215.395
00bbac68_5700,12215.226
00bbac68_5701,12215.209
00bbac68_5702,12215.262
00bbac68_5703,12215.338
00bbac68_5704,12215.412
00bbac68_5705,12215.443
00bbac68_5706,12215.31
00bbac68_5707,12215.352
00bbac68_5708,12215.444
00bbac68_5709,12215.158
00bbac68_5710,12215.251
00bbac68_5711,12215.043
00bbac68_5712,12215.371
00bbac68_5713,12214.985
00bbac68_5714,12215.06
00bbac68_5715,12215.06
00bbac68_5716,12214.901
00bbac68_5717,12214.972
00bbac68_5718,12214.9
00bbac68_5719,12214.818
00bbac68_5720,12214.807
00bbac68_5721,12214.688
00bbac68_5722,12214.753
00bbac68_5723,12214.466
00bbac68_5724,12214.595
00bbac68_5725,12214.571
00bbac68_5726,12214.561
00bbac68_5727,12214.504
00bbac68_5728,12214.662
00bbac68_5729,12215.072
00bbac68_5730,12215.198
00bbac68_5731,12214.492
00bbac68_5732,12214.471
00bbac68_5733,12214.545
00bbac68_5734,12214.47
00bbac68_5735,12214.568
00bbac68_5736,12214.421
00bbac68_5737,12214.422
00bbac68_5738,12214.484
00bbac68_5739,12214.455
00bbac68_5740,12214.47
00bbac68_5741,12214.394
00bbac68_5742,12214.453
00bbac68_5743,12214.407
00bbac68_5744,12214.557
00bbac68_5745,12214.859
00bbac68_5746,12214.737
00bbac68_5747,12214.779
00bbac68_5748,12214.822
00bbac68_5749,12214.822
00bbac68_5750,12214.765
00bbac68_5751,12214.622
00bbac68_5752,12214.756
00bbac68_5753,12214.682
00bbac68_5754,12214.598
00bbac68_5755,12214.5
00bbac68_5756,12214.754
00bbac68_5757,12214.696
00bbac68_5758,12214.705
00bbac68_5759,12214.75
00bbac68_5760,12214.606
00bbac68_5761,12214.599
00bbac68_5762,12214.714
00bbac68_5763,12214.837
00bbac68_5764,12214.74
00bbac68_5765,12214.701
00bbac68_5766,12214.534
00bbac68_5767,12214.52
00bbac68_5768,12214.402
00bbac68_5769,12214.377
00bbac68_5770,12214.475
00bbac68_5771,12214.481
00bbac68_5772,12213.959
00bbac68_5773,12213.986
00bbac68_5774,12213.561
00bbac68_5775,12213.538
00bbac68_5776,12213.441
00bbac68_5777,12213.414
00bbac68_5778,12213.349
00bbac68_5779,12213.566
00bbac68_5780,12214.229
00bbac68_5781,12214.372
00bbac68_5782,12214.356
00bbac68_5783,12214.394
00bbac68_5784,12214.427
00bbac68_5785,12214.354
00bbac68_5786,12214.268
00bbac68_5787,12214.158
00bbac68_5788,12213.786
00bbac68_5789,12213.605
00bbac68_5790,12213.576
00bbac68_5791,12213.568
00bbac68_5792,12213.578
00bbac68_5793,12213.524
00bbac68_5794,12213.494
00bbac68_5795,12213.432
00bbac68_5796,12213.452
00bbac68_5797,12213.327
00bbac68_5798,12213.258
00bbac68_5799,12213.184
00bbac68_5800,12213.598
00bbac68_5801,12213.591
00bbac68_5802,12213.57
00bbac68_5803,12213.503
00bbac68_5804,12213.542
00bbac68_5805,12213.413
00bbac68_5806,12213.084
00bbac68_5807,12212.942
00bbac68_5808,12212.56
00bbac68_5809,12211.282
00bbac68_5810,12210.497
00bbac68_5811,12210.2705
00bbac68_5812,12209.945
00bbac68_5813,12209.931
00bbac68_5814,12209.833
00bbac68_5815,12209.699
00bbac68_5816,12208.973
00bbac68_5817,12207.792
00bbac68_5818,12207.331
00bbac68_5819,12208.17
00bbac68_5820,12207.941
00bbac68_5821,12208.0
00bbac68_5822,12207.846
00bbac68_5823,12207.547
00bbac68_5824,12207.256
00bbac68_5825,12207.171
00bbac68_5826,12207.0625
00bbac68_5827,12207.904
00bbac68_5828,12208.513
00bbac68_5829,12208.491
00bbac68_5830,12207.853
00bbac68_5831,12207.59
00bbac68_5832,12207.583
00bbac68_5833,12207.211
00bbac68_5834,12206.033
00bbac68_5835,12205.699
00bbac68_5836,12205.625
00bbac68_5837,12209.038
00bbac68_5838,12209.794
00bbac68_5839,12208.176
00bbac68_5840,12207.124
00bbac68_5841,12206.222
00bbac68_5842,12206.231
00bbac68_5843,12206.103
00bbac68_5844,12206.125
00bbac68_5845,12206.14
00bbac68_5846,12205.783
00bbac68_5847,12205.836
00bbac68_5848,12206.442
00bbac68_5849,12207.162
00bbac68_5850,12206.488
00bbac68_5851,12206.857
00bbac68_5852,12205.988
00bbac68_5853,12206.961
00bbac68_5854,12206.952
00bbac68_5855,12206.281
00bbac68_5856,12207.182
00bbac68_5857,12208.071
00bbac68_5858,12208.765
00bbac68_5859,12208.795
00bbac68_5860,12207.819
00bbac68_5861,12206.841
00bbac68_5862,12207.412
00bbac68_5863,12207.885
00bbac68_5864,12207.191
00bbac68_5865,12206.793
00bbac68_5866,12206.725
00bbac68_5867,12206.079
00bbac68_5868,12208.72
00bbac68_5869,12209.224
00bbac68_5870,12208.431
00bbac68_5871,12208.801
00bbac68_5872,12208.826
00bbac68_5873,12208.523
00bbac68_5874,12209.324
00bbac68_5875,12209.413
00bbac68_5876,12207.471
00bbac68_5877,12207.138
00bbac68_5878,12206.98
00bbac68_5879,12207.082
00bbac68_5880,12206.879
00bbac68_5881,12206.606
00bbac68_5882,12206.579
00bbac68_5883,12207.078
00bbac68_5884,12206.619
00bbac68_5885,12205.435
00bbac68_5886,12205.36
00bbac68_5887,12205.215
00bbac68_5888,12205.174
00bbac68_5889,12205.181
00bbac68_5890,12205.219
00bbac68_5891,12205.327
00bbac68_5892,12204.974
00bbac68_5893,12204.921
00bbac68_5894,12205.054
00bbac68_5895,12205.576
00bbac68_5896,12204.963
00bbac68_5897,12204.977
00bbac68_5898,12206.1
00bbac68_5899,12206.41
00bbac68_5900,12207.1
00bbac68_5901,12207.976
00bbac68_5902,12207.991
00bbac68_5903,12206.576
00bbac68_5904,12206.201
00bbac68_5905,12205.907
00bbac68_5906,12206.021
00bbac68_5907,12205.611
00bbac68_5908,12206.054
00bbac68_5909,12205.344
00bbac68_5910,12205.472
00bbac68_5911,12205.8
00bbac68_5912,12205.953
00bbac68_5913,12205.963
00bbac68_5914,12206.866
00bbac68_5915,12207.988
00bbac68_5916,12208.723
00bbac68_5917,12208.653
00bbac68_5918,12208.387
00bbac68_5919,12208.684
00bbac68_5920,12208.677
00bbac68_5921,12208.738
00bbac68_5922,12208.85
00bbac68_5923,12208.482
00bbac68_5924,12208.767
00bbac68_5925,12208.74
00bbac68_5926,12208.801
00bbac68_5927,12208.883
00bbac68_5928,12208.829
00bbac68_5929,12208.721
00bbac68_5930,12209.012
00bbac68_5931,12209.374
00bbac68_5932,12209.003
00bbac68_5933,12209.072
00bbac68_5934,12208.936
00bbac68_5935,12209.003
00bbac68_5936,12209.628
00bbac68_5937,12208.87
00bbac68_5938,12207.811
00bbac68_5939,12208.61
00bbac68_5940,12208.712
00bbac68_5941,12209.1045
00bbac68_5942,12209.389
00bbac68_5943,12208.714
00bbac68_5944,12207.197
00bbac68_5945,12207.357
00bbac68_5946,12208.314
00bbac68_5947,12207.86
00bbac68_5948,12208.43
00bbac68_5949,12208.604
00bbac68_5950,12208.676
00bbac68_5951,12209.181
00bbac68_5952,12208.729
00bbac68_5953,12209.052
00bbac68_5954,12209.062
00bbac68_5955,12207.812
00bbac68_5956,12206.773
00bbac68_5957,12208.349
00bbac68_5958,12208.874
00bbac68_5959,12209.154
00bbac68_5960,12208.752
00bbac68_5961,12208.304
00bbac68_5962,12207.681
00bbac68_5963,12208.833
00bbac68_5964,12208.639
00bbac68_5965,12207.815
00bbac68_5966,12208.707
00bbac68_5967,12207.414
00bbac68_5968,12206.925
00bbac68_5969,12206.423
00bbac68_5970,12207.16
00bbac68_5971,12205.268
00bbac68_5972,12206.162
00bbac68_5973,12207.984
00bbac68_5974,12206.766
00bbac68_5975,12206.887
00bbac68_5976,12207.093
00bbac68_5977,12208.411
00bbac68_5978,12208.622
00bbac68_5979,12209.318
00bbac68_5980,12209.612
00bbac68_5981,12210.194
00bbac68_5982,12210.254
00bbac68_5983,12210.25
00bbac68_5984,12209.1455
00bbac68_5985,12208.257
00bbac68_5986,12209.702
00bbac68_5987,12209.204
00bbac68_5988,12209.979
00bbac68_5989,12210.208
00bbac68_5990,12209.252
00bbac68_5991,12207.192
00bbac68_5992,12207.5625
00bbac68_5993,12208.109
00bbac68_5994,12208.147
00bbac68_5995,12208.598
00bbac68_5996,12208.061
00bbac68_5997,12210.053
00bbac68_5998,12210.315
00bbac68_5999,12210.199
00bbac68_6000,12210.205
00bbac68_6001,12210.901
00bbac68_6002,12210.703
00bbac68_6003,12210.554
00bbac68_6004,12210.906
00bbac68_6005,12210.645
00bbac68_6006,12210.765
00bbac68_6007,12210.624
00bbac68_6008,12211.121
00bbac68_6009,12210.639
00bbac68_6010,12210.999
00bbac68_6011,12210.833
00bbac68_6012,12210.51
00bbac68_6013,12210.394
00bbac68_6014,12209.687
00bbac68_6015,12209.794
00bbac68_6016,12209.465
00bbac68_6017,12209.183
00bbac68_6018,12208.771
00bbac68_6019,12209.148
00bbac68_6020,12208.782
00bbac68_6021,12207.332
00bbac68_6022,12207.25
00bbac68_6023,12207.74
00bbac68_6024,12209.046
00bbac68_6025,12209.072
00bbac68_6026,12209.67
00bbac68_6027,12208.8955
00bbac68_6028,12207.621
00bbac68_6029,12206.656
00bbac68_6030,12206.948
00bbac68_6031,12208.076
00bbac68_6032,12208.318
00bbac68_6033,12208.399
00bbac68_6034,12207.249
00bbac68_6035,12208.875
00bbac68_6036,12208.56
00bbac68_6037,12208.656
00bbac68_6038,12208.033
00bbac68_6039,12208.629
00bbac68_6040,12209.138
00bbac68_6041,12208.756
00bbac68_6042,12209.311
00bbac68_6043,12208.675
00bbac68_6044,12208.661
00bbac68_6045,12209.258
00bbac68_6046,12208.73
00bbac68_6047,12207.855
00bbac68_6048,12208.027
00bbac68_6049,12208.62
00bbac68_6050,12208.86
00bbac68_6051,12209.122
00bbac68_6052,12208.656
00bbac68_6053,12208.38
00bbac68_6054,12208.925
00bbac68_6055,12209.017
00bbac68_6056,12208.595
00bbac68_6057,12208.104
00bbac68_6058,12207.916
00bbac68_6059,12208.108
00bbac68_6060,12209.013
00bbac68_6061,12209.552
00bbac68_6062,12207.482
00bbac68_6063,12207.042
00bbac68_6064,12207.061
00bbac68_6065,12207.147
00bbac68_6066,12207.668
00bbac68_6067,12208.216
00bbac68_6068,12206.79
00bbac68_6069,12207.121
00bbac68_6070,12209.318
00bbac68_6071,12208.724
00bbac68_6072,12208.205
00bbac68_6073,12208.181
00bbac68_6074,12207.926
00bbac68_6075,12208.205
00bbac68_6076,12208.07
00bbac68_6077,12207.54
00bbac68_6078,12207.06
00bbac68_6079,12206.554
00bbac68_6080,12206.977
00bbac68_6081,12208.139
00bbac68_6082,12207.299
00bbac68_6083,12206.887
00bbac68_6084,12207.556
00bbac68_6085,12208.119
00bbac68_6086,12207.174
00bbac68_6087,12206.645
00bbac68_6088,12207.235
00bbac68_6089,12208.205
00bbac68_6090,12209.669
00bbac68_6091,12210.31
00bbac68_6092,12210.504
00bbac68_6093,12210.332
00bbac68_6094,12210.267
00bbac68_6095,12209.737
00bbac68_6096,12208.925
00bbac68_6097,12208.856
00bbac68_6098,12209.033
00bbac68_6099,12209.374
00bbac68_6100,12209.774
00bbac68_6101,12210.301
00bbac68_6102,12210.167
00bbac68_6103,12210.182
00bbac68_6104,12209.067
00bbac68_6105,12208.715
00bbac68_6106,12208.946
00bbac68_6107,12210.204
00bbac68_6108,12210.088
00bbac68_6109,12210.011
00bbac68_6110,12209.732
00bbac68_6111,12209.65
00bbac68_6112,12209.291
00bbac68_6113,12209.464
00bbac68_6114,12209.313
00bbac68_6115,12208.924
00bbac68_6116,12209.539
00bbac68_6117,12209.577
00bbac68_6118,12208.983
00bbac68_6119,12208.649
00bbac68_6120,12208.166
00bbac68_6121,12207.927
00bbac68_6122,12208.747
00bbac68_6123,12207.571
00bbac68_6124,12208.426
00bbac68_6125,12209.424
00bbac68_6126,12208.855
00bbac68_6127,12207.788
00bbac68_6128,12208.098
00bbac68_6129,12208.685
00bbac68_6130,12208.757
00bbac68_6131,12208.778
00bbac68_6132,12209.777
00bbac68_6133,12209.874
00bbac68_6134,12209.292
00bbac68_6135,12208.855
00bbac68_6136,12209.32
00bbac68_6137,12209.311
00bbac68_6138,12209.141
00bbac68_6139,12209.484
00bbac68_6140,12209.949
00bbac68_6141,12209.907
00bbac68_6142,12208.936
00bbac68_6143,12209.799
00bbac68_6144,12209.969
00bbac68_6145,12209.97
00bbac68_6146,12209.684
00bbac68_6147,12209.574
00bbac68_6148,12209.407
00bbac68_6149,12209.67
00bbac68_6150,12209.373
00bbac68_6151,12209.293
00bbac68_6152,12209.231
00bbac68_6153,12209.366
00bbac68_6154,12209.628
00bbac68_6155,12209.391
00bbac68_6156,12209.1455
00bbac68_6157,12208.518
00bbac68_6158,12208.613
00bbac68_6159,12208.991
00bbac68_6160,12208.795
00bbac68_6161,12208.656
00bbac68_6162,12209.009
00bbac68_6163,12208.683
00bbac68_6164,12208.669
00bbac68_6165,12209.064
00bbac68_6166,12208.661
00bbac68_6167,12209.215
00bbac68_6168,12208.597
00bbac68_6169,12209.067
00bbac68_6170,12208.987
00bbac68_6171,12209.025
00bbac68_6172,12208.739
00bbac68_6173,12209.256
00bbac68_6174,12208.707
00bbac68_6175,12209.389
00bbac68_6176,12209.18
00bbac68_6177,12208.786
00bbac68_6178,12209.019
00bbac68_6179,12209.302
00bbac68_6180,12208.774
00bbac68_6181,12209.368
00bbac68_6182,12209.011
00bbac68_6183,12209.351
00bbac68_6184,12209.2705
00bbac68_6185,12207.865
00bbac68_6186,12208.493
00bbac68_6187,12208.835
00bbac68_6188,12208.682
00bbac68_6189,12209.067
00bbac68_6190,12209.167
00bbac68_6191,12209.078
00bbac68_6192,12208.819
00bbac68_6193,12208.771
00bbac68_6194,12208.291
00bbac68_6195,12208.769
00bbac68_6196,12208.96
00bbac68_6197,12208.995
00bbac68_6198,12208.226
00bbac68_6199,12207.829
00bbac68_6200,12208.619
00bbac68_6201,12209.009
00bbac68_6202,12209.671
00bbac68_6203,12209.31
00bbac68_6204,12209.312
00bbac68_6205,12209.253
00bbac68_6206,12209.825
00bbac68_6207,12209.088
00bbac68_6208,12208.509
00bbac68_6209,12209.166
00bbac68_6210,12209.107
00bbac68_6211,12209.297
00bbac68_6212,12209.94
00bbac68_6213,12209.289
00bbac68_6214,12209.107
00bbac68_6215,12209.747
00bbac68_6216,12209.364
00bbac68_6217,12210.022
00bbac68_6218,12209.335
00bbac68_6219,12209.87
00bbac68_6220,12209.326
00bbac68_6221,12209.792
00bbac68_6222,12209.661
00bbac68_6223,12209.139
00bbac68_6224,12209.688
00bbac68_6225,12209.194
00bbac68_6226,12209.902
00bbac68_6227,12209.959
00bbac68_6228,12209.89
00bbac68_6229,12209.154
00bbac68_6230,12209.866
00bbac68_6231,12209.826
00bbac68_6232,12209.578
00bbac68_6233,12210.019
00bbac68_6234,12209.905
00bbac68_6235,12208.096
00bbac68_6236,12209.875
00bbac68_6237,12209.94
00bbac68_6238,12209.901
00bbac68_6239,12209.936
00bbac68_6240,12209.961
00bbac68_6241,12209.8955
00bbac68_6242,12209.976
00bbac68_6243,12209.946
00bbac68_6244,12209.907
00bbac68_6245,12209.847
00bbac68_6246,12209.882
00bbac68_6247,12209.863
00bbac68_6248,12209.781
00bbac68_6249,12209.842
00bbac68_6250,12209.849
00bbac68_6251,12209.859
00bbac68_6252,12209.919
00bbac68_6253,12209.91
00bbac68_6254,12209.908
00bbac68_6255,12209.801
00bbac68_6256,12209.832
00bbac68_6257,12209.816
00bbac68_6258,12209.837
00bbac68_6259,12209.778
00bbac68_6260,12209.793
00bbac68_6261,12209.875
00bbac68_6262,12209.932
00bbac68_6263,12209.899
00bbac68_6264,12209.876
00bbac68_6265,12209.9
00bbac68_6266,12209.8955
00bbac68_6267,12209.928
00bbac68_6268,12209.35
00bbac68_6269,12209.678
00bbac68_6270,12209.742
00bbac68_6271,12209.823
00bbac68_6272,12209.847
00bbac68_6273,12209.816
00bbac68_6274,12209.869
00bbac68_6275,12209.844
00bbac68_6276,12209.882
00bbac68_6277,12209.943
00bbac68_6278,12209.903
00bbac68_6279,12209.978
00bbac68_6280,12209.923
00bbac68_6281,12209.918
00bbac68_6282,12209.898
00bbac68_6283,12209.938
00bbac68_6284,12209.938
00bbac68_6285,12210.005
00bbac68_6286,12209.864
00bbac68_6287,12209.728
00bbac68_6288,12209.81
00bbac68_6289,12209.793
00bbac68_6290,12209.731
00bbac68_6291,12209.595
00bbac68_6292,12209.725
00bbac68_6293,12209.922
00bbac68_6294,12209.892
00bbac68_6295,12209.784
00bbac68_6296,12209.408
00bbac68_6297,12209.684
00bbac68_6298,12209.656
00bbac68_6299,12209.67
00bbac68_6300,12209.816
00bbac68_6301,12209.771
00bbac68_6302,12209.83
00bbac68_6303,12209.92
00bbac68_6304,12209.995
00bbac68_6305,12209.898
00bbac68_6306,12209.937
00bbac68_6307,12210.023
00bbac68_6308,12209.8955
00bbac68_6309,12209.93
00bbac68_6310,12209.921
00bbac68_6311,12209.946
00bbac68_6312,12209.899
00bbac68_6313,12209.925
00bbac68_6314,12210.047
00bbac68_6315,12210.016
00bbac68_6316,12210.007
00bbac68_6317,12209.949
00bbac68_6318,12209.947
00bbac68_6319,12209.999
00bbac68_6320,12209.986
00bbac68_6321,12209.947
00bbac68_6322,12209.928
00bbac68_6323,12209.949
00bbac68_6324,12209.941
00bbac68_6325,12210.092
00bbac68_6326,12209.903
00bbac68_6327,12209.867
00bbac68_6328,12210.032
00bbac68_6329,12209.925
00bbac68_6330,12209.953
00bbac68_6331,12209.973
00bbac68_6332,12209.998
00bbac68_6333,12210.002
00bbac68_6334,12209.973
00bbac68_6335,12210.014
00bbac68_6336,12209.945
00bbac68_6337,12209.871
00bbac68_6338,12209.746
00bbac68_6339,12209.763
00bbac68_6340,12209.751
00bbac68_6341,12209.809
00bbac68_6342,12209.924
00bbac68_6343,12210.011
00bbac68_6344,12209.9
00bbac68_6345,12209.983
00bbac68_6346,12209.947
00bbac68_6347,12210.0
00bbac68_6348,12209.981
00bbac68_6349,12209.932
00bbac68_6350,12210.0
00bbac68_6351,12210.112
00bbac68_6352,12209.967
00bbac68_6353,12210.069
00bbac68_6354,12209.966
00bbac68_6355,12210.005
00bbac68_6356,12210.056
00bbac68_6357,12210.024
00bbac68_6358,12209.955
00bbac68_6359,12210.001
00bbac68_6360,12209.944
00bbac68_6361,12210.007
00bbac68_6362,12210.053
00bbac68_6363,12209.923
00bbac68_6364,12209.966
00bbac68_6365,12210.067
00bbac68_6366,12209.816
00bbac68_6367,12209.834
00bbac68_6368,12210.041
00bbac68_6369,12210.012
00bbac68_6370,12210.041
00bbac68_6371,12210.055
00bbac68_6372,12209.903
00bbac68_6373,12209.368
00bbac68_6374,12208.021
00bbac68_6375,12206.688
00bbac68_6376,12208.3125
00bbac68_6377,12209.838
00bbac68_6378,12209.783
00bbac68_6379,12210.099
00bbac68_6380,12210.0205
00bbac68_6381,12210.048
00bbac68_6382,12210.087
00bbac68_6383,12209.997
00bbac68_6384,12210.06
00bbac68_6385,12210.023
00bbac68_6386,12209.972
00bbac68_6387,12209.954
00bbac68_6388,12209.89
00bbac68_6389,12209.846
00bbac68_6390,12209.966
00bbac68_6391,12209.876
00bbac68_6392,12209.9375
00bbac68_6393,12209.908
00bbac68_6394,12209.967
00bbac68_6395,12209.928
00bbac68_6396,12210.055
00bbac68_6397,12209.962
00bbac68_6398,12208.974
00bbac68_6399,12209.423
00bbac68_6400,12209.926
00bbac68_6401,12209.997
00bbac68_6402,12209.794
00bbac68_6403,12209.928
00bbac68_6404,12209.96
00bbac68_6405,12209.925
00bbac68_6406,12209.303
00bbac68_6407,12209.999
00bbac68_6408,12209.99
00bbac68_6409,12210.02
00bbac68_6410,12209.367
00bbac68_6411,12210.004
00bbac68_6412,12210.026
00bbac68_6413,12209.498
00bbac68_6414,12210.062
00bbac68_6415,12209.25
00bbac68_6416,12209.914
00bbac68_6417,12208.318
00bbac68_6418,12207.806
00bbac68_6419,12207.102
00bbac68_6420,12207.508
00bbac68_6421,12207.465
00bbac68_6422,12209.541
00bbac68_6423,12209.047
00bbac68_6424,12209.7
00bbac68_6425,12209.182
00bbac68_6426,12209.63
00bbac68_6427,12209.117
00bbac68_6428,12209.913
00bbac68_6429,12209.228
00bbac68_6430,12209.862
00bbac68_6431,12209.203
00bbac68_6432,12209.805
00bbac68_6433,12209.22
00bbac68_6434,12209.795
00bbac68_6435,12209.207
00bbac68_6436,12210.088
00bbac68_6437,12208.228
00bbac68_6438,12208.493
00bbac68_6439,12208.884
00bbac68_6440,12210.167
00bbac68_6441,12208.946
00bbac68_6442,12209.262
00bbac68_6443,12208.658
00bbac68_6444,12209.913
00bbac68_6445,12209.676
00bbac68_6446,12210.686
00bbac68_6447,12210.22
00bbac68_6448,12210.944
00bbac68_6449,12209.704
00bbac68_6450,12209.379
00bbac68_6451,12210.68
00bbac68_6452,12210.483
00bbac68_6453,12211.022
00bbac68_6454,12208.991
00bbac68_6455,12210.692
00bbac68_6456,12210.951
00bbac68_6457,12210.023
00bbac68_6458,12210.977
00bbac68_6459,12211.6
00bbac68_6460,12210.787
00bbac68_6461,12211.519
00bbac68_6462,12210.756
00bbac68_6463,12211.235
00bbac68_6464,12210.967
00bbac68_6465,12210.306
00bbac68_6466,12211.06
00bbac68_6467,12210.454
00bbac68_6468,12210.895
00bbac68_6469,12210.2
00bbac68_6470,12210.888
00bbac68_6471,12210.311
00bbac68_6472,12210.972
00bbac68_6473,12210.421
00bbac68_6474,12210.219
00bbac68_6475,12210.036
00bbac68_6476,12210.283
00bbac68_6477,12210.961
00bbac68_6478,12210.139
00bbac68_6479,12211.077
00bbac68_6480,12210.193
00bbac68_6481,12210.802
00bbac68_6482,12211.028
00bbac68_6483,12210.344
00bbac68_6484,12210.341
00bbac68_6485,12209.661
00bbac68_6486,12210.285
00bbac68_6487,12209.938
00bbac68_6488,12210.777
00bbac68_6489,12210.37
00bbac68_6490,12210.33
00bbac68_6491,12211.036
00bbac68_6492,12210.25
00bbac68_6493,12210.943
00bbac68_6494,12209.715
00bbac68_6495,12209.961
00bbac68_6496,12210.09
00bbac68_6497,12209.354
00bbac68_6498,12209.273
00bbac68_6499,12209.251
00bbac68_6500,12209.807
00bbac68_6501,12209.4375
00bbac68_6502,12209.436
00bbac68_6503,12210.09
00bbac68_6504,12209.498
00bbac68_6505,12209.845
00bbac68_6506,12210.042
00bbac68_6507,12209.446
00bbac68_6508,12209.972
00bbac68_6509,12209.358
00bbac68_6510,12209.858
00bbac68_6511,12210.003
00bbac68_6512,12209.32
00bbac68_6513,12209.959
00bbac68_6514,12209.378
00bbac68_6515,12210.008
00bbac68_6516,12210.015
00bbac68_6517,12209.397
00bbac68_6518,12210.042
00bbac68_6519,12209.889
00bbac68_6520,12209.384
00bbac68_6521,12209.98
00bbac68_6522,12210.056
00bbac68_6523,12209.929
00bbac68_6524,12209.47
00bbac68_6525,12210.009
00bbac68_6526,12209.998
00bbac68_6527,12209.958
00bbac68_6528,12209.346
00bbac68_6529,12209.946
00bbac68_6530,12209.984
00bbac68_6531,12210.072
00bbac68_6532,12210.021
00bbac68_6533,12209.411
00bbac68_6534,12210.021
00bbac68_6535,12209.914
00bbac68_6536,12209.903
00bbac68_6537,12209.982
00bbac68_6538,12210.03
00bbac68_6539,12209.965
00bbac68_6540,12209.43
00bbac68_6541,12210.073
00bbac68_6542,12209.991
00bbac68_6543,12210.103
00bbac68_6544,12210.084
00bbac68_6545,12210.025
00bbac68_6546,12210.003
00bbac68_6547,12210.045
00bbac68_6548,12210.127
00bbac68_6549,12210.106
00bbac68_6550,12209.966
00bbac68_6551,12209.993
00bbac68_6552,12209.569
00bbac68_6553,12208.954
00bbac68_6554,12210.164
00bbac68_6555,12210.183
00bbac68_6556,12209.571
00bbac68_6557,12209.323
00bbac68_6558,12209.477
00bbac68_6559,12210.046
00bbac68_6560,12209.45
00bbac68_6561,12210.004
00bbac68_6562,12210.027
00bbac68_6563,12210.03
00bbac68_6564,12210.206
00bbac68_6565,12210.23
00bbac68_6566,12210.151
00bbac68_6567,12210.075
00bbac68_6568,12210.23
00bbac68_6569,12210.246
00bbac68_6570,12210.128
00bbac68_6571,12210.253
00bbac68_6572,12210.075
00bbac68_6573,12209.509
00bbac68_6574,12208.987
00bbac68_6575,12208.843
00bbac68_6576,12209.37
00bbac68_6577,12210.082
00bbac68_6578,12210.109
00bbac68_6579,12210.224
00bbac68_6580,12210.269
00bbac68_6581,12210.267
00bbac68_6582,12210.218
00bbac68_6583,12210.274
00bbac68_6584,12210.223
00bbac68_6585,12210.211
00bbac68_6586,12210.129
00bbac68_6587,12210.16
00bbac68_6588,12209.465
00bbac68_6589,12209.834
00bbac68_6590,12209.985
00bbac68_6591,12209.375
00bbac68_6592,12209.96
00bbac68_6593,12210.173
00bbac68_6594,12210.198
00bbac68_6595,12210.205
00bbac68_6596,12210.101
00bbac68_6597,12210.237
00bbac68_6598,12210.127
00bbac68_6599,12210.185
00bbac68_6600,12210.234
00bbac68_6601,12210.022
00bbac68_6602,12210.02
00bbac68_6603,12210.094
00bbac68_6604,12210.191
00bbac68_6605,12210.026
00bbac68_6606,12209.775
00bbac68_6607,12210.03
00bbac68_6608,12209.968
00bbac68_6609,12209.756
00bbac68_6610,12209.327
00bbac68_6611,12209.276
00bbac68_6612,12209.81
00bbac68_6613,12209.75
00bbac68_6614,12209.673
00bbac68_6615,12209.584
00bbac68_6616,12209.064
00bbac68_6617,12208.891
00bbac68_6618,12208.994
00bbac68_6619,12209.743
00bbac68_6620,12210.16
00bbac68_6621,12209.001
00bbac68_6622,12210.679
00bbac68_6623,12210.653
00bbac68_6624,12210.698
00bbac68_6625,12210.5
00bbac68_6626,12210.442
00bbac68_6627,12210.673
00bbac68_6628,12210.504
00bbac68_6629,12210.326
00bbac68_6630,12210.097
00bbac68_6631,12210.145
00bbac68_6632,12209.77
00bbac68_6633,12209.985
00bbac68_6634,12210.438
00bbac68_6635,12210.944
00bbac68_6636,12210.291
00bbac68_6637,12209.907
00bbac68_6638,12209.974
00bbac68_6639,12210.681
00bbac68_6640,12211.6455
00bbac68_6641,12211.649
00bbac68_6642,12211.086
00bbac68_6643,12210.596
00bbac68_6644,12210.619
00bbac68_6645,12210.135
00bbac68_6646,12210.603
00bbac68_6647,12210.634
00bbac68_6648,12210.113
00bbac68_6649,12211.332
00bbac68_6650,12211.385
00bbac68_6651,12211.572
00bbac68_6652,12211.861
00bbac68_6653,12211.876
00bbac68_6654,12211.661
00bbac68_6655,12211.418
00bbac68_6656,12211.262
00bbac68_6657,12211.422
00bbac68_6658,12211.121
00bbac68_6659,12210.382
00bbac68_6660,12210.902
00bbac68_6661,12211.121
00bbac68_6662,12211.435
00bbac68_6663,12211.499
00bbac68_6664,12210.638
00bbac68_6665,12210.316
00bbac68_6666,12210.329
00bbac68_6667,12211.376
00bbac68_6668,12211.21
00bbac68_6669,12211.05
00bbac68_6670,12210.923
00bbac68_6671,12210.815
00bbac68_6672,12210.974
00bbac68_6673,12210.245
00bbac68_6674,12210.8545
00bbac68_6675,12211.844
00bbac68_6676,12211.776
00bbac68_6677,12211.13
00bbac68_6678,12210.897
00bbac68_6679,12211.306
00bbac68_6680,12211.308
00bbac68_6681,12210.935
00bbac68_6682,12210.429
00bbac68_6683,12210.84
00bbac68_6684,12211.554
00bbac68_6685,12211.162
00bbac68_6686,12211.642
00bbac68_6687,12211.73
00bbac68_6688,12211.701
00bbac68_6689,12211.702
00bbac68_6690,12211.7705
00bbac68_6691,12211.728
00bbac68_6692,12211.753
00bbac68_6693,12211.674
00bbac68_6694,12211.661
00bbac68_6695,12211.672
00bbac68_6696,12211.772
00bbac68_6697,12211.586
00bbac68_6698,12211.476
00bbac68_6699,12210.957
00bbac68_6700,12210.887
00bbac68_6701,12210.9
00bbac68_6702,12211.148
00bbac68_6703,12211.3545
00bbac68_6704,12211.574
00bbac68_6705,12212.009
00bbac68_6706,12211.995
00bbac68_6707,12211.816
00bbac68_6708,12211.574
00bbac68_6709,12211.778
00bbac68_6710,12211.414
00bbac68_6711,12211.289
00bbac68_6712,12211.849
00bbac68_6713,12211.79
00bbac68_6714,12211.029
00bbac68_6715,12210.348
00bbac68_6716,12210.454
00bbac68_6717,12211.076
00bbac68_6718,12211.966
00bbac68_6719,12211.3
00bbac68_6720,12211.878
00bbac68_6721,12212.0205
00bbac68_6722,12211.454
00bbac68_6723,12211.349
00bbac68_6724,12210.997
00bbac68_6725,12211.018
00bbac68_6726,12211.329
00bbac68_6727,12210.761
00bbac68_6728,12210.462
00bbac68_6729,12211.075
00bbac68_6730,12211.287
00bbac68_6731,12210.694
00bbac68_6732,12210.492
00bbac68_6733,12210.346
00bbac68_6734,12210.238
00bbac68_6735,12211.257
00bbac68_6736,12211.522
00bbac68_6737,12211.166
00bbac68_6738,12210.943
00bbac68_6739,12211.878
00bbac68_6740,12211.415
00bbac68_6741,12210.672
00bbac68_6742,12210.35
00bbac68_6743,12210.425
00bbac68_6744,12210.462
00bbac68_6745,12210.84
00bbac68_6746,12210.357
00bbac68_6747,12210.386
00bbac68_6748,12210.412
00bbac68_6749,12210.375
00bbac68_6750,12210.355
00bbac68_6751,12210.294
00bbac68_6752,12210.698
00bbac68_6753,12210.248
00bbac68_6754,12210.0
00bbac68_6755,12208.067
00bbac68_6756,12208.041
00bbac68_6757,12208.136
00bbac68_6758,12208.052
00bbac68_6759,12207.546
00bbac68_6760,12206.078
00bbac68_6761,12208.266
00bbac68_6762,12208.205
00bbac68_6763,12207.813
00bbac68_6764,12207.941
00bbac68_6765,12207.372
00bbac68_6766,12207.4375
00bbac68_6767,12207.376
00bbac68_6768,12207.305
00bbac68_6769,12206.362
00bbac68_6770,12206.288
00bbac68_6771,12206.689
00bbac68_6772,12208.171
00bbac68_6773,12208.956
00bbac68_6774,12208.04
00bbac68_6775,12207.721
00bbac68_6776,12207.383
00bbac68_6777,12207.283
00bbac68_6778,12207.76
00bbac68_6779,12209.253
00bbac68_6780,12208.264
00bbac68_6781,12207.993
00bbac68_6782,12207.336
00bbac68_6783,12208.527
00bbac68_6784,12208.87
00bbac68_6785,12209.188
00bbac68_6786,12209.838
00bbac68_6787,12209.931
00bbac68_6788,12209.286
00bbac68_6789,12210.073
00bbac68_6790,12210.0
00bbac68_6791,12209.52
00bbac68_6792,12209.017
00bbac68_6793,12209.476
00bbac68_6794,12209.744
00bbac68_6795,12209.674
00bbac68_6796,12209.716
00bbac68_6797,12208.961
00bbac68_6798,12210.262
00bbac68_6799,12209.725
00bbac68_6800,12208.698
00bbac68_6801,12210.382
00bbac68_6802,12210.393
00bbac68_6803,12209.558
00bbac68_6804,12209.465
00bbac68_6805,12209.372
00bbac68_6806,12209.166
00bbac68_6807,12209.308
00bbac68_6808,12209.919
00bbac68_6809,12209.677
00bbac68_6810,12208.561
00bbac68_6811,12208.363
00bbac68_6812,12208.797
00bbac68_6813,12208.772
00bbac68_6814,12209.754
00bbac68_6815,12210.42
00bbac68_6816,12210.423
00bbac68_6817,12209.916
00bbac68_6818,12210.174
00bbac68_6819,12211.2
00bbac68_6820,12211.266
00bbac68_6821,12210.976
00bbac68_6822,12211.25
00bbac68_6823,12211.194
00bbac68_6824,12210.043
00bbac68_6825,12211.454
00bbac68_6826,12211.154
00bbac68_6827,12211.124
00bbac68_6828,12211.081
00bbac68_6829,12211.031
00bbac68_6830,12211.077
00bbac68_6831,12210.98
00bbac68_6832,12210.9375
00bbac68_6833,12211.049
00bbac68_6834,12210.95
00bbac68_6835,12210.852
00bbac68_6836,12210.194
00bbac68_6837,12210.182
00bbac68_6838,12210.302
00bbac68_6839,12210.386
00bbac68_6840,12210.377
00bbac68_6841,12211.072
00bbac68_6842,12211.057
00bbac68_6843,12211.149
00bbac68_6844,12209.4795
00bbac68_6845,12210.232
00bbac68_6846,12210.264
00bbac68_6847,12210.3
00bbac68_6848,12209.517
00bbac68_6849,12208.755
00bbac68_6850,12208.587
00bbac68_6851,12209.202
00bbac68_6852,12210.227
00bbac68_6853,12210.46
00bbac68_6854,12208.514
00bbac68_6855,12208.287
00bbac68_6856,12208.201
00bbac68_6857,12208.681
00bbac68_6858,12209.039
00bbac68_6859,12209.632
00bbac68_6860,12209.642
00bbac68_6861,12209.471
00bbac68_6862,12209.218
00bbac68_6863,12209.282
00bbac68_6864,12209.209
00bbac68_6865,12209.702
00bbac68_6866,12209.266
00bbac68_6867,12208.174
00bbac68_6868,12208.646
00bbac68_6869,12208.075
00bbac68_6870,12209.213
00bbac68_6871,12209.888
00bbac68_6872,12209.424
00bbac68_6873,12209.744
00bbac68_6874,12209.751
00bbac68_6875,12208.961
00bbac68_6876,12209.812
00bbac68_6877,12210.155
00bbac68_6878,12209.617
00bbac68_6879,12209.404
00bbac68_6880,12209.551
00bbac68_6881,12209.606
00bbac68_6882,12209.94
00bbac68_6883,12210.139
00bbac68_6884,12210.855
00bbac68_6885,12210.87
00bbac68_6886,12210.597
00bbac68_6887,12210.43
00bbac68_6888,12210.887
00bbac68_6889,12210.87
00bbac68_6890,12210.935
00bbac68_6891,12211.494
00bbac68_6892,12211.153
00bbac68_6893,12211.145
00bbac68_6894,12211.315
00bbac68_6895,12211.423
00bbac68_6896,12211.43
00bbac68_6897,12211.38
00bbac68_6898,12211.336
00bbac68_6899,12211.292
00bbac68_6900,12211.414
00bbac68_6901,12211.384
00bbac68_6902,12211.449
00bbac68_6903,12211.467
00bbac68_6904,12211.487
00bbac68_6905,12211.536
00bbac68_6906,12211.548
00bbac68_6907,12211.274
00bbac68_6908,12210.557
00bbac68_6909,12210.021
00bbac68_6910,12209.735
00bbac68_6911,12210.798
00bbac68_6912,12210.923
00bbac68_6913,12210.852
00bbac68_6914,12211.044
00bbac68_6915,12210.69
00bbac68_6916,12209.168
00bbac68_6917,12208.804
00bbac68_6918,12210.214
00bbac68_6919,12210.245
00bbac68_6920,12210.248
00bbac68_6921,12210.286
00bbac68_6922,12210.275
00bbac68_6923,12209.785
00bbac68_6924,12208.756
00bbac68_6925,12209.173
00bbac68_6926,12209.624
00bbac68_6927,12208.684
00bbac68_6928,12208.626
00bbac68_6929,12209.888
00bbac68_6930,12209.97
00bbac68_6931,12210.071
00bbac68_6932,12210.208
00bbac68_6933,12210.176
00bbac68_6934,12210.1455
00bbac68_6935,12210.238
00bbac68_6936,12210.303
00bbac68_6937,12210.329
00bbac68_6938,12210.215
00bbac68_6939,12210.248
00bbac68_6940,12210.441
00bbac68_6941,12210.396
00bbac68_6942,12210.398
00bbac68_6943,12210.266
00bbac68_6944,12210.297
00bbac68_6945,12210.388
00bbac68_6946,12210.191
00bbac68_6947,12209.448
00bbac68_6948,12208.566
00bbac68_6949,12208.931
00bbac68_6950,12210.257
00bbac68_6951,12210.382
00bbac68_6952,12210.204
00bbac68_6953,12210.185
00bbac68_6954,12210.278
00bbac68_6955,12210.296
00bbac68_6956,12210.341
00bbac68_6957,12210.07
00bbac68_6958,12209.972
00bbac68_6959,12210.212
00bbac68_6960,12210.327
00bbac68_6961,12210.447
00bbac68_6962,12210.54
00bbac68_6963,12210.571
00bbac68_6964,12210.402
00bbac68_6965,12210.302
00bbac68_6966,12210.01
00bbac68_6967,12209.175
00bbac68_6968,12209.055
00bbac68_6969,12209.96
00bbac68_6970,12211.481
00bbac68_6971,12211.379
00bbac68_6972,12211.491
00bbac68_6973,12210.996
00bbac68_6974,12211.003
00bbac68_6975,12211.744
00bbac68_6976,12211.772
00bbac68_6977,12211.201
00bbac68_6978,12211.161
00bbac68_6979,12211.227
00bbac68_6980,12210.803
00bbac68_6981,12210.487
00bbac68_6982,12210.15
00bbac68_6983,12210.963
00bbac68_6984,12211.197
00bbac68_6985,12211.031
00bbac68_6986,12210.81
00bbac68_6987,12210.858
00bbac68_6988,12210.082
00bbac68_6989,12208.911
00bbac68_6990,12208.977
00bbac68_6991,12209.01
00bbac68_6992,12208.616
00bbac68_6993,12207.99
00bbac68_6994,12206.926
00bbac68_6995,12206.63
00bbac68_6996,12206.744
00bbac68_6997,12206.718
00bbac68_6998,12206.762
00bbac68_6999,12206.63
00bbac68_7000,12206.352
00bbac68_7001,12206.428
00bbac68_7002,12206.307
00bbac68_7003,12206.327
00bbac68_7004,12206.381
00bbac68_7005,12206.0
00bbac68_7006,12205.905
00bbac68_7007,12205.883
00bbac68_7008,12206.027
00bbac68_7009,12205.946
00bbac68_7010,12205.953
00bbac68_7011,12206.01
00bbac68_7012,12205.955
00bbac68_7013,12206.076
00bbac68_7014,12205.974
00bbac68_7015,12206.036
00bbac68_7016,12206.052
00bbac68_7017,12206.101
00bbac68_7018,12206.225
00bbac68_7019,12209.109
00bbac68_7020,12208.27
00bbac68_7021,12207.646
00bbac68_7022,12206.502
00bbac68_7023,12206.924
00bbac68_7024,12206.852
00bbac68_7025,12206.929
00bbac68_7026,12206.453
00bbac68_7027,12207.056
00bbac68_7028,12209.33
00bbac68_7029,12208.604
00bbac68_7030,12208.856
00bbac68_7031,12209.421
00bbac68_7032,12209.406
00bbac68_7033,12209.446
00bbac68_7034,12209.517
00bbac68_7035,12209.537
00bbac68_7036,12209.439
00bbac68_7037,12209.477
00bbac68_7038,12206.8125
00bbac68_7039,12206.681
00bbac68_7040,12206.239
00bbac68_7041,12208.039
00bbac68_7042,12210.127
00bbac68_7043,12210.043
00bbac68_7044,12209.573
00bbac68_7045,12208.162
00bbac68_7046,12206.984
00bbac68_7047,12207.959
00bbac68_7048,12208.028
00bbac68_7049,12206.949
00bbac68_7050,12207.177
00bbac68_7051,12207.317
00bbac68_7052,12207.495
00bbac68_7053,12207.349
00bbac68_7054,12207.736
00bbac68_7055,12208.51
00bbac68_7056,12209.59
00bbac68_7057,12209.897
00bbac68_7058,12210.174
00bbac68_7059,12209.803
00bbac68_7060,12210.523
00bbac68_7061,12210.466
00bbac68_7062,12210.416
00bbac68_7063,12209.816
00bbac68_7064,12208.338
00bbac68_7065,12210.082
00bbac68_7066,12209.133
00bbac68_7067,12207.5625
00bbac68_7068,12207.828
00bbac68_7069,12208.438
00bbac68_7070,12210.282
00bbac68_7071,12210.303
00bbac68_7072,12208.815
00bbac68_7073,12209.768
00bbac68_7074,12210.292
00bbac68_7075,12209.848
00bbac68_7076,12210.415
00bbac68_7077,12209.79
00bbac68_7078,12210.492
00bbac68_7079,12210.556
00bbac68_7080,12210.088
00bbac68_7081,12210.622
00bbac68_7082,12210.034
00bbac68_7083,12210.348
00bbac68_7084,12209.618
00bbac68_7085,12208.362
00bbac68_7086,12208.158
00bbac68_7087,12207.559
00bbac68_7088,12207.88
00bbac68_7089,12208.505
00bbac68_7090,12208.001
00bbac68_7091,12207.718
00bbac68_7092,12207.271
00bbac68_7093,12208.021
00bbac68_7094,12207.436
00bbac68_7095,12206.609
00bbac68_7096,12207.196
00bbac68_7097,12206.935
00bbac68_7098,12207.507
00bbac68_7099,12207.691
00bbac68_7100,12207.418
00bbac68_7101,12207.265
00bbac68_7102,12207.33
00bbac68_7103,12206.734
00bbac68_7104,12207.001
00bbac68_7105,12206.216
00bbac68_7106,12206.833
00bbac68_7107,12206.833
00bbac68_7108,12206.25
00bbac68_7109,12206.825
00bbac68_7110,12206.23
00bbac68_7111,12206.794
00bbac68_7112,12206.774
00bbac68_7113,12206.31
00bbac68_7114,12206.831
00bbac68_7115,12207.087
00bbac68_7116,12206.984
00bbac68_7117,12206.935
00bbac68_7118,12206.069
00bbac68_7119,12206.3955
00bbac68_7120,12205.735
00bbac68_7121,12206.318
00bbac68_7122,12206.444
00bbac68_7123,12205.831
00bbac68_7124,12206.413
00bbac68_7125,12206.452
00bbac68_7126,12206.022
00bbac68_7127,12206.532
00bbac68_7128,12205.867
00bbac68_7129,12206.584
00bbac68_7130,12206.536
00bbac68_7131,12205.887
00bbac68_7132,12206.517
00bbac68_7133,12206.277
00bbac68_7134,12206.958
00bbac68_7135,12206.872
00bbac68_7136,12206.307
00bbac68_7137,12206.949
00bbac68_7138,12206.315
00bbac68_7139,12207.024
00bbac68_7140,12206.925
00bbac68_7141,12206.251
00bbac68_7142,12206.991
00bbac68_7143,12206.382
00bbac68_7144,12206.944
00bbac68_7145,12206.817
00bbac68_7146,12206.38
00bbac68_7147,12207.006
00bbac68_7148,12206.903
00bbac68_7149,12206.3
00bbac68_7150,12206.895
00bbac68_7151,12206.501
00bbac68_7152,12206.908
00bbac68_7153,12206.988
00bbac68_7154,12206.399
00bbac68_7155,12207.051
00bbac68_7156,12206.445
00bbac68_7157,12207.068
00bbac68_7158,12206.912
00bbac68_7159,12207.461
00bbac68_7160,12210.583
00bbac68_7161,12209.772
00bbac68_7162,12210.456
00bbac68_7163,12210.309
00bbac68_7164,12209.784
00bbac68_7165,12210.265
00bbac68_7166,12209.407
00bbac68_7167,12210.64
00bbac68_7168,12210.738
00bbac68_7169,12210.164
00bbac68_7170,12210.485
00bbac68_7171,12209.301
00bbac68_7172,12209.346
00bbac68_7173,12210.426
00bbac68_7174,12210.074
00bbac68_7175,12210.795
00bbac68_7176,12210.72
00bbac68_7177,12210.229
00bbac68_7178,12210.819
00bbac68_7179,12210.82
00bbac68_7180,12210.21
00bbac68_7181,12210.725
00bbac68_7182,12210.755
00bbac68_7183,12210.227
00bbac68_7184,12210.752
00bbac68_7185,12210.834
00bbac68_7186,12210.771
00bbac68_7187,12210.35
00bbac68_7188,12210.978
00bbac68_7189,12211.024
00bbac68_7190,12211.092
00bbac68_7191,12210.506
00bbac68_7192,12211.1
00bbac68_7193,12210.946
00bbac68_7194,12211.132
00bbac68_7195,12210.591
00bbac68_7196,12211.148
00bbac68_7197,12211.038
00bbac68_7198,12211.11
00bbac68_7199,12211.191
00bbac68_7200,12210.544
00bbac68_7201,12211.209
00bbac68_7202,12211.228
00bbac68_7203,12211.181
00bbac68_7204,12211.09
00bbac68_7205,12211.196
00bbac68_7206,12211.178
00bbac68_7207,12211.184
00bbac68_7208,12210.55
00bbac68_7209,12211.0205
00bbac68_7210,12211.099
00bbac68_7211,12211.093
00bbac68_7212,12211.115
00bbac68_7213,12211.0625
00bbac68_7214,12211.083
00bbac68_7215,12211.091
00bbac68_7216,12211.097
00bbac68_7217,12211.212
00bbac68_7218,12211.263
00bbac68_7219,12211.097
00bbac68_7220,12211.339
00bbac68_7221,12211.331
00bbac68_7222,12211.327
00bbac68_7223,12211.291
00bbac68_7224,12211.111
00bbac68_7225,12209.72
00bbac68_7226,12209.658
00bbac68_7227,12210.287
00bbac68_7228,12210.058
00bbac68_7229,12209.421
00bbac68_7230,12209.138
00bbac68_7231,12209.129
00bbac68_7232,12210.337
00bbac68_7233,12211.297
00bbac68_7234,12211.172
00bbac68_7235,12210.478
00bbac68_7236,12210.42
00bbac68_7237,12210.516
00bbac68_7238,12211.244
00bbac68_7239,12211.1045
00bbac68_7240,12210.866
00bbac68_7241,12210.097
00bbac68_7242,12209.1045
00bbac68_7243,12207.351
00bbac68_7244,12207.312
00bbac68_7245,12207.336
00bbac68_7246,12208.3955
00bbac68_7247,12209.23
00bbac68_7248,12209.186
00bbac68_7249,12209.236
00bbac68_7250,12208.926
00bbac68_7251,12209.01
00bbac68_7252,12209.114
00bbac68_7253,12209.346
00bbac68_7254,12208.165
00bbac68_7255,12206.774
00bbac68_7256,12206.682
00bbac68_7257,12206.697
00bbac68_7258,12206.674
00bbac68_7259,12206.67
00bbac68_7260,12207.176
00bbac68_7261,12207.093
00bbac68_7262,12206.66
00bbac68_7263,12206.646
00bbac68_7264,12206.659
00bbac68_7265,12206.627
00bbac68_7266,12206.383
00bbac68_7267,12206.322
00bbac68_7268,12206.381
00bbac68_7269,12206.352
00bbac68_7270,12206.357
00bbac68_7271,12206.416
00bbac68_7272,12206.382
00bbac68_7273,12206.476
00bbac68_7274,12206.452
00bbac68_7275,12206.505
00bbac68_7276,12206.53
00bbac68_7277,12206.611
00bbac68_7278,12206.524
00bbac68_7279,12206.512
00bbac68_7280,12206.571
00bbac68_7281,12206.563
00bbac68_7282,12206.724
00bbac68_7283,12206.578
00bbac68_7284,12206.577
00bbac68_7285,12206.53
00bbac68_7286,12206.584
00bbac68_7287,12206.523
00bbac68_7288,12206.504
00bbac68_7289,12207.7
00bbac68_7290,12207.005
00bbac68_7291,12206.674
00bbac68_7292,12206.812
00bbac68_7293,12206.803
00bbac68_7294,12206.739
00bbac68_7295,12206.769
00bbac68_7296,12206.709
00bbac68_7297,12206.759
00bbac68_7298,12206.729
00bbac68_7299,12207.009
00bbac68_7300,12208.314
00bbac68_7301,12210.631
00bbac68_7302,12210.702
00bbac68_7303,12207.715
00bbac68_7304,12207.553
00bbac68_7305,12207.473
00bbac68_7306,12207.508
00bbac68_7307,12207.805
00bbac68_7308,12207.803
00bbac68_7309,12207.4795
00bbac68_7310,12207.646
00bbac68_7311,12209.226
00bbac68_7312,12210.874
00bbac68_7313,12210.975
00bbac68_7314,12210.807
00bbac68_7315,12207.6
00bbac68_7316,12207.025
00bbac68_7317,12207.494
00bbac68_7318,12207.575
00bbac68_7319,12207.511
00bbac68_7320,12207.3955
00bbac68_7321,12207.426
00bbac68_7322,12207.198
00bbac68_7323,12210.635
00bbac68_7324,12209.871
00bbac68_7325,12208.424
00bbac68_7326,12207.247
00bbac68_7327,12207.56
00bbac68_7328,12207.51
00bbac68_7329,12207.481
00bbac68_7330,12206.749
00bbac68_7331,12207.42
00bbac68_7332,12207.344
00bbac68_7333,12207.389
00bbac68_7334,12206.834
00bbac68_7335,12207.786
00bbac68_7336,12210.723
00bbac68_7337,12207.47
00bbac68_7338,12207.376
00bbac68_7339,12207.339
00bbac68_7340,12209.491
00bbac68_7341,12210.691
00bbac68_7342,12210.253
00bbac68_7343,12211.189
00bbac68_7344,12210.29
00bbac68_7345,12210.743
00bbac68_7346,12210.163
00bbac68_7347,12208.734
00bbac68_7348,12208.542
00bbac68_7349,12207.076
00bbac68_7350,12207.505
00bbac68_7351,12206.887
00bbac68_7352,12207.454
00bbac68_7353,12206.7295
00bbac68_7354,12207.355
00bbac68_7355,12207.072
00bbac68_7356,12207.729
00bbac68_7357,12206.994
00bbac68_7358,12207.612
00bbac68_7359,12207.046
00bbac68_7360,12207.642
00bbac68_7361,12207.037
00bbac68_7362,12207.163
00bbac68_7363,12207.66
00bbac68_7364,12207.032
00bbac68_7365,12207.685
00bbac68_7366,12207.152
00bbac68_7367,12207.155
00bbac68_7368,12207.751
00bbac68_7369,12207.803
00bbac68_7370,12208.137
00bbac68_7371,12207.748
00bbac68_7372,12207.132
00bbac68_7373,12207.732
00bbac68_7374,12207.131
00bbac68_7375,12207.174
00bbac68_7376,12207.803
00bbac68_7377,12207.489
00bbac68_7378,12209.808
00bbac68_7379,12211.003
00bbac68_7380,12210.016
00bbac68_7381,12207.602
00bbac68_7382,12207.311
00bbac68_7383,12207.723
00bbac68_7384,12207.236
00bbac68_7385,12207.24
00bbac68_7386,12207.728
00bbac68_7387,12207.158
00bbac68_7388,12207.211
00bbac68_7389,12207.189
00bbac68_7390,12207.358
00bbac68_7391,12206.689
00bbac68_7392,12206.811
00bbac68_7393,12206.747
00bbac68_7394,12207.341
00bbac68_7395,12207.429
00bbac68_7396,12207.453
00bbac68_7397,12207.352
00bbac68_7398,12207.99
00bbac68_7399,12207.336
00bbac68_7400,12207.397
00bbac68_7401,12207.382
00bbac68_7402,12207.333
00bbac68_7403,12206.987
00bbac68_7404,12207.984
00bbac68_7405,12207.402
00bbac68_7406,12207.426
00bbac68_7407,12207.317
00bbac68_7408,12207.364
00bbac68_7409,12207.01
00bbac68_7410,12207.948
00bbac68_7411,12207.347
00bbac68_7412,12207.338
00bbac68_7413,12207.403
00bbac68_7414,12206.966
00bbac68_7415,12207.365
00bbac68_7416,12207.327
00bbac68_7417,12207.064
00bbac68_7418,12207.661
00bbac68_7419,12206.694
00bbac68_7420,12207.058
00bbac68_7421,12207.007
00bbac68_7422,12206.997
00bbac68_7423,12206.646
00bbac68_7424,12206.928
00bbac68_7425,12206.894
00bbac68_7426,12206.8955
00bbac68_7427,12206.529
00bbac68_7428,12206.882
00bbac68_7429,12206.845
00bbac68_7430,12206.221
00bbac68_7431,12206.333
00bbac68_7432,12206.254
00bbac68_7433,12205.943
00bbac68_7434,12206.294
00bbac68_7435,12206.3
00bbac68_7436,12206.258
00bbac68_7437,12206.014
00bbac68_7438,12206.3125
00bbac68_7439,12205.935
00bbac68_7440,12206.354
00bbac68_7441,12206.324
00bbac68_7442,12206.002
00bbac68_7443,12208.067
00bbac68_7444,12207.941
00bbac68_7445,12207.711
00bbac68_7446,12207.77
00bbac68_7447,12207.251
00bbac68_7448,12207.502
00bbac68_7449,12206.622
00bbac68_7450,12206.2
00bbac68_7451,12206.621
00bbac68_7452,12206.161
00bbac68_7453,12206.61
00bbac68_7454,12206.195
00bbac68_7455,12206.276
00bbac68_7456,12206.605
00bbac68_7457,12206.273
00bbac68_7458,12206.482
00bbac68_7459,12209.364
00bbac68_7460,12210.685
00bbac68_7461,12207.074
00bbac68_7462,12206.507
00bbac68_7463,12206.277
00bbac68_7464,12205.895
00bbac68_7465,12206.524
00bbac68_7466,12205.817
00bbac68_7467,12206.172
00bbac68_7468,12205.893
00bbac68_7469,12206.561
00bbac68_7470,12206.545
00bbac68_7471,12209.98
00bbac68_7472,12210.686
00bbac68_7473,12210.237
00bbac68_7474,12210.675
00bbac68_7475,12210.253
00bbac68_7476,12209.19
00bbac68_7477,12210.804
00bbac68_7478,12210.6045
00bbac68_7479,12209.76
00bbac68_7480,12210.111
00bbac68_7481,12209.724
00bbac68_7482,12209.317
00bbac68_7483,12210.734
00bbac68_7484,12210.19
00bbac68_7485,12210.745
00bbac68_7486,12211.985
00bbac68_7487,12211.451
00bbac68_7488,12211.984
00bbac68_7489,12211.431
00bbac68_7490,12211.407
00bbac68_7491,12211.891
00bbac68_7492,12211.917
00bbac68_7493,12211.433
00bbac68_7494,12211.782
00bbac68_7495,12211.733
00bbac68_7496,12211.396
00bbac68_7497,12211.831
00bbac68_7498,12211.23
00bbac68_7499,12210.821
00bbac68_7500,12211.3
00bbac68_7501,12211.253
00bbac68_7502,12211.652
00bbac68_7503,12211.261
00bbac68_7504,12211.732
00bbac68_7505,12211.66
00bbac68_7506,12211.243
00bbac68_7507,12211.633
00bbac68_7508,12211.55
00bbac68_7509,12212.022
00bbac68_7510,12211.109
00bbac68_7511,12211.566
00bbac68_7512,12211.626
00bbac68_7513,12211.311
00bbac68_7514,12211.582
00bbac68_7515,12211.25
00bbac68_7516,12210.1
00bbac68_7517,12209.246
00bbac68_7518,12209.052
00bbac68_7519,12211.49
00bbac68_7520,12212.232
00bbac68_7521,12210.847
00bbac68_7522,12208.386
00bbac68_7523,12211.463
00bbac68_7524,12211.875
00bbac68_7525,12211.94
00bbac68_7526,12211.588
00bbac68_7527,12208.531
00bbac68_7528,12211.419
00bbac68_7529,12211.775
00bbac68_7530,12212.115
00bbac68_7531,12211.192
00bbac68_7532,12210.664
00bbac68_7533,12210.202
00bbac68_7534,12210.23
00bbac68_7535,12210.47
00bbac68_7536,12210.277
00bbac68_7537,12211.773
00bbac68_7538,12210.631
00bbac68_7539,12209.653
00bbac68_7540,12209.29
00bbac68_7541,12210.0205
00bbac68_7542,12209.107
00bbac68_7543,12209.789
00bbac68_7544,12209.516
00bbac68_7545,12209.913
00bbac68_7546,12209.911
00bbac68_7547,12209.951
00bbac68_7548,12208.287
00bbac68_7549,12209.3545
00bbac68_7550,12209.83
00bbac68_7551,12208.476
00bbac68_7552,12208.548
00bbac68_7553,12208.509
00bbac68_7554,12208.486
00bbac68_7555,12208.463
00bbac68_7556,12209.192
00bbac68_7557,12208.543
00bbac68_7558,12208.496
00e12e8b_2083,11607.298
00e12e8b_2084,11607.761
00e12e8b_2085,11607.837
00e12e8b_2086,11608.006
00e12e8b_2087,11608.0
00e12e8b_2088,11607.952
00e12e8b_2089,11608.074
00e12e8b_2090,11607.987
00e12e8b_2091,11608.068
00e12e8b_2092,11607.969
00e12e8b_2093,11608.148
00e12e8b_2094,11608.02
00e12e8b_2095,11608.024
00e12e8b_2096,11608.011
00e12e8b_2097,11608.061
00e12e8b_2098,11608.068
00e12e8b_2099,11608.034
00e12e8b_2100,11608.0625
00e12e8b_2101,11608.1045
00e12e8b_2102,11608.107
00e12e8b_2103,11608.136
00e12e8b_2104,11608.177
00e12e8b_2105,11608.171
00e12e8b_2106,11608.154
00e12e8b_2107,11608.122
00e12e8b_2108,11608.113
00e12e8b_2109,11608.12
00e12e8b_2110,11608.152
00e12e8b_2111,11608.189
00e12e8b_2112,11608.257
00e12e8b_2113,11608.33
00e12e8b_2114,11608.347
00e12e8b_2115,11608.379
00e12e8b_2116,11608.438
00e12e8b_2117,11608.401
00e12e8b_2118,11608.551
00e12e8b_2119,11608.4375
00e12e8b_2120,11608.427
00e12e8b_2121,11608.455
00e12e8b_2122,11608.355
00e12e8b_2123,11608.375
00e12e8b_2124,11608.43
00e12e8b_2125,11608.527
00e12e8b_2126,11608.361
00e12e8b_2127,11608.44
00e12e8b_2128,11608.417
00e12e8b_2129,11608.336
00e12e8b_2130,11608.395
00e12e8b_2131,11608.522
00e12e8b_2132,11608.409
00e12e8b_2133,11608.562
00e12e8b_2134,11608.557
00e12e8b_2135,11608.394
00e12e8b_2136,11608.397
00e12e8b_2137,11608.397
00e12e8b_2138,11608.379
00e12e8b_2139,11608.434
00e12e8b_2140,11608.428
00e12e8b_2141,11608.44
00e12e8b_2142,11608.439
00e12e8b_2143,11608.592
00e12e8b_2144,11608.711
00e12e8b_2145,11608.664
00e12e8b_2146,11608.596
00e12e8b_2147,11608.5625
00e12e8b_2148,11608.541
00e12e8b_2149,11608.508
00e12e8b_2150,11608.486
00e12e8b_2151,11608.408
00e12e8b_2152,11608.487
00e12e8b_2153,11608.488
00e12e8b_2154,11608.495
00e12e8b_2155,11608.55
00e12e8b_2156,11608.5
00e12e8b_2157,11608.457
00e12e8b_2158,11608.358
00e12e8b_2159,11608.374
00e12e8b_2160,11608.341
00e12e8b_2161,11608.369
00e12e8b_2162,11608.278
00e12e8b_2163,11608.24
00e12e8b_2164,11608.209
00e12e8b_2165,11608.132
00e12e8b_2166,11608.164
00e12e8b_2167,11608.115
00e12e8b_2168,11608.016
00e12e8b_2169,11608.164
00e12e8b_2170,11608.004
00e12e8b_2171,11608.031
00e12e8b_2172,11607.645
00e12e8b_2173,11607.739
00e12e8b_2174,11607.505
00e12e8b_2175,11607.502
00e12e8b_2176,11607.407
00e12e8b_2177,11607.442
00e12e8b_2178,11607.487
00e12e8b_2179,11607.372
00e12e8b_2180,11607.408
00e12e8b_2181,11607.368
00e12e8b_2182,11607.449
00e12e8b_2183,11607.418
00e12e8b_2184,11607.408
00e12e8b_2185,11608.495
00e12e8b_2186,11608.473
00e12e8b_2187,11608.467
00e12e8b_2188,11608.504
00e12e8b_2189,11608.266
00e12e8b_2190,11608.139
00e12e8b_2191,11608.181
00e12e8b_2192,11608.167
00e12e8b_2193,11608.075
00e12e8b_2194,11608.072
00e12e8b_2195,11608.107
00e12e8b_2196,11608.133
00e12e8b_2197,11608.108
00e12e8b_2198,11608.223
00e12e8b_2199,11608.181
00e12e8b_2200,11608.155
00e12e8b_2201,11608.248
00e12e8b_2202,11608.063
00e12e8b_2203,11608.18
00e12e8b_2204,11608.13
00e12e8b_2205,11608.107
00e12e8b_2206,11608.122
00e12e8b_2207,11608.147
00e12e8b_2208,11608.136
00e12e8b_2209,11608.165
00e12e8b_2210,11608.156
00e12e8b_2211,11608.157
00e12e8b_2212,11608.143
00e12e8b_2213,11608.164
00e12e8b_2214,11608.175
00e12e8b_2215,11608.184
00e12e8b_2216,11608.176
00e12e8b_2217,11608.159
00e12e8b_2218,11608.164
00e12e8b_2219,11608.166
00e12e8b_2220,11608.17
00e12e8b_2221,11608.193
00e12e8b_2222,11608.206
00e12e8b_2223,11608.185
00e12e8b_2224,11608.202
00e12e8b_2225,11608.21
00e12e8b_2226,11608.2295
00e12e8b_2227,11608.255
00e12e8b_2228,11608.277
00e12e8b_2229,11608.259
00e12e8b_2230,11608.285
00e12e8b_2231,11608.295
00e12e8b_2232,11608.219
00e12e8b_2233,11608.192
00e12e8b_2234,11608.242
00e12e8b_2235,11608.224
00e12e8b_2236,11608.346
00e12e8b_2237,11608.409
00e12e8b_2238,11608.434
00e12e8b_2239,11608.48
00e12e8b_2240,11608.38
00e12e8b_2241,11608.443
00e12e8b_2242,11608.463
00e12e8b_2243,11608.428
00e12e8b_2244,11608.365
00e12e8b_2245,11608.3545
00e12e8b_2246,11608.302
00e12e8b_2247,11608.3955
00e12e8b_2248,11608.287
00e12e8b_2249,11608.3125
00e12e8b_2250,11608.361
00e12e8b_2251,11608.373
00e12e8b_2252,11608.368
00e12e8b_2253,11608.335
00e12e8b_2254,11608.418
00e12e8b_2255,11608.393
00e12e8b_2256,11608.334
00e12e8b_2257,11608.448
00e12e8b_2258,11608.439
00e12e8b_2259,11608.372
00e12e8b_2260,11608.389
00e12e8b_2261,11608.387
00e12e8b_2262,11608.524
00e12e8b_2263,11608.52
00e12e8b_2264,11608.524
00e12e8b_2265,11608.53
00e12e8b_2266,11608.535
00e12e8b_2267,11608.513
00e12e8b_2268,11608.35
00e12e8b_2269,11608.362
00e12e8b_2270,11608.318
00e12e8b_2271,11608.298
00e12e8b_2272,11608.32
00e12e8b_2273,11608.321
00e12e8b_2274,11608.373
00e12e8b_2275,11608.362
00e12e8b_2276,11608.302
00e12e8b_2277,11608.288
00e12e8b_2278,11608.329
00e12e8b_2279,11608.187
00e12e8b_2280,11608.12
00e12e8b_2281,11608.181
00e12e8b_2282,11608.166
00e12e8b_2283,11608.216
00e12e8b_2284,11608.162
00e12e8b_2285,11608.198
00e12e8b_2286,11608.155
00e12e8b_2287,11609.935
00e12e8b_2288,11609.964
00e12e8b_2289,11609.903
00e12e8b_2290,11609.962
00e12e8b_2291,11609.91
00e12e8b_2292,11609.791
00e12e8b_2293,11609.917
00e12e8b_2294,11609.725
00e12e8b_2295,11609.739
00e12e8b_2296,11609.76
00e12e8b_2297,11609.772
00e12e8b_2298,11609.761
00e12e8b_2299,11609.705
00e12e8b_2300,11609.6
00e12e8b_2301,11609.55
00e12e8b_2302,11609.65
00e12e8b_2303,11609.642
00e12e8b_2304,11609.612
00e12e8b_2305,11609.608
00e12e8b_2306,11609.609
00e12e8b_2307,11609.606
00e12e8b_2308,11609.555
00e12e8b_2309,11609.59
00e12e8b_2310,11609.553
00e12e8b_2311,11609.592
00e12e8b_2312,11609.625
00e12e8b_2313,11609.59
00e12e8b_2314,11609.607
00e12e8b_2315,11609.606
00e12e8b_2316,11609.624
00e12e8b_2317,11609.647
00e12e8b_2318,11609.632
00e12e8b_2319,11609.639
00e12e8b_2320,11609.569
00e12e8b_2321,11609.681
00e12e8b_2322,11609.702
00e12e8b_2323,11609.626
00e12e8b_2324,11609.683
00e12e8b_2325,11609.698
00e12e8b_2326,11609.622
00e12e8b_2327,11609.639
00e12e8b_2328,11609.676
00e12e8b_2329,11609.67
00e12e8b_2330,11609.62
00e12e8b_2331,11609.632
00e12e8b_2332,11609.638
00e12e8b_2333,11609.602
00e12e8b_2334,11609.645
00e12e8b_2335,11609.636
00e12e8b_2336,11609.525
00e12e8b_2337,11609.523
00e12e8b_2338,11609.602
00e12e8b_2339,11609.507
00e12e8b_2340,11609.584
00e12e8b_2341,11609.588
00e12e8b_2342,11609.52
00e12e8b_2343,11609.474
00e12e8b_2344,11609.577
00e12e8b_2345,11609.536
00e12e8b_2346,11609.474
00e12e8b_2347,11609.507
00e12e8b_2348,11609.531
00e12e8b_2349,11609.432
00e12e8b_2350,11609.561
00e12e8b_2351,11609.482
00e12e8b_2352,11609.4795
00e12e8b_2353,11609.498
00e12e8b_2354,11609.536
00e12e8b_2355,11609.555
00e12e8b_2356,11609.53
00e12e8b_2357,11609.612
00e12e8b_2358,11609.5205
00e12e8b_2359,11609.506
00e12e8b_2360,11609.53
00e12e8b_2361,11609.547
00e12e8b_2362,11609.524
00e12e8b_2363,11609.527
00e12e8b_2364,11609.504
00e12e8b_2365,11609.4795
00e12e8b_2366,11609.503
00e12e8b_2367,11609.513
00e12e8b_2368,11609.491
00e12e8b_2369,11609.555
00e12e8b_2370,11609.4795
00e12e8b_2371,11609.502
00e12e8b_2372,11609.514
00e12e8b_2373,11609.505
00e12e8b_2374,11609.571
00e12e8b_2375,11609.458
00e12e8b_2376,11609.543
00e12e8b_2377,11609.586
00e12e8b_2378,11609.454
00e12e8b_2379,11609.464
00e12e8b_2380,11609.447
00e12e8b_2381,11609.434
00e12e8b_2382,11609.44
00e12e8b_2383,11609.439
00e12e8b_2384,11609.451
00e12e8b_2385,11609.44
00e12e8b_2386,11609.411
00e12e8b_2387,11609.41
00e12e8b_2388,11609.464
00e12e8b_2389,11609.441
00e12e8b_2390,11610.901
00e12e8b_2391,11610.871
00e12e8b_2392,11610.876
00e12e8b_2393,11610.871
00e12e8b_2394,11610.866
00e12e8b_2395,11611.002
00e12e8b_2396,11610.93
00e12e8b_2397,11610.935
00e12e8b_2398,11611.003
00e12e8b_2399,11610.87
00e12e8b_2400,11610.867
00e12e8b_2401,11610.921
00e12e8b_2402,11610.944
00e12e8b_2403,11610.898
00e12e8b_2404,11610.987
00e12e8b_2405,11610.881
00e12e8b_2406,11610.991
00e12e8b_2407,11610.951
00e12e8b_2408,11610.911
00e12e8b_2409,11610.992
00e12e8b_2410,11610.905
00e12e8b_2411,11610.922
00e12e8b_2412,11610.952
00e12e8b_2413,11610.971
00e12e8b_2414,11610.924
00e12e8b_2415,11610.984
00e12e8b_2416,11610.914
00e12e8b_2417,11610.94
00e12e8b_2418,11610.913
00e12e8b_2419,11610.956
00e12e8b_2420,11611.026
00e12e8b_2421,11610.96
00e12e8b_2422,11610.994
00e12e8b_2423,11610.998
00e12e8b_2424,11610.979
00e12e8b_2425,11610.931
00e12e8b_2426,11610.882
00e12e8b_2427,11610.891
00e12e8b_2428,11610.839
00e12e8b_2429,11610.869
00e12e8b_2430,11610.835
00e12e8b_2431,11610.791
00e12e8b_2432,11610.845
00e12e8b_2433,11610.783
00e12e8b_2434,11610.835
00e12e8b_2435,11610.876
00e12e8b_2436,11610.796
00e12e8b_2437,11610.736
00e12e8b_2438,11610.782
00e12e8b_2439,11610.819
00e12e8b_2440,11610.906
00e12e8b_2441,11610.767
00e12e8b_2442,11610.725
00e12e8b_2443,11610.734
00e12e8b_2444,11610.784
00e12e8b_2445,11610.695
00e12e8b_2446,11610.748
00e12e8b_2447,11610.716
00e12e8b_2448,11610.768
00e12e8b_2449,11610.726
00e12e8b_2450,11610.751
00e12e8b_2451,11610.669
00e12e8b_2452,11610.712
00e12e8b_2453,11610.762
00e12e8b_2454,11610.711
00e12e8b_2455,11610.689
00e12e8b_2456,11610.756
00e12e8b_2457,11610.699
00e12e8b_2458,11610.613
00e12e8b_2459,11610.777
00e12e8b_2460,11610.562
00e12e8b_2461,11610.665
00e12e8b_2462,11610.745
00e12e8b_2463,11610.778
00e12e8b_2464,11610.798
00e12e8b_2465,11610.721
00e12e8b_2466,11610.711
00e12e8b_2467,11610.7295
00e12e8b_2468,11610.558
00e12e8b_2469,11610.484
00e12e8b_2470,11610.314
00e12e8b_2471,11610.391
00e12e8b_2472,11610.385
00e12e8b_2473,11610.314
00e12e8b_2474,11610.16
00e12e8b_2475,11610.106
00e12e8b_2476,11610.192
00e12e8b_2477,11610.106
00e12e8b_2478,11610.147
00e12e8b_2479,11610.12
00e12e8b_2480,11610.127
00e12e8b_2481,11610.115
00e12e8b_2482,11610.23
00e12e8b_2483,11610.205
00e12e8b_2484,11610.116
00e12e8b_2485,11610.107
00e12e8b_2486,11610.1455
00e12e8b_2487,11610.18
00e12e8b_2488,11610.095
00e12e8b_2489,11610.142
00e12e8b_2490,11610.261
00e12e8b_2491,11610.198
00e12e8b_2492,11610.099
00e12e8b_2493,11611.472
00e12e8b_2494,11611.521
00e12e8b_2495,11611.558
00e12e8b_2496,11611.525
00e12e8b_2497,11611.558
00e12e8b_2498,11611.501
00e12e8b_2499,11611.552
00e12e8b_2500,11611.541
00e12e8b_2501,11611.4
00e12e8b_2502,11611.343
00e12e8b_2503,11611.304
00e12e8b_2504,11611.386
00e12e8b_2505,11611.396
00e12e8b_2506,11611.339
00e12e8b_2507,11611.341
00e12e8b_2508,11611.349
00e12e8b_2509,11611.306
00e12e8b_2510,11611.276
00e12e8b_2511,11611.379
00e12e8b_2512,11611.369
00e12e8b_2513,11611.139
00e12e8b_2514,11611.188
00e12e8b_2515,11611.151
00e12e8b_2516,11611.31
00e12e8b_2517,11611.223
00e12e8b_2518,11611.103
00e12e8b_2519,11611.208
00e12e8b_2520,11611.261
00e12e8b_2521,11611.143
00e12e8b_2522,11611.174
00e12e8b_2523,11611.045
00e12e8b_2524,11611.113
00e12e8b_2525,11611.203
00e12e8b_2526,11611.083
00e12e8b_2527,11611.101
00e12e8b_2528,11611.055
00e12e8b_2529,11611.119
00e12e8b_2530,11611.095
00e12e8b_2531,11611.112
00e12e8b_2532,11611.006
00e12e8b_2533,11610.718
00e12e8b_2534,11610.665
00e12e8b_2535,11610.66
00e12e8b_2536,11610.654
00e12e8b_2537,11610.811
00e12e8b_2538,11610.796
00e12e8b_2539,11610.716
00e12e8b_2540,11610.673
00e12e8b_2541,11610.786
00e12e8b_2542,11610.752
00e12e8b_2543,11610.713
00e12e8b_2544,11610.69
00e12e8b_2545,11610.654
00e12e8b_2546,11610.762
00e12e8b_2547,11610.593
00e12e8b_2548,11610.631
00e12e8b_2549,11610.681
00e12e8b_2550,11610.674
00e12e8b_2551,11610.661
00e12e8b_2552,11610.484
00e12e8b_2553,11610.574
00e12e8b_2554,11610.549
00e12e8b_2555,11610.472
00e12e8b_2556,11610.449
00e12e8b_2557,11610.491
00e12e8b_2558,11610.49
00e12e8b_2559,11610.521
00e12e8b_2560,11610.458
00e12e8b_2561,11610.504
00e12e8b_2562,11610.52
00e12e8b_2563,11610.396
00e12e8b_2564,11610.407
00e12e8b_2565,11610.445
00e12e8b_2566,11610.458
00e12e8b_2567,11610.395
00e12e8b_2568,11610.373
00e12e8b_2569,11610.405
00e12e8b_2570,11610.38
00e12e8b_2571,11610.418
00e12e8b_2572,11610.422
00e12e8b_2573,11610.38
00e12e8b_2574,11610.439
00e12e8b_2575,11610.385
00e12e8b_2576,11610.358
00e12e8b_2577,11610.334
00e12e8b_2578,11610.397
00e12e8b_2579,11610.391
00e12e8b_2580,11610.392
00e12e8b_2581,11610.3545
00e12e8b_2582,11610.384
00e12e8b_2583,11610.191
00e12e8b_2584,11609.996
00e12e8b_2585,11609.996
00e12e8b_2586,11609.975
00e12e8b_2587,11609.913
00e12e8b_2588,11609.915
00e12e8b_2589,11609.931
00e12e8b_2590,11609.955
00e12e8b_2591,11609.87
00e12e8b_2592,11609.965
00e12e8b_2593,11609.972
00e12e8b_2594,11609.958
00e12e8b_2595,11609.962
00e12e8b_2596,11611.397
00e12e8b_2597,11611.361
00e12e8b_2598,11611.366
00e12e8b_2599,11611.321
00e12e8b_2600,11611.378
00e12e8b_2601,11611.366
00e12e8b_2602,11611.333
00e12e8b_2603,11611.292
00e12e8b_2604,11611.316
00e12e8b_2605,11611.333
00e12e8b_2606,11611.313
00e12e8b_2607,11611.31
00e12e8b_2608,11611.306
00e12e8b_2609,11611.254
00e12e8b_2610,11611.253
00e12e8b_2611,11611.377
00e12e8b_2612,11611.256
00e12e8b_2613,11611.261
00e12e8b_2614,11611.277
00e12e8b_2615,11611.167
00e12e8b_2616,11611.196
00e12e8b_2617,11611.112
00e12e8b_2618,11611.099
00e12e8b_2619,11611.117
00e12e8b_2620,11611.12
00e12e8b_2621,11611.113
00e12e8b_2622,11611.182
00e12e8b_2623,11611.14
00e12e8b_2624,11611.108
00e12e8b_2625,11611.181
00e12e8b_2626,11611.138
00e12e8b_2627,11610.998
00e12e8b_2628,11611.009
00e12e8b_2629,11611.066
00e12e8b_2630,11611.027
00e12e8b_2631,11611.008
00e12e8b_2632,11611.021
00e12e8b_2633,11610.963
00e12e8b_2634,11610.959
00e12e8b_2635,11611.028
00e12e8b_2636,11611.12
00e12e8b_2637,11610.95
00e12e8b_2638,11610.989
00e12e8b_2639,11611.055
00e12e8b_2640,11610.882
00e12e8b_2641,11610.886
00e12e8b_2642,11610.867
00e12e8b_2643,11610.961
00e12e8b_2644,11610.947
00e12e8b_2645,11610.869
00e12e8b_2646,11610.862
00e12e8b_2647,11610.849
00e12e8b_2648,11610.89
00e12e8b_2649,11610.867
00e12e8b_2650,11610.818
00e12e8b_2651,11610.892
00e12e8b_2652,11610.663
00e12e8b_2653,11610.547
00e12e8b_2654,11610.499
00e12e8b_2655,11610.491
00e12e8b_2656,11610.492
00e12e8b_2657,11610.507
00e12e8b_2658,11610.5
00e12e8b_2659,11610.559
00e12e8b_2660,11610.568
00e12e8b_2661,11610.499
00e12e8b_2662,11610.471
00e12e8b_2663,11610.464
00e12e8b_2664,11610.536
00e12e8b_2665,11610.483
00e12e8b_2666,11610.497
00e12e8b_2667,11610.5205
00e12e8b_2668,11610.529
00e12e8b_2669,11610.545
00e12e8b_2670,11610.517
00e12e8b_2671,11610.418
00e12e8b_2672,11610.406
00e12e8b_2673,11610.482
00e12e8b_2674,11610.422
00e12e8b_2675,11610.477
00e12e8b_2676,11610.398
00e12e8b_2677,11610.395
00e12e8b_2678,11610.367
00e12e8b_2679,11610.441
00e12e8b_2680,11610.37
00e12e8b_2681,11610.494
00e12e8b_2682,11610.507
00e12e8b_2683,11610.473
00e12e8b_2684,11610.505
00e12e8b_2685,11610.422
00e12e8b_2686,11610.314
00e12e8b_2687,11610.488
00e12e8b_2688,11610.376
00e12e8b_2689,11610.431
00e12e8b_2690,11610.418
00e12e8b_2691,11610.389
00e12e8b_2692,11610.412
00e12e8b_2693,11610.44
00e12e8b_2694,11610.399
00e12e8b_2695,11610.428
00e12e8b_2696,11610.321
00e12e8b_2697,11610.1875
00e12e8b_2698,11611.499
00e12e8b_2699,11611.433
00e12e8b_2700,11611.54
00e12e8b_2701,11611.499
00e12e8b_2702,11611.442
00e12e8b_2703,11611.506
00e12e8b_2704,11611.417
00e12e8b_2705,11611.502
00e12e8b_2706,11611.521
00e12e8b_2707,11611.4
00e12e8b_2708,11611.495
00e12e8b_2709,11611.535
00e12e8b_2710,11611.466
00e12e8b_2711,11611.356
00e12e8b_2712,11611.467
00e12e8b_2713,11611.422
00e12e8b_2714,11611.413
00e12e8b_2715,11611.386
00e12e8b_2716,11611.327
00e12e8b_2717,11611.286
00e12e8b_2718,11611.232
00e12e8b_2719,11611.15
00e12e8b_2720,11611.276
00e12e8b_2721,11611.252
00e12e8b_2722,11611.26
00e12e8b_2723,11611.259
00e12e8b_2724,11611.175
00e12e8b_2725,11611.12
00e12e8b_2726,11611.131
00e12e8b_2727,11611.179
00e12e8b_2728,11611.151
00e12e8b_2729,11611.166
00e12e8b_2730,11611.158
00e12e8b_2731,11611.043
00e12e8b_2732,11611.107
00e12e8b_2733,11611.037
00e12e8b_2734,11611.107
00e12e8b_2735,11611.085
00e12e8b_2736,11611.089
00e12e8b_2737,11611.077
00e12e8b_2738,11610.996
00e12e8b_2739,11610.634
00e12e8b_2740,11610.578
00e12e8b_2741,11610.564
00e12e8b_2742,11610.516
00e12e8b_2743,11610.501
00e12e8b_2744,11610.532
00e12e8b_2745,11610.54
00e12e8b_2746,11610.455
00e12e8b_2747,11610.548
00e12e8b_2748,11610.54
00e12e8b_2749,11610.554
00e12e8b_2750,11610.595
00e12e8b_2751,11610.598
00e12e8b_2752,11610.513
00e12e8b_2753,11610.423
00e12e8b_2754,11610.447
00e12e8b_2755,11610.453
00e12e8b_2756,11610.385
00e12e8b_2757,11610.482
00e12e8b_2758,11610.378
00e12e8b_2759,11610.396
00e12e8b_2760,11610.404
00e12e8b_2761,11610.382
00e12e8b_2762,11610.507
00e12e8b_2763,11610.363
00e12e8b_2764,11610.366
00e12e8b_2765,11610.328
00e12e8b_2766,11610.308
00e12e8b_2767,11610.38
00e12e8b_2768,11610.32
00e12e8b_2769,11610.312
00e12e8b_2770,11610.267
00e12e8b_2771,11610.309
00e12e8b_2772,11610.201
00e12e8b_2773,11610.216
00e12e8b_2774,11610.022
00e12e8b_2775,11610.012
00e12e8b_2776,11609.973
00e12e8b_2777,11610.015
00e12e8b_2778,11609.922
00e12e8b_2779,11610.176
00e12e8b_2780,11609.958
00e12e8b_2781,11610.031
00e12e8b_2782,11610.014
00e12e8b_2783,11609.941
00e12e8b_2784,11610.205
00e12e8b_2785,11609.835
00e12e8b_2786,11609.876
00e12e8b_2787,11609.866
00e12e8b_2788,11609.799
00e12e8b_2789,11609.959
00e12e8b_2790,11609.803
00e12e8b_2791,11609.741
00e12e8b_2792,11609.819
00e12e8b_2793,11609.96
00e12e8b_2794,11609.678
00e12e8b_2795,11609.803
00e12e8b_2796,11609.658
00e12e8b_2797,11609.608
00e12e8b_2798,11609.469
00e12e8b_2799,11609.415
00e12e8b_2800,11611.262
00e12e8b_2801,11610.973
00e12e8b_2802,11610.94
00e12e8b_2803,11611.156
00e12e8b_2804,11610.965
00e12e8b_2805,11610.896
00e12e8b_2806,11611.112
00e12e8b_2807,11610.469
00e12e8b_2808,11610.503
00e12e8b_2809,11610.606
00e12e8b_2810,11610.501
00e12e8b_2811,11610.493
00e12e8b_2812,11610.618
00e12e8b_2813,11610.498
00e12e8b_2814,11610.498
00e12e8b_2815,11610.636
00e12e8b_2816,11610.49
00e12e8b_2817,11610.498
00e12e8b_2818,11610.691
00e12e8b_2819,11610.413
00e12e8b_2820,11610.403
00e12e8b_2821,11610.365
00e12e8b_2822,11610.562
00e12e8b_2823,11610.349
00e12e8b_2824,11610.326
00e12e8b_2825,11610.295
00e12e8b_2826,11610.437
00e12e8b_2827,11610.354
00e12e8b_2828,11610.268
00e12e8b_2829,11610.283
00e12e8b_2830,11610.288
00e12e8b_2831,11610.307
00e12e8b_2832,11610.522
00e12e8b_2833,11610.324
00e12e8b_2834,11610.274
00e12e8b_2835,11610.293
00e12e8b_2836,11610.318
00e12e8b_2837,11610.188
00e12e8b_2838,11610.04
00e12e8b_2839,11610.017
00e12e8b_2840,11610.038
00e12e8b_2841,11609.963
00e12e8b_2842,11609.996
00e12e8b_2843,11610.095
00e12e8b_2844,11609.982
00e12e8b_2845,11610.033
00e12e8b_2846,11610.003
00e12e8b_2847,11609.992
00e12e8b_2848,11610.041
00e12e8b_2849,11609.989
00e12e8b_2850,11609.863
00e12e8b_2851,11609.839
00e12e8b_2852,11609.865
00e12e8b_2853,11609.784
00e12e8b_2854,11609.895
00e12e8b_2855,11609.853
00e12e8b_2856,11609.919
00e12e8b_2857,11609.798
00e12e8b_2858,11609.829
00e12e8b_2859,11609.676
00e12e8b_2860,11609.731
00e12e8b_2861,11609.599
00e12e8b_2862,11609.677
00e12e8b_2863,11609.639
00e12e8b_2864,11609.505
00e12e8b_2865,11609.367
00e12e8b_2866,11609.285
00e12e8b_2867,11609.355
00e12e8b_2868,11609.361
00e12e8b_2869,11609.173
00e12e8b_2870,11609.182
00e12e8b_2871,11609.171
00e12e8b_2872,11609.0
00e12e8b_2873,11609.078
00e12e8b_2874,11609.083
00e12e8b_2875,11609.095
00e12e8b_2876,11609.025
00e12e8b_2877,11609.103
00e12e8b_2878,11608.978
00e12e8b_2879,11609.087
00e12e8b_2880,11609.023
00e12e8b_2881,11609.098
00e12e8b_2882,11609.07
00e12e8b_2883,11609.126
00e12e8b_2884,11609.015
00e12e8b_2885,11609.015
00e12e8b_2886,11609.024
00e12e8b_2887,11609.026
00e12e8b_2888,11608.963
00e12e8b_2889,11609.034
00e12e8b_2890,11608.876
00e12e8b_2891,11609.028
00e12e8b_2892,11608.92
00e12e8b_2893,11608.888
00e12e8b_2894,11608.864
00e12e8b_2895,11608.943
00e12e8b_2896,11608.998
00e12e8b_2897,11608.828
00e12e8b_2898,11608.904
00e12e8b_2899,11608.912
00e12e8b_2900,11608.944
00e12e8b_2901,11608.993
00e12e8b_2902,11608.95
00e12e8b_2903,11610.321
00e12e8b_2904,11610.286
00e12e8b_2905,11610.315
00e12e8b_2906,11610.289
00e12e8b_2907,11610.304
00e12e8b_2908,11610.331
00e12e8b_2909,11610.29
00e12e8b_2910,11610.309
00e12e8b_2911,11610.321
00e12e8b_2912,11610.309
00e12e8b_2913,11610.26
00e12e8b_2914,11610.351
00e12e8b_2915,11610.366
00e12e8b_2916,11610.449
00e12e8b_2917,11610.422
00e12e8b_2918,11610.1045
00e12e8b_2919,11610.097
00e12e8b_2920,11610.13
00e12e8b_2921,11609.937
00e12e8b_2922,11610.093
00e12e8b_2923,11609.971
00e12e8b_2924,11609.839
00e12e8b_2925,11609.895
00e12e8b_2926,11609.9
00e12e8b_2927,11609.851
00e12e8b_2928,11609.87
00e12e8b_2929,11609.93
00e12e8b_2930,11609.801
00e12e8b_2931,11609.846
00e12e8b_2932,11609.824
00e12e8b_2933,11609.692
00e12e8b_2934,11609.727
00e12e8b_2935,11609.725
00e12e8b_2936,11609.612
00e12e8b_2937,11609.691
00e12e8b_2938,11609.665
00e12e8b_2939,11609.559
00e12e8b_2940,11609.438
00e12e8b_2941,11609.392
00e12e8b_2942,11609.288
00e12e8b_2943,11609.252
00e12e8b_2944,11609.344
00e12e8b_2945,11609.013
00e12e8b_2946,11608.982
00e12e8b_2947,11608.894
00e12e8b_2948,11608.898
00e12e8b_2949,11608.901
00e12e8b_2950,11608.818
00e12e8b_2951,11608.94
00e12e8b_2952,11608.754
00e12e8b_2953,11608.771
00e12e8b_2954,11608.707
00e12e8b_2955,11608.754
00e12e8b_2956,11608.759
00e12e8b_2957,11608.749
00e12e8b_2958,11608.871
00e12e8b_2959,11608.538
00e12e8b_2960,11608.629
00e12e8b_2961,11608.445
00e12e8b_2962,11608.621
00e12e8b_2963,11608.336
00e12e8b_2964,11608.604
00e12e8b_2965,11608.315
00e12e8b_2966,11608.35
00e12e8b_2967,11608.269
00e12e8b_2968,11608.361
00e12e8b_2969,11608.379
00e12e8b_2970,11608.367
00e12e8b_2971,11608.438
00e12e8b_2972,11608.228
00e12e8b_2973,11608.343
00e12e8b_2974,11608.36
00e12e8b_2975,11608.313
00e12e8b_2976,11608.232
00e12e8b_2977,11608.336
00e12e8b_2978,11608.341
00e12e8b_2979,11608.34
00e12e8b_2980,11608.165
00e12e8b_2981,11608.239
00e12e8b_2982,11608.11
00e12e8b_2983,11608.243
00e12e8b_2984,11608.269
00e12e8b_2985,11608.127
00e12e8b_2986,11608.062
00e12e8b_2987,11608.088
00e12e8b_2988,11608.036
00e12e8b_2989,11608.015
00e12e8b_2990,11608.037
00e12e8b_2991,11607.976
00e12e8b_2992,11607.795
00e12e8b_2993,11607.558
00e12e8b_2994,11607.584
00e12e8b_2995,11607.495
00e12e8b_2996,11607.428
00e12e8b_2997,11607.344
00e12e8b_2998,11607.356
00e12e8b_2999,11607.28
00e12e8b_3000,11607.301
00e12e8b_3001,11607.313
00e12e8b_3002,11607.267
00e12e8b_3003,11607.214
00e12e8b_3004,11606.688
00e12e8b_3005,11606.512
00e12e8b_3006,11606.47
00e12e8b_3007,11606.468
00e12e8b_3008,11608.562
00e12e8b_3009,11608.576
00e12e8b_3010,11608.422
00e12e8b_3011,11608.455
00e12e8b_3012,11608.476
00e12e8b_3013,11608.387
00e12e8b_3014,11608.527
00e12e8b_3015,11608.477
00e12e8b_3016,11608.384
00e12e8b_3017,11608.422
00e12e8b_3018,11608.346
00e12e8b_3019,11608.376
00e12e8b_3020,11608.32
00e12e8b_3021,11608.242
00e12e8b_3022,11608.228
00e12e8b_3023,11608.293
00e12e8b_3024,11608.233
00e12e8b_3025,11608.269
00e12e8b_3026,11608.226
00e12e8b_3027,11608.3
00e12e8b_3028,11608.208
00e12e8b_3029,11608.207
00e12e8b_3030,11608.156
00e12e8b_3031,11608.166
00e12e8b_3032,11608.128
00e12e8b_3033,11608.191
00e12e8b_3034,11608.098
00e12e8b_3035,11608.127
00e12e8b_3036,11608.044
00e12e8b_3037,11608.032
00e12e8b_3038,11608.03
00e12e8b_3039,11608.113
00e12e8b_3040,11608.038
00e12e8b_3041,11607.995
00e12e8b_3042,11607.786
00e12e8b_3043,11607.547
00e12e8b_3044,11607.565
00e12e8b_3045,11607.482
00e12e8b_3046,11607.411
00e12e8b_3047,11607.37
00e12e8b_3048,11607.422
00e12e8b_3049,11607.281
00e12e8b_3050,11607.221
00e12e8b_3051,11607.33
00e12e8b_3052,11607.263
00e12e8b_3053,11606.856
00e12e8b_3054,11606.434
00e12e8b_3055,11606.473
00e12e8b_3056,11606.332
00e12e8b_3057,11606.338
00e12e8b_3058,11606.298
00e12e8b_3059,11606.227
00e12e8b_3060,11606.188
00e12e8b_3061,11605.994
00e12e8b_3062,11606.071
00e12e8b_3063,11606.052
00e12e8b_3064,11605.998
00e12e8b_3065,11606.086
00e12e8b_3066,11605.968
00e12e8b_3067,11605.971
00e12e8b_3068,11606.056
00e12e8b_3069,11606.009
00e12e8b_3070,11605.947
00e12e8b_3071,11606.035
00e12e8b_3072,11605.969
00e12e8b_3073,11605.976
00e12e8b_3074,11605.914
00e12e8b_3075,11605.988
00e12e8b_3076,11605.929
00e12e8b_3077,11605.959
00e12e8b_3078,11605.959
00e12e8b_3079,11605.879
00e12e8b_3080,11605.858
00e12e8b_3081,11605.805
00e12e8b_3082,11605.789
00e12e8b_3083,11605.798
00e12e8b_3084,11605.858
00e12e8b_3085,11605.761
00e12e8b_3086,11605.813
00e12e8b_3087,11605.634
00e12e8b_3088,11605.717
00e12e8b_3089,11605.672
00e12e8b_3090,11605.706
00e12e8b_3091,11605.424
00e12e8b_3092,11605.174
00e12e8b_3093,11605.028
00e12e8b_3094,11604.961
00e12e8b_3095,11605.164
00e12e8b_3096,11604.959
00e12e8b_3097,11604.996
00e12e8b_3098,11605.06
00e12e8b_3099,11605.001
00e12e8b_3100,11604.9795
00e12e8b_3101,11605.047
00e12e8b_3102,11604.873
00e12e8b_3103,11604.974
00e12e8b_3104,11604.996
00e12e8b_3105,11604.942
00e12e8b_3106,11604.938
00e12e8b_3107,11604.824
00e12e8b_3108,11604.876
00e12e8b_3109,11604.804
00e12e8b_3110,11604.812
00e12e8b_3111,11604.812
00e12e8b_3112,11605.843
00e12e8b_3113,11605.855
00e12e8b_3114,11605.94
00e12e8b_3115,11605.993
00e12e8b_3116,11605.843
00e12e8b_3117,11605.9375
00e12e8b_3118,11605.954
00e12e8b_3119,11605.907
00e12e8b_3120,11605.8955
00e12e8b_3121,11605.773
00e12e8b_3122,11605.865
00e12e8b_3123,11605.713
00e12e8b_3124,11605.844
00e12e8b_3125,11605.761
00e12e8b_3126,11605.748
00e12e8b_3127,11605.83
00e12e8b_3128,11605.713
00e12e8b_3129,11605.71
00e12e8b_3130,11605.629
00e12e8b_3131,11605.768
00e12e8b_3132,11605.609
00e12e8b_3133,11605.693
00e12e8b_3134,11605.711
00e12e8b_3135,11605.561
00e12e8b_3136,11605.525
00e12e8b_3137,11605.592
00e12e8b_3138,11605.393
00e12e8b_3139,11604.959
00e12e8b_3140,11604.966
00e12e8b_3141,11604.96
00e12e8b_3142,11604.984
00e12e8b_3143,11604.932
00e12e8b_3144,11604.878
00e12e8b_3145,11604.887
00e12e8b_3146,11604.886
00e12e8b_3147,11604.859
00e12e8b_3148,11604.758
00e12e8b_3149,11604.845
00e12e8b_3150,11604.929
00e12e8b_3151,11604.832
00e12e8b_3152,11604.851
00e12e8b_3153,11604.757
00e12e8b_3154,11604.734
00e12e8b_3155,11604.614
00e12e8b_3156,11604.591
00e12e8b_3157,11604.709
00e12e8b_3158,11604.659
00e12e8b_3159,11604.616
00e12e8b_3160,11604.648
00e12e8b_3161,11604.443
00e12e8b_3162,11604.472
00e12e8b_3163,11604.415
00e12e8b_3164,11604.478
00e12e8b_3165,11604.28
00e12e8b_3166,11604.248
00e12e8b_3167,11604.275
00e12e8b_3168,11604.269
00e12e8b_3169,11604.213
00e12e8b_3170,11604.066
00e12e8b_3171,11604.098
00e12e8b_3172,11604.064
00e12e8b_3173,11603.952
00e12e8b_3174,11603.844
00e12e8b_3175,11603.7705
00e12e8b_3176,11603.793
00e12e8b_3177,11603.854
00e12e8b_3178,11603.761
00e12e8b_3179,11603.771
00e12e8b_3180,11603.753
00e12e8b_3181,11603.609
00e12e8b_3182,11603.568
00e12e8b_3183,11603.442
00e12e8b_3184,11603.565
00e12e8b_3185,11603.486
00e12e8b_3186,11603.522
00e12e8b_3187,11603.382
00e12e8b_3188,11603.375
00e12e8b_3189,11603.425
00e12e8b_3190,11603.294
00e12e8b_3191,11603.399
00e12e8b_3192,11603.419
00e12e8b_3193,11603.27
00e12e8b_3194,11603.275
00e12e8b_3195,11603.117
00e12e8b_3196,11603.312
00e12e8b_3197,11603.267
00e12e8b_3198,11603.316
00e12e8b_3199,11603.142
00e12e8b_3200,11603.17
00e12e8b_3201,11603.051
00e12e8b_3202,11603.121
00e12e8b_3203,11603.062
00e12e8b_3204,11602.982
00e12e8b_3205,11603.065
00e12e8b_3206,11603.025
00e12e8b_3207,11603.045
00e12e8b_3208,11603.01
00e12e8b_3209,11603.096
00e12e8b_3210,11603.059
00e12e8b_3211,11603.048
00e12e8b_3212,11603.1045
00e12e8b_3213,11603.068
00e12e8b_3214,11603.059
00e12e8b_3215,11603.665
00e12e8b_3216,11603.682
00e12e8b_3217,11603.595
00e12e8b_3218,11603.632
00e12e8b_3219,11603.612
00e12e8b_3220,11603.611
00e12e8b_3221,11603.642
00e12e8b_3222,11603.641
00e12e8b_3223,11603.613
00e12e8b_3224,11603.375
00e12e8b_3225,11603.351
00e12e8b_3226,11603.451
00e12e8b_3227,11603.487
00e12e8b_3228,11603.347
00e12e8b_3229,11603.398
00e12e8b_3230,11603.355
00e12e8b_3231,11603.375
00e12e8b_3232,11603.228
00e12e8b_3233,11603.285
00e12e8b_3234,11603.254
00e12e8b_3235,11603.249
00e12e8b_3236,11603.3125
00e12e8b_3237,11603.205
00e12e8b_3238,11603.177
00e12e8b_3239,11603.27
00e12e8b_3240,11603.201
00e12e8b_3241,11603.209
00e12e8b_3242,11603.216
00e12e8b_3243,11603.233
00e12e8b_3244,11603.192
00e12e8b_3245,11603.206
00e12e8b_3246,11603.16
00e12e8b_3247,11603.16
00e12e8b_3248,11603.192
00e12e8b_3249,11603.111
00e12e8b_3250,11603.163
00e12e8b_3251,11603.115
00e12e8b_3252,11603.003
00e12e8b_3253,11603.067
00e12e8b_3254,11602.966
00e12e8b_3255,11602.923
00e12e8b_3256,11602.883
00e12e8b_3257,11602.942
00e12e8b_3258,11602.865
00e12e8b_3259,11602.873
00e12e8b_3260,11602.954
00e12e8b_3261,11602.88
00e12e8b_3262,11602.845
00e12e8b_3263,11602.895
00e12e8b_3264,11602.885
00e12e8b_3265,11602.82
00e12e8b_3266,11602.853
00e12e8b_3267,11602.931
00e12e8b_3268,11602.911
00e12e8b_3269,11602.886
00e12e8b_3270,11602.856
00e12e8b_3271,11602.862
00e12e8b_3272,11602.858
00e12e8b_3273,11602.867
00e12e8b_3274,11602.824
00e12e8b_3275,11602.889
00e12e8b_3276,11602.822
00e12e8b_3277,11602.865
00e12e8b_3278,11602.818
00e12e8b_3279,11602.883
00e12e8b_3280,11602.859
00e12e8b_3281,11602.838
00e12e8b_3282,11602.894
00e12e8b_3283,11602.927
00e12e8b_3284,11602.942
00e12e8b_3285,11602.987
00e12e8b_3286,11603.019
00e12e8b_3287,11602.986
00e12e8b_3288,11602.965
00e12e8b_3289,11602.973
00e12e8b_3290,11603.206
00e12e8b_3291,11603.372
00e12e8b_3292,11603.455
00e12e8b_3293,11603.466
00e12e8b_3294,11603.533
00e12e8b_3295,11603.979
00e12e8b_3296,11603.994
00e12e8b_3297,11604.062
00e12e8b_3298,11604.126
00e12e8b_3299,11604.099
00e12e8b_3300,11604.133
00e12e8b_3301,11604.041
00e12e8b_3302,11604.09
00e12e8b_3303,11604.066
00e12e8b_3304,11604.095
00e12e8b_3305,11604.134
00e12e8b_3306,11604.042
00e12e8b_3307,11604.005
00e12e8b_3308,11604.088
00e12e8b_3309,11603.985
00e12e8b_3310,11604.315
00e12e8b_3311,11604.343
00e12e8b_3312,11604.379
00e12e8b_3313,11604.425
00e12e8b_3314,11604.39
00e12e8b_3315,11604.56
00e12e8b_3316,11604.64
00e12e8b_3317,11604.787
00e12e8b_3318,11604.891
00e12e8b_3319,11604.8955
00e12e8b_3320,11604.942
00e12e8b_3321,11605.133
00e12e8b_3322,11605.125
00e12e8b_3323,11605.114
00e12e8b_3324,11605.083
00e12e8b_3325,11605.18
00e12e8b_3326,11605.158
00e12e8b_3327,11605.25
00e12e8b_3328,11605.208
00e12e8b_3329,11605.123
00e12e8b_3330,11605.204
00e12e8b_3331,11605.117
00e12e8b_3332,11605.115
00e12e8b_3333,11605.254
00e12e8b_3334,11605.102
00e12e8b_3335,11605.099
00e12e8b_3336,11605.187
00e12e8b_3337,11605.257
00e12e8b_3338,11605.104
00e12e8b_3339,11605.172
00e12e8b_3340,11605.201
00e12e8b_3341,11605.147
00e12e8b_3342,11605.187
00e12e8b_3343,11605.203
00e12e8b_3344,11605.277
00e12e8b_3345,11605.216
00e12e8b_3346,11605.247
00e12e8b_3347,11605.285
00e12e8b_3348,11605.26
00e12e8b_3349,11605.296
00e12e8b_3350,11605.24
00e12e8b_3351,11605.239
00e12e8b_3352,11605.224
00e12e8b_3353,11605.264
00e12e8b_3354,11605.264
00e12e8b_3355,11605.282
00e12e8b_3356,11605.279
00e12e8b_3357,11605.243
00e12e8b_3358,11605.343
00e12e8b_3359,11605.291
00e12e8b_3360,11605.274
00e12e8b_3361,11605.317
00e12e8b_3362,11605.332
00e12e8b_3363,11605.388
00e12e8b_3364,11605.302
00e12e8b_3365,11605.291
00e12e8b_3366,11605.327
00e12e8b_3367,11605.366
00e12e8b_3368,11605.34
00e12e8b_3369,11605.31
00e12e8b_3370,11605.342
00e12e8b_3371,11605.258
00e12e8b_3372,11605.18
00e12e8b_3373,11605.202
00e12e8b_3374,11605.216
00e12e8b_3375,11605.179
00e12e8b_3376,11605.234
00e12e8b_3377,11605.22
00e12e8b_3378,11605.255
00e12e8b_3379,11605.26
00e12e8b_3380,11605.152
00e12e8b_3381,11605.184
00e12e8b_3382,11605.169
00e12e8b_3383,11605.181
00e12e8b_3384,11605.151
00e12e8b_3385,11605.154
00e12e8b_3386,11605.154
00e12e8b_3387,11605.163
00e12e8b_3388,11605.127
00e12e8b_3389,11605.212
00e12e8b_3390,11605.086
00e12e8b_3391,11605.117
00e12e8b_3392,11605.158
00e12e8b_3393,11605.241
00e12e8b_3394,11605.197
00e12e8b_3395,11605.175
00e12e8b_3396,11605.173
00e12e8b_3397,11605.154
00e12e8b_3398,11605.125
00e12e8b_3399,11605.151
00e12e8b_3400,11605.145
00e12e8b_3401,11605.072
00e12e8b_3402,11605.157
00e12e8b_3403,11605.073
00e12e8b_3404,11605.095
00e12e8b_3405,11605.099
00e12e8b_3406,11605.068
00e12e8b_3407,11604.982
00e12e8b_3408,11604.959
00e12e8b_3409,11604.901
00e12e8b_3410,11604.973
00e12e8b_3411,11604.991
00e12e8b_3412,11605.007
00e12e8b_3413,11604.906
00e12e8b_3414,11604.891
00e12e8b_3415,11605.002
00e12e8b_3416,11604.895
00e12e8b_3417,11605.0
00e12e8b_3418,11605.015
00e12e8b_3419,11604.969
00e12e8b_3420,11604.911
00e12e8b_3421,11605.323
00e12e8b_3422,11605.287
00e12e8b_3423,11605.258
00e12e8b_3424,11605.291
00e12e8b_3425,11605.2705
00e12e8b_3426,11605.254
00e12e8b_3427,11605.253
00e12e8b_3428,11605.336
00e12e8b_3429,11605.234
00e12e8b_3430,11605.277
00e12e8b_3431,11605.246
00e12e8b_3432,11605.232
00e12e8b_3433,11605.258
00e12e8b_3434,11605.148
00e12e8b_3435,11605.332
00e12e8b_3436,11605.308
00e12e8b_3437,11605.14
00e12e8b_3438,11605.125
00e12e8b_3439,11605.157
00e12e8b_3440,11605.236
00e12e8b_3441,11605.126
00e12e8b_3442,11605.092
00e12e8b_3443,11605.16
00e12e8b_3444,11605.094
00e12e8b_3445,11605.18
00e12e8b_3446,11605.027
00e12e8b_3447,11605.082
00e12e8b_3448,11605.195
00e12e8b_3449,11605.0
00e12e8b_3450,11604.867
00e12e8b_3451,11604.874
00e12e8b_3452,11604.994
00e12e8b_3453,11604.808
00e12e8b_3454,11604.842
00e12e8b_3455,11604.903
00e12e8b_3456,11604.744
00e12e8b_3457,11604.991
00e12e8b_3458,11604.9
00e12e8b_3459,11604.707
00e12e8b_3460,11604.963
00e12e8b_3461,11604.638
00e12e8b_3462,11604.6455
00e12e8b_3463,11604.644
00e12e8b_3464,11604.527
00e12e8b_3465,11604.498
00e12e8b_3466,11604.424
00e12e8b_3467,11604.265
00e12e8b_3468,11604.376
00e12e8b_3469,11604.295
00e12e8b_3470,11604.354
00e12e8b_3471,11604.278
00e12e8b_3472,11604.324
00e12e8b_3473,11604.363
00e12e8b_3474,11604.222
00e12e8b_3475,11604.265
00e12e8b_3476,11604.286
00e12e8b_3477,11604.282
00e12e8b_3478,11604.367
00e12e8b_3479,11604.354
00e12e8b_3480,11604.316
00e12e8b_3481,11604.161
00e12e8b_3482,11604.145
00e12e8b_3483,11604.104
00e12e8b_3484,11604.099
00e12e8b_3485,11604.117
00e12e8b_3486,11604.044
00e12e8b_3487,11604.036
00e12e8b_3488,11604.12
00e12e8b_3489,11604.113
00e12e8b_3490,11603.98
00e12e8b_3491,11604.109
00e12e8b_3492,11604.123
00e12e8b_3493,11604.116
00e12e8b_3494,11604.118
00e12e8b_3495,11603.987
00e12e8b_3496,11604.094
00e12e8b_3497,11604.102
00e12e8b_3498,11604.0625
00e12e8b_3499,11604.081
00e12e8b_3500,11604.067
00e12e8b_3501,11604.05
00e12e8b_3502,11604.094
00e12e8b_3503,11604.11
00e12e8b_3504,11604.014
00e12e8b_3505,11604.039
00e12e8b_3506,11604.128
00e12e8b_3507,11604.174
00e12e8b_3508,11604.035
00e12e8b_3509,11604.113
00e12e8b_3510,11604.119
00e12e8b_3511,11604.05
00e12e8b_3512,11604.095
00e12e8b_3513,11603.9375
00e12e8b_3514,11603.954
00e12e8b_3515,11603.956
00e12e8b_3516,11603.866
00e12e8b_3517,11603.94
00e12e8b_3518,11603.944
00e12e8b_3519,11603.868
00e12e8b_3520,11603.891
00e12e8b_3521,11603.889
00e12e8b_3522,11603.891
00e12e8b_3523,11603.838
00e12e8b_3524,11604.367
00e12e8b_3525,11604.348
00e12e8b_3526,11604.214
00e12e8b_3527,11604.147
00e12e8b_3528,11604.111
00e12e8b_3529,11604.146
00e12e8b_3530,11604.275
00e12e8b_3531,11604.149
00e12e8b_3532,11604.125
00e12e8b_3533,11604.192
00e12e8b_3534,11604.252
00e12e8b_3535,11604.16
00e12e8b_3536,11604.166
00e12e8b_3537,11604.24
00e12e8b_3538,11604.182
00e12e8b_3539,11604.1455
00e12e8b_3540,11604.258
00e12e8b_3541,11604.222
00e12e8b_3542,11604.116
00e12e8b_3543,11604.278
00e12e8b_3544,11604.243
00e12e8b_3545,11604.24
00e12e8b_3546,11604.187
00e12e8b_3547,11604.13
00e12e8b_3548,11604.222
00e12e8b_3549,11604.285
00e12e8b_3550,11604.083
00e12e8b_3551,11604.175
00e12e8b_3552,11604.216
00e12e8b_3553,11604.112
00e12e8b_3554,11604.08
00e12e8b_3555,11604.07
00e12e8b_3556,11604.1045
00e12e8b_3557,11604.057
00e12e8b_3558,11603.951
00e12e8b_3559,11604.053
00e12e8b_3560,11603.982
00e12e8b_3561,11603.995
00e12e8b_3562,11604.013
00e12e8b_3563,11604.075
00e12e8b_3564,11604.03
00e12e8b_3565,11603.851
00e12e8b_3566,11603.862
00e12e8b_3567,11603.906
00e12e8b_3568,11603.94
00e12e8b_3569,11603.954
00e12e8b_3570,11603.962
00e12e8b_3571,11603.853
00e12e8b_3572,11603.862
00e12e8b_3573,11603.836
00e12e8b_3574,11603.727
00e12e8b_3575,11603.82
00e12e8b_3576,11603.688
00e12e8b_3577,11603.707
00e12e8b_3578,11603.69
00e12e8b_3579,11603.674
00e12e8b_3580,11603.696
00e12e8b_3581,11603.621
00e12e8b_3582,11603.667
00e12e8b_3583,11603.674
00e12e8b_3584,11603.518
00e12e8b_3585,11603.454
00e12e8b_3586,11603.504
00e12e8b_3587,11603.447
00e12e8b_3588,11603.538
00e12e8b_3589,11603.39
00e12e8b_3590,11603.376
00e12e8b_3591,11603.347
00e12e8b_3592,11603.304
00e12e8b_3593,11603.315
00e12e8b_3594,11603.036
00e12e8b_3595,11603.023
00e12e8b_3596,11602.936
00e12e8b_3597,11603.054
00e12e8b_3598,11602.956
00e12e8b_3599,11602.891
00e12e8b_3600,11602.89
00e12e8b_3601,11602.783
00e12e8b_3602,11602.717
00e12e8b_3603,11602.707
00e12e8b_3604,11602.43
00e12e8b_3605,11602.438
00e12e8b_3606,11602.271
00e12e8b_3607,11602.165
00e12e8b_3608,11602.183
00e12e8b_3609,11602.267
00e12e8b_3610,11602.185
00e12e8b_3611,11602.235
00e12e8b_3612,11602.11
00e12e8b_3613,11602.053
00e12e8b_3614,11602.011
00e12e8b_3615,11601.996
00e12e8b_3616,11601.982
00e12e8b_3617,11601.996
00e12e8b_3618,11602.065
00e12e8b_3619,11602.034
00e12e8b_3620,11601.945
00e12e8b_3621,11601.961
00e12e8b_3622,11601.903
00e12e8b_3623,11601.904
00e12e8b_3624,11601.96
00e12e8b_3625,11601.968
00e12e8b_3626,11601.834
00e12e8b_3627,11602.718
00e12e8b_3628,11602.681
00e12e8b_3629,11602.683
00e12e8b_3630,11602.507
00e12e8b_3631,11602.495
00e12e8b_3632,11602.4795
00e12e8b_3633,11602.485
00e12e8b_3634,11602.48
00e12e8b_3635,11602.438
00e12e8b_3636,11602.489
00e12e8b_3637,11602.47
00e12e8b_3638,11602.544
00e12e8b_3639,11602.563
00e12e8b_3640,11602.476
00e12e8b_3641,11602.438
00e12e8b_3642,11602.426
00e12e8b_3643,11602.435
00e12e8b_3644,11602.456
00e12e8b_3645,11602.518
00e12e8b_3646,11602.443
00e12e8b_3647,11602.476
00e12e8b_3648,11602.525
00e12e8b_3649,11602.576
00e12e8b_3650,11602.426
00e12e8b_3651,11602.53
00e12e8b_3652,11602.636
00e12e8b_3653,11602.498
00e12e8b_3654,11602.564
00e12e8b_3655,11602.565
00e12e8b_3656,11602.425
00e12e8b_3657,11602.467
00e12e8b_3658,11602.317
00e12e8b_3659,11602.206
00e12e8b_3660,11602.224
00e12e8b_3661,11602.176
00e12e8b_3662,11602.201
00e12e8b_3663,11602.187
00e12e8b_3664,11602.202
00e12e8b_3665,11602.1875
00e12e8b_3666,11602.158
00e12e8b_3667,11602.092
00e12e8b_3668,11602.13
00e12e8b_3669,11602.184
00e12e8b_3670,11602.0625
00e12e8b_3671,11602.025
00e12e8b_3672,11602.017
00e12e8b_3673,11602.009
00e12e8b_3674,11602.015
00e12e8b_3675,11601.906
00e12e8b_3676,11601.945
00e12e8b_3677,11601.738
00e12e8b_3678,11601.56
00e12e8b_3679,11601.6
00e12e8b_3680,11601.434
00e12e8b_3681,11601.4
00e12e8b_3682,11601.273
00e12e8b_3683,11601.298
00e12e8b_3684,11601.252
00e12e8b_3685,11601.219
00e12e8b_3686,11601.202
00e12e8b_3687,11601.181
00e12e8b_3688,11601.1045
00e12e8b_3689,11601.114
00e12e8b_3690,11601.115
00e12e8b_3691,11601.073
00e12e8b_3692,11601.042
00e12e8b_3693,11601.051
00e12e8b_3694,11601.049
00e12e8b_3695,11601.078
00e12e8b_3696,11601.03
00e12e8b_3697,11601.044
00e12e8b_3698,11600.917
00e12e8b_3699,11600.8955
00e12e8b_3700,11600.893
00e12e8b_3701,11600.836
00e12e8b_3702,11600.795
00e12e8b_3703,11600.806
00e12e8b_3704,11600.82
00e12e8b_3705,11600.591
00e12e8b_3706,11600.627
00e12e8b_3707,11600.668
00e12e8b_3708,11600.626
00e12e8b_3709,11600.586
00e12e8b_3710,11600.681
00e12e8b_3711,11600.746
00e12e8b_3712,11600.586
00e12e8b_3713,11600.591
00e12e8b_3714,11600.522
00e12e8b_3715,11600.467
00e12e8b_3716,11600.502
00e12e8b_3717,11600.502
00e12e8b_3718,11600.292
00e12e8b_3719,11600.153
00e12e8b_3720,11600.092
00e12e8b_3721,11600.009
00e12e8b_3722,11599.959
00e12e8b_3723,11599.955
00e12e8b_3724,11599.938
00e12e8b_3725,11599.914
00e12e8b_3726,11599.707
00e12e8b_3727,11599.687
00e12e8b_3728,11599.592
00e12e8b_3729,11599.538
00e12e8b_3730,11599.538
00e12e8b_3731,11600.862
00e12e8b_3732,11600.873
00e12e8b_3733,11600.878
00e12e8b_3734,11600.905
00e12e8b_3735,11600.8545
00e12e8b_3736,11600.799
00e12e8b_3737,11600.855
00e12e8b_3738,11600.761
00e12e8b_3739,11600.678
00e12e8b_3740,11600.741
00e12e8b_3741,11600.704
00e12e8b_3742,11600.692
00e12e8b_3743,11600.568
00e12e8b_3744,11600.626
00e12e8b_3745,11600.611
00e12e8b_3746,11600.519
00e12e8b_3747,11600.625
00e12e8b_3748,11600.506
00e12e8b_3749,11600.478
00e12e8b_3750,11600.473
00e12e8b_3751,11600.388
00e12e8b_3752,11600.442
00e12e8b_3753,11600.487
00e12e8b_3754,11600.363
00e12e8b_3755,11600.152
00e12e8b_3756,11600.113
00e12e8b_3757,11600.037
00e12e8b_3758,11599.911
00e12e8b_3759,11599.991
00e12e8b_3760,11599.914
00e12e8b_3761,11599.639
00e12e8b_3762,11599.563
00e12e8b_3763,11599.506
00e12e8b_3764,11599.503
00e12e8b_3765,11599.423
00e12e8b_3766,11599.415
00e12e8b_3767,11599.376
00e12e8b_3768,11599.249
00e12e8b_3769,11599.231
00e12e8b_3770,11599.188
00e12e8b_3771,11599.175
00e12e8b_3772,11599.087
00e12e8b_3773,11599.074
00e12e8b_3774,11599.045
00e12e8b_3775,11598.982
00e12e8b_3776,11599.144
00e12e8b_3777,11599.135
00e12e8b_3778,11599.019
00e12e8b_3779,11599.087
00e12e8b_3780,11599.094
00e12e8b_3781,11599.098
00e12e8b_3782,11598.964
00e12e8b_3783,11598.954
00e12e8b_3784,11599.137
00e12e8b_3785,11598.962
00e12e8b_3786,11598.992
00e12e8b_3787,11598.907
00e12e8b_3788,11599.081
00e12e8b_3789,11599.062
00e12e8b_3790,11599.25
00e12e8b_3791,11599.244
00e12e8b_3792,11599.183
00e12e8b_3793,11599.243
00e12e8b_3794,11599.423
00e12e8b_3795,11599.112
00e12e8b_3796,11599.18
00e12e8b_3797,11599.139
00e12e8b_3798,11599.13
00e12e8b_3799,11598.962
00e12e8b_3800,11599.063
00e12e8b_3801,11598.99
00e12e8b_3802,11599.051
00e12e8b_3803,11599.116
00e12e8b_3804,11599.1045
00e12e8b_3805,11599.181
00e12e8b_3806,11599.253
00e12e8b_3807,11599.158
00e12e8b_3808,11599.285
00e12e8b_3809,11599.311
00e12e8b_3810,11599.337
00e12e8b_3811,11599.316
00e12e8b_3812,11599.308
00e12e8b_3813,11599.282
00e12e8b_3814,11599.2295
00e12e8b_3815,11599.307
00e12e8b_3816,11599.206
00e12e8b_3817,11599.177
00e12e8b_3818,11599.159
00e12e8b_3819,11599.146
00e12e8b_3820,11599.115
00e12e8b_3821,11599.134
00e12e8b_3822,11599.147
00e12e8b_3823,11599.067
00e12e8b_3824,11599.064
00e12e8b_3825,11598.944
00e12e8b_3826,11598.871
00e12e8b_3827,11598.863
00e12e8b_3828,11598.925
00e12e8b_3829,11598.859
00e12e8b_3830,11598.827
00e12e8b_3831,11598.816
00e12e8b_3832,11598.804
00e12e8b_3833,11598.675
00e12e8b_3834,11599.299
00e12e8b_3835,11599.37
00e12e8b_3836,11599.336
00e12e8b_3837,11599.275
00e12e8b_3838,11599.272
00e12e8b_3839,11599.321
00e12e8b_3840,11599.244
00e12e8b_3841,11599.281
00e12e8b_3842,11599.261
00e12e8b_3843,11599.25
00e12e8b_3844,11599.267
00e12e8b_3845,11599.226
00e12e8b_3846,11599.194
00e12e8b_3847,11599.247
00e12e8b_3848,11599.211
00e12e8b_3849,11599.208
00e12e8b_3850,11599.176
00e12e8b_3851,11599.166
00e12e8b_3852,11599.0205
00e12e8b_3853,11598.995
00e12e8b_3854,11599.034
00e12e8b_3855,11598.98
00e12e8b_3856,11598.942
00e12e8b_3857,11598.993
00e12e8b_3858,11598.994
00e12e8b_3859,11598.884
00e12e8b_3860,11598.864
00e12e8b_3861,11598.772
00e12e8b_3862,11598.727
00e12e8b_3863,11598.749
00e12e8b_3864,11598.73
00e12e8b_3865,11598.598
00e12e8b_3866,11598.565
00e12e8b_3867,11598.563
00e12e8b_3868,11598.602
00e12e8b_3869,11598.515
00e12e8b_3870,11598.399
00e12e8b_3871,11598.542
00e12e8b_3872,11598.488
00e12e8b_3873,11598.518
00e12e8b_3874,11598.454
00e12e8b_3875,11598.374
00e12e8b_3876,11598.324
00e12e8b_3877,11598.43
00e12e8b_3878,11598.459
00e12e8b_3879,11598.331
00e12e8b_3880,11598.477
00e12e8b_3881,11598.271
00e12e8b_3882,11598.229
00e12e8b_3883,11598.344
00e12e8b_3884,11598.274
00e12e8b_3885,11598.276
00e12e8b_3886,11598.148
00e12e8b_3887,11598.083
00e12e8b_3888,11597.772
00e12e8b_3889,11597.824
00e12e8b_3890,11597.845
00e12e8b_3891,11597.83
00e12e8b_3892,11597.838
00e12e8b_3893,11597.842
00e12e8b_3894,11597.854
00e12e8b_3895,11597.831
00e12e8b_3896,11597.84
00e12e8b_3897,11597.845
00e12e8b_3898,11597.774
00e12e8b_3899,11597.759
00e12e8b_3900,11597.72
00e12e8b_3901,11597.707
00e12e8b_3902,11597.658
00e12e8b_3903,11597.493
00e12e8b_3904,11597.512
00e12e8b_3905,11597.36
00e12e8b_3906,11597.492
00e12e8b_3907,11597.254
00e12e8b_3908,11596.87
00e12e8b_3909,11596.91
00e12e8b_3910,11596.8955
00e12e8b_3911,11596.822
00e12e8b_3912,11596.775
00e12e8b_3913,11596.679
00e12e8b_3914,11596.704
00e12e8b_3915,11596.685
00e12e8b_3916,11596.652
00e12e8b_3917,11596.637
00e12e8b_3918,11596.536
00e12e8b_3919,11596.5205
00e12e8b_3920,11596.5205
00e12e8b_3921,11596.504
00e12e8b_3922,11596.432
00e12e8b_3923,11596.306
00e12e8b_3924,11596.347
00e12e8b_3925,11596.199
00e12e8b_3926,11596.142
00e12e8b_3927,11596.14
00e12e8b_3928,11596.037
00e12e8b_3929,11595.983
00e12e8b_3930,11595.974
00e12e8b_3931,11595.948
00e12e8b_3932,11595.925
00e12e8b_3933,11595.881
00e12e8b_3934,11595.956
00e12e8b_3935,11595.921
00e12e8b_3936,11595.934
00e12e8b_3937,11597.284
00e12e8b_3938,11597.346
00e12e8b_3939,11597.253
00e12e8b_3940,11597.033
00e12e8b_3941,11596.802
00e12e8b_3942,11596.875
00e12e8b_3943,11596.771
00e12e8b_3944,11596.784
00e12e8b_3945,11596.759
00e12e8b_3946,11596.6455
00e12e8b_3947,11596.654
00e12e8b_3948,11596.611
00e12e8b_3949,11596.618
00e12e8b_3950,11596.614
00e12e8b_3951,11596.503
00e12e8b_3952,11596.4795
00e12e8b_3953,11596.439
00e12e8b_3954,11596.522
00e12e8b_3955,11596.378
00e12e8b_3956,11596.367
00e12e8b_3957,11596.322
00e12e8b_3958,11596.187
00e12e8b_3959,11596.133
00e12e8b_3960,11596.305
00e12e8b_3961,11596.063
00e12e8b_3962,11595.981
00e12e8b_3963,11595.962
00e12e8b_3964,11595.904
00e12e8b_3965,11595.897
00e12e8b_3966,11595.981
00e12e8b_3967,11595.991
00e12e8b_3968,11595.984
00e12e8b_3969,11596.023
00e12e8b_3970,11595.948
00e12e8b_3971,11595.908
00e12e8b_3972,11595.945
00e12e8b_3973,11595.935
00e12e8b_3974,11595.914
00e12e8b_3975,11595.897
00e12e8b_3976,11595.767
00e12e8b_3977,11595.737
00e12e8b_3978,11595.844
00e12e8b_3979,11595.662
00e12e8b_3980,11595.665
00e12e8b_3981,11595.591
00e12e8b_3982,11595.542
00e12e8b_3983,11595.546
00e12e8b_3984,11595.507
00e12e8b_3985,11595.453
00e12e8b_3986,11595.433
00e12e8b_3987,11595.412
00e12e8b_3988,11595.474
00e12e8b_3989,11595.424
00e12e8b_3990,11595.414
00e12e8b_3991,11595.398
00e12e8b_3992,11595.371
00e12e8b_3993,11595.386
00e12e8b_3994,11595.438
00e12e8b_3995,11595.37
00e12e8b_3996,11595.36
00e12e8b_3997,11595.328
00e12e8b_3998,11595.409
00e12e8b_3999,11595.323
00e12e8b_4000,11595.324
00e12e8b_4001,11595.331
00e12e8b_4002,11595.378
00e12e8b_4003,11595.387
00e12e8b_4004,11595.346
00e12e8b_4005,11595.215
00e12e8b_4006,11595.104
00e12e8b_4007,11595.0
00e12e8b_4008,11595.027
00e12e8b_4009,11595.021
00e12e8b_4010,11594.9795
00e12e8b_4011,11594.879
00e12e8b_4012,11594.807
00e12e8b_4013,11594.758
00e12e8b_4014,11594.699
00e12e8b_4015,11594.665
00e12e8b_4016,11594.641
00e12e8b_4017,11594.657
00e12e8b_4018,11594.711
00e12e8b_4019,11594.676
00e12e8b_4020,11594.717
00e12e8b_4021,11594.571
00e12e8b_4022,11594.341
00e12e8b_4023,11594.243
00e12e8b_4024,11594.239
00e12e8b_4025,11594.285
00e12e8b_4026,11594.151
00e12e8b_4027,11594.112
00e12e8b_4028,11593.963
00e12e8b_4029,11593.983
00e12e8b_4030,11593.928
00e12e8b_4031,11593.993
00e12e8b_4032,11593.89
00e12e8b_4033,11593.865
00e12e8b_4034,11593.826
00e12e8b_4035,11593.721
00e12e8b_4036,11593.834
00e12e8b_4037,11593.826
00e12e8b_4038,11593.792
00e12e8b_4039,11594.74
00e12e8b_4040,11594.719
00e12e8b_4041,11594.619
00e12e8b_4042,11594.492
00e12e8b_4043,11594.592
00e12e8b_4044,11594.459
00e12e8b_4045,11594.446
00e12e8b_4046,11594.514
00e12e8b_4047,11594.359
00e12e8b_4048,11594.283
00e12e8b_4049,11594.195
00e12e8b_4050,11594.01
00e12e8b_4051,11594.081
00e12e8b_4052,11594.058
00e12e8b_4053,11593.991
00e12e8b_4054,11594.039
00e12e8b_4055,11593.997
00e12e8b_4056,11593.975
00e12e8b_4057,11593.806
00e12e8b_4058,11593.821
00e12e8b_4059,11593.762
00e12e8b_4060,11593.79
00e12e8b_4061,11593.7705
00e12e8b_4062,11593.715
00e12e8b_4063,11593.704
00e12e8b_4064,11593.779
00e12e8b_4065,11593.673
00e12e8b_4066,11593.692
00e12e8b_4067,11593.696
00e12e8b_4068,11593.745
00e12e8b_4069,11593.685
00e12e8b_4070,11593.658
00e12e8b_4071,11593.631
00e12e8b_4072,11593.684
00e12e8b_4073,11593.707
00e12e8b_4074,11593.629
00e12e8b_4075,11593.685
00e12e8b_4076,11593.643
00e12e8b_4077,11593.622
00e12e8b_4078,11593.563
00e12e8b_4079,11593.604
00e12e8b_4080,11593.541
00e12e8b_4081,11593.642
00e12e8b_4082,11593.584
00e12e8b_4083,11593.566
00e12e8b_4084,11593.525
00e12e8b_4085,11593.517
00e12e8b_4086,11593.3955
00e12e8b_4087,11593.517
00e12e8b_4088,11593.501
00e12e8b_4089,11593.382
00e12e8b_4090,11593.406
00e12e8b_4091,11593.329
00e12e8b_4092,11593.254
00e12e8b_4093,11593.255
00e12e8b_4094,11593.267
00e12e8b_4095,11593.258
00e12e8b_4096,11593.276
00e12e8b_4097,11593.225
00e12e8b_4098,11593.232
00e12e8b_4099,11593.19
00e12e8b_4100,11593.281
00e12e8b_4101,11593.274
00e12e8b_4102,11593.219
00e12e8b_4103,11593.229
00e12e8b_4104,11593.242
00e12e8b_4105,11593.266
00e12e8b_4106,11593.241
00e12e8b_4107,11593.29
00e12e8b_4108,11593.277
00e12e8b_4109,11593.28
00e12e8b_4110,11593.274
00e12e8b_4111,11593.408
00e12e8b_4112,11593.233
00e12e8b_4113,11593.23
00e12e8b_4114,11593.217
00e12e8b_4115,11593.163
00e12e8b_4116,11593.181
00e12e8b_4117,11593.231
00e12e8b_4118,11593.145
00e12e8b_4119,11593.161
00e12e8b_4120,11593.232
00e12e8b_4121,11593.216
00e12e8b_4122,11593.207
00e12e8b_4123,11593.212
00e12e8b_4124,11593.116
00e12e8b_4125,11593.133
00e12e8b_4126,11593.224
00e12e8b_4127,11593.188
00e12e8b_4128,11593.148
00e12e8b_4129,11593.175
00e12e8b_4130,11593.108
00e12e8b_4131,11593.148
00e12e8b_4132,11593.154
00e12e8b_4133,11593.155
00e12e8b_4134,11593.178
00e12e8b_4135,11593.224
00e12e8b_4136,11593.14
00e12e8b_4137,11593.207
00e12e8b_4138,11593.126
00e12e8b_4139,11593.119
00e12e8b_4140,11593.178
00e12e8b_4141,11593.1455
00e12e8b_4142,11593.3
00e12e8b_4143,11593.317
00e12e8b_4144,11593.238
00e12e8b_4145,11593.306
00e12e8b_4146,11593.247
00e12e8b_4147,11593.224
00e12e8b_4148,11593.246
00e12e8b_4149,11593.218
00e12e8b_4150,11593.32
00e12e8b_4151,11593.327
00e12e8b_4152,11593.307
00e12e8b_4153,11593.25
00e12e8b_4154,11593.2705
00e12e8b_4155,11593.319
00e12e8b_4156,11593.337
00e12e8b_4157,11593.235
00e12e8b_4158,11593.284
00e12e8b_4159,11593.343
00e12e8b_4160,11593.265
00e12e8b_4161,11593.278
00e12e8b_4162,11593.212
00e12e8b_4163,11593.316
00e12e8b_4164,11593.22
00e12e8b_4165,11593.225
00e12e8b_4166,11593.269
00e12e8b_4167,11593.243
00e12e8b_4168,11593.165
00e12e8b_4169,11593.164
00e12e8b_4170,11593.234
00e12e8b_4171,11593.237
00e12e8b_4172,11593.225
00e12e8b_4173,11593.186
00e12e8b_4174,11593.254
00e12e8b_4175,11593.267
00e12e8b_4176,11593.214
00e12e8b_4177,11593.266
00e12e8b_4178,11593.232
00e12e8b_4179,11593.194
00e12e8b_4180,11593.248
00e12e8b_4181,11593.325
00e12e8b_4182,11593.304
00e12e8b_4183,11593.3
00e12e8b_4184,11593.267
00e12e8b_4185,11593.28
00e12e8b_4186,11593.219
00e12e8b_4187,11593.237
00e12e8b_4188,11593.287
00e12e8b_4189,11593.27
00e12e8b_4190,11593.269
00e12e8b_4191,11593.227
00e12e8b_4192,11593.268
00e12e8b_4193,11593.236
00e12e8b_4194,11593.25
00e12e8b_4195,11593.245
00e12e8b_4196,11593.227
00e12e8b_4197,11593.23
00e12e8b_4198,11593.157
00e12e8b_4199,11593.142
00e12e8b_4200,11593.19
00e12e8b_4201,11593.179
00e12e8b_4202,11593.123
00e12e8b_4203,11593.092
00e12e8b_4204,11593.1875
00e12e8b_4205,11593.1455
00e12e8b_4206,11593.25
00e12e8b_4207,11593.185
00e12e8b_4208,11593.091
00e12e8b_4209,11593.202
00e12e8b_4210,11593.181
00e12e8b_4211,11593.203
00e12e8b_4212,11593.129
00e12e8b_4213,11593.236
00e12e8b_4214,11593.193
00e12e8b_4215,11593.133
00e12e8b_4216,11593.184
00e12e8b_4217,11593.248
00e12e8b_4218,11593.237
00e12e8b_4219,11593.192
00e12e8b_4220,11593.238
00e12e8b_4221,11593.271
00e12e8b_4222,11593.219
00e12e8b_4223,11593.207
00e12e8b_4224,11593.188
00e12e8b_4225,11593.176
00e12e8b_4226,11593.211
00e12e8b_4227,11593.232
00e12e8b_4228,11593.154
00e12e8b_4229,11593.176
00e12e8b_4230,11593.218
00e12e8b_4231,11593.194
00e12e8b_4232,11593.193
00e12e8b_4233,11593.173
00e12e8b_4234,11593.167
00e12e8b_4235,11593.148
00e12e8b_4236,11593.26
00e12e8b_4237,11593.255
00e12e8b_4238,11593.208
00e12e8b_4239,11593.175
00e12e8b_4240,11593.247
00e12e8b_4241,11593.236
00e12e8b_4242,11593.183
00e12e8b_4243,11593.17
00e12e8b_4244,11593.178
00e12e8b_4245,11593.6045
00e12e8b_4246,11593.61
00e12e8b_4247,11593.796
00e12e8b_4248,11593.618
00e12e8b_4249,11593.666
00e12e8b_4250,11593.658
00e12e8b_4251,11593.698
00e12e8b_4252,11593.588
00e12e8b_4253,11593.599
00e12e8b_4254,11593.651
00e12e8b_4255,11593.686
00e12e8b_4256,11593.65
00e12e8b_4257,11593.71
00e12e8b_4258,11593.783
00e12e8b_4259,11593.7
00e12e8b_4260,11593.694
00e12e8b_4261,11593.798
00e12e8b_4262,11593.8125
00e12e8b_4263,11593.746
00e12e8b_4264,11593.804
00e12e8b_4265,11593.771
00e12e8b_4266,11593.805
00e12e8b_4267,11593.8125
00e12e8b_4268,11593.842
00e12e8b_4269,11593.833
00e12e8b_4270,11593.728
00e12e8b_4271,11593.759
00e12e8b_4272,11593.763
00e12e8b_4273,11593.727
00e12e8b_4274,11593.778
00e12e8b_4275,11593.807
00e12e8b_4276,11593.758
00e12e8b_4277,11593.862
00e12e8b_4278,11593.711
00e12e8b_4279,11593.75
00e12e8b_4280,11593.834
00e12e8b_4281,11593.744
00e12e8b_4282,11593.743
00e12e8b_4283,11593.798
00e12e8b_4284,11593.847
00e12e8b_4285,11593.892
00e12e8b_4286,11593.93
00e12e8b_4287,11593.891
00e12e8b_4288,11593.964
00e12e8b_4289,11593.916
00e12e8b_4290,11593.921
00e12e8b_4291,11593.948
00e12e8b_4292,11593.875
00e12e8b_4293,11593.883
00e12e8b_4294,11593.863
00e12e8b_4295,11593.862
00e12e8b_4296,11593.846
00e12e8b_4297,11593.838
00e12e8b_4298,11593.8955
00e12e8b_4299,11593.959
00e12e8b_4300,11593.921
00e12e8b_4301,11594.029
00e12e8b_4302,11594.07
00e12e8b_4303,11594.017
00e12e8b_4304,11594.089
00e12e8b_4305,11594.016
00e12e8b_4306,11594.05
00e12e8b_4307,11594.006
00e12e8b_4308,11594.085
00e12e8b_4309,11594.078
00e12e8b_4310,11594.084
00e12e8b_4311,11594.089
00e12e8b_4312,11594.1
00e12e8b_4313,11594.072
00e12e8b_4314,11594.096
00e12e8b_4315,11594.084
00e12e8b_4316,11594.043
00e12e8b_4317,11594.067
00e12e8b_4318,11594.154
00e12e8b_4319,11594.153
00e12e8b_4320,11594.19
00e12e8b_4321,11594.2295
00e12e8b_4322,11594.221
00e12e8b_4323,11594.183
00e12e8b_4324,11594.234
00e12e8b_4325,11594.258
00e12e8b_4326,11594.219
00e12e8b_4327,11594.296
00e12e8b_4328,11594.204
00e12e8b_4329,11594.184
00e12e8b_4330,11594.206
00e12e8b_4331,11594.228
00e12e8b_4332,11594.239
00e12e8b_4333,11594.247
00e12e8b_4334,11594.257
00e12e8b_4335,11594.24
00e12e8b_4336,11594.335
00e12e8b_4337,11594.295
00e12e8b_4338,11594.399
00e12e8b_4339,11594.521
00e12e8b_4340,11594.562
00e12e8b_4341,11594.553
00e12e8b_4342,11594.544
00e12e8b_4343,11594.3955
00e12e8b_4344,11594.628
00e12e8b_4345,11594.525
00e12e8b_4346,11594.613
00e12e8b_4347,11594.51
00e12e8b_4348,11595.38
00e12e8b_4349,11595.376
00e12e8b_4350,11595.408
00e12e8b_4351,11595.383
00e12e8b_4352,11595.433
00e12e8b_4353,11595.325
00e12e8b_4354,11595.342
00e12e8b_4355,11595.349
00e12e8b_4356,11595.361
00e12e8b_4357,11595.388
00e12e8b_4358,11595.357
00e12e8b_4359,11595.396
00e12e8b_4360,11595.387
00e12e8b_4361,11595.358
00e12e8b_4362,11595.385
00e12e8b_4363,11595.386
00e12e8b_4364,11595.376
00e12e8b_4365,11595.485
00e12e8b_4366,11595.525
00e12e8b_4367,11595.526
00e12e8b_4368,11595.5205
00e12e8b_4369,11595.549
00e12e8b_4370,11595.69
00e12e8b_4371,11595.714
00e12e8b_4372,11595.669
00e12e8b_4373,11595.54
00e12e8b_4374,11595.65
00e12e8b_4375,11595.636
00e12e8b_4376,11595.643
00e12e8b_4377,11595.603
00e12e8b_4378,11595.578
00e12e8b_4379,11595.551
00e12e8b_4380,11595.501
00e12e8b_4381,11595.531
00e12e8b_4382,11595.695
00e12e8b_4383,11595.687
00e12e8b_4384,11595.735
00e12e8b_4385,11595.727
00e12e8b_4386,11595.724
00e12e8b_4387,11595.728
00e12e8b_4388,11595.704
00e12e8b_4389,11595.836
00e12e8b_4390,11595.769
00e12e8b_4391,11595.644
00e12e8b_4392,11595.756
00e12e8b_4393,11595.827
00e12e8b_4394,11595.796
00e12e8b_4395,11595.806
00e12e8b_4396,11595.815
00e12e8b_4397,11595.812
00e12e8b_4398,11595.81
00e12e8b_4399,11595.961
00e12e8b_4400,11595.814
00e12e8b_4401,11595.88
00e12e8b_4402,11595.995
00e12e8b_4403,11596.0
00e12e8b_4404,11595.936
00e12e8b_4405,11596.069
00e12e8b_4406,11596.107
00e12e8b_4407,11596.101
00e12e8b_4408,11595.976
00e12e8b_4409,11596.099
00e12e8b_4410,11595.996
00e12e8b_4411,11596.031
00e12e8b_4412,11596.13
00e12e8b_4413,11596.117
00e12e8b_4414,11596.07
00e12e8b_4415,11596.128
00e12e8b_4416,11596.054
00e12e8b_4417,11596.054
00e12e8b_4418,11596.055
00e12e8b_4419,11596.049
00e12e8b_4420,11596.093
00e12e8b_4421,11596.043
00e12e8b_4422,11596.063
00e12e8b_4423,11596.114
00e12e8b_4424,11596.117
00e12e8b_4425,11596.13
00e12e8b_4426,11596.162
00e12e8b_4427,11596.134
00e12e8b_4428,11596.079
00e12e8b_4429,11596.029
00e12e8b_4430,11596.054
00e12e8b_4431,11596.079
00e12e8b_4432,11596.071
00e12e8b_4433,11596.07
00e12e8b_4434,11596.03
00e12e8b_4435,11596.091
00e12e8b_4436,11596.141
00e12e8b_4437,11596.119
00e12e8b_4438,11596.214
00e12e8b_4439,11596.179
00e12e8b_4440,11596.136
00e12e8b_4441,11596.138
00e12e8b_4442,11596.161
00e12e8b_4443,11596.15
00e12e8b_4444,11596.15
00e12e8b_4445,11596.157
00e12e8b_4446,11596.161
00e12e8b_4447,11596.159
00e12e8b_4448,11596.153
00e12e8b_4449,11596.19
00e12e8b_4450,11597.793
00e12e8b_4451,11597.784
00e12e8b_4452,11597.796
00e12e8b_4453,11597.776
00e12e8b_4454,11597.897
00e12e8b_4455,11597.777
00e12e8b_4456,11597.768
00e12e8b_4457,11597.82
00e12e8b_4458,11597.765
00e12e8b_4459,11597.767
00e12e8b_4460,11597.856
00e12e8b_4461,11597.828
00e12e8b_4462,11597.767
00e12e8b_4463,11597.86
00e12e8b_4464,11597.8125
00e12e8b_4465,11597.834
00e12e8b_4466,11597.774
00e12e8b_4467,11597.795
00e12e8b_4468,11597.767
00e12e8b_4469,11597.735
00e12e8b_4470,11597.878
00e12e8b_4471,11597.846
00e12e8b_4472,11597.801
00e12e8b_4473,11597.81
00e12e8b_4474,11597.819
00e12e8b_4475,11597.793
00e12e8b_4476,11597.773
00e12e8b_4477,11597.825
00e12e8b_4478,11597.812
00e12e8b_4479,11597.857
00e12e8b_4480,11597.807
00e12e8b_4481,11597.854
00e12e8b_4482,11597.861
00e12e8b_4483,11597.816
00e12e8b_4484,11597.824
00e12e8b_4485,11597.843
00e12e8b_4486,11597.794
00e12e8b_4487,11597.841
00e12e8b_4488,11597.872
00e12e8b_4489,11597.842
00e12e8b_4490,11597.893
00e12e8b_4491,11597.914
00e12e8b_4492,11597.878
00e12e8b_4493,11597.873
00e12e8b_4494,11597.905
00e12e8b_4495,11597.886
00e12e8b_4496,11598.215
00e12e8b_4497,11598.182
00e12e8b_4498,11598.213
00e12e8b_4499,11598.229
00e12e8b_4500,11598.233
00e12e8b_4501,11598.206
00e12e8b_4502,11598.36
00e12e8b_4503,11598.307
00e12e8b_4504,11598.424
00e12e8b_4505,11598.361
00e12e8b_4506,11598.385
00e12e8b_4507,11598.384
00e12e8b_4508,11598.397
00e12e8b_4509,11598.308
00e12e8b_4510,11598.351
00e12e8b_4511,11598.302
00e12e8b_4512,11598.321
00e12e8b_4513,11598.285
00e12e8b_4514,11598.328
00e12e8b_4515,11598.297
00e12e8b_4516,11598.339
00e12e8b_4517,11598.355
00e12e8b_4518,11598.437
00e12e8b_4519,11598.407
00e12e8b_4520,11598.363
00e12e8b_4521,11598.386
00e12e8b_4522,11598.407
00e12e8b_4523,11598.375
00e12e8b_4524,11598.378
00e12e8b_4525,11598.389
00e12e8b_4526,11598.383
00e12e8b_4527,11598.397
00e12e8b_4528,11598.456
00e12e8b_4529,11598.384
00e12e8b_4530,11598.438
00e12e8b_4531,11598.426
00e12e8b_4532,11598.375
00e12e8b_4533,11598.367
00e12e8b_4534,11598.42
00e12e8b_4535,11598.349
00e12e8b_4536,11598.428
00e12e8b_4537,11598.438
00e12e8b_4538,11598.397
00e12e8b_4539,11598.3955
00e12e8b_4540,11598.452
00e12e8b_4541,11598.424
00e12e8b_4542,11598.455
00e12e8b_4543,11598.436
00e12e8b_4544,11598.501
00e12e8b_4545,11598.448
00e12e8b_4546,11598.453
00e12e8b_4547,11598.438
00e12e8b_4548,11598.433
00e12e8b_4549,11598.366
00e12e8b_4550,11598.486
00e12e8b_4551,11598.476
00e12e8b_4552,11599.104
00e12e8b_4553,11599.095
00e12e8b_4554,11599.111
00e12e8b_4555,11599.114
00e12e8b_4556,11599.164
00e12e8b_4557,11599.113
00e12e8b_4558,11599.107
00e12e8b_4559,11599.141
00e12e8b_4560,11599.132
00e12e8b_4561,11599.122
00e12e8b_4562,11599.095
00e12e8b_4563,11599.145
00e12e8b_4564,11599.182
00e12e8b_4565,11599.181
00e12e8b_4566,11599.218
00e12e8b_4567,11599.203
00e12e8b_4568,11599.215
00e12e8b_4569,11599.175
00e12e8b_4570,11599.171
00e12e8b_4571,11599.192
00e12e8b_4572,11599.192
00e12e8b_4573,11599.141
00e12e8b_4574,11599.171
00e12e8b_4575,11599.131
00e12e8b_4576,11599.147
00e12e8b_4577,11599.172
00e12e8b_4578,11599.166
00e12e8b_4579,11599.204
00e12e8b_4580,11599.132
00e12e8b_4581,11599.1455
00e12e8b_4582,11599.111
00e12e8b_4583,11599.049
00e12e8b_4584,11599.08
00e12e8b_4585,11599.097
00e12e8b_4586,11599.177
00e12e8b_4587,11599.228
00e12e8b_4588,11599.226
00e12e8b_4589,11599.214
00e12e8b_4590,11599.22
00e12e8b_4591,11599.21
00e12e8b_4592,11599.216
00e12e8b_4593,11599.238
00e12e8b_4594,11599.272
00e12e8b_4595,11599.267
00e12e8b_4596,11599.251
00e12e8b_4597,11599.269
00e12e8b_4598,11599.258
00e12e8b_4599,11599.27
00e12e8b_4600,11599.304
00e12e8b_4601,11599.267
00e12e8b_4602,11599.266
00e12e8b_4603,11599.265
00e12e8b_4604,11599.272
00e12e8b_4605,11599.261
00e12e8b_4606,11599.302
00e12e8b_4607,11599.261
00e12e8b_4608,11599.268
00e12e8b_4609,11599.289
00e12e8b_4610,11599.212
00e12e8b_4611,11599.203
00e12e8b_4612,11599.178
00e12e8b_4613,11599.166
00e12e8b_4614,11599.13
00e12e8b_4615,11599.195
00e12e8b_4616,11599.159
00e12e8b_4617,11599.271
00e12e8b_4618,11599.215
00e12e8b_4619,11599.23
00e12e8b_4620,11599.237
00e12e8b_4621,11599.202
00e12e8b_4622,11599.178
00e12e8b_4623,11599.157
00e12e8b_4624,11599.223
00e12e8b_4625,11599.194
00e12e8b_4626,11599.195
00e12e8b_4627,11599.181
00e12e8b_4628,11599.179
00e12e8b_4629,11599.224
00e12e8b_4630,11599.218
00e12e8b_4631,11599.166
00e12e8b_4632,11599.153
00e12e8b_4633,11599.15
00e12e8b_4634,11599.19
00e12e8b_4635,11599.145
00e12e8b_4636,11599.263
00e12e8b_4637,11599.162
00e12e8b_4638,11599.205
00e12e8b_4639,11599.16
00e12e8b_4640,11599.165
00e12e8b_4641,11599.165
00e12e8b_4642,11599.267
00e12e8b_4643,11599.224
00e12e8b_4644,11599.234
00e12e8b_4645,11599.224
00e12e8b_4646,11599.167
00e12e8b_4647,11599.1455
00e12e8b_4648,11599.133
00e12e8b_4649,11599.12
00e12e8b_4650,11599.209
00e12e8b_4651,11599.123
00e12e8b_4652,11599.186
00e12e8b_4653,11599.156
00e12e8b_4654,11599.193
00e12e8b_4655,11599.868
00e12e8b_4656,11599.767
00e12e8b_4657,11599.765
00e12e8b_4658,11599.735
00e12e8b_4659,11599.771
00e12e8b_4660,11599.77
00e12e8b_4661,11599.868
00e12e8b_4662,11599.814
00e12e8b_4663,11599.851
00e12e8b_4664,11599.849
00e12e8b_4665,11599.878
00e12e8b_4666,11599.792
00e12e8b_4667,11599.856
00e12e8b_4668,11599.817
00e12e8b_4669,11599.812
00e12e8b_4670,11599.894
00e12e8b_4671,11599.882
00e12e8b_4672,11599.888
00e12e8b_4673,11599.889
00e12e8b_4674,11599.892
00e12e8b_4675,11599.893
00e12e8b_4676,11599.897
00e12e8b_4677,11599.952
00e12e8b_4678,11600.005
00e12e8b_4679,11600.085
00e12e8b_4680,11600.129
00e12e8b_4681,11600.044
00e12e8b_4682,11600.094
00e12e8b_4683,11600.042
00e12e8b_4684,11600.084
00e12e8b_4685,11600.163
00e12e8b_4686,11600.179
00e12e8b_4687,11600.1
00e12e8b_4688,11600.118
00e12e8b_4689,11600.175
00e12e8b_4690,11600.036
00e12e8b_4691,11600.111
00e12e8b_4692,11600.14
00e12e8b_4693,11600.164
00e12e8b_4694,11600.154
00e12e8b_4695,11600.167
00e12e8b_4696,11600.109
00e12e8b_4697,11600.076
00e12e8b_4698,11600.041
00e12e8b_4699,11600.048
00e12e8b_4700,11600.115
00e12e8b_4701,11600.272
00e12e8b_4702,11600.246
00e12e8b_4703,11600.313
00e12e8b_4704,11600.685
00e12e8b_4705,11600.6
00e12e8b_4706,11600.639
00e12e8b_4707,11600.657
00e12e8b_4708,11600.666
00e12e8b_4709,11600.664
00e12e8b_4710,11600.658
00e12e8b_4711,11600.633
00e12e8b_4712,11600.582
00e12e8b_4713,11600.599
00e12e8b_4714,11600.591
00e12e8b_4715,11600.67
00e12e8b_4716,11600.743
00e12e8b_4717,11600.591
00e12e8b_4718,11600.589
00e12e8b_4719,11600.559
00e12e8b_4720,11600.55
00e12e8b_4721,11600.648
00e12e8b_4722,11600.612
00e12e8b_4723,11600.596
00e12e8b_4724,11600.595
00e12e8b_4725,11600.634
00e12e8b_4726,11600.564
00e12e8b_4727,11600.545
00e12e8b_4728,11600.501
00e12e8b_4729,11600.563
00e12e8b_4730,11600.602
00e12e8b_4731,11600.639
00e12e8b_4732,11600.533
00e12e8b_4733,11600.629
00e12e8b_4734,11600.631
00e12e8b_4735,11600.654
00e12e8b_4736,11600.662
00e12e8b_4737,11600.658
00e12e8b_4738,11600.643
00e12e8b_4739,11600.639
00e12e8b_4740,11600.667
00e12e8b_4741,11600.686
00e12e8b_4742,11600.667
00e12e8b_4743,11600.673
00e12e8b_4744,11600.674
00e12e8b_4745,11600.591
00e12e8b_4746,11600.589
00e12e8b_4747,11600.676
00e12e8b_4748,11600.62
00e12e8b_4749,11600.629
00e12e8b_4750,11600.68
00e12e8b_4751,11600.608
00e12e8b_4752,11600.656
00e12e8b_4753,11600.625
00e12e8b_4754,11600.601
00e12e8b_4755,11600.499
00e12e8b_4756,11600.333
00e12e8b_4757,11601.246
00e12e8b_4758,11601.185
00e12e8b_4759,11601.181
00e12e8b_4760,11601.101
00e12e8b_4761,11601.107
00e12e8b_4762,11601.112
00e12e8b_4763,11601.115
00e12e8b_4764,11601.057
00e12e8b_4765,11601.124
00e12e8b_4766,11601.105
00e12e8b_4767,11601.0
00e12e8b_4768,11600.976
00e12e8b_4769,11600.838
00e12e8b_4770,11600.824
00e12e8b_4771,11600.792
00e12e8b_4772,11600.835
00e12e8b_4773,11600.7705
00e12e8b_4774,11600.768
00e12e8b_4775,11600.755
00e12e8b_4776,11600.729
00e12e8b_4777,11600.676
00e12e8b_4778,11600.658
00e12e8b_4779,11600.651
00e12e8b_4780,11600.674
00e12e8b_4781,11600.519
00e12e8b_4782,11600.502
00e12e8b_4783,11600.529
00e12e8b_4784,11600.559
00e12e8b_4785,11600.581
00e12e8b_4786,11600.514
00e12e8b_4787,11600.583
00e12e8b_4788,11600.523
00e12e8b_4789,11600.503
00e12e8b_4790,11600.44
00e12e8b_4791,11600.455
00e12e8b_4792,11600.441
00e12e8b_4793,11600.392
00e12e8b_4794,11600.368
00e12e8b_4795,11600.325
00e12e8b_4796,11600.389
00e12e8b_4797,11600.303
00e12e8b_4798,11600.264
00e12e8b_4799,11600.273
00e12e8b_4800,11600.073
00e12e8b_4801,11600.175
00e12e8b_4802,11600.143
00e12e8b_4803,11600.067
00e12e8b_4804,11600.167
00e12e8b_4805,11600.117
00e12e8b_4806,11600.118
00e12e8b_4807,11600.223
00e12e8b_4808,11600.131
00e12e8b_4809,11600.179
00e12e8b_4810,11600.176
00e12e8b_4811,11600.201
00e12e8b_4812,11600.126
00e12e8b_4813,11600.192
00e12e8b_4814,11600.189
00e12e8b_4815,11600.2295
00e12e8b_4816,11600.128
00e12e8b_4817,11600.033
00e12e8b_4818,11600.21
00e12e8b_4819,11600.038
00e12e8b_4820,11600.057
00e12e8b_4821,11600.052
00e12e8b_4822,11600.069
00e12e8b_4823,11600.066
00e12e8b_4824,11600.064
00e12e8b_4825,11600.057
00e12e8b_4826,11600.054
00e12e8b_4827,11600.052
00e12e8b_4828,11600.059
00e12e8b_4829,11600.076
00e12e8b_4830,11600.159
00e12e8b_4831,11600.1455
00e12e8b_4832,11600.086
00e12e8b_4833,11600.162
00e12e8b_4834,11600.129
00e12e8b_4835,11600.244
00e12e8b_4836,11600.222
00e12e8b_4837,11600.228
00e12e8b_4838,11600.212
00e12e8b_4839,11600.218
00e12e8b_4840,11600.211
00e12e8b_4841,11600.247
00e12e8b_4842,11600.263
00e12e8b_4843,11600.232
00e12e8b_4844,11600.236
00e12e8b_4845,11600.161
00e12e8b_4846,11600.214
00e12e8b_4847,11600.211
00e12e8b_4848,11600.227
00e12e8b_4849,11600.234
00e12e8b_4850,11600.238
00e12e8b_4851,11600.23
00e12e8b_4852,11600.207
00e12e8b_4853,11600.213
00e12e8b_4854,11600.222
00e12e8b_4855,11600.189
00e12e8b_4856,11600.247
00e12e8b_4857,11600.277
00e12e8b_4858,11600.199
00e12e8b_4859,11600.265
00e12e8b_4860,11601.111
00e12e8b_4861,11601.093
00e12e8b_4862,11601.063
00e12e8b_4863,11601.1045
00e12e8b_4864,11601.094
00e12e8b_4865,11600.914
00e12e8b_4866,11600.889
00e12e8b_4867,11600.961
00e12e8b_4868,11600.846
00e12e8b_4869,11600.836
00e12e8b_4870,11600.846
00e12e8b_4871,11600.934
00e12e8b_4872,11600.822
00e12e8b_4873,11600.82
00e12e8b_4874,11600.819
00e12e8b_4875,11600.839
00e12e8b_4876,11600.851
00e12e8b_4877,11600.813
00e12e8b_4878,11600.886
00e12e8b_4879,11600.798
00e12e8b_4880,11600.778
00e12e8b_4881,11600.731
00e12e8b_4882,11600.892
00e12e8b_4883,11600.766
00e12e8b_4884,11600.876
00e12e8b_4885,11600.863
00e12e8b_4886,11600.768
00e12e8b_4887,11600.813
00e12e8b_4888,11600.7705
00e12e8b_4889,11600.735
00e12e8b_4890,11600.737
00e12e8b_4891,11600.767
00e12e8b_4892,11600.735
00e12e8b_4893,11600.786
00e12e8b_4894,11600.807
00e12e8b_4895,11600.807
00e12e8b_4896,11600.837
00e12e8b_4897,11600.841
00e12e8b_4898,11600.838
00e12e8b_4899,11600.856
00e12e8b_4900,11600.862
00e12e8b_4901,11600.809
00e12e8b_4902,11600.843
00e12e8b_4903,11600.797
00e12e8b_4904,11600.848
00e12e8b_4905,11600.889
00e12e8b_4906,11600.814
00e12e8b_4907,11600.808
00e12e8b_4908,11600.836
00e12e8b_4909,11600.837
00e12e8b_4910,11600.828
00e12e8b_4911,11600.89
00e12e8b_4912,11600.917
00e12e8b_4913,11600.867
00e12e8b_4914,11600.89
00e12e8b_4915,11600.884
00e12e8b_4916,11600.921
00e12e8b_4917,11600.938
00e12e8b_4918,11600.943
00e12e8b_4919,11600.895
00e12e8b_4920,11600.865
00e12e8b_4921,11600.85
00e12e8b_4922,11600.792
00e12e8b_4923,11600.748
00e12e8b_4924,11600.775
00e12e8b_4925,11600.6875
00e12e8b_4926,11600.798
00e12e8b_4927,11600.712
00e12e8b_4928,11600.742
00e12e8b_4929,11600.659
00e12e8b_4930,11600.642
00e12e8b_4931,11600.617
00e12e8b_4932,11600.656
00e12e8b_4933,11600.578
00e12e8b_4934,11600.582
00e12e8b_4935,11600.624
00e12e8b_4936,11600.566
00e12e8b_4937,11600.586
00e12e8b_4938,11600.609
00e12e8b_4939,11600.556
00e12e8b_4940,11600.574
00e12e8b_4941,11600.564
00e12e8b_4942,11600.523
00e12e8b_4943,11600.514
00e12e8b_4944,11600.457
00e12e8b_4945,11600.509
00e12e8b_4946,11600.501
00e12e8b_4947,11600.485
00e12e8b_4948,11600.478
00e12e8b_4949,11600.543
00e12e8b_4950,11600.467
00e12e8b_4951,11600.462
00e12e8b_4952,11600.429
00e12e8b_4953,11600.449
00e12e8b_4954,11600.537
00e12e8b_4955,11600.403
00e12e8b_4956,11600.42
00e12e8b_4957,11600.461
00e12e8b_4958,11600.497
00e12e8b_4959,11600.4795
00e12e8b_4960,11600.524
00e12e8b_4961,11600.462
00e12e8b_4962,11600.486
00e12e8b_4963,11601.693
00e12e8b_4964,11601.587
00e12e8b_4965,11601.596
00e12e8b_4966,11601.686
00e12e8b_4967,11601.61
00e12e8b_4968,11601.569
00e12e8b_4969,11601.648
00e12e8b_4970,11601.577
00e12e8b_4971,11601.644
00e12e8b_4972,11601.632
00e12e8b_4973,11601.681
00e12e8b_4974,11601.587
00e12e8b_4975,11601.579
00e12e8b_4976,11601.599
00e12e8b_4977,11601.585
00e12e8b_4978,11601.517
00e12e8b_4979,11601.539
00e12e8b_4980,11601.452
00e12e8b_4981,11601.448
00e12e8b_4982,11601.453
00e12e8b_4983,11601.468
00e12e8b_4984,11601.31
00e12e8b_4985,11601.371
00e12e8b_4986,11601.391
00e12e8b_4987,11601.426
00e12e8b_4988,11601.39
00e12e8b_4989,11601.363
00e12e8b_4990,11601.241
00e12e8b_4991,11601.1
00e12e8b_4992,11601.022
00e12e8b_4993,11601.021
00e12e8b_4994,11601.1
00e12e8b_4995,11601.026
00e12e8b_4996,11600.944
00e12e8b_4997,11600.837
00e12e8b_4998,11600.844
00e12e8b_4999,11600.852
00e12e8b_5000,11600.908
00e12e8b_5001,11600.775
00e12e8b_5002,11600.798
00e12e8b_5003,11600.668
00e12e8b_5004,11600.7
00e12e8b_5005,11600.689
00e12e8b_5006,11600.647
00e12e8b_5007,11600.624
00e12e8b_5008,11600.606
00e12e8b_5009,11600.489
00e12e8b_5010,11600.477
00e12e8b_5011,11600.481
00e12e8b_5012,11600.485
00e12e8b_5013,11600.497
00e12e8b_5014,11600.542
00e12e8b_5015,11600.523
00e12e8b_5016,11600.396
00e12e8b_5017,11600.439
00e12e8b_5018,11600.413
00e12e8b_5019,11600.377
00e12e8b_5020,11600.3955
00e12e8b_5021,11600.402
00e12e8b_5022,11600.465
00e12e8b_5023,11600.422
00e12e8b_5024,11600.446
00e12e8b_5025,11600.436
00e12e8b_5026,11600.444
00e12e8b_5027,11600.419
00e12e8b_5028,11600.399
00e12e8b_5029,11600.392
00e12e8b_5030,11600.417
00e12e8b_5031,11600.396
00e12e8b_5032,11600.38
00e12e8b_5033,11600.352
00e12e8b_5034,11600.329
00e12e8b_5035,11600.269
00e12e8b_5036,11600.385
00e12e8b_5037,11600.268
00e12e8b_5038,11600.24
00e12e8b_5039,11600.256
00e12e8b_5040,11600.265
00e12e8b_5041,11600.239
00e12e8b_5042,11600.189
00e12e8b_5043,11600.207
00e12e8b_5044,11600.154
00e12e8b_5045,11600.134
00e12e8b_5046,11600.129
00e12e8b_5047,11600.091
00e12e8b_5048,11600.077
00e12e8b_5049,11600.051
00e12e8b_5050,11599.901
00e12e8b_5051,11599.811
00e12e8b_5052,11599.821
00e12e8b_5053,11599.788
00e12e8b_5054,11599.729
00e12e8b_5055,11599.721
00e12e8b_5056,11599.725
00e12e8b_5057,11599.669
00e12e8b_5058,11599.678
00e12e8b_5059,11599.578
00e12e8b_5060,11599.6045
00e12e8b_5061,11599.566
00e12e8b_5062,11599.641
00e12e8b_5063,11599.615
00e12e8b_5064,11599.618
00e12e8b_5065,11599.546
00e12e8b_5066,11599.55
00e12e8b_5067,11599.535
00e12e8b_5068,11600.187
00e12e8b_5069,11600.1455
00e12e8b_5070,11600.237
00e12e8b_5071,11600.15
00e12e8b_5072,11600.136
00e12e8b_5073,11600.146
00e12e8b_5074,11600.088
00e12e8b_5075,11600.153
00e12e8b_5076,11600.091
00e12e8b_5077,11600.162
00e12e8b_5078,11600.103
00e12e8b_5079,11600.169
00e12e8b_5080,11600.122
00e12e8b_5081,11600.142
00e12e8b_5082,11600.243
00e12e8b_5083,11600.108
00e12e8b_5084,11600.132
00e12e8b_5085,11600.061
00e12e8b_5086,11600.121
00e12e8b_5087,11600.054
00e12e8b_5088,11600.089
00e12e8b_5089,11600.101
00e12e8b_5090,11600.102
00e12e8b_5091,11600.094
00e12e8b_5092,11600.05
00e12e8b_5093,11600.048
00e12e8b_5094,11600.167
00e12e8b_5095,11600.142
00e12e8b_5096,11600.03
00e12e8b_5097,11600.111
00e12e8b_5098,11600.0
00e12e8b_5099,11600.003
00e12e8b_5100,11599.825
00e12e8b_5101,11599.656
00e12e8b_5102,11599.751
00e12e8b_5103,11599.641
00e12e8b_5104,11599.677
00e12e8b_5105,11599.6875
00e12e8b_5106,11599.686
00e12e8b_5107,11599.557
00e12e8b_5108,11599.52
00e12e8b_5109,11599.588
00e12e8b_5110,11599.599
00e12e8b_5111,11599.555
00e12e8b_5112,11599.583
00e12e8b_5113,11599.506
00e12e8b_5114,11599.579
00e12e8b_5115,11599.517
00e12e8b_5116,11599.452
00e12e8b_5117,11599.546
00e12e8b_5118,11599.449
00e12e8b_5119,11599.531
00e12e8b_5120,11599.305
00e12e8b_5121,11599.486
00e12e8b_5122,11599.41
00e12e8b_5123,11599.378
00e12e8b_5124,11599.333
00e12e8b_5125,11599.37
00e12e8b_5126,11599.421
00e12e8b_5127,11599.395
00e12e8b_5128,11599.371
00e12e8b_5129,11599.316
00e12e8b_5130,11599.369
00e12e8b_5131,11599.442
00e12e8b_5132,11599.265
00e12e8b_5133,11599.3125
00e12e8b_5134,11599.298
00e12e8b_5135,11599.191
00e12e8b_5136,11599.277
00e12e8b_5137,11599.244
00e12e8b_5138,11599.258
00e12e8b_5139,11599.195
00e12e8b_5140,11599.284
00e12e8b_5141,11599.263
00e12e8b_5142,11599.2
00e12e8b_5143,11599.187
00e12e8b_5144,11599.086
00e12e8b_5145,11599.094
00e12e8b_5146,11599.123
00e12e8b_5147,11599.095
00e12e8b_5148,11599.132
00e12e8b_5149,11599.071
00e12e8b_5150,11599.011
00e12e8b_5151,11599.033
00e12e8b_5152,11598.871
00e12e8b_5153,11598.941
00e12e8b_5154,11598.929
00e12e8b_5155,11598.745
00e12e8b_5156,11598.8
00e12e8b_5157,11598.867
00e12e8b_5158,11598.766
00e12e8b_5159,11598.927
00e12e8b_5160,11598.8125
00e12e8b_5161,11598.758
00e12e8b_5162,11598.74
00e12e8b_5163,11598.744
00e12e8b_5164,11598.808
00e12e8b_5165,11598.776
00e12e8b_5166,11598.782
00e12e8b_5167,11598.804
00e12e8b_5168,11598.778
00e12e8b_5169,11598.781
00e12e8b_5170,11598.802
00e12e8b_5171,11598.695
00e12e8b_5172,11598.802
00e12e8b_5173,11598.752
00e12e8b_5174,11599.307
00e12e8b_5175,11599.225
00e12e8b_5176,11599.227
00e12e8b_5177,11599.21
00e12e8b_5178,11599.266
00e12e8b_5179,11599.229
00e12e8b_5180,11599.242
00e12e8b_5181,11599.225
00e12e8b_5182,11599.117
00e12e8b_5183,11599.099
00e12e8b_5184,11599.059
00e12e8b_5185,11599.059
00e12e8b_5186,11599.07
00e12e8b_5187,11598.936
00e12e8b_5188,11598.92
00e12e8b_5189,11598.874
00e12e8b_5190,11598.985
00e12e8b_5191,11598.935
00e12e8b_5192,11598.791
00e12e8b_5193,11598.698
00e12e8b_5194,11598.855
00e12e8b_5195,11598.762
00e12e8b_5196,11598.851
00e12e8b_5197,11598.858
00e12e8b_5198,11598.806
00e12e8b_5199,11598.725
00e12e8b_5200,11598.669
00e12e8b_5201,11598.649
00e12e8b_5202,11598.698
00e12e8b_5203,11598.782
00e12e8b_5204,11598.63
00e12e8b_5205,11598.733
00e12e8b_5206,11598.66
00e12e8b_5207,11598.761
00e12e8b_5208,11598.742
00e12e8b_5209,11598.689
00e12e8b_5210,11598.669
00e12e8b_5211,11598.734
00e12e8b_5212,11598.697
00e12e8b_5213,11598.768
00e12e8b_5214,11598.633
00e12e8b_5215,11598.559
00e12e8b_5216,11598.495
00e12e8b_5217,11598.244
00e12e8b_5218,11598.196
00e12e8b_5219,11598.282
00e12e8b_5220,11598.192
00e12e8b_5221,11598.189
00e12e8b_5222,11598.263
00e12e8b_5223,11598.203
00e12e8b_5224,11598.184
00e12e8b_5225,11598.201
00e12e8b_5226,11598.187
00e12e8b_5227,11598.225
00e12e8b_5228,11598.332
00e12e8b_5229,11598.193
00e12e8b_5230,11598.191
00e12e8b_5231,11598.1875
00e12e8b_5232,11598.316
00e12e8b_5233,11598.261
00e12e8b_5234,11598.362
00e12e8b_5235,11598.243
00e12e8b_5236,11598.147
00e12e8b_5237,11598.306
00e12e8b_5238,11598.16
00e12e8b_5239,11598.3
00e12e8b_5240,11598.216
00e12e8b_5241,11598.199
00e12e8b_5242,11598.211
00e12e8b_5243,11598.22
00e12e8b_5244,11598.159
00e12e8b_5245,11598.228
00e12e8b_5246,11598.019
00e12e8b_5247,11598.008
00e12e8b_5248,11598.057
00e12e8b_5249,11597.981
00e12e8b_5250,11597.995
00e12e8b_5251,11597.959
00e12e8b_5252,11597.927
00e12e8b_5253,11597.91
00e12e8b_5254,11597.857
00e12e8b_5255,11597.754
00e12e8b_5256,11597.685
00e12e8b_5257,11597.754
00e12e8b_5258,11597.688
00e12e8b_5259,11597.786
00e12e8b_5260,11597.3955
00e12e8b_5261,11597.434
00e12e8b_5262,11597.473
00e12e8b_5263,11597.411
00e12e8b_5264,11597.391
00e12e8b_5265,11597.382
00e12e8b_5266,11597.47
00e12e8b_5267,11597.404
00e12e8b_5268,11597.481
00e12e8b_5269,11597.412
00e12e8b_5270,11597.341
00e12e8b_5271,11597.451
00e12e8b_5272,11597.408
00e12e8b_5273,11597.299
00e12e8b_5274,11597.269
00e12e8b_5275,11597.31
00e12e8b_5276,11597.255
00e12e8b_5277,11597.208
00e12e8b_5278,11597.303
00e12e8b_5279,11597.211
00e12e8b_5280,11597.296
00e12e8b_5281,11597.249
00e12e8b_5282,11597.243
00e12e8b_5283,11597.269
00e12e8b_5284,11597.257
00e12e8b_5285,11597.236
00e12e8b_5286,11597.286
00e12e8b_5287,11597.288
00e12e8b_5288,11597.223
00e12e8b_5289,11597.261
00e12e8b_5290,11597.237
00e12e8b_5291,11597.267
00e12e8b_5292,11597.238
00e12e8b_5293,11597.246
00e12e8b_5294,11597.23
00e12e8b_5295,11597.231
00e12e8b_5296,11597.261
00e12e8b_5297,11597.205
00e12e8b_5298,11597.211
00e12e8b_5299,11597.192
00e12e8b_5300,11597.349
00e12e8b_5301,11597.322
00e12e8b_5302,11597.241
00e12e8b_5303,11597.338
00e12e8b_5304,11597.309
00e12e8b_5305,11597.262
00e12e8b_5306,11597.184
00e12e8b_5307,11597.218
00e12e8b_5308,11597.177
00e12e8b_5309,11597.112
00e12e8b_5310,11597.191
00e12e8b_5311,11597.093
00e12e8b_5312,11597.178
00e12e8b_5313,11597.172
00e12e8b_5314,11597.19
00e12e8b_5315,11597.089
00e12e8b_5316,11597.082
00e12e8b_5317,11597.115
00e12e8b_5318,11597.091
00e12e8b_5319,11597.119
00e12e8b_5320,11596.953
00e12e8b_5321,11597.002
00e12e8b_5322,11596.947
00e12e8b_5323,11596.94
00e12e8b_5324,11597.022
00e12e8b_5325,11596.976
00e12e8b_5326,11597.036
00e12e8b_5327,11597.022
00e12e8b_5328,11596.985
00e12e8b_5329,11596.905
00e12e8b_5330,11596.81
00e12e8b_5331,11596.855
00e12e8b_5332,11596.806
00e12e8b_5333,11596.81
00e12e8b_5334,11596.836
00e12e8b_5335,11596.824
00e12e8b_5336,11596.854
00e12e8b_5337,11596.724
00e12e8b_5338,11596.841
00e12e8b_5339,11596.83
00e12e8b_5340,11596.739
00e12e8b_5341,11596.697
00e12e8b_5342,11596.712
00e12e8b_5343,11596.618
00e12e8b_5344,11596.733
00e12e8b_5345,11596.667
00e12e8b_5346,11596.596
00e12e8b_5347,11596.571
00e12e8b_5348,11596.556
00e12e8b_5349,11596.6455
00e12e8b_5350,11596.557
00e12e8b_5351,11596.561
00e12e8b_5352,11596.57
00e12e8b_5353,11596.65
00e12e8b_5354,11596.624
00e12e8b_5355,11596.584
00e12e8b_5356,11596.594
00e12e8b_5357,11596.56
00e12e8b_5358,11596.659
00e12e8b_5359,11596.599
00e12e8b_5360,11596.575
00e12e8b_5361,11596.63
00e12e8b_5362,11596.53
00e12e8b_5363,11596.672
00e12e8b_5364,11596.627
00e12e8b_5365,11596.669
00e12e8b_5366,11596.629
00e12e8b_5367,11596.638
00e12e8b_5368,11596.668
00e12e8b_5369,11596.6875
00e12e8b_5370,11596.671
00e12e8b_5371,11596.665
00e12e8b_5372,11596.68
00e12e8b_5373,11596.684
00e12e8b_5374,11596.64
00e12e8b_5375,11596.679
00e12e8b_5376,11596.675
00e12e8b_5377,11596.68
00e12e8b_5378,11596.652
00e12e8b_5379,11596.58
00e12e8b_5380,11596.7
00e12e8b_5381,11596.603
00e12e8b_5382,11596.539
00e12e8b_5383,11596.615
00e12e8b_5384,11596.537
00e12e8b_5385,11596.529
00e12e8b_5386,11596.597
00e12e8b_5387,11596.678
00e12e8b_5388,11596.469
00e12e8b_5389,11596.475
00e12e8b_5390,11596.496
00e12e8b_5391,11596.423
00e12e8b_5392,11596.5205
00e12e8b_5393,11596.505
00e12e8b_5394,11596.489
00e12e8b_5395,11596.447
00e12e8b_5396,11596.528
00e12e8b_5397,11596.423
00e12e8b_5398,11596.37
00e12e8b_5399,11596.516
00e12e8b_5400,11596.536
00e12e8b_5401,11596.614
00e12e8b_5402,11596.542
00e12e8b_5403,11596.567
00e12e8b_5404,11596.641
00e12e8b_5405,11596.462
00e12e8b_5406,11596.467
00e12e8b_5407,11596.414
00e12e8b_5408,11596.457
00e12e8b_5409,11596.46
00e12e8b_5410,11596.456
00e12e8b_5411,11596.471
00e12e8b_5412,11596.447
00e12e8b_5413,11596.413
00e12e8b_5414,11596.422
00e12e8b_5415,11596.474
00e12e8b_5416,11596.421
00e12e8b_5417,11596.399
00e12e8b_5418,11596.416
00e12e8b_5419,11596.446
00e12e8b_5420,11596.371
00e12e8b_5421,11596.339
00e12e8b_5422,11596.315
00e12e8b_5423,11596.402
00e12e8b_5424,11596.395
00e12e8b_5425,11596.428
00e12e8b_5426,11596.367
00e12e8b_5427,11596.417
00e12e8b_5428,11596.406
00e12e8b_5429,11596.423
00e12e8b_5430,11596.2705
00e12e8b_5431,11596.258
00e12e8b_5432,11596.289
00e12e8b_5433,11596.229
00e12e8b_5434,11596.215
00e12e8b_5435,11596.209
00e12e8b_5436,11596.32
00e12e8b_5437,11596.131
00e12e8b_5438,11596.132
00e12e8b_5439,11596.135
00e12e8b_5440,11596.18
00e12e8b_5441,11596.163
00e12e8b_5442,11596.091
00e12e8b_5443,11596.187
00e12e8b_5444,11596.23
00e12e8b_5445,11596.257
00e12e8b_5446,11596.184
00e12e8b_5447,11596.206
00e12e8b_5448,11596.143
00e12e8b_5449,11596.231
00e12e8b_5450,11596.188
00e12e8b_5451,11596.136
00e12e8b_5452,11596.197
00e12e8b_5453,11596.204
00e12e8b_5454,11596.22
00e12e8b_5455,11596.169
00e12e8b_5456,11596.191
00e12e8b_5457,11596.236
00e12e8b_5458,11596.237
00e12e8b_5459,11596.246
00e12e8b_5460,11596.197
00e12e8b_5461,11596.171
00e12e8b_5462,11596.154
00e12e8b_5463,11596.12
00e12e8b_5464,11596.183
00e12e8b_5465,11596.181
00e12e8b_5466,11596.212
00e12e8b_5467,11596.241
00e12e8b_5468,11596.152
00e12e8b_5469,11596.211
00e12e8b_5470,11596.205
00e12e8b_5471,11596.241
00e12e8b_5472,11596.304
00e12e8b_5473,11596.235
00e12e8b_5474,11596.238
00e12e8b_5475,11596.285
00e12e8b_5476,11596.345
00e12e8b_5477,11596.343
00e12e8b_5478,11596.27
00e12e8b_5479,11596.337
00e12e8b_5480,11596.366
00e12e8b_5481,11596.337
00e12e8b_5482,11596.333
00e12e8b_5483,11596.354
00e12e8b_5484,11596.401
00e12e8b_5485,11596.3955
00e12e8b_5486,11596.409
00e12e8b_5487,11596.414
00e12e8b_5488,11596.386
00e12e8b_5489,11596.389
00e12e8b_5490,11596.346
00e12e8b_5491,11596.391
00e12e8b_5492,11596.314
00e12e8b_5493,11596.325
00e12e8b_5494,11596.307
00e12e8b_5495,11596.359
00e12e8b_5496,11596.345
00e12e8b_5497,11596.259
00e12e8b_5498,11596.233
00e12e8b_5499,11596.229
00e12e8b_5500,11596.231
00e12e8b_5501,11596.287
00e12e8b_5502,11596.114
00e12e8b_5503,11596.242
00e12e8b_5504,11596.193
00e12e8b_5505,11596.204
00e12e8b_5506,11596.232
00e12e8b_5507,11596.11
00e12e8b_5508,11596.174
00e12e8b_5509,11596.206
00e12e8b_5510,11596.263
00e12e8b_5511,11596.244
00e12e8b_5512,11596.261
00e12e8b_5513,11596.316
00e12e8b_5514,11596.242
00e12e8b_5515,11596.098
00e12e8b_5516,11596.148
00e12e8b_5517,11596.217
00e12e8b_5518,11596.148
00e12e8b_5519,11596.137
00e12e8b_5520,11596.183
00e12e8b_5521,11596.249
00e12e8b_5522,11596.163
00e12e8b_5523,11596.151
00e12e8b_5524,11596.143
00e12e8b_5525,11596.2
00e12e8b_5526,11596.216
00e12e8b_5527,11596.225
00e12e8b_5528,11596.198
00e12e8b_5529,11596.23
00e12e8b_5530,11596.177
00e12e8b_5531,11596.148
00e12e8b_5532,11596.163
00e12e8b_5533,11596.104
00e12e8b_5534,11596.16
00e12e8b_5535,11596.03
00e12e8b_5536,11595.958
00e12e8b_5537,11595.958
00e12e8b_5538,11595.982
00e12e8b_5539,11596.052
00e12e8b_5540,11595.902
00e12e8b_5541,11595.829
00e12e8b_5542,11595.881
00e12e8b_5543,11595.761
00e12e8b_5544,11595.85
00e12e8b_5545,11595.885
00e12e8b_5546,11595.849
00e12e8b_5547,11595.713
00e12e8b_5548,11595.775
00e12e8b_5549,11595.846
00e12e8b_5550,11595.729
00e12e8b_5551,11595.7
00e12e8b_5552,11595.82
00e12e8b_5553,11595.71
00e12e8b_5554,11595.742
00e12e8b_5555,11595.641
00e12e8b_5556,11595.722
00e12e8b_5557,11595.712
00e12e8b_5558,11595.625
00e12e8b_5559,11595.605
00e12e8b_5560,11595.513
00e12e8b_5561,11595.652
00e12e8b_5562,11595.591
00e12e8b_5563,11595.656
00e12e8b_5564,11595.559
00e12e8b_5565,11595.573
00e12e8b_5566,11595.532
00e12e8b_5567,11595.561
00e12e8b_5568,11595.552
00e12e8b_5569,11595.457
00e12e8b_5570,11595.498
00e12e8b_5571,11595.428
00e12e8b_5572,11595.524
00e12e8b_5573,11595.369
00e12e8b_5574,11595.307
00e12e8b_5575,11595.417
00e12e8b_5576,11595.356
00e12e8b_5577,11595.478
00e12e8b_5578,11595.446
00e12e8b_5579,11595.41
00e12e8b_5580,11595.432
00e12e8b_5581,11595.354
00e12e8b_5582,11595.405
00e12e8b_5583,11595.425
00e12e8b_5584,11595.458
00e12e8b_5585,11595.395
00e12e8b_5586,11595.39
00e12e8b_5587,11595.298
00e12e8b_5588,11595.389
00e12e8b_5589,11595.362
00e12e8b_5590,11595.39
00e12e8b_5591,11595.358
00e12e8b_5592,11595.399
00e12e8b_5593,11595.298
00e12e8b_5594,11595.425
00e12e8b_5595,11595.258
00e12e8b_5596,11595.302
00e12e8b_5597,11595.193
00e12e8b_5598,11595.241
00e12e8b_5599,11595.192
00e12e8b_5600,11595.07
00e12e8b_5601,11595.148
00e12e8b_5602,11595.031
00e12e8b_5603,11595.114
00e12e8b_5604,11595.03
00e12e8b_5605,11595.075
00e12e8b_5606,11595.08
00e12e8b_5607,11595.054
00e12e8b_5608,11595.074
00e12e8b_5609,11595.07
00e12e8b_5610,11595.077
00e12e8b_5611,11595.03
00e12e8b_5612,11595.022
00e12e8b_5613,11595.129
00e12e8b_5614,11595.116
00e12e8b_5615,11595.074
00e12e8b_5616,11595.061
00e12e8b_5617,11595.031
00e12e8b_5618,11595.098
00e12e8b_5619,11595.099
00e12e8b_5620,11594.964
00e12e8b_5621,11595.114
00e12e8b_5622,11594.972
00e12e8b_5623,11595.093
00e12e8b_5624,11595.075
00e12e8b_5625,11595.081
00e12e8b_5626,11595.092
00e12e8b_5627,11594.93
00e12e8b_5628,11594.922
00e12e8b_5629,11594.966
00e12e8b_5630,11594.947
00e12e8b_5631,11594.936
00e12e8b_5632,11594.944
00e12e8b_5633,11594.951
00e12e8b_5634,11594.955
00e12e8b_5635,11594.945
00e12e8b_5636,11594.994
00e12e8b_5637,11595.019
00e12e8b_5638,11595.098
00e12e8b_5639,11595.058
00e12e8b_5640,11595.051
00e12e8b_5641,11595.093
00e12e8b_5642,11595.171
00e12e8b_5643,11595.18
00e12e8b_5644,11595.08
00e12e8b_5645,11595.193
00e12e8b_5646,11595.113
00e12e8b_5647,11595.155
00e12e8b_5648,11595.218
00e12e8b_5649,11595.19
00e12e8b_5650,11595.163
00e12e8b_5651,11595.147
00e12e8b_5652,11595.141
00e12e8b_5653,11595.104
00e12e8b_5654,11595.114
00e12e8b_5655,11595.148
00e12e8b_5656,11595.115
00e12e8b_5657,11595.135
00e12e8b_5658,11595.119
00e12e8b_5659,11595.175
00e12e8b_5660,11595.149
00e12e8b_5661,11595.12
00e12e8b_5662,11595.175
00e12e8b_5663,11595.103
00e12e8b_5664,11595.165
00e12e8b_5665,11595.19
00e12e8b_5666,11595.193
00e12e8b_5667,11595.139
00e12e8b_5668,11595.188
00e12e8b_5669,11595.197
00e12e8b_5670,11595.113
00e12e8b_5671,11595.107
00e12e8b_5672,11595.157
00e12e8b_5673,11595.115
00e12e8b_5674,11595.158
00e12e8b_5675,11595.166
00e12e8b_5676,11595.121
00e12e8b_5677,11595.071
00e12e8b_5678,11595.096
00e12e8b_5679,11595.113
00e12e8b_5680,11595.014
00e12e8b_5681,11595.051
00e12e8b_5682,11595.025
00e12e8b_5683,11595.104
00e12e8b_5684,11595.119
00e12e8b_5685,11595.154
00e12e8b_5686,11595.067
00e12e8b_5687,11595.032
00e12e8b_5688,11595.016
00e12e8b_5689,11594.97
00e12e8b_5690,11595.059
00e12e8b_5691,11595.061
00e12e8b_5692,11595.001
00e12e8b_5693,11595.1045
00e12e8b_5694,11595.004
00e12e8b_5695,11594.985
00e12e8b_5696,11595.054
00e12e8b_5697,11595.026
00e12e8b_5698,11595.01
00e12e8b_5699,11595.056
00e12e8b_5700,11595.055
00e12e8b_5701,11594.989
00e12e8b_5702,11594.968
00e12e8b_5703,11594.981
00e12e8b_5704,11594.981
00e12e8b_5705,11594.979
00e12e8b_5706,11594.93
00e12e8b_5707,11595.005
00e12e8b_5708,11595.124
00e12e8b_5709,11595.039
00e12e8b_5710,11595.033
00e12e8b_5711,11595.072
00e12e8b_5712,11595.1
00e12e8b_5713,11595.094
00e12e8b_5714,11595.185
00e12e8b_5715,11595.019
00e12e8b_5716,11595.078
00e12e8b_5717,11595.06
00e12e8b_5718,11595.009
00e12e8b_5719,11595.052
00e12e8b_5720,11595.097
00e12e8b_5721,11594.985
00e12e8b_5722,11595.042
00e12e8b_5723,11594.945
00e12e8b_5724,11595.033
00e12e8b_5725,11594.994
00e12e8b_5726,11594.952
00e12e8b_5727,11594.924
00e12e8b_5728,11595.042
00e12e8b_5729,11595.082
00e12e8b_5730,11594.971
00e12e8b_5731,11595.066
00e12e8b_5732,11595.16
00e12e8b_5733,11594.997
00e12e8b_5734,11595.008
00e12e8b_5735,11595.1
00e12e8b_5736,11595.1875
00e12e8b_5737,11595.023
00e12e8b_5738,11594.978
00e12e8b_5739,11595.096
00e12e8b_5740,11595.127
00e12e8b_5741,11595.015
00e12e8b_5742,11595.0
00e12e8b_5743,11595.049
00e12e8b_5744,11594.938
00e12e8b_5745,11594.953
00e12e8b_5746,11594.9375
00e12e8b_5747,11594.997
00e12e8b_5748,11595.073
00e12e8b_5749,11594.987
00e12e8b_5750,11595.028
00e12e8b_5751,11595.11
00e12e8b_5752,11595.026
00e12e8b_5753,11595.039
00e12e8b_5754,11595.006
00e12e8b_5755,11595.058
00e12e8b_5756,11595.049
00e12e8b_5757,11595.111
00e12e8b_5758,11595.125
00e12e8b_5759,11595.108
00e12e8b_5760,11595.105
00e12e8b_5761,11595.005
00e12e8b_5762,11594.975
00e12e8b_5763,11595.079
00e12e8b_5764,11594.959
00e12e8b_5765,11595.008
00e12e8b_5766,11595.014
00e12e8b_5767,11594.96
00e12e8b_5768,11594.978
00e12e8b_5769,11595.034
00e12e8b_5770,11595.069
00e12e8b_5771,11595.082
00e12e8b_5772,11595.043
00e12e8b_5773,11594.925
00e12e8b_5774,11594.955
00e12e8b_5775,11595.029
00e12e8b_5776,11594.961
00e12e8b_5777,11594.938
00e12e8b_5778,11594.928
00e12e8b_5779,11594.887
00e12e8b_5780,11594.935
00e12e8b_5781,11594.876
00e12e8b_5782,11594.994
00e12e8b_5783,11595.058
00e12e8b_5784,11595.06
00e12e8b_5785,11595.005
00e12e8b_5786,11595.057
00e12e8b_5787,11594.948
00e12e8b_5788,11594.985
00e12e8b_5789,11594.957
00e12e8b_5790,11594.871
00e12e8b_5791,11594.964
00e12e8b_5792,11594.888
00e12e8b_5793,11594.928
00e12e8b_5794,11594.955
00e12e8b_5795,11594.942
00e12e8b_5796,11594.857
00e12e8b_5797,11594.916
00e12e8b_5798,11594.979
00e12e8b_5799,11594.936
00e12e8b_5800,11594.944
00e12e8b_5801,11594.974
00e12e8b_5802,11594.942
00e12e8b_5803,11594.943
00e12e8b_5804,11594.854
00e12e8b_5805,11594.914
00e12e8b_5806,11594.919
00e12e8b_5807,11594.861
00e12e8b_5808,11594.939
00e12e8b_5809,11594.909
00e12e8b_5810,11595.032
00e12e8b_5811,11594.956
00e12e8b_5812,11594.971
00e12e8b_5813,11595.014
00e12e8b_5814,11594.971
00e12e8b_5815,11595.025
00e12e8b_5816,11594.884
00e12e8b_5817,11595.023
00e12e8b_5818,11595.016
00e12e8b_5819,11594.951
00e12e8b_5820,11595.072
00e12e8b_5821,11595.179
00e12e8b_5822,11594.981
00e12e8b_5823,11595.006
00e12e8b_5824,11595.087
00e12e8b_5825,11595.164
00e12e8b_5826,11595.129
00e12e8b_5827,11595.097
00e12e8b_5828,11595.239
00e12e8b_5829,11595.209
00e12e8b_5830,11595.157
00e12e8b_5831,11595.318
00e12e8b_5832,11595.211
00e12e8b_5833,11595.348
00e12e8b_5834,11595.351
00e12e8b_5835,11595.3125
00e12e8b_5836,11595.334
00e12e8b_5837,11595.289
00e12e8b_5838,11595.259
00e12e8b_5839,11595.325
00e12e8b_5840,11595.317
00e12e8b_5841,11595.273
00e12e8b_5842,11595.305
00e12e8b_5843,11595.307
00e12e8b_5844,11595.418
00e12e8b_5845,11595.318
00e12e8b_5846,11595.341
00e12e8b_5847,11595.425
00e12e8b_5848,11595.337
00e12e8b_5849,11595.376
00e12e8b_5850,11595.265
00e12e8b_5851,11595.36
00e12e8b_5852,11595.318
00e12e8b_5853,11595.329
00e12e8b_5854,11595.364
00e12e8b_5855,11595.302
00e12e8b_5856,11595.389
00e12e8b_5857,11595.345
00e12e8b_5858,11595.285
00e12e8b_5859,11595.362
00e12e8b_5860,11595.252
00e12e8b_5861,11595.369
00e12e8b_5862,11595.427
00e12e8b_5863,11595.48
00e12e8b_5864,11595.341
00e12e8b_5865,11595.403
00e12e8b_5866,11595.34
00e12e8b_5867,11595.268
00e12e8b_5868,11595.275
00e12e8b_5869,11595.328
00e12e8b_5870,11595.333
00e12e8b_5871,11595.331
00e12e8b_5872,11595.299
00e12e8b_5873,11595.336
00e12e8b_5874,11595.258
00e12e8b_5875,11595.213
00e12e8b_5876,11595.264
00e12e8b_5877,11595.334
00e12e8b_5878,11595.286
00e12e8b_5879,11595.321
00e12e8b_5880,11595.274
00e12e8b_5881,11595.352
00e12e8b_5882,11595.395
00e12e8b_5883,11595.431
00e12e8b_5884,11595.347
00e12e8b_5885,11595.433
00e12e8b_5886,11595.424
00e12e8b_5887,11595.469
00e12e8b_5888,11595.463
00e12e8b_5889,11595.475
00e12e8b_5890,11595.483
00e12e8b_5891,11595.504
00e12e8b_5892,11595.426
00e12e8b_5893,11595.457
00e12e8b_5894,11595.384
00e12e8b_5895,11595.342
00e12e8b_5896,11595.391
00e12e8b_5897,11595.38
00e12e8b_5898,11595.478
00e12e8b_5899,11595.418
00e12e8b_5900,11595.424
00e12e8b_5901,11595.48
00e12e8b_5902,11595.531
00e12e8b_5903,11595.479
00e12e8b_5904,11595.471
00e12e8b_5905,11595.53
00e12e8b_5906,11595.534
00e12e8b_5907,11595.523
00e12e8b_5908,11595.527
00e12e8b_5909,11595.532
00e12e8b_5910,11595.483
00e12e8b_5911,11595.497
00e12e8b_5912,11595.557
00e12e8b_5913,11595.527
00e12e8b_5914,11595.471
00e12e8b_5915,11595.577
00e12e8b_5916,11595.58
00e12e8b_5917,11595.577
00e12e8b_5918,11595.633
00e12e8b_5919,11595.667
00e12e8b_5920,11595.712
00e12e8b_5921,11595.662
00e12e8b_5922,11595.689
00e12e8b_5923,11595.738
00e12e8b_5924,11595.856
00e12e8b_5925,11595.688
00e12e8b_5926,11595.831
00e12e8b_5927,11595.726
00e12e8b_5928,11595.631
00e12e8b_5929,11595.753
00e12e8b_5930,11595.673
00e12e8b_5931,11595.66
00e12e8b_5932,11595.683
00e12e8b_5933,11595.8125
00e12e8b_5934,11595.716
00e12e8b_5935,11595.662
00e12e8b_5936,11595.723
00e12e8b_5937,11595.711
00e12e8b_5938,11595.719
00e12e8b_5939,11595.712
00e12e8b_5940,11595.745
00e12e8b_5941,11595.716
00e12e8b_5942,11595.713
00e12e8b_5943,11595.764
00e12e8b_5944,11595.721
00e12e8b_5945,11595.88
00e12e8b_5946,11595.924
00e12e8b_5947,11595.966
00e12e8b_5948,11595.953
00e12e8b_5949,11596.061
00e12e8b_5950,11595.933
00e12e8b_5951,11595.945
00e12e8b_5952,11595.955
00e12e8b_5953,11596.054
00e12e8b_5954,11595.983
00e12e8b_5955,11595.972
00e12e8b_5956,11596.002
00e12e8b_5957,11596.09
00e12e8b_5958,11596.152
00e12e8b_5959,11596.264
00e12e8b_5960,11596.19
00e12e8b_5961,11596.214
00e12e8b_5962,11596.279
00e12e8b_5963,11596.347
00e12e8b_5964,11596.374
00e12e8b_5965,11596.379
00e12e8b_5966,11596.428
00e12e8b_5967,11596.551
00e12e8b_5968,11596.571
00e12e8b_5969,11596.519
00e12e8b_5970,11596.558
00e12e8b_5971,11596.549
00e12e8b_5972,11596.636
00e12e8b_5973,11596.675
00e12e8b_5974,11596.698
00e12e8b_5975,11596.769
00e12e8b_5976,11596.758
00e12e8b_5977,11596.794
00e12e8b_5978,11596.749
00e12e8b_5979,11596.73
00e12e8b_5980,11596.747
00e12e8b_5981,11596.749
00e12e8b_5982,11596.765
00e12e8b_5983,11596.701
00e12e8b_5984,11596.632
00e12e8b_5985,11596.651
00e12e8b_5986,11596.714
00e12e8b_5987,11596.627
00e12e8b_5988,11596.664
00e12e8b_5989,11596.66
00e12e8b_5990,11596.714
00e12e8b_5991,11596.782
00e12e8b_5992,11596.726
00e12e8b_5993,11596.599
00e12e8b_5994,11596.748
00e12e8b_5995,11596.718
00e12e8b_5996,11596.659
00e12e8b_5997,11596.511
00e12e8b_5998,11596.5205
00e12e8b_5999,11596.567
00e12e8b_6000,11596.648
00e12e8b_6001,11596.55
00e12e8b_6002,11596.402
00e12e8b_6003,11596.282
00e12e8b_6004,11596.389
00e12e8b_6005,11596.44
00e12e8b_6006,11596.424
00e12e8b_6007,11596.422
00e12e8b_6008,11596.322
00e12e8b_6009,11596.307
00e12e8b_6010,11596.315
00e12e8b_6011,11596.287
00e12e8b_6012,11596.286
00e12e8b_6013,11596.262
00e12e8b_6014,11596.324
00e12e8b_6015,11596.27
00e12e8b_6016,11596.242
00e12e8b_6017,11596.28
00e12e8b_6018,11596.217
00e12e8b_6019,11596.201
00e12e8b_6020,11596.2
00e12e8b_6021,11596.241
00e12e8b_6022,11596.291
00e12e8b_6023,11596.299
00e12e8b_6024,11596.375
00e12e8b_6025,11596.394
00e12e8b_6026,11596.279
00e12e8b_6027,11596.373
00e12e8b_6028,11596.406
00e12e8b_6029,11596.339
00e12e8b_6030,11596.352
00e12e8b_6031,11596.353
00e12e8b_6032,11596.278
00e12e8b_6033,11596.301
00e12e8b_6034,11596.278
00e12e8b_6035,11596.25
00e12e8b_6036,11596.27
00e12e8b_6037,11596.259
00e12e8b_6038,11596.224
00e12e8b_6039,11596.239
00e12e8b_6040,11596.192
00e12e8b_6041,11596.188
00e12e8b_6042,11596.127
00e12e8b_6043,11596.109
00e12e8b_6044,11596.039
00e12e8b_6045,11596.08
00e12e8b_6046,11596.134
00e12e8b_6047,11596.262
00e12e8b_6048,11596.211
00e12e8b_6049,11596.218
00e12e8b_6050,11596.134
00e12e8b_6051,11596.141
00e12e8b_6052,11596.153
00e12e8b_6053,11596.191
00e12e8b_6054,11596.182
00e12e8b_6055,11596.128
00e12e8b_6056,11596.146
00e12e8b_6057,11596.113
00e12e8b_6058,11596.138
00e12e8b_6059,11596.141
00e12e8b_6060,11596.202
00e12e8b_6061,11596.218
00e12e8b_6062,11596.197
00e12e8b_6063,11596.168
00e12e8b_6064,11596.127
00e12e8b_6065,11596.259
00e12e8b_6066,11596.246
00e12e8b_6067,11596.27
00e12e8b_6068,11596.267
00e12e8b_6069,11596.201
00e12e8b_6070,11596.215
00e12e8b_6071,11596.262
00e12e8b_6072,11596.229
00e12e8b_6073,11596.272
00e12e8b_6074,11596.262
00e12e8b_6075,11596.203
00e12e8b_6076,11596.226
00e12e8b_6077,11596.238
00e12e8b_6078,11596.248
00e12e8b_6079,11596.231
00e12e8b_6080,11596.228
00e12e8b_6081,11596.172
00e12e8b_6082,11596.121
00e12e8b_6083,11596.161
00e12e8b_6084,11596.103
00e12e8b_6085,11596.047
00e12e8b_6086,11596.048
00e12e8b_6087,11596.154
00e12e8b_6088,11596.104
00e12e8b_6089,11596.06
00e12e8b_6090,11596.021
00e12e8b_6091,11596.083
00e12e8b_6092,11596.011
00e12e8b_6093,11596.037
00e12e8b_6094,11596.042
00e12e8b_6095,11596.018
00e12e8b_6096,11596.043
00e12e8b_6097,11596.071
00e12e8b_6098,11596.051
00e12e8b_6099,11596.026
00e12e8b_6100,11596.033
00e12e8b_6101,11595.963
00e12e8b_6102,11595.963
00e12e8b_6103,11595.878
00e12e8b_6104,11595.906
00e12e8b_6105,11595.929
00e12e8b_6106,11595.993
00e12e8b_6107,11595.988
00e12e8b_6108,11595.917
00e12e8b_6109,11595.936
00e12e8b_6110,11595.958
00e12e8b_6111,11595.887
00e12e8b_6112,11595.765
00e12e8b_6113,11595.84
00e12e8b_6114,11595.838
00e12e8b_6115,11595.862
00e12e8b_6116,11595.836
00e12e8b_6117,11595.88
00e12e8b_6118,11595.784
00e12e8b_6119,11595.814
00e12e8b_6120,11595.775
00e12e8b_6121,11595.885
00e12e8b_6122,11595.594
00e12e8b_6123,11595.784
00e12e8b_6124,11595.575
00e12e8b_6125,11595.505
00e12e8b_6126,11595.515
00e12e8b_6127,11595.459
00e12e8b_6128,11595.457
00e12e8b_6129,11595.387
00e12e8b_6130,11595.353
00e12e8b_6131,11595.454
00e12e8b_6132,11595.438
00e12e8b_6133,11595.483
00e12e8b_6134,11595.455
00e12e8b_6135,11595.383
00e12e8b_6136,11595.431
00e12e8b_6137,11595.42
00e12e8b_6138,11595.336
00e12e8b_6139,11595.393
00e12e8b_6140,11595.298
00e12e8b_6141,11595.245
00e12e8b_6142,11595.343
00e12e8b_6143,11595.326
00e12e8b_6144,11595.438
00e12e8b_6145,11595.531
00e12e8b_6146,11595.642
00e12e8b_6147,11595.516
00e12e8b_6148,11595.579
00e12e8b_6149,11595.596
00e12e8b_6150,11595.66
00e12e8b_6151,11595.649
00e12e8b_6152,11595.66
00e12e8b_6153,11595.659
00e12e8b_6154,11595.742
00e12e8b_6155,11595.863
00e12e8b_6156,11595.748
00e12e8b_6157,11596.695
00e12e8b_6158,11596.645
00e12e8b_6159,11596.836
00e12e8b_6160,11596.825
00e12e8b_6161,11596.7705
00e12e8b_6162,11596.805
00e12e8b_6163,11596.851
00e12e8b_6164,11596.783
00e12e8b_6165,11596.822
00e12e8b_6166,11596.892
00e12e8b_6167,11596.82
00e12e8b_6168,11596.796
00e12e8b_6169,11596.835
00e12e8b_6170,11596.892
00e12e8b_6171,11596.715
00e12e8b_6172,11596.722
00e12e8b_6173,11596.833
00e12e8b_6174,11596.747
00e12e8b_6175,11596.718
00e12e8b_6176,11596.75
00e12e8b_6177,11596.679
00e12e8b_6178,11596.678
00e12e8b_6179,11596.618
00e12e8b_6180,11596.591
00e12e8b_6181,11596.649
00e12e8b_6182,11596.576
00e12e8b_6183,11596.58
00e12e8b_6184,11596.511
00e12e8b_6185,11596.637
00e12e8b_6186,11596.569
00e12e8b_6187,11596.609
00e12e8b_6188,11596.506
00e12e8b_6189,11596.545
00e12e8b_6190,11596.522
00e12e8b_6191,11596.486
00e12e8b_6192,11596.587
00e12e8b_6193,11596.423
00e12e8b_6194,11596.446
00e12e8b_6195,11596.419
00e12e8b_6196,11596.355
00e12e8b_6197,11596.346
00e12e8b_6198,11596.351
00e12e8b_6199,11596.399
00e12e8b_6200,11596.455
00e12e8b_6201,11596.341
00e12e8b_6202,11596.418
00e12e8b_6203,11596.372
00e12e8b_6204,11596.6045
00e12e8b_6205,11596.745
00e12e8b_6206,11596.833
00e12e8b_6207,11596.753
00e12e8b_6208,11596.808
00e12e8b_6209,11596.791
00e12e8b_6210,11596.941
00e12e8b_6211,11597.029
00e12e8b_6212,11597.3545
00e12e8b_6213,11597.543
00e12e8b_6214,11598.155
00e12e8b_6215,11598.358
00e12e8b_6216,11598.269
00e12e8b_6217,11598.224
00e12e8b_6218,11598.208
00e12e8b_6219,11598.76
00e12e8b_6220,11599.038
00e12e8b_6221,11599.55
00e12e8b_6222,11599.542
00e12e8b_6223,11599.62
00e12e8b_6224,11599.456
00e12e8b_6225,11599.536
00e12e8b_6226,11599.618
00e12e8b_6227,11599.581
00e12e8b_6228,11599.597
00e12e8b_6229,11599.563
00e12e8b_6230,11599.694
00e12e8b_6231,11599.736
00e12e8b_6232,11599.717
00e12e8b_6233,11599.661
00e12e8b_6234,11600.5205
00e12e8b_6235,11600.411
00e12e8b_6236,11600.447
00e12e8b_6237,11600.465
00e12e8b_6238,11600.456
00e12e8b_6239,11600.413
00e12e8b_6240,11600.4
00e12e8b_6241,11600.474
00e12e8b_6242,11600.379
00e12e8b_6243,11600.403
00e12e8b_6244,11600.534
00e12e8b_6245,11600.347
00e12e8b_6246,11600.367
00e12e8b_6247,11600.454
00e12e8b_6248,11600.339
00e12e8b_6249,11600.466
00e12e8b_6250,11600.398
00e12e8b_6251,11600.39
00e12e8b_6252,11600.428
00e12e8b_6253,11600.309
00e12e8b_6254,11600.423
00e12e8b_6255,11600.414
00e12e8b_6256,11600.472
00e12e8b_6257,11600.333
00e12e8b_6258,11600.432
00e12e8b_6259,11600.354
00e12e8b_6260,11600.353
00e12e8b_6261,11600.295
00e12e8b_6262,11600.261
00e12e8b_6263,11600.251
00e12e8b_6264,11600.342
00e12e8b_6265,11600.378
00e12e8b_6266,11600.347
00e12e8b_6267,11600.42
00e12e8b_6268,11600.335
00e12e8b_6269,11600.236
00e12e8b_6270,11600.3125
00e12e8b_6271,11600.33
00e12e8b_6272,11600.321
00e12e8b_6273,11600.38
00e12e8b_6274,11600.116
00e12e8b_6275,11600.229
00e12e8b_6276,11600.242
00e12e8b_6277,11600.229
00e12e8b_6278,11600.12
00e12e8b_6279,11600.198
00e12e8b_6280,11600.154
00e12e8b_6281,11600.212
00e12e8b_6282,11600.081
00e12e8b_6283,11600.089
00e12e8b_6284,11600.076
00e12e8b_6285,11600.095
00e12e8b_6286,11600.115
00e12e8b_6287,11600.184
00e12e8b_6288,11600.161
00e12e8b_6289,11600.248
00e12e8b_6290,11600.236
00e12e8b_6291,11600.223
00e12e8b_6292,11600.1875
00e12e8b_6293,11600.141
00e12e8b_6294,11599.992
00e12e8b_6295,11600.063
00e12e8b_6296,11600.037
00e12e8b_6297,11600.012
00e12e8b_6298,11599.999
00e12e8b_6299,11599.627
00e12e8b_6300,11599.6455
00e12e8b_6301,11599.679
00e12e8b_6302,11599.878
00e12e8b_6303,11599.964
00e12e8b_6304,11599.777
00e12e8b_6305,11599.9
00e12e8b_6306,11599.881
00e12e8b_6307,11599.894
00e12e8b_6308,11600.03
00e12e8b_6309,11600.02
00e12e8b_6310,11600.061
00e12e8b_6311,11600.724
00e12e8b_6312,11600.7295
00e12e8b_6313,11600.595
00e12e8b_6314,11600.606
00e12e8b_6315,11600.537
00e12e8b_6316,11600.369
00e12e8b_6317,11600.285
00e12e8b_6318,11600.483
00e12e8b_6319,11600.461
00e12e8b_6320,11600.534
00e12e8b_6321,11600.377
00e12e8b_6322,11600.367
00e12e8b_6323,11600.546
00e12e8b_6324,11600.385
00e12e8b_6325,11600.661
00e12e8b_6326,11600.599
00e12e8b_6327,11600.571
00e12e8b_6328,11600.595
00e12e8b_6329,11600.584
00e12e8b_6330,11600.572
00e12e8b_6331,11600.527
00e12e8b_6332,11600.608
00e12e8b_6333,11600.598
00e12e8b_6334,11600.605
00e12e8b_6335,11600.653
00e12e8b_6336,11600.685
00e12e8b_6337,11600.748
00e12e8b_6338,11600.795
00e12e8b_6339,11600.808
00e12e8b_6340,11600.735
00e12e8b_6341,11600.649
00e12e8b_6342,11600.477
00e12e8b_6343,11600.362
00e12e8b_6344,11600.457
00e12e8b_6345,11600.349
00e12e8b_6346,11600.314
00e12e8b_6347,11600.23
00e12e8b_6348,11600.121
00e12e8b_6349,11599.935
00e12e8b_6350,11599.873
00e12e8b_6351,11599.931
00e12e8b_6352,11599.898
00e12e8b_6353,11599.879
00e12e8b_6354,11599.852
00e12e8b_6355,11599.838
00e12e8b_6356,11599.782
00e12e8b_6357,11599.729
00e12e8b_6358,11599.709
00e12e8b_6359,11599.61
00e12e8b_6360,11599.652
00e12e8b_6361,11599.686
00e12e8b_6362,11599.59
00e12e8b_6363,11599.691
00e12e8b_6364,11599.198
00e12e8b_6365,11599.119
00e12e8b_6366,11599.049
00e12e8b_6367,11599.09
00e12e8b_6368,11599.104
00e12e8b_6369,11599.091
00e12e8b_6370,11599.055
00e12e8b_6371,11598.908
00e12e8b_6372,11598.961
00e12e8b_6373,11598.936
00e12e8b_6374,11599.004
00e12e8b_6375,11598.98
00e12e8b_6376,11599.035
00e12e8b_6377,11598.939
00e12e8b_6378,11598.915
00e12e8b_6379,11598.852
00e12e8b_6380,11598.979
00e12e8b_6381,11598.913
00e12e8b_6382,11598.867
00e12e8b_6383,11598.901
