id,tvt
000d7d20_1442,11748.423
000d7d20_1443,11748.406
000d7d20_1444,11748.608
000d7d20_1445,11748.66
000d7d20_1446,11748.72
000d7d20_1447,11748.746
000d7d20_1448,11748.757
000d7d20_1449,11748.735
000d7d20_1450,11748.74
000d7d20_1451,11748.778
000d7d20_1452,11748.929
000d7d20_1453,11748.874
000d7d20_1454,11748.826
000d7d20_1455,11748.877
000d7d20_1456,11748.83
000d7d20_1457,11748.841
000d7d20_1458,11748.929
000d7d20_1459,11748.871
000d7d20_1460,11748.904
000d7d20_1461,11748.881
000d7d20_1462,11748.908
000d7d20_1463,11748.897
000d7d20_1464,11748.89
000d7d20_1465,11749.137
000d7d20_1466,11749.189
000d7d20_1467,11749.2295
000d7d20_1468,11749.327
000d7d20_1469,11749.397
000d7d20_1470,11749.387
000d7d20_1471,11749.469
000d7d20_1472,11749.443
000d7d20_1473,11749.499
000d7d20_1474,11749.795
000d7d20_1475,11749.82
000d7d20_1476,11749.781
000d7d20_1477,11749.763
000d7d20_1478,11749.743
000d7d20_1479,11749.729
000d7d20_1480,11749.7295
000d7d20_1481,11749.697
000d7d20_1482,11749.738
000d7d20_1483,11749.797
000d7d20_1484,11749.71
000d7d20_1485,11749.755
000d7d20_1486,11749.768
000d7d20_1487,11749.705
000d7d20_1488,11749.748
000d7d20_1489,11749.781
000d7d20_1490,11749.581
000d7d20_1491,11749.655
000d7d20_1492,11749.543
000d7d20_1493,11749.607
000d7d20_1494,11749.524
000d7d20_1495,11749.591
000d7d20_1496,11749.598
000d7d20_1497,11749.502
000d7d20_1498,11749.576
000d7d20_1499,11749.501
000d7d20_1500,11749.515
000d7d20_1501,11749.467
000d7d20_1502,11749.595
000d7d20_1503,11749.573
000d7d20_1504,11749.617
000d7d20_1505,11749.638
000d7d20_1506,11749.628
000d7d20_1507,11749.567
000d7d20_1508,11749.532
000d7d20_1509,11749.427
000d7d20_1510,11749.399
000d7d20_1511,11749.23
000d7d20_1512,11749.336
000d7d20_1513,11749.237
000d7d20_1514,11749.406
000d7d20_1515,11749.485
000d7d20_1516,11749.471
000d7d20_1517,11749.582
000d7d20_1518,11749.596
000d7d20_1519,11749.628
000d7d20_1520,11749.616
000d7d20_1521,11749.587
000d7d20_1522,11749.509
000d7d20_1523,11749.933
000d7d20_1524,11750.0625
000d7d20_1525,11750.093
000d7d20_1526,11750.194
000d7d20_1527,11750.359
000d7d20_1528,11750.46
000d7d20_1529,11750.46
000d7d20_1530,11750.682
000d7d20_1531,11750.611
000d7d20_1532,11750.602
000d7d20_1533,11750.617
000d7d20_1534,11750.469
000d7d20_1535,11750.467
000d7d20_1536,11750.45
000d7d20_1537,11750.475
000d7d20_1538,11750.483
000d7d20_1539,11750.427
000d7d20_1540,11750.329
000d7d20_1541,11750.176
000d7d20_1542,11750.117
000d7d20_1543,11750.246
000d7d20_1544,11750.243
000d7d20_1545,11750.333
000d7d20_1546,11750.277
000d7d20_1547,11750.236
000d7d20_1548,11750.218
000d7d20_1549,11750.304
000d7d20_1550,11750.176
000d7d20_1551,11750.229
000d7d20_1552,11750.2295
000d7d20_1553,11750.358
000d7d20_1554,11750.294
000d7d20_1555,11750.27
000d7d20_1556,11750.37
000d7d20_1557,11750.302
000d7d20_1558,11750.111
000d7d20_1559,11750.079
000d7d20_1560,11750.09
000d7d20_1561,11750.025
000d7d20_1562,11750.023
000d7d20_1563,11749.935
000d7d20_1564,11750.255
000d7d20_1565,11750.565
000d7d20_1566,11750.489
000d7d20_1567,11750.6455
000d7d20_1568,11751.034
000d7d20_1569,11751.03
000d7d20_1570,11751.316
000d7d20_1571,11750.648
000d7d20_1572,11751.198
000d7d20_1573,11751.113
000d7d20_1574,11751.132
000d7d20_1575,11751.046
000d7d20_1576,11750.89
000d7d20_1577,11750.821
000d7d20_1578,11751.107
000d7d20_1579,11751.039
000d7d20_1580,11751.128
000d7d20_1581,11751.063
000d7d20_1582,11751.094
000d7d20_1583,11750.757
000d7d20_1584,11750.706
000d7d20_1585,11750.695
000d7d20_1586,11750.642
000d7d20_1587,11750.59
000d7d20_1588,11750.567
000d7d20_1589,11750.682
000d7d20_1590,11750.675
000d7d20_1591,11750.662
000d7d20_1592,11750.673
000d7d20_1593,11750.592
000d7d20_1594,11750.6455
000d7d20_1595,11750.589
000d7d20_1596,11750.563
000d7d20_1597,11750.648
000d7d20_1598,11750.678
000d7d20_1599,11750.613
000d7d20_1600,11750.631
000d7d20_1601,11750.527
000d7d20_1602,11750.458
000d7d20_1603,11750.437
000d7d20_1604,11750.447
000d7d20_1605,11750.289
000d7d20_1606,11750.324
000d7d20_1607,11750.302
000d7d20_1608,11750.24
000d7d20_1609,11750.278
000d7d20_1610,11750.188
000d7d20_1611,11751.078
000d7d20_1612,11751.082
000d7d20_1613,11751.039
000d7d20_1614,11751.183
000d7d20_1615,11751.171
000d7d20_1616,11751.144
000d7d20_1617,11751.174
000d7d20_1618,11751.109
000d7d20_1619,11751.203
000d7d20_1620,11751.1875
000d7d20_1621,11751.059
000d7d20_1622,11751.072
000d7d20_1623,11751.082
000d7d20_1624,11751.008
000d7d20_1625,11751.084
000d7d20_1626,11750.933
000d7d20_1627,11750.981
000d7d20_1628,11750.965
000d7d20_1629,11750.904
000d7d20_1630,11750.884
000d7d20_1631,11750.817
000d7d20_1632,11750.885
000d7d20_1633,11750.825
000d7d20_1634,11750.796
000d7d20_1635,11750.792
000d7d20_1636,11750.639
000d7d20_1637,11750.659
000d7d20_1638,11750.531
000d7d20_1639,11750.493
000d7d20_1640,11750.548
000d7d20_1641,11750.492
000d7d20_1642,11750.591
000d7d20_1643,11750.53
000d7d20_1644,11750.578
000d7d20_1645,11750.569
000d7d20_1646,11750.476
000d7d20_1647,11750.552
000d7d20_1648,11750.505
000d7d20_1649,11750.555
000d7d20_1650,11750.495
000d7d20_1651,11750.55
000d7d20_1652,11750.446
000d7d20_1653,11750.451
000d7d20_1654,11750.336
000d7d20_1655,11750.241
000d7d20_1656,11750.284
000d7d20_1657,11750.198
000d7d20_1658,11750.16
000d7d20_1659,11750.049
000d7d20_1660,11750.103
000d7d20_1661,11750.059
000d7d20_1662,11750.075
000d7d20_1663,11750.086
000d7d20_1664,11750.029
000d7d20_1665,11750.072
000d7d20_1666,11749.996
000d7d20_1667,11749.518
000d7d20_1668,11749.465
000d7d20_1669,11749.527
000d7d20_1670,11749.42
000d7d20_1671,11749.534
000d7d20_1672,11749.447
000d7d20_1673,11749.449
000d7d20_1674,11749.368
000d7d20_1675,11749.394
000d7d20_1676,11749.4375
000d7d20_1677,11749.503
000d7d20_1678,11749.426
000d7d20_1679,11749.469
000d7d20_1680,11749.364
000d7d20_1681,11749.436
000d7d20_1682,11749.374
000d7d20_1683,11749.427
000d7d20_1684,11749.411
000d7d20_1685,11749.46
000d7d20_1686,11749.405
000d7d20_1687,11749.441
000d7d20_1688,11749.356
000d7d20_1689,11750.243
000d7d20_1690,11750.172
000d7d20_1691,11750.143
000d7d20_1692,11750.008
000d7d20_1693,11750.043
000d7d20_1694,11749.966
000d7d20_1695,11749.977
000d7d20_1696,11750.013
000d7d20_1697,11749.944
000d7d20_1698,11750.012
000d7d20_1699,11749.997
000d7d20_1700,11750.023
000d7d20_1701,11749.968
000d7d20_1702,11749.93
000d7d20_1703,11749.911
000d7d20_1704,11749.939
000d7d20_1705,11749.892
000d7d20_1706,11749.939
000d7d20_1707,11749.861
000d7d20_1708,11749.866
000d7d20_1709,11749.829
000d7d20_1710,11749.808
000d7d20_1711,11749.804
000d7d20_1712,11749.703
000d7d20_1713,11749.7295
000d7d20_1714,11749.535
000d7d20_1715,11749.52
000d7d20_1716,11749.577
000d7d20_1717,11749.556
000d7d20_1718,11749.509
000d7d20_1719,11749.502
000d7d20_1720,11749.487
000d7d20_1721,11749.463
000d7d20_1722,11749.465
000d7d20_1723,11749.458
000d7d20_1724,11749.506
000d7d20_1725,11749.415
000d7d20_1726,11749.399
000d7d20_1727,11749.377
000d7d20_1728,11749.354
000d7d20_1729,11749.275
000d7d20_1730,11749.264
000d7d20_1731,11749.284
000d7d20_1732,11749.213
000d7d20_1733,11749.291
000d7d20_1734,11749.139
000d7d20_1735,11749.181
000d7d20_1736,11749.238
000d7d20_1737,11749.256
000d7d20_1738,11749.175
000d7d20_1739,11749.19
000d7d20_1740,11749.227
000d7d20_1741,11749.1875
000d7d20_1742,11749.194
000d7d20_1743,11749.274
000d7d20_1744,11749.218
000d7d20_1745,11749.12
000d7d20_1746,11749.124
000d7d20_1747,11749.121
000d7d20_1748,11749.144
000d7d20_1749,11749.138
000d7d20_1750,11749.105
000d7d20_1751,11749.155
000d7d20_1752,11749.126
000d7d20_1753,11749.122
000d7d20_1754,11749.119
000d7d20_1755,11749.107
000d7d20_1756,11749.104
000d7d20_1757,11749.1045
000d7d20_1758,11749.089
000d7d20_1759,11749.076
000d7d20_1760,11749.08
000d7d20_1761,11749.056
000d7d20_1762,11749.0625
000d7d20_1763,11748.997
000d7d20_1764,11749.056
000d7d20_1765,11749.041
000d7d20_1766,11749.054
000d7d20_1767,11749.015
000d7d20_1768,11748.975
000d7d20_1769,11749.002
000d7d20_1770,11749.021
000d7d20_1771,11748.973
000d7d20_1772,11748.997
000d7d20_1773,11749.036
000d7d20_1774,11748.971
000d7d20_1775,11749.03
000d7d20_1776,11749.848
000d7d20_1777,11749.325
000d7d20_1778,11749.281
000d7d20_1779,11749.324
000d7d20_1780,11749.245
000d7d20_1781,11749.255
000d7d20_1782,11749.262
000d7d20_1783,11749.132
000d7d20_1784,11749.175
000d7d20_1785,11749.118
000d7d20_1786,11749.194
000d7d20_1787,11749.157
000d7d20_1788,11749.147
000d7d20_1789,11749.16
000d7d20_1790,11749.1875
000d7d20_1791,11749.158
000d7d20_1792,11749.226
000d7d20_1793,11749.223
000d7d20_1794,11749.098
000d7d20_1795,11749.119
000d7d20_1796,11749.094
000d7d20_1797,11749.126
000d7d20_1798,11749.074
000d7d20_1799,11749.052
000d7d20_1800,11749.025
000d7d20_1801,11748.972
000d7d20_1802,11748.866
000d7d20_1803,11748.706
000d7d20_1804,11748.742
000d7d20_1805,11748.73
000d7d20_1806,11748.695
000d7d20_1807,11748.718
000d7d20_1808,11748.732
000d7d20_1809,11748.713
000d7d20_1810,11748.709
000d7d20_1811,11748.712
000d7d20_1812,11748.705
000d7d20_1813,11748.665
000d7d20_1814,11748.655
000d7d20_1815,11748.655
000d7d20_1816,11748.557
000d7d20_1817,11748.584
000d7d20_1818,11748.603
000d7d20_1819,11748.603
000d7d20_1820,11748.582
000d7d20_1821,11748.593
000d7d20_1822,11748.589
000d7d20_1823,11748.545
000d7d20_1824,11748.581
000d7d20_1825,11748.635
000d7d20_1826,11748.771
000d7d20_1827,11748.654
000d7d20_1828,11748.561
000d7d20_1829,11748.678
000d7d20_1830,11748.592
000d7d20_1831,11748.673
000d7d20_1832,11748.691
000d7d20_1833,11748.705
000d7d20_1834,11748.673
000d7d20_1835,11748.735
000d7d20_1836,11748.807
000d7d20_1837,11748.593
000d7d20_1838,11748.628
000d7d20_1839,11748.688
000d7d20_1840,11748.661
000d7d20_1841,11748.657
000d7d20_1842,11748.718
000d7d20_1843,11748.615
000d7d20_1844,11748.649
000d7d20_1845,11748.553
000d7d20_1846,11748.588
000d7d20_1847,11748.63
000d7d20_1848,11748.659
000d7d20_1849,11748.582
000d7d20_1850,11748.502
000d7d20_1851,11748.444
000d7d20_1852,11748.447
000d7d20_1853,11748.525
000d7d20_1854,11748.518
000d7d20_1855,11748.438
000d7d20_1856,11748.49
000d7d20_1857,11748.49
000d7d20_1858,11748.468
000d7d20_1859,11749.444
000d7d20_1860,11749.359
000d7d20_1861,11749.342
000d7d20_1862,11749.39
000d7d20_1863,11749.34
000d7d20_1864,11749.3125
000d7d20_1865,11749.253
000d7d20_1866,11749.322
000d7d20_1867,11749.303
000d7d20_1868,11749.262
000d7d20_1869,11749.27
000d7d20_1870,11749.282
000d7d20_1871,11749.236
000d7d20_1872,11749.269
000d7d20_1873,11749.266
000d7d20_1874,11749.202
000d7d20_1875,11749.2295
000d7d20_1876,11749.223
000d7d20_1877,11749.144
000d7d20_1878,11749.072
000d7d20_1879,11749.111
000d7d20_1880,11749.061
000d7d20_1881,11749.093
000d7d20_1882,11749.045
000d7d20_1883,11749.091
000d7d20_1884,11749.018
000d7d20_1885,11749.112
000d7d20_1886,11749.087
000d7d20_1887,11749.087
000d7d20_1888,11749.072
000d7d20_1889,11749.068
000d7d20_1890,11749.021
000d7d20_1891,11749.101
000d7d20_1892,11749.064
000d7d20_1893,11749.011
000d7d20_1894,11749.151
000d7d20_1895,11749.105
000d7d20_1896,11749.11
000d7d20_1897,11749.089
000d7d20_1898,11749.102
000d7d20_1899,11749.036
000d7d20_1900,11749.041
000d7d20_1901,11748.992
000d7d20_1902,11748.947
000d7d20_1903,11749.0205
000d7d20_1904,11748.832
000d7d20_1905,11748.882
000d7d20_1906,11748.893
000d7d20_1907,11748.923
000d7d20_1908,11748.882
000d7d20_1909,11748.898
000d7d20_1910,11748.811
000d7d20_1911,11748.868
000d7d20_1912,11748.873
000d7d20_1913,11748.918
000d7d20_1914,11749.074
000d7d20_1915,11749.019
000d7d20_1916,11749.117
000d7d20_1917,11749.09
000d7d20_1918,11749.16
000d7d20_1919,11749.11
000d7d20_1920,11749.186
000d7d20_1921,11748.76
000d7d20_1922,11748.803
000d7d20_1923,11748.637
000d7d20_1924,11748.68
000d7d20_1925,11748.617
000d7d20_1926,11748.582
000d7d20_1927,11748.626
000d7d20_1928,11748.58
000d7d20_1929,11748.572
000d7d20_1930,11748.541
000d7d20_1931,11748.537
000d7d20_1932,11748.544
000d7d20_1933,11748.632
000d7d20_1934,11748.769
000d7d20_1935,11749.04
000d7d20_1936,11748.927
000d7d20_1937,11749.74
000d7d20_1938,11749.812
000d7d20_1939,11749.714
000d7d20_1940,11750.952
000d7d20_1941,11750.941
000d7d20_1942,11750.924
000d7d20_1943,11751.039
000d7d20_1944,11751.278
000d7d20_1945,11751.323
000d7d20_1946,11751.321
000d7d20_1947,11751.391
000d7d20_1948,11751.436
000d7d20_1949,11751.688
000d7d20_1950,11751.7
000d7d20_1951,11751.722
000d7d20_1952,11751.748
000d7d20_1953,11751.8125
000d7d20_1954,11751.858
000d7d20_1955,11751.779
000d7d20_1956,11751.779
000d7d20_1957,11751.735
000d7d20_1958,11751.633
000d7d20_1959,11751.627
000d7d20_1960,11751.68
000d7d20_1961,11751.492
000d7d20_1962,11751.276
000d7d20_1963,11750.598
000d7d20_1964,11750.342
000d7d20_1965,11750.396
000d7d20_1966,11750.346
000d7d20_1967,11750.394
000d7d20_1968,11750.451
000d7d20_1969,11750.417
000d7d20_1970,11750.423
000d7d20_1971,11750.437
000d7d20_1972,11750.417
000d7d20_1973,11750.406
000d7d20_1974,11750.379
000d7d20_1975,11750.436
000d7d20_1976,11750.431
000d7d20_1977,11750.436
000d7d20_1978,11750.41
000d7d20_1979,11750.434
000d7d20_1980,11750.475
000d7d20_1981,11750.457
000d7d20_1982,11750.46
000d7d20_1983,11750.458
000d7d20_1984,11750.429
000d7d20_1985,11750.451
000d7d20_1986,11750.359
000d7d20_1987,11750.354
000d7d20_1988,11750.256
000d7d20_1989,11750.236
000d7d20_1990,11750.235
000d7d20_1991,11750.241
000d7d20_1992,11750.231
000d7d20_1993,11750.195
000d7d20_1994,11750.196
000d7d20_1995,11750.182
000d7d20_1996,11750.216
000d7d20_1997,11750.192
000d7d20_1998,11750.239
000d7d20_1999,11750.192
000d7d20_2000,11750.195
000d7d20_2001,11750.097
000d7d20_2002,11750.189
000d7d20_2003,11750.168
000d7d20_2004,11750.181
000d7d20_2005,11750.214
000d7d20_2006,11750.14
000d7d20_2007,11750.164
000d7d20_2008,11750.19
000d7d20_2009,11750.447
000d7d20_2010,11750.535
000d7d20_2011,11750.545
000d7d20_2012,11751.357
000d7d20_2013,11751.385
000d7d20_2014,11751.211
000d7d20_2015,11751.19
000d7d20_2016,11751.221
000d7d20_2017,11751.47
000d7d20_2018,11752.022
000d7d20_2019,11752.524
000d7d20_2020,11753.167
000d7d20_2021,11753.237
000d7d20_2022,11753.231
000d7d20_2023,11753.233
000d7d20_2024,11753.302
000d7d20_2025,11753.276
000d7d20_2026,11753.262
000d7d20_2027,11753.224
000d7d20_2028,11753.343
000d7d20_2029,11753.446
000d7d20_2030,11753.6
000d7d20_2031,11753.606
000d7d20_2032,11753.579
000d7d20_2033,11753.577
000d7d20_2034,11753.67
000d7d20_2035,11753.694
000d7d20_2036,11753.716
000d7d20_2037,11753.694
000d7d20_2038,11753.7295
000d7d20_2039,11753.67
000d7d20_2040,11753.748
000d7d20_2041,11753.576
000d7d20_2042,11753.567
000d7d20_2043,11753.509
000d7d20_2044,11753.585
000d7d20_2045,11753.624
000d7d20_2046,11753.419
000d7d20_2047,11753.472
000d7d20_2048,11753.436
000d7d20_2049,11753.342
000d7d20_2050,11753.363
000d7d20_2051,11753.337
000d7d20_2052,11752.794
000d7d20_2053,11752.673
000d7d20_2054,11752.689
000d7d20_2055,11752.786
000d7d20_2056,11752.7295
000d7d20_2057,11752.772
000d7d20_2058,11752.714
000d7d20_2059,11752.754
000d7d20_2060,11752.022
000d7d20_2061,11751.953
000d7d20_2062,11751.961
000d7d20_2063,11751.947
000d7d20_2064,11751.853
000d7d20_2065,11751.886
000d7d20_2066,11751.919
000d7d20_2067,11751.938
000d7d20_2068,11751.949
000d7d20_2069,11751.954
000d7d20_2070,11751.987
000d7d20_2071,11751.928
000d7d20_2072,11752.049
000d7d20_2073,11752.064
000d7d20_2074,11751.989
000d7d20_2075,11752.026
000d7d20_2076,11751.962
000d7d20_2077,11751.965
000d7d20_2078,11751.922
000d7d20_2079,11751.931
000d7d20_2080,11751.995
000d7d20_2081,11752.01
000d7d20_2082,11752.008
000d7d20_2083,11751.965
000d7d20_2084,11752.084
000d7d20_2085,11752.035
000d7d20_2086,11752.044
000d7d20_2087,11752.01
000d7d20_2088,11751.986
000d7d20_2089,11751.99
000d7d20_2090,11751.998
000d7d20_2091,11752.008
000d7d20_2092,11752.018
000d7d20_2093,11752.045
000d7d20_2094,11752.041
000d7d20_2095,11752.019
000d7d20_2096,11752.002
000d7d20_2097,11752.033
000d7d20_2098,11752.078
000d7d20_2099,11752.036
000d7d20_2100,11752.12
000d7d20_2101,11752.111
000d7d20_2102,11752.247
000d7d20_2103,11752.22
000d7d20_2104,11752.182
000d7d20_2105,11752.222
000d7d20_2106,11752.233
000d7d20_2107,11752.165
000d7d20_2108,11752.206
000d7d20_2109,11752.237
000d7d20_2110,11752.0
000d7d20_2111,11752.151
000d7d20_2112,11752.008
000d7d20_2113,11752.167
000d7d20_2114,11751.589
000d7d20_2115,11752.178
000d7d20_2116,11752.119
000d7d20_2117,11752.15
000d7d20_2118,11751.89
000d7d20_2119,11751.829
000d7d20_2120,11752.073
000d7d20_2121,11751.851
000d7d20_2122,11752.055
000d7d20_2123,11752.03
000d7d20_2124,11752.021
000d7d20_2125,11752.029
000d7d20_2126,11752.157
000d7d20_2127,11752.183
000d7d20_2128,11752.031
000d7d20_2129,11752.083
000d7d20_2130,11752.061
000d7d20_2131,11752.155
000d7d20_2132,11752.252
000d7d20_2133,11752.303
000d7d20_2134,11752.283
000d7d20_2135,11752.2705
000d7d20_2136,11752.311
000d7d20_2137,11752.309
000d7d20_2138,11752.256
000d7d20_2139,11752.293
000d7d20_2140,11752.333
000d7d20_2141,11752.332
000d7d20_2142,11752.321
000d7d20_2143,11752.336
000d7d20_2144,11752.297
000d7d20_2145,11752.193
000d7d20_2146,11751.714
000d7d20_2147,11751.524
000d7d20_2148,11751.5
000d7d20_2149,11751.258
000d7d20_2150,11751.27
000d7d20_2151,11751.256
000d7d20_2152,11751.245
000d7d20_2153,11751.216
000d7d20_2154,11751.207
000d7d20_2155,11751.26
000d7d20_2156,11751.184
000d7d20_2157,11751.184
000d7d20_2158,11751.195
000d7d20_2159,11751.254
000d7d20_2160,11751.262
000d7d20_2161,11751.302
000d7d20_2162,11751.248
000d7d20_2163,11751.286
000d7d20_2164,11751.26
000d7d20_2165,11751.258
000d7d20_2166,11751.271
000d7d20_2167,11751.296
000d7d20_2168,11751.281
000d7d20_2169,11751.23
000d7d20_2170,11751.264
000d7d20_2171,11751.292
000d7d20_2172,11751.345
000d7d20_2173,11751.42
000d7d20_2174,11751.4375
000d7d20_2175,11751.343
000d7d20_2176,11751.34
000d7d20_2177,11751.35
000d7d20_2178,11751.354
000d7d20_2179,11751.294
000d7d20_2180,11751.283
000d7d20_2181,11752.255
000d7d20_2182,11752.245
000d7d20_2183,11752.239
000d7d20_2184,11752.338
000d7d20_2185,11752.312
000d7d20_2186,11752.266
000d7d20_2187,11752.314
000d7d20_2188,11752.304
000d7d20_2189,11752.303
000d7d20_2190,11752.265
000d7d20_2191,11752.256
000d7d20_2192,11752.258
000d7d20_2193,11752.318
000d7d20_2194,11752.348
000d7d20_2195,11752.382
000d7d20_2196,11752.369
000d7d20_2197,11752.305
000d7d20_2198,11752.355
000d7d20_2199,11752.34
000d7d20_2200,11752.359
000d7d20_2201,11752.337
000d7d20_2202,11752.293
000d7d20_2203,11752.274
000d7d20_2204,11752.245
000d7d20_2205,11752.235
000d7d20_2206,11752.223
000d7d20_2207,11751.888
000d7d20_2208,11751.931
000d7d20_2209,11751.932
000d7d20_2210,11751.962
000d7d20_2211,11751.918
000d7d20_2212,11751.907
000d7d20_2213,11751.862
000d7d20_2214,11751.904
000d7d20_2215,11751.772
000d7d20_2216,11751.778
000d7d20_2217,11751.684
000d7d20_2218,11751.564
000d7d20_2219,11751.571
000d7d20_2220,11751.518
000d7d20_2221,11751.552
000d7d20_2222,11751.595
000d7d20_2223,11751.616
000d7d20_2224,11751.632
000d7d20_2225,11751.628
000d7d20_2226,11751.615
000d7d20_2227,11751.644
000d7d20_2228,11751.653
000d7d20_2229,11751.592
000d7d20_2230,11751.622
000d7d20_2231,11751.512
000d7d20_2232,11751.493
000d7d20_2233,11751.508
000d7d20_2234,11751.515
000d7d20_2235,11751.439
000d7d20_2236,11751.629
000d7d20_2237,11751.656
000d7d20_2238,11751.673
000d7d20_2239,11751.674
000d7d20_2240,11752.021
000d7d20_2241,11752.067
000d7d20_2242,11752.074
000d7d20_2243,11752.529
000d7d20_2244,11752.424
000d7d20_2245,11752.336
000d7d20_2246,11752.375
000d7d20_2247,11752.362
000d7d20_2248,11752.36
000d7d20_2249,11752.344
000d7d20_2250,11752.529
000d7d20_2251,11752.512
000d7d20_2252,11752.506
000d7d20_2253,11752.647
000d7d20_2254,11752.67
000d7d20_2255,11752.689
000d7d20_2256,11752.686
000d7d20_2257,11752.739
000d7d20_2258,11752.709
000d7d20_2259,11752.709
000d7d20_2260,11752.744
000d7d20_2261,11752.734
000d7d20_2262,11752.687
000d7d20_2263,11752.728
000d7d20_2264,11752.761
000d7d20_2265,11752.692
000d7d20_2266,11753.145
000d7d20_2267,11753.132
000d7d20_2268,11753.155
000d7d20_2269,11753.116
000d7d20_2270,11753.128
000d7d20_2271,11753.119
000d7d20_2272,11753.286
000d7d20_2273,11753.222
000d7d20_2274,11753.241
000d7d20_2275,11753.187
000d7d20_2276,11753.189
000d7d20_2277,11753.152
000d7d20_2278,11753.178
000d7d20_2279,11752.9375
000d7d20_2280,11752.757
000d7d20_2281,11752.421
000d7d20_2282,11752.449
000d7d20_2283,11752.479
000d7d20_2284,11752.471
000d7d20_2285,11752.397
000d7d20_2286,11752.4375
000d7d20_2287,11752.372
000d7d20_2288,11752.171
000d7d20_2289,11752.073
000d7d20_2290,11751.977
000d7d20_2291,11752.091
000d7d20_2292,11752.175
000d7d20_2293,11752.082
000d7d20_2294,11752.051
000d7d20_2295,11752.049
000d7d20_2296,11752.017
000d7d20_2297,11752.116
000d7d20_2298,11752.17
000d7d20_2299,11752.145
000d7d20_2300,11752.201
000d7d20_2301,11752.216
000d7d20_2302,11752.166
000d7d20_2303,11752.077
000d7d20_2304,11752.06
000d7d20_2305,11752.082
000d7d20_2306,11752.056
000d7d20_2307,11752.0205
000d7d20_2308,11752.033
000d7d20_2309,11751.979
000d7d20_2310,11752.039
000d7d20_2311,11751.941
000d7d20_2312,11751.929
000d7d20_2313,11751.947
000d7d20_2314,11752.07
000d7d20_2315,11751.933
000d7d20_2316,11751.895
000d7d20_2317,11751.957
000d7d20_2318,11751.819
000d7d20_2319,11751.77
000d7d20_2320,11751.891
000d7d20_2321,11751.75
000d7d20_2322,11751.88
000d7d20_2323,11751.822
000d7d20_2324,11751.786
000d7d20_2325,11751.727
000d7d20_2326,11751.687
000d7d20_2327,11751.746
000d7d20_2328,11752.258
000d7d20_2329,11752.508
000d7d20_2330,11752.621
000d7d20_2331,11753.706
000d7d20_2332,11753.566
000d7d20_2333,11753.454
000d7d20_2334,11753.441
000d7d20_2335,11753.592
000d7d20_2336,11753.472
000d7d20_2337,11753.489
000d7d20_2338,11753.574
000d7d20_2339,11753.456
000d7d20_2340,11753.511
000d7d20_2341,11753.419
000d7d20_2342,11753.471
000d7d20_2343,11753.481
000d7d20_2344,11753.4375
000d7d20_2345,11753.584
000d7d20_2346,11753.5625
000d7d20_2347,11753.545
000d7d20_2348,11753.445
000d7d20_2349,11753.516
000d7d20_2350,11753.88
000d7d20_2351,11753.839
000d7d20_2352,11753.8
000d7d20_2353,11753.85
000d7d20_2354,11753.879
000d7d20_2355,11753.85
000d7d20_2356,11753.79
000d7d20_2357,11753.806
000d7d20_2358,11753.825
000d7d20_2359,11753.784
000d7d20_2360,11753.743
000d7d20_2361,11753.7705
000d7d20_2362,11753.627
000d7d20_2363,11753.325
000d7d20_2364,11753.204
000d7d20_2365,11752.662
000d7d20_2366,11752.543
000d7d20_2367,11752.521
000d7d20_2368,11752.529
000d7d20_2369,11752.414
000d7d20_2370,11752.448
000d7d20_2371,11752.13
000d7d20_2372,11752.128
000d7d20_2373,11752.13
000d7d20_2374,11751.902
000d7d20_2375,11751.606
000d7d20_2376,11751.546
000d7d20_2377,11751.954
000d7d20_2378,11751.827
000d7d20_2379,11751.376
000d7d20_2380,11751.3955
000d7d20_2381,11751.385
000d7d20_2382,11751.399
000d7d20_2383,11751.29
000d7d20_2384,11751.295
000d7d20_2385,11751.78
000d7d20_2386,11752.263
000d7d20_2387,11752.192
000d7d20_2388,11752.032
000d7d20_2389,11751.932
000d7d20_2390,11752.056
000d7d20_2391,11752.842
000d7d20_2392,11752.801
000d7d20_2393,11752.809
000d7d20_2394,11752.749
000d7d20_2395,11752.643
000d7d20_2396,11752.626
000d7d20_2397,11752.91
000d7d20_2398,11752.824
000d7d20_2399,11752.884
000d7d20_2400,11752.974
000d7d20_2401,11752.85
000d7d20_2402,11752.811
000d7d20_2403,11752.634
000d7d20_2404,11752.4795
000d7d20_2405,11752.615
000d7d20_2406,11752.513
000d7d20_2407,11752.633
000d7d20_2408,11752.567
000d7d20_2409,11752.606
000d7d20_2410,11752.487
000d7d20_2411,11752.695
000d7d20_2412,11752.479
000d7d20_2413,11752.57
000d7d20_2414,11752.483
000d7d20_2415,11752.621
000d7d20_2416,11752.424
000d7d20_2417,11752.63
000d7d20_2418,11752.5205
000d7d20_2419,11752.413
000d7d20_2420,11752.221
000d7d20_2421,11752.328
000d7d20_2422,11752.251
000d7d20_2423,11752.267
000d7d20_2424,11752.196
000d7d20_2425,11752.019
000d7d20_2426,11751.981
000d7d20_2427,11751.812
000d7d20_2428,11751.971
000d7d20_2429,11751.867
000d7d20_2430,11751.807
000d7d20_2431,11751.955
000d7d20_2432,11751.944
000d7d20_2433,11751.833
000d7d20_2434,11751.962
000d7d20_2435,11751.915
000d7d20_2436,11752.0205
000d7d20_2437,11752.13
000d7d20_2438,11752.691
000d7d20_2439,11752.584
000d7d20_2440,11752.523
000d7d20_2441,11752.686
000d7d20_2442,11752.68
000d7d20_2443,11752.6875
000d7d20_2444,11752.595
000d7d20_2445,11752.636
000d7d20_2446,11752.252
000d7d20_2447,11751.885
000d7d20_2448,11751.884
000d7d20_2449,11751.694
000d7d20_2450,11751.649
000d7d20_2451,11751.559
000d7d20_2452,11751.44
000d7d20_2453,11751.106
000d7d20_2454,11750.9795
000d7d20_2455,11750.979
000d7d20_2456,11750.893
000d7d20_2457,11750.804
000d7d20_2458,11750.805
000d7d20_2459,11750.889
000d7d20_2460,11750.734
000d7d20_2461,11750.709
000d7d20_2462,11750.657
000d7d20_2463,11750.639
000d7d20_2464,11750.683
000d7d20_2465,11750.689
000d7d20_2466,11750.582
000d7d20_2467,11750.543
000d7d20_2468,11750.487
000d7d20_2469,11750.486
000d7d20_2470,11750.52
000d7d20_2471,11750.559
000d7d20_2472,11750.475
000d7d20_2473,11750.574
000d7d20_2474,11750.524
000d7d20_2475,11750.33
000d7d20_2476,11750.284
000d7d20_2477,11750.264
000d7d20_2478,11750.152
000d7d20_2479,11749.985
000d7d20_2480,11750.085
000d7d20_2481,11750.003
000d7d20_2482,11749.99
000d7d20_2483,11749.936
000d7d20_2484,11749.971
000d7d20_2485,11749.879
000d7d20_2486,11749.799
000d7d20_2487,11749.814
000d7d20_2488,11749.769
000d7d20_2489,11749.837
000d7d20_2490,11749.764
000d7d20_2491,11749.856
000d7d20_2492,11749.757
000d7d20_2493,11749.803
000d7d20_2494,11749.786
000d7d20_2495,11749.812
000d7d20_2496,11749.754
000d7d20_2497,11749.703
000d7d20_2498,11749.695
000d7d20_2499,11749.631
000d7d20_2500,11749.651
000d7d20_2501,11749.587
000d7d20_2502,11749.54
000d7d20_2503,11749.452
000d7d20_2504,11749.523
000d7d20_2505,11749.471
000d7d20_2506,11749.496
000d7d20_2507,11749.429
000d7d20_2508,11749.446
000d7d20_2509,11749.435
000d7d20_2510,11749.361
000d7d20_2511,11749.414
000d7d20_2512,11749.307
000d7d20_2513,11749.356
000d7d20_2514,11749.249
000d7d20_2515,11749.346
000d7d20_2516,11749.298
000d7d20_2517,11749.345
000d7d20_2518,11749.332
000d7d20_2519,11749.314
000d7d20_2520,11749.301
000d7d20_2521,11749.186
000d7d20_2522,11749.241
000d7d20_2523,11749.219
000d7d20_2524,11749.188
000d7d20_2525,11749.236
000d7d20_2526,11749.478
000d7d20_2527,11749.476
000d7d20_2528,11749.453
000d7d20_2529,11749.464
000d7d20_2530,11749.362
000d7d20_2531,11749.383
000d7d20_2532,11749.356
000d7d20_2533,11749.374
000d7d20_2534,11749.434
000d7d20_2535,11749.446
000d7d20_2536,11749.429
000d7d20_2537,11749.42
000d7d20_2538,11749.361
000d7d20_2539,11749.397
000d7d20_2540,11749.385
000d7d20_2541,11749.424
000d7d20_2542,11749.339
000d7d20_2543,11749.39
000d7d20_2544,11749.353
000d7d20_2545,11749.286
000d7d20_2546,11749.324
000d7d20_2547,11749.294
000d7d20_2548,11749.218
000d7d20_2549,11749.236
000d7d20_2550,11749.183
000d7d20_2551,11749.283
000d7d20_2552,11749.267
000d7d20_2553,11749.17
000d7d20_2554,11749.185
000d7d20_2555,11749.059
000d7d20_2556,11749.11
000d7d20_2557,11749.046
000d7d20_2558,11749.122
000d7d20_2559,11749.077
000d7d20_2560,11749.087
000d7d20_2561,11749.042
000d7d20_2562,11749.155
000d7d20_2563,11749.063
000d7d20_2564,11749.079
000d7d20_2565,11749.109
000d7d20_2566,11749.064
000d7d20_2567,11749.108
000d7d20_2568,11749.031
000d7d20_2569,11749.102
000d7d20_2570,11749.108
000d7d20_2571,11749.071
000d7d20_2572,11749.076
000d7d20_2573,11749.171
000d7d20_2574,11749.063
000d7d20_2575,11749.063
000d7d20_2576,11749.134
000d7d20_2577,11749.041
000d7d20_2578,11749.104
000d7d20_2579,11749.087
000d7d20_2580,11749.091
000d7d20_2581,11749.04
000d7d20_2582,11749.042
000d7d20_2583,11749.054
000d7d20_2584,11749.046
000d7d20_2585,11749.046
000d7d20_2586,11749.04
000d7d20_2587,11749.137
000d7d20_2588,11749.045
000d7d20_2589,11748.99
000d7d20_2590,11749.042
000d7d20_2591,11749.029
000d7d20_2592,11749.055
000d7d20_2593,11748.977
000d7d20_2594,11748.926
000d7d20_2595,11748.92
000d7d20_2596,11748.924
000d7d20_2597,11748.935
000d7d20_2598,11748.833
000d7d20_2599,11748.863
000d7d20_2600,11748.907
000d7d20_2601,11748.867
000d7d20_2602,11748.893
000d7d20_2603,11748.832
000d7d20_2604,11748.932
000d7d20_2605,11748.9
000d7d20_2606,11748.851
000d7d20_2607,11749.183
000d7d20_2608,11749.167
000d7d20_2609,11749.206
000d7d20_2610,11749.113
000d7d20_2611,11749.176
000d7d20_2612,11749.053
000d7d20_2613,11749.103
000d7d20_2614,11749.13
000d7d20_2615,11749.102
000d7d20_2616,11749.086
000d7d20_2617,11749.068
000d7d20_2618,11749.124
000d7d20_2619,11749.152
000d7d20_2620,11749.172
000d7d20_2621,11749.167
000d7d20_2622,11749.124
000d7d20_2623,11749.042
000d7d20_2624,11749.108
000d7d20_2625,11749.146
000d7d20_2626,11749.043
000d7d20_2627,11749.192
000d7d20_2628,11749.167
000d7d20_2629,11749.155
000d7d20_2630,11749.132
000d7d20_2631,11749.102
000d7d20_2632,11749.146
000d7d20_2633,11749.082
000d7d20_2634,11749.108
000d7d20_2635,11749.098
000d7d20_2636,11749.058
000d7d20_2637,11749.143
000d7d20_2638,11749.147
000d7d20_2639,11749.098
000d7d20_2640,11749.06
000d7d20_2641,11749.015
000d7d20_2642,11749.029
000d7d20_2643,11749.005
000d7d20_2644,11748.982
000d7d20_2645,11749.019
000d7d20_2646,11749.033
000d7d20_2647,11749.0205
000d7d20_2648,11748.961
000d7d20_2649,11749.0
000d7d20_2650,11749.029
000d7d20_2651,11748.974
000d7d20_2652,11749.028
000d7d20_2653,11749.023
000d7d20_2654,11748.997
000d7d20_2655,11748.983
000d7d20_2656,11749.028
000d7d20_2657,11749.024
000d7d20_2658,11749.054
000d7d20_2659,11749.052
000d7d20_2660,11749.012
000d7d20_2661,11749.031
000d7d20_2662,11748.994
000d7d20_2663,11749.039
000d7d20_2664,11748.976
000d7d20_2665,11748.952
000d7d20_2666,11749.0
000d7d20_2667,11748.93
000d7d20_2668,11748.994
000d7d20_2669,11749.03
000d7d20_2670,11748.9795
000d7d20_2671,11749.042
000d7d20_2672,11749.079
000d7d20_2673,11748.999
000d7d20_2674,11749.098
000d7d20_2675,11749.049
000d7d20_2676,11749.118
000d7d20_2677,11749.116
000d7d20_2678,11749.193
000d7d20_2679,11749.144
000d7d20_2680,11749.162
000d7d20_2681,11749.245
000d7d20_2682,11749.215
000d7d20_2683,11749.13
000d7d20_2684,11749.171
000d7d20_2685,11749.209
000d7d20_2686,11749.212
000d7d20_2687,11749.232
000d7d20_2688,11749.261
000d7d20_2689,11749.346
000d7d20_2690,11749.322
000d7d20_2691,11749.246
000d7d20_2692,11749.155
000d7d20_2693,11749.196
000d7d20_2694,11749.24
000d7d20_2695,11749.232
000d7d20_2696,11749.227
000d7d20_2697,11749.178
000d7d20_2698,11749.167
000d7d20_2699,11749.149
000d7d20_2700,11749.503
000d7d20_2701,11749.481
000d7d20_2702,11749.39
000d7d20_2703,11749.423
000d7d20_2704,11749.398
000d7d20_2705,11749.4375
000d7d20_2706,11749.395
000d7d20_2707,11749.402
000d7d20_2708,11749.444
000d7d20_2709,11749.507
000d7d20_2710,11749.425
000d7d20_2711,11749.381
000d7d20_2712,11749.457
000d7d20_2713,11749.429
000d7d20_2714,11749.517
000d7d20_2715,11749.599
000d7d20_2716,11749.699
000d7d20_2717,11749.661
000d7d20_2718,11749.693
000d7d20_2719,11749.803
000d7d20_2720,11749.715
000d7d20_2721,11749.7705
000d7d20_2722,11749.746
000d7d20_2723,11749.789
000d7d20_2724,11749.771
000d7d20_2725,11749.801
000d7d20_2726,11749.891
000d7d20_2727,11749.862
000d7d20_2728,11749.897
000d7d20_2729,11749.911
000d7d20_2730,11750.114
000d7d20_2731,11750.164
000d7d20_2732,11750.217
000d7d20_2733,11750.145
000d7d20_2734,11750.164
000d7d20_2735,11750.259
000d7d20_2736,11750.266
000d7d20_2737,11750.382
000d7d20_2738,11750.318
000d7d20_2739,11750.389
000d7d20_2740,11750.304
000d7d20_2741,11750.366
000d7d20_2742,11750.257
000d7d20_2743,11750.505
000d7d20_2744,11750.452
000d7d20_2745,11750.559
000d7d20_2746,11750.552
000d7d20_2747,11750.613
000d7d20_2748,11750.578
000d7d20_2749,11750.586
000d7d20_2750,11750.606
000d7d20_2751,11750.553
000d7d20_2752,11750.586
000d7d20_2753,11750.571
000d7d20_2754,11750.543
000d7d20_2755,11750.6045
000d7d20_2756,11750.586
000d7d20_2757,11750.494
000d7d20_2758,11750.592
000d7d20_2759,11750.621
000d7d20_2760,11750.555
000d7d20_2761,11750.704
000d7d20_2762,11750.556
000d7d20_2763,11750.663
000d7d20_2764,11750.682
000d7d20_2765,11750.672
000d7d20_2766,11750.707
000d7d20_2767,11750.669
000d7d20_2768,11750.702
000d7d20_2769,11750.801
000d7d20_2770,11750.682
000d7d20_2771,11750.526
000d7d20_2772,11750.721
000d7d20_2773,11750.622
000d7d20_2774,11750.601
000d7d20_2775,11750.593
000d7d20_2776,11750.558
000d7d20_2777,11750.518
000d7d20_2778,11750.565
000d7d20_2779,11750.528
000d7d20_2780,11750.494
000d7d20_2781,11750.562
000d7d20_2782,11750.622
000d7d20_2783,11750.498
000d7d20_2784,11750.625
000d7d20_2785,11750.655
000d7d20_2786,11750.692
000d7d20_2787,11750.676
000d7d20_2788,11750.736
000d7d20_2789,11750.65
000d7d20_2790,11750.68
000d7d20_2791,11750.476
000d7d20_2792,11750.474
000d7d20_2793,11750.461
000d7d20_2794,11750.437
000d7d20_2795,11750.501
000d7d20_2796,11750.463
000d7d20_2797,11750.458
000d7d20_2798,11750.444
000d7d20_2799,11750.504
000d7d20_2800,11750.468
000d7d20_2801,11750.406
000d7d20_2802,11750.4375
000d7d20_2803,11750.514
000d7d20_2804,11750.348
000d7d20_2805,11750.451
000d7d20_2806,11750.465
000d7d20_2807,11750.322
000d7d20_2808,11750.297
000d7d20_2809,11750.172
000d7d20_2810,11750.12
000d7d20_2811,11750.065
000d7d20_2812,11749.972
000d7d20_2813,11749.873
000d7d20_2814,11749.883
000d7d20_2815,11749.858
000d7d20_2816,11749.9375
000d7d20_2817,11749.959
000d7d20_2818,11750.006
000d7d20_2819,11749.948
000d7d20_2820,11750.017
000d7d20_2821,11749.942
000d7d20_2822,11750.002
000d7d20_2823,11749.93
000d7d20_2824,11749.998
000d7d20_2825,11749.977
000d7d20_2826,11750.068
000d7d20_2827,11750.007
000d7d20_2828,11750.056
000d7d20_2829,11749.948
000d7d20_2830,11750.014
000d7d20_2831,11750.014
000d7d20_2832,11749.963
000d7d20_2833,11750.007
000d7d20_2834,11749.961
000d7d20_2835,11749.995
000d7d20_2836,11749.927
000d7d20_2837,11749.977
000d7d20_2838,11749.905
000d7d20_2839,11749.91
000d7d20_2840,11749.947
000d7d20_2841,11749.822
000d7d20_2842,11749.898
000d7d20_2843,11749.888
000d7d20_2844,11749.923
000d7d20_2845,11749.804
000d7d20_2846,11749.88
000d7d20_2847,11749.868
000d7d20_2848,11749.783
000d7d20_2849,11749.853
000d7d20_2850,11749.86
000d7d20_2851,11749.825
000d7d20_2852,11749.848
000d7d20_2853,11749.822
000d7d20_2854,11749.872
000d7d20_2855,11749.847
000d7d20_2856,11749.777
000d7d20_2857,11749.814
000d7d20_2858,11749.793
000d7d20_2859,11749.702
000d7d20_2860,11749.702
000d7d20_2861,11749.896
000d7d20_2862,11749.988
000d7d20_2863,11750.003
000d7d20_2864,11749.919
000d7d20_2865,11750.018
000d7d20_2866,11749.962
000d7d20_2867,11749.915
000d7d20_2868,11750.014
000d7d20_2869,11750.013
000d7d20_2870,11749.898
000d7d20_2871,11750.029
000d7d20_2872,11750.059
000d7d20_2873,11750.014
000d7d20_2874,11749.96
000d7d20_2875,11749.998
000d7d20_2876,11749.969
000d7d20_2877,11749.936
000d7d20_2878,11749.993
000d7d20_2879,11749.954
000d7d20_2880,11749.934
000d7d20_2881,11749.885
000d7d20_2882,11749.924
000d7d20_2883,11749.945
000d7d20_2884,11749.874
000d7d20_2885,11749.9
000d7d20_2886,11749.913
000d7d20_2887,11749.891
000d7d20_2888,11749.8125
000d7d20_2889,11749.871
000d7d20_2890,11749.852
000d7d20_2891,11749.898
000d7d20_2892,11749.83
000d7d20_2893,11749.862
000d7d20_2894,11749.893
000d7d20_2895,11749.902
000d7d20_2896,11749.868
000d7d20_2897,11749.836
000d7d20_2898,11749.891
000d7d20_2899,11749.873
000d7d20_2900,11749.874
000d7d20_2901,11749.815
000d7d20_2902,11749.8545
000d7d20_2903,11749.834
000d7d20_2904,11749.837
000d7d20_2905,11749.855
000d7d20_2906,11749.848
000d7d20_2907,11749.79
000d7d20_2908,11749.82
000d7d20_2909,11749.815
000d7d20_2910,11749.824
000d7d20_2911,11749.802
000d7d20_2912,11749.73
000d7d20_2913,11749.755
000d7d20_2914,11749.738
000d7d20_2915,11749.732
000d7d20_2916,11749.679
000d7d20_2917,11749.617
000d7d20_2918,11749.688
000d7d20_2919,11749.65
000d7d20_2920,11749.646
000d7d20_2921,11749.562
000d7d20_2922,11749.623
000d7d20_2923,11749.599
000d7d20_2924,11749.602
000d7d20_2925,11749.652
000d7d20_2926,11749.612
000d7d20_2927,11749.493
000d7d20_2928,11749.663
000d7d20_2929,11749.592
000d7d20_2930,11749.6455
000d7d20_2931,11749.59
000d7d20_2932,11749.6455
000d7d20_2933,11749.464
000d7d20_2934,11749.392
000d7d20_2935,11749.352
000d7d20_2936,11749.308
000d7d20_2937,11749.204
000d7d20_2938,11749.26
000d7d20_2939,11749.165
000d7d20_2940,11749.322
000d7d20_2941,11749.437
000d7d20_2942,11749.141
000d7d20_2943,11749.16
000d7d20_2944,11749.166
000d7d20_2945,11749.112
000d7d20_2946,11749.116
000d7d20_2947,11749.221
000d7d20_2948,11749.141
000d7d20_2949,11749.143
000d7d20_2950,11749.117
000d7d20_2951,11749.173
000d7d20_2952,11749.09
000d7d20_2953,11749.073
000d7d20_2954,11749.0
000d7d20_2955,11749.071
000d7d20_2956,11749.03
000d7d20_2957,11749.03
000d7d20_2958,11749.051
000d7d20_2959,11749.093
000d7d20_2960,11749.055
000d7d20_2961,11749.018
000d7d20_2962,11749.054
000d7d20_2963,11749.059
000d7d20_2964,11748.942
000d7d20_2965,11749.133
000d7d20_2966,11749.052
000d7d20_2967,11749.057
000d7d20_2968,11749.108
000d7d20_2969,11749.099
000d7d20_2970,11749.098
000d7d20_2971,11749.095
000d7d20_2972,11749.084
000d7d20_2973,11749.099
000d7d20_2974,11749.045
000d7d20_2975,11749.145
000d7d20_2976,11749.102
000d7d20_2977,11749.078
000d7d20_2978,11749.074
000d7d20_2979,11749.016
000d7d20_2980,11749.023
000d7d20_2981,11748.968
000d7d20_2982,11748.949
000d7d20_2983,11748.929
000d7d20_2984,11748.926
000d7d20_2985,11748.877
000d7d20_2986,11748.816
000d7d20_2987,11748.857
000d7d20_2988,11748.787
000d7d20_2989,11748.833
000d7d20_2990,11748.789
000d7d20_2991,11748.816
000d7d20_2992,11748.76
000d7d20_2993,11748.776
000d7d20_2994,11748.692
000d7d20_2995,11748.723
000d7d20_2996,11748.572
000d7d20_2997,11748.517
000d7d20_2998,11748.507
000d7d20_2999,11748.49
000d7d20_3000,11748.563
000d7d20_3001,11748.5205
000d7d20_3002,11748.516
000d7d20_3003,11748.583
000d7d20_3004,11748.514
000d7d20_3005,11748.509
000d7d20_3006,11748.58
000d7d20_3007,11748.488
000d7d20_3008,11748.508
000d7d20_3009,11748.571
000d7d20_3010,11748.503
000d7d20_3011,11748.491
000d7d20_3012,11748.496
000d7d20_3013,11748.573
000d7d20_3014,11748.467
000d7d20_3015,11748.679
000d7d20_3016,11748.758
000d7d20_3017,11748.738
000d7d20_3018,11748.699
000d7d20_3019,11748.751
000d7d20_3020,11748.66
000d7d20_3021,11748.758
000d7d20_3022,11748.627
000d7d20_3023,11748.633
000d7d20_3024,11749.183
000d7d20_3025,11749.178
000d7d20_3026,11749.216
000d7d20_3027,11749.12
000d7d20_3028,11749.06
000d7d20_3029,11749.115
000d7d20_3030,11749.132
000d7d20_3031,11749.138
000d7d20_3032,11749.091
000d7d20_3033,11749.072
000d7d20_3034,11748.937
000d7d20_3035,11749.034
000d7d20_3036,11748.964
000d7d20_3037,11749.016
000d7d20_3038,11748.949
000d7d20_3039,11748.962
000d7d20_3040,11748.939
000d7d20_3041,11748.94
000d7d20_3042,11748.889
000d7d20_3043,11748.966
000d7d20_3044,11748.884
000d7d20_3045,11748.883
000d7d20_3046,11748.791
000d7d20_3047,11748.587
000d7d20_3048,11748.576
000d7d20_3049,11748.553
000d7d20_3050,11748.675
000d7d20_3051,11748.559
000d7d20_3052,11748.574
000d7d20_3053,11748.594
000d7d20_3054,11748.532
000d7d20_3055,11748.669
000d7d20_3056,11748.613
000d7d20_3057,11748.622
000d7d20_3058,11748.632
000d7d20_3059,11748.576
000d7d20_3060,11748.612
000d7d20_3061,11748.551
000d7d20_3062,11748.472
000d7d20_3063,11748.455
000d7d20_3064,11748.522
000d7d20_3065,11748.546
000d7d20_3066,11748.67
000d7d20_3067,11748.702
000d7d20_3068,11748.707
000d7d20_3069,11748.708
000d7d20_3070,11748.797
000d7d20_3071,11748.786
000d7d20_3072,11748.752
000d7d20_3073,11748.682
000d7d20_3074,11748.735
000d7d20_3075,11748.735
000d7d20_3076,11748.696
000d7d20_3077,11748.632
000d7d20_3078,11748.621
000d7d20_3079,11748.588
000d7d20_3080,11748.618
000d7d20_3081,11748.684
000d7d20_3082,11748.789
000d7d20_3083,11748.678
000d7d20_3084,11748.736
000d7d20_3085,11748.623
000d7d20_3086,11748.602
000d7d20_3087,11748.86
000d7d20_3088,11748.861
000d7d20_3089,11748.8125
000d7d20_3090,11748.801
000d7d20_3091,11748.953
000d7d20_3092,11748.927
000d7d20_3093,11748.884
000d7d20_3094,11748.85
000d7d20_3095,11748.803
000d7d20_3096,11748.79
000d7d20_3097,11748.715
000d7d20_3098,11748.745
000d7d20_3099,11748.745
000d7d20_3100,11748.725
000d7d20_3101,11748.713
000d7d20_3102,11748.707
000d7d20_3103,11748.576
000d7d20_3104,11748.553
000d7d20_3105,11749.469
000d7d20_3106,11749.429
000d7d20_3107,11749.621
000d7d20_3108,11749.658
000d7d20_3109,11749.665
000d7d20_3110,11749.676
000d7d20_3111,11749.622
000d7d20_3112,11749.507
000d7d20_3113,11749.437
000d7d20_3114,11749.452
000d7d20_3115,11749.468
000d7d20_3116,11749.456
000d7d20_3117,11749.413
000d7d20_3118,11749.4
000d7d20_3119,11749.398
000d7d20_3120,11749.409
000d7d20_3121,11749.342
000d7d20_3122,11749.405
000d7d20_3123,11749.399
000d7d20_3124,11749.362
000d7d20_3125,11749.421
000d7d20_3126,11749.367
000d7d20_3127,11749.404
000d7d20_3128,11749.411
000d7d20_3129,11749.41
000d7d20_3130,11749.315
000d7d20_3131,11749.339
000d7d20_3132,11749.364
000d7d20_3133,11749.316
000d7d20_3134,11749.2705
000d7d20_3135,11749.214
000d7d20_3136,11749.265
000d7d20_3137,11749.233
000d7d20_3138,11749.219
000d7d20_3139,11749.196
000d7d20_3140,11749.176
000d7d20_3141,11749.108
000d7d20_3142,11749.035
000d7d20_3143,11749.022
000d7d20_3144,11749.03
000d7d20_3145,11748.955
000d7d20_3146,11748.97
000d7d20_3147,11748.95
000d7d20_3148,11748.891
000d7d20_3149,11748.835
000d7d20_3150,11748.838
000d7d20_3151,11748.884
000d7d20_3152,11748.897
000d7d20_3153,11748.806
000d7d20_3154,11748.871
000d7d20_3155,11748.869
000d7d20_3156,11748.846
000d7d20_3157,11748.842
000d7d20_3158,11748.8125
000d7d20_3159,11748.825
000d7d20_3160,11748.773
000d7d20_3161,11748.833
000d7d20_3162,11748.8545
000d7d20_3163,11748.836
000d7d20_3164,11748.827
000d7d20_3165,11748.83
000d7d20_3166,11748.833
000d7d20_3167,11748.781
000d7d20_3168,11748.832
000d7d20_3169,11748.731
000d7d20_3170,11748.741
000d7d20_3171,11748.735
000d7d20_3172,11748.72
000d7d20_3173,11748.613
000d7d20_3174,11748.587
000d7d20_3175,11748.611
000d7d20_3176,11748.604
000d7d20_3177,11748.631
000d7d20_3178,11748.626
000d7d20_3179,11748.561
000d7d20_3180,11748.494
000d7d20_3181,11748.478
000d7d20_3182,11748.379
000d7d20_3183,11748.232
000d7d20_3184,11748.102
000d7d20_3185,11748.243
000d7d20_3186,11749.146
000d7d20_3187,11749.1045
000d7d20_3188,11749.059
000d7d20_3189,11748.959
000d7d20_3190,11749.0
000d7d20_3191,11749.07
000d7d20_3192,11749.065
000d7d20_3193,11749.062
000d7d20_3194,11749.077
000d7d20_3195,11749.024
000d7d20_3196,11749.045
000d7d20_3197,11749.132
000d7d20_3198,11749.117
000d7d20_3199,11749.077
000d7d20_3200,11748.687
000d7d20_3201,11748.637
000d7d20_3202,11748.583
000d7d20_3203,11748.66
000d7d20_3204,11748.618
000d7d20_3205,11748.564
000d7d20_3206,11748.558
000d7d20_3207,11748.505
000d7d20_3208,11748.384
000d7d20_3209,11748.42
000d7d20_3210,11748.46
000d7d20_3211,11748.378
000d7d20_3212,11748.493
000d7d20_3213,11748.452
000d7d20_3214,11748.49
000d7d20_3215,11748.472
000d7d20_3216,11748.511
000d7d20_3217,11748.458
000d7d20_3218,11748.423
000d7d20_3219,11748.382
000d7d20_3220,11748.316
000d7d20_3221,11748.392
000d7d20_3222,11748.345
000d7d20_3223,11748.393
000d7d20_3224,11748.301
000d7d20_3225,11748.268
000d7d20_3226,11748.319
000d7d20_3227,11748.311
000d7d20_3228,11748.422
000d7d20_3229,11748.396
000d7d20_3230,11748.21
000d7d20_3231,11748.15
000d7d20_3232,11748.16
000d7d20_3233,11748.212
000d7d20_3234,11748.099
000d7d20_3235,11748.076
000d7d20_3236,11748.058
000d7d20_3237,11748.015
000d7d20_3238,11748.016
000d7d20_3239,11747.929
000d7d20_3240,11747.833
000d7d20_3241,11747.856
000d7d20_3242,11747.93
000d7d20_3243,11747.926
000d7d20_3244,11747.963
000d7d20_3245,11747.97
000d7d20_3246,11747.958
000d7d20_3247,11747.929
000d7d20_3248,11747.923
000d7d20_3249,11747.901
000d7d20_3250,11747.858
000d7d20_3251,11747.875
000d7d20_3252,11747.875
000d7d20_3253,11747.808
000d7d20_3254,11747.935
000d7d20_3255,11748.009
000d7d20_3256,11747.973
000d7d20_3257,11747.996
000d7d20_3258,11747.974
000d7d20_3259,11747.94
000d7d20_3260,11747.88
000d7d20_3261,11747.886
000d7d20_3262,11747.895
000d7d20_3263,11747.923
000d7d20_3264,11748.601
000d7d20_3265,11748.543
000d7d20_3266,11748.623
000d7d20_3267,11748.631
000d7d20_3268,11748.682
000d7d20_3269,11748.621
000d7d20_3270,11748.709
000d7d20_3271,11748.707
000d7d20_3272,11748.588
000d7d20_3273,11748.654
000d7d20_3274,11748.637
000d7d20_3275,11748.567
000d7d20_3276,11748.67
000d7d20_3277,11748.599
000d7d20_3278,11748.678
000d7d20_3279,11748.643
000d7d20_3280,11748.638
000d7d20_3281,11748.634
000d7d20_3282,11748.495
000d7d20_3283,11748.63
000d7d20_3284,11748.606
000d7d20_3285,11748.548
000d7d20_3286,11748.694
000d7d20_3287,11748.649
000d7d20_3288,11748.414
000d7d20_3289,11748.352
000d7d20_3290,11748.445
000d7d20_3291,11748.421
000d7d20_3292,11748.401
000d7d20_3293,11748.429
000d7d20_3294,11748.3545
000d7d20_3295,11748.431
000d7d20_3296,11748.389
000d7d20_3297,11748.503
000d7d20_3298,11748.455
000d7d20_3299,11748.565
000d7d20_3300,11748.594
000d7d20_3301,11748.552
000d7d20_3302,11748.61
000d7d20_3303,11748.578
000d7d20_3304,11748.554
000d7d20_3305,11748.541
000d7d20_3306,11748.56
000d7d20_3307,11748.502
000d7d20_3308,11748.597
000d7d20_3309,11748.58
000d7d20_3310,11748.571
000d7d20_3311,11748.557
000d7d20_3312,11748.63
000d7d20_3313,11748.791
000d7d20_3314,11748.885
000d7d20_3315,11748.818
000d7d20_3316,11748.788
000d7d20_3317,11748.876
000d7d20_3318,11748.773
000d7d20_3319,11748.82
000d7d20_3320,11748.943
000d7d20_3321,11748.974
000d7d20_3322,11748.985
000d7d20_3323,11749.009
000d7d20_3324,11748.988
000d7d20_3325,11749.0205
000d7d20_3326,11749.067
000d7d20_3327,11749.038
000d7d20_3328,11749.053
000d7d20_3329,11749.04
000d7d20_3330,11749.027
000d7d20_3331,11748.905
000d7d20_3332,11748.929
000d7d20_3333,11748.94
000d7d20_3334,11748.891
000d7d20_3335,11748.916
000d7d20_3336,11748.843
000d7d20_3337,11748.928
000d7d20_3338,11748.896
000d7d20_3339,11748.911
000d7d20_3340,11748.955
000d7d20_3341,11748.925
000d7d20_3342,11748.866
000d7d20_3343,11748.966
000d7d20_3344,11748.865
000d7d20_3345,11748.957
000d7d20_3346,11748.905
000d7d20_3347,11748.905
000d7d20_3348,11749.683
000d7d20_3349,11749.689
000d7d20_3350,11749.688
000d7d20_3351,11749.648
000d7d20_3352,11749.703
000d7d20_3353,11749.704
000d7d20_3354,11749.634
000d7d20_3355,11749.666
000d7d20_3356,11749.59
000d7d20_3357,11749.565
000d7d20_3358,11749.571
000d7d20_3359,11749.487
000d7d20_3360,11749.587
000d7d20_3361,11749.602
000d7d20_3362,11749.618
000d7d20_3363,11749.526
000d7d20_3364,11749.518
000d7d20_3365,11749.469
000d7d20_3366,11749.413
000d7d20_3367,11749.429
000d7d20_3368,11749.559
000d7d20_3369,11749.618
000d7d20_3370,11749.591
000d7d20_3371,11749.427
000d7d20_3372,11749.431
000d7d20_3373,11749.355
000d7d20_3374,11749.409
000d7d20_3375,11749.406
000d7d20_3376,11749.393
000d7d20_3377,11749.383
000d7d20_3378,11749.336
000d7d20_3379,11749.335
000d7d20_3380,11749.373
000d7d20_3381,11749.415
000d7d20_3382,11749.375
000d7d20_3383,11749.422
000d7d20_3384,11749.347
000d7d20_3385,11749.242
000d7d20_3386,11749.238
000d7d20_3387,11749.189
000d7d20_3388,11749.142
000d7d20_3389,11749.199
000d7d20_3390,11749.239
000d7d20_3391,11749.325
000d7d20_3392,11749.323
000d7d20_3393,11749.317
000d7d20_3394,11749.231
000d7d20_3395,11749.169
000d7d20_3396,11749.1875
000d7d20_3397,11749.129
000d7d20_3398,11749.079
000d7d20_3399,11749.131
000d7d20_3400,11749.103
000d7d20_3401,11749.146
000d7d20_3402,11749.109
000d7d20_3403,11749.138
000d7d20_3404,11749.138
000d7d20_3405,11749.12
000d7d20_3406,11749.088
000d7d20_3407,11749.032
000d7d20_3408,11749.039
000d7d20_3409,11749.128
000d7d20_3410,11749.113
000d7d20_3411,11749.088
000d7d20_3412,11749.091
000d7d20_3413,11749.055
000d7d20_3414,11749.049
000d7d20_3415,11749.042
000d7d20_3416,11749.057
000d7d20_3417,11749.061
000d7d20_3418,11749.099
000d7d20_3419,11749.107
000d7d20_3420,11749.074
000d7d20_3421,11749.1455
000d7d20_3422,11749.069
000d7d20_3423,11749.08
000d7d20_3424,11749.034
000d7d20_3425,11749.05
000d7d20_3426,11749.055
000d7d20_3427,11749.019
000d7d20_3428,11749.025
000d7d20_3429,11749.031
000d7d20_3430,11749.019
000d7d20_3431,11748.979
000d7d20_3432,11748.95
000d7d20_3433,11749.21
000d7d20_3434,11749.231
000d7d20_3435,11749.204
000d7d20_3436,11749.214
000d7d20_3437,11749.254
000d7d20_3438,11749.285
000d7d20_3439,11749.221
000d7d20_3440,11749.213
000d7d20_3441,11749.245
000d7d20_3442,11749.285
000d7d20_3443,11749.341
000d7d20_3444,11749.3955
000d7d20_3445,11749.399
000d7d20_3446,11749.397
000d7d20_3447,11749.392
000d7d20_3448,11749.395
000d7d20_3449,11749.388
000d7d20_3450,11749.404
000d7d20_3451,11749.401
000d7d20_3452,11749.32
000d7d20_3453,11749.3545
000d7d20_3454,11749.351
000d7d20_3455,11749.341
000d7d20_3456,11749.34
000d7d20_3457,11749.339
000d7d20_3458,11749.429
000d7d20_3459,11749.4375
000d7d20_3460,11749.431
000d7d20_3461,11749.349
000d7d20_3462,11749.281
000d7d20_3463,11749.319
000d7d20_3464,11749.339
000d7d20_3465,11749.341
000d7d20_3466,11749.388
000d7d20_3467,11749.424
000d7d20_3468,11749.433
000d7d20_3469,11749.421
000d7d20_3470,11749.444
000d7d20_3471,11749.47
000d7d20_3472,11749.446
000d7d20_3473,11749.387
000d7d20_3474,11749.415
000d7d20_3475,11749.355
000d7d20_3476,11749.349
000d7d20_3477,11749.384
000d7d20_3478,11749.357
000d7d20_3479,11749.405
000d7d20_3480,11749.415
000d7d20_3481,11749.4
000d7d20_3482,11749.321
000d7d20_3483,11749.259
000d7d20_3484,11749.218
000d7d20_3485,11749.276
000d7d20_3486,11749.249
000d7d20_3487,11749.264
000d7d20_3488,11749.255
000d7d20_3489,11749.228
000d7d20_3490,11749.297
000d7d20_3491,11749.271
000d7d20_3492,11749.111
000d7d20_3493,11749.114
000d7d20_3494,11749.153
000d7d20_3495,11748.973
000d7d20_3496,11749.009
000d7d20_3497,11748.994
000d7d20_3498,11748.994
000d7d20_3499,11748.998
000d7d20_3500,11749.035
000d7d20_3501,11748.976
000d7d20_3502,11748.907
000d7d20_3503,11748.907
000d7d20_3504,11748.911
000d7d20_3505,11748.848
000d7d20_3506,11748.876
000d7d20_3507,11748.886
000d7d20_3508,11748.903
000d7d20_3509,11748.881
000d7d20_3510,11748.878
000d7d20_3511,11748.891
000d7d20_3512,11748.934
000d7d20_3513,11748.952
000d7d20_3514,11749.014
000d7d20_3515,11748.957
000d7d20_3516,11748.987
000d7d20_3517,11749.033
000d7d20_3518,11749.346
000d7d20_3519,11749.34
000d7d20_3520,11749.313
000d7d20_3521,11749.353
000d7d20_3522,11749.329
000d7d20_3523,11749.303
000d7d20_3524,11749.347
000d7d20_3525,11749.274
000d7d20_3526,11749.373
000d7d20_3527,11749.248
000d7d20_3528,11749.328
000d7d20_3529,11749.293
000d7d20_3530,11749.358
000d7d20_3531,11749.37
000d7d20_3532,11749.312
000d7d20_3533,11749.329
000d7d20_3534,11749.26
000d7d20_3535,11749.295
000d7d20_3536,11749.09
000d7d20_3537,11749.114
000d7d20_3538,11749.153
000d7d20_3539,11749.0625
000d7d20_3540,11749.114
000d7d20_3541,11749.08
000d7d20_3542,11748.992
000d7d20_3543,11749.037
000d7d20_3544,11749.038
000d7d20_3545,11748.983
000d7d20_3546,11749.058
000d7d20_3547,11749.038
000d7d20_3548,11749.035
000d7d20_3549,11749.001
000d7d20_3550,11749.011
000d7d20_3551,11749.044
000d7d20_3552,11749.0205
000d7d20_3553,11749.046
000d7d20_3554,11749.076
000d7d20_3555,11749.032
000d7d20_3556,11749.021
000d7d20_3557,11749.015
000d7d20_3558,11749.006
000d7d20_3559,11748.9375
000d7d20_3560,11748.959
000d7d20_3561,11748.981
000d7d20_3562,11748.985
000d7d20_3563,11748.956
000d7d20_3564,11748.958
000d7d20_3565,11748.976
000d7d20_3566,11748.976
000d7d20_3567,11748.863
000d7d20_3568,11748.886
000d7d20_3569,11748.969
000d7d20_3570,11748.925
000d7d20_3571,11748.809
000d7d20_3572,11748.8
000d7d20_3573,11748.761
000d7d20_3574,11748.794
000d7d20_3575,11748.775
000d7d20_3576,11748.787
000d7d20_3577,11748.771
000d7d20_3578,11748.724
000d7d20_3579,11748.627
000d7d20_3580,11748.604
000d7d20_3581,11748.559
000d7d20_3582,11748.567
000d7d20_3583,11748.578
000d7d20_3584,11748.668
000d7d20_3585,11748.527
000d7d20_3586,11748.529
000d7d20_3587,11748.498
000d7d20_3588,11748.57
000d7d20_3589,11748.567
000d7d20_3590,11748.53
000d7d20_3591,11748.549
000d7d20_3592,11748.482
000d7d20_3593,11748.42
000d7d20_3594,11748.337
000d7d20_3595,11748.278
000d7d20_3596,11748.317
000d7d20_3597,11748.193
000d7d20_3598,11748.098
000d7d20_3599,11748.04
000d7d20_3600,11748.226
000d7d20_3601,11748.093
000d7d20_3602,11747.998
000d7d20_3603,11748.089
000d7d20_3604,11747.85
000d7d20_3605,11747.857
000d7d20_3606,11748.033
000d7d20_3607,11748.573
000d7d20_3608,11748.564
000d7d20_3609,11748.648
000d7d20_3610,11748.511
000d7d20_3611,11748.478
000d7d20_3612,11748.557
000d7d20_3613,11748.373
000d7d20_3614,11748.127
000d7d20_3615,11748.241
000d7d20_3616,11748.102
000d7d20_3617,11748.203
000d7d20_3618,11748.118
000d7d20_3619,11748.213
000d7d20_3620,11747.971
000d7d20_3621,11748.108
000d7d20_3622,11748.015
000d7d20_3623,11748.016
000d7d20_3624,11748.145
000d7d20_3625,11747.966
000d7d20_3626,11748.092
000d7d20_3627,11747.851
000d7d20_3628,11747.961
000d7d20_3629,11747.972
000d7d20_3630,11747.812
000d7d20_3631,11747.896
000d7d20_3632,11747.749
000d7d20_3633,11747.917
000d7d20_3634,11747.751
000d7d20_3635,11747.845
000d7d20_3636,11747.853
000d7d20_3637,11747.698
000d7d20_3638,11747.909
000d7d20_3639,11747.814
000d7d20_3640,11747.932
000d7d20_3641,11747.927
000d7d20_3642,11747.782
000d7d20_3643,11747.924
000d7d20_3644,11747.907
000d7d20_3645,11747.773
000d7d20_3646,11747.851
000d7d20_3647,11747.887
000d7d20_3648,11747.876
000d7d20_3649,11747.723
000d7d20_3650,11747.851
000d7d20_3651,11747.797
000d7d20_3652,11747.706
000d7d20_3653,11747.883
000d7d20_3654,11747.808
000d7d20_3655,11747.79
000d7d20_3656,11747.727
000d7d20_3657,11747.659
000d7d20_3658,11747.77
000d7d20_3659,11747.737
000d7d20_3660,11747.79
000d7d20_3661,11747.782
000d7d20_3662,11747.661
000d7d20_3663,11747.778
000d7d20_3664,11747.762
000d7d20_3665,11747.849
000d7d20_3666,11747.828
000d7d20_3667,11747.75
000d7d20_3668,11747.611
000d7d20_3669,11747.629
000d7d20_3670,11747.506
000d7d20_3671,11747.4
000d7d20_3672,11747.463
000d7d20_3673,11747.438
000d7d20_3674,11747.43
000d7d20_3675,11747.401
000d7d20_3676,11747.406
000d7d20_3677,11747.444
000d7d20_3678,11747.43
000d7d20_3679,11747.442
000d7d20_3680,11747.504
000d7d20_3681,11747.392
000d7d20_3682,11747.484
000d7d20_3683,11747.474
000d7d20_3684,11747.446
000d7d20_3685,11747.448
000d7d20_3686,11747.512
000d7d20_3687,11747.51
000d7d20_3688,11747.508
000d7d20_3689,11747.498
000d7d20_3690,11747.512
000d7d20_3691,11747.837
000d7d20_3692,11747.825
000d7d20_3693,11747.787
000d7d20_3694,11747.669
000d7d20_3695,11747.795
000d7d20_3696,11747.825
000d7d20_3697,11747.772
000d7d20_3698,11747.716
000d7d20_3699,11747.7
000d7d20_3700,11747.623
000d7d20_3701,11747.592
000d7d20_3702,11747.5625
000d7d20_3703,11747.565
000d7d20_3704,11747.554
000d7d20_3705,11747.536
000d7d20_3706,11747.5205
000d7d20_3707,11747.506
000d7d20_3708,11747.481
000d7d20_3709,11747.494
000d7d20_3710,11747.47
000d7d20_3711,11747.479
000d7d20_3712,11747.461
000d7d20_3713,11747.448
000d7d20_3714,11747.452
000d7d20_3715,11747.444
000d7d20_3716,11747.448
000d7d20_3717,11747.485
000d7d20_3718,11747.381
000d7d20_3719,11747.46
000d7d20_3720,11747.765
000d7d20_3721,11747.85
000d7d20_3722,11747.838
000d7d20_3723,11747.831
000d7d20_3724,11747.812
000d7d20_3725,11747.818
000d7d20_3726,11747.791
000d7d20_3727,11748.007
000d7d20_3728,11748.658
000d7d20_3729,11748.567
000d7d20_3730,11748.557
000d7d20_3731,11748.022
000d7d20_3732,11747.988
000d7d20_3733,11747.762
000d7d20_3734,11747.763
000d7d20_3735,11747.735
000d7d20_3736,11747.703
000d7d20_3737,11747.615
000d7d20_3738,11747.577
000d7d20_3739,11747.446
000d7d20_3740,11747.388
000d7d20_3741,11747.49
000d7d20_3742,11747.291
000d7d20_3743,11747.332
000d7d20_3744,11747.306
000d7d20_3745,11747.313
000d7d20_3746,11747.316
000d7d20_3747,11747.135
000d7d20_3748,11746.813
000d7d20_3749,11746.624
000d7d20_3750,11746.249
000d7d20_3751,11746.271
000d7d20_3752,11745.618
000d7d20_3753,11745.645
000d7d20_3754,11745.682
000d7d20_3755,11745.128
000d7d20_3756,11744.873
000d7d20_3757,11744.804
000d7d20_3758,11744.803
000d7d20_3759,11744.809
000d7d20_3760,11744.725
000d7d20_3761,11744.581
000d7d20_3762,11744.432
000d7d20_3763,11744.551
000d7d20_3764,11744.112
000d7d20_3765,11744.169
000d7d20_3766,11744.192
000d7d20_3767,11744.026
000d7d20_3768,11743.952
000d7d20_3769,11743.975
000d7d20_3770,11743.959
000d7d20_3771,11743.936
000d7d20_3772,11743.942
000d7d20_3773,11743.953
000d7d20_3774,11743.991
000d7d20_3775,11744.098
000d7d20_3776,11744.239
000d7d20_3777,11744.236
000d7d20_3778,11744.182
000d7d20_3779,11744.253
000d7d20_3780,11744.249
000d7d20_3781,11744.451
000d7d20_3782,11744.279
000d7d20_3783,11744.32
000d7d20_3784,11744.291
000d7d20_3785,11744.174
000d7d20_3786,11744.243
000d7d20_3787,11744.223
000d7d20_3788,11744.274
000d7d20_3789,11744.328
000d7d20_3790,11744.244
000d7d20_3791,11744.111
000d7d20_3792,11743.978
000d7d20_3793,11744.032
000d7d20_3794,11743.892
000d7d20_3795,11743.633
000d7d20_3796,11743.687
000d7d20_3797,11743.536
000d7d20_3798,11743.56
000d7d20_3799,11743.377
000d7d20_3800,11743.459
000d7d20_3801,11743.69
000d7d20_3802,11743.489
000d7d20_3803,11743.684
000d7d20_3804,11743.617
000d7d20_3805,11743.637
000d7d20_3806,11743.639
000d7d20_3807,11743.608
000d7d20_3808,11743.521
000d7d20_3809,11743.382
000d7d20_3810,11743.401
000d7d20_3811,11743.386
000d7d20_3812,11742.9795
000d7d20_3813,11743.169
000d7d20_3814,11743.246
000d7d20_3815,11743.32
000d7d20_3816,11743.36
000d7d20_3817,11743.425
000d7d20_3818,11743.502
000d7d20_3819,11743.384
000d7d20_3820,11743.456
000d7d20_3821,11743.395
000d7d20_3822,11743.33
000d7d20_3823,11743.062
000d7d20_3824,11742.856
000d7d20_3825,11742.809
000d7d20_3826,11742.751
000d7d20_3827,11742.71
000d7d20_3828,11742.728
000d7d20_3829,11742.829
000d7d20_3830,11742.906
000d7d20_3831,11742.867
000d7d20_3832,11742.941
000d7d20_3833,11742.892
000d7d20_3834,11742.877
000d7d20_3835,11742.856
000d7d20_3836,11742.856
000d7d20_3837,11742.489
000d7d20_3838,11742.697
000d7d20_3839,11742.859
000d7d20_3840,11742.89
000d7d20_3841,11742.865
000d7d20_3842,11742.832
000d7d20_3843,11742.831
000d7d20_3844,11742.802
000d7d20_3845,11742.818
000d7d20_3846,11742.772
000d7d20_3847,11742.6
000d7d20_3848,11742.413
000d7d20_3849,11742.474
000d7d20_3850,11742.542
000d7d20_3851,11742.48
000d7d20_3852,11742.475
000d7d20_3853,11742.41
000d7d20_3854,11742.281
000d7d20_3855,11742.21
000d7d20_3856,11742.008
000d7d20_3857,11742.063
000d7d20_3858,11742.197
000d7d20_3859,11743.107
000d7d20_3860,11743.057
000d7d20_3861,11742.823
000d7d20_3862,11742.89
000d7d20_3863,11742.765
000d7d20_3864,11742.832
000d7d20_3865,11742.784
000d7d20_3866,11742.77
000d7d20_3867,11742.678
000d7d20_3868,11742.751
000d7d20_3869,11742.731
000d7d20_3870,11742.548
000d7d20_3871,11742.6
000d7d20_3872,11742.24
000d7d20_3873,11742.142
000d7d20_3874,11742.256
000d7d20_3875,11742.182
000d7d20_3876,11742.296
000d7d20_3877,11742.253
000d7d20_3878,11742.155
000d7d20_3879,11742.297
000d7d20_3880,11742.013
000d7d20_3881,11741.992
000d7d20_3882,11742.082
000d7d20_3883,11742.237
000d7d20_3884,11742.162
000d7d20_3885,11742.191
000d7d20_3886,11742.062
000d7d20_3887,11742.062
000d7d20_3888,11742.091
000d7d20_3889,11741.841
000d7d20_3890,11742.351
000d7d20_3891,11742.1455
000d7d20_3892,11742.078
000d7d20_3893,11741.8545
000d7d20_3894,11741.479
000d7d20_3895,11741.117
000d7d20_3896,11741.162
000d7d20_3897,11740.931
000d7d20_3898,11740.762
000d7d20_3899,11740.732
000d7d20_3900,11740.931
000d7d20_3901,11740.825
000d7d20_3902,11740.346
000d7d20_3903,11740.281
000d7d20_3904,11740.302
000d7d20_3905,11740.575
000d7d20_3906,11741.419
000d7d20_3907,11741.415
000d7d20_3908,11740.986
000d7d20_3909,11740.908
000d7d20_3910,11740.906
000d7d20_3911,11740.9375
000d7d20_3912,11740.7705
000d7d20_3913,11740.52
000d7d20_3914,11740.407
000d7d20_3915,11740.243
000d7d20_3916,11740.011
000d7d20_3917,11740.006
000d7d20_3918,11740.129
000d7d20_3919,11740.092
000d7d20_3920,11740.042
000d7d20_3921,11740.017
000d7d20_3922,11740.047
000d7d20_3923,11739.975
000d7d20_3924,11739.944
000d7d20_3925,11739.718
000d7d20_3926,11739.495
000d7d20_3927,11739.465
000d7d20_3928,11739.446
000d7d20_3929,11739.441
000d7d20_3930,11739.533
000d7d20_3931,11739.532
000d7d20_3932,11739.57
000d7d20_3933,11739.576
000d7d20_3934,11739.502
000d7d20_3935,11739.492
000d7d20_3936,11739.394
000d7d20_3937,11739.348
000d7d20_3938,11739.4
000d7d20_3939,11739.388
000d7d20_3940,11739.286
000d7d20_3941,11739.363
000d7d20_3942,11739.32
000d7d20_3943,11739.322
000d7d20_3944,11739.394
000d7d20_3945,11739.32
000d7d20_3946,11739.399
000d7d20_3947,11739.392
000d7d20_3948,11739.448
000d7d20_3949,11739.393
000d7d20_3950,11739.446
000d7d20_3951,11739.398
000d7d20_3952,11739.443
000d7d20_3953,11739.347
000d7d20_3954,11739.371
000d7d20_3955,11739.383
000d7d20_3956,11739.38
000d7d20_3957,11739.339
000d7d20_3958,11739.325
000d7d20_3959,11739.572
000d7d20_3960,11739.491
000d7d20_3961,11739.636
000d7d20_3962,11739.524
000d7d20_3963,11739.539
000d7d20_3964,11739.525
000d7d20_3965,11739.409
000d7d20_3966,11739.37
000d7d20_3967,11739.452
000d7d20_3968,11739.401
000d7d20_3969,11739.488
000d7d20_3970,11739.535
000d7d20_3971,11739.483
000d7d20_3972,11739.494
000d7d20_3973,11739.542
000d7d20_3974,11739.502
000d7d20_3975,11739.458
000d7d20_3976,11739.438
000d7d20_3977,11739.372
000d7d20_3978,11739.306
000d7d20_3979,11739.305
000d7d20_3980,11739.322
000d7d20_3981,11739.405
000d7d20_3982,11739.41
000d7d20_3983,11739.456
000d7d20_3984,11739.388
000d7d20_3985,11739.398
000d7d20_3986,11739.414
000d7d20_3987,11739.417
000d7d20_3988,11739.293
000d7d20_3989,11739.318
000d7d20_3990,11739.333
000d7d20_3991,11739.377
000d7d20_3992,11739.344
000d7d20_3993,11739.392
000d7d20_3994,11739.379
000d7d20_3995,11739.367
000d7d20_3996,11739.494
000d7d20_3997,11739.505
000d7d20_3998,11739.4795
000d7d20_3999,11739.436
000d7d20_4000,11739.434
000d7d20_4001,11739.37
000d7d20_4002,11739.336
000d7d20_4003,11739.369
000d7d20_4004,11739.399
000d7d20_4005,11739.394
000d7d20_4006,11739.3955
000d7d20_4007,11739.41
000d7d20_4008,11739.484
000d7d20_4009,11739.438
000d7d20_4010,11739.388
000d7d20_4011,11739.441
000d7d20_4012,11739.446
000d7d20_4013,11739.458
000d7d20_4014,11739.588
000d7d20_4015,11739.439
000d7d20_4016,11739.367
000d7d20_4017,11739.323
000d7d20_4018,11739.316
000d7d20_4019,11739.339
000d7d20_4020,11739.308
000d7d20_4021,11739.332
000d7d20_4022,11739.294
000d7d20_4023,11739.3125
000d7d20_4024,11739.294
000d7d20_4025,11739.286
000d7d20_4026,11739.247
000d7d20_4027,11739.167
000d7d20_4028,11739.185
000d7d20_4029,11739.174
000d7d20_4030,11739.185
000d7d20_4031,11739.099
000d7d20_4032,11739.069
000d7d20_4033,11739.044
000d7d20_4034,11738.986
000d7d20_4035,11738.962
000d7d20_4036,11738.975
000d7d20_4037,11739.228
000d7d20_4038,11739.158
000d7d20_4039,11739.217
000d7d20_4040,11739.153
000d7d20_4041,11739.151
000d7d20_4042,11739.206
000d7d20_4043,11739.16
000d7d20_4044,11739.282
000d7d20_4045,11739.272
000d7d20_4046,11739.229
000d7d20_4047,11739.273
000d7d20_4048,11739.274
000d7d20_4049,11739.251
000d7d20_4050,11739.308
000d7d20_4051,11739.302
000d7d20_4052,11739.257
000d7d20_4053,11739.294
000d7d20_4054,11739.271
000d7d20_4055,11739.213
000d7d20_4056,11739.244
000d7d20_4057,11739.237
000d7d20_4058,11739.149
000d7d20_4059,11739.158
000d7d20_4060,11739.208
000d7d20_4061,11739.214
000d7d20_4062,11739.166
000d7d20_4063,11739.086
000d7d20_4064,11739.033
000d7d20_4065,11739.111
000d7d20_4066,11739.076
000d7d20_4067,11739.063
000d7d20_4068,11739.081
000d7d20_4069,11739.036
000d7d20_4070,11739.056
000d7d20_4071,11739.032
000d7d20_4072,11738.963
000d7d20_4073,11738.981
000d7d20_4074,11739.056
000d7d20_4075,11739.101
000d7d20_4076,11739.021
000d7d20_4077,11739.023
000d7d20_4078,11739.005
000d7d20_4079,11738.976
000d7d20_4080,11738.865
000d7d20_4081,11738.934
000d7d20_4082,11738.827
000d7d20_4083,11738.816
000d7d20_4084,11738.715
000d7d20_4085,11738.692
000d7d20_4086,11738.612
000d7d20_4087,11738.66
000d7d20_4088,11738.674
000d7d20_4089,11738.728
000d7d20_4090,11738.704
000d7d20_4091,11738.697
000d7d20_4092,11738.709
000d7d20_4093,11738.752
000d7d20_4094,11738.687
000d7d20_4095,11738.711
000d7d20_4096,11738.634
000d7d20_4097,11738.682
000d7d20_4098,11738.699
000d7d20_4099,11738.724
000d7d20_4100,11738.629
000d7d20_4101,11738.636
000d7d20_4102,11738.643
000d7d20_4103,11738.592
000d7d20_4104,11738.557
000d7d20_4105,11738.589
000d7d20_4106,11738.34
000d7d20_4107,11738.623
000d7d20_4108,11738.677
000d7d20_4109,11738.681
000d7d20_4110,11738.663
000d7d20_4111,11738.689
000d7d20_4112,11738.696
000d7d20_4113,11738.68
000d7d20_4114,11738.711
000d7d20_4115,11738.732
000d7d20_4116,11738.759
000d7d20_4117,11738.765
000d7d20_4118,11738.734
000d7d20_4119,11738.749
000d7d20_4120,11738.757
000d7d20_4121,11738.78
000d7d20_4122,11738.768
000d7d20_4123,11738.759
000d7d20_4124,11738.7
000d7d20_4125,11738.659
000d7d20_4126,11738.715
000d7d20_4127,11738.658
000d7d20_4128,11738.616
000d7d20_4129,11738.685
000d7d20_4130,11738.806
000d7d20_4131,11738.731
000d7d20_4132,11738.776
000d7d20_4133,11738.874
000d7d20_4134,11738.887
000d7d20_4135,11738.854
000d7d20_4136,11738.853
000d7d20_4137,11738.8955
000d7d20_4138,11738.85
000d7d20_4139,11738.758
000d7d20_4140,11738.878
000d7d20_4141,11738.886
000d7d20_4142,11738.918
000d7d20_4143,11738.897
000d7d20_4144,11738.911
000d7d20_4145,11738.886
000d7d20_4146,11738.828
000d7d20_4147,11738.8545
000d7d20_4148,11738.906
000d7d20_4149,11738.933
000d7d20_4150,11738.974
000d7d20_4151,11738.988
000d7d20_4152,11739.017
000d7d20_4153,11739.09
000d7d20_4154,11739.189
000d7d20_4155,11739.165
000d7d20_4156,11739.173
000d7d20_4157,11739.182
000d7d20_4158,11739.129
000d7d20_4159,11739.091
000d7d20_4160,11739.104
000d7d20_4161,11739.14
000d7d20_4162,11739.079
000d7d20_4163,11739.094
000d7d20_4164,11739.09
000d7d20_4165,11739.095
000d7d20_4166,11739.157
000d7d20_4167,11739.125
000d7d20_4168,11738.9375
000d7d20_4169,11738.4795
000d7d20_4170,11738.384
000d7d20_4171,11738.482
000d7d20_4172,11738.4375
000d7d20_4173,11738.539
000d7d20_4174,11738.673
000d7d20_4175,11738.715
000d7d20_4176,11738.726
000d7d20_4177,11738.623
000d7d20_4178,11738.48
000d7d20_4179,11738.636
000d7d20_4180,11738.862
000d7d20_4181,11738.855
000d7d20_4182,11738.811
000d7d20_4183,11738.819
000d7d20_4184,11738.764
000d7d20_4185,11738.814
000d7d20_4186,11738.843
000d7d20_4187,11738.806
000d7d20_4188,11738.834
000d7d20_4189,11738.84
000d7d20_4190,11738.749
000d7d20_4191,11738.732
000d7d20_4192,11738.834
000d7d20_4193,11738.816
000d7d20_4194,11738.835
000d7d20_4195,11738.765
000d7d20_4196,11738.766
000d7d20_4197,11738.731
000d7d20_4198,11738.748
000d7d20_4199,11738.674
000d7d20_4200,11738.709
000d7d20_4201,11738.75
000d7d20_4202,11738.714
000d7d20_4203,11738.588
000d7d20_4204,11738.627
000d7d20_4205,11738.622
000d7d20_4206,11738.56
000d7d20_4207,11738.594
000d7d20_4208,11738.598
000d7d20_4209,11738.616
000d7d20_4210,11738.668
000d7d20_4211,11738.702
000d7d20_4212,11738.551
000d7d20_4213,11738.674
000d7d20_4214,11738.594
000d7d20_4215,11738.552
000d7d20_4216,11738.633
000d7d20_4217,11738.537
000d7d20_4218,11738.569
000d7d20_4219,11738.538
000d7d20_4220,11738.584
000d7d20_4221,11738.552
000d7d20_4222,11738.586
000d7d20_4223,11738.534
000d7d20_4224,11738.441
000d7d20_4225,11738.301
000d7d20_4226,11738.29
000d7d20_4227,11738.28
000d7d20_4228,11738.264
000d7d20_4229,11738.433
000d7d20_4230,11738.442
000d7d20_4231,11738.351
000d7d20_4232,11738.457
000d7d20_4233,11738.32
000d7d20_4234,11738.24
000d7d20_4235,11738.405
000d7d20_4236,11738.403
000d7d20_4237,11738.51
000d7d20_4238,11738.436
000d7d20_4239,11738.418
000d7d20_4240,11738.392
000d7d20_4241,11738.362
000d7d20_4242,11738.342
000d7d20_4243,11738.327
000d7d20_4244,11738.368
000d7d20_4245,11738.419
000d7d20_4246,11738.361
000d7d20_4247,11738.355
000d7d20_4248,11738.254
000d7d20_4249,11738.391
000d7d20_4250,11738.355
000d7d20_4251,11738.34
000d7d20_4252,11738.476
000d7d20_4253,11738.431
000d7d20_4254,11738.602
000d7d20_4255,11738.595
000d7d20_4256,11738.5205
000d7d20_4257,11738.512
000d7d20_4258,11738.5625
000d7d20_4259,11738.606
000d7d20_4260,11738.611
000d7d20_4261,11738.544
000d7d20_4262,11738.508
000d7d20_4263,11738.456
000d7d20_4264,11738.467
000d7d20_4265,11738.2705
000d7d20_4266,11738.339
000d7d20_4267,11738.192
000d7d20_4268,11738.229
000d7d20_4269,11738.057
000d7d20_4270,11738.313
000d7d20_4271,11738.173
000d7d20_4272,11738.158
000d7d20_4273,11738.113
000d7d20_4274,11738.164
000d7d20_4275,11738.175
000d7d20_4276,11738.12
000d7d20_4277,11738.375
000d7d20_4278,11738.291
000d7d20_4279,11738.113
000d7d20_4280,11738.141
000d7d20_4281,11738.232
000d7d20_4282,11738.075
000d7d20_4283,11738.241
000d7d20_4284,11738.232
000d7d20_4285,11738.323
000d7d20_4286,11738.288
000d7d20_4287,11738.237
000d7d20_4288,11738.391
000d7d20_4289,11738.489
000d7d20_4290,11738.392
000d7d20_4291,11738.368
000d7d20_4292,11738.355
000d7d20_4293,11738.411
000d7d20_4294,11738.34
000d7d20_4295,11738.371
000d7d20_4296,11738.3
000d7d20_4297,11738.18
000d7d20_4298,11738.263
000d7d20_4299,11738.354
000d7d20_4300,11738.361
000d7d20_4301,11738.384
000d7d20_4302,11738.395
000d7d20_4303,11738.421
000d7d20_4304,11738.406
000d7d20_4305,11738.32
000d7d20_4306,11738.353
000d7d20_4307,11738.438
000d7d20_4308,11738.649
000d7d20_4309,11738.66
000d7d20_4310,11738.57
000d7d20_4311,11738.544
000d7d20_4312,11738.591
000d7d20_4313,11738.579
000d7d20_4314,11738.631
000d7d20_4315,11738.574
000d7d20_4316,11738.602
000d7d20_4317,11738.636
000d7d20_4318,11738.59
000d7d20_4319,11738.535
000d7d20_4320,11738.576
000d7d20_4321,11738.62
000d7d20_4322,11738.656
000d7d20_4323,11738.556
000d7d20_4324,11738.68
000d7d20_4325,11738.681
000d7d20_4326,11738.619
000d7d20_4327,11738.638
000d7d20_4328,11738.605
000d7d20_4329,11738.941
000d7d20_4330,11738.939
000d7d20_4331,11738.948
000d7d20_4332,11738.828
000d7d20_4333,11738.775
000d7d20_4334,11738.844
000d7d20_4335,11738.809
000d7d20_4336,11738.941
000d7d20_4337,11738.778
000d7d20_4338,11738.771
000d7d20_4339,11738.765
000d7d20_4340,11738.811
000d7d20_4341,11738.757
000d7d20_4342,11738.653
000d7d20_4343,11738.666
000d7d20_4344,11738.647
000d7d20_4345,11738.603
000d7d20_4346,11738.621
000d7d20_4347,11738.646
000d7d20_4348,11738.622
000d7d20_4349,11738.519
000d7d20_4350,11738.677
000d7d20_4351,11738.691
000d7d20_4352,11738.717
000d7d20_4353,11738.659
000d7d20_4354,11738.726
000d7d20_4355,11738.767
000d7d20_4356,11738.707
000d7d20_4357,11738.601
000d7d20_4358,11738.593
000d7d20_4359,11738.544
000d7d20_4360,11738.481
000d7d20_4361,11738.478
000d7d20_4362,11738.502
000d7d20_4363,11738.494
000d7d20_4364,11738.526
000d7d20_4365,11738.484
000d7d20_4366,11738.582
000d7d20_4367,11738.542
000d7d20_4368,11738.562
000d7d20_4369,11738.586
000d7d20_4370,11738.493
000d7d20_4371,11738.466
000d7d20_4372,11738.536
000d7d20_4373,11738.523
000d7d20_4374,11738.491
000d7d20_4375,11738.498
000d7d20_4376,11738.578
000d7d20_4377,11738.57
000d7d20_4378,11738.565
000d7d20_4379,11738.607
000d7d20_4380,11738.569
000d7d20_4381,11738.673
000d7d20_4382,11738.532
000d7d20_4383,11738.695
000d7d20_4384,11738.642
000d7d20_4385,11738.778
000d7d20_4386,11738.712
000d7d20_4387,11738.734
000d7d20_4388,11738.755
000d7d20_4389,11738.716
000d7d20_4390,11738.787
000d7d20_4391,11738.84
000d7d20_4392,11738.85
000d7d20_4393,11738.801
000d7d20_4394,11738.825
000d7d20_4395,11738.797
000d7d20_4396,11738.746
000d7d20_4397,11738.722
000d7d20_4398,11738.709
000d7d20_4399,11738.708
000d7d20_4400,11738.744
000d7d20_4401,11738.713
000d7d20_4402,11738.684
000d7d20_4403,11738.704
000d7d20_4404,11738.604
000d7d20_4405,11738.613
000d7d20_4406,11738.814
000d7d20_4407,11738.932
000d7d20_4408,11738.981
000d7d20_4409,11738.912
000d7d20_4410,11738.954
000d7d20_4411,11738.9375
000d7d20_4412,11738.964
000d7d20_4413,11738.806
000d7d20_4414,11739.062
000d7d20_4415,11739.035
000d7d20_4416,11739.216
000d7d20_4417,11739.19
000d7d20_4418,11739.208
000d7d20_4419,11739.122
000d7d20_4420,11739.237
000d7d20_4421,11739.146
000d7d20_4422,11739.216
000d7d20_4423,11739.224
000d7d20_4424,11739.164
000d7d20_4425,11739.222
000d7d20_4426,11739.022
000d7d20_4427,11739.064
000d7d20_4428,11738.873
000d7d20_4429,11739.0
000d7d20_4430,11738.932
000d7d20_4431,11739.004
000d7d20_4432,11739.007
000d7d20_4433,11738.528
000d7d20_4434,11738.694
000d7d20_4435,11738.676
000d7d20_4436,11738.74
000d7d20_4437,11738.752
000d7d20_4438,11738.727
000d7d20_4439,11738.629
000d7d20_4440,11738.552
000d7d20_4441,11738.077
000d7d20_4442,11737.957
000d7d20_4443,11738.15
000d7d20_4444,11738.158
000d7d20_4445,11738.357
000d7d20_4446,11738.256
000d7d20_4447,11738.707
000d7d20_4448,11738.645
000d7d20_4449,11738.679
000d7d20_4450,11738.669
000d7d20_4451,11738.66
000d7d20_4452,11738.6
000d7d20_4453,11738.612
000d7d20_4454,11738.504
000d7d20_4455,11738.919
000d7d20_4456,11738.924
000d7d20_4457,11738.914
000d7d20_4458,11738.961
000d7d20_4459,11739.056
000d7d20_4460,11738.952
000d7d20_4461,11738.969
000d7d20_4462,11739.028
000d7d20_4463,11739.064
000d7d20_4464,11739.014
000d7d20_4465,11738.9795
000d7d20_4466,11738.944
000d7d20_4467,11738.998
000d7d20_4468,11738.908
000d7d20_4469,11738.93
000d7d20_4470,11738.768
000d7d20_4471,11738.9795
000d7d20_4472,11738.959
000d7d20_4473,11739.048
000d7d20_4474,11739.157
000d7d20_4475,11738.957
000d7d20_4476,11738.994
000d7d20_4477,11738.957
000d7d20_4478,11738.789
000d7d20_4479,11738.806
000d7d20_4480,11738.94
000d7d20_4481,11738.936
000d7d20_4482,11738.983
000d7d20_4483,11738.918
000d7d20_4484,11739.018
000d7d20_4485,11738.955
000d7d20_4486,11739.054
000d7d20_4487,11739.108
000d7d20_4488,11739.17
000d7d20_4489,11739.135
000d7d20_4490,11739.164
000d7d20_4491,11739.179
000d7d20_4492,11739.116
000d7d20_4493,11739.173
000d7d20_4494,11738.968
000d7d20_4495,11738.919
000d7d20_4496,11738.915
000d7d20_4497,11738.887
000d7d20_4498,11738.915
000d7d20_4499,11738.937
000d7d20_4500,11738.98
000d7d20_4501,11738.99
000d7d20_4502,11739.23
000d7d20_4503,11739.076
000d7d20_4504,11738.986
000d7d20_4505,11739.083
000d7d20_4506,11739.112
000d7d20_4507,11739.168
000d7d20_4508,11739.221
000d7d20_4509,11739.153
000d7d20_4510,11739.206
000d7d20_4511,11739.176
000d7d20_4512,11739.174
000d7d20_4513,11739.211
000d7d20_4514,11739.081
000d7d20_4515,11739.077
000d7d20_4516,11738.996
000d7d20_4517,11738.948
000d7d20_4518,11739.105
000d7d20_4519,11739.082
000d7d20_4520,11739.076
000d7d20_4521,11739.089
000d7d20_4522,11739.018
000d7d20_4523,11738.997
000d7d20_4524,11738.995
000d7d20_4525,11739.058
000d7d20_4526,11738.843
000d7d20_4527,11738.921
000d7d20_4528,11738.952
000d7d20_4529,11739.041
000d7d20_4530,11739.069
000d7d20_4531,11738.833
000d7d20_4532,11739.002
000d7d20_4533,11738.997
000d7d20_4534,11739.062
000d7d20_4535,11739.055
000d7d20_4536,11739.061
000d7d20_4537,11739.216
000d7d20_4538,11739.135
000d7d20_4539,11739.191
000d7d20_4540,11739.207
000d7d20_4541,11739.26
000d7d20_4542,11739.243
000d7d20_4543,11739.265
000d7d20_4544,11739.154
000d7d20_4545,11739.214
000d7d20_4546,11739.157
000d7d20_4547,11739.183
000d7d20_4548,11739.239
000d7d20_4549,11739.205
000d7d20_4550,11739.259
000d7d20_4551,11739.239
000d7d20_4552,11739.254
000d7d20_4553,11739.231
000d7d20_4554,11739.237
000d7d20_4555,11739.199
000d7d20_4556,11739.251
000d7d20_4557,11739.2
000d7d20_4558,11739.248
000d7d20_4559,11739.137
000d7d20_4560,11739.164
000d7d20_4561,11739.234
000d7d20_4562,11739.231
000d7d20_4563,11739.272
000d7d20_4564,11739.228
000d7d20_4565,11739.223
000d7d20_4566,11739.208
000d7d20_4567,11739.21
000d7d20_4568,11739.15
000d7d20_4569,11739.206
000d7d20_4570,11739.159
000d7d20_4571,11739.195
000d7d20_4572,11739.198
000d7d20_4573,11739.199
000d7d20_4574,11739.174
000d7d20_4575,11739.15
000d7d20_4576,11739.113
000d7d20_4577,11739.1875
000d7d20_4578,11739.156
000d7d20_4579,11739.19
000d7d20_4580,11739.139
000d7d20_4581,11739.163
000d7d20_4582,11739.158
000d7d20_4583,11739.164
000d7d20_4584,11739.204
000d7d20_4585,11739.17
000d7d20_4586,11739.163
000d7d20_4587,11739.147
000d7d20_4588,11739.171
000d7d20_4589,11739.148
000d7d20_4590,11739.195
000d7d20_4591,11739.168
000d7d20_4592,11739.215
000d7d20_4593,11739.107
000d7d20_4594,11739.141
000d7d20_4595,11739.116
000d7d20_4596,11739.125
000d7d20_4597,11739.143
000d7d20_4598,11739.072
000d7d20_4599,11739.204
000d7d20_4600,11739.099
000d7d20_4601,11739.169
000d7d20_4602,11739.069
000d7d20_4603,11739.149
000d7d20_4604,11739.059
000d7d20_4605,11739.134
000d7d20_4606,11739.135
000d7d20_4607,11739.13
000d7d20_4608,11739.175
000d7d20_4609,11739.082
000d7d20_4610,11739.07
000d7d20_4611,11739.128
000d7d20_4612,11739.0625
000d7d20_4613,11739.121
000d7d20_4614,11739.115
000d7d20_4615,11739.097
000d7d20_4616,11739.086
000d7d20_4617,11739.098
000d7d20_4618,11739.056
000d7d20_4619,11739.01
000d7d20_4620,11739.062
000d7d20_4621,11739.063
000d7d20_4622,11739.006
000d7d20_4623,11739.043
000d7d20_4624,11739.052
000d7d20_4625,11739.056
000d7d20_4626,11739.08
000d7d20_4627,11739.073
000d7d20_4628,11739.047
000d7d20_4629,11739.057
000d7d20_4630,11739.054
000d7d20_4631,11739.047
000d7d20_4632,11739.068
000d7d20_4633,11739.046
000d7d20_4634,11739.022
000d7d20_4635,11738.991
000d7d20_4636,11738.91
000d7d20_4637,11738.902
000d7d20_4638,11738.822
000d7d20_4639,11738.762
000d7d20_4640,11738.817
000d7d20_4641,11738.8
000d7d20_4642,11738.803
000d7d20_4643,11738.845
000d7d20_4644,11738.855
000d7d20_4645,11738.96
000d7d20_4646,11738.867
000d7d20_4647,11738.856
000d7d20_4648,11738.8545
000d7d20_4649,11738.956
000d7d20_4650,11738.877
000d7d20_4651,11738.886
000d7d20_4652,11738.969
000d7d20_4653,11738.872
000d7d20_4654,11739.013
000d7d20_4655,11738.966
000d7d20_4656,11739.019
000d7d20_4657,11738.944
000d7d20_4658,11738.959
000d7d20_4659,11739.064
000d7d20_4660,11739.06
000d7d20_4661,11738.999
000d7d20_4662,11739.109
000d7d20_4663,11739.079
000d7d20_4664,11739.067
000d7d20_4665,11739.025
000d7d20_4666,11739.013
000d7d20_4667,11739.029
000d7d20_4668,11738.957
000d7d20_4669,11739.029
000d7d20_4670,11739.003
000d7d20_4671,11738.97
000d7d20_4672,11738.869
000d7d20_4673,11738.9375
000d7d20_4674,11738.948
000d7d20_4675,11739.031
000d7d20_4676,11738.931
000d7d20_4677,11738.932
000d7d20_4678,11738.93
000d7d20_4679,11738.865
000d7d20_4680,11738.866
000d7d20_4681,11738.978
000d7d20_4682,11738.8955
000d7d20_4683,11738.805
000d7d20_4684,11738.822
000d7d20_4685,11738.873
000d7d20_4686,11738.903
000d7d20_4687,11738.94
000d7d20_4688,11738.94
000d7d20_4689,11738.959
000d7d20_4690,11738.919
000d7d20_4691,11738.896
000d7d20_4692,11738.96
000d7d20_4693,11738.9
000d7d20_4694,11738.873
000d7d20_4695,11738.971
000d7d20_4696,11738.786
000d7d20_4697,11738.814
000d7d20_4698,11738.778
000d7d20_4699,11738.884
000d7d20_4700,11738.796
000d7d20_4701,11738.815
000d7d20_4702,11738.775
000d7d20_4703,11738.709
000d7d20_4704,11738.604
000d7d20_4705,11738.56
000d7d20_4706,11738.748
000d7d20_4707,11738.631
000d7d20_4708,11738.865
000d7d20_4709,11738.743
000d7d20_4710,11739.032
000d7d20_4711,11739.138
000d7d20_4712,11739.091
000d7d20_4713,11739.298
000d7d20_4714,11739.279
000d7d20_4715,11739.188
000d7d20_4716,11739.192
000d7d20_4717,11739.208
000d7d20_4718,11738.906
000d7d20_4719,11738.933
000d7d20_4720,11738.869
000d7d20_4721,11738.852
000d7d20_4722,11738.844
000d7d20_4723,11738.754
000d7d20_4724,11738.718
000d7d20_4725,11738.707
000d7d20_4726,11738.693
000d7d20_4727,11738.701
000d7d20_4728,11738.621
000d7d20_4729,11738.564
000d7d20_4730,11738.55
000d7d20_4731,11738.752
000d7d20_4732,11738.838
000d7d20_4733,11738.756
000d7d20_4734,11738.8
000d7d20_4735,11738.787
000d7d20_4736,11738.637
000d7d20_4737,11738.719
000d7d20_4738,11738.288
000d7d20_4739,11738.07
000d7d20_4740,11738.228
000d7d20_4741,11738.205
000d7d20_4742,11738.174
000d7d20_4743,11738.002
000d7d20_4744,11738.019
000d7d20_4745,11738.015
000d7d20_4746,11737.892
000d7d20_4747,11738.116
000d7d20_4748,11737.898
000d7d20_4749,11737.417
000d7d20_4750,11737.959
000d7d20_4751,11738.12
000d7d20_4752,11737.478
000d7d20_4753,11737.809
000d7d20_4754,11737.945
000d7d20_4755,11737.806
000d7d20_4756,11737.201
000d7d20_4757,11737.777
000d7d20_4758,11737.715
000d7d20_4759,11737.747
000d7d20_4760,11737.103
000d7d20_4761,11736.972
000d7d20_4762,11737.093
000d7d20_4763,11737.157
000d7d20_4764,11737.095
000d7d20_4765,11737.451
000d7d20_4766,11737.612
000d7d20_4767,11737.512
000d7d20_4768,11737.081
000d7d20_4769,11737.101
000d7d20_4770,11737.465
000d7d20_4771,11737.572
000d7d20_4772,11737.478
000d7d20_4773,11737.528
000d7d20_4774,11737.4795
000d7d20_4775,11737.412
000d7d20_4776,11737.415
000d7d20_4777,11737.381
000d7d20_4778,11737.442
000d7d20_4779,11737.519
000d7d20_4780,11737.653
000d7d20_4781,11737.766
000d7d20_4782,11737.73
000d7d20_4783,11737.663
000d7d20_4784,11737.735
000d7d20_4785,11737.834
000d7d20_4786,11737.795
000d7d20_4787,11737.814
000d7d20_4788,11737.827
000d7d20_4789,11737.819
000d7d20_4790,11737.779
000d7d20_4791,11737.804
000d7d20_4792,11737.683
000d7d20_4793,11737.624
000d7d20_4794,11737.654
000d7d20_4795,11737.7
000d7d20_4796,11737.593
000d7d20_4797,11737.69
000d7d20_4798,11737.779
000d7d20_4799,11737.854
000d7d20_4800,11737.85
000d7d20_4801,11737.964
000d7d20_4802,11738.001
000d7d20_4803,11737.935
000d7d20_4804,11738.001
000d7d20_4805,11737.975
000d7d20_4806,11737.947
000d7d20_4807,11737.982
000d7d20_4808,11737.993
000d7d20_4809,11738.188
000d7d20_4810,11738.208
000d7d20_4811,11738.22
000d7d20_4812,11738.16
000d7d20_4813,11738.251
000d7d20_4814,11738.288
000d7d20_4815,11738.233
000d7d20_4816,11738.26
000d7d20_4817,11738.26
000d7d20_4818,11738.144
000d7d20_4819,11738.259
000d7d20_4820,11738.262
000d7d20_4821,11738.202
000d7d20_4822,11738.151
000d7d20_4823,11738.157
000d7d20_4824,11738.136
000d7d20_4825,11738.134
000d7d20_4826,11738.049
000d7d20_4827,11738.029
000d7d20_4828,11738.3545
000d7d20_4829,11738.252
000d7d20_4830,11738.278
000d7d20_4831,11738.24
000d7d20_4832,11738.217
000d7d20_4833,11738.254
000d7d20_4834,11738.175
000d7d20_4835,11738.194
000d7d20_4836,11738.236
000d7d20_4837,11737.981
000d7d20_4838,11738.035
000d7d20_4839,11737.973
000d7d20_4840,11737.812
000d7d20_4841,11737.843
000d7d20_4842,11737.792
000d7d20_4843,11737.785
000d7d20_4844,11737.607
000d7d20_4845,11737.238
000d7d20_4846,11737.606
000d7d20_4847,11737.609
000d7d20_4848,11737.611
000d7d20_4849,11737.681
000d7d20_4850,11737.695
000d7d20_4851,11737.7295
000d7d20_4852,11737.763
000d7d20_4853,11737.724
000d7d20_4854,11737.516
000d7d20_4855,11737.508
000d7d20_4856,11737.6
000d7d20_4857,11737.606
000d7d20_4858,11737.583
000d7d20_4859,11737.114
000d7d20_4860,11737.066
000d7d20_4861,11737.062
000d7d20_4862,11737.13
000d7d20_4863,11737.081
000d7d20_4864,11737.596
000d7d20_4865,11737.672
000d7d20_4866,11737.619
000d7d20_4867,11737.194
000d7d20_4868,11737.078
000d7d20_4869,11737.373
000d7d20_4870,11737.477
000d7d20_4871,11737.547
000d7d20_4872,11737.526
000d7d20_4873,11737.505
000d7d20_4874,11737.486
000d7d20_4875,11737.428
000d7d20_4876,11737.427
000d7d20_4877,11737.403
000d7d20_4878,11737.473
000d7d20_4879,11737.393
000d7d20_4880,11737.348
000d7d20_4881,11737.259
000d7d20_4882,11737.301
000d7d20_4883,11737.39
000d7d20_4884,11736.968
000d7d20_4885,11737.315
000d7d20_4886,11737.489
000d7d20_4887,11737.362
000d7d20_4888,11737.276
000d7d20_4889,11736.978
000d7d20_4890,11736.984
000d7d20_4891,11736.941
000d7d20_4892,11736.876
000d7d20_4893,11736.869
000d7d20_4894,11737.167
000d7d20_4895,11737.114
000d7d20_4896,11737.179
000d7d20_4897,11737.109
000d7d20_4898,11737.1
000d7d20_4899,11736.828
000d7d20_4900,11736.652
000d7d20_4901,11736.598
000d7d20_4902,11736.574
000d7d20_4903,11736.663
000d7d20_4904,11736.559
000d7d20_4905,11736.614
000d7d20_4906,11736.594
000d7d20_4907,11736.508
000d7d20_4908,11736.474
000d7d20_4909,11736.515
000d7d20_4910,11736.49
000d7d20_4911,11736.449
000d7d20_4912,11736.611
000d7d20_4913,11737.001
000d7d20_4914,11737.1045
000d7d20_4915,11737.131
000d7d20_4916,11737.163
000d7d20_4917,11737.31
000d7d20_4918,11737.255
000d7d20_4919,11737.291
000d7d20_4920,11737.225
000d7d20_4921,11737.066
000d7d20_4922,11736.771
000d7d20_4923,11736.773
000d7d20_4924,11736.978
000d7d20_4925,11737.092
000d7d20_4926,11737.123
000d7d20_4927,11737.479
000d7d20_4928,11737.458
000d7d20_4929,11737.042
000d7d20_4930,11737.242
000d7d20_4931,11737.104
000d7d20_4932,11737.094
000d7d20_4933,11736.692
000d7d20_4934,11736.994
000d7d20_4935,11737.45
000d7d20_4936,11736.915
000d7d20_4937,11736.816
000d7d20_4938,11736.924
000d7d20_4939,11737.363
000d7d20_4940,11737.088
000d7d20_4941,11736.94
000d7d20_4942,11737.04
000d7d20_4943,11736.852
000d7d20_4944,11736.86
000d7d20_4945,11737.364
000d7d20_4946,11736.863
000d7d20_4947,11736.9
000d7d20_4948,11736.889
000d7d20_4949,11736.959
000d7d20_4950,11737.409
000d7d20_4951,11737.456
000d7d20_4952,11737.425
000d7d20_4953,11737.447
000d7d20_4954,11737.381
000d7d20_4955,11737.391
000d7d20_4956,11737.45
000d7d20_4957,11736.887
000d7d20_4958,11737.414
000d7d20_4959,11737.503
000d7d20_4960,11737.465
000d7d20_4961,11737.55
000d7d20_4962,11737.74
000d7d20_4963,11737.714
000d7d20_4964,11737.719
000d7d20_4965,11737.671
000d7d20_4966,11737.524
000d7d20_4967,11737.516
000d7d20_4968,11737.58
000d7d20_4969,11737.578
000d7d20_4970,11737.809
000d7d20_4971,11737.759
000d7d20_4972,11737.787
000d7d20_4973,11737.8545
000d7d20_4974,11737.897
000d7d20_4975,11737.73
000d7d20_4976,11737.756
000d7d20_4977,11737.787
000d7d20_4978,11737.844
000d7d20_4979,11737.727
000d7d20_4980,11737.772
000d7d20_4981,11737.706
000d7d20_4982,11737.715
000d7d20_4983,11737.797
000d7d20_4984,11737.672
000d7d20_4985,11737.77
000d7d20_4986,11737.614
000d7d20_4987,11737.611
000d7d20_4988,11737.624
000d7d20_4989,11737.722
000d7d20_4990,11737.77
000d7d20_4991,11737.692
000d7d20_4992,11737.698
000d7d20_4993,11737.784
000d7d20_4994,11737.708
000d7d20_4995,11737.749
000d7d20_4996,11737.704
000d7d20_4997,11737.743
000d7d20_4998,11737.793
000d7d20_4999,11737.665
000d7d20_5000,11737.781
000d7d20_5001,11737.733
000d7d20_5002,11737.832
000d7d20_5003,11737.804
000d7d20_5004,11737.85
000d7d20_5005,11737.922
000d7d20_5006,11737.838
000d7d20_5007,11738.005
000d7d20_5008,11738.173
000d7d20_5009,11738.227
000d7d20_5010,11738.206
000d7d20_5011,11738.088
000d7d20_5012,11738.21
000d7d20_5013,11738.249
000d7d20_5014,11738.222
000d7d20_5015,11738.236
000d7d20_5016,11738.208
000d7d20_5017,11738.276
000d7d20_5018,11738.337
000d7d20_5019,11738.275
000d7d20_5020,11738.247
000d7d20_5021,11738.259
000d7d20_5022,11738.233
000d7d20_5023,11738.196
000d7d20_5024,11738.1
000d7d20_5025,11738.125
000d7d20_5026,11738.114
000d7d20_5027,11738.186
000d7d20_5028,11738.116
000d7d20_5029,11738.047
000d7d20_5030,11738.06
000d7d20_5031,11738.056
000d7d20_5032,11738.08
000d7d20_5033,11738.134
000d7d20_5034,11738.078
000d7d20_5035,11738.0625
000d7d20_5036,11738.071
000d7d20_5037,11738.112
000d7d20_5038,11738.134
000d7d20_5039,11738.079
000d7d20_5040,11738.12
000d7d20_5041,11738.066
000d7d20_5042,11738.161
000d7d20_5043,11738.106
000d7d20_5044,11738.128
000d7d20_5045,11738.134
000d7d20_5046,11738.068
000d7d20_5047,11738.098
000d7d20_5048,11738.263
000d7d20_5049,11738.201
000d7d20_5050,11738.241
000d7d20_5051,11738.21
000d7d20_5052,11738.323
000d7d20_5053,11738.376
000d7d20_5054,11738.317
000d7d20_5055,11738.372
000d7d20_5056,11738.385
000d7d20_5057,11738.462
000d7d20_5058,11738.414
000d7d20_5059,11738.344
000d7d20_5060,11738.4
000d7d20_5061,11738.472
000d7d20_5062,11738.494
000d7d20_5063,11738.543
000d7d20_5064,11738.569
000d7d20_5065,11738.573
000d7d20_5066,11738.52
000d7d20_5067,11738.42
000d7d20_5068,11738.504
000d7d20_5069,11738.531
000d7d20_5070,11738.597
000d7d20_5071,11738.593
000d7d20_5072,11738.621
000d7d20_5073,11738.637
000d7d20_5074,11738.606
000d7d20_5075,11738.609
000d7d20_5076,11738.627
000d7d20_5077,11738.43
000d7d20_5078,11738.6875
000d7d20_5079,11738.816
000d7d20_5080,11738.907
000d7d20_5081,11738.845
000d7d20_5082,11738.879
000d7d20_5083,11738.874
000d7d20_5084,11738.853
000d7d20_5085,11738.862
000d7d20_5086,11738.881
000d7d20_5087,11738.905
000d7d20_5088,11738.84
000d7d20_5089,11738.893
000d7d20_5090,11738.962
000d7d20_5091,11738.928
000d7d20_5092,11738.941
000d7d20_5093,11738.979
000d7d20_5094,11738.962
000d7d20_5095,11739.007
000d7d20_5096,11738.977
000d7d20_5097,11738.971
000d7d20_5098,11738.987
000d7d20_5099,11738.941
000d7d20_5100,11738.93
000d7d20_5101,11738.959
000d7d20_5102,11738.944
000d7d20_5103,11738.861
000d7d20_5104,11738.873
000d7d20_5105,11738.853
000d7d20_5106,11738.86
000d7d20_5107,11738.886
000d7d20_5108,11738.875
000d7d20_5109,11738.982
000d7d20_5110,11739.016
000d7d20_5111,11738.962
000d7d20_5112,11738.973
000d7d20_5113,11738.892
000d7d20_5114,11738.892
000d7d20_5115,11738.961
000d7d20_5116,11738.957
000d7d20_5117,11739.006
000d7d20_5118,11739.048
000d7d20_5119,11738.965
000d7d20_5120,11738.868
000d7d20_5121,11738.916
000d7d20_5122,11738.91
000d7d20_5123,11738.91
000d7d20_5124,11738.913
000d7d20_5125,11738.973
000d7d20_5126,11738.849
000d7d20_5127,11738.85
000d7d20_5128,11738.79
000d7d20_5129,11738.755
000d7d20_5130,11738.751
000d7d20_5131,11738.753
000d7d20_5132,11738.673
000d7d20_5133,11738.841
000d7d20_5134,11738.801
000d7d20_5135,11738.805
000d7d20_5136,11738.942
000d7d20_5137,11738.866
000d7d20_5138,11738.937
000d7d20_5139,11738.92
000d7d20_5140,11738.875
000d7d20_5141,11738.839
000d7d20_5142,11738.858
000d7d20_5143,11738.935
000d7d20_5144,11738.972
000d7d20_5145,11739.016
000d7d20_5146,11739.022
000d7d20_5147,11738.959
000d7d20_5148,11738.881
000d7d20_5149,11738.87
000d7d20_5150,11738.865
000d7d20_5151,11738.985
000d7d20_5152,11738.894
000d7d20_5153,11738.991
000d7d20_5154,11739.005
000d7d20_5155,11739.013
000d7d20_5156,11738.925
000d7d20_5157,11738.891
000d7d20_5158,11738.91
000d7d20_5159,11738.979
000d7d20_5160,11738.967
000d7d20_5161,11738.936
000d7d20_5162,11738.94
000d7d20_5163,11739.05
000d7d20_5164,11739.033
000d7d20_5165,11738.929
000d7d20_5166,11739.011
000d7d20_5167,11739.018
000d7d20_5168,11739.01
000d7d20_5169,11738.999
000d7d20_5170,11738.932
000d7d20_5171,11738.983
000d7d20_5172,11738.996
000d7d20_5173,11738.82
000d7d20_5174,11738.921
000d7d20_5175,11738.929
000d7d20_5176,11738.916
000d7d20_5177,11738.876
000d7d20_5178,11739.027
000d7d20_5179,11738.993
000d7d20_5180,11739.1045
000d7d20_5181,11738.986
000d7d20_5182,11739.0625
000d7d20_5183,11739.054
000d7d20_5184,11739.061
000d7d20_5185,11738.887
000d7d20_5186,11739.026
000d7d20_5187,11738.968
000d7d20_5188,11739.066
000d7d20_5189,11739.026
000d7d20_5190,11739.008
000d7d20_5191,11739.032
000d7d20_5192,11738.874
000d7d20_5193,11738.812
000d7d20_5194,11738.778
000d7d20_5195,11738.704
000d7d20_5196,11738.699
000d7d20_5197,11738.753
000d7d20_5198,11738.812
000d7d20_5199,11738.87
000d7d20_5200,11738.803
000d7d20_5201,11738.454
000d7d20_5202,11738.471
000d7d20_5203,11738.356
000d7d20_5204,11738.355
000d7d20_5205,11738.302
000d7d20_5206,11737.982
000d7d20_5207,11738.002
000d7d20_5208,11738.054
000d7d20_5209,11737.967
000d7d20_5210,11737.922
000d7d20_5211,11737.913
000d7d20_5212,11737.891
000d7d20_5213,11737.926
000d7d20_5214,11737.91
000d7d20_5215,11737.887
000d7d20_5216,11737.827
000d7d20_5217,11737.886
000d7d20_5218,11737.873
000d7d20_5219,11738.077
000d7d20_5220,11737.666
000d7d20_5221,11737.57
000d7d20_5222,11737.246
000d7d20_5223,11737.367
000d7d20_5224,11737.35
000d7d20_5225,11737.34
000d7d20_5226,11737.374
000d7d20_5227,11737.388
000d7d20_5228,11737.315
000d7d20_5229,11737.338
000d7d20_5230,11737.325
000d7d20_5231,11737.3
000d7d20_5232,11737.198
000d7d20_5233,11737.6045
000d7d20_5234,11737.404
000d7d20_5235,11737.137
000d7d20_5236,11737.107
000d7d20_5237,11737.46
000d7d20_5238,11737.307
000d7d20_5239,11737.158
000d7d20_5240,11737.211
000d7d20_5241,11737.151
000d7d20_5242,11736.945
000d7d20_5243,11737.024
000d7d20_5244,11736.996
000d7d20_5245,11737.093
000d7d20_5246,11736.851
000d7d20_5247,11736.864
000d7d20_5248,11736.809
000d7d20_5249,11736.821
000d7d20_5250,11736.61
000d7d20_5251,11736.596
000d7d20_5252,11736.856
000d7d20_5253,11736.801
000d7d20_5254,11736.922
000d7d20_5255,11736.93
000d7d20_5256,11736.633
000d7d20_5257,11736.319
000d7d20_5258,11736.349
000d7d20_5259,11736.349
000d7d20_5260,11736.309
000d7d20_5261,11736.198
000d7d20_5262,11736.157
000d7d20_5263,11736.101
000d7d20_5264,11736.09
000d7d20_5265,11736.062
000d7d20_5266,11736.028
000d7d20_5267,11735.99
000d7d20_5268,11735.943
000d7d20_5269,11735.771
000d7d20_5270,11735.732
000d7d20_5271,11735.782
000d7d20_5272,11735.868
000d7d20_5273,11736.103
000d7d20_5274,11736.418
000d7d20_5275,11736.948
000d7d20_5276,11736.836
000d7d20_5277,11736.842
00bbac68_1545,12226.012
00bbac68_1546,12226.135
00bbac68_1547,12226.25
00bbac68_1548,12226.116
00bbac68_1549,12226.127
00bbac68_1550,12226.257
00bbac68_1551,12226.298
00bbac68_1552,12226.341
00bbac68_1553,12226.358
00bbac68_1554,12226.504
00bbac68_1555,12226.495
00bbac68_1556,12226.427
00bbac68_1557,12226.532
00bbac68_1558,12226.544
00bbac68_1559,12226.515
00bbac68_1560,12226.446
00bbac68_1561,12226.528
00bbac68_1562,12226.454
00bbac68_1563,12226.502
00bbac68_1564,12226.486
00bbac68_1565,12226.371
00bbac68_1566,12226.418
00bbac68_1567,12226.401
00bbac68_1568,12226.4375
00bbac68_1569,12226.529
00bbac68_1570,12226.563
00bbac68_1571,12226.515
00bbac68_1572,12226.596
00bbac68_1573,12226.479
00bbac68_1574,12226.504
00bbac68_1575,12226.506
00bbac68_1576,12226.527
00bbac68_1577,12226.587
00bbac68_1578,12226.615
00bbac68_1579,12226.5205
00bbac68_1580,12226.633
00bbac68_1581,12226.535
00bbac68_1582,12226.54
00bbac68_1583,12226.479
00bbac68_1584,12226.535
00bbac68_1585,12226.586
00bbac68_1586,12226.544
00bbac68_1587,12226.582
00bbac68_1588,12226.653
00bbac68_1589,12226.6875
00bbac68_1590,12226.6875
00bbac68_1591,12226.866
00bbac68_1592,12226.807
00bbac68_1593,12226.826
00bbac68_1594,12226.772
00bbac68_1595,12226.835
00bbac68_1596,12226.887
00bbac68_1597,12226.909
00bbac68_1598,12226.857
00bbac68_1599,12226.8545
00bbac68_1600,12228.669
00bbac68_1601,12228.619
00bbac68_1602,12228.58
00bbac68_1603,12228.556
00bbac68_1604,12228.61
00bbac68_1605,12228.69
00bbac68_1606,12228.752
00bbac68_1607,12228.773
00bbac68_1608,12230.343
00bbac68_1609,12230.3125
00bbac68_1610,12230.411
00bbac68_1611,12230.397
00bbac68_1612,12230.374
00bbac68_1613,12230.391
00bbac68_1614,12230.434
00bbac68_1615,12230.43
00bbac68_1616,12230.434
00bbac68_1617,12230.394
00bbac68_1618,12230.429
00bbac68_1619,12230.479
00bbac68_1620,12230.492
00bbac68_1621,12230.494
00bbac68_1622,12230.474
00bbac68_1623,12230.433
00bbac68_1624,12230.549
00bbac68_1625,12230.537
00bbac68_1626,12230.615
00bbac68_1627,12230.551
00bbac68_1628,12230.534
00bbac68_1629,12230.577
00bbac68_1630,12230.657
00bbac68_1631,12230.645
00bbac68_1632,12230.641
00bbac68_1633,12230.611
00bbac68_1634,12230.673
00bbac68_1635,12230.715
00bbac68_1636,12230.712
00bbac68_1637,12230.669
00bbac68_1638,12230.724
00bbac68_1639,12230.804
00bbac68_1640,12230.733
00bbac68_1641,12230.694
00bbac68_1642,12230.655
00bbac68_1643,12230.564
00bbac68_1644,12230.672
00bbac68_1645,12230.743
00bbac68_1646,12230.633
00bbac68_1647,12230.708
00bbac68_1648,12230.643
00bbac68_1649,12230.672
00bbac68_1650,12230.62
00bbac68_1651,12230.675
00bbac68_1652,12230.66
00bbac68_1653,12230.523
00bbac68_1654,12230.462
00bbac68_1655,12230.605
00bbac68_1656,12230.585
00bbac68_1657,12230.674
00bbac68_1658,12230.692
00bbac68_1659,12230.7295
00bbac68_1660,12230.801
00bbac68_1661,12230.794
00bbac68_1662,12230.755
00bbac68_1663,12230.79
00bbac68_1664,12230.786
00bbac68_1665,12230.763
00bbac68_1666,12230.733
00bbac68_1667,12230.811
00bbac68_1668,12230.835
00bbac68_1669,12230.813
00bbac68_1670,12230.761
00bbac68_1671,12230.776
00bbac68_1672,12230.761
00bbac68_1673,12230.714
00bbac68_1674,12230.732
00bbac68_1675,12230.805
00bbac68_1676,12230.808
00bbac68_1677,12230.666
00bbac68_1678,12230.672
00bbac68_1679,12230.619
00bbac68_1680,12230.775
00bbac68_1681,12230.85
00bbac68_1682,12230.862
00bbac68_1683,12230.927
00bbac68_1684,12230.929
00bbac68_1685,12233.129
00bbac68_1686,12233.128
00bbac68_1687,12233.094
00bbac68_1688,12233.011
00bbac68_1689,12233.016
00bbac68_1690,12232.987
00bbac68_1691,12233.05
00bbac68_1692,12233.156
00bbac68_1693,12233.192
00bbac68_1694,12233.191
00bbac68_1695,12233.021
00bbac68_1696,12233.061
00bbac68_1697,12233.056
00bbac68_1698,12233.122
00bbac68_1699,12233.226
00bbac68_1700,12233.117
00bbac68_1701,12233.124
00bbac68_1702,12233.057
00bbac68_1703,12233.085
00bbac68_1704,12233.094
00bbac68_1705,12233.162
00bbac68_1706,12233.33
00bbac68_1707,12233.877
00bbac68_1708,12234.115
00bbac68_1709,12234.064
00bbac68_1710,12234.065
00bbac68_1711,12233.95
00bbac68_1712,12234.079
00bbac68_1713,12234.134
00bbac68_1714,12234.092
00bbac68_1715,12234.075
00bbac68_1716,12233.982
00bbac68_1717,12234.104
00bbac68_1718,12234.079
00bbac68_1719,12234.0625
00bbac68_1720,12233.946
00bbac68_1721,12233.964
00bbac68_1722,12233.967
00bbac68_1723,12233.898
00bbac68_1724,12233.89
00bbac68_1725,12233.99
00bbac68_1726,12234.049
00bbac68_1727,12233.935
00bbac68_1728,12233.911
00bbac68_1729,12233.996
00bbac68_1730,12233.957
00bbac68_1731,12234.002
00bbac68_1732,12234.028
00bbac68_1733,12234.043
00bbac68_1734,12234.073
00bbac68_1735,12234.042
00bbac68_1736,12234.053
00bbac68_1737,12233.918
00bbac68_1738,12233.894
00bbac68_1739,12233.686
00bbac68_1740,12233.435
00bbac68_1741,12233.193
00bbac68_1742,12233.051
00bbac68_1743,12233.096
00bbac68_1744,12233.196
00bbac68_1745,12233.314
00bbac68_1746,12233.257
00bbac68_1747,12233.317
00bbac68_1748,12233.302
00bbac68_1749,12233.2295
00bbac68_1750,12233.325
00bbac68_1751,12233.325
00bbac68_1752,12233.371
00bbac68_1753,12233.514
00bbac68_1754,12233.925
00bbac68_1755,12234.166
00bbac68_1756,12234.101
00bbac68_1757,12233.942
00bbac68_1758,12233.873
00bbac68_1759,12233.89
00bbac68_1760,12234.008
00bbac68_1761,12233.985
00bbac68_1762,12233.946
00bbac68_1763,12233.938
00bbac68_1764,12233.926
00bbac68_1765,12233.768
00bbac68_1766,12233.59
00bbac68_1767,12233.726
00bbac68_1768,12233.671
00bbac68_1769,12233.779
00bbac68_1770,12233.842
00bbac68_1771,12233.974
00bbac68_1772,12233.91
00bbac68_1773,12233.976
00bbac68_1774,12233.853
00bbac68_1775,12233.911
00bbac68_1776,12233.909
00bbac68_1777,12233.795
00bbac68_1778,12233.687
00bbac68_1779,12233.785
00bbac68_1780,12233.819
00bbac68_1781,12233.848
00bbac68_1782,12233.848
00bbac68_1783,12233.813
00bbac68_1784,12233.649
00bbac68_1785,12233.579
00bbac68_1786,12233.681
00bbac68_1787,12233.687
00bbac68_1788,12233.699
00bbac68_1789,12233.746
00bbac68_1790,12233.677
00bbac68_1791,12233.717
00bbac68_1792,12233.699
00bbac68_1793,12233.73
00bbac68_1794,12233.769
00bbac68_1795,12233.797
00bbac68_1796,12234.7295
00bbac68_1797,12234.763
00bbac68_1798,12234.712
00bbac68_1799,12234.555
00bbac68_1800,12234.532
00bbac68_1801,12234.519
00bbac68_1802,12234.569
00bbac68_1803,12234.643
00bbac68_1804,12234.642
00bbac68_1805,12234.6875
00bbac68_1806,12234.503
00bbac68_1807,12234.591
00bbac68_1808,12234.514
00bbac68_1809,12234.512
00bbac68_1810,12234.497
00bbac68_1811,12234.48
00bbac68_1812,12234.437
00bbac68_1813,12234.429
00bbac68_1814,12234.611
00bbac68_1815,12234.602
00bbac68_1816,12234.579
00bbac68_1817,12234.553
00bbac68_1818,12234.465
00bbac68_1819,12234.588
00bbac68_1820,12234.557
00bbac68_1821,12234.345
00bbac68_1822,12234.365
00bbac68_1823,12234.26
00bbac68_1824,12235.872
00bbac68_1825,12235.854
00bbac68_1826,12235.942
00bbac68_1827,12235.957
00bbac68_1828,12235.939
00bbac68_1829,12235.911
00bbac68_1830,12235.636
00bbac68_1831,12235.34
00bbac68_1832,12235.274
00bbac68_1833,12235.238
00bbac68_1834,12235.111
00bbac68_1835,12235.217
00bbac68_1836,12235.2295
00bbac68_1837,12235.095
00bbac68_1838,12234.938
00bbac68_1839,12234.973
00bbac68_1840,12234.883
00bbac68_1841,12234.835
00bbac68_1842,12234.808
00bbac68_1843,12234.735
00bbac68_1844,12234.73
00bbac68_1845,12234.654
00bbac68_1846,12234.627
00bbac68_1847,12234.725
00bbac68_1848,12234.708
00bbac68_1849,12234.754
00bbac68_1850,12234.643
00bbac68_1851,12234.649
00bbac68_1852,12234.556
00bbac68_1853,12234.623
00bbac68_1854,12234.672
00bbac68_1855,12234.655
00bbac68_1856,12234.644
00bbac68_1857,12234.666
00bbac68_1858,12234.545
00bbac68_1859,12234.667
00bbac68_1860,12234.643
00bbac68_1861,12234.586
00bbac68_1862,12234.376
00bbac68_1863,12234.397
00bbac68_1864,12234.454
00bbac68_1865,12234.589
00bbac68_1866,12234.61
00bbac68_1867,12234.64
00bbac68_1868,12234.605
00bbac68_1869,12234.503
00bbac68_1870,12234.495
00bbac68_1871,12234.552
00bbac68_1872,12234.562
00bbac68_1873,12234.576
00bbac68_1874,12234.622
00bbac68_1875,12234.616
00bbac68_1876,12234.633
00bbac68_1877,12234.589
00bbac68_1878,12234.445
00bbac68_1879,12234.369
00bbac68_1880,12234.261
00bbac68_1881,12234.228
00bbac68_1882,12234.127
00bbac68_1883,12234.238
00bbac68_1884,12234.363
00bbac68_1885,12236.738
00bbac68_1886,12236.68
00bbac68_1887,12236.713
00bbac68_1888,12236.782
00bbac68_1889,12236.775
00bbac68_1890,12236.698
00bbac68_1891,12236.706
00bbac68_1892,12236.391
00bbac68_1893,12236.369
00bbac68_1894,12236.175
00bbac68_1895,12236.318
00bbac68_1896,12236.291
00bbac68_1897,12236.2
00bbac68_1898,12236.084
00bbac68_1899,12236.143
00bbac68_1900,12236.25
00bbac68_1901,12236.115
00bbac68_1902,12236.004
00bbac68_1903,12236.071
00bbac68_1904,12236.116
00bbac68_1905,12236.087
00bbac68_1906,12235.977
00bbac68_1907,12235.984
00bbac68_1908,12235.872
00bbac68_1909,12235.844
00bbac68_1910,12235.653
00bbac68_1911,12235.451
00bbac68_1912,12235.512
00bbac68_1913,12235.712
00bbac68_1914,12235.764
00bbac68_1915,12235.821
00bbac68_1916,12235.827
00bbac68_1917,12235.332
00bbac68_1918,12235.359
00bbac68_1919,12235.319
00bbac68_1920,12235.369
00bbac68_1921,12235.37
00bbac68_1922,12235.239
00bbac68_1923,12235.254
00bbac68_1924,12235.164
00bbac68_1925,12235.235
00bbac68_1926,12235.296
00bbac68_1927,12235.249
00bbac68_1928,12235.07
00bbac68_1929,12234.942
00bbac68_1930,12234.86
00bbac68_1931,12234.715
00bbac68_1932,12234.674
00bbac68_1933,12234.732
00bbac68_1934,12234.832
00bbac68_1935,12234.866
00bbac68_1936,12234.851
00bbac68_1937,12234.868
00bbac68_1938,12234.841
00bbac68_1939,12234.886
00bbac68_1940,12234.693
00bbac68_1941,12234.779
00bbac68_1942,12234.722
00bbac68_1943,12234.781
00bbac68_1944,12234.675
00bbac68_1945,12236.634
00bbac68_1946,12236.569
00bbac68_1947,12236.459
00bbac68_1948,12236.519
00bbac68_1949,12236.486
00bbac68_1950,12236.518
00bbac68_1951,12236.386
00bbac68_1952,12236.425
00bbac68_1953,12236.59
00bbac68_1954,12236.564
00bbac68_1955,12236.552
00bbac68_1956,12236.358
00bbac68_1957,12236.158
00bbac68_1958,12236.125
00bbac68_1959,12236.14
00bbac68_1960,12236.04
00bbac68_1961,12236.099
00bbac68_1962,12236.123
00bbac68_1963,12236.113
00bbac68_1964,12236.03
00bbac68_1965,12236.034
00bbac68_1966,12236.21
00bbac68_1967,12236.224
00bbac68_1968,12236.179
00bbac68_1969,12236.055
00bbac68_1970,12236.065
00bbac68_1971,12235.96
00bbac68_1972,12235.879
00bbac68_1973,12235.89
00bbac68_1974,12235.953
00bbac68_1975,12236.011
00bbac68_1976,12235.961
00bbac68_1977,12235.96
00bbac68_1978,12236.014
00bbac68_1979,12235.96
00bbac68_1980,12236.001
00bbac68_1981,12235.905
00bbac68_1982,12235.962
00bbac68_1983,12235.824
00bbac68_1984,12235.88
00bbac68_1985,12235.828
00bbac68_1986,12235.934
00bbac68_1987,12235.606
00bbac68_1988,12235.346
00bbac68_1989,12235.342
00bbac68_1990,12235.367
00bbac68_1991,12235.148
00bbac68_1992,12235.141
00bbac68_1993,12235.191
00bbac68_1994,12235.27
00bbac68_1995,12235.3
00bbac68_1996,12235.282
00bbac68_1997,12235.276
00bbac68_1998,12235.2705
00bbac68_1999,12235.263
00bbac68_2000,12235.298
00bbac68_2001,12235.3125
00bbac68_2002,12235.23
00bbac68_2003,12235.048
00bbac68_2004,12235.017
00bbac68_2005,12235.007
00bbac68_2006,12234.914
00bbac68_2007,12234.872
00bbac68_2008,12234.848
00bbac68_2009,12236.947
00bbac68_2010,12236.857
00bbac68_2011,12236.82
00bbac68_2012,12236.766
00bbac68_2013,12236.8545
00bbac68_2014,12236.661
00bbac68_2015,12236.809
00bbac68_2016,12236.79
00bbac68_2017,12236.801
00bbac68_2018,12236.795
00bbac68_2019,12236.781
00bbac68_2020,12236.637
00bbac68_2021,12236.29
00bbac68_2022,12236.1
00bbac68_2023,12236.291
00bbac68_2024,12236.346
00bbac68_2025,12236.586
00bbac68_2026,12236.645
00bbac68_2027,12236.686
00bbac68_2028,12236.658
00bbac68_2029,12236.694
00bbac68_2030,12236.6455
00bbac68_2031,12236.477
00bbac68_2032,12236.534
00bbac68_2033,12236.308
00bbac68_2034,12236.513
00bbac68_2035,12236.648
00bbac68_2036,12236.687
00bbac68_2037,12236.579
00bbac68_2038,12236.703
00bbac68_2039,12236.687
00bbac68_2040,12236.6455
00bbac68_2041,12236.659
00bbac68_2042,12236.635
00bbac68_2043,12236.73
00bbac68_2044,12236.73
00bbac68_2045,12236.765
00bbac68_2046,12236.688
00bbac68_2047,12237.262
00bbac68_2048,12237.261
00bbac68_2049,12237.257
00bbac68_2050,12237.224
00bbac68_2051,12237.158
00bbac68_2052,12237.192
00bbac68_2053,12237.236
00bbac68_2054,12237.268
00bbac68_2055,12237.255
00bbac68_2056,12237.187
00bbac68_2057,12237.123
00bbac68_2058,12237.129
00bbac68_2059,12237.095
00bbac68_2060,12237.078
00bbac68_2061,12237.116
00bbac68_2062,12237.156
00bbac68_2063,12237.157
00bbac68_2064,12237.108
00bbac68_2065,12237.099
00bbac68_2066,12236.984
00bbac68_2067,12236.987
00bbac68_2068,12236.969
00bbac68_2069,12236.949
00bbac68_2070,12236.873
00bbac68_2071,12236.884
00bbac68_2072,12236.795
00bbac68_2073,12236.767
00bbac68_2074,12236.775
00bbac68_2075,12236.858
00bbac68_2076,12236.912
00bbac68_2077,12236.994
00bbac68_2078,12236.994
00bbac68_2079,12236.978
00bbac68_2080,12236.9795
00bbac68_2081,12237.067
00bbac68_2082,12237.108
00bbac68_2083,12236.857
00bbac68_2084,12236.788
00bbac68_2085,12236.87
00bbac68_2086,12236.86
00bbac68_2087,12236.8955
00bbac68_2088,12236.961
00bbac68_2089,12236.906
00bbac68_2090,12237.044
00bbac68_2091,12237.051
00bbac68_2092,12236.996
00bbac68_2093,12236.841
00bbac68_2094,12236.784
00bbac68_2095,12236.818
00bbac68_2096,12236.836
00bbac68_2097,12236.795
00bbac68_2098,12236.822
00bbac68_2099,12236.892
00bbac68_2100,12236.839
00bbac68_2101,12237.523
00bbac68_2102,12237.502
00bbac68_2103,12237.572
00bbac68_2104,12237.599
00bbac68_2105,12237.573
00bbac68_2106,12237.588
00bbac68_2107,12237.6
00bbac68_2108,12237.621
00bbac68_2109,12237.517
00bbac68_2110,12237.448
00bbac68_2111,12237.424
00bbac68_2112,12237.379
00bbac68_2113,12237.385
00bbac68_2114,12237.406
00bbac68_2115,12237.452
00bbac68_2116,12237.442
00bbac68_2117,12237.508
00bbac68_2118,12237.464
00bbac68_2119,12237.457
00bbac68_2120,12237.499
00bbac68_2121,12237.455
00bbac68_2122,12237.427
00bbac68_2123,12237.592
00bbac68_2124,12237.544
00bbac68_2125,12237.595
00bbac68_2126,12237.512
00bbac68_2127,12237.544
00bbac68_2128,12237.577
00bbac68_2129,12237.4375
00bbac68_2130,12237.443
00bbac68_2131,12237.256
00bbac68_2132,12237.282
00bbac68_2133,12237.289
00bbac68_2134,12237.43
00bbac68_2135,12237.363
00bbac68_2136,12237.376
00bbac68_2137,12237.321
00bbac68_2138,12237.21
00bbac68_2139,12237.467
00bbac68_2140,12237.4375
00bbac68_2141,12237.348
00bbac68_2142,12237.33
00bbac68_2143,12237.397
00bbac68_2144,12237.337
00bbac68_2145,12237.424
00bbac68_2146,12237.356
00bbac68_2147,12237.424
00bbac68_2148,12237.366
00bbac68_2149,12237.445
00bbac68_2150,12237.414
00bbac68_2151,12237.384
00bbac68_2152,12237.475
00bbac68_2153,12237.442
00bbac68_2154,12237.445
00bbac68_2155,12237.35
00bbac68_2156,12237.29
00bbac68_2157,12237.266
00bbac68_2158,12237.207
00bbac68_2159,12237.22
00bbac68_2160,12237.193
00bbac68_2161,12237.194
00bbac68_2162,12237.152
00bbac68_2163,12237.011
00bbac68_2164,12237.173
00bbac68_2165,12237.166
00bbac68_2166,12237.109
00bbac68_2167,12237.183
00bbac68_2168,12237.172
00bbac68_2169,12237.121
00bbac68_2170,12237.136
00bbac68_2171,12237.1045
00bbac68_2172,12237.104
00bbac68_2173,12237.052
00bbac68_2174,12237.016
00bbac68_2175,12236.843
00bbac68_2176,12236.863
00bbac68_2177,12236.965
00bbac68_2178,12236.953
00bbac68_2179,12236.927
00bbac68_2180,12236.944
00bbac68_2181,12236.866
00bbac68_2182,12236.884
00bbac68_2183,12236.814
00bbac68_2184,12236.765
00bbac68_2185,12236.69
00bbac68_2186,12236.8
00bbac68_2187,12236.824
00bbac68_2188,12236.925
00bbac68_2189,12237.301
00bbac68_2190,12237.212
00bbac68_2191,12237.2
00bbac68_2192,12237.192
00bbac68_2193,12237.184
00bbac68_2194,12237.253
00bbac68_2195,12238.727
00bbac68_2196,12238.673
00bbac68_2197,12238.762
00bbac68_2198,12238.873
00bbac68_2199,12238.79
00bbac68_2200,12238.673
00bbac68_2201,12238.716
00bbac68_2202,12238.6
00bbac68_2203,12238.718
00bbac68_2204,12238.695
00bbac68_2205,12238.685
00bbac68_2206,12238.443
00bbac68_2207,12238.35
00bbac68_2208,12238.393
00bbac68_2209,12238.386
00bbac68_2210,12238.611
00bbac68_2211,12238.669
00bbac68_2212,12238.702
00bbac68_2213,12238.604
00bbac68_2214,12238.539
00bbac68_2215,12238.407
00bbac68_2216,12238.277
00bbac68_2217,12238.403
00bbac68_2218,12238.116
00bbac68_2219,12238.231
00bbac68_2220,12238.233
00bbac68_2221,12238.138
00bbac68_2222,12238.442
00bbac68_2223,12238.584
00bbac68_2224,12238.677
00bbac68_2225,12238.658
00bbac68_2226,12238.55
00bbac68_2227,12238.486
00bbac68_2228,12238.553
00bbac68_2229,12238.588
00bbac68_2230,12238.647
00bbac68_2231,12238.6455
00bbac68_2232,12238.619
00bbac68_2233,12238.522
00bbac68_2234,12238.285
00bbac68_2235,12238.136
00bbac68_2236,12238.07
00bbac68_2237,12237.995
00bbac68_2238,12237.961
00bbac68_2239,12238.015
00bbac68_2240,12238.062
00bbac68_2241,12238.053
00bbac68_2242,12238.056
00bbac68_2243,12238.011
00bbac68_2244,12237.999
00bbac68_2245,12237.897
00bbac68_2246,12237.991
00bbac68_2247,12238.012
00bbac68_2248,12237.952
00bbac68_2249,12238.016
00bbac68_2250,12237.861
00bbac68_2251,12237.696
00bbac68_2252,12237.736
00bbac68_2253,12237.584
00bbac68_2254,12237.562
00bbac68_2255,12237.224
00bbac68_2256,12237.35
00bbac68_2257,12237.438
00bbac68_2258,12237.482
00bbac68_2259,12237.544
00bbac68_2260,12237.682
00bbac68_2261,12237.696
00bbac68_2262,12237.7
00bbac68_2263,12237.86
00bbac68_2264,12238.1875
00bbac68_2265,12238.789
00bbac68_2266,12238.903
00bbac68_2267,12238.932
00bbac68_2268,12238.982
00bbac68_2269,12239.002
00bbac68_2270,12238.992
00bbac68_2271,12238.997
00bbac68_2272,12239.008
00bbac68_2273,12238.961
00bbac68_2274,12238.826
00bbac68_2275,12238.806
00bbac68_2276,12238.664
00bbac68_2277,12238.906
00bbac68_2278,12238.965
00bbac68_2279,12238.924
00bbac68_2280,12240.32
00bbac68_2281,12240.272
00bbac68_2282,12240.328
00bbac68_2283,12240.348
00bbac68_2284,12240.344
00bbac68_2285,12240.335
00bbac68_2286,12240.355
00bbac68_2287,12240.199
00bbac68_2288,12240.306
00bbac68_2289,12240.345
00bbac68_2290,12240.374
00bbac68_2291,12240.4
00bbac68_2292,12240.375
00bbac68_2293,12240.352
00bbac68_2294,12240.349
00bbac68_2295,12240.367
00bbac68_2296,12240.369
00bbac68_2297,12240.328
00bbac68_2298,12240.306
00bbac68_2299,12240.243
00bbac68_2300,12240.261
00bbac68_2301,12240.133
00bbac68_2302,12239.948
00bbac68_2303,12239.874
00bbac68_2304,12239.863
00bbac68_2305,12239.841
00bbac68_2306,12239.871
00bbac68_2307,12240.033
00bbac68_2308,12240.004
00bbac68_2309,12239.959
00bbac68_2310,12239.624
00bbac68_2311,12239.539
00bbac68_2312,12239.364
00bbac68_2313,12239.464
00bbac68_2314,12239.548
00bbac68_2315,12239.589
00bbac68_2316,12239.635
00bbac68_2317,12239.779
00bbac68_2318,12239.905
00bbac68_2319,12239.872
00bbac68_2320,12239.927
00bbac68_2321,12239.394
00bbac68_2322,12239.417
00bbac68_2323,12239.329
00bbac68_2324,12239.3125
00bbac68_2325,12239.337
00bbac68_2326,12239.155
00bbac68_2327,12238.965
00bbac68_2328,12238.876
00bbac68_2329,12238.869
00bbac68_2330,12239.388
00bbac68_2331,12239.344
00bbac68_2332,12239.426
00bbac68_2333,12239.36
00bbac68_2334,12240.77
00bbac68_2335,12240.52
00bbac68_2336,12240.131
00bbac68_2337,12240.145
00bbac68_2338,12240.143
00bbac68_2339,12240.152
00bbac68_2340,12240.091
00bbac68_2341,12240.148
00bbac68_2342,12240.187
00bbac68_2343,12240.101
00bbac68_2344,12240.021
00bbac68_2345,12240.131
00bbac68_2346,12240.147
00bbac68_2347,12240.168
00bbac68_2348,12240.1455
00bbac68_2349,12240.189
00bbac68_2350,12240.04
00bbac68_2351,12239.905
00bbac68_2352,12239.846
00bbac68_2353,12239.798
00bbac68_2354,12239.749
00bbac68_2355,12239.732
00bbac68_2356,12239.79
00bbac68_2357,12239.75
00bbac68_2358,12239.751
00bbac68_2359,12239.686
00bbac68_2360,12239.546
00bbac68_2361,12239.55
00bbac68_2362,12239.441
00bbac68_2363,12239.124
00bbac68_2364,12238.933
00bbac68_2365,12238.817
00bbac68_2366,12238.858
00bbac68_2367,12238.848
00bbac68_2368,12238.887
00bbac68_2369,12238.903
00bbac68_2370,12238.865
00bbac68_2371,12238.876
00bbac68_2372,12238.842
00bbac68_2373,12238.861
00bbac68_2374,12238.828
00bbac68_2375,12238.523
00bbac68_2376,12238.582
00bbac68_2377,12238.527
00bbac68_2378,12238.564
00bbac68_2379,12238.589
00bbac68_2380,12238.508
00bbac68_2381,12240.778
00bbac68_2382,12240.664
00bbac68_2383,12240.625
00bbac68_2384,12240.634
00bbac68_2385,12240.709
00bbac68_2386,12240.719
00bbac68_2387,12240.692
00bbac68_2388,12240.658
00bbac68_2389,12240.656
00bbac68_2390,12240.668
00bbac68_2391,12240.679
00bbac68_2392,12240.721
00bbac68_2393,12240.505
00bbac68_2394,12240.586
00bbac68_2395,12240.365
00bbac68_2396,12240.505
00bbac68_2397,12240.471
00bbac68_2398,12240.404
00bbac68_2399,12240.4
00bbac68_2400,12240.333
00bbac68_2401,12240.187
00bbac68_2402,12240.211
00bbac68_2403,12240.149
00bbac68_2404,12240.205
00bbac68_2405,12240.049
00bbac68_2406,12239.931
00bbac68_2407,12239.858
00bbac68_2408,12239.873
00bbac68_2409,12239.526
00bbac68_2410,12239.509
00bbac68_2411,12239.525
00bbac68_2412,12239.462
00bbac68_2413,12239.604
00bbac68_2414,12239.691
00bbac68_2415,12239.733
00bbac68_2416,12239.748
00bbac68_2417,12239.769
00bbac68_2418,12239.571
00bbac68_2419,12239.51
00bbac68_2420,12239.383
00bbac68_2421,12239.358
00bbac68_2422,12239.437
00bbac68_2423,12239.3955
00bbac68_2424,12239.618
00bbac68_2425,12239.733
00bbac68_2426,12239.691
00bbac68_2427,12239.718
00bbac68_2428,12239.675
00bbac68_2429,12239.708
00bbac68_2430,12239.699
00bbac68_2431,12239.595
00bbac68_2432,12239.549
00bbac68_2433,12239.459
00bbac68_2434,12239.566
00bbac68_2435,12239.558
00bbac68_2436,12239.484
00bbac68_2437,12240.655
00bbac68_2438,12240.6
00bbac68_2439,12240.678
00bbac68_2440,12240.796
00bbac68_2441,12240.8545
00bbac68_2442,12240.758
00bbac68_2443,12240.684
00bbac68_2444,12240.416
00bbac68_2445,12240.282
00bbac68_2446,12240.098
00bbac68_2447,12240.135
00bbac68_2448,12240.1455
00bbac68_2449,12240.103
00bbac68_2450,12240.098
00bbac68_2451,12240.273
00bbac68_2452,12240.559
00bbac68_2453,12240.59
00bbac68_2454,12240.572
00bbac68_2455,12240.407
00bbac68_2456,12240.244
00bbac68_2457,12240.163
00bbac68_2458,12240.168
00bbac68_2459,12239.973
00bbac68_2460,12240.08
00bbac68_2461,12240.161
00bbac68_2462,12240.168
00bbac68_2463,12240.184
00bbac68_2464,12240.09
00bbac68_2465,12240.14
00bbac68_2466,12240.181
00bbac68_2467,12240.197
00bbac68_2468,12240.164
00bbac68_2469,12240.426
00bbac68_2470,12240.542
00bbac68_2471,12240.489
00bbac68_2472,12240.524
00bbac68_2473,12240.457
00bbac68_2474,12240.37
00bbac68_2475,12240.402
00bbac68_2476,12240.468
00bbac68_2477,12240.54
00bbac68_2478,12240.596
00bbac68_2479,12240.518
00bbac68_2480,12240.423
00bbac68_2481,12240.321
00bbac68_2482,12240.335
00bbac68_2483,12240.273
00bbac68_2484,12240.289
00bbac68_2485,12240.358
00bbac68_2486,12240.304
00bbac68_2487,12240.262
00bbac68_2488,12240.259
00bbac68_2489,12241.617
00bbac68_2490,12241.592
00bbac68_2491,12241.5205
00bbac68_2492,12241.524
00bbac68_2493,12241.528
00bbac68_2494,12241.334
00bbac68_2495,12241.429
00bbac68_2496,12241.416
00bbac68_2497,12241.391
00bbac68_2498,12241.087
00bbac68_2499,12241.13
00bbac68_2500,12241.08
00bbac68_2501,12241.095
00bbac68_2502,12241.154
00bbac68_2503,12241.151
00bbac68_2504,12241.13
00bbac68_2505,12240.962
00bbac68_2506,12240.8125
00bbac68_2507,12240.674
00bbac68_2508,12240.574
00bbac68_2509,12240.686
00bbac68_2510,12240.583
00bbac68_2511,12240.634
00bbac68_2512,12240.77
00bbac68_2513,12240.74
00bbac68_2514,12240.628
00bbac68_2515,12240.715
00bbac68_2516,12240.688
00bbac68_2517,12240.347
00bbac68_2518,12240.202
00bbac68_2519,12240.25
00bbac68_2520,12240.095
00bbac68_2521,12240.166
00bbac68_2522,12240.26
00bbac68_2523,12240.293
00bbac68_2524,12240.169
00bbac68_2525,12240.085
00bbac68_2526,12240.143
00bbac68_2527,12239.984
00bbac68_2528,12240.115
00bbac68_2529,12240.088
00bbac68_2530,12240.103
00bbac68_2531,12240.138
00bbac68_2532,12240.114
00bbac68_2533,12240.074
00bbac68_2534,12240.089
00bbac68_2535,12240.155
00bbac68_2536,12240.138
00bbac68_2537,12240.177
00bbac68_2538,12240.237
00bbac68_2539,12240.074
00bbac68_2540,12240.008
00bbac68_2541,12239.877
00bbac68_2542,12239.811
00bbac68_2543,12239.83
00bbac68_2544,12239.946
00bbac68_2545,12239.614
00bbac68_2546,12239.29
00bbac68_2547,12239.277
00bbac68_2548,12239.234
00bbac68_2549,12239.0
00bbac68_2550,12238.974
00bbac68_2551,12238.691
00bbac68_2552,12238.654
00bbac68_2553,12238.642
00bbac68_2554,12238.205
00bbac68_2555,12238.1045
00bbac68_2556,12238.412
00bbac68_2557,12238.413
00bbac68_2558,12238.577
00bbac68_2559,12238.77
00bbac68_2560,12238.892
00bbac68_2561,12238.967
00bbac68_2562,12238.4795
00bbac68_2563,12238.538
00bbac68_2564,12238.534
00bbac68_2565,12238.664
00bbac68_2566,12238.473
00bbac68_2567,12240.65
00bbac68_2568,12240.81
00bbac68_2569,12240.865
00bbac68_2570,12240.845
00bbac68_2571,12240.771
00bbac68_2572,12240.748
00bbac68_2573,12240.842
00bbac68_2574,12240.689
00bbac68_2575,12240.761
00bbac68_2576,12240.635
00bbac68_2577,12240.597
00bbac68_2578,12240.295
00bbac68_2579,12240.274
00bbac68_2580,12240.284
00bbac68_2581,12241.169
00bbac68_2582,12241.096
00bbac68_2583,12241.071
00bbac68_2584,12241.019
00bbac68_2585,12240.876
00bbac68_2586,12240.936
00bbac68_2587,12240.837
00bbac68_2588,12241.029
00bbac68_2589,12241.049
00bbac68_2590,12240.903
00bbac68_2591,12241.073
00bbac68_2592,12240.947
00bbac68_2593,12241.015
00bbac68_2594,12240.968
00bbac68_2595,12240.937
00bbac68_2596,12241.001
00bbac68_2597,12240.944
00bbac68_2598,12241.097
00bbac68_2599,12241.012
00bbac68_2600,12240.906
00bbac68_2601,12241.07
00bbac68_2602,12240.877
00bbac68_2603,12240.988
00bbac68_2604,12241.041
00bbac68_2605,12240.897
00bbac68_2606,12241.006
00bbac68_2607,12241.05
00bbac68_2608,12240.952
00bbac68_2609,12240.9795
00bbac68_2610,12241.066
00bbac68_2611,12240.79
00bbac68_2612,12240.678
00bbac68_2613,12240.858
00bbac68_2614,12240.759
00bbac68_2615,12240.559
00bbac68_2616,12240.661
00bbac68_2617,12240.447
00bbac68_2618,12240.473
00bbac68_2619,12240.555
00bbac68_2620,12240.424
00bbac68_2621,12240.379
00bbac68_2622,12240.478
00bbac68_2623,12240.443
00bbac68_2624,12240.421
00bbac68_2625,12240.313
00bbac68_2626,12240.061
00bbac68_2627,12239.957
00bbac68_2628,12240.011
00bbac68_2629,12239.963
00bbac68_2630,12239.984
00bbac68_2631,12240.101
00bbac68_2632,12239.95
00bbac68_2633,12239.912
00bbac68_2634,12239.976
00bbac68_2635,12239.837
00bbac68_2636,12239.862
00bbac68_2637,12239.738
00bbac68_2638,12239.727
00bbac68_2639,12239.923
00bbac68_2640,12239.657
00bbac68_2641,12239.685
00bbac68_2642,12239.77
00bbac68_2643,12239.572
00bbac68_2644,12239.76
00bbac68_2645,12239.544
00bbac68_2646,12239.452
00bbac68_2647,12239.608
00bbac68_2648,12239.347
00bbac68_2649,12239.449
00bbac68_2650,12239.385
00bbac68_2651,12239.594
00bbac68_2652,12239.437
00bbac68_2653,12239.566
00bbac68_2654,12239.402
00bbac68_2655,12239.406
00bbac68_2656,12239.178
00bbac68_2657,12239.101
00bbac68_2658,12239.058
00bbac68_2659,12238.942
00bbac68_2660,12239.047
00bbac68_2661,12238.86
00bbac68_2662,12238.905
00bbac68_2663,12238.893
00bbac68_2664,12238.8125
00bbac68_2665,12238.997
00bbac68_2666,12238.723
00bbac68_2667,12238.47
00bbac68_2668,12238.631
00bbac68_2669,12238.6455
00bbac68_2670,12238.334
00bbac68_2671,12238.491
00bbac68_2672,12238.492
00bbac68_2673,12238.442
00bbac68_2674,12238.553
00bbac68_2675,12238.384
00bbac68_2676,12238.585
00bbac68_2677,12238.554
00bbac68_2678,12238.421
00bbac68_2679,12238.419
00bbac68_2680,12238.447
00bbac68_2681,12239.778
00bbac68_2682,12239.993
00bbac68_2683,12239.958
00bbac68_2684,12239.725
00bbac68_2685,12239.6
00bbac68_2686,12239.496
00bbac68_2687,12239.474
00bbac68_2688,12239.521
00bbac68_2689,12239.53
00bbac68_2690,12239.518
00bbac68_2691,12239.487
00bbac68_2692,12239.435
00bbac68_2693,12239.274
00bbac68_2694,12239.102
00bbac68_2695,12239.053
00bbac68_2696,12238.978
00bbac68_2697,12239.003
00bbac68_2698,12239.009
00bbac68_2699,12239.033
00bbac68_2700,12239.036
00bbac68_2701,12239.164
00bbac68_2702,12238.732
00bbac68_2703,12238.715
00bbac68_2704,12238.513
00bbac68_2705,12238.491
00bbac68_2706,12238.348
00bbac68_2707,12238.579
00bbac68_2708,12238.452
00bbac68_2709,12238.341
00bbac68_2710,12238.544
00bbac68_2711,12238.679
00bbac68_2712,12238.533
00bbac68_2713,12238.551
00bbac68_2714,12238.426
00bbac68_2715,12238.677
00bbac68_2716,12238.546
00bbac68_2717,12240.427
00bbac68_2718,12240.654
00bbac68_2719,12240.445
00bbac68_2720,12240.551
00bbac68_2721,12240.321
00bbac68_2722,12240.165
00bbac68_2723,12240.158
00bbac68_2724,12239.991
00bbac68_2725,12240.095
00bbac68_2726,12239.995
00bbac68_2727,12239.947
00bbac68_2728,12240.164
00bbac68_2729,12239.946
00bbac68_2730,12239.916
00bbac68_2731,12239.657
00bbac68_2732,12239.687
00bbac68_2733,12239.632
00bbac68_2734,12239.491
00bbac68_2735,12239.702
00bbac68_2736,12239.459
00bbac68_2737,12239.59
00bbac68_2738,12239.106
00bbac68_2739,12238.983
00bbac68_2740,12238.958
00bbac68_2741,12238.89
00bbac68_2742,12238.959
00bbac68_2743,12238.8125
00bbac68_2744,12239.0
00bbac68_2745,12239.018
00bbac68_2746,12238.341
00bbac68_2747,12238.334
00bbac68_2748,12237.907
00bbac68_2749,12238.133
00bbac68_2750,12238.226
00bbac68_2751,12238.076
00bbac68_2752,12238.163
00bbac68_2753,12237.911
00bbac68_2754,12238.145
00bbac68_2755,12238.332
00bbac68_2756,12238.275
00bbac68_2757,12238.492
00bbac68_2758,12238.278
00bbac68_2759,12238.357
00bbac68_2760,12238.171
00bbac68_2761,12237.781
00bbac68_2762,12238.117
00bbac68_2763,12238.217
00bbac68_2764,12238.381
00bbac68_2765,12238.389
00bbac68_2766,12238.185
00bbac68_2767,12238.414
00bbac68_2768,12238.272
00bbac68_2769,12238.353
00bbac68_2770,12238.316
00bbac68_2771,12238.13
00bbac68_2772,12238.386
00bbac68_2773,12238.251
00bbac68_2774,12238.34
00bbac68_2775,12238.257
00bbac68_2776,12238.136
00bbac68_2777,12238.279
00bbac68_2778,12238.154
00bbac68_2779,12238.336
00bbac68_2780,12238.326
00bbac68_2781,12238.023
00bbac68_2782,12238.084
00bbac68_2783,12237.916
00bbac68_2784,12238.043
00bbac68_2785,12238.059
00bbac68_2786,12237.901
00bbac68_2787,12237.816
00bbac68_2788,12237.734
00bbac68_2789,12237.833
00bbac68_2790,12237.959
00bbac68_2791,12237.816
00bbac68_2792,12237.941
00bbac68_2793,12237.713
00bbac68_2794,12238.352
00bbac68_2795,12238.296
00bbac68_2796,12238.271
00bbac68_2797,12238.41
00bbac68_2798,12238.258
00bbac68_2799,12238.209
00bbac68_2800,12238.268
00bbac68_2801,12238.164
00bbac68_2802,12238.2
00bbac68_2803,12238.067
00bbac68_2804,12238.133
00bbac68_2805,12238.149
00bbac68_2806,12237.975
00bbac68_2807,12238.008
00bbac68_2808,12237.915
00bbac68_2809,12237.933
00bbac68_2810,12237.903
00bbac68_2811,12237.716
00bbac68_2812,12237.935
00bbac68_2813,12237.754
00bbac68_2814,12237.87
00bbac68_2815,12237.671
00bbac68_2816,12237.503
00bbac68_2817,12237.709
00bbac68_2818,12237.575
00bbac68_2819,12237.709
00bbac68_2820,12237.717
00bbac68_2821,12237.578
00bbac68_2822,12237.674
00bbac68_2823,12237.553
00bbac68_2824,12237.58
00bbac68_2825,12237.566
00bbac68_2826,12237.309
00bbac68_2827,12237.352
00bbac68_2828,12237.346
00bbac68_2829,12237.263
00bbac68_2830,12237.382
00bbac68_2831,12237.313
00bbac68_2832,12237.335
00bbac68_2833,12237.165
00bbac68_2834,12237.2295
00bbac68_2835,12236.832
00bbac68_2836,12237.12
00bbac68_2837,12236.985
00bbac68_2838,12237.008
00bbac68_2839,12237.176
00bbac68_2840,12236.905
00bbac68_2841,12236.962
00bbac68_2842,12237.011
00bbac68_2843,12237.038
00bbac68_2844,12237.108
00bbac68_2845,12237.038
00bbac68_2846,12237.865
00bbac68_2847,12237.962
00bbac68_2848,12237.888
00bbac68_2849,12237.859
00bbac68_2850,12237.861
00bbac68_2851,12237.654
00bbac68_2852,12237.973
00bbac68_2853,12238.032
00bbac68_2854,12237.907
00bbac68_2855,12238.007
00bbac68_2856,12238.011
00bbac68_2857,12237.807
00bbac68_2858,12237.856
00bbac68_2859,12237.981
00bbac68_2860,12237.77
00bbac68_2861,12237.698
00bbac68_2862,12237.876
00bbac68_2863,12237.655
00bbac68_2864,12237.692
00bbac68_2865,12237.613
00bbac68_2866,12237.651
00bbac68_2867,12237.682
00bbac68_2868,12237.69
00bbac68_2869,12237.621
00bbac68_2870,12237.643
00bbac68_2871,12237.652
00bbac68_2872,12237.652
00bbac68_2873,12237.636
00bbac68_2874,12237.533
00bbac68_2875,12237.637
00bbac68_2876,12237.654
00bbac68_2877,12237.662
00bbac68_2878,12237.677
00bbac68_2879,12237.622
00bbac68_2880,12237.724
00bbac68_2881,12237.562
00bbac68_2882,12237.502
00bbac68_2883,12237.459
00bbac68_2884,12237.463
00bbac68_2885,12237.56
00bbac68_2886,12237.492
00bbac68_2887,12237.4375
00bbac68_2888,12237.414
00bbac68_2889,12237.469
00bbac68_2890,12237.443
00bbac68_2891,12237.298
00bbac68_2892,12237.333
00bbac68_2893,12237.681
00bbac68_2894,12237.671
00bbac68_2895,12237.653
00bbac68_2896,12237.6
00bbac68_2897,12237.558
00bbac68_2898,12237.571
00bbac68_2899,12237.556
00bbac68_2900,12237.58
00bbac68_2901,12237.613
00bbac68_2902,12237.615
00bbac68_2903,12237.612
00bbac68_2904,12237.549
00bbac68_2905,12237.726
00bbac68_2906,12237.797
00bbac68_2907,12237.6455
00bbac68_2908,12237.702
00bbac68_2909,12237.6875
00bbac68_2910,12237.752
00bbac68_2911,12238.86
00bbac68_2912,12238.815
00bbac68_2913,12238.854
00bbac68_2914,12238.773
00bbac68_2915,12238.709
00bbac68_2916,12238.773
00bbac68_2917,12238.666
00bbac68_2918,12238.514
00bbac68_2919,12238.397
00bbac68_2920,12238.376
00bbac68_2921,12238.295
00bbac68_2922,12238.298
00bbac68_2923,12238.268
00bbac68_2924,12238.16
00bbac68_2925,12238.173
00bbac68_2926,12238.076
00bbac68_2927,12238.126
00bbac68_2928,12238.122
00bbac68_2929,12238.089
00bbac68_2930,12238.202
00bbac68_2931,12238.115
00bbac68_2932,12238.232
00bbac68_2933,12238.181
00bbac68_2934,12238.208
00bbac68_2935,12238.132
00bbac68_2936,12238.111
00bbac68_2937,12238.128
00bbac68_2938,12238.117
00bbac68_2939,12238.108
00bbac68_2940,12238.102
00bbac68_2941,12238.136
00bbac68_2942,12238.253
00bbac68_2943,12238.12
00bbac68_2944,12238.306
00bbac68_2945,12238.172
00bbac68_2946,12238.134
00bbac68_2947,12238.233
00bbac68_2948,12238.177
00bbac68_2949,12238.133
00bbac68_2950,12238.266
00bbac68_2951,12238.093
00bbac68_2952,12238.155
00bbac68_2953,12238.198
00bbac68_2954,12238.046
00bbac68_2955,12237.869
00bbac68_2956,12238.557
00bbac68_2957,12238.444
00bbac68_2958,12238.472
00bbac68_2959,12238.527
00bbac68_2960,12238.433
00bbac68_2961,12238.424
00bbac68_2962,12238.405
00bbac68_2963,12238.504
00bbac68_2964,12238.395
00bbac68_2965,12238.352
00bbac68_2966,12238.431
00bbac68_2967,12238.413
00bbac68_2968,12238.448
00bbac68_2969,12238.432
00bbac68_2970,12238.519
00bbac68_2971,12238.471
00bbac68_2972,12238.427
00bbac68_2973,12238.422
00bbac68_2974,12238.403
00bbac68_2975,12238.491
00bbac68_2976,12238.483
00bbac68_2977,12238.434
00bbac68_2978,12238.443
00bbac68_2979,12238.372
00bbac68_2980,12238.153
00bbac68_2981,12238.162
00bbac68_2982,12238.094
00bbac68_2983,12240.283
00bbac68_2984,12240.286
00bbac68_2985,12240.303
00bbac68_2986,12240.203
00bbac68_2987,12240.199
00bbac68_2988,12240.142
00bbac68_2989,12240.217
00bbac68_2990,12240.228
00bbac68_2991,12240.104
00bbac68_2992,12240.134
00bbac68_2993,12240.405
00bbac68_2994,12240.3545
00bbac68_2995,12240.338
00bbac68_2996,12240.394
00bbac68_2997,12240.285
00bbac68_2998,12240.342
00bbac68_2999,12240.362
00bbac68_3000,12240.44
00bbac68_3001,12240.427
00bbac68_3002,12240.404
00bbac68_3003,12240.326
00bbac68_3004,12240.323
00bbac68_3005,12240.353
00bbac68_3006,12240.434
00bbac68_3007,12240.412
00bbac68_3008,12240.324
00bbac68_3009,12240.205
00bbac68_3010,12240.232
00bbac68_3011,12240.224
00bbac68_3012,12240.323
00bbac68_3013,12240.278
00bbac68_3014,12240.294
00bbac68_3015,12240.372
00bbac68_3016,12240.252
00bbac68_3017,12240.229
00bbac68_3018,12240.223
00bbac68_3019,12240.346
00bbac68_3020,12240.367
00bbac68_3021,12240.345
00bbac68_3022,12240.264
00bbac68_3023,12240.294
00bbac68_3024,12240.285
00bbac68_3025,12240.383
00bbac68_3026,12240.486
00bbac68_3027,12240.502
00bbac68_3028,12240.528
00bbac68_3029,12240.5
00bbac68_3030,12240.503
00bbac68_3031,12240.364
00bbac68_3032,12240.332
00bbac68_3033,12240.385
00bbac68_3034,12240.383
00bbac68_3035,12240.354
00bbac68_3036,12240.45
00bbac68_3037,12240.36
00bbac68_3038,12240.354
00bbac68_3039,12240.366
00bbac68_3040,12240.267
00bbac68_3041,12240.244
00bbac68_3042,12240.387
00bbac68_3043,12240.422
00bbac68_3044,12240.38
00bbac68_3045,12240.424
00bbac68_3046,12240.399
00bbac68_3047,12240.318
00bbac68_3048,12240.267
00bbac68_3049,12240.284
00bbac68_3050,12240.503
00bbac68_3051,12240.376
00bbac68_3052,12240.583
00bbac68_3053,12240.639
00bbac68_3054,12240.942
00bbac68_3055,12240.933
00bbac68_3056,12240.929
00bbac68_3057,12240.885
00bbac68_3058,12240.907
00bbac68_3059,12240.892
00bbac68_3060,12241.168
00bbac68_3061,12241.063
00bbac68_3062,12241.125
00bbac68_3063,12241.189
00bbac68_3064,12241.124
00bbac68_3065,12241.049
00bbac68_3066,12241.081
00bbac68_3067,12241.056
00bbac68_3068,12241.065
00bbac68_3069,12241.124
00bbac68_3070,12241.091
00bbac68_3071,12241.006
00bbac68_3072,12241.044
00bbac68_3073,12240.946
00bbac68_3074,12240.994
00bbac68_3075,12241.119
00bbac68_3076,12241.076
00bbac68_3077,12240.956
00bbac68_3078,12240.9795
00bbac68_3079,12241.089
00bbac68_3080,12241.1045
00bbac68_3081,12241.199
00bbac68_3082,12241.169
00bbac68_3083,12241.165
00bbac68_3084,12241.217
00bbac68_3085,12241.006
00bbac68_3086,12241.07
00bbac68_3087,12241.168
00bbac68_3088,12241.321
00bbac68_3089,12241.368
00bbac68_3090,12241.141
00bbac68_3091,12241.234
00bbac68_3092,12241.218
00bbac68_3093,12241.312
00bbac68_3094,12241.333
00bbac68_3095,12241.594
00bbac68_3096,12241.55
00bbac68_3097,12241.524
00bbac68_3098,12241.469
00bbac68_3099,12241.49
00bbac68_3100,12241.486
00bbac68_3101,12241.566
00bbac68_3102,12241.391
00bbac68_3103,12241.49
00bbac68_3104,12241.452
00bbac68_3105,12241.57
00bbac68_3106,12241.386
00bbac68_3107,12241.565
00bbac68_3108,12241.399
00bbac68_3109,12241.459
00bbac68_3110,12241.441
00bbac68_3111,12241.524
00bbac68_3112,12241.496
00bbac68_3113,12241.4375
00bbac68_3114,12241.448
00bbac68_3115,12241.449
00bbac68_3116,12241.57
00bbac68_3117,12241.534
00bbac68_3118,12241.516
00bbac68_3119,12241.469
00bbac68_3120,12241.501
00bbac68_3121,12241.294
00bbac68_3122,12241.22
00bbac68_3123,12241.224
00bbac68_3124,12241.304
00bbac68_3125,12241.293
00bbac68_3126,12241.277
00bbac68_3127,12241.32
00bbac68_3128,12241.21
00bbac68_3129,12241.413
00bbac68_3130,12241.503
00bbac68_3131,12241.4375
00bbac68_3132,12241.528
00bbac68_3133,12242.21
00bbac68_3134,12242.23
00bbac68_3135,12242.269
00bbac68_3136,12242.273
00bbac68_3137,12242.344
00bbac68_3138,12242.314
00bbac68_3139,12242.433
00bbac68_3140,12242.372
00bbac68_3141,12242.491
00bbac68_3142,12242.435
00bbac68_3143,12242.379
00bbac68_3144,12242.393
00bbac68_3145,12242.351
00bbac68_3146,12242.393
00bbac68_3147,12242.419
00bbac68_3148,12242.46
00bbac68_3149,12242.386
00bbac68_3150,12242.39
00bbac68_3151,12242.379
00bbac68_3152,12242.398
00bbac68_3153,12242.351
00bbac68_3154,12242.429
00bbac68_3155,12242.316
00bbac68_3156,12242.3545
00bbac68_3157,12242.329
00bbac68_3158,12243.319
00bbac68_3159,12243.253
00bbac68_3160,12243.337
00bbac68_3161,12243.247
00bbac68_3162,12243.313
00bbac68_3163,12243.257
00bbac68_3164,12243.32
00bbac68_3165,12243.49
00bbac68_3166,12243.591
00bbac68_3167,12243.568
00bbac68_3168,12243.166
00bbac68_3169,12243.219
00bbac68_3170,12243.199
00bbac68_3171,12243.289
00bbac68_3172,12243.188
00bbac68_3173,12243.113
00bbac68_3174,12243.014
00bbac68_3175,12243.211
00bbac68_3176,12243.113
00bbac68_3177,12243.066
00bbac68_3178,12242.932
00bbac68_3179,12243.055
00bbac68_3180,12243.134
00bbac68_3181,12243.087
00bbac68_3182,12243.126
00bbac68_3183,12243.18
00bbac68_3184,12243.261
00bbac68_3185,12243.131
00bbac68_3186,12243.077
00bbac68_3187,12243.15
00bbac68_3188,12243.1
00bbac68_3189,12243.148
00bbac68_3190,12243.763
00bbac68_3191,12243.759
00bbac68_3192,12243.821
00bbac68_3193,12244.69
00bbac68_3194,12244.726
00bbac68_3195,12244.833
00bbac68_3196,12244.799
00bbac68_3197,12244.848
00bbac68_3198,12244.75
00bbac68_3199,12244.726
00bbac68_3200,12244.829
00bbac68_3201,12244.785
00bbac68_3202,12244.759
00bbac68_3203,12244.673
00bbac68_3204,12244.439
00bbac68_3205,12244.637
00bbac68_3206,12244.755
00bbac68_3207,12244.853
00bbac68_3208,12244.884
00bbac68_3209,12244.862
00bbac68_3210,12244.737
00bbac68_3211,12244.656
00bbac68_3212,12244.609
00bbac68_3213,12244.805
00bbac68_3214,12244.738
00bbac68_3215,12244.672
00bbac68_3216,12244.726
00bbac68_3217,12244.794
00bbac68_3218,12244.775
00bbac68_3219,12244.61
00bbac68_3220,12244.506
00bbac68_3221,12244.459
00bbac68_3222,12244.395
00bbac68_3223,12244.271
00bbac68_3224,12244.144
00bbac68_3225,12244.34
00bbac68_3226,12244.442
00bbac68_3227,12244.47
00bbac68_3228,12244.518
00bbac68_3229,12244.501
00bbac68_3230,12244.441
00bbac68_3231,12244.478
00bbac68_3232,12244.4
00bbac68_3233,12244.222
00bbac68_3234,12244.408
00bbac68_3235,12244.337
00bbac68_3236,12244.116
00bbac68_3237,12243.759
00bbac68_3238,12243.822
00bbac68_3239,12243.77
00bbac68_3240,12243.753
00bbac68_3241,12244.21
00bbac68_3242,12244.317
00bbac68_3243,12244.211
00bbac68_3244,12244.078
00bbac68_3245,12243.847
00bbac68_3246,12243.844
00bbac68_3247,12243.829
00bbac68_3248,12243.616
00bbac68_3249,12243.673
00bbac68_3250,12243.627
00bbac68_3251,12243.645
00bbac68_3252,12243.82
00bbac68_3253,12243.939
00bbac68_3254,12243.923
00bbac68_3255,12243.626
00bbac68_3256,12243.616
00bbac68_3257,12243.681
00bbac68_3258,12243.574
00bbac68_3259,12243.955
00bbac68_3260,12243.95
00bbac68_3261,12243.589
00bbac68_3262,12243.653
00bbac68_3263,12243.633
00bbac68_3264,12243.69
00bbac68_3265,12243.712
00bbac68_3266,12243.645
00bbac68_3267,12243.697
00bbac68_3268,12244.074
00bbac68_3269,12243.748
00bbac68_3270,12243.717
00bbac68_3271,12243.787
00bbac68_3272,12243.904
00bbac68_3273,12243.818
00bbac68_3274,12243.857
00bbac68_3275,12243.903
00bbac68_3276,12243.94
00bbac68_3277,12243.833
00bbac68_3278,12243.858
00bbac68_3279,12243.934
00bbac68_3280,12243.955
00bbac68_3281,12243.979
00bbac68_3282,12244.022
00bbac68_3283,12244.116
00bbac68_3284,12243.97
00bbac68_3285,12244.065
00bbac68_3286,12244.14
00bbac68_3287,12244.09
00bbac68_3288,12244.04
00bbac68_3289,12244.253
00bbac68_3290,12244.08
00bbac68_3291,12244.269
00bbac68_3292,12244.247
00bbac68_3293,12244.306
00bbac68_3294,12244.43
00bbac68_3295,12244.519
00bbac68_3296,12244.1875
00bbac68_3297,12244.448
00bbac68_3298,12244.413
00bbac68_3299,12244.534
00bbac68_3300,12244.486
00bbac68_3301,12244.704
00bbac68_3302,12244.785
00bbac68_3303,12244.828
00bbac68_3304,12244.829
00bbac68_3305,12244.78
00bbac68_3306,12245.042
00bbac68_3307,12244.916
00bbac68_3308,12244.964
00bbac68_3309,12245.326
00bbac68_3310,12245.374
00bbac68_3311,12245.362
00bbac68_3312,12245.413
00bbac68_3313,12245.346
00bbac68_3314,12245.336
00bbac68_3315,12245.366
00bbac68_3316,12245.377
00bbac68_3317,12245.236
00bbac68_3318,12245.243
00bbac68_3319,12245.335
00bbac68_3320,12245.368
00bbac68_3321,12245.384
00bbac68_3322,12245.342
00bbac68_3323,12245.461
00bbac68_3324,12245.458
00bbac68_3325,12245.376
00bbac68_3326,12245.476
00bbac68_3327,12245.436
00bbac68_3328,12245.509
00bbac68_3329,12245.425
00bbac68_3330,12245.506
00bbac68_3331,12245.511
00bbac68_3332,12245.474
00bbac68_3333,12245.486
00bbac68_3334,12245.479
00bbac68_3335,12245.275
00bbac68_3336,12245.35
00bbac68_3337,12245.439
00bbac68_3338,12245.449
00bbac68_3339,12244.957
00bbac68_3340,12244.8125
00bbac68_3341,12245.035
00bbac68_3342,12244.977
00bbac68_3343,12244.927
00bbac68_3344,12244.81
00bbac68_3345,12244.707
00bbac68_3346,12244.826
00bbac68_3347,12245.389
00bbac68_3348,12245.326
00bbac68_3349,12245.337
00bbac68_3350,12244.866
00bbac68_3351,12244.626
00bbac68_3352,12244.754
00bbac68_3353,12244.785
00bbac68_3354,12244.878
00bbac68_3355,12244.903
00bbac68_3356,12244.827
00bbac68_3357,12244.937
00bbac68_3358,12245.078
00bbac68_3359,12244.879
00bbac68_3360,12244.868
00bbac68_3361,12245.062
00bbac68_3362,12244.93
00bbac68_3363,12245.431
00bbac68_3364,12245.001
00bbac68_3365,12244.936
00bbac68_3366,12245.044
00bbac68_3367,12245.042
00bbac68_3368,12245.072
00bbac68_3369,12245.554
00bbac68_3370,12245.156
00bbac68_3371,12245.141
00bbac68_3372,12245.622
00bbac68_3373,12245.749
00bbac68_3374,12245.745
00bbac68_3375,12245.767
00bbac68_3376,12245.762
00bbac68_3377,12245.819
00bbac68_3378,12245.84
00bbac68_3379,12245.851
00bbac68_3380,12245.891
00bbac68_3381,12245.867
00bbac68_3382,12245.889
00bbac68_3383,12245.903
00bbac68_3384,12245.841
00bbac68_3385,12245.869
00bbac68_3386,12245.848
00bbac68_3387,12245.85
00bbac68_3388,12245.835
00bbac68_3389,12245.8955
00bbac68_3390,12245.86
00bbac68_3391,12245.859
00bbac68_3392,12245.854
00bbac68_3393,12245.841
00bbac68_3394,12245.827
00bbac68_3395,12245.809
00bbac68_3396,12245.779
00bbac68_3397,12245.792
00bbac68_3398,12245.715
00bbac68_3399,12245.752
00bbac68_3400,12245.754
00bbac68_3401,12245.712
00bbac68_3402,12245.699
00bbac68_3403,12245.724
00bbac68_3404,12245.621
00bbac68_3405,12245.534
00bbac68_3406,12245.482
00bbac68_3407,12245.539
00bbac68_3408,12245.184
00bbac68_3409,12245.169
00bbac68_3410,12245.321
00bbac68_3411,12245.3
00bbac68_3412,12245.299
00bbac68_3413,12245.291
00bbac68_3414,12245.358
00bbac68_3415,12245.288
00bbac68_3416,12245.408
00bbac68_3417,12245.324
00bbac68_3418,12245.235
00bbac68_3419,12245.326
00bbac68_3420,12245.355
00bbac68_3421,12245.456
00bbac68_3422,12245.405
00bbac68_3423,12245.392
00bbac68_3424,12245.483
00bbac68_3425,12245.41
00bbac68_3426,12245.471
00bbac68_3427,12245.436
00bbac68_3428,12245.365
00bbac68_3429,12245.402
00bbac68_3430,12245.446
00bbac68_3431,12245.37
00bbac68_3432,12245.444
00bbac68_3433,12245.335
00bbac68_3434,12245.32
00bbac68_3435,12245.238
00bbac68_3436,12245.232
00bbac68_3437,12245.332
00bbac68_3438,12245.312
00bbac68_3439,12245.334
00bbac68_3440,12245.319
00bbac68_3441,12245.263
00bbac68_3442,12245.284
00bbac68_3443,12245.303
00bbac68_3444,12245.231
00bbac68_3445,12245.313
00bbac68_3446,12245.225
00bbac68_3447,12245.012
00bbac68_3448,12244.891
00bbac68_3449,12244.816
00bbac68_3450,12244.809
00bbac68_3451,12244.605
00bbac68_3452,12244.533
00bbac68_3453,12244.651
00bbac68_3454,12244.625
00bbac68_3455,12244.607
00bbac68_3456,12244.4375
00bbac68_3457,12244.143
00bbac68_3458,12244.259
00bbac68_3459,12244.216
00bbac68_3460,12244.181
00bbac68_3461,12244.152
00bbac68_3462,12244.03
00bbac68_3463,12243.967
00bbac68_3464,12243.95
00bbac68_3465,12243.952
00bbac68_3466,12243.935
00bbac68_3467,12244.03
00bbac68_3468,12244.034
00bbac68_3469,12243.959
00bbac68_3470,12243.894
00bbac68_3471,12244.361
00bbac68_3472,12244.61
00bbac68_3473,12244.434
00bbac68_3474,12244.014
00bbac68_3475,12244.509
00bbac68_3476,12244.645
00bbac68_3477,12244.771
00bbac68_3478,12244.8545
00bbac68_3479,12244.863
00bbac68_3480,12244.977
00bbac68_3481,12244.97
00bbac68_3482,12244.946
00bbac68_3483,12245.01
00bbac68_3484,12245.093
00bbac68_3485,12245.111
00bbac68_3486,12245.165
00bbac68_3487,12245.0625
00bbac68_3488,12244.972
00bbac68_3489,12245.0
00bbac68_3490,12245.085
00bbac68_3491,12245.109
00bbac68_3492,12245.049
00bbac68_3493,12245.088
00bbac68_3494,12245.156
00bbac68_3495,12245.127
00bbac68_3496,12245.078
00bbac68_3497,12244.972
00bbac68_3498,12244.965
00bbac68_3499,12245.025
00bbac68_3500,12244.992
00bbac68_3501,12244.969
00bbac68_3502,12244.236
00bbac68_3503,12244.275
00bbac68_3504,12244.535
00bbac68_3505,12244.755
00bbac68_3506,12244.264
00bbac68_3507,12244.073
00bbac68_3508,12244.258
00bbac68_3509,12244.465
00bbac68_3510,12244.498
00bbac68_3511,12244.261
00bbac68_3512,12244.094
00bbac68_3513,12244.099
00bbac68_3514,12244.247
00bbac68_3515,12244.117
00bbac68_3516,12244.182
00bbac68_3517,12244.235
00bbac68_3518,12244.098
00bbac68_3519,12244.18
00bbac68_3520,12244.644
00bbac68_3521,12244.58
00bbac68_3522,12244.231
00bbac68_3523,12244.236
00bbac68_3524,12244.183
00bbac68_3525,12244.249
00bbac68_3526,12244.134
00bbac68_3527,12244.184
00bbac68_3528,12244.151
00bbac68_3529,12244.085
00bbac68_3530,12244.131
00bbac68_3531,12244.15
00bbac68_3532,12244.064
00bbac68_3533,12244.188
00bbac68_3534,12244.21
00bbac68_3535,12244.243
00bbac68_3536,12244.26
00bbac68_3537,12244.218
00bbac68_3538,12244.357
00bbac68_3539,12244.239
00bbac68_3540,12244.217
00bbac68_3541,12244.203
00bbac68_3542,12244.096
00bbac68_3543,12244.123
00bbac68_3544,12244.39
00bbac68_3545,12244.343
00bbac68_3546,12244.286
00bbac68_3547,12244.144
00bbac68_3548,12244.112
00bbac68_3549,12243.6455
00bbac68_3550,12243.5625
00bbac68_3551,12243.524
00bbac68_3552,12243.325
00bbac68_3553,12243.279
00bbac68_3554,12243.361
00bbac68_3555,12243.371
00bbac68_3556,12243.401
00bbac68_3557,12243.376
00bbac68_3558,12243.22
00bbac68_3559,12243.199
00bbac68_3560,12243.2705
00bbac68_3561,12243.303
00bbac68_3562,12243.239
00bbac68_3563,12243.302
00bbac68_3564,12243.274
00bbac68_3565,12243.348
00bbac68_3566,12243.233
00bbac68_3567,12243.25
00bbac68_3568,12243.385
00bbac68_3569,12243.379
00bbac68_3570,12243.317
00bbac68_3571,12243.275
00bbac68_3572,12243.082
00bbac68_3573,12242.95
00bbac68_3574,12242.934
00bbac68_3575,12242.923
00bbac68_3576,12242.432
00bbac68_3577,12242.486
00bbac68_3578,12242.439
00bbac68_3579,12242.501
00bbac68_3580,12242.545
00bbac68_3581,12242.451
00bbac68_3582,12242.477
00bbac68_3583,12242.478
00bbac68_3584,12242.297
00bbac68_3585,12242.243
00bbac68_3586,12242.164
00bbac68_3587,12242.162
00bbac68_3588,12242.159
00bbac68_3589,12242.158
00bbac68_3590,12242.161
00bbac68_3591,12241.975
00bbac68_3592,12242.1
00bbac68_3593,12242.025
00bbac68_3594,12242.03
00bbac68_3595,12242.092
00bbac68_3596,12242.126
00bbac68_3597,12241.93
00bbac68_3598,12242.093
00bbac68_3599,12241.951
00bbac68_3600,12241.87
00bbac68_3601,12241.92
00bbac68_3602,12241.845
00bbac68_3603,12241.816
00bbac68_3604,12241.823
00bbac68_3605,12241.791
00bbac68_3606,12241.794
00bbac68_3607,12241.574
00bbac68_3608,12241.534
00bbac68_3609,12241.501
00bbac68_3610,12241.475
00bbac68_3611,12241.537
00bbac68_3612,12241.638
00bbac68_3613,12241.576
00bbac68_3614,12241.7295
00bbac68_3615,12241.772
00bbac68_3616,12241.769
00bbac68_3617,12241.777
00bbac68_3618,12241.776
00bbac68_3619,12241.665
00bbac68_3620,12241.676
00bbac68_3621,12241.654
00bbac68_3622,12241.706
00bbac68_3623,12241.775
00bbac68_3624,12241.805
00bbac68_3625,12241.744
00bbac68_3626,12241.761
00bbac68_3627,12241.762
00bbac68_3628,12241.6
00bbac68_3629,12241.706
00bbac68_3630,12241.808
00bbac68_3631,12241.778
00bbac68_3632,12241.792
00bbac68_3633,12241.706
00bbac68_3634,12241.611
00bbac68_3635,12241.74
00bbac68_3636,12241.708
00bbac68_3637,12241.659
00bbac68_3638,12241.557
00bbac68_3639,12241.641
00bbac68_3640,12241.504
00bbac68_3641,12241.426
00bbac68_3642,12241.411
00bbac68_3643,12241.437
00bbac68_3644,12241.458
00bbac68_3645,12241.554
00bbac68_3646,12241.55
00bbac68_3647,12241.49
00bbac68_3648,12241.497
00bbac68_3649,12241.362
00bbac68_3650,12241.322
00bbac68_3651,12241.381
00bbac68_3652,12241.528
00bbac68_3653,12241.509
00bbac68_3654,12241.46
00bbac68_3655,12241.464
00bbac68_3656,12241.362
00bbac68_3657,12241.314
00bbac68_3658,12241.18
00bbac68_3659,12241.33
00bbac68_3660,12241.344
00bbac68_3661,12241.173
00bbac68_3662,12241.211
00bbac68_3663,12241.352
00bbac68_3664,12241.331
00bbac68_3665,12241.116
00bbac68_3666,12241.124
00bbac68_3667,12241.229
00bbac68_3668,12241.06
00bbac68_3669,12241.066
00bbac68_3670,12240.975
00bbac68_3671,12240.96
00bbac68_3672,12241.109
00bbac68_3673,12241.059
00bbac68_3674,12241.108
00bbac68_3675,12241.065
00bbac68_3676,12240.923
00bbac68_3677,12240.941
00bbac68_3678,12240.997
00bbac68_3679,12240.987
00bbac68_3680,12240.895
00bbac68_3681,12241.049
00bbac68_3682,12241.047
00bbac68_3683,12240.821
00bbac68_3684,12240.867
00bbac68_3685,12240.794
00bbac68_3686,12240.948
00bbac68_3687,12240.951
00bbac68_3688,12240.991
00bbac68_3689,12240.975
00bbac68_3690,12240.884
00bbac68_3691,12240.748
00bbac68_3692,12240.79
00bbac68_3693,12240.872
00bbac68_3694,12240.866
00bbac68_3695,12240.945
00bbac68_3696,12240.883
00bbac68_3697,12241.116
00bbac68_3698,12240.927
00bbac68_3699,12241.011
00bbac68_3700,12241.084
00bbac68_3701,12241.118
00bbac68_3702,12241.128
00bbac68_3703,12241.091
00bbac68_3704,12241.072
00bbac68_3705,12241.092
00bbac68_3706,12241.153
00bbac68_3707,12241.333
00bbac68_3708,12241.174
00bbac68_3709,12241.145
00bbac68_3710,12241.128
00bbac68_3711,12241.04
00bbac68_3712,12241.046
00bbac68_3713,12241.016
00bbac68_3714,12241.19
00bbac68_3715,12241.019
00bbac68_3716,12241.046
00bbac68_3717,12241.051
00bbac68_3718,12241.178
00bbac68_3719,12241.051
00bbac68_3720,12241.048
00bbac68_3721,12241.066
00bbac68_3722,12241.212
00bbac68_3723,12241.048
00bbac68_3724,12241.064
00bbac68_3725,12241.206
00bbac68_3726,12241.004
00bbac68_3727,12241.053
00bbac68_3728,12241.25
00bbac68_3729,12241.048
00bbac68_3730,12241.251
00bbac68_3731,12240.981
00bbac68_3732,12240.956
00bbac68_3733,12241.111
00bbac68_3734,12240.978
00bbac68_3735,12241.007
00bbac68_3736,12240.921
00bbac68_3737,12241.097
00bbac68_3738,12240.848
00bbac68_3739,12240.908
00bbac68_3740,12240.737
00bbac68_3741,12240.951
00bbac68_3742,12240.864
00bbac68_3743,12241.004
00bbac68_3744,12240.928
00bbac68_3745,12240.765
00bbac68_3746,12240.911
00bbac68_3747,12240.705
00bbac68_3748,12240.844
00bbac68_3749,12240.85
00bbac68_3750,12240.713
00bbac68_3751,12240.708
00bbac68_3752,12240.731
00bbac68_3753,12240.516
00bbac68_3754,12240.612
00bbac68_3755,12240.606
00bbac68_3756,12240.605
00bbac68_3757,12240.233
00bbac68_3758,12240.462
00bbac68_3759,12240.415
00bbac68_3760,12240.253
00bbac68_3761,12240.15
00bbac68_3762,12239.784
00bbac68_3763,12239.796
00bbac68_3764,12239.862
00bbac68_3765,12239.872
00bbac68_3766,12239.88
00bbac68_3767,12239.882
00bbac68_3768,12239.655
00bbac68_3769,12239.319
00bbac68_3770,12238.93
00bbac68_3771,12238.884
00bbac68_3772,12239.421
00bbac68_3773,12240.115
00bbac68_3774,12239.964
00bbac68_3775,12239.801
00bbac68_3776,12239.836
00bbac68_3777,12239.515
00bbac68_3778,12239.536
00bbac68_3779,12239.279
00bbac68_3780,12239.313
00bbac68_3781,12239.382
00bbac68_3782,12239.442
00bbac68_3783,12239.37
00bbac68_3784,12239.481
00bbac68_3785,12239.494
00bbac68_3786,12239.174
00bbac68_3787,12239.218
00bbac68_3788,12239.266
00bbac68_3789,12239.223
00bbac68_3790,12239.187
00bbac68_3791,12239.056
00bbac68_3792,12238.796
00bbac68_3793,12238.963
00bbac68_3794,12238.705
00bbac68_3795,12238.423
00bbac68_3796,12238.028
00bbac68_3797,12237.992
00bbac68_3798,12238.052
00bbac68_3799,12238.146
00bbac68_3800,12238.179
00bbac68_3801,12238.394
00bbac68_3802,12238.229
00bbac68_3803,12237.968
00bbac68_3804,12237.971
00bbac68_3805,12238.028
00bbac68_3806,12237.906
00bbac68_3807,12237.849
00bbac68_3808,12237.436
00bbac68_3809,12237.797
00bbac68_3810,12237.921
00bbac68_3811,12237.728
00bbac68_3812,12237.984
00bbac68_3813,12237.918
00bbac68_3814,12237.974
00bbac68_3815,12237.713
00bbac68_3816,12237.826
00bbac68_3817,12238.077
00bbac68_3818,12238.386
00bbac68_3819,12238.071
00bbac68_3820,12238.208
00bbac68_3821,12238.119
00bbac68_3822,12238.153
00bbac68_3823,12237.939
00bbac68_3824,12238.222
00bbac68_3825,12238.004
00bbac68_3826,12237.959
00bbac68_3827,12237.988
00bbac68_3828,12237.773
00bbac68_3829,12238.189
00bbac68_3830,12237.991
00bbac68_3831,12237.7705
00bbac68_3832,12237.943
00bbac68_3833,12238.046
00bbac68_3834,12237.838
00bbac68_3835,12238.075
00bbac68_3836,12238.116
00bbac68_3837,12238.191
00bbac68_3838,12238.116
00bbac68_3839,12238.165
00bbac68_3840,12238.062
00bbac68_3841,12238.145
00bbac68_3842,12238.103
00bbac68_3843,12238.022
00bbac68_3844,12238.033
00bbac68_3845,12237.976
00bbac68_3846,12238.021
00bbac68_3847,12237.94
00bbac68_3848,12237.978
00bbac68_3849,12237.987
00bbac68_3850,12237.82
00bbac68_3851,12237.893
00bbac68_3852,12237.979
00bbac68_3853,12238.017
00bbac68_3854,12237.959
00bbac68_3855,12237.886
00bbac68_3856,12237.771
00bbac68_3857,12237.685
00bbac68_3858,12237.61
00bbac68_3859,12237.575
00bbac68_3860,12237.654
00bbac68_3861,12237.628
00bbac68_3862,12237.6455
00bbac68_3863,12237.6045
00bbac68_3864,12237.523
00bbac68_3865,12237.401
00bbac68_3866,12237.315
00bbac68_3867,12237.358
00bbac68_3868,12237.319
00bbac68_3869,12237.385
00bbac68_3870,12237.393
00bbac68_3871,12237.462
00bbac68_3872,12237.519
00bbac68_3873,12237.446
00bbac68_3874,12237.417
00bbac68_3875,12237.324
00bbac68_3876,12237.291
00bbac68_3877,12237.359
00bbac68_3878,12237.305
00bbac68_3879,12237.37
00bbac68_3880,12237.268
00bbac68_3881,12237.171
00bbac68_3882,12237.099
00bbac68_3883,12237.086
00bbac68_3884,12237.12
00bbac68_3885,12237.059
00bbac68_3886,12237.182
00bbac68_3887,12237.038
00bbac68_3888,12236.958
00bbac68_3889,12237.163
00bbac68_3890,12236.983
00bbac68_3891,12236.997
00bbac68_3892,12237.02
00bbac68_3893,12236.876
00bbac68_3894,12236.852
00bbac68_3895,12236.833
00bbac68_3896,12236.607
00bbac68_3897,12236.731
00bbac68_3898,12236.688
00bbac68_3899,12236.667
00bbac68_3900,12236.744
00bbac68_3901,12236.798
00bbac68_3902,12236.959
00bbac68_3903,12236.731
00bbac68_3904,12236.789
00bbac68_3905,12236.893
00bbac68_3906,12236.863
00bbac68_3907,12236.741
00bbac68_3908,12236.7
00bbac68_3909,12237.002
00bbac68_3910,12236.704
00bbac68_3911,12236.707
00bbac68_3912,12236.765
00bbac68_3913,12236.777
00bbac68_3914,12237.034
00bbac68_3915,12236.565
00bbac68_3916,12236.495
00bbac68_3917,12236.339
00bbac68_3918,12236.321
00bbac68_3919,12236.553
00bbac68_3920,12236.3125
00bbac68_3921,12236.347
00bbac68_3922,12236.236
00bbac68_3923,12236.431
00bbac68_3924,12236.227
00bbac68_3925,12236.119
00bbac68_3926,12236.148
00bbac68_3927,12236.402
00bbac68_3928,12235.856
00bbac68_3929,12235.838
00bbac68_3930,12235.973
00bbac68_3931,12235.684
00bbac68_3932,12235.333
00bbac68_3933,12235.615
00bbac68_3934,12235.213
00bbac68_3935,12235.102
00bbac68_3936,12235.221
00bbac68_3937,12235.007
00bbac68_3938,12235.055
00bbac68_3939,12235.001
00bbac68_3940,12234.472
00bbac68_3941,12234.3955
00bbac68_3942,12234.883
00bbac68_3943,12234.777
00bbac68_3944,12234.854
00bbac68_3945,12234.572
00bbac68_3946,12234.791
00bbac68_3947,12235.154
00bbac68_3948,12234.825
00bbac68_3949,12235.099
00bbac68_3950,12234.716
00bbac68_3951,12235.007
00bbac68_3952,12234.112
00bbac68_3953,12234.077
00bbac68_3954,12234.635
00bbac68_3955,12234.471
00bbac68_3956,12234.742
00bbac68_3957,12234.498
00bbac68_3958,12234.732
00bbac68_3959,12234.363
00bbac68_3960,12234.517
00bbac68_3961,12234.326
00bbac68_3962,12234.493
00bbac68_3963,12234.069
00bbac68_3964,12234.235
00bbac68_3965,12234.0205
00bbac68_3966,12234.236
00bbac68_3967,12233.9795
00bbac68_3968,12234.216
00bbac68_3969,12234.006
00bbac68_3970,12234.181
00bbac68_3971,12234.029
00bbac68_3972,12234.264
00bbac68_3973,12234.028
00bbac68_3974,12234.254
00bbac68_3975,12233.962
00bbac68_3976,12234.176
00bbac68_3977,12233.924
00bbac68_3978,12234.215
00bbac68_3979,12233.9
00bbac68_3980,12234.059
00bbac68_3981,12233.844
00bbac68_3982,12234.06
00bbac68_3983,12233.776
00bbac68_3984,12233.791
00bbac68_3985,12234.008
00bbac68_3986,12233.74
00bbac68_3987,12233.983
00bbac68_3988,12233.722
00bbac68_3989,12233.875
00bbac68_3990,12233.616
00bbac68_3991,12233.719
00bbac68_3992,12233.547
00bbac68_3993,12233.541
00bbac68_3994,12233.769
00bbac68_3995,12233.478
00bbac68_3996,12233.674
00bbac68_3997,12233.438
00bbac68_3998,12233.613
00bbac68_3999,12233.331
00bbac68_4000,12233.391
00bbac68_4001,12233.61
00bbac68_4002,12233.223
00bbac68_4003,12233.467
00bbac68_4004,12233.228
00bbac68_4005,12233.274
00bbac68_4006,12233.374
00bbac68_4007,12233.254
00bbac68_4008,12233.066
00bbac68_4009,12233.27
00bbac68_4010,12233.08
00bbac68_4011,12233.2
00bbac68_4012,12232.951
00bbac68_4013,12233.019
00bbac68_4014,12233.199
00bbac68_4015,12233.073
00bbac68_4016,12233.114
00bbac68_4017,12233.168
00bbac68_4018,12232.964
00bbac68_4019,12232.905
00bbac68_4020,12233.129
00bbac68_4021,12232.786
00bbac68_4022,12232.744
00bbac68_4023,12232.995
00bbac68_4024,12232.8125
00bbac68_4025,12232.814
00bbac68_4026,12232.999
00bbac68_4027,12232.778
00bbac68_4028,12232.7295
00bbac68_4029,12232.917
00bbac68_4030,12232.737
00bbac68_4031,12232.636
00bbac68_4032,12232.778
00bbac68_4033,12232.396
00bbac68_4034,12232.484
00bbac68_4035,12232.567
00bbac68_4036,12232.746
00bbac68_4037,12232.555
00bbac68_4038,12232.577
00bbac68_4039,12232.688
00bbac68_4040,12232.4375
00bbac68_4041,12232.13
00bbac68_4042,12232.02
00bbac68_4043,12232.291
00bbac68_4044,12232.093
00bbac68_4045,12232.013
00bbac68_4046,12232.035
00bbac68_4047,12232.093
00bbac68_4048,12231.92
00bbac68_4049,12232.085
00bbac68_4050,12231.909
00bbac68_4051,12232.096
00bbac68_4052,12232.0205
00bbac68_4053,12232.071
00bbac68_4054,12232.035
00bbac68_4055,12232.088
00bbac68_4056,12231.975
00bbac68_4057,12231.89
00bbac68_4058,12232.01
00bbac68_4059,12232.2295
00bbac68_4060,12232.085
00bbac68_4061,12232.062
00bbac68_4062,12231.938
00bbac68_4063,12231.969
00bbac68_4064,12231.953
00bbac68_4065,12231.855
00bbac68_4066,12231.852
00bbac68_4067,12231.926
00bbac68_4068,12231.988
00bbac68_4069,12232.044
00bbac68_4070,12231.866
00bbac68_4071,12231.856
00bbac68_4072,12231.91
00bbac68_4073,12231.976
00bbac68_4074,12231.927
00bbac68_4075,12231.982
00bbac68_4076,12231.947
00bbac68_4077,12231.939
00bbac68_4078,12231.8545
00bbac68_4079,12231.835
00bbac68_4080,12231.802
00bbac68_4081,12231.769
00bbac68_4082,12231.811
00bbac68_4083,12231.774
00bbac68_4084,12231.72
00bbac68_4085,12231.73
00bbac68_4086,12231.527
00bbac68_4087,12231.537
00bbac68_4088,12231.404
00bbac68_4089,12231.428
00bbac68_4090,12231.416
00bbac68_4091,12231.408
00bbac68_4092,12231.426
00bbac68_4093,12231.406
00bbac68_4094,12231.292
00bbac68_4095,12231.398
00bbac68_4096,12231.416
00bbac68_4097,12231.443
00bbac68_4098,12231.352
00bbac68_4099,12231.361
00bbac68_4100,12231.366
00bbac68_4101,12231.479
00bbac68_4102,12231.413
00bbac68_4103,12231.4
00bbac68_4104,12231.294
00bbac68_4105,12231.355
00bbac68_4106,12231.341
00bbac68_4107,12231.228
00bbac68_4108,12231.302
00bbac68_4109,12231.343
00bbac68_4110,12231.29
00bbac68_4111,12231.214
00bbac68_4112,12231.307
00bbac68_4113,12231.169
00bbac68_4114,12231.136
00bbac68_4115,12231.166
00bbac68_4116,12231.2
00bbac68_4117,12231.14
00bbac68_4118,12231.035
00bbac68_4119,12230.685
00bbac68_4120,12230.362
00bbac68_4121,12231.047
00bbac68_4122,12231.052
00bbac68_4123,12230.426
00bbac68_4124,12230.347
00bbac68_4125,12230.394
00bbac68_4126,12230.372
00bbac68_4127,12230.382
00bbac68_4128,12230.418
00bbac68_4129,12230.444
00bbac68_4130,12230.465
00bbac68_4131,12230.411
00bbac68_4132,12230.385
00bbac68_4133,12230.213
00bbac68_4134,12230.115
00bbac68_4135,12230.028
00bbac68_4136,12230.099
00bbac68_4137,12230.12
00bbac68_4138,12230.119
00bbac68_4139,12230.055
00bbac68_4140,12230.019
00bbac68_4141,12230.353
00bbac68_4142,12230.398
00bbac68_4143,12230.429
00bbac68_4144,12230.415
00bbac68_4145,12230.376
00bbac68_4146,12230.368
00bbac68_4147,12230.302
00bbac68_4148,12230.165
00bbac68_4149,12230.087
00bbac68_4150,12230.068
00bbac68_4151,12229.912
00bbac68_4152,12229.975
00bbac68_4153,12229.931
00bbac68_4154,12229.917
00bbac68_4155,12229.92
00bbac68_4156,12229.805
00bbac68_4157,12229.77
00bbac68_4158,12229.683
00bbac68_4159,12229.791
00bbac68_4160,12229.804
00bbac68_4161,12229.787
00bbac68_4162,12229.812
00bbac68_4163,12229.805
00bbac68_4164,12229.824
00bbac68_4165,12229.801
00bbac68_4166,12229.813
00bbac68_4167,12229.719
00bbac68_4168,12229.422
00bbac68_4169,12229.427
00bbac68_4170,12229.397
00bbac68_4171,12229.434
00bbac68_4172,12229.473
00bbac68_4173,12229.449
00bbac68_4174,12229.517
00bbac68_4175,12229.634
00bbac68_4176,12229.564
00bbac68_4177,12229.37
00bbac68_4178,12229.418
00bbac68_4179,12229.437
00bbac68_4180,12229.364
00bbac68_4181,12229.328
00bbac68_4182,12229.523
00bbac68_4183,12229.733
00bbac68_4184,12230.481
00bbac68_4185,12230.87
00bbac68_4186,12230.801
00bbac68_4187,12230.857
00bbac68_4188,12230.851
00bbac68_4189,12230.834
00bbac68_4190,12230.845
00bbac68_4191,12230.89
00bbac68_4192,12230.647
00bbac68_4193,12230.673
00bbac68_4194,12230.953
00bbac68_4195,12230.897
00bbac68_4196,12230.658
00bbac68_4197,12230.368
00bbac68_4198,12230.324
00bbac68_4199,12230.282
00bbac68_4200,12230.451
00bbac68_4201,12230.999
00bbac68_4202,12231.047
00bbac68_4203,12230.984
00bbac68_4204,12230.802
00bbac68_4205,12230.835
00bbac68_4206,12230.779
00bbac68_4207,12230.893
00bbac68_4208,12230.833
00bbac68_4209,12230.786
00bbac68_4210,12230.735
00bbac68_4211,12230.776
00bbac68_4212,12230.714
00bbac68_4213,12230.673
00bbac68_4214,12230.764
00bbac68_4215,12230.717
00bbac68_4216,12230.61
00bbac68_4217,12230.581
00bbac68_4218,12230.761
00bbac68_4219,12230.7
00bbac68_4220,12230.683
00bbac68_4221,12230.718
00bbac68_4222,12230.689
00bbac68_4223,12230.652
00bbac68_4224,12230.619
00bbac68_4225,12230.486
00bbac68_4226,12230.616
00bbac68_4227,12230.747
00bbac68_4228,12230.736
00bbac68_4229,12230.714
00bbac68_4230,12230.776
00bbac68_4231,12230.795
00bbac68_4232,12230.861
00bbac68_4233,12230.689
00bbac68_4234,12230.628
00bbac68_4235,12230.774
00bbac68_4236,12230.669
00bbac68_4237,12230.71
00bbac68_4238,12230.699
00bbac68_4239,12230.717
00bbac68_4240,12230.811
00bbac68_4241,12230.681
00bbac68_4242,12230.721
00bbac68_4243,12230.753
00bbac68_4244,12230.643
00bbac68_4245,12230.7295
00bbac68_4246,12230.592
00bbac68_4247,12230.743
00bbac68_4248,12230.761
00bbac68_4249,12230.725
00bbac68_4250,12230.692
00bbac68_4251,12230.655
00bbac68_4252,12230.672
00bbac68_4253,12230.71
00bbac68_4254,12230.663
00bbac68_4255,12230.671
00bbac68_4256,12230.755
00bbac68_4257,12230.759
00bbac68_4258,12230.76
00bbac68_4259,12230.811
00bbac68_4260,12230.777
00bbac68_4261,12230.812
00bbac68_4262,12230.819
00bbac68_4263,12230.823
00bbac68_4264,12230.776
00bbac68_4265,12230.664
00bbac68_4266,12230.631
00bbac68_4267,12230.722
00bbac68_4268,12230.819
00bbac68_4269,12230.925
00bbac68_4270,12230.826
00bbac68_4271,12230.822
00bbac68_4272,12230.839
00bbac68_4273,12230.827
00bbac68_4274,12230.798
00bbac68_4275,12230.844
00bbac68_4276,12230.916
00bbac68_4277,12230.912
00bbac68_4278,12230.948
00bbac68_4279,12230.852
00bbac68_4280,12230.755
00bbac68_4281,12230.75
00bbac68_4282,12230.725
00bbac68_4283,12230.702
00bbac68_4284,12230.83
00bbac68_4285,12230.772
00bbac68_4286,12230.868
00bbac68_4287,12230.804
00bbac68_4288,12230.799
00bbac68_4289,12230.775
00bbac68_4290,12230.7705
00bbac68_4291,12230.666
00bbac68_4292,12230.673
00bbac68_4293,12230.771
00bbac68_4294,12230.73
00bbac68_4295,12230.804
00bbac68_4296,12230.687
00bbac68_4297,12230.663
00bbac68_4298,12230.654
00bbac68_4299,12230.568
00bbac68_4300,12230.464
00bbac68_4301,12230.278
00bbac68_4302,12230.384
00bbac68_4303,12230.299
00bbac68_4304,12230.095
00bbac68_4305,12229.904
00bbac68_4306,12230.245
00bbac68_4307,12229.958
00bbac68_4308,12230.164
00bbac68_4309,12230.08
00bbac68_4310,12230.168
00bbac68_4311,12230.482
00bbac68_4312,12229.708
00bbac68_4313,12229.662
00bbac68_4314,12229.634
00bbac68_4315,12230.053
00bbac68_4316,12230.001
00bbac68_4317,12230.088
00bbac68_4318,12230.128
00bbac68_4319,12230.131
00bbac68_4320,12230.057
00bbac68_4321,12229.96
00bbac68_4322,12229.903
00bbac68_4323,12229.979
00bbac68_4324,12229.962
00bbac68_4325,12230.0
00bbac68_4326,12229.97
00bbac68_4327,12229.858
00bbac68_4328,12229.94
00bbac68_4329,12229.95
00bbac68_4330,12229.948
00bbac68_4331,12229.849
00bbac68_4332,12229.633
00bbac68_4333,12229.608
00bbac68_4334,12229.612
00bbac68_4335,12229.562
00bbac68_4336,12229.523
00bbac68_4337,12229.63
00bbac68_4338,12229.686
00bbac68_4339,12229.644
00bbac68_4340,12229.638
00bbac68_4341,12229.378
00bbac68_4342,12229.478
00bbac68_4343,12229.539
00bbac68_4344,12229.545
00bbac68_4345,12229.543
00bbac68_4346,12229.458
00bbac68_4347,12229.4795
00bbac68_4348,12229.361
00bbac68_4349,12229.464
00bbac68_4350,12229.485
00bbac68_4351,12229.541
00bbac68_4352,12229.392
00bbac68_4353,12229.366
00bbac68_4354,12229.499
00bbac68_4355,12229.3545
00bbac68_4356,12229.464
00bbac68_4357,12229.474
00bbac68_4358,12229.339
00bbac68_4359,12229.38
00bbac68_4360,12229.398
00bbac68_4361,12229.431
00bbac68_4362,12229.404
00bbac68_4363,12229.331
00bbac68_4364,12229.366
00bbac68_4365,12229.319
00bbac68_4366,12229.412
00bbac68_4367,12229.371
00bbac68_4368,12229.401
00bbac68_4369,12229.294
00bbac68_4370,12229.28
00bbac68_4371,12229.35
00bbac68_4372,12229.293
00bbac68_4373,12229.194
00bbac68_4374,12229.268
00bbac68_4375,12229.266
00bbac68_4376,12229.266
00bbac68_4377,12229.382
00bbac68_4378,12229.293
00bbac68_4379,12229.309
00bbac68_4380,12229.325
00bbac68_4381,12229.322
00bbac68_4382,12229.293
00bbac68_4383,12229.41
00bbac68_4384,12229.601
00bbac68_4385,12229.643
00bbac68_4386,12229.61
00bbac68_4387,12229.558
00bbac68_4388,12229.476
00bbac68_4389,12229.55
00bbac68_4390,12229.541
00bbac68_4391,12229.683
00bbac68_4392,12229.712
00bbac68_4393,12229.638
00bbac68_4394,12229.604
00bbac68_4395,12229.593
00bbac68_4396,12229.594
00bbac68_4397,12229.621
00bbac68_4398,12229.627
00bbac68_4399,12229.498
00bbac68_4400,12229.436
00bbac68_4401,12229.474
00bbac68_4402,12229.523
00bbac68_4403,12229.59
00bbac68_4404,12229.574
00bbac68_4405,12229.632
00bbac68_4406,12229.558
00bbac68_4407,12229.781
00bbac68_4408,12229.641
00bbac68_4409,12229.6045
00bbac68_4410,12229.768
00bbac68_4411,12229.534
00bbac68_4412,12229.529
00bbac68_4413,12229.631
00bbac68_4414,12229.621
00bbac68_4415,12229.63
00bbac68_4416,12229.689
00bbac68_4417,12229.669
00bbac68_4418,12229.636
00bbac68_4419,12229.687
00bbac68_4420,12229.635
00bbac68_4421,12229.672
00bbac68_4422,12229.6455
00bbac68_4423,12229.6
00bbac68_4424,12229.554
00bbac68_4425,12229.575
00bbac68_4426,12229.554
00bbac68_4427,12229.575
00bbac68_4428,12229.562
00bbac68_4429,12229.534
00bbac68_4430,12229.533
00bbac68_4431,12229.558
00bbac68_4432,12229.567
00bbac68_4433,12229.372
00bbac68_4434,12229.322
00bbac68_4435,12229.005
00bbac68_4436,12228.909
00bbac68_4437,12228.906
00bbac68_4438,12228.963
00bbac68_4439,12228.853
00bbac68_4440,12228.952
00bbac68_4441,12228.973
00bbac68_4442,12228.969
00bbac68_4443,12229.008
00bbac68_4444,12228.984
00bbac68_4445,12228.948
00bbac68_4446,12228.979
00bbac68_4447,12228.956
00bbac68_4448,12228.947
00bbac68_4449,12228.99
00bbac68_4450,12229.08
00bbac68_4451,12228.98
00bbac68_4452,12229.011
00bbac68_4453,12228.965
00bbac68_4454,12228.87
00bbac68_4455,12229.013
00bbac68_4456,12228.9795
00bbac68_4457,12228.995
00bbac68_4458,12228.986
00bbac68_4459,12229.069
00bbac68_4460,12229.023
00bbac68_4461,12229.046
00bbac68_4462,12229.072
00bbac68_4463,12229.024
00bbac68_4464,12229.006
00bbac68_4465,12229.045
00bbac68_4466,12228.99
00bbac68_4467,12229.032
00bbac68_4468,12229.004
00bbac68_4469,12228.988
00bbac68_4470,12228.985
00bbac68_4471,12228.923
00bbac68_4472,12228.878
00bbac68_4473,12228.998
00bbac68_4474,12229.066
00bbac68_4475,12229.024
00bbac68_4476,12229.043
00bbac68_4477,12229.257
00bbac68_4478,12229.223
00bbac68_4479,12229.434
00bbac68_4480,12229.495
00bbac68_4481,12229.388
00bbac68_4482,12229.227
00bbac68_4483,12229.009
00bbac68_4484,12228.981
00bbac68_4485,12228.997
00bbac68_4486,12229.005
00bbac68_4487,12228.962
00bbac68_4488,12229.001
00bbac68_4489,12229.015
00bbac68_4490,12228.862
00bbac68_4491,12228.852
00bbac68_4492,12228.928
00bbac68_4493,12228.939
00bbac68_4494,12228.882
00bbac68_4495,12228.84
00bbac68_4496,12228.915
00bbac68_4497,12228.832
00bbac68_4498,12228.873
00bbac68_4499,12228.815
00bbac68_4500,12228.902
00bbac68_4501,12228.91
00bbac68_4502,12228.8955
00bbac68_4503,12228.896
00bbac68_4504,12228.844
00bbac68_4505,12228.803
00bbac68_4506,12228.8545
00bbac68_4507,12228.724
00bbac68_4508,12228.797
00bbac68_4509,12228.708
00bbac68_4510,12228.576
00bbac68_4511,12228.6045
00bbac68_4512,12228.586
00bbac68_4513,12228.741
00bbac68_4514,12228.595
00bbac68_4515,12228.731
00bbac68_4516,12228.548
00bbac68_4517,12228.522
00bbac68_4518,12228.535
00bbac68_4519,12228.722
00bbac68_4520,12228.679
00bbac68_4521,12228.683
00bbac68_4522,12228.673
00bbac68_4523,12228.661
00bbac68_4524,12228.813
00bbac68_4525,12228.682
00bbac68_4526,12228.628
00bbac68_4527,12228.622
00bbac68_4528,12228.736
00bbac68_4529,12228.714
00bbac68_4530,12228.691
00bbac68_4531,12228.769
00bbac68_4532,12228.634
00bbac68_4533,12228.715
00bbac68_4534,12228.602
00bbac68_4535,12228.617
00bbac68_4536,12228.695
00bbac68_4537,12228.611
00bbac68_4538,12228.579
00bbac68_4539,12228.657
00bbac68_4540,12228.497
00bbac68_4541,12228.492
00bbac68_4542,12228.497
00bbac68_4543,12228.431
00bbac68_4544,12228.331
00bbac68_4545,12228.35
00bbac68_4546,12228.273
00bbac68_4547,12228.332
00bbac68_4548,12228.317
00bbac68_4549,12228.315
00bbac68_4550,12228.094
00bbac68_4551,12228.187
00bbac68_4552,12228.265
00bbac68_4553,12228.127
00bbac68_4554,12227.877
00bbac68_4555,12227.754
00bbac68_4556,12227.877
00bbac68_4557,12227.871
00bbac68_4558,12227.882
00bbac68_4559,12227.927
00bbac68_4560,12227.955
00bbac68_4561,12228.037
00bbac68_4562,12227.966
00bbac68_4563,12227.888
00bbac68_4564,12227.804
00bbac68_4565,12227.778
00bbac68_4566,12227.731
00bbac68_4567,12227.706
00bbac68_4568,12227.66
00bbac68_4569,12227.836
00bbac68_4570,12227.8545
00bbac68_4571,12227.826
00bbac68_4572,12227.697
00bbac68_4573,12227.948
00bbac68_4574,12227.845
00bbac68_4575,12227.736
00bbac68_4576,12227.778
00bbac68_4577,12227.826
00bbac68_4578,12227.715
00bbac68_4579,12227.871
00bbac68_4580,12227.83
00bbac68_4581,12227.757
00bbac68_4582,12227.668
00bbac68_4583,12227.703
00bbac68_4584,12227.575
00bbac68_4585,12227.153
00bbac68_4586,12227.148
00bbac68_4587,12227.032
00bbac68_4588,12226.963
00bbac68_4589,12227.121
00bbac68_4590,12227.138
00bbac68_4591,12227.115
00bbac68_4592,12226.933
00bbac68_4593,12226.682
00bbac68_4594,12226.682
00bbac68_4595,12225.321
00bbac68_4596,12225.214
00bbac68_4597,12225.213
00bbac68_4598,12225.253
00bbac68_4599,12225.471
00bbac68_4600,12225.281
00bbac68_4601,12225.235
00bbac68_4602,12225.292
00bbac68_4603,12225.31
00bbac68_4604,12225.343
00bbac68_4605,12225.234
00bbac68_4606,12225.183
00bbac68_4607,12225.741
00bbac68_4608,12225.73
00bbac68_4609,12225.763
00bbac68_4610,12225.782
00bbac68_4611,12225.703
00bbac68_4612,12225.687
00bbac68_4613,12225.515
00bbac68_4614,12225.503
00bbac68_4615,12225.456
00bbac68_4616,12225.521
00bbac68_4617,12225.554
00bbac68_4618,12225.646
00bbac68_4619,12225.688
00bbac68_4620,12225.492
00bbac68_4621,12225.343
00bbac68_4622,12225.205
00bbac68_4623,12225.117
00bbac68_4624,12225.101
00bbac68_4625,12225.035
00bbac68_4626,12225.085
00bbac68_4627,12225.115
00bbac68_4628,12225.078
00bbac68_4629,12225.068
00bbac68_4630,12225.035
00bbac68_4631,12224.967
00bbac68_4632,12224.993
00bbac68_4633,12224.798
00bbac68_4634,12224.842
00bbac68_4635,12225.388
00bbac68_4636,12225.337
00bbac68_4637,12225.366
00bbac68_4638,12225.392
00bbac68_4639,12225.322
00bbac68_4640,12225.356
00bbac68_4641,12225.358
00bbac68_4642,12225.234
00bbac68_4643,12225.07
00bbac68_4644,12224.767
00bbac68_4645,12224.885
00bbac68_4646,12224.873
00bbac68_4647,12224.775
00bbac68_4648,12224.719
00bbac68_4649,12224.97
00bbac68_4650,12224.975
00bbac68_4651,12224.937
00bbac68_4652,12224.679
00bbac68_4653,12224.653
00bbac68_4654,12224.754
00bbac68_4655,12224.617
00bbac68_4656,12224.825
00bbac68_4657,12224.877
00bbac68_4658,12224.898
00bbac68_4659,12224.949
00bbac68_4660,12224.92
00bbac68_4661,12224.844
00bbac68_4662,12224.844
00bbac68_4663,12224.845
00bbac68_4664,12224.808
00bbac68_4665,12224.75
00bbac68_4666,12224.553
00bbac68_4667,12224.611
00bbac68_4668,12224.479
00bbac68_4669,12224.336
00bbac68_4670,12224.0205
00bbac68_4671,12224.235
00bbac68_4672,12224.177
00bbac68_4673,12224.104
00bbac68_4674,12224.09
00bbac68_4675,12224.07
00bbac68_4676,12224.027
00bbac68_4677,12223.847
00bbac68_4678,12223.874
00bbac68_4679,12223.772
00bbac68_4680,12223.947
00bbac68_4681,12223.795
00bbac68_4682,12223.777
00bbac68_4683,12223.711
00bbac68_4684,12223.853
00bbac68_4685,12223.9
00bbac68_4686,12223.49
00bbac68_4687,12223.436
00bbac68_4688,12223.657
00bbac68_4689,12223.554
00bbac68_4690,12223.646
00bbac68_4691,12223.65
00bbac68_4692,12223.837
00bbac68_4693,12223.667
00bbac68_4694,12223.693
00bbac68_4695,12223.627
00bbac68_4696,12223.649
00bbac68_4697,12223.54
00bbac68_4698,12223.647
00bbac68_4699,12223.751
00bbac68_4700,12223.764
00bbac68_4701,12223.862
00bbac68_4702,12223.737
00bbac68_4703,12223.855
00bbac68_4704,12223.861
00bbac68_4705,12223.889
00bbac68_4706,12223.885
00bbac68_4707,12223.831
00bbac68_4708,12223.799
00bbac68_4709,12223.815
00bbac68_4710,12223.711
00bbac68_4711,12223.637
00bbac68_4712,12223.817
00bbac68_4713,12223.795
00bbac68_4714,12223.801
00bbac68_4715,12223.821
00bbac68_4716,12223.697
00bbac68_4717,12223.623
00bbac68_4718,12223.638
00bbac68_4719,12223.523
00bbac68_4720,12223.547
00bbac68_4721,12223.617
00bbac68_4722,12223.78
00bbac68_4723,12223.742
00bbac68_4724,12223.295
00bbac68_4725,12223.154
00bbac68_4726,12223.262
00bbac68_4727,12223.396
00bbac68_4728,12223.428
00bbac68_4729,12223.421
00bbac68_4730,12223.344
00bbac68_4731,12223.326
00bbac68_4732,12222.848
00bbac68_4733,12222.633
00bbac68_4734,12222.646
00bbac68_4735,12222.777
00bbac68_4736,12222.698
00bbac68_4737,12222.622
00bbac68_4738,12222.869
00bbac68_4739,12222.966
00bbac68_4740,12222.88
00bbac68_4741,12222.861
00bbac68_4742,12222.848
00bbac68_4743,12222.774
00bbac68_4744,12222.8
00bbac68_4745,12222.718
00bbac68_4746,12222.988
00bbac68_4747,12222.976
00bbac68_4748,12223.001
00bbac68_4749,12222.977
00bbac68_4750,12222.919
00bbac68_4751,12222.653
00bbac68_4752,12222.674
00bbac68_4753,12222.669
00bbac68_4754,12222.677
00bbac68_4755,12222.891
00bbac68_4756,12222.916
00bbac68_4757,12222.845
00bbac68_4758,12222.884
00bbac68_4759,12222.843
00bbac68_4760,12222.831
00bbac68_4761,12222.76
00bbac68_4762,12222.686
00bbac68_4763,12222.649
00bbac68_4764,12222.704
00bbac68_4765,12222.598
00bbac68_4766,12222.543
00bbac68_4767,12222.541
00bbac68_4768,12222.47
00bbac68_4769,12222.503
00bbac68_4770,12222.55
00bbac68_4771,12222.729
00bbac68_4772,12222.503
00bbac68_4773,12222.393
00bbac68_4774,12222.441
00bbac68_4775,12222.384
00bbac68_4776,12222.387
00bbac68_4777,12222.596
00bbac68_4778,12222.548
00bbac68_4779,12222.462
00bbac68_4780,12222.394
00bbac68_4781,12222.529
00bbac68_4782,12222.61
00bbac68_4783,12222.628
00bbac68_4784,12222.549
00bbac68_4785,12222.631
00bbac68_4786,12222.578
00bbac68_4787,12222.603
00bbac68_4788,12222.713
00bbac68_4789,12222.719
00bbac68_4790,12222.698
00bbac68_4791,12222.766
00bbac68_4792,12222.68
00bbac68_4793,12222.824
00bbac68_4794,12222.742
00bbac68_4795,12222.759
00bbac68_4796,12222.667
00bbac68_4797,12222.467
00bbac68_4798,12222.474
00bbac68_4799,12222.32
00bbac68_4800,12222.589
00bbac68_4801,12222.491
00bbac68_4802,12222.576
00bbac68_4803,12222.614
00bbac68_4804,12222.579
00bbac68_4805,12222.557
00bbac68_4806,12222.557
00bbac68_4807,12222.466
00bbac68_4808,12222.4795
00bbac68_4809,12222.418
00bbac68_4810,12222.532
00bbac68_4811,12222.475
00bbac68_4812,12222.549
00bbac68_4813,12222.652
00bbac68_4814,12222.511
00bbac68_4815,12222.2
00bbac68_4816,12222.172
00bbac68_4817,12222.274
00bbac68_4818,12222.309
00bbac68_4819,12222.312
00bbac68_4820,12222.207
00bbac68_4821,12222.415
00bbac68_4822,12222.461
00bbac68_4823,12222.409
00bbac68_4824,12222.405
00bbac68_4825,12222.428
00bbac68_4826,12222.397
00bbac68_4827,12222.392
00bbac68_4828,12222.343
00bbac68_4829,12222.35
00bbac68_4830,12222.56
00bbac68_4831,12222.508
00bbac68_4832,12222.475
00bbac68_4833,12222.472
00bbac68_4834,12222.39
00bbac68_4835,12222.345
00bbac68_4836,12222.382
00bbac68_4837,12222.463
00bbac68_4838,12222.407
00bbac68_4839,12222.316
00bbac68_4840,12222.341
00bbac68_4841,12222.326
00bbac68_4842,12222.111
00bbac68_4843,12222.132
00bbac68_4844,12222.111
00bbac68_4845,12222.151
00bbac68_4846,12222.219
00bbac68_4847,12222.278
00bbac68_4848,12222.333
00bbac68_4849,12222.161
00bbac68_4850,12222.102
00bbac68_4851,12222.109
00bbac68_4852,12222.131
00bbac68_4853,12222.216
00bbac68_4854,12222.192
00bbac68_4855,12222.158
00bbac68_4856,12222.013
00bbac68_4857,12221.859
00bbac68_4858,12221.918
00bbac68_4859,12221.999
00bbac68_4860,12222.158
00bbac68_4861,12222.183
00bbac68_4862,12222.043
00bbac68_4863,12222.475
00bbac68_4864,12222.501
00bbac68_4865,12222.441
00bbac68_4866,12222.582
00bbac68_4867,12222.704
00bbac68_4868,12222.464
00bbac68_4869,12222.382
00bbac68_4870,12222.354
00bbac68_4871,12222.368
00bbac68_4872,12222.342
00bbac68_4873,12222.339
00bbac68_4874,12222.203
00bbac68_4875,12222.24
00bbac68_4876,12222.215
00bbac68_4877,12222.138
00bbac68_4878,12222.186
00bbac68_4879,12222.241
00bbac68_4880,12222.28
00bbac68_4881,12222.266
00bbac68_4882,12222.1875
00bbac68_4883,12222.023
00bbac68_4884,12222.035
00bbac68_4885,12222.021
00bbac68_4886,12221.999
00bbac68_4887,12221.97
00bbac68_4888,12222.031
00bbac68_4889,12222.18
00bbac68_4890,12222.141
00bbac68_4891,12222.148
00bbac68_4892,12221.912
00bbac68_4893,12221.882
00bbac68_4894,12222.015
00bbac68_4895,12222.157
00bbac68_4896,12221.961
00bbac68_4897,12222.083
00bbac68_4898,12222.217
00bbac68_4899,12222.055
00bbac68_4900,12222.095
00bbac68_4901,12222.207
00bbac68_4902,12222.156
00bbac68_4903,12221.938
00bbac68_4904,12221.971
00bbac68_4905,12221.979
00bbac68_4906,12221.903
00bbac68_4907,12221.858
00bbac68_4908,12222.105
00bbac68_4909,12221.938
00bbac68_4910,12221.9375
00bbac68_4911,12222.133
00bbac68_4912,12222.13
00bbac68_4913,12222.079
00bbac68_4914,12221.834
00bbac68_4915,12221.604
00bbac68_4916,12221.862
00bbac68_4917,12221.867
00bbac68_4918,12221.839
00bbac68_4919,12221.922
00bbac68_4920,12221.957
00bbac68_4921,12221.829
00bbac68_4922,12221.837
00bbac68_4923,12221.813
00bbac68_4924,12221.806
00bbac68_4925,12221.891
00bbac68_4926,12221.763
00bbac68_4927,12221.779
00bbac68_4928,12221.93
00bbac68_4929,12221.728
00bbac68_4930,12221.976
00bbac68_4931,12221.951
00bbac68_4932,12221.771
00bbac68_4933,12221.728
00bbac68_4934,12221.839
00bbac68_4935,12222.002
00bbac68_4936,12221.9375
00bbac68_4937,12221.9375
00bbac68_4938,12221.836
00bbac68_4939,12221.761
00bbac68_4940,12221.803
00bbac68_4941,12221.851
00bbac68_4942,12221.924
00bbac68_4943,12222.295
00bbac68_4944,12222.132
00bbac68_4945,12222.047
00bbac68_4946,12222.315
00bbac68_4947,12222.27
00bbac68_4948,12222.376
00bbac68_4949,12222.113
00bbac68_4950,12222.051
00bbac68_4951,12222.343
00bbac68_4952,12222.208
00bbac68_4953,12222.1875
00bbac68_4954,12222.245
00bbac68_4955,12222.27
00bbac68_4956,12222.05
00bbac68_4957,12222.112
00bbac68_4958,12222.042
00bbac68_4959,12222.068
00bbac68_4960,12222.04
00bbac68_4961,12222.022
00bbac68_4962,12222.096
00bbac68_4963,12222.09
00bbac68_4964,12221.954
00bbac68_4965,12222.068
00bbac68_4966,12222.026
00bbac68_4967,12222.029
00bbac68_4968,12222.176
00bbac68_4969,12222.096
00bbac68_4970,12222.218
00bbac68_4971,12222.175
00bbac68_4972,12222.07
00bbac68_4973,12224.1455
00bbac68_4974,12225.042
00bbac68_4975,12225.105
00bbac68_4976,12224.996
00bbac68_4977,12224.956
00bbac68_4978,12224.513
00bbac68_4979,12224.5
00bbac68_4980,12224.624
00bbac68_4981,12224.668
00bbac68_4982,12225.218
00bbac68_4983,12225.277
00bbac68_4984,12225.273
00bbac68_4985,12225.208
00bbac68_4986,12225.819
00bbac68_4987,12226.483
00bbac68_4988,12226.654
00bbac68_4989,12226.679
00bbac68_4990,12226.541
00bbac68_4991,12226.57
00bbac68_4992,12226.474
00bbac68_4993,12226.529
00bbac68_4994,12226.463
00bbac68_4995,12226.474
00bbac68_4996,12226.477
00bbac68_4997,12226.446
00bbac68_4998,12226.227
00bbac68_4999,12226.235
00bbac68_5000,12226.295
00bbac68_5001,12226.25
00bbac68_5002,12226.212
00bbac68_5003,12226.186
00bbac68_5004,12226.277
00bbac68_5005,12226.195
00bbac68_5006,12226.018
00bbac68_5007,12225.891
00bbac68_5008,12225.829
00bbac68_5009,12225.905
00bbac68_5010,12224.621
00bbac68_5011,12224.549
00bbac68_5012,12224.587
00bbac68_5013,12224.743
00bbac68_5014,12224.656
00bbac68_5015,12224.675
00bbac68_5016,12224.911
00bbac68_5017,12224.811
00bbac68_5018,12224.92
00bbac68_5019,12224.834
00bbac68_5020,12224.907
00bbac68_5021,12225.624
00bbac68_5022,12225.825
00bbac68_5023,12225.836
00bbac68_5024,12226.5625
00bbac68_5025,12226.553
00bbac68_5026,12226.491
00bbac68_5027,12226.547
00bbac68_5028,12226.544
00bbac68_5029,12226.495
00bbac68_5030,12226.487
00bbac68_5031,12226.535
00bbac68_5032,12226.431
00bbac68_5033,12226.239
00bbac68_5034,12226.281
00bbac68_5035,12226.372
00bbac68_5036,12226.451
00bbac68_5037,12226.56
00bbac68_5038,12226.533
00bbac68_5039,12226.512
00bbac68_5040,12226.484
00bbac68_5041,12226.495
00bbac68_5042,12226.4
00bbac68_5043,12226.522
00bbac68_5044,12226.729
00bbac68_5045,12226.738
00bbac68_5046,12226.784
00bbac68_5047,12226.775
00bbac68_5048,12226.791
00bbac68_5049,12226.724
00bbac68_5050,12226.73
00bbac68_5051,12226.621
00bbac68_5052,12226.505
00bbac68_5053,12226.501
00bbac68_5054,12226.75
00bbac68_5055,12226.716
00bbac68_5056,12226.7705
00bbac68_5057,12226.766
00bbac68_5058,12226.751
00bbac68_5059,12226.809
00bbac68_5060,12226.735
00bbac68_5061,12226.729
00bbac68_5062,12226.705
00bbac68_5063,12226.7295
00bbac68_5064,12226.705
00bbac68_5065,12226.672
00bbac68_5066,12226.878
00bbac68_5067,12226.735
00bbac68_5068,12226.748
00bbac68_5069,12226.797
00bbac68_5070,12226.808
00bbac68_5071,12226.789
00bbac68_5072,12226.823
00bbac68_5073,12226.802
00bbac68_5074,12226.928
00bbac68_5075,12226.827
00bbac68_5076,12226.84
00bbac68_5077,12226.8545
00bbac68_5078,12226.91
00bbac68_5079,12226.824
00bbac68_5080,12226.832
00bbac68_5081,12226.927
00bbac68_5082,12226.8125
00bbac68_5083,12226.797
00bbac68_5084,12226.776
00bbac68_5085,12226.854
00bbac68_5086,12226.601
00bbac68_5087,12226.803
00bbac68_5088,12226.847
00bbac68_5089,12226.808
00bbac68_5090,12226.705
00bbac68_5091,12226.719
00bbac68_5092,12226.548
00bbac68_5093,12226.365
00bbac68_5094,12226.532
00bbac68_5095,12226.44
00bbac68_5096,12226.475
00bbac68_5097,12226.519
00bbac68_5098,12226.568
00bbac68_5099,12226.521
00bbac68_5100,12226.598
00bbac68_5101,12226.5625
00bbac68_5102,12226.407
00bbac68_5103,12226.205
00bbac68_5104,12226.066
00bbac68_5105,12225.783
00bbac68_5106,12225.984
00bbac68_5107,12225.855
00bbac68_5108,12225.704
00bbac68_5109,12225.805
00bbac68_5110,12225.996
00bbac68_5111,12226.066
00bbac68_5112,12226.0625
00bbac68_5113,12226.014
00bbac68_5114,12226.077
00bbac68_5115,12226.075
00bbac68_5116,12225.829
00bbac68_5117,12225.989
00bbac68_5118,12226.074
00bbac68_5119,12225.919
00bbac68_5120,12226.217
00bbac68_5121,12226.166
00bbac68_5122,12226.12
00bbac68_5123,12225.889
00bbac68_5124,12225.896
00bbac68_5125,12225.615
00bbac68_5126,12225.65
00bbac68_5127,12225.85
00bbac68_5128,12225.792
00bbac68_5129,12225.892
00bbac68_5130,12225.812
00bbac68_5131,12225.732
00bbac68_5132,12225.775
00bbac68_5133,12225.816
00bbac68_5134,12225.758
00bbac68_5135,12225.738
00bbac68_5136,12225.672
00bbac68_5137,12225.786
00bbac68_5138,12225.696
00bbac68_5139,12225.687
00bbac68_5140,12225.761
00bbac68_5141,12225.729
00bbac68_5142,12225.733
00bbac68_5143,12225.757
00bbac68_5144,12225.701
00bbac68_5145,12225.686
00bbac68_5146,12225.758
00bbac68_5147,12225.712
00bbac68_5148,12225.788
00bbac68_5149,12225.702
00bbac68_5150,12225.33
00bbac68_5151,12225.501
00bbac68_5152,12225.768
00bbac68_5153,12225.902
00bbac68_5154,12225.832
00bbac68_5155,12225.813
00bbac68_5156,12225.9795
00bbac68_5157,12226.141
00bbac68_5158,12225.999
00bbac68_5159,12225.14
00bbac68_5160,12224.133
00bbac68_5161,12222.276
00bbac68_5162,12222.057
00bbac68_5163,12222.47
00bbac68_5164,12222.713
00bbac68_5165,12222.757
00bbac68_5166,12222.809
00bbac68_5167,12222.801
00bbac68_5168,12222.764
00bbac68_5169,12222.679
00bbac68_5170,12222.481
00bbac68_5171,12222.174
00bbac68_5172,12222.692
00bbac68_5173,12222.756
00bbac68_5174,12222.799
00bbac68_5175,12222.844
00bbac68_5176,12222.595
00bbac68_5177,12222.425
00bbac68_5178,12222.454
00bbac68_5179,12222.4
00bbac68_5180,12222.304
00bbac68_5181,12222.469
00bbac68_5182,12222.557
00bbac68_5183,12222.443
00bbac68_5184,12222.131
00bbac68_5185,12221.6875
00bbac68_5186,12221.76
00bbac68_5187,12222.7295
00bbac68_5188,12222.694
00bbac68_5189,12222.544
00bbac68_5190,12222.962
00bbac68_5191,12223.152
00bbac68_5192,12223.025
00bbac68_5193,12222.922
00bbac68_5194,12222.834
00bbac68_5195,12222.872
00bbac68_5196,12223.08
00bbac68_5197,12223.103
00bbac68_5198,12223.068
00bbac68_5199,12223.387
00bbac68_5200,12224.095
00bbac68_5201,12225.037
00bbac68_5202,12225.183
00bbac68_5203,12225.13
00bbac68_5204,12225.039
00bbac68_5205,12224.982
00bbac68_5206,12224.766
00bbac68_5207,12224.61
00bbac68_5208,12222.961
00bbac68_5209,12222.929
00bbac68_5210,12222.771
00bbac68_5211,12223.064
00bbac68_5212,12223.123
00bbac68_5213,12222.83
00bbac68_5214,12222.834
00bbac68_5215,12222.949
00bbac68_5216,12222.987
00bbac68_5217,12223.091
00bbac68_5218,12223.113
00bbac68_5219,12223.191
00bbac68_5220,12222.926
00bbac68_5221,12222.93
00bbac68_5222,12222.982
00bbac68_5223,12222.836
00bbac68_5224,12222.201
00bbac68_5225,12221.48
00bbac68_5226,12221.455
00bbac68_5227,12221.604
00bbac68_5228,12221.587
00bbac68_5229,12221.548
00bbac68_5230,12221.926
00bbac68_5231,12221.906
00bbac68_5232,12221.837
00bbac68_5233,12221.638
00bbac68_5234,12221.6045
00bbac68_5235,12221.681
00bbac68_5236,12221.7295
00bbac68_5237,12221.908
00bbac68_5238,12221.903
00bbac68_5239,12221.812
00bbac68_5240,12221.71
00bbac68_5241,12221.378
00bbac68_5242,12221.347
00bbac68_5243,12221.298
00bbac68_5244,12221.412
00bbac68_5245,12221.457
00bbac68_5246,12221.483
00bbac68_5247,12221.674
00bbac68_5248,12221.582
00bbac68_5249,12221.29
00bbac68_5250,12221.397
00bbac68_5251,12221.282
00bbac68_5252,12221.389
00bbac68_5253,12221.322
00bbac68_5254,12221.308
00bbac68_5255,12221.22
00bbac68_5256,12220.988
00bbac68_5257,12221.193
00bbac68_5258,12222.214
00bbac68_5259,12222.178
00bbac68_5260,12222.245
00bbac68_5261,12222.262
00bbac68_5262,12222.768
00bbac68_5263,12222.674
00bbac68_5264,12222.845
00bbac68_5265,12222.709
00bbac68_5266,12222.461
00bbac68_5267,12222.935
00bbac68_5268,12224.793
00bbac68_5269,12224.855
00bbac68_5270,12225.733
00bbac68_5271,12224.956
00bbac68_5272,12224.54
00bbac68_5273,12225.082
00bbac68_5274,12225.052
00bbac68_5275,12224.854
00bbac68_5276,12225.01
00bbac68_5277,12224.981
00bbac68_5278,12224.856
00bbac68_5279,12225.573
00bbac68_5280,12225.397
00bbac68_5281,12225.524
00bbac68_5282,12225.605
00bbac68_5283,12224.884
00bbac68_5284,12225.032
00bbac68_5285,12224.881
00bbac68_5286,12225.008
00bbac68_5287,12224.893
00bbac68_5288,12224.983
00bbac68_5289,12225.799
00bbac68_5290,12225.638
00bbac68_5291,12225.714
00bbac68_5292,12225.469
00bbac68_5293,12225.588
00bbac68_5294,12225.444
00bbac68_5295,12225.613
00bbac68_5296,12225.71
00bbac68_5297,12225.461
00bbac68_5298,12225.587
00bbac68_5299,12225.55
00bbac68_5300,12225.61
00bbac68_5301,12225.358
00bbac68_5302,12225.418
00bbac68_5303,12225.39
00bbac68_5304,12225.612
00bbac68_5305,12225.58
00bbac68_5306,12225.483
00bbac68_5307,12225.571
00bbac68_5308,12225.471
00bbac68_5309,12225.555
00bbac68_5310,12225.327
00bbac68_5311,12225.574
00bbac68_5312,12225.525
00bbac68_5313,12225.627
00bbac68_5314,12225.357
00bbac68_5315,12225.455
00bbac68_5316,12225.432
00bbac68_5317,12225.324
00bbac68_5318,12225.411
00bbac68_5319,12225.284
00bbac68_5320,12225.3955
00bbac68_5321,12225.277
00bbac68_5322,12225.416
00bbac68_5323,12225.423
00bbac68_5324,12225.507
00bbac68_5325,12225.231
00bbac68_5326,12225.296
00bbac68_5327,12225.237
00bbac68_5328,12225.422
00bbac68_5329,12225.284
00bbac68_5330,12225.451
00bbac68_5331,12225.356
00bbac68_5332,12225.657
00bbac68_5333,12225.499
00bbac68_5334,12225.606
00bbac68_5335,12225.523
00bbac68_5336,12225.334
00bbac68_5337,12225.427
00bbac68_5338,12225.372
00bbac68_5339,12225.456
00bbac68_5340,12225.046
00bbac68_5341,12225.154
00bbac68_5342,12225.067
00bbac68_5343,12225.202
00bbac68_5344,12224.984
00bbac68_5345,12225.257
00bbac68_5346,12225.1455
00bbac68_5347,12225.2
00bbac68_5348,12224.956
00bbac68_5349,12225.336
00bbac68_5350,12225.442
00bbac68_5351,12225.475
00bbac68_5352,12225.334
00bbac68_5353,12225.318
00bbac68_5354,12225.259
00bbac68_5355,12225.619
00bbac68_5356,12225.523
00bbac68_5357,12225.718
00bbac68_5358,12225.393
00bbac68_5359,12225.425
00bbac68_5360,12225.354
00bbac68_5361,12225.502
00bbac68_5362,12225.276
00bbac68_5363,12225.3125
00bbac68_5364,12225.37
00bbac68_5365,12225.026
00bbac68_5366,12225.176
00bbac68_5367,12225.154
00bbac68_5368,12225.458
00bbac68_5369,12225.283
00bbac68_5370,12225.527
00bbac68_5371,12225.361
00bbac68_5372,12225.39
00bbac68_5373,12225.144
00bbac68_5374,12225.055
00bbac68_5375,12224.767
00bbac68_5376,12225.162
00bbac68_5377,12225.11
00bbac68_5378,12225.116
00bbac68_5379,12224.9375
00bbac68_5380,12225.064
00bbac68_5381,12225.005
00bbac68_5382,12224.896
00bbac68_5383,12224.777
00bbac68_5384,12224.914
00bbac68_5385,12225.085
00bbac68_5386,12224.999
00bbac68_5387,12225.128
00bbac68_5388,12224.819
00bbac68_5389,12224.7
00bbac68_5390,12224.852
00bbac68_5391,12224.9
00bbac68_5392,12224.914
00bbac68_5393,12225.035
00bbac68_5394,12225.053
00bbac68_5395,12224.891
00bbac68_5396,12225.109
00bbac68_5397,12225.128
00bbac68_5398,12225.194
00bbac68_5399,12225.089
00bbac68_5400,12225.053
00bbac68_5401,12224.967
00bbac68_5402,12225.022
00bbac68_5403,12225.024
00bbac68_5404,12225.103
00bbac68_5405,12224.981
00bbac68_5406,12224.962
00bbac68_5407,12224.875
00bbac68_5408,12224.893
00bbac68_5409,12224.831
00bbac68_5410,12224.968
00bbac68_5411,12224.971
00bbac68_5412,12224.907
00bbac68_5413,12224.937
00bbac68_5414,12224.957
00bbac68_5415,12225.011
00bbac68_5416,12224.988
00bbac68_5417,12224.919
00bbac68_5418,12225.022
00bbac68_5419,12225.038
00bbac68_5420,12225.054
00bbac68_5421,12225.045
00bbac68_5422,12225.01
00bbac68_5423,12225.116
00bbac68_5424,12225.034
00bbac68_5425,12225.054
00bbac68_5426,12225.045
00bbac68_5427,12225.054
00bbac68_5428,12225.062
00bbac68_5429,12224.561
00bbac68_5430,12224.146
00bbac68_5431,12223.361
00bbac68_5432,12223.261
00bbac68_5433,12223.594
00bbac68_5434,12224.673
00bbac68_5435,12224.48
00bbac68_5436,12224.332
00bbac68_5437,12222.41
00bbac68_5438,12222.476
00bbac68_5439,12222.395
00bbac68_5440,12222.555
00bbac68_5441,12222.747
00bbac68_5442,12224.658
00bbac68_5443,12225.127
00bbac68_5444,12225.036
00bbac68_5445,12224.926
00bbac68_5446,12224.259
00bbac68_5447,12222.439
00bbac68_5448,12222.876
00bbac68_5449,12224.452
00bbac68_5450,12224.242
00bbac68_5451,12222.652
00bbac68_5452,12222.208
00bbac68_5453,12222.268
00bbac68_5454,12222.504
00bbac68_5455,12222.498
00bbac68_5456,12222.302
00bbac68_5457,12222.294
00bbac68_5458,12222.372
00bbac68_5459,12224.383
00bbac68_5460,12224.93
00bbac68_5461,12224.934
00bbac68_5462,12224.92
00bbac68_5463,12224.848
00bbac68_5464,12224.809
00bbac68_5465,12224.79
00bbac68_5466,12224.825
00bbac68_5467,12224.805
00bbac68_5468,12224.686
00bbac68_5469,12224.513
00bbac68_5470,12224.5205
00bbac68_5471,12224.51
00bbac68_5472,12224.524
00bbac68_5473,12224.468
00bbac68_5474,12221.182
00bbac68_5475,12219.039
00bbac68_5476,12218.972
00bbac68_5477,12219.032
00bbac68_5478,12219.079
00bbac68_5479,12220.433
00bbac68_5480,12221.23
00bbac68_5481,12221.7295
00bbac68_5482,12223.519
00bbac68_5483,12223.9
00bbac68_5484,12223.659
00bbac68_5485,12223.9
00bbac68_5486,12223.373
00bbac68_5487,12223.35
00bbac68_5488,12222.943
00bbac68_5489,12221.972
00bbac68_5490,12221.389
00bbac68_5491,12221.314
00bbac68_5492,12221.278
00bbac68_5493,12221.23
00bbac68_5494,12221.259
00bbac68_5495,12221.195
00bbac68_5496,12221.18
00bbac68_5497,12221.252
00bbac68_5498,12221.138
00bbac68_5499,12220.711
00bbac68_5500,12220.716
00bbac68_5501,12220.724
00bbac68_5502,12220.668
00bbac68_5503,12220.61
00bbac68_5504,12220.679
00bbac68_5505,12220.599
00bbac68_5506,12220.485
00bbac68_5507,12220.371
00bbac68_5508,12220.544
00bbac68_5509,12220.359
00bbac68_5510,12220.327
00bbac68_5511,12220.305
00bbac68_5512,12220.671
00bbac68_5513,12220.707
00bbac68_5514,12220.621
00bbac68_5515,12220.581
00bbac68_5516,12220.647
00bbac68_5517,12220.811
00bbac68_5518,12220.915
00bbac68_5519,12220.869
00bbac68_5520,12220.74
00bbac68_5521,12220.729
00bbac68_5522,12220.6045
00bbac68_5523,12220.524
00bbac68_5524,12220.446
00bbac68_5525,12220.45
00bbac68_5526,12220.436
00bbac68_5527,12220.41
00bbac68_5528,12220.378
00bbac68_5529,12220.269
00bbac68_5530,12220.289
00bbac68_5531,12220.044
00bbac68_5532,12220.039
00bbac68_5533,12219.873
00bbac68_5534,12219.93
00bbac68_5535,12219.877
00bbac68_5536,12219.8545
00bbac68_5537,12219.902
00bbac68_5538,12219.989
00bbac68_5539,12219.89
00bbac68_5540,12219.746
00bbac68_5541,12219.82
00bbac68_5542,12219.757
00bbac68_5543,12219.785
00bbac68_5544,12219.787
00bbac68_5545,12219.693
00bbac68_5546,12219.682
00bbac68_5547,12219.683
00bbac68_5548,12219.614
00bbac68_5549,12219.659
00bbac68_5550,12219.682
00bbac68_5551,12219.631
00bbac68_5552,12219.291
00bbac68_5553,12219.233
00bbac68_5554,12219.19
00bbac68_5555,12219.136
00bbac68_5556,12219.096
00bbac68_5557,12219.413
00bbac68_5558,12219.434
00bbac68_5559,12219.506
00bbac68_5560,12219.391
00bbac68_5561,12219.488
00bbac68_5562,12219.114
00bbac68_5563,12219.032
00bbac68_5564,12219.036
00bbac68_5565,12218.973
00bbac68_5566,12218.959
00bbac68_5567,12218.999
00bbac68_5568,12219.0205
00bbac68_5569,12218.945
00bbac68_5570,12218.971
00bbac68_5571,12218.961
00bbac68_5572,12218.961
00bbac68_5573,12218.993
00bbac68_5574,12218.885
00bbac68_5575,12218.889
00bbac68_5576,12218.926
00bbac68_5577,12218.939
00bbac68_5578,12218.965
00bbac68_5579,12218.863
00bbac68_5580,12219.147
00bbac68_5581,12219.218
00bbac68_5582,12219.307
00bbac68_5583,12219.306
00bbac68_5584,12219.288
00bbac68_5585,12219.243
00bbac68_5586,12219.342
00bbac68_5587,12219.231
00bbac68_5588,12218.874
00bbac68_5589,12219.144
00bbac68_5590,12218.803
00bbac68_5591,12219.239
00bbac68_5592,12219.134
00bbac68_5593,12219.138
00bbac68_5594,12218.879
00bbac68_5595,12218.925
00bbac68_5596,12219.151
00bbac68_5597,12219.233
00bbac68_5598,12219.241
00bbac68_5599,12219.264
00bbac68_5600,12219.254
00bbac68_5601,12219.329
00bbac68_5602,12219.2295
00bbac68_5603,12219.167
00bbac68_5604,12219.056
00bbac68_5605,12218.759
00bbac68_5606,12218.599
00bbac68_5607,12218.563
00bbac68_5608,12218.552
00bbac68_5609,12218.5205
00bbac68_5610,12218.824
00bbac68_5611,12218.784
00bbac68_5612,12218.434
00bbac68_5613,12218.449
00bbac68_5614,12218.364
00bbac68_5615,12218.672
00bbac68_5616,12218.83
00bbac68_5617,12218.443
00bbac68_5618,12218.498
00bbac68_5619,12218.418
00bbac68_5620,12218.477
00bbac68_5621,12218.411
00bbac68_5622,12218.359
00bbac68_5623,12218.336
00bbac68_5624,12218.235
00bbac68_5625,12218.234
00bbac68_5626,12218.285
00bbac68_5627,12218.258
00bbac68_5628,12218.027
00bbac68_5629,12218.049
00bbac68_5630,12218.08
00bbac68_5631,12217.967
00bbac68_5632,12217.934
00bbac68_5633,12217.984
00bbac68_5634,12217.917
00bbac68_5635,12217.815
00bbac68_5636,12217.572
00bbac68_5637,12217.485
00bbac68_5638,12217.499
00bbac68_5639,12217.508
00bbac68_5640,12217.512
00bbac68_5641,12217.526
00bbac68_5642,12217.424
00bbac68_5643,12217.347
00bbac68_5644,12217.348
00bbac68_5645,12217.328
00bbac68_5646,12217.351
00bbac68_5647,12217.388
00bbac68_5648,12217.434
00bbac68_5649,12217.413
00bbac68_5650,12217.392
00bbac68_5651,12217.391
00bbac68_5652,12217.424
00bbac68_5653,12217.357
00bbac68_5654,12217.333
00bbac68_5655,12217.256
00bbac68_5656,12217.219
00bbac68_5657,12217.1875
00bbac68_5658,12216.901
00bbac68_5659,12216.593
00bbac68_5660,12216.214
00bbac68_5661,12216.121
00bbac68_5662,12216.115
00bbac68_5663,12216.132
00bbac68_5664,12216.17
00bbac68_5665,12216.222
00bbac68_5666,12216.171
00bbac68_5667,12216.157
00bbac68_5668,12216.1
00bbac68_5669,12216.078
00bbac68_5670,12216.067
00bbac68_5671,12216.102
00bbac68_5672,12216.022
00bbac68_5673,12216.035
00bbac68_5674,12216.153
00bbac68_5675,12216.15
00bbac68_5676,12216.175
00bbac68_5677,12216.037
00bbac68_5678,12216.056
00bbac68_5679,12215.767
00bbac68_5680,12215.673
00bbac68_5681,12215.603
00bbac68_5682,12215.252
00bbac68_5683,12215.434
00bbac68_5684,12215.393
00bbac68_5685,12215.389
00bbac68_5686,12215.556
00bbac68_5687,12215.77
00bbac68_5688,12215.857
00bbac68_5689,12215.856
00bbac68_5690,12215.838
00bbac68_5691,12215.89
00bbac68_5692,12215.644
00bbac68_5693,12215.646
00bbac68_5694,12215.7295
00bbac68_5695,12215.699
00bbac68_5696,12215.616
00bbac68_5697,12215.52
00bbac68_5698,12215.555
00bbac68_5699,12215.599
00bbac68_5700,12215.407
00bbac68_5701,12215.4
00bbac68_5702,12215.396
00bbac68_5703,12215.536
00bbac68_5704,12215.604
00bbac68_5705,12215.523
00bbac68_5706,12215.325
00bbac68_5707,12215.305
00bbac68_5708,12215.457
00bbac68_5709,12215.268
00bbac68_5710,12215.205
00bbac68_5711,12215.157
00bbac68_5712,12215.431
00bbac68_5713,12215.03
00bbac68_5714,12215.085
00bbac68_5715,12215.128
00bbac68_5716,12215.102
00bbac68_5717,12215.044
00bbac68_5718,12215.023
00bbac68_5719,12214.939
00bbac68_5720,12214.795
00bbac68_5721,12214.819
00bbac68_5722,12214.691
00bbac68_5723,12214.704
00bbac68_5724,12214.709
00bbac68_5725,12214.716
00bbac68_5726,12214.661
00bbac68_5727,12214.648
00bbac68_5728,12214.666
00bbac68_5729,12215.166
00bbac68_5730,12215.285
00bbac68_5731,12214.454
00bbac68_5732,12214.634
00bbac68_5733,12214.597
00bbac68_5734,12214.54
00bbac68_5735,12214.592
00bbac68_5736,12214.504
00bbac68_5737,12214.494
00bbac68_5738,12214.596
00bbac68_5739,12214.456
00bbac68_5740,12214.604
00bbac68_5741,12214.551
00bbac68_5742,12214.615
00bbac68_5743,12214.446
00bbac68_5744,12214.65
00bbac68_5745,12214.84
00bbac68_5746,12214.88
00bbac68_5747,12214.912
00bbac68_5748,12214.89
00bbac68_5749,12214.903
00bbac68_5750,12214.807
00bbac68_5751,12214.714
00bbac68_5752,12214.795
00bbac68_5753,12214.829
00bbac68_5754,12214.741
00bbac68_5755,12214.61
00bbac68_5756,12214.922
00bbac68_5757,12214.796
00bbac68_5758,12214.844
00bbac68_5759,12214.856
00bbac68_5760,12214.745
00bbac68_5761,12214.737
00bbac68_5762,12214.879
00bbac68_5763,12214.89
00bbac68_5764,12214.843
00bbac68_5765,12214.793
00bbac68_5766,12214.63
00bbac68_5767,12214.626
00bbac68_5768,12214.539
00bbac68_5769,12214.583
00bbac68_5770,12214.59
00bbac68_5771,12214.523
00bbac68_5772,12213.917
00bbac68_5773,12213.918
00bbac68_5774,12213.678
00bbac68_5775,12213.577
00bbac68_5776,12213.517
00bbac68_5777,12213.371
00bbac68_5778,12213.365
00bbac68_5779,12213.447
00bbac68_5780,12214.105
00bbac68_5781,12214.143
00bbac68_5782,12214.356
00bbac68_5783,12214.385
00bbac68_5784,12214.327
00bbac68_5785,12214.351
00bbac68_5786,12214.315
00bbac68_5787,12214.217
00bbac68_5788,12213.939
00bbac68_5789,12213.771
00bbac68_5790,12213.722
00bbac68_5791,12213.789
00bbac68_5792,12213.708
00bbac68_5793,12213.731
00bbac68_5794,12213.671
00bbac68_5795,12213.635
00bbac68_5796,12213.633
00bbac68_5797,12213.543
00bbac68_5798,12213.427
00bbac68_5799,12213.371
00bbac68_5800,12213.743
00bbac68_5801,12213.6045
00bbac68_5802,12213.672
00bbac68_5803,12213.654
00bbac68_5804,12213.646
00bbac68_5805,12213.568
00bbac68_5806,12213.225
00bbac68_5807,12213.005
00bbac68_5808,12212.624
00bbac68_5809,12211.346
00bbac68_5810,12210.638
00bbac68_5811,12210.442
00bbac68_5812,12210.135
00bbac68_5813,12210.102
00bbac68_5814,12210.039
00bbac68_5815,12209.903
00bbac68_5816,12209.27
00bbac68_5817,12208.132
00bbac68_5818,12207.555
00bbac68_5819,12208.445
00bbac68_5820,12208.17
00bbac68_5821,12208.195
00bbac68_5822,12208.015
00bbac68_5823,12207.845
00bbac68_5824,12207.46
00bbac68_5825,12207.395
00bbac68_5826,12207.253
00bbac68_5827,12208.13
00bbac68_5828,12208.796
00bbac68_5829,12208.663
00bbac68_5830,12208.173
00bbac68_5831,12207.9795
00bbac68_5832,12207.809
00bbac68_5833,12207.492
00bbac68_5834,12206.224
00bbac68_5835,12205.77
00bbac68_5836,12205.772
00bbac68_5837,12209.196
00bbac68_5838,12209.995
00bbac68_5839,12208.382
00bbac68_5840,12207.366
00bbac68_5841,12206.492
00bbac68_5842,12206.429
00bbac68_5843,12206.374
00bbac68_5844,12206.384
00bbac68_5845,12206.382
00bbac68_5846,12206.083
00bbac68_5847,12206.037
00bbac68_5848,12206.642
00bbac68_5849,12207.465
00bbac68_5850,12206.745
00bbac68_5851,12207.128
00bbac68_5852,12206.214
00bbac68_5853,12207.186
00bbac68_5854,12207.205
00bbac68_5855,12206.601
00bbac68_5856,12207.374
00bbac68_5857,12208.344
00bbac68_5858,12209.082
00bbac68_5859,12208.98
00bbac68_5860,12208.042
00bbac68_5861,12207.155
00bbac68_5862,12207.648
00bbac68_5863,12208.064
00bbac68_5864,12207.414
00bbac68_5865,12206.986
00bbac68_5866,12206.97
00bbac68_5867,12206.1875
00bbac68_5868,12208.851
00bbac68_5869,12209.398
00bbac68_5870,12208.653
00bbac68_5871,12209.016
00bbac68_5872,12209.019
00bbac68_5873,12208.6875
00bbac68_5874,12209.499
00bbac68_5875,12209.544
00bbac68_5876,12207.553
00bbac68_5877,12207.272
00bbac68_5878,12207.169
00bbac68_5879,12207.322
00bbac68_5880,12207.213
00bbac68_5881,12206.794
00bbac68_5882,12206.827
00bbac68_5883,12207.325
00bbac68_5884,12206.737
00bbac68_5885,12205.593
00bbac68_5886,12205.571
00bbac68_5887,12205.515
00bbac68_5888,12205.355
00bbac68_5889,12205.319
00bbac68_5890,12205.392
00bbac68_5891,12205.421
00bbac68_5892,12205.089
00bbac68_5893,12205.177
00bbac68_5894,12205.216
00bbac68_5895,12205.752
00bbac68_5896,12205.172
00bbac68_5897,12205.132
00bbac68_5898,12206.225
00bbac68_5899,12206.572
00bbac68_5900,12207.363
00bbac68_5901,12208.099
00bbac68_5902,12208.192
00bbac68_5903,12206.666
00bbac68_5904,12206.411
00bbac68_5905,12206.155
00bbac68_5906,12206.223
00bbac68_5907,12205.868
00bbac68_5908,12206.322
00bbac68_5909,12205.616
00bbac68_5910,12205.551
00bbac68_5911,12206.092
00bbac68_5912,12206.226
00bbac68_5913,12206.214
00bbac68_5914,12206.982
00bbac68_5915,12208.101
00bbac68_5916,12208.826
00bbac68_5917,12208.783
00bbac68_5918,12208.509
00bbac68_5919,12208.795
00bbac68_5920,12208.825
00bbac68_5921,12208.92
00bbac68_5922,12208.957
00bbac68_5923,12208.665
00bbac68_5924,12208.9795
00bbac68_5925,12208.989
00bbac68_5926,12208.915
00bbac68_5927,12209.015
00bbac68_5928,12209.017
00bbac68_5929,12208.899
00bbac68_5930,12209.174
00bbac68_5931,12209.479
00bbac68_5932,12209.211
00bbac68_5933,12209.232
00bbac68_5934,12209.142
00bbac68_5935,12209.161
00bbac68_5936,12209.711
00bbac68_5937,12208.961
00bbac68_5938,12207.995
00bbac68_5939,12208.744
00bbac68_5940,12208.874
00bbac68_5941,12209.24
00bbac68_5942,12209.476
00bbac68_5943,12208.785
00bbac68_5944,12207.284
00bbac68_5945,12207.57
00bbac68_5946,12208.353
00bbac68_5947,12207.951
00bbac68_5948,12208.517
00bbac68_5949,12208.656
00bbac68_5950,12208.804
00bbac68_5951,12209.363
00bbac68_5952,12208.846
00bbac68_5953,12209.093
00bbac68_5954,12209.103
00bbac68_5955,12207.809
00bbac68_5956,12206.887
00bbac68_5957,12208.427
00bbac68_5958,12208.8
00bbac68_5959,12209.214
00bbac68_5960,12208.749
00bbac68_5961,12208.272
00bbac68_5962,12207.736
00bbac68_5963,12209.019
00bbac68_5964,12208.6875
00bbac68_5965,12207.877
00bbac68_5966,12208.717
00bbac68_5967,12207.396
00bbac68_5968,12207.014
00bbac68_5969,12206.46
00bbac68_5970,12207.197
00bbac68_5971,12205.3545
00bbac68_5972,12206.225
00bbac68_5973,12208.076
00bbac68_5974,12206.865
00bbac68_5975,12206.91
00bbac68_5976,12207.228
00bbac68_5977,12208.509
00bbac68_5978,12208.691
00bbac68_5979,12209.395
00bbac68_5980,12209.751
00bbac68_5981,12210.348
00bbac68_5982,12210.247
00bbac68_5983,12210.282
00bbac68_5984,12209.238
00bbac68_5985,12208.353
00bbac68_5986,12209.797
00bbac68_5987,12209.304
00bbac68_5988,12210.093
00bbac68_5989,12210.202
00bbac68_5990,12209.213
00bbac68_5991,12207.302
00bbac68_5992,12207.725
00bbac68_5993,12208.216
00bbac68_5994,12208.26
00bbac68_5995,12208.68
00bbac68_5996,12208.171
00bbac68_5997,12210.171
00bbac68_5998,12210.372
00bbac68_5999,12210.361
00bbac68_6000,12210.252
00bbac68_6001,12210.831
00bbac68_6002,12210.702
00bbac68_6003,12210.597
00bbac68_6004,12210.879
00bbac68_6005,12210.616
00bbac68_6006,12210.835
00bbac68_6007,12210.695
00bbac68_6008,12211.15
00bbac68_6009,12210.705
00bbac68_6010,12211.015
00bbac68_6011,12210.772
00bbac68_6012,12210.512
00bbac68_6013,12210.454
00bbac68_6014,12209.851
00bbac68_6015,12209.839
00bbac68_6016,12209.611
00bbac68_6017,12209.33
00bbac68_6018,12208.883
00bbac68_6019,12209.23
00bbac68_6020,12208.876
00bbac68_6021,12207.328
00bbac68_6022,12207.337
00bbac68_6023,12207.797
00bbac68_6024,12209.106
00bbac68_6025,12209.135
00bbac68_6026,12209.647
00bbac68_6027,12208.845
00bbac68_6028,12207.621
00bbac68_6029,12206.843
00bbac68_6030,12207.124
00bbac68_6031,12208.211
00bbac68_6032,12208.461
00bbac68_6033,12208.518
00bbac68_6034,12207.313
00bbac68_6035,12209.027
00bbac68_6036,12208.652
00bbac68_6037,12208.814
00bbac68_6038,12208.199
00bbac68_6039,12208.709
00bbac68_6040,12209.156
00bbac68_6041,12208.825
00bbac68_6042,12209.355
00bbac68_6043,12208.857
00bbac68_6044,12208.824
00bbac68_6045,12209.325
00bbac68_6046,12208.752
00bbac68_6047,12207.985
00bbac68_6048,12208.099
00bbac68_6049,12208.666
00bbac68_6050,12208.934
00bbac68_6051,12209.118
00bbac68_6052,12208.721
00bbac68_6053,12208.52
00bbac68_6054,12209.041
00bbac68_6055,12209.039
00bbac68_6056,12208.7
00bbac68_6057,12208.08
00bbac68_6058,12207.996
00bbac68_6059,12208.232
00bbac68_6060,12209.131
00bbac68_6061,12209.49
00bbac68_6062,12207.547
00bbac68_6063,12207.177
00bbac68_6064,12207.233
00bbac68_6065,12207.27
00bbac68_6066,12207.8
00bbac68_6067,12208.333
00bbac68_6068,12206.912
00bbac68_6069,12207.265
00bbac68_6070,12209.4
00bbac68_6071,12208.898
00bbac68_6072,12208.382
00bbac68_6073,12208.256
00bbac68_6074,12208.123
00bbac68_6075,12208.288
00bbac68_6076,12208.204
00bbac68_6077,12207.701
00bbac68_6078,12207.265
00bbac68_6079,12206.738
00bbac68_6080,12207.138
00bbac68_6081,12208.237
00bbac68_6082,12207.41
00bbac68_6083,12207.034
00bbac68_6084,12207.649
00bbac68_6085,12208.244
00bbac68_6086,12207.29
00bbac68_6087,12206.757
00bbac68_6088,12207.296
00bbac68_6089,12208.362
00bbac68_6090,12209.814
00bbac68_6091,12210.408
00bbac68_6092,12210.535
00bbac68_6093,12210.424
00bbac68_6094,12210.237
00bbac68_6095,12209.709
00bbac68_6096,12208.884
00bbac68_6097,12208.805
00bbac68_6098,12209.015
00bbac68_6099,12209.329
00bbac68_6100,12209.784
00bbac68_6101,12210.288
00bbac68_6102,12210.151
00bbac68_6103,12210.179
00bbac68_6104,12209.059
00bbac68_6105,12208.739
00bbac68_6106,12208.969
00bbac68_6107,12210.116
00bbac68_6108,12210.177
00bbac68_6109,12210.136
00bbac68_6110,12209.776
00bbac68_6111,12209.75
00bbac68_6112,12209.462
00bbac68_6113,12209.597
00bbac68_6114,12209.421
00bbac68_6115,12209.072
00bbac68_6116,12209.617
00bbac68_6117,12209.724
00bbac68_6118,12209.1455
00bbac68_6119,12208.769
00bbac68_6120,12208.294
00bbac68_6121,12207.965
00bbac68_6122,12208.888
00bbac68_6123,12207.793
00bbac68_6124,12208.506
00bbac68_6125,12209.54
00bbac68_6126,12208.933
00bbac68_6127,12207.836
00bbac68_6128,12208.155
00bbac68_6129,12208.808
00bbac68_6130,12208.823
00bbac68_6131,12208.849
00bbac68_6132,12209.954
00bbac68_6133,12209.957
00bbac68_6134,12209.4375
00bbac68_6135,12208.99
00bbac68_6136,12209.3955
00bbac68_6137,12209.438
00bbac68_6138,12209.258
00bbac68_6139,12209.558
00bbac68_6140,12210.131
00bbac68_6141,12209.977
00bbac68_6142,12209.117
00bbac68_6143,12209.97
00bbac68_6144,12210.0625
00bbac68_6145,12210.147
00bbac68_6146,12209.932
00bbac68_6147,12209.595
00bbac68_6148,12209.557
00bbac68_6149,12209.866
00bbac68_6150,12209.483
00bbac68_6151,12209.468
00bbac68_6152,12209.364
00bbac68_6153,12209.656
00bbac68_6154,12209.781
00bbac68_6155,12209.591
00bbac68_6156,12209.3545
00bbac68_6157,12208.738
00bbac68_6158,12208.964
00bbac68_6159,12209.262
00bbac68_6160,12208.979
00bbac68_6161,12208.894
00bbac68_6162,12209.243
00bbac68_6163,12208.961
00bbac68_6164,12208.939
00bbac68_6165,12209.3545
00bbac68_6166,12208.91
00bbac68_6167,12209.408
00bbac68_6168,12208.794
00bbac68_6169,12209.165
00bbac68_6170,12209.1045
00bbac68_6171,12209.146
00bbac68_6172,12208.87
00bbac68_6173,12209.472
00bbac68_6174,12208.875
00bbac68_6175,12209.427
00bbac68_6176,12209.293
00bbac68_6177,12208.939
00bbac68_6178,12209.222
00bbac68_6179,12209.426
00bbac68_6180,12208.902
00bbac68_6181,12209.504
00bbac68_6182,12209.193
00bbac68_6183,12209.417
00bbac68_6184,12209.404
00bbac68_6185,12207.971
00bbac68_6186,12208.694
00bbac68_6187,12209.049
00bbac68_6188,12208.847
00bbac68_6189,12209.336
00bbac68_6190,12209.325
00bbac68_6191,12209.134
00bbac68_6192,12208.989
00bbac68_6193,12208.928
00bbac68_6194,12208.429
00bbac68_6195,12208.961
00bbac68_6196,12209.0625
00bbac68_6197,12209.1875
00bbac68_6198,12208.407
00bbac68_6199,12208.002
00bbac68_6200,12208.773
00bbac68_6201,12209.186
00bbac68_6202,12209.819
00bbac68_6203,12209.367
00bbac68_6204,12209.43
00bbac68_6205,12209.371
00bbac68_6206,12209.898
00bbac68_6207,12209.174
00bbac68_6208,12208.697
00bbac68_6209,12209.32
00bbac68_6210,12209.201
00bbac68_6211,12209.485
00bbac68_6212,12210.028
00bbac68_6213,12209.452
00bbac68_6214,12209.337
00bbac68_6215,12209.948
00bbac68_6216,12209.478
00bbac68_6217,12210.077
00bbac68_6218,12209.494
00bbac68_6219,12210.075
00bbac68_6220,12209.455
00bbac68_6221,12209.967
00bbac68_6222,12209.889
00bbac68_6223,12209.297
00bbac68_6224,12209.879
00bbac68_6225,12209.276
00bbac68_6226,12210.027
00bbac68_6227,12210.027
00bbac68_6228,12209.984
00bbac68_6229,12209.343
00bbac68_6230,12209.955
00bbac68_6231,12209.908
00bbac68_6232,12209.675
00bbac68_6233,12209.98
00bbac68_6234,12209.972
00bbac68_6235,12208.101
00bbac68_6236,12209.936
00bbac68_6237,12209.895
00bbac68_6238,12209.972
00bbac68_6239,12210.056
00bbac68_6240,12209.977
00bbac68_6241,12209.969
00bbac68_6242,12209.991
00bbac68_6243,12209.986
00bbac68_6244,12209.93
00bbac68_6245,12209.943
00bbac68_6246,12209.994
00bbac68_6247,12209.953
00bbac68_6248,12209.887
00bbac68_6249,12209.996
00bbac68_6250,12210.039
00bbac68_6251,12209.976
00bbac68_6252,12210.019
00bbac68_6253,12209.973
00bbac68_6254,12210.024
00bbac68_6255,12209.929
00bbac68_6256,12209.912
00bbac68_6257,12209.989
00bbac68_6258,12209.891
00bbac68_6259,12209.91
00bbac68_6260,12209.95
00bbac68_6261,12209.988
00bbac68_6262,12209.939
00bbac68_6263,12209.971
00bbac68_6264,12209.961
00bbac68_6265,12209.955
00bbac68_6266,12209.942
00bbac68_6267,12209.929
00bbac68_6268,12209.334
00bbac68_6269,12209.714
00bbac68_6270,12209.84
00bbac68_6271,12209.921
00bbac68_6272,12209.928
00bbac68_6273,12209.854
00bbac68_6274,12209.894
00bbac68_6275,12209.8125
00bbac68_6276,12209.884
00bbac68_6277,12209.927
00bbac68_6278,12209.921
00bbac68_6279,12209.969
00bbac68_6280,12209.965
00bbac68_6281,12209.906
00bbac68_6282,12209.891
00bbac68_6283,12209.882
00bbac68_6284,12209.882
00bbac68_6285,12210.013
00bbac68_6286,12209.773
00bbac68_6287,12209.769
00bbac68_6288,12209.785
00bbac68_6289,12209.643
00bbac68_6290,12209.707
00bbac68_6291,12209.601
00bbac68_6292,12209.74
00bbac68_6293,12209.973
00bbac68_6294,12209.938
00bbac68_6295,12209.824
00bbac68_6296,12209.368
00bbac68_6297,12209.63
00bbac68_6298,12209.74
00bbac68_6299,12209.795
00bbac68_6300,12209.815
00bbac68_6301,12209.802
00bbac68_6302,12209.893
00bbac68_6303,12209.9375
00bbac68_6304,12209.969
00bbac68_6305,12209.905
00bbac68_6306,12209.9375
00bbac68_6307,12209.994
00bbac68_6308,12209.929
00bbac68_6309,12209.937
00bbac68_6310,12209.958
00bbac68_6311,12209.873
00bbac68_6312,12209.972
00bbac68_6313,12209.95
00bbac68_6314,12209.972
00bbac68_6315,12210.0205
00bbac68_6316,12209.961
00bbac68_6317,12209.877
00bbac68_6318,12209.94
00bbac68_6319,12209.92
00bbac68_6320,12209.996
00bbac68_6321,12209.942
00bbac68_6322,12209.956
00bbac68_6323,12209.953
00bbac68_6324,12209.922
00bbac68_6325,12210.007
00bbac68_6326,12209.919
00bbac68_6327,12209.813
00bbac68_6328,12209.986
00bbac68_6329,12209.937
00bbac68_6330,12209.94
00bbac68_6331,12210.036
00bbac68_6332,12210.023
00bbac68_6333,12210.012
00bbac68_6334,12209.861
00bbac68_6335,12209.928
00bbac68_6336,12209.94
00bbac68_6337,12209.839
00bbac68_6338,12209.775
00bbac68_6339,12209.801
00bbac68_6340,12209.857
00bbac68_6341,12209.764
00bbac68_6342,12209.933
00bbac68_6343,12209.923
00bbac68_6344,12209.944
00bbac68_6345,12209.997
00bbac68_6346,12209.976
00bbac68_6347,12209.953
00bbac68_6348,12209.981
00bbac68_6349,12209.925
00bbac68_6350,12210.009
00bbac68_6351,12210.092
00bbac68_6352,12209.975
00bbac68_6353,12210.098
00bbac68_6354,12210.062
00bbac68_6355,12210.087
00bbac68_6356,12209.998
00bbac68_6357,12209.966
00bbac68_6358,12209.977
00bbac68_6359,12209.958
00bbac68_6360,12209.929
00bbac68_6361,12210.03
00bbac68_6362,12209.986
00bbac68_6363,12209.949
00bbac68_6364,12209.855
00bbac68_6365,12209.861
00bbac68_6366,12209.748
00bbac68_6367,12209.764
00bbac68_6368,12209.894
00bbac68_6369,12209.898
00bbac68_6370,12209.906
00bbac68_6371,12209.8955
00bbac68_6372,12209.737
00bbac68_6373,12209.08
00bbac68_6374,12207.804
00bbac68_6375,12206.585
00bbac68_6376,12208.079
00bbac68_6377,12209.615
00bbac68_6378,12209.618
00bbac68_6379,12209.974
00bbac68_6380,12209.883
00bbac68_6381,12209.866
00bbac68_6382,12209.889
00bbac68_6383,12209.941
00bbac68_6384,12209.819
00bbac68_6385,12209.767
00bbac68_6386,12209.888
00bbac68_6387,12209.999
00bbac68_6388,12209.962
00bbac68_6389,12209.876
00bbac68_6390,12210.039
00bbac68_6391,12209.925
00bbac68_6392,12209.966
00bbac68_6393,12209.908
00bbac68_6394,12210.007
00bbac68_6395,12209.952
00bbac68_6396,12209.919
00bbac68_6397,12209.988
00bbac68_6398,12208.956
00bbac68_6399,12209.441
00bbac68_6400,12209.958
00bbac68_6401,12210.0205
00bbac68_6402,12209.84
00bbac68_6403,12210.027
00bbac68_6404,12209.983
00bbac68_6405,12210.08
00bbac68_6406,12209.406
00bbac68_6407,12210.029
00bbac68_6408,12209.95
00bbac68_6409,12209.884
00bbac68_6410,12209.333
00bbac68_6411,12209.887
00bbac68_6412,12210.031
00bbac68_6413,12209.454
00bbac68_6414,12210.028
00bbac68_6415,12209.251
00bbac68_6416,12209.859
00bbac68_6417,12208.191
00bbac68_6418,12207.715
00bbac68_6419,12207.139
00bbac68_6420,12207.566
00bbac68_6421,12207.509
00bbac68_6422,12209.6045
00bbac68_6423,12209.076
00bbac68_6424,12209.782
00bbac68_6425,12209.289
00bbac68_6426,12209.712
00bbac68_6427,12209.322
00bbac68_6428,12210.009
00bbac68_6429,12209.409
00bbac68_6430,12209.981
00bbac68_6431,12209.378
00bbac68_6432,12210.017
00bbac68_6433,12209.491
00bbac68_6434,12209.898
00bbac68_6435,12209.43
00bbac68_6436,12210.203
00bbac68_6437,12208.342
00bbac68_6438,12208.548
00bbac68_6439,12209.054
00bbac68_6440,12210.276
00bbac68_6441,12209.037
00bbac68_6442,12209.33
00bbac68_6443,12208.813
00bbac68_6444,12209.9795
00bbac68_6445,12209.747
00bbac68_6446,12210.82
00bbac68_6447,12210.379
00bbac68_6448,12210.952
00bbac68_6449,12209.66
00bbac68_6450,12209.357
00bbac68_6451,12210.628
00bbac68_6452,12210.448
00bbac68_6453,12210.992
00bbac68_6454,12209.008
00bbac68_6455,12210.613
00bbac68_6456,12210.897
00bbac68_6457,12209.996
00bbac68_6458,12210.941
00bbac68_6459,12211.517
00bbac68_6460,12210.811
00bbac68_6461,12211.5625
00bbac68_6462,12210.849
00bbac68_6463,12211.201
00bbac68_6464,12211.119
00bbac68_6465,12210.365
00bbac68_6466,12211.11
00bbac68_6467,12210.514
00bbac68_6468,12211.086
00bbac68_6469,12210.382
00bbac68_6470,12211.029
00bbac68_6471,12210.393
00bbac68_6472,12211.149
00bbac68_6473,12210.485
00bbac68_6474,12210.288
00bbac68_6475,12210.133
00bbac68_6476,12210.465
00bbac68_6477,12211.011
00bbac68_6478,12210.342
00bbac68_6479,12211.085
00bbac68_6480,12210.338
00bbac68_6481,12210.914
00bbac68_6482,12211.099
00bbac68_6483,12210.431
00bbac68_6484,12210.373
00bbac68_6485,12209.712
00bbac68_6486,12210.293
00bbac68_6487,12210.002
00bbac68_6488,12210.809
00bbac68_6489,12210.45
00bbac68_6490,12210.458
00bbac68_6491,12211.103
00bbac68_6492,12210.325
00bbac68_6493,12211.048
00bbac68_6494,12209.808
00bbac68_6495,12210.12
00bbac68_6496,12210.187
00bbac68_6497,12209.417
00bbac68_6498,12209.335
00bbac68_6499,12209.34
00bbac68_6500,12210.0205
00bbac68_6501,12209.501
00bbac68_6502,12209.594
00bbac68_6503,12210.2
00bbac68_6504,12209.579
00bbac68_6505,12210.024
00bbac68_6506,12210.184
00bbac68_6507,12209.509
00bbac68_6508,12210.153
00bbac68_6509,12209.51
00bbac68_6510,12209.959
00bbac68_6511,12210.099
00bbac68_6512,12209.477
00bbac68_6513,12210.174
00bbac68_6514,12209.464
00bbac68_6515,12210.073
00bbac68_6516,12210.146
00bbac68_6517,12209.476
00bbac68_6518,12210.097
00bbac68_6519,12209.957
00bbac68_6520,12209.485
00bbac68_6521,12210.082
00bbac68_6522,12210.165
00bbac68_6523,12209.987
00bbac68_6524,12209.446
00bbac68_6525,12209.987
00bbac68_6526,12210.047
00bbac68_6527,12209.909
00bbac68_6528,12209.295
00bbac68_6529,12210.094
00bbac68_6530,12210.076
00bbac68_6531,12210.092
00bbac68_6532,12210.071
00bbac68_6533,12209.479
00bbac68_6534,12210.033
00bbac68_6535,12209.922
00bbac68_6536,12209.966
00bbac68_6537,12210.0625
00bbac68_6538,12210.055
00bbac68_6539,12210.078
00bbac68_6540,12209.479
00bbac68_6541,12210.14
00bbac68_6542,12209.984
00bbac68_6543,12209.958
00bbac68_6544,12210.085
00bbac68_6545,12210.079
00bbac68_6546,12210.024
00bbac68_6547,12210.055
00bbac68_6548,12210.074
00bbac68_6549,12210.057
00bbac68_6550,12209.999
00bbac68_6551,12209.955
00bbac68_6552,12209.565
00bbac68_6553,12208.9375
00bbac68_6554,12210.144
00bbac68_6555,12210.142
00bbac68_6556,12209.584
00bbac68_6557,12209.343
00bbac68_6558,12209.515
00bbac68_6559,12210.008
00bbac68_6560,12209.431
00bbac68_6561,12210.058
00bbac68_6562,12209.968
00bbac68_6563,12210.044
00bbac68_6564,12210.245
00bbac68_6565,12210.175
00bbac68_6566,12210.184
00bbac68_6567,12210.107
00bbac68_6568,12210.274
00bbac68_6569,12210.247
00bbac68_6570,12210.093
00bbac68_6571,12210.2
00bbac68_6572,12210.042
00bbac68_6573,12209.528
00bbac68_6574,12209.01
00bbac68_6575,12208.92
00bbac68_6576,12209.448
00bbac68_6577,12210.163
00bbac68_6578,12210.163
00bbac68_6579,12210.273
00bbac68_6580,12210.294
00bbac68_6581,12210.316
00bbac68_6582,12210.278
00bbac68_6583,12210.32
00bbac68_6584,12210.312
00bbac68_6585,12210.233
00bbac68_6586,12210.225
00bbac68_6587,12210.266
00bbac68_6588,12209.477
00bbac68_6589,12209.934
00bbac68_6590,12210.108
00bbac68_6591,12209.463
00bbac68_6592,12210.094
00bbac68_6593,12210.24
00bbac68_6594,12210.254
00bbac68_6595,12210.259
00bbac68_6596,12210.271
00bbac68_6597,12210.321
00bbac68_6598,12210.226
00bbac68_6599,12210.268
00bbac68_6600,12210.182
00bbac68_6601,12210.095
00bbac68_6602,12210.116
00bbac68_6603,12210.189
00bbac68_6604,12210.326
00bbac68_6605,12210.097
00bbac68_6606,12209.895
00bbac68_6607,12210.036
00bbac68_6608,12210.017
00bbac68_6609,12209.904
00bbac68_6610,12209.461
00bbac68_6611,12209.404
00bbac68_6612,12209.927
00bbac68_6613,12209.939
00bbac68_6614,12209.765
00bbac68_6615,12209.714
00bbac68_6616,12209.234
00bbac68_6617,12208.981
00bbac68_6618,12209.2
00bbac68_6619,12209.865
00bbac68_6620,12210.196
00bbac68_6621,12209.149
00bbac68_6622,12210.754
00bbac68_6623,12210.693
00bbac68_6624,12210.796
00bbac68_6625,12210.55
00bbac68_6626,12210.545
00bbac68_6627,12210.745
00bbac68_6628,12210.628
00bbac68_6629,12210.367
00bbac68_6630,12210.237
00bbac68_6631,12210.204
00bbac68_6632,12209.808
00bbac68_6633,12210.058
00bbac68_6634,12210.509
00bbac68_6635,12210.858
00bbac68_6636,12210.349
00bbac68_6637,12209.853
00bbac68_6638,12210.032
00bbac68_6639,12210.656
00bbac68_6640,12211.631
00bbac68_6641,12211.676
00bbac68_6642,12210.9795
00bbac68_6643,12210.396
00bbac68_6644,12210.504
00bbac68_6645,12210.072
00bbac68_6646,12210.6
00bbac68_6647,12210.518
00bbac68_6648,12210.053
00bbac68_6649,12211.286
00bbac68_6650,12211.228
00bbac68_6651,12211.537
00bbac68_6652,12211.814
00bbac68_6653,12211.807
00bbac68_6654,12211.562
00bbac68_6655,12211.351
00bbac68_6656,12211.257
00bbac68_6657,12211.314
00bbac68_6658,12211.082
00bbac68_6659,12210.301
00bbac68_6660,12210.808
00bbac68_6661,12211.05
00bbac68_6662,12211.434
00bbac68_6663,12211.357
00bbac68_6664,12210.464
00bbac68_6665,12210.144
00bbac68_6666,12210.199
00bbac68_6667,12211.27
00bbac68_6668,12211.12
00bbac68_6669,12211.061
00bbac68_6670,12210.822
00bbac68_6671,12210.76
00bbac68_6672,12210.9795
00bbac68_6673,12210.199
00bbac68_6674,12210.795
00bbac68_6675,12211.78
00bbac68_6676,12211.676
00bbac68_6677,12211.051
00bbac68_6678,12210.833
00bbac68_6679,12211.249
00bbac68_6680,12211.185
00bbac68_6681,12210.858
00bbac68_6682,12210.296
00bbac68_6683,12210.844
00bbac68_6684,12211.434
00bbac68_6685,12211.144
00bbac68_6686,12211.62
00bbac68_6687,12211.63
00bbac68_6688,12211.739
00bbac68_6689,12211.711
00bbac68_6690,12211.797
00bbac68_6691,12211.734
00bbac68_6692,12211.74
00bbac68_6693,12211.729
00bbac68_6694,12211.78
00bbac68_6695,12211.748
00bbac68_6696,12211.768
00bbac68_6697,12211.575
00bbac68_6698,12211.507
00bbac68_6699,12210.866
00bbac68_6700,12210.862
00bbac68_6701,12210.955
00bbac68_6702,12211.064
00bbac68_6703,12211.315
00bbac68_6704,12211.5625
00bbac68_6705,12211.861
00bbac68_6706,12211.85
00bbac68_6707,12211.742
00bbac68_6708,12211.51
00bbac68_6709,12211.714
00bbac68_6710,12211.332
00bbac68_6711,12211.237
00bbac68_6712,12211.861
00bbac68_6713,12211.651
00bbac68_6714,12210.875
00bbac68_6715,12210.274
00bbac68_6716,12210.268
00bbac68_6717,12210.998
00bbac68_6718,12211.86
00bbac68_6719,12211.219
00bbac68_6720,12211.824
00bbac68_6721,12211.968
00bbac68_6722,12211.293
00bbac68_6723,12211.279
00bbac68_6724,12210.913
00bbac68_6725,12210.944
00bbac68_6726,12211.249
00bbac68_6727,12210.722
00bbac68_6728,12210.416
00bbac68_6729,12211.06
00bbac68_6730,12211.27
00bbac68_6731,12210.616
00bbac68_6732,12210.387
00bbac68_6733,12210.277
00bbac68_6734,12210.194
00bbac68_6735,12211.199
00bbac68_6736,12211.419
00bbac68_6737,12211.119
00bbac68_6738,12210.88
00bbac68_6739,12211.753
00bbac68_6740,12211.319
00bbac68_6741,12210.554
00bbac68_6742,12210.295
00bbac68_6743,12210.297
00bbac68_6744,12210.382
00bbac68_6745,12210.767
00bbac68_6746,12210.377
00bbac68_6747,12210.35
00bbac68_6748,12210.384
00bbac68_6749,12210.359
00bbac68_6750,12210.353
00bbac68_6751,12210.234
00bbac68_6752,12210.58
00bbac68_6753,12210.303
00bbac68_6754,12210.018
00bbac68_6755,12208.236
00bbac68_6756,12208.222
00bbac68_6757,12208.285
00bbac68_6758,12208.145
00bbac68_6759,12207.721
00bbac68_6760,12206.185
00bbac68_6761,12208.3
00bbac68_6762,12208.289
00bbac68_6763,12207.997
00bbac68_6764,12208.04
00bbac68_6765,12207.549
00bbac68_6766,12207.57
00bbac68_6767,12207.561
00bbac68_6768,12207.44
00bbac68_6769,12206.541
00bbac68_6770,12206.314
00bbac68_6771,12206.816
00bbac68_6772,12208.248
00bbac68_6773,12209.173
00bbac68_6774,12208.214
00bbac68_6775,12207.814
00bbac68_6776,12207.549
00bbac68_6777,12207.395
00bbac68_6778,12207.907
00bbac68_6779,12209.387
00bbac68_6780,12208.419
00bbac68_6781,12208.128
00bbac68_6782,12207.537
00bbac68_6783,12208.589
00bbac68_6784,12209.035
00bbac68_6785,12209.292
00bbac68_6786,12209.929
00bbac68_6787,12209.93
00bbac68_6788,12209.403
00bbac68_6789,12210.042
00bbac68_6790,12210.083
00bbac68_6791,12209.533
00bbac68_6792,12209.043
00bbac68_6793,12209.559
00bbac68_6794,12209.7
00bbac68_6795,12209.766
00bbac68_6796,12209.764
00bbac68_6797,12209.001
00bbac68_6798,12210.339
00bbac68_6799,12209.789
00bbac68_6800,12208.715
00bbac68_6801,12210.355
00bbac68_6802,12210.422
00bbac68_6803,12209.615
00bbac68_6804,12209.507
00bbac68_6805,12209.507
00bbac68_6806,12209.333
00bbac68_6807,12209.346
00bbac68_6808,12210.049
00bbac68_6809,12209.791
00bbac68_6810,12208.608
00bbac68_6811,12208.464
00bbac68_6812,12208.881
00bbac68_6813,12208.838
00bbac68_6814,12209.877
00bbac68_6815,12210.501
00bbac68_6816,12210.497
00bbac68_6817,12209.968
00bbac68_6818,12210.16
00bbac68_6819,12211.123
00bbac68_6820,12211.235
00bbac68_6821,12210.958
00bbac68_6822,12211.191
00bbac68_6823,12211.099
00bbac68_6824,12210.004
00bbac68_6825,12211.369
00bbac68_6826,12211.132
00bbac68_6827,12211.174
00bbac68_6828,12211.122
00bbac68_6829,12211.032
00bbac68_6830,12211.035
00bbac68_6831,12210.901
00bbac68_6832,12210.92
00bbac68_6833,12210.952
00bbac68_6834,12210.953
00bbac68_6835,12210.8545
00bbac68_6836,12210.202
00bbac68_6837,12210.208
00bbac68_6838,12210.3545
00bbac68_6839,12210.4375
00bbac68_6840,12210.429
00bbac68_6841,12210.96
00bbac68_6842,12210.942
00bbac68_6843,12210.999
00bbac68_6844,12209.307
00bbac68_6845,12210.147
00bbac68_6846,12210.091
00bbac68_6847,12210.217
00bbac68_6848,12209.414
00bbac68_6849,12208.7
00bbac68_6850,12208.501
00bbac68_6851,12209.13
00bbac68_6852,12210.216
00bbac68_6853,12210.353
00bbac68_6854,12208.521
00bbac68_6855,12208.1875
00bbac68_6856,12208.15
00bbac68_6857,12208.723
00bbac68_6858,12209.074
00bbac68_6859,12209.695
00bbac68_6860,12209.604
00bbac68_6861,12209.496
00bbac68_6862,12209.193
00bbac68_6863,12209.266
00bbac68_6864,12209.21
00bbac68_6865,12209.729
00bbac68_6866,12209.242
00bbac68_6867,12208.21
00bbac68_6868,12208.651
00bbac68_6869,12208.206
00bbac68_6870,12209.302
00bbac68_6871,12210.084
00bbac68_6872,12209.537
00bbac68_6873,12209.757
00bbac68_6874,12209.911
00bbac68_6875,12209.091
00bbac68_6876,12209.843
00bbac68_6877,12210.316
00bbac68_6878,12209.773
00bbac68_6879,12209.586
00bbac68_6880,12209.725
00bbac68_6881,12209.758
00bbac68_6882,12210.118
00bbac68_6883,12210.2295
00bbac68_6884,12210.881
00bbac68_6885,12211.04
00bbac68_6886,12210.663
00bbac68_6887,12210.427
00bbac68_6888,12210.917
00bbac68_6889,12210.887
00bbac68_6890,12210.958
00bbac68_6891,12211.601
00bbac68_6892,12211.178
00bbac68_6893,12211.153
00bbac68_6894,12211.267
00bbac68_6895,12211.452
00bbac68_6896,12211.405
00bbac68_6897,12211.374
00bbac68_6898,12211.329
00bbac68_6899,12211.313
00bbac68_6900,12211.341
00bbac68_6901,12211.4
00bbac68_6902,12211.37
00bbac68_6903,12211.399
00bbac68_6904,12211.405
00bbac68_6905,12211.43
00bbac68_6906,12211.349
00bbac68_6907,12211.149
00bbac68_6908,12210.509
00bbac68_6909,12210.034
00bbac68_6910,12209.735
00bbac68_6911,12210.744
00bbac68_6912,12210.912
00bbac68_6913,12210.837
00bbac68_6914,12210.811
00bbac68_6915,12210.5625
00bbac68_6916,12209.02
00bbac68_6917,12208.698
00bbac68_6918,12210.158
00bbac68_6919,12210.315
00bbac68_6920,12210.314
00bbac68_6921,12210.245
00bbac68_6922,12210.245
00bbac68_6923,12209.816
00bbac68_6924,12208.838
00bbac68_6925,12209.212
00bbac68_6926,12209.747
00bbac68_6927,12208.781
00bbac68_6928,12208.775
00bbac68_6929,12209.967
00bbac68_6930,12210.121
00bbac68_6931,12210.225
00bbac68_6932,12210.309
00bbac68_6933,12210.383
00bbac68_6934,12210.285
00bbac68_6935,12210.39
00bbac68_6936,12210.4
00bbac68_6937,12210.365
00bbac68_6938,12210.32
00bbac68_6939,12210.282
00bbac68_6940,12210.446
00bbac68_6941,12210.391
00bbac68_6942,12210.376
00bbac68_6943,12210.3
00bbac68_6944,12210.336
00bbac68_6945,12210.39
00bbac68_6946,12210.167
00bbac68_6947,12209.563
00bbac68_6948,12208.6455
00bbac68_6949,12208.9795
00bbac68_6950,12210.308
00bbac68_6951,12210.363
00bbac68_6952,12210.214
00bbac68_6953,12210.339
00bbac68_6954,12210.274
00bbac68_6955,12210.28
00bbac68_6956,12210.329
00bbac68_6957,12210.038
00bbac68_6958,12210.009
00bbac68_6959,12210.232
00bbac68_6960,12210.356
00bbac68_6961,12210.55
00bbac68_6962,12210.568
00bbac68_6963,12210.573
00bbac68_6964,12210.508
00bbac68_6965,12210.41
00bbac68_6966,12210.094
00bbac68_6967,12209.31
00bbac68_6968,12209.131
00bbac68_6969,12210.12
00bbac68_6970,12211.52
00bbac68_6971,12211.607
00bbac68_6972,12211.642
00bbac68_6973,12211.231
00bbac68_6974,12211.078
00bbac68_6975,12211.886
00bbac68_6976,12211.815
00bbac68_6977,12211.319
00bbac68_6978,12211.247
00bbac68_6979,12211.279
00bbac68_6980,12210.844
00bbac68_6981,12210.614
00bbac68_6982,12210.327
00bbac68_6983,12211.092
00bbac68_6984,12211.402
00bbac68_6985,12211.151
00bbac68_6986,12210.965
00bbac68_6987,12211.038
00bbac68_6988,12210.272
00bbac68_6989,12209.16
00bbac68_6990,12209.239
00bbac68_6991,12209.208
00bbac68_6992,12208.952
00bbac68_6993,12208.248
00bbac68_6994,12207.093
00bbac68_6995,12206.913
00bbac68_6996,12207.029
00bbac68_6997,12206.886
00bbac68_6998,12206.833
00bbac68_6999,12206.801
00bbac68_7000,12206.561
00bbac68_7001,12206.656
00bbac68_7002,12206.535
00bbac68_7003,12206.461
00bbac68_7004,12206.588
00bbac68_7005,12206.143
00bbac68_7006,12206.125
00bbac68_7007,12206.042
00bbac68_7008,12206.121
00bbac68_7009,12206.123
00bbac68_7010,12206.084
00bbac68_7011,12206.123
00bbac68_7012,12206.144
00bbac68_7013,12206.185
00bbac68_7014,12206.119
00bbac68_7015,12206.211
00bbac68_7016,12206.197
00bbac68_7017,12206.193
00bbac68_7018,12206.302
00bbac68_7019,12209.07
00bbac68_7020,12208.246
00bbac68_7021,12207.623
00bbac68_7022,12206.528
00bbac68_7023,12206.963
00bbac68_7024,12206.913
00bbac68_7025,12206.961
00bbac68_7026,12206.553
00bbac68_7027,12207.174
00bbac68_7028,12209.424
00bbac68_7029,12208.592
00bbac68_7030,12208.97
00bbac68_7031,12209.451
00bbac68_7032,12209.473
00bbac68_7033,12209.551
00bbac68_7034,12209.564
00bbac68_7035,12209.505
00bbac68_7036,12209.389
00bbac68_7037,12209.395
00bbac68_7038,12206.748
00bbac68_7039,12206.761
00bbac68_7040,12206.317
00bbac68_7041,12208.022
00bbac68_7042,12210.159
00bbac68_7043,12210.147
00bbac68_7044,12209.564
00bbac68_7045,12208.229
00bbac68_7046,12207.062
00bbac68_7047,12208.04
00bbac68_7048,12208.168
00bbac68_7049,12207.091
00bbac68_7050,12207.369
00bbac68_7051,12207.394
00bbac68_7052,12207.702
00bbac68_7053,12207.556
00bbac68_7054,12207.924
00bbac68_7055,12208.684
00bbac68_7056,12209.719
00bbac68_7057,12210.014
00bbac68_7058,12210.284
00bbac68_7059,12209.955
00bbac68_7060,12210.602
00bbac68_7061,12210.535
00bbac68_7062,12210.44
00bbac68_7063,12209.892
00bbac68_7064,12208.418
00bbac68_7065,12210.137
00bbac68_7066,12209.267
00bbac68_7067,12207.773
00bbac68_7068,12207.889
00bbac68_7069,12208.559
00bbac68_7070,12210.395
00bbac68_7071,12210.412
00bbac68_7072,12208.999
00bbac68_7073,12209.879
00bbac68_7074,12210.415
00bbac68_7075,12209.916
00bbac68_7076,12210.515
00bbac68_7077,12209.91
00bbac68_7078,12210.6
00bbac68_7079,12210.681
00bbac68_7080,12210.2705
00bbac68_7081,12210.678
00bbac68_7082,12210.17
00bbac68_7083,12210.448
00bbac68_7084,12209.639
00bbac68_7085,12208.44
00bbac68_7086,12208.32
00bbac68_7087,12207.709
00bbac68_7088,12208.062
00bbac68_7089,12208.655
00bbac68_7090,12208.087
00bbac68_7091,12207.804
00bbac68_7092,12207.406
00bbac68_7093,12208.189
00bbac68_7094,12207.488
00bbac68_7095,12206.698
00bbac68_7096,12207.306
00bbac68_7097,12207.063
00bbac68_7098,12207.682
00bbac68_7099,12207.8955
00bbac68_7100,12207.588
00bbac68_7101,12207.472
00bbac68_7102,12207.4375
00bbac68_7103,12206.934
00bbac68_7104,12207.119
00bbac68_7105,12206.44
00bbac68_7106,12207.057
00bbac68_7107,12207.069
00bbac68_7108,12206.408
00bbac68_7109,12206.988
00bbac68_7110,12206.391
00bbac68_7111,12206.958
00bbac68_7112,12206.932
00bbac68_7113,12206.344
00bbac68_7114,12207.013
00bbac68_7115,12207.209
00bbac68_7116,12207.039
00bbac68_7117,12206.895
00bbac68_7118,12206.187
00bbac68_7119,12206.458
00bbac68_7120,12205.89
00bbac68_7121,12206.414
00bbac68_7122,12206.518
00bbac68_7123,12205.952
00bbac68_7124,12206.555
00bbac68_7125,12206.639
00bbac68_7126,12206.142
00bbac68_7127,12206.672
00bbac68_7128,12206.072
00bbac68_7129,12206.714
00bbac68_7130,12206.793
00bbac68_7131,12206.104
00bbac68_7132,12206.758
00bbac68_7133,12206.45
00bbac68_7134,12207.316
00bbac68_7135,12207.186
00bbac68_7136,12206.603
00bbac68_7137,12207.189
00bbac68_7138,12206.568
00bbac68_7139,12207.159
00bbac68_7140,12207.192
00bbac68_7141,12206.585
00bbac68_7142,12207.154
00bbac68_7143,12206.563
00bbac68_7144,12207.213
00bbac68_7145,12207.148
00bbac68_7146,12206.76
00bbac68_7147,12207.327
00bbac68_7148,12207.207
00bbac68_7149,12206.585
00bbac68_7150,12207.206
00bbac68_7151,12206.6875
00bbac68_7152,12207.166
00bbac68_7153,12207.254
00bbac68_7154,12206.6045
00bbac68_7155,12207.316
00bbac68_7156,12206.668
00bbac68_7157,12207.214
00bbac68_7158,12207.055
00bbac68_7159,12207.531
00bbac68_7160,12210.535
00bbac68_7161,12209.903
00bbac68_7162,12210.625
00bbac68_7163,12210.334
00bbac68_7164,12209.859
00bbac68_7165,12210.301
00bbac68_7166,12209.437
00bbac68_7167,12210.698
00bbac68_7168,12210.881
00bbac68_7169,12210.201
00bbac68_7170,12210.66
00bbac68_7171,12209.46
00bbac68_7172,12209.463
00bbac68_7173,12210.511
00bbac68_7174,12210.161
00bbac68_7175,12210.858
00bbac68_7176,12210.896
00bbac68_7177,12210.297
00bbac68_7178,12210.922
00bbac68_7179,12210.909
00bbac68_7180,12210.274
00bbac68_7181,12210.862
00bbac68_7182,12210.805
00bbac68_7183,12210.263
00bbac68_7184,12210.845
00bbac68_7185,12210.963
00bbac68_7186,12210.823
00bbac68_7187,12210.427
00bbac68_7188,12211.05
00bbac68_7189,12211.059
00bbac68_7190,12211.067
00bbac68_7191,12210.527
00bbac68_7192,12211.119
00bbac68_7193,12210.919
00bbac68_7194,12211.193
00bbac68_7195,12210.657
00bbac68_7196,12211.059
00bbac68_7197,12211.028
00bbac68_7198,12211.018
00bbac68_7199,12211.055
00bbac68_7200,12210.563
00bbac68_7201,12211.263
00bbac68_7202,12211.185
00bbac68_7203,12211.185
00bbac68_7204,12211.079
00bbac68_7205,12211.235
00bbac68_7206,12211.19
00bbac68_7207,12211.149
00bbac68_7208,12210.646
00bbac68_7209,12210.918
00bbac68_7210,12211.109
00bbac68_7211,12211.045
00bbac68_7212,12211.033
00bbac68_7213,12211.058
00bbac68_7214,12210.99
00bbac68_7215,12211.056
00bbac68_7216,12211.037
00bbac68_7217,12211.18
00bbac68_7218,12211.174
00bbac68_7219,12211.111
00bbac68_7220,12211.23
00bbac68_7221,12211.269
00bbac68_7222,12211.228
00bbac68_7223,12211.268
00bbac68_7224,12211.101
00bbac68_7225,12209.658
00bbac68_7226,12209.679
00bbac68_7227,12210.349
00bbac68_7228,12210.163
00bbac68_7229,12209.418
00bbac68_7230,12209.162
00bbac68_7231,12209.18
00bbac68_7232,12210.292
00bbac68_7233,12211.283
00bbac68_7234,12211.061
00bbac68_7235,12210.464
00bbac68_7236,12210.329
00bbac68_7237,12210.518
00bbac68_7238,12211.122
00bbac68_7239,12211.031
00bbac68_7240,12210.787
00bbac68_7241,12209.987
00bbac68_7242,12209.124
00bbac68_7243,12207.346
00bbac68_7244,12207.327
00bbac68_7245,12207.304
00bbac68_7246,12208.461
00bbac68_7247,12209.233
00bbac68_7248,12209.267
00bbac68_7249,12209.221
00bbac68_7250,12209.045
00bbac68_7251,12209.062
00bbac68_7252,12209.025
00bbac68_7253,12209.252
00bbac68_7254,12208.232
00bbac68_7255,12206.73
00bbac68_7256,12206.635
00bbac68_7257,12206.666
00bbac68_7258,12206.58
00bbac68_7259,12206.605
00bbac68_7260,12207.038
00bbac68_7261,12207.034
00bbac68_7262,12206.6455
00bbac68_7263,12206.629
00bbac68_7264,12206.573
00bbac68_7265,12206.575
00bbac68_7266,12206.302
00bbac68_7267,12206.246
00bbac68_7268,12206.281
00bbac68_7269,12206.329
00bbac68_7270,12206.291
00bbac68_7271,12206.226
00bbac68_7272,12206.328
00bbac68_7273,12206.275
00bbac68_7274,12206.202
00bbac68_7275,12206.282
00bbac68_7276,12206.33
00bbac68_7277,12206.414
00bbac68_7278,12206.288
00bbac68_7279,12206.303
00bbac68_7280,12206.251
00bbac68_7281,12206.292
00bbac68_7282,12206.5625
00bbac68_7283,12206.304
00bbac68_7284,12206.269
00bbac68_7285,12206.369
00bbac68_7286,12206.317
00bbac68_7287,12206.307
00bbac68_7288,12206.276
00bbac68_7289,12207.456
00bbac68_7290,12206.767
00bbac68_7291,12206.421
00bbac68_7292,12206.576
00bbac68_7293,12206.533
00bbac68_7294,12206.516
00bbac68_7295,12206.608
00bbac68_7296,12206.561
00bbac68_7297,12206.5205
00bbac68_7298,12206.553
00bbac68_7299,12206.776
00bbac68_7300,12208.071
00bbac68_7301,12210.455
00bbac68_7302,12210.4795
00bbac68_7303,12207.484
00bbac68_7304,12207.342
00bbac68_7305,12207.301
00bbac68_7306,12207.326
00bbac68_7307,12207.584
00bbac68_7308,12207.682
00bbac68_7309,12207.332
00bbac68_7310,12207.414
00bbac68_7311,12209.107
00bbac68_7312,12210.757
00bbac68_7313,12210.783
00bbac68_7314,12210.597
00bbac68_7315,12207.374
00bbac68_7316,12206.836
00bbac68_7317,12207.392
00bbac68_7318,12207.4
00bbac68_7319,12207.397
00bbac68_7320,12207.201
00bbac68_7321,12207.254
00bbac68_7322,12206.909
00bbac68_7323,12210.444
00bbac68_7324,12209.756
00bbac68_7325,12208.206
00bbac68_7326,12207.029
00bbac68_7327,12207.421
00bbac68_7328,12207.259
00bbac68_7329,12207.306
00bbac68_7330,12206.629
00bbac68_7331,12207.284
00bbac68_7332,12207.208
00bbac68_7333,12207.17
00bbac68_7334,12206.59
00bbac68_7335,12207.568
00bbac68_7336,12210.427
00bbac68_7337,12207.359
00bbac68_7338,12207.137
00bbac68_7339,12207.117
00bbac68_7340,12209.307
00bbac68_7341,12210.404
00bbac68_7342,12210.068
00bbac68_7343,12211.024
00bbac68_7344,12210.111
00bbac68_7345,12210.614
00bbac68_7346,12209.985
00bbac68_7347,12208.603
00bbac68_7348,12208.245
00bbac68_7349,12206.854
00bbac68_7350,12207.35
00bbac68_7351,12206.723
00bbac68_7352,12207.344
00bbac68_7353,12206.693
00bbac68_7354,12207.178
00bbac68_7355,12206.942
00bbac68_7356,12207.519
00bbac68_7357,12206.86
00bbac68_7358,12207.456
00bbac68_7359,12206.904
00bbac68_7360,12207.594
00bbac68_7361,12206.9375
00bbac68_7362,12206.974
00bbac68_7363,12207.629
00bbac68_7364,12206.978
00bbac68_7365,12207.541
00bbac68_7366,12207.051
00bbac68_7367,12206.945
00bbac68_7368,12207.594
00bbac68_7369,12207.548
00bbac68_7370,12207.907
00bbac68_7371,12207.597
00bbac68_7372,12207.013
00bbac68_7373,12207.679
00bbac68_7374,12206.988
00bbac68_7375,12206.986
00bbac68_7376,12207.712
00bbac68_7377,12207.369
00bbac68_7378,12209.542
00bbac68_7379,12210.835
00bbac68_7380,12209.8
00bbac68_7381,12207.399
00bbac68_7382,12207.099
00bbac68_7383,12207.608
00bbac68_7384,12207.045
00bbac68_7385,12207.081
00bbac68_7386,12207.639
00bbac68_7387,12206.993
00bbac68_7388,12206.975
00bbac68_7389,12206.966
00bbac68_7390,12207.242
00bbac68_7391,12206.49
00bbac68_7392,12206.692
00bbac68_7393,12206.481
00bbac68_7394,12207.063
00bbac68_7395,12207.243
00bbac68_7396,12207.14
00bbac68_7397,12207.162
00bbac68_7398,12207.745
00bbac68_7399,12207.147
00bbac68_7400,12207.197
00bbac68_7401,12207.146
00bbac68_7402,12207.16
00bbac68_7403,12206.857
00bbac68_7404,12207.678
00bbac68_7405,12207.145
00bbac68_7406,12207.222
00bbac68_7407,12207.164
00bbac68_7408,12207.213
00bbac68_7409,12206.871
00bbac68_7410,12207.733
00bbac68_7411,12207.189
00bbac68_7412,12207.188
00bbac68_7413,12207.152
00bbac68_7414,12206.811
00bbac68_7415,12207.152
00bbac68_7416,12207.14
00bbac68_7417,12206.88
00bbac68_7418,12207.436
00bbac68_7419,12206.524
00bbac68_7420,12206.868
00bbac68_7421,12206.964
00bbac68_7422,12206.894
00bbac68_7423,12206.553
00bbac68_7424,12206.867
00bbac68_7425,12206.804
00bbac68_7426,12206.825
00bbac68_7427,12206.484
00bbac68_7428,12206.7295
00bbac68_7429,12206.733
00bbac68_7430,12206.091
00bbac68_7431,12206.194
00bbac68_7432,12206.193
00bbac68_7433,12205.747
00bbac68_7434,12206.12
00bbac68_7435,12206.131
00bbac68_7436,12206.159
00bbac68_7437,12205.831
00bbac68_7438,12206.14
00bbac68_7439,12205.805
00bbac68_7440,12206.193
00bbac68_7441,12206.162
00bbac68_7442,12205.826
00bbac68_7443,12207.871
00bbac68_7444,12207.688
00bbac68_7445,12207.462
00bbac68_7446,12207.593
00bbac68_7447,12207.085
00bbac68_7448,12207.27
00bbac68_7449,12206.376
00bbac68_7450,12205.928
00bbac68_7451,12206.275
00bbac68_7452,12205.956
00bbac68_7453,12206.287
00bbac68_7454,12205.868
00bbac68_7455,12205.999
00bbac68_7456,12206.354
00bbac68_7457,12205.89
00bbac68_7458,12206.15
00bbac68_7459,12208.959
00bbac68_7460,12210.236
00bbac68_7461,12206.859
00bbac68_7462,12206.294
00bbac68_7463,12206.039
00bbac68_7464,12205.623
00bbac68_7465,12206.257
00bbac68_7466,12205.54
00bbac68_7467,12206.052
00bbac68_7468,12205.795
00bbac68_7469,12206.397
00bbac68_7470,12206.362
00bbac68_7471,12209.668
00bbac68_7472,12210.353
00bbac68_7473,12209.871
00bbac68_7474,12210.403
00bbac68_7475,12209.927
00bbac68_7476,12208.904
00bbac68_7477,12210.387
00bbac68_7478,12210.121
00bbac68_7479,12209.477
00bbac68_7480,12209.843
00bbac68_7481,12209.432
00bbac68_7482,12209.038
00bbac68_7483,12210.341
00bbac68_7484,12209.831
00bbac68_7485,12210.383
00bbac68_7486,12211.564
00bbac68_7487,12211.082
00bbac68_7488,12211.526
00bbac68_7489,12211.003
00bbac68_7490,12211.043
00bbac68_7491,12211.591
00bbac68_7492,12211.5205
00bbac68_7493,12211.112
00bbac68_7494,12211.553
00bbac68_7495,12211.465
00bbac68_7496,12211.316
00bbac68_7497,12211.639
00bbac68_7498,12211.171
00bbac68_7499,12210.61
00bbac68_7500,12211.123
00bbac68_7501,12211.059
00bbac68_7502,12211.501
00bbac68_7503,12211.038
00bbac68_7504,12211.514
00bbac68_7505,12211.253
00bbac68_7506,12210.9
00bbac68_7507,12211.213
00bbac68_7508,12211.137
00bbac68_7509,12211.646
00bbac68_7510,12210.555
00bbac68_7511,12211.097
00bbac68_7512,12211.096
00bbac68_7513,12210.83
00bbac68_7514,12211.206
00bbac68_7515,12210.922
00bbac68_7516,12209.9
00bbac68_7517,12209.077
00bbac68_7518,12208.831
00bbac68_7519,12211.129
00bbac68_7520,12211.879
00bbac68_7521,12210.533
00bbac68_7522,12208.154
00bbac68_7523,12211.193
00bbac68_7524,12211.695
00bbac68_7525,12211.695
00bbac68_7526,12211.329
00bbac68_7527,12208.3
00bbac68_7528,12211.165
00bbac68_7529,12211.488
00bbac68_7530,12211.927
00bbac68_7531,12211.071
00bbac68_7532,12210.552
00bbac68_7533,12210.15
00bbac68_7534,12210.187
00bbac68_7535,12210.435
00bbac68_7536,12210.185
00bbac68_7537,12211.694
00bbac68_7538,12210.589
00bbac68_7539,12209.602
00bbac68_7540,12209.233
00bbac68_7541,12209.878
00bbac68_7542,12208.915
00bbac68_7543,12209.593
00bbac68_7544,12209.331
00bbac68_7545,12209.724
00bbac68_7546,12209.721
00bbac68_7547,12209.693
00bbac68_7548,12207.998
00bbac68_7549,12209.046
00bbac68_7550,12209.446
00bbac68_7551,12208.017
00bbac68_7552,12208.178
00bbac68_7553,12208.194
00bbac68_7554,12208.199
00bbac68_7555,12208.152
00bbac68_7556,12208.878
00bbac68_7557,12208.251
00bbac68_7558,12208.231
00e12e8b_2083,11606.793
00e12e8b_2084,11607.1455
00e12e8b_2085,11607.142
00e12e8b_2086,11607.487
00e12e8b_2087,11607.439
00e12e8b_2088,11607.413
00e12e8b_2089,11607.493
00e12e8b_2090,11607.448
00e12e8b_2091,11607.423
00e12e8b_2092,11607.488
00e12e8b_2093,11607.481
00e12e8b_2094,11607.457
00e12e8b_2095,11607.508
00e12e8b_2096,11607.451
00e12e8b_2097,11607.512
00e12e8b_2098,11607.49
00e12e8b_2099,11607.46
00e12e8b_2100,11607.516
00e12e8b_2101,11607.445
00e12e8b_2102,11607.508
00e12e8b_2103,11607.472
00e12e8b_2104,11607.511
00e12e8b_2105,11607.564
00e12e8b_2106,11607.525
00e12e8b_2107,11607.566
00e12e8b_2108,11607.515
00e12e8b_2109,11607.568
00e12e8b_2110,11607.5625
00e12e8b_2111,11607.664
00e12e8b_2112,11607.775
00e12e8b_2113,11607.854
00e12e8b_2114,11607.896
00e12e8b_2115,11607.896
00e12e8b_2116,11607.964
00e12e8b_2117,11607.907
00e12e8b_2118,11607.955
00e12e8b_2119,11607.851
00e12e8b_2120,11607.94
00e12e8b_2121,11607.893
00e12e8b_2122,11607.943
00e12e8b_2123,11607.906
00e12e8b_2124,11607.972
00e12e8b_2125,11607.95
00e12e8b_2126,11608.007
00e12e8b_2127,11607.938
00e12e8b_2128,11607.989
00e12e8b_2129,11608.003
00e12e8b_2130,11607.965
00e12e8b_2131,11607.988
00e12e8b_2132,11607.998
00e12e8b_2133,11608.034
00e12e8b_2134,11607.958
00e12e8b_2135,11607.998
00e12e8b_2136,11608.035
00e12e8b_2137,11608.009
00e12e8b_2138,11608.022
00e12e8b_2139,11608.02
00e12e8b_2140,11608.049
00e12e8b_2141,11608.064
00e12e8b_2142,11608.01
00e12e8b_2143,11608.209
00e12e8b_2144,11608.202
00e12e8b_2145,11608.242
00e12e8b_2146,11608.2
00e12e8b_2147,11608.139
00e12e8b_2148,11608.145
00e12e8b_2149,11608.13
00e12e8b_2150,11608.059
00e12e8b_2151,11608.052
00e12e8b_2152,11608.023
00e12e8b_2153,11607.974
00e12e8b_2154,11607.989
00e12e8b_2155,11607.984
00e12e8b_2156,11607.993
00e12e8b_2157,11607.951
00e12e8b_2158,11607.9375
00e12e8b_2159,11607.921
00e12e8b_2160,11607.898
00e12e8b_2161,11607.853
00e12e8b_2162,11607.801
00e12e8b_2163,11607.756
00e12e8b_2164,11607.765
00e12e8b_2165,11607.613
00e12e8b_2166,11607.563
00e12e8b_2167,11607.576
00e12e8b_2168,11607.578
00e12e8b_2169,11607.543
00e12e8b_2170,11607.502
00e12e8b_2171,11607.447
00e12e8b_2172,11607.147
00e12e8b_2173,11607.194
00e12e8b_2174,11606.925
00e12e8b_2175,11606.902
00e12e8b_2176,11606.887
00e12e8b_2177,11606.866
00e12e8b_2178,11606.893
00e12e8b_2179,11606.853
00e12e8b_2180,11606.816
00e12e8b_2181,11606.78
00e12e8b_2182,11606.82
00e12e8b_2183,11606.814
00e12e8b_2184,11606.819
00e12e8b_2185,11607.932
00e12e8b_2186,11607.937
00e12e8b_2187,11607.935
00e12e8b_2188,11607.851
00e12e8b_2189,11607.746
00e12e8b_2190,11607.607
00e12e8b_2191,11607.61
00e12e8b_2192,11607.484
00e12e8b_2193,11607.515
00e12e8b_2194,11607.518
00e12e8b_2195,11607.533
00e12e8b_2196,11607.528
00e12e8b_2197,11607.529
00e12e8b_2198,11607.517
00e12e8b_2199,11607.583
00e12e8b_2200,11607.501
00e12e8b_2201,11607.515
00e12e8b_2202,11607.527
00e12e8b_2203,11607.542
00e12e8b_2204,11607.608
00e12e8b_2205,11607.576
00e12e8b_2206,11607.588
00e12e8b_2207,11607.623
00e12e8b_2208,11607.653
00e12e8b_2209,11607.615
00e12e8b_2210,11607.643
00e12e8b_2211,11607.636
00e12e8b_2212,11607.659
00e12e8b_2213,11607.609
00e12e8b_2214,11607.625
00e12e8b_2215,11607.678
00e12e8b_2216,11607.633
00e12e8b_2217,11607.621
00e12e8b_2218,11607.681
00e12e8b_2219,11607.629
00e12e8b_2220,11607.629
00e12e8b_2221,11607.666
00e12e8b_2222,11607.631
00e12e8b_2223,11607.694
00e12e8b_2224,11607.669
00e12e8b_2225,11607.681
00e12e8b_2226,11607.76
00e12e8b_2227,11607.753
00e12e8b_2228,11607.833
00e12e8b_2229,11607.757
00e12e8b_2230,11607.8545
00e12e8b_2231,11607.808
00e12e8b_2232,11607.813
00e12e8b_2233,11607.77
00e12e8b_2234,11607.827
00e12e8b_2235,11607.744
00e12e8b_2236,11607.918
00e12e8b_2237,11607.928
00e12e8b_2238,11608.017
00e12e8b_2239,11608.046
00e12e8b_2240,11607.949
00e12e8b_2241,11608.024
00e12e8b_2242,11607.985
00e12e8b_2243,11608.024
00e12e8b_2244,11607.943
00e12e8b_2245,11607.886
00e12e8b_2246,11607.926
00e12e8b_2247,11607.876
00e12e8b_2248,11607.89
00e12e8b_2249,11607.928
00e12e8b_2250,11607.883
00e12e8b_2251,11607.913
00e12e8b_2252,11607.899
00e12e8b_2253,11607.844
00e12e8b_2254,11607.994
00e12e8b_2255,11607.941
00e12e8b_2256,11607.914
00e12e8b_2257,11608.002
00e12e8b_2258,11607.966
00e12e8b_2259,11607.901
00e12e8b_2260,11607.957
00e12e8b_2261,11607.936
00e12e8b_2262,11607.946
00e12e8b_2263,11607.889
00e12e8b_2264,11607.953
00e12e8b_2265,11607.944
00e12e8b_2266,11607.8955
00e12e8b_2267,11607.847
00e12e8b_2268,11607.839
00e12e8b_2269,11607.824
00e12e8b_2270,11607.756
00e12e8b_2271,11607.667
00e12e8b_2272,11607.715
00e12e8b_2273,11607.677
00e12e8b_2274,11607.669
00e12e8b_2275,11607.592
00e12e8b_2276,11607.64
00e12e8b_2277,11607.649
00e12e8b_2278,11607.673
00e12e8b_2279,11607.602
00e12e8b_2280,11607.48
00e12e8b_2281,11607.549
00e12e8b_2282,11607.567
00e12e8b_2283,11607.559
00e12e8b_2284,11607.566
00e12e8b_2285,11607.582
00e12e8b_2286,11607.583
00e12e8b_2287,11609.221
00e12e8b_2288,11609.24
00e12e8b_2289,11609.23
00e12e8b_2290,11609.227
00e12e8b_2291,11609.251
00e12e8b_2292,11609.186
00e12e8b_2293,11609.109
00e12e8b_2294,11609.136
00e12e8b_2295,11609.075
00e12e8b_2296,11609.106
00e12e8b_2297,11609.131
00e12e8b_2298,11609.106
00e12e8b_2299,11609.042
00e12e8b_2300,11609.018
00e12e8b_2301,11608.972
00e12e8b_2302,11608.997
00e12e8b_2303,11608.947
00e12e8b_2304,11608.933
00e12e8b_2305,11609.008
00e12e8b_2306,11608.988
00e12e8b_2307,11608.992
00e12e8b_2308,11608.977
00e12e8b_2309,11608.959
00e12e8b_2310,11608.971
00e12e8b_2311,11608.961
00e12e8b_2312,11608.955
00e12e8b_2313,11608.941
00e12e8b_2314,11608.933
00e12e8b_2315,11608.953
00e12e8b_2316,11608.956
00e12e8b_2317,11608.993
00e12e8b_2318,11608.972
00e12e8b_2319,11608.968
00e12e8b_2320,11608.954
00e12e8b_2321,11608.96
00e12e8b_2322,11608.978
00e12e8b_2323,11608.976
00e12e8b_2324,11608.973
00e12e8b_2325,11608.989
00e12e8b_2326,11608.984
00e12e8b_2327,11609.012
00e12e8b_2328,11608.984
00e12e8b_2329,11608.971
00e12e8b_2330,11608.914
00e12e8b_2331,11608.8955
00e12e8b_2332,11608.909
00e12e8b_2333,11608.8955
00e12e8b_2334,11608.895
00e12e8b_2335,11608.947
00e12e8b_2336,11608.909
00e12e8b_2337,11608.88
00e12e8b_2338,11608.871
00e12e8b_2339,11608.912
00e12e8b_2340,11608.901
00e12e8b_2341,11608.886
00e12e8b_2342,11608.888
00e12e8b_2343,11608.853
00e12e8b_2344,11608.8545
00e12e8b_2345,11608.868
00e12e8b_2346,11608.891
00e12e8b_2347,11608.855
00e12e8b_2348,11608.848
00e12e8b_2349,11608.87
00e12e8b_2350,11608.827
00e12e8b_2351,11608.835
00e12e8b_2352,11608.813
00e12e8b_2353,11608.859
00e12e8b_2354,11608.828
00e12e8b_2355,11608.873
00e12e8b_2356,11608.825
00e12e8b_2357,11608.797
00e12e8b_2358,11608.863
00e12e8b_2359,11608.816
00e12e8b_2360,11608.836
00e12e8b_2361,11608.8545
00e12e8b_2362,11608.831
00e12e8b_2363,11608.828
00e12e8b_2364,11608.796
00e12e8b_2365,11608.844
00e12e8b_2366,11608.74
00e12e8b_2367,11608.834
00e12e8b_2368,11608.813
00e12e8b_2369,11608.851
00e12e8b_2370,11608.814
00e12e8b_2371,11608.874
00e12e8b_2372,11608.784
00e12e8b_2373,11608.788
00e12e8b_2374,11608.78
00e12e8b_2375,11608.775
00e12e8b_2376,11608.826
00e12e8b_2377,11608.785
00e12e8b_2378,11608.798
00e12e8b_2379,11608.8
00e12e8b_2380,11608.711
00e12e8b_2381,11608.811
00e12e8b_2382,11608.722
00e12e8b_2383,11608.783
00e12e8b_2384,11608.819
00e12e8b_2385,11608.812
00e12e8b_2386,11608.744
00e12e8b_2387,11608.794
00e12e8b_2388,11608.817
00e12e8b_2389,11608.749
00e12e8b_2390,11610.311
00e12e8b_2391,11610.269
00e12e8b_2392,11610.267
00e12e8b_2393,11610.268
00e12e8b_2394,11610.214
00e12e8b_2395,11610.283
00e12e8b_2396,11610.259
00e12e8b_2397,11610.26
00e12e8b_2398,11610.276
00e12e8b_2399,11610.278
00e12e8b_2400,11610.205
00e12e8b_2401,11610.242
00e12e8b_2402,11610.271
00e12e8b_2403,11610.28
00e12e8b_2404,11610.257
00e12e8b_2405,11610.2705
00e12e8b_2406,11610.284
00e12e8b_2407,11610.324
00e12e8b_2408,11610.322
00e12e8b_2409,11610.303
00e12e8b_2410,11610.346
00e12e8b_2411,11610.336
00e12e8b_2412,11610.398
00e12e8b_2413,11610.377
00e12e8b_2414,11610.349
00e12e8b_2415,11610.348
00e12e8b_2416,11610.35
00e12e8b_2417,11610.396
00e12e8b_2418,11610.354
00e12e8b_2419,11610.397
00e12e8b_2420,11610.358
00e12e8b_2421,11610.358
00e12e8b_2422,11610.354
00e12e8b_2423,11610.343
00e12e8b_2424,11610.31
00e12e8b_2425,11610.301
00e12e8b_2426,11610.206
00e12e8b_2427,11610.208
00e12e8b_2428,11610.222
00e12e8b_2429,11610.309
00e12e8b_2430,11610.272
00e12e8b_2431,11610.231
00e12e8b_2432,11610.24
00e12e8b_2433,11610.1875
00e12e8b_2434,11610.299
00e12e8b_2435,11610.214
00e12e8b_2436,11610.205
00e12e8b_2437,11610.204
00e12e8b_2438,11610.175
00e12e8b_2439,11610.197
00e12e8b_2440,11610.2295
00e12e8b_2441,11610.257
00e12e8b_2442,11610.175
00e12e8b_2443,11610.158
00e12e8b_2444,11610.091
00e12e8b_2445,11610.096
00e12e8b_2446,11610.189
00e12e8b_2447,11610.122
00e12e8b_2448,11610.144
00e12e8b_2449,11610.191
00e12e8b_2450,11610.125
00e12e8b_2451,11610.18
00e12e8b_2452,11610.153
00e12e8b_2453,11610.176
00e12e8b_2454,11610.153
00e12e8b_2455,11610.183
00e12e8b_2456,11610.119
00e12e8b_2457,11610.099
00e12e8b_2458,11610.027
00e12e8b_2459,11610.052
00e12e8b_2460,11609.97
00e12e8b_2461,11610.039
00e12e8b_2462,11609.902
00e12e8b_2463,11610.068
00e12e8b_2464,11609.981
00e12e8b_2465,11609.986
00e12e8b_2466,11610.083
00e12e8b_2467,11610.104
00e12e8b_2468,11609.912
00e12e8b_2469,11609.893
00e12e8b_2470,11609.762
00e12e8b_2471,11609.792
00e12e8b_2472,11609.699
00e12e8b_2473,11609.746
00e12e8b_2474,11609.689
00e12e8b_2475,11609.647
00e12e8b_2476,11609.648
00e12e8b_2477,11609.645
00e12e8b_2478,11609.66
00e12e8b_2479,11609.594
00e12e8b_2480,11609.648
00e12e8b_2481,11609.566
00e12e8b_2482,11609.593
00e12e8b_2483,11609.619
00e12e8b_2484,11609.609
00e12e8b_2485,11609.625
00e12e8b_2486,11609.605
00e12e8b_2487,11609.623
00e12e8b_2488,11609.596
00e12e8b_2489,11609.537
00e12e8b_2490,11609.581
00e12e8b_2491,11609.648
00e12e8b_2492,11609.51
00e12e8b_2493,11610.953
00e12e8b_2494,11610.94
00e12e8b_2495,11610.935
00e12e8b_2496,11610.951
00e12e8b_2497,11610.948
00e12e8b_2498,11610.912
00e12e8b_2499,11610.938
00e12e8b_2500,11610.976
00e12e8b_2501,11610.895
00e12e8b_2502,11610.804
00e12e8b_2503,11610.821
00e12e8b_2504,11610.951
00e12e8b_2505,11610.879
00e12e8b_2506,11610.872
00e12e8b_2507,11610.854
00e12e8b_2508,11610.857
00e12e8b_2509,11610.811
00e12e8b_2510,11610.775
00e12e8b_2511,11610.778
00e12e8b_2512,11610.739
00e12e8b_2513,11610.594
00e12e8b_2514,11610.551
00e12e8b_2515,11610.558
00e12e8b_2516,11610.644
00e12e8b_2517,11610.457
00e12e8b_2518,11610.507
00e12e8b_2519,11610.516
00e12e8b_2520,11610.471
00e12e8b_2521,11610.486
00e12e8b_2522,11610.64
00e12e8b_2523,11610.493
00e12e8b_2524,11610.509
00e12e8b_2525,11610.497
00e12e8b_2526,11610.592
00e12e8b_2527,11610.49
00e12e8b_2528,11610.48
00e12e8b_2529,11610.499
00e12e8b_2530,11610.606
00e12e8b_2531,11610.519
00e12e8b_2532,11610.487
00e12e8b_2533,11610.211
00e12e8b_2534,11610.146
00e12e8b_2535,11610.158
00e12e8b_2536,11610.088
00e12e8b_2537,11610.101
00e12e8b_2538,11610.152
00e12e8b_2539,11610.16
00e12e8b_2540,11610.222
00e12e8b_2541,11610.199
00e12e8b_2542,11610.164
00e12e8b_2543,11610.156
00e12e8b_2544,11610.12
00e12e8b_2545,11610.105
00e12e8b_2546,11610.139
00e12e8b_2547,11610.133
00e12e8b_2548,11610.061
00e12e8b_2549,11610.065
00e12e8b_2550,11610.082
00e12e8b_2551,11610.049
00e12e8b_2552,11610.02
00e12e8b_2553,11610.003
00e12e8b_2554,11609.948
00e12e8b_2555,11609.966
00e12e8b_2556,11609.974
00e12e8b_2557,11609.982
00e12e8b_2558,11610.008
00e12e8b_2559,11609.958
00e12e8b_2560,11609.991
00e12e8b_2561,11610.029
00e12e8b_2562,11609.975
00e12e8b_2563,11609.939
00e12e8b_2564,11609.963
00e12e8b_2565,11609.935
00e12e8b_2566,11609.962
00e12e8b_2567,11609.9375
00e12e8b_2568,11609.877
00e12e8b_2569,11609.9375
00e12e8b_2570,11609.949
00e12e8b_2571,11609.916
00e12e8b_2572,11609.953
00e12e8b_2573,11609.922
00e12e8b_2574,11609.922
00e12e8b_2575,11609.922
00e12e8b_2576,11609.907
00e12e8b_2577,11609.936
00e12e8b_2578,11609.913
00e12e8b_2579,11609.88
00e12e8b_2580,11609.92
00e12e8b_2581,11609.862
00e12e8b_2582,11609.827
00e12e8b_2583,11609.681
00e12e8b_2584,11609.501
00e12e8b_2585,11609.496
00e12e8b_2586,11609.473
00e12e8b_2587,11609.46
00e12e8b_2588,11609.491
00e12e8b_2589,11609.402
00e12e8b_2590,11609.464
00e12e8b_2591,11609.428
00e12e8b_2592,11609.466
00e12e8b_2593,11609.477
00e12e8b_2594,11609.486
00e12e8b_2595,11609.431
00e12e8b_2596,11610.882
00e12e8b_2597,11610.837
00e12e8b_2598,11610.85
00e12e8b_2599,11610.82
00e12e8b_2600,11610.833
00e12e8b_2601,11610.787
00e12e8b_2602,11610.848
00e12e8b_2603,11610.86
00e12e8b_2604,11610.821
00e12e8b_2605,11610.768
00e12e8b_2606,11610.822
00e12e8b_2607,11610.833
00e12e8b_2608,11610.798
00e12e8b_2609,11610.756
00e12e8b_2610,11610.8125
00e12e8b_2611,11610.824
00e12e8b_2612,11610.818
00e12e8b_2613,11610.762
00e12e8b_2614,11610.73
00e12e8b_2615,11610.744
00e12e8b_2616,11610.685
00e12e8b_2617,11610.698
00e12e8b_2618,11610.711
00e12e8b_2619,11610.665
00e12e8b_2620,11610.635
00e12e8b_2621,11610.676
00e12e8b_2622,11610.676
00e12e8b_2623,11610.635
00e12e8b_2624,11610.626
00e12e8b_2625,11610.62
00e12e8b_2626,11610.601
00e12e8b_2627,11610.569
00e12e8b_2628,11610.534
00e12e8b_2629,11610.486
00e12e8b_2630,11610.446
00e12e8b_2631,11610.521
00e12e8b_2632,11610.515
00e12e8b_2633,11610.537
00e12e8b_2634,11610.477
00e12e8b_2635,11610.545
00e12e8b_2636,11610.53
00e12e8b_2637,11610.54
00e12e8b_2638,11610.515
00e12e8b_2639,11610.523
00e12e8b_2640,11610.494
00e12e8b_2641,11610.439
00e12e8b_2642,11610.471
00e12e8b_2643,11610.494
00e12e8b_2644,11610.489
00e12e8b_2645,11610.502
00e12e8b_2646,11610.491
00e12e8b_2647,11610.464
00e12e8b_2648,11610.471
00e12e8b_2649,11610.45
00e12e8b_2650,11610.462
00e12e8b_2651,11610.478
00e12e8b_2652,11610.154
00e12e8b_2653,11610.081
00e12e8b_2654,11610.043
00e12e8b_2655,11609.991
00e12e8b_2656,11610.082
00e12e8b_2657,11610.072
00e12e8b_2658,11610.096
00e12e8b_2659,11610.17
00e12e8b_2660,11610.135
00e12e8b_2661,11610.122
00e12e8b_2662,11610.108
00e12e8b_2663,11610.1
00e12e8b_2664,11610.104
00e12e8b_2665,11610.089
00e12e8b_2666,11610.126
00e12e8b_2667,11610.096
00e12e8b_2668,11610.08
00e12e8b_2669,11610.088
00e12e8b_2670,11610.09
00e12e8b_2671,11610.019
00e12e8b_2672,11609.974
00e12e8b_2673,11609.925
00e12e8b_2674,11609.981
00e12e8b_2675,11609.979
00e12e8b_2676,11609.959
00e12e8b_2677,11609.957
00e12e8b_2678,11609.952
00e12e8b_2679,11609.986
00e12e8b_2680,11609.958
00e12e8b_2681,11609.8955
00e12e8b_2682,11609.898
00e12e8b_2683,11609.929
00e12e8b_2684,11609.926
00e12e8b_2685,11609.974
00e12e8b_2686,11609.892
00e12e8b_2687,11609.931
00e12e8b_2688,11609.894
00e12e8b_2689,11609.868
00e12e8b_2690,11609.887
00e12e8b_2691,11609.872
00e12e8b_2692,11609.915
00e12e8b_2693,11609.873
00e12e8b_2694,11609.872
00e12e8b_2695,11609.894
00e12e8b_2696,11609.82
00e12e8b_2697,11609.596
00e12e8b_2698,11610.972
00e12e8b_2699,11610.8125
00e12e8b_2700,11610.96
00e12e8b_2701,11610.972
00e12e8b_2702,11610.874
00e12e8b_2703,11610.96
00e12e8b_2704,11610.831
00e12e8b_2705,11610.969
00e12e8b_2706,11611.03
00e12e8b_2707,11610.84
00e12e8b_2708,11610.951
00e12e8b_2709,11610.998
00e12e8b_2710,11610.909
00e12e8b_2711,11610.785
00e12e8b_2712,11610.9375
00e12e8b_2713,11610.902
00e12e8b_2714,11610.773
00e12e8b_2715,11610.909
00e12e8b_2716,11610.87
00e12e8b_2717,11610.791
00e12e8b_2718,11610.734
00e12e8b_2719,11610.635
00e12e8b_2720,11610.778
00e12e8b_2721,11610.765
00e12e8b_2722,11610.755
00e12e8b_2723,11610.758
00e12e8b_2724,11610.609
00e12e8b_2725,11610.684
00e12e8b_2726,11610.6455
00e12e8b_2727,11610.678
00e12e8b_2728,11610.653
00e12e8b_2729,11610.669
00e12e8b_2730,11610.657
00e12e8b_2731,11610.582
00e12e8b_2732,11610.667
00e12e8b_2733,11610.601
00e12e8b_2734,11610.596
00e12e8b_2735,11610.534
00e12e8b_2736,11610.549
00e12e8b_2737,11610.538
00e12e8b_2738,11610.531
00e12e8b_2739,11610.179
00e12e8b_2740,11610.097
00e12e8b_2741,11610.056
00e12e8b_2742,11610.074
00e12e8b_2743,11610.082
00e12e8b_2744,11610.072
00e12e8b_2745,11610.039
00e12e8b_2746,11610.028
00e12e8b_2747,11610.096
00e12e8b_2748,11610.057
00e12e8b_2749,11610.008
00e12e8b_2750,11609.964
00e12e8b_2751,11609.995
00e12e8b_2752,11610.011
00e12e8b_2753,11609.932
00e12e8b_2754,11609.854
00e12e8b_2755,11609.886
00e12e8b_2756,11609.919
00e12e8b_2757,11609.865
00e12e8b_2758,11609.893
00e12e8b_2759,11609.894
00e12e8b_2760,11609.9
00e12e8b_2761,11609.9
00e12e8b_2762,11610.074
00e12e8b_2763,11609.884
00e12e8b_2764,11609.828
00e12e8b_2765,11609.839
00e12e8b_2766,11609.839
00e12e8b_2767,11609.938
00e12e8b_2768,11609.878
00e12e8b_2769,11609.876
00e12e8b_2770,11609.892
00e12e8b_2771,11609.906
00e12e8b_2772,11609.799
00e12e8b_2773,11609.856
00e12e8b_2774,11609.6
00e12e8b_2775,11609.581
00e12e8b_2776,11609.612
00e12e8b_2777,11609.582
00e12e8b_2778,11609.6045
00e12e8b_2779,11609.843
00e12e8b_2780,11609.582
00e12e8b_2781,11609.573
00e12e8b_2782,11609.622
00e12e8b_2783,11609.579
00e12e8b_2784,11609.811
00e12e8b_2785,11609.494
00e12e8b_2786,11609.439
00e12e8b_2787,11609.453
00e12e8b_2788,11609.424
00e12e8b_2789,11609.645
00e12e8b_2790,11609.381
00e12e8b_2791,11609.325
00e12e8b_2792,11609.329
00e12e8b_2793,11609.41
00e12e8b_2794,11609.205
00e12e8b_2795,11609.213
00e12e8b_2796,11609.179
00e12e8b_2797,11609.265
00e12e8b_2798,11608.961
00e12e8b_2799,11608.851
00e12e8b_2800,11610.782
00e12e8b_2801,11610.475
00e12e8b_2802,11610.494
00e12e8b_2803,11610.678
00e12e8b_2804,11610.477
00e12e8b_2805,11610.443
00e12e8b_2806,11610.7295
00e12e8b_2807,11610.015
00e12e8b_2808,11610.071
00e12e8b_2809,11610.289
00e12e8b_2810,11610.057
00e12e8b_2811,11610.065
00e12e8b_2812,11610.262
00e12e8b_2813,11610.04
00e12e8b_2814,11610.062
00e12e8b_2815,11610.289
00e12e8b_2816,11610.041
00e12e8b_2817,11610.075
00e12e8b_2818,11610.2705
00e12e8b_2819,11609.972
00e12e8b_2820,11609.943
00e12e8b_2821,11609.939
00e12e8b_2822,11610.129
00e12e8b_2823,11609.878
00e12e8b_2824,11609.906
00e12e8b_2825,11609.883
00e12e8b_2826,11610.092
00e12e8b_2827,11609.898
00e12e8b_2828,11609.858
00e12e8b_2829,11609.878
00e12e8b_2830,11609.864
00e12e8b_2831,11609.891
00e12e8b_2832,11610.095
00e12e8b_2833,11609.908
00e12e8b_2834,11609.898
00e12e8b_2835,11609.906
00e12e8b_2836,11609.894
00e12e8b_2837,11609.756
00e12e8b_2838,11609.652
00e12e8b_2839,11609.599
00e12e8b_2840,11609.57
00e12e8b_2841,11609.579
00e12e8b_2842,11609.604
00e12e8b_2843,11609.56
00e12e8b_2844,11609.59
00e12e8b_2845,11609.606
00e12e8b_2846,11609.609
00e12e8b_2847,11609.612
00e12e8b_2848,11609.575
00e12e8b_2849,11609.591
00e12e8b_2850,11609.436
00e12e8b_2851,11609.41
00e12e8b_2852,11609.408
00e12e8b_2853,11609.405
00e12e8b_2854,11609.459
00e12e8b_2855,11609.321
00e12e8b_2856,11609.452
00e12e8b_2857,11609.369
00e12e8b_2858,11609.301
00e12e8b_2859,11609.299
00e12e8b_2860,11609.25
00e12e8b_2861,11609.106
00e12e8b_2862,11609.278
00e12e8b_2863,11609.256
00e12e8b_2864,11609.09
00e12e8b_2865,11608.883
00e12e8b_2866,11608.932
00e12e8b_2867,11608.918
00e12e8b_2868,11608.937
00e12e8b_2869,11608.768
00e12e8b_2870,11608.842
00e12e8b_2871,11608.83
00e12e8b_2872,11608.614
00e12e8b_2873,11608.736
00e12e8b_2874,11608.748
00e12e8b_2875,11608.616
00e12e8b_2876,11608.653
00e12e8b_2877,11608.699
00e12e8b_2878,11608.545
00e12e8b_2879,11608.663
00e12e8b_2880,11608.583
00e12e8b_2881,11608.693
00e12e8b_2882,11608.572
00e12e8b_2883,11608.698
00e12e8b_2884,11608.627
00e12e8b_2885,11608.672
00e12e8b_2886,11608.562
00e12e8b_2887,11608.657
00e12e8b_2888,11608.562
00e12e8b_2889,11608.602
00e12e8b_2890,11608.466
00e12e8b_2891,11608.612
00e12e8b_2892,11608.451
00e12e8b_2893,11608.547
00e12e8b_2894,11608.459
00e12e8b_2895,11608.438
00e12e8b_2896,11608.559
00e12e8b_2897,11608.408
00e12e8b_2898,11608.584
00e12e8b_2899,11608.464
00e12e8b_2900,11608.426
00e12e8b_2901,11608.588
00e12e8b_2902,11608.49
00e12e8b_2903,11609.895
00e12e8b_2904,11609.828
00e12e8b_2905,11609.91
00e12e8b_2906,11609.801
00e12e8b_2907,11609.794
00e12e8b_2908,11609.914
00e12e8b_2909,11609.862
00e12e8b_2910,11609.855
00e12e8b_2911,11609.92
00e12e8b_2912,11609.852
00e12e8b_2913,11609.807
00e12e8b_2914,11609.883
00e12e8b_2915,11609.788
00e12e8b_2916,11609.928
00e12e8b_2917,11609.837
00e12e8b_2918,11609.701
00e12e8b_2919,11609.482
00e12e8b_2920,11609.489
00e12e8b_2921,11609.371
00e12e8b_2922,11609.501
00e12e8b_2923,11609.513
00e12e8b_2924,11609.333
00e12e8b_2925,11609.495
00e12e8b_2926,11609.486
00e12e8b_2927,11609.394
00e12e8b_2928,11609.47
00e12e8b_2929,11609.449
00e12e8b_2930,11609.319
00e12e8b_2931,11609.413
00e12e8b_2932,11609.388
00e12e8b_2933,11609.296
00e12e8b_2934,11609.265
00e12e8b_2935,11609.252
00e12e8b_2936,11609.192
00e12e8b_2937,11609.105
00e12e8b_2938,11609.196
00e12e8b_2939,11609.107
00e12e8b_2940,11609.007
00e12e8b_2941,11608.941
00e12e8b_2942,11608.802
00e12e8b_2943,11608.742
00e12e8b_2944,11608.946
00e12e8b_2945,11608.539
00e12e8b_2946,11608.581
00e12e8b_2947,11608.44
00e12e8b_2948,11608.445
00e12e8b_2949,11608.403
00e12e8b_2950,11608.378
00e12e8b_2951,11608.533
00e12e8b_2952,11608.298
00e12e8b_2953,11608.331
00e12e8b_2954,11608.294
00e12e8b_2955,11608.392
00e12e8b_2956,11608.2705
00e12e8b_2957,11608.275
00e12e8b_2958,11608.43
00e12e8b_2959,11607.96
00e12e8b_2960,11608.144
00e12e8b_2961,11607.956
00e12e8b_2962,11608.069
00e12e8b_2963,11607.897
00e12e8b_2964,11608.093
00e12e8b_2965,11607.867
00e12e8b_2966,11607.981
00e12e8b_2967,11607.824
00e12e8b_2968,11607.994
00e12e8b_2969,11607.821
00e12e8b_2970,11608.013
00e12e8b_2971,11608.013
00e12e8b_2972,11607.826
00e12e8b_2973,11608.027
00e12e8b_2974,11607.979
00e12e8b_2975,11607.998
00e12e8b_2976,11607.842
00e12e8b_2977,11607.968
00e12e8b_2978,11607.97
00e12e8b_2979,11607.892
00e12e8b_2980,11607.872
00e12e8b_2981,11607.893
00e12e8b_2982,11607.726
00e12e8b_2983,11607.919
00e12e8b_2984,11607.799
00e12e8b_2985,11607.795
00e12e8b_2986,11607.752
00e12e8b_2987,11607.766
00e12e8b_2988,11607.762
00e12e8b_2989,11607.713
00e12e8b_2990,11607.737
00e12e8b_2991,11607.66
00e12e8b_2992,11607.54
00e12e8b_2993,11607.184
00e12e8b_2994,11607.034
00e12e8b_2995,11607.115
00e12e8b_2996,11607.086
00e12e8b_2997,11606.988
00e12e8b_2998,11607.072
00e12e8b_2999,11606.965
00e12e8b_3000,11606.943
00e12e8b_3001,11607.043
00e12e8b_3002,11606.951
00e12e8b_3003,11606.867
00e12e8b_3004,11606.404
00e12e8b_3005,11606.207
00e12e8b_3006,11606.105
00e12e8b_3007,11606.083
00e12e8b_3008,11608.24
00e12e8b_3009,11608.165
00e12e8b_3010,11608.088
00e12e8b_3011,11608.126
00e12e8b_3012,11608.213
00e12e8b_3013,11608.096
00e12e8b_3014,11608.115
00e12e8b_3015,11608.195
00e12e8b_3016,11608.116
00e12e8b_3017,11608.105
00e12e8b_3018,11608.014
00e12e8b_3019,11608.089
00e12e8b_3020,11607.925
00e12e8b_3021,11607.954
00e12e8b_3022,11607.955
00e12e8b_3023,11608.061
00e12e8b_3024,11607.97
00e12e8b_3025,11607.979
00e12e8b_3026,11607.949
00e12e8b_3027,11608.077
00e12e8b_3028,11607.911
00e12e8b_3029,11607.916
00e12e8b_3030,11607.826
00e12e8b_3031,11607.922
00e12e8b_3032,11607.826
00e12e8b_3033,11607.795
00e12e8b_3034,11607.757
00e12e8b_3035,11607.813
00e12e8b_3036,11607.649
00e12e8b_3037,11607.691
00e12e8b_3038,11607.658
00e12e8b_3039,11607.815
00e12e8b_3040,11607.665
00e12e8b_3041,11607.669
00e12e8b_3042,11607.459
00e12e8b_3043,11607.189
00e12e8b_3044,11607.295
00e12e8b_3045,11607.116
00e12e8b_3046,11607.005
00e12e8b_3047,11606.966
00e12e8b_3048,11607.066
00e12e8b_3049,11606.937
00e12e8b_3050,11606.905
00e12e8b_3051,11606.935
00e12e8b_3052,11606.944
00e12e8b_3053,11606.576
00e12e8b_3054,11606.123
00e12e8b_3055,11606.06
00e12e8b_3056,11605.97
00e12e8b_3057,11606.003
00e12e8b_3058,11606.022
00e12e8b_3059,11605.839
00e12e8b_3060,11605.885
00e12e8b_3061,11605.661
00e12e8b_3062,11605.606
00e12e8b_3063,11605.738
00e12e8b_3064,11605.622
00e12e8b_3065,11605.55
00e12e8b_3066,11605.582
00e12e8b_3067,11605.553
00e12e8b_3068,11605.676
00e12e8b_3069,11605.609
00e12e8b_3070,11605.614
00e12e8b_3071,11605.617
00e12e8b_3072,11605.591
00e12e8b_3073,11605.667
00e12e8b_3074,11605.559
00e12e8b_3075,11605.601
00e12e8b_3076,11605.581
00e12e8b_3077,11605.574
00e12e8b_3078,11605.585
00e12e8b_3079,11605.582
00e12e8b_3080,11605.482
00e12e8b_3081,11605.452
00e12e8b_3082,11605.478
00e12e8b_3083,11605.434
00e12e8b_3084,11605.475
00e12e8b_3085,11605.5
00e12e8b_3086,11605.432
00e12e8b_3087,11605.319
00e12e8b_3088,11605.319
00e12e8b_3089,11605.305
00e12e8b_3090,11605.326
00e12e8b_3091,11605.055
00e12e8b_3092,11604.868
00e12e8b_3093,11604.7295
00e12e8b_3094,11604.666
00e12e8b_3095,11604.686
00e12e8b_3096,11604.655
00e12e8b_3097,11604.658
00e12e8b_3098,11604.68
00e12e8b_3099,11604.728
00e12e8b_3100,11604.605
00e12e8b_3101,11604.636
00e12e8b_3102,11604.546
00e12e8b_3103,11604.6045
00e12e8b_3104,11604.685
00e12e8b_3105,11604.577
00e12e8b_3106,11604.543
00e12e8b_3107,11604.514
00e12e8b_3108,11604.5625
00e12e8b_3109,11604.487
00e12e8b_3110,11604.46
00e12e8b_3111,11604.51
00e12e8b_3112,11605.516
00e12e8b_3113,11605.476
00e12e8b_3114,11605.593
00e12e8b_3115,11605.502
00e12e8b_3116,11605.46
00e12e8b_3117,11605.537
00e12e8b_3118,11605.425
00e12e8b_3119,11605.5
00e12e8b_3120,11605.551
00e12e8b_3121,11605.378
00e12e8b_3122,11605.496
00e12e8b_3123,11605.373
00e12e8b_3124,11605.448
00e12e8b_3125,11605.321
00e12e8b_3126,11605.333
00e12e8b_3127,11605.363
00e12e8b_3128,11605.225
00e12e8b_3129,11605.291
00e12e8b_3130,11605.228
00e12e8b_3131,11605.348
00e12e8b_3132,11605.193
00e12e8b_3133,11605.317
00e12e8b_3134,11605.31
00e12e8b_3135,11605.149
00e12e8b_3136,11605.189
00e12e8b_3137,11605.1
00e12e8b_3138,11605.024
00e12e8b_3139,11604.576
00e12e8b_3140,11604.686
00e12e8b_3141,11604.696
00e12e8b_3142,11604.626
00e12e8b_3143,11604.66
00e12e8b_3144,11604.63
00e12e8b_3145,11604.569
00e12e8b_3146,11604.612
00e12e8b_3147,11604.615
00e12e8b_3148,11604.479
00e12e8b_3149,11604.601
00e12e8b_3150,11604.551
00e12e8b_3151,11604.422
00e12e8b_3152,11604.49
00e12e8b_3153,11604.501
00e12e8b_3154,11604.403
00e12e8b_3155,11604.363
00e12e8b_3156,11604.276
00e12e8b_3157,11604.359
00e12e8b_3158,11604.331
00e12e8b_3159,11604.291
00e12e8b_3160,11604.336
00e12e8b_3161,11604.112
00e12e8b_3162,11604.14
00e12e8b_3163,11604.101
00e12e8b_3164,11604.047
00e12e8b_3165,11603.865
00e12e8b_3166,11603.903
00e12e8b_3167,11603.882
00e12e8b_3168,11603.797
00e12e8b_3169,11603.749
00e12e8b_3170,11603.768
00e12e8b_3171,11603.67
00e12e8b_3172,11603.622
00e12e8b_3173,11603.567
00e12e8b_3174,11603.457
00e12e8b_3175,11603.464
00e12e8b_3176,11603.458
00e12e8b_3177,11603.475
00e12e8b_3178,11603.425
00e12e8b_3179,11603.396
00e12e8b_3180,11603.388
00e12e8b_3181,11603.291
00e12e8b_3182,11603.19
00e12e8b_3183,11603.157
00e12e8b_3184,11603.225
00e12e8b_3185,11603.134
00e12e8b_3186,11603.102
00e12e8b_3187,11603.051
00e12e8b_3188,11603.04
00e12e8b_3189,11603.047
00e12e8b_3190,11603.025
00e12e8b_3191,11603.04
00e12e8b_3192,11602.986
00e12e8b_3193,11603.048
00e12e8b_3194,11602.914
00e12e8b_3195,11602.826
00e12e8b_3196,11602.966
00e12e8b_3197,11602.915
00e12e8b_3198,11602.923
00e12e8b_3199,11602.904
00e12e8b_3200,11602.906
00e12e8b_3201,11602.735
00e12e8b_3202,11602.849
00e12e8b_3203,11602.795
00e12e8b_3204,11602.663
00e12e8b_3205,11602.746
00e12e8b_3206,11602.65
00e12e8b_3207,11602.754
00e12e8b_3208,11602.668
00e12e8b_3209,11602.808
00e12e8b_3210,11602.736
00e12e8b_3211,11602.735
00e12e8b_3212,11602.843
00e12e8b_3213,11602.737
00e12e8b_3214,11602.735
00e12e8b_3215,11603.369
00e12e8b_3216,11603.401
00e12e8b_3217,11603.333
00e12e8b_3218,11603.376
00e12e8b_3219,11603.347
00e12e8b_3220,11603.307
00e12e8b_3221,11603.302
00e12e8b_3222,11603.336
00e12e8b_3223,11603.243
00e12e8b_3224,11603.069
00e12e8b_3225,11602.972
00e12e8b_3226,11603.118
00e12e8b_3227,11603.104
00e12e8b_3228,11602.938
00e12e8b_3229,11603.097
00e12e8b_3230,11602.97
00e12e8b_3231,11603.004
00e12e8b_3232,11602.842
00e12e8b_3233,11602.982
00e12e8b_3234,11602.849
00e12e8b_3235,11602.816
00e12e8b_3236,11602.987
00e12e8b_3237,11602.85
00e12e8b_3238,11602.811
00e12e8b_3239,11602.805
00e12e8b_3240,11602.786
00e12e8b_3241,11602.826
00e12e8b_3242,11602.79
00e12e8b_3243,11602.779
00e12e8b_3244,11602.753
00e12e8b_3245,11602.709
00e12e8b_3246,11602.723
00e12e8b_3247,11602.747
00e12e8b_3248,11602.747
00e12e8b_3249,11602.611
00e12e8b_3250,11602.727
00e12e8b_3251,11602.692
00e12e8b_3252,11602.519
00e12e8b_3253,11602.645
00e12e8b_3254,11602.522
00e12e8b_3255,11602.547
00e12e8b_3256,11602.435
00e12e8b_3257,11602.55
00e12e8b_3258,11602.409
00e12e8b_3259,11602.415
00e12e8b_3260,11602.476
00e12e8b_3261,11602.384
00e12e8b_3262,11602.359
00e12e8b_3263,11602.317
00e12e8b_3264,11602.297
00e12e8b_3265,11602.362
00e12e8b_3266,11602.36
00e12e8b_3267,11602.333
00e12e8b_3268,11602.356
00e12e8b_3269,11602.355
00e12e8b_3270,11602.349
00e12e8b_3271,11602.351
00e12e8b_3272,11602.397
00e12e8b_3273,11602.36
00e12e8b_3274,11602.333
00e12e8b_3275,11602.384
00e12e8b_3276,11602.38
00e12e8b_3277,11602.321
00e12e8b_3278,11602.369
00e12e8b_3279,11602.303
00e12e8b_3280,11602.357
00e12e8b_3281,11602.346
00e12e8b_3282,11602.354
00e12e8b_3283,11602.404
00e12e8b_3284,11602.341
00e12e8b_3285,11602.375
00e12e8b_3286,11602.381
00e12e8b_3287,11602.324
00e12e8b_3288,11602.331
00e12e8b_3289,11602.36
00e12e8b_3290,11602.582
00e12e8b_3291,11602.804
00e12e8b_3292,11602.765
00e12e8b_3293,11602.818
00e12e8b_3294,11602.86
00e12e8b_3295,11603.414
00e12e8b_3296,11603.412
00e12e8b_3297,11603.379
00e12e8b_3298,11603.42
00e12e8b_3299,11603.495
00e12e8b_3300,11603.491
00e12e8b_3301,11603.543
00e12e8b_3302,11603.569
00e12e8b_3303,11603.598
00e12e8b_3304,11603.578
00e12e8b_3305,11603.521
00e12e8b_3306,11603.609
00e12e8b_3307,11603.579
00e12e8b_3308,11603.567
00e12e8b_3309,11603.568
00e12e8b_3310,11603.879
00e12e8b_3311,11603.8125
00e12e8b_3312,11603.883
00e12e8b_3313,11603.913
00e12e8b_3314,11603.878
00e12e8b_3315,11604.112
00e12e8b_3316,11604.16
00e12e8b_3317,11604.169
00e12e8b_3318,11604.476
00e12e8b_3319,11604.451
00e12e8b_3320,11604.521
00e12e8b_3321,11604.522
00e12e8b_3322,11604.639
00e12e8b_3323,11604.676
00e12e8b_3324,11604.601
00e12e8b_3325,11604.729
00e12e8b_3326,11604.713
00e12e8b_3327,11604.729
00e12e8b_3328,11604.724
00e12e8b_3329,11604.689
00e12e8b_3330,11604.733
00e12e8b_3331,11604.6875
00e12e8b_3332,11604.677
00e12e8b_3333,11604.74
00e12e8b_3334,11604.702
00e12e8b_3335,11604.6875
00e12e8b_3336,11604.751
00e12e8b_3337,11604.691
00e12e8b_3338,11604.678
00e12e8b_3339,11604.737
00e12e8b_3340,11604.717
00e12e8b_3341,11604.781
00e12e8b_3342,11604.704
00e12e8b_3343,11604.705
00e12e8b_3344,11604.837
00e12e8b_3345,11604.701
00e12e8b_3346,11604.75
00e12e8b_3347,11604.917
00e12e8b_3348,11604.832
00e12e8b_3349,11604.847
00e12e8b_3350,11604.836
00e12e8b_3351,11604.776
00e12e8b_3352,11604.8125
00e12e8b_3353,11604.737
00e12e8b_3354,11604.829
00e12e8b_3355,11604.884
00e12e8b_3356,11604.837
00e12e8b_3357,11604.818
00e12e8b_3358,11604.846
00e12e8b_3359,11604.83
00e12e8b_3360,11604.8545
00e12e8b_3361,11604.795
00e12e8b_3362,11604.826
00e12e8b_3363,11604.868
00e12e8b_3364,11604.835
00e12e8b_3365,11604.856
00e12e8b_3366,11604.849
00e12e8b_3367,11604.834
00e12e8b_3368,11604.89
00e12e8b_3369,11604.836
00e12e8b_3370,11604.928
00e12e8b_3371,11604.827
00e12e8b_3372,11604.68
00e12e8b_3373,11604.738
00e12e8b_3374,11604.648
00e12e8b_3375,11604.737
00e12e8b_3376,11604.674
00e12e8b_3377,11604.758
00e12e8b_3378,11604.688
00e12e8b_3379,11604.691
00e12e8b_3380,11604.715
00e12e8b_3381,11604.637
00e12e8b_3382,11604.708
00e12e8b_3383,11604.674
00e12e8b_3384,11604.718
00e12e8b_3385,11604.659
00e12e8b_3386,11604.664
00e12e8b_3387,11604.632
00e12e8b_3388,11604.659
00e12e8b_3389,11604.666
00e12e8b_3390,11604.686
00e12e8b_3391,11604.654
00e12e8b_3392,11604.714
00e12e8b_3393,11604.724
00e12e8b_3394,11604.658
00e12e8b_3395,11604.714
00e12e8b_3396,11604.676
00e12e8b_3397,11604.676
00e12e8b_3398,11604.676
00e12e8b_3399,11604.676
00e12e8b_3400,11604.678
00e12e8b_3401,11604.681
00e12e8b_3402,11604.705
00e12e8b_3403,11604.648
00e12e8b_3404,11604.676
00e12e8b_3405,11604.666
00e12e8b_3406,11604.614
00e12e8b_3407,11604.526
00e12e8b_3408,11604.544
00e12e8b_3409,11604.521
00e12e8b_3410,11604.514
00e12e8b_3411,11604.466
00e12e8b_3412,11604.53
00e12e8b_3413,11604.52
00e12e8b_3414,11604.511
00e12e8b_3415,11604.5205
00e12e8b_3416,11604.533
00e12e8b_3417,11604.568
00e12e8b_3418,11604.565
00e12e8b_3419,11604.502
00e12e8b_3420,11604.551
00e12e8b_3421,11604.879
00e12e8b_3422,11604.888
00e12e8b_3423,11604.862
00e12e8b_3424,11604.85
00e12e8b_3425,11604.872
00e12e8b_3426,11604.871
00e12e8b_3427,11604.851
00e12e8b_3428,11604.829
00e12e8b_3429,11604.832
00e12e8b_3430,11604.827
00e12e8b_3431,11604.822
00e12e8b_3432,11604.872
00e12e8b_3433,11604.712
00e12e8b_3434,11604.735
00e12e8b_3435,11604.649
00e12e8b_3436,11604.667
00e12e8b_3437,11604.673
00e12e8b_3438,11604.661
00e12e8b_3439,11604.697
00e12e8b_3440,11604.819
00e12e8b_3441,11604.701
00e12e8b_3442,11604.7
00e12e8b_3443,11604.718
00e12e8b_3444,11604.686
00e12e8b_3445,11604.791
00e12e8b_3446,11604.642
00e12e8b_3447,11604.645
00e12e8b_3448,11604.735
00e12e8b_3449,11604.54
00e12e8b_3450,11604.494
00e12e8b_3451,11604.397
00e12e8b_3452,11604.525
00e12e8b_3453,11604.409
00e12e8b_3454,11604.416
00e12e8b_3455,11604.522
00e12e8b_3456,11604.371
00e12e8b_3457,11604.454
00e12e8b_3458,11604.33
00e12e8b_3459,11604.329
00e12e8b_3460,11604.467
00e12e8b_3461,11604.226
00e12e8b_3462,11604.242
00e12e8b_3463,11604.156
00e12e8b_3464,11604.181
00e12e8b_3465,11604.015
00e12e8b_3466,11603.993
00e12e8b_3467,11603.879
00e12e8b_3468,11603.999
00e12e8b_3469,11603.887
00e12e8b_3470,11604.015
00e12e8b_3471,11603.913
00e12e8b_3472,11603.998
00e12e8b_3473,11603.983
00e12e8b_3474,11603.864
00e12e8b_3475,11603.937
00e12e8b_3476,11603.832
00e12e8b_3477,11603.925
00e12e8b_3478,11603.903
00e12e8b_3479,11603.851
00e12e8b_3480,11603.951
00e12e8b_3481,11603.794
00e12e8b_3482,11603.688
00e12e8b_3483,11603.727
00e12e8b_3484,11603.724
00e12e8b_3485,11603.712
00e12e8b_3486,11603.627
00e12e8b_3487,11603.697
00e12e8b_3488,11603.7
00e12e8b_3489,11603.689
00e12e8b_3490,11603.581
00e12e8b_3491,11603.697
00e12e8b_3492,11603.676
00e12e8b_3493,11603.685
00e12e8b_3494,11603.732
00e12e8b_3495,11603.619
00e12e8b_3496,11603.691
00e12e8b_3497,11603.747
00e12e8b_3498,11603.704
00e12e8b_3499,11603.725
00e12e8b_3500,11603.714
00e12e8b_3501,11603.692
00e12e8b_3502,11603.712
00e12e8b_3503,11603.673
00e12e8b_3504,11603.574
00e12e8b_3505,11603.6875
00e12e8b_3506,11603.722
00e12e8b_3507,11603.718
00e12e8b_3508,11603.696
00e12e8b_3509,11603.651
00e12e8b_3510,11603.6455
00e12e8b_3511,11603.668
00e12e8b_3512,11603.678
00e12e8b_3513,11603.525
00e12e8b_3514,11603.534
00e12e8b_3515,11603.58
00e12e8b_3516,11603.484
00e12e8b_3517,11603.506
00e12e8b_3518,11603.528
00e12e8b_3519,11603.441
00e12e8b_3520,11603.442
00e12e8b_3521,11603.445
00e12e8b_3522,11603.424
00e12e8b_3523,11603.378
00e12e8b_3524,11603.895
00e12e8b_3525,11603.757
00e12e8b_3526,11603.725
00e12e8b_3527,11603.72
00e12e8b_3528,11603.74
00e12e8b_3529,11603.741
00e12e8b_3530,11603.864
00e12e8b_3531,11603.741
00e12e8b_3532,11603.744
00e12e8b_3533,11603.781
00e12e8b_3534,11603.868
00e12e8b_3535,11603.763
00e12e8b_3536,11603.764
00e12e8b_3537,11603.9
00e12e8b_3538,11603.756
00e12e8b_3539,11603.755
00e12e8b_3540,11603.722
00e12e8b_3541,11603.872
00e12e8b_3542,11603.701
00e12e8b_3543,11603.853
00e12e8b_3544,11603.724
00e12e8b_3545,11603.7295
00e12e8b_3546,11603.881
00e12e8b_3547,11603.746
00e12e8b_3548,11603.767
00e12e8b_3549,11603.859
00e12e8b_3550,11603.738
00e12e8b_3551,11603.787
00e12e8b_3552,11603.756
00e12e8b_3553,11603.775
00e12e8b_3554,11603.714
00e12e8b_3555,11603.766
00e12e8b_3556,11603.713
00e12e8b_3557,11603.692
00e12e8b_3558,11603.625
00e12e8b_3559,11603.725
00e12e8b_3560,11603.65
00e12e8b_3561,11603.709
00e12e8b_3562,11603.643
00e12e8b_3563,11603.694
00e12e8b_3564,11603.702
00e12e8b_3565,11603.538
00e12e8b_3566,11603.589
00e12e8b_3567,11603.47
00e12e8b_3568,11603.571
00e12e8b_3569,11603.608
00e12e8b_3570,11603.537
00e12e8b_3571,11603.591
00e12e8b_3572,11603.569
00e12e8b_3573,11603.446
00e12e8b_3574,11603.47
00e12e8b_3575,11603.465
00e12e8b_3576,11603.378
00e12e8b_3577,11603.468
00e12e8b_3578,11603.448
00e12e8b_3579,11603.382
00e12e8b_3580,11603.441
00e12e8b_3581,11603.37
00e12e8b_3582,11603.303
00e12e8b_3583,11603.398
00e12e8b_3584,11603.25
00e12e8b_3585,11603.168
00e12e8b_3586,11603.301
00e12e8b_3587,11603.253
00e12e8b_3588,11603.212
00e12e8b_3589,11603.126
00e12e8b_3590,11603.164
00e12e8b_3591,11603.132
00e12e8b_3592,11603.044
00e12e8b_3593,11603.096
00e12e8b_3594,11602.782
00e12e8b_3595,11602.71
00e12e8b_3596,11602.623
00e12e8b_3597,11602.703
00e12e8b_3598,11602.646
00e12e8b_3599,11602.537
00e12e8b_3600,11602.568
00e12e8b_3601,11602.445
00e12e8b_3602,11602.358
00e12e8b_3603,11602.4
00e12e8b_3604,11602.091
00e12e8b_3605,11602.008
00e12e8b_3606,11601.827
00e12e8b_3607,11601.803
00e12e8b_3608,11601.8545
00e12e8b_3609,11601.915
00e12e8b_3610,11601.754
00e12e8b_3611,11601.683
00e12e8b_3612,11601.678
00e12e8b_3613,11601.613
00e12e8b_3614,11601.498
00e12e8b_3615,11601.555
00e12e8b_3616,11601.548
00e12e8b_3617,11601.584
00e12e8b_3618,11601.513
00e12e8b_3619,11601.515
00e12e8b_3620,11601.485
00e12e8b_3621,11601.4795
00e12e8b_3622,11601.4
00e12e8b_3623,11601.381
00e12e8b_3624,11601.46
00e12e8b_3625,11601.446
00e12e8b_3626,11601.315
00e12e8b_3627,11602.228
00e12e8b_3628,11602.208
00e12e8b_3629,11602.177
00e12e8b_3630,11602.0205
00e12e8b_3631,11601.953
00e12e8b_3632,11602.0
00e12e8b_3633,11602.034
00e12e8b_3634,11602.038
00e12e8b_3635,11602.008
00e12e8b_3636,11601.96
00e12e8b_3637,11602.016
00e12e8b_3638,11601.993
00e12e8b_3639,11601.997
00e12e8b_3640,11602.013
00e12e8b_3641,11601.963
00e12e8b_3642,11602.001
00e12e8b_3643,11601.986
00e12e8b_3644,11601.958
00e12e8b_3645,11601.937
00e12e8b_3646,11601.783
00e12e8b_3647,11601.809
00e12e8b_3648,11601.869
00e12e8b_3649,11601.86
00e12e8b_3650,11601.785
00e12e8b_3651,11601.84
00e12e8b_3652,11601.79
00e12e8b_3653,11601.802
00e12e8b_3654,11601.818
00e12e8b_3655,11601.88
00e12e8b_3656,11601.793
00e12e8b_3657,11601.68
00e12e8b_3658,11601.647
00e12e8b_3659,11601.628
00e12e8b_3660,11601.6045
00e12e8b_3661,11601.626
00e12e8b_3662,11601.642
00e12e8b_3663,11601.617
00e12e8b_3664,11601.604
00e12e8b_3665,11601.532
00e12e8b_3666,11601.56
00e12e8b_3667,11601.524
00e12e8b_3668,11601.494
00e12e8b_3669,11601.461
00e12e8b_3670,11601.409
00e12e8b_3671,11601.368
00e12e8b_3672,11601.357
00e12e8b_3673,11601.364
00e12e8b_3674,11601.318
00e12e8b_3675,11601.202
00e12e8b_3676,11601.229
00e12e8b_3677,11600.997
00e12e8b_3678,11600.909
00e12e8b_3679,11600.968
00e12e8b_3680,11600.818
00e12e8b_3681,11600.728
00e12e8b_3682,11600.741
00e12e8b_3683,11600.721
00e12e8b_3684,11600.67
00e12e8b_3685,11600.661
00e12e8b_3686,11600.64
00e12e8b_3687,11600.522
00e12e8b_3688,11600.519
00e12e8b_3689,11600.529
00e12e8b_3690,11600.502
00e12e8b_3691,11600.499
00e12e8b_3692,11600.472
00e12e8b_3693,11600.439
00e12e8b_3694,11600.489
00e12e8b_3695,11600.514
00e12e8b_3696,11600.482
00e12e8b_3697,11600.46
00e12e8b_3698,11600.42
00e12e8b_3699,11600.363
00e12e8b_3700,11600.33
00e12e8b_3701,11600.287
00e12e8b_3702,11600.246
00e12e8b_3703,11600.196
00e12e8b_3704,11600.233
00e12e8b_3705,11600.063
00e12e8b_3706,11600.028
00e12e8b_3707,11600.025
00e12e8b_3708,11600.004
00e12e8b_3709,11600.004
00e12e8b_3710,11599.993
00e12e8b_3711,11600.013
00e12e8b_3712,11600.031
00e12e8b_3713,11600.01
00e12e8b_3714,11599.961
00e12e8b_3715,11599.868
00e12e8b_3716,11599.896
00e12e8b_3717,11599.923
00e12e8b_3718,11599.7
00e12e8b_3719,11599.611
00e12e8b_3720,11599.539
00e12e8b_3721,11599.506
00e12e8b_3722,11599.427
00e12e8b_3723,11599.411
00e12e8b_3724,11599.432
00e12e8b_3725,11599.244
00e12e8b_3726,11599.178
00e12e8b_3727,11599.113
00e12e8b_3728,11599.012
00e12e8b_3729,11599.008
00e12e8b_3730,11598.967
00e12e8b_3731,11600.259
00e12e8b_3732,11600.299
00e12e8b_3733,11600.232
00e12e8b_3734,11600.304
00e12e8b_3735,11600.151
00e12e8b_3736,11600.134
00e12e8b_3737,11600.096
00e12e8b_3738,11600.054
00e12e8b_3739,11600.001
00e12e8b_3740,11599.934
00e12e8b_3741,11600.007
00e12e8b_3742,11599.829
00e12e8b_3743,11599.884
00e12e8b_3744,11599.806
00e12e8b_3745,11599.844
00e12e8b_3746,11599.778
00e12e8b_3747,11599.78
00e12e8b_3748,11599.747
00e12e8b_3749,11599.77
00e12e8b_3750,11599.755
00e12e8b_3751,11599.653
00e12e8b_3752,11599.729
00e12e8b_3753,11599.658
00e12e8b_3754,11599.657
00e12e8b_3755,11599.439
00e12e8b_3756,11599.499
00e12e8b_3757,11599.432
00e12e8b_3758,11599.368
00e12e8b_3759,11599.405
00e12e8b_3760,11599.29
00e12e8b_3761,11599.144
00e12e8b_3762,11599.063
00e12e8b_3763,11598.972
00e12e8b_3764,11598.992
00e12e8b_3765,11598.905
00e12e8b_3766,11598.855
00e12e8b_3767,11598.88
00e12e8b_3768,11598.7
00e12e8b_3769,11598.726
00e12e8b_3770,11598.647
00e12e8b_3771,11598.66
00e12e8b_3772,11598.602
00e12e8b_3773,11598.539
00e12e8b_3774,11598.553
00e12e8b_3775,11598.4795
00e12e8b_3776,11598.572
00e12e8b_3777,11598.512
00e12e8b_3778,11598.519
00e12e8b_3779,11598.625
00e12e8b_3780,11598.563
00e12e8b_3781,11598.559
00e12e8b_3782,11598.528
00e12e8b_3783,11598.56
00e12e8b_3784,11598.529
00e12e8b_3785,11598.568
00e12e8b_3786,11598.487
00e12e8b_3787,11598.539
00e12e8b_3788,11598.624
00e12e8b_3789,11598.644
00e12e8b_3790,11598.772
00e12e8b_3791,11598.838
00e12e8b_3792,11598.755
00e12e8b_3793,11598.86
00e12e8b_3794,11598.914
00e12e8b_3795,11598.746
00e12e8b_3796,11598.639
00e12e8b_3797,11598.653
00e12e8b_3798,11598.621
00e12e8b_3799,11598.516
00e12e8b_3800,11598.479
00e12e8b_3801,11598.506
00e12e8b_3802,11598.576
00e12e8b_3803,11598.584
00e12e8b_3804,11598.638
00e12e8b_3805,11598.654
00e12e8b_3806,11598.732
00e12e8b_3807,11598.732
00e12e8b_3808,11598.788
00e12e8b_3809,11598.755
00e12e8b_3810,11598.793
00e12e8b_3811,11598.829
00e12e8b_3812,11598.765
00e12e8b_3813,11598.819
00e12e8b_3814,11598.73
00e12e8b_3815,11598.748
00e12e8b_3816,11598.721
00e12e8b_3817,11598.685
00e12e8b_3818,11598.678
00e12e8b_3819,11598.622
00e12e8b_3820,11598.611
00e12e8b_3821,11598.662
00e12e8b_3822,11598.594
00e12e8b_3823,11598.56
00e12e8b_3824,11598.579
00e12e8b_3825,11598.395
00e12e8b_3826,11598.335
00e12e8b_3827,11598.402
00e12e8b_3828,11598.329
00e12e8b_3829,11598.298
00e12e8b_3830,11598.285
00e12e8b_3831,11598.256
00e12e8b_3832,11598.197
00e12e8b_3833,11598.245
00e12e8b_3834,11598.777
00e12e8b_3835,11598.776
00e12e8b_3836,11598.845
00e12e8b_3837,11598.724
00e12e8b_3838,11598.683
00e12e8b_3839,11598.724
00e12e8b_3840,11598.673
00e12e8b_3841,11598.69
00e12e8b_3842,11598.71
00e12e8b_3843,11598.786
00e12e8b_3844,11598.709
00e12e8b_3845,11598.701
00e12e8b_3846,11598.755
00e12e8b_3847,11598.691
00e12e8b_3848,11598.691
00e12e8b_3849,11598.656
00e12e8b_3850,11598.718
00e12e8b_3851,11598.629
00e12e8b_3852,11598.549
00e12e8b_3853,11598.504
00e12e8b_3854,11598.5205
00e12e8b_3855,11598.56
00e12e8b_3856,11598.485
00e12e8b_3857,11598.535
00e12e8b_3858,11598.491
00e12e8b_3859,11598.498
00e12e8b_3860,11598.422
00e12e8b_3861,11598.311
00e12e8b_3862,11598.284
00e12e8b_3863,11598.296
00e12e8b_3864,11598.221
00e12e8b_3865,11598.123
00e12e8b_3866,11598.076
00e12e8b_3867,11598.129
00e12e8b_3868,11598.054
00e12e8b_3869,11598.032
00e12e8b_3870,11597.937
00e12e8b_3871,11597.999
00e12e8b_3872,11597.935
00e12e8b_3873,11598.0
00e12e8b_3874,11597.989
00e12e8b_3875,11597.95
00e12e8b_3876,11597.863
00e12e8b_3877,11597.887
00e12e8b_3878,11597.905
00e12e8b_3879,11597.899
00e12e8b_3880,11597.892
00e12e8b_3881,11597.826
00e12e8b_3882,11597.825
00e12e8b_3883,11597.791
00e12e8b_3884,11597.808
00e12e8b_3885,11597.861
00e12e8b_3886,11597.69
00e12e8b_3887,11597.6
00e12e8b_3888,11597.368
00e12e8b_3889,11597.353
00e12e8b_3890,11597.318
00e12e8b_3891,11597.341
00e12e8b_3892,11597.392
00e12e8b_3893,11597.345
00e12e8b_3894,11597.335
00e12e8b_3895,11597.364
00e12e8b_3896,11597.303
00e12e8b_3897,11597.3125
00e12e8b_3898,11597.34
00e12e8b_3899,11597.306
00e12e8b_3900,11597.264
00e12e8b_3901,11597.277
00e12e8b_3902,11597.158
00e12e8b_3903,11597.001
00e12e8b_3904,11597.05
00e12e8b_3905,11596.907
00e12e8b_3906,11596.894
00e12e8b_3907,11596.764
00e12e8b_3908,11596.42
00e12e8b_3909,11596.452
00e12e8b_3910,11596.45
00e12e8b_3911,11596.347
00e12e8b_3912,11596.308
00e12e8b_3913,11596.179
00e12e8b_3914,11596.213
00e12e8b_3915,11596.231
00e12e8b_3916,11596.18
00e12e8b_3917,11596.159
00e12e8b_3918,11596.082
00e12e8b_3919,11595.956
00e12e8b_3920,11595.998
00e12e8b_3921,11595.951
00e12e8b_3922,11595.885
00e12e8b_3923,11595.829
00e12e8b_3924,11595.783
00e12e8b_3925,11595.738
00e12e8b_3926,11595.6455
00e12e8b_3927,11595.641
00e12e8b_3928,11595.541
00e12e8b_3929,11595.488
00e12e8b_3930,11595.477
00e12e8b_3931,11595.419
00e12e8b_3932,11595.42
00e12e8b_3933,11595.429
00e12e8b_3934,11595.396
00e12e8b_3935,11595.477
00e12e8b_3936,11595.396
00e12e8b_3937,11596.828
00e12e8b_3938,11596.822
00e12e8b_3939,11596.716
00e12e8b_3940,11596.595
00e12e8b_3941,11596.251
00e12e8b_3942,11596.332
00e12e8b_3943,11596.282
00e12e8b_3944,11596.253
00e12e8b_3945,11596.1455
00e12e8b_3946,11596.112
00e12e8b_3947,11596.119
00e12e8b_3948,11596.028
00e12e8b_3949,11596.09
00e12e8b_3950,11596.036
00e12e8b_3951,11596.056
00e12e8b_3952,11595.929
00e12e8b_3953,11595.963
00e12e8b_3954,11595.907
00e12e8b_3955,11595.808
00e12e8b_3956,11595.75
00e12e8b_3957,11595.717
00e12e8b_3958,11595.63
00e12e8b_3959,11595.602
00e12e8b_3960,11595.633
00e12e8b_3961,11595.566
00e12e8b_3962,11595.449
00e12e8b_3963,11595.436
00e12e8b_3964,11595.396
00e12e8b_3965,11595.343
00e12e8b_3966,11595.514
00e12e8b_3967,11595.462
00e12e8b_3968,11595.387
00e12e8b_3969,11595.443
00e12e8b_3970,11595.431
00e12e8b_3971,11595.42
00e12e8b_3972,11595.416
00e12e8b_3973,11595.427
00e12e8b_3974,11595.331
00e12e8b_3975,11595.253
00e12e8b_3976,11595.163
00e12e8b_3977,11595.149
00e12e8b_3978,11595.273
00e12e8b_3979,11595.184
00e12e8b_3980,11595.193
00e12e8b_3981,11595.042
00e12e8b_3982,11595.034
00e12e8b_3983,11595.042
00e12e8b_3984,11595.007
00e12e8b_3985,11594.945
00e12e8b_3986,11594.873
00e12e8b_3987,11594.93
00e12e8b_3988,11594.984
00e12e8b_3989,11594.978
00e12e8b_3990,11594.942
00e12e8b_3991,11594.891
00e12e8b_3992,11594.922
00e12e8b_3993,11594.856
00e12e8b_3994,11594.891
00e12e8b_3995,11594.923
00e12e8b_3996,11594.865
00e12e8b_3997,11594.858
00e12e8b_3998,11594.866
00e12e8b_3999,11594.874
00e12e8b_4000,11594.877
00e12e8b_4001,11594.875
00e12e8b_4002,11594.897
00e12e8b_4003,11594.891
00e12e8b_4004,11594.795
00e12e8b_4005,11594.75
00e12e8b_4006,11594.623
00e12e8b_4007,11594.545
00e12e8b_4008,11594.54
00e12e8b_4009,11594.53
00e12e8b_4010,11594.476
00e12e8b_4011,11594.361
00e12e8b_4012,11594.333
00e12e8b_4013,11594.287
00e12e8b_4014,11594.239
00e12e8b_4015,11594.151
00e12e8b_4016,11594.151
00e12e8b_4017,11594.159
00e12e8b_4018,11594.189
00e12e8b_4019,11594.128
00e12e8b_4020,11594.077
00e12e8b_4021,11594.01
00e12e8b_4022,11593.796
00e12e8b_4023,11593.72
00e12e8b_4024,11593.699
00e12e8b_4025,11593.63
00e12e8b_4026,11593.584
00e12e8b_4027,11593.614
00e12e8b_4028,11593.406
00e12e8b_4029,11593.521
00e12e8b_4030,11593.564
00e12e8b_4031,11593.495
00e12e8b_4032,11593.4375
00e12e8b_4033,11593.407
00e12e8b_4034,11593.423
00e12e8b_4035,11593.311
00e12e8b_4036,11593.3125
00e12e8b_4037,11593.375
00e12e8b_4038,11593.326
00e12e8b_4039,11594.34
00e12e8b_4040,11594.261
00e12e8b_4041,11594.15
00e12e8b_4042,11594.096
00e12e8b_4043,11594.105
00e12e8b_4044,11594.008
00e12e8b_4045,11594.047
00e12e8b_4046,11593.919
00e12e8b_4047,11593.873
00e12e8b_4048,11593.846
00e12e8b_4049,11593.7295
00e12e8b_4050,11593.611
00e12e8b_4051,11593.582
00e12e8b_4052,11593.64
00e12e8b_4053,11593.441
00e12e8b_4054,11593.438
00e12e8b_4055,11593.358
00e12e8b_4056,11593.384
00e12e8b_4057,11593.372
00e12e8b_4058,11593.405
00e12e8b_4059,11593.362
00e12e8b_4060,11593.316
00e12e8b_4061,11593.325
00e12e8b_4062,11593.263
00e12e8b_4063,11593.212
00e12e8b_4064,11593.159
00e12e8b_4065,11593.209
00e12e8b_4066,11593.149
00e12e8b_4067,11593.198
00e12e8b_4068,11593.203
00e12e8b_4069,11593.172
00e12e8b_4070,11593.123
00e12e8b_4071,11593.146
00e12e8b_4072,11593.197
00e12e8b_4073,11593.104
00e12e8b_4074,11593.177
00e12e8b_4075,11593.125
00e12e8b_4076,11593.164
00e12e8b_4077,11593.105
00e12e8b_4078,11593.075
00e12e8b_4079,11592.991
00e12e8b_4080,11592.977
00e12e8b_4081,11592.992
00e12e8b_4082,11592.914
00e12e8b_4083,11592.949
00e12e8b_4084,11592.9
00e12e8b_4085,11592.869
00e12e8b_4086,11592.837
00e12e8b_4087,11592.8545
00e12e8b_4088,11592.915
00e12e8b_4089,11592.86
00e12e8b_4090,11592.881
00e12e8b_4091,11592.814
00e12e8b_4092,11592.756
00e12e8b_4093,11592.761
00e12e8b_4094,11592.755
00e12e8b_4095,11592.744
00e12e8b_4096,11592.775
00e12e8b_4097,11592.714
00e12e8b_4098,11592.69
00e12e8b_4099,11592.597
00e12e8b_4100,11592.717
00e12e8b_4101,11592.721
00e12e8b_4102,11592.671
00e12e8b_4103,11592.619
00e12e8b_4104,11592.673
00e12e8b_4105,11592.677
00e12e8b_4106,11592.627
00e12e8b_4107,11592.733
00e12e8b_4108,11592.674
00e12e8b_4109,11592.61
00e12e8b_4110,11592.679
00e12e8b_4111,11592.6875
00e12e8b_4112,11592.576
00e12e8b_4113,11592.569
00e12e8b_4114,11592.604
00e12e8b_4115,11592.513
00e12e8b_4116,11592.509
00e12e8b_4117,11592.556
00e12e8b_4118,11592.502
00e12e8b_4119,11592.518
00e12e8b_4120,11592.444
00e12e8b_4121,11592.52
00e12e8b_4122,11592.458
00e12e8b_4123,11592.463
00e12e8b_4124,11592.44
00e12e8b_4125,11592.497
00e12e8b_4126,11592.5
00e12e8b_4127,11592.443
00e12e8b_4128,11592.426
00e12e8b_4129,11592.476
00e12e8b_4130,11592.47
00e12e8b_4131,11592.456
00e12e8b_4132,11592.458
00e12e8b_4133,11592.473
00e12e8b_4134,11592.455
00e12e8b_4135,11592.457
00e12e8b_4136,11592.373
00e12e8b_4137,11592.476
00e12e8b_4138,11592.438
00e12e8b_4139,11592.361
00e12e8b_4140,11592.45
00e12e8b_4141,11592.416
00e12e8b_4142,11592.542
00e12e8b_4143,11592.602
00e12e8b_4144,11592.507
00e12e8b_4145,11592.587
00e12e8b_4146,11592.431
00e12e8b_4147,11592.408
00e12e8b_4148,11592.461
00e12e8b_4149,11592.438
00e12e8b_4150,11592.597
00e12e8b_4151,11592.494
00e12e8b_4152,11592.445
00e12e8b_4153,11592.476
00e12e8b_4154,11592.386
00e12e8b_4155,11592.451
00e12e8b_4156,11592.538
00e12e8b_4157,11592.449
00e12e8b_4158,11592.421
00e12e8b_4159,11592.49
00e12e8b_4160,11592.437
00e12e8b_4161,11592.387
00e12e8b_4162,11592.372
00e12e8b_4163,11592.421
00e12e8b_4164,11592.35
00e12e8b_4165,11592.382
00e12e8b_4166,11592.439
00e12e8b_4167,11592.377
00e12e8b_4168,11592.358
00e12e8b_4169,11592.39
00e12e8b_4170,11592.387
00e12e8b_4171,11592.345
00e12e8b_4172,11592.324
00e12e8b_4173,11592.388
00e12e8b_4174,11592.333
00e12e8b_4175,11592.427
00e12e8b_4176,11592.384
00e12e8b_4177,11592.357
00e12e8b_4178,11592.301
00e12e8b_4179,11592.297
00e12e8b_4180,11592.285
00e12e8b_4181,11592.321
00e12e8b_4182,11592.39
00e12e8b_4183,11592.366
00e12e8b_4184,11592.366
00e12e8b_4185,11592.343
00e12e8b_4186,11592.392
00e12e8b_4187,11592.36
00e12e8b_4188,11592.369
00e12e8b_4189,11592.348
00e12e8b_4190,11592.347
00e12e8b_4191,11592.269
00e12e8b_4192,11592.363
00e12e8b_4193,11592.404
00e12e8b_4194,11592.399
00e12e8b_4195,11592.368
00e12e8b_4196,11592.417
00e12e8b_4197,11592.3545
00e12e8b_4198,11592.315
00e12e8b_4199,11592.289
00e12e8b_4200,11592.363
00e12e8b_4201,11592.336
00e12e8b_4202,11592.354
00e12e8b_4203,11592.3
00e12e8b_4204,11592.315
00e12e8b_4205,11592.29
00e12e8b_4206,11592.25
00e12e8b_4207,11592.293
00e12e8b_4208,11592.253
00e12e8b_4209,11592.361
00e12e8b_4210,11592.298
00e12e8b_4211,11592.328
00e12e8b_4212,11592.285
00e12e8b_4213,11592.255
00e12e8b_4214,11592.3125
00e12e8b_4215,11592.265
00e12e8b_4216,11592.24
00e12e8b_4217,11592.309
00e12e8b_4218,11592.355
00e12e8b_4219,11592.264
00e12e8b_4220,11592.301
00e12e8b_4221,11592.329
00e12e8b_4222,11592.274
00e12e8b_4223,11592.329
00e12e8b_4224,11592.272
00e12e8b_4225,11592.281
00e12e8b_4226,11592.224
00e12e8b_4227,11592.286
00e12e8b_4228,11592.286
00e12e8b_4229,11592.29
00e12e8b_4230,11592.291
00e12e8b_4231,11592.225
00e12e8b_4232,11592.29
00e12e8b_4233,11592.265
00e12e8b_4234,11592.342
00e12e8b_4235,11592.269
00e12e8b_4236,11592.418
00e12e8b_4237,11592.353
00e12e8b_4238,11592.371
00e12e8b_4239,11592.345
00e12e8b_4240,11592.375
00e12e8b_4241,11592.314
00e12e8b_4242,11592.384
00e12e8b_4243,11592.313
00e12e8b_4244,11592.361
00e12e8b_4245,11592.752
00e12e8b_4246,11592.809
00e12e8b_4247,11592.819
00e12e8b_4248,11592.767
00e12e8b_4249,11592.86
00e12e8b_4250,11592.745
00e12e8b_4251,11592.871
00e12e8b_4252,11592.741
00e12e8b_4253,11592.82
00e12e8b_4254,11592.784
00e12e8b_4255,11592.841
00e12e8b_4256,11592.788
00e12e8b_4257,11592.919
00e12e8b_4258,11592.89
00e12e8b_4259,11592.853
00e12e8b_4260,11592.802
00e12e8b_4261,11592.86
00e12e8b_4262,11592.813
00e12e8b_4263,11592.861
00e12e8b_4264,11592.784
00e12e8b_4265,11592.853
00e12e8b_4266,11592.8125
00e12e8b_4267,11592.847
00e12e8b_4268,11592.856
00e12e8b_4269,11592.883
00e12e8b_4270,11592.85
00e12e8b_4271,11592.899
00e12e8b_4272,11592.896
00e12e8b_4273,11592.843
00e12e8b_4274,11592.972
00e12e8b_4275,11592.893
00e12e8b_4276,11592.925
00e12e8b_4277,11592.881
00e12e8b_4278,11592.933
00e12e8b_4279,11592.911
00e12e8b_4280,11593.0205
00e12e8b_4281,11592.906
00e12e8b_4282,11592.943
00e12e8b_4283,11592.968
00e12e8b_4284,11593.056
00e12e8b_4285,11593.078
00e12e8b_4286,11593.117
00e12e8b_4287,11593.071
00e12e8b_4288,11593.114
00e12e8b_4289,11593.124
00e12e8b_4290,11593.077
00e12e8b_4291,11593.063
00e12e8b_4292,11593.032
00e12e8b_4293,11593.099
00e12e8b_4294,11593.056
00e12e8b_4295,11593.055
00e12e8b_4296,11593.1
00e12e8b_4297,11593.022
00e12e8b_4298,11593.114
00e12e8b_4299,11593.005
00e12e8b_4300,11593.136
00e12e8b_4301,11593.122
00e12e8b_4302,11593.179
00e12e8b_4303,11593.194
00e12e8b_4304,11593.17
00e12e8b_4305,11593.23
00e12e8b_4306,11593.199
00e12e8b_4307,11593.238
00e12e8b_4308,11593.22
00e12e8b_4309,11593.282
00e12e8b_4310,11593.285
00e12e8b_4311,11593.257
00e12e8b_4312,11593.271
00e12e8b_4313,11593.217
00e12e8b_4314,11593.27
00e12e8b_4315,11593.24
00e12e8b_4316,11593.289
00e12e8b_4317,11593.318
00e12e8b_4318,11593.311
00e12e8b_4319,11593.394
00e12e8b_4320,11593.331
00e12e8b_4321,11593.406
00e12e8b_4322,11593.411
00e12e8b_4323,11593.274
00e12e8b_4324,11593.396
00e12e8b_4325,11593.443
00e12e8b_4326,11593.378
00e12e8b_4327,11593.406
00e12e8b_4328,11593.367
00e12e8b_4329,11593.396
00e12e8b_4330,11593.44
00e12e8b_4331,11593.387
00e12e8b_4332,11593.43
00e12e8b_4333,11593.39
00e12e8b_4334,11593.464
00e12e8b_4335,11593.428
00e12e8b_4336,11593.469
00e12e8b_4337,11593.492
00e12e8b_4338,11593.463
00e12e8b_4339,11593.63
00e12e8b_4340,11593.634
00e12e8b_4341,11593.592
00e12e8b_4342,11593.676
00e12e8b_4343,11593.623
00e12e8b_4344,11593.824
00e12e8b_4345,11593.797
00e12e8b_4346,11593.736
00e12e8b_4347,11593.789
00e12e8b_4348,11594.564
00e12e8b_4349,11594.622
00e12e8b_4350,11594.604
00e12e8b_4351,11594.561
00e12e8b_4352,11594.605
00e12e8b_4353,11594.562
00e12e8b_4354,11594.633
00e12e8b_4355,11594.625
00e12e8b_4356,11594.58
00e12e8b_4357,11594.649
00e12e8b_4358,11594.627
00e12e8b_4359,11594.632
00e12e8b_4360,11594.6455
00e12e8b_4361,11594.607
00e12e8b_4362,11594.645
00e12e8b_4363,11594.622
00e12e8b_4364,11594.662
00e12e8b_4365,11594.632
00e12e8b_4366,11594.731
00e12e8b_4367,11594.728
00e12e8b_4368,11594.702
00e12e8b_4369,11594.736
00e12e8b_4370,11594.839
00e12e8b_4371,11594.8545
00e12e8b_4372,11594.799
00e12e8b_4373,11594.778
00e12e8b_4374,11594.781
00e12e8b_4375,11594.757
00e12e8b_4376,11594.785
00e12e8b_4377,11594.725
00e12e8b_4378,11594.764
00e12e8b_4379,11594.663
00e12e8b_4380,11594.71
00e12e8b_4381,11594.76
00e12e8b_4382,11594.866
00e12e8b_4383,11594.914
00e12e8b_4384,11594.889
00e12e8b_4385,11594.933
00e12e8b_4386,11594.819
00e12e8b_4387,11594.909
00e12e8b_4388,11594.842
00e12e8b_4389,11594.948
00e12e8b_4390,11594.888
00e12e8b_4391,11594.89
00e12e8b_4392,11594.924
00e12e8b_4393,11594.899
00e12e8b_4394,11594.938
00e12e8b_4395,11595.009
00e12e8b_4396,11595.064
00e12e8b_4397,11595.023
00e12e8b_4398,11595.066
00e12e8b_4399,11594.949
00e12e8b_4400,11595.05
00e12e8b_4401,11595.04
00e12e8b_4402,11595.134
00e12e8b_4403,11595.09
00e12e8b_4404,11595.035
00e12e8b_4405,11595.206
00e12e8b_4406,11595.157
00e12e8b_4407,11595.206
00e12e8b_4408,11595.091
00e12e8b_4409,11595.205
00e12e8b_4410,11595.112
00e12e8b_4411,11595.211
00e12e8b_4412,11595.194
00e12e8b_4413,11595.281
00e12e8b_4414,11595.246
00e12e8b_4415,11595.305
00e12e8b_4416,11595.205
00e12e8b_4417,11595.295
00e12e8b_4418,11595.252
00e12e8b_4419,11595.292
00e12e8b_4420,11595.238
00e12e8b_4421,11595.307
00e12e8b_4422,11595.295
00e12e8b_4423,11595.341
00e12e8b_4424,11595.345
00e12e8b_4425,11595.302
00e12e8b_4426,11595.364
00e12e8b_4427,11595.306
00e12e8b_4428,11595.305
00e12e8b_4429,11595.267
00e12e8b_4430,11595.351
00e12e8b_4431,11595.289
00e12e8b_4432,11595.318
00e12e8b_4433,11595.275
00e12e8b_4434,11595.336
00e12e8b_4435,11595.291
00e12e8b_4436,11595.304
00e12e8b_4437,11595.29
00e12e8b_4438,11595.304
00e12e8b_4439,11595.4
00e12e8b_4440,11595.338
00e12e8b_4441,11595.393
00e12e8b_4442,11595.389
00e12e8b_4443,11595.348
00e12e8b_4444,11595.402
00e12e8b_4445,11595.35
00e12e8b_4446,11595.399
00e12e8b_4447,11595.403
00e12e8b_4448,11595.319
00e12e8b_4449,11595.385
00e12e8b_4450,11597.005
00e12e8b_4451,11596.946
00e12e8b_4452,11597.007
00e12e8b_4453,11597.01
00e12e8b_4454,11596.961
00e12e8b_4455,11597.005
00e12e8b_4456,11596.993
00e12e8b_4457,11596.954
00e12e8b_4458,11597.005
00e12e8b_4459,11596.99
00e12e8b_4460,11596.951
00e12e8b_4461,11596.968
00e12e8b_4462,11597.008
00e12e8b_4463,11596.96
00e12e8b_4464,11597.03
00e12e8b_4465,11596.966
00e12e8b_4466,11596.98
00e12e8b_4467,11596.97
00e12e8b_4468,11596.982
00e12e8b_4469,11596.932
00e12e8b_4470,11596.994
00e12e8b_4471,11596.868
00e12e8b_4472,11596.953
00e12e8b_4473,11596.942
00e12e8b_4474,11596.937
00e12e8b_4475,11596.814
00e12e8b_4476,11596.8955
00e12e8b_4477,11596.917
00e12e8b_4478,11596.922
00e12e8b_4479,11596.904
00e12e8b_4480,11596.926
00e12e8b_4481,11596.966
00e12e8b_4482,11596.988
00e12e8b_4483,11596.947
00e12e8b_4484,11596.963
00e12e8b_4485,11596.953
00e12e8b_4486,11596.923
00e12e8b_4487,11596.977
00e12e8b_4488,11597.0
00e12e8b_4489,11596.967
00e12e8b_4490,11596.993
00e12e8b_4491,11596.966
00e12e8b_4492,11597.05
00e12e8b_4493,11597.018
00e12e8b_4494,11597.037
00e12e8b_4495,11596.993
00e12e8b_4496,11597.331
00e12e8b_4497,11597.328
00e12e8b_4498,11597.34
00e12e8b_4499,11597.316
00e12e8b_4500,11597.3545
00e12e8b_4501,11597.375
00e12e8b_4502,11597.4795
00e12e8b_4503,11597.407
00e12e8b_4504,11597.525
00e12e8b_4505,11597.471
00e12e8b_4506,11597.521
00e12e8b_4507,11597.47
00e12e8b_4508,11597.493
00e12e8b_4509,11597.449
00e12e8b_4510,11597.472
00e12e8b_4511,11597.419
00e12e8b_4512,11597.447
00e12e8b_4513,11597.409
00e12e8b_4514,11597.457
00e12e8b_4515,11597.44
00e12e8b_4516,11597.495
00e12e8b_4517,11597.529
00e12e8b_4518,11597.523
00e12e8b_4519,11597.53
00e12e8b_4520,11597.495
00e12e8b_4521,11597.499
00e12e8b_4522,11597.537
00e12e8b_4523,11597.503
00e12e8b_4524,11597.573
00e12e8b_4525,11597.549
00e12e8b_4526,11597.533
00e12e8b_4527,11597.54
00e12e8b_4528,11597.561
00e12e8b_4529,11597.517
00e12e8b_4530,11597.523
00e12e8b_4531,11597.585
00e12e8b_4532,11597.514
00e12e8b_4533,11597.523
00e12e8b_4534,11597.501
00e12e8b_4535,11597.536
00e12e8b_4536,11597.52
00e12e8b_4537,11597.61
00e12e8b_4538,11597.569
00e12e8b_4539,11597.588
00e12e8b_4540,11597.578
00e12e8b_4541,11597.618
00e12e8b_4542,11597.566
00e12e8b_4543,11597.562
00e12e8b_4544,11597.586
00e12e8b_4545,11597.608
00e12e8b_4546,11597.591
00e12e8b_4547,11597.54
00e12e8b_4548,11597.616
00e12e8b_4549,11597.555
00e12e8b_4550,11597.623
00e12e8b_4551,11597.656
00e12e8b_4552,11598.184
00e12e8b_4553,11598.294
00e12e8b_4554,11598.218
00e12e8b_4555,11598.236
00e12e8b_4556,11598.316
00e12e8b_4557,11598.214
00e12e8b_4558,11598.274
00e12e8b_4559,11598.239
00e12e8b_4560,11598.294
00e12e8b_4561,11598.221
00e12e8b_4562,11598.335
00e12e8b_4563,11598.253
00e12e8b_4564,11598.339
00e12e8b_4565,11598.319
00e12e8b_4566,11598.381
00e12e8b_4567,11598.323
00e12e8b_4568,11598.359
00e12e8b_4569,11598.319
00e12e8b_4570,11598.338
00e12e8b_4571,11598.36
00e12e8b_4572,11598.283
00e12e8b_4573,11598.315
00e12e8b_4574,11598.302
00e12e8b_4575,11598.309
00e12e8b_4576,11598.293
00e12e8b_4577,11598.293
00e12e8b_4578,11598.313
00e12e8b_4579,11598.342
00e12e8b_4580,11598.291
00e12e8b_4581,11598.341
00e12e8b_4582,11598.327
00e12e8b_4583,11598.292
00e12e8b_4584,11598.281
00e12e8b_4585,11598.322
00e12e8b_4586,11598.347
00e12e8b_4587,11598.378
00e12e8b_4588,11598.339
00e12e8b_4589,11598.407
00e12e8b_4590,11598.396
00e12e8b_4591,11598.396
00e12e8b_4592,11598.35
00e12e8b_4593,11598.41
00e12e8b_4594,11598.357
00e12e8b_4595,11598.412
00e12e8b_4596,11598.388
00e12e8b_4597,11598.414
00e12e8b_4598,11598.431
00e12e8b_4599,11598.412
00e12e8b_4600,11598.418
00e12e8b_4601,11598.428
00e12e8b_4602,11598.435
00e12e8b_4603,11598.441
00e12e8b_4604,11598.4795
00e12e8b_4605,11598.473
00e12e8b_4606,11598.468
00e12e8b_4607,11598.467
00e12e8b_4608,11598.469
00e12e8b_4609,11598.465
00e12e8b_4610,11598.432
00e12e8b_4611,11598.464
00e12e8b_4612,11598.405
00e12e8b_4613,11598.406
00e12e8b_4614,11598.346
00e12e8b_4615,11598.352
00e12e8b_4616,11598.387
00e12e8b_4617,11598.367
00e12e8b_4618,11598.396
00e12e8b_4619,11598.38
00e12e8b_4620,11598.435
00e12e8b_4621,11598.383
00e12e8b_4622,11598.387
00e12e8b_4623,11598.39
00e12e8b_4624,11598.394
00e12e8b_4625,11598.392
00e12e8b_4626,11598.433
00e12e8b_4627,11598.387
00e12e8b_4628,11598.401
00e12e8b_4629,11598.426
00e12e8b_4630,11598.393
00e12e8b_4631,11598.44
00e12e8b_4632,11598.357
00e12e8b_4633,11598.314
00e12e8b_4634,11598.372
00e12e8b_4635,11598.329
00e12e8b_4636,11598.348
00e12e8b_4637,11598.323
00e12e8b_4638,11598.345
00e12e8b_4639,11598.368
00e12e8b_4640,11598.372
00e12e8b_4641,11598.39
00e12e8b_4642,11598.411
00e12e8b_4643,11598.355
00e12e8b_4644,11598.34
00e12e8b_4645,11598.357
00e12e8b_4646,11598.348
00e12e8b_4647,11598.378
00e12e8b_4648,11598.343
00e12e8b_4649,11598.373
00e12e8b_4650,11598.325
00e12e8b_4651,11598.288
00e12e8b_4652,11598.416
00e12e8b_4653,11598.342
00e12e8b_4654,11598.412
00e12e8b_4655,11599.006
00e12e8b_4656,11598.98
00e12e8b_4657,11598.985
00e12e8b_4658,11598.968
00e12e8b_4659,11599.008
00e12e8b_4660,11598.936
00e12e8b_4661,11598.983
00e12e8b_4662,11598.974
00e12e8b_4663,11598.959
00e12e8b_4664,11598.954
00e12e8b_4665,11598.959
00e12e8b_4666,11598.892
00e12e8b_4667,11598.919
00e12e8b_4668,11598.913
00e12e8b_4669,11598.836
00e12e8b_4670,11598.965
00e12e8b_4671,11598.945
00e12e8b_4672,11598.952
00e12e8b_4673,11598.947
00e12e8b_4674,11598.971
00e12e8b_4675,11598.968
00e12e8b_4676,11598.957
00e12e8b_4677,11599.016
00e12e8b_4678,11599.042
00e12e8b_4679,11599.215
00e12e8b_4680,11599.184
00e12e8b_4681,11599.139
00e12e8b_4682,11599.137
00e12e8b_4683,11599.16
00e12e8b_4684,11599.153
00e12e8b_4685,11599.192
00e12e8b_4686,11599.232
00e12e8b_4687,11599.257
00e12e8b_4688,11599.138
00e12e8b_4689,11599.144
00e12e8b_4690,11599.154
00e12e8b_4691,11599.174
00e12e8b_4692,11599.244
00e12e8b_4693,11599.235
00e12e8b_4694,11599.195
00e12e8b_4695,11599.262
00e12e8b_4696,11599.196
00e12e8b_4697,11599.171
00e12e8b_4698,11599.184
00e12e8b_4699,11599.286
00e12e8b_4700,11599.305
00e12e8b_4701,11599.343
00e12e8b_4702,11599.361
00e12e8b_4703,11599.533
00e12e8b_4704,11599.719
00e12e8b_4705,11599.725
00e12e8b_4706,11599.76
00e12e8b_4707,11599.76
00e12e8b_4708,11599.818
00e12e8b_4709,11599.824
00e12e8b_4710,11599.822
00e12e8b_4711,11599.771
00e12e8b_4712,11599.755
00e12e8b_4713,11599.738
00e12e8b_4714,11599.708
00e12e8b_4715,11599.757
00e12e8b_4716,11599.727
00e12e8b_4717,11599.764
00e12e8b_4718,11599.796
00e12e8b_4719,11599.725
00e12e8b_4720,11599.741
00e12e8b_4721,11599.81
00e12e8b_4722,11599.74
00e12e8b_4723,11599.776
00e12e8b_4724,11599.711
00e12e8b_4725,11599.752
00e12e8b_4726,11599.674
00e12e8b_4727,11599.724
00e12e8b_4728,11599.67
00e12e8b_4729,11599.738
00e12e8b_4730,11599.641
00e12e8b_4731,11599.746
00e12e8b_4732,11599.687
00e12e8b_4733,11599.7295
00e12e8b_4734,11599.75
00e12e8b_4735,11599.751
00e12e8b_4736,11599.779
00e12e8b_4737,11599.77
00e12e8b_4738,11599.78
00e12e8b_4739,11599.73
00e12e8b_4740,11599.784
00e12e8b_4741,11599.8
00e12e8b_4742,11599.802
00e12e8b_4743,11599.815
00e12e8b_4744,11599.8125
00e12e8b_4745,11599.777
00e12e8b_4746,11599.733
00e12e8b_4747,11599.811
00e12e8b_4748,11599.797
00e12e8b_4749,11599.807
00e12e8b_4750,11599.806
00e12e8b_4751,11599.785
00e12e8b_4752,11599.808
00e12e8b_4753,11599.787
00e12e8b_4754,11599.835
00e12e8b_4755,11599.695
00e12e8b_4756,11599.515
00e12e8b_4757,11600.429
00e12e8b_4758,11600.358
00e12e8b_4759,11600.346
00e12e8b_4760,11600.358
00e12e8b_4761,11600.304
00e12e8b_4762,11600.279
00e12e8b_4763,11600.291
00e12e8b_4764,11600.293
00e12e8b_4765,11600.25
00e12e8b_4766,11600.237
00e12e8b_4767,11600.187
00e12e8b_4768,11600.068
00e12e8b_4769,11599.983
00e12e8b_4770,11600.01
00e12e8b_4771,11599.91
00e12e8b_4772,11599.958
00e12e8b_4773,11599.904
00e12e8b_4774,11599.974
00e12e8b_4775,11599.904
00e12e8b_4776,11599.922
00e12e8b_4777,11599.855
00e12e8b_4778,11599.875
00e12e8b_4779,11599.788
00e12e8b_4780,11599.764
00e12e8b_4781,11599.713
00e12e8b_4782,11599.672
00e12e8b_4783,11599.656
00e12e8b_4784,11599.712
00e12e8b_4785,11599.726
00e12e8b_4786,11599.665
00e12e8b_4787,11599.701
00e12e8b_4788,11599.656
00e12e8b_4789,11599.65
00e12e8b_4790,11599.482
00e12e8b_4791,11599.471
00e12e8b_4792,11599.461
00e12e8b_4793,11599.468
00e12e8b_4794,11599.482
00e12e8b_4795,11599.485
00e12e8b_4796,11599.487
00e12e8b_4797,11599.331
00e12e8b_4798,11599.335
00e12e8b_4799,11599.31
00e12e8b_4800,11599.251
00e12e8b_4801,11599.23
00e12e8b_4802,11599.257
00e12e8b_4803,11599.304
00e12e8b_4804,11599.339
00e12e8b_4805,11599.336
00e12e8b_4806,11599.282
00e12e8b_4807,11599.36
00e12e8b_4808,11599.345
00e12e8b_4809,11599.354
00e12e8b_4810,11599.358
00e12e8b_4811,11599.392
00e12e8b_4812,11599.366
00e12e8b_4813,11599.368
00e12e8b_4814,11599.334
00e12e8b_4815,11599.2705
00e12e8b_4816,11599.302
00e12e8b_4817,11599.303
00e12e8b_4818,11599.296
00e12e8b_4819,11599.279
00e12e8b_4820,11599.307
00e12e8b_4821,11599.236
00e12e8b_4822,11599.277
00e12e8b_4823,11599.267
00e12e8b_4824,11599.219
00e12e8b_4825,11599.242
00e12e8b_4826,11599.23
00e12e8b_4827,11599.19
00e12e8b_4828,11599.241
00e12e8b_4829,11599.306
00e12e8b_4830,11599.285
00e12e8b_4831,11599.338
00e12e8b_4832,11599.275
00e12e8b_4833,11599.405
00e12e8b_4834,11599.31
00e12e8b_4835,11599.446
00e12e8b_4836,11599.393
00e12e8b_4837,11599.43
00e12e8b_4838,11599.389
00e12e8b_4839,11599.36
00e12e8b_4840,11599.438
00e12e8b_4841,11599.367
00e12e8b_4842,11599.35
00e12e8b_4843,11599.428
00e12e8b_4844,11599.37
00e12e8b_4845,11599.398
00e12e8b_4846,11599.386
00e12e8b_4847,11599.448
00e12e8b_4848,11599.399
00e12e8b_4849,11599.376
00e12e8b_4850,11599.389
00e12e8b_4851,11599.381
00e12e8b_4852,11599.394
00e12e8b_4853,11599.399
00e12e8b_4854,11599.338
00e12e8b_4855,11599.319
00e12e8b_4856,11599.38
00e12e8b_4857,11599.385
00e12e8b_4858,11599.405
00e12e8b_4859,11599.431
00e12e8b_4860,11600.237
00e12e8b_4861,11600.128
00e12e8b_4862,11600.176
00e12e8b_4863,11600.173
00e12e8b_4864,11600.157
00e12e8b_4865,11600.08
00e12e8b_4866,11600.072
00e12e8b_4867,11600.045
00e12e8b_4868,11599.951
00e12e8b_4869,11599.978
00e12e8b_4870,11599.996
00e12e8b_4871,11600.012
00e12e8b_4872,11599.949
00e12e8b_4873,11600.005
00e12e8b_4874,11599.981
00e12e8b_4875,11599.93
00e12e8b_4876,11599.984
00e12e8b_4877,11599.925
00e12e8b_4878,11600.008
00e12e8b_4879,11599.959
00e12e8b_4880,11599.95
00e12e8b_4881,11599.905
00e12e8b_4882,11599.955
00e12e8b_4883,11599.913
00e12e8b_4884,11599.918
00e12e8b_4885,11599.897
00e12e8b_4886,11599.933
00e12e8b_4887,11599.874
00e12e8b_4888,11599.849
00e12e8b_4889,11599.91
00e12e8b_4890,11599.823
00e12e8b_4891,11599.836
00e12e8b_4892,11599.892
00e12e8b_4893,11599.857
00e12e8b_4894,11599.87
00e12e8b_4895,11599.903
00e12e8b_4896,11599.895
00e12e8b_4897,11599.956
00e12e8b_4898,11599.923
00e12e8b_4899,11599.952
00e12e8b_4900,11599.945
00e12e8b_4901,11599.916
00e12e8b_4902,11599.962
00e12e8b_4903,11599.935
00e12e8b_4904,11599.956
00e12e8b_4905,11599.951
00e12e8b_4906,11599.982
00e12e8b_4907,11599.927
00e12e8b_4908,11599.978
00e12e8b_4909,11599.892
00e12e8b_4910,11599.887
00e12e8b_4911,11599.974
00e12e8b_4912,11599.996
00e12e8b_4913,11599.924
00e12e8b_4914,11599.988
00e12e8b_4915,11599.928
00e12e8b_4916,11600.003
00e12e8b_4917,11600.022
00e12e8b_4918,11599.965
00e12e8b_4919,11600.005
00e12e8b_4920,11599.999
00e12e8b_4921,11599.927
00e12e8b_4922,11599.887
00e12e8b_4923,11599.887
00e12e8b_4924,11599.852
00e12e8b_4925,11599.851
00e12e8b_4926,11599.887
00e12e8b_4927,11599.866
00e12e8b_4928,11599.822
00e12e8b_4929,11599.84
00e12e8b_4930,11599.777
00e12e8b_4931,11599.78
00e12e8b_4932,11599.763
00e12e8b_4933,11599.74
00e12e8b_4934,11599.7295
00e12e8b_4935,11599.778
00e12e8b_4936,11599.764
00e12e8b_4937,11599.751
00e12e8b_4938,11599.725
00e12e8b_4939,11599.719
00e12e8b_4940,11599.688
00e12e8b_4941,11599.671
00e12e8b_4942,11599.697
00e12e8b_4943,11599.634
00e12e8b_4944,11599.627
00e12e8b_4945,11599.581
00e12e8b_4946,11599.654
00e12e8b_4947,11599.636
00e12e8b_4948,11599.638
00e12e8b_4949,11599.634
00e12e8b_4950,11599.594
00e12e8b_4951,11599.643
00e12e8b_4952,11599.635
00e12e8b_4953,11599.578
00e12e8b_4954,11599.643
00e12e8b_4955,11599.626
00e12e8b_4956,11599.622
00e12e8b_4957,11599.612
00e12e8b_4958,11599.677
00e12e8b_4959,11599.651
00e12e8b_4960,11599.639
00e12e8b_4961,11599.632
00e12e8b_4962,11599.656
00e12e8b_4963,11600.815
00e12e8b_4964,11600.845
00e12e8b_4965,11600.832
00e12e8b_4966,11600.784
00e12e8b_4967,11600.783
00e12e8b_4968,11600.808
00e12e8b_4969,11600.841
00e12e8b_4970,11600.863
00e12e8b_4971,11600.884
00e12e8b_4972,11600.912
00e12e8b_4973,11600.859
00e12e8b_4974,11600.841
00e12e8b_4975,11600.884
00e12e8b_4976,11600.826
00e12e8b_4977,11600.839
00e12e8b_4978,11600.819
00e12e8b_4979,11600.795
00e12e8b_4980,11600.718
00e12e8b_4981,11600.696
00e12e8b_4982,11600.714
00e12e8b_4983,11600.681
00e12e8b_4984,11600.642
00e12e8b_4985,11600.639
00e12e8b_4986,11600.612
00e12e8b_4987,11600.662
00e12e8b_4988,11600.63
00e12e8b_4989,11600.613
00e12e8b_4990,11600.448
00e12e8b_4991,11600.339
00e12e8b_4992,11600.308
00e12e8b_4993,11600.321
00e12e8b_4994,11600.305
00e12e8b_4995,11600.242
00e12e8b_4996,11600.133
00e12e8b_4997,11600.114
00e12e8b_4998,11600.061
00e12e8b_4999,11600.103
00e12e8b_5000,11600.09
00e12e8b_5001,11600.028
00e12e8b_5002,11600.038
00e12e8b_5003,11599.936
00e12e8b_5004,11599.945
00e12e8b_5005,11599.935
00e12e8b_5006,11599.909
00e12e8b_5007,11599.817
00e12e8b_5008,11599.871
00e12e8b_5009,11599.793
00e12e8b_5010,11599.769
00e12e8b_5011,11599.741
00e12e8b_5012,11599.825
00e12e8b_5013,11599.802
00e12e8b_5014,11599.824
00e12e8b_5015,11599.783
00e12e8b_5016,11599.71
00e12e8b_5017,11599.747
00e12e8b_5018,11599.67
00e12e8b_5019,11599.675
00e12e8b_5020,11599.675
00e12e8b_5021,11599.688
00e12e8b_5022,11599.705
00e12e8b_5023,11599.703
00e12e8b_5024,11599.703
00e12e8b_5025,11599.69
00e12e8b_5026,11599.726
00e12e8b_5027,11599.732
00e12e8b_5028,11599.708
00e12e8b_5029,11599.681
00e12e8b_5030,11599.72
00e12e8b_5031,11599.642
00e12e8b_5032,11599.574
00e12e8b_5033,11599.634
00e12e8b_5034,11599.614
00e12e8b_5035,11599.589
00e12e8b_5036,11599.575
00e12e8b_5037,11599.572
00e12e8b_5038,11599.538
00e12e8b_5039,11599.528
00e12e8b_5040,11599.554
00e12e8b_5041,11599.545
00e12e8b_5042,11599.538
00e12e8b_5043,11599.54
00e12e8b_5044,11599.525
00e12e8b_5045,11599.496
00e12e8b_5046,11599.485
00e12e8b_5047,11599.454
00e12e8b_5048,11599.513
00e12e8b_5049,11599.478
00e12e8b_5050,11599.35
00e12e8b_5051,11599.253
00e12e8b_5052,11599.261
00e12e8b_5053,11599.217
00e12e8b_5054,11599.153
00e12e8b_5055,11599.13
00e12e8b_5056,11599.141
00e12e8b_5057,11599.014
00e12e8b_5058,11598.987
00e12e8b_5059,11598.991
00e12e8b_5060,11598.994
00e12e8b_5061,11598.971
00e12e8b_5062,11598.9795
00e12e8b_5063,11598.946
00e12e8b_5064,11598.933
00e12e8b_5065,11598.933
00e12e8b_5066,11598.93
00e12e8b_5067,11598.935
00e12e8b_5068,11599.552
00e12e8b_5069,11599.533
00e12e8b_5070,11599.529
00e12e8b_5071,11599.523
00e12e8b_5072,11599.521
00e12e8b_5073,11599.516
00e12e8b_5074,11599.523
00e12e8b_5075,11599.506
00e12e8b_5076,11599.489
00e12e8b_5077,11599.495
00e12e8b_5078,11599.523
00e12e8b_5079,11599.537
00e12e8b_5080,11599.504
00e12e8b_5081,11599.485
00e12e8b_5082,11599.64
00e12e8b_5083,11599.466
00e12e8b_5084,11599.485
00e12e8b_5085,11599.439
00e12e8b_5086,11599.464
00e12e8b_5087,11599.43
00e12e8b_5088,11599.432
00e12e8b_5089,11599.45
00e12e8b_5090,11599.456
00e12e8b_5091,11599.458
00e12e8b_5092,11599.435
00e12e8b_5093,11599.461
00e12e8b_5094,11599.542
00e12e8b_5095,11599.49
00e12e8b_5096,11599.455
00e12e8b_5097,11599.514
00e12e8b_5098,11599.384
00e12e8b_5099,11599.407
00e12e8b_5100,11599.173
00e12e8b_5101,11599.08
00e12e8b_5102,11599.211
00e12e8b_5103,11599.06
00e12e8b_5104,11599.028
00e12e8b_5105,11599.069
00e12e8b_5106,11599.1455
00e12e8b_5107,11598.946
00e12e8b_5108,11598.889
00e12e8b_5109,11599.02
00e12e8b_5110,11598.9375
00e12e8b_5111,11598.911
00e12e8b_5112,11598.984
00e12e8b_5113,11598.851
00e12e8b_5114,11598.917
00e12e8b_5115,11598.792
00e12e8b_5116,11598.74
00e12e8b_5117,11598.841
00e12e8b_5118,11598.787
00e12e8b_5119,11598.943
00e12e8b_5120,11598.683
00e12e8b_5121,11598.786
00e12e8b_5122,11598.69
00e12e8b_5123,11598.767
00e12e8b_5124,11598.641
00e12e8b_5125,11598.752
00e12e8b_5126,11598.76
00e12e8b_5127,11598.677
00e12e8b_5128,11598.7705
00e12e8b_5129,11598.655
00e12e8b_5130,11598.777
00e12e8b_5131,11598.794
00e12e8b_5132,11598.63
00e12e8b_5133,11598.744
00e12e8b_5134,11598.659
00e12e8b_5135,11598.551
00e12e8b_5136,11598.6875
00e12e8b_5137,11598.68
00e12e8b_5138,11598.59
00e12e8b_5139,11598.568
00e12e8b_5140,11598.611
00e12e8b_5141,11598.623
00e12e8b_5142,11598.636
00e12e8b_5143,11598.561
00e12e8b_5144,11598.35
00e12e8b_5145,11598.46
00e12e8b_5146,11598.478
00e12e8b_5147,11598.43
00e12e8b_5148,11598.511
00e12e8b_5149,11598.43
00e12e8b_5150,11598.414
00e12e8b_5151,11598.382
00e12e8b_5152,11598.254
00e12e8b_5153,11598.347
00e12e8b_5154,11598.33
00e12e8b_5155,11598.198
00e12e8b_5156,11598.253
00e12e8b_5157,11598.245
00e12e8b_5158,11598.223
00e12e8b_5159,11598.213
00e12e8b_5160,11598.234
00e12e8b_5161,11598.151
00e12e8b_5162,11598.149
00e12e8b_5163,11598.124
00e12e8b_5164,11598.159
00e12e8b_5165,11598.145
00e12e8b_5166,11598.115
00e12e8b_5167,11598.149
00e12e8b_5168,11598.13
00e12e8b_5169,11598.177
00e12e8b_5170,11598.102
00e12e8b_5171,11598.04
00e12e8b_5172,11598.121
00e12e8b_5173,11598.185
00e12e8b_5174,11598.655
00e12e8b_5175,11598.611
00e12e8b_5176,11598.616
00e12e8b_5177,11598.648
00e12e8b_5178,11598.564
00e12e8b_5179,11598.536
00e12e8b_5180,11598.567
00e12e8b_5181,11598.525
00e12e8b_5182,11598.404
00e12e8b_5183,11598.468
00e12e8b_5184,11598.354
00e12e8b_5185,11598.42
00e12e8b_5186,11598.481
00e12e8b_5187,11598.297
00e12e8b_5188,11598.294
00e12e8b_5189,11598.26
00e12e8b_5190,11598.284
00e12e8b_5191,11598.254
00e12e8b_5192,11598.223
00e12e8b_5193,11598.134
00e12e8b_5194,11598.124
00e12e8b_5195,11598.162
00e12e8b_5196,11598.161
00e12e8b_5197,11598.148
00e12e8b_5198,11598.15
00e12e8b_5199,11598.092
00e12e8b_5200,11598.127
00e12e8b_5201,11598.064
00e12e8b_5202,11598.153
00e12e8b_5203,11598.195
00e12e8b_5204,11598.041
00e12e8b_5205,11598.195
00e12e8b_5206,11598.071
00e12e8b_5207,11598.205
00e12e8b_5208,11598.175
00e12e8b_5209,11598.066
00e12e8b_5210,11598.008
00e12e8b_5211,11598.13
00e12e8b_5212,11598.022
00e12e8b_5213,11598.151
00e12e8b_5214,11597.985
00e12e8b_5215,11597.905
00e12e8b_5216,11597.834
00e12e8b_5217,11597.647
00e12e8b_5218,11597.554
00e12e8b_5219,11597.589
00e12e8b_5220,11597.597
00e12e8b_5221,11597.587
00e12e8b_5222,11597.613
00e12e8b_5223,11597.622
00e12e8b_5224,11597.616
00e12e8b_5225,11597.595
00e12e8b_5226,11597.602
00e12e8b_5227,11597.609
00e12e8b_5228,11597.625
00e12e8b_5229,11597.568
00e12e8b_5230,11597.601
00e12e8b_5231,11597.609
00e12e8b_5232,11597.607
00e12e8b_5233,11597.572
00e12e8b_5234,11597.599
00e12e8b_5235,11597.543
00e12e8b_5236,11597.58
00e12e8b_5237,11597.581
00e12e8b_5238,11597.585
00e12e8b_5239,11597.515
00e12e8b_5240,11597.557
00e12e8b_5241,11597.525
00e12e8b_5242,11597.59
00e12e8b_5243,11597.498
00e12e8b_5244,11597.477
00e12e8b_5245,11597.429
00e12e8b_5246,11597.341
00e12e8b_5247,11597.261
00e12e8b_5248,11597.2295
00e12e8b_5249,11597.231
00e12e8b_5250,11597.257
00e12e8b_5251,11597.229
00e12e8b_5252,11597.166
00e12e8b_5253,11597.12
00e12e8b_5254,11597.105
00e12e8b_5255,11597.011
00e12e8b_5256,11596.948
00e12e8b_5257,11596.988
00e12e8b_5258,11596.951
00e12e8b_5259,11596.842
00e12e8b_5260,11596.687
00e12e8b_5261,11596.698
00e12e8b_5262,11596.715
00e12e8b_5263,11596.685
00e12e8b_5264,11596.73
00e12e8b_5265,11596.693
00e12e8b_5266,11596.741
00e12e8b_5267,11596.707
00e12e8b_5268,11596.737
00e12e8b_5269,11596.6875
00e12e8b_5270,11596.705
00e12e8b_5271,11596.686
00e12e8b_5272,11596.623
00e12e8b_5273,11596.577
00e12e8b_5274,11596.528
00e12e8b_5275,11596.532
00e12e8b_5276,11596.491
00e12e8b_5277,11596.504
00e12e8b_5278,11596.424
00e12e8b_5279,11596.476
00e12e8b_5280,11596.494
00e12e8b_5281,11596.5
00e12e8b_5282,11596.499
00e12e8b_5283,11596.528
00e12e8b_5284,11596.5
00e12e8b_5285,11596.5
00e12e8b_5286,11596.507
00e12e8b_5287,11596.501
00e12e8b_5288,11596.518
00e12e8b_5289,11596.502
00e12e8b_5290,11596.495
00e12e8b_5291,11596.496
00e12e8b_5292,11596.525
00e12e8b_5293,11596.488
00e12e8b_5294,11596.468
00e12e8b_5295,11596.494
00e12e8b_5296,11596.555
00e12e8b_5297,11596.486
00e12e8b_5298,11596.463
00e12e8b_5299,11596.5205
00e12e8b_5300,11596.531
00e12e8b_5301,11596.559
00e12e8b_5302,11596.592
00e12e8b_5303,11596.542
00e12e8b_5304,11596.542
00e12e8b_5305,11596.59
00e12e8b_5306,11596.426
00e12e8b_5307,11596.464
00e12e8b_5308,11596.415
00e12e8b_5309,11596.413
00e12e8b_5310,11596.417
00e12e8b_5311,11596.427
00e12e8b_5312,11596.422
00e12e8b_5313,11596.444
00e12e8b_5314,11596.402
00e12e8b_5315,11596.394
00e12e8b_5316,11596.44
00e12e8b_5317,11596.393
00e12e8b_5318,11596.422
00e12e8b_5319,11596.38
00e12e8b_5320,11596.219
00e12e8b_5321,11596.208
00e12e8b_5322,11596.257
00e12e8b_5323,11596.203
00e12e8b_5324,11596.318
00e12e8b_5325,11596.226
00e12e8b_5326,11596.292
00e12e8b_5327,11596.261
00e12e8b_5328,11596.242
00e12e8b_5329,11596.081
00e12e8b_5330,11596.049
00e12e8b_5331,11596.043
00e12e8b_5332,11596.05
00e12e8b_5333,11596.035
00e12e8b_5334,11596.132
00e12e8b_5335,11596.146
00e12e8b_5336,11596.079
00e12e8b_5337,11596.055
00e12e8b_5338,11596.109
00e12e8b_5339,11596.1455
00e12e8b_5340,11596.037
00e12e8b_5341,11595.931
00e12e8b_5342,11596.021
00e12e8b_5343,11595.913
00e12e8b_5344,11596.039
00e12e8b_5345,11596.015
00e12e8b_5346,11595.907
00e12e8b_5347,11595.924
00e12e8b_5348,11595.897
00e12e8b_5349,11595.931
00e12e8b_5350,11595.836
00e12e8b_5351,11595.845
00e12e8b_5352,11595.844
00e12e8b_5353,11595.911
00e12e8b_5354,11595.943
00e12e8b_5355,11595.8125
00e12e8b_5356,11595.83
00e12e8b_5357,11595.787
00e12e8b_5358,11595.848
00e12e8b_5359,11595.882
00e12e8b_5360,11595.786
00e12e8b_5361,11595.847
00e12e8b_5362,11595.793
00e12e8b_5363,11595.932
00e12e8b_5364,11595.835
00e12e8b_5365,11595.909
00e12e8b_5366,11595.881
00e12e8b_5367,11595.951
00e12e8b_5368,11595.925
00e12e8b_5369,11595.92
00e12e8b_5370,11595.959
00e12e8b_5371,11595.97
00e12e8b_5372,11595.883
00e12e8b_5373,11595.937
00e12e8b_5374,11595.961
00e12e8b_5375,11595.926
00e12e8b_5376,11595.993
00e12e8b_5377,11596.006
00e12e8b_5378,11595.998
00e12e8b_5379,11595.929
00e12e8b_5380,11595.94
00e12e8b_5381,11595.895
00e12e8b_5382,11595.869
00e12e8b_5383,11595.87
00e12e8b_5384,11595.826
00e12e8b_5385,11595.834
00e12e8b_5386,11595.917
00e12e8b_5387,11595.905
00e12e8b_5388,11595.738
00e12e8b_5389,11595.819
00e12e8b_5390,11595.857
00e12e8b_5391,11595.703
00e12e8b_5392,11595.83
00e12e8b_5393,11595.841
00e12e8b_5394,11595.797
00e12e8b_5395,11595.775
00e12e8b_5396,11595.806
00e12e8b_5397,11595.735
00e12e8b_5398,11595.732
00e12e8b_5399,11595.768
00e12e8b_5400,11595.803
00e12e8b_5401,11595.818
00e12e8b_5402,11595.769
00e12e8b_5403,11595.828
00e12e8b_5404,11595.77
00e12e8b_5405,11595.818
00e12e8b_5406,11595.754
00e12e8b_5407,11595.782
00e12e8b_5408,11595.762
00e12e8b_5409,11595.748
00e12e8b_5410,11595.7705
00e12e8b_5411,11595.721
00e12e8b_5412,11595.798
00e12e8b_5413,11595.762
00e12e8b_5414,11595.813
00e12e8b_5415,11595.715
00e12e8b_5416,11595.746
00e12e8b_5417,11595.673
00e12e8b_5418,11595.672
00e12e8b_5419,11595.72
00e12e8b_5420,11595.705
00e12e8b_5421,11595.692
00e12e8b_5422,11595.62
00e12e8b_5423,11595.674
00e12e8b_5424,11595.645
00e12e8b_5425,11595.628
00e12e8b_5426,11595.6875
00e12e8b_5427,11595.717
00e12e8b_5428,11595.733
00e12e8b_5429,11595.728
00e12e8b_5430,11595.656
00e12e8b_5431,11595.6875
00e12e8b_5432,11595.648
00e12e8b_5433,11595.621
00e12e8b_5434,11595.675
00e12e8b_5435,11595.655
00e12e8b_5436,11595.527
00e12e8b_5437,11595.508
00e12e8b_5438,11595.565
00e12e8b_5439,11595.525
00e12e8b_5440,11595.537
00e12e8b_5441,11595.561
00e12e8b_5442,11595.494
00e12e8b_5443,11595.511
00e12e8b_5444,11595.507
00e12e8b_5445,11595.5205
00e12e8b_5446,11595.586
00e12e8b_5447,11595.522
00e12e8b_5448,11595.499
00e12e8b_5449,11595.546
00e12e8b_5450,11595.52
00e12e8b_5451,11595.572
00e12e8b_5452,11595.539
00e12e8b_5453,11595.543
00e12e8b_5454,11595.56
00e12e8b_5455,11595.584
00e12e8b_5456,11595.587
00e12e8b_5457,11595.622
00e12e8b_5458,11595.565
00e12e8b_5459,11595.537
00e12e8b_5460,11595.596
00e12e8b_5461,11595.569
00e12e8b_5462,11595.564
00e12e8b_5463,11595.549
00e12e8b_5464,11595.579
00e12e8b_5465,11595.545
00e12e8b_5466,11595.564
00e12e8b_5467,11595.533
00e12e8b_5468,11595.532
00e12e8b_5469,11595.567
00e12e8b_5470,11595.608
00e12e8b_5471,11595.602
00e12e8b_5472,11595.53
00e12e8b_5473,11595.527
00e12e8b_5474,11595.55
00e12e8b_5475,11595.508
00e12e8b_5476,11595.553
00e12e8b_5477,11595.528
00e12e8b_5478,11595.5625
00e12e8b_5479,11595.624
00e12e8b_5480,11595.511
00e12e8b_5481,11595.488
00e12e8b_5482,11595.469
00e12e8b_5483,11595.486
00e12e8b_5484,11595.537
00e12e8b_5485,11595.566
00e12e8b_5486,11595.606
00e12e8b_5487,11595.568
00e12e8b_5488,11595.538
00e12e8b_5489,11595.473
00e12e8b_5490,11595.495
00e12e8b_5491,11595.522
00e12e8b_5492,11595.549
00e12e8b_5493,11595.493
00e12e8b_5494,11595.462
00e12e8b_5495,11595.499
00e12e8b_5496,11595.44
00e12e8b_5497,11595.481
00e12e8b_5498,11595.532
00e12e8b_5499,11595.53
00e12e8b_5500,11595.561
00e12e8b_5501,11595.605
00e12e8b_5502,11595.465
00e12e8b_5503,11595.55
00e12e8b_5504,11595.589
00e12e8b_5505,11595.54
00e12e8b_5506,11595.531
00e12e8b_5507,11595.417
00e12e8b_5508,11595.551
00e12e8b_5509,11595.478
00e12e8b_5510,11595.492
00e12e8b_5511,11595.549
00e12e8b_5512,11595.519
00e12e8b_5513,11595.51
00e12e8b_5514,11595.396
00e12e8b_5515,11595.4375
00e12e8b_5516,11595.486
00e12e8b_5517,11595.511
00e12e8b_5518,11595.542
00e12e8b_5519,11595.495
00e12e8b_5520,11595.502
00e12e8b_5521,11595.482
00e12e8b_5522,11595.543
00e12e8b_5523,11595.402
00e12e8b_5524,11595.474
00e12e8b_5525,11595.508
00e12e8b_5526,11595.517
00e12e8b_5527,11595.525
00e12e8b_5528,11595.529
00e12e8b_5529,11595.504
00e12e8b_5530,11595.515
00e12e8b_5531,11595.4795
00e12e8b_5532,11595.421
00e12e8b_5533,11595.439
00e12e8b_5534,11595.466
00e12e8b_5535,11595.337
00e12e8b_5536,11595.326
00e12e8b_5537,11595.297
00e12e8b_5538,11595.28
00e12e8b_5539,11595.405
00e12e8b_5540,11595.256
00e12e8b_5541,11595.164
00e12e8b_5542,11595.111
00e12e8b_5543,11595.046
00e12e8b_5544,11595.1
00e12e8b_5545,11595.086
00e12e8b_5546,11595.11
00e12e8b_5547,11595.03
00e12e8b_5548,11595.026
00e12e8b_5549,11595.148
00e12e8b_5550,11595.028
00e12e8b_5551,11595.005
00e12e8b_5552,11595.129
00e12e8b_5553,11595.023
00e12e8b_5554,11595.02
00e12e8b_5555,11594.938
00e12e8b_5556,11594.923
00e12e8b_5557,11594.955
00e12e8b_5558,11594.882
00e12e8b_5559,11594.884
00e12e8b_5560,11594.817
00e12e8b_5561,11594.934
00e12e8b_5562,11594.85
00e12e8b_5563,11594.96
00e12e8b_5564,11594.833
00e12e8b_5565,11594.841
00e12e8b_5566,11594.871
00e12e8b_5567,11594.779
00e12e8b_5568,11594.786
00e12e8b_5569,11594.722
00e12e8b_5570,11594.765
00e12e8b_5571,11594.765
00e12e8b_5572,11594.796
00e12e8b_5573,11594.676
00e12e8b_5574,11594.637
00e12e8b_5575,11594.574
00e12e8b_5576,11594.659
00e12e8b_5577,11594.746
00e12e8b_5578,11594.744
00e12e8b_5579,11594.658
00e12e8b_5580,11594.72
00e12e8b_5581,11594.642
00e12e8b_5582,11594.734
00e12e8b_5583,11594.674
00e12e8b_5584,11594.722
00e12e8b_5585,11594.742
00e12e8b_5586,11594.669
00e12e8b_5587,11594.595
00e12e8b_5588,11594.635
00e12e8b_5589,11594.683
00e12e8b_5590,11594.65
00e12e8b_5591,11594.586
00e12e8b_5592,11594.677
00e12e8b_5593,11594.588
00e12e8b_5594,11594.605
00e12e8b_5595,11594.411
00e12e8b_5596,11594.474
00e12e8b_5597,11594.457
00e12e8b_5598,11594.487
00e12e8b_5599,11594.379
00e12e8b_5600,11594.394
00e12e8b_5601,11594.4375
00e12e8b_5602,11594.358
00e12e8b_5603,11594.325
00e12e8b_5604,11594.396
00e12e8b_5605,11594.398
00e12e8b_5606,11594.37
00e12e8b_5607,11594.366
00e12e8b_5608,11594.355
00e12e8b_5609,11594.402
00e12e8b_5610,11594.342
00e12e8b_5611,11594.338
00e12e8b_5612,11594.327
00e12e8b_5613,11594.3955
00e12e8b_5614,11594.36
00e12e8b_5615,11594.308
00e12e8b_5616,11594.323
00e12e8b_5617,11594.245
00e12e8b_5618,11594.287
00e12e8b_5619,11594.28
00e12e8b_5620,11594.261
00e12e8b_5621,11594.359
00e12e8b_5622,11594.26
00e12e8b_5623,11594.305
00e12e8b_5624,11594.318
00e12e8b_5625,11594.341
00e12e8b_5626,11594.337
00e12e8b_5627,11594.34
00e12e8b_5628,11594.277
00e12e8b_5629,11594.273
00e12e8b_5630,11594.273
00e12e8b_5631,11594.298
00e12e8b_5632,11594.252
00e12e8b_5633,11594.263
00e12e8b_5634,11594.294
00e12e8b_5635,11594.2705
00e12e8b_5636,11594.324
00e12e8b_5637,11594.327
00e12e8b_5638,11594.407
00e12e8b_5639,11594.392
00e12e8b_5640,11594.365
00e12e8b_5641,11594.439
00e12e8b_5642,11594.432
00e12e8b_5643,11594.442
00e12e8b_5644,11594.326
00e12e8b_5645,11594.387
00e12e8b_5646,11594.383
00e12e8b_5647,11594.407
00e12e8b_5648,11594.395
00e12e8b_5649,11594.392
00e12e8b_5650,11594.393
00e12e8b_5651,11594.329
00e12e8b_5652,11594.362
00e12e8b_5653,11594.407
00e12e8b_5654,11594.391
00e12e8b_5655,11594.339
00e12e8b_5656,11594.418
00e12e8b_5657,11594.433
00e12e8b_5658,11594.499
00e12e8b_5659,11594.362
00e12e8b_5660,11594.403
00e12e8b_5661,11594.425
00e12e8b_5662,11594.454
00e12e8b_5663,11594.433
00e12e8b_5664,11594.472
00e12e8b_5665,11594.477
00e12e8b_5666,11594.484
00e12e8b_5667,11594.482
00e12e8b_5668,11594.483
00e12e8b_5669,11594.423
00e12e8b_5670,11594.459
00e12e8b_5671,11594.462
00e12e8b_5672,11594.485
00e12e8b_5673,11594.469
00e12e8b_5674,11594.477
00e12e8b_5675,11594.461
00e12e8b_5676,11594.432
00e12e8b_5677,11594.4375
00e12e8b_5678,11594.393
00e12e8b_5679,11594.411
00e12e8b_5680,11594.342
00e12e8b_5681,11594.397
00e12e8b_5682,11594.378
00e12e8b_5683,11594.37
00e12e8b_5684,11594.295
00e12e8b_5685,11594.357
00e12e8b_5686,11594.3545
00e12e8b_5687,11594.327
00e12e8b_5688,11594.361
00e12e8b_5689,11594.35
00e12e8b_5690,11594.373
00e12e8b_5691,11594.365
00e12e8b_5692,11594.378
00e12e8b_5693,11594.387
00e12e8b_5694,11594.396
00e12e8b_5695,11594.365
00e12e8b_5696,11594.377
00e12e8b_5697,11594.393
00e12e8b_5698,11594.442
00e12e8b_5699,11594.382
00e12e8b_5700,11594.381
00e12e8b_5701,11594.297
00e12e8b_5702,11594.267
00e12e8b_5703,11594.29
00e12e8b_5704,11594.364
00e12e8b_5705,11594.324
00e12e8b_5706,11594.246
00e12e8b_5707,11594.26
00e12e8b_5708,11594.284
00e12e8b_5709,11594.249
00e12e8b_5710,11594.2705
00e12e8b_5711,11594.057
00e12e8b_5712,11594.299
00e12e8b_5713,11594.264
00e12e8b_5714,11594.268
00e12e8b_5715,11594.344
00e12e8b_5716,11594.338
00e12e8b_5717,11594.368
00e12e8b_5718,11594.398
00e12e8b_5719,11594.369
00e12e8b_5720,11594.399
00e12e8b_5721,11594.379
00e12e8b_5722,11594.411
00e12e8b_5723,11594.351
00e12e8b_5724,11594.327
00e12e8b_5725,11594.313
00e12e8b_5726,11594.307
00e12e8b_5727,11594.277
00e12e8b_5728,11594.324
00e12e8b_5729,11594.33
00e12e8b_5730,11594.35
00e12e8b_5731,11594.268
00e12e8b_5732,11594.261
00e12e8b_5733,11594.22
00e12e8b_5734,11594.236
00e12e8b_5735,11594.212
00e12e8b_5736,11594.259
00e12e8b_5737,11594.257
00e12e8b_5738,11594.182
00e12e8b_5739,11594.188
00e12e8b_5740,11594.241
00e12e8b_5741,11594.184
00e12e8b_5742,11594.334
00e12e8b_5743,11594.366
00e12e8b_5744,11594.309
00e12e8b_5745,11594.326
00e12e8b_5746,11594.292
00e12e8b_5747,11594.255
00e12e8b_5748,11594.358
00e12e8b_5749,11594.295
00e12e8b_5750,11594.372
00e12e8b_5751,11594.449
00e12e8b_5752,11594.348
00e12e8b_5753,11594.318
00e12e8b_5754,11594.327
00e12e8b_5755,11594.285
00e12e8b_5756,11594.358
00e12e8b_5757,11594.371
00e12e8b_5758,11594.41
00e12e8b_5759,11594.382
00e12e8b_5760,11594.434
00e12e8b_5761,11594.278
00e12e8b_5762,11594.308
00e12e8b_5763,11594.367
00e12e8b_5764,11594.203
00e12e8b_5765,11594.329
00e12e8b_5766,11594.275
00e12e8b_5767,11594.314
00e12e8b_5768,11594.239
00e12e8b_5769,11594.392
00e12e8b_5770,11594.342
00e12e8b_5771,11594.355
00e12e8b_5772,11594.344
00e12e8b_5773,11594.275
00e12e8b_5774,11594.231
00e12e8b_5775,11594.37
00e12e8b_5776,11594.2705
00e12e8b_5777,11594.268
00e12e8b_5778,11594.226
00e12e8b_5779,11594.221
00e12e8b_5780,11594.254
00e12e8b_5781,11594.122
00e12e8b_5782,11594.285
00e12e8b_5783,11594.326
00e12e8b_5784,11594.367
00e12e8b_5785,11594.281
00e12e8b_5786,11594.3
00e12e8b_5787,11594.283
00e12e8b_5788,11594.222
00e12e8b_5789,11594.244
00e12e8b_5790,11594.152
00e12e8b_5791,11594.239
00e12e8b_5792,11594.193
00e12e8b_5793,11594.143
00e12e8b_5794,11594.162
00e12e8b_5795,11594.25
00e12e8b_5796,11594.115
00e12e8b_5797,11594.194
00e12e8b_5798,11594.135
00e12e8b_5799,11594.169
00e12e8b_5800,11594.19
00e12e8b_5801,11594.165
00e12e8b_5802,11594.138
00e12e8b_5803,11594.145
00e12e8b_5804,11594.111
00e12e8b_5805,11594.193
00e12e8b_5806,11594.204
00e12e8b_5807,11594.105
00e12e8b_5808,11594.192
00e12e8b_5809,11594.211
00e12e8b_5810,11594.194
00e12e8b_5811,11594.157
00e12e8b_5812,11594.201
00e12e8b_5813,11594.142
00e12e8b_5814,11594.144
00e12e8b_5815,11594.216
00e12e8b_5816,11594.152
00e12e8b_5817,11594.218
00e12e8b_5818,11594.195
00e12e8b_5819,11594.221
00e12e8b_5820,11594.24
00e12e8b_5821,11594.361
00e12e8b_5822,11594.198
00e12e8b_5823,11594.203
00e12e8b_5824,11594.214
00e12e8b_5825,11594.351
00e12e8b_5826,11594.241
00e12e8b_5827,11594.341
00e12e8b_5828,11594.39
00e12e8b_5829,11594.422
00e12e8b_5830,11594.366
00e12e8b_5831,11594.521
00e12e8b_5832,11594.38
00e12e8b_5833,11594.5205
00e12e8b_5834,11594.558
00e12e8b_5835,11594.434
00e12e8b_5836,11594.459
00e12e8b_5837,11594.431
00e12e8b_5838,11594.443
00e12e8b_5839,11594.504
00e12e8b_5840,11594.558
00e12e8b_5841,11594.472
00e12e8b_5842,11594.484
00e12e8b_5843,11594.463
00e12e8b_5844,11594.378
00e12e8b_5845,11594.4
00e12e8b_5846,11594.453
00e12e8b_5847,11594.541
00e12e8b_5848,11594.397
00e12e8b_5849,11594.464
00e12e8b_5850,11594.469
00e12e8b_5851,11594.542
00e12e8b_5852,11594.49
00e12e8b_5853,11594.541
00e12e8b_5854,11594.54
00e12e8b_5855,11594.492
00e12e8b_5856,11594.583
00e12e8b_5857,11594.508
00e12e8b_5858,11594.472
00e12e8b_5859,11594.528
00e12e8b_5860,11594.501
00e12e8b_5861,11594.423
00e12e8b_5862,11594.522
00e12e8b_5863,11594.644
00e12e8b_5864,11594.517
00e12e8b_5865,11594.607
00e12e8b_5866,11594.521
00e12e8b_5867,11594.457
00e12e8b_5868,11594.463
00e12e8b_5869,11594.479
00e12e8b_5870,11594.53
00e12e8b_5871,11594.505
00e12e8b_5872,11594.493
00e12e8b_5873,11594.538
00e12e8b_5874,11594.544
00e12e8b_5875,11594.516
00e12e8b_5876,11594.504
00e12e8b_5877,11594.556
00e12e8b_5878,11594.542
00e12e8b_5879,11594.586
00e12e8b_5880,11594.52
00e12e8b_5881,11594.54
00e12e8b_5882,11594.51
00e12e8b_5883,11594.605
00e12e8b_5884,11594.522
00e12e8b_5885,11594.594
00e12e8b_5886,11594.526
00e12e8b_5887,11594.519
00e12e8b_5888,11594.573
00e12e8b_5889,11594.539
00e12e8b_5890,11594.575
00e12e8b_5891,11594.627
00e12e8b_5892,11594.567
00e12e8b_5893,11594.577
00e12e8b_5894,11594.561
00e12e8b_5895,11594.542
00e12e8b_5896,11594.481
00e12e8b_5897,11594.552
00e12e8b_5898,11594.517
00e12e8b_5899,11594.583
00e12e8b_5900,11594.646
00e12e8b_5901,11594.609
00e12e8b_5902,11594.681
00e12e8b_5903,11594.675
00e12e8b_5904,11594.687
00e12e8b_5905,11594.661
00e12e8b_5906,11594.715
00e12e8b_5907,11594.698
00e12e8b_5908,11594.647
00e12e8b_5909,11594.7
00e12e8b_5910,11594.757
00e12e8b_5911,11594.783
00e12e8b_5912,11594.703
00e12e8b_5913,11594.722
00e12e8b_5914,11594.664
00e12e8b_5915,11594.708
00e12e8b_5916,11594.752
00e12e8b_5917,11594.77
00e12e8b_5918,11594.781
00e12e8b_5919,11594.741
00e12e8b_5920,11594.841
00e12e8b_5921,11594.755
00e12e8b_5922,11594.674
00e12e8b_5923,11594.758
00e12e8b_5924,11594.826
00e12e8b_5925,11594.698
00e12e8b_5926,11594.768
00e12e8b_5927,11594.798
00e12e8b_5928,11594.709
00e12e8b_5929,11594.83
00e12e8b_5930,11594.801
00e12e8b_5931,11594.807
00e12e8b_5932,11594.827
00e12e8b_5933,11594.909
00e12e8b_5934,11594.72
00e12e8b_5935,11594.727
00e12e8b_5936,11594.787
00e12e8b_5937,11594.817
00e12e8b_5938,11594.834
00e12e8b_5939,11594.785
00e12e8b_5940,11594.836
00e12e8b_5941,11594.828
00e12e8b_5942,11594.757
00e12e8b_5943,11594.842
00e12e8b_5944,11594.936
00e12e8b_5945,11594.956
00e12e8b_5946,11595.098
00e12e8b_5947,11595.175
00e12e8b_5948,11595.14
00e12e8b_5949,11595.088
00e12e8b_5950,11595.038
00e12e8b_5951,11595.1455
00e12e8b_5952,11595.174
00e12e8b_5953,11595.211
00e12e8b_5954,11595.195
00e12e8b_5955,11595.175
00e12e8b_5956,11595.182
00e12e8b_5957,11595.298
00e12e8b_5958,11595.357
00e12e8b_5959,11595.3955
00e12e8b_5960,11595.386
00e12e8b_5961,11595.382
00e12e8b_5962,11595.443
00e12e8b_5963,11595.522
00e12e8b_5964,11595.623
00e12e8b_5965,11595.516
00e12e8b_5966,11595.557
00e12e8b_5967,11595.73
00e12e8b_5968,11595.746
00e12e8b_5969,11595.67
00e12e8b_5970,11595.716
00e12e8b_5971,11595.676
00e12e8b_5972,11595.769
00e12e8b_5973,11595.834
00e12e8b_5974,11595.83
00e12e8b_5975,11595.8125
00e12e8b_5976,11595.844
00e12e8b_5977,11595.852
00e12e8b_5978,11595.88
00e12e8b_5979,11595.877
00e12e8b_5980,11595.906
00e12e8b_5981,11595.838
00e12e8b_5982,11595.901
00e12e8b_5983,11595.829
00e12e8b_5984,11595.817
00e12e8b_5985,11595.836
00e12e8b_5986,11595.845
00e12e8b_5987,11595.831
00e12e8b_5988,11595.911
00e12e8b_5989,11595.799
00e12e8b_5990,11595.842
00e12e8b_5991,11595.957
00e12e8b_5992,11595.892
00e12e8b_5993,11595.794
00e12e8b_5994,11595.918
00e12e8b_5995,11595.781
00e12e8b_5996,11595.739
00e12e8b_5997,11595.585
00e12e8b_5998,11595.725
00e12e8b_5999,11595.686
00e12e8b_6000,11595.797
00e12e8b_6001,11595.766
00e12e8b_6002,11595.572
00e12e8b_6003,11595.467
00e12e8b_6004,11595.55
00e12e8b_6005,11595.701
00e12e8b_6006,11595.6
00e12e8b_6007,11595.588
00e12e8b_6008,11595.453
00e12e8b_6009,11595.473
00e12e8b_6010,11595.45
00e12e8b_6011,11595.469
00e12e8b_6012,11595.475
00e12e8b_6013,11595.52
00e12e8b_6014,11595.496
00e12e8b_6015,11595.487
00e12e8b_6016,11595.488
00e12e8b_6017,11595.433
00e12e8b_6018,11595.427
00e12e8b_6019,11595.479
00e12e8b_6020,11595.422
00e12e8b_6021,11595.428
00e12e8b_6022,11595.563
00e12e8b_6023,11595.492
00e12e8b_6024,11595.532
00e12e8b_6025,11595.52
00e12e8b_6026,11595.567
00e12e8b_6027,11595.48
00e12e8b_6028,11595.614
00e12e8b_6029,11595.545
00e12e8b_6030,11595.533
00e12e8b_6031,11595.507
00e12e8b_6032,11595.524
00e12e8b_6033,11595.508
00e12e8b_6034,11595.492
00e12e8b_6035,11595.494
00e12e8b_6036,11595.425
00e12e8b_6037,11595.462
00e12e8b_6038,11595.403
00e12e8b_6039,11595.405
00e12e8b_6040,11595.355
00e12e8b_6041,11595.394
00e12e8b_6042,11595.358
00e12e8b_6043,11595.362
00e12e8b_6044,11595.377
00e12e8b_6045,11595.393
00e12e8b_6046,11595.386
00e12e8b_6047,11595.39
00e12e8b_6048,11595.369
00e12e8b_6049,11595.425
00e12e8b_6050,11595.426
00e12e8b_6051,11595.433
00e12e8b_6052,11595.428
00e12e8b_6053,11595.416
00e12e8b_6054,11595.363
00e12e8b_6055,11595.357
00e12e8b_6056,11595.233
00e12e8b_6057,11595.136
00e12e8b_6058,11595.231
00e12e8b_6059,11595.2705
00e12e8b_6060,11595.367
00e12e8b_6061,11595.375
00e12e8b_6062,11595.412
00e12e8b_6063,11595.398
00e12e8b_6064,11595.392
00e12e8b_6065,11595.477
00e12e8b_6066,11595.488
00e12e8b_6067,11595.478
00e12e8b_6068,11595.443
00e12e8b_6069,11595.456
00e12e8b_6070,11595.428
00e12e8b_6071,11595.4795
00e12e8b_6072,11595.501
00e12e8b_6073,11595.481
00e12e8b_6074,11595.475
00e12e8b_6075,11595.492
00e12e8b_6076,11595.398
00e12e8b_6077,11595.425
00e12e8b_6078,11595.504
00e12e8b_6079,11595.498
00e12e8b_6080,11595.466
00e12e8b_6081,11595.439
00e12e8b_6082,11595.434
00e12e8b_6083,11595.332
00e12e8b_6084,11595.378
00e12e8b_6085,11595.375
00e12e8b_6086,11595.33
00e12e8b_6087,11595.398
00e12e8b_6088,11595.378
00e12e8b_6089,11595.364
00e12e8b_6090,11595.342
00e12e8b_6091,11595.406
00e12e8b_6092,11595.319
00e12e8b_6093,11595.299
00e12e8b_6094,11595.305
00e12e8b_6095,11595.332
00e12e8b_6096,11595.278
00e12e8b_6097,11595.2705
00e12e8b_6098,11595.35
00e12e8b_6099,11595.227
00e12e8b_6100,11595.233
00e12e8b_6101,11595.226
00e12e8b_6102,11595.169
00e12e8b_6103,11595.128
00e12e8b_6104,11595.227
00e12e8b_6105,11595.155
00e12e8b_6106,11595.148
00e12e8b_6107,11595.212
00e12e8b_6108,11595.175
00e12e8b_6109,11595.202
00e12e8b_6110,11595.277
00e12e8b_6111,11595.154
00e12e8b_6112,11595.114
00e12e8b_6113,11595.098
00e12e8b_6114,11595.144
00e12e8b_6115,11595.107
00e12e8b_6116,11595.054
00e12e8b_6117,11595.123
00e12e8b_6118,11595.03
00e12e8b_6119,11595.132
00e12e8b_6120,11594.991
00e12e8b_6121,11595.102
00e12e8b_6122,11594.857
00e12e8b_6123,11595.094
00e12e8b_6124,11594.877
00e12e8b_6125,11594.909
00e12e8b_6126,11594.884
00e12e8b_6127,11594.871
00e12e8b_6128,11594.849
00e12e8b_6129,11594.832
00e12e8b_6130,11594.772
00e12e8b_6131,11594.888
00e12e8b_6132,11594.85
00e12e8b_6133,11594.917
00e12e8b_6134,11594.885
00e12e8b_6135,11594.881
00e12e8b_6136,11594.928
00e12e8b_6137,11594.853
00e12e8b_6138,11594.835
00e12e8b_6139,11594.778
00e12e8b_6140,11594.81
00e12e8b_6141,11594.769
00e12e8b_6142,11594.743
00e12e8b_6143,11594.846
00e12e8b_6144,11594.817
00e12e8b_6145,11595.029
00e12e8b_6146,11595.086
00e12e8b_6147,11595.018
00e12e8b_6148,11595.05
00e12e8b_6149,11595.071
00e12e8b_6150,11595.087
00e12e8b_6151,11595.12
00e12e8b_6152,11595.195
00e12e8b_6153,11595.169
00e12e8b_6154,11595.209
00e12e8b_6155,11595.289
00e12e8b_6156,11595.249
00e12e8b_6157,11596.056
00e12e8b_6158,11596.094
00e12e8b_6159,11596.277
00e12e8b_6160,11596.209
00e12e8b_6161,11596.27
00e12e8b_6162,11596.281
00e12e8b_6163,11596.264
00e12e8b_6164,11596.192
00e12e8b_6165,11596.188
00e12e8b_6166,11596.2705
00e12e8b_6167,11596.31
00e12e8b_6168,11596.254
00e12e8b_6169,11596.282
00e12e8b_6170,11596.321
00e12e8b_6171,11596.164
00e12e8b_6172,11596.199
00e12e8b_6173,11596.259
00e12e8b_6174,11596.082
00e12e8b_6175,11596.109
00e12e8b_6176,11596.097
00e12e8b_6177,11596.065
00e12e8b_6178,11596.083
00e12e8b_6179,11596.034
00e12e8b_6180,11596.099
00e12e8b_6181,11596.103
00e12e8b_6182,11596.095
00e12e8b_6183,11596.115
00e12e8b_6184,11596.106
00e12e8b_6185,11596.144
00e12e8b_6186,11596.099
00e12e8b_6187,11596.142
00e12e8b_6188,11596.108
00e12e8b_6189,11596.091
00e12e8b_6190,11596.11
00e12e8b_6191,11596.071
00e12e8b_6192,11596.104
00e12e8b_6193,11595.9795
00e12e8b_6194,11595.982
00e12e8b_6195,11595.904
00e12e8b_6196,11595.899
00e12e8b_6197,11595.916
00e12e8b_6198,11595.904
00e12e8b_6199,11595.913
00e12e8b_6200,11595.959
00e12e8b_6201,11595.791
00e12e8b_6202,11595.865
00e12e8b_6203,11595.819
00e12e8b_6204,11595.972
00e12e8b_6205,11596.072
00e12e8b_6206,11596.238
00e12e8b_6207,11596.197
00e12e8b_6208,11596.25
00e12e8b_6209,11596.212
00e12e8b_6210,11596.402
00e12e8b_6211,11596.52
00e12e8b_6212,11596.836
00e12e8b_6213,11597.028
00e12e8b_6214,11597.666
00e12e8b_6215,11597.87
00e12e8b_6216,11597.854
00e12e8b_6217,11597.807
00e12e8b_6218,11597.765
00e12e8b_6219,11598.344
00e12e8b_6220,11598.596
00e12e8b_6221,11598.955
00e12e8b_6222,11598.976
00e12e8b_6223,11599.085
00e12e8b_6224,11599.016
00e12e8b_6225,11599.088
00e12e8b_6226,11599.102
00e12e8b_6227,11599.094
00e12e8b_6228,11599.172
00e12e8b_6229,11599.117
00e12e8b_6230,11599.258
00e12e8b_6231,11599.178
00e12e8b_6232,11599.12
00e12e8b_6233,11599.17
00e12e8b_6234,11600.084
00e12e8b_6235,11600.0205
00e12e8b_6236,11600.004
00e12e8b_6237,11600.0205
00e12e8b_6238,11600.08
00e12e8b_6239,11599.954
00e12e8b_6240,11599.939
00e12e8b_6241,11600.047
00e12e8b_6242,11599.909
00e12e8b_6243,11599.953
00e12e8b_6244,11600.089
00e12e8b_6245,11599.909
00e12e8b_6246,11599.909
00e12e8b_6247,11600.05
00e12e8b_6248,11599.892
00e12e8b_6249,11600.04
00e12e8b_6250,11599.968
00e12e8b_6251,11599.956
00e12e8b_6252,11600.06
00e12e8b_6253,11599.937
00e12e8b_6254,11600.084
00e12e8b_6255,11599.958
00e12e8b_6256,11600.14
00e12e8b_6257,11599.925
00e12e8b_6258,11600.055
00e12e8b_6259,11599.899
00e12e8b_6260,11599.948
00e12e8b_6261,11599.869
00e12e8b_6262,11599.825
00e12e8b_6263,11599.839
00e12e8b_6264,11599.663
00e12e8b_6265,11599.856
00e12e8b_6266,11599.791
00e12e8b_6267,11600.019
00e12e8b_6268,11599.95
00e12e8b_6269,11599.874
00e12e8b_6270,11599.998
00e12e8b_6271,11599.868
00e12e8b_6272,11599.983
00e12e8b_6273,11599.994
00e12e8b_6274,11599.74
00e12e8b_6275,11599.894
00e12e8b_6276,11599.82
00e12e8b_6277,11599.813
00e12e8b_6278,11599.693
00e12e8b_6279,11599.828
00e12e8b_6280,11599.769
00e12e8b_6281,11599.804
00e12e8b_6282,11599.678
00e12e8b_6283,11599.711
00e12e8b_6284,11599.69
00e12e8b_6285,11599.697
00e12e8b_6286,11599.623
00e12e8b_6287,11599.763
00e12e8b_6288,11599.772
00e12e8b_6289,11599.781
00e12e8b_6290,11599.809
00e12e8b_6291,11599.773
00e12e8b_6292,11599.738
00e12e8b_6293,11599.618
00e12e8b_6294,11599.607
00e12e8b_6295,11599.623
00e12e8b_6296,11599.627
00e12e8b_6297,11599.586
00e12e8b_6298,11599.509
00e12e8b_6299,11599.196
00e12e8b_6300,11599.19
00e12e8b_6301,11599.221
00e12e8b_6302,11599.431
00e12e8b_6303,11599.496
00e12e8b_6304,11599.344
00e12e8b_6305,11599.462
00e12e8b_6306,11599.426
00e12e8b_6307,11599.458
00e12e8b_6308,11599.613
00e12e8b_6309,11599.569
00e12e8b_6310,11599.565
00e12e8b_6311,11600.356
00e12e8b_6312,11600.317
00e12e8b_6313,11600.216
00e12e8b_6314,11600.202
00e12e8b_6315,11600.133
00e12e8b_6316,11599.953
00e12e8b_6317,11599.84
00e12e8b_6318,11600.025
00e12e8b_6319,11600.136
00e12e8b_6320,11600.104
00e12e8b_6321,11600.02
00e12e8b_6322,11600.022
00e12e8b_6323,11600.09
00e12e8b_6324,11600.004
00e12e8b_6325,11600.139
00e12e8b_6326,11600.146
00e12e8b_6327,11600.191
00e12e8b_6328,11600.187
00e12e8b_6329,11600.238
00e12e8b_6330,11600.169
00e12e8b_6331,11600.163
00e12e8b_6332,11600.158
00e12e8b_6333,11600.19
00e12e8b_6334,11600.218
00e12e8b_6335,11600.26
00e12e8b_6336,11600.251
00e12e8b_6337,11600.334
00e12e8b_6338,11600.35
00e12e8b_6339,11600.299
00e12e8b_6340,11600.237
00e12e8b_6341,11600.175
00e12e8b_6342,11600.029
00e12e8b_6343,11599.979
00e12e8b_6344,11599.972
00e12e8b_6345,11599.978
00e12e8b_6346,11599.961
00e12e8b_6347,11599.898
00e12e8b_6348,11599.758
00e12e8b_6349,11599.509
00e12e8b_6350,11599.498
00e12e8b_6351,11599.491
00e12e8b_6352,11599.522
00e12e8b_6353,11599.453
00e12e8b_6354,11599.386
00e12e8b_6355,11599.419
00e12e8b_6356,11599.309
00e12e8b_6357,11599.278
00e12e8b_6358,11599.355
00e12e8b_6359,11599.211
00e12e8b_6360,11599.225
00e12e8b_6361,11599.231
00e12e8b_6362,11599.159
00e12e8b_6363,11599.163
00e12e8b_6364,11598.825
00e12e8b_6365,11598.692
00e12e8b_6366,11598.616
00e12e8b_6367,11598.661
00e12e8b_6368,11598.6455
00e12e8b_6369,11598.573
00e12e8b_6370,11598.512
00e12e8b_6371,11598.536
00e12e8b_6372,11598.545
00e12e8b_6373,11598.543
00e12e8b_6374,11598.556
00e12e8b_6375,11598.583
00e12e8b_6376,11598.579
00e12e8b_6377,11598.445
00e12e8b_6378,11598.5205
00e12e8b_6379,11598.496
00e12e8b_6380,11598.577
00e12e8b_6381,11598.466
00e12e8b_6382,11598.466
00e12e8b_6383,11598.467
