id,tvt
000d7d20_1442,11749.709
000d7d20_1443,11749.705
000d7d20_1444,11749.724
000d7d20_1445,11749.72
000d7d20_1446,11749.7295
000d7d20_1447,11749.731
000d7d20_1448,11749.72
000d7d20_1449,11749.7295
000d7d20_1450,11749.734
000d7d20_1451,11749.731
000d7d20_1452,11749.727
000d7d20_1453,11749.74
000d7d20_1454,11749.74
000d7d20_1455,11749.717
000d7d20_1456,11749.715
000d7d20_1457,11749.707
000d7d20_1458,11749.714
000d7d20_1459,11749.722
000d7d20_1460,11749.71
000d7d20_1461,11749.722
000d7d20_1462,11749.716
000d7d20_1463,11749.714
000d7d20_1464,11749.712
000d7d20_1465,11749.723
000d7d20_1466,11749.735
000d7d20_1467,11749.744
000d7d20_1468,11749.738
000d7d20_1469,11749.751
000d7d20_1470,11749.747
000d7d20_1471,11749.768
000d7d20_1472,11749.765
000d7d20_1473,11749.765
000d7d20_1474,11749.801
000d7d20_1475,11749.796
000d7d20_1476,11749.788
000d7d20_1477,11749.787
000d7d20_1478,11749.78
000d7d20_1479,11749.775
000d7d20_1480,11749.775
000d7d20_1481,11749.756
000d7d20_1482,11749.767
000d7d20_1483,11749.766
000d7d20_1484,11749.766
000d7d20_1485,11749.752
000d7d20_1486,11749.758
000d7d20_1487,11749.756
000d7d20_1488,11749.761
000d7d20_1489,11749.751
000d7d20_1490,11749.717
000d7d20_1491,11749.715
000d7d20_1492,11749.699
000d7d20_1493,11749.703
000d7d20_1494,11749.691
000d7d20_1495,11749.689
000d7d20_1496,11749.6875
000d7d20_1497,11749.684
000d7d20_1498,11749.674
000d7d20_1499,11749.653
000d7d20_1500,11749.644
000d7d20_1501,11749.641
000d7d20_1502,11749.647
000d7d20_1503,11749.652
000d7d20_1504,11749.651
000d7d20_1505,11749.644
000d7d20_1506,11749.653
000d7d20_1507,11749.642
000d7d20_1508,11749.636
000d7d20_1509,11749.621
000d7d20_1510,11749.624
000d7d20_1511,11749.602
000d7d20_1512,11749.591
000d7d20_1513,11749.587
000d7d20_1514,11749.606
000d7d20_1515,11749.609
000d7d20_1516,11749.611
000d7d20_1517,11749.6
000d7d20_1518,11749.603
000d7d20_1519,11749.607
000d7d20_1520,11749.599
000d7d20_1521,11749.58
000d7d20_1522,11749.583
000d7d20_1523,11749.621
000d7d20_1524,11749.628
000d7d20_1525,11749.629
000d7d20_1526,11749.615
000d7d20_1527,11749.627
000d7d20_1528,11749.629
000d7d20_1529,11749.63
000d7d20_1530,11749.669
000d7d20_1531,11749.653
000d7d20_1532,11749.651
000d7d20_1533,11749.643
000d7d20_1534,11749.623
000d7d20_1535,11749.62
000d7d20_1536,11749.612
000d7d20_1537,11749.61
000d7d20_1538,11749.615
000d7d20_1539,11749.607
000d7d20_1540,11749.582
000d7d20_1541,11749.546
000d7d20_1542,11749.546
000d7d20_1543,11749.542
000d7d20_1544,11749.533
000d7d20_1545,11749.538
000d7d20_1546,11749.527
000d7d20_1547,11749.515
000d7d20_1548,11749.507
000d7d20_1549,11749.511
000d7d20_1550,11749.495
000d7d20_1551,11749.509
000d7d20_1552,11749.502
000d7d20_1553,11749.52
000d7d20_1554,11749.505
000d7d20_1555,11749.511
000d7d20_1556,11749.517
000d7d20_1557,11749.505
000d7d20_1558,11749.496
000d7d20_1559,11749.481
000d7d20_1560,11749.462
000d7d20_1561,11749.447
000d7d20_1562,11749.456
000d7d20_1563,11749.439
000d7d20_1564,11749.467
000d7d20_1565,11749.521
000d7d20_1566,11749.518
000d7d20_1567,11749.541
000d7d20_1568,11749.563
000d7d20_1569,11749.588
000d7d20_1570,11749.619
000d7d20_1571,11749.526
000d7d20_1572,11749.617
000d7d20_1573,11749.595
000d7d20_1574,11749.61
000d7d20_1575,11749.59
000d7d20_1576,11749.568
000d7d20_1577,11749.5625
000d7d20_1578,11749.579
000d7d20_1579,11749.583
000d7d20_1580,11749.601
000d7d20_1581,11749.581
000d7d20_1582,11749.584
000d7d20_1583,11749.533
000d7d20_1584,11749.542
000d7d20_1585,11749.531
000d7d20_1586,11749.517
000d7d20_1587,11749.512
000d7d20_1588,11749.511
000d7d20_1589,11749.519
000d7d20_1590,11749.505
000d7d20_1591,11749.502
000d7d20_1592,11749.502
000d7d20_1593,11749.481
000d7d20_1594,11749.481
000d7d20_1595,11749.477
000d7d20_1596,11749.467
000d7d20_1597,11749.472
000d7d20_1598,11749.469
000d7d20_1599,11749.453
000d7d20_1600,11749.457
000d7d20_1601,11749.453
000d7d20_1602,11749.44
000d7d20_1603,11749.431
000d7d20_1604,11749.425
000d7d20_1605,11749.408
000d7d20_1606,11749.398
000d7d20_1607,11749.3955
000d7d20_1608,11749.384
000d7d20_1609,11749.393
000d7d20_1610,11749.376
000d7d20_1611,11749.472
000d7d20_1612,11749.469
000d7d20_1613,11749.458
000d7d20_1614,11749.458
000d7d20_1615,11749.465
000d7d20_1616,11749.452
000d7d20_1617,11749.459
000d7d20_1618,11749.448
000d7d20_1619,11749.449
000d7d20_1620,11749.443
000d7d20_1621,11749.433
000d7d20_1622,11749.438
000d7d20_1623,11749.427
000d7d20_1624,11749.416
000d7d20_1625,11749.407
000d7d20_1626,11749.402
000d7d20_1627,11749.421
000d7d20_1628,11749.403
000d7d20_1629,11749.392
000d7d20_1630,11749.402
000d7d20_1631,11749.382
000d7d20_1632,11749.391
000d7d20_1633,11749.391
000d7d20_1634,11749.38
000d7d20_1635,11749.364
000d7d20_1636,11749.357
000d7d20_1637,11749.364
000d7d20_1638,11749.332
000d7d20_1639,11749.326
000d7d20_1640,11749.331
000d7d20_1641,11749.319
000d7d20_1642,11749.326
000d7d20_1643,11749.319
000d7d20_1644,11749.32
000d7d20_1645,11749.323
000d7d20_1646,11749.3125
000d7d20_1647,11749.325
000d7d20_1648,11749.315
000d7d20_1649,11749.31
000d7d20_1650,11749.305
000d7d20_1651,11749.305
000d7d20_1652,11749.298
000d7d20_1653,11749.295
000d7d20_1654,11749.288
000d7d20_1655,11749.278
000d7d20_1656,11749.272
000d7d20_1657,11749.248
000d7d20_1658,11749.255
000d7d20_1659,11749.24
000d7d20_1660,11749.236
000d7d20_1661,11749.231
000d7d20_1662,11749.229
000d7d20_1663,11749.244
000d7d20_1664,11749.221
000d7d20_1665,11749.239
000d7d20_1666,11749.227
000d7d20_1667,11749.17
000d7d20_1668,11749.148
000d7d20_1669,11749.152
000d7d20_1670,11749.143
000d7d20_1671,11749.151
000d7d20_1672,11749.143
000d7d20_1673,11749.1455
000d7d20_1674,11749.116
000d7d20_1675,11749.122
000d7d20_1676,11749.143
000d7d20_1677,11749.144
000d7d20_1678,11749.136
000d7d20_1679,11749.125
000d7d20_1680,11749.112
000d7d20_1681,11749.117
000d7d20_1682,11749.105
000d7d20_1683,11749.111
000d7d20_1684,11749.096
000d7d20_1685,11749.105
000d7d20_1686,11749.108
000d7d20_1687,11749.1
000d7d20_1688,11749.098
000d7d20_1689,11749.229
000d7d20_1690,11749.231
000d7d20_1691,11749.192
000d7d20_1692,11749.179
000d7d20_1693,11749.191
000d7d20_1694,11749.186
000d7d20_1695,11749.189
000d7d20_1696,11749.1875
000d7d20_1697,11749.177
000d7d20_1698,11749.179
000d7d20_1699,11749.178
000d7d20_1700,11749.178
000d7d20_1701,11749.167
000d7d20_1702,11749.168
000d7d20_1703,11749.156
000d7d20_1704,11749.162
000d7d20_1705,11749.159
000d7d20_1706,11749.157
000d7d20_1707,11749.154
000d7d20_1708,11749.142
000d7d20_1709,11749.143
000d7d20_1710,11749.129
000d7d20_1711,11749.133
000d7d20_1712,11749.128
000d7d20_1713,11749.121
000d7d20_1714,11749.115
000d7d20_1715,11749.107
000d7d20_1716,11749.101
000d7d20_1717,11749.1045
000d7d20_1718,11749.079
000d7d20_1719,11749.09
000d7d20_1720,11749.082
000d7d20_1721,11749.081
000d7d20_1722,11749.066
000d7d20_1723,11749.065
000d7d20_1724,11749.054
000d7d20_1725,11749.027
000d7d20_1726,11749.024
000d7d20_1727,11749.033
000d7d20_1728,11749.013
000d7d20_1729,11748.998
000d7d20_1730,11748.995
000d7d20_1731,11748.981
000d7d20_1732,11748.982
000d7d20_1733,11748.981
000d7d20_1734,11748.971
000d7d20_1735,11748.967
000d7d20_1736,11748.964
000d7d20_1737,11748.957
000d7d20_1738,11748.936
000d7d20_1739,11748.925
000d7d20_1740,11748.915
000d7d20_1741,11748.912
000d7d20_1742,11748.91
000d7d20_1743,11748.895
000d7d20_1744,11748.884
000d7d20_1745,11748.853
000d7d20_1746,11748.841
000d7d20_1747,11748.832
000d7d20_1748,11748.814
000d7d20_1749,11748.807
000d7d20_1750,11748.801
000d7d20_1751,11748.791
000d7d20_1752,11748.781
000d7d20_1753,11748.781
000d7d20_1754,11748.773
000d7d20_1755,11748.76
000d7d20_1756,11748.752
000d7d20_1757,11748.746
000d7d20_1758,11748.738
000d7d20_1759,11748.731
000d7d20_1760,11748.728
000d7d20_1761,11748.715
000d7d20_1762,11748.695
000d7d20_1763,11748.695
000d7d20_1764,11748.692
000d7d20_1765,11748.674
000d7d20_1766,11748.666
000d7d20_1767,11748.66
000d7d20_1768,11748.653
000d7d20_1769,11748.645
000d7d20_1770,11748.644
000d7d20_1771,11748.635
000d7d20_1772,11748.629
000d7d20_1773,11748.618
000d7d20_1774,11748.613
000d7d20_1775,11748.604
000d7d20_1776,11748.721
000d7d20_1777,11748.617
000d7d20_1778,11748.613
000d7d20_1779,11748.608
000d7d20_1780,11748.566
000d7d20_1781,11748.566
000d7d20_1782,11748.559
000d7d20_1783,11748.536
000d7d20_1784,11748.533
000d7d20_1785,11748.531
000d7d20_1786,11748.523
000d7d20_1787,11748.511
000d7d20_1788,11748.516
000d7d20_1789,11748.51
000d7d20_1790,11748.511
000d7d20_1791,11748.51
000d7d20_1792,11748.503
000d7d20_1793,11748.504
000d7d20_1794,11748.499
000d7d20_1795,11748.495
000d7d20_1796,11748.495
000d7d20_1797,11748.489
000d7d20_1798,11748.486
000d7d20_1799,11748.48
000d7d20_1800,11748.47
000d7d20_1801,11748.463
000d7d20_1802,11748.431
000d7d20_1803,11748.424
000d7d20_1804,11748.428
000d7d20_1805,11748.426
000d7d20_1806,11748.43
000d7d20_1807,11748.434
000d7d20_1808,11748.43
000d7d20_1809,11748.434
000d7d20_1810,11748.436
000d7d20_1811,11748.4375
000d7d20_1812,11748.438
000d7d20_1813,11748.43
000d7d20_1814,11748.432
000d7d20_1815,11748.421
000d7d20_1816,11748.422
000d7d20_1817,11748.41
000d7d20_1818,11748.406
000d7d20_1819,11748.421
000d7d20_1820,11748.414
000d7d20_1821,11748.417
000d7d20_1822,11748.42
000d7d20_1823,11748.413
000d7d20_1824,11748.421
000d7d20_1825,11748.421
000d7d20_1826,11748.429
000d7d20_1827,11748.433
000d7d20_1828,11748.428
000d7d20_1829,11748.431
000d7d20_1830,11748.421
000d7d20_1831,11748.426
000d7d20_1832,11748.417
000d7d20_1833,11748.418
000d7d20_1834,11748.414
000d7d20_1835,11748.42
000d7d20_1836,11748.436
000d7d20_1837,11748.412
000d7d20_1838,11748.404
000d7d20_1839,11748.415
000d7d20_1840,11748.416
000d7d20_1841,11748.416
000d7d20_1842,11748.428
000d7d20_1843,11748.425
000d7d20_1844,11748.426
000d7d20_1845,11748.425
000d7d20_1846,11748.436
000d7d20_1847,11748.444
000d7d20_1848,11748.444
000d7d20_1849,11748.443
000d7d20_1850,11748.444
000d7d20_1851,11748.448
000d7d20_1852,11748.449
000d7d20_1853,11748.453
000d7d20_1854,11748.461
000d7d20_1855,11748.462
000d7d20_1856,11748.476
000d7d20_1857,11748.487
000d7d20_1858,11748.484
000d7d20_1859,11748.613
000d7d20_1860,11748.617
000d7d20_1861,11748.626
000d7d20_1862,11748.636
000d7d20_1863,11748.64
000d7d20_1864,11748.633
000d7d20_1865,11748.639
000d7d20_1866,11748.64
000d7d20_1867,11748.647
000d7d20_1868,11748.651
000d7d20_1869,11748.659
000d7d20_1870,11748.666
000d7d20_1871,11748.66
000d7d20_1872,11748.686
000d7d20_1873,11748.694
000d7d20_1874,11748.711
000d7d20_1875,11748.718
000d7d20_1876,11748.731
000d7d20_1877,11748.74
000d7d20_1878,11748.75
000d7d20_1879,11748.744
000d7d20_1880,11748.755
000d7d20_1881,11748.756
000d7d20_1882,11748.76
000d7d20_1883,11748.788
000d7d20_1884,11748.801
000d7d20_1885,11748.817
000d7d20_1886,11748.825
000d7d20_1887,11748.811
000d7d20_1888,11748.835
000d7d20_1889,11748.839
000d7d20_1890,11748.8545
000d7d20_1891,11748.865
000d7d20_1892,11748.875
000d7d20_1893,11748.876
000d7d20_1894,11748.915
000d7d20_1895,11748.923
000d7d20_1896,11748.934
000d7d20_1897,11748.94
000d7d20_1898,11748.945
000d7d20_1899,11748.958
000d7d20_1900,11748.969
000d7d20_1901,11748.965
000d7d20_1902,11748.975
000d7d20_1903,11748.995
000d7d20_1904,11748.957
000d7d20_1905,11748.992
000d7d20_1906,11749.0
000d7d20_1907,11749.01
000d7d20_1908,11749.034
000d7d20_1909,11749.031
000d7d20_1910,11749.033
000d7d20_1911,11749.044
000d7d20_1912,11749.056
000d7d20_1913,11749.071
000d7d20_1914,11749.088
000d7d20_1915,11749.099
000d7d20_1916,11749.108
000d7d20_1917,11749.107
000d7d20_1918,11749.138
000d7d20_1919,11749.148
000d7d20_1920,11749.161
000d7d20_1921,11749.133
000d7d20_1922,11749.1455
000d7d20_1923,11749.152
000d7d20_1924,11749.161
000d7d20_1925,11749.175
000d7d20_1926,11749.186
000d7d20_1927,11749.2
000d7d20_1928,11749.204
000d7d20_1929,11749.202
000d7d20_1930,11749.228
000d7d20_1931,11749.238
000d7d20_1932,11749.261
000d7d20_1933,11749.281
000d7d20_1934,11749.311
000d7d20_1935,11749.359
000d7d20_1936,11749.357
000d7d20_1937,11749.516
000d7d20_1938,11749.508
000d7d20_1939,11749.5205
000d7d20_1940,11749.672
000d7d20_1941,11749.671
000d7d20_1942,11749.672
000d7d20_1943,11749.706
000d7d20_1944,11749.751
000d7d20_1945,11749.755
000d7d20_1946,11749.761
000d7d20_1947,11749.769
000d7d20_1948,11749.803
000d7d20_1949,11749.835
000d7d20_1950,11749.848
000d7d20_1951,11749.861
000d7d20_1952,11749.876
000d7d20_1953,11749.89
000d7d20_1954,11749.908
000d7d20_1955,11749.913
000d7d20_1956,11749.912
000d7d20_1957,11749.915
000d7d20_1958,11749.93
000d7d20_1959,11749.925
000d7d20_1960,11749.942
000d7d20_1961,11749.944
000d7d20_1962,11749.932
000d7d20_1963,11749.817
000d7d20_1964,11749.787
000d7d20_1965,11749.799
000d7d20_1966,11749.807
000d7d20_1967,11749.812
000d7d20_1968,11749.836
000d7d20_1969,11749.829
000d7d20_1970,11749.835
000d7d20_1971,11749.846
000d7d20_1972,11749.856
000d7d20_1973,11749.862
000d7d20_1974,11749.878
000d7d20_1975,11749.879
000d7d20_1976,11749.89
000d7d20_1977,11749.901
000d7d20_1978,11749.905
000d7d20_1979,11749.921
000d7d20_1980,11749.93
000d7d20_1981,11749.936
000d7d20_1982,11749.943
000d7d20_1983,11749.955
000d7d20_1984,11749.961
000d7d20_1985,11749.969
000d7d20_1986,11749.9795
000d7d20_1987,11749.973
000d7d20_1988,11749.983
000d7d20_1989,11749.999
000d7d20_1990,11750.007
000d7d20_1991,11750.016
000d7d20_1992,11750.0205
000d7d20_1993,11750.039
000d7d20_1994,11750.037
000d7d20_1995,11750.052
000d7d20_1996,11750.062
000d7d20_1997,11750.072
000d7d20_1998,11750.085
000d7d20_1999,11750.096
000d7d20_2000,11750.105
000d7d20_2001,11750.103
000d7d20_2002,11750.107
000d7d20_2003,11750.12
000d7d20_2004,11750.126
000d7d20_2005,11750.143
000d7d20_2006,11750.147
000d7d20_2007,11750.17
000d7d20_2008,11750.176
000d7d20_2009,11750.253
000d7d20_2010,11750.286
000d7d20_2011,11750.298
000d7d20_2012,11750.418
000d7d20_2013,11750.44
000d7d20_2014,11750.436
000d7d20_2015,11750.435
000d7d20_2016,11750.447
000d7d20_2017,11750.488
000d7d20_2018,11750.548
000d7d20_2019,11750.577
000d7d20_2020,11750.631
000d7d20_2021,11750.642
000d7d20_2022,11750.655
000d7d20_2023,11750.661
000d7d20_2024,11750.687
000d7d20_2025,11750.695
000d7d20_2026,11750.691
000d7d20_2027,11750.707
000d7d20_2028,11750.722
000d7d20_2029,11750.75
000d7d20_2030,11750.758
000d7d20_2031,11750.775
000d7d20_2032,11750.786
000d7d20_2033,11750.8
000d7d20_2034,11750.832
000d7d20_2035,11750.84
000d7d20_2036,11750.8545
000d7d20_2037,11750.859
000d7d20_2038,11750.876
000d7d20_2039,11750.893
000d7d20_2040,11750.908
000d7d20_2041,11750.87
000d7d20_2042,11750.887
000d7d20_2043,11750.933
000d7d20_2044,11750.941
000d7d20_2045,11750.956
000d7d20_2046,11750.936
000d7d20_2047,11750.946
000d7d20_2048,11750.949
000d7d20_2049,11750.976
000d7d20_2050,11750.985
000d7d20_2051,11750.986
000d7d20_2052,11750.97
000d7d20_2053,11750.969
000d7d20_2054,11750.985
000d7d20_2055,11751.0
000d7d20_2056,11751.006
000d7d20_2057,11751.004
000d7d20_2058,11751.016
000d7d20_2059,11751.019
000d7d20_2060,11750.93
000d7d20_2061,11750.942
000d7d20_2062,11750.943
000d7d20_2063,11750.949
000d7d20_2064,11750.953
000d7d20_2065,11750.959
000d7d20_2066,11750.97
000d7d20_2067,11750.978
000d7d20_2068,11750.985
000d7d20_2069,11750.998
000d7d20_2070,11750.998
000d7d20_2071,11751.015
000d7d20_2072,11751.019
000d7d20_2073,11751.029
000d7d20_2074,11751.027
000d7d20_2075,11751.035
000d7d20_2076,11751.043
000d7d20_2077,11751.043
000d7d20_2078,11751.036
000d7d20_2079,11751.037
000d7d20_2080,11751.051
000d7d20_2081,11751.055
000d7d20_2082,11751.067
000d7d20_2083,11751.062
000d7d20_2084,11751.075
000d7d20_2085,11751.091
000d7d20_2086,11751.082
000d7d20_2087,11751.101
000d7d20_2088,11751.085
000d7d20_2089,11751.1
000d7d20_2090,11751.1045
000d7d20_2091,11751.119
000d7d20_2092,11751.129
000d7d20_2093,11751.137
000d7d20_2094,11751.142
000d7d20_2095,11751.141
000d7d20_2096,11751.157
000d7d20_2097,11751.157
000d7d20_2098,11751.168
000d7d20_2099,11751.186
000d7d20_2100,11751.2
000d7d20_2101,11751.206
000d7d20_2102,11751.221
000d7d20_2103,11751.229
000d7d20_2104,11751.235
000d7d20_2105,11751.2295
000d7d20_2106,11751.243
000d7d20_2107,11751.247
000d7d20_2108,11751.251
000d7d20_2109,11751.266
000d7d20_2110,11751.233
000d7d20_2111,11751.232
000d7d20_2112,11751.259
000d7d20_2113,11751.308
000d7d20_2114,11751.224
000d7d20_2115,11751.313
000d7d20_2116,11751.306
000d7d20_2117,11751.316
000d7d20_2118,11751.261
000d7d20_2119,11751.271
000d7d20_2120,11751.318
000d7d20_2121,11751.2705
000d7d20_2122,11751.314
000d7d20_2123,11751.328
000d7d20_2124,11751.325
000d7d20_2125,11751.325
000d7d20_2126,11751.345
000d7d20_2127,11751.344
000d7d20_2128,11751.335
000d7d20_2129,11751.344
000d7d20_2130,11751.334
000d7d20_2131,11751.357
000d7d20_2132,11751.36
000d7d20_2133,11751.356
000d7d20_2134,11751.36
000d7d20_2135,11751.358
000d7d20_2136,11751.375
000d7d20_2137,11751.358
000d7d20_2138,11751.368
000d7d20_2139,11751.38
000d7d20_2140,11751.378
000d7d20_2141,11751.385
000d7d20_2142,11751.392
000d7d20_2143,11751.371
000d7d20_2144,11751.376
000d7d20_2145,11751.331
000d7d20_2146,11751.281
000d7d20_2147,11751.25
000d7d20_2148,11751.26
000d7d20_2149,11751.221
000d7d20_2150,11751.2295
000d7d20_2151,11751.223
000d7d20_2152,11751.221
000d7d20_2153,11751.224
000d7d20_2154,11751.224
000d7d20_2155,11751.234
000d7d20_2156,11751.222
000d7d20_2157,11751.213
000d7d20_2158,11751.215
000d7d20_2159,11751.24
000d7d20_2160,11751.244
000d7d20_2161,11751.242
000d7d20_2162,11751.25
000d7d20_2163,11751.245
000d7d20_2164,11751.25
000d7d20_2165,11751.251
000d7d20_2166,11751.243
000d7d20_2167,11751.248
000d7d20_2168,11751.239
000d7d20_2169,11751.235
000d7d20_2170,11751.245
000d7d20_2171,11751.261
000d7d20_2172,11751.275
000d7d20_2173,11751.277
000d7d20_2174,11751.278
000d7d20_2175,11751.288
000d7d20_2176,11751.267
000d7d20_2177,11751.275
000d7d20_2178,11751.278
000d7d20_2179,11751.264
000d7d20_2180,11751.262
000d7d20_2181,11751.371
000d7d20_2182,11751.38
000d7d20_2183,11751.376
000d7d20_2184,11751.381
000d7d20_2185,11751.379
000d7d20_2186,11751.381
000d7d20_2187,11751.375
000d7d20_2188,11751.385
000d7d20_2189,11751.377
000d7d20_2190,11751.368
000d7d20_2191,11751.374
000d7d20_2192,11751.38
000d7d20_2193,11751.372
000d7d20_2194,11751.379
000d7d20_2195,11751.374
000d7d20_2196,11751.381
000d7d20_2197,11751.381
000d7d20_2198,11751.377
000d7d20_2199,11751.377
000d7d20_2200,11751.387
000d7d20_2201,11751.38
000d7d20_2202,11751.388
000d7d20_2203,11751.382
000d7d20_2204,11751.379
000d7d20_2205,11751.375
000d7d20_2206,11751.373
000d7d20_2207,11751.337
000d7d20_2208,11751.334
000d7d20_2209,11751.34
000d7d20_2210,11751.341
000d7d20_2211,11751.334
000d7d20_2212,11751.333
000d7d20_2213,11751.328
000d7d20_2214,11751.33
000d7d20_2215,11751.329
000d7d20_2216,11751.335
000d7d20_2217,11751.326
000d7d20_2218,11751.331
000d7d20_2219,11751.33
000d7d20_2220,11751.331
000d7d20_2221,11751.334
000d7d20_2222,11751.341
000d7d20_2223,11751.349
000d7d20_2224,11751.351
000d7d20_2225,11751.3545
000d7d20_2226,11751.359
000d7d20_2227,11751.36
000d7d20_2228,11751.364
000d7d20_2229,11751.372
000d7d20_2230,11751.376
000d7d20_2231,11751.366
000d7d20_2232,11751.373
000d7d20_2233,11751.377
000d7d20_2234,11751.383
000d7d20_2235,11751.383
000d7d20_2236,11751.4
000d7d20_2237,11751.422
000d7d20_2238,11751.417
000d7d20_2239,11751.416
000d7d20_2240,11751.432
000d7d20_2241,11751.428
000d7d20_2242,11751.427
000d7d20_2243,11751.468
000d7d20_2244,11751.46
000d7d20_2245,11751.455
000d7d20_2246,11751.459
000d7d20_2247,11751.46
000d7d20_2248,11751.451
000d7d20_2249,11751.451
000d7d20_2250,11751.45
000d7d20_2251,11751.453
000d7d20_2252,11751.446
000d7d20_2253,11751.442
000d7d20_2254,11751.4375
000d7d20_2255,11751.435
000d7d20_2256,11751.437
000d7d20_2257,11751.433
000d7d20_2258,11751.434
000d7d20_2259,11751.431
000d7d20_2260,11751.426
000d7d20_2261,11751.424
000d7d20_2262,11751.409
000d7d20_2263,11751.408
000d7d20_2264,11751.401
000d7d20_2265,11751.394
000d7d20_2266,11751.449
000d7d20_2267,11751.443
000d7d20_2268,11751.438
000d7d20_2269,11751.44
000d7d20_2270,11751.426
000d7d20_2271,11751.424
000d7d20_2272,11751.43
000d7d20_2273,11751.425
000d7d20_2274,11751.411
000d7d20_2275,11751.401
000d7d20_2276,11751.395
000d7d20_2277,11751.387
000d7d20_2278,11751.379
000d7d20_2279,11751.357
000d7d20_2280,11751.339
000d7d20_2281,11751.294
000d7d20_2282,11751.296
000d7d20_2283,11751.283
000d7d20_2284,11751.275
000d7d20_2285,11751.269
000d7d20_2286,11751.269
000d7d20_2287,11751.248
000d7d20_2288,11751.236
000d7d20_2289,11751.218
000d7d20_2290,11751.196
000d7d20_2291,11751.203
000d7d20_2292,11751.205
000d7d20_2293,11751.2
000d7d20_2294,11751.196
000d7d20_2295,11751.179
000d7d20_2296,11751.165
000d7d20_2297,11751.177
000d7d20_2298,11751.186
000d7d20_2299,11751.173
000d7d20_2300,11751.167
000d7d20_2301,11751.181
000d7d20_2302,11751.168
000d7d20_2303,11751.162
000d7d20_2304,11751.139
000d7d20_2305,11751.135
000d7d20_2306,11751.124
000d7d20_2307,11751.124
000d7d20_2308,11751.123
000d7d20_2309,11751.109
000d7d20_2310,11751.116
000d7d20_2311,11751.103
000d7d20_2312,11751.1
000d7d20_2313,11751.098
000d7d20_2314,11751.105
000d7d20_2315,11751.091
000d7d20_2316,11751.084
000d7d20_2317,11751.092
000d7d20_2318,11751.077
000d7d20_2319,11751.064
000d7d20_2320,11751.074
000d7d20_2321,11751.065
000d7d20_2322,11751.074
000d7d20_2323,11751.073
000d7d20_2324,11751.056
000d7d20_2325,11751.055
000d7d20_2326,11751.052
000d7d20_2327,11751.057
000d7d20_2328,11751.075
000d7d20_2329,11751.103
000d7d20_2330,11751.103
000d7d20_2331,11751.277
000d7d20_2332,11751.28
000d7d20_2333,11751.272
000d7d20_2334,11751.255
000d7d20_2335,11751.249
000d7d20_2336,11751.236
000d7d20_2337,11751.2295
000d7d20_2338,11751.228
000d7d20_2339,11751.222
000d7d20_2340,11751.204
000d7d20_2341,11751.2
000d7d20_2342,11751.1875
000d7d20_2343,11751.182
000d7d20_2344,11751.187
000d7d20_2345,11751.204
000d7d20_2346,11751.195
000d7d20_2347,11751.187
000d7d20_2348,11751.165
000d7d20_2349,11751.153
000d7d20_2350,11751.201
000d7d20_2351,11751.197
000d7d20_2352,11751.189
000d7d20_2353,11751.187
000d7d20_2354,11751.182
000d7d20_2355,11751.181
000d7d20_2356,11751.176
000d7d20_2357,11751.166
000d7d20_2358,11751.15
000d7d20_2359,11751.147
000d7d20_2360,11751.14
000d7d20_2361,11751.134
000d7d20_2362,11751.091
000d7d20_2363,11751.05
000d7d20_2364,11751.025
000d7d20_2365,11750.933
000d7d20_2366,11750.885
000d7d20_2367,11750.891
000d7d20_2368,11750.867
000d7d20_2369,11750.853
000d7d20_2370,11750.856
000d7d20_2371,11750.831
000d7d20_2372,11750.823
000d7d20_2373,11750.813
000d7d20_2374,11750.779
000d7d20_2375,11750.756
000d7d20_2376,11750.753
000d7d20_2377,11750.773
000d7d20_2378,11750.76
000d7d20_2379,11750.712
000d7d20_2380,11750.71
000d7d20_2381,11750.706
000d7d20_2382,11750.689
000d7d20_2383,11750.672
000d7d20_2384,11750.668
000d7d20_2385,11750.689
000d7d20_2386,11750.71
000d7d20_2387,11750.687
000d7d20_2388,11750.685
000d7d20_2389,11750.658
000d7d20_2390,11750.68
000d7d20_2391,11750.822
000d7d20_2392,11750.807
000d7d20_2393,11750.819
000d7d20_2394,11750.809
000d7d20_2395,11750.785
000d7d20_2396,11750.774
000d7d20_2397,11750.818
000d7d20_2398,11750.801
000d7d20_2399,11750.781
000d7d20_2400,11750.805
000d7d20_2401,11750.77
000d7d20_2402,11750.7705
000d7d20_2403,11750.753
000d7d20_2404,11750.729
000d7d20_2405,11750.736
000d7d20_2406,11750.724
000d7d20_2407,11750.729
000d7d20_2408,11750.716
000d7d20_2409,11750.717
000d7d20_2410,11750.688
000d7d20_2411,11750.695
000d7d20_2412,11750.675
000d7d20_2413,11750.667
000d7d20_2414,11750.654
000d7d20_2415,11750.664
000d7d20_2416,11750.648
000d7d20_2417,11750.656
000d7d20_2418,11750.65
000d7d20_2419,11750.608
000d7d20_2420,11750.599
000d7d20_2421,11750.594
000d7d20_2422,11750.575
000d7d20_2423,11750.564
000d7d20_2424,11750.557
000d7d20_2425,11750.537
000d7d20_2426,11750.516
000d7d20_2427,11750.485
000d7d20_2428,11750.485
000d7d20_2429,11750.464
000d7d20_2430,11750.442
000d7d20_2431,11750.456
000d7d20_2432,11750.4375
000d7d20_2433,11750.43
000d7d20_2434,11750.428
000d7d20_2435,11750.412
000d7d20_2436,11750.42
000d7d20_2437,11750.42
000d7d20_2438,11750.477
000d7d20_2439,11750.452
000d7d20_2440,11750.426
000d7d20_2441,11750.428
000d7d20_2442,11750.423
000d7d20_2443,11750.413
000d7d20_2444,11750.39
000d7d20_2445,11750.392
000d7d20_2446,11750.296
000d7d20_2447,11750.264
000d7d20_2448,11750.247
000d7d20_2449,11750.21
000d7d20_2450,11750.191
000d7d20_2451,11750.168
000d7d20_2452,11750.149
000d7d20_2453,11750.096
000d7d20_2454,11750.075
000d7d20_2455,11750.0625
000d7d20_2456,11750.033
000d7d20_2457,11750.014
000d7d20_2458,11749.996
000d7d20_2459,11749.989
000d7d20_2460,11749.962
000d7d20_2461,11749.938
000d7d20_2462,11749.928
000d7d20_2463,11749.916
000d7d20_2464,11749.908
000d7d20_2465,11749.899
000d7d20_2466,11749.885
000d7d20_2467,11749.88
000d7d20_2468,11749.849
000d7d20_2469,11749.836
000d7d20_2470,11749.822
000d7d20_2471,11749.811
000d7d20_2472,11749.807
000d7d20_2473,11749.792
000d7d20_2474,11749.771
000d7d20_2475,11749.743
000d7d20_2476,11749.745
000d7d20_2477,11749.732
000d7d20_2478,11749.706
000d7d20_2479,11749.686
000d7d20_2480,11749.663
000d7d20_2481,11749.653
000d7d20_2482,11749.63
000d7d20_2483,11749.643
000d7d20_2484,11749.621
000d7d20_2485,11749.609
000d7d20_2486,11749.584
000d7d20_2487,11749.574
000d7d20_2488,11749.56
000d7d20_2489,11749.56
000d7d20_2490,11749.543
000d7d20_2491,11749.534
000d7d20_2492,11749.523
000d7d20_2493,11749.514
000d7d20_2494,11749.512
000d7d20_2495,11749.5
000d7d20_2496,11749.482
000d7d20_2497,11749.467
000d7d20_2498,11749.456
000d7d20_2499,11749.449
000d7d20_2500,11749.442
000d7d20_2501,11749.427
000d7d20_2502,11749.413
000d7d20_2503,11749.391
000d7d20_2504,11749.379
000d7d20_2505,11749.362
000d7d20_2506,11749.349
000d7d20_2507,11749.343
000d7d20_2508,11749.332
000d7d20_2509,11749.328
000d7d20_2510,11749.309
000d7d20_2511,11749.308
000d7d20_2512,11749.29
000d7d20_2513,11749.285
000d7d20_2514,11749.259
000d7d20_2515,11749.253
000d7d20_2516,11749.244
000d7d20_2517,11749.242
000d7d20_2518,11749.239
000d7d20_2519,11749.237
000d7d20_2520,11749.211
000d7d20_2521,11749.195
000d7d20_2522,11749.194
000d7d20_2523,11749.18
000d7d20_2524,11749.163
000d7d20_2525,11749.162
000d7d20_2526,11749.195
000d7d20_2527,11749.166
000d7d20_2528,11749.157
000d7d20_2529,11749.157
000d7d20_2530,11749.141
000d7d20_2531,11749.123
000d7d20_2532,11749.122
000d7d20_2533,11749.124
000d7d20_2534,11749.107
000d7d20_2535,11749.103
000d7d20_2536,11749.093
000d7d20_2537,11749.086
000d7d20_2538,11749.082
000d7d20_2539,11749.081
000d7d20_2540,11749.072
000d7d20_2541,11749.061
000d7d20_2542,11749.038
000d7d20_2543,11749.034
000d7d20_2544,11749.035
000d7d20_2545,11749.029
000d7d20_2546,11749.025
000d7d20_2547,11749.008
000d7d20_2548,11748.997
000d7d20_2549,11748.989
000d7d20_2550,11748.991
000d7d20_2551,11748.982
000d7d20_2552,11748.982
000d7d20_2553,11748.975
000d7d20_2554,11748.963
000d7d20_2555,11748.966
000d7d20_2556,11748.962
000d7d20_2557,11748.957
000d7d20_2558,11748.951
000d7d20_2559,11748.941
000d7d20_2560,11748.936
000d7d20_2561,11748.929
000d7d20_2562,11748.93
000d7d20_2563,11748.931
000d7d20_2564,11748.925
000d7d20_2565,11748.915
000d7d20_2566,11748.909
000d7d20_2567,11748.901
000d7d20_2568,11748.89
000d7d20_2569,11748.887
000d7d20_2570,11748.892
000d7d20_2571,11748.875
000d7d20_2572,11748.878
000d7d20_2573,11748.875
000d7d20_2574,11748.868
000d7d20_2575,11748.8545
000d7d20_2576,11748.852
000d7d20_2577,11748.846
000d7d20_2578,11748.847
000d7d20_2579,11748.842
000d7d20_2580,11748.832
000d7d20_2581,11748.814
000d7d20_2582,11748.816
000d7d20_2583,11748.808
000d7d20_2584,11748.808
000d7d20_2585,11748.811
000d7d20_2586,11748.805
000d7d20_2587,11748.801
000d7d20_2588,11748.791
000d7d20_2589,11748.768
000d7d20_2590,11748.777
000d7d20_2591,11748.762
000d7d20_2592,11748.758
000d7d20_2593,11748.747
000d7d20_2594,11748.739
000d7d20_2595,11748.733
000d7d20_2596,11748.733
000d7d20_2597,11748.73
000d7d20_2598,11748.725
000d7d20_2599,11748.707
000d7d20_2600,11748.707
000d7d20_2601,11748.709
000d7d20_2602,11748.71
000d7d20_2603,11748.687
000d7d20_2604,11748.696
000d7d20_2605,11748.69
000d7d20_2606,11748.687
000d7d20_2607,11748.706
000d7d20_2608,11748.693
000d7d20_2609,11748.703
000d7d20_2610,11748.691
000d7d20_2611,11748.708
000d7d20_2612,11748.694
000d7d20_2613,11748.691
000d7d20_2614,11748.699
000d7d20_2615,11748.688
000d7d20_2616,11748.693
000d7d20_2617,11748.711
000d7d20_2618,11748.707
000d7d20_2619,11748.703
000d7d20_2620,11748.715
000d7d20_2621,11748.714
000d7d20_2622,11748.702
000d7d20_2623,11748.7
000d7d20_2624,11748.708
000d7d20_2625,11748.712
000d7d20_2626,11748.711
000d7d20_2627,11748.729
000d7d20_2628,11748.732
000d7d20_2629,11748.729
000d7d20_2630,11748.719
000d7d20_2631,11748.727
000d7d20_2632,11748.732
000d7d20_2633,11748.7295
000d7d20_2634,11748.721
000d7d20_2635,11748.73
000d7d20_2636,11748.736
000d7d20_2637,11748.756
000d7d20_2638,11748.753
000d7d20_2639,11748.747
000d7d20_2640,11748.749
000d7d20_2641,11748.758
000d7d20_2642,11748.752
000d7d20_2643,11748.744
000d7d20_2644,11748.739
000d7d20_2645,11748.736
000d7d20_2646,11748.741
000d7d20_2647,11748.742
000d7d20_2648,11748.748
000d7d20_2649,11748.749
000d7d20_2650,11748.735
000d7d20_2651,11748.744
000d7d20_2652,11748.737
000d7d20_2653,11748.734
000d7d20_2654,11748.74
000d7d20_2655,11748.73
000d7d20_2656,11748.73
000d7d20_2657,11748.735
000d7d20_2658,11748.737
000d7d20_2659,11748.74
000d7d20_2660,11748.738
000d7d20_2661,11748.733
000d7d20_2662,11748.722
000d7d20_2663,11748.732
000d7d20_2664,11748.721
000d7d20_2665,11748.73
000d7d20_2666,11748.728
000d7d20_2667,11748.737
000d7d20_2668,11748.738
000d7d20_2669,11748.752
000d7d20_2670,11748.742
000d7d20_2671,11748.751
000d7d20_2672,11748.76
000d7d20_2673,11748.764
000d7d20_2674,11748.766
000d7d20_2675,11748.77
000d7d20_2676,11748.784
000d7d20_2677,11748.774
000d7d20_2678,11748.801
000d7d20_2679,11748.784
000d7d20_2680,11748.799
000d7d20_2681,11748.808
000d7d20_2682,11748.803
000d7d20_2683,11748.805
000d7d20_2684,11748.8125
000d7d20_2685,11748.827
000d7d20_2686,11748.839
000d7d20_2687,11748.835
000d7d20_2688,11748.846
000d7d20_2689,11748.855
000d7d20_2690,11748.857
000d7d20_2691,11748.857
000d7d20_2692,11748.85
000d7d20_2693,11748.861
000d7d20_2694,11748.86
000d7d20_2695,11748.875
000d7d20_2696,11748.882
000d7d20_2697,11748.887
000d7d20_2698,11748.901
000d7d20_2699,11748.907
000d7d20_2700,11748.939
000d7d20_2701,11748.936
000d7d20_2702,11748.926
000d7d20_2703,11748.943
000d7d20_2704,11748.942
000d7d20_2705,11748.95
000d7d20_2706,11748.946
000d7d20_2707,11748.948
000d7d20_2708,11748.964
000d7d20_2709,11748.967
000d7d20_2710,11748.9795
000d7d20_2711,11748.9795
000d7d20_2712,11748.982
000d7d20_2713,11748.956
000d7d20_2714,11748.977
000d7d20_2715,11748.978
000d7d20_2716,11748.979
000d7d20_2717,11748.993
000d7d20_2718,11749.0
000d7d20_2719,11749.005
000d7d20_2720,11749.006
000d7d20_2721,11749.016
000d7d20_2722,11749.02
000d7d20_2723,11749.036
000d7d20_2724,11749.04
000d7d20_2725,11749.041
000d7d20_2726,11749.062
000d7d20_2727,11749.063
000d7d20_2728,11749.071
000d7d20_2729,11749.072
000d7d20_2730,11749.105
000d7d20_2731,11749.115
000d7d20_2732,11749.12
000d7d20_2733,11749.116
000d7d20_2734,11749.136
000d7d20_2735,11749.134
000d7d20_2736,11749.14
000d7d20_2737,11749.172
000d7d20_2738,11749.16
000d7d20_2739,11749.166
000d7d20_2740,11749.165
000d7d20_2741,11749.176
000d7d20_2742,11749.175
000d7d20_2743,11749.22
000d7d20_2744,11749.23
000d7d20_2745,11749.244
000d7d20_2746,11749.259
000d7d20_2747,11749.261
000d7d20_2748,11749.256
000d7d20_2749,11749.268
000d7d20_2750,11749.269
000d7d20_2751,11749.279
000d7d20_2752,11749.273
000d7d20_2753,11749.275
000d7d20_2754,11749.27
000d7d20_2755,11749.273
000d7d20_2756,11749.27
000d7d20_2757,11749.275
000d7d20_2758,11749.274
000d7d20_2759,11749.284
000d7d20_2760,11749.273
000d7d20_2761,11749.296
000d7d20_2762,11749.286
000d7d20_2763,11749.282
000d7d20_2764,11749.294
000d7d20_2765,11749.296
000d7d20_2766,11749.292
000d7d20_2767,11749.294
000d7d20_2768,11749.3
000d7d20_2769,11749.306
000d7d20_2770,11749.307
000d7d20_2771,11749.289
000d7d20_2772,11749.28
000d7d20_2773,11749.2705
000d7d20_2774,11749.271
000d7d20_2775,11749.275
000d7d20_2776,11749.258
000d7d20_2777,11749.249
000d7d20_2778,11749.247
000d7d20_2779,11749.256
000d7d20_2780,11749.256
000d7d20_2781,11749.26
000d7d20_2782,11749.259
000d7d20_2783,11749.256
000d7d20_2784,11749.261
000d7d20_2785,11749.273
000d7d20_2786,11749.263
000d7d20_2787,11749.272
000d7d20_2788,11749.278
000d7d20_2789,11749.261
000d7d20_2790,11749.267
000d7d20_2791,11749.252
000d7d20_2792,11749.258
000d7d20_2793,11749.251
000d7d20_2794,11749.25
000d7d20_2795,11749.261
000d7d20_2796,11749.251
000d7d20_2797,11749.252
000d7d20_2798,11749.251
000d7d20_2799,11749.261
000d7d20_2800,11749.252
000d7d20_2801,11749.251
000d7d20_2802,11749.247
000d7d20_2803,11749.253
000d7d20_2804,11749.243
000d7d20_2805,11749.257
000d7d20_2806,11749.24
000d7d20_2807,11749.239
000d7d20_2808,11749.245
000d7d20_2809,11749.223
000d7d20_2810,11749.235
000d7d20_2811,11749.217
000d7d20_2812,11749.214
000d7d20_2813,11749.212
000d7d20_2814,11749.199
000d7d20_2815,11749.207
000d7d20_2816,11749.215
000d7d20_2817,11749.224
000d7d20_2818,11749.227
000d7d20_2819,11749.221
000d7d20_2820,11749.222
000d7d20_2821,11749.212
000d7d20_2822,11749.217
000d7d20_2823,11749.227
000d7d20_2824,11749.211
000d7d20_2825,11749.205
000d7d20_2826,11749.206
000d7d20_2827,11749.214
000d7d20_2828,11749.204
000d7d20_2829,11749.204
000d7d20_2830,11749.196
000d7d20_2831,11749.194
000d7d20_2832,11749.192
000d7d20_2833,11749.179
000d7d20_2834,11749.18
000d7d20_2835,11749.183
000d7d20_2836,11749.165
000d7d20_2837,11749.157
000d7d20_2838,11749.161
000d7d20_2839,11749.163
000d7d20_2840,11749.155
000d7d20_2841,11749.148
000d7d20_2842,11749.154
000d7d20_2843,11749.146
000d7d20_2844,11749.153
000d7d20_2845,11749.137
000d7d20_2846,11749.141
000d7d20_2847,11749.137
000d7d20_2848,11749.117
000d7d20_2849,11749.124
000d7d20_2850,11749.13
000d7d20_2851,11749.125
000d7d20_2852,11749.125
000d7d20_2853,11749.116
000d7d20_2854,11749.12
000d7d20_2855,11749.105
000d7d20_2856,11749.1
000d7d20_2857,11749.103
000d7d20_2858,11749.095
000d7d20_2859,11749.093
000d7d20_2860,11749.078
000d7d20_2861,11749.117
000d7d20_2862,11749.129
000d7d20_2863,11749.132
000d7d20_2864,11749.122
000d7d20_2865,11749.12
000d7d20_2866,11749.113
000d7d20_2867,11749.105
000d7d20_2868,11749.112
000d7d20_2869,11749.119
000d7d20_2870,11749.107
000d7d20_2871,11749.103
000d7d20_2872,11749.104
000d7d20_2873,11749.096
000d7d20_2874,11749.087
000d7d20_2875,11749.09
000d7d20_2876,11749.089
000d7d20_2877,11749.076
000d7d20_2878,11749.07
000d7d20_2879,11749.067
000d7d20_2880,11749.071
000d7d20_2881,11749.063
000d7d20_2882,11749.055
000d7d20_2883,11749.057
000d7d20_2884,11749.057
000d7d20_2885,11749.065
000d7d20_2886,11749.047
000d7d20_2887,11749.048
000d7d20_2888,11749.039
000d7d20_2889,11749.031
000d7d20_2890,11749.032
000d7d20_2891,11749.031
000d7d20_2892,11749.021
000d7d20_2893,11749.033
000d7d20_2894,11749.02
000d7d20_2895,11749.021
000d7d20_2896,11749.02
000d7d20_2897,11749.013
000d7d20_2898,11749.022
000d7d20_2899,11749.006
000d7d20_2900,11749.002
000d7d20_2901,11748.994
000d7d20_2902,11748.995
000d7d20_2903,11748.991
000d7d20_2904,11748.989
000d7d20_2905,11748.985
000d7d20_2906,11748.99
000d7d20_2907,11748.983
000d7d20_2908,11748.976
000d7d20_2909,11748.978
000d7d20_2910,11748.975
000d7d20_2911,11748.966
000d7d20_2912,11748.966
000d7d20_2913,11748.961
000d7d20_2914,11748.956
000d7d20_2915,11748.944
000d7d20_2916,11748.939
000d7d20_2917,11748.931
000d7d20_2918,11748.936
000d7d20_2919,11748.93
000d7d20_2920,11748.924
000d7d20_2921,11748.901
000d7d20_2922,11748.91
000d7d20_2923,11748.899
000d7d20_2924,11748.892
000d7d20_2925,11748.896
000d7d20_2926,11748.897
000d7d20_2927,11748.884
000d7d20_2928,11748.884
000d7d20_2929,11748.882
000d7d20_2930,11748.876
000d7d20_2931,11748.866
000d7d20_2932,11748.862
000d7d20_2933,11748.859
000d7d20_2934,11748.8545
000d7d20_2935,11748.839
000d7d20_2936,11748.841
000d7d20_2937,11748.827
000d7d20_2938,11748.818
000d7d20_2939,11748.824
000d7d20_2940,11748.828
000d7d20_2941,11748.834
000d7d20_2942,11748.814
000d7d20_2943,11748.81
000d7d20_2944,11748.794
000d7d20_2945,11748.787
000d7d20_2946,11748.783
000d7d20_2947,11748.784
000d7d20_2948,11748.79
000d7d20_2949,11748.784
000d7d20_2950,11748.777
000d7d20_2951,11748.77
000d7d20_2952,11748.768
000d7d20_2953,11748.764
000d7d20_2954,11748.754
000d7d20_2955,11748.759
000d7d20_2956,11748.761
000d7d20_2957,11748.743
000d7d20_2958,11748.742
000d7d20_2959,11748.742
000d7d20_2960,11748.738
000d7d20_2961,11748.727
000d7d20_2962,11748.7295
000d7d20_2963,11748.728
000d7d20_2964,11748.72
000d7d20_2965,11748.7295
000d7d20_2966,11748.708
000d7d20_2967,11748.709
000d7d20_2968,11748.71
000d7d20_2969,11748.695
000d7d20_2970,11748.69
000d7d20_2971,11748.682
000d7d20_2972,11748.658
000d7d20_2973,11748.664
000d7d20_2974,11748.666
000d7d20_2975,11748.656
000d7d20_2976,11748.667
000d7d20_2977,11748.647
000d7d20_2978,11748.649
000d7d20_2979,11748.643
000d7d20_2980,11748.642
000d7d20_2981,11748.633
000d7d20_2982,11748.627
000d7d20_2983,11748.617
000d7d20_2984,11748.608
000d7d20_2985,11748.606
000d7d20_2986,11748.601
000d7d20_2987,11748.589
000d7d20_2988,11748.582
000d7d20_2989,11748.579
000d7d20_2990,11748.569
000d7d20_2991,11748.568
000d7d20_2992,11748.551
000d7d20_2993,11748.547
000d7d20_2994,11748.541
000d7d20_2995,11748.524
000d7d20_2996,11748.493
000d7d20_2997,11748.482
000d7d20_2998,11748.476
000d7d20_2999,11748.47
000d7d20_3000,11748.472
000d7d20_3001,11748.463
000d7d20_3002,11748.458
000d7d20_3003,11748.452
000d7d20_3004,11748.444
000d7d20_3005,11748.4375
000d7d20_3006,11748.436
000d7d20_3007,11748.431
000d7d20_3008,11748.418
000d7d20_3009,11748.412
000d7d20_3010,11748.406
000d7d20_3011,11748.3955
000d7d20_3012,11748.388
000d7d20_3013,11748.39
000d7d20_3014,11748.381
000d7d20_3015,11748.383
000d7d20_3016,11748.375
000d7d20_3017,11748.368
000d7d20_3018,11748.356
000d7d20_3019,11748.353
000d7d20_3020,11748.346
000d7d20_3021,11748.348
000d7d20_3022,11748.33
000d7d20_3023,11748.327
000d7d20_3024,11748.388
000d7d20_3025,11748.378
000d7d20_3026,11748.381
000d7d20_3027,11748.366
000d7d20_3028,11748.367
000d7d20_3029,11748.36
000d7d20_3030,11748.347
000d7d20_3031,11748.362
000d7d20_3032,11748.349
000d7d20_3033,11748.341
000d7d20_3034,11748.324
000d7d20_3035,11748.325
000d7d20_3036,11748.324
000d7d20_3037,11748.323
000d7d20_3038,11748.322
000d7d20_3039,11748.319
000d7d20_3040,11748.314
000d7d20_3041,11748.315
000d7d20_3042,11748.3125
000d7d20_3043,11748.308
000d7d20_3044,11748.294
000d7d20_3045,11748.291
000d7d20_3046,11748.288
000d7d20_3047,11748.255
000d7d20_3048,11748.259
000d7d20_3049,11748.261
000d7d20_3050,11748.272
000d7d20_3051,11748.244
000d7d20_3052,11748.235
000d7d20_3053,11748.241
000d7d20_3054,11748.232
000d7d20_3055,11748.224
000d7d20_3056,11748.227
000d7d20_3057,11748.223
000d7d20_3058,11748.211
000d7d20_3059,11748.206
000d7d20_3060,11748.208
000d7d20_3061,11748.188
000d7d20_3062,11748.19
000d7d20_3063,11748.182
000d7d20_3064,11748.194
000d7d20_3065,11748.192
000d7d20_3066,11748.188
000d7d20_3067,11748.193
000d7d20_3068,11748.19
000d7d20_3069,11748.202
000d7d20_3070,11748.199
000d7d20_3071,11748.19
000d7d20_3072,11748.1875
000d7d20_3073,11748.177
000d7d20_3074,11748.165
000d7d20_3075,11748.161
000d7d20_3076,11748.138
000d7d20_3077,11748.131
000d7d20_3078,11748.125
000d7d20_3079,11748.128
000d7d20_3080,11748.116
000d7d20_3081,11748.113
000d7d20_3082,11748.11
000d7d20_3083,11748.109
000d7d20_3084,11748.106
000d7d20_3085,11748.085
000d7d20_3086,11748.092
000d7d20_3087,11748.095
000d7d20_3088,11748.067
000d7d20_3089,11748.055
000d7d20_3090,11748.064
000d7d20_3091,11748.049
000d7d20_3092,11748.051
000d7d20_3093,11748.054
000d7d20_3094,11748.047
000d7d20_3095,11748.034
000d7d20_3096,11748.02
000d7d20_3097,11748.022
000d7d20_3098,11748.01
000d7d20_3099,11748.007
000d7d20_3100,11748.02
000d7d20_3101,11748.005
000d7d20_3102,11748.008
000d7d20_3103,11747.988
000d7d20_3104,11747.974
000d7d20_3105,11748.084
000d7d20_3106,11748.08
000d7d20_3107,11748.104
000d7d20_3108,11748.092
000d7d20_3109,11748.103
000d7d20_3110,11748.112
000d7d20_3111,11748.104
000d7d20_3112,11748.083
000d7d20_3113,11748.059
000d7d20_3114,11748.065
000d7d20_3115,11748.063
000d7d20_3116,11748.06
000d7d20_3117,11748.056
000d7d20_3118,11748.051
000d7d20_3119,11748.049
000d7d20_3120,11748.046
000d7d20_3121,11748.027
000d7d20_3122,11748.032
000d7d20_3123,11748.04
000d7d20_3124,11748.037
000d7d20_3125,11748.034
000d7d20_3126,11748.021
000d7d20_3127,11748.022
000d7d20_3128,11748.036
000d7d20_3129,11748.039
000d7d20_3130,11748.021
000d7d20_3131,11748.023
000d7d20_3132,11748.022
000d7d20_3133,11748.006
000d7d20_3134,11747.994
000d7d20_3135,11747.992
000d7d20_3136,11747.988
000d7d20_3137,11747.996
000d7d20_3138,11747.984
000d7d20_3139,11747.965
000d7d20_3140,11747.967
000d7d20_3141,11747.952
000d7d20_3142,11747.958
000d7d20_3143,11747.954
000d7d20_3144,11747.96
000d7d20_3145,11747.94
000d7d20_3146,11747.9375
000d7d20_3147,11747.93
000d7d20_3148,11747.93
000d7d20_3149,11747.933
000d7d20_3150,11747.931
000d7d20_3151,11747.931
000d7d20_3152,11747.949
000d7d20_3153,11747.946
000d7d20_3154,11747.954
000d7d20_3155,11747.933
000d7d20_3156,11747.941
000d7d20_3157,11747.932
000d7d20_3158,11747.923
000d7d20_3159,11747.925
000d7d20_3160,11747.922
000d7d20_3161,11747.916
000d7d20_3162,11747.912
000d7d20_3163,11747.917
000d7d20_3164,11747.897
000d7d20_3165,11747.895
000d7d20_3166,11747.894
000d7d20_3167,11747.894
000d7d20_3168,11747.891
000d7d20_3169,11747.89
000d7d20_3170,11747.891
000d7d20_3171,11747.894
000d7d20_3172,11747.889
000d7d20_3173,11747.891
000d7d20_3174,11747.89
000d7d20_3175,11747.893
000d7d20_3176,11747.887
000d7d20_3177,11747.884
000d7d20_3178,11747.893
000d7d20_3179,11747.893
000d7d20_3180,11747.884
000d7d20_3181,11747.884
000d7d20_3182,11747.867
000d7d20_3183,11747.853
000d7d20_3184,11747.831
000d7d20_3185,11747.836
000d7d20_3186,11747.965
000d7d20_3187,11747.967
000d7d20_3188,11747.957
000d7d20_3189,11747.94
000d7d20_3190,11747.94
000d7d20_3191,11747.934
000d7d20_3192,11747.941
000d7d20_3193,11747.95
000d7d20_3194,11747.951
000d7d20_3195,11747.946
000d7d20_3196,11747.9375
000d7d20_3197,11747.94
000d7d20_3198,11747.924
000d7d20_3199,11747.926
000d7d20_3200,11747.875
000d7d20_3201,11747.871
000d7d20_3202,11747.875
000d7d20_3203,11747.859
000d7d20_3204,11747.858
000d7d20_3205,11747.854
000d7d20_3206,11747.858
000d7d20_3207,11747.853
000d7d20_3208,11747.841
000d7d20_3209,11747.839
000d7d20_3210,11747.838
000d7d20_3211,11747.843
000d7d20_3212,11747.841
000d7d20_3213,11747.854
000d7d20_3214,11747.851
000d7d20_3215,11747.845
000d7d20_3216,11747.85
000d7d20_3217,11747.852
000d7d20_3218,11747.854
000d7d20_3219,11747.848
000d7d20_3220,11747.839
000d7d20_3221,11747.847
000d7d20_3222,11747.85
000d7d20_3223,11747.85
000d7d20_3224,11747.84
000d7d20_3225,11747.84
000d7d20_3226,11747.847
000d7d20_3227,11747.856
000d7d20_3228,11747.889
000d7d20_3229,11747.872
000d7d20_3230,11747.867
000d7d20_3231,11747.859
000d7d20_3232,11747.875
000d7d20_3233,11747.87
000d7d20_3234,11747.87
000d7d20_3235,11747.856
000d7d20_3236,11747.861
000d7d20_3237,11747.858
000d7d20_3238,11747.854
000d7d20_3239,11747.851
000d7d20_3240,11747.843
000d7d20_3241,11747.861
000d7d20_3242,11747.866
000d7d20_3243,11747.865
000d7d20_3244,11747.867
000d7d20_3245,11747.859
000d7d20_3246,11747.867
000d7d20_3247,11747.869
000d7d20_3248,11747.86
000d7d20_3249,11747.872
000d7d20_3250,11747.854
000d7d20_3251,11747.864
000d7d20_3252,11747.86
000d7d20_3253,11747.846
000d7d20_3254,11747.875
000d7d20_3255,11747.881
000d7d20_3256,11747.873
000d7d20_3257,11747.879
000d7d20_3258,11747.885
000d7d20_3259,11747.88
000d7d20_3260,11747.872
000d7d20_3261,11747.879
000d7d20_3262,11747.875
000d7d20_3263,11747.877
000d7d20_3264,11747.961
000d7d20_3265,11747.963
000d7d20_3266,11747.954
000d7d20_3267,11747.962
000d7d20_3268,11747.966
000d7d20_3269,11747.958
000d7d20_3270,11747.974
000d7d20_3271,11747.967
000d7d20_3272,11747.973
000d7d20_3273,11747.969
000d7d20_3274,11747.966
000d7d20_3275,11747.957
000d7d20_3276,11747.972
000d7d20_3277,11747.975
000d7d20_3278,11747.976
000d7d20_3279,11747.9795
000d7d20_3280,11747.968
000d7d20_3281,11747.975
000d7d20_3282,11747.967
000d7d20_3283,11747.979
000d7d20_3284,11747.978
000d7d20_3285,11747.972
000d7d20_3286,11747.984
000d7d20_3287,11747.986
000d7d20_3288,11747.944
000d7d20_3289,11747.944
000d7d20_3290,11747.963
000d7d20_3291,11747.958
000d7d20_3292,11747.964
000d7d20_3293,11747.961
000d7d20_3294,11747.948
000d7d20_3295,11747.954
000d7d20_3296,11747.963
000d7d20_3297,11747.966
000d7d20_3298,11747.979
000d7d20_3299,11747.988
000d7d20_3300,11747.9795
000d7d20_3301,11747.985
000d7d20_3302,11747.986
000d7d20_3303,11747.986
000d7d20_3304,11747.994
000d7d20_3305,11747.992
000d7d20_3306,11748.001
000d7d20_3307,11748.008
000d7d20_3308,11748.013
000d7d20_3309,11748.015
000d7d20_3310,11748.008
000d7d20_3311,11748.026
000d7d20_3312,11748.03
000d7d20_3313,11748.037
000d7d20_3314,11748.046
000d7d20_3315,11748.042
000d7d20_3316,11748.046
000d7d20_3317,11748.057
000d7d20_3318,11748.06
000d7d20_3319,11748.067
000d7d20_3320,11748.085
000d7d20_3321,11748.103
000d7d20_3322,11748.1
000d7d20_3323,11748.108
000d7d20_3324,11748.117
000d7d20_3325,11748.118
000d7d20_3326,11748.113
000d7d20_3327,11748.118
000d7d20_3328,11748.118
000d7d20_3329,11748.117
000d7d20_3330,11748.125
000d7d20_3331,11748.117
000d7d20_3332,11748.126
000d7d20_3333,11748.126
000d7d20_3334,11748.114
000d7d20_3335,11748.124
000d7d20_3336,11748.119
000d7d20_3337,11748.111
000d7d20_3338,11748.114
000d7d20_3339,11748.118
000d7d20_3340,11748.123
000d7d20_3341,11748.139
000d7d20_3342,11748.137
000d7d20_3343,11748.14
000d7d20_3344,11748.141
000d7d20_3345,11748.153
000d7d20_3346,11748.153
000d7d20_3347,11748.153
000d7d20_3348,11748.265
000d7d20_3349,11748.272
000d7d20_3350,11748.26
000d7d20_3351,11748.267
000d7d20_3352,11748.271
000d7d20_3353,11748.2705
000d7d20_3354,11748.279
000d7d20_3355,11748.261
000d7d20_3356,11748.254
000d7d20_3357,11748.263
000d7d20_3358,11748.277
000d7d20_3359,11748.268
000d7d20_3360,11748.271
000d7d20_3361,11748.273
000d7d20_3362,11748.273
000d7d20_3363,11748.266
000d7d20_3364,11748.268
000d7d20_3365,11748.264
000d7d20_3366,11748.264
000d7d20_3367,11748.267
000d7d20_3368,11748.289
000d7d20_3369,11748.293
000d7d20_3370,11748.293
000d7d20_3371,11748.247
000d7d20_3372,11748.247
000d7d20_3373,11748.238
000d7d20_3374,11748.239
000d7d20_3375,11748.252
000d7d20_3376,11748.251
000d7d20_3377,11748.249
000d7d20_3378,11748.251
000d7d20_3379,11748.246
000d7d20_3380,11748.246
000d7d20_3381,11748.25
000d7d20_3382,11748.252
000d7d20_3383,11748.251
000d7d20_3384,11748.265
000d7d20_3385,11748.25
000d7d20_3386,11748.25
000d7d20_3387,11748.248
000d7d20_3388,11748.242
000d7d20_3389,11748.256
000d7d20_3390,11748.252
000d7d20_3391,11748.256
000d7d20_3392,11748.271
000d7d20_3393,11748.273
000d7d20_3394,11748.27
000d7d20_3395,11748.259
000d7d20_3396,11748.266
000d7d20_3397,11748.251
000d7d20_3398,11748.259
000d7d20_3399,11748.263
000d7d20_3400,11748.257
000d7d20_3401,11748.277
000d7d20_3402,11748.2705
000d7d20_3403,11748.283
000d7d20_3404,11748.283
000d7d20_3405,11748.287
000d7d20_3406,11748.288
000d7d20_3407,11748.296
000d7d20_3408,11748.291
000d7d20_3409,11748.304
000d7d20_3410,11748.303
000d7d20_3411,11748.304
000d7d20_3412,11748.309
000d7d20_3413,11748.292
000d7d20_3414,11748.308
000d7d20_3415,11748.31
000d7d20_3416,11748.31
000d7d20_3417,11748.311
000d7d20_3418,11748.31
000d7d20_3419,11748.312
000d7d20_3420,11748.314
000d7d20_3421,11748.321
000d7d20_3422,11748.323
000d7d20_3423,11748.324
000d7d20_3424,11748.325
000d7d20_3425,11748.327
000d7d20_3426,11748.33
000d7d20_3427,11748.333
000d7d20_3428,11748.323
000d7d20_3429,11748.325
000d7d20_3430,11748.323
000d7d20_3431,11748.326
000d7d20_3432,11748.329
000d7d20_3433,11748.37
000d7d20_3434,11748.352
000d7d20_3435,11748.348
000d7d20_3436,11748.347
000d7d20_3437,11748.355
000d7d20_3438,11748.34
000d7d20_3439,11748.346
000d7d20_3440,11748.345
000d7d20_3441,11748.336
000d7d20_3442,11748.34
000d7d20_3443,11748.34
000d7d20_3444,11748.343
000d7d20_3445,11748.344
000d7d20_3446,11748.342
000d7d20_3447,11748.343
000d7d20_3448,11748.346
000d7d20_3449,11748.351
000d7d20_3450,11748.335
000d7d20_3451,11748.339
000d7d20_3452,11748.336
000d7d20_3453,11748.317
000d7d20_3454,11748.312
000d7d20_3455,11748.316
000d7d20_3456,11748.303
000d7d20_3457,11748.301
000d7d20_3458,11748.332
000d7d20_3459,11748.32
000d7d20_3460,11748.316
000d7d20_3461,11748.317
000d7d20_3462,11748.299
000d7d20_3463,11748.311
000d7d20_3464,11748.302
000d7d20_3465,11748.312
000d7d20_3466,11748.317
000d7d20_3467,11748.316
000d7d20_3468,11748.313
000d7d20_3469,11748.315
000d7d20_3470,11748.313
000d7d20_3471,11748.319
000d7d20_3472,11748.31
000d7d20_3473,11748.312
000d7d20_3474,11748.303
000d7d20_3475,11748.299
000d7d20_3476,11748.301
000d7d20_3477,11748.304
000d7d20_3478,11748.298
000d7d20_3479,11748.297
000d7d20_3480,11748.303
000d7d20_3481,11748.298
000d7d20_3482,11748.319
000d7d20_3483,11748.288
000d7d20_3484,11748.289
000d7d20_3485,11748.296
000d7d20_3486,11748.288
000d7d20_3487,11748.296
000d7d20_3488,11748.305
000d7d20_3489,11748.3125
000d7d20_3490,11748.308
000d7d20_3491,11748.305
000d7d20_3492,11748.288
000d7d20_3493,11748.296
000d7d20_3494,11748.309
000d7d20_3495,11748.294
000d7d20_3496,11748.302
000d7d20_3497,11748.299
000d7d20_3498,11748.305
000d7d20_3499,11748.314
000d7d20_3500,11748.312
000d7d20_3501,11748.293
000d7d20_3502,11748.296
000d7d20_3503,11748.295
000d7d20_3504,11748.278
000d7d20_3505,11748.268
000d7d20_3506,11748.284
000d7d20_3507,11748.273
000d7d20_3508,11748.268
000d7d20_3509,11748.261
000d7d20_3510,11748.256
000d7d20_3511,11748.262
000d7d20_3512,11748.259
000d7d20_3513,11748.26
000d7d20_3514,11748.26
000d7d20_3515,11748.252
000d7d20_3516,11748.248
000d7d20_3517,11748.256
000d7d20_3518,11748.282
000d7d20_3519,11748.276
000d7d20_3520,11748.274
000d7d20_3521,11748.268
000d7d20_3522,11748.263
000d7d20_3523,11748.258
000d7d20_3524,11748.252
000d7d20_3525,11748.263
000d7d20_3526,11748.276
000d7d20_3527,11748.257
000d7d20_3528,11748.255
000d7d20_3529,11748.246
000d7d20_3530,11748.246
000d7d20_3531,11748.23
000d7d20_3532,11748.228
000d7d20_3533,11748.224
000d7d20_3534,11748.222
000d7d20_3535,11748.216
000d7d20_3536,11748.182
000d7d20_3537,11748.184
000d7d20_3538,11748.179
000d7d20_3539,11748.148
000d7d20_3540,11748.146
000d7d20_3541,11748.136
000d7d20_3542,11748.145
000d7d20_3543,11748.132
000d7d20_3544,11748.128
000d7d20_3545,11748.116
000d7d20_3546,11748.127
000d7d20_3547,11748.105
000d7d20_3548,11748.106
000d7d20_3549,11748.092
000d7d20_3550,11748.097
000d7d20_3551,11748.094
000d7d20_3552,11748.091
000d7d20_3553,11748.088
000d7d20_3554,11748.076
000d7d20_3555,11748.073
000d7d20_3556,11748.07
000d7d20_3557,11748.058
000d7d20_3558,11748.047
000d7d20_3559,11748.043
000d7d20_3560,11748.045
000d7d20_3561,11748.048
000d7d20_3562,11748.031
000d7d20_3563,11748.016
000d7d20_3564,11748.017
000d7d20_3565,11748.003
000d7d20_3566,11748.006
000d7d20_3567,11747.966
000d7d20_3568,11747.967
000d7d20_3569,11747.968
000d7d20_3570,11747.959
000d7d20_3571,11747.941
000d7d20_3572,11747.926
000d7d20_3573,11747.913
000d7d20_3574,11747.91
000d7d20_3575,11747.907
000d7d20_3576,11747.896
000d7d20_3577,11747.871
000d7d20_3578,11747.854
000d7d20_3579,11747.839
000d7d20_3580,11747.817
000d7d20_3581,11747.802
000d7d20_3582,11747.798
000d7d20_3583,11747.781
000d7d20_3584,11747.773
000d7d20_3585,11747.761
000d7d20_3586,11747.744
000d7d20_3587,11747.733
000d7d20_3588,11747.726
000d7d20_3589,11747.708
000d7d20_3590,11747.705
000d7d20_3591,11747.693
000d7d20_3592,11747.682
000d7d20_3593,11747.664
000d7d20_3594,11747.658
000d7d20_3595,11747.645
000d7d20_3596,11747.629
000d7d20_3597,11747.623
000d7d20_3598,11747.589
000d7d20_3599,11747.5625
000d7d20_3600,11747.577
000d7d20_3601,11747.556
000d7d20_3602,11747.545
000d7d20_3603,11747.53
000d7d20_3604,11747.496
000d7d20_3605,11747.481
000d7d20_3606,11747.497
000d7d20_3607,11747.597
000d7d20_3608,11747.575
000d7d20_3609,11747.57
000d7d20_3610,11747.566
000d7d20_3611,11747.535
000d7d20_3612,11747.529
000d7d20_3613,11747.491
000d7d20_3614,11747.44
000d7d20_3615,11747.427
000d7d20_3616,11747.403
000d7d20_3617,11747.393
000d7d20_3618,11747.394
000d7d20_3619,11747.393
000d7d20_3620,11747.359
000d7d20_3621,11747.349
000d7d20_3622,11747.344
000d7d20_3623,11747.319
000d7d20_3624,11747.325
000d7d20_3625,11747.323
000d7d20_3626,11747.305
000d7d20_3627,11747.276
000d7d20_3628,11747.274
000d7d20_3629,11747.262
000d7d20_3630,11747.247
000d7d20_3631,11747.238
000d7d20_3632,11747.212
000d7d20_3633,11747.215
000d7d20_3634,11747.196
000d7d20_3635,11747.2
000d7d20_3636,11747.187
000d7d20_3637,11747.167
000d7d20_3638,11747.157
000d7d20_3639,11747.152
000d7d20_3640,11747.146
000d7d20_3641,11747.131
000d7d20_3642,11747.12
000d7d20_3643,11747.109
000d7d20_3644,11747.096
000d7d20_3645,11747.084
000d7d20_3646,11747.077
000d7d20_3647,11747.076
000d7d20_3648,11747.063
000d7d20_3649,11747.054
000d7d20_3650,11747.044
000d7d20_3651,11747.024
000d7d20_3652,11747.033
000d7d20_3653,11747.018
000d7d20_3654,11747.005
000d7d20_3655,11746.992
000d7d20_3656,11746.968
000d7d20_3657,11746.954
000d7d20_3658,11746.944
000d7d20_3659,11746.916
000d7d20_3660,11746.904
000d7d20_3661,11746.899
000d7d20_3662,11746.88
000d7d20_3663,11746.862
000d7d20_3664,11746.854
000d7d20_3665,11746.863
000d7d20_3666,11746.834
000d7d20_3667,11746.82
000d7d20_3668,11746.774
000d7d20_3669,11746.764
000d7d20_3670,11746.725
000d7d20_3671,11746.707
000d7d20_3672,11746.693
000d7d20_3673,11746.677
000d7d20_3674,11746.663
000d7d20_3675,11746.638
000d7d20_3676,11746.633
000d7d20_3677,11746.617
000d7d20_3678,11746.615
000d7d20_3679,11746.589
000d7d20_3680,11746.575
000d7d20_3681,11746.563
000d7d20_3682,11746.541
000d7d20_3683,11746.516
000d7d20_3684,11746.498
000d7d20_3685,11746.504
000d7d20_3686,11746.484
000d7d20_3687,11746.468
000d7d20_3688,11746.448
000d7d20_3689,11746.442
000d7d20_3690,11746.412
000d7d20_3691,11746.426
000d7d20_3692,11746.411
000d7d20_3693,11746.386
000d7d20_3694,11746.365
000d7d20_3695,11746.346
000d7d20_3696,11746.334
000d7d20_3697,11746.308
000d7d20_3698,11746.283
000d7d20_3699,11746.271
000d7d20_3700,11746.238
000d7d20_3701,11746.197
000d7d20_3702,11746.184
000d7d20_3703,11746.163
000d7d20_3704,11746.151
000d7d20_3705,11746.133
000d7d20_3706,11746.108
000d7d20_3707,11746.095
000d7d20_3708,11746.062
000d7d20_3709,11746.047
000d7d20_3710,11746.024
000d7d20_3711,11746.012
000d7d20_3712,11745.989
000d7d20_3713,11745.97
000d7d20_3714,11745.951
000d7d20_3715,11745.9375
000d7d20_3716,11745.914
000d7d20_3717,11745.89
000d7d20_3718,11745.876
000d7d20_3719,11745.853
000d7d20_3720,11745.864
000d7d20_3721,11745.865
000d7d20_3722,11745.845
000d7d20_3723,11745.822
000d7d20_3724,11745.793
000d7d20_3725,11745.777
000d7d20_3726,11745.754
000d7d20_3727,11745.779
000d7d20_3728,11745.873
000d7d20_3729,11745.85
000d7d20_3730,11745.825
000d7d20_3731,11745.699
000d7d20_3732,11745.666
000d7d20_3733,11745.593
000d7d20_3734,11745.569
000d7d20_3735,11745.55
000d7d20_3736,11745.513
000d7d20_3737,11745.493
000d7d20_3738,11745.465
000d7d20_3739,11745.425
000d7d20_3740,11745.4
000d7d20_3741,11745.409
000d7d20_3742,11745.373
000d7d20_3743,11745.372
000d7d20_3744,11745.3545
000d7d20_3745,11745.334
000d7d20_3746,11745.303
000d7d20_3747,11745.263
000d7d20_3748,11745.216
000d7d20_3749,11745.186
000d7d20_3750,11745.126
000d7d20_3751,11745.106
000d7d20_3752,11744.972
000d7d20_3753,11744.948
000d7d20_3754,11744.925
000d7d20_3755,11744.817
000d7d20_3756,11744.769
000d7d20_3757,11744.74
000d7d20_3758,11744.72
000d7d20_3759,11744.6875
000d7d20_3760,11744.653
000d7d20_3761,11744.621
000d7d20_3762,11744.576
000d7d20_3763,11744.537
000d7d20_3764,11744.5
000d7d20_3765,11744.478
000d7d20_3766,11744.448
000d7d20_3767,11744.416
000d7d20_3768,11744.399
000d7d20_3769,11744.38
000d7d20_3770,11744.355
000d7d20_3771,11744.335
000d7d20_3772,11744.316
000d7d20_3773,11744.304
000d7d20_3774,11744.277
000d7d20_3775,11744.265
000d7d20_3776,11744.265
000d7d20_3777,11744.247
000d7d20_3778,11744.217
000d7d20_3779,11744.201
000d7d20_3780,11744.171
000d7d20_3781,11744.207
000d7d20_3782,11744.189
000d7d20_3783,11744.161
000d7d20_3784,11744.141
000d7d20_3785,11744.097
000d7d20_3786,11744.081
000d7d20_3787,11744.051
000d7d20_3788,11744.021
000d7d20_3789,11743.99
000d7d20_3790,11743.953
000d7d20_3791,11743.91
000d7d20_3792,11743.875
000d7d20_3793,11743.861
000d7d20_3794,11743.839
000d7d20_3795,11743.802
000d7d20_3796,11743.754
000d7d20_3797,11743.718
000d7d20_3798,11743.691
000d7d20_3799,11743.679
000d7d20_3800,11743.655
000d7d20_3801,11743.645
000d7d20_3802,11743.622
000d7d20_3803,11743.614
000d7d20_3804,11743.599
000d7d20_3805,11743.589
000d7d20_3806,11743.565
000d7d20_3807,11743.542
000d7d20_3808,11743.514
000d7d20_3809,11743.488
000d7d20_3810,11743.471
000d7d20_3811,11743.446
000d7d20_3812,11743.366
000d7d20_3813,11743.383
000d7d20_3814,11743.372
000d7d20_3815,11743.3545
000d7d20_3816,11743.334
000d7d20_3817,11743.318
000d7d20_3818,11743.289
000d7d20_3819,11743.244
000d7d20_3820,11743.233
000d7d20_3821,11743.203
000d7d20_3822,11743.127
000d7d20_3823,11743.106
000d7d20_3824,11743.034
000d7d20_3825,11742.982
000d7d20_3826,11742.959
000d7d20_3827,11742.93
000d7d20_3828,11742.914
000d7d20_3829,11742.906
000d7d20_3830,11742.91
000d7d20_3831,11742.889
000d7d20_3832,11742.871
000d7d20_3833,11742.846
000d7d20_3834,11742.825
000d7d20_3835,11742.801
000d7d20_3836,11742.784
000d7d20_3837,11742.738
000d7d20_3838,11742.711
000d7d20_3839,11742.716
000d7d20_3840,11742.691
000d7d20_3841,11742.651
000d7d20_3842,11742.625
000d7d20_3843,11742.604
000d7d20_3844,11742.578
000d7d20_3845,11742.546
000d7d20_3846,11742.521
000d7d20_3847,11742.492
000d7d20_3848,11742.467
000d7d20_3849,11742.43
000d7d20_3850,11742.413
000d7d20_3851,11742.388
000d7d20_3852,11742.3545
000d7d20_3853,11742.327
000d7d20_3854,11742.287
000d7d20_3855,11742.256
000d7d20_3856,11742.2
000d7d20_3857,11742.228
000d7d20_3858,11742.201
000d7d20_3859,11742.294
000d7d20_3860,11742.27
000d7d20_3861,11742.205
000d7d20_3862,11742.183
000d7d20_3863,11742.152
000d7d20_3864,11742.126
000d7d20_3865,11742.099
000d7d20_3866,11742.074
000d7d20_3867,11742.057
000d7d20_3868,11742.017
000d7d20_3869,11741.991
000d7d20_3870,11741.978
000d7d20_3871,11741.938
000d7d20_3872,11741.88
000d7d20_3873,11741.867
000d7d20_3874,11741.83
000d7d20_3875,11741.818
000d7d20_3876,11741.78
000d7d20_3877,11741.743
000d7d20_3878,11741.73
000d7d20_3879,11741.7
000d7d20_3880,11741.677
000d7d20_3881,11741.6455
000d7d20_3882,11741.639
000d7d20_3883,11741.616
000d7d20_3884,11741.604
000d7d20_3885,11741.565
000d7d20_3886,11741.55
000d7d20_3887,11741.528
000d7d20_3888,11741.491
000d7d20_3889,11741.457
000d7d20_3890,11741.499
000d7d20_3891,11741.465
000d7d20_3892,11741.439
000d7d20_3893,11741.359
000d7d20_3894,11741.302
000d7d20_3895,11741.238
000d7d20_3896,11741.225
000d7d20_3897,11741.201
000d7d20_3898,11741.159
000d7d20_3899,11741.127
000d7d20_3900,11741.118
000d7d20_3901,11741.108
000d7d20_3902,11741.028
000d7d20_3903,11740.971
000d7d20_3904,11740.952
000d7d20_3905,11740.971
000d7d20_3906,11741.041
000d7d20_3907,11741.044
000d7d20_3908,11740.976
000d7d20_3909,11740.9375
000d7d20_3910,11740.913
000d7d20_3911,11740.8955
000d7d20_3912,11740.871
000d7d20_3913,11740.823
000d7d20_3914,11740.794
000d7d20_3915,11740.774
000d7d20_3916,11740.704
000d7d20_3917,11740.668
000d7d20_3918,11740.664
000d7d20_3919,11740.627
000d7d20_3920,11740.605
000d7d20_3921,11740.607
000d7d20_3922,11740.584
000d7d20_3923,11740.575
000d7d20_3924,11740.547
000d7d20_3925,11740.51
000d7d20_3926,11740.471
000d7d20_3927,11740.452
000d7d20_3928,11740.433
000d7d20_3929,11740.426
000d7d20_3930,11740.406
000d7d20_3931,11740.396
000d7d20_3932,11740.388
000d7d20_3933,11740.364
000d7d20_3934,11740.339
000d7d20_3935,11740.334
000d7d20_3936,11740.293
000d7d20_3937,11740.2705
000d7d20_3938,11740.265
000d7d20_3939,11740.242
000d7d20_3940,11740.224
000d7d20_3941,11740.21
000d7d20_3942,11740.188
000d7d20_3943,11740.176
000d7d20_3944,11740.162
000d7d20_3945,11740.135
000d7d20_3946,11740.122
000d7d20_3947,11740.096
000d7d20_3948,11740.092
000d7d20_3949,11740.07
000d7d20_3950,11740.053
000d7d20_3951,11740.029
000d7d20_3952,11740.016
000d7d20_3953,11739.986
000d7d20_3954,11739.9795
000d7d20_3955,11739.956
000d7d20_3956,11739.956
000d7d20_3957,11739.941
000d7d20_3958,11739.914
000d7d20_3959,11739.93
000d7d20_3960,11739.903
000d7d20_3961,11739.904
000d7d20_3962,11739.886
000d7d20_3963,11739.871
000d7d20_3964,11739.853
000d7d20_3965,11739.832
000d7d20_3966,11739.812
000d7d20_3967,11739.808
000d7d20_3968,11739.786
000d7d20_3969,11739.777
000d7d20_3970,11739.76
000d7d20_3971,11739.747
000d7d20_3972,11739.746
000d7d20_3973,11739.722
000d7d20_3974,11739.705
000d7d20_3975,11739.682
000d7d20_3976,11739.676
000d7d20_3977,11739.642
000d7d20_3978,11739.607
000d7d20_3979,11739.61
000d7d20_3980,11739.606
000d7d20_3981,11739.601
000d7d20_3982,11739.594
000d7d20_3983,11739.586
000d7d20_3984,11739.556
000d7d20_3985,11739.545
000d7d20_3986,11739.541
000d7d20_3987,11739.534
000d7d20_3988,11739.514
000d7d20_3989,11739.499
000d7d20_3990,11739.492
000d7d20_3991,11739.485
000d7d20_3992,11739.473
000d7d20_3993,11739.472
000d7d20_3994,11739.462
000d7d20_3995,11739.454
000d7d20_3996,11739.457
000d7d20_3997,11739.465
000d7d20_3998,11739.443
000d7d20_3999,11739.427
000d7d20_4000,11739.425
000d7d20_4001,11739.398
000d7d20_4002,11739.393
000d7d20_4003,11739.381
000d7d20_4004,11739.383
000d7d20_4005,11739.379
000d7d20_4006,11739.378
000d7d20_4007,11739.373
000d7d20_4008,11739.375
000d7d20_4009,11739.349
000d7d20_4010,11739.349
000d7d20_4011,11739.339
000d7d20_4012,11739.351
000d7d20_4013,11739.345
000d7d20_4014,11739.358
000d7d20_4015,11739.338
000d7d20_4016,11739.33
000d7d20_4017,11739.303
000d7d20_4018,11739.293
000d7d20_4019,11739.295
000d7d20_4020,11739.289
000d7d20_4021,11739.283
000d7d20_4022,11739.282
000d7d20_4023,11739.271
000d7d20_4024,11739.26
000d7d20_4025,11739.251
000d7d20_4026,11739.238
000d7d20_4027,11739.231
000d7d20_4028,11739.204
000d7d20_4029,11739.193
000d7d20_4030,11739.188
000d7d20_4031,11739.173
000d7d20_4032,11739.16
000d7d20_4033,11739.145
000d7d20_4034,11739.118
000d7d20_4035,11739.124
000d7d20_4036,11739.115
000d7d20_4037,11739.1455
000d7d20_4038,11739.133
000d7d20_4039,11739.136
000d7d20_4040,11739.114
000d7d20_4041,11739.111
000d7d20_4042,11739.1045
000d7d20_4043,11739.09
000d7d20_4044,11739.079
000d7d20_4045,11739.078
000d7d20_4046,11739.06
000d7d20_4047,11739.053
000d7d20_4048,11739.045
000d7d20_4049,11739.034
000d7d20_4050,11739.023
000d7d20_4051,11739.01
000d7d20_4052,11739.01
000d7d20_4053,11738.997
000d7d20_4054,11738.994
000d7d20_4055,11738.98
000d7d20_4056,11738.966
000d7d20_4057,11738.963
000d7d20_4058,11738.95
000d7d20_4059,11738.928
000d7d20_4060,11738.93
000d7d20_4061,11738.916
000d7d20_4062,11738.908
000d7d20_4063,11738.901
000d7d20_4064,11738.895
000d7d20_4065,11738.874
000d7d20_4066,11738.89
000d7d20_4067,11738.873
000d7d20_4068,11738.868
000d7d20_4069,11738.857
000d7d20_4070,11738.854
000d7d20_4071,11738.853
000d7d20_4072,11738.836
000d7d20_4073,11738.839
000d7d20_4074,11738.833
000d7d20_4075,11738.821
000d7d20_4076,11738.81
000d7d20_4077,11738.81
000d7d20_4078,11738.8
000d7d20_4079,11738.779
000d7d20_4080,11738.772
000d7d20_4081,11738.761
000d7d20_4082,11738.751
000d7d20_4083,11738.742
000d7d20_4084,11738.724
000d7d20_4085,11738.747
000d7d20_4086,11738.716
000d7d20_4087,11738.738
000d7d20_4088,11738.7295
000d7d20_4089,11738.728
000d7d20_4090,11738.728
000d7d20_4091,11738.728
000d7d20_4092,11738.722
000d7d20_4093,11738.721
000d7d20_4094,11738.713
000d7d20_4095,11738.719
000d7d20_4096,11738.715
000d7d20_4097,11738.707
000d7d20_4098,11738.718
000d7d20_4099,11738.701
000d7d20_4100,11738.697
000d7d20_4101,11738.692
000d7d20_4102,11738.695
000d7d20_4103,11738.684
000d7d20_4104,11738.695
000d7d20_4105,11738.694
000d7d20_4106,11738.655
000d7d20_4107,11738.677
000d7d20_4108,11738.669
000d7d20_4109,11738.661
000d7d20_4110,11738.667
000d7d20_4111,11738.66
000d7d20_4112,11738.66
000d7d20_4113,11738.658
000d7d20_4114,11738.653
000d7d20_4115,11738.659
000d7d20_4116,11738.659
000d7d20_4117,11738.656
000d7d20_4118,11738.651
000d7d20_4119,11738.656
000d7d20_4120,11738.651
000d7d20_4121,11738.65
000d7d20_4122,11738.6455
000d7d20_4123,11738.644
000d7d20_4124,11738.613
000d7d20_4125,11738.577
000d7d20_4126,11738.587
000d7d20_4127,11738.587
000d7d20_4128,11738.611
000d7d20_4129,11738.605
000d7d20_4130,11738.621
000d7d20_4131,11738.613
000d7d20_4132,11738.616
000d7d20_4133,11738.606
000d7d20_4134,11738.624
000d7d20_4135,11738.613
000d7d20_4136,11738.6045
000d7d20_4137,11738.616
000d7d20_4138,11738.61
000d7d20_4139,11738.586
000d7d20_4140,11738.617
000d7d20_4141,11738.611
000d7d20_4142,11738.606
000d7d20_4143,11738.591
000d7d20_4144,11738.596
000d7d20_4145,11738.593
000d7d20_4146,11738.583
000d7d20_4147,11738.59
000d7d20_4148,11738.593
000d7d20_4149,11738.6045
000d7d20_4150,11738.61
000d7d20_4151,11738.606
000d7d20_4152,11738.633
000d7d20_4153,11738.63
000d7d20_4154,11738.662
000d7d20_4155,11738.669
000d7d20_4156,11738.656
000d7d20_4157,11738.661
000d7d20_4158,11738.658
000d7d20_4159,11738.65
000d7d20_4160,11738.65
000d7d20_4161,11738.652
000d7d20_4162,11738.645
000d7d20_4163,11738.652
000d7d20_4164,11738.657
000d7d20_4165,11738.659
000d7d20_4166,11738.644
000d7d20_4167,11738.605
000d7d20_4168,11738.589
000d7d20_4169,11738.555
000d7d20_4170,11738.55
000d7d20_4171,11738.563
000d7d20_4172,11738.561
000d7d20_4173,11738.573
000d7d20_4174,11738.619
000d7d20_4175,11738.61
000d7d20_4176,11738.606
000d7d20_4177,11738.582
000d7d20_4178,11738.562
000d7d20_4179,11738.564
000d7d20_4180,11738.582
000d7d20_4181,11738.581
000d7d20_4182,11738.587
000d7d20_4183,11738.585
000d7d20_4184,11738.584
000d7d20_4185,11738.585
000d7d20_4186,11738.585
000d7d20_4187,11738.581
000d7d20_4188,11738.582
000d7d20_4189,11738.589
000d7d20_4190,11738.589
000d7d20_4191,11738.581
000d7d20_4192,11738.591
000d7d20_4193,11738.567
000d7d20_4194,11738.572
000d7d20_4195,11738.568
000d7d20_4196,11738.55
000d7d20_4197,11738.547
000d7d20_4198,11738.544
000d7d20_4199,11738.536
000d7d20_4200,11738.526
000d7d20_4201,11738.532
000d7d20_4202,11738.529
000d7d20_4203,11738.53
000d7d20_4204,11738.528
000d7d20_4205,11738.527
000d7d20_4206,11738.519
000d7d20_4207,11738.524
000d7d20_4208,11738.5205
000d7d20_4209,11738.529
000d7d20_4210,11738.525
000d7d20_4211,11738.521
000d7d20_4212,11738.527
000d7d20_4213,11738.53
000d7d20_4214,11738.515
000d7d20_4215,11738.513
000d7d20_4216,11738.506
000d7d20_4217,11738.498
000d7d20_4218,11738.486
000d7d20_4219,11738.487
000d7d20_4220,11738.491
000d7d20_4221,11738.498
000d7d20_4222,11738.485
000d7d20_4223,11738.483
000d7d20_4224,11738.47
000d7d20_4225,11738.441
000d7d20_4226,11738.449
000d7d20_4227,11738.443
000d7d20_4228,11738.436
000d7d20_4229,11738.459
000d7d20_4230,11738.465
000d7d20_4231,11738.463
000d7d20_4232,11738.463
000d7d20_4233,11738.45
000d7d20_4234,11738.451
000d7d20_4235,11738.446
000d7d20_4236,11738.45
000d7d20_4237,11738.438
000d7d20_4238,11738.451
000d7d20_4239,11738.451
000d7d20_4240,11738.444
000d7d20_4241,11738.439
000d7d20_4242,11738.443
000d7d20_4243,11738.438
000d7d20_4244,11738.434
000d7d20_4245,11738.43
000d7d20_4246,11738.431
000d7d20_4247,11738.431
000d7d20_4248,11738.426
000d7d20_4249,11738.449
000d7d20_4250,11738.426
000d7d20_4251,11738.426
000d7d20_4252,11738.431
000d7d20_4253,11738.418
000d7d20_4254,11738.438
000d7d20_4255,11738.441
000d7d20_4256,11738.437
000d7d20_4257,11738.436
000d7d20_4258,11738.43
000d7d20_4259,11738.44
000d7d20_4260,11738.443
000d7d20_4261,11738.436
000d7d20_4262,11738.432
000d7d20_4263,11738.419
000d7d20_4264,11738.428
000d7d20_4265,11738.414
000d7d20_4266,11738.423
000d7d20_4267,11738.413
000d7d20_4268,11738.401
000d7d20_4269,11738.392
000d7d20_4270,11738.419
000d7d20_4271,11738.409
000d7d20_4272,11738.401
000d7d20_4273,11738.405
000d7d20_4274,11738.407
000d7d20_4275,11738.43
000d7d20_4276,11738.407
000d7d20_4277,11738.455
000d7d20_4278,11738.43
000d7d20_4279,11738.416
000d7d20_4280,11738.413
000d7d20_4281,11738.405
000d7d20_4282,11738.405
000d7d20_4283,11738.419
000d7d20_4284,11738.424
000d7d20_4285,11738.426
000d7d20_4286,11738.42
000d7d20_4287,11738.406
000d7d20_4288,11738.431
000d7d20_4289,11738.44
000d7d20_4290,11738.427
000d7d20_4291,11738.422
000d7d20_4292,11738.422
000d7d20_4293,11738.417
000d7d20_4294,11738.423
000d7d20_4295,11738.425
000d7d20_4296,11738.426
000d7d20_4297,11738.431
000d7d20_4298,11738.445
000d7d20_4299,11738.427
000d7d20_4300,11738.435
000d7d20_4301,11738.437
000d7d20_4302,11738.432
000d7d20_4303,11738.43
000d7d20_4304,11738.432
000d7d20_4305,11738.4375
000d7d20_4306,11738.432
000d7d20_4307,11738.442
000d7d20_4308,11738.466
000d7d20_4309,11738.46
000d7d20_4310,11738.456
000d7d20_4311,11738.45
000d7d20_4312,11738.446
000d7d20_4313,11738.447
000d7d20_4314,11738.447
000d7d20_4315,11738.455
000d7d20_4316,11738.46
000d7d20_4317,11738.453
000d7d20_4318,11738.463
000d7d20_4319,11738.462
000d7d20_4320,11738.456
000d7d20_4321,11738.488
000d7d20_4322,11738.486
000d7d20_4323,11738.463
000d7d20_4324,11738.5
000d7d20_4325,11738.51
000d7d20_4326,11738.496
000d7d20_4327,11738.498
000d7d20_4328,11738.508
000d7d20_4329,11738.541
000d7d20_4330,11738.534
000d7d20_4331,11738.547
000d7d20_4332,11738.537
000d7d20_4333,11738.541
000d7d20_4334,11738.536
000d7d20_4335,11738.531
000d7d20_4336,11738.54
000d7d20_4337,11738.535
000d7d20_4338,11738.53
000d7d20_4339,11738.532
000d7d20_4340,11738.533
000d7d20_4341,11738.543
000d7d20_4342,11738.533
000d7d20_4343,11738.528
000d7d20_4344,11738.529
000d7d20_4345,11738.536
000d7d20_4346,11738.545
000d7d20_4347,11738.549
000d7d20_4348,11738.535
000d7d20_4349,11738.526
000d7d20_4350,11738.538
000d7d20_4351,11738.546
000d7d20_4352,11738.549
000d7d20_4353,11738.559
000d7d20_4354,11738.576
000d7d20_4355,11738.575
000d7d20_4356,11738.57
000d7d20_4357,11738.53
000d7d20_4358,11738.5205
000d7d20_4359,11738.518
000d7d20_4360,11738.514
000d7d20_4361,11738.517
000d7d20_4362,11738.521
000d7d20_4363,11738.51
000d7d20_4364,11738.507
000d7d20_4365,11738.507
000d7d20_4366,11738.533
000d7d20_4367,11738.513
000d7d20_4368,11738.522
000d7d20_4369,11738.528
000d7d20_4370,11738.52
000d7d20_4371,11738.52
000d7d20_4372,11738.523
000d7d20_4373,11738.522
000d7d20_4374,11738.525
000d7d20_4375,11738.527
000d7d20_4376,11738.522
000d7d20_4377,11738.531
000d7d20_4378,11738.529
000d7d20_4379,11738.527
000d7d20_4380,11738.539
000d7d20_4381,11738.54
000d7d20_4382,11738.527
000d7d20_4383,11738.566
000d7d20_4384,11738.532
000d7d20_4385,11738.539
000d7d20_4386,11738.543
000d7d20_4387,11738.541
000d7d20_4388,11738.561
000d7d20_4389,11738.545
000d7d20_4390,11738.558
000d7d20_4391,11738.574
000d7d20_4392,11738.578
000d7d20_4393,11738.565
000d7d20_4394,11738.561
000d7d20_4395,11738.564
000d7d20_4396,11738.567
000d7d20_4397,11738.583
000d7d20_4398,11738.574
000d7d20_4399,11738.558
000d7d20_4400,11738.557
000d7d20_4401,11738.556
000d7d20_4402,11738.561
000d7d20_4403,11738.531
000d7d20_4404,11738.536
000d7d20_4405,11738.536
000d7d20_4406,11738.558
000d7d20_4407,11738.586
000d7d20_4408,11738.579
000d7d20_4409,11738.576
000d7d20_4410,11738.572
000d7d20_4411,11738.564
000d7d20_4412,11738.588
000d7d20_4413,11738.582
000d7d20_4414,11738.597
000d7d20_4415,11738.58
000d7d20_4416,11738.591
000d7d20_4417,11738.572
000d7d20_4418,11738.568
000d7d20_4419,11738.584
000d7d20_4420,11738.593
000d7d20_4421,11738.591
000d7d20_4422,11738.586
000d7d20_4423,11738.598
000d7d20_4424,11738.6
000d7d20_4425,11738.6045
000d7d20_4426,11738.595
000d7d20_4427,11738.588
000d7d20_4428,11738.581
000d7d20_4429,11738.587
000d7d20_4430,11738.6
000d7d20_4431,11738.6045
000d7d20_4432,11738.608
000d7d20_4433,11738.638
000d7d20_4434,11738.664
000d7d20_4435,11738.682
000d7d20_4436,11738.68
000d7d20_4437,11738.687
000d7d20_4438,11738.684
000d7d20_4439,11738.679
000d7d20_4440,11738.664
000d7d20_4441,11738.675
000d7d20_4442,11738.679
000d7d20_4443,11738.728
000d7d20_4444,11738.731
000d7d20_4445,11738.702
000d7d20_4446,11738.669
000d7d20_4447,11738.675
000d7d20_4448,11738.679
000d7d20_4449,11738.68
000d7d20_4450,11738.675
000d7d20_4451,11738.67
000d7d20_4452,11738.682
000d7d20_4453,11738.683
000d7d20_4454,11738.655
000d7d20_4455,11738.639
000d7d20_4456,11738.646
000d7d20_4457,11738.627
000d7d20_4458,11738.633
000d7d20_4459,11738.644
000d7d20_4460,11738.631
000d7d20_4461,11738.621
000d7d20_4462,11738.655
000d7d20_4463,11738.649
000d7d20_4464,11738.66
000d7d20_4465,11738.645
000d7d20_4466,11738.64
000d7d20_4467,11738.673
000d7d20_4468,11738.656
000d7d20_4469,11738.65
000d7d20_4470,11738.65
000d7d20_4471,11738.674
000d7d20_4472,11738.642
000d7d20_4473,11738.657
000d7d20_4474,11738.67
000d7d20_4475,11738.655
000d7d20_4476,11738.664
000d7d20_4477,11738.665
000d7d20_4478,11738.656
000d7d20_4479,11738.652
000d7d20_4480,11738.666
000d7d20_4481,11738.672
000d7d20_4482,11738.663
000d7d20_4483,11738.677
000d7d20_4484,11738.674
000d7d20_4485,11738.669
000d7d20_4486,11738.723
000d7d20_4487,11738.726
000d7d20_4488,11738.72
000d7d20_4489,11738.73
000d7d20_4490,11738.7295
000d7d20_4491,11738.728
000d7d20_4492,11738.734
000d7d20_4493,11738.736
000d7d20_4494,11738.726
000d7d20_4495,11738.71
000d7d20_4496,11738.692
000d7d20_4497,11738.697
000d7d20_4498,11738.693
000d7d20_4499,11738.708
000d7d20_4500,11738.718
000d7d20_4501,11738.729
000d7d20_4502,11738.738
000d7d20_4503,11738.728
000d7d20_4504,11738.724
000d7d20_4505,11738.726
000d7d20_4506,11738.723
000d7d20_4507,11738.735
000d7d20_4508,11738.722
000d7d20_4509,11738.721
000d7d20_4510,11738.717
000d7d20_4511,11738.715
000d7d20_4512,11738.714
000d7d20_4513,11738.719
000d7d20_4514,11738.715
000d7d20_4515,11738.706
000d7d20_4516,11738.696
000d7d20_4517,11738.694
000d7d20_4518,11738.693
000d7d20_4519,11738.697
000d7d20_4520,11738.69
000d7d20_4521,11738.681
000d7d20_4522,11738.673
000d7d20_4523,11738.682
000d7d20_4524,11738.661
000d7d20_4525,11738.679
000d7d20_4526,11738.659
000d7d20_4527,11738.658
000d7d20_4528,11738.67
000d7d20_4529,11738.663
000d7d20_4530,11738.657
000d7d20_4531,11738.645
000d7d20_4532,11738.653
000d7d20_4533,11738.652
000d7d20_4534,11738.648
000d7d20_4535,11738.641
000d7d20_4536,11738.639
000d7d20_4537,11738.641
000d7d20_4538,11738.622
000d7d20_4539,11738.616
000d7d20_4540,11738.637
000d7d20_4541,11738.629
000d7d20_4542,11738.64
000d7d20_4543,11738.625
000d7d20_4544,11738.606
000d7d20_4545,11738.621
000d7d20_4546,11738.617
000d7d20_4547,11738.6
000d7d20_4548,11738.566
000d7d20_4549,11738.573
000d7d20_4550,11738.565
000d7d20_4551,11738.56
000d7d20_4552,11738.559
000d7d20_4553,11738.552
000d7d20_4554,11738.543
000d7d20_4555,11738.546
000d7d20_4556,11738.546
000d7d20_4557,11738.538
000d7d20_4558,11738.538
000d7d20_4559,11738.531
000d7d20_4560,11738.524
000d7d20_4561,11738.52
000d7d20_4562,11738.517
000d7d20_4563,11738.513
000d7d20_4564,11738.518
000d7d20_4565,11738.4795
000d7d20_4566,11738.483
000d7d20_4567,11738.468
000d7d20_4568,11738.467
000d7d20_4569,11738.459
000d7d20_4570,11738.449
000d7d20_4571,11738.45
000d7d20_4572,11738.457
000d7d20_4573,11738.45
000d7d20_4574,11738.445
000d7d20_4575,11738.439
000d7d20_4576,11738.433
000d7d20_4577,11738.426
000d7d20_4578,11738.421
000d7d20_4579,11738.415
000d7d20_4580,11738.41
000d7d20_4581,11738.413
000d7d20_4582,11738.405
000d7d20_4583,11738.405
000d7d20_4584,11738.3955
000d7d20_4585,11738.389
000d7d20_4586,11738.386
000d7d20_4587,11738.391
000d7d20_4588,11738.3955
000d7d20_4589,11738.382
000d7d20_4590,11738.378
000d7d20_4591,11738.382
000d7d20_4592,11738.369
000d7d20_4593,11738.37
000d7d20_4594,11738.363
000d7d20_4595,11738.359
000d7d20_4596,11738.348
000d7d20_4597,11738.348
000d7d20_4598,11738.349
000d7d20_4599,11738.343
000d7d20_4600,11738.344
000d7d20_4601,11738.329
000d7d20_4602,11738.332
000d7d20_4603,11738.297
000d7d20_4604,11738.299
000d7d20_4605,11738.299
000d7d20_4606,11738.288
000d7d20_4607,11738.29
000d7d20_4608,11738.284
000d7d20_4609,11738.278
000d7d20_4610,11738.271
000d7d20_4611,11738.276
000d7d20_4612,11738.266
000d7d20_4613,11738.263
000d7d20_4614,11738.265
000d7d20_4615,11738.26
000d7d20_4616,11738.254
000d7d20_4617,11738.244
000d7d20_4618,11738.238
000d7d20_4619,11738.234
000d7d20_4620,11738.2295
000d7d20_4621,11738.241
000d7d20_4622,11738.214
000d7d20_4623,11738.218
000d7d20_4624,11738.223
000d7d20_4625,11738.215
000d7d20_4626,11738.213
000d7d20_4627,11738.207
000d7d20_4628,11738.191
000d7d20_4629,11738.1875
000d7d20_4630,11738.186
000d7d20_4631,11738.185
000d7d20_4632,11738.184
000d7d20_4633,11738.178
000d7d20_4634,11738.167
000d7d20_4635,11738.16
000d7d20_4636,11738.159
000d7d20_4637,11738.151
000d7d20_4638,11738.149
000d7d20_4639,11738.138
000d7d20_4640,11738.141
000d7d20_4641,11738.135
000d7d20_4642,11738.125
000d7d20_4643,11738.122
000d7d20_4644,11738.109
000d7d20_4645,11738.109
000d7d20_4646,11738.099
000d7d20_4647,11738.1045
000d7d20_4648,11738.092
000d7d20_4649,11738.095
000d7d20_4650,11738.085
000d7d20_4651,11738.077
000d7d20_4652,11738.05
000d7d20_4653,11738.052
000d7d20_4654,11738.056
000d7d20_4655,11738.039
000d7d20_4656,11738.051
000d7d20_4657,11738.025
000d7d20_4658,11738.022
000d7d20_4659,11738.026
000d7d20_4660,11738.016
000d7d20_4661,11738.019
000d7d20_4662,11738.01
000d7d20_4663,11737.998
000d7d20_4664,11737.981
000d7d20_4665,11737.972
000d7d20_4666,11737.975
000d7d20_4667,11737.963
000d7d20_4668,11737.952
000d7d20_4669,11737.95
000d7d20_4670,11737.925
000d7d20_4671,11737.931
000d7d20_4672,11737.922
000d7d20_4673,11737.918
000d7d20_4674,11737.912
000d7d20_4675,11737.904
000d7d20_4676,11737.893
000d7d20_4677,11737.859
000d7d20_4678,11737.859
000d7d20_4679,11737.849
000d7d20_4680,11737.839
000d7d20_4681,11737.855
000d7d20_4682,11737.841
000d7d20_4683,11737.82
000d7d20_4684,11737.802
000d7d20_4685,11737.792
000d7d20_4686,11737.798
000d7d20_4687,11737.781
000d7d20_4688,11737.77
000d7d20_4689,11737.764
000d7d20_4690,11737.758
000d7d20_4691,11737.723
000d7d20_4692,11737.715
000d7d20_4693,11737.704
000d7d20_4694,11737.691
000d7d20_4695,11737.6875
000d7d20_4696,11737.678
000d7d20_4697,11737.662
000d7d20_4698,11737.635
000d7d20_4699,11737.632
000d7d20_4700,11737.619
000d7d20_4701,11737.61
000d7d20_4702,11737.592
000d7d20_4703,11737.573
000d7d20_4704,11737.541
000d7d20_4705,11737.522
000d7d20_4706,11737.547
000d7d20_4707,11737.527
000d7d20_4708,11737.567
000d7d20_4709,11737.532
000d7d20_4710,11737.563
000d7d20_4711,11737.568
000d7d20_4712,11737.552
000d7d20_4713,11737.565
000d7d20_4714,11737.545
000d7d20_4715,11737.471
000d7d20_4716,11737.464
000d7d20_4717,11737.453
000d7d20_4718,11737.445
000d7d20_4719,11737.435
000d7d20_4720,11737.427
000d7d20_4721,11737.424
000d7d20_4722,11737.409
000d7d20_4723,11737.411
000d7d20_4724,11737.387
000d7d20_4725,11737.38
000d7d20_4726,11737.382
000d7d20_4727,11737.372
000d7d20_4728,11737.362
000d7d20_4729,11737.325
000d7d20_4730,11737.316
000d7d20_4731,11737.337
000d7d20_4732,11737.34
000d7d20_4733,11737.321
000d7d20_4734,11737.304
000d7d20_4735,11737.296
000d7d20_4736,11737.262
000d7d20_4737,11737.269
000d7d20_4738,11737.194
000d7d20_4739,11737.173
000d7d20_4740,11737.199
000d7d20_4741,11737.207
000d7d20_4742,11737.201
000d7d20_4743,11737.138
000d7d20_4744,11737.152
000d7d20_4745,11737.142
000d7d20_4746,11737.107
000d7d20_4747,11737.138
000d7d20_4748,11737.088
000d7d20_4749,11737.035
000d7d20_4750,11737.09
000d7d20_4751,11737.1045
000d7d20_4752,11737.016
000d7d20_4753,11737.033
000d7d20_4754,11737.033
000d7d20_4755,11737.007
000d7d20_4756,11736.968
000d7d20_4757,11737.0
000d7d20_4758,11736.986
000d7d20_4759,11736.987
000d7d20_4760,11736.92
000d7d20_4761,11736.919
000d7d20_4762,11736.899
000d7d20_4763,11736.888
000d7d20_4764,11736.878
000d7d20_4765,11736.848
000d7d20_4766,11736.892
000d7d20_4767,11736.857
000d7d20_4768,11736.791
000d7d20_4769,11736.786
000d7d20_4770,11736.801
000d7d20_4771,11736.847
000d7d20_4772,11736.833
000d7d20_4773,11736.822
000d7d20_4774,11736.784
000d7d20_4775,11736.751
000d7d20_4776,11736.726
000d7d20_4777,11736.709
000d7d20_4778,11736.75
000d7d20_4779,11736.753
000d7d20_4780,11736.76
000d7d20_4781,11736.8
000d7d20_4782,11736.765
000d7d20_4783,11736.731
000d7d20_4784,11736.76
000d7d20_4785,11736.77
000d7d20_4786,11736.758
000d7d20_4787,11736.755
000d7d20_4788,11736.743
000d7d20_4789,11736.734
000d7d20_4790,11736.722
000d7d20_4791,11736.707
000d7d20_4792,11736.701
000d7d20_4793,11736.671
000d7d20_4794,11736.663
000d7d20_4795,11736.675
000d7d20_4796,11736.627
000d7d20_4797,11736.628
000d7d20_4798,11736.614
000d7d20_4799,11736.618
000d7d20_4800,11736.611
000d7d20_4801,11736.63
000d7d20_4802,11736.623
000d7d20_4803,11736.62
000d7d20_4804,11736.607
000d7d20_4805,11736.59
000d7d20_4806,11736.582
000d7d20_4807,11736.573
000d7d20_4808,11736.572
000d7d20_4809,11736.581
000d7d20_4810,11736.567
000d7d20_4811,11736.561
000d7d20_4812,11736.53
000d7d20_4813,11736.52
000d7d20_4814,11736.51
000d7d20_4815,11736.506
000d7d20_4816,11736.491
000d7d20_4817,11736.487
000d7d20_4818,11736.473
000d7d20_4819,11736.487
000d7d20_4820,11736.481
000d7d20_4821,11736.44
000d7d20_4822,11736.435
000d7d20_4823,11736.413
000d7d20_4824,11736.403
000d7d20_4825,11736.401
000d7d20_4826,11736.414
000d7d20_4827,11736.389
000d7d20_4828,11736.423
000d7d20_4829,11736.4
000d7d20_4830,11736.388
000d7d20_4831,11736.371
000d7d20_4832,11736.359
000d7d20_4833,11736.357
000d7d20_4834,11736.366
000d7d20_4835,11736.358
000d7d20_4836,11736.359
000d7d20_4837,11736.333
000d7d20_4838,11736.317
000d7d20_4839,11736.309
000d7d20_4840,11736.309
000d7d20_4841,11736.295
000d7d20_4842,11736.288
000d7d20_4843,11736.282
000d7d20_4844,11736.247
000d7d20_4845,11736.1875
000d7d20_4846,11736.212
000d7d20_4847,11736.202
000d7d20_4848,11736.224
000d7d20_4849,11736.238
000d7d20_4850,11736.222
000d7d20_4851,11736.225
000d7d20_4852,11736.2295
000d7d20_4853,11736.219
000d7d20_4854,11736.156
000d7d20_4855,11736.151
000d7d20_4856,11736.16
000d7d20_4857,11736.173
000d7d20_4858,11736.145
000d7d20_4859,11736.105
000d7d20_4860,11736.099
000d7d20_4861,11736.083
000d7d20_4862,11736.086
000d7d20_4863,11736.082
000d7d20_4864,11736.1045
000d7d20_4865,11736.137
000d7d20_4866,11736.106
000d7d20_4867,11736.08
000d7d20_4868,11736.017
000d7d20_4869,11736.041
000d7d20_4870,11736.047
000d7d20_4871,11736.084
000d7d20_4872,11736.067
000d7d20_4873,11736.055
000d7d20_4874,11736.026
000d7d20_4875,11736.024
000d7d20_4876,11736.048
000d7d20_4877,11736.05
000d7d20_4878,11736.053
000d7d20_4879,11736.039
000d7d20_4880,11736.027
000d7d20_4881,11736.017
000d7d20_4882,11736.018
000d7d20_4883,11736.017
000d7d20_4884,11735.96
000d7d20_4885,11736.019
000d7d20_4886,11736.026
000d7d20_4887,11736.003
000d7d20_4888,11735.968
000d7d20_4889,11735.945
000d7d20_4890,11735.945
000d7d20_4891,11735.9375
000d7d20_4892,11735.9375
000d7d20_4893,11735.94
000d7d20_4894,11735.947
000d7d20_4895,11735.95
000d7d20_4896,11735.949
000d7d20_4897,11735.945
000d7d20_4898,11735.925
000d7d20_4899,11735.914
000d7d20_4900,11735.895
000d7d20_4901,11735.895
000d7d20_4902,11735.904
000d7d20_4903,11735.901
000d7d20_4904,11735.862
000d7d20_4905,11735.87
000d7d20_4906,11735.858
000d7d20_4907,11735.846
000d7d20_4908,11735.859
000d7d20_4909,11735.855
000d7d20_4910,11735.844
000d7d20_4911,11735.8125
000d7d20_4912,11735.822
000d7d20_4913,11735.893
000d7d20_4914,11735.9
000d7d20_4915,11735.896
000d7d20_4916,11735.899
000d7d20_4917,11735.913
000d7d20_4918,11735.906
000d7d20_4919,11735.902
000d7d20_4920,11735.89
000d7d20_4921,11735.866
000d7d20_4922,11735.842
000d7d20_4923,11735.838
000d7d20_4924,11735.828
000d7d20_4925,11735.86
000d7d20_4926,11735.859
000d7d20_4927,11735.871
000d7d20_4928,11735.893
000d7d20_4929,11735.78
000d7d20_4930,11735.81
000d7d20_4931,11735.81
000d7d20_4932,11735.806
000d7d20_4933,11735.767
000d7d20_4934,11735.804
000d7d20_4935,11735.82
000d7d20_4936,11735.806
000d7d20_4937,11735.823
000d7d20_4938,11735.806
000d7d20_4939,11735.842
000d7d20_4940,11735.825
000d7d20_4941,11735.816
000d7d20_4942,11735.816
000d7d20_4943,11735.796
000d7d20_4944,11735.798
000d7d20_4945,11735.833
000d7d20_4946,11735.806
000d7d20_4947,11735.816
000d7d20_4948,11735.819
000d7d20_4949,11735.837
000d7d20_4950,11735.867
000d7d20_4951,11735.894
000d7d20_4952,11735.873
000d7d20_4953,11735.871
000d7d20_4954,11735.858
000d7d20_4955,11735.875
000d7d20_4956,11735.877
000d7d20_4957,11735.844
000d7d20_4958,11735.875
000d7d20_4959,11735.913
000d7d20_4960,11735.912
000d7d20_4961,11735.915
000d7d20_4962,11735.938
000d7d20_4963,11735.951
000d7d20_4964,11735.944
000d7d20_4965,11735.941
000d7d20_4966,11735.934
000d7d20_4967,11735.899
000d7d20_4968,11735.918
000d7d20_4969,11735.93
000d7d20_4970,11735.955
000d7d20_4971,11735.963
000d7d20_4972,11735.951
000d7d20_4973,11735.971
000d7d20_4974,11735.983
000d7d20_4975,11735.941
000d7d20_4976,11735.9375
000d7d20_4977,11735.953
000d7d20_4978,11735.943
000d7d20_4979,11735.937
000d7d20_4980,11735.947
000d7d20_4981,11735.951
000d7d20_4982,11735.947
000d7d20_4983,11735.962
000d7d20_4984,11735.964
000d7d20_4985,11735.985
000d7d20_4986,11735.951
000d7d20_4987,11735.975
000d7d20_4988,11735.974
000d7d20_4989,11735.979
000d7d20_4990,11735.979
000d7d20_4991,11735.982
000d7d20_4992,11736.003
000d7d20_4993,11736.003
000d7d20_4994,11736.014
000d7d20_4995,11736.007
000d7d20_4996,11736.018
000d7d20_4997,11735.988
000d7d20_4998,11736.042
000d7d20_4999,11736.003
000d7d20_5000,11736.037
000d7d20_5001,11736.045
000d7d20_5002,11736.047
000d7d20_5003,11736.062
000d7d20_5004,11736.054
000d7d20_5005,11736.058
000d7d20_5006,11736.0625
000d7d20_5007,11736.095
000d7d20_5008,11736.108
000d7d20_5009,11736.119
000d7d20_5010,11736.105
000d7d20_5011,11736.106
000d7d20_5012,11736.108
000d7d20_5013,11736.108
000d7d20_5014,11736.107
000d7d20_5015,11736.1045
000d7d20_5016,11736.109
000d7d20_5017,11736.095
000d7d20_5018,11736.096
000d7d20_5019,11736.1
000d7d20_5020,11736.105
000d7d20_5021,11736.11
000d7d20_5022,11736.105
000d7d20_5023,11736.099
000d7d20_5024,11736.089
000d7d20_5025,11736.094
000d7d20_5026,11736.093
000d7d20_5027,11736.099
000d7d20_5028,11736.091
000d7d20_5029,11736.087
000d7d20_5030,11736.088
000d7d20_5031,11736.097
000d7d20_5032,11736.098
000d7d20_5033,11736.097
000d7d20_5034,11736.092
000d7d20_5035,11736.091
000d7d20_5036,11736.099
000d7d20_5037,11736.097
000d7d20_5038,11736.098
000d7d20_5039,11736.102
000d7d20_5040,11736.101
000d7d20_5041,11736.1
000d7d20_5042,11736.093
000d7d20_5043,11736.102
000d7d20_5044,11736.092
000d7d20_5045,11736.101
000d7d20_5046,11736.096
000d7d20_5047,11736.093
000d7d20_5048,11736.102
000d7d20_5049,11736.093
000d7d20_5050,11736.091
000d7d20_5051,11736.104
000d7d20_5052,11736.11
000d7d20_5053,11736.094
000d7d20_5054,11736.093
000d7d20_5055,11736.088
000d7d20_5056,11736.086
000d7d20_5057,11736.095
000d7d20_5058,11736.096
000d7d20_5059,11736.107
000d7d20_5060,11736.102
000d7d20_5061,11736.107
000d7d20_5062,11736.11
000d7d20_5063,11736.103
000d7d20_5064,11736.133
000d7d20_5065,11736.133
000d7d20_5066,11736.124
000d7d20_5067,11736.14
000d7d20_5068,11736.123
000d7d20_5069,11736.141
000d7d20_5070,11736.152
000d7d20_5071,11736.156
000d7d20_5072,11736.163
000d7d20_5073,11736.164
000d7d20_5074,11736.156
000d7d20_5075,11736.16
000d7d20_5076,11736.157
000d7d20_5077,11736.1455
000d7d20_5078,11736.155
000d7d20_5079,11736.167
000d7d20_5080,11736.172
000d7d20_5081,11736.178
000d7d20_5082,11736.187
000d7d20_5083,11736.184
000d7d20_5084,11736.183
000d7d20_5085,11736.177
000d7d20_5086,11736.182
000d7d20_5087,11736.185
000d7d20_5088,11736.183
000d7d20_5089,11736.182
000d7d20_5090,11736.2
000d7d20_5091,11736.197
000d7d20_5092,11736.196
000d7d20_5093,11736.201
000d7d20_5094,11736.215
000d7d20_5095,11736.22
000d7d20_5096,11736.212
000d7d20_5097,11736.215
000d7d20_5098,11736.227
000d7d20_5099,11736.22
000d7d20_5100,11736.218
000d7d20_5101,11736.213
000d7d20_5102,11736.224
000d7d20_5103,11736.209
000d7d20_5104,11736.234
000d7d20_5105,11736.223
000d7d20_5106,11736.22
000d7d20_5107,11736.227
000d7d20_5108,11736.226
000d7d20_5109,11736.224
000d7d20_5110,11736.232
000d7d20_5111,11736.233
000d7d20_5112,11736.223
000d7d20_5113,11736.231
000d7d20_5114,11736.234
000d7d20_5115,11736.235
000d7d20_5116,11736.24
000d7d20_5117,11736.248
000d7d20_5118,11736.257
000d7d20_5119,11736.243
000d7d20_5120,11736.248
000d7d20_5121,11736.251
000d7d20_5122,11736.248
000d7d20_5123,11736.236
000d7d20_5124,11736.233
000d7d20_5125,11736.239
000d7d20_5126,11736.227
000d7d20_5127,11736.227
000d7d20_5128,11736.214
000d7d20_5129,11736.206
000d7d20_5130,11736.2
000d7d20_5131,11736.204
000d7d20_5132,11736.193
000d7d20_5133,11736.205
000d7d20_5134,11736.208
000d7d20_5135,11736.193
000d7d20_5136,11736.223
000d7d20_5137,11736.223
000d7d20_5138,11736.22
000d7d20_5139,11736.212
000d7d20_5140,11736.223
000d7d20_5141,11736.215
000d7d20_5142,11736.217
000d7d20_5143,11736.222
000d7d20_5144,11736.219
000d7d20_5145,11736.232
000d7d20_5146,11736.233
000d7d20_5147,11736.228
000d7d20_5148,11736.1875
000d7d20_5149,11736.204
000d7d20_5150,11736.186
000d7d20_5151,11736.195
000d7d20_5152,11736.198
000d7d20_5153,11736.211
000d7d20_5154,11736.212
000d7d20_5155,11736.212
000d7d20_5156,11736.204
000d7d20_5157,11736.214
000d7d20_5158,11736.216
000d7d20_5159,11736.207
000d7d20_5160,11736.215
000d7d20_5161,11736.234
000d7d20_5162,11736.247
000d7d20_5163,11736.255
000d7d20_5164,11736.247
000d7d20_5165,11736.239
000d7d20_5166,11736.248
000d7d20_5167,11736.248
000d7d20_5168,11736.253
000d7d20_5169,11736.265
000d7d20_5170,11736.266
000d7d20_5171,11736.275
000d7d20_5172,11736.267
000d7d20_5173,11736.266
000d7d20_5174,11736.271
000d7d20_5175,11736.273
000d7d20_5176,11736.277
000d7d20_5177,11736.265
000d7d20_5178,11736.291
000d7d20_5179,11736.276
000d7d20_5180,11736.284
000d7d20_5181,11736.271
000d7d20_5182,11736.294
000d7d20_5183,11736.273
000d7d20_5184,11736.288
000d7d20_5185,11736.298
000d7d20_5186,11736.311
000d7d20_5187,11736.308
000d7d20_5188,11736.331
000d7d20_5189,11736.33
000d7d20_5190,11736.329
000d7d20_5191,11736.323
000d7d20_5192,11736.345
000d7d20_5193,11736.341
000d7d20_5194,11736.341
000d7d20_5195,11736.344
000d7d20_5196,11736.343
000d7d20_5197,11736.353
000d7d20_5198,11736.355
000d7d20_5199,11736.3545
000d7d20_5200,11736.368
000d7d20_5201,11736.34
000d7d20_5202,11736.343
000d7d20_5203,11736.328
000d7d20_5204,11736.331
000d7d20_5205,11736.332
000d7d20_5206,11736.317
000d7d20_5207,11736.328
000d7d20_5208,11736.335
000d7d20_5209,11736.347
000d7d20_5210,11736.352
000d7d20_5211,11736.341
000d7d20_5212,11736.35
000d7d20_5213,11736.349
000d7d20_5214,11736.358
000d7d20_5215,11736.36
000d7d20_5216,11736.36
000d7d20_5217,11736.364
000d7d20_5218,11736.373
000d7d20_5219,11736.387
000d7d20_5220,11736.364
000d7d20_5221,11736.375
000d7d20_5222,11736.312
000d7d20_5223,11736.3125
000d7d20_5224,11736.316
000d7d20_5225,11736.318
000d7d20_5226,11736.327
000d7d20_5227,11736.33
000d7d20_5228,11736.316
000d7d20_5229,11736.327
000d7d20_5230,11736.315
000d7d20_5231,11736.333
000d7d20_5232,11736.293
000d7d20_5233,11736.377
000d7d20_5234,11736.392
000d7d20_5235,11736.324
000d7d20_5236,11736.318
000d7d20_5237,11736.399
000d7d20_5238,11736.393
000d7d20_5239,11736.331
000d7d20_5240,11736.339
000d7d20_5241,11736.336
000d7d20_5242,11736.329
000d7d20_5243,11736.329
000d7d20_5244,11736.33
000d7d20_5245,11736.335
000d7d20_5246,11736.312
000d7d20_5247,11736.316
000d7d20_5248,11736.314
000d7d20_5249,11736.319
000d7d20_5250,11736.317
000d7d20_5251,11736.292
000d7d20_5252,11736.367
000d7d20_5253,11736.37
000d7d20_5254,11736.378
000d7d20_5255,11736.374
000d7d20_5256,11736.311
000d7d20_5257,11736.289
000d7d20_5258,11736.284
000d7d20_5259,11736.29
000d7d20_5260,11736.291
000d7d20_5261,11736.297
000d7d20_5262,11736.293
000d7d20_5263,11736.286
000d7d20_5264,11736.305
000d7d20_5265,11736.3
000d7d20_5266,11736.302
000d7d20_5267,11736.25
000d7d20_5268,11736.259
000d7d20_5269,11736.25
000d7d20_5270,11736.265
000d7d20_5271,11736.272
000d7d20_5272,11736.266
000d7d20_5273,11736.345
000d7d20_5274,11736.384
000d7d20_5275,11736.407
000d7d20_5276,11736.401
000d7d20_5277,11736.412
00bbac68_1545,12226.856
00bbac68_1546,12226.894
00bbac68_1547,12226.934
00bbac68_1548,12226.961
00bbac68_1549,12226.999
00bbac68_1550,12227.056
00bbac68_1551,12227.0625
00bbac68_1552,12227.112
00bbac68_1553,12227.137
00bbac68_1554,12227.186
00bbac68_1555,12227.221
00bbac68_1556,12227.264
00bbac68_1557,12227.293
00bbac68_1558,12227.329
00bbac68_1559,12227.35
00bbac68_1560,12227.397
00bbac68_1561,12227.429
00bbac68_1562,12227.458
00bbac68_1563,12227.486
00bbac68_1564,12227.54
00bbac68_1565,12227.553
00bbac68_1566,12227.59
00bbac68_1567,12227.61
00bbac68_1568,12227.654
00bbac68_1569,12227.686
00bbac68_1570,12227.714
00bbac68_1571,12227.748
00bbac68_1572,12227.785
00bbac68_1573,12227.808
00bbac68_1574,12227.851
00bbac68_1575,12227.873
00bbac68_1576,12227.918
00bbac68_1577,12227.951
00bbac68_1578,12227.968
00bbac68_1579,12228.02
00bbac68_1580,12228.034
00bbac68_1581,12228.067
00bbac68_1582,12228.103
00bbac68_1583,12228.135
00bbac68_1584,12228.183
00bbac68_1585,12228.215
00bbac68_1586,12228.262
00bbac68_1587,12228.285
00bbac68_1588,12228.312
00bbac68_1589,12228.357
00bbac68_1590,12228.385
00bbac68_1591,12228.416
00bbac68_1592,12228.448
00bbac68_1593,12228.486
00bbac68_1594,12228.509
00bbac68_1595,12228.539
00bbac68_1596,12228.56
00bbac68_1597,12228.59
00bbac68_1598,12228.623
00bbac68_1599,12228.66
00bbac68_1600,12228.894
00bbac68_1601,12228.91
00bbac68_1602,12228.946
00bbac68_1603,12228.971
00bbac68_1604,12228.995
00bbac68_1605,12229.031
00bbac68_1606,12229.075
00bbac68_1607,12229.105
00bbac68_1608,12229.288
00bbac68_1609,12229.319
00bbac68_1610,12229.354
00bbac68_1611,12229.381
00bbac68_1612,12229.424
00bbac68_1613,12229.446
00bbac68_1614,12229.473
00bbac68_1615,12229.501
00bbac68_1616,12229.536
00bbac68_1617,12229.567
00bbac68_1618,12229.602
00bbac68_1619,12229.627
00bbac68_1620,12229.647
00bbac68_1621,12229.6875
00bbac68_1622,12229.717
00bbac68_1623,12229.749
00bbac68_1624,12229.818
00bbac68_1625,12229.855
00bbac68_1626,12229.877
00bbac68_1627,12229.892
00bbac68_1628,12229.911
00bbac68_1629,12229.937
00bbac68_1630,12229.971
00bbac68_1631,12229.997
00bbac68_1632,12230.03
00bbac68_1633,12230.055
00bbac68_1634,12230.095
00bbac68_1635,12230.133
00bbac68_1636,12230.156
00bbac68_1637,12230.176
00bbac68_1638,12230.2
00bbac68_1639,12230.232
00bbac68_1640,12230.264
00bbac68_1641,12230.291
00bbac68_1642,12230.311
00bbac68_1643,12230.325
00bbac68_1644,12230.369
00bbac68_1645,12230.41
00bbac68_1646,12230.43
00bbac68_1647,12230.455
00bbac68_1648,12230.483
00bbac68_1649,12230.516
00bbac68_1650,12230.549
00bbac68_1651,12230.589
00bbac68_1652,12230.604
00bbac68_1653,12230.612
00bbac68_1654,12230.641
00bbac68_1655,12230.66
00bbac68_1656,12230.687
00bbac68_1657,12230.727
00bbac68_1658,12230.761
00bbac68_1659,12230.796
00bbac68_1660,12230.827
00bbac68_1661,12230.8545
00bbac68_1662,12230.866
00bbac68_1663,12230.883
00bbac68_1664,12230.908
00bbac68_1665,12230.941
00bbac68_1666,12230.961
00bbac68_1667,12230.982
00bbac68_1668,12231.006
00bbac68_1669,12231.037
00bbac68_1670,12231.064
00bbac68_1671,12231.069
00bbac68_1672,12231.105
00bbac68_1673,12231.13
00bbac68_1674,12231.148
00bbac68_1675,12231.195
00bbac68_1676,12231.22
00bbac68_1677,12231.223
00bbac68_1678,12231.248
00bbac68_1679,12231.28
00bbac68_1680,12231.309
00bbac68_1681,12231.346
00bbac68_1682,12231.385
00bbac68_1683,12231.408
00bbac68_1684,12231.433
00bbac68_1685,12231.722
00bbac68_1686,12231.722
00bbac68_1687,12231.763
00bbac68_1688,12231.766
00bbac68_1689,12231.794
00bbac68_1690,12231.802
00bbac68_1691,12231.825
00bbac68_1692,12231.898
00bbac68_1693,12231.91
00bbac68_1694,12231.9375
00bbac68_1695,12231.934
00bbac68_1696,12231.956
00bbac68_1697,12231.983
00bbac68_1698,12232.034
00bbac68_1699,12232.057
00bbac68_1700,12232.091
00bbac68_1701,12232.118
00bbac68_1702,12232.142
00bbac68_1703,12232.158
00bbac68_1704,12232.183
00bbac68_1705,12232.217
00bbac68_1706,12232.287
00bbac68_1707,12232.383
00bbac68_1708,12232.453
00bbac68_1709,12232.473
00bbac68_1710,12232.4795
00bbac68_1711,12232.487
00bbac68_1712,12232.542
00bbac68_1713,12232.563
00bbac68_1714,12232.589
00bbac68_1715,12232.609
00bbac68_1716,12232.593
00bbac68_1717,12232.638
00bbac68_1718,12232.666
00bbac68_1719,12232.689
00bbac68_1720,12232.671
00bbac68_1721,12232.679
00bbac68_1722,12232.703
00bbac68_1723,12232.733
00bbac68_1724,12232.743
00bbac68_1725,12232.789
00bbac68_1726,12232.841
00bbac68_1727,12232.829
00bbac68_1728,12232.834
00bbac68_1729,12232.86
00bbac68_1730,12232.902
00bbac68_1731,12232.954
00bbac68_1732,12232.981
00bbac68_1733,12232.994
00bbac68_1734,12233.021
00bbac68_1735,12233.046
00bbac68_1736,12233.0625
00bbac68_1737,12233.083
00bbac68_1738,12233.092
00bbac68_1739,12233.092
00bbac68_1740,12233.078
00bbac68_1741,12233.022
00bbac68_1742,12232.982
00bbac68_1743,12233.034
00bbac68_1744,12233.057
00bbac68_1745,12233.093
00bbac68_1746,12233.091
00bbac68_1747,12233.104
00bbac68_1748,12233.121
00bbac68_1749,12233.146
00bbac68_1750,12233.179
00bbac68_1751,12233.22
00bbac68_1752,12233.23
00bbac68_1753,12233.239
00bbac68_1754,12233.339
00bbac68_1755,12233.405
00bbac68_1756,12233.428
00bbac68_1757,12233.423
00bbac68_1758,12233.422
00bbac68_1759,12233.437
00bbac68_1760,12233.486
00bbac68_1761,12233.505
00bbac68_1762,12233.518
00bbac68_1763,12233.543
00bbac68_1764,12233.554
00bbac68_1765,12233.563
00bbac68_1766,12233.533
00bbac68_1767,12233.573
00bbac68_1768,12233.572
00bbac68_1769,12233.613
00bbac68_1770,12233.665
00bbac68_1771,12233.696
00bbac68_1772,12233.696
00bbac68_1773,12233.716
00bbac68_1774,12233.719
00bbac68_1775,12233.756
00bbac68_1776,12233.751
00bbac68_1777,12233.762
00bbac68_1778,12233.774
00bbac68_1779,12233.793
00bbac68_1780,12233.814
00bbac68_1781,12233.816
00bbac68_1782,12233.836
00bbac68_1783,12233.854
00bbac68_1784,12233.854
00bbac68_1785,12233.812
00bbac68_1786,12233.86
00bbac68_1787,12233.863
00bbac68_1788,12233.88
00bbac68_1789,12233.907
00bbac68_1790,12233.935
00bbac68_1791,12233.945
00bbac68_1792,12233.955
00bbac68_1793,12233.971
00bbac68_1794,12233.985
00bbac68_1795,12234.004
00bbac68_1796,12234.202
00bbac68_1797,12234.217
00bbac68_1798,12234.234
00bbac68_1799,12234.207
00bbac68_1800,12234.218
00bbac68_1801,12234.23
00bbac68_1802,12234.257
00bbac68_1803,12234.311
00bbac68_1804,12234.318
00bbac68_1805,12234.336
00bbac68_1806,12234.321
00bbac68_1807,12234.365
00bbac68_1808,12234.334
00bbac68_1809,12234.349
00bbac68_1810,12234.373
00bbac68_1811,12234.386
00bbac68_1812,12234.402
00bbac68_1813,12234.417
00bbac68_1814,12234.456
00bbac68_1815,12234.478
00bbac68_1816,12234.487
00bbac68_1817,12234.501
00bbac68_1818,12234.484
00bbac68_1819,12234.529
00bbac68_1820,12234.547
00bbac68_1821,12234.519
00bbac68_1822,12234.528
00bbac68_1823,12234.548
00bbac68_1824,12234.692
00bbac68_1825,12234.69
00bbac68_1826,12234.75
00bbac68_1827,12234.753
00bbac68_1828,12234.769
00bbac68_1829,12234.767
00bbac68_1830,12234.738
00bbac68_1831,12234.762
00bbac68_1832,12234.768
00bbac68_1833,12234.778
00bbac68_1834,12234.752
00bbac68_1835,12234.805
00bbac68_1836,12234.803
00bbac68_1837,12234.774
00bbac68_1838,12234.769
00bbac68_1839,12234.797
00bbac68_1840,12234.807
00bbac68_1841,12234.809
00bbac68_1842,12234.814
00bbac68_1843,12234.827
00bbac68_1844,12234.845
00bbac68_1845,12234.834
00bbac68_1846,12234.823
00bbac68_1847,12234.86
00bbac68_1848,12234.879
00bbac68_1849,12234.87
00bbac68_1850,12234.878
00bbac68_1851,12234.88
00bbac68_1852,12234.841
00bbac68_1853,12234.894
00bbac68_1854,12234.906
00bbac68_1855,12234.908
00bbac68_1856,12234.922
00bbac68_1857,12234.914
00bbac68_1858,12234.901
00bbac68_1859,12234.92
00bbac68_1860,12234.926
00bbac68_1861,12234.937
00bbac68_1862,12234.908
00bbac68_1863,12234.908
00bbac68_1864,12234.914
00bbac68_1865,12234.961
00bbac68_1866,12234.962
00bbac68_1867,12234.965
00bbac68_1868,12234.976
00bbac68_1869,12234.948
00bbac68_1870,12234.945
00bbac68_1871,12234.99
00bbac68_1872,12234.996
00bbac68_1873,12235.01
00bbac68_1874,12234.995
00bbac68_1875,12235.0
00bbac68_1876,12235.019
00bbac68_1877,12235.011
00bbac68_1878,12235.01
00bbac68_1879,12234.9795
00bbac68_1880,12234.998
00bbac68_1881,12234.992
00bbac68_1882,12234.998
00bbac68_1883,12235.007
00bbac68_1884,12235.033
00bbac68_1885,12235.26
00bbac68_1886,12235.263
00bbac68_1887,12235.277
00bbac68_1888,12235.285
00bbac68_1889,12235.29
00bbac68_1890,12235.299
00bbac68_1891,12235.306
00bbac68_1892,12235.255
00bbac68_1893,12235.286
00bbac68_1894,12235.302
00bbac68_1895,12235.307
00bbac68_1896,12235.306
00bbac68_1897,12235.313
00bbac68_1898,12235.299
00bbac68_1899,12235.311
00bbac68_1900,12235.355
00bbac68_1901,12235.363
00bbac68_1902,12235.351
00bbac68_1903,12235.374
00bbac68_1904,12235.402
00bbac68_1905,12235.403
00bbac68_1906,12235.415
00bbac68_1907,12235.408
00bbac68_1908,12235.423
00bbac68_1909,12235.428
00bbac68_1910,12235.398
00bbac68_1911,12235.377
00bbac68_1912,12235.391
00bbac68_1913,12235.407
00bbac68_1914,12235.416
00bbac68_1915,12235.449
00bbac68_1916,12235.461
00bbac68_1917,12235.438
00bbac68_1918,12235.427
00bbac68_1919,12235.473
00bbac68_1920,12235.483
00bbac68_1921,12235.481
00bbac68_1922,12235.474
00bbac68_1923,12235.449
00bbac68_1924,12235.452
00bbac68_1925,12235.456
00bbac68_1926,12235.473
00bbac68_1927,12235.459
00bbac68_1928,12235.433
00bbac68_1929,12235.436
00bbac68_1930,12235.435
00bbac68_1931,12235.423
00bbac68_1932,12235.424
00bbac68_1933,12235.441
00bbac68_1934,12235.4795
00bbac68_1935,12235.484
00bbac68_1936,12235.494
00bbac68_1937,12235.489
00bbac68_1938,12235.494
00bbac68_1939,12235.504
00bbac68_1940,12235.5
00bbac68_1941,12235.496
00bbac68_1942,12235.481
00bbac68_1943,12235.511
00bbac68_1944,12235.492
00bbac68_1945,12235.649
00bbac68_1946,12235.651
00bbac68_1947,12235.62
00bbac68_1948,12235.62
00bbac68_1949,12235.63
00bbac68_1950,12235.616
00bbac68_1951,12235.624
00bbac68_1952,12235.629
00bbac68_1953,12235.654
00bbac68_1954,12235.65
00bbac68_1955,12235.662
00bbac68_1956,12235.617
00bbac68_1957,12235.605
00bbac68_1958,12235.602
00bbac68_1959,12235.599
00bbac68_1960,12235.61
00bbac68_1961,12235.65
00bbac68_1962,12235.647
00bbac68_1963,12235.628
00bbac68_1964,12235.639
00bbac68_1965,12235.648
00bbac68_1966,12235.689
00bbac68_1967,12235.707
00bbac68_1968,12235.704
00bbac68_1969,12235.688
00bbac68_1970,12235.698
00bbac68_1971,12235.686
00bbac68_1972,12235.6875
00bbac68_1973,12235.706
00bbac68_1974,12235.74
00bbac68_1975,12235.753
00bbac68_1976,12235.752
00bbac68_1977,12235.751
00bbac68_1978,12235.765
00bbac68_1979,12235.7705
00bbac68_1980,12235.769
00bbac68_1981,12235.788
00bbac68_1982,12235.792
00bbac68_1983,12235.771
00bbac68_1984,12235.783
00bbac68_1985,12235.803
00bbac68_1986,12235.8545
00bbac68_1987,12235.827
00bbac68_1988,12235.842
00bbac68_1989,12235.828
00bbac68_1990,12235.836
00bbac68_1991,12235.81
00bbac68_1992,12235.822
00bbac68_1993,12235.824
00bbac68_1994,12235.861
00bbac68_1995,12235.878
00bbac68_1996,12235.886
00bbac68_1997,12235.889
00bbac68_1998,12235.893
00bbac68_1999,12235.893
00bbac68_2000,12235.907
00bbac68_2001,12235.92
00bbac68_2002,12235.904
00bbac68_2003,12235.898
00bbac68_2004,12235.89
00bbac68_2005,12235.894
00bbac68_2006,12235.89
00bbac68_2007,12235.903
00bbac68_2008,12235.912
00bbac68_2009,12236.124
00bbac68_2010,12236.107
00bbac68_2011,12236.127
00bbac68_2012,12236.147
00bbac68_2013,12236.163
00bbac68_2014,12236.136
00bbac68_2015,12236.161
00bbac68_2016,12236.171
00bbac68_2017,12236.182
00bbac68_2018,12236.177
00bbac68_2019,12236.196
00bbac68_2020,12236.207
00bbac68_2021,12236.15
00bbac68_2022,12236.1455
00bbac68_2023,12236.148
00bbac68_2024,12236.177
00bbac68_2025,12236.2295
00bbac68_2026,12236.229
00bbac68_2027,12236.2295
00bbac68_2028,12236.242
00bbac68_2029,12236.245
00bbac68_2030,12236.25
00bbac68_2031,12236.22
00bbac68_2032,12236.231
00bbac68_2033,12236.18
00bbac68_2034,12236.195
00bbac68_2035,12236.221
00bbac68_2036,12236.222
00bbac68_2037,12236.22
00bbac68_2038,12236.252
00bbac68_2039,12236.264
00bbac68_2040,12236.257
00bbac68_2041,12236.27
00bbac68_2042,12236.28
00bbac68_2043,12236.279
00bbac68_2044,12236.283
00bbac68_2045,12236.296
00bbac68_2046,12236.288
00bbac68_2047,12236.403
00bbac68_2048,12236.421
00bbac68_2049,12236.414
00bbac68_2050,12236.418
00bbac68_2051,12236.401
00bbac68_2052,12236.414
00bbac68_2053,12236.452
00bbac68_2054,12236.461
00bbac68_2055,12236.471
00bbac68_2056,12236.472
00bbac68_2057,12236.462
00bbac68_2058,12236.456
00bbac68_2059,12236.466
00bbac68_2060,12236.464
00bbac68_2061,12236.493
00bbac68_2062,12236.493
00bbac68_2063,12236.499
00bbac68_2064,12236.507
00bbac68_2065,12236.508
00bbac68_2066,12236.476
00bbac68_2067,12236.491
00bbac68_2068,12236.489
00bbac68_2069,12236.507
00bbac68_2070,12236.498
00bbac68_2071,12236.494
00bbac68_2072,12236.504
00bbac68_2073,12236.498
00bbac68_2074,12236.519
00bbac68_2075,12236.542
00bbac68_2076,12236.555
00bbac68_2077,12236.561
00bbac68_2078,12236.576
00bbac68_2079,12236.578
00bbac68_2080,12236.595
00bbac68_2081,12236.624
00bbac68_2082,12236.641
00bbac68_2083,12236.603
00bbac68_2084,12236.601
00bbac68_2085,12236.623
00bbac68_2086,12236.631
00bbac68_2087,12236.631
00bbac68_2088,12236.634
00bbac68_2089,12236.642
00bbac68_2090,12236.689
00bbac68_2091,12236.699
00bbac68_2092,12236.705
00bbac68_2093,12236.693
00bbac68_2094,12236.685
00bbac68_2095,12236.693
00bbac68_2096,12236.714
00bbac68_2097,12236.722
00bbac68_2098,12236.749
00bbac68_2099,12236.761
00bbac68_2100,12236.757
00bbac68_2101,12236.858
00bbac68_2102,12236.876
00bbac68_2103,12236.904
00bbac68_2104,12236.933
00bbac68_2105,12236.956
00bbac68_2106,12236.958
00bbac68_2107,12236.964
00bbac68_2108,12236.976
00bbac68_2109,12236.972
00bbac68_2110,12236.96
00bbac68_2111,12236.956
00bbac68_2112,12236.965
00bbac68_2113,12236.981
00bbac68_2114,12236.9795
00bbac68_2115,12236.992
00bbac68_2116,12237.0
00bbac68_2117,12237.02
00bbac68_2118,12237.024
00bbac68_2119,12237.027
00bbac68_2120,12237.036
00bbac68_2121,12237.05
00bbac68_2122,12237.053
00bbac68_2123,12237.105
00bbac68_2124,12237.104
00bbac68_2125,12237.103
00bbac68_2126,12237.122
00bbac68_2127,12237.129
00bbac68_2128,12237.139
00bbac68_2129,12237.1455
00bbac68_2130,12237.149
00bbac68_2131,12237.12
00bbac68_2132,12237.123
00bbac68_2133,12237.139
00bbac68_2134,12237.187
00bbac68_2135,12237.163
00bbac68_2136,12237.193
00bbac68_2137,12237.189
00bbac68_2138,12237.182
00bbac68_2139,12237.233
00bbac68_2140,12237.251
00bbac68_2141,12237.207
00bbac68_2142,12237.227
00bbac68_2143,12237.234
00bbac68_2144,12237.246
00bbac68_2145,12237.253
00bbac68_2146,12237.26
00bbac68_2147,12237.269
00bbac68_2148,12237.275
00bbac68_2149,12237.279
00bbac68_2150,12237.296
00bbac68_2151,12237.301
00bbac68_2152,12237.319
00bbac68_2153,12237.322
00bbac68_2154,12237.311
00bbac68_2155,12237.323
00bbac68_2156,12237.329
00bbac68_2157,12237.321
00bbac68_2158,12237.332
00bbac68_2159,12237.346
00bbac68_2160,12237.342
00bbac68_2161,12237.347
00bbac68_2162,12237.35
00bbac68_2163,12237.334
00bbac68_2164,12237.375
00bbac68_2165,12237.391
00bbac68_2166,12237.372
00bbac68_2167,12237.385
00bbac68_2168,12237.383
00bbac68_2169,12237.383
00bbac68_2170,12237.403
00bbac68_2171,12237.4
00bbac68_2172,12237.412
00bbac68_2173,12237.418
00bbac68_2174,12237.442
00bbac68_2175,12237.415
00bbac68_2176,12237.426
00bbac68_2177,12237.432
00bbac68_2178,12237.448
00bbac68_2179,12237.448
00bbac68_2180,12237.456
00bbac68_2181,12237.474
00bbac68_2182,12237.487
00bbac68_2183,12237.495
00bbac68_2184,12237.485
00bbac68_2185,12237.497
00bbac68_2186,12237.536
00bbac68_2187,12237.573
00bbac68_2188,12237.573
00bbac68_2189,12237.635
00bbac68_2190,12237.622
00bbac68_2191,12237.617
00bbac68_2192,12237.63
00bbac68_2193,12237.651
00bbac68_2194,12237.683
00bbac68_2195,12237.835
00bbac68_2196,12237.822
00bbac68_2197,12237.813
00bbac68_2198,12237.849
00bbac68_2199,12237.847
00bbac68_2200,12237.8545
00bbac68_2201,12237.854
00bbac68_2202,12237.8125
00bbac68_2203,12237.829
00bbac68_2204,12237.859
00bbac68_2205,12237.857
00bbac68_2206,12237.812
00bbac68_2207,12237.822
00bbac68_2208,12237.835
00bbac68_2209,12237.844
00bbac68_2210,12237.888
00bbac68_2211,12237.895
00bbac68_2212,12237.889
00bbac68_2213,12237.881
00bbac68_2214,12237.88
00bbac68_2215,12237.883
00bbac68_2216,12237.854
00bbac68_2217,12237.868
00bbac68_2218,12237.87
00bbac68_2219,12237.891
00bbac68_2220,12237.893
00bbac68_2221,12237.88
00bbac68_2222,12237.953
00bbac68_2223,12237.975
00bbac68_2224,12237.978
00bbac68_2225,12238.004
00bbac68_2226,12237.986
00bbac68_2227,12237.956
00bbac68_2228,12237.952
00bbac68_2229,12237.966
00bbac68_2230,12237.966
00bbac68_2231,12237.983
00bbac68_2232,12237.995
00bbac68_2233,12237.995
00bbac68_2234,12237.939
00bbac68_2235,12237.957
00bbac68_2236,12237.958
00bbac68_2237,12237.906
00bbac68_2238,12237.932
00bbac68_2239,12237.957
00bbac68_2240,12237.974
00bbac68_2241,12237.977
00bbac68_2242,12237.988
00bbac68_2243,12237.979
00bbac68_2244,12237.998
00bbac68_2245,12238.004
00bbac68_2246,12238.032
00bbac68_2247,12238.024
00bbac68_2248,12238.047
00bbac68_2249,12238.055
00bbac68_2250,12238.044
00bbac68_2251,12238.036
00bbac68_2252,12238.031
00bbac68_2253,12238.045
00bbac68_2254,12238.05
00bbac68_2255,12238.011
00bbac68_2256,12238.041
00bbac68_2257,12238.071
00bbac68_2258,12238.096
00bbac68_2259,12238.101
00bbac68_2260,12238.094
00bbac68_2261,12238.106
00bbac68_2262,12238.096
00bbac68_2263,12238.124
00bbac68_2264,12238.177
00bbac68_2265,12238.3545
00bbac68_2266,12238.367
00bbac68_2267,12238.376
00bbac68_2268,12238.372
00bbac68_2269,12238.39
00bbac68_2270,12238.393
00bbac68_2271,12238.398
00bbac68_2272,12238.401
00bbac68_2273,12238.405
00bbac68_2274,12238.421
00bbac68_2275,12238.423
00bbac68_2276,12238.381
00bbac68_2277,12238.39
00bbac68_2278,12238.449
00bbac68_2279,12238.45
00bbac68_2280,12238.561
00bbac68_2281,12238.562
00bbac68_2282,12238.564
00bbac68_2283,12238.569
00bbac68_2284,12238.584
00bbac68_2285,12238.593
00bbac68_2286,12238.593
00bbac68_2287,12238.605
00bbac68_2288,12238.607
00bbac68_2289,12238.6045
00bbac68_2290,12238.626
00bbac68_2291,12238.623
00bbac68_2292,12238.643
00bbac68_2293,12238.639
00bbac68_2294,12238.647
00bbac68_2295,12238.654
00bbac68_2296,12238.666
00bbac68_2297,12238.664
00bbac68_2298,12238.677
00bbac68_2299,12238.683
00bbac68_2300,12238.689
00bbac68_2301,12238.705
00bbac68_2302,12238.706
00bbac68_2303,12238.725
00bbac68_2304,12238.745
00bbac68_2305,12238.731
00bbac68_2306,12238.741
00bbac68_2307,12238.742
00bbac68_2308,12238.759
00bbac68_2309,12238.746
00bbac68_2310,12238.707
00bbac68_2311,12238.693
00bbac68_2312,12238.631
00bbac68_2313,12238.641
00bbac68_2314,12238.661
00bbac68_2315,12238.672
00bbac68_2316,12238.682
00bbac68_2317,12238.756
00bbac68_2318,12238.752
00bbac68_2319,12238.772
00bbac68_2320,12238.801
00bbac68_2321,12238.692
00bbac68_2322,12238.699
00bbac68_2323,12238.715
00bbac68_2324,12238.704
00bbac68_2325,12238.715
00bbac68_2326,12238.678
00bbac68_2327,12238.63
00bbac68_2328,12238.627
00bbac68_2329,12238.617
00bbac68_2330,12238.727
00bbac68_2331,12238.729
00bbac68_2332,12238.738
00bbac68_2333,12238.775
00bbac68_2334,12238.9375
00bbac68_2335,12238.855
00bbac68_2336,12238.834
00bbac68_2337,12238.842
00bbac68_2338,12238.841
00bbac68_2339,12238.851
00bbac68_2340,12238.856
00bbac68_2341,12238.853
00bbac68_2342,12238.85
00bbac68_2343,12238.841
00bbac68_2344,12238.807
00bbac68_2345,12238.849
00bbac68_2346,12238.873
00bbac68_2347,12238.875
00bbac68_2348,12238.88
00bbac68_2349,12238.873
00bbac68_2350,12238.875
00bbac68_2351,12238.87
00bbac68_2352,12238.875
00bbac68_2353,12238.874
00bbac68_2354,12238.875
00bbac68_2355,12238.887
00bbac68_2356,12238.877
00bbac68_2357,12238.891
00bbac68_2358,12238.9
00bbac68_2359,12238.898
00bbac68_2360,12238.862
00bbac68_2361,12238.85
00bbac68_2362,12238.866
00bbac68_2363,12238.814
00bbac68_2364,12238.789
00bbac68_2365,12238.74
00bbac68_2366,12238.778
00bbac68_2367,12238.79
00bbac68_2368,12238.794
00bbac68_2369,12238.798
00bbac68_2370,12238.803
00bbac68_2371,12238.811
00bbac68_2372,12238.824
00bbac68_2373,12238.827
00bbac68_2374,12238.827
00bbac68_2375,12238.788
00bbac68_2376,12238.792
00bbac68_2377,12238.802
00bbac68_2378,12238.806
00bbac68_2379,12238.811
00bbac68_2380,12238.814
00bbac68_2381,12239.117
00bbac68_2382,12239.081
00bbac68_2383,12239.083
00bbac68_2384,12239.088
00bbac68_2385,12239.09
00bbac68_2386,12239.096
00bbac68_2387,12239.12
00bbac68_2388,12239.119
00bbac68_2389,12239.115
00bbac68_2390,12239.131
00bbac68_2391,12239.133
00bbac68_2392,12239.155
00bbac68_2393,12239.148
00bbac68_2394,12239.161
00bbac68_2395,12239.116
00bbac68_2396,12239.172
00bbac68_2397,12239.172
00bbac68_2398,12239.184
00bbac68_2399,12239.19
00bbac68_2400,12239.202
00bbac68_2401,12239.219
00bbac68_2402,12239.224
00bbac68_2403,12239.177
00bbac68_2404,12239.204
00bbac68_2405,12239.218
00bbac68_2406,12239.166
00bbac68_2407,12239.187
00bbac68_2408,12239.203
00bbac68_2409,12239.172
00bbac68_2410,12239.166
00bbac68_2411,12239.158
00bbac68_2412,12239.16
00bbac68_2413,12239.229
00bbac68_2414,12239.236
00bbac68_2415,12239.239
00bbac68_2416,12239.227
00bbac68_2417,12239.242
00bbac68_2418,12239.238
00bbac68_2419,12239.242
00bbac68_2420,12239.21
00bbac68_2421,12239.197
00bbac68_2422,12239.213
00bbac68_2423,12239.224
00bbac68_2424,12239.251
00bbac68_2425,12239.264
00bbac68_2426,12239.279
00bbac68_2427,12239.263
00bbac68_2428,12239.278
00bbac68_2429,12239.284
00bbac68_2430,12239.289
00bbac68_2431,12239.295
00bbac68_2432,12239.285
00bbac68_2433,12239.278
00bbac68_2434,12239.278
00bbac68_2435,12239.28
00bbac68_2436,12239.297
00bbac68_2437,12239.399
00bbac68_2438,12239.404
00bbac68_2439,12239.417
00bbac68_2440,12239.426
00bbac68_2441,12239.428
00bbac68_2442,12239.422
00bbac68_2443,12239.397
00bbac68_2444,12239.4
00bbac68_2445,12239.353
00bbac68_2446,12239.317
00bbac68_2447,12239.327
00bbac68_2448,12239.332
00bbac68_2449,12239.33
00bbac68_2450,12239.353
00bbac68_2451,12239.393
00bbac68_2452,12239.429
00bbac68_2453,12239.425
00bbac68_2454,12239.422
00bbac68_2455,12239.419
00bbac68_2456,12239.367
00bbac68_2457,12239.341
00bbac68_2458,12239.342
00bbac68_2459,12239.324
00bbac68_2460,12239.334
00bbac68_2461,12239.323
00bbac68_2462,12239.328
00bbac68_2463,12239.317
00bbac68_2464,12239.313
00bbac68_2465,12239.312
00bbac68_2466,12239.319
00bbac68_2467,12239.323
00bbac68_2468,12239.31
00bbac68_2469,12239.385
00bbac68_2470,12239.399
00bbac68_2471,12239.392
00bbac68_2472,12239.398
00bbac68_2473,12239.39
00bbac68_2474,12239.378
00bbac68_2475,12239.401
00bbac68_2476,12239.421
00bbac68_2477,12239.428
00bbac68_2478,12239.443
00bbac68_2479,12239.432
00bbac68_2480,12239.447
00bbac68_2481,12239.446
00bbac68_2482,12239.433
00bbac68_2483,12239.429
00bbac68_2484,12239.431
00bbac68_2485,12239.431
00bbac68_2486,12239.428
00bbac68_2487,12239.419
00bbac68_2488,12239.428
00bbac68_2489,12239.57
00bbac68_2490,12239.568
00bbac68_2491,12239.565
00bbac68_2492,12239.564
00bbac68_2493,12239.566
00bbac68_2494,12239.52
00bbac68_2495,12239.512
00bbac68_2496,12239.505
00bbac68_2497,12239.4795
00bbac68_2498,12239.387
00bbac68_2499,12239.435
00bbac68_2500,12239.429
00bbac68_2501,12239.435
00bbac68_2502,12239.446
00bbac68_2503,12239.43
00bbac68_2504,12239.422
00bbac68_2505,12239.42
00bbac68_2506,12239.393
00bbac68_2507,12239.356
00bbac68_2508,12239.349
00bbac68_2509,12239.396
00bbac68_2510,12239.403
00bbac68_2511,12239.395
00bbac68_2512,12239.393
00bbac68_2513,12239.388
00bbac68_2514,12239.377
00bbac68_2515,12239.385
00bbac68_2516,12239.368
00bbac68_2517,12239.311
00bbac68_2518,12239.307
00bbac68_2519,12239.301
00bbac68_2520,12239.287
00bbac68_2521,12239.303
00bbac68_2522,12239.279
00bbac68_2523,12239.284
00bbac68_2524,12239.267
00bbac68_2525,12239.267
00bbac68_2526,12239.265
00bbac68_2527,12239.209
00bbac68_2528,12239.224
00bbac68_2529,12239.248
00bbac68_2530,12239.24
00bbac68_2531,12239.23
00bbac68_2532,12239.198
00bbac68_2533,12239.195
00bbac68_2534,12239.185
00bbac68_2535,12239.219
00bbac68_2536,12239.212
00bbac68_2537,12239.2
00bbac68_2538,12239.164
00bbac68_2539,12239.178
00bbac68_2540,12239.171
00bbac68_2541,12239.192
00bbac68_2542,12239.157
00bbac68_2543,12239.143
00bbac68_2544,12239.149
00bbac68_2545,12239.116
00bbac68_2546,12239.137
00bbac68_2547,12239.151
00bbac68_2548,12239.086
00bbac68_2549,12239.072
00bbac68_2550,12239.054
00bbac68_2551,12238.978
00bbac68_2552,12238.996
00bbac68_2553,12238.993
00bbac68_2554,12238.999
00bbac68_2555,12238.958
00bbac68_2556,12238.99
00bbac68_2557,12238.997
00bbac68_2558,12239.036
00bbac68_2559,12239.075
00bbac68_2560,12239.062
00bbac68_2561,12239.053
00bbac68_2562,12238.989
00bbac68_2563,12238.99
00bbac68_2564,12238.992
00bbac68_2565,12239.012
00bbac68_2566,12238.987
00bbac68_2567,12239.166
00bbac68_2568,12239.221
00bbac68_2569,12239.222
00bbac68_2570,12239.256
00bbac68_2571,12239.257
00bbac68_2572,12239.249
00bbac68_2573,12239.241
00bbac68_2574,12239.236
00bbac68_2575,12239.245
00bbac68_2576,12239.196
00bbac68_2577,12239.176
00bbac68_2578,12239.165
00bbac68_2579,12239.154
00bbac68_2580,12239.137
00bbac68_2581,12239.275
00bbac68_2582,12239.272
00bbac68_2583,12239.284
00bbac68_2584,12239.278
00bbac68_2585,12239.289
00bbac68_2586,12239.273
00bbac68_2587,12239.224
00bbac68_2588,12239.233
00bbac68_2589,12239.272
00bbac68_2590,12239.253
00bbac68_2591,12239.249
00bbac68_2592,12239.26
00bbac68_2593,12239.242
00bbac68_2594,12239.242
00bbac68_2595,12239.247
00bbac68_2596,12239.24
00bbac68_2597,12239.231
00bbac68_2598,12239.229
00bbac68_2599,12239.217
00bbac68_2600,12239.182
00bbac68_2601,12239.179
00bbac68_2602,12239.173
00bbac68_2603,12239.192
00bbac68_2604,12239.162
00bbac68_2605,12239.157
00bbac68_2606,12239.155
00bbac68_2607,12239.154
00bbac68_2608,12239.1455
00bbac68_2609,12239.142
00bbac68_2610,12239.134
00bbac68_2611,12239.082
00bbac68_2612,12239.072
00bbac68_2613,12239.076
00bbac68_2614,12239.116
00bbac68_2615,12239.1
00bbac68_2616,12239.091
00bbac68_2617,12239.047
00bbac68_2618,12239.079
00bbac68_2619,12239.091
00bbac68_2620,12239.072
00bbac68_2621,12239.058
00bbac68_2622,12239.052
00bbac68_2623,12239.046
00bbac68_2624,12239.044
00bbac68_2625,12238.979
00bbac68_2626,12238.965
00bbac68_2627,12238.958
00bbac68_2628,12238.959
00bbac68_2629,12238.962
00bbac68_2630,12238.94
00bbac68_2631,12238.931
00bbac68_2632,12238.931
00bbac68_2633,12238.932
00bbac68_2634,12238.887
00bbac68_2635,12238.887
00bbac68_2636,12238.88
00bbac68_2637,12238.899
00bbac68_2638,12238.889
00bbac68_2639,12238.885
00bbac68_2640,12238.836
00bbac68_2641,12238.811
00bbac68_2642,12238.784
00bbac68_2643,12238.772
00bbac68_2644,12238.762
00bbac68_2645,12238.743
00bbac68_2646,12238.75
00bbac68_2647,12238.764
00bbac68_2648,12238.743
00bbac68_2649,12238.75
00bbac68_2650,12238.743
00bbac68_2651,12238.722
00bbac68_2652,12238.699
00bbac68_2653,12238.691
00bbac68_2654,12238.653
00bbac68_2655,12238.648
00bbac68_2656,12238.589
00bbac68_2657,12238.531
00bbac68_2658,12238.524
00bbac68_2659,12238.54
00bbac68_2660,12238.546
00bbac68_2661,12238.526
00bbac68_2662,12238.506
00bbac68_2663,12238.499
00bbac68_2664,12238.481
00bbac68_2665,12238.507
00bbac68_2666,12238.43
00bbac68_2667,12238.41
00bbac68_2668,12238.409
00bbac68_2669,12238.436
00bbac68_2670,12238.4
00bbac68_2671,12238.38
00bbac68_2672,12238.372
00bbac68_2673,12238.353
00bbac68_2674,12238.38
00bbac68_2675,12238.441
00bbac68_2676,12238.438
00bbac68_2677,12238.434
00bbac68_2678,12238.387
00bbac68_2679,12238.375
00bbac68_2680,12238.37
00bbac68_2681,12238.488
00bbac68_2682,12238.47
00bbac68_2683,12238.465
00bbac68_2684,12238.461
00bbac68_2685,12238.421
00bbac68_2686,12238.398
00bbac68_2687,12238.389
00bbac68_2688,12238.389
00bbac68_2689,12238.385
00bbac68_2690,12238.3545
00bbac68_2691,12238.338
00bbac68_2692,12238.335
00bbac68_2693,12238.276
00bbac68_2694,12238.261
00bbac68_2695,12238.246
00bbac68_2696,12238.236
00bbac68_2697,12238.2295
00bbac68_2698,12238.232
00bbac68_2699,12238.212
00bbac68_2700,12238.205
00bbac68_2701,12238.195
00bbac68_2702,12238.149
00bbac68_2703,12238.138
00bbac68_2704,12238.096
00bbac68_2705,12238.079
00bbac68_2706,12238.0625
00bbac68_2707,12238.062
00bbac68_2708,12238.062
00bbac68_2709,12238.045
00bbac68_2710,12238.126
00bbac68_2711,12238.118
00bbac68_2712,12238.097
00bbac68_2713,12238.083
00bbac68_2714,12238.054
00bbac68_2715,12238.076
00bbac68_2716,12238.06
00bbac68_2717,12238.14
00bbac68_2718,12238.138
00bbac68_2719,12238.135
00bbac68_2720,12238.118
00bbac68_2721,12238.104
00bbac68_2722,12238.095
00bbac68_2723,12238.068
00bbac68_2724,12238.056
00bbac68_2725,12238.037
00bbac68_2726,12238.048
00bbac68_2727,12238.002
00bbac68_2728,12238.004
00bbac68_2729,12237.997
00bbac68_2730,12237.992
00bbac68_2731,12237.983
00bbac68_2732,12237.957
00bbac68_2733,12237.921
00bbac68_2734,12237.91
00bbac68_2735,12237.893
00bbac68_2736,12237.877
00bbac68_2737,12237.858
00bbac68_2738,12237.812
00bbac68_2739,12237.799
00bbac68_2740,12237.812
00bbac68_2741,12237.818
00bbac68_2742,12237.786
00bbac68_2743,12237.77
00bbac68_2744,12237.761
00bbac68_2745,12237.776
00bbac68_2746,12237.708
00bbac68_2747,12237.696
00bbac68_2748,12237.641
00bbac68_2749,12237.619
00bbac68_2750,12237.61
00bbac68_2751,12237.6045
00bbac68_2752,12237.59
00bbac68_2753,12237.633
00bbac68_2754,12237.648
00bbac68_2755,12237.691
00bbac68_2756,12237.664
00bbac68_2757,12237.667
00bbac68_2758,12237.666
00bbac68_2759,12237.6875
00bbac68_2760,12237.621
00bbac68_2761,12237.565
00bbac68_2762,12237.598
00bbac68_2763,12237.638
00bbac68_2764,12237.624
00bbac68_2765,12237.596
00bbac68_2766,12237.596
00bbac68_2767,12237.614
00bbac68_2768,12237.63
00bbac68_2769,12237.631
00bbac68_2770,12237.6
00bbac68_2771,12237.595
00bbac68_2772,12237.616
00bbac68_2773,12237.593
00bbac68_2774,12237.594
00bbac68_2775,12237.5625
00bbac68_2776,12237.545
00bbac68_2777,12237.56
00bbac68_2778,12237.558
00bbac68_2779,12237.573
00bbac68_2780,12237.558
00bbac68_2781,12237.532
00bbac68_2782,12237.521
00bbac68_2783,12237.507
00bbac68_2784,12237.494
00bbac68_2785,12237.497
00bbac68_2786,12237.494
00bbac68_2787,12237.448
00bbac68_2788,12237.458
00bbac68_2789,12237.465
00bbac68_2790,12237.469
00bbac68_2791,12237.472
00bbac68_2792,12237.448
00bbac68_2793,12237.424
00bbac68_2794,12237.478
00bbac68_2795,12237.487
00bbac68_2796,12237.5
00bbac68_2797,12237.506
00bbac68_2798,12237.488
00bbac68_2799,12237.438
00bbac68_2800,12237.44
00bbac68_2801,12237.424
00bbac68_2802,12237.389
00bbac68_2803,12237.38
00bbac68_2804,12237.383
00bbac68_2805,12237.363
00bbac68_2806,12237.364
00bbac68_2807,12237.362
00bbac68_2808,12237.367
00bbac68_2809,12237.311
00bbac68_2810,12237.304
00bbac68_2811,12237.311
00bbac68_2812,12237.308
00bbac68_2813,12237.304
00bbac68_2814,12237.297
00bbac68_2815,12237.259
00bbac68_2816,12237.275
00bbac68_2817,12237.278
00bbac68_2818,12237.284
00bbac68_2819,12237.284
00bbac68_2820,12237.263
00bbac68_2821,12237.2705
00bbac68_2822,12237.265
00bbac68_2823,12237.252
00bbac68_2824,12237.235
00bbac68_2825,12237.2295
00bbac68_2826,12237.19
00bbac68_2827,12237.202
00bbac68_2828,12237.225
00bbac68_2829,12237.186
00bbac68_2830,12237.177
00bbac68_2831,12237.175
00bbac68_2832,12237.145
00bbac68_2833,12237.139
00bbac68_2834,12237.132
00bbac68_2835,12237.104
00bbac68_2836,12237.131
00bbac68_2837,12237.117
00bbac68_2838,12237.116
00bbac68_2839,12237.1045
00bbac68_2840,12237.053
00bbac68_2841,12237.061
00bbac68_2842,12237.074
00bbac68_2843,12237.077
00bbac68_2844,12237.076
00bbac68_2845,12237.067
00bbac68_2846,12237.187
00bbac68_2847,12237.19
00bbac68_2848,12237.186
00bbac68_2849,12237.179
00bbac68_2850,12237.177
00bbac68_2851,12237.192
00bbac68_2852,12237.189
00bbac68_2853,12237.184
00bbac68_2854,12237.192
00bbac68_2855,12237.189
00bbac68_2856,12237.185
00bbac68_2857,12237.1875
00bbac68_2858,12237.1875
00bbac68_2859,12237.189
00bbac68_2860,12237.173
00bbac68_2861,12237.179
00bbac68_2862,12237.191
00bbac68_2863,12237.201
00bbac68_2864,12237.201
00bbac68_2865,12237.185
00bbac68_2866,12237.206
00bbac68_2867,12237.207
00bbac68_2868,12237.22
00bbac68_2869,12237.223
00bbac68_2870,12237.235
00bbac68_2871,12237.237
00bbac68_2872,12237.242
00bbac68_2873,12237.229
00bbac68_2874,12237.229
00bbac68_2875,12237.234
00bbac68_2876,12237.246
00bbac68_2877,12237.254
00bbac68_2878,12237.254
00bbac68_2879,12237.257
00bbac68_2880,12237.249
00bbac68_2881,12237.242
00bbac68_2882,12237.221
00bbac68_2883,12237.225
00bbac68_2884,12237.227
00bbac68_2885,12237.242
00bbac68_2886,12237.251
00bbac68_2887,12237.247
00bbac68_2888,12237.24
00bbac68_2889,12237.244
00bbac68_2890,12237.243
00bbac68_2891,12237.238
00bbac68_2892,12237.248
00bbac68_2893,12237.299
00bbac68_2894,12237.298
00bbac68_2895,12237.295
00bbac68_2896,12237.3
00bbac68_2897,12237.309
00bbac68_2898,12237.31
00bbac68_2899,12237.322
00bbac68_2900,12237.329
00bbac68_2901,12237.328
00bbac68_2902,12237.346
00bbac68_2903,12237.341
00bbac68_2904,12237.348
00bbac68_2905,12237.369
00bbac68_2906,12237.379
00bbac68_2907,12237.376
00bbac68_2908,12237.3955
00bbac68_2909,12237.391
00bbac68_2910,12237.399
00bbac68_2911,12237.456
00bbac68_2912,12237.455
00bbac68_2913,12237.466
00bbac68_2914,12237.461
00bbac68_2915,12237.449
00bbac68_2916,12237.465
00bbac68_2917,12237.46
00bbac68_2918,12237.432
00bbac68_2919,12237.441
00bbac68_2920,12237.452
00bbac68_2921,12237.447
00bbac68_2922,12237.449
00bbac68_2923,12237.449
00bbac68_2924,12237.439
00bbac68_2925,12237.426
00bbac68_2926,12237.44
00bbac68_2927,12237.453
00bbac68_2928,12237.448
00bbac68_2929,12237.464
00bbac68_2930,12237.461
00bbac68_2931,12237.462
00bbac68_2932,12237.473
00bbac68_2933,12237.48
00bbac68_2934,12237.485
00bbac68_2935,12237.486
00bbac68_2936,12237.486
00bbac68_2937,12237.469
00bbac68_2938,12237.498
00bbac68_2939,12237.499
00bbac68_2940,12237.49
00bbac68_2941,12237.497
00bbac68_2942,12237.504
00bbac68_2943,12237.497
00bbac68_2944,12237.515
00bbac68_2945,12237.5205
00bbac68_2946,12237.525
00bbac68_2947,12237.535
00bbac68_2948,12237.558
00bbac68_2949,12237.565
00bbac68_2950,12237.563
00bbac68_2951,12237.557
00bbac68_2952,12237.58
00bbac68_2953,12237.577
00bbac68_2954,12237.583
00bbac68_2955,12237.585
00bbac68_2956,12237.698
00bbac68_2957,12237.693
00bbac68_2958,12237.709
00bbac68_2959,12237.721
00bbac68_2960,12237.721
00bbac68_2961,12237.721
00bbac68_2962,12237.736
00bbac68_2963,12237.75
00bbac68_2964,12237.765
00bbac68_2965,12237.784
00bbac68_2966,12237.763
00bbac68_2967,12237.791
00bbac68_2968,12237.786
00bbac68_2969,12237.787
00bbac68_2970,12237.816
00bbac68_2971,12237.837
00bbac68_2972,12237.834
00bbac68_2973,12237.844
00bbac68_2974,12237.872
00bbac68_2975,12237.869
00bbac68_2976,12237.896
00bbac68_2977,12237.894
00bbac68_2978,12237.9
00bbac68_2979,12237.909
00bbac68_2980,12237.878
00bbac68_2981,12237.895
00bbac68_2982,12237.897
00bbac68_2983,12238.076
00bbac68_2984,12238.089
00bbac68_2985,12238.114
00bbac68_2986,12238.125
00bbac68_2987,12238.135
00bbac68_2988,12238.147
00bbac68_2989,12238.159
00bbac68_2990,12238.175
00bbac68_2991,12238.208
00bbac68_2992,12238.245
00bbac68_2993,12238.275
00bbac68_2994,12238.282
00bbac68_2995,12238.299
00bbac68_2996,12238.356
00bbac68_2997,12238.363
00bbac68_2998,12238.37
00bbac68_2999,12238.387
00bbac68_3000,12238.429
00bbac68_3001,12238.446
00bbac68_3002,12238.474
00bbac68_3003,12238.475
00bbac68_3004,12238.478
00bbac68_3005,12238.508
00bbac68_3006,12238.529
00bbac68_3007,12238.547
00bbac68_3008,12238.567
00bbac68_3009,12238.559
00bbac68_3010,12238.569
00bbac68_3011,12238.622
00bbac68_3012,12238.632
00bbac68_3013,12238.632
00bbac68_3014,12238.678
00bbac68_3015,12238.6875
00bbac68_3016,12238.684
00bbac68_3017,12238.692
00bbac68_3018,12238.736
00bbac68_3019,12238.753
00bbac68_3020,12238.768
00bbac68_3021,12238.795
00bbac68_3022,12238.79
00bbac68_3023,12238.793
00bbac68_3024,12238.805
00bbac68_3025,12238.85
00bbac68_3026,12238.863
00bbac68_3027,12238.882
00bbac68_3028,12238.878
00bbac68_3029,12238.908
00bbac68_3030,12238.913
00bbac68_3031,12238.922
00bbac68_3032,12238.927
00bbac68_3033,12238.951
00bbac68_3034,12238.953
00bbac68_3035,12238.973
00bbac68_3036,12239.003
00bbac68_3037,12238.981
00bbac68_3038,12238.9795
00bbac68_3039,12239.021
00bbac68_3040,12239.001
00bbac68_3041,12238.997
00bbac68_3042,12239.09
00bbac68_3043,12239.099
00bbac68_3044,12239.109
00bbac68_3045,12239.125
00bbac68_3046,12239.141
00bbac68_3047,12239.143
00bbac68_3048,12239.156
00bbac68_3049,12239.182
00bbac68_3050,12239.22
00bbac68_3051,12239.197
00bbac68_3052,12239.236
00bbac68_3053,12239.269
00bbac68_3054,12239.271
00bbac68_3055,12239.301
00bbac68_3056,12239.291
00bbac68_3057,12239.326
00bbac68_3058,12239.342
00bbac68_3059,12239.345
00bbac68_3060,12239.391
00bbac68_3061,12239.406
00bbac68_3062,12239.412
00bbac68_3063,12239.431
00bbac68_3064,12239.477
00bbac68_3065,12239.483
00bbac68_3066,12239.52
00bbac68_3067,12239.513
00bbac68_3068,12239.543
00bbac68_3069,12239.586
00bbac68_3070,12239.579
00bbac68_3071,12239.59
00bbac68_3072,12239.624
00bbac68_3073,12239.604
00bbac68_3074,12239.638
00bbac68_3075,12239.66
00bbac68_3076,12239.67
00bbac68_3077,12239.659
00bbac68_3078,12239.697
00bbac68_3079,12239.713
00bbac68_3080,12239.749
00bbac68_3081,12239.778
00bbac68_3082,12239.79
00bbac68_3083,12239.822
00bbac68_3084,12239.852
00bbac68_3085,12239.848
00bbac68_3086,12239.841
00bbac68_3087,12239.86
00bbac68_3088,12239.921
00bbac68_3089,12239.938
00bbac68_3090,12239.946
00bbac68_3091,12239.951
00bbac68_3092,12239.958
00bbac68_3093,12240.004
00bbac68_3094,12240.018
00bbac68_3095,12240.051
00bbac68_3096,12240.066
00bbac68_3097,12240.084
00bbac68_3098,12240.112
00bbac68_3099,12240.105
00bbac68_3100,12240.12
00bbac68_3101,12240.163
00bbac68_3102,12240.147
00bbac68_3103,12240.172
00bbac68_3104,12240.196
00bbac68_3105,12240.235
00bbac68_3106,12240.235
00bbac68_3107,12240.243
00bbac68_3108,12240.261
00bbac68_3109,12240.277
00bbac68_3110,12240.294
00bbac68_3111,12240.309
00bbac68_3112,12240.321
00bbac68_3113,12240.337
00bbac68_3114,12240.368
00bbac68_3115,12240.385
00bbac68_3116,12240.397
00bbac68_3117,12240.412
00bbac68_3118,12240.423
00bbac68_3119,12240.44
00bbac68_3120,12240.468
00bbac68_3121,12240.487
00bbac68_3122,12240.494
00bbac68_3123,12240.512
00bbac68_3124,12240.541
00bbac68_3125,12240.551
00bbac68_3126,12240.574
00bbac68_3127,12240.596
00bbac68_3128,12240.609
00bbac68_3129,12240.66
00bbac68_3130,12240.703
00bbac68_3131,12240.727
00bbac68_3132,12240.751
00bbac68_3133,12240.829
00bbac68_3134,12240.839
00bbac68_3135,12240.866
00bbac68_3136,12240.887
00bbac68_3137,12240.9
00bbac68_3138,12240.933
00bbac68_3139,12240.945
00bbac68_3140,12240.972
00bbac68_3141,12241.002
00bbac68_3142,12241.01
00bbac68_3143,12241.022
00bbac68_3144,12241.04
00bbac68_3145,12241.068
00bbac68_3146,12241.078
00bbac68_3147,12241.101
00bbac68_3148,12241.134
00bbac68_3149,12241.146
00bbac68_3150,12241.165
00bbac68_3151,12241.178
00bbac68_3152,12241.196
00bbac68_3153,12241.216
00bbac68_3154,12241.234
00bbac68_3155,12241.266
00bbac68_3156,12241.278
00bbac68_3157,12241.308
00bbac68_3158,12241.487
00bbac68_3159,12241.508
00bbac68_3160,12241.527
00bbac68_3161,12241.547
00bbac68_3162,12241.5625
00bbac68_3163,12241.587
00bbac68_3164,12241.601
00bbac68_3165,12241.629
00bbac68_3166,12241.643
00bbac68_3167,12241.659
00bbac68_3168,12241.63
00bbac68_3169,12241.649
00bbac68_3170,12241.666
00bbac68_3171,12241.684
00bbac68_3172,12241.703
00bbac68_3173,12241.674
00bbac68_3174,12241.697
00bbac68_3175,12241.765
00bbac68_3176,12241.778
00bbac68_3177,12241.789
00bbac68_3178,12241.771
00bbac68_3179,12241.788
00bbac68_3180,12241.815
00bbac68_3181,12241.839
00bbac68_3182,12241.869
00bbac68_3183,12241.897
00bbac68_3184,12241.925
00bbac68_3185,12241.947
00bbac68_3186,12241.976
00bbac68_3187,12241.993
00bbac68_3188,12242.023
00bbac68_3189,12242.061
00bbac68_3190,12242.162
00bbac68_3191,12242.197
00bbac68_3192,12242.226
00bbac68_3193,12242.396
00bbac68_3194,12242.425
00bbac68_3195,12242.446
00bbac68_3196,12242.462
00bbac68_3197,12242.483
00bbac68_3198,12242.494
00bbac68_3199,12242.518
00bbac68_3200,12242.532
00bbac68_3201,12242.546
00bbac68_3202,12242.578
00bbac68_3203,12242.581
00bbac68_3204,12242.595
00bbac68_3205,12242.62
00bbac68_3206,12242.637
00bbac68_3207,12242.654
00bbac68_3208,12242.672
00bbac68_3209,12242.692
00bbac68_3210,12242.702
00bbac68_3211,12242.723
00bbac68_3212,12242.739
00bbac68_3213,12242.743
00bbac68_3214,12242.774
00bbac68_3215,12242.783
00bbac68_3216,12242.789
00bbac68_3217,12242.794
00bbac68_3218,12242.81
00bbac68_3219,12242.766
00bbac68_3220,12242.771
00bbac68_3221,12242.79
00bbac68_3222,12242.802
00bbac68_3223,12242.821
00bbac68_3224,12242.821
00bbac68_3225,12242.849
00bbac68_3226,12242.858
00bbac68_3227,12242.88
00bbac68_3228,12242.899
00bbac68_3229,12242.905
00bbac68_3230,12242.937
00bbac68_3231,12242.943
00bbac68_3232,12242.956
00bbac68_3233,12242.961
00bbac68_3234,12242.984
00bbac68_3235,12242.978
00bbac68_3236,12242.995
00bbac68_3237,12242.974
00bbac68_3238,12243.004
00bbac68_3239,12243.011
00bbac68_3240,12243.022
00bbac68_3241,12243.077
00bbac68_3242,12243.084
00bbac68_3243,12243.109
00bbac68_3244,12243.1045
00bbac68_3245,12243.087
00bbac68_3246,12243.107
00bbac68_3247,12243.109
00bbac68_3248,12243.125
00bbac68_3249,12243.108
00bbac68_3250,12243.13
00bbac68_3251,12243.1455
00bbac68_3252,12243.174
00bbac68_3253,12243.225
00bbac68_3254,12243.228
00bbac68_3255,12243.196
00bbac68_3256,12243.187
00bbac68_3257,12243.191
00bbac68_3258,12243.206
00bbac68_3259,12243.273
00bbac68_3260,12243.275
00bbac68_3261,12243.259
00bbac68_3262,12243.275
00bbac68_3263,12243.295
00bbac68_3264,12243.298
00bbac68_3265,12243.304
00bbac68_3266,12243.331
00bbac68_3267,12243.316
00bbac68_3268,12243.382
00bbac68_3269,12243.35
00bbac68_3270,12243.355
00bbac68_3271,12243.375
00bbac68_3272,12243.41
00bbac68_3273,12243.404
00bbac68_3274,12243.413
00bbac68_3275,12243.444
00bbac68_3276,12243.466
00bbac68_3277,12243.465
00bbac68_3278,12243.48
00bbac68_3279,12243.503
00bbac68_3280,12243.516
00bbac68_3281,12243.523
00bbac68_3282,12243.553
00bbac68_3283,12243.551
00bbac68_3284,12243.555
00bbac68_3285,12243.582
00bbac68_3286,12243.612
00bbac68_3287,12243.612
00bbac68_3288,12243.623
00bbac68_3289,12243.694
00bbac68_3290,12243.656
00bbac68_3291,12243.715
00bbac68_3292,12243.714
00bbac68_3293,12243.731
00bbac68_3294,12243.787
00bbac68_3295,12243.795
00bbac68_3296,12243.767
00bbac68_3297,12243.822
00bbac68_3298,12243.842
00bbac68_3299,12243.8545
00bbac68_3300,12243.867
00bbac68_3301,12243.969
00bbac68_3302,12243.981
00bbac68_3303,12243.992
00bbac68_3304,12244.002
00bbac68_3305,12244.022
00bbac68_3306,12244.0205
00bbac68_3307,12244.043
00bbac68_3308,12244.064
00bbac68_3309,12244.175
00bbac68_3310,12244.189
00bbac68_3311,12244.197
00bbac68_3312,12244.207
00bbac68_3313,12244.212
00bbac68_3314,12244.217
00bbac68_3315,12244.27
00bbac68_3316,12244.271
00bbac68_3317,12244.288
00bbac68_3318,12244.298
00bbac68_3319,12244.306
00bbac68_3320,12244.317
00bbac68_3321,12244.326
00bbac68_3322,12244.351
00bbac68_3323,12244.353
00bbac68_3324,12244.362
00bbac68_3325,12244.378
00bbac68_3326,12244.379
00bbac68_3327,12244.406
00bbac68_3328,12244.3955
00bbac68_3329,12244.411
00bbac68_3330,12244.421
00bbac68_3331,12244.428
00bbac68_3332,12244.438
00bbac68_3333,12244.446
00bbac68_3334,12244.462
00bbac68_3335,12244.467
00bbac68_3336,12244.483
00bbac68_3337,12244.492
00bbac68_3338,12244.496
00bbac68_3339,12244.414
00bbac68_3340,12244.413
00bbac68_3341,12244.425
00bbac68_3342,12244.44
00bbac68_3343,12244.444
00bbac68_3344,12244.435
00bbac68_3345,12244.433
00bbac68_3346,12244.451
00bbac68_3347,12244.544
00bbac68_3348,12244.537
00bbac68_3349,12244.554
00bbac68_3350,12244.462
00bbac68_3351,12244.463
00bbac68_3352,12244.458
00bbac68_3353,12244.475
00bbac68_3354,12244.464
00bbac68_3355,12244.467
00bbac68_3356,12244.474
00bbac68_3357,12244.4795
00bbac68_3358,12244.487
00bbac68_3359,12244.5
00bbac68_3360,12244.484
00bbac68_3361,12244.485
00bbac68_3362,12244.477
00bbac68_3363,12244.588
00bbac68_3364,12244.51
00bbac68_3365,12244.489
00bbac68_3366,12244.502
00bbac68_3367,12244.509
00bbac68_3368,12244.515
00bbac68_3369,12244.592
00bbac68_3370,12244.517
00bbac68_3371,12244.496
00bbac68_3372,12244.58
00bbac68_3373,12244.594
00bbac68_3374,12244.592
00bbac68_3375,12244.601
00bbac68_3376,12244.592
00bbac68_3377,12244.584
00bbac68_3378,12244.579
00bbac68_3379,12244.576
00bbac68_3380,12244.58
00bbac68_3381,12244.576
00bbac68_3382,12244.572
00bbac68_3383,12244.568
00bbac68_3384,12244.533
00bbac68_3385,12244.523
00bbac68_3386,12244.529
00bbac68_3387,12244.517
00bbac68_3388,12244.516
00bbac68_3389,12244.526
00bbac68_3390,12244.524
00bbac68_3391,12244.5205
00bbac68_3392,12244.499
00bbac68_3393,12244.506
00bbac68_3394,12244.496
00bbac68_3395,12244.481
00bbac68_3396,12244.486
00bbac68_3397,12244.472
00bbac68_3398,12244.463
00bbac68_3399,12244.443
00bbac68_3400,12244.435
00bbac68_3401,12244.43
00bbac68_3402,12244.411
00bbac68_3403,12244.406
00bbac68_3404,12244.383
00bbac68_3405,12244.386
00bbac68_3406,12244.368
00bbac68_3407,12244.366
00bbac68_3408,12244.349
00bbac68_3409,12244.3545
00bbac68_3410,12244.328
00bbac68_3411,12244.325
00bbac68_3412,12244.335
00bbac68_3413,12244.313
00bbac68_3414,12244.309
00bbac68_3415,12244.295
00bbac68_3416,12244.297
00bbac68_3417,12244.293
00bbac68_3418,12244.272
00bbac68_3419,12244.275
00bbac68_3420,12244.282
00bbac68_3421,12244.267
00bbac68_3422,12244.236
00bbac68_3423,12244.225
00bbac68_3424,12244.232
00bbac68_3425,12244.211
00bbac68_3426,12244.197
00bbac68_3427,12244.186
00bbac68_3428,12244.127
00bbac68_3429,12244.109
00bbac68_3430,12244.101
00bbac68_3431,12244.092
00bbac68_3432,12244.075
00bbac68_3433,12244.069
00bbac68_3434,12244.064
00bbac68_3435,12244.046
00bbac68_3436,12244.042
00bbac68_3437,12244.05
00bbac68_3438,12244.0205
00bbac68_3439,12244.012
00bbac68_3440,12244.002
00bbac68_3441,12243.988
00bbac68_3442,12243.993
00bbac68_3443,12243.982
00bbac68_3444,12243.968
00bbac68_3445,12243.956
00bbac68_3446,12243.94
00bbac68_3447,12243.926
00bbac68_3448,12243.915
00bbac68_3449,12243.806
00bbac68_3450,12243.795
00bbac68_3451,12243.787
00bbac68_3452,12243.77
00bbac68_3453,12243.767
00bbac68_3454,12243.758
00bbac68_3455,12243.738
00bbac68_3456,12243.681
00bbac68_3457,12243.582
00bbac68_3458,12243.569
00bbac68_3459,12243.56
00bbac68_3460,12243.526
00bbac68_3461,12243.521
00bbac68_3462,12243.5205
00bbac68_3463,12243.5
00bbac68_3464,12243.478
00bbac68_3465,12243.461
00bbac68_3466,12243.441
00bbac68_3467,12243.437
00bbac68_3468,12243.421
00bbac68_3469,12243.407
00bbac68_3470,12243.3955
00bbac68_3471,12243.437
00bbac68_3472,12243.433
00bbac68_3473,12243.424
00bbac68_3474,12243.357
00bbac68_3475,12243.426
00bbac68_3476,12243.43
00bbac68_3477,12243.428
00bbac68_3478,12243.422
00bbac68_3479,12243.404
00bbac68_3480,12243.402
00bbac68_3481,12243.392
00bbac68_3482,12243.381
00bbac68_3483,12243.379
00bbac68_3484,12243.369
00bbac68_3485,12243.373
00bbac68_3486,12243.354
00bbac68_3487,12243.342
00bbac68_3488,12243.332
00bbac68_3489,12243.322
00bbac68_3490,12243.299
00bbac68_3491,12243.291
00bbac68_3492,12243.293
00bbac68_3493,12243.29
00bbac68_3494,12243.265
00bbac68_3495,12243.25
00bbac68_3496,12243.247
00bbac68_3497,12243.2295
00bbac68_3498,12243.223
00bbac68_3499,12243.204
00bbac68_3500,12243.19
00bbac68_3501,12243.17
00bbac68_3502,12243.053
00bbac68_3503,12243.038
00bbac68_3504,12243.083
00bbac68_3505,12243.097
00bbac68_3506,12242.995
00bbac68_3507,12242.992
00bbac68_3508,12243.016
00bbac68_3509,12243.015
00bbac68_3510,12242.987
00bbac68_3511,12242.982
00bbac68_3512,12242.956
00bbac68_3513,12242.95
00bbac68_3514,12242.929
00bbac68_3515,12242.909
00bbac68_3516,12242.894
00bbac68_3517,12242.88
00bbac68_3518,12242.856
00bbac68_3519,12242.843
00bbac68_3520,12242.901
00bbac68_3521,12242.863
00bbac68_3522,12242.7705
00bbac68_3523,12242.753
00bbac68_3524,12242.741
00bbac68_3525,12242.724
00bbac68_3526,12242.697
00bbac68_3527,12242.687
00bbac68_3528,12242.687
00bbac68_3529,12242.66
00bbac68_3530,12242.629
00bbac68_3531,12242.609
00bbac68_3532,12242.592
00bbac68_3533,12242.571
00bbac68_3534,12242.55
00bbac68_3535,12242.529
00bbac68_3536,12242.539
00bbac68_3537,12242.524
00bbac68_3538,12242.506
00bbac68_3539,12242.487
00bbac68_3540,12242.463
00bbac68_3541,12242.406
00bbac68_3542,12242.388
00bbac68_3543,12242.374
00bbac68_3544,12242.391
00bbac68_3545,12242.363
00bbac68_3546,12242.338
00bbac68_3547,12242.29
00bbac68_3548,12242.259
00bbac68_3549,12242.166
00bbac68_3550,12242.1455
00bbac68_3551,12242.1455
00bbac68_3552,12242.108
00bbac68_3553,12242.09
00bbac68_3554,12242.073
00bbac68_3555,12242.051
00bbac68_3556,12242.021
00bbac68_3557,12242.018
00bbac68_3558,12241.984
00bbac68_3559,12241.962
00bbac68_3560,12241.938
00bbac68_3561,12241.9
00bbac68_3562,12241.876
00bbac68_3563,12241.857
00bbac68_3564,12241.845
00bbac68_3565,12241.828
00bbac68_3566,12241.802
00bbac68_3567,12241.785
00bbac68_3568,12241.77
00bbac68_3569,12241.7295
00bbac68_3570,12241.718
00bbac68_3571,12241.699
00bbac68_3572,12241.669
00bbac68_3573,12241.604
00bbac68_3574,12241.605
00bbac68_3575,12241.562
00bbac68_3576,12241.465
00bbac68_3577,12241.451
00bbac68_3578,12241.43
00bbac68_3579,12241.401
00bbac68_3580,12241.383
00bbac68_3581,12241.376
00bbac68_3582,12241.332
00bbac68_3583,12241.325
00bbac68_3584,12241.292
00bbac68_3585,12241.225
00bbac68_3586,12241.201
00bbac68_3587,12241.179
00bbac68_3588,12241.157
00bbac68_3589,12241.151
00bbac68_3590,12241.132
00bbac68_3591,12241.117
00bbac68_3592,12241.085
00bbac68_3593,12241.074
00bbac68_3594,12241.068
00bbac68_3595,12241.049
00bbac68_3596,12241.021
00bbac68_3597,12241.014
00bbac68_3598,12240.947
00bbac68_3599,12240.911
00bbac68_3600,12240.859
00bbac68_3601,12240.847
00bbac68_3602,12240.844
00bbac68_3603,12240.829
00bbac68_3604,12240.817
00bbac68_3605,12240.802
00bbac68_3606,12240.765
00bbac68_3607,12240.754
00bbac68_3608,12240.741
00bbac68_3609,12240.716
00bbac68_3610,12240.705
00bbac68_3611,12240.681
00bbac68_3612,12240.677
00bbac68_3613,12240.659
00bbac68_3614,12240.644
00bbac68_3615,12240.635
00bbac68_3616,12240.619
00bbac68_3617,12240.605
00bbac68_3618,12240.587
00bbac68_3619,12240.569
00bbac68_3620,12240.531
00bbac68_3621,12240.53
00bbac68_3622,12240.511
00bbac68_3623,12240.494
00bbac68_3624,12240.469
00bbac68_3625,12240.454
00bbac68_3626,12240.4375
00bbac68_3627,12240.422
00bbac68_3628,12240.396
00bbac68_3629,12240.372
00bbac68_3630,12240.363
00bbac68_3631,12240.336
00bbac68_3632,12240.326
00bbac68_3633,12240.293
00bbac68_3634,12240.281
00bbac68_3635,12240.258
00bbac68_3636,12240.235
00bbac68_3637,12240.225
00bbac68_3638,12240.199
00bbac68_3639,12240.178
00bbac68_3640,12240.163
00bbac68_3641,12240.146
00bbac68_3642,12240.116
00bbac68_3643,12240.106
00bbac68_3644,12240.093
00bbac68_3645,12240.086
00bbac68_3646,12240.058
00bbac68_3647,12240.04
00bbac68_3648,12240.034
00bbac68_3649,12239.998
00bbac68_3650,12239.972
00bbac68_3651,12239.972
00bbac68_3652,12239.953
00bbac68_3653,12239.955
00bbac68_3654,12239.932
00bbac68_3655,12239.908
00bbac68_3656,12239.877
00bbac68_3657,12239.866
00bbac68_3658,12239.847
00bbac68_3659,12239.828
00bbac68_3660,12239.819
00bbac68_3661,12239.797
00bbac68_3662,12239.781
00bbac68_3663,12239.7705
00bbac68_3664,12239.748
00bbac68_3665,12239.726
00bbac68_3666,12239.709
00bbac68_3667,12239.697
00bbac68_3668,12239.681
00bbac68_3669,12239.672
00bbac68_3670,12239.634
00bbac68_3671,12239.628
00bbac68_3672,12239.623
00bbac68_3673,12239.605
00bbac68_3674,12239.595
00bbac68_3675,12239.578
00bbac68_3676,12239.552
00bbac68_3677,12239.526
00bbac68_3678,12239.527
00bbac68_3679,12239.521
00bbac68_3680,12239.496
00bbac68_3681,12239.509
00bbac68_3682,12239.489
00bbac68_3683,12239.45
00bbac68_3684,12239.435
00bbac68_3685,12239.436
00bbac68_3686,12239.422
00bbac68_3687,12239.437
00bbac68_3688,12239.405
00bbac68_3689,12239.3955
00bbac68_3690,12239.37
00bbac68_3691,12239.346
00bbac68_3692,12239.355
00bbac68_3693,12239.344
00bbac68_3694,12239.337
00bbac68_3695,12239.331
00bbac68_3696,12239.323
00bbac68_3697,12239.297
00bbac68_3698,12239.249
00bbac68_3699,12239.2295
00bbac68_3700,12239.245
00bbac68_3701,12239.231
00bbac68_3702,12239.22
00bbac68_3703,12239.197
00bbac68_3704,12239.174
00bbac68_3705,12239.197
00bbac68_3706,12239.181
00bbac68_3707,12239.157
00bbac68_3708,12239.153
00bbac68_3709,12239.134
00bbac68_3710,12239.123
00bbac68_3711,12239.1045
00bbac68_3712,12239.099
00bbac68_3713,12239.09
00bbac68_3714,12239.073
00bbac68_3715,12239.067
00bbac68_3716,12239.044
00bbac68_3717,12239.036
00bbac68_3718,12239.025
00bbac68_3719,12239.014
00bbac68_3720,12239.003
00bbac68_3721,12238.983
00bbac68_3722,12238.971
00bbac68_3723,12238.966
00bbac68_3724,12238.944
00bbac68_3725,12238.926
00bbac68_3726,12238.922
00bbac68_3727,12238.91
00bbac68_3728,12238.893
00bbac68_3729,12238.888
00bbac68_3730,12238.863
00bbac68_3731,12238.862
00bbac68_3732,12238.831
00bbac68_3733,12238.819
00bbac68_3734,12238.82
00bbac68_3735,12238.783
00bbac68_3736,12238.7705
00bbac68_3737,12238.761
00bbac68_3738,12238.74
00bbac68_3739,12238.733
00bbac68_3740,12238.715
00bbac68_3741,12238.683
00bbac68_3742,12238.676
00bbac68_3743,12238.636
00bbac68_3744,12238.629
00bbac68_3745,12238.593
00bbac68_3746,12238.565
00bbac68_3747,12238.546
00bbac68_3748,12238.523
00bbac68_3749,12238.508
00bbac68_3750,12238.485
00bbac68_3751,12238.424
00bbac68_3752,12238.412
00bbac68_3753,12238.399
00bbac68_3754,12238.367
00bbac68_3755,12238.353
00bbac68_3756,12238.338
00bbac68_3757,12238.305
00bbac68_3758,12238.276
00bbac68_3759,12238.281
00bbac68_3760,12238.268
00bbac68_3761,12238.254
00bbac68_3762,12238.274
00bbac68_3763,12238.262
00bbac68_3764,12238.25
00bbac68_3765,12238.235
00bbac68_3766,12238.226
00bbac68_3767,12238.212
00bbac68_3768,12238.115
00bbac68_3769,12238.085
00bbac68_3770,12238.073
00bbac68_3771,12238.05
00bbac68_3772,12238.099
00bbac68_3773,12238.179
00bbac68_3774,12238.17
00bbac68_3775,12238.154
00bbac68_3776,12238.12
00bbac68_3777,12238.106
00bbac68_3778,12238.11
00bbac68_3779,12238.062
00bbac68_3780,12238.055
00bbac68_3781,12238.048
00bbac68_3782,12238.024
00bbac68_3783,12238.003
00bbac68_3784,12237.968
00bbac68_3785,12237.94
00bbac68_3786,12237.923
00bbac68_3787,12237.895
00bbac68_3788,12237.874
00bbac68_3789,12237.853
00bbac68_3790,12237.842
00bbac68_3791,12237.796
00bbac68_3792,12237.786
00bbac68_3793,12237.787
00bbac68_3794,12237.726
00bbac68_3795,12237.72
00bbac68_3796,12237.71
00bbac68_3797,12237.679
00bbac68_3798,12237.658
00bbac68_3799,12237.676
00bbac68_3800,12237.662
00bbac68_3801,12237.682
00bbac68_3802,12237.645
00bbac68_3803,12237.607
00bbac68_3804,12237.598
00bbac68_3805,12237.578
00bbac68_3806,12237.531
00bbac68_3807,12237.53
00bbac68_3808,12237.484
00bbac68_3809,12237.466
00bbac68_3810,12237.454
00bbac68_3811,12237.425
00bbac68_3812,12237.416
00bbac68_3813,12237.411
00bbac68_3814,12237.396
00bbac68_3815,12237.357
00bbac68_3816,12237.343
00bbac68_3817,12237.328
00bbac68_3818,12237.311
00bbac68_3819,12237.255
00bbac68_3820,12237.264
00bbac68_3821,12237.233
00bbac68_3822,12237.2295
00bbac68_3823,12237.199
00bbac68_3824,12237.206
00bbac68_3825,12237.1875
00bbac68_3826,12237.167
00bbac68_3827,12237.151
00bbac68_3828,12237.142
00bbac68_3829,12237.149
00bbac68_3830,12237.112
00bbac68_3831,12237.082
00bbac68_3832,12237.09
00bbac68_3833,12237.099
00bbac68_3834,12237.061
00bbac68_3835,12237.049
00bbac68_3836,12237.032
00bbac68_3837,12237.023
00bbac68_3838,12236.994
00bbac68_3839,12236.976
00bbac68_3840,12236.965
00bbac68_3841,12236.953
00bbac68_3842,12236.943
00bbac68_3843,12236.934
00bbac68_3844,12236.9
00bbac68_3845,12236.875
00bbac68_3846,12236.861
00bbac68_3847,12236.854
00bbac68_3848,12236.841
00bbac68_3849,12236.822
00bbac68_3850,12236.805
00bbac68_3851,12236.796
00bbac68_3852,12236.782
00bbac68_3853,12236.768
00bbac68_3854,12236.762
00bbac68_3855,12236.727
00bbac68_3856,12236.698
00bbac68_3857,12236.698
00bbac68_3858,12236.668
00bbac68_3859,12236.6455
00bbac68_3860,12236.628
00bbac68_3861,12236.604
00bbac68_3862,12236.583
00bbac68_3863,12236.567
00bbac68_3864,12236.534
00bbac68_3865,12236.5205
00bbac68_3866,12236.512
00bbac68_3867,12236.486
00bbac68_3868,12236.468
00bbac68_3869,12236.455
00bbac68_3870,12236.436
00bbac68_3871,12236.42
00bbac68_3872,12236.397
00bbac68_3873,12236.378
00bbac68_3874,12236.35
00bbac68_3875,12236.333
00bbac68_3876,12236.3125
00bbac68_3877,12236.289
00bbac68_3878,12236.261
00bbac68_3879,12236.253
00bbac68_3880,12236.218
00bbac68_3881,12236.183
00bbac68_3882,12236.167
00bbac68_3883,12236.108
00bbac68_3884,12236.11
00bbac68_3885,12236.081
00bbac68_3886,12236.071
00bbac68_3887,12236.049
00bbac68_3888,12236.018
00bbac68_3889,12236.02
00bbac68_3890,12235.99
00bbac68_3891,12235.973
00bbac68_3892,12235.959
00bbac68_3893,12235.925
00bbac68_3894,12235.901
00bbac68_3895,12235.892
00bbac68_3896,12235.838
00bbac68_3897,12235.822
00bbac68_3898,12235.814
00bbac68_3899,12235.793
00bbac68_3900,12235.79
00bbac68_3901,12235.76
00bbac68_3902,12235.738
00bbac68_3903,12235.71
00bbac68_3904,12235.68
00bbac68_3905,12235.664
00bbac68_3906,12235.633
00bbac68_3907,12235.6
00bbac68_3908,12235.568
00bbac68_3909,12235.562
00bbac68_3910,12235.528
00bbac68_3911,12235.49
00bbac68_3912,12235.464
00bbac68_3913,12235.434
00bbac68_3914,12235.427
00bbac68_3915,12235.348
00bbac68_3916,12235.325
00bbac68_3917,12235.296
00bbac68_3918,12235.262
00bbac68_3919,12235.243
00bbac68_3920,12235.21
00bbac68_3921,12235.1875
00bbac68_3922,12235.147
00bbac68_3923,12235.115
00bbac68_3924,12235.101
00bbac68_3925,12235.066
00bbac68_3926,12235.034
00bbac68_3927,12235.017
00bbac68_3928,12234.963
00bbac68_3929,12234.934
00bbac68_3930,12234.923
00bbac68_3931,12234.882
00bbac68_3932,12234.881
00bbac68_3933,12234.879
00bbac68_3934,12234.831
00bbac68_3935,12234.801
00bbac68_3936,12234.777
00bbac68_3937,12234.748
00bbac68_3938,12234.719
00bbac68_3939,12234.686
00bbac68_3940,12234.657
00bbac68_3941,12234.619
00bbac68_3942,12234.614
00bbac68_3943,12234.5625
00bbac68_3944,12234.549
00bbac68_3945,12234.524
00bbac68_3946,12234.485
00bbac68_3947,12234.461
00bbac68_3948,12234.426
00bbac68_3949,12234.399
00bbac68_3950,12234.342
00bbac68_3951,12234.329
00bbac68_3952,12234.196
00bbac68_3953,12234.153
00bbac68_3954,12234.118
00bbac68_3955,12234.082
00bbac68_3956,12234.0625
00bbac68_3957,12234.036
00bbac68_3958,12234.025
00bbac68_3959,12233.984
00bbac68_3960,12233.973
00bbac68_3961,12233.934
00bbac68_3962,12233.911
00bbac68_3963,12233.8545
00bbac68_3964,12233.807
00bbac68_3965,12233.774
00bbac68_3966,12233.759
00bbac68_3967,12233.722
00bbac68_3968,12233.706
00bbac68_3969,12233.679
00bbac68_3970,12233.633
00bbac68_3971,12233.612
00bbac68_3972,12233.612
00bbac68_3973,12233.5625
00bbac68_3974,12233.541
00bbac68_3975,12233.516
00bbac68_3976,12233.482
00bbac68_3977,12233.461
00bbac68_3978,12233.444
00bbac68_3979,12233.428
00bbac68_3980,12233.409
00bbac68_3981,12233.36
00bbac68_3982,12233.343
00bbac68_3983,12233.284
00bbac68_3984,12233.265
00bbac68_3985,12233.247
00bbac68_3986,12233.225
00bbac68_3987,12233.208
00bbac68_3988,12233.18
00bbac68_3989,12233.156
00bbac68_3990,12233.112
00bbac68_3991,12233.068
00bbac68_3992,12233.04
00bbac68_3993,12233.013
00bbac68_3994,12233.0
00bbac68_3995,12232.9795
00bbac68_3996,12232.96
00bbac68_3997,12232.932
00bbac68_3998,12232.908
00bbac68_3999,12232.883
00bbac68_4000,12232.859
00bbac68_4001,12232.851
00bbac68_4002,12232.792
00bbac68_4003,12232.775
00bbac68_4004,12232.765
00bbac68_4005,12232.735
00bbac68_4006,12232.721
00bbac68_4007,12232.682
00bbac68_4008,12232.643
00bbac68_4009,12232.618
00bbac68_4010,12232.599
00bbac68_4011,12232.568
00bbac68_4012,12232.541
00bbac68_4013,12232.527
00bbac68_4014,12232.515
00bbac68_4015,12232.48
00bbac68_4016,12232.475
00bbac68_4017,12232.454
00bbac68_4018,12232.416
00bbac68_4019,12232.395
00bbac68_4020,12232.379
00bbac68_4021,12232.331
00bbac68_4022,12232.306
00bbac68_4023,12232.297
00bbac68_4024,12232.259
00bbac68_4025,12232.24
00bbac68_4026,12232.223
00bbac68_4027,12232.193
00bbac68_4028,12232.178
00bbac68_4029,12232.173
00bbac68_4030,12232.146
00bbac68_4031,12232.118
00bbac68_4032,12232.086
00bbac68_4033,12232.042
00bbac68_4034,12232.024
00bbac68_4035,12231.998
00bbac68_4036,12231.993
00bbac68_4037,12231.975
00bbac68_4038,12231.956
00bbac68_4039,12231.959
00bbac68_4040,12231.9375
00bbac68_4041,12231.863
00bbac68_4042,12231.822
00bbac68_4043,12231.82
00bbac68_4044,12231.785
00bbac68_4045,12231.767
00bbac68_4046,12231.756
00bbac68_4047,12231.726
00bbac68_4048,12231.714
00bbac68_4049,12231.712
00bbac68_4050,12231.673
00bbac68_4051,12231.654
00bbac68_4052,12231.649
00bbac68_4053,12231.62
00bbac68_4054,12231.599
00bbac68_4055,12231.585
00bbac68_4056,12231.56
00bbac68_4057,12231.552
00bbac68_4058,12231.541
00bbac68_4059,12231.546
00bbac68_4060,12231.521
00bbac68_4061,12231.507
00bbac68_4062,12231.455
00bbac68_4063,12231.438
00bbac68_4064,12231.419
00bbac68_4065,12231.3955
00bbac68_4066,12231.371
00bbac68_4067,12231.36
00bbac68_4068,12231.353
00bbac68_4069,12231.333
00bbac68_4070,12231.314
00bbac68_4071,12231.299
00bbac68_4072,12231.292
00bbac68_4073,12231.279
00bbac68_4074,12231.246
00bbac68_4075,12231.23
00bbac68_4076,12231.214
00bbac68_4077,12231.225
00bbac68_4078,12231.191
00bbac68_4079,12231.165
00bbac68_4080,12231.154
00bbac68_4081,12231.143
00bbac68_4082,12231.115
00bbac68_4083,12231.098
00bbac68_4084,12231.079
00bbac68_4085,12231.074
00bbac68_4086,12231.04
00bbac68_4087,12231.007
00bbac68_4088,12230.962
00bbac68_4089,12230.944
00bbac68_4090,12230.934
00bbac68_4091,12230.908
00bbac68_4092,12230.896
00bbac68_4093,12230.869
00bbac68_4094,12230.835
00bbac68_4095,12230.821
00bbac68_4096,12230.832
00bbac68_4097,12230.803
00bbac68_4098,12230.785
00bbac68_4099,12230.768
00bbac68_4100,12230.75
00bbac68_4101,12230.741
00bbac68_4102,12230.739
00bbac68_4103,12230.698
00bbac68_4104,12230.681
00bbac68_4105,12230.687
00bbac68_4106,12230.648
00bbac68_4107,12230.636
00bbac68_4108,12230.638
00bbac68_4109,12230.619
00bbac68_4110,12230.602
00bbac68_4111,12230.581
00bbac68_4112,12230.574
00bbac68_4113,12230.532
00bbac68_4114,12230.51
00bbac68_4115,12230.498
00bbac68_4116,12230.494
00bbac68_4117,12230.482
00bbac68_4118,12230.441
00bbac68_4119,12230.355
00bbac68_4120,12230.348
00bbac68_4121,12230.424
00bbac68_4122,12230.406
00bbac68_4123,12230.299
00bbac68_4124,12230.274
00bbac68_4125,12230.256
00bbac68_4126,12230.236
00bbac68_4127,12230.2295
00bbac68_4128,12230.221
00bbac68_4129,12230.21
00bbac68_4130,12230.202
00bbac68_4131,12230.186
00bbac68_4132,12230.172
00bbac68_4133,12230.136
00bbac68_4134,12230.105
00bbac68_4135,12230.108
00bbac68_4136,12230.087
00bbac68_4137,12230.092
00bbac68_4138,12230.084
00bbac68_4139,12230.043
00bbac68_4140,12230.048
00bbac68_4141,12230.059
00bbac68_4142,12230.044
00bbac68_4143,12230.033
00bbac68_4144,12230.025
00bbac68_4145,12229.993
00bbac68_4146,12229.983
00bbac68_4147,12229.966
00bbac68_4148,12229.953
00bbac68_4149,12229.927
00bbac68_4150,12229.913
00bbac68_4151,12229.887
00bbac68_4152,12229.871
00bbac68_4153,12229.855
00bbac68_4154,12229.86
00bbac68_4155,12229.837
00bbac68_4156,12229.822
00bbac68_4157,12229.795
00bbac68_4158,12229.783
00bbac68_4159,12229.784
00bbac68_4160,12229.779
00bbac68_4161,12229.759
00bbac68_4162,12229.752
00bbac68_4163,12229.738
00bbac68_4164,12229.729
00bbac68_4165,12229.735
00bbac68_4166,12229.721
00bbac68_4167,12229.677
00bbac68_4168,12229.6455
00bbac68_4169,12229.638
00bbac68_4170,12229.627
00bbac68_4171,12229.623
00bbac68_4172,12229.61
00bbac68_4173,12229.607
00bbac68_4174,12229.619
00bbac68_4175,12229.616
00bbac68_4176,12229.61
00bbac68_4177,12229.588
00bbac68_4178,12229.585
00bbac68_4179,12229.586
00bbac68_4180,12229.582
00bbac68_4181,12229.561
00bbac68_4182,12229.583
00bbac68_4183,12229.615
00bbac68_4184,12229.689
00bbac68_4185,12229.737
00bbac68_4186,12229.738
00bbac68_4187,12229.729
00bbac68_4188,12229.733
00bbac68_4189,12229.708
00bbac68_4190,12229.713
00bbac68_4191,12229.715
00bbac68_4192,12229.686
00bbac68_4193,12229.682
00bbac68_4194,12229.7
00bbac68_4195,12229.697
00bbac68_4196,12229.62
00bbac68_4197,12229.592
00bbac68_4198,12229.587
00bbac68_4199,12229.585
00bbac68_4200,12229.588
00bbac68_4201,12229.693
00bbac68_4202,12229.676
00bbac68_4203,12229.666
00bbac68_4204,12229.676
00bbac68_4205,12229.682
00bbac68_4206,12229.668
00bbac68_4207,12229.667
00bbac68_4208,12229.66
00bbac68_4209,12229.649
00bbac68_4210,12229.647
00bbac68_4211,12229.653
00bbac68_4212,12229.65
00bbac68_4213,12229.679
00bbac68_4214,12229.668
00bbac68_4215,12229.649
00bbac68_4216,12229.659
00bbac68_4217,12229.642
00bbac68_4218,12229.633
00bbac68_4219,12229.634
00bbac68_4220,12229.625
00bbac68_4221,12229.627
00bbac68_4222,12229.597
00bbac68_4223,12229.597
00bbac68_4224,12229.592
00bbac68_4225,12229.574
00bbac68_4226,12229.561
00bbac68_4227,12229.555
00bbac68_4228,12229.5625
00bbac68_4229,12229.547
00bbac68_4230,12229.552
00bbac68_4231,12229.56
00bbac68_4232,12229.575
00bbac68_4233,12229.547
00bbac68_4234,12229.543
00bbac68_4235,12229.529
00bbac68_4236,12229.529
00bbac68_4237,12229.523
00bbac68_4238,12229.523
00bbac68_4239,12229.518
00bbac68_4240,12229.52
00bbac68_4241,12229.518
00bbac68_4242,12229.515
00bbac68_4243,12229.505
00bbac68_4244,12229.512
00bbac68_4245,12229.496
00bbac68_4246,12229.483
00bbac68_4247,12229.515
00bbac68_4248,12229.504
00bbac68_4249,12229.502
00bbac68_4250,12229.491
00bbac68_4251,12229.494
00bbac68_4252,12229.486
00bbac68_4253,12229.47
00bbac68_4254,12229.482
00bbac68_4255,12229.471
00bbac68_4256,12229.478
00bbac68_4257,12229.48
00bbac68_4258,12229.476
00bbac68_4259,12229.477
00bbac68_4260,12229.489
00bbac68_4261,12229.478
00bbac68_4262,12229.472
00bbac68_4263,12229.486
00bbac68_4264,12229.472
00bbac68_4265,12229.46
00bbac68_4266,12229.464
00bbac68_4267,12229.477
00bbac68_4268,12229.48
00bbac68_4269,12229.485
00bbac68_4270,12229.473
00bbac68_4271,12229.47
00bbac68_4272,12229.469
00bbac68_4273,12229.477
00bbac68_4274,12229.463
00bbac68_4275,12229.469
00bbac68_4276,12229.473
00bbac68_4277,12229.462
00bbac68_4278,12229.464
00bbac68_4279,12229.466
00bbac68_4280,12229.447
00bbac68_4281,12229.4375
00bbac68_4282,12229.453
00bbac68_4283,12229.443
00bbac68_4284,12229.45
00bbac68_4285,12229.457
00bbac68_4286,12229.456
00bbac68_4287,12229.451
00bbac68_4288,12229.453
00bbac68_4289,12229.457
00bbac68_4290,12229.4375
00bbac68_4291,12229.434
00bbac68_4292,12229.438
00bbac68_4293,12229.439
00bbac68_4294,12229.429
00bbac68_4295,12229.429
00bbac68_4296,12229.432
00bbac68_4297,12229.421
00bbac68_4298,12229.418
00bbac68_4299,12229.402
00bbac68_4300,12229.421
00bbac68_4301,12229.422
00bbac68_4302,12229.428
00bbac68_4303,12229.43
00bbac68_4304,12229.407
00bbac68_4305,12229.378
00bbac68_4306,12229.424
00bbac68_4307,12229.393
00bbac68_4308,12229.419
00bbac68_4309,12229.406
00bbac68_4310,12229.422
00bbac68_4311,12229.421
00bbac68_4312,12229.384
00bbac68_4313,12229.395
00bbac68_4314,12229.385
00bbac68_4315,12229.375
00bbac68_4316,12229.361
00bbac68_4317,12229.3545
00bbac68_4318,12229.367
00bbac68_4319,12229.372
00bbac68_4320,12229.358
00bbac68_4321,12229.34
00bbac68_4322,12229.332
00bbac68_4323,12229.31
00bbac68_4324,12229.301
00bbac68_4325,12229.31
00bbac68_4326,12229.314
00bbac68_4327,12229.3
00bbac68_4328,12229.322
00bbac68_4329,12229.304
00bbac68_4330,12229.29
00bbac68_4331,12229.285
00bbac68_4332,12229.29
00bbac68_4333,12229.291
00bbac68_4334,12229.309
00bbac68_4335,12229.294
00bbac68_4336,12229.296
00bbac68_4337,12229.302
00bbac68_4338,12229.307
00bbac68_4339,12229.312
00bbac68_4340,12229.306
00bbac68_4341,12229.285
00bbac68_4342,12229.282
00bbac68_4343,12229.296
00bbac68_4344,12229.286
00bbac68_4345,12229.279
00bbac68_4346,12229.285
00bbac68_4347,12229.269
00bbac68_4348,12229.285
00bbac68_4349,12229.288
00bbac68_4350,12229.301
00bbac68_4351,12229.314
00bbac68_4352,12229.283
00bbac68_4353,12229.273
00bbac68_4354,12229.302
00bbac68_4355,12229.286
00bbac68_4356,12229.285
00bbac68_4357,12229.271
00bbac68_4358,12229.279
00bbac68_4359,12229.274
00bbac68_4360,12229.272
00bbac68_4361,12229.277
00bbac68_4362,12229.278
00bbac68_4363,12229.264
00bbac68_4364,12229.252
00bbac68_4365,12229.25
00bbac68_4366,12229.261
00bbac68_4367,12229.256
00bbac68_4368,12229.266
00bbac68_4369,12229.256
00bbac68_4370,12229.237
00bbac68_4371,12229.249
00bbac68_4372,12229.248
00bbac68_4373,12229.233
00bbac68_4374,12229.236
00bbac68_4375,12229.222
00bbac68_4376,12229.2295
00bbac68_4377,12229.247
00bbac68_4378,12229.206
00bbac68_4379,12229.234
00bbac68_4380,12229.2295
00bbac68_4381,12229.216
00bbac68_4382,12229.218
00bbac68_4383,12229.212
00bbac68_4384,12229.244
00bbac68_4385,12229.232
00bbac68_4386,12229.226
00bbac68_4387,12229.222
00bbac68_4388,12229.211
00bbac68_4389,12229.211
00bbac68_4390,12229.219
00bbac68_4391,12229.227
00bbac68_4392,12229.216
00bbac68_4393,12229.215
00bbac68_4394,12229.198
00bbac68_4395,12229.184
00bbac68_4396,12229.184
00bbac68_4397,12229.177
00bbac68_4398,12229.188
00bbac68_4399,12229.158
00bbac68_4400,12229.148
00bbac68_4401,12229.133
00bbac68_4402,12229.145
00bbac68_4403,12229.138
00bbac68_4404,12229.122
00bbac68_4405,12229.132
00bbac68_4406,12229.129
00bbac68_4407,12229.132
00bbac68_4408,12229.105
00bbac68_4409,12229.111
00bbac68_4410,12229.122
00bbac68_4411,12229.093
00bbac68_4412,12229.072
00bbac68_4413,12229.083
00bbac68_4414,12229.083
00bbac68_4415,12229.077
00bbac68_4416,12229.069
00bbac68_4417,12229.066
00bbac68_4418,12229.045
00bbac68_4419,12229.048
00bbac68_4420,12229.048
00bbac68_4421,12229.048
00bbac68_4422,12229.03
00bbac68_4423,12229.008
00bbac68_4424,12228.999
00bbac68_4425,12228.986
00bbac68_4426,12228.983
00bbac68_4427,12228.977
00bbac68_4428,12228.96
00bbac68_4429,12228.95
00bbac68_4430,12228.951
00bbac68_4431,12228.944
00bbac68_4432,12228.924
00bbac68_4433,12228.908
00bbac68_4434,12228.874
00bbac68_4435,12228.855
00bbac68_4436,12228.832
00bbac68_4437,12228.833
00bbac68_4438,12228.82
00bbac68_4439,12228.787
00bbac68_4440,12228.786
00bbac68_4441,12228.77
00bbac68_4442,12228.763
00bbac68_4443,12228.745
00bbac68_4444,12228.7295
00bbac68_4445,12228.729
00bbac68_4446,12228.702
00bbac68_4447,12228.687
00bbac68_4448,12228.67
00bbac68_4449,12228.653
00bbac68_4450,12228.644
00bbac68_4451,12228.634
00bbac68_4452,12228.6045
00bbac68_4453,12228.589
00bbac68_4454,12228.57
00bbac68_4455,12228.555
00bbac68_4456,12228.524
00bbac68_4457,12228.508
00bbac68_4458,12228.488
00bbac68_4459,12228.471
00bbac68_4460,12228.45
00bbac68_4461,12228.444
00bbac68_4462,12228.431
00bbac68_4463,12228.406
00bbac68_4464,12228.391
00bbac68_4465,12228.374
00bbac68_4466,12228.365
00bbac68_4467,12228.361
00bbac68_4468,12228.347
00bbac68_4469,12228.329
00bbac68_4470,12228.336
00bbac68_4471,12228.322
00bbac68_4472,12228.303
00bbac68_4473,12228.296
00bbac68_4474,12228.28
00bbac68_4475,12228.25
00bbac68_4476,12228.235
00bbac68_4477,12228.235
00bbac68_4478,12228.211
00bbac68_4479,12228.234
00bbac68_4480,12228.229
00bbac68_4481,12228.194
00bbac68_4482,12228.16
00bbac68_4483,12228.158
00bbac68_4484,12228.145
00bbac68_4485,12228.131
00bbac68_4486,12228.121
00bbac68_4487,12228.095
00bbac68_4488,12228.095
00bbac68_4489,12228.084
00bbac68_4490,12228.06
00bbac68_4491,12228.053
00bbac68_4492,12228.03
00bbac68_4493,12228.029
00bbac68_4494,12228.011
00bbac68_4495,12227.995
00bbac68_4496,12227.981
00bbac68_4497,12227.969
00bbac68_4498,12227.947
00bbac68_4499,12227.922
00bbac68_4500,12227.921
00bbac68_4501,12227.904
00bbac68_4502,12227.888
00bbac68_4503,12227.864
00bbac68_4504,12227.853
00bbac68_4505,12227.836
00bbac68_4506,12227.817
00bbac68_4507,12227.77
00bbac68_4508,12227.763
00bbac68_4509,12227.747
00bbac68_4510,12227.715
00bbac68_4511,12227.717
00bbac68_4512,12227.6875
00bbac68_4513,12227.6875
00bbac68_4514,12227.6455
00bbac68_4515,12227.652
00bbac68_4516,12227.614
00bbac68_4517,12227.596
00bbac68_4518,12227.577
00bbac68_4519,12227.561
00bbac68_4520,12227.538
00bbac68_4521,12227.511
00bbac68_4522,12227.4795
00bbac68_4523,12227.472
00bbac68_4524,12227.443
00bbac68_4525,12227.425
00bbac68_4526,12227.41
00bbac68_4527,12227.397
00bbac68_4528,12227.372
00bbac68_4529,12227.343
00bbac68_4530,12227.317
00bbac68_4531,12227.31
00bbac68_4532,12227.298
00bbac68_4533,12227.272
00bbac68_4534,12227.261
00bbac68_4535,12227.226
00bbac68_4536,12227.218
00bbac68_4537,12227.1875
00bbac68_4538,12227.182
00bbac68_4539,12227.16
00bbac68_4540,12227.139
00bbac68_4541,12227.087
00bbac68_4542,12227.079
00bbac68_4543,12227.061
00bbac68_4544,12227.024
00bbac68_4545,12227.01
00bbac68_4546,12226.982
00bbac68_4547,12226.969
00bbac68_4548,12226.956
00bbac68_4549,12226.922
00bbac68_4550,12226.885
00bbac68_4551,12226.864
00bbac68_4552,12226.849
00bbac68_4553,12226.804
00bbac68_4554,12226.759
00bbac68_4555,12226.735
00bbac68_4556,12226.728
00bbac68_4557,12226.716
00bbac68_4558,12226.695
00bbac68_4559,12226.677
00bbac68_4560,12226.669
00bbac68_4561,12226.662
00bbac68_4562,12226.639
00bbac68_4563,12226.6
00bbac68_4564,12226.567
00bbac68_4565,12226.549
00bbac68_4566,12226.533
00bbac68_4567,12226.507
00bbac68_4568,12226.515
00bbac68_4569,12226.511
00bbac68_4570,12226.503
00bbac68_4571,12226.463
00bbac68_4572,12226.428
00bbac68_4573,12226.46
00bbac68_4574,12226.422
00bbac68_4575,12226.3955
00bbac68_4576,12226.382
00bbac68_4577,12226.357
00bbac68_4578,12226.339
00bbac68_4579,12226.324
00bbac68_4580,12226.328
00bbac68_4581,12226.283
00bbac68_4582,12226.247
00bbac68_4583,12226.243
00bbac68_4584,12226.253
00bbac68_4585,12226.186
00bbac68_4586,12226.189
00bbac68_4587,12226.161
00bbac68_4588,12226.14
00bbac68_4589,12226.14
00bbac68_4590,12226.118
00bbac68_4591,12226.099
00bbac68_4592,12226.063
00bbac68_4593,12226.026
00bbac68_4594,12226.047
00bbac68_4595,12225.887
00bbac68_4596,12225.846
00bbac68_4597,12225.843
00bbac68_4598,12225.826
00bbac68_4599,12225.774
00bbac68_4600,12225.716
00bbac68_4601,12225.696
00bbac68_4602,12225.677
00bbac68_4603,12225.6455
00bbac68_4604,12225.638
00bbac68_4605,12225.61
00bbac68_4606,12225.593
00bbac68_4607,12225.538
00bbac68_4608,12225.512
00bbac68_4609,12225.486
00bbac68_4610,12225.458
00bbac68_4611,12225.427
00bbac68_4612,12225.405
00bbac68_4613,12225.362
00bbac68_4614,12225.323
00bbac68_4615,12225.299
00bbac68_4616,12225.283
00bbac68_4617,12225.27
00bbac68_4618,12225.274
00bbac68_4619,12225.248
00bbac68_4620,12225.206
00bbac68_4621,12225.175
00bbac68_4622,12225.143
00bbac68_4623,12225.12
00bbac68_4624,12225.086
00bbac68_4625,12225.074
00bbac68_4626,12225.048
00bbac68_4627,12225.019
00bbac68_4628,12225.007
00bbac68_4629,12224.979
00bbac68_4630,12224.951
00bbac68_4631,12224.935
00bbac68_4632,12224.913
00bbac68_4633,12224.8545
00bbac68_4634,12224.816
00bbac68_4635,12224.887
00bbac68_4636,12224.878
00bbac68_4637,12224.853
00bbac68_4638,12224.826
00bbac68_4639,12224.796
00bbac68_4640,12224.7705
00bbac68_4641,12224.755
00bbac68_4642,12224.695
00bbac68_4643,12224.67
00bbac68_4644,12224.616
00bbac68_4645,12224.619
00bbac68_4646,12224.582
00bbac68_4647,12224.557
00bbac68_4648,12224.532
00bbac68_4649,12224.544
00bbac68_4650,12224.516
00bbac68_4651,12224.492
00bbac68_4652,12224.45
00bbac68_4653,12224.402
00bbac68_4654,12224.415
00bbac68_4655,12224.353
00bbac68_4656,12224.356
00bbac68_4657,12224.332
00bbac68_4658,12224.304
00bbac68_4659,12224.284
00bbac68_4660,12224.255
00bbac68_4661,12224.243
00bbac68_4662,12224.204
00bbac68_4663,12224.189
00bbac68_4664,12224.157
00bbac68_4665,12224.113
00bbac68_4666,12224.047
00bbac68_4667,12224.05
00bbac68_4668,12224.03
00bbac68_4669,12224.001
00bbac68_4670,12223.943
00bbac68_4671,12223.957
00bbac68_4672,12223.936
00bbac68_4673,12223.909
00bbac68_4674,12223.883
00bbac68_4675,12223.854
00bbac68_4676,12223.802
00bbac68_4677,12223.774
00bbac68_4678,12223.739
00bbac68_4679,12223.707
00bbac68_4680,12223.709
00bbac68_4681,12223.663
00bbac68_4682,12223.637
00bbac68_4683,12223.601
00bbac68_4684,12223.593
00bbac68_4685,12223.572
00bbac68_4686,12223.477
00bbac68_4687,12223.445
00bbac68_4688,12223.459
00bbac68_4689,12223.441
00bbac68_4690,12223.423
00bbac68_4691,12223.3955
00bbac68_4692,12223.388
00bbac68_4693,12223.355
00bbac68_4694,12223.312
00bbac68_4695,12223.296
00bbac68_4696,12223.279
00bbac68_4697,12223.254
00bbac68_4698,12223.237
00bbac68_4699,12223.242
00bbac68_4700,12223.212
00bbac68_4701,12223.195
00bbac68_4702,12223.156
00bbac68_4703,12223.128
00bbac68_4704,12223.105
00bbac68_4705,12223.079
00bbac68_4706,12223.057
00bbac68_4707,12223.028
00bbac68_4708,12223.012
00bbac68_4709,12222.983
00bbac68_4710,12222.931
00bbac68_4711,12222.885
00bbac68_4712,12222.888
00bbac68_4713,12222.86
00bbac68_4714,12222.83
00bbac68_4715,12222.806
00bbac68_4716,12222.77
00bbac68_4717,12222.716
00bbac68_4718,12222.68
00bbac68_4719,12222.646
00bbac68_4720,12222.624
00bbac68_4721,12222.623
00bbac68_4722,12222.611
00bbac68_4723,12222.592
00bbac68_4724,12222.577
00bbac68_4725,12222.542
00bbac68_4726,12222.547
00bbac68_4727,12222.552
00bbac68_4728,12222.524
00bbac68_4729,12222.518
00bbac68_4730,12222.481
00bbac68_4731,12222.442
00bbac68_4732,12222.426
00bbac68_4733,12222.394
00bbac68_4734,12222.356
00bbac68_4735,12222.342
00bbac68_4736,12222.274
00bbac68_4737,12222.233
00bbac68_4738,12222.212
00bbac68_4739,12222.2
00bbac68_4740,12222.199
00bbac68_4741,12222.158
00bbac68_4742,12222.134
00bbac68_4743,12222.118
00bbac68_4744,12222.115
00bbac68_4745,12222.069
00bbac68_4746,12222.033
00bbac68_4747,12222.0
00bbac68_4748,12221.977
00bbac68_4749,12221.962
00bbac68_4750,12221.938
00bbac68_4751,12221.898
00bbac68_4752,12221.869
00bbac68_4753,12221.85
00bbac68_4754,12221.846
00bbac68_4755,12221.86
00bbac68_4756,12221.83
00bbac68_4757,12221.801
00bbac68_4758,12221.809
00bbac68_4759,12221.778
00bbac68_4760,12221.752
00bbac68_4761,12221.727
00bbac68_4762,12221.709
00bbac68_4763,12221.679
00bbac68_4764,12221.665
00bbac68_4765,12221.643
00bbac68_4766,12221.626
00bbac68_4767,12221.624
00bbac68_4768,12221.62
00bbac68_4769,12221.59
00bbac68_4770,12221.592
00bbac68_4771,12221.614
00bbac68_4772,12221.544
00bbac68_4773,12221.538
00bbac68_4774,12221.508
00bbac68_4775,12221.499
00bbac68_4776,12221.486
00bbac68_4777,12221.534
00bbac68_4778,12221.51
00bbac68_4779,12221.488
00bbac68_4780,12221.469
00bbac68_4781,12221.472
00bbac68_4782,12221.452
00bbac68_4783,12221.4375
00bbac68_4784,12221.43
00bbac68_4785,12221.443
00bbac68_4786,12221.432
00bbac68_4787,12221.449
00bbac68_4788,12221.445
00bbac68_4789,12221.439
00bbac68_4790,12221.426
00bbac68_4791,12221.42
00bbac68_4792,12221.422
00bbac68_4793,12221.413
00bbac68_4794,12221.393
00bbac68_4795,12221.396
00bbac68_4796,12221.356
00bbac68_4797,12221.328
00bbac68_4798,12221.313
00bbac68_4799,12221.315
00bbac68_4800,12221.3545
00bbac68_4801,12221.337
00bbac68_4802,12221.347
00bbac68_4803,12221.336
00bbac68_4804,12221.326
00bbac68_4805,12221.33
00bbac68_4806,12221.299
00bbac68_4807,12221.327
00bbac68_4808,12221.325
00bbac68_4809,12221.275
00bbac68_4810,12221.31
00bbac68_4811,12221.275
00bbac68_4812,12221.28
00bbac68_4813,12221.314
00bbac68_4814,12221.307
00bbac68_4815,12221.261
00bbac68_4816,12221.295
00bbac68_4817,12221.282
00bbac68_4818,12221.276
00bbac68_4819,12221.291
00bbac68_4820,12221.262
00bbac68_4821,12221.2705
00bbac68_4822,12221.258
00bbac68_4823,12221.247
00bbac68_4824,12221.235
00bbac68_4825,12221.2295
00bbac68_4826,12221.24
00bbac68_4827,12221.226
00bbac68_4828,12221.234
00bbac68_4829,12221.195
00bbac68_4830,12221.193
00bbac68_4831,12221.193
00bbac68_4832,12221.185
00bbac68_4833,12221.174
00bbac68_4834,12221.158
00bbac68_4835,12221.176
00bbac68_4836,12221.179
00bbac68_4837,12221.183
00bbac68_4838,12221.19
00bbac68_4839,12221.1875
00bbac68_4840,12221.197
00bbac68_4841,12221.182
00bbac68_4842,12221.168
00bbac68_4843,12221.171
00bbac68_4844,12221.174
00bbac68_4845,12221.178
00bbac68_4846,12221.192
00bbac68_4847,12221.228
00bbac68_4848,12221.239
00bbac68_4849,12221.222
00bbac68_4850,12221.218
00bbac68_4851,12221.221
00bbac68_4852,12221.246
00bbac68_4853,12221.27
00bbac68_4854,12221.278
00bbac68_4855,12221.274
00bbac68_4856,12221.253
00bbac68_4857,12221.244
00bbac68_4858,12221.264
00bbac68_4859,12221.287
00bbac68_4860,12221.331
00bbac68_4861,12221.336
00bbac68_4862,12221.31
00bbac68_4863,12221.407
00bbac68_4864,12221.389
00bbac68_4865,12221.4
00bbac68_4866,12221.447
00bbac68_4867,12221.471
00bbac68_4868,12221.425
00bbac68_4869,12221.435
00bbac68_4870,12221.436
00bbac68_4871,12221.438
00bbac68_4872,12221.449
00bbac68_4873,12221.433
00bbac68_4874,12221.439
00bbac68_4875,12221.472
00bbac68_4876,12221.475
00bbac68_4877,12221.447
00bbac68_4878,12221.462
00bbac68_4879,12221.475
00bbac68_4880,12221.496
00bbac68_4881,12221.5
00bbac68_4882,12221.491
00bbac68_4883,12221.484
00bbac68_4884,12221.489
00bbac68_4885,12221.501
00bbac68_4886,12221.498
00bbac68_4887,12221.51
00bbac68_4888,12221.534
00bbac68_4889,12221.581
00bbac68_4890,12221.6
00bbac68_4891,12221.602
00bbac68_4892,12221.565
00bbac68_4893,12221.559
00bbac68_4894,12221.603
00bbac68_4895,12221.637
00bbac68_4896,12221.613
00bbac68_4897,12221.644
00bbac68_4898,12221.679
00bbac68_4899,12221.662
00bbac68_4900,12221.675
00bbac68_4901,12221.72
00bbac68_4902,12221.733
00bbac68_4903,12221.716
00bbac68_4904,12221.706
00bbac68_4905,12221.733
00bbac68_4906,12221.748
00bbac68_4907,12221.766
00bbac68_4908,12221.822
00bbac68_4909,12221.791
00bbac68_4910,12221.824
00bbac68_4911,12221.859
00bbac68_4912,12221.886
00bbac68_4913,12221.884
00bbac68_4914,12221.869
00bbac68_4915,12221.852
00bbac68_4916,12221.912
00bbac68_4917,12221.927
00bbac68_4918,12221.925
00bbac68_4919,12221.957
00bbac68_4920,12221.971
00bbac68_4921,12221.978
00bbac68_4922,12221.964
00bbac68_4923,12221.981
00bbac68_4924,12222.001
00bbac68_4925,12222.036
00bbac68_4926,12222.048
00bbac68_4927,12222.046
00bbac68_4928,12222.051
00bbac68_4929,12222.02
00bbac68_4930,12222.073
00bbac68_4931,12222.074
00bbac68_4932,12222.04
00bbac68_4933,12222.0625
00bbac68_4934,12222.089
00bbac68_4935,12222.132
00bbac68_4936,12222.142
00bbac68_4937,12222.151
00bbac68_4938,12222.129
00bbac68_4939,12222.148
00bbac68_4940,12222.151
00bbac68_4941,12222.16
00bbac68_4942,12222.226
00bbac68_4943,12222.255
00bbac68_4944,12222.239
00bbac68_4945,12222.254
00bbac68_4946,12222.319
00bbac68_4947,12222.335
00bbac68_4948,12222.35
00bbac68_4949,12222.322
00bbac68_4950,12222.335
00bbac68_4951,12222.392
00bbac68_4952,12222.41
00bbac68_4953,12222.398
00bbac68_4954,12222.432
00bbac68_4955,12222.451
00bbac68_4956,12222.457
00bbac68_4957,12222.458
00bbac68_4958,12222.482
00bbac68_4959,12222.503
00bbac68_4960,12222.51
00bbac68_4961,12222.515
00bbac68_4962,12222.554
00bbac68_4963,12222.563
00bbac68_4964,12222.551
00bbac68_4965,12222.58
00bbac68_4966,12222.599
00bbac68_4967,12222.625
00bbac68_4968,12222.637
00bbac68_4969,12222.653
00bbac68_4970,12222.675
00bbac68_4971,12222.696
00bbac68_4972,12222.739
00bbac68_4973,12223.042
00bbac68_4974,12223.094
00bbac68_4975,12223.108
00bbac68_4976,12223.106
00bbac68_4977,12223.122
00bbac68_4978,12223.136
00bbac68_4979,12223.146
00bbac68_4980,12223.164
00bbac68_4981,12223.172
00bbac68_4982,12223.223
00bbac68_4983,12223.241
00bbac68_4984,12223.244
00bbac68_4985,12223.262
00bbac68_4986,12223.329
00bbac68_4987,12223.452
00bbac68_4988,12223.462
00bbac68_4989,12223.48
00bbac68_4990,12223.476
00bbac68_4991,12223.476
00bbac68_4992,12223.481
00bbac68_4993,12223.493
00bbac68_4994,12223.502
00bbac68_4995,12223.493
00bbac68_4996,12223.495
00bbac68_4997,12223.521
00bbac68_4998,12223.532
00bbac68_4999,12223.547
00bbac68_5000,12223.577
00bbac68_5001,12223.572
00bbac68_5002,12223.567
00bbac68_5003,12223.572
00bbac68_5004,12223.586
00bbac68_5005,12223.596
00bbac68_5006,12223.598
00bbac68_5007,12223.6045
00bbac68_5008,12223.609
00bbac68_5009,12223.621
00bbac68_5010,12223.478
00bbac68_5011,12223.485
00bbac68_5012,12223.488
00bbac68_5013,12223.482
00bbac68_5014,12223.467
00bbac68_5015,12223.479
00bbac68_5016,12223.509
00bbac68_5017,12223.504
00bbac68_5018,12223.512
00bbac68_5019,12223.505
00bbac68_5020,12223.519
00bbac68_5021,12223.563
00bbac68_5022,12223.568
00bbac68_5023,12223.591
00bbac68_5024,12223.644
00bbac68_5025,12223.651
00bbac68_5026,12223.645
00bbac68_5027,12223.65
00bbac68_5028,12223.665
00bbac68_5029,12223.661
00bbac68_5030,12223.678
00bbac68_5031,12223.6875
00bbac68_5032,12223.667
00bbac68_5033,12223.628
00bbac68_5034,12223.643
00bbac68_5035,12223.67
00bbac68_5036,12223.7
00bbac68_5037,12223.718
00bbac68_5038,12223.722
00bbac68_5039,12223.722
00bbac68_5040,12223.736
00bbac68_5041,12223.725
00bbac68_5042,12223.736
00bbac68_5043,12223.75
00bbac68_5044,12223.802
00bbac68_5045,12223.799
00bbac68_5046,12223.801
00bbac68_5047,12223.805
00bbac68_5048,12223.814
00bbac68_5049,12223.822
00bbac68_5050,12223.819
00bbac68_5051,12223.812
00bbac68_5052,12223.794
00bbac68_5053,12223.79
00bbac68_5054,12223.836
00bbac68_5055,12223.831
00bbac68_5056,12223.832
00bbac68_5057,12223.848
00bbac68_5058,12223.848
00bbac68_5059,12223.857
00bbac68_5060,12223.856
00bbac68_5061,12223.858
00bbac68_5062,12223.872
00bbac68_5063,12223.868
00bbac68_5064,12223.869
00bbac68_5065,12223.866
00bbac68_5066,12223.881
00bbac68_5067,12223.89
00bbac68_5068,12223.895
00bbac68_5069,12223.918
00bbac68_5070,12223.927
00bbac68_5071,12223.916
00bbac68_5072,12223.92
00bbac68_5073,12223.931
00bbac68_5074,12223.931
00bbac68_5075,12223.935
00bbac68_5076,12223.928
00bbac68_5077,12223.945
00bbac68_5078,12223.953
00bbac68_5079,12223.94
00bbac68_5080,12223.957
00bbac68_5081,12223.949
00bbac68_5082,12223.964
00bbac68_5083,12223.972
00bbac68_5084,12223.974
00bbac68_5085,12223.9795
00bbac68_5086,12223.954
00bbac68_5087,12223.979
00bbac68_5088,12223.9795
00bbac68_5089,12223.985
00bbac68_5090,12224.006
00bbac68_5091,12223.987
00bbac68_5092,12223.975
00bbac68_5093,12223.928
00bbac68_5094,12223.972
00bbac68_5095,12223.991
00bbac68_5096,12223.995
00bbac68_5097,12224.007
00bbac68_5098,12224.003
00bbac68_5099,12224.012
00bbac68_5100,12224.063
00bbac68_5101,12224.02
00bbac68_5102,12224.024
00bbac68_5103,12224.007
00bbac68_5104,12223.991
00bbac68_5105,12223.976
00bbac68_5106,12223.986
00bbac68_5107,12223.986
00bbac68_5108,12223.945
00bbac68_5109,12223.993
00bbac68_5110,12223.997
00bbac68_5111,12223.997
00bbac68_5112,12224.008
00bbac68_5113,12224.007
00bbac68_5114,12224.008
00bbac68_5115,12224.01
00bbac68_5116,12223.988
00bbac68_5117,12224.003
00bbac68_5118,12223.99
00bbac68_5119,12223.953
00bbac68_5120,12224.0
00bbac68_5121,12223.99
00bbac68_5122,12223.981
00bbac68_5123,12223.955
00bbac68_5124,12223.965
00bbac68_5125,12223.908
00bbac68_5126,12223.917
00bbac68_5127,12223.945
00bbac68_5128,12223.947
00bbac68_5129,12223.943
00bbac68_5130,12223.94
00bbac68_5131,12223.956
00bbac68_5132,12223.944
00bbac68_5133,12223.944
00bbac68_5134,12223.943
00bbac68_5135,12223.941
00bbac68_5136,12223.935
00bbac68_5137,12223.925
00bbac68_5138,12223.904
00bbac68_5139,12223.92
00bbac68_5140,12223.929
00bbac68_5141,12223.931
00bbac68_5142,12223.928
00bbac68_5143,12223.934
00bbac68_5144,12223.932
00bbac68_5145,12223.939
00bbac68_5146,12223.928
00bbac68_5147,12223.931
00bbac68_5148,12223.927
00bbac68_5149,12223.943
00bbac68_5150,12223.988
00bbac68_5151,12223.988
00bbac68_5152,12224.044
00bbac68_5153,12224.035
00bbac68_5154,12224.041
00bbac68_5155,12224.048
00bbac68_5156,12224.042
00bbac68_5157,12224.1045
00bbac68_5158,12224.1455
00bbac68_5159,12223.986
00bbac68_5160,12223.959
00bbac68_5161,12223.782
00bbac68_5162,12223.74
00bbac68_5163,12223.804
00bbac68_5164,12223.802
00bbac68_5165,12223.79
00bbac68_5166,12223.793
00bbac68_5167,12223.786
00bbac68_5168,12223.777
00bbac68_5169,12223.777
00bbac68_5170,12223.711
00bbac68_5171,12223.651
00bbac68_5172,12223.645
00bbac68_5173,12223.642
00bbac68_5174,12223.638
00bbac68_5175,12223.621
00bbac68_5176,12223.633
00bbac68_5177,12223.645
00bbac68_5178,12223.654
00bbac68_5179,12223.614
00bbac68_5180,12223.608
00bbac68_5181,12223.638
00bbac68_5182,12223.636
00bbac68_5183,12223.631
00bbac68_5184,12223.6045
00bbac68_5185,12223.557
00bbac68_5186,12223.581
00bbac68_5187,12223.766
00bbac68_5188,12223.763
00bbac68_5189,12223.721
00bbac68_5190,12223.748
00bbac68_5191,12223.754
00bbac68_5192,12223.695
00bbac68_5193,12223.687
00bbac68_5194,12223.666
00bbac68_5195,12223.665
00bbac68_5196,12223.722
00bbac68_5197,12223.712
00bbac68_5198,12223.665
00bbac68_5199,12223.688
00bbac68_5200,12223.764
00bbac68_5201,12223.823
00bbac68_5202,12223.833
00bbac68_5203,12223.833
00bbac68_5204,12223.824
00bbac68_5205,12223.828
00bbac68_5206,12223.812
00bbac68_5207,12223.835
00bbac68_5208,12223.6455
00bbac68_5209,12223.641
00bbac68_5210,12223.604
00bbac68_5211,12223.63
00bbac68_5212,12223.65
00bbac68_5213,12223.601
00bbac68_5214,12223.591
00bbac68_5215,12223.595
00bbac68_5216,12223.594
00bbac68_5217,12223.59
00bbac68_5218,12223.578
00bbac68_5219,12223.56
00bbac68_5220,12223.497
00bbac68_5221,12223.461
00bbac68_5222,12223.442
00bbac68_5223,12223.43
00bbac68_5224,12223.384
00bbac68_5225,12223.266
00bbac68_5226,12223.269
00bbac68_5227,12223.277
00bbac68_5228,12223.261
00bbac68_5229,12223.263
00bbac68_5230,12223.316
00bbac68_5231,12223.325
00bbac68_5232,12223.313
00bbac68_5233,12223.266
00bbac68_5234,12223.241
00bbac68_5235,12223.242
00bbac68_5236,12223.242
00bbac68_5237,12223.2705
00bbac68_5238,12223.249
00bbac68_5239,12223.24
00bbac68_5240,12223.239
00bbac68_5241,12223.203
00bbac68_5242,12223.189
00bbac68_5243,12223.127
00bbac68_5244,12223.134
00bbac68_5245,12223.125
00bbac68_5246,12223.125
00bbac68_5247,12223.141
00bbac68_5248,12223.133
00bbac68_5249,12223.124
00bbac68_5250,12223.127
00bbac68_5251,12223.115
00bbac68_5252,12223.094
00bbac68_5253,12223.09
00bbac68_5254,12223.092
00bbac68_5255,12223.088
00bbac68_5256,12223.026
00bbac68_5257,12223.049
00bbac68_5258,12223.155
00bbac68_5259,12223.178
00bbac68_5260,12223.157
00bbac68_5261,12223.151
00bbac68_5262,12223.158
00bbac68_5263,12223.165
00bbac68_5264,12223.174
00bbac68_5265,12223.182
00bbac68_5266,12223.173
00bbac68_5267,12223.282
00bbac68_5268,12223.43
00bbac68_5269,12223.488
00bbac68_5270,12223.535
00bbac68_5271,12223.5
00bbac68_5272,12223.423
00bbac68_5273,12223.476
00bbac68_5274,12223.451
00bbac68_5275,12223.431
00bbac68_5276,12223.4375
00bbac68_5277,12223.424
00bbac68_5278,12223.438
00bbac68_5279,12223.448
00bbac68_5280,12223.444
00bbac68_5281,12223.45
00bbac68_5282,12223.428
00bbac68_5283,12223.413
00bbac68_5284,12223.415
00bbac68_5285,12223.4
00bbac68_5286,12223.408
00bbac68_5287,12223.409
00bbac68_5288,12223.439
00bbac68_5289,12223.448
00bbac68_5290,12223.431
00bbac68_5291,12223.422
00bbac68_5292,12223.396
00bbac68_5293,12223.39
00bbac68_5294,12223.378
00bbac68_5295,12223.376
00bbac68_5296,12223.395
00bbac68_5297,12223.365
00bbac68_5298,12223.37
00bbac68_5299,12223.387
00bbac68_5300,12223.387
00bbac68_5301,12223.346
00bbac68_5302,12223.34
00bbac68_5303,12223.34
00bbac68_5304,12223.358
00bbac68_5305,12223.364
00bbac68_5306,12223.336
00bbac68_5307,12223.349
00bbac68_5308,12223.316
00bbac68_5309,12223.326
00bbac68_5310,12223.28
00bbac68_5311,12223.3
00bbac68_5312,12223.299
00bbac68_5313,12223.311
00bbac68_5314,12223.26
00bbac68_5315,12223.257
00bbac68_5316,12223.261
00bbac68_5317,12223.232
00bbac68_5318,12223.24
00bbac68_5319,12223.228
00bbac68_5320,12223.226
00bbac68_5321,12223.229
00bbac68_5322,12223.231
00bbac68_5323,12223.243
00bbac68_5324,12223.239
00bbac68_5325,12223.195
00bbac68_5326,12223.203
00bbac68_5327,12223.194
00bbac68_5328,12223.209
00bbac68_5329,12223.189
00bbac68_5330,12223.173
00bbac68_5331,12223.163
00bbac68_5332,12223.219
00bbac68_5333,12223.198
00bbac68_5334,12223.205
00bbac68_5335,12223.189
00bbac68_5336,12223.156
00bbac68_5337,12223.169
00bbac68_5338,12223.182
00bbac68_5339,12223.159
00bbac68_5340,12223.114
00bbac68_5341,12223.115
00bbac68_5342,12223.113
00bbac68_5343,12223.1045
00bbac68_5344,12223.09
00bbac68_5345,12223.121
00bbac68_5346,12223.112
00bbac68_5347,12223.092
00bbac68_5348,12223.078
00bbac68_5349,12223.11
00bbac68_5350,12223.098
00bbac68_5351,12223.08
00bbac68_5352,12223.066
00bbac68_5353,12223.072
00bbac68_5354,12223.078
00bbac68_5355,12223.104
00bbac68_5356,12223.084
00bbac68_5357,12223.097
00bbac68_5358,12223.048
00bbac68_5359,12223.047
00bbac68_5360,12223.03
00bbac68_5361,12223.028
00bbac68_5362,12223.01
00bbac68_5363,12223.0205
00bbac68_5364,12223.01
00bbac68_5365,12222.966
00bbac68_5366,12222.974
00bbac68_5367,12223.004
00bbac68_5368,12223.036
00bbac68_5369,12223.017
00bbac68_5370,12223.033
00bbac68_5371,12223.02
00bbac68_5372,12223.009
00bbac68_5373,12222.981
00bbac68_5374,12222.975
00bbac68_5375,12222.951
00bbac68_5376,12222.981
00bbac68_5377,12222.963
00bbac68_5378,12222.955
00bbac68_5379,12222.937
00bbac68_5380,12222.947
00bbac68_5381,12222.954
00bbac68_5382,12222.913
00bbac68_5383,12222.901
00bbac68_5384,12222.939
00bbac68_5385,12222.937
00bbac68_5386,12222.918
00bbac68_5387,12222.932
00bbac68_5388,12222.891
00bbac68_5389,12222.876
00bbac68_5390,12222.887
00bbac68_5391,12222.894
00bbac68_5392,12222.878
00bbac68_5393,12222.898
00bbac68_5394,12222.894
00bbac68_5395,12222.88
00bbac68_5396,12222.882
00bbac68_5397,12222.873
00bbac68_5398,12222.877
00bbac68_5399,12222.865
00bbac68_5400,12222.851
00bbac68_5401,12222.825
00bbac68_5402,12222.814
00bbac68_5403,12222.817
00bbac68_5404,12222.811
00bbac68_5405,12222.781
00bbac68_5406,12222.769
00bbac68_5407,12222.764
00bbac68_5408,12222.763
00bbac68_5409,12222.749
00bbac68_5410,12222.743
00bbac68_5411,12222.753
00bbac68_5412,12222.728
00bbac68_5413,12222.725
00bbac68_5414,12222.71
00bbac68_5415,12222.735
00bbac68_5416,12222.701
00bbac68_5417,12222.679
00bbac68_5418,12222.669
00bbac68_5419,12222.676
00bbac68_5420,12222.66
00bbac68_5421,12222.654
00bbac68_5422,12222.642
00bbac68_5423,12222.629
00bbac68_5424,12222.625
00bbac68_5425,12222.625
00bbac68_5426,12222.616
00bbac68_5427,12222.606
00bbac68_5428,12222.603
00bbac68_5429,12222.566
00bbac68_5430,12222.537
00bbac68_5431,12222.491
00bbac68_5432,12222.481
00bbac68_5433,12222.522
00bbac68_5434,12222.568
00bbac68_5435,12222.545
00bbac68_5436,12222.53
00bbac68_5437,12222.345
00bbac68_5438,12222.325
00bbac68_5439,12222.323
00bbac68_5440,12222.3545
00bbac68_5441,12222.338
00bbac68_5442,12222.4795
00bbac68_5443,12222.492
00bbac68_5444,12222.474
00bbac68_5445,12222.433
00bbac68_5446,12222.404
00bbac68_5447,12222.216
00bbac68_5448,12222.286
00bbac68_5449,12222.369
00bbac68_5450,12222.338
00bbac68_5451,12222.19
00bbac68_5452,12222.087
00bbac68_5453,12222.082
00bbac68_5454,12222.108
00bbac68_5455,12222.072
00bbac68_5456,12222.038
00bbac68_5457,12222.023
00bbac68_5458,12222.013
00bbac68_5459,12222.172
00bbac68_5460,12222.169
00bbac68_5461,12222.13
00bbac68_5462,12222.103
00bbac68_5463,12222.086
00bbac68_5464,12222.056
00bbac68_5465,12222.038
00bbac68_5466,12222.03
00bbac68_5467,12222.009
00bbac68_5468,12221.997
00bbac68_5469,12221.977
00bbac68_5470,12221.968
00bbac68_5471,12221.936
00bbac68_5472,12221.91
00bbac68_5473,12221.914
00bbac68_5474,12221.489
00bbac68_5475,12221.289
00bbac68_5476,12221.249
00bbac68_5477,12221.246
00bbac68_5478,12221.233
00bbac68_5479,12221.333
00bbac68_5480,12221.412
00bbac68_5481,12221.585
00bbac68_5482,12221.737
00bbac68_5483,12221.666
00bbac68_5484,12221.611
00bbac68_5485,12221.61
00bbac68_5486,12221.569
00bbac68_5487,12221.546
00bbac68_5488,12221.498
00bbac68_5489,12221.418
00bbac68_5490,12221.316
00bbac68_5491,12221.267
00bbac68_5492,12221.249
00bbac68_5493,12221.226
00bbac68_5494,12221.203
00bbac68_5495,12221.173
00bbac68_5496,12221.162
00bbac68_5497,12221.179
00bbac68_5498,12221.139
00bbac68_5499,12220.924
00bbac68_5500,12220.9
00bbac68_5501,12220.873
00bbac68_5502,12220.852
00bbac68_5503,12220.823
00bbac68_5504,12220.793
00bbac68_5505,12220.762
00bbac68_5506,12220.719
00bbac68_5507,12220.673
00bbac68_5508,12220.713
00bbac68_5509,12220.599
00bbac68_5510,12220.555
00bbac68_5511,12220.531
00bbac68_5512,12220.554
00bbac68_5513,12220.526
00bbac68_5514,12220.495
00bbac68_5515,12220.459
00bbac68_5516,12220.447
00bbac68_5517,12220.481
00bbac68_5518,12220.454
00bbac68_5519,12220.414
00bbac68_5520,12220.379
00bbac68_5521,12220.317
00bbac68_5522,12220.263
00bbac68_5523,12220.225
00bbac68_5524,12220.211
00bbac68_5525,12220.173
00bbac68_5526,12220.139
00bbac68_5527,12220.119
00bbac68_5528,12220.066
00bbac68_5529,12220.033
00bbac68_5530,12220.003
00bbac68_5531,12219.958
00bbac68_5532,12219.924
00bbac68_5533,12219.894
00bbac68_5534,12219.871
00bbac68_5535,12219.851
00bbac68_5536,12219.821
00bbac68_5537,12219.791
00bbac68_5538,12219.772
00bbac68_5539,12219.751
00bbac68_5540,12219.712
00bbac68_5541,12219.689
00bbac68_5542,12219.671
00bbac68_5543,12219.655
00bbac68_5544,12219.65
00bbac68_5545,12219.631
00bbac68_5546,12219.608
00bbac68_5547,12219.604
00bbac68_5548,12219.576
00bbac68_5549,12219.557
00bbac68_5550,12219.5625
00bbac68_5551,12219.531
00bbac68_5552,12219.429
00bbac68_5553,12219.405
00bbac68_5554,12219.382
00bbac68_5555,12219.375
00bbac68_5556,12219.349
00bbac68_5557,12219.4
00bbac68_5558,12219.384
00bbac68_5559,12219.358
00bbac68_5560,12219.33
00bbac68_5561,12219.342
00bbac68_5562,12219.24
00bbac68_5563,12219.185
00bbac68_5564,12219.158
00bbac68_5565,12219.135
00bbac68_5566,12219.124
00bbac68_5567,12219.117
00bbac68_5568,12219.089
00bbac68_5569,12219.064
00bbac68_5570,12219.041
00bbac68_5571,12219.022
00bbac68_5572,12219.006
00bbac68_5573,12218.994
00bbac68_5574,12218.956
00bbac68_5575,12218.932
00bbac68_5576,12218.915
00bbac68_5577,12218.896
00bbac68_5578,12218.871
00bbac68_5579,12218.846
00bbac68_5580,12218.895
00bbac68_5581,12218.885
00bbac68_5582,12218.86
00bbac68_5583,12218.83
00bbac68_5584,12218.798
00bbac68_5585,12218.783
00bbac68_5586,12218.749
00bbac68_5587,12218.735
00bbac68_5588,12218.68
00bbac68_5589,12218.66
00bbac68_5590,12218.553
00bbac68_5591,12218.622
00bbac68_5592,12218.598
00bbac68_5593,12218.557
00bbac68_5594,12218.439
00bbac68_5595,12218.416
00bbac68_5596,12218.462
00bbac68_5597,12218.446
00bbac68_5598,12218.43
00bbac68_5599,12218.402
00bbac68_5600,12218.359
00bbac68_5601,12218.333
00bbac68_5602,12218.311
00bbac68_5603,12218.278
00bbac68_5604,12218.237
00bbac68_5605,12218.127
00bbac68_5606,12218.083
00bbac68_5607,12218.052
00bbac68_5608,12218.031
00bbac68_5609,12218.005
00bbac68_5610,12218.061
00bbac68_5611,12218.028
00bbac68_5612,12217.912
00bbac68_5613,12217.881
00bbac68_5614,12217.836
00bbac68_5615,12217.903
00bbac68_5616,12217.913
00bbac68_5617,12217.785
00bbac68_5618,12217.745
00bbac68_5619,12217.729
00bbac68_5620,12217.702
00bbac68_5621,12217.663
00bbac68_5622,12217.6455
00bbac68_5623,12217.619
00bbac68_5624,12217.599
00bbac68_5625,12217.57
00bbac68_5626,12217.539
00bbac68_5627,12217.501
00bbac68_5628,12217.433
00bbac68_5629,12217.396
00bbac68_5630,12217.384
00bbac68_5631,12217.351
00bbac68_5632,12217.326
00bbac68_5633,12217.322
00bbac68_5634,12217.268
00bbac68_5635,12217.215
00bbac68_5636,12217.206
00bbac68_5637,12217.097
00bbac68_5638,12217.071
00bbac68_5639,12217.065
00bbac68_5640,12217.02
00bbac68_5641,12217.001
00bbac68_5642,12216.947
00bbac68_5643,12216.891
00bbac68_5644,12216.826
00bbac68_5645,12216.789
00bbac68_5646,12216.742
00bbac68_5647,12216.746
00bbac68_5648,12216.712
00bbac68_5649,12216.642
00bbac68_5650,12216.608
00bbac68_5651,12216.574
00bbac68_5652,12216.538
00bbac68_5653,12216.505
00bbac68_5654,12216.468
00bbac68_5655,12216.418
00bbac68_5656,12216.387
00bbac68_5657,12216.366
00bbac68_5658,12216.333
00bbac68_5659,12216.262
00bbac68_5660,12216.153
00bbac68_5661,12216.124
00bbac68_5662,12216.07
00bbac68_5663,12216.036
00bbac68_5664,12216.015
00bbac68_5665,12215.9795
00bbac68_5666,12215.9375
00bbac68_5667,12215.891
00bbac68_5668,12215.85
00bbac68_5669,12215.818
00bbac68_5670,12215.794
00bbac68_5671,12215.767
00bbac68_5672,12215.738
00bbac68_5673,12215.699
00bbac68_5674,12215.671
00bbac68_5675,12215.672
00bbac68_5676,12215.64
00bbac68_5677,12215.619
00bbac68_5678,12215.583
00bbac68_5679,12215.491
00bbac68_5680,12215.466
00bbac68_5681,12215.432
00bbac68_5682,12215.312
00bbac68_5683,12215.275
00bbac68_5684,12215.249
00bbac68_5685,12215.205
00bbac68_5686,12215.209
00bbac68_5687,12215.227
00bbac68_5688,12215.207
00bbac68_5689,12215.174
00bbac68_5690,12215.152
00bbac68_5691,12215.116
00bbac68_5692,12215.062
00bbac68_5693,12215.031
00bbac68_5694,12215.027
00bbac68_5695,12214.966
00bbac68_5696,12214.912
00bbac68_5697,12214.874
00bbac68_5698,12214.864
00bbac68_5699,12214.842
00bbac68_5700,12214.813
00bbac68_5701,12214.79
00bbac68_5702,12214.771
00bbac68_5703,12214.727
00bbac68_5704,12214.691
00bbac68_5705,12214.678
00bbac68_5706,12214.609
00bbac68_5707,12214.581
00bbac68_5708,12214.553
00bbac68_5709,12214.515
00bbac68_5710,12214.499
00bbac68_5711,12214.446
00bbac68_5712,12214.457
00bbac68_5713,12214.4
00bbac68_5714,12214.367
00bbac68_5715,12214.331
00bbac68_5716,12214.295
00bbac68_5717,12214.28
00bbac68_5718,12214.214
00bbac68_5719,12214.164
00bbac68_5720,12214.153
00bbac68_5721,12214.107
00bbac68_5722,12214.089
00bbac68_5723,12214.012
00bbac68_5724,12214.0205
00bbac68_5725,12213.989
00bbac68_5726,12213.959
00bbac68_5727,12213.924
00bbac68_5728,12213.902
00bbac68_5729,12213.985
00bbac68_5730,12213.96
00bbac68_5731,12213.797
00bbac68_5732,12213.734
00bbac68_5733,12213.716
00bbac68_5734,12213.693
00bbac68_5735,12213.653
00bbac68_5736,12213.603
00bbac68_5737,12213.577
00bbac68_5738,12213.603
00bbac68_5739,12213.554
00bbac68_5740,12213.531
00bbac68_5741,12213.488
00bbac68_5742,12213.47
00bbac68_5743,12213.444
00bbac68_5744,12213.416
00bbac68_5745,12213.439
00bbac68_5746,12213.408
00bbac68_5747,12213.4
00bbac68_5748,12213.379
00bbac68_5749,12213.3545
00bbac68_5750,12213.31
00bbac68_5751,12213.245
00bbac68_5752,12213.255
00bbac68_5753,12213.21
00bbac68_5754,12213.175
00bbac68_5755,12213.128
00bbac68_5756,12213.117
00bbac68_5757,12213.088
00bbac68_5758,12213.064
00bbac68_5759,12213.053
00bbac68_5760,12213.014
00bbac68_5761,12212.989
00bbac68_5762,12212.983
00bbac68_5763,12212.9795
00bbac68_5764,12212.941
00bbac68_5765,12212.915
00bbac68_5766,12212.865
00bbac68_5767,12212.84
00bbac68_5768,12212.805
00bbac68_5769,12212.774
00bbac68_5770,12212.755
00bbac68_5771,12212.738
00bbac68_5772,12212.73
00bbac68_5773,12212.72
00bbac68_5774,12212.643
00bbac68_5775,12212.61
00bbac68_5776,12212.576
00bbac68_5777,12212.554
00bbac68_5778,12212.519
00bbac68_5779,12212.5205
00bbac68_5780,12212.607
00bbac68_5781,12212.59
00bbac68_5782,12212.569
00bbac68_5783,12212.546
00bbac68_5784,12212.525
00bbac68_5785,12212.496
00bbac68_5786,12212.452
00bbac68_5787,12212.423
00bbac68_5788,12212.364
00bbac68_5789,12212.334
00bbac68_5790,12212.314
00bbac68_5791,12212.287
00bbac68_5792,12212.268
00bbac68_5793,12212.231
00bbac68_5794,12212.193
00bbac68_5795,12212.155
00bbac68_5796,12212.147
00bbac68_5797,12212.122
00bbac68_5798,12212.093
00bbac68_5799,12212.032
00bbac68_5800,12212.059
00bbac68_5801,12212.045
00bbac68_5802,12212.018
00bbac68_5803,12211.991
00bbac68_5804,12211.982
00bbac68_5805,12211.947
00bbac68_5806,12211.884
00bbac68_5807,12211.853
00bbac68_5808,12211.812
00bbac68_5809,12211.6045
00bbac68_5810,12211.516
00bbac68_5811,12211.48
00bbac68_5812,12211.433
00bbac68_5813,12211.411
00bbac68_5814,12211.381
00bbac68_5815,12211.332
00bbac68_5816,12211.253
00bbac68_5817,12211.113
00bbac68_5818,12211.02
00bbac68_5819,12211.074
00bbac68_5820,12211.02
00bbac68_5821,12211.003
00bbac68_5822,12210.961
00bbac68_5823,12210.924
00bbac68_5824,12210.871
00bbac68_5825,12210.815
00bbac68_5826,12210.637
00bbac68_5827,12210.88
00bbac68_5828,12210.912
00bbac68_5829,12210.883
00bbac68_5830,12210.776
00bbac68_5831,12210.741
00bbac68_5832,12210.724
00bbac68_5833,12210.629
00bbac68_5834,12210.522
00bbac68_5835,12210.398
00bbac68_5836,12210.368
00bbac68_5837,12210.824
00bbac68_5838,12210.902
00bbac68_5839,12210.576
00bbac68_5840,12210.468
00bbac68_5841,12210.352
00bbac68_5842,12210.342
00bbac68_5843,12210.293
00bbac68_5844,12210.271
00bbac68_5845,12210.257
00bbac68_5846,12210.142
00bbac68_5847,12210.132
00bbac68_5848,12210.253
00bbac68_5849,12210.358
00bbac68_5850,12210.232
00bbac68_5851,12210.307
00bbac68_5852,12210.1455
00bbac68_5853,12210.244
00bbac68_5854,12210.257
00bbac68_5855,12210.141
00bbac68_5856,12210.201
00bbac68_5857,12210.306
00bbac68_5858,12210.362
00bbac68_5859,12210.352
00bbac68_5860,12210.184
00bbac68_5861,12210.085
00bbac68_5862,12210.121
00bbac68_5863,12210.167
00bbac68_5864,12210.055
00bbac68_5865,12210.028
00bbac68_5866,12210.0
00bbac68_5867,12209.928
00bbac68_5868,12210.19
00bbac68_5869,12210.282
00bbac68_5870,12210.106
00bbac68_5871,12210.132
00bbac68_5872,12210.134
00bbac68_5873,12210.077
00bbac68_5874,12210.217
00bbac68_5875,12210.225
00bbac68_5876,12209.89
00bbac68_5877,12209.84
00bbac68_5878,12209.81
00bbac68_5879,12209.807
00bbac68_5880,12209.772
00bbac68_5881,12209.749
00bbac68_5882,12209.751
00bbac68_5883,12209.781
00bbac68_5884,12209.733
00bbac68_5885,12209.6045
00bbac68_5886,12209.59
00bbac68_5887,12209.525
00bbac68_5888,12209.504
00bbac68_5889,12209.492
00bbac68_5890,12209.487
00bbac68_5891,12209.507
00bbac68_5892,12209.374
00bbac68_5893,12209.3545
00bbac68_5894,12209.378
00bbac68_5895,12209.413
00bbac68_5896,12209.324
00bbac68_5897,12209.317
00bbac68_5898,12209.442
00bbac68_5899,12209.496
00bbac68_5900,12209.547
00bbac68_5901,12209.677
00bbac68_5902,12209.68
00bbac68_5903,12209.546
00bbac68_5904,12209.481
00bbac68_5905,12209.431
00bbac68_5906,12209.437
00bbac68_5907,12209.373
00bbac68_5908,12209.422
00bbac68_5909,12209.336
00bbac68_5910,12209.346
00bbac68_5911,12209.39
00bbac68_5912,12209.383
00bbac68_5913,12209.415
00bbac68_5914,12209.485
00bbac68_5915,12209.646
00bbac68_5916,12209.708
00bbac68_5917,12209.687
00bbac68_5918,12209.65
00bbac68_5919,12209.718
00bbac68_5920,12209.702
00bbac68_5921,12209.702
00bbac68_5922,12209.701
00bbac68_5923,12209.656
00bbac68_5924,12209.678
00bbac68_5925,12209.669
00bbac68_5926,12209.674
00bbac68_5927,12209.667
00bbac68_5928,12209.651
00bbac68_5929,12209.646
00bbac68_5930,12209.668
00bbac68_5931,12209.692
00bbac68_5932,12209.651
00bbac68_5933,12209.651
00bbac68_5934,12209.64
00bbac68_5935,12209.638
00bbac68_5936,12209.6875
00bbac68_5937,12209.612
00bbac68_5938,12209.414
00bbac68_5939,12209.495
00bbac68_5940,12209.561
00bbac68_5941,12209.601
00bbac68_5942,12209.617
00bbac68_5943,12209.544
00bbac68_5944,12209.272
00bbac68_5945,12209.291
00bbac68_5946,12209.411
00bbac68_5947,12209.369
00bbac68_5948,12209.406
00bbac68_5949,12209.493
00bbac68_5950,12209.491
00bbac68_5951,12209.521
00bbac68_5952,12209.482
00bbac68_5953,12209.508
00bbac68_5954,12209.512
00bbac68_5955,12209.28
00bbac68_5956,12209.165
00bbac68_5957,12209.348
00bbac68_5958,12209.467
00bbac68_5959,12209.487
00bbac68_5960,12209.449
00bbac68_5961,12209.324
00bbac68_5962,12209.196
00bbac68_5963,12209.416
00bbac68_5964,12209.317
00bbac68_5965,12209.208
00bbac68_5966,12209.322
00bbac68_5967,12209.132
00bbac68_5968,12209.096
00bbac68_5969,12209.067
00bbac68_5970,12209.113
00bbac68_5971,12208.939
00bbac68_5972,12209.031
00bbac68_5973,12209.221
00bbac68_5974,12209.076
00bbac68_5975,12209.071
00bbac68_5976,12209.088
00bbac68_5977,12209.223
00bbac68_5978,12209.319
00bbac68_5979,12209.365
00bbac68_5980,12209.372
00bbac68_5981,12209.401
00bbac68_5982,12209.404
00bbac68_5983,12209.43
00bbac68_5984,12209.1875
00bbac68_5985,12209.097
00bbac68_5986,12209.284
00bbac68_5987,12209.236
00bbac68_5988,12209.379
00bbac68_5989,12209.398
00bbac68_5990,12209.235
00bbac68_5991,12209.021
00bbac68_5992,12209.076
00bbac68_5993,12209.155
00bbac68_5994,12209.172
00bbac68_5995,12209.207
00bbac68_5996,12209.159
00bbac68_5997,12209.363
00bbac68_5998,12209.405
00bbac68_5999,12209.393
00bbac68_6000,12209.395
00bbac68_6001,12209.466
00bbac68_6002,12209.42
00bbac68_6003,12209.414
00bbac68_6004,12209.452
00bbac68_6005,12209.447
00bbac68_6006,12209.451
00bbac68_6007,12209.43
00bbac68_6008,12209.469
00bbac68_6009,12209.426
00bbac68_6010,12209.457
00bbac68_6011,12209.459
00bbac68_6012,12209.418
00bbac68_6013,12209.413
00bbac68_6014,12209.345
00bbac68_6015,12209.361
00bbac68_6016,12209.327
00bbac68_6017,12209.325
00bbac68_6018,12209.296
00bbac68_6019,12209.33
00bbac68_6020,12209.301
00bbac68_6021,12209.043
00bbac68_6022,12209.022
00bbac68_6023,12209.101
00bbac68_6024,12209.326
00bbac68_6025,12209.343
00bbac68_6026,12209.4
00bbac68_6027,12209.338
00bbac68_6028,12209.092
00bbac68_6029,12209.013
00bbac68_6030,12209.045
00bbac68_6031,12209.203
00bbac68_6032,12209.24
00bbac68_6033,12209.258
00bbac68_6034,12209.126
00bbac68_6035,12209.379
00bbac68_6036,12209.362
00bbac68_6037,12209.372
00bbac68_6038,12209.249
00bbac68_6039,12209.376
00bbac68_6040,12209.421
00bbac68_6041,12209.392
00bbac68_6042,12209.442
00bbac68_6043,12209.393
00bbac68_6044,12209.3955
00bbac68_6045,12209.451
00bbac68_6046,12209.422
00bbac68_6047,12209.274
00bbac68_6048,12209.287
00bbac68_6049,12209.437
00bbac68_6050,12209.451
00bbac68_6051,12209.4795
00bbac68_6052,12209.451
00bbac68_6053,12209.439
00bbac68_6054,12209.494
00bbac68_6055,12209.507
00bbac68_6056,12209.477
00bbac68_6057,12209.374
00bbac68_6058,12209.375
00bbac68_6059,12209.415
00bbac68_6060,12209.56
00bbac68_6061,12209.625
00bbac68_6062,12209.341
00bbac68_6063,12209.287
00bbac68_6064,12209.301
00bbac68_6065,12209.309
00bbac68_6066,12209.417
00bbac68_6067,12209.5
00bbac68_6068,12209.315
00bbac68_6069,12209.364
00bbac68_6070,12209.702
00bbac68_6071,12209.66
00bbac68_6072,12209.558
00bbac68_6073,12209.568
00bbac68_6074,12209.543
00bbac68_6075,12209.585
00bbac68_6076,12209.572
00bbac68_6077,12209.518
00bbac68_6078,12209.469
00bbac68_6079,12209.434
00bbac68_6080,12209.504
00bbac68_6081,12209.664
00bbac68_6082,12209.575
00bbac68_6083,12209.506
00bbac68_6084,12209.618
00bbac68_6085,12209.714
00bbac68_6086,12209.571
00bbac68_6087,12209.545
00bbac68_6088,12209.607
00bbac68_6089,12209.756
00bbac68_6090,12209.9375
00bbac68_6091,12210.013
00bbac68_6092,12210.032
00bbac68_6093,12210.015
00bbac68_6094,12210.0205
00bbac68_6095,12209.933
00bbac68_6096,12209.812
00bbac68_6097,12209.78
00bbac68_6098,12209.819
00bbac68_6099,12209.875
00bbac68_6100,12209.991
00bbac68_6101,12210.089
00bbac68_6102,12210.057
00bbac68_6103,12210.057
00bbac68_6104,12209.896
00bbac68_6105,12209.854
00bbac68_6106,12209.899
00bbac68_6107,12210.1
00bbac68_6108,12210.066
00bbac68_6109,12210.078
00bbac68_6110,12210.041
00bbac68_6111,12210.03
00bbac68_6112,12209.998
00bbac68_6113,12210.02
00bbac68_6114,12210.006
00bbac68_6115,12209.912
00bbac68_6116,12210.046
00bbac68_6117,12210.043
00bbac68_6118,12209.984
00bbac68_6119,12209.991
00bbac68_6120,12209.854
00bbac68_6121,12209.762
00bbac68_6122,12209.8955
00bbac68_6123,12209.732
00bbac68_6124,12209.826
00bbac68_6125,12210.033
00bbac68_6126,12209.908
00bbac68_6127,12209.764
00bbac68_6128,12209.78
00bbac68_6129,12209.828
00bbac68_6130,12209.869
00bbac68_6131,12209.941
00bbac68_6132,12210.063
00bbac68_6133,12210.077
00bbac68_6134,12209.985
00bbac68_6135,12209.935
00bbac68_6136,12209.994
00bbac68_6137,12210.0205
00bbac68_6138,12209.98
00bbac68_6139,12210.039
00bbac68_6140,12210.125
00bbac68_6141,12210.116
00bbac68_6142,12209.983
00bbac68_6143,12210.1
00bbac68_6144,12210.105
00bbac68_6145,12210.118
00bbac68_6146,12210.114
00bbac68_6147,12210.102
00bbac68_6148,12210.058
00bbac68_6149,12210.081
00bbac68_6150,12210.066
00bbac68_6151,12210.07
00bbac68_6152,12210.063
00bbac68_6153,12210.043
00bbac68_6154,12210.07
00bbac68_6155,12210.052
00bbac68_6156,12210.03
00bbac68_6157,12210.009
00bbac68_6158,12209.991
00bbac68_6159,12210.02
00bbac68_6160,12210.0
00bbac68_6161,12209.983
00bbac68_6162,12210.02
00bbac68_6163,12209.993
00bbac68_6164,12209.988
00bbac68_6165,12210.006
00bbac68_6166,12209.971
00bbac68_6167,12210.03
00bbac68_6168,12209.991
00bbac68_6169,12210.021
00bbac68_6170,12209.996
00bbac68_6171,12209.992
00bbac68_6172,12209.963
00bbac68_6173,12209.991
00bbac68_6174,12209.9375
00bbac68_6175,12209.996
00bbac68_6176,12209.973
00bbac68_6177,12209.964
00bbac68_6178,12209.966
00bbac68_6179,12209.987
00bbac68_6180,12209.933
00bbac68_6181,12209.973
00bbac68_6182,12209.945
00bbac68_6183,12209.972
00bbac68_6184,12209.946
00bbac68_6185,12209.761
00bbac68_6186,12209.808
00bbac68_6187,12209.8955
00bbac68_6188,12209.878
00bbac68_6189,12209.895
00bbac68_6190,12209.895
00bbac68_6191,12209.883
00bbac68_6192,12209.873
00bbac68_6193,12209.857
00bbac68_6194,12209.752
00bbac68_6195,12209.857
00bbac68_6196,12209.876
00bbac68_6197,12209.89
00bbac68_6198,12209.75
00bbac68_6199,12209.69
00bbac68_6200,12209.852
00bbac68_6201,12209.896
00bbac68_6202,12209.935
00bbac68_6203,12209.901
00bbac68_6204,12209.909
00bbac68_6205,12209.9
00bbac68_6206,12209.963
00bbac68_6207,12209.911
00bbac68_6208,12209.769
00bbac68_6209,12209.838
00bbac68_6210,12209.905
00bbac68_6211,12209.932
00bbac68_6212,12209.974
00bbac68_6213,12209.928
00bbac68_6214,12209.918
00bbac68_6215,12209.961
00bbac68_6216,12209.939
00bbac68_6217,12209.977
00bbac68_6218,12209.937
00bbac68_6219,12209.98
00bbac68_6220,12209.934
00bbac68_6221,12209.97
00bbac68_6222,12209.966
00bbac68_6223,12209.926
00bbac68_6224,12209.961
00bbac68_6225,12209.93
00bbac68_6226,12210.001
00bbac68_6227,12209.995
00bbac68_6228,12209.99
00bbac68_6229,12209.943
00bbac68_6230,12210.0
00bbac68_6231,12209.998
00bbac68_6232,12209.961
00bbac68_6233,12210.009
00bbac68_6234,12209.999
00bbac68_6235,12209.712
00bbac68_6236,12209.989
00bbac68_6237,12209.994
00bbac68_6238,12209.982
00bbac68_6239,12209.986
00bbac68_6240,12210.003
00bbac68_6241,12209.991
00bbac68_6242,12210.006
00bbac68_6243,12209.997
00bbac68_6244,12209.987
00bbac68_6245,12209.979
00bbac68_6246,12209.981
00bbac68_6247,12209.975
00bbac68_6248,12209.968
00bbac68_6249,12209.965
00bbac68_6250,12209.965
00bbac68_6251,12209.959
00bbac68_6252,12209.962
00bbac68_6253,12209.952
00bbac68_6254,12209.955
00bbac68_6255,12209.95
00bbac68_6256,12209.959
00bbac68_6257,12209.961
00bbac68_6258,12209.968
00bbac68_6259,12209.962
00bbac68_6260,12209.965
00bbac68_6261,12209.972
00bbac68_6262,12209.987
00bbac68_6263,12209.984
00bbac68_6264,12209.987
00bbac68_6265,12209.997
00bbac68_6266,12209.991
00bbac68_6267,12209.994
00bbac68_6268,12209.867
00bbac68_6269,12209.954
00bbac68_6270,12209.955
00bbac68_6271,12209.955
00bbac68_6272,12209.956
00bbac68_6273,12209.962
00bbac68_6274,12209.961
00bbac68_6275,12209.956
00bbac68_6276,12209.966
00bbac68_6277,12209.978
00bbac68_6278,12209.979
00bbac68_6279,12209.981
00bbac68_6280,12209.979
00bbac68_6281,12209.986
00bbac68_6282,12210.006
00bbac68_6283,12210.019
00bbac68_6284,12210.032
00bbac68_6285,12210.034
00bbac68_6286,12210.03
00bbac68_6287,12210.032
00bbac68_6288,12210.044
00bbac68_6289,12210.053
00bbac68_6290,12210.049
00bbac68_6291,12210.039
00bbac68_6292,12210.043
00bbac68_6293,12210.065
00bbac68_6294,12210.062
00bbac68_6295,12210.059
00bbac68_6296,12209.971
00bbac68_6297,12210.039
00bbac68_6298,12210.045
00bbac68_6299,12210.03
00bbac68_6300,12210.055
00bbac68_6301,12210.054
00bbac68_6302,12210.054
00bbac68_6303,12210.062
00bbac68_6304,12210.071
00bbac68_6305,12210.047
00bbac68_6306,12210.049
00bbac68_6307,12210.056
00bbac68_6308,12210.045
00bbac68_6309,12210.052
00bbac68_6310,12210.049
00bbac68_6311,12210.054
00bbac68_6312,12210.049
00bbac68_6313,12210.054
00bbac68_6314,12210.061
00bbac68_6315,12210.057
00bbac68_6316,12210.071
00bbac68_6317,12210.066
00bbac68_6318,12210.069
00bbac68_6319,12210.077
00bbac68_6320,12210.079
00bbac68_6321,12210.074
00bbac68_6322,12210.075
00bbac68_6323,12210.076
00bbac68_6324,12210.072
00bbac68_6325,12210.089
00bbac68_6326,12210.074
00bbac68_6327,12210.076
00bbac68_6328,12210.089
00bbac68_6329,12210.087
00bbac68_6330,12210.093
00bbac68_6331,12210.087
00bbac68_6332,12210.091
00bbac68_6333,12210.091
00bbac68_6334,12210.097
00bbac68_6335,12210.1045
00bbac68_6336,12210.104
00bbac68_6337,12210.1
00bbac68_6338,12210.082
00bbac68_6339,12210.08
00bbac68_6340,12210.068
00bbac68_6341,12210.074
00bbac68_6342,12210.093
00bbac68_6343,12210.097
00bbac68_6344,12210.074
00bbac68_6345,12210.077
00bbac68_6346,12210.08
00bbac68_6347,12210.091
00bbac68_6348,12210.084
00bbac68_6349,12210.099
00bbac68_6350,12210.102
00bbac68_6351,12210.108
00bbac68_6352,12210.089
00bbac68_6353,12210.096
00bbac68_6354,12210.076
00bbac68_6355,12210.078
00bbac68_6356,12210.09
00bbac68_6357,12210.084
00bbac68_6358,12210.068
00bbac68_6359,12210.071
00bbac68_6360,12210.063
00bbac68_6361,12210.064
00bbac68_6362,12210.067
00bbac68_6363,12210.056
00bbac68_6364,12210.062
00bbac68_6365,12210.064
00bbac68_6366,12210.036
00bbac68_6367,12210.043
00bbac68_6368,12210.067
00bbac68_6369,12210.065
00bbac68_6370,12210.075
00bbac68_6371,12210.078
00bbac68_6372,12210.062
00bbac68_6373,12209.943
00bbac68_6374,12209.757
00bbac68_6375,12209.634
00bbac68_6376,12209.841
00bbac68_6377,12210.054
00bbac68_6378,12210.062
00bbac68_6379,12210.069
00bbac68_6380,12210.06
00bbac68_6381,12210.061
00bbac68_6382,12210.07
00bbac68_6383,12210.0625
00bbac68_6384,12210.068
00bbac68_6385,12210.066
00bbac68_6386,12210.057
00bbac68_6387,12210.047
00bbac68_6388,12210.051
00bbac68_6389,12210.058
00bbac68_6390,12210.069
00bbac68_6391,12210.054
00bbac68_6392,12210.06
00bbac68_6393,12210.059
00bbac68_6394,12210.062
00bbac68_6395,12210.069
00bbac68_6396,12210.081
00bbac68_6397,12210.063
00bbac68_6398,12209.895
00bbac68_6399,12209.957
00bbac68_6400,12210.049
00bbac68_6401,12210.062
00bbac68_6402,12210.044
00bbac68_6403,12210.052
00bbac68_6404,12210.043
00bbac68_6405,12210.043
00bbac68_6406,12210.001
00bbac68_6407,12210.046
00bbac68_6408,12210.049
00bbac68_6409,12210.055
00bbac68_6410,12210.015
00bbac68_6411,12210.066
00bbac68_6412,12210.06
00bbac68_6413,12210.019
00bbac68_6414,12210.049
00bbac68_6415,12210.005
00bbac68_6416,12210.05
00bbac68_6417,12209.842
00bbac68_6418,12209.712
00bbac68_6419,12209.641
00bbac68_6420,12209.668
00bbac68_6421,12209.7
00bbac68_6422,12209.991
00bbac68_6423,12209.971
00bbac68_6424,12210.023
00bbac68_6425,12209.976
00bbac68_6426,12209.993
00bbac68_6427,12209.973
00bbac68_6428,12210.035
00bbac68_6429,12209.983
00bbac68_6430,12210.0205
00bbac68_6431,12209.972
00bbac68_6432,12210.019
00bbac68_6433,12209.98
00bbac68_6434,12210.02
00bbac68_6435,12209.9795
00bbac68_6436,12210.048
00bbac68_6437,12209.807
00bbac68_6438,12209.818
00bbac68_6439,12209.905
00bbac68_6440,12210.04
00bbac68_6441,12209.874
00bbac68_6442,12209.829
00bbac68_6443,12209.784
00bbac68_6444,12209.938
00bbac68_6445,12209.936
00bbac68_6446,12210.086
00bbac68_6447,12210.057
00bbac68_6448,12210.118
00bbac68_6449,12209.944
00bbac68_6450,12209.824
00bbac68_6451,12210.004
00bbac68_6452,12210.076
00bbac68_6453,12210.126
00bbac68_6454,12209.859
00bbac68_6455,12210.033
00bbac68_6456,12210.141
00bbac68_6457,12209.925
00bbac68_6458,12210.156
00bbac68_6459,12210.197
00bbac68_6460,12210.144
00bbac68_6461,12210.182
00bbac68_6462,12210.138
00bbac68_6463,12210.149
00bbac68_6464,12210.132
00bbac68_6465,12210.087
00bbac68_6466,12210.143
00bbac68_6467,12210.108
00bbac68_6468,12210.129
00bbac68_6469,12210.092
00bbac68_6470,12210.139
00bbac68_6471,12210.103
00bbac68_6472,12210.148
00bbac68_6473,12210.116
00bbac68_6474,12210.012
00bbac68_6475,12209.97
00bbac68_6476,12210.109
00bbac68_6477,12210.162
00bbac68_6478,12210.103
00bbac68_6479,12210.174
00bbac68_6480,12210.121
00bbac68_6481,12210.163
00bbac68_6482,12210.193
00bbac68_6483,12210.151
00bbac68_6484,12210.1455
00bbac68_6485,12210.118
00bbac68_6486,12210.084
00bbac68_6487,12210.078
00bbac68_6488,12210.214
00bbac68_6489,12210.111
00bbac68_6490,12210.193
00bbac68_6491,12210.251
00bbac68_6492,12210.205
00bbac68_6493,12210.262
00bbac68_6494,12210.177
00bbac68_6495,12210.212
00bbac68_6496,12210.228
00bbac68_6497,12210.196
00bbac68_6498,12210.101
00bbac68_6499,12210.198
00bbac68_6500,12210.232
00bbac68_6501,12210.103
00bbac68_6502,12210.19
00bbac68_6503,12210.282
00bbac68_6504,12210.244
00bbac68_6505,12210.264
00bbac68_6506,12210.282
00bbac68_6507,12210.266
00bbac68_6508,12210.295
00bbac68_6509,12210.258
00bbac68_6510,12210.294
00bbac68_6511,12210.295
00bbac68_6512,12210.247
00bbac68_6513,12210.294
00bbac68_6514,12210.246
00bbac68_6515,12210.297
00bbac68_6516,12210.287
00bbac68_6517,12210.245
00bbac68_6518,12210.291
00bbac68_6519,12210.281
00bbac68_6520,12210.247
00bbac68_6521,12210.298
00bbac68_6522,12210.311
00bbac68_6523,12210.295
00bbac68_6524,12210.272
00bbac68_6525,12210.3
00bbac68_6526,12210.297
00bbac68_6527,12210.312
00bbac68_6528,12210.262
00bbac68_6529,12210.303
00bbac68_6530,12210.308
00bbac68_6531,12210.323
00bbac68_6532,12210.319
00bbac68_6533,12210.272
00bbac68_6534,12210.319
00bbac68_6535,12210.312
00bbac68_6536,12210.3125
00bbac68_6537,12210.324
00bbac68_6538,12210.332
00bbac68_6539,12210.32
00bbac68_6540,12210.288
00bbac68_6541,12210.328
00bbac68_6542,12210.328
00bbac68_6543,12210.348
00bbac68_6544,12210.338
00bbac68_6545,12210.331
00bbac68_6546,12210.323
00bbac68_6547,12210.32
00bbac68_6548,12210.322
00bbac68_6549,12210.321
00bbac68_6550,12210.302
00bbac68_6551,12210.303
00bbac68_6552,12210.201
00bbac68_6553,12210.113
00bbac68_6554,12210.309
00bbac68_6555,12210.31
00bbac68_6556,12210.181
00bbac68_6557,12210.149
00bbac68_6558,12210.168
00bbac68_6559,12210.292
00bbac68_6560,12210.161
00bbac68_6561,12210.287
00bbac68_6562,12210.284
00bbac68_6563,12210.279
00bbac68_6564,12210.296
00bbac68_6565,12210.301
00bbac68_6566,12210.289
00bbac68_6567,12210.277
00bbac68_6568,12210.284
00bbac68_6569,12210.287
00bbac68_6570,12210.279
00bbac68_6571,12210.285
00bbac68_6572,12210.27
00bbac68_6573,12210.146
00bbac68_6574,12210.081
00bbac68_6575,12210.055
00bbac68_6576,12210.136
00bbac68_6577,12210.275
00bbac68_6578,12210.277
00bbac68_6579,12210.289
00bbac68_6580,12210.288
00bbac68_6581,12210.29
00bbac68_6582,12210.298
00bbac68_6583,12210.298
00bbac68_6584,12210.291
00bbac68_6585,12210.302
00bbac68_6586,12210.29
00bbac68_6587,12210.297
00bbac68_6588,12210.171
00bbac68_6589,12210.263
00bbac68_6590,12210.285
00bbac68_6591,12210.157
00bbac68_6592,12210.285
00bbac68_6593,12210.311
00bbac68_6594,12210.315
00bbac68_6595,12210.318
00bbac68_6596,12210.303
00bbac68_6597,12210.309
00bbac68_6598,12210.302
00bbac68_6599,12210.31
00bbac68_6600,12210.319
00bbac68_6601,12210.302
00bbac68_6602,12210.3
00bbac68_6603,12210.306
00bbac68_6604,12210.317
00bbac68_6605,12210.325
00bbac68_6606,12210.309
00bbac68_6607,12210.325
00bbac68_6608,12210.315
00bbac68_6609,12210.295
00bbac68_6610,12210.186
00bbac68_6611,12210.177
00bbac68_6612,12210.292
00bbac68_6613,12210.302
00bbac68_6614,12210.299
00bbac68_6615,12210.285
00bbac68_6616,12210.172
00bbac68_6617,12210.1455
00bbac68_6618,12210.16
00bbac68_6619,12210.282
00bbac68_6620,12210.244
00bbac68_6621,12210.065
00bbac68_6622,12210.334
00bbac68_6623,12210.322
00bbac68_6624,12210.326
00bbac68_6625,12210.311
00bbac68_6626,12210.288
00bbac68_6627,12210.322
00bbac68_6628,12210.306
00bbac68_6629,12210.204
00bbac68_6630,12210.169
00bbac68_6631,12210.187
00bbac68_6632,12210.099
00bbac68_6633,12210.141
00bbac68_6634,12210.211
00bbac68_6635,12210.287
00bbac68_6636,12210.1875
00bbac68_6637,12210.161
00bbac68_6638,12210.153
00bbac68_6639,12210.236
00bbac68_6640,12210.4
00bbac68_6641,12210.398
00bbac68_6642,12210.31
00bbac68_6643,12210.216
00bbac68_6644,12210.214
00bbac68_6645,12210.152
00bbac68_6646,12210.207
00bbac68_6647,12210.213
00bbac68_6648,12210.147
00bbac68_6649,12210.329
00bbac68_6650,12210.346
00bbac68_6651,12210.377
00bbac68_6652,12210.417
00bbac68_6653,12210.424
00bbac68_6654,12210.396
00bbac68_6655,12210.324
00bbac68_6656,12210.31
00bbac68_6657,12210.331
00bbac68_6658,12210.271
00bbac68_6659,12210.197
00bbac68_6660,12210.243
00bbac68_6661,12210.273
00bbac68_6662,12210.323
00bbac68_6663,12210.332
00bbac68_6664,12210.2
00bbac68_6665,12210.156
00bbac68_6666,12210.162
00bbac68_6667,12210.315
00bbac68_6668,12210.289
00bbac68_6669,12210.255
00bbac68_6670,12210.231
00bbac68_6671,12210.213
00bbac68_6672,12210.249
00bbac68_6673,12210.152
00bbac68_6674,12210.228
00bbac68_6675,12210.406
00bbac68_6676,12210.387
00bbac68_6677,12210.266
00bbac68_6678,12210.2295
00bbac68_6679,12210.308
00bbac68_6680,12210.324
00bbac68_6681,12210.236
00bbac68_6682,12210.198
00bbac68_6683,12210.228
00bbac68_6684,12210.343
00bbac68_6685,12210.314
00bbac68_6686,12210.389
00bbac68_6687,12210.399
00bbac68_6688,12210.392
00bbac68_6689,12210.391
00bbac68_6690,12210.396
00bbac68_6691,12210.395
00bbac68_6692,12210.405
00bbac68_6693,12210.397
00bbac68_6694,12210.391
00bbac68_6695,12210.383
00bbac68_6696,12210.389
00bbac68_6697,12210.3545
00bbac68_6698,12210.295
00bbac68_6699,12210.205
00bbac68_6700,12210.19
00bbac68_6701,12210.186
00bbac68_6702,12210.228
00bbac68_6703,12210.263
00bbac68_6704,12210.303
00bbac68_6705,12210.378
00bbac68_6706,12210.377
00bbac68_6707,12210.346
00bbac68_6708,12210.306
00bbac68_6709,12210.338
00bbac68_6710,12210.267
00bbac68_6711,12210.265
00bbac68_6712,12210.354
00bbac68_6713,12210.349
00bbac68_6714,12210.21
00bbac68_6715,12210.103
00bbac68_6716,12210.143
00bbac68_6717,12210.209
00bbac68_6718,12210.366
00bbac68_6719,12210.251
00bbac68_6720,12210.361
00bbac68_6721,12210.383
00bbac68_6722,12210.29
00bbac68_6723,12210.289
00bbac68_6724,12210.219
00bbac68_6725,12210.251
00bbac68_6726,12210.298
00bbac68_6727,12210.222
00bbac68_6728,12210.157
00bbac68_6729,12210.272
00bbac68_6730,12210.324
00bbac68_6731,12210.217
00bbac68_6732,12210.188
00bbac68_6733,12210.211
00bbac68_6734,12210.21
00bbac68_6735,12210.354
00bbac68_6736,12210.394
00bbac68_6737,12210.344
00bbac68_6738,12210.314
00bbac68_6739,12210.498
00bbac68_6740,12210.41
00bbac68_6741,12210.288
00bbac68_6742,12210.262
00bbac68_6743,12210.284
00bbac68_6744,12210.283
00bbac68_6745,12210.356
00bbac68_6746,12210.303
00bbac68_6747,12210.292
00bbac68_6748,12210.297
00bbac68_6749,12210.297
00bbac68_6750,12210.295
00bbac68_6751,12210.288
00bbac68_6752,12210.336
00bbac68_6753,12210.281
00bbac68_6754,12210.251
00bbac68_6755,12210.079
00bbac68_6756,12210.069
00bbac68_6757,12210.072
00bbac68_6758,12210.073
00bbac68_6759,12210.024
00bbac68_6760,12209.881
00bbac68_6761,12210.109
00bbac68_6762,12210.072
00bbac68_6763,12210.052
00bbac68_6764,12210.043
00bbac68_6765,12210.025
00bbac68_6766,12210.034
00bbac68_6767,12209.993
00bbac68_6768,12210.016
00bbac68_6769,12209.916
00bbac68_6770,12209.945
00bbac68_6771,12209.948
00bbac68_6772,12210.082
00bbac68_6773,12210.159
00bbac68_6774,12210.058
00bbac68_6775,12210.015
00bbac68_6776,12209.986
00bbac68_6777,12209.998
00bbac68_6778,12210.013
00bbac68_6779,12210.193
00bbac68_6780,12210.049
00bbac68_6781,12210.003
00bbac68_6782,12209.978
00bbac68_6783,12210.087
00bbac68_6784,12210.11
00bbac68_6785,12210.164
00bbac68_6786,12210.289
00bbac68_6787,12210.285
00bbac68_6788,12210.143
00bbac68_6789,12210.283
00bbac68_6790,12210.269
00bbac68_6791,12210.173
00bbac68_6792,12210.1
00bbac68_6793,12210.169
00bbac68_6794,12210.169
00bbac68_6795,12210.152
00bbac68_6796,12210.15
00bbac68_6797,12210.066
00bbac68_6798,12210.264
00bbac68_6799,12210.1455
00bbac68_6800,12209.993
00bbac68_6801,12210.243
00bbac68_6802,12210.245
00bbac68_6803,12210.085
00bbac68_6804,12210.059
00bbac68_6805,12210.057
00bbac68_6806,12209.997
00bbac68_6807,12210.038
00bbac68_6808,12210.091
00bbac68_6809,12210.052
00bbac68_6810,12209.907
00bbac68_6811,12209.895
00bbac68_6812,12209.936
00bbac68_6813,12209.93
00bbac68_6814,12210.057
00bbac68_6815,12210.076
00bbac68_6816,12210.091
00bbac68_6817,12210.0
00bbac68_6818,12210.05
00bbac68_6819,12210.238
00bbac68_6820,12210.243
00bbac68_6821,12210.22
00bbac68_6822,12210.244
00bbac68_6823,12210.23
00bbac68_6824,12210.05
00bbac68_6825,12210.2705
00bbac68_6826,12210.228
00bbac68_6827,12210.232
00bbac68_6828,12210.213
00bbac68_6829,12210.211
00bbac68_6830,12210.221
00bbac68_6831,12210.202
00bbac68_6832,12210.198
00bbac68_6833,12210.221
00bbac68_6834,12210.209
00bbac68_6835,12210.2
00bbac68_6836,12210.147
00bbac68_6837,12210.137
00bbac68_6838,12210.138
00bbac68_6839,12210.161
00bbac68_6840,12210.166
00bbac68_6841,12210.206
00bbac68_6842,12210.201
00bbac68_6843,12210.205
00bbac68_6844,12210.003
00bbac68_6845,12210.153
00bbac68_6846,12210.171
00bbac68_6847,12210.166
00bbac68_6848,12210.016
00bbac68_6849,12209.929
00bbac68_6850,12209.886
00bbac68_6851,12209.962
00bbac68_6852,12210.1455
00bbac68_6853,12210.158
00bbac68_6854,12209.855
00bbac68_6855,12209.829
00bbac68_6856,12209.823
00bbac68_6857,12209.881
00bbac68_6858,12209.934
00bbac68_6859,12210.009
00bbac68_6860,12210.028
00bbac68_6861,12210.008
00bbac68_6862,12209.981
00bbac68_6863,12209.96
00bbac68_6864,12209.958
00bbac68_6865,12210.014
00bbac68_6866,12209.947
00bbac68_6867,12209.815
00bbac68_6868,12209.854
00bbac68_6869,12209.795
00bbac68_6870,12209.929
00bbac68_6871,12210.071
00bbac68_6872,12209.953
00bbac68_6873,12210.0
00bbac68_6874,12210.035
00bbac68_6875,12209.869
00bbac68_6876,12209.958
00bbac68_6877,12209.965
00bbac68_6878,12209.863
00bbac68_6879,12209.824
00bbac68_6880,12209.861
00bbac68_6881,12209.849
00bbac68_6882,12209.8955
00bbac68_6883,12209.909
00bbac68_6884,12209.982
00bbac68_6885,12210.006
00bbac68_6886,12209.951
00bbac68_6887,12209.899
00bbac68_6888,12209.966
00bbac68_6889,12209.967
00bbac68_6890,12209.967
00bbac68_6891,12210.056
00bbac68_6892,12210.021
00bbac68_6893,12210.012
00bbac68_6894,12210.001
00bbac68_6895,12209.987
00bbac68_6896,12209.982
00bbac68_6897,12209.966
00bbac68_6898,12209.955
00bbac68_6899,12209.933
00bbac68_6900,12209.944
00bbac68_6901,12209.92
00bbac68_6902,12209.92
00bbac68_6903,12209.896
00bbac68_6904,12209.88
00bbac68_6905,12209.885
00bbac68_6906,12209.867
00bbac68_6907,12209.813
00bbac68_6908,12209.692
00bbac68_6909,12209.586
00bbac68_6910,12209.515
00bbac68_6911,12209.712
00bbac68_6912,12209.699
00bbac68_6913,12209.681
00bbac68_6914,12209.685
00bbac68_6915,12209.654
00bbac68_6916,12209.3545
00bbac68_6917,12209.376
00bbac68_6918,12209.6045
00bbac68_6919,12209.569
00bbac68_6920,12209.561
00bbac68_6921,12209.556
00bbac68_6922,12209.525
00bbac68_6923,12209.503
00bbac68_6924,12209.3
00bbac68_6925,12209.349
00bbac68_6926,12209.444
00bbac68_6927,12209.245
00bbac68_6928,12209.234
00bbac68_6929,12209.441
00bbac68_6930,12209.451
00bbac68_6931,12209.442
00bbac68_6932,12209.452
00bbac68_6933,12209.442
00bbac68_6934,12209.423
00bbac68_6935,12209.426
00bbac68_6936,12209.409
00bbac68_6937,12209.411
00bbac68_6938,12209.402
00bbac68_6939,12209.395
00bbac68_6940,12209.389
00bbac68_6941,12209.373
00bbac68_6942,12209.376
00bbac68_6943,12209.355
00bbac68_6944,12209.359
00bbac68_6945,12209.353
00bbac68_6946,12209.33
00bbac68_6947,12209.166
00bbac68_6948,12209.026
00bbac68_6949,12209.068
00bbac68_6950,12209.294
00bbac68_6951,12209.303
00bbac68_6952,12209.222
00bbac68_6953,12209.201
00bbac68_6954,12209.2
00bbac68_6955,12209.203
00bbac68_6956,12209.206
00bbac68_6957,12209.197
00bbac68_6958,12209.168
00bbac68_6959,12209.193
00bbac68_6960,12209.274
00bbac68_6961,12209.283
00bbac68_6962,12209.29
00bbac68_6963,12209.292
00bbac68_6964,12209.272
00bbac68_6965,12209.26
00bbac68_6966,12209.15
00bbac68_6967,12209.032
00bbac68_6968,12209.01
00bbac68_6969,12209.134
00bbac68_6970,12209.349
00bbac68_6971,12209.338
00bbac68_6972,12209.388
00bbac68_6973,12209.282
00bbac68_6974,12209.27
00bbac68_6975,12209.417
00bbac68_6976,12209.423
00bbac68_6977,12209.3
00bbac68_6978,12209.266
00bbac68_6979,12209.233
00bbac68_6980,12209.222
00bbac68_6981,12209.218
00bbac68_6982,12209.113
00bbac68_6983,12209.277
00bbac68_6984,12209.289
00bbac68_6985,12209.293
00bbac68_6986,12209.259
00bbac68_6987,12209.264
00bbac68_6988,12209.179
00bbac68_6989,12209.086
00bbac68_6990,12209.117
00bbac68_6991,12209.121
00bbac68_6992,12209.067
00bbac68_6993,12208.988
00bbac68_6994,12208.975
00bbac68_6995,12208.934
00bbac68_6996,12208.944
00bbac68_6997,12208.947
00bbac68_6998,12208.935
00bbac68_6999,12208.916
00bbac68_7000,12208.809
00bbac68_7001,12208.818
00bbac68_7002,12208.811
00bbac68_7003,12208.822
00bbac68_7004,12208.842
00bbac68_7005,12208.808
00bbac68_7006,12208.798
00bbac68_7007,12208.805
00bbac68_7008,12208.82
00bbac68_7009,12208.806
00bbac68_7010,12208.814
00bbac68_7011,12208.819
00bbac68_7012,12208.815
00bbac68_7013,12208.831
00bbac68_7014,12208.839
00bbac68_7015,12208.829
00bbac68_7016,12208.832
00bbac68_7017,12208.839
00bbac68_7018,12208.848
00bbac68_7019,12209.092
00bbac68_7020,12209.071
00bbac68_7021,12209.01
00bbac68_7022,12208.889
00bbac68_7023,12208.93
00bbac68_7024,12208.922
00bbac68_7025,12208.928
00bbac68_7026,12208.883
00bbac68_7027,12208.947
00bbac68_7028,12209.242
00bbac68_7029,12209.09
00bbac68_7030,12209.203
00bbac68_7031,12209.229
00bbac68_7032,12209.223
00bbac68_7033,12209.238
00bbac68_7034,12209.229
00bbac68_7035,12209.2295
00bbac68_7036,12209.2
00bbac68_7037,12209.204
00bbac68_7038,12208.884
00bbac68_7039,12208.801
00bbac68_7040,12208.82
00bbac68_7041,12209.011
00bbac68_7042,12209.212
00bbac68_7043,12209.189
00bbac68_7044,12209.065
00bbac68_7045,12208.968
00bbac68_7046,12208.82
00bbac68_7047,12208.932
00bbac68_7048,12208.953
00bbac68_7049,12208.761
00bbac68_7050,12208.786
00bbac68_7051,12208.811
00bbac68_7052,12208.777
00bbac68_7053,12208.763
00bbac68_7054,12208.8125
00bbac68_7055,12208.931
00bbac68_7056,12208.982
00bbac68_7057,12209.078
00bbac68_7058,12209.132
00bbac68_7059,12209.097
00bbac68_7060,12209.14
00bbac68_7061,12209.124
00bbac68_7062,12209.114
00bbac68_7063,12209.083
00bbac68_7064,12208.872
00bbac68_7065,12209.006
00bbac68_7066,12208.912
00bbac68_7067,12208.751
00bbac68_7068,12208.758
00bbac68_7069,12208.853
00bbac68_7070,12209.038
00bbac68_7071,12209.033
00bbac68_7072,12208.852
00bbac68_7073,12208.892
00bbac68_7074,12209.016
00bbac68_7075,12208.988
00bbac68_7076,12209.023
00bbac68_7077,12208.98
00bbac68_7078,12209.033
00bbac68_7079,12209.063
00bbac68_7080,12209.035
00bbac68_7081,12209.068
00bbac68_7082,12209.021
00bbac68_7083,12209.038
00bbac68_7084,12208.869
00bbac68_7085,12208.708
00bbac68_7086,12208.683
00bbac68_7087,12208.639
00bbac68_7088,12208.659
00bbac68_7089,12208.696
00bbac68_7090,12208.685
00bbac68_7091,12208.603
00bbac68_7092,12208.597
00bbac68_7093,12208.632
00bbac68_7094,12208.549
00bbac68_7095,12208.508
00bbac68_7096,12208.544
00bbac68_7097,12208.54
00bbac68_7098,12208.575
00bbac68_7099,12208.606
00bbac68_7100,12208.61
00bbac68_7101,12208.55
00bbac68_7102,12208.56
00bbac68_7103,12208.519
00bbac68_7104,12208.541
00bbac68_7105,12208.455
00bbac68_7106,12208.493
00bbac68_7107,12208.493
00bbac68_7108,12208.459
00bbac68_7109,12208.489
00bbac68_7110,12208.453
00bbac68_7111,12208.474
00bbac68_7112,12208.475
00bbac68_7113,12208.448
00bbac68_7114,12208.479
00bbac68_7115,12208.551
00bbac68_7116,12208.498
00bbac68_7117,12208.503
00bbac68_7118,12208.425
00bbac68_7119,12208.459
00bbac68_7120,12208.409
00bbac68_7121,12208.445
00bbac68_7122,12208.46
00bbac68_7123,12208.419
00bbac68_7124,12208.453
00bbac68_7125,12208.455
00bbac68_7126,12208.435
00bbac68_7127,12208.456
00bbac68_7128,12208.411
00bbac68_7129,12208.463
00bbac68_7130,12208.467
00bbac68_7131,12208.422
00bbac68_7132,12208.458
00bbac68_7133,12208.435
00bbac68_7134,12208.455
00bbac68_7135,12208.463
00bbac68_7136,12208.441
00bbac68_7137,12208.458
00bbac68_7138,12208.3955
00bbac68_7139,12208.449
00bbac68_7140,12208.431
00bbac68_7141,12208.376
00bbac68_7142,12208.433
00bbac68_7143,12208.39
00bbac68_7144,12208.417
00bbac68_7145,12208.414
00bbac68_7146,12208.382
00bbac68_7147,12208.428
00bbac68_7148,12208.411
00bbac68_7149,12208.393
00bbac68_7150,12208.406
00bbac68_7151,12208.416
00bbac68_7152,12208.434
00bbac68_7153,12208.417
00bbac68_7154,12208.378
00bbac68_7155,12208.437
00bbac68_7156,12208.377
00bbac68_7157,12208.418
00bbac68_7158,12208.418
00bbac68_7159,12208.5
00bbac68_7160,12208.842
00bbac68_7161,12208.783
00bbac68_7162,12208.833
00bbac68_7163,12208.829
00bbac68_7164,12208.791
00bbac68_7165,12208.822
00bbac68_7166,12208.734
00bbac68_7167,12208.878
00bbac68_7168,12208.872
00bbac68_7169,12208.838
00bbac68_7170,12208.853
00bbac68_7171,12208.702
00bbac68_7172,12208.686
00bbac68_7173,12208.846
00bbac68_7174,12208.835
00bbac68_7175,12208.917
00bbac68_7176,12208.91
00bbac68_7177,12208.887
00bbac68_7178,12208.927
00bbac68_7179,12208.931
00bbac68_7180,12208.893
00bbac68_7181,12208.919
00bbac68_7182,12208.915
00bbac68_7183,12208.886
00bbac68_7184,12208.908
00bbac68_7185,12208.91
00bbac68_7186,12208.91
00bbac68_7187,12208.888
00bbac68_7188,12208.927
00bbac68_7189,12208.937
00bbac68_7190,12208.947
00bbac68_7191,12208.922
00bbac68_7192,12208.944
00bbac68_7193,12208.933
00bbac68_7194,12208.942
00bbac68_7195,12208.926
00bbac68_7196,12208.949
00bbac68_7197,12208.933
00bbac68_7198,12208.94
00bbac68_7199,12208.941
00bbac68_7200,12208.885
00bbac68_7201,12208.927
00bbac68_7202,12208.925
00bbac68_7203,12208.911
00bbac68_7204,12208.8955
00bbac68_7205,12208.899
00bbac68_7206,12208.904
00bbac68_7207,12208.895
00bbac68_7208,12208.8545
00bbac68_7209,12208.895
00bbac68_7210,12208.8955
00bbac68_7211,12208.894
00bbac68_7212,12208.877
00bbac68_7213,12208.881
00bbac68_7214,12208.87
00bbac68_7215,12208.869
00bbac68_7216,12208.864
00bbac68_7217,12208.866
00bbac68_7218,12208.875
00bbac68_7219,12208.865
00bbac68_7220,12208.881
00bbac68_7221,12208.882
00bbac68_7222,12208.881
00bbac68_7223,12208.873
00bbac68_7224,12208.859
00bbac68_7225,12208.613
00bbac68_7226,12208.608
00bbac68_7227,12208.686
00bbac68_7228,12208.655
00bbac68_7229,12208.554
00bbac68_7230,12208.514
00bbac68_7231,12208.512
00bbac68_7232,12208.6
00bbac68_7233,12208.755
00bbac68_7234,12208.728
00bbac68_7235,12208.609
00bbac68_7236,12208.581
00bbac68_7237,12208.634
00bbac68_7238,12208.766
00bbac68_7239,12208.731
00bbac68_7240,12208.694
00bbac68_7241,12208.6045
00bbac68_7242,12208.548
00bbac68_7243,12208.422
00bbac68_7244,12208.406
00bbac68_7245,12208.432
00bbac68_7246,12208.521
00bbac68_7247,12208.606
00bbac68_7248,12208.599
00bbac68_7249,12208.599
00bbac68_7250,12208.572
00bbac68_7251,12208.592
00bbac68_7252,12208.61
00bbac68_7253,12208.648
00bbac68_7254,12208.519
00bbac68_7255,12208.389
00bbac68_7256,12208.383
00bbac68_7257,12208.372
00bbac68_7258,12208.372
00bbac68_7259,12208.382
00bbac68_7260,12208.467
00bbac68_7261,12208.472
00bbac68_7262,12208.402
00bbac68_7263,12208.396
00bbac68_7264,12208.407
00bbac68_7265,12208.405
00bbac68_7266,12208.409
00bbac68_7267,12208.409
00bbac68_7268,12208.413
00bbac68_7269,12208.412
00bbac68_7270,12208.425
00bbac68_7271,12208.433
00bbac68_7272,12208.425
00bbac68_7273,12208.462
00bbac68_7274,12208.439
00bbac68_7275,12208.448
00bbac68_7276,12208.442
00bbac68_7277,12208.472
00bbac68_7278,12208.47
00bbac68_7279,12208.436
00bbac68_7280,12208.44
00bbac68_7281,12208.44
00bbac68_7282,12208.46
00bbac68_7283,12208.436
00bbac68_7284,12208.434
00bbac68_7285,12208.426
00bbac68_7286,12208.438
00bbac68_7287,12208.432
00bbac68_7288,12208.438
00bbac68_7289,12208.618
00bbac68_7290,12208.504
00bbac68_7291,12208.471
00bbac68_7292,12208.463
00bbac68_7293,12208.468
00bbac68_7294,12208.461
00bbac68_7295,12208.486
00bbac68_7296,12208.455
00bbac68_7297,12208.475
00bbac68_7298,12208.473
00bbac68_7299,12208.542
00bbac68_7300,12208.676
00bbac68_7301,12208.942
00bbac68_7302,12208.952
00bbac68_7303,12208.594
00bbac68_7304,12208.598
00bbac68_7305,12208.583
00bbac68_7306,12208.586
00bbac68_7307,12208.623
00bbac68_7308,12208.623
00bbac68_7309,12208.602
00bbac68_7310,12208.609
00bbac68_7311,12208.805
00bbac68_7312,12208.995
00bbac68_7313,12209.017
00bbac68_7314,12209.001
00bbac68_7315,12208.616
00bbac68_7316,12208.58
00bbac68_7317,12208.617
00bbac68_7318,12208.632
00bbac68_7319,12208.623
00bbac68_7320,12208.612
00bbac68_7321,12208.619
00bbac68_7322,12208.628
00bbac68_7323,12209.01
00bbac68_7324,12208.875
00bbac68_7325,12208.746
00bbac68_7326,12208.656
00bbac68_7327,12208.646
00bbac68_7328,12208.653
00bbac68_7329,12208.646
00bbac68_7330,12208.586
00bbac68_7331,12208.644
00bbac68_7332,12208.625
00bbac68_7333,12208.628
00bbac68_7334,12208.601
00bbac68_7335,12208.679
00bbac68_7336,12209.058
00bbac68_7337,12208.694
00bbac68_7338,12208.654
00bbac68_7339,12208.696
00bbac68_7340,12208.891
00bbac68_7341,12209.058
00bbac68_7342,12209.039
00bbac68_7343,12209.105
00bbac68_7344,12209.047
00bbac68_7345,12209.08
00bbac68_7346,12208.936
00bbac68_7347,12208.858
00bbac68_7348,12208.828
00bbac68_7349,12208.684
00bbac68_7350,12208.705
00bbac68_7351,12208.659
00bbac68_7352,12208.697
00bbac68_7353,12208.641
00bbac68_7354,12208.695
00bbac68_7355,12208.675
00bbac68_7356,12208.716
00bbac68_7357,12208.664
00bbac68_7358,12208.702
00bbac68_7359,12208.669
00bbac68_7360,12208.709
00bbac68_7361,12208.675
00bbac68_7362,12208.696
00bbac68_7363,12208.721
00bbac68_7364,12208.68
00bbac68_7365,12208.735
00bbac68_7366,12208.706
00bbac68_7367,12208.714
00bbac68_7368,12208.75
00bbac68_7369,12208.807
00bbac68_7370,12208.866
00bbac68_7371,12208.768
00bbac68_7372,12208.714
00bbac68_7373,12208.757
00bbac68_7374,12208.722
00bbac68_7375,12208.731
00bbac68_7376,12208.781
00bbac68_7377,12208.79
00bbac68_7378,12208.998
00bbac68_7379,12209.187
00bbac68_7380,12209.059
00bbac68_7381,12208.817
00bbac68_7382,12208.786
00bbac68_7383,12208.793
00bbac68_7384,12208.772
00bbac68_7385,12208.773
00bbac68_7386,12208.805
00bbac68_7387,12208.762
00bbac68_7388,12208.7705
00bbac68_7389,12208.77
00bbac68_7390,12208.785
00bbac68_7391,12208.76
00bbac68_7392,12208.788
00bbac68_7393,12208.751
00bbac68_7394,12208.813
00bbac68_7395,12208.793
00bbac68_7396,12208.8
00bbac68_7397,12208.789
00bbac68_7398,12208.847
00bbac68_7399,12208.794
00bbac68_7400,12208.805
00bbac68_7401,12208.811
00bbac68_7402,12208.807
00bbac68_7403,12208.773
00bbac68_7404,12208.86
00bbac68_7405,12208.826
00bbac68_7406,12208.833
00bbac68_7407,12208.82
00bbac68_7408,12208.833
00bbac68_7409,12208.808
00bbac68_7410,12208.882
00bbac68_7411,12208.845
00bbac68_7412,12208.847
00bbac68_7413,12208.859
00bbac68_7414,12208.814
00bbac68_7415,12208.857
00bbac68_7416,12208.856
00bbac68_7417,12208.858
00bbac68_7418,12208.905
00bbac68_7419,12208.825
00bbac68_7420,12208.866
00bbac68_7421,12208.856
00bbac68_7422,12208.863
00bbac68_7423,12208.835
00bbac68_7424,12208.836
00bbac68_7425,12208.836
00bbac68_7426,12208.835
00bbac68_7427,12208.811
00bbac68_7428,12208.855
00bbac68_7429,12208.849
00bbac68_7430,12208.795
00bbac68_7431,12208.822
00bbac68_7432,12208.8125
00bbac68_7433,12208.79
00bbac68_7434,12208.823
00bbac68_7435,12208.834
00bbac68_7436,12208.832
00bbac68_7437,12208.819
00bbac68_7438,12208.847
00bbac68_7439,12208.814
00bbac68_7440,12208.856
00bbac68_7441,12208.846
00bbac68_7442,12208.825
00bbac68_7443,12209.117
00bbac68_7444,12209.097
00bbac68_7445,12209.073
00bbac68_7446,12209.031
00bbac68_7447,12208.998
00bbac68_7448,12209.044
00bbac68_7449,12209.005
00bbac68_7450,12208.971
00bbac68_7451,12209.013
00bbac68_7452,12208.973
00bbac68_7453,12209.017
00bbac68_7454,12208.987
00bbac68_7455,12208.996
00bbac68_7456,12209.031
00bbac68_7457,12209.009
00bbac68_7458,12208.991
00bbac68_7459,12209.204
00bbac68_7460,12209.361
00bbac68_7461,12209.061
00bbac68_7462,12209.0
00bbac68_7463,12208.992
00bbac68_7464,12208.966
00bbac68_7465,12209.011
00bbac68_7466,12208.953
00bbac68_7467,12208.986
00bbac68_7468,12208.972
00bbac68_7469,12209.024
00bbac68_7470,12209.0625
00bbac68_7471,12209.353
00bbac68_7472,12209.401
00bbac68_7473,12209.346
00bbac68_7474,12209.397
00bbac68_7475,12209.385
00bbac68_7476,12209.242
00bbac68_7477,12209.427
00bbac68_7478,12209.433
00bbac68_7479,12209.356
00bbac68_7480,12209.381
00bbac68_7481,12209.345
00bbac68_7482,12209.271
00bbac68_7483,12209.438
00bbac68_7484,12209.374
00bbac68_7485,12209.426
00bbac68_7486,12209.531
00bbac68_7487,12209.482
00bbac68_7488,12209.527
00bbac68_7489,12209.523
00bbac68_7490,12209.488
00bbac68_7491,12209.53
00bbac68_7492,12209.535
00bbac68_7493,12209.498
00bbac68_7494,12209.531
00bbac68_7495,12209.553
00bbac68_7496,12209.504
00bbac68_7497,12209.554
00bbac68_7498,12209.457
00bbac68_7499,12209.425
00bbac68_7500,12209.468
00bbac68_7501,12209.477
00bbac68_7502,12209.534
00bbac68_7503,12209.493
00bbac68_7504,12209.529
00bbac68_7505,12209.554
00bbac68_7506,12209.526
00bbac68_7507,12209.554
00bbac68_7508,12209.557
00bbac68_7509,12209.593
00bbac68_7510,12209.509
00bbac68_7511,12209.545
00bbac68_7512,12209.559
00bbac68_7513,12209.55
00bbac68_7514,12209.579
00bbac68_7515,12209.547
00bbac68_7516,12209.509
00bbac68_7517,12209.439
00bbac68_7518,12209.37
00bbac68_7519,12209.658
00bbac68_7520,12209.717
00bbac68_7521,12209.527
00bbac68_7522,12209.324
00bbac68_7523,12209.665
00bbac68_7524,12209.703
00bbac68_7525,12209.716
00bbac68_7526,12209.683
00bbac68_7527,12209.413
00bbac68_7528,12209.611
00bbac68_7529,12209.75
00bbac68_7530,12209.773
00bbac68_7531,12209.635
00bbac68_7532,12209.648
00bbac68_7533,12209.627
00bbac68_7534,12209.59
00bbac68_7535,12209.625
00bbac68_7536,12209.605
00bbac68_7537,12209.745
00bbac68_7538,12209.6455
00bbac68_7539,12209.579
00bbac68_7540,12209.504
00bbac68_7541,12209.568
00bbac68_7542,12209.512
00bbac68_7543,12209.557
00bbac68_7544,12209.533
00bbac68_7545,12209.602
00bbac68_7546,12209.601
00bbac68_7547,12209.64
00bbac68_7548,12209.53
00bbac68_7549,12209.597
00bbac68_7550,12209.685
00bbac68_7551,12209.564
00bbac68_7552,12209.573
00bbac68_7553,12209.574
00bbac68_7554,12209.566
00bbac68_7555,12209.579
00bbac68_7556,12209.659
00bbac68_7557,12209.606
00bbac68_7558,12209.592
00e12e8b_2083,11607.1
00e12e8b_2084,11607.155
00e12e8b_2085,11607.17
00e12e8b_2086,11607.203
00e12e8b_2087,11607.206
00e12e8b_2088,11607.203
00e12e8b_2089,11607.226
00e12e8b_2090,11607.22
00e12e8b_2091,11607.236
00e12e8b_2092,11607.224
00e12e8b_2093,11607.253
00e12e8b_2094,11607.249
00e12e8b_2095,11607.254
00e12e8b_2096,11607.256
00e12e8b_2097,11607.269
00e12e8b_2098,11607.274
00e12e8b_2099,11607.2705
00e12e8b_2100,11607.28
00e12e8b_2101,11607.29
00e12e8b_2102,11607.295
00e12e8b_2103,11607.304
00e12e8b_2104,11607.311
00e12e8b_2105,11607.312
00e12e8b_2106,11607.316
00e12e8b_2107,11607.321
00e12e8b_2108,11607.322
00e12e8b_2109,11607.32
00e12e8b_2110,11607.327
00e12e8b_2111,11607.332
00e12e8b_2112,11607.35
00e12e8b_2113,11607.36
00e12e8b_2114,11607.367
00e12e8b_2115,11607.372
00e12e8b_2116,11607.387
00e12e8b_2117,11607.383
00e12e8b_2118,11607.407
00e12e8b_2119,11607.396
00e12e8b_2120,11607.4
00e12e8b_2121,11607.41
00e12e8b_2122,11607.402
00e12e8b_2123,11607.41
00e12e8b_2124,11607.42
00e12e8b_2125,11607.438
00e12e8b_2126,11607.419
00e12e8b_2127,11607.435
00e12e8b_2128,11607.437
00e12e8b_2129,11607.429
00e12e8b_2130,11607.439
00e12e8b_2131,11607.463
00e12e8b_2132,11607.455
00e12e8b_2133,11607.48
00e12e8b_2134,11607.484
00e12e8b_2135,11607.466
00e12e8b_2136,11607.471
00e12e8b_2137,11607.474
00e12e8b_2138,11607.472
00e12e8b_2139,11607.489
00e12e8b_2140,11607.494
00e12e8b_2141,11607.498
00e12e8b_2142,11607.499
00e12e8b_2143,11607.546
00e12e8b_2144,11607.567
00e12e8b_2145,11607.56
00e12e8b_2146,11607.555
00e12e8b_2147,11607.553
00e12e8b_2148,11607.55
00e12e8b_2149,11607.552
00e12e8b_2150,11607.557
00e12e8b_2151,11607.559
00e12e8b_2152,11607.566
00e12e8b_2153,11607.571
00e12e8b_2154,11607.579
00e12e8b_2155,11607.59
00e12e8b_2156,11607.589
00e12e8b_2157,11607.582
00e12e8b_2158,11607.576
00e12e8b_2159,11607.585
00e12e8b_2160,11607.584
00e12e8b_2161,11607.591
00e12e8b_2162,11607.583
00e12e8b_2163,11607.575
00e12e8b_2164,11607.575
00e12e8b_2165,11607.574
00e12e8b_2166,11607.589
00e12e8b_2167,11607.584
00e12e8b_2168,11607.576
00e12e8b_2169,11607.6
00e12e8b_2170,11607.583
00e12e8b_2171,11607.596
00e12e8b_2172,11607.55
00e12e8b_2173,11607.566
00e12e8b_2174,11607.541
00e12e8b_2175,11607.537
00e12e8b_2176,11607.525
00e12e8b_2177,11607.55
00e12e8b_2178,11607.547
00e12e8b_2179,11607.538
00e12e8b_2180,11607.55
00e12e8b_2181,11607.555
00e12e8b_2182,11607.565
00e12e8b_2183,11607.565
00e12e8b_2184,11607.567
00e12e8b_2185,11607.694
00e12e8b_2186,11607.694
00e12e8b_2187,11607.698
00e12e8b_2188,11607.696
00e12e8b_2189,11607.68
00e12e8b_2190,11607.663
00e12e8b_2191,11607.677
00e12e8b_2192,11607.677
00e12e8b_2193,11607.667
00e12e8b_2194,11607.669
00e12e8b_2195,11607.68
00e12e8b_2196,11607.687
00e12e8b_2197,11607.6875
00e12e8b_2198,11607.708
00e12e8b_2199,11607.703
00e12e8b_2200,11607.706
00e12e8b_2201,11607.723
00e12e8b_2202,11607.7
00e12e8b_2203,11607.719
00e12e8b_2204,11607.715
00e12e8b_2205,11607.719
00e12e8b_2206,11607.726
00e12e8b_2207,11607.729
00e12e8b_2208,11607.733
00e12e8b_2209,11607.737
00e12e8b_2210,11607.74
00e12e8b_2211,11607.744
00e12e8b_2212,11607.75
00e12e8b_2213,11607.752
00e12e8b_2214,11607.758
00e12e8b_2215,11607.762
00e12e8b_2216,11607.767
00e12e8b_2217,11607.768
00e12e8b_2218,11607.7705
00e12e8b_2219,11607.778
00e12e8b_2220,11607.782
00e12e8b_2221,11607.788
00e12e8b_2222,11607.795
00e12e8b_2223,11607.799
00e12e8b_2224,11607.806
00e12e8b_2225,11607.811
00e12e8b_2226,11607.814
00e12e8b_2227,11607.818
00e12e8b_2228,11607.822
00e12e8b_2229,11607.825
00e12e8b_2230,11607.828
00e12e8b_2231,11607.837
00e12e8b_2232,11607.833
00e12e8b_2233,11607.826
00e12e8b_2234,11607.836
00e12e8b_2235,11607.84
00e12e8b_2236,11607.851
00e12e8b_2237,11607.855
00e12e8b_2238,11607.864
00e12e8b_2239,11607.874
00e12e8b_2240,11607.874
00e12e8b_2241,11607.887
00e12e8b_2242,11607.894
00e12e8b_2243,11607.893
00e12e8b_2244,11607.887
00e12e8b_2245,11607.891
00e12e8b_2246,11607.885
00e12e8b_2247,11607.904
00e12e8b_2248,11607.892
00e12e8b_2249,11607.899
00e12e8b_2250,11607.911
00e12e8b_2251,11607.916
00e12e8b_2252,11607.92
00e12e8b_2253,11607.92
00e12e8b_2254,11607.928
00e12e8b_2255,11607.932
00e12e8b_2256,11607.925
00e12e8b_2257,11607.942
00e12e8b_2258,11607.945
00e12e8b_2259,11607.94
00e12e8b_2260,11607.945
00e12e8b_2261,11607.951
00e12e8b_2262,11607.974
00e12e8b_2263,11607.979
00e12e8b_2264,11607.98
00e12e8b_2265,11607.985
00e12e8b_2266,11607.99
00e12e8b_2267,11607.992
00e12e8b_2268,11607.975
00e12e8b_2269,11607.982
00e12e8b_2270,11607.986
00e12e8b_2271,11607.986
00e12e8b_2272,11607.992
00e12e8b_2273,11607.995
00e12e8b_2274,11608.007
00e12e8b_2275,11608.01
00e12e8b_2276,11608.003
00e12e8b_2277,11608.006
00e12e8b_2278,11608.018
00e12e8b_2279,11608.011
00e12e8b_2280,11608.009
00e12e8b_2281,11608.02
00e12e8b_2282,11608.021
00e12e8b_2283,11608.031
00e12e8b_2284,11608.027
00e12e8b_2285,11608.037
00e12e8b_2286,11608.034
00e12e8b_2287,11608.208
00e12e8b_2288,11608.214
00e12e8b_2289,11608.208
00e12e8b_2290,11608.221
00e12e8b_2291,11608.22
00e12e8b_2292,11608.21
00e12e8b_2293,11608.242
00e12e8b_2294,11608.219
00e12e8b_2295,11608.225
00e12e8b_2296,11608.223
00e12e8b_2297,11608.229
00e12e8b_2298,11608.235
00e12e8b_2299,11608.216
00e12e8b_2300,11608.211
00e12e8b_2301,11608.208
00e12e8b_2302,11608.227
00e12e8b_2303,11608.23
00e12e8b_2304,11608.23
00e12e8b_2305,11608.233
00e12e8b_2306,11608.224
00e12e8b_2307,11608.229
00e12e8b_2308,11608.226
00e12e8b_2309,11608.231
00e12e8b_2310,11608.23
00e12e8b_2311,11608.239
00e12e8b_2312,11608.248
00e12e8b_2313,11608.248
00e12e8b_2314,11608.256
00e12e8b_2315,11608.259
00e12e8b_2316,11608.264
00e12e8b_2317,11608.269
00e12e8b_2318,11608.27
00e12e8b_2319,11608.275
00e12e8b_2320,11608.27
00e12e8b_2321,11608.282
00e12e8b_2322,11608.29
00e12e8b_2323,11608.282
00e12e8b_2324,11608.293
00e12e8b_2325,11608.299
00e12e8b_2326,11608.291
00e12e8b_2327,11608.299
00e12e8b_2328,11608.307
00e12e8b_2329,11608.309
00e12e8b_2330,11608.308
00e12e8b_2331,11608.3125
00e12e8b_2332,11608.317
00e12e8b_2333,11608.317
00e12e8b_2334,11608.327
00e12e8b_2335,11608.33
00e12e8b_2336,11608.316
00e12e8b_2337,11608.32
00e12e8b_2338,11608.339
00e12e8b_2339,11608.326
00e12e8b_2340,11608.342
00e12e8b_2341,11608.349
00e12e8b_2342,11608.341
00e12e8b_2343,11608.339
00e12e8b_2344,11608.357
00e12e8b_2345,11608.355
00e12e8b_2346,11608.353
00e12e8b_2347,11608.359
00e12e8b_2348,11608.368
00e12e8b_2349,11608.357
00e12e8b_2350,11608.379
00e12e8b_2351,11608.373
00e12e8b_2352,11608.378
00e12e8b_2353,11608.384
00e12e8b_2354,11608.393
00e12e8b_2355,11608.397
00e12e8b_2356,11608.399
00e12e8b_2357,11608.414
00e12e8b_2358,11608.403
00e12e8b_2359,11608.405
00e12e8b_2360,11608.41
00e12e8b_2361,11608.417
00e12e8b_2362,11608.419
00e12e8b_2363,11608.418
00e12e8b_2364,11608.418
00e12e8b_2365,11608.419
00e12e8b_2366,11608.426
00e12e8b_2367,11608.434
00e12e8b_2368,11608.435
00e12e8b_2369,11608.449
00e12e8b_2370,11608.441
00e12e8b_2371,11608.448
00e12e8b_2372,11608.457
00e12e8b_2373,11608.457
00e12e8b_2374,11608.475
00e12e8b_2375,11608.47
00e12e8b_2376,11608.48
00e12e8b_2377,11608.492
00e12e8b_2378,11608.482
00e12e8b_2379,11608.49
00e12e8b_2380,11608.49
00e12e8b_2381,11608.496
00e12e8b_2382,11608.498
00e12e8b_2383,11608.504
00e12e8b_2384,11608.514
00e12e8b_2385,11608.518
00e12e8b_2386,11608.516
00e12e8b_2387,11608.521
00e12e8b_2388,11608.537
00e12e8b_2389,11608.535
00e12e8b_2390,11608.715
00e12e8b_2391,11608.712
00e12e8b_2392,11608.718
00e12e8b_2393,11608.723
00e12e8b_2394,11608.729
00e12e8b_2395,11608.753
00e12e8b_2396,11608.749
00e12e8b_2397,11608.755
00e12e8b_2398,11608.7705
00e12e8b_2399,11608.757
00e12e8b_2400,11608.761
00e12e8b_2401,11608.774
00e12e8b_2402,11608.784
00e12e8b_2403,11608.786
00e12e8b_2404,11608.802
00e12e8b_2405,11608.793
00e12e8b_2406,11608.811
00e12e8b_2407,11608.806
00e12e8b_2408,11608.807
00e12e8b_2409,11608.819
00e12e8b_2410,11608.813
00e12e8b_2411,11608.818
00e12e8b_2412,11608.829
00e12e8b_2413,11608.837
00e12e8b_2414,11608.838
00e12e8b_2415,11608.853
00e12e8b_2416,11608.841
00e12e8b_2417,11608.852
00e12e8b_2418,11608.851
00e12e8b_2419,11608.864
00e12e8b_2420,11608.883
00e12e8b_2421,11608.879
00e12e8b_2422,11608.892
00e12e8b_2423,11608.889
00e12e8b_2424,11608.898
00e12e8b_2425,11608.891
00e12e8b_2426,11608.896
00e12e8b_2427,11608.888
00e12e8b_2428,11608.894
00e12e8b_2429,11608.898
00e12e8b_2430,11608.896
00e12e8b_2431,11608.893
00e12e8b_2432,11608.91
00e12e8b_2433,11608.904
00e12e8b_2434,11608.917
00e12e8b_2435,11608.929
00e12e8b_2436,11608.916
00e12e8b_2437,11608.921
00e12e8b_2438,11608.937
00e12e8b_2439,11608.943
00e12e8b_2440,11608.962
00e12e8b_2441,11608.938
00e12e8b_2442,11608.946
00e12e8b_2443,11608.949
00e12e8b_2444,11608.96
00e12e8b_2445,11608.949
00e12e8b_2446,11608.96
00e12e8b_2447,11608.959
00e12e8b_2448,11608.969
00e12e8b_2449,11608.967
00e12e8b_2450,11608.974
00e12e8b_2451,11608.964
00e12e8b_2452,11608.972
00e12e8b_2453,11608.981
00e12e8b_2454,11608.985
00e12e8b_2455,11608.973
00e12e8b_2456,11608.986
00e12e8b_2457,11608.986
00e12e8b_2458,11608.977
00e12e8b_2459,11608.994
00e12e8b_2460,11608.967
00e12e8b_2461,11608.982
00e12e8b_2462,11609.002
00e12e8b_2463,11609.007
00e12e8b_2464,11609.02
00e12e8b_2465,11609.013
00e12e8b_2466,11609.011
00e12e8b_2467,11609.019
00e12e8b_2468,11608.986
00e12e8b_2469,11608.979
00e12e8b_2470,11608.969
00e12e8b_2471,11608.987
00e12e8b_2472,11608.992
00e12e8b_2473,11608.985
00e12e8b_2474,11608.9795
00e12e8b_2475,11608.96
00e12e8b_2476,11608.984
00e12e8b_2477,11608.968
00e12e8b_2478,11608.978
00e12e8b_2479,11608.977
00e12e8b_2480,11608.9795
00e12e8b_2481,11608.983
00e12e8b_2482,11609.003
00e12e8b_2483,11609.002
00e12e8b_2484,11608.98
00e12e8b_2485,11608.984
00e12e8b_2486,11608.994
00e12e8b_2487,11609.001
00e12e8b_2488,11608.993
00e12e8b_2489,11609.005
00e12e8b_2490,11609.023
00e12e8b_2491,11609.015
00e12e8b_2492,11608.997
00e12e8b_2493,11609.156
00e12e8b_2494,11609.17
00e12e8b_2495,11609.18
00e12e8b_2496,11609.179
00e12e8b_2497,11609.187
00e12e8b_2498,11609.184
00e12e8b_2499,11609.195
00e12e8b_2500,11609.195
00e12e8b_2501,11609.185
00e12e8b_2502,11609.183
00e12e8b_2503,11609.187
00e12e8b_2504,11609.201
00e12e8b_2505,11609.204
00e12e8b_2506,11609.2
00e12e8b_2507,11609.202
00e12e8b_2508,11609.209
00e12e8b_2509,11609.206
00e12e8b_2510,11609.209
00e12e8b_2511,11609.228
00e12e8b_2512,11609.228
00e12e8b_2513,11609.215
00e12e8b_2514,11609.23
00e12e8b_2515,11609.232
00e12e8b_2516,11609.254
00e12e8b_2517,11609.25
00e12e8b_2518,11609.233
00e12e8b_2519,11609.253
00e12e8b_2520,11609.264
00e12e8b_2521,11609.25
00e12e8b_2522,11609.26
00e12e8b_2523,11609.246
00e12e8b_2524,11609.259
00e12e8b_2525,11609.2705
00e12e8b_2526,11609.256
00e12e8b_2527,11609.258
00e12e8b_2528,11609.25
00e12e8b_2529,11609.259
00e12e8b_2530,11609.256
00e12e8b_2531,11609.258
00e12e8b_2532,11609.244
00e12e8b_2533,11609.22
00e12e8b_2534,11609.221
00e12e8b_2535,11609.2295
00e12e8b_2536,11609.225
00e12e8b_2537,11609.249
00e12e8b_2538,11609.246
00e12e8b_2539,11609.235
00e12e8b_2540,11609.241
00e12e8b_2541,11609.256
00e12e8b_2542,11609.249
00e12e8b_2543,11609.244
00e12e8b_2544,11609.241
00e12e8b_2545,11609.238
00e12e8b_2546,11609.252
00e12e8b_2547,11609.234
00e12e8b_2548,11609.227
00e12e8b_2549,11609.232
00e12e8b_2550,11609.231
00e12e8b_2551,11609.23
00e12e8b_2552,11609.196
00e12e8b_2553,11609.211
00e12e8b_2554,11609.213
00e12e8b_2555,11609.2
00e12e8b_2556,11609.196
00e12e8b_2557,11609.21
00e12e8b_2558,11609.199
00e12e8b_2559,11609.204
00e12e8b_2560,11609.194
00e12e8b_2561,11609.204
00e12e8b_2562,11609.202
00e12e8b_2563,11609.193
00e12e8b_2564,11609.195
00e12e8b_2565,11609.205
00e12e8b_2566,11609.209
00e12e8b_2567,11609.202
00e12e8b_2568,11609.204
00e12e8b_2569,11609.211
00e12e8b_2570,11609.21
00e12e8b_2571,11609.22
00e12e8b_2572,11609.221
00e12e8b_2573,11609.214
00e12e8b_2574,11609.223
00e12e8b_2575,11609.219
00e12e8b_2576,11609.219
00e12e8b_2577,11609.216
00e12e8b_2578,11609.23
00e12e8b_2579,11609.2295
00e12e8b_2580,11609.231
00e12e8b_2581,11609.234
00e12e8b_2582,11609.243
00e12e8b_2583,11609.195
00e12e8b_2584,11609.185
00e12e8b_2585,11609.1875
00e12e8b_2586,11609.187
00e12e8b_2587,11609.18
00e12e8b_2588,11609.181
00e12e8b_2589,11609.186
00e12e8b_2590,11609.191
00e12e8b_2591,11609.185
00e12e8b_2592,11609.196
00e12e8b_2593,11609.198
00e12e8b_2594,11609.193
00e12e8b_2595,11609.196
00e12e8b_2596,11609.338
00e12e8b_2597,11609.338
00e12e8b_2598,11609.34
00e12e8b_2599,11609.334
00e12e8b_2600,11609.347
00e12e8b_2601,11609.348
00e12e8b_2602,11609.344
00e12e8b_2603,11609.354
00e12e8b_2604,11609.36
00e12e8b_2605,11609.365
00e12e8b_2606,11609.363
00e12e8b_2607,11609.364
00e12e8b_2608,11609.366
00e12e8b_2609,11609.359
00e12e8b_2610,11609.36
00e12e8b_2611,11609.377
00e12e8b_2612,11609.359
00e12e8b_2613,11609.361
00e12e8b_2614,11609.369
00e12e8b_2615,11609.351
00e12e8b_2616,11609.355
00e12e8b_2617,11609.352
00e12e8b_2618,11609.348
00e12e8b_2619,11609.351
00e12e8b_2620,11609.353
00e12e8b_2621,11609.351
00e12e8b_2622,11609.36
00e12e8b_2623,11609.353
00e12e8b_2624,11609.342
00e12e8b_2625,11609.353
00e12e8b_2626,11609.344
00e12e8b_2627,11609.324
00e12e8b_2628,11609.327
00e12e8b_2629,11609.337
00e12e8b_2630,11609.329
00e12e8b_2631,11609.321
00e12e8b_2632,11609.32
00e12e8b_2633,11609.306
00e12e8b_2634,11609.303
00e12e8b_2635,11609.306
00e12e8b_2636,11609.314
00e12e8b_2637,11609.287
00e12e8b_2638,11609.287
00e12e8b_2639,11609.292
00e12e8b_2640,11609.265
00e12e8b_2641,11609.261
00e12e8b_2642,11609.251
00e12e8b_2643,11609.26
00e12e8b_2644,11609.255
00e12e8b_2645,11609.239
00e12e8b_2646,11609.234
00e12e8b_2647,11609.228
00e12e8b_2648,11609.2295
00e12e8b_2649,11609.225
00e12e8b_2650,11609.212
00e12e8b_2651,11609.22
00e12e8b_2652,11609.198
00e12e8b_2653,11609.184
00e12e8b_2654,11609.177
00e12e8b_2655,11609.173
00e12e8b_2656,11609.166
00e12e8b_2657,11609.166
00e12e8b_2658,11609.161
00e12e8b_2659,11609.176
00e12e8b_2660,11609.164
00e12e8b_2661,11609.15
00e12e8b_2662,11609.139
00e12e8b_2663,11609.138
00e12e8b_2664,11609.143
00e12e8b_2665,11609.128
00e12e8b_2666,11609.136
00e12e8b_2667,11609.13
00e12e8b_2668,11609.131
00e12e8b_2669,11609.138
00e12e8b_2670,11609.136
00e12e8b_2671,11609.113
00e12e8b_2672,11609.115
00e12e8b_2673,11609.138
00e12e8b_2674,11609.138
00e12e8b_2675,11609.143
00e12e8b_2676,11609.132
00e12e8b_2677,11609.127
00e12e8b_2678,11609.134
00e12e8b_2679,11609.131
00e12e8b_2680,11609.133
00e12e8b_2681,11609.1455
00e12e8b_2682,11609.147
00e12e8b_2683,11609.157
00e12e8b_2684,11609.1455
00e12e8b_2685,11609.137
00e12e8b_2686,11609.131
00e12e8b_2687,11609.142
00e12e8b_2688,11609.139
00e12e8b_2689,11609.133
00e12e8b_2690,11609.143
00e12e8b_2691,11609.125
00e12e8b_2692,11609.139
00e12e8b_2693,11609.132
00e12e8b_2694,11609.138
00e12e8b_2695,11609.127
00e12e8b_2696,11609.098
00e12e8b_2697,11609.083
00e12e8b_2698,11609.219
00e12e8b_2699,11609.208
00e12e8b_2700,11609.222
00e12e8b_2701,11609.215
00e12e8b_2702,11609.206
00e12e8b_2703,11609.214
00e12e8b_2704,11609.202
00e12e8b_2705,11609.21
00e12e8b_2706,11609.213
00e12e8b_2707,11609.195
00e12e8b_2708,11609.206
00e12e8b_2709,11609.206
00e12e8b_2710,11609.207
00e12e8b_2711,11609.19
00e12e8b_2712,11609.202
00e12e8b_2713,11609.195
00e12e8b_2714,11609.193
00e12e8b_2715,11609.1875
00e12e8b_2716,11609.1875
00e12e8b_2717,11609.179
00e12e8b_2718,11609.175
00e12e8b_2719,11609.162
00e12e8b_2720,11609.18
00e12e8b_2721,11609.176
00e12e8b_2722,11609.174
00e12e8b_2723,11609.175
00e12e8b_2724,11609.162
00e12e8b_2725,11609.157
00e12e8b_2726,11609.16
00e12e8b_2727,11609.163
00e12e8b_2728,11609.157
00e12e8b_2729,11609.16
00e12e8b_2730,11609.157
00e12e8b_2731,11609.14
00e12e8b_2732,11609.157
00e12e8b_2733,11609.141
00e12e8b_2734,11609.152
00e12e8b_2735,11609.143
00e12e8b_2736,11609.14
00e12e8b_2737,11609.125
00e12e8b_2738,11609.103
00e12e8b_2739,11609.065
00e12e8b_2740,11609.064
00e12e8b_2741,11609.054
00e12e8b_2742,11609.053
00e12e8b_2743,11609.048
00e12e8b_2744,11609.047
00e12e8b_2745,11609.045
00e12e8b_2746,11609.028
00e12e8b_2747,11609.034
00e12e8b_2748,11609.027
00e12e8b_2749,11609.025
00e12e8b_2750,11609.025
00e12e8b_2751,11609.02
00e12e8b_2752,11608.999
00e12e8b_2753,11608.983
00e12e8b_2754,11608.99
00e12e8b_2755,11608.984
00e12e8b_2756,11608.967
00e12e8b_2757,11608.976
00e12e8b_2758,11608.953
00e12e8b_2759,11608.948
00e12e8b_2760,11608.941
00e12e8b_2761,11608.937
00e12e8b_2762,11608.937
00e12e8b_2763,11608.92
00e12e8b_2764,11608.909
00e12e8b_2765,11608.896
00e12e8b_2766,11608.884
00e12e8b_2767,11608.882
00e12e8b_2768,11608.862
00e12e8b_2769,11608.855
00e12e8b_2770,11608.845
00e12e8b_2771,11608.846
00e12e8b_2772,11608.794
00e12e8b_2773,11608.799
00e12e8b_2774,11608.785
00e12e8b_2775,11608.78
00e12e8b_2776,11608.77
00e12e8b_2777,11608.773
00e12e8b_2778,11608.756
00e12e8b_2779,11608.771
00e12e8b_2780,11608.758
00e12e8b_2781,11608.766
00e12e8b_2782,11608.752
00e12e8b_2783,11608.737
00e12e8b_2784,11608.759
00e12e8b_2785,11608.707
00e12e8b_2786,11608.719
00e12e8b_2787,11608.715
00e12e8b_2788,11608.705
00e12e8b_2789,11608.706
00e12e8b_2790,11608.7
00e12e8b_2791,11608.696
00e12e8b_2792,11608.708
00e12e8b_2793,11608.724
00e12e8b_2794,11608.696
00e12e8b_2795,11608.704
00e12e8b_2796,11608.684
00e12e8b_2797,11608.643
00e12e8b_2798,11608.629
00e12e8b_2799,11608.633
00e12e8b_2800,11608.832
00e12e8b_2801,11608.808
00e12e8b_2802,11608.795
00e12e8b_2803,11608.805
00e12e8b_2804,11608.788
00e12e8b_2805,11608.782
00e12e8b_2806,11608.785
00e12e8b_2807,11608.741
00e12e8b_2808,11608.739
00e12e8b_2809,11608.738
00e12e8b_2810,11608.73
00e12e8b_2811,11608.725
00e12e8b_2812,11608.728
00e12e8b_2813,11608.716
00e12e8b_2814,11608.708
00e12e8b_2815,11608.708
00e12e8b_2816,11608.701
00e12e8b_2817,11608.697
00e12e8b_2818,11608.704
00e12e8b_2819,11608.678
00e12e8b_2820,11608.685
00e12e8b_2821,11608.671
00e12e8b_2822,11608.681
00e12e8b_2823,11608.664
00e12e8b_2824,11608.654
00e12e8b_2825,11608.645
00e12e8b_2826,11608.65
00e12e8b_2827,11608.647
00e12e8b_2828,11608.631
00e12e8b_2829,11608.628
00e12e8b_2830,11608.625
00e12e8b_2831,11608.62
00e12e8b_2832,11608.628
00e12e8b_2833,11608.606
00e12e8b_2834,11608.593
00e12e8b_2835,11608.59
00e12e8b_2836,11608.588
00e12e8b_2837,11608.534
00e12e8b_2838,11608.516
00e12e8b_2839,11608.507
00e12e8b_2840,11608.494
00e12e8b_2841,11608.475
00e12e8b_2842,11608.471
00e12e8b_2843,11608.478
00e12e8b_2844,11608.449
00e12e8b_2845,11608.445
00e12e8b_2846,11608.433
00e12e8b_2847,11608.423
00e12e8b_2848,11608.421
00e12e8b_2849,11608.403
00e12e8b_2850,11608.368
00e12e8b_2851,11608.36
00e12e8b_2852,11608.3545
00e12e8b_2853,11608.331
00e12e8b_2854,11608.331
00e12e8b_2855,11608.317
00e12e8b_2856,11608.313
00e12e8b_2857,11608.294
00e12e8b_2858,11608.298
00e12e8b_2859,11608.268
00e12e8b_2860,11608.269
00e12e8b_2861,11608.242
00e12e8b_2862,11608.241
00e12e8b_2863,11608.228
00e12e8b_2864,11608.176
00e12e8b_2865,11608.149
00e12e8b_2866,11608.135
00e12e8b_2867,11608.134
00e12e8b_2868,11608.122
00e12e8b_2869,11608.093
00e12e8b_2870,11608.091
00e12e8b_2871,11608.075
00e12e8b_2872,11608.034
00e12e8b_2873,11608.036
00e12e8b_2874,11608.027
00e12e8b_2875,11608.019
00e12e8b_2876,11607.998
00e12e8b_2877,11608.0
00e12e8b_2878,11607.975
00e12e8b_2879,11607.9795
00e12e8b_2880,11607.962
00e12e8b_2881,11607.963
00e12e8b_2882,11607.951
00e12e8b_2883,11607.95
00e12e8b_2884,11607.925
00e12e8b_2885,11607.916
00e12e8b_2886,11607.912
00e12e8b_2887,11607.902
00e12e8b_2888,11607.883
00e12e8b_2889,11607.886
00e12e8b_2890,11607.859
00e12e8b_2891,11607.87
00e12e8b_2892,11607.862
00e12e8b_2893,11607.843
00e12e8b_2894,11607.834
00e12e8b_2895,11607.832
00e12e8b_2896,11607.832
00e12e8b_2897,11607.799
00e12e8b_2898,11607.798
00e12e8b_2899,11607.794
00e12e8b_2900,11607.793
00e12e8b_2901,11607.794
00e12e8b_2902,11607.78
00e12e8b_2903,11607.942
00e12e8b_2904,11607.936
00e12e8b_2905,11607.93
00e12e8b_2906,11607.918
00e12e8b_2907,11607.911
00e12e8b_2908,11607.904
00e12e8b_2909,11607.892
00e12e8b_2910,11607.887
00e12e8b_2911,11607.872
00e12e8b_2912,11607.861
00e12e8b_2913,11607.846
00e12e8b_2914,11607.852
00e12e8b_2915,11607.844
00e12e8b_2916,11607.844
00e12e8b_2917,11607.834
00e12e8b_2918,11607.754
00e12e8b_2919,11607.753
00e12e8b_2920,11607.755
00e12e8b_2921,11607.723
00e12e8b_2922,11607.737
00e12e8b_2923,11607.705
00e12e8b_2924,11607.661
00e12e8b_2925,11607.661
00e12e8b_2926,11607.646
00e12e8b_2927,11607.629
00e12e8b_2928,11607.617
00e12e8b_2929,11607.612
00e12e8b_2930,11607.585
00e12e8b_2931,11607.583
00e12e8b_2932,11607.562
00e12e8b_2933,11607.529
00e12e8b_2934,11607.515
00e12e8b_2935,11607.502
00e12e8b_2936,11607.476
00e12e8b_2937,11607.477
00e12e8b_2938,11607.457
00e12e8b_2939,11607.443
00e12e8b_2940,11607.421
00e12e8b_2941,11607.407
00e12e8b_2942,11607.393
00e12e8b_2943,11607.364
00e12e8b_2944,11607.354
00e12e8b_2945,11607.288
00e12e8b_2946,11607.264
00e12e8b_2947,11607.248
00e12e8b_2948,11607.233
00e12e8b_2949,11607.223
00e12e8b_2950,11607.203
00e12e8b_2951,11607.196
00e12e8b_2952,11607.172
00e12e8b_2953,11607.159
00e12e8b_2954,11607.135
00e12e8b_2955,11607.116
00e12e8b_2956,11607.118
00e12e8b_2957,11607.104
00e12e8b_2958,11607.094
00e12e8b_2959,11607.082
00e12e8b_2960,11607.068
00e12e8b_2961,11607.04
00e12e8b_2962,11607.041
00e12e8b_2963,11606.996
00e12e8b_2964,11607.009
00e12e8b_2965,11606.967
00e12e8b_2966,11606.946
00e12e8b_2967,11606.94
00e12e8b_2968,11606.925
00e12e8b_2969,11606.922
00e12e8b_2970,11606.8955
00e12e8b_2971,11606.889
00e12e8b_2972,11606.858
00e12e8b_2973,11606.846
00e12e8b_2974,11606.837
00e12e8b_2975,11606.819
00e12e8b_2976,11606.804
00e12e8b_2977,11606.796
00e12e8b_2978,11606.783
00e12e8b_2979,11606.768
00e12e8b_2980,11606.732
00e12e8b_2981,11606.7295
00e12e8b_2982,11606.711
00e12e8b_2983,11606.704
00e12e8b_2984,11606.707
00e12e8b_2985,11606.677
00e12e8b_2986,11606.659
00e12e8b_2987,11606.648
00e12e8b_2988,11606.629
00e12e8b_2989,11606.609
00e12e8b_2990,11606.598
00e12e8b_2991,11606.565
00e12e8b_2992,11606.519
00e12e8b_2993,11606.5
00e12e8b_2994,11606.492
00e12e8b_2995,11606.467
00e12e8b_2996,11606.449
00e12e8b_2997,11606.439
00e12e8b_2998,11606.419
00e12e8b_2999,11606.404
00e12e8b_3000,11606.391
00e12e8b_3001,11606.372
00e12e8b_3002,11606.358
00e12e8b_3003,11606.349
00e12e8b_3004,11606.283
00e12e8b_3005,11606.231
00e12e8b_3006,11606.221
00e12e8b_3007,11606.208
00e12e8b_3008,11606.385
00e12e8b_3009,11606.379
00e12e8b_3010,11606.342
00e12e8b_3011,11606.328
00e12e8b_3012,11606.311
00e12e8b_3013,11606.291
00e12e8b_3014,11606.294
00e12e8b_3015,11606.265
00e12e8b_3016,11606.24
00e12e8b_3017,11606.231
00e12e8b_3018,11606.209
00e12e8b_3019,11606.197
00e12e8b_3020,11606.183
00e12e8b_3021,11606.152
00e12e8b_3022,11606.132
00e12e8b_3023,11606.115
00e12e8b_3024,11606.098
00e12e8b_3025,11606.084
00e12e8b_3026,11606.07
00e12e8b_3027,11606.053
00e12e8b_3028,11606.028
00e12e8b_3029,11606.009
00e12e8b_3030,11605.984
00e12e8b_3031,11605.963
00e12e8b_3032,11605.946
00e12e8b_3033,11605.939
00e12e8b_3034,11605.921
00e12e8b_3035,11605.903
00e12e8b_3036,11605.885
00e12e8b_3037,11605.862
00e12e8b_3038,11605.847
00e12e8b_3039,11605.835
00e12e8b_3040,11605.812
00e12e8b_3041,11605.787
00e12e8b_3042,11605.74
00e12e8b_3043,11605.714
00e12e8b_3044,11605.688
00e12e8b_3045,11605.666
00e12e8b_3046,11605.637
00e12e8b_3047,11605.612
00e12e8b_3048,11605.592
00e12e8b_3049,11605.563
00e12e8b_3050,11605.539
00e12e8b_3051,11605.533
00e12e8b_3052,11605.503
00e12e8b_3053,11605.451
00e12e8b_3054,11605.399
00e12e8b_3055,11605.353
00e12e8b_3056,11605.327
00e12e8b_3057,11605.303
00e12e8b_3058,11605.277
00e12e8b_3059,11605.258
00e12e8b_3060,11605.236
00e12e8b_3061,11605.191
00e12e8b_3062,11605.188
00e12e8b_3063,11605.163
00e12e8b_3064,11605.144
00e12e8b_3065,11605.137
00e12e8b_3066,11605.099
00e12e8b_3067,11605.086
00e12e8b_3068,11605.066
00e12e8b_3069,11605.05
00e12e8b_3070,11605.022
00e12e8b_3071,11605.02
00e12e8b_3072,11604.987
00e12e8b_3073,11604.966
00e12e8b_3074,11604.948
00e12e8b_3075,11604.934
00e12e8b_3076,11604.915
00e12e8b_3077,11604.901
00e12e8b_3078,11604.886
00e12e8b_3079,11604.8545
00e12e8b_3080,11604.833
00e12e8b_3081,11604.815
00e12e8b_3082,11604.79
00e12e8b_3083,11604.781
00e12e8b_3084,11604.769
00e12e8b_3085,11604.738
00e12e8b_3086,11604.734
00e12e8b_3087,11604.6875
00e12e8b_3088,11604.687
00e12e8b_3089,11604.669
00e12e8b_3090,11604.654
00e12e8b_3091,11604.605
00e12e8b_3092,11604.571
00e12e8b_3093,11604.546
00e12e8b_3094,11604.525
00e12e8b_3095,11604.536
00e12e8b_3096,11604.501
00e12e8b_3097,11604.491
00e12e8b_3098,11604.483
00e12e8b_3099,11604.456
00e12e8b_3100,11604.447
00e12e8b_3101,11604.435
00e12e8b_3102,11604.401
00e12e8b_3103,11604.398
00e12e8b_3104,11604.388
00e12e8b_3105,11604.374
00e12e8b_3106,11604.363
00e12e8b_3107,11604.34
00e12e8b_3108,11604.331
00e12e8b_3109,11604.311
00e12e8b_3110,11604.306
00e12e8b_3111,11604.29
00e12e8b_3112,11604.384
00e12e8b_3113,11604.376
00e12e8b_3114,11604.367
00e12e8b_3115,11604.367
00e12e8b_3116,11604.34
00e12e8b_3117,11604.33
00e12e8b_3118,11604.329
00e12e8b_3119,11604.307
00e12e8b_3120,11604.293
00e12e8b_3121,11604.274
00e12e8b_3122,11604.262
00e12e8b_3123,11604.241
00e12e8b_3124,11604.243
00e12e8b_3125,11604.227
00e12e8b_3126,11604.218
00e12e8b_3127,11604.209
00e12e8b_3128,11604.181
00e12e8b_3129,11604.166
00e12e8b_3130,11604.151
00e12e8b_3131,11604.147
00e12e8b_3132,11604.126
00e12e8b_3133,11604.119
00e12e8b_3134,11604.111
00e12e8b_3135,11604.074
00e12e8b_3136,11604.063
00e12e8b_3137,11604.071
00e12e8b_3138,11604.024
00e12e8b_3139,11603.99
00e12e8b_3140,11603.974
00e12e8b_3141,11603.962
00e12e8b_3142,11603.957
00e12e8b_3143,11603.938
00e12e8b_3144,11603.924
00e12e8b_3145,11603.918
00e12e8b_3146,11603.903
00e12e8b_3147,11603.888
00e12e8b_3148,11603.867
00e12e8b_3149,11603.857
00e12e8b_3150,11603.862
00e12e8b_3151,11603.852
00e12e8b_3152,11603.841
00e12e8b_3153,11603.814
00e12e8b_3154,11603.808
00e12e8b_3155,11603.77
00e12e8b_3156,11603.762
00e12e8b_3157,11603.76
00e12e8b_3158,11603.746
00e12e8b_3159,11603.735
00e12e8b_3160,11603.725
00e12e8b_3161,11603.681
00e12e8b_3162,11603.674
00e12e8b_3163,11603.658
00e12e8b_3164,11603.649
00e12e8b_3165,11603.626
00e12e8b_3166,11603.607
00e12e8b_3167,11603.6045
00e12e8b_3168,11603.603
00e12e8b_3169,11603.59
00e12e8b_3170,11603.557
00e12e8b_3171,11603.56
00e12e8b_3172,11603.537
00e12e8b_3173,11603.511
00e12e8b_3174,11603.504
00e12e8b_3175,11603.474
00e12e8b_3176,11603.467
00e12e8b_3177,11603.462
00e12e8b_3178,11603.447
00e12e8b_3179,11603.443
00e12e8b_3180,11603.427
00e12e8b_3181,11603.412
00e12e8b_3182,11603.403
00e12e8b_3183,11603.388
00e12e8b_3184,11603.407
00e12e8b_3185,11603.392
00e12e8b_3186,11603.389
00e12e8b_3187,11603.376
00e12e8b_3188,11603.371
00e12e8b_3189,11603.376
00e12e8b_3190,11603.356
00e12e8b_3191,11603.37
00e12e8b_3192,11603.378
00e12e8b_3193,11603.357
00e12e8b_3194,11603.362
00e12e8b_3195,11603.346
00e12e8b_3196,11603.361
00e12e8b_3197,11603.358
00e12e8b_3198,11603.364
00e12e8b_3199,11603.34
00e12e8b_3200,11603.342
00e12e8b_3201,11603.345
00e12e8b_3202,11603.341
00e12e8b_3203,11603.342
00e12e8b_3204,11603.338
00e12e8b_3205,11603.341
00e12e8b_3206,11603.342
00e12e8b_3207,11603.337
00e12e8b_3208,11603.341
00e12e8b_3209,11603.34
00e12e8b_3210,11603.344
00e12e8b_3211,11603.343
00e12e8b_3212,11603.342
00e12e8b_3213,11603.342
00e12e8b_3214,11603.341
00e12e8b_3215,11603.393
00e12e8b_3216,11603.399
00e12e8b_3217,11603.372
00e12e8b_3218,11603.372
00e12e8b_3219,11603.38
00e12e8b_3220,11603.378
00e12e8b_3221,11603.385
00e12e8b_3222,11603.383
00e12e8b_3223,11603.374
00e12e8b_3224,11603.352
00e12e8b_3225,11603.356
00e12e8b_3226,11603.36
00e12e8b_3227,11603.366
00e12e8b_3228,11603.355
00e12e8b_3229,11603.354
00e12e8b_3230,11603.355
00e12e8b_3231,11603.35
00e12e8b_3232,11603.34
00e12e8b_3233,11603.34
00e12e8b_3234,11603.344
00e12e8b_3235,11603.344
00e12e8b_3236,11603.337
00e12e8b_3237,11603.336
00e12e8b_3238,11603.339
00e12e8b_3239,11603.353
00e12e8b_3240,11603.345
00e12e8b_3241,11603.348
00e12e8b_3242,11603.349
00e12e8b_3243,11603.354
00e12e8b_3244,11603.35
00e12e8b_3245,11603.3545
00e12e8b_3246,11603.35
00e12e8b_3247,11603.349
00e12e8b_3248,11603.355
00e12e8b_3249,11603.349
00e12e8b_3250,11603.352
00e12e8b_3251,11603.348
00e12e8b_3252,11603.34
00e12e8b_3253,11603.346
00e12e8b_3254,11603.339
00e12e8b_3255,11603.343
00e12e8b_3256,11603.343
00e12e8b_3257,11603.347
00e12e8b_3258,11603.341
00e12e8b_3259,11603.342
00e12e8b_3260,11603.353
00e12e8b_3261,11603.347
00e12e8b_3262,11603.343
00e12e8b_3263,11603.353
00e12e8b_3264,11603.353
00e12e8b_3265,11603.343
00e12e8b_3266,11603.349
00e12e8b_3267,11603.362
00e12e8b_3268,11603.36
00e12e8b_3269,11603.356
00e12e8b_3270,11603.355
00e12e8b_3271,11603.357
00e12e8b_3272,11603.357
00e12e8b_3273,11603.36
00e12e8b_3274,11603.3545
00e12e8b_3275,11603.364
00e12e8b_3276,11603.355
00e12e8b_3277,11603.362
00e12e8b_3278,11603.357
00e12e8b_3279,11603.369
00e12e8b_3280,11603.366
00e12e8b_3281,11603.363
00e12e8b_3282,11603.371
00e12e8b_3283,11603.384
00e12e8b_3284,11603.39
00e12e8b_3285,11603.4
00e12e8b_3286,11603.408
00e12e8b_3287,11603.411
00e12e8b_3288,11603.412
00e12e8b_3289,11603.414
00e12e8b_3290,11603.467
00e12e8b_3291,11603.482
00e12e8b_3292,11603.494
00e12e8b_3293,11603.505
00e12e8b_3294,11603.519
00e12e8b_3295,11603.582
00e12e8b_3296,11603.582
00e12e8b_3297,11603.598
00e12e8b_3298,11603.615
00e12e8b_3299,11603.618
00e12e8b_3300,11603.626
00e12e8b_3301,11603.619
00e12e8b_3302,11603.634
00e12e8b_3303,11603.637
00e12e8b_3304,11603.646
00e12e8b_3305,11603.662
00e12e8b_3306,11603.655
00e12e8b_3307,11603.657
00e12e8b_3308,11603.675
00e12e8b_3309,11603.669
00e12e8b_3310,11603.711
00e12e8b_3311,11603.718
00e12e8b_3312,11603.731
00e12e8b_3313,11603.742
00e12e8b_3314,11603.738
00e12e8b_3315,11603.78
00e12e8b_3316,11603.791
00e12e8b_3317,11603.819
00e12e8b_3318,11603.817
00e12e8b_3319,11603.825
00e12e8b_3320,11603.84
00e12e8b_3321,11603.866
00e12e8b_3322,11603.866
00e12e8b_3323,11603.872
00e12e8b_3324,11603.873
00e12e8b_3325,11603.893
00e12e8b_3326,11603.8955
00e12e8b_3327,11603.921
00e12e8b_3328,11603.922
00e12e8b_3329,11603.922
00e12e8b_3330,11603.941
00e12e8b_3331,11603.9375
00e12e8b_3332,11603.944
00e12e8b_3333,11603.973
00e12e8b_3334,11603.96
00e12e8b_3335,11603.967
00e12e8b_3336,11603.984
00e12e8b_3337,11604.002
00e12e8b_3338,11603.983
00e12e8b_3339,11604.001
00e12e8b_3340,11604.015
00e12e8b_3341,11604.013
00e12e8b_3342,11604.031
00e12e8b_3343,11604.042
00e12e8b_3344,11604.059
00e12e8b_3345,11604.058
00e12e8b_3346,11604.088
00e12e8b_3347,11604.091
00e12e8b_3348,11604.092
00e12e8b_3349,11604.109
00e12e8b_3350,11604.107
00e12e8b_3351,11604.114
00e12e8b_3352,11604.116
00e12e8b_3353,11604.13
00e12e8b_3354,11604.134
00e12e8b_3355,11604.146
00e12e8b_3356,11604.15
00e12e8b_3357,11604.152
00e12e8b_3358,11604.174
00e12e8b_3359,11604.171
00e12e8b_3360,11604.173
00e12e8b_3361,11604.186
00e12e8b_3362,11604.192
00e12e8b_3363,11604.206
00e12e8b_3364,11604.198
00e12e8b_3365,11604.202
00e12e8b_3366,11604.208
00e12e8b_3367,11604.217
00e12e8b_3368,11604.217
00e12e8b_3369,11604.219
00e12e8b_3370,11604.229
00e12e8b_3371,11604.218
00e12e8b_3372,11604.2295
00e12e8b_3373,11604.235
00e12e8b_3374,11604.244
00e12e8b_3375,11604.242
00e12e8b_3376,11604.259
00e12e8b_3377,11604.26
00e12e8b_3378,11604.263
00e12e8b_3379,11604.272
00e12e8b_3380,11604.26
00e12e8b_3381,11604.265
00e12e8b_3382,11604.266
00e12e8b_3383,11604.275
00e12e8b_3384,11604.274
00e12e8b_3385,11604.278
00e12e8b_3386,11604.279
00e12e8b_3387,11604.283
00e12e8b_3388,11604.285
00e12e8b_3389,11604.306
00e12e8b_3390,11604.291
00e12e8b_3391,11604.302
00e12e8b_3392,11604.3125
00e12e8b_3393,11604.334
00e12e8b_3394,11604.337
00e12e8b_3395,11604.339
00e12e8b_3396,11604.343
00e12e8b_3397,11604.351
00e12e8b_3398,11604.358
00e12e8b_3399,11604.363
00e12e8b_3400,11604.375
00e12e8b_3401,11604.37
00e12e8b_3402,11604.389
00e12e8b_3403,11604.385
00e12e8b_3404,11604.392
00e12e8b_3405,11604.4
00e12e8b_3406,11604.404
00e12e8b_3407,11604.408
00e12e8b_3408,11604.3955
00e12e8b_3409,11604.396
00e12e8b_3410,11604.414
00e12e8b_3411,11604.423
00e12e8b_3412,11604.432
00e12e8b_3413,11604.431
00e12e8b_3414,11604.437
00e12e8b_3415,11604.459
00e12e8b_3416,11604.448
00e12e8b_3417,11604.469
00e12e8b_3418,11604.478
00e12e8b_3419,11604.4795
00e12e8b_3420,11604.475
00e12e8b_3421,11604.505
00e12e8b_3422,11604.507
00e12e8b_3423,11604.51
00e12e8b_3424,11604.5205
00e12e8b_3425,11604.523
00e12e8b_3426,11604.525
00e12e8b_3427,11604.53
00e12e8b_3428,11604.548
00e12e8b_3429,11604.539
00e12e8b_3430,11604.55
00e12e8b_3431,11604.55
00e12e8b_3432,11604.551
00e12e8b_3433,11604.5625
00e12e8b_3434,11604.551
00e12e8b_3435,11604.58
00e12e8b_3436,11604.58
00e12e8b_3437,11604.559
00e12e8b_3438,11604.561
00e12e8b_3439,11604.569
00e12e8b_3440,11604.581
00e12e8b_3441,11604.569
00e12e8b_3442,11604.57
00e12e8b_3443,11604.584
00e12e8b_3444,11604.577
00e12e8b_3445,11604.591
00e12e8b_3446,11604.582
00e12e8b_3447,11604.592
00e12e8b_3448,11604.612
00e12e8b_3449,11604.592
00e12e8b_3450,11604.582
00e12e8b_3451,11604.594
00e12e8b_3452,11604.61
00e12e8b_3453,11604.589
00e12e8b_3454,11604.596
00e12e8b_3455,11604.604
00e12e8b_3456,11604.582
00e12e8b_3457,11604.6045
00e12e8b_3458,11604.593
00e12e8b_3459,11604.5625
00e12e8b_3460,11604.594
00e12e8b_3461,11604.566
00e12e8b_3462,11604.572
00e12e8b_3463,11604.572
00e12e8b_3464,11604.528
00e12e8b_3465,11604.531
00e12e8b_3466,11604.524
00e12e8b_3467,11604.505
00e12e8b_3468,11604.515
00e12e8b_3469,11604.502
00e12e8b_3470,11604.505
00e12e8b_3471,11604.49
00e12e8b_3472,11604.491
00e12e8b_3473,11604.497
00e12e8b_3474,11604.474
00e12e8b_3475,11604.475
00e12e8b_3476,11604.475
00e12e8b_3477,11604.468
00e12e8b_3478,11604.475
00e12e8b_3479,11604.47
00e12e8b_3480,11604.458
00e12e8b_3481,11604.43
00e12e8b_3482,11604.426
00e12e8b_3483,11604.423
00e12e8b_3484,11604.418
00e12e8b_3485,11604.415
00e12e8b_3486,11604.402
00e12e8b_3487,11604.3955
00e12e8b_3488,11604.403
00e12e8b_3489,11604.398
00e12e8b_3490,11604.376
00e12e8b_3491,11604.39
00e12e8b_3492,11604.388
00e12e8b_3493,11604.385
00e12e8b_3494,11604.38
00e12e8b_3495,11604.358
00e12e8b_3496,11604.369
00e12e8b_3497,11604.363
00e12e8b_3498,11604.3545
00e12e8b_3499,11604.354
00e12e8b_3500,11604.348
00e12e8b_3501,11604.339
00e12e8b_3502,11604.341
00e12e8b_3503,11604.342
00e12e8b_3504,11604.324
00e12e8b_3505,11604.318
00e12e8b_3506,11604.319
00e12e8b_3507,11604.32
00e12e8b_3508,11604.293
00e12e8b_3509,11604.303
00e12e8b_3510,11604.295
00e12e8b_3511,11604.279
00e12e8b_3512,11604.275
00e12e8b_3513,11604.251
00e12e8b_3514,11604.245
00e12e8b_3515,11604.236
00e12e8b_3516,11604.216
00e12e8b_3517,11604.22
00e12e8b_3518,11604.21
00e12e8b_3519,11604.192
00e12e8b_3520,11604.187
00e12e8b_3521,11604.179
00e12e8b_3522,11604.191
00e12e8b_3523,11604.163
00e12e8b_3524,11604.206
00e12e8b_3525,11604.2
00e12e8b_3526,11604.177
00e12e8b_3527,11604.157
00e12e8b_3528,11604.143
00e12e8b_3529,11604.136
00e12e8b_3530,11604.134
00e12e8b_3531,11604.115
00e12e8b_3532,11604.1
00e12e8b_3533,11604.097
00e12e8b_3534,11604.084
00e12e8b_3535,11604.067
00e12e8b_3536,11604.057
00e12e8b_3537,11604.044
00e12e8b_3538,11604.033
00e12e8b_3539,11604.015
00e12e8b_3540,11604.019
00e12e8b_3541,11603.99
00e12e8b_3542,11603.972
00e12e8b_3543,11603.972
00e12e8b_3544,11603.965
00e12e8b_3545,11603.95
00e12e8b_3546,11603.919
00e12e8b_3547,11603.907
00e12e8b_3548,11603.907
00e12e8b_3549,11603.899
00e12e8b_3550,11603.86
00e12e8b_3551,11603.857
00e12e8b_3552,11603.851
00e12e8b_3553,11603.814
00e12e8b_3554,11603.8
00e12e8b_3555,11603.787
00e12e8b_3556,11603.775
00e12e8b_3557,11603.757
00e12e8b_3558,11603.727
00e12e8b_3559,11603.72
00e12e8b_3560,11603.696
00e12e8b_3561,11603.68
00e12e8b_3562,11603.674
00e12e8b_3563,11603.665
00e12e8b_3564,11603.643
00e12e8b_3565,11603.609
00e12e8b_3566,11603.593
00e12e8b_3567,11603.585
00e12e8b_3568,11603.57
00e12e8b_3569,11603.552
00e12e8b_3570,11603.541
00e12e8b_3571,11603.506
00e12e8b_3572,11603.492
00e12e8b_3573,11603.4795
00e12e8b_3574,11603.434
00e12e8b_3575,11603.434
00e12e8b_3576,11603.401
00e12e8b_3577,11603.386
00e12e8b_3578,11603.369
00e12e8b_3579,11603.355
00e12e8b_3580,11603.339
00e12e8b_3581,11603.314
00e12e8b_3582,11603.308
00e12e8b_3583,11603.291
00e12e8b_3584,11603.261
00e12e8b_3585,11603.2295
00e12e8b_3586,11603.23
00e12e8b_3587,11603.211
00e12e8b_3588,11603.208
00e12e8b_3589,11603.175
00e12e8b_3590,11603.156
00e12e8b_3591,11603.142
00e12e8b_3592,11603.126
00e12e8b_3593,11603.11
00e12e8b_3594,11603.0625
00e12e8b_3595,11603.046
00e12e8b_3596,11603.028
00e12e8b_3597,11603.029
00e12e8b_3598,11602.996
00e12e8b_3599,11602.958
00e12e8b_3600,11602.944
00e12e8b_3601,11602.923
00e12e8b_3602,11602.894
00e12e8b_3603,11602.883
00e12e8b_3604,11602.817
00e12e8b_3605,11602.801
00e12e8b_3606,11602.776
00e12e8b_3607,11602.758
00e12e8b_3608,11602.74
00e12e8b_3609,11602.736
00e12e8b_3610,11602.718
00e12e8b_3611,11602.699
00e12e8b_3612,11602.669
00e12e8b_3613,11602.653
00e12e8b_3614,11602.625
00e12e8b_3615,11602.611
00e12e8b_3616,11602.593
00e12e8b_3617,11602.578
00e12e8b_3618,11602.573
00e12e8b_3619,11602.555
00e12e8b_3620,11602.527
00e12e8b_3621,11602.515
00e12e8b_3622,11602.495
00e12e8b_3623,11602.4795
00e12e8b_3624,11602.47
00e12e8b_3625,11602.457
00e12e8b_3626,11602.431
00e12e8b_3627,11602.518
00e12e8b_3628,11602.496
00e12e8b_3629,11602.481
00e12e8b_3630,11602.451
00e12e8b_3631,11602.429
00e12e8b_3632,11602.414
00e12e8b_3633,11602.399
00e12e8b_3634,11602.383
00e12e8b_3635,11602.368
00e12e8b_3636,11602.361
00e12e8b_3637,11602.345
00e12e8b_3638,11602.338
00e12e8b_3639,11602.327
00e12e8b_3640,11602.301
00e12e8b_3641,11602.283
00e12e8b_3642,11602.269
00e12e8b_3643,11602.263
00e12e8b_3644,11602.248
00e12e8b_3645,11602.245
00e12e8b_3646,11602.228
00e12e8b_3647,11602.215
00e12e8b_3648,11602.207
00e12e8b_3649,11602.197
00e12e8b_3650,11602.153
00e12e8b_3651,11602.143
00e12e8b_3652,11602.145
00e12e8b_3653,11602.11
00e12e8b_3654,11602.107
00e12e8b_3655,11602.091
00e12e8b_3656,11602.042
00e12e8b_3657,11602.049
00e12e8b_3658,11602.012
00e12e8b_3659,11601.976
00e12e8b_3660,11601.965
00e12e8b_3661,11601.942
00e12e8b_3662,11601.928
00e12e8b_3663,11601.908
00e12e8b_3664,11601.891
00e12e8b_3665,11601.871
00e12e8b_3666,11601.844
00e12e8b_3667,11601.818
00e12e8b_3668,11601.811
00e12e8b_3669,11601.801
00e12e8b_3670,11601.768
00e12e8b_3671,11601.745
00e12e8b_3672,11601.727
00e12e8b_3673,11601.701
00e12e8b_3674,11601.688
00e12e8b_3675,11601.671
00e12e8b_3676,11601.661
00e12e8b_3677,11601.613
00e12e8b_3678,11601.562
00e12e8b_3679,11601.55
00e12e8b_3680,11601.506
00e12e8b_3681,11601.489
00e12e8b_3682,11601.458
00e12e8b_3683,11601.43
00e12e8b_3684,11601.413
00e12e8b_3685,11601.39
00e12e8b_3686,11601.377
00e12e8b_3687,11601.362
00e12e8b_3688,11601.335
00e12e8b_3689,11601.317
00e12e8b_3690,11601.293
00e12e8b_3691,11601.273
00e12e8b_3692,11601.252
00e12e8b_3693,11601.237
00e12e8b_3694,11601.219
00e12e8b_3695,11601.204
00e12e8b_3696,11601.185
00e12e8b_3697,11601.168
00e12e8b_3698,11601.144
00e12e8b_3699,11601.123
00e12e8b_3700,11601.107
00e12e8b_3701,11601.088
00e12e8b_3702,11601.07
00e12e8b_3703,11601.065
00e12e8b_3704,11601.053
00e12e8b_3705,11601.01
00e12e8b_3706,11601.002
00e12e8b_3707,11600.99
00e12e8b_3708,11600.969
00e12e8b_3709,11600.943
00e12e8b_3710,11600.939
00e12e8b_3711,11600.933
00e12e8b_3712,11600.895
00e12e8b_3713,11600.872
00e12e8b_3714,11600.849
00e12e8b_3715,11600.826
00e12e8b_3716,11600.8125
00e12e8b_3717,11600.792
00e12e8b_3718,11600.741
00e12e8b_3719,11600.714
00e12e8b_3720,11600.675
00e12e8b_3721,11600.659
00e12e8b_3722,11600.626
00e12e8b_3723,11600.609
00e12e8b_3724,11600.577
00e12e8b_3725,11600.566
00e12e8b_3726,11600.519
00e12e8b_3727,11600.499
00e12e8b_3728,11600.48
00e12e8b_3729,11600.447
00e12e8b_3730,11600.43
00e12e8b_3731,11600.559
00e12e8b_3732,11600.542
00e12e8b_3733,11600.528
00e12e8b_3734,11600.514
00e12e8b_3735,11600.498
00e12e8b_3736,11600.474
00e12e8b_3737,11600.464
00e12e8b_3738,11600.438
00e12e8b_3739,11600.415
00e12e8b_3740,11600.413
00e12e8b_3741,11600.394
00e12e8b_3742,11600.376
00e12e8b_3743,11600.338
00e12e8b_3744,11600.326
00e12e8b_3745,11600.302
00e12e8b_3746,11600.274
00e12e8b_3747,11600.273
00e12e8b_3748,11600.232
00e12e8b_3749,11600.21
00e12e8b_3750,11600.194
00e12e8b_3751,11600.167
00e12e8b_3752,11600.157
00e12e8b_3753,11600.144
00e12e8b_3754,11600.105
00e12e8b_3755,11600.067
00e12e8b_3756,11600.027
00e12e8b_3757,11600.02
00e12e8b_3758,11599.97
00e12e8b_3759,11599.961
00e12e8b_3760,11599.93
00e12e8b_3761,11599.886
00e12e8b_3762,11599.857
00e12e8b_3763,11599.838
00e12e8b_3764,11599.819
00e12e8b_3765,11599.781
00e12e8b_3766,11599.761
00e12e8b_3767,11599.742
00e12e8b_3768,11599.702
00e12e8b_3769,11599.679
00e12e8b_3770,11599.658
00e12e8b_3771,11599.636
00e12e8b_3772,11599.592
00e12e8b_3773,11599.574
00e12e8b_3774,11599.55
00e12e8b_3775,11599.522
00e12e8b_3776,11599.519
00e12e8b_3777,11599.493
00e12e8b_3778,11599.454
00e12e8b_3779,11599.445
00e12e8b_3780,11599.436
00e12e8b_3781,11599.416
00e12e8b_3782,11599.379
00e12e8b_3783,11599.359
00e12e8b_3784,11599.364
00e12e8b_3785,11599.32
00e12e8b_3786,11599.306
00e12e8b_3787,11599.272
00e12e8b_3788,11599.264
00e12e8b_3789,11599.24
00e12e8b_3790,11599.241
00e12e8b_3791,11599.217
00e12e8b_3792,11599.19
00e12e8b_3793,11599.174
00e12e8b_3794,11599.168
00e12e8b_3795,11599.129
00e12e8b_3796,11599.12
00e12e8b_3797,11599.09
00e12e8b_3798,11599.07
00e12e8b_3799,11599.015
00e12e8b_3800,11599.007
00e12e8b_3801,11598.98
00e12e8b_3802,11598.973
00e12e8b_3803,11598.956
00e12e8b_3804,11598.933
00e12e8b_3805,11598.918
00e12e8b_3806,11598.908
00e12e8b_3807,11598.872
00e12e8b_3808,11598.867
00e12e8b_3809,11598.852
00e12e8b_3810,11598.833
00e12e8b_3811,11598.809
00e12e8b_3812,11598.791
00e12e8b_3813,11598.768
00e12e8b_3814,11598.741
00e12e8b_3815,11598.7295
00e12e8b_3816,11598.698
00e12e8b_3817,11598.674
00e12e8b_3818,11598.636
00e12e8b_3819,11598.616
00e12e8b_3820,11598.595
00e12e8b_3821,11598.576
00e12e8b_3822,11598.557
00e12e8b_3823,11598.507
00e12e8b_3824,11598.489
00e12e8b_3825,11598.469
00e12e8b_3826,11598.439
00e12e8b_3827,11598.414
00e12e8b_3828,11598.406
00e12e8b_3829,11598.369
00e12e8b_3830,11598.345
00e12e8b_3831,11598.325
00e12e8b_3832,11598.307
00e12e8b_3833,11598.269
00e12e8b_3834,11598.347
00e12e8b_3835,11598.335
00e12e8b_3836,11598.309
00e12e8b_3837,11598.284
00e12e8b_3838,11598.264
00e12e8b_3839,11598.253
00e12e8b_3840,11598.222
00e12e8b_3841,11598.207
00e12e8b_3842,11598.182
00e12e8b_3843,11598.16
00e12e8b_3844,11598.148
00e12e8b_3845,11598.123
00e12e8b_3846,11598.098
00e12e8b_3847,11598.089
00e12e8b_3848,11598.064
00e12e8b_3849,11598.05
00e12e8b_3850,11598.024
00e12e8b_3851,11598.005
00e12e8b_3852,11597.973
00e12e8b_3853,11597.9375
00e12e8b_3854,11597.923
00e12e8b_3855,11597.893
00e12e8b_3856,11597.871
00e12e8b_3857,11597.853
00e12e8b_3858,11597.815
00e12e8b_3859,11597.781
00e12e8b_3860,11597.762
00e12e8b_3861,11597.74
00e12e8b_3862,11597.719
00e12e8b_3863,11597.712
00e12e8b_3864,11597.689
00e12e8b_3865,11597.643
00e12e8b_3866,11597.62
00e12e8b_3867,11597.599
00e12e8b_3868,11597.585
00e12e8b_3869,11597.555
00e12e8b_3870,11597.517
00e12e8b_3871,11597.516
00e12e8b_3872,11597.489
00e12e8b_3873,11597.472
00e12e8b_3874,11597.442
00e12e8b_3875,11597.413
00e12e8b_3876,11597.388
00e12e8b_3877,11597.38
00e12e8b_3878,11597.367
00e12e8b_3879,11597.328
00e12e8b_3880,11597.328
00e12e8b_3881,11597.285
00e12e8b_3882,11597.247
00e12e8b_3883,11597.244
00e12e8b_3884,11597.211
00e12e8b_3885,11597.1875
00e12e8b_3886,11597.164
00e12e8b_3887,11597.144
00e12e8b_3888,11597.067
00e12e8b_3889,11597.051
00e12e8b_3890,11597.031
00e12e8b_3891,11597.001
00e12e8b_3892,11596.978
00e12e8b_3893,11596.956
00e12e8b_3894,11596.936
00e12e8b_3895,11596.911
00e12e8b_3896,11596.898
00e12e8b_3897,11596.869
00e12e8b_3898,11596.837
00e12e8b_3899,11596.819
00e12e8b_3900,11596.794
00e12e8b_3901,11596.774
00e12e8b_3902,11596.747
00e12e8b_3903,11596.708
00e12e8b_3904,11596.689
00e12e8b_3905,11596.659
00e12e8b_3906,11596.656
00e12e8b_3907,11596.594
00e12e8b_3908,11596.541
00e12e8b_3909,11596.527
00e12e8b_3910,11596.498
00e12e8b_3911,11596.459
00e12e8b_3912,11596.442
00e12e8b_3913,11596.41
00e12e8b_3914,11596.391
00e12e8b_3915,11596.369
00e12e8b_3916,11596.342
00e12e8b_3917,11596.312
00e12e8b_3918,11596.294
00e12e8b_3919,11596.28
00e12e8b_3920,11596.257
00e12e8b_3921,11596.235
00e12e8b_3922,11596.175
00e12e8b_3923,11596.151
00e12e8b_3924,11596.138
00e12e8b_3925,11596.108
00e12e8b_3926,11596.084
00e12e8b_3927,11596.067
00e12e8b_3928,11596.013
00e12e8b_3929,11595.997
00e12e8b_3930,11595.978
00e12e8b_3931,11595.948
00e12e8b_3932,11595.927
00e12e8b_3933,11595.905
00e12e8b_3934,11595.8955
00e12e8b_3935,11595.869
00e12e8b_3936,11595.857
00e12e8b_3937,11596.024
00e12e8b_3938,11596.023
00e12e8b_3939,11595.991
00e12e8b_3940,11595.931
00e12e8b_3941,11595.903
00e12e8b_3942,11595.891
00e12e8b_3943,11595.856
00e12e8b_3944,11595.829
00e12e8b_3945,11595.817
00e12e8b_3946,11595.786
00e12e8b_3947,11595.766
00e12e8b_3948,11595.745
00e12e8b_3949,11595.727
00e12e8b_3950,11595.699
00e12e8b_3951,11595.669
00e12e8b_3952,11595.657
00e12e8b_3953,11595.634
00e12e8b_3954,11595.629
00e12e8b_3955,11595.57
00e12e8b_3956,11595.551
00e12e8b_3957,11595.534
00e12e8b_3958,11595.499
00e12e8b_3959,11595.478
00e12e8b_3960,11595.471
00e12e8b_3961,11595.402
00e12e8b_3962,11595.377
00e12e8b_3963,11595.363
00e12e8b_3964,11595.334
00e12e8b_3965,11595.315
00e12e8b_3966,11595.302
00e12e8b_3967,11595.282
00e12e8b_3968,11595.265
00e12e8b_3969,11595.25
00e12e8b_3970,11595.217
00e12e8b_3971,11595.196
00e12e8b_3972,11595.184
00e12e8b_3973,11595.164
00e12e8b_3974,11595.15
00e12e8b_3975,11595.122
00e12e8b_3976,11595.084
00e12e8b_3977,11595.063
00e12e8b_3978,11595.052
00e12e8b_3979,11595.016
00e12e8b_3980,11595.004
00e12e8b_3981,11594.981
00e12e8b_3982,11594.957
00e12e8b_3983,11594.913
00e12e8b_3984,11594.895
00e12e8b_3985,11594.877
00e12e8b_3986,11594.857
00e12e8b_3987,11594.835
00e12e8b_3988,11594.823
00e12e8b_3989,11594.798
00e12e8b_3990,11594.778
00e12e8b_3991,11594.757
00e12e8b_3992,11594.732
00e12e8b_3993,11594.717
00e12e8b_3994,11594.706
00e12e8b_3995,11594.675
00e12e8b_3996,11594.656
00e12e8b_3997,11594.633
00e12e8b_3998,11594.627
00e12e8b_3999,11594.595
00e12e8b_4000,11594.575
00e12e8b_4001,11594.558
00e12e8b_4002,11594.545
00e12e8b_4003,11594.527
00e12e8b_4004,11594.492
00e12e8b_4005,11594.466
00e12e8b_4006,11594.432
00e12e8b_4007,11594.402
00e12e8b_4008,11594.39
00e12e8b_4009,11594.374
00e12e8b_4010,11594.363
00e12e8b_4011,11594.346
00e12e8b_4012,11594.322
00e12e8b_4013,11594.299
00e12e8b_4014,11594.263
00e12e8b_4015,11594.245
00e12e8b_4016,11594.2295
00e12e8b_4017,11594.214
00e12e8b_4018,11594.204
00e12e8b_4019,11594.162
00e12e8b_4020,11594.143
00e12e8b_4021,11594.128
00e12e8b_4022,11594.089
00e12e8b_4023,11594.051
00e12e8b_4024,11594.035
00e12e8b_4025,11594.0205
00e12e8b_4026,11593.992
00e12e8b_4027,11593.971
00e12e8b_4028,11593.959
00e12e8b_4029,11593.936
00e12e8b_4030,11593.913
00e12e8b_4031,11593.909
00e12e8b_4032,11593.87
00e12e8b_4033,11593.853
00e12e8b_4034,11593.832
00e12e8b_4035,11593.802
00e12e8b_4036,11593.802
00e12e8b_4037,11593.784
00e12e8b_4038,11593.754
00e12e8b_4039,11593.876
00e12e8b_4040,11593.868
00e12e8b_4041,11593.827
00e12e8b_4042,11593.807
00e12e8b_4043,11593.804
00e12e8b_4044,11593.776
00e12e8b_4045,11593.758
00e12e8b_4046,11593.744
00e12e8b_4047,11593.698
00e12e8b_4048,11593.69
00e12e8b_4049,11593.668
00e12e8b_4050,11593.622
00e12e8b_4051,11593.605
00e12e8b_4052,11593.585
00e12e8b_4053,11593.574
00e12e8b_4054,11593.57
00e12e8b_4055,11593.557
00e12e8b_4056,11593.538
00e12e8b_4057,11593.503
00e12e8b_4058,11593.487
00e12e8b_4059,11593.455
00e12e8b_4060,11593.449
00e12e8b_4061,11593.429
00e12e8b_4062,11593.404
00e12e8b_4063,11593.391
00e12e8b_4064,11593.391
00e12e8b_4065,11593.36
00e12e8b_4066,11593.34
00e12e8b_4067,11593.326
00e12e8b_4068,11593.319
00e12e8b_4069,11593.3
00e12e8b_4070,11593.285
00e12e8b_4071,11593.267
00e12e8b_4072,11593.26
00e12e8b_4073,11593.255
00e12e8b_4074,11593.228
00e12e8b_4075,11593.22
00e12e8b_4076,11593.201
00e12e8b_4077,11593.182
00e12e8b_4078,11593.161
00e12e8b_4079,11593.154
00e12e8b_4080,11593.137
00e12e8b_4081,11593.145
00e12e8b_4082,11593.124
00e12e8b_4083,11593.1045
00e12e8b_4084,11593.097
00e12e8b_4085,11593.086
00e12e8b_4086,11593.057
00e12e8b_4087,11593.062
00e12e8b_4088,11593.047
00e12e8b_4089,11593.0205
00e12e8b_4090,11593.01
00e12e8b_4091,11592.993
00e12e8b_4092,11592.979
00e12e8b_4093,11592.967
00e12e8b_4094,11592.957
00e12e8b_4095,11592.94
00e12e8b_4096,11592.934
00e12e8b_4097,11592.917
00e12e8b_4098,11592.909
00e12e8b_4099,11592.903
00e12e8b_4100,11592.901
00e12e8b_4101,11592.89
00e12e8b_4102,11592.874
00e12e8b_4103,11592.86
00e12e8b_4104,11592.852
00e12e8b_4105,11592.844
00e12e8b_4106,11592.829
00e12e8b_4107,11592.814
00e12e8b_4108,11592.802
00e12e8b_4109,11592.799
00e12e8b_4110,11592.777
00e12e8b_4111,11592.786
00e12e8b_4112,11592.762
00e12e8b_4113,11592.751
00e12e8b_4114,11592.743
00e12e8b_4115,11592.734
00e12e8b_4116,11592.729
00e12e8b_4117,11592.724
00e12e8b_4118,11592.702
00e12e8b_4119,11592.697
00e12e8b_4120,11592.703
00e12e8b_4121,11592.696
00e12e8b_4122,11592.688
00e12e8b_4123,11592.686
00e12e8b_4124,11592.666
00e12e8b_4125,11592.659
00e12e8b_4126,11592.666
00e12e8b_4127,11592.659
00e12e8b_4128,11592.649
00e12e8b_4129,11592.647
00e12e8b_4130,11592.638
00e12e8b_4131,11592.638
00e12e8b_4132,11592.634
00e12e8b_4133,11592.631
00e12e8b_4134,11592.628
00e12e8b_4135,11592.631
00e12e8b_4136,11592.613
00e12e8b_4137,11592.619
00e12e8b_4138,11592.6045
00e12e8b_4139,11592.602
00e12e8b_4140,11592.606
00e12e8b_4141,11592.602
00e12e8b_4142,11592.612
00e12e8b_4143,11592.607
00e12e8b_4144,11592.594
00e12e8b_4145,11592.602
00e12e8b_4146,11592.592
00e12e8b_4147,11592.587
00e12e8b_4148,11592.586
00e12e8b_4149,11592.581
00e12e8b_4150,11592.582
00e12e8b_4151,11592.58
00e12e8b_4152,11592.581
00e12e8b_4153,11592.571
00e12e8b_4154,11592.571
00e12e8b_4155,11592.577
00e12e8b_4156,11592.573
00e12e8b_4157,11592.565
00e12e8b_4158,11592.572
00e12e8b_4159,11592.58
00e12e8b_4160,11592.568
00e12e8b_4161,11592.572
00e12e8b_4162,11592.569
00e12e8b_4163,11592.581
00e12e8b_4164,11592.566
00e12e8b_4165,11592.568
00e12e8b_4166,11592.574
00e12e8b_4167,11592.571
00e12e8b_4168,11592.561
00e12e8b_4169,11592.561
00e12e8b_4170,11592.571
00e12e8b_4171,11592.571
00e12e8b_4172,11592.571
00e12e8b_4173,11592.568
00e12e8b_4174,11592.579
00e12e8b_4175,11592.574
00e12e8b_4176,11592.566
00e12e8b_4177,11592.572
00e12e8b_4178,11592.567
00e12e8b_4179,11592.56
00e12e8b_4180,11592.569
00e12e8b_4181,11592.579
00e12e8b_4182,11592.574
00e12e8b_4183,11592.572
00e12e8b_4184,11592.566
00e12e8b_4185,11592.57
00e12e8b_4186,11592.561
00e12e8b_4187,11592.5625
00e12e8b_4188,11592.567
00e12e8b_4189,11592.565
00e12e8b_4190,11592.565
00e12e8b_4191,11592.561
00e12e8b_4192,11592.567
00e12e8b_4193,11592.562
00e12e8b_4194,11592.563
00e12e8b_4195,11592.5625
00e12e8b_4196,11592.559
00e12e8b_4197,11592.56
00e12e8b_4198,11592.565
00e12e8b_4199,11592.5625
00e12e8b_4200,11592.565
00e12e8b_4201,11592.557
00e12e8b_4202,11592.555
00e12e8b_4203,11592.555
00e12e8b_4204,11592.559
00e12e8b_4205,11592.5625
00e12e8b_4206,11592.572
00e12e8b_4207,11592.557
00e12e8b_4208,11592.553
00e12e8b_4209,11592.553
00e12e8b_4210,11592.564
00e12e8b_4211,11592.56
00e12e8b_4212,11592.559
00e12e8b_4213,11592.57
00e12e8b_4214,11592.569
00e12e8b_4215,11592.575
00e12e8b_4216,11592.592
00e12e8b_4217,11592.59
00e12e8b_4218,11592.593
00e12e8b_4219,11592.595
00e12e8b_4220,11592.605
00e12e8b_4221,11592.612
00e12e8b_4222,11592.612
00e12e8b_4223,11592.616
00e12e8b_4224,11592.62
00e12e8b_4225,11592.625
00e12e8b_4226,11592.637
00e12e8b_4227,11592.645
00e12e8b_4228,11592.639
00e12e8b_4229,11592.649
00e12e8b_4230,11592.663
00e12e8b_4231,11592.669
00e12e8b_4232,11592.676
00e12e8b_4233,11592.679
00e12e8b_4234,11592.684
00e12e8b_4235,11592.691
00e12e8b_4236,11592.712
00e12e8b_4237,11592.722
00e12e8b_4238,11592.716
00e12e8b_4239,11592.721
00e12e8b_4240,11592.739
00e12e8b_4241,11592.747
00e12e8b_4242,11592.744
00e12e8b_4243,11592.752
00e12e8b_4244,11592.762
00e12e8b_4245,11592.79
00e12e8b_4246,11592.802
00e12e8b_4247,11592.837
00e12e8b_4248,11592.821
00e12e8b_4249,11592.835
00e12e8b_4250,11592.847
00e12e8b_4251,11592.858
00e12e8b_4252,11592.855
00e12e8b_4253,11592.863
00e12e8b_4254,11592.88
00e12e8b_4255,11592.894
00e12e8b_4256,11592.898
00e12e8b_4257,11592.921
00e12e8b_4258,11592.942
00e12e8b_4259,11592.944
00e12e8b_4260,11592.954
00e12e8b_4261,11592.978
00e12e8b_4262,11592.988
00e12e8b_4263,11592.987
00e12e8b_4264,11593.01
00e12e8b_4265,11593.016
00e12e8b_4266,11593.031
00e12e8b_4267,11593.043
00e12e8b_4268,11593.059
00e12e8b_4269,11593.067
00e12e8b_4270,11593.064
00e12e8b_4271,11593.08
00e12e8b_4272,11593.095
00e12e8b_4273,11593.1
00e12e8b_4274,11593.114
00e12e8b_4275,11593.132
00e12e8b_4276,11593.138
00e12e8b_4277,11593.164
00e12e8b_4278,11593.156
00e12e8b_4279,11593.169
00e12e8b_4280,11593.189
00e12e8b_4281,11593.19
00e12e8b_4282,11593.201
00e12e8b_4283,11593.217
00e12e8b_4284,11593.247
00e12e8b_4285,11593.266
00e12e8b_4286,11593.28
00e12e8b_4287,11593.289
00e12e8b_4288,11593.309
00e12e8b_4289,11593.3125
00e12e8b_4290,11593.327
00e12e8b_4291,11593.345
00e12e8b_4292,11593.345
00e12e8b_4293,11593.36
00e12e8b_4294,11593.368
00e12e8b_4295,11593.386
00e12e8b_4296,11593.391
00e12e8b_4297,11593.41
00e12e8b_4298,11593.428
00e12e8b_4299,11593.45
00e12e8b_4300,11593.451
00e12e8b_4301,11593.479
00e12e8b_4302,11593.491
00e12e8b_4303,11593.496
00e12e8b_4304,11593.515
00e12e8b_4305,11593.511
00e12e8b_4306,11593.539
00e12e8b_4307,11593.544
00e12e8b_4308,11593.565
00e12e8b_4309,11593.569
00e12e8b_4310,11593.583
00e12e8b_4311,11593.592
00e12e8b_4312,11593.611
00e12e8b_4313,11593.613
00e12e8b_4314,11593.635
00e12e8b_4315,11593.641
00e12e8b_4316,11593.65
00e12e8b_4317,11593.673
00e12e8b_4318,11593.688
00e12e8b_4319,11593.703
00e12e8b_4320,11593.725
00e12e8b_4321,11593.743
00e12e8b_4322,11593.756
00e12e8b_4323,11593.77
00e12e8b_4324,11593.793
00e12e8b_4325,11593.802
00e12e8b_4326,11593.811
00e12e8b_4327,11593.834
00e12e8b_4328,11593.836
00e12e8b_4329,11593.849
00e12e8b_4330,11593.864
00e12e8b_4331,11593.895
00e12e8b_4332,11593.911
00e12e8b_4333,11593.92
00e12e8b_4334,11593.944
00e12e8b_4335,11593.966
00e12e8b_4336,11593.991
00e12e8b_4337,11594.004
00e12e8b_4338,11594.033
00e12e8b_4339,11594.062
00e12e8b_4340,11594.08
00e12e8b_4341,11594.094
00e12e8b_4342,11594.106
00e12e8b_4343,11594.102
00e12e8b_4344,11594.128
00e12e8b_4345,11594.128
00e12e8b_4346,11594.166
00e12e8b_4347,11594.164
00e12e8b_4348,11594.285
00e12e8b_4349,11594.3
00e12e8b_4350,11594.319
00e12e8b_4351,11594.333
00e12e8b_4352,11594.361
00e12e8b_4353,11594.362
00e12e8b_4354,11594.38
00e12e8b_4355,11594.397
00e12e8b_4356,11594.417
00e12e8b_4357,11594.435
00e12e8b_4358,11594.445
00e12e8b_4359,11594.467
00e12e8b_4360,11594.481
00e12e8b_4361,11594.495
00e12e8b_4362,11594.514
00e12e8b_4363,11594.534
00e12e8b_4364,11594.548
00e12e8b_4365,11594.582
00e12e8b_4366,11594.604
00e12e8b_4367,11594.621
00e12e8b_4368,11594.628
00e12e8b_4369,11594.648
00e12e8b_4370,11594.69
00e12e8b_4371,11594.711
00e12e8b_4372,11594.721
00e12e8b_4373,11594.703
00e12e8b_4374,11594.732
00e12e8b_4375,11594.757
00e12e8b_4376,11594.7705
00e12e8b_4377,11594.784
00e12e8b_4378,11594.798
00e12e8b_4379,11594.809
00e12e8b_4380,11594.817
00e12e8b_4381,11594.831
00e12e8b_4382,11594.868
00e12e8b_4383,11594.882
00e12e8b_4384,11594.928
00e12e8b_4385,11594.942
00e12e8b_4386,11594.96
00e12e8b_4387,11594.977
00e12e8b_4388,11594.996
00e12e8b_4389,11595.026
00e12e8b_4390,11595.034
00e12e8b_4391,11595.031
00e12e8b_4392,11595.061
00e12e8b_4393,11595.087
00e12e8b_4394,11595.103
00e12e8b_4395,11595.105
00e12e8b_4396,11595.122
00e12e8b_4397,11595.139
00e12e8b_4398,11595.154
00e12e8b_4399,11595.195
00e12e8b_4400,11595.186
00e12e8b_4401,11595.212
00e12e8b_4402,11595.239
00e12e8b_4403,11595.258
00e12e8b_4404,11595.264
00e12e8b_4405,11595.291
00e12e8b_4406,11595.311
00e12e8b_4407,11595.332
00e12e8b_4408,11595.343
00e12e8b_4409,11595.36
00e12e8b_4410,11595.363
00e12e8b_4411,11595.398
00e12e8b_4412,11595.421
00e12e8b_4413,11595.433
00e12e8b_4414,11595.44
00e12e8b_4415,11595.466
00e12e8b_4416,11595.474
00e12e8b_4417,11595.488
00e12e8b_4418,11595.505
00e12e8b_4419,11595.5205
00e12e8b_4420,11595.546
00e12e8b_4421,11595.554
00e12e8b_4422,11595.572
00e12e8b_4423,11595.597
00e12e8b_4424,11595.615
00e12e8b_4425,11595.633
00e12e8b_4426,11595.652
00e12e8b_4427,11595.667
00e12e8b_4428,11595.676
00e12e8b_4429,11595.685
00e12e8b_4430,11595.704
00e12e8b_4431,11595.725
00e12e8b_4432,11595.737
00e12e8b_4433,11595.755
00e12e8b_4434,11595.765
00e12e8b_4435,11595.788
00e12e8b_4436,11595.812
00e12e8b_4437,11595.824
00e12e8b_4438,11595.849
00e12e8b_4439,11595.863
00e12e8b_4440,11595.874
00e12e8b_4441,11595.891
00e12e8b_4442,11595.908
00e12e8b_4443,11595.925
00e12e8b_4444,11595.942
00e12e8b_4445,11595.96
00e12e8b_4446,11595.975
00e12e8b_4447,11596.002
00e12e8b_4448,11596.006
00e12e8b_4449,11596.025
00e12e8b_4450,11596.247
00e12e8b_4451,11596.264
00e12e8b_4452,11596.287
00e12e8b_4453,11596.302
00e12e8b_4454,11596.336
00e12e8b_4455,11596.335
00e12e8b_4456,11596.352
00e12e8b_4457,11596.377
00e12e8b_4458,11596.384
00e12e8b_4459,11596.401
00e12e8b_4460,11596.432
00e12e8b_4461,11596.444
00e12e8b_4462,11596.451
00e12e8b_4463,11596.48
00e12e8b_4464,11596.489
00e12e8b_4465,11596.512
00e12e8b_4466,11596.5205
00e12e8b_4467,11596.538
00e12e8b_4468,11596.554
00e12e8b_4469,11596.568
00e12e8b_4470,11596.603
00e12e8b_4471,11596.62
00e12e8b_4472,11596.628
00e12e8b_4473,11596.646
00e12e8b_4474,11596.665
00e12e8b_4475,11596.682
00e12e8b_4476,11596.694
00e12e8b_4477,11596.718
00e12e8b_4478,11596.733
00e12e8b_4479,11596.755
00e12e8b_4480,11596.766
00e12e8b_4481,11596.79
00e12e8b_4482,11596.807
00e12e8b_4483,11596.816
00e12e8b_4484,11596.833
00e12e8b_4485,11596.851
00e12e8b_4486,11596.862
00e12e8b_4487,11596.882
00e12e8b_4488,11596.9
00e12e8b_4489,11596.916
00e12e8b_4490,11596.938
00e12e8b_4491,11596.955
00e12e8b_4492,11596.964
00e12e8b_4493,11596.9795
00e12e8b_4494,11597.0
00e12e8b_4495,11597.02
00e12e8b_4496,11597.091
00e12e8b_4497,11597.103
00e12e8b_4498,11597.123
00e12e8b_4499,11597.136
00e12e8b_4500,11597.152
00e12e8b_4501,11597.163
00e12e8b_4502,11597.19
00e12e8b_4503,11597.203
00e12e8b_4504,11597.224
00e12e8b_4505,11597.234
00e12e8b_4506,11597.248
00e12e8b_4507,11597.266
00e12e8b_4508,11597.283
00e12e8b_4509,11597.292
00e12e8b_4510,11597.3125
00e12e8b_4511,11597.319
00e12e8b_4512,11597.337
00e12e8b_4513,11597.348
00e12e8b_4514,11597.368
00e12e8b_4515,11597.38
00e12e8b_4516,11597.399
00e12e8b_4517,11597.419
00e12e8b_4518,11597.443
00e12e8b_4519,11597.456
00e12e8b_4520,11597.467
00e12e8b_4521,11597.487
00e12e8b_4522,11597.5
00e12e8b_4523,11597.514
00e12e8b_4524,11597.527
00e12e8b_4525,11597.548
00e12e8b_4526,11597.5625
00e12e8b_4527,11597.581
00e12e8b_4528,11597.605
00e12e8b_4529,11597.615
00e12e8b_4530,11597.635
00e12e8b_4531,11597.649
00e12e8b_4532,11597.656
00e12e8b_4533,11597.674
00e12e8b_4534,11597.697
00e12e8b_4535,11597.702
00e12e8b_4536,11597.731
00e12e8b_4537,11597.75
00e12e8b_4538,11597.76
00e12e8b_4539,11597.775
00e12e8b_4540,11597.801
00e12e8b_4541,11597.81
00e12e8b_4542,11597.831
00e12e8b_4543,11597.844
00e12e8b_4544,11597.867
00e12e8b_4545,11597.878
00e12e8b_4546,11597.892
00e12e8b_4547,11597.907
00e12e8b_4548,11597.92
00e12e8b_4549,11597.927
00e12e8b_4550,11597.955
00e12e8b_4551,11597.97
00e12e8b_4552,11598.092
00e12e8b_4553,11598.1045
00e12e8b_4554,11598.123
00e12e8b_4555,11598.137
00e12e8b_4556,11598.157
00e12e8b_4557,11598.168
00e12e8b_4558,11598.181
00e12e8b_4559,11598.2
00e12e8b_4560,11598.213
00e12e8b_4561,11598.227
00e12e8b_4562,11598.232
00e12e8b_4563,11598.256
00e12e8b_4564,11598.2705
00e12e8b_4565,11598.286
00e12e8b_4566,11598.306
00e12e8b_4567,11598.317
00e12e8b_4568,11598.332
00e12e8b_4569,11598.341
00e12e8b_4570,11598.3545
00e12e8b_4571,11598.367
00e12e8b_4572,11598.381
00e12e8b_4573,11598.388
00e12e8b_4574,11598.403
00e12e8b_4575,11598.411
00e12e8b_4576,11598.428
00e12e8b_4577,11598.441
00e12e8b_4578,11598.454
00e12e8b_4579,11598.472
00e12e8b_4580,11598.4795
00e12e8b_4581,11598.491
00e12e8b_4582,11598.502
00e12e8b_4583,11598.506
00e12e8b_4584,11598.522
00e12e8b_4585,11598.533
00e12e8b_4586,11598.553
00e12e8b_4587,11598.567
00e12e8b_4588,11598.578
00e12e8b_4589,11598.586
00e12e8b_4590,11598.597
00e12e8b_4591,11598.605
00e12e8b_4592,11598.618
00e12e8b_4593,11598.624
00e12e8b_4594,11598.639
00e12e8b_4595,11598.647
00e12e8b_4596,11598.655
00e12e8b_4597,11598.659
00e12e8b_4598,11598.668
00e12e8b_4599,11598.683
00e12e8b_4600,11598.703
00e12e8b_4601,11598.707
00e12e8b_4602,11598.717
00e12e8b_4603,11598.726
00e12e8b_4604,11598.739
00e12e8b_4605,11598.744
00e12e8b_4606,11598.76
00e12e8b_4607,11598.759
00e12e8b_4608,11598.771
00e12e8b_4609,11598.782
00e12e8b_4610,11598.779
00e12e8b_4611,11598.789
00e12e8b_4612,11598.794
00e12e8b_4613,11598.8
00e12e8b_4614,11598.807
00e12e8b_4615,11598.826
00e12e8b_4616,11598.827
00e12e8b_4617,11598.852
00e12e8b_4618,11598.852
00e12e8b_4619,11598.863
00e12e8b_4620,11598.87
00e12e8b_4621,11598.875
00e12e8b_4622,11598.879
00e12e8b_4623,11598.883
00e12e8b_4624,11598.901
00e12e8b_4625,11598.907
00e12e8b_4626,11598.912
00e12e8b_4627,11598.921
00e12e8b_4628,11598.933
00e12e8b_4629,11598.946
00e12e8b_4630,11598.955
00e12e8b_4631,11598.955
00e12e8b_4632,11598.963
00e12e8b_4633,11598.973
00e12e8b_4634,11598.985
00e12e8b_4635,11598.986
00e12e8b_4636,11599.01
00e12e8b_4637,11599.007
00e12e8b_4638,11599.02
00e12e8b_4639,11599.02
00e12e8b_4640,11599.028
00e12e8b_4641,11599.036
00e12e8b_4642,11599.057
00e12e8b_4643,11599.064
00e12e8b_4644,11599.074
00e12e8b_4645,11599.082
00e12e8b_4646,11599.081
00e12e8b_4647,11599.087
00e12e8b_4648,11599.096
00e12e8b_4649,11599.099
00e12e8b_4650,11599.12
00e12e8b_4651,11599.115
00e12e8b_4652,11599.125
00e12e8b_4653,11599.131
00e12e8b_4654,11599.136
00e12e8b_4655,11599.237
00e12e8b_4656,11599.236
00e12e8b_4657,11599.236
00e12e8b_4658,11599.246
00e12e8b_4659,11599.251
00e12e8b_4660,11599.257
00e12e8b_4661,11599.277
00e12e8b_4662,11599.279
00e12e8b_4663,11599.29
00e12e8b_4664,11599.302
00e12e8b_4665,11599.315
00e12e8b_4666,11599.311
00e12e8b_4667,11599.327
00e12e8b_4668,11599.333
00e12e8b_4669,11599.334
00e12e8b_4670,11599.362
00e12e8b_4671,11599.366
00e12e8b_4672,11599.371
00e12e8b_4673,11599.379
00e12e8b_4674,11599.384
00e12e8b_4675,11599.392
00e12e8b_4676,11599.401
00e12e8b_4677,11599.413
00e12e8b_4678,11599.425
00e12e8b_4679,11599.436
00e12e8b_4680,11599.449
00e12e8b_4681,11599.447
00e12e8b_4682,11599.459
00e12e8b_4683,11599.458
00e12e8b_4684,11599.47
00e12e8b_4685,11599.487
00e12e8b_4686,11599.495
00e12e8b_4687,11599.485
00e12e8b_4688,11599.494
00e12e8b_4689,11599.505
00e12e8b_4690,11599.489
00e12e8b_4691,11599.502
00e12e8b_4692,11599.506
00e12e8b_4693,11599.512
00e12e8b_4694,11599.513
00e12e8b_4695,11599.513
00e12e8b_4696,11599.509
00e12e8b_4697,11599.508
00e12e8b_4698,11599.507
00e12e8b_4699,11599.511
00e12e8b_4700,11599.523
00e12e8b_4701,11599.554
00e12e8b_4702,11599.549
00e12e8b_4703,11599.568
00e12e8b_4704,11599.6045
00e12e8b_4705,11599.594
00e12e8b_4706,11599.601
00e12e8b_4707,11599.606
00e12e8b_4708,11599.611
00e12e8b_4709,11599.614
00e12e8b_4710,11599.612
00e12e8b_4711,11599.613
00e12e8b_4712,11599.609
00e12e8b_4713,11599.613
00e12e8b_4714,11599.612
00e12e8b_4715,11599.623
00e12e8b_4716,11599.638
00e12e8b_4717,11599.619
00e12e8b_4718,11599.627
00e12e8b_4719,11599.623
00e12e8b_4720,11599.625
00e12e8b_4721,11599.639
00e12e8b_4722,11599.64
00e12e8b_4723,11599.634
00e12e8b_4724,11599.634
00e12e8b_4725,11599.638
00e12e8b_4726,11599.639
00e12e8b_4727,11599.64
00e12e8b_4728,11599.642
00e12e8b_4729,11599.654
00e12e8b_4730,11599.668
00e12e8b_4731,11599.677
00e12e8b_4732,11599.671
00e12e8b_4733,11599.689
00e12e8b_4734,11599.696
00e12e8b_4735,11599.702
00e12e8b_4736,11599.709
00e12e8b_4737,11599.714
00e12e8b_4738,11599.718
00e12e8b_4739,11599.725
00e12e8b_4740,11599.732
00e12e8b_4741,11599.74
00e12e8b_4742,11599.743
00e12e8b_4743,11599.75
00e12e8b_4744,11599.757
00e12e8b_4745,11599.751
00e12e8b_4746,11599.759
00e12e8b_4747,11599.774
00e12e8b_4748,11599.772
00e12e8b_4749,11599.779
00e12e8b_4750,11599.791
00e12e8b_4751,11599.787
00e12e8b_4752,11599.798
00e12e8b_4753,11599.801
00e12e8b_4754,11599.803
00e12e8b_4755,11599.798
00e12e8b_4756,11599.772
00e12e8b_4757,11599.901
00e12e8b_4758,11599.908
00e12e8b_4759,11599.904
00e12e8b_4760,11599.903
00e12e8b_4761,11599.905
00e12e8b_4762,11599.91
00e12e8b_4763,11599.913
00e12e8b_4764,11599.8955
00e12e8b_4765,11599.912
00e12e8b_4766,11599.915
00e12e8b_4767,11599.916
00e12e8b_4768,11599.921
00e12e8b_4769,11599.91
00e12e8b_4770,11599.909
00e12e8b_4771,11599.914
00e12e8b_4772,11599.928
00e12e8b_4773,11599.926
00e12e8b_4774,11599.932
00e12e8b_4775,11599.938
00e12e8b_4776,11599.945
00e12e8b_4777,11599.945
00e12e8b_4778,11599.953
00e12e8b_4779,11599.96
00e12e8b_4780,11599.968
00e12e8b_4781,11599.947
00e12e8b_4782,11599.95
00e12e8b_4783,11599.961
00e12e8b_4784,11599.973
00e12e8b_4785,11599.9795
00e12e8b_4786,11599.978
00e12e8b_4787,11599.993
00e12e8b_4788,11599.997
00e12e8b_4789,11600.0
00e12e8b_4790,11600.001
00e12e8b_4791,11600.004
00e12e8b_4792,11600.007
00e12e8b_4793,11600.005
00e12e8b_4794,11600.005
00e12e8b_4795,11600.002
00e12e8b_4796,11600.02
00e12e8b_4797,11600.011
00e12e8b_4798,11600.01
00e12e8b_4799,11600.017
00e12e8b_4800,11599.983
00e12e8b_4801,11600.0
00e12e8b_4802,11600.001
00e12e8b_4803,11599.994
00e12e8b_4804,11600.008
00e12e8b_4805,11600.003
00e12e8b_4806,11600.008
00e12e8b_4807,11600.017
00e12e8b_4808,11600.011
00e12e8b_4809,11600.017
00e12e8b_4810,11600.02
00e12e8b_4811,11600.023
00e12e8b_4812,11600.017
00e12e8b_4813,11600.024
00e12e8b_4814,11600.024
00e12e8b_4815,11600.032
00e12e8b_4816,11600.0205
00e12e8b_4817,11600.01
00e12e8b_4818,11600.034
00e12e8b_4819,11600.011
00e12e8b_4820,11600.016
00e12e8b_4821,11600.017
00e12e8b_4822,11600.02
00e12e8b_4823,11600.02
00e12e8b_4824,11600.0205
00e12e8b_4825,11600.018
00e12e8b_4826,11600.02
00e12e8b_4827,11600.02
00e12e8b_4828,11600.023
00e12e8b_4829,11600.024
00e12e8b_4830,11600.038
00e12e8b_4831,11600.039
00e12e8b_4832,11600.034
00e12e8b_4833,11600.044
00e12e8b_4834,11600.044
00e12e8b_4835,11600.063
00e12e8b_4836,11600.063
00e12e8b_4837,11600.068
00e12e8b_4838,11600.069
00e12e8b_4839,11600.073
00e12e8b_4840,11600.074
00e12e8b_4841,11600.083
00e12e8b_4842,11600.089
00e12e8b_4843,11600.088
00e12e8b_4844,11600.091
00e12e8b_4845,11600.082
00e12e8b_4846,11600.093
00e12e8b_4847,11600.095
00e12e8b_4848,11600.101
00e12e8b_4849,11600.1045
00e12e8b_4850,11600.106
00e12e8b_4851,11600.108
00e12e8b_4852,11600.107
00e12e8b_4853,11600.111
00e12e8b_4854,11600.114
00e12e8b_4855,11600.111
00e12e8b_4856,11600.114
00e12e8b_4857,11600.121
00e12e8b_4858,11600.112
00e12e8b_4859,11600.121
00e12e8b_4860,11600.227
00e12e8b_4861,11600.2295
00e12e8b_4862,11600.232
00e12e8b_4863,11600.239
00e12e8b_4864,11600.241
00e12e8b_4865,11600.219
00e12e8b_4866,11600.212
00e12e8b_4867,11600.227
00e12e8b_4868,11600.216
00e12e8b_4869,11600.218
00e12e8b_4870,11600.223
00e12e8b_4871,11600.232
00e12e8b_4872,11600.221
00e12e8b_4873,11600.219
00e12e8b_4874,11600.223
00e12e8b_4875,11600.227
00e12e8b_4876,11600.228
00e12e8b_4877,11600.227
00e12e8b_4878,11600.235
00e12e8b_4879,11600.226
00e12e8b_4880,11600.231
00e12e8b_4881,11600.225
00e12e8b_4882,11600.25
00e12e8b_4883,11600.233
00e12e8b_4884,11600.248
00e12e8b_4885,11600.248
00e12e8b_4886,11600.239
00e12e8b_4887,11600.248
00e12e8b_4888,11600.244
00e12e8b_4889,11600.237
00e12e8b_4890,11600.24
00e12e8b_4891,11600.243
00e12e8b_4892,11600.238
00e12e8b_4893,11600.247
00e12e8b_4894,11600.247
00e12e8b_4895,11600.244
00e12e8b_4896,11600.247
00e12e8b_4897,11600.245
00e12e8b_4898,11600.268
00e12e8b_4899,11600.267
00e12e8b_4900,11600.267
00e12e8b_4901,11600.257
00e12e8b_4902,11600.259
00e12e8b_4903,11600.248
00e12e8b_4904,11600.255
00e12e8b_4905,11600.259
00e12e8b_4906,11600.235
00e12e8b_4907,11600.233
00e12e8b_4908,11600.232
00e12e8b_4909,11600.235
00e12e8b_4910,11600.231
00e12e8b_4911,11600.234
00e12e8b_4912,11600.237
00e12e8b_4913,11600.2295
00e12e8b_4914,11600.228
00e12e8b_4915,11600.226
00e12e8b_4916,11600.221
00e12e8b_4917,11600.222
00e12e8b_4918,11600.223
00e12e8b_4919,11600.207
00e12e8b_4920,11600.202
00e12e8b_4921,11600.199
00e12e8b_4922,11600.192
00e12e8b_4923,11600.186
00e12e8b_4924,11600.189
00e12e8b_4925,11600.168
00e12e8b_4926,11600.185
00e12e8b_4927,11600.169
00e12e8b_4928,11600.169
00e12e8b_4929,11600.15
00e12e8b_4930,11600.15
00e12e8b_4931,11600.139
00e12e8b_4932,11600.139
00e12e8b_4933,11600.128
00e12e8b_4934,11600.126
00e12e8b_4935,11600.129
00e12e8b_4936,11600.115
00e12e8b_4937,11600.115
00e12e8b_4938,11600.115
00e12e8b_4939,11600.107
00e12e8b_4940,11600.107
00e12e8b_4941,11600.103
00e12e8b_4942,11600.094
00e12e8b_4943,11600.093
00e12e8b_4944,11600.07
00e12e8b_4945,11600.073
00e12e8b_4946,11600.068
00e12e8b_4947,11600.063
00e12e8b_4948,11600.059
00e12e8b_4949,11600.066
00e12e8b_4950,11600.052
00e12e8b_4951,11600.046
00e12e8b_4952,11600.039
00e12e8b_4953,11600.038
00e12e8b_4954,11600.045
00e12e8b_4955,11600.027
00e12e8b_4956,11600.026
00e12e8b_4957,11600.026
00e12e8b_4958,11600.027
00e12e8b_4959,11600.0205
00e12e8b_4960,11600.026
00e12e8b_4961,11600.012
00e12e8b_4962,11600.009
00e12e8b_4963,11600.182
00e12e8b_4964,11600.161
00e12e8b_4965,11600.159
00e12e8b_4966,11600.161
00e12e8b_4967,11600.144
00e12e8b_4968,11600.133
00e12e8b_4969,11600.135
00e12e8b_4970,11600.12
00e12e8b_4971,11600.128
00e12e8b_4972,11600.124
00e12e8b_4973,11600.123
00e12e8b_4974,11600.107
00e12e8b_4975,11600.1
00e12e8b_4976,11600.101
00e12e8b_4977,11600.096
00e12e8b_4978,11600.083
00e12e8b_4979,11600.084
00e12e8b_4980,11600.055
00e12e8b_4981,11600.051
00e12e8b_4982,11600.048
00e12e8b_4983,11600.046
00e12e8b_4984,11600.016
00e12e8b_4985,11600.021
00e12e8b_4986,11600.0205
00e12e8b_4987,11600.023
00e12e8b_4988,11600.017
00e12e8b_4989,11599.996
00e12e8b_4990,11599.984
00e12e8b_4991,11599.965
00e12e8b_4992,11599.949
00e12e8b_4993,11599.945
00e12e8b_4994,11599.948
00e12e8b_4995,11599.942
00e12e8b_4996,11599.928
00e12e8b_4997,11599.901
00e12e8b_4998,11599.898
00e12e8b_4999,11599.8955
00e12e8b_5000,11599.9
00e12e8b_5001,11599.887
00e12e8b_5002,11599.886
00e12e8b_5003,11599.861
00e12e8b_5004,11599.86
00e12e8b_5005,11599.8545
00e12e8b_5006,11599.852
00e12e8b_5007,11599.838
00e12e8b_5008,11599.837
00e12e8b_5009,11599.81
00e12e8b_5010,11599.803
00e12e8b_5011,11599.803
00e12e8b_5012,11599.799
00e12e8b_5013,11599.794
00e12e8b_5014,11599.794
00e12e8b_5015,11599.788
00e12e8b_5016,11599.769
00e12e8b_5017,11599.764
00e12e8b_5018,11599.76
00e12e8b_5019,11599.747
00e12e8b_5020,11599.745
00e12e8b_5021,11599.739
00e12e8b_5022,11599.738
00e12e8b_5023,11599.729
00e12e8b_5024,11599.729
00e12e8b_5025,11599.717
00e12e8b_5026,11599.711
00e12e8b_5027,11599.699
00e12e8b_5028,11599.69
00e12e8b_5029,11599.684
00e12e8b_5030,11599.678
00e12e8b_5031,11599.651
00e12e8b_5032,11599.645
00e12e8b_5033,11599.632
00e12e8b_5034,11599.626
00e12e8b_5035,11599.613
00e12e8b_5036,11599.628
00e12e8b_5037,11599.608
00e12e8b_5038,11599.601
00e12e8b_5039,11599.597
00e12e8b_5040,11599.585
00e12e8b_5041,11599.573
00e12e8b_5042,11599.554
00e12e8b_5043,11599.547
00e12e8b_5044,11599.534
00e12e8b_5045,11599.523
00e12e8b_5046,11599.515
00e12e8b_5047,11599.508
00e12e8b_5048,11599.5
00e12e8b_5049,11599.5
00e12e8b_5050,11599.481
00e12e8b_5051,11599.465
00e12e8b_5052,11599.465
00e12e8b_5053,11599.449
00e12e8b_5054,11599.437
00e12e8b_5055,11599.419
00e12e8b_5056,11599.424
00e12e8b_5057,11599.412
00e12e8b_5058,11599.392
00e12e8b_5059,11599.369
00e12e8b_5060,11599.365
00e12e8b_5061,11599.353
00e12e8b_5062,11599.358
00e12e8b_5063,11599.344
00e12e8b_5064,11599.338
00e12e8b_5065,11599.321
00e12e8b_5066,11599.315
00e12e8b_5067,11599.307
00e12e8b_5068,11599.389
00e12e8b_5069,11599.376
00e12e8b_5070,11599.382
00e12e8b_5071,11599.36
00e12e8b_5072,11599.352
00e12e8b_5073,11599.347
00e12e8b_5074,11599.332
00e12e8b_5075,11599.332
00e12e8b_5076,11599.313
00e12e8b_5077,11599.314
00e12e8b_5078,11599.296
00e12e8b_5079,11599.299
00e12e8b_5080,11599.282
00e12e8b_5081,11599.276
00e12e8b_5082,11599.277
00e12e8b_5083,11599.255
00e12e8b_5084,11599.25
00e12e8b_5085,11599.229
00e12e8b_5086,11599.2295
00e12e8b_5087,11599.212
00e12e8b_5088,11599.21
00e12e8b_5089,11599.201
00e12e8b_5090,11599.192
00e12e8b_5091,11599.185
00e12e8b_5092,11599.169
00e12e8b_5093,11599.156
00e12e8b_5094,11599.158
00e12e8b_5095,11599.1455
00e12e8b_5096,11599.117
00e12e8b_5097,11599.118
00e12e8b_5098,11599.095
00e12e8b_5099,11599.077
00e12e8b_5100,11599.078
00e12e8b_5101,11599.041
00e12e8b_5102,11599.037
00e12e8b_5103,11599.01
00e12e8b_5104,11599.012
00e12e8b_5105,11599.005
00e12e8b_5106,11598.982
00e12e8b_5107,11598.949
00e12e8b_5108,11598.932
00e12e8b_5109,11598.923
00e12e8b_5110,11598.917
00e12e8b_5111,11598.905
00e12e8b_5112,11598.891
00e12e8b_5113,11598.875
00e12e8b_5114,11598.875
00e12e8b_5115,11598.862
00e12e8b_5116,11598.844
00e12e8b_5117,11598.843
00e12e8b_5118,11598.818
00e12e8b_5119,11598.816
00e12e8b_5120,11598.773
00e12e8b_5121,11598.782
00e12e8b_5122,11598.765
00e12e8b_5123,11598.745
00e12e8b_5124,11598.7295
00e12e8b_5125,11598.721
00e12e8b_5126,11598.715
00e12e8b_5127,11598.7
00e12e8b_5128,11598.685
00e12e8b_5129,11598.667
00e12e8b_5130,11598.659
00e12e8b_5131,11598.656
00e12e8b_5132,11598.618
00e12e8b_5133,11598.61
00e12e8b_5134,11598.581
00e12e8b_5135,11598.554
00e12e8b_5136,11598.552
00e12e8b_5137,11598.539
00e12e8b_5138,11598.535
00e12e8b_5139,11598.509
00e12e8b_5140,11598.51
00e12e8b_5141,11598.475
00e12e8b_5142,11598.451
00e12e8b_5143,11598.449
00e12e8b_5144,11598.43
00e12e8b_5145,11598.425
00e12e8b_5146,11598.414
00e12e8b_5147,11598.4
00e12e8b_5148,11598.39
00e12e8b_5149,11598.364
00e12e8b_5150,11598.344
00e12e8b_5151,11598.339
00e12e8b_5152,11598.308
00e12e8b_5153,11598.303
00e12e8b_5154,11598.29
00e12e8b_5155,11598.254
00e12e8b_5156,11598.247
00e12e8b_5157,11598.245
00e12e8b_5158,11598.222
00e12e8b_5159,11598.231
00e12e8b_5160,11598.202
00e12e8b_5161,11598.184
00e12e8b_5162,11598.168
00e12e8b_5163,11598.158
00e12e8b_5164,11598.156
00e12e8b_5165,11598.139
00e12e8b_5166,11598.13
00e12e8b_5167,11598.12
00e12e8b_5168,11598.105
00e12e8b_5169,11598.093
00e12e8b_5170,11598.085
00e12e8b_5171,11598.064
00e12e8b_5172,11598.0625
00e12e8b_5173,11598.044
00e12e8b_5174,11598.116
00e12e8b_5175,11598.094
00e12e8b_5176,11598.081
00e12e8b_5177,11598.066
00e12e8b_5178,11598.063
00e12e8b_5179,11598.023
00e12e8b_5180,11598.011
00e12e8b_5181,11598.001
00e12e8b_5182,11597.987
00e12e8b_5183,11597.979
00e12e8b_5184,11597.963
00e12e8b_5185,11597.95
00e12e8b_5186,11597.938
00e12e8b_5187,11597.904
00e12e8b_5188,11597.892
00e12e8b_5189,11597.873
00e12e8b_5190,11597.874
00e12e8b_5191,11597.858
00e12e8b_5192,11597.827
00e12e8b_5193,11597.801
00e12e8b_5194,11597.812
00e12e8b_5195,11597.787
00e12e8b_5196,11597.789
00e12e8b_5197,11597.774
00e12e8b_5198,11597.757
00e12e8b_5199,11597.732
00e12e8b_5200,11597.711
00e12e8b_5201,11597.696
00e12e8b_5202,11597.692
00e12e8b_5203,11597.691
00e12e8b_5204,11597.662
00e12e8b_5205,11597.66
00e12e8b_5206,11597.642
00e12e8b_5207,11597.64
00e12e8b_5208,11597.628
00e12e8b_5209,11597.611
00e12e8b_5210,11597.603
00e12e8b_5211,11597.592
00e12e8b_5212,11597.577
00e12e8b_5213,11597.571
00e12e8b_5214,11597.55
00e12e8b_5215,11597.536
00e12e8b_5216,11597.5205
00e12e8b_5217,11597.463
00e12e8b_5218,11597.444
00e12e8b_5219,11597.442
00e12e8b_5220,11597.417
00e12e8b_5221,11597.404
00e12e8b_5222,11597.4
00e12e8b_5223,11597.378
00e12e8b_5224,11597.363
00e12e8b_5225,11597.354
00e12e8b_5226,11597.338
00e12e8b_5227,11597.332
00e12e8b_5228,11597.334
00e12e8b_5229,11597.301
00e12e8b_5230,11597.29
00e12e8b_5231,11597.274
00e12e8b_5232,11597.28
00e12e8b_5233,11597.26
00e12e8b_5234,11597.264
00e12e8b_5235,11597.234
00e12e8b_5236,11597.213
00e12e8b_5237,11597.221
00e12e8b_5238,11597.188
00e12e8b_5239,11597.198
00e12e8b_5240,11597.18
00e12e8b_5241,11597.169
00e12e8b_5242,11597.162
00e12e8b_5243,11597.158
00e12e8b_5244,11597.145
00e12e8b_5245,11597.137
00e12e8b_5246,11597.105
00e12e8b_5247,11597.103
00e12e8b_5248,11597.098
00e12e8b_5249,11597.08
00e12e8b_5250,11597.074
00e12e8b_5251,11597.063
00e12e8b_5252,11597.057
00e12e8b_5253,11597.046
00e12e8b_5254,11597.029
00e12e8b_5255,11597.018
00e12e8b_5256,11596.977
00e12e8b_5257,11596.979
00e12e8b_5258,11596.962
00e12e8b_5259,11596.97
00e12e8b_5260,11596.92
00e12e8b_5261,11596.919
00e12e8b_5262,11596.908
00e12e8b_5263,11596.897
00e12e8b_5264,11596.887
00e12e8b_5265,11596.877
00e12e8b_5266,11596.887
00e12e8b_5267,11596.864
00e12e8b_5268,11596.868
00e12e8b_5269,11596.851
00e12e8b_5270,11596.836
00e12e8b_5271,11596.843
00e12e8b_5272,11596.813
00e12e8b_5273,11596.802
00e12e8b_5274,11596.79
00e12e8b_5275,11596.786
00e12e8b_5276,11596.773
00e12e8b_5277,11596.756
00e12e8b_5278,11596.765
00e12e8b_5279,11596.742
00e12e8b_5280,11596.744
00e12e8b_5281,11596.7295
00e12e8b_5282,11596.721
00e12e8b_5283,11596.716
00e12e8b_5284,11596.704
00e12e8b_5285,11596.693
00e12e8b_5286,11596.689
00e12e8b_5287,11596.68
00e12e8b_5288,11596.664
00e12e8b_5289,11596.654
00e12e8b_5290,11596.649
00e12e8b_5291,11596.646
00e12e8b_5292,11596.634
00e12e8b_5293,11596.625
00e12e8b_5294,11596.614
00e12e8b_5295,11596.607
00e12e8b_5296,11596.603
00e12e8b_5297,11596.573
00e12e8b_5298,11596.574
00e12e8b_5299,11596.562
00e12e8b_5300,11596.585
00e12e8b_5301,11596.573
00e12e8b_5302,11596.557
00e12e8b_5303,11596.5625
00e12e8b_5304,11596.55
00e12e8b_5305,11596.536
00e12e8b_5306,11596.528
00e12e8b_5307,11596.522
00e12e8b_5308,11596.509
00e12e8b_5309,11596.488
00e12e8b_5310,11596.493
00e12e8b_5311,11596.472
00e12e8b_5312,11596.475
00e12e8b_5313,11596.469
00e12e8b_5314,11596.464
00e12e8b_5315,11596.442
00e12e8b_5316,11596.435
00e12e8b_5317,11596.432
00e12e8b_5318,11596.421
00e12e8b_5319,11596.412
00e12e8b_5320,11596.366
00e12e8b_5321,11596.363
00e12e8b_5322,11596.349
00e12e8b_5323,11596.341
00e12e8b_5324,11596.335
00e12e8b_5325,11596.323
00e12e8b_5326,11596.323
00e12e8b_5327,11596.312
00e12e8b_5328,11596.306
00e12e8b_5329,11596.293
00e12e8b_5330,11596.268
00e12e8b_5331,11596.266
00e12e8b_5332,11596.252
00e12e8b_5333,11596.246
00e12e8b_5334,11596.238
00e12e8b_5335,11596.226
00e12e8b_5336,11596.225
00e12e8b_5337,11596.201
00e12e8b_5338,11596.202
00e12e8b_5339,11596.192
00e12e8b_5340,11596.182
00e12e8b_5341,11596.142
00e12e8b_5342,11596.132
00e12e8b_5343,11596.11
00e12e8b_5344,11596.117
00e12e8b_5345,11596.104
00e12e8b_5346,11596.087
00e12e8b_5347,11596.077
00e12e8b_5348,11596.07
00e12e8b_5349,11596.073
00e12e8b_5350,11596.052
00e12e8b_5351,11596.045
00e12e8b_5352,11596.04
00e12e8b_5353,11596.043
00e12e8b_5354,11596.032
00e12e8b_5355,11596.024
00e12e8b_5356,11596.02
00e12e8b_5357,11596.01
00e12e8b_5358,11596.01
00e12e8b_5359,11595.994
00e12e8b_5360,11595.987
00e12e8b_5361,11595.987
00e12e8b_5362,11595.97
00e12e8b_5363,11595.977
00e12e8b_5364,11595.966
00e12e8b_5365,11595.966
00e12e8b_5366,11595.955
00e12e8b_5367,11595.947
00e12e8b_5368,11595.946
00e12e8b_5369,11595.941
00e12e8b_5370,11595.937
00e12e8b_5371,11595.926
00e12e8b_5372,11595.926
00e12e8b_5373,11595.917
00e12e8b_5374,11595.904
00e12e8b_5375,11595.906
00e12e8b_5376,11595.899
00e12e8b_5377,11595.892
00e12e8b_5378,11595.883
00e12e8b_5379,11595.866
00e12e8b_5380,11595.873
00e12e8b_5381,11595.855
00e12e8b_5382,11595.841
00e12e8b_5383,11595.847
00e12e8b_5384,11595.826
00e12e8b_5385,11595.819
00e12e8b_5386,11595.82
00e12e8b_5387,11595.81
00e12e8b_5388,11595.776
00e12e8b_5389,11595.77
00e12e8b_5390,11595.771
00e12e8b_5391,11595.758
00e12e8b_5392,11595.766
00e12e8b_5393,11595.754
00e12e8b_5394,11595.745
00e12e8b_5395,11595.731
00e12e8b_5396,11595.74
00e12e8b_5397,11595.722
00e12e8b_5398,11595.706
00e12e8b_5399,11595.717
00e12e8b_5400,11595.714
00e12e8b_5401,11595.718
00e12e8b_5402,11595.7
00e12e8b_5403,11595.696
00e12e8b_5404,11595.694
00e12e8b_5405,11595.663
00e12e8b_5406,11595.665
00e12e8b_5407,11595.651
00e12e8b_5408,11595.651
00e12e8b_5409,11595.652
00e12e8b_5410,11595.639
00e12e8b_5411,11595.633
00e12e8b_5412,11595.623
00e12e8b_5413,11595.613
00e12e8b_5414,11595.609
00e12e8b_5415,11595.611
00e12e8b_5416,11595.599
00e12e8b_5417,11595.599
00e12e8b_5418,11595.593
00e12e8b_5419,11595.592
00e12e8b_5420,11595.566
00e12e8b_5421,11595.53
00e12e8b_5422,11595.531
00e12e8b_5423,11595.531
00e12e8b_5424,11595.5205
00e12e8b_5425,11595.52
00e12e8b_5426,11595.509
00e12e8b_5427,11595.515
00e12e8b_5428,11595.506
00e12e8b_5429,11595.494
00e12e8b_5430,11595.474
00e12e8b_5431,11595.465
00e12e8b_5432,11595.461
00e12e8b_5433,11595.448
00e12e8b_5434,11595.441
00e12e8b_5435,11595.4375
00e12e8b_5436,11595.442
00e12e8b_5437,11595.41
00e12e8b_5438,11595.402
00e12e8b_5439,11595.3955
00e12e8b_5440,11595.397
00e12e8b_5441,11595.389
00e12e8b_5442,11595.366
00e12e8b_5443,11595.374
00e12e8b_5444,11595.377
00e12e8b_5445,11595.372
00e12e8b_5446,11595.3545
00e12e8b_5447,11595.354
00e12e8b_5448,11595.339
00e12e8b_5449,11595.345
00e12e8b_5450,11595.335
00e12e8b_5451,11595.322
00e12e8b_5452,11595.329
00e12e8b_5453,11595.326
00e12e8b_5454,11595.322
00e12e8b_5455,11595.311
00e12e8b_5456,11595.307
00e12e8b_5457,11595.307
00e12e8b_5458,11595.301
00e12e8b_5459,11595.297
00e12e8b_5460,11595.283
00e12e8b_5461,11595.272
00e12e8b_5462,11595.265
00e12e8b_5463,11595.255
00e12e8b_5464,11595.258
00e12e8b_5465,11595.253
00e12e8b_5466,11595.251
00e12e8b_5467,11595.251
00e12e8b_5468,11595.233
00e12e8b_5469,11595.235
00e12e8b_5470,11595.2295
00e12e8b_5471,11595.23
00e12e8b_5472,11595.234
00e12e8b_5473,11595.219
00e12e8b_5474,11595.213
00e12e8b_5475,11595.215
00e12e8b_5476,11595.217
00e12e8b_5477,11595.212
00e12e8b_5478,11595.198
00e12e8b_5479,11595.207
00e12e8b_5480,11595.199
00e12e8b_5481,11595.19
00e12e8b_5482,11595.187
00e12e8b_5483,11595.18
00e12e8b_5484,11595.18
00e12e8b_5485,11595.173
00e12e8b_5486,11595.169
00e12e8b_5487,11595.168
00e12e8b_5488,11595.157
00e12e8b_5489,11595.155
00e12e8b_5490,11595.146
00e12e8b_5491,11595.142
00e12e8b_5492,11595.13
00e12e8b_5493,11595.124
00e12e8b_5494,11595.117
00e12e8b_5495,11595.12
00e12e8b_5496,11595.107
00e12e8b_5497,11595.095
00e12e8b_5498,11595.086
00e12e8b_5499,11595.079
00e12e8b_5500,11595.074
00e12e8b_5501,11595.078
00e12e8b_5502,11595.051
00e12e8b_5503,11595.061
00e12e8b_5504,11595.05
00e12e8b_5505,11595.045
00e12e8b_5506,11595.048
00e12e8b_5507,11595.024
00e12e8b_5508,11595.024
00e12e8b_5509,11595.023
00e12e8b_5510,11595.023
00e12e8b_5511,11595.019
00e12e8b_5512,11595.016
00e12e8b_5513,11595.024
00e12e8b_5514,11595.013
00e12e8b_5515,11594.985
00e12e8b_5516,11594.984
00e12e8b_5517,11594.993
00e12e8b_5518,11594.978
00e12e8b_5519,11594.971
00e12e8b_5520,11594.974
00e12e8b_5521,11594.9795
00e12e8b_5522,11594.963
00e12e8b_5523,11594.959
00e12e8b_5524,11594.953
00e12e8b_5525,11594.959
00e12e8b_5526,11594.953
00e12e8b_5527,11594.949
00e12e8b_5528,11594.942
00e12e8b_5529,11594.942
00e12e8b_5530,11594.935
00e12e8b_5531,11594.911
00e12e8b_5532,11594.902
00e12e8b_5533,11594.898
00e12e8b_5534,11594.901
00e12e8b_5535,11594.881
00e12e8b_5536,11594.882
00e12e8b_5537,11594.874
00e12e8b_5538,11594.87
00e12e8b_5539,11594.876
00e12e8b_5540,11594.855
00e12e8b_5541,11594.842
00e12e8b_5542,11594.845
00e12e8b_5543,11594.824
00e12e8b_5544,11594.834
00e12e8b_5545,11594.834
00e12e8b_5546,11594.823
00e12e8b_5547,11594.802
00e12e8b_5548,11594.8
00e12e8b_5549,11594.804
00e12e8b_5550,11594.79
00e12e8b_5551,11594.78
00e12e8b_5552,11594.789
00e12e8b_5553,11594.772
00e12e8b_5554,11594.781
00e12e8b_5555,11594.767
00e12e8b_5556,11594.771
00e12e8b_5557,11594.766
00e12e8b_5558,11594.751
00e12e8b_5559,11594.745
00e12e8b_5560,11594.731
00e12e8b_5561,11594.739
00e12e8b_5562,11594.729
00e12e8b_5563,11594.7295
00e12e8b_5564,11594.72
00e12e8b_5565,11594.717
00e12e8b_5566,11594.705
00e12e8b_5567,11594.695
00e12e8b_5568,11594.689
00e12e8b_5569,11594.672
00e12e8b_5570,11594.67
00e12e8b_5571,11594.655
00e12e8b_5572,11594.664
00e12e8b_5573,11594.641
00e12e8b_5574,11594.631
00e12e8b_5575,11594.644
00e12e8b_5576,11594.626
00e12e8b_5577,11594.636
00e12e8b_5578,11594.634
00e12e8b_5579,11594.624
00e12e8b_5580,11594.617
00e12e8b_5581,11594.605
00e12e8b_5582,11594.6045
00e12e8b_5583,11594.604
00e12e8b_5584,11594.6045
00e12e8b_5585,11594.591
00e12e8b_5586,11594.571
00e12e8b_5587,11594.558
00e12e8b_5588,11594.5625
00e12e8b_5589,11594.557
00e12e8b_5590,11594.557
00e12e8b_5591,11594.55
00e12e8b_5592,11594.541
00e12e8b_5593,11594.523
00e12e8b_5594,11594.54
00e12e8b_5595,11594.529
00e12e8b_5596,11594.534
00e12e8b_5597,11594.509
00e12e8b_5598,11594.519
00e12e8b_5599,11594.513
00e12e8b_5600,11594.492
00e12e8b_5601,11594.496
00e12e8b_5602,11594.48
00e12e8b_5603,11594.488
00e12e8b_5604,11594.473
00e12e8b_5605,11594.474
00e12e8b_5606,11594.471
00e12e8b_5607,11594.467
00e12e8b_5608,11594.448
00e12e8b_5609,11594.442
00e12e8b_5610,11594.434
00e12e8b_5611,11594.428
00e12e8b_5612,11594.425
00e12e8b_5613,11594.436
00e12e8b_5614,11594.429
00e12e8b_5615,11594.41
00e12e8b_5616,11594.397
00e12e8b_5617,11594.395
00e12e8b_5618,11594.398
00e12e8b_5619,11594.395
00e12e8b_5620,11594.37
00e12e8b_5621,11594.381
00e12e8b_5622,11594.356
00e12e8b_5623,11594.376
00e12e8b_5624,11594.369
00e12e8b_5625,11594.364
00e12e8b_5626,11594.36
00e12e8b_5627,11594.334
00e12e8b_5628,11594.335
00e12e8b_5629,11594.336
00e12e8b_5630,11594.328
00e12e8b_5631,11594.317
00e12e8b_5632,11594.316
00e12e8b_5633,11594.313
00e12e8b_5634,11594.309
00e12e8b_5635,11594.3
00e12e8b_5636,11594.309
00e12e8b_5637,11594.306
00e12e8b_5638,11594.309
00e12e8b_5639,11594.304
00e12e8b_5640,11594.299
00e12e8b_5641,11594.29
00e12e8b_5642,11594.297
00e12e8b_5643,11594.292
00e12e8b_5644,11594.281
00e12e8b_5645,11594.289
00e12e8b_5646,11594.272
00e12e8b_5647,11594.275
00e12e8b_5648,11594.284
00e12e8b_5649,11594.275
00e12e8b_5650,11594.267
00e12e8b_5651,11594.265
00e12e8b_5652,11594.258
00e12e8b_5653,11594.248
00e12e8b_5654,11594.248
00e12e8b_5655,11594.252
00e12e8b_5656,11594.239
00e12e8b_5657,11594.239
00e12e8b_5658,11594.233
00e12e8b_5659,11594.241
00e12e8b_5660,11594.233
00e12e8b_5661,11594.225
00e12e8b_5662,11594.227
00e12e8b_5663,11594.216
00e12e8b_5664,11594.219
00e12e8b_5665,11594.219
00e12e8b_5666,11594.217
00e12e8b_5667,11594.205
00e12e8b_5668,11594.209
00e12e8b_5669,11594.209
00e12e8b_5670,11594.19
00e12e8b_5671,11594.186
00e12e8b_5672,11594.189
00e12e8b_5673,11594.18
00e12e8b_5674,11594.184
00e12e8b_5675,11594.184
00e12e8b_5676,11594.176
00e12e8b_5677,11594.165
00e12e8b_5678,11594.154
00e12e8b_5679,11594.154
00e12e8b_5680,11594.141
00e12e8b_5681,11594.141
00e12e8b_5682,11594.133
00e12e8b_5683,11594.141
00e12e8b_5684,11594.14
00e12e8b_5685,11594.143
00e12e8b_5686,11594.13
00e12e8b_5687,11594.121
00e12e8b_5688,11594.116
00e12e8b_5689,11594.105
00e12e8b_5690,11594.113
00e12e8b_5691,11594.109
00e12e8b_5692,11594.098
00e12e8b_5693,11594.108
00e12e8b_5694,11594.087
00e12e8b_5695,11594.084
00e12e8b_5696,11594.092
00e12e8b_5697,11594.079
00e12e8b_5698,11594.072
00e12e8b_5699,11594.074
00e12e8b_5700,11594.069
00e12e8b_5701,11594.048
00e12e8b_5702,11594.044
00e12e8b_5703,11594.038
00e12e8b_5704,11594.034
00e12e8b_5705,11594.03
00e12e8b_5706,11594.021
00e12e8b_5707,11594.028
00e12e8b_5708,11594.038
00e12e8b_5709,11594.022
00e12e8b_5710,11594.016
00e12e8b_5711,11594.024
00e12e8b_5712,11594.018
00e12e8b_5713,11594.017
00e12e8b_5714,11594.029
00e12e8b_5715,11593.999
00e12e8b_5716,11594.003
00e12e8b_5717,11593.998
00e12e8b_5718,11593.988
00e12e8b_5719,11593.995
00e12e8b_5720,11593.999
00e12e8b_5721,11593.982
00e12e8b_5722,11593.984
00e12e8b_5723,11593.963
00e12e8b_5724,11593.974
00e12e8b_5725,11593.967
00e12e8b_5726,11593.961
00e12e8b_5727,11593.954
00e12e8b_5728,11593.971
00e12e8b_5729,11593.972
00e12e8b_5730,11593.955
00e12e8b_5731,11593.969
00e12e8b_5732,11593.981
00e12e8b_5733,11593.961
00e12e8b_5734,11593.962
00e12e8b_5735,11593.972
00e12e8b_5736,11593.987
00e12e8b_5737,11593.965
00e12e8b_5738,11593.961
00e12e8b_5739,11593.977
00e12e8b_5740,11593.981
00e12e8b_5741,11593.967
00e12e8b_5742,11593.962
00e12e8b_5743,11593.972
00e12e8b_5744,11593.955
00e12e8b_5745,11593.96
00e12e8b_5746,11593.959
00e12e8b_5747,11593.967
00e12e8b_5748,11593.9795
00e12e8b_5749,11593.966
00e12e8b_5750,11593.972
00e12e8b_5751,11593.982
00e12e8b_5752,11593.975
00e12e8b_5753,11593.9795
00e12e8b_5754,11593.977
00e12e8b_5755,11593.984
00e12e8b_5756,11593.984
00e12e8b_5757,11593.996
00e12e8b_5758,11593.993
00e12e8b_5759,11593.994
00e12e8b_5760,11593.996
00e12e8b_5761,11593.991
00e12e8b_5762,11593.991
00e12e8b_5763,11594.007
00e12e8b_5764,11593.994
00e12e8b_5765,11594.002
00e12e8b_5766,11594.007
00e12e8b_5767,11594.007
00e12e8b_5768,11594.011
00e12e8b_5769,11594.019
00e12e8b_5770,11594.027
00e12e8b_5771,11594.034
00e12e8b_5772,11594.035
00e12e8b_5773,11594.021
00e12e8b_5774,11594.033
00e12e8b_5775,11594.037
00e12e8b_5776,11594.04
00e12e8b_5777,11594.041
00e12e8b_5778,11594.045
00e12e8b_5779,11594.044
00e12e8b_5780,11594.053
00e12e8b_5781,11594.054
00e12e8b_5782,11594.07
00e12e8b_5783,11594.084
00e12e8b_5784,11594.084
00e12e8b_5785,11594.087
00e12e8b_5786,11594.098
00e12e8b_5787,11594.084
00e12e8b_5788,11594.097
00e12e8b_5789,11594.097
00e12e8b_5790,11594.092
00e12e8b_5791,11594.107
00e12e8b_5792,11594.104
00e12e8b_5793,11594.115
00e12e8b_5794,11594.123
00e12e8b_5795,11594.123
00e12e8b_5796,11594.119
00e12e8b_5797,11594.132
00e12e8b_5798,11594.147
00e12e8b_5799,11594.142
00e12e8b_5800,11594.148
00e12e8b_5801,11594.159
00e12e8b_5802,11594.161
00e12e8b_5803,11594.167
00e12e8b_5804,11594.159
00e12e8b_5805,11594.171
00e12e8b_5806,11594.178
00e12e8b_5807,11594.176
00e12e8b_5808,11594.189
00e12e8b_5809,11594.19
00e12e8b_5810,11594.214
00e12e8b_5811,11594.212
00e12e8b_5812,11594.216
00e12e8b_5813,11594.225
00e12e8b_5814,11594.225
00e12e8b_5815,11594.235
00e12e8b_5816,11594.227
00e12e8b_5817,11594.249
00e12e8b_5818,11594.252
00e12e8b_5819,11594.252
00e12e8b_5820,11594.274
00e12e8b_5821,11594.287
00e12e8b_5822,11594.269
00e12e8b_5823,11594.279
00e12e8b_5824,11594.317
00e12e8b_5825,11594.332
00e12e8b_5826,11594.333
00e12e8b_5827,11594.325
00e12e8b_5828,11594.343
00e12e8b_5829,11594.349
00e12e8b_5830,11594.349
00e12e8b_5831,11594.373
00e12e8b_5832,11594.372
00e12e8b_5833,11594.389
00e12e8b_5834,11594.3955
00e12e8b_5835,11594.401
00e12e8b_5836,11594.409
00e12e8b_5837,11594.411
00e12e8b_5838,11594.419
00e12e8b_5839,11594.434
00e12e8b_5840,11594.4375
00e12e8b_5841,11594.441
00e12e8b_5842,11594.448
00e12e8b_5843,11594.455
00e12e8b_5844,11594.475
00e12e8b_5845,11594.468
00e12e8b_5846,11594.476
00e12e8b_5847,11594.49
00e12e8b_5848,11594.492
00e12e8b_5849,11594.501
00e12e8b_5850,11594.494
00e12e8b_5851,11594.514
00e12e8b_5852,11594.517
00e12e8b_5853,11594.524
00e12e8b_5854,11594.537
00e12e8b_5855,11594.539
00e12e8b_5856,11594.558
00e12e8b_5857,11594.5625
00e12e8b_5858,11594.563
00e12e8b_5859,11594.58
00e12e8b_5860,11594.572
00e12e8b_5861,11594.598
00e12e8b_5862,11594.611
00e12e8b_5863,11594.622
00e12e8b_5864,11594.612
00e12e8b_5865,11594.626
00e12e8b_5866,11594.629
00e12e8b_5867,11594.628
00e12e8b_5868,11594.636
00e12e8b_5869,11594.647
00e12e8b_5870,11594.654
00e12e8b_5871,11594.662
00e12e8b_5872,11594.666
00e12e8b_5873,11594.676
00e12e8b_5874,11594.677
00e12e8b_5875,11594.679
00e12e8b_5876,11594.691
00e12e8b_5877,11594.709
00e12e8b_5878,11594.707
00e12e8b_5879,11594.719
00e12e8b_5880,11594.718
00e12e8b_5881,11594.735
00e12e8b_5882,11594.742
00e12e8b_5883,11594.762
00e12e8b_5884,11594.756
00e12e8b_5885,11594.77
00e12e8b_5886,11594.766
00e12e8b_5887,11594.775
00e12e8b_5888,11594.775
00e12e8b_5889,11594.788
00e12e8b_5890,11594.79
00e12e8b_5891,11594.795
00e12e8b_5892,11594.789
00e12e8b_5893,11594.799
00e12e8b_5894,11594.793
00e12e8b_5895,11594.789
00e12e8b_5896,11594.799
00e12e8b_5897,11594.801
00e12e8b_5898,11594.819
00e12e8b_5899,11594.817
00e12e8b_5900,11594.828
00e12e8b_5901,11594.84
00e12e8b_5902,11594.85
00e12e8b_5903,11594.845
00e12e8b_5904,11594.848
00e12e8b_5905,11594.859
00e12e8b_5906,11594.864
00e12e8b_5907,11594.866
00e12e8b_5908,11594.87
00e12e8b_5909,11594.881
00e12e8b_5910,11594.868
00e12e8b_5911,11594.874
00e12e8b_5912,11594.8955
00e12e8b_5913,11594.907
00e12e8b_5914,11594.903
00e12e8b_5915,11594.921
00e12e8b_5916,11594.926
00e12e8b_5917,11594.928
00e12e8b_5918,11594.939
00e12e8b_5919,11594.938
00e12e8b_5920,11594.945
00e12e8b_5921,11594.953
00e12e8b_5922,11594.962
00e12e8b_5923,11594.96
00e12e8b_5924,11594.973
00e12e8b_5925,11594.965
00e12e8b_5926,11594.993
00e12e8b_5927,11594.981
00e12e8b_5928,11594.978
00e12e8b_5929,11594.991
00e12e8b_5930,11594.987
00e12e8b_5931,11594.984
00e12e8b_5932,11594.989
00e12e8b_5933,11594.999
00e12e8b_5934,11595.002
00e12e8b_5935,11595.0
00e12e8b_5936,11595.004
00e12e8b_5937,11595.005
00e12e8b_5938,11595.007
00e12e8b_5939,11595.006
00e12e8b_5940,11595.009
00e12e8b_5941,11595.004
00e12e8b_5942,11595.006
00e12e8b_5943,11595.005
00e12e8b_5944,11595.007
00e12e8b_5945,11595.0205
00e12e8b_5946,11595.035
00e12e8b_5947,11595.036
00e12e8b_5948,11595.032
00e12e8b_5949,11595.044
00e12e8b_5950,11595.039
00e12e8b_5951,11595.035
00e12e8b_5952,11595.034
00e12e8b_5953,11595.046
00e12e8b_5954,11595.032
00e12e8b_5955,11595.032
00e12e8b_5956,11595.04
00e12e8b_5957,11595.039
00e12e8b_5958,11595.049
00e12e8b_5959,11595.059
00e12e8b_5960,11595.045
00e12e8b_5961,11595.042
00e12e8b_5962,11595.049
00e12e8b_5963,11595.049
00e12e8b_5964,11595.054
00e12e8b_5965,11595.083
00e12e8b_5966,11595.082
00e12e8b_5967,11595.1
00e12e8b_5968,11595.101
00e12e8b_5969,11595.1045
00e12e8b_5970,11595.106
00e12e8b_5971,11595.101
00e12e8b_5972,11595.108
00e12e8b_5973,11595.113
00e12e8b_5974,11595.116
00e12e8b_5975,11595.124
00e12e8b_5976,11595.119
00e12e8b_5977,11595.125
00e12e8b_5978,11595.118
00e12e8b_5979,11595.114
00e12e8b_5980,11595.114
00e12e8b_5981,11595.115
00e12e8b_5982,11595.117
00e12e8b_5983,11595.11
00e12e8b_5984,11595.101
00e12e8b_5985,11595.1045
00e12e8b_5986,11595.116
00e12e8b_5987,11595.1045
00e12e8b_5988,11595.1045
00e12e8b_5989,11595.109
00e12e8b_5990,11595.119
00e12e8b_5991,11595.123
00e12e8b_5992,11595.116
00e12e8b_5993,11595.107
00e12e8b_5994,11595.128
00e12e8b_5995,11595.128
00e12e8b_5996,11595.132
00e12e8b_5997,11595.119
00e12e8b_5998,11595.117
00e12e8b_5999,11595.127
00e12e8b_6000,11595.136
00e12e8b_6001,11595.126
00e12e8b_6002,11595.116
00e12e8b_6003,11595.104
00e12e8b_6004,11595.106
00e12e8b_6005,11595.101
00e12e8b_6006,11595.106
00e12e8b_6007,11595.11
00e12e8b_6008,11595.102
00e12e8b_6009,11595.092
00e12e8b_6010,11595.101
00e12e8b_6011,11595.1
00e12e8b_6012,11595.104
00e12e8b_6013,11595.105
00e12e8b_6014,11595.117
00e12e8b_6015,11595.113
00e12e8b_6016,11595.114
00e12e8b_6017,11595.131
00e12e8b_6018,11595.128
00e12e8b_6019,11595.13
00e12e8b_6020,11595.135
00e12e8b_6021,11595.144
00e12e8b_6022,11595.15
00e12e8b_6023,11595.163
00e12e8b_6024,11595.174
00e12e8b_6025,11595.18
00e12e8b_6026,11595.17
00e12e8b_6027,11595.19
00e12e8b_6028,11595.192
00e12e8b_6029,11595.19
00e12e8b_6030,11595.203
00e12e8b_6031,11595.212
00e12e8b_6032,11595.205
00e12e8b_6033,11595.217
00e12e8b_6034,11595.209
00e12e8b_6035,11595.212
00e12e8b_6036,11595.222
00e12e8b_6037,11595.223
00e12e8b_6038,11595.22
00e12e8b_6039,11595.227
00e12e8b_6040,11595.224
00e12e8b_6041,11595.226
00e12e8b_6042,11595.216
00e12e8b_6043,11595.218
00e12e8b_6044,11595.212
00e12e8b_6045,11595.221
00e12e8b_6046,11595.23
00e12e8b_6047,11595.251
00e12e8b_6048,11595.248
00e12e8b_6049,11595.257
00e12e8b_6050,11595.247
00e12e8b_6051,11595.242
00e12e8b_6052,11595.25
00e12e8b_6053,11595.262
00e12e8b_6054,11595.266
00e12e8b_6055,11595.251
00e12e8b_6056,11595.268
00e12e8b_6057,11595.266
00e12e8b_6058,11595.29
00e12e8b_6059,11595.295
00e12e8b_6060,11595.304
00e12e8b_6061,11595.313
00e12e8b_6062,11595.317
00e12e8b_6063,11595.3125
00e12e8b_6064,11595.312
00e12e8b_6065,11595.334
00e12e8b_6066,11595.344
00e12e8b_6067,11595.354
00e12e8b_6068,11595.359
00e12e8b_6069,11595.357
00e12e8b_6070,11595.371
00e12e8b_6071,11595.38
00e12e8b_6072,11595.38
00e12e8b_6073,11595.398
00e12e8b_6074,11595.401
00e12e8b_6075,11595.4
00e12e8b_6076,11595.413
00e12e8b_6077,11595.422
00e12e8b_6078,11595.426
00e12e8b_6079,11595.431
00e12e8b_6080,11595.442
00e12e8b_6081,11595.45
00e12e8b_6082,11595.458
00e12e8b_6083,11595.472
00e12e8b_6084,11595.471
00e12e8b_6085,11595.469
00e12e8b_6086,11595.478
00e12e8b_6087,11595.501
00e12e8b_6088,11595.503
00e12e8b_6089,11595.503
00e12e8b_6090,11595.512
00e12e8b_6091,11595.534
00e12e8b_6092,11595.504
00e12e8b_6093,11595.522
00e12e8b_6094,11595.532
00e12e8b_6095,11595.537
00e12e8b_6096,11595.551
00e12e8b_6097,11595.565
00e12e8b_6098,11595.566
00e12e8b_6099,11595.58
00e12e8b_6100,11595.592
00e12e8b_6101,11595.6
00e12e8b_6102,11595.614
00e12e8b_6103,11595.615
00e12e8b_6104,11595.623
00e12e8b_6105,11595.637
00e12e8b_6106,11595.659
00e12e8b_6107,11595.668
00e12e8b_6108,11595.67
00e12e8b_6109,11595.678
00e12e8b_6110,11595.691
00e12e8b_6111,11595.696
00e12e8b_6112,11595.702
00e12e8b_6113,11595.72
00e12e8b_6114,11595.726
00e12e8b_6115,11595.731
00e12e8b_6116,11595.739
00e12e8b_6117,11595.754
00e12e8b_6118,11595.757
00e12e8b_6119,11595.761
00e12e8b_6120,11595.755
00e12e8b_6121,11595.773
00e12e8b_6122,11595.722
00e12e8b_6123,11595.749
00e12e8b_6124,11595.734
00e12e8b_6125,11595.734
00e12e8b_6126,11595.747
00e12e8b_6127,11595.752
00e12e8b_6128,11595.758
00e12e8b_6129,11595.767
00e12e8b_6130,11595.768
00e12e8b_6131,11595.788
00e12e8b_6132,11595.794
00e12e8b_6133,11595.83
00e12e8b_6134,11595.838
00e12e8b_6135,11595.822
00e12e8b_6136,11595.849
00e12e8b_6137,11595.859
00e12e8b_6138,11595.844
00e12e8b_6139,11595.864
00e12e8b_6140,11595.858
00e12e8b_6141,11595.86
00e12e8b_6142,11595.883
00e12e8b_6143,11595.886
00e12e8b_6144,11595.908
00e12e8b_6145,11595.915
00e12e8b_6146,11595.939
00e12e8b_6147,11595.932
00e12e8b_6148,11595.95
00e12e8b_6149,11595.964
00e12e8b_6150,11595.976
00e12e8b_6151,11595.983
00e12e8b_6152,11596.004
00e12e8b_6153,11596.014
00e12e8b_6154,11596.034
00e12e8b_6155,11596.05
00e12e8b_6156,11596.043
00e12e8b_6157,11596.163
00e12e8b_6158,11596.17
00e12e8b_6159,11596.193
00e12e8b_6160,11596.204
00e12e8b_6161,11596.207
00e12e8b_6162,11596.219
00e12e8b_6163,11596.238
00e12e8b_6164,11596.232
00e12e8b_6165,11596.251
00e12e8b_6166,11596.262
00e12e8b_6167,11596.264
00e12e8b_6168,11596.2705
00e12e8b_6169,11596.29
00e12e8b_6170,11596.31
00e12e8b_6171,11596.305
00e12e8b_6172,11596.312
00e12e8b_6173,11596.323
00e12e8b_6174,11596.33
00e12e8b_6175,11596.344
00e12e8b_6176,11596.36
00e12e8b_6177,11596.367
00e12e8b_6178,11596.367
00e12e8b_6179,11596.378
00e12e8b_6180,11596.383
00e12e8b_6181,11596.406
00e12e8b_6182,11596.404
00e12e8b_6183,11596.411
00e12e8b_6184,11596.415
00e12e8b_6185,11596.446
00e12e8b_6186,11596.444
00e12e8b_6187,11596.457
00e12e8b_6188,11596.458
00e12e8b_6189,11596.471
00e12e8b_6190,11596.481
00e12e8b_6191,11596.488
00e12e8b_6192,11596.511
00e12e8b_6193,11596.513
00e12e8b_6194,11596.528
00e12e8b_6195,11596.541
00e12e8b_6196,11596.544
00e12e8b_6197,11596.555
00e12e8b_6198,11596.57
00e12e8b_6199,11596.583
00e12e8b_6200,11596.6
00e12e8b_6201,11596.616
00e12e8b_6202,11596.63
00e12e8b_6203,11596.637
00e12e8b_6204,11596.678
00e12e8b_6205,11596.704
00e12e8b_6206,11596.729
00e12e8b_6207,11596.7295
00e12e8b_6208,11596.742
00e12e8b_6209,11596.756
00e12e8b_6210,11596.811
00e12e8b_6211,11596.849
00e12e8b_6212,11596.888
00e12e8b_6213,11596.946
00e12e8b_6214,11597.028
00e12e8b_6215,11597.067
00e12e8b_6216,11597.056
00e12e8b_6217,11597.07
00e12e8b_6218,11597.084
00e12e8b_6219,11597.134
00e12e8b_6220,11597.164
00e12e8b_6221,11597.234
00e12e8b_6222,11597.245
00e12e8b_6223,11597.283
00e12e8b_6224,11597.281
00e12e8b_6225,11597.283
00e12e8b_6226,11597.298
00e12e8b_6227,11597.304
00e12e8b_6228,11597.323
00e12e8b_6229,11597.33
00e12e8b_6230,11597.364
00e12e8b_6231,11597.379
00e12e8b_6232,11597.389
00e12e8b_6233,11597.392
00e12e8b_6234,11597.526
00e12e8b_6235,11597.526
00e12e8b_6236,11597.542
00e12e8b_6237,11597.557
00e12e8b_6238,11597.562
00e12e8b_6239,11597.568
00e12e8b_6240,11597.582
00e12e8b_6241,11597.605
00e12e8b_6242,11597.601
00e12e8b_6243,11597.618
00e12e8b_6244,11597.653
00e12e8b_6245,11597.636
00e12e8b_6246,11597.652
00e12e8b_6247,11597.683
00e12e8b_6248,11597.676
00e12e8b_6249,11597.709
00e12e8b_6250,11597.711
00e12e8b_6251,11597.723
00e12e8b_6252,11597.744
00e12e8b_6253,11597.734
00e12e8b_6254,11597.7705
00e12e8b_6255,11597.778
00e12e8b_6256,11597.808
00e12e8b_6257,11597.795
00e12e8b_6258,11597.827
00e12e8b_6259,11597.829
00e12e8b_6260,11597.857
00e12e8b_6261,11597.8545
00e12e8b_6262,11597.874
00e12e8b_6263,11597.883
00e12e8b_6264,11597.908
00e12e8b_6265,11597.928
00e12e8b_6266,11597.936
00e12e8b_6267,11597.951
00e12e8b_6268,11597.961
00e12e8b_6269,11597.954
00e12e8b_6270,11597.984
00e12e8b_6271,11597.997
00e12e8b_6272,11598.013
00e12e8b_6273,11598.036
00e12e8b_6274,11598.021
00e12e8b_6275,11598.058
00e12e8b_6276,11598.08
00e12e8b_6277,11598.091
00e12e8b_6278,11598.088
00e12e8b_6279,11598.117
00e12e8b_6280,11598.128
00e12e8b_6281,11598.154
00e12e8b_6282,11598.147
00e12e8b_6283,11598.151
00e12e8b_6284,11598.165
00e12e8b_6285,11598.183
00e12e8b_6286,11598.186
00e12e8b_6287,11598.215
00e12e8b_6288,11598.228
00e12e8b_6289,11598.254
00e12e8b_6290,11598.256
00e12e8b_6291,11598.27
00e12e8b_6292,11598.279
00e12e8b_6293,11598.284
00e12e8b_6294,11598.296
00e12e8b_6295,11598.319
00e12e8b_6296,11598.339
00e12e8b_6297,11598.357
00e12e8b_6298,11598.337
00e12e8b_6299,11598.334
00e12e8b_6300,11598.352
00e12e8b_6301,11598.368
00e12e8b_6302,11598.388
00e12e8b_6303,11598.445
00e12e8b_6304,11598.406
00e12e8b_6305,11598.466
00e12e8b_6306,11598.482
00e12e8b_6307,11598.498
00e12e8b_6308,11598.514
00e12e8b_6309,11598.531
00e12e8b_6310,11598.552
00e12e8b_6311,11598.683
00e12e8b_6312,11598.706
00e12e8b_6313,11598.715
00e12e8b_6314,11598.737
00e12e8b_6315,11598.705
00e12e8b_6316,11598.725
00e12e8b_6317,11598.723
00e12e8b_6318,11598.74
00e12e8b_6319,11598.783
00e12e8b_6320,11598.814
00e12e8b_6321,11598.8
00e12e8b_6322,11598.814
00e12e8b_6323,11598.852
00e12e8b_6324,11598.849
00e12e8b_6325,11598.886
00e12e8b_6326,11598.888
00e12e8b_6327,11598.899
00e12e8b_6328,11598.923
00e12e8b_6329,11598.933
00e12e8b_6330,11598.95
00e12e8b_6331,11598.961
00e12e8b_6332,11598.984
00e12e8b_6333,11598.999
00e12e8b_6334,11599.039
00e12e8b_6335,11599.0625
00e12e8b_6336,11599.087
00e12e8b_6337,11599.094
00e12e8b_6338,11599.121
00e12e8b_6339,11599.139
00e12e8b_6340,11599.153
00e12e8b_6341,11599.158
00e12e8b_6342,11599.165
00e12e8b_6343,11599.165
00e12e8b_6344,11599.19
00e12e8b_6345,11599.191
00e12e8b_6346,11599.201
00e12e8b_6347,11599.223
00e12e8b_6348,11599.195
00e12e8b_6349,11599.217
00e12e8b_6350,11599.227
00e12e8b_6351,11599.249
00e12e8b_6352,11599.268
00e12e8b_6353,11599.282
00e12e8b_6354,11599.295
00e12e8b_6355,11599.308
00e12e8b_6356,11599.321
00e12e8b_6357,11599.336
00e12e8b_6358,11599.35
00e12e8b_6359,11599.36
00e12e8b_6360,11599.381
00e12e8b_6361,11599.4
00e12e8b_6362,11599.408
00e12e8b_6363,11599.426
00e12e8b_6364,11599.401
00e12e8b_6365,11599.417
00e12e8b_6366,11599.431
00e12e8b_6367,11599.449
00e12e8b_6368,11599.475
00e12e8b_6369,11599.492
00e12e8b_6370,11599.503
00e12e8b_6371,11599.501
00e12e8b_6372,11599.526
00e12e8b_6373,11599.54
00e12e8b_6374,11599.57
00e12e8b_6375,11599.581
00e12e8b_6376,11599.605
00e12e8b_6377,11599.628
00e12e8b_6378,11599.637
00e12e8b_6379,11599.646
00e12e8b_6380,11599.68
00e12e8b_6381,11599.692
00e12e8b_6382,11599.705
00e12e8b_6383,11599.726
